player_id,player,position,count,mean,median,std,stat,cv,mean_minus_median
6162,Blaine Gabbert,QB,8,6.75,3.0,9.647353449077553,pass_attempts,1.4292375480114894,3.75
10835,Brandon Allen,QB,9,10.777777777777779,2.0,13.935366677789446,pass_attempts,1.292972165980464,8.777777777777779
12282,Nick Mullens,QB,14,14.857142857142858,10.0,15.256056264554505,pass_attempts,1.0268499408834764,4.857142857142858
12112,Taysom Hill,QB,9,14.88888888888889,9.0,14.743171677461776,pass_attempts,0.9902130231131043,5.888888888888889
4474,Josh Johnson,QB,10,15.7,11.0,15.290156601189175,pass_attempts,0.973895324916508,4.699999999999999
11859,C.J. Beathard,QB,8,8.25,5.5,7.9417522355855805,pass_attempts,0.962636634616434,2.75
91399,Trey Lance,QB,13,15.384615384615385,8.0,14.779143308158186,pass_attempts,0.9606443150302821,7.384615384615385
83574,Dorian Thompson-Robinson,QB,12,19.166666666666668,16.5,18.13000192214468,pass_attempts,0.9459131437640701,2.666666666666668
169628,Tyson Bagent,QB,9,16.555555555555557,14.0,15.57330336755108,pass_attempts,0.9406693309259041,2.555555555555557
11757,Mitch Trubisky,QB,24,14.833333333333334,12.5,13.363371960135193,pass_attempts,0.9009014804585523,2.333333333333334
86272,Dillon Gabriel,QB,9,20.555555555555557,18.0,18.283264964928385,pass_attempts,0.8894561334289484,2.555555555555557
46453,Mike White,QB,13,24.923076923076923,28.0,20.910370387527568,pass_attempts,0.8389963427094395,-3.0769230769230766
12324,Cooper Rush,QB,33,17.96969696969697,16.0,14.793336440110563,pass_attempts,0.8232379469201494,1.9696969696969688
7323,Case Keenum,QB,8,16.5,14.5,13.384425917567668,pass_attempts,0.8111773283374344,2.0
60341,Malik Willis,QB,17,9.117647058823529,5.0,7.364461563321996,pass_attempts,0.8077151392030576,4.117647058823529
60417,Skylar Thompson,QB,10,18.3,16.5,14.606315224739074,pass_attempts,0.79815930189831,1.8000000000000007
6332,Tyrod Taylor,QB,26,19.0,15.0,13.401492454200763,pass_attempts,0.7053417081158296,4.0
39517,Drew Lock,QB,18,20.61111111111111,22.5,13.686141074690845,pass_attempts,0.664017626265324,-1.8888888888888893
12134,P.J. Walker,QB,16,17.6875,15.0,11.591483942964334,pass_attempts,0.6553489155032839,2.6875
46569,Mason Rudolph,QB,20,22.6,25.0,14.70910924348725,pass_attempts,0.6508455417472234,-2.3999999999999986
60515,Kenny Pickett,QB,36,22.25,25.0,14.43482891184671,pass_attempts,0.6487563555886162,-2.75
9434,Jameis Winston,QB,26,26.346153846153847,26.0,15.424505976380075,pass_attempts,0.5854557012932583,0.3461538461538467
11890,Joshua Dobbs,QB,21,25.80952380952381,31.0,14.232424416166939,pass_attempts,0.5514407984123721,-5.19047619047619
9435,Marcus Mariota,QB,30,19.866666666666667,20.5,10.811020345903538,pass_attempts,0.5441788764716545,-0.6333333333333329
52269,Davis Mills,QB,43,25.767441860465116,29.0,13.564374223015802,pass_attempts,0.5264152451170393,-3.232558139534884
8667,Teddy Bridgewater,QB,21,24.80952380952381,25.0,13.052275846070094,pass_attempts,0.5260994103022495,-0.1904761904761898
124393,Anthony Richardson,QB,16,21.875,24.0,11.383467544352788,pass_attempts,0.5203870877418417,-2.125
41401,Gardner Minshew,QB,35,27.0,28.0,13.983183177113354,pass_attempts,0.5178956732264205,-1.0
46448,Tyler Huntley,QB,25,22.64,22.0,11.700712229034036,pass_attempts,0.516815911176415,0.6400000000000006
12112,Taysom Hill,TE,27,1.4814814814814814,1.0,0.7529618628798984,pass_attempts,0.5082492574439315,0.4814814814814814
46401,Jake Browning,QB,14,26.285714285714285,26.5,13.349898135183663,pass_attempts,0.5078765594906829,-0.2142857142857153
6187,Andy Dalton,QB,32,27.15625,28.0,13.49099909019391,pass_attempts,0.49679168111185856,-0.84375
55086,Desmond Ridder,QB,24,24.5,26.0,12.090240404701566,pass_attempts,0.49347920019190067,-1.5
60545,Tommy DeVito,QB,11,20.181818181818183,21.0,9.927922056686201,pass_attempts,0.49192406587183873,-0.8181818181818166
9683,Trevor Siemian,QB,13,28.23076923076923,29.0,13.784978818469074,pass_attempts,0.4882962524253351,-0.76923076923077
21956,Tim Boyle,QB,10,22.9,23.5,10.816140202904588,pass_attempts,0.47232053287792963,-0.6000000000000014
82134,Michael Penix Jr.,QB,14,27.214285714285715,30.0,12.710858903549124,pass_attempts,0.46706568149524336,-2.7857142857142847
10725,Jacoby Brissett,QB,41,30.804878048780488,34.0,13.693464704367411,pass_attempts,0.4445226071884908,-3.1951219512195124
82096,Zach Wilson,QB,37,27.135135135135137,27.0,11.501599314303503,pass_attempts,0.4238637197502287,0.13513513513513686
83537,Tyler Shough,QB,11,29.727272727272727,30.0,12.490723830834696,pass_attempts,0.42017725424826197,-0.2727272727272734
60396,Bailey Zappe,QB,15,22.333333333333332,25.0,9.363047936792096,pass_attempts,0.419240952393676,-2.666666666666668
9896,Taylor Heinicke,QB,33,27.09090909090909,29.0,11.275980102533318,pass_attempts,0.4162274534492164,-1.90909090909091
82118,Justin Fields,QB,57,23.228070175438596,23.0,9.56372899452414,pass_attempts,0.41173153526274625,0.22807017543859587
5609,Colt McCoy,QB,8,28.875,30.0,11.885615555908627,pass_attempts,0.4116230495552771,-1.125
4332,Joe Flacco,QB,32,35.84375,39.5,14.373159068656523,pass_attempts,0.4009948475998333,-3.65625
40306,Jordan Love,QB,59,28.135593220338983,30.0,11.147069550147037,pass_attempts,0.39619102617992485,-1.8644067796610173
83542,Will Levis,QB,21,26.476190476190474,28.0,10.201073706326444,pass_attempts,0.3852923522173657,-1.5238095238095255
143969,Drake Maye,QB,34,27.941176470588236,29.0,10.499469471360715,pass_attempts,0.3757704863434361,-1.0588235294117645
10636,Carson Wentz,QB,33,30.424242424242426,30.0,11.09625585228612,pass_attempts,0.3647175728341055,0.42424242424242564
60323,Mac Jones,QB,62,30.661290322580644,32.0,11.000661006051809,pass_attempts,0.35878010645723946,-1.3387096774193559
60516,Aidan O'Connell,QB,21,28.952380952380953,32.0,10.346381930299067,pass_attempts,0.35735858640835594,-3.0476190476190474
97408,Spencer Rattler,QB,16,30.3125,31.5,10.725165111394167,pass_attempts,0.35381987996351894,-1.1875
97599,Sam Howell,QB,19,33.94736842105263,31.0,11.515562823175557,pass_attempts,0.3392181296749389,2.94736842105263
29048,Sam Darnold,QB,61,28.60655737704918,28.0,9.604302314630651,pass_attempts,0.33573778864897974,0.6065573770491817
8697,Jimmy Garoppolo,QB,37,27.91891891891892,28.0,9.196552428849442,pass_attempts,0.32940216831309715,-0.0810810810810807
97993,Jayden Daniels,QB,27,28.962962962962962,30.0,9.40327881228949,pass_attempts,0.324665636741453,-1.037037037037038
11767,Deshaun Watson,QB,19,29.31578947368421,30.0,9.475422192757119,pass_attempts,0.3232190694118227,-0.6842105263157912
131396,Shedeur Sanders,QB,8,26.5,24.0,8.502100580780864,pass_attempts,0.32083398418041,2.5
144918,J.J. McCarthy,QB,10,24.3,23.0,7.7466838783515035,pass_attempts,0.3187935752408026,1.3000000000000007
46416,Lamar Jackson,QB,74,27.64864864864865,29.0,8.567911515525521,pass_attempts,0.3098853627316171,-1.3513513513513509
123943,Bryce Young,QB,47,30.404255319148938,31.0,9.092901135711847,pass_attempts,0.29906672734671574,-0.5957446808510625
133244,Cam Ward,QB,17,31.764705882352942,34.0,9.490320145842723,pass_attempts,0.2987693379246783,-2.235294117647058
39395,Daniel Jones,QB,58,30.689655172413794,31.5,8.764375452477507,pass_attempts,0.2855807731706154,-0.8103448275862064
7077,Russell Wilson,QB,62,29.274193548387096,30.5,8.274331937450011,pass_attempts,0.2826493554390637,-1.225806451612904
7102,Kirk Cousins,QB,66,34.484848484848484,35.0,9.738492102899114,pass_attempts,0.2823991558837177,-0.5151515151515156
40291,Jalen Hurts,QB,88,28.818181818181817,28.0,7.911210516010248,pass_attempts,0.2745215005555607,0.8181818181818166
7014,Ryan Tannehill,QB,39,28.46153846153846,27.0,7.748840843181351,pass_attempts,0.27225657016583127,1.46153846153846
60326,Tua Tagovailoa,QB,69,31.463768115942027,32.0,8.538114735675359,pass_attempts,0.2713633886511284,-0.5362318840579725
38334,Kyler Murray,QB,56,33.482142857142854,32.5,9.04130133720417,pass_attempts,0.2700335332711645,0.9821428571428541
146409,Jaxson Dart,QB,12,28.25,29.5,7.4360913486491365,pass_attempts,0.2632244725185535,-1.25
2241,Aaron Rodgers,QB,69,32.14492753623188,34.0,8.402162470807633,pass_attempts,0.26138377388896605,-1.855072463768117
46601,Josh Allen,QB,93,33.365591397849464,33.0,8.663748744596097,pass_attempts,0.2596611773275659,0.3655913978494638
8671,Derek Carr,QB,60,33.483333333333334,34.0,8.644566563654093,pass_attempts,0.25817520847150105,-0.5166666666666657
7820,Geno Smith,QB,69,32.27536231884058,31.0,8.302876996012417,pass_attempts,0.25725124055898374,1.2753623188405783
129759,C.J. Stroud,QB,52,31.692307692307693,32.0,8.067213872718076,pass_attempts,0.2545480105469296,-0.3076923076923066
28237,Justin Herbert,QB,83,35.54216867469879,35.0,9.046359198688148,pass_attempts,0.25452468253936145,0.542168674698793
4317,Matt Ryan,QB,29,35.206896551724135,34.0,8.44891924764357,pass_attempts,0.23997909714168808,1.2068965517241352
10635,Jared Goff,QB,86,34.348837209302324,34.0,8.19435593687791,pass_attempts,0.23856283363964126,0.3488372093023244
77632,Trevor Lawrence,QB,80,33.875,32.0,7.895480200401791,pass_attempts,0.23307690628492372,1.875
46518,Baker Mayfield,QB,80,31.5875,31.0,7.306480130591897,pass_attempts,0.2313092245537601,0.5874999999999986
77672,Brock Purdy,QB,55,28.763636363636362,29.0,6.652662057996969,pass_attempts,0.23128723969016013,-0.2363636363636381
10769,Dak Prescott,QB,74,35.66216216216216,36.0,8.216717051026578,pass_attempts,0.23040434322696732,-0.3378378378378386
28022,Joe Burrow,QB,74,35.851351351351354,36.0,8.103242091620434,pass_attempts,0.22602333764791258,-0.14864864864864558
698,Tom Brady,QB,37,43.486486486486484,44.0,9.779859183323943,pass_attempts,0.22489421366251455,-0.5135135135135158
4924,Matthew Stafford,QB,84,34.583333333333336,34.0,7.635062325012632,pass_attempts,0.22077288650638935,0.5833333333333357
1732,Ben Roethlisberger,QB,17,38.1764705882353,40.0,8.323425482618672,pass_attempts,0.2180250126417834,-1.823529411764703
144622,Caleb Williams,QB,36,33.888888888888886,33.5,6.898354991394804,pass_attempts,0.20355801613951882,0.38888888888888573
97790,Bo Nix,QB,36,34.638888888888886,34.5,7.002663892212848,pass_attempts,0.20216190867655376,0.13888888888888573
11765,Patrick Mahomes,QB,93,36.97849462365591,37.0,7.293502907775638,pass_attempts,0.19723633917508995,-0.02150537634408778
61398,Justin Jefferson,WR,9,1.0,1.0,0.0,pass_attempts,0.0,0.0
10835,Brandon Allen,QB,9,49.111111111111114,7.0,72.58003245460222,passing_yards,1.4778739640077374,42.111111111111114
6162,Blaine Gabbert,QB,8,35.125,22.0,50.249200420077756,passing_yards,1.430582218365203,13.125
12112,Taysom Hill,TE,27,14.851851851851851,11.0,18.940602914016193,passing_yards,1.2753024405946065,3.851851851851851
12282,Nick Mullens,QB,14,123.85714285714286,70.0,142.69702015262814,passing_yards,1.1521097359497081,53.85714285714286
11859,C.J. Beathard,QB,8,52.125,31.0,59.55174820511749,passing_yards,1.1424795818727576,21.125
61398,Justin Jefferson,WR,9,9.88888888888889,11.0,10.925251077714924,passing_yards,1.1048006707801608,-1.1111111111111107
4474,Josh Johnson,QB,10,111.1,58.5,121.93299617230586,passing_yards,1.097506716222375,52.599999999999994
60341,Malik Willis,QB,17,77.76470588235294,56.0,78.55533830663953,passing_yards,1.0101669827631408,21.764705882352942
7323,Case Keenum,QB,8,95.125,71.5,93.45195480642904,passing_yards,0.9824121398836168,23.625
83574,Dorian Thompson-Robinson,QB,12,73.33333333333333,50.0,71.47578526177854,passing_yards,0.9746697990242529,23.33333333333333
91399,Trey Lance,QB,13,99.15384615384616,44.0,93.71307819958228,passing_yards,0.9451280190803488,55.15384615384616
12324,Cooper Rush,QB,33,114.06060606060606,70.0,105.33456798279099,passing_yards,0.9234964780637892,44.06060606060606
12112,Taysom Hill,QB,9,108.66666666666667,107.0,99.87116701030384,passing_yards,0.9190598191132254,1.6666666666666714
169628,Tyson Bagent,QB,9,101.88888888888889,83.0,93.1120889633087,passing_yards,0.913859106510118,18.888888888888886
11757,Mitch Trubisky,QB,24,100.79166666666667,92.5,89.16324996840086,passing_yards,0.8846291853003806,8.291666666666671
46453,Mike White,QB,13,172.84615384615384,202.0,146.79285073068453,passing_yards,0.8492688293275029,-29.15384615384616
12134,P.J. Walker,QB,16,110.4375,81.0,93.44514879507301,passing_yards,0.8461360388914364,29.4375
6332,Tyrod Taylor,QB,26,125.5,116.0,103.39100541149604,passing_yards,0.8238327124421995,9.5
86272,Dillon Gabriel,QB,9,104.11111111111111,116.0,85.18721213369476,passing_yards,0.8182336277516038,-11.888888888888886
60417,Skylar Thompson,QB,10,94.1,96.5,72.58933193735228,passing_yards,0.7714062905138395,-2.4000000000000057
39517,Drew Lock,QB,18,134.22222222222223,145.5,99.49788975329817,passing_yards,0.7412922249831817,-11.277777777777771
60515,Kenny Pickett,QB,36,137.58333333333334,143.0,95.76470420477771,passing_yards,0.6960487283206133,-5.416666666666657
9434,Jameis Winston,QB,26,191.53846153846155,206.5,129.7157602665862,passing_yards,0.6772308768938234,-14.961538461538453
46569,Mason Rudolph,QB,20,153.35,182.0,102.81627712626667,passing_yards,0.6704680608168678,-28.650000000000006
60545,Tommy DeVito,QB,11,123.45454545454545,158.0,81.99190647419248,passing_yards,0.6641465178321924,-34.54545454545455
21956,Tim Boyle,QB,10,119.5,101.0,74.31801037882181,passing_yards,0.6219080366428603,18.5
52269,Davis Mills,QB,43,164.8372093023256,163.0,102.28646287395354,passing_yards,0.6205301782703163,1.83720930232559
11890,Joshua Dobbs,QB,21,157.1904761904762,179.0,95.54874098993615,passing_yards,0.6078532447102875,-21.809523809523796
8667,Teddy Bridgewater,QB,21,180.95238095238096,193.0,108.77153864429619,passing_yards,0.601105871455321,-12.047619047619037
60396,Bailey Zappe,QB,15,148.2,170.0,88.00097402058358,passing_yards,0.5937987450781619,-21.80000000000001
46401,Jake Browning,QB,14,193.35714285714286,212.0,114.53088743140069,passing_yards,0.592328195064503,-18.64285714285714
55086,Desmond Ridder,QB,24,166.75,168.5,97.95085280495209,passing_yards,0.5874114111241505,-1.75
9683,Trevor Siemian,QB,13,158.6153846153846,163.0,89.00331310456787,passing_yards,0.5611266102615821,-4.384615384615387
46448,Tyler Huntley,QB,25,137.0,138.0,75.42435504088408,passing_yards,0.5505427375247013,-1.0
82096,Zach Wilson,QB,37,170.94594594594594,170.0,91.03996251523162,passing_yards,0.5325657886266514,0.9459459459459367
9435,Marcus Mariota,QB,30,148.2,158.5,78.77790693265247,passing_yards,0.5315648241069668,-10.300000000000011
41401,Gardner Minshew,QB,35,184.4857142857143,209.0,97.50214822024705,passing_yards,0.5285078500400567,-24.514285714285705
131396,Shedeur Sanders,QB,8,175.0,167.0,91.40334473404914,passing_yards,0.5223048270517093,8.0
82118,Justin Fields,QB,57,158.57894736842104,166.0,82.57073750263663,passing_yards,0.520691673597775,-7.421052631578959
5609,Colt McCoy,QB,8,190.0,228.0,97.20229274191897,passing_yards,0.5115910144311525,-38.0
6187,Andy Dalton,QB,32,188.46875,202.5,93.47174297011352,passing_yards,0.4959535359050958,-14.03125
97599,Sam Howell,QB,19,217.73684210526315,202.0,106.41002568955365,passing_yards,0.48870932755656743,15.73684210526315
4332,Joe Flacco,QB,32,236.0,259.0,111.93978796224451,passing_yards,0.47432113543323945,-23.0
10725,Jacoby Brissett,QB,41,202.609756097561,215.0,95.419829712901,passing_yards,0.47095377612001216,-12.39024390243901
82134,Michael Penix Jr.,QB,14,196.92857142857142,211.5,92.68429813554785,passing_yards,0.47064931951311934,-14.571428571428584
60516,Aidan O'Connell,QB,21,187.23809523809524,214.0,86.20667303747707,passing_yards,0.4604120380943587,-26.76190476190476
124393,Anthony Richardson,QB,16,150.0,169.5,69.04105059069326,passing_yards,0.4602736706046217,-19.5
83537,Tyler Shough,QB,11,216.72727272727272,243.0,96.9175844819617,passing_yards,0.4471868411499911,-26.27272727272728
9896,Taylor Heinicke,QB,33,187.75757575757575,201.0,83.78321367636474,passing_yards,0.44623080234345325,-13.24242424242425
83542,Will Levis,QB,21,185.66666666666666,192.0,81.8586179539658,passing_yards,0.44089022237324493,-6.333333333333343
10636,Carson Wentz,QB,33,206.5151515151515,194.0,90.53111385461672,passing_yards,0.4383751661338741,12.515151515151501
123943,Bryce Young,QB,47,182.0212765957447,173.0,78.00292340165488,passing_yards,0.4285373933229432,9.021276595744695
60323,Mac Jones,QB,62,209.30645161290323,222.5,85.60672348148435,passing_yards,0.4090018383179494,-13.193548387096769
29048,Sam Darnold,QB,61,217.2295081967213,231.0,85.61296503112577,passing_yards,0.3941129625612159,-13.770491803278702
40306,Jordan Love,QB,59,212.45762711864407,224.0,83.29720822284881,passing_yards,0.3920650406978923,-11.54237288135593
143969,Drake Maye,QB,34,220.52941176470588,249.5,85.3613478970137,passing_yards,0.3870746637101181,-28.970588235294116
7077,Russell Wilson,QB,62,214.66129032258064,218.0,79.75822965881186,passing_yards,0.3715538536964712,-3.3387096774193594
7102,Kirk Cousins,QB,66,251.53030303030303,242.5,92.39767224789722,passing_yards,0.3673421100151326,9.030303030303031
146409,Jaxson Dart,QB,12,189.33333333333334,198.5,67.44874597302261,passing_yards,0.35624337661807715,-9.166666666666657
11767,Deshaun Watson,QB,19,177.10526315789474,169.0,63.06248641611315,passing_yards,0.3560734745634918,8.10526315789474
39395,Daniel Jones,QB,58,209.48275862068965,202.5,74.41213855404456,passing_yards,0.35521843918803164,6.982758620689651
40291,Jalen Hurts,QB,88,213.76136363636363,205.5,74.81133270813586,passing_yards,0.3499759331410322,8.261363636363626
133244,Cam Ward,QB,17,186.41176470588235,194.0,65.20454242567135,passing_yards,0.34978769997993464,-7.588235294117652
97408,Spencer Rattler,QB,16,181.4375,210.5,63.24446616108006,passing_yards,0.34857439151818154,-29.0625
97993,Jayden Daniels,QB,27,209.33333333333334,226.0,72.79898562268782,passing_yards,0.34776585488545136,-16.666666666666657
8697,Jimmy Garoppolo,QB,37,224.8918918918919,230.0,77.19016337151594,passing_yards,0.3432323091871277,-5.108108108108098
60326,Tua Tagovailoa,QB,69,239.81159420289856,237.0,81.05522361552227,passing_yards,0.33799543297703727,2.8115942028985614
7014,Ryan Tannehill,QB,39,207.84615384615384,209.0,69.35095281155441,passing_yards,0.33366483588090573,-1.1538461538461604
129759,C.J. Stroud,QB,52,236.80769230769232,243.0,76.79410681575091,passing_yards,0.32428890323364035,-6.192307692307679
28022,Joe Burrow,QB,74,269.56756756756755,262.0,87.35427490791248,passing_yards,0.3240533558845761,7.567567567567551
46518,Baker Mayfield,QB,80,228.525,223.5,73.74725482983558,passing_yards,0.32270979030668673,5.025000000000006
144918,J.J. McCarthy,QB,10,163.2,154.0,52.65147460212086,passing_yards,0.32261932966985823,9.199999999999989
46416,Lamar Jackson,QB,74,221.2972972972973,221.0,70.44005121032454,passing_yards,0.31830506775549683,0.29729729729729115
144622,Caleb Williams,QB,36,225.02777777777777,218.5,71.23060582607175,passing_yards,0.3165413911540036,6.5277777777777715
77672,Brock Purdy,QB,55,244.1818181818182,255.0,76.12029731484017,passing_yards,0.3117361394129717,-10.818181818181813
7820,Geno Smith,QB,69,234.8695652173913,223.0,72.84893980484917,passing_yards,0.31016764448565914,11.869565217391312
97790,Bo Nix,QB,36,225.80555555555554,217.5,68.46096674933804,passing_yards,0.3031854844354988,8.305555555555543
8671,Derek Carr,QB,60,244.31666666666666,242.0,72.55681389737187,passing_yards,0.29697856837726394,2.316666666666663
4317,Matt Ryan,QB,29,242.24137931034483,222.0,70.96108348565521,passing_yards,0.2929354336062635,20.241379310344826
46601,Josh Allen,QB,93,249.78494623655914,253.0,73.03629970958839,passing_yards,0.29239672290106417,-3.2150537634408636
2241,Aaron Rodgers,QB,69,223.18840579710144,225.0,64.59427113605055,passing_yards,0.2894158901550317,-1.8115942028985614
28237,Justin Herbert,QB,83,254.96385542168676,250.0,73.75064212752825,passing_yards,0.28925920501771313,4.963855421686759
10769,Dak Prescott,QB,74,263.8243243243243,261.0,75.0520108440073,passing_yards,0.2844772218642903,2.824324324324323
38334,Kyler Murray,QB,56,230.33928571428572,231.0,65.47345799099585,passing_yards,0.2842478988678012,-0.6607142857142776
77632,Trevor Lawrence,QB,80,231.675,228.5,62.29752519618756,passing_yards,0.26890050802282317,3.1750000000000114
698,Tom Brady,QB,37,296.4864864864865,281.0,75.8718296506321,passing_yards,0.25590316290550474,15.486486486486513
10635,Jared Goff,QB,86,262.7906976744186,256.5,65.86637386835825,passing_yards,0.2506419536583544,6.290697674418595
11765,Patrick Mahomes,QB,93,271.81720430107526,262.0,66.72492954311676,passing_yards,0.24547721221210722,9.817204301075265
4924,Matthew Stafford,QB,84,267.0357142857143,272.5,64.67890038416961,passing_yards,0.2422106741683495,-5.464285714285722
1732,Ben Roethlisberger,QB,17,232.64705882352942,236.0,55.20523206235821,passing_yards,0.23729176866247526,-3.35294117647058
44889,Khari Blasingame,FB,10,0.6,0.0,2.3190036174568114,receiving_yards,3.865006029094686,0.6
76366,Johnny Wilson,WR,10,3.8,0.0,7.728734264634368,receiving_yards,2.0338774380616758,3.8
77881,Blake Whiteheart,TE,12,4.583333333333333,0.0,8.732992128426059,receiving_yards,1.9053801007475037,4.583333333333333
61324,Ihmir Smith-Marsette,WR,12,15.166666666666666,6.5,28.379997223823725,receiving_yards,1.8712086081642016,8.666666666666666
123974,Tank Bigsby,HB,17,5.411764705882353,1.0,9.552871450049794,receiving_yards,1.7652045070744184,4.411764705882353
8692,Carlos Hyde,HB,8,8.125,3.0,13.84028798214009,receiving_yards,1.7034200593403188,5.125
124282,Jalin Hyatt,WR,28,16.785714285714285,6.5,28.299139030035345,receiving_yards,1.6859061549808292,10.285714285714285
157792,Ollie Gordon II,HB,8,4.0,2.0,6.718843437888484,receiving_yards,1.679710859472121,2.0
61577,Tylan Wallace,WR,26,13.576923076923077,8.0,22.581714863000244,receiving_yards,1.6632424544986015,5.576923076923077
47121,Andrew Beck,FB,24,7.041666666666667,5.0,11.622613515364614,receiving_yards,1.6505486649038505,2.041666666666667
102382,Jacory Croskey-Merritt,HB,9,7.555555555555555,5.0,12.32995449212112,receiving_yards,1.631905741604266,2.5555555555555554
84036,Teagan Quitoriano,TE,9,16.22222222222222,8.0,26.44228515927556,receiving_yards,1.6300038796813703,8.222222222222221
32565,Jakob Johnson,FB,11,5.909090909090909,2.0,9.512670975646591,receiving_yards,1.6098366266478845,3.909090909090909
84135,Anthony Schwartz,WR,18,10.333333333333334,4.0,16.567153896650268,receiving_yards,1.6032729577403484,6.333333333333334
47216,Tommy Sweeney,TE,8,6.375,1.5,10.21116335893502,receiving_yards,1.6017511151270618,4.875
11898,Marlon Mack,HB,8,13.375,5.5,21.3804817532253,receiving_yards,1.598540691829929,7.875
46027,Gus Edwards,HB,17,12.588235294117647,8.0,19.890509117193968,receiving_yards,1.5800871728612031,4.588235294117647
29539,Justin Jackson,HB,21,13.285714285714286,11.0,20.4527329644301,receiving_yards,1.539453018828072,2.2857142857142865
123056,Sean Tucker,HB,15,10.133333333333333,6.0,15.592427954741671,receiving_yards,1.5387264429021388,4.133333333333333
11991,Isaiah Ford,WR,8,20.125,6.5,30.82409771591052,receiving_yards,1.5316321846415164,13.625
48078,Malik Turner,WR,9,17.22222222222222,7.0,26.185767975074636,receiving_yards,1.5204639469398176,10.222222222222221
40573,Velus Jones Jr.,WR,13,9.76923076923077,5.0,14.78824897316473,receiving_yards,1.5137577689066257,4.76923076923077
95015,Gunner Olszewski,WR,12,19.083333333333332,8.0,28.811166816589246,receiving_yards,1.509755466371489,11.083333333333332
124039,Arian Smith,WR,10,5.2,1.0,7.800284895082003,receiving_yards,1.5000547875157697,4.2
45775,Trayveon Williams,HB,13,7.615384615384615,4.0,11.317673947845625,receiving_yards,1.486159205272658,3.615384615384615
9883,Jake Kumerow,WR,8,11.5,6.5,17.037773161000654,receiving_yards,1.4815454922609264,5.0
61522,Jaelon Darden,WR,10,7.5,2.0,10.906165432655257,receiving_yards,1.454155391020701,5.5
99143,Eric Gray,HB,11,9.454545454545455,6.0,13.706667256219772,receiving_yards,1.449743652100168,3.454545454545455
48037,James Proche II,WR,23,15.217391304347826,7.0,21.910886712356923,receiving_yards,1.4398582696691693,8.217391304347826
61245,Kadarius Toney,WR,32,25.3125,14.5,35.929534530980256,receiving_yards,1.4194384012239114,10.8125
7810,Cordarrelle Patterson,HB,41,19.21951219512195,9.0,27.26124739912129,receiving_yards,1.4184151565532652,10.21951219512195
47743,Tyler Davis,TE,8,7.625,3.5,10.756227432117106,receiving_yards,1.4106527779825713,4.125
57120,Brian Robinson,HB,41,15.512195121951219,9.0,21.504792432408543,receiving_yards,1.3863152354225634,6.512195121951219
45747,Royce Freeman,HB,12,10.25,6.0,14.130077526648284,receiving_yards,1.378544148941296,4.25
94384,Jody Fortson,TE,16,10.0,6.0,13.764689123502452,receiving_yards,1.3764689123502452,4.0
154173,Emanuel Wilson,HB,23,8.869565217391305,6.0,12.196513465390936,receiving_yards,1.3750971063921154,2.8695652173913047
7618,Josh Gordon,WR,10,3.2,0.0,4.391911757866827,receiving_yards,1.3724724243333835,3.2
104136,Xavier Gipson,WR,20,13.7,5.0,18.66914143996084,receiving_yards,1.3627110540117402,8.7
77745,Jaret Patterson,HB,8,10.125,8.5,13.767845562344581,receiving_yards,1.3597872160340327,1.625
101072,Ray Davis,HB,23,13.391304347826088,6.0,18.16775147550982,receiving_yards,1.3566827400543047,7.391304347826088
83639,Tyler Allgeier,HB,39,13.23076923076923,9.0,17.89657647128949,receiving_yards,1.3526482216672289,4.23076923076923
77918,Ben Sims,TE,12,8.083333333333334,3.5,10.799480907839406,receiving_yards,1.3360182566399263,4.583333333333334
128374,Kyle Williams,WR,14,15.928571428571429,7.5,21.24387435949944,receiving_yards,1.3336961481300096,8.428571428571429
29573,D'Wayne Eskridge,WR,22,10.363636363636363,6.5,13.799742766910564,receiving_yards,1.331554126631721,3.8636363636363633
40448,Patrick Taylor,HB,14,6.714285714285714,3.5,8.887576215651318,receiving_yards,1.323681564033175,3.2142857142857144
50714,Jason Cabinda,FB,10,2.1,0.0,2.766867462592951,receiving_yards,1.3175559345680719,2.1
38275,Juwann Winfree,WR,9,8.333333333333334,0.0,10.977249200050075,receiving_yards,1.317269904006009,8.333333333333334
48017,Keith Kirkwood,WR,13,5.538461538461538,1.0,7.264243303278793,receiving_yards,1.3115994853142265,4.538461538461538
39462,Boston Scott,HB,20,8.0,4.5,10.432741982008272,receiving_yards,1.304092747751034,3.5
11074,Marcus Johnson,WR,12,23.0,12.5,29.945404868314483,receiving_yards,1.3019741247093253,10.5
157128,Quinshon Judkins,HB,12,14.25,10.0,18.405162319305962,receiving_yards,1.2915903381969096,4.25
34579,David Sills V,WR,23,13.652173913043478,11.0,17.481441316831802,receiving_yards,1.2804877397679346,2.6521739130434785
9506,Tevin Coleman,HB,8,11.625,4.0,14.879876151558328,receiving_yards,1.279989346370609,7.625
129604,Roman Wilson,WR,9,18.444444444444443,12.0,23.521857447441896,receiving_yards,1.275281427873356,6.444444444444443
11796,Dalvin Cook,HB,43,14.348837209302326,10.0,18.285934903154175,receiving_yards,1.2743844421971304,4.348837209302326
124179,Woody Marks,HB,17,13.352941176470589,8.0,17.01448344966204,receiving_yards,1.2742124169350426,5.352941176470589
146934,Jaylen Wright,HB,9,5.777777777777778,2.0,7.361687608452592,receiving_yards,1.2741382399244872,3.7777777777777777
47908,Cam Sims,WR,23,13.043478260869565,12.0,16.595394379902693,receiving_yards,1.2723135691258731,1.0434782608695645
84480,Deven Thompkins,WR,18,9.222222222222221,5.5,11.694923763328488,receiving_yards,1.2681242634934506,3.7222222222222214
48055,Jeff Smith,WR,15,16.466666666666665,11.0,20.880156905084608,receiving_yards,1.2680257229808467,5.466666666666665
84463,Kyle Philips,WR,12,21.583333333333332,8.5,27.187759054843827,receiving_yards,1.2596645121935364,13.083333333333332
143358,Mike Strachan,WR,9,14.444444444444445,0.0,18.194168785019496,receiving_yards,1.2595963005013497,14.444444444444445
25582,JaMycal Hasty,HB,28,12.678571428571429,8.0,15.94911717382309,receiving_yards,1.2579585376536522,4.678571428571429
42266,Sean McKeon,TE,8,4.75,1.5,5.9701639125619606,receiving_yards,1.256876613170939,3.25
47808,Collin Johnson,WR,10,12.2,8.5,15.331883989473265,receiving_yards,1.2567118024158415,3.6999999999999993
55632,DeeJay Dallas,HB,26,11.384615384615385,5.5,14.3054588827536,receiving_yards,1.2565605775391675,5.884615384615385
11927,Isaiah McKenzie,WR,33,22.454545454545453,12.0,28.189194415913732,receiving_yards,1.2553892250002068,10.454545454545453
7818,Giovani Bernard,HB,13,12.384615384615385,7.0,15.516327215433758,receiving_yards,1.252871141618875,5.384615384615385
45783,Nick Chubb,HB,49,10.857142857142858,8.0,13.552367566837415,receiving_yards,1.2482443811560775,2.8571428571428577
57189,Deon Jackson,HB,9,24.77777777777778,13.0,30.898130112426617,receiving_yards,1.2470097354791012,11.777777777777779
31615,Mike Boone,HB,15,10.4,6.0,12.965889314439089,receiving_yards,1.2467201263883738,4.4
57272,Elijah Mitchell,HB,18,13.333333333333334,11.0,16.581350260777565,receiving_yards,1.2436012695583174,2.333333333333334
11160,Stephen Anderson,TE,16,10.875,7.5,13.490119841325848,receiving_yards,1.2404707900069745,3.375
125155,Jaylin Noel,WR,14,20.857142857142858,12.0,25.809530567832265,receiving_yards,1.2374432464029168,8.857142857142858
7859,Marquise Goodwin,WR,35,21.914285714285715,12.0,27.105861563367377,receiving_yards,1.2369037219268033,9.914285714285715
61643,Shi Smith,WR,19,21.05263157894737,17.0,26.024504871393226,receiving_yards,1.2361639813911782,4.05263157894737
84006,Brevyn Spann-Ford,TE,16,11.125,4.0,13.661991070118587,receiving_yards,1.228044141134255,7.125
123091,Kendre Miller,HB,16,11.25,8.5,13.757422239164816,receiving_yards,1.2228819768146504,2.75
77888,Will Mallory,TE,18,14.0,7.0,17.115524428733938,receiving_yards,1.2225374591952813,7.0
2973,Marcedes Lewis,TE,26,11.961538461538462,5.5,14.621848772930925,receiving_yards,1.2224053636533891,6.461538461538462
9527,Ty Montgomery,WR,13,10.384615384615385,5.0,12.685545984429558,receiving_yards,1.2215710947969203,5.384615384615385
123153,Ja'Lynn Polk,WR,12,7.25,5.0,8.82274951990076,receiving_yards,1.2169309682621738,2.25
45866,Ke'Shawn Vaughn,HB,12,4.666666666666667,1.5,5.678241298362042,receiving_yards,1.2167659925061518,3.166666666666667
84117,Michael Woods II,WR,11,10.0,6.0,12.157302332343306,receiving_yards,1.2157302332343307,4.0
150568,Bhayshul Tuten,HB,9,8.777777777777779,5.0,10.662759701148874,receiving_yards,1.2147447760802512,3.7777777777777786
45691,Dontrell Hilliard,HB,19,14.578947368421053,12.0,17.702215145360526,receiving_yards,1.2142313637611912,2.578947368421053
9462,Phillip Dorsett,WR,21,17.476190476190474,9.0,21.18400115091351,receiving_yards,1.2121635535945061,8.476190476190474
84005,Luke Schoonmaker,TE,36,12.36111111111111,8.0,14.95355242605349,receiving_yards,1.2097255895234285,4.361111111111111
40555,Miles Sanders,HB,55,10.6,6.0,12.792648351762502,receiving_yards,1.206853618090802,4.6
34914,Lawrence Cager,TE,11,15.818181818181818,10.0,19.05685274025164,receiving_yards,1.2047435640388966,5.818181818181818
47800,Denzel Mims,WR,19,16.789473684210527,11.0,20.222591732373697,receiving_yards,1.2044803853137938,5.789473684210527
47792,James Washington,WR,17,18.941176470588236,10.0,22.763651366365014,receiving_yards,1.2018076808329354,8.941176470588236
9509,Chris Conley,WR,28,19.607142857142858,13.0,23.536164900022648,receiving_yards,1.200387280875472,6.607142857142858
6180,Mark Ingram II,HB,18,12.777777777777779,9.5,15.291503044484447,receiving_yards,1.1967263252205218,3.2777777777777786
163772,Dylan Sampson,HB,13,20.846153846153847,12.0,24.912667975169292,receiving_yards,1.1950726334952058,8.846153846153847
48341,Steven Sims,WR,13,10.23076923076923,7.0,12.221250932657195,receiving_yards,1.1945583618386733,3.23076923076923
91479,Ashton Dulin,WR,30,18.433333333333334,13.0,22.010472951307293,receiving_yards,1.1940582071233612,5.433333333333334
66619,Pierre Strong Jr.,HB,19,10.157894736842104,9.0,12.111808553339527,receiving_yards,1.1923542099142541,1.1578947368421044
163586,Isaiah Bond,WR,14,22.642857142857142,14.5,26.97465232643172,receiving_yards,1.1913095664670161,8.142857142857142
4717,Danny Amendola,WR,8,31.0,20.0,36.928502348650504,receiving_yards,1.1912420112467905,11.0
25276,Samori Toure,WR,13,12.538461538461538,6.0,14.914285012560859,receiving_yards,1.1894828537625224,6.538461538461538
9550,Blake Bell,TE,19,7.368421052631579,4.0,8.757286022480491,receiving_yards,1.1884888173366381,3.3684210526315788
10840,Mike Thomas,WR,12,8.916666666666666,5.0,10.595525070290359,receiving_yards,1.1882831854531244,3.916666666666666
8520,Jack Doyle,TE,15,20.133333333333333,12.0,23.91313645756439,receiving_yards,1.187738565773066,8.133333333333333
12329,Dare Ogunbowale,HB,43,12.162790697674419,6.0,14.441887214359914,receiving_yards,1.1873826964005283,6.162790697674419
40666,Brandon Johnson,WR,15,22.333333333333332,10.0,26.515943092698745,receiving_yards,1.1872810340014364,12.333333333333332
123727,Kimani Vidal,HB,16,13.625,12.0,16.169415573854238,receiving_yards,1.1867460971636137,1.625
94383,Craig Reynolds,HB,18,14.166666666666666,10.5,16.772701911491918,receiving_yards,1.1839554290464884,3.666666666666666
9786,Eric Tomlinson,TE,12,7.916666666666667,5.0,9.346446415941227,receiving_yards,1.1806037578031023,2.916666666666667
26448,Freddie Swain,WR,19,21.94736842105263,11.0,25.83381437016765,receiving_yards,1.1770802710627948,10.94736842105263
146547,Dont'e Thornton Jr.,WR,11,12.272727272727273,11.0,14.443620800138094,receiving_yards,1.1768876207519927,1.2727272727272734
145598,Konata Mumpfield,WR,11,10.363636363636363,7.0,12.184192441624742,receiving_yards,1.1756676917357207,3.3636363636363633
42196,Kenny Yeboah,TE,10,11.1,7.5,13.033716959401021,receiving_yards,1.1742087350811732,3.5999999999999996
9601,Michael Burton,FB,16,7.1875,3.5,8.416006574775633,receiving_yards,1.1709226538818271,3.6875
159617,Ryan Flournoy,WR,20,28.85,16.0,33.69565800546196,receiving_yards,1.1679604161338633,12.850000000000001
11764,John Ross,WR,9,25.555555555555557,13.0,29.585093844329407,receiving_yards,1.1576775852128898,12.555555555555557
9783,Raheem Mostert,HB,49,12.346938775510203,10.0,14.280743182703768,receiving_yards,1.1566221751280739,2.3469387755102034
12303,Zach Pascal,WR,38,14.947368421052632,9.0,17.25319769565811,receiving_yards,1.1542632261179722,5.947368421052632
146712,Adonai Mitchell,WR,33,23.181818181818183,20.0,26.74001512884593,receiving_yards,1.1534908486953146,3.1818181818181834
20994,Ross Dwelley,TE,12,15.0,8.0,17.283728553968693,receiving_yards,1.1522485702645795,7.0
36049,Zach Gentry,TE,25,13.28,8.0,15.293026733340483,receiving_yards,1.151583338353952,5.279999999999999
45769,Ty Johnson,HB,57,19.596491228070175,12.0,22.54824957501675,receiving_yards,1.1506268807304878,7.596491228070175
83701,Hassan Haskins,HB,13,9.153846153846153,7.0,10.510678330838546,receiving_yards,1.1482253638731186,2.1538461538461533
124173,Malik Heath,WR,23,13.391304347826088,9.0,15.35560048982657,receiving_yards,1.1466844521623736,4.391304347826088
40485,Devin Singletary,HB,75,14.64,9.0,16.78129589429529,receiving_yards,1.146263380757875,5.640000000000001
77986,Dyami Brown,WR,55,22.545454545454547,16.0,25.7508131348192,receiving_yards,1.1421731632379484,6.545454545454547
10918,Chester Rogers,WR,17,17.88235294117647,9.0,20.401845360595377,receiving_yards,1.1408926681911888,8.882352941176471
48021,Trent Sherfield,WR,50,14.18,9.0,16.15573443400333,receiving_yards,1.1393324706631405,5.18
78196,Derius Davis,WR,25,7.68,5.0,8.740327987743557,receiving_yards,1.1380635400707757,2.6799999999999997
9205,Damien Williams,HB,11,10.454545454545455,4.0,11.868981728553097,receiving_yards,1.135293904470296,6.454545454545455
8943,Albert Wilson,WR,10,21.3,15.5,24.129511667941674,receiving_yards,1.1328409233775434,5.800000000000001
101659,Tyler Goodson,HB,13,7.923076923076923,8.0,8.967176613084881,receiving_yards,1.1317795725252762,-0.07692307692307665
61610,Bo Melton,WR,20,22.9,17.0,25.863813371296647,receiving_yards,1.1294241646854433,5.899999999999999
7789,Tavon Austin,WR,11,19.363636363636363,11.0,21.827838771956912,receiving_yards,1.1272592793029392,8.363636363636363
52195,Austin Trammell,WR,10,12.8,7.0,14.428367120980038,receiving_yards,1.1272161813265653,5.800000000000001
61697,Jalen Reagor,WR,43,14.953488372093023,11.0,16.84940791438494,receiving_yards,1.1267877765451826,3.953488372093023
12247,Pharaoh Brown,TE,37,15.18918918918919,10.0,17.102367993672424,receiving_yards,1.12595661168306,5.1891891891891895
122937,Marvin Mims Jr.,WR,48,28.520833333333332,12.0,32.03521306135679,receiving_yards,1.1232214952119255,16.520833333333332
4363,DeSean Jackson,WR,21,30.142857142857142,16.0,33.75542284476038,receiving_yards,1.1198481512479748,14.142857142857142
143933,Elijah Arroyo,TE,12,14.916666666666666,6.5,16.69762276674755,receiving_yards,1.1193937050333553,8.416666666666666
121811,Jaylin Lane,WR,13,17.307692307692307,13.0,19.31055244930698,receiving_yards,1.115720808182181,4.307692307692307
11929,Eric Saubert,TE,33,10.151515151515152,6.0,11.31956605871337,receiving_yards,1.1150617311568394,4.151515151515152
97116,Skyy Moore,WR,38,15.736842105263158,10.5,17.524784319182217,receiving_yards,1.1136150570717798,5.2368421052631575
11917,Jeremy McNichols,HB,29,15.96551724137931,11.0,17.75323463207417,receiving_yards,1.1119736594603693,4.96551724137931
26104,KhaDarel Hodge,WR,39,19.307692307692307,13.0,21.464970050555745,receiving_yards,1.1117315165626482,6.307692307692307
144717,Ja'Tavion Sanders,TE,26,20.46153846153846,10.0,22.694899460858192,receiving_yards,1.109149221771265,10.46153846153846
55123,Zavier Scott,HB,8,12.25,8.0,13.551489111638512,receiving_yards,1.1062440091133479,4.25
6216,Randall Cobb,WR,34,24.441176470588236,15.0,27.025455089903648,receiving_yards,1.1057346246169963,9.441176470588236
12078,Mo Alie-Cox,TE,65,14.307692307692308,13.0,15.769752571104156,receiving_yards,1.1021870076578173,1.3076923076923084
45914,Myles Gaskin,HB,18,15.166666666666666,10.5,16.71649414412568,receiving_yards,1.1021864270852098,4.666666666666666
47358,Chris Myarick,TE,11,7.454545454545454,6.0,8.17757465711731,receiving_yards,1.0969917222962244,1.4545454545454541
61361,Lynn Bowden Jr.,WR,8,10.375,5.5,11.375883011252984,receiving_yards,1.0964706516870346,4.875
99218,Treylon Burks,WR,33,25.12121212121212,14.0,27.53492960740681,receiving_yards,1.096082843238148,11.121212121212121
129519,Rakim Jarrett,WR,11,16.727272727272727,9.0,18.287104249119974,receiving_yards,1.0932507975017376,7.727272727272727
48862,Patrick Ricard,FB,25,8.76,5.0,9.571137166850482,receiving_yards,1.0925955669920642,3.76
77763,Emari Demercado,HB,27,12.0,9.0,13.067870169588875,receiving_yards,1.088989180799073,3.0
13534,Penny Hart,WR,12,6.583333333333333,4.5,7.166314297186567,receiving_yards,1.088554070458719,2.083333333333333
9302,Keith Smith,FB,12,8.083333333333334,6.0,8.795229423162343,receiving_yards,1.08806961936029,2.083333333333334
47481,Scott Miller,WR,36,15.583333333333334,9.0,16.922301430783158,receiving_yards,1.0859230864673683,6.583333333333334
60509,Jelani Woods,TE,13,24.307692307692307,19.0,26.326110661548594,receiving_yards,1.0830361981016827,5.307692307692307
57208,Ronnie Rivers,HB,10,12.0,7.0,12.952906151816965,receiving_yards,1.079408845984747,5.0
12320,Blake Jarwin,TE,8,12.0,10.0,12.95045503888901,receiving_yards,1.079204586574084,2.0
34164,Jalen Guyton,WR,25,24.04,15.0,25.941408340077963,receiving_yards,1.0790935249616458,9.04
27948,Ben Skowronek,WR,42,17.38095238095238,13.0,18.7355829203025,receiving_yards,1.077937647469459,4.38095238095238
47034,Josiah Deguara,TE,32,14.34375,9.0,15.422249061956956,receiving_yards,1.0751894770863237,5.34375
138351,Andrew Ogletree,TE,25,11.32,8.0,12.143997145366376,receiving_yards,1.0727912672585138,3.3200000000000003
11889,Jamaal Williams,HB,36,9.694444444444445,7.5,10.397305817083973,receiving_yards,1.0725014596418998,2.1944444444444446
27303,Chris Evans,HB,15,12.733333333333333,8.0,13.63538813249588,receiving_yards,1.0708419999342316,4.7333333333333325
60915,Peyton Hendershot,TE,17,11.294117647058824,6.0,12.061118863326659,receiving_yards,1.0679115660237144,5.294117647058824
11932,Trent Taylor,WR,8,14.25,9.5,15.210428753231872,receiving_yards,1.067398508998728,4.75
97774,Jonathan Mingo,WR,33,18.484848484848484,17.0,19.696321376276735,receiving_yards,1.0655386974051348,1.4848484848484844
47083,Josh Oliver,TE,57,15.385964912280702,10.0,16.384612103570262,receiving_yards,1.064906373892252,5.385964912280702
143951,Brashard Smith,HB,12,14.333333333333334,6.5,15.26334488143726,receiving_yards,1.0648845266119018,7.833333333333334
26394,Harrison Bryant,TE,49,14.938775510204081,11.0,15.898647955179118,receiving_yards,1.0642537565625367,3.9387755102040813
11841,Kareem Hunt,HB,65,12.446153846153846,10.0,13.239418851991259,receiving_yards,1.0637357544863186,2.4461538461538463
138346,Jaleel McLaughlin,HB,31,8.548387096774194,7.0,9.07317919172554,receiving_yards,1.061390773371667,1.548387096774194
42237,Greg Dortch,WR,49,26.632653061224488,14.0,28.261202703198823,receiving_yards,1.061148607246546,12.632653061224488
98027,Elijah Higgins,TE,38,16.736842105263158,12.5,17.70583078571105,receiving_yards,1.057895550089654,4.2368421052631575
47809,Marquez Valdes-Scantling,WR,74,30.256756756756758,20.0,31.960618237205715,receiving_yards,1.056313420970622,10.256756756756758
9459,Breshad Perriman,WR,14,20.142857142857142,10.0,21.259774739587954,receiving_yards,1.055449809766778,10.142857142857142
84425,Brycen Tremayne,WR,10,15.8,12.0,16.65199354098148,receiving_yards,1.0539236418342708,3.8000000000000007
77997,Jake Bobo,WR,28,12.714285714285714,8.0,13.388378439851381,receiving_yards,1.053018528977075,4.7142857142857135
10707,Kenyan Drake,HB,22,18.681818181818183,12.5,19.652665791878533,receiving_yards,1.0519675119740333,6.181818181818183
57366,J.K. Dobbins,HB,29,10.0,7.0,10.51189802081432,receiving_yards,1.0511898020814319,3.0
77803,Javonte Williams,HB,68,16.426470588235293,12.0,17.257761547373043,receiving_yards,1.0506067907084753,4.4264705882352935
41668,Khalil Herbert,HB,29,10.89655172413793,7.0,11.437235016715633,receiving_yards,1.0496196692555486,3.8965517241379306
47967,Equanimeous St. Brown,WR,27,17.88888888888889,18.0,18.733625328502704,receiving_yards,1.0472212916554307,-0.11111111111111072
47311,Kendall Blanton,TE,8,18.375,12.5,19.220060205049155,receiving_yards,1.0459896710230832,5.875
91470,Deonte Harty,WR,29,26.551724137931036,12.0,27.763781914697727,receiving_yards,1.0456489292548494,14.551724137931036
42257,Charlie Woerner,TE,22,8.090909090909092,6.5,8.456663143057758,receiving_yards,1.0452055570071386,1.5909090909090917
9902,Malcolm Brown,HB,9,5.222222222222222,4.0,5.449260908090605,receiving_yards,1.0434754930386265,1.2222222222222223
40498,Tony Jones Jr.,HB,12,8.0,7.5,8.344840539900307,receiving_yards,1.0431050674875384,0.5
47961,Braxton Berrios,WR,47,18.106382978723403,12.0,18.879749955226576,receiving_yards,1.0427123947069907,6.106382978723403
109617,Mason Tipton,WR,14,12.5,8.5,13.025123652151873,receiving_yards,1.04200989217215,4.0
98689,Rhamondre Stevenson,HB,70,20.771428571428572,13.5,21.642799404087004,receiving_yards,1.0419504527414651,7.271428571428572
40630,Kylen Granson,TE,55,18.145454545454545,14.0,18.899753262957518,receiving_yards,1.0415695685998632,4.145454545454545
6195,Kyle Rudolph,TE,20,14.25,10.5,14.828404463979542,receiving_yards,1.0405897869459328,3.75
138299,Isaiah Davis,HB,17,15.352941176470589,9.0,15.956742996577452,receiving_yards,1.0393280878996807,6.352941176470589
42353,Luke Farrell,TE,42,9.619047619047619,7.5,9.990122880546005,receiving_yards,1.0385771311458718,2.1190476190476186
77737,Kenneth Gainwell,HB,79,17.379746835443036,10.0,18.048583861961735,receiving_yards,1.0384837036380024,7.3797468354430364
40411,Stephen Sullivan,TE,16,10.6875,13.0,11.091851363350784,receiving_yards,1.0378340456936406,-2.3125
48036,Brandon Powell,WR,34,16.205882352941178,11.0,16.815900505293243,receiving_yards,1.0376417734663705,5.2058823529411775
91824,Michael Bandy,WR,9,15.444444444444445,15.0,16.00086803200932,receiving_yards,1.0360274265329774,0.44444444444444464
91319,Hunter Luepke,FB,23,10.347826086956522,8.0,10.709421067674157,receiving_yards,1.034944052758427,2.3478260869565215
48113,Dante Pettis,WR,28,20.678571428571427,13.5,21.38717783302359,receiving_yards,1.034267667227393,7.178571428571427
47338,Brycen Hopkins,TE,13,18.692307692307693,11.0,19.293283008103344,receiving_yards,1.0321509428203435,7.692307692307693
129918,Chimere Dike,WR,16,26.4375,17.0,27.281174828075127,receiving_yards,1.0319120502345203,9.4375
11107,Alex Erickson,WR,12,24.333333333333332,17.0,25.10100806861362,receiving_yards,1.0315482767923405,7.333333333333332
122518,Xavier Hutchinson,WR,43,18.488372093023255,15.0,19.060520270997518,receiving_yards,1.0309463794376017,3.488372093023255
144483,Jimmy Horn Jr.,WR,10,10.8,8.5,11.113555286725806,receiving_yards,1.029032896919056,2.3000000000000007
10774,Tajae Sharpe,WR,13,17.692307692307693,12.0,18.190586463812426,receiving_yards,1.028163582737224,5.692307692307693
123709,Tez Johnson,WR,15,21.466666666666665,17.0,22.019039380456526,receiving_yards,1.0257316481579128,4.466666666666665
84226,Tyrone Tracy,HB,29,19.724137931034484,14.0,20.161661906634542,receiving_yards,1.0221821596021008,5.724137931034484
84424,Simi Fehoko,WR,8,17.375,12.0,17.743711159571035,receiving_yards,1.0212207861623617,5.375
41372,Ko Kieft,TE,12,6.833333333333333,5.5,6.978321409692283,receiving_yards,1.0212177672720415,1.333333333333333
11844,D'Onta Foreman,HB,23,12.173913043478262,9.0,12.404735803544193,receiving_yards,1.0189604410054158,3.1739130434782616
45851,Chase Edmonds,HB,32,17.96875,15.0,18.2923999289675,receiving_yards,1.0180118221338437,2.96875
9964,Damiere Byrd,WR,23,25.956521739130434,15.0,26.410187877321416,receiving_yards,1.0174779249219306,10.956521739130434
84375,Jahan Dotson,WR,59,26.64406779661017,17.0,27.02729317322004,receiving_yards,1.0143831407251798,9.64406779661017
97399,Jamari Thrash,WR,13,9.923076923076923,7.0,10.061987365505372,receiving_yards,1.0139987267563553,2.9230769230769234
11774,O.J. Howard,TE,22,13.181818181818182,9.5,13.358201916484061,receiving_yards,1.0133808350436184,3.6818181818181817
109795,Adam Trautman,TE,65,16.29230769230769,12.0,16.502578469858765,receiving_yards,1.0129061383766003,4.292307692307691
47259,Drew Sample,TE,46,10.021739130434783,8.0,10.137913724528845,receiving_yards,1.011592258846696,2.021739130434783
13014,Darrel Williams,HB,18,25.61111111111111,18.5,25.875582150629715,receiving_yards,1.010326418028926,7.111111111111111
57337,Michael Carter,HB,57,18.210526315789473,14.0,18.380635036932272,receiving_yards,1.0093412303517721,4.210526315789473
8999,Willie Snead IV,WR,9,5.777777777777778,5.0,5.8261860976495115,receiving_yards,1.0083783630547232,0.7777777777777777
45734,D'Ernest Johnson,HB,27,14.074074074074074,9.0,14.188093399114424,receiving_yards,1.0081013730949722,5.074074074074074
34934,Alec Ingold,FB,41,11.146341463414634,9.0,11.219538706225306,receiving_yards,1.0065669298801696,2.1463414634146343
84292,Jalen Nailor,WR,39,28.17948717948718,18.0,28.362198521857444,receiving_yards,1.0064838419949411,10.179487179487179
57279,Clyde Edwards-Helaire,HB,35,14.885714285714286,9.0,14.960283554585905,receiving_yards,1.0050094518435828,5.885714285714286
10638,Ezekiel Elliott,HB,55,14.127272727272727,11.0,14.194488426269602,receiving_yards,1.0047578680113618,3.127272727272727
84025,Tommy Tremble,TE,67,15.716417910447761,12.0,15.78722725971782,receiving_yards,1.004505438177677,3.7164179104477615
9679,Geoff Swaim,TE,34,10.852941176470589,8.0,10.840810528070577,receiving_yards,0.9988822708791317,2.8529411764705888
45865,Justice Hill,HB,47,18.95744680851064,12.0,18.93117677824244,receiving_yards,0.9986142632742925,6.957446808510639
11920,Jamal Agnew,WR,29,22.344827586206897,12.0,22.3083518346012,receiving_yards,0.9983675975361649,10.344827586206897
91014,Donald Parham Jr.,TE,32,19.625,15.0,19.582332392630963,receiving_yards,0.9978258544015778,4.625
11347,C.J. Ham,FB,31,9.35483870967742,7.0,9.322189968373936,receiving_yards,0.9965099621365241,2.35483870967742
45817,Alexander Mattison,HB,52,15.51923076923077,10.5,15.44819347851466,receiving_yards,0.9954226281075121,5.01923076923077
102585,Xavier Smith,WR,11,28.09090909090909,14.0,27.955158899403685,receiving_yards,0.9951674689108109,14.09090909090909
28486,Bryan Edwards,WR,20,31.35,23.0,31.165559601315646,receiving_yards,0.9941167336942789,8.350000000000001
11993,Noah Brown,WR,52,36.17307692307692,27.0,35.954067185920046,receiving_yards,0.9939455043422873,9.17307692307692
78092,Tyquan Thornton,WR,36,22.86111111111111,18.0,22.6956922001609,receiving_yards,0.9927641788648753,4.861111111111111
84271,Terrace Marshall Jr.,WR,35,23.085714285714285,16.0,22.885098450573405,receiving_yards,0.9913099576362242,7.085714285714285
57488,Jonathan Taylor,HB,62,18.870967741935484,14.0,18.678017122764572,receiving_yards,0.9897752663345329,4.870967741935484
12112,Taysom Hill,TE,37,17.45945945945946,11.0,17.2765007301096,receiving_yards,0.9895209396502402,6.45945945945946
47658,KaVontae Turpin,WR,42,22.857142857142858,15.0,22.59567347813102,receiving_yards,0.988560714668232,7.857142857142858
11817,JuJu Smith-Schuster,WR,65,32.13846153846154,25.0,31.739110791673944,receiving_yards,0.9875740552698928,7.1384615384615415
61107,Tyrell Shavers,WR,12,27.333333333333332,22.5,26.99270384022432,receiving_yards,0.9875379453740605,4.833333333333332
87625,Nate Adkins,TE,23,8.08695652173913,6.0,7.9824412048528615,receiving_yards,0.9870760629656764,2.086956521739131
61418,Calvin Austin III,WR,45,25.333333333333332,19.0,24.9881790234721,receiving_yards,0.9863754877686356,6.333333333333332
61448,Cody White,WR,8,21.125,16.5,20.82880903254638,receiving_yards,0.9859791258010121,4.625
99697,Davis Allen,TE,27,14.185185185185185,8.0,13.983608638020106,receiving_yards,0.9857896428891458,6.185185185185185
11981,David Moore,WR,23,22.91304347826087,17.0,22.585017244903074,receiving_yards,0.9856838645783125,5.913043478260871
57206,Cam Akers,HB,31,11.0,8.0,10.841279137322003,receiving_yards,0.9855708306656367,3.0
84434,Cedric Tillman,WR,31,26.870967741935484,22.0,26.482373931206737,receiving_yards,0.9855385256511511,4.870967741935484
172430,Isaac TeSlaa,WR,13,18.384615384615383,13.0,18.108646468554102,receiving_yards,0.9849891384569178,5.384615384615383
40568,Demetric Felton Jr.,WR,14,13.5,13.5,13.282434901894945,receiving_yards,0.983884066807033,0.0
27414,Rashaad Penny,HB,8,8.625,5.5,8.484229066753375,receiving_yards,0.9836787323772029,3.125
9590,C.J. Uzomah,TE,39,23.82051282051282,17.0,23.413751913725044,receiving_yards,0.9829239231811374,6.820512820512821
97195,Tyjae Spears,HB,39,22.384615384615383,18.0,21.983983864593434,receiving_yards,0.9821023719577823,4.384615384615383
42130,Ian Thomas,TE,44,12.772727272727273,9.0,12.476701331278896,receiving_yards,0.9768235917727249,3.7727272727272734
97623,Jordan Whittington,WR,19,26.894736842105264,19.0,26.25493548700702,receiving_yards,0.9762109085188521,7.894736842105264
47417,River Cracraft,WR,19,16.94736842105263,13.0,16.541105982808492,receiving_yards,0.9760279927744142,3.94736842105263
144970,Bucky Irving,HB,26,25.96153846153846,14.5,25.33532043488816,receiving_yards,0.9758790093438403,11.46153846153846
146563,Terrance Ferguson,TE,12,20.833333333333332,20.0,20.305992547357377,receiving_yards,0.9746876422731542,0.8333333333333321
84330,Cole Turner,TE,11,13.0,9.0,12.649110640673518,receiving_yards,0.9730085108210399,4.0
83644,Chris Brooks,HB,20,9.0,7.5,8.753946478438648,receiving_yards,0.9726607198265165,1.5
10211,Chris Manhertz,TE,23,7.217391304347826,7.0,7.0191719385948455,receiving_yards,0.9725358710101292,0.21739130434782616
22777,Tanner Conner,TE,11,9.727272727272727,8.0,9.456118750215747,receiving_yards,0.9721243574988152,1.7272727272727266
97199,Kenneth Walker III,HB,57,19.50877192982456,13.0,18.92760909266969,receiving_yards,0.9702101783113061,6.508771929824562
54037,Josh Whyle,TE,29,13.275862068965518,8.0,12.8782667193447,receiving_yards,0.9700512593792111,5.275862068965518
11254,Robbie Chosen,WR,38,25.92105263157895,18.0,25.110977010653876,receiving_yards,0.9687483516800479,7.921052631578949
61220,Laviska Shenault Jr.,WR,39,25.307692307692307,16.0,24.516539901563174,receiving_yards,0.9687386587243808,9.307692307692307
47861,Nick Westbrook-Ikhine,WR,66,27.71212121212121,23.0,26.842999460690304,receiving_yards,0.9686374873731877,4.712121212121211
35134,Damien Harris,HB,24,10.5,8.0,10.155315592467261,receiving_yards,0.9671729135683106,2.5
35639,Adam Prentice,FB,18,5.0,4.0,4.826397999239062,receiving_yards,0.9652795998478124,1.0
10728,Nick Vannett,TE,24,13.583333333333334,9.0,13.111285104880041,receiving_yards,0.9652479831813526,4.583333333333334
10679,Derrick Henry,HB,62,17.887096774193548,14.5,17.246624605573206,receiving_yards,0.9641936208706392,3.387096774193548
11851,Kenny Golladay,WR,20,30.1,25.0,29.01524100410533,receiving_yards,0.963961495153001,5.100000000000001
22425,James Robinson,HB,20,13.55,12.5,13.040322081911935,receiving_yards,0.9623853934990357,1.0500000000000007
57301,Connor Heyward,TE,29,13.241379310344827,11.0,12.724147943445937,receiving_yards,0.9609382561456566,2.2413793103448274
60492,Stone Smartt,TE,24,18.0,14.5,17.292873626464445,receiving_yards,0.9607152014702469,3.5
100660,Ricky Pearsall,WR,20,46.4,37.5,44.55912689308088,receiving_yards,0.9603260106267432,8.899999999999999
83747,Isiah Pacheco,HB,46,15.130434782608695,13.0,14.52906465698199,receiving_yards,0.960254273306281,2.1304347826086953
83714,Tyler Badie,HB,17,10.0,7.0,9.598176910226233,receiving_yards,0.9598176910226233,3.0
10674,Sterling Shepard,WR,46,27.869565217391305,18.0,26.736249795737937,receiving_yards,0.95933501607172,9.869565217391305
61637,Jalen Tolbert,WR,42,26.023809523809526,18.5,24.9619105890458,receiving_yards,0.9591951004024918,7.5238095238095255
12087,Tim Patrick,WR,46,29.065217391304348,21.5,27.829163099895393,receiving_yards,0.9574730759874256,7.565217391304348
66915,Justin Watson,WR,56,21.678571428571427,15.5,20.737412079144775,receiving_yards,0.9565857301747178,6.178571428571427
41933,Albert Okwuegbunam,TE,21,21.952380952380953,16.0,20.991608300642884,receiving_yards,0.9562337837603049,5.9523809523809526
124044,Darnell Washington,TE,35,18.114285714285714,10.0,17.3014304552635,receiving_yards,0.955126286962496,8.114285714285714
94379,Tom Kennedy,WR,13,17.76923076923077,15.0,16.956581053550888,receiving_yards,0.9542664662171495,2.76923076923077
42058,Jack Stoll,TE,27,9.037037037037036,7.0,8.622338971806277,receiving_yards,0.9541112796670881,2.0370370370370363
52130,Isaiah Hodgins,WR,33,25.96969696969697,22.0,24.7316659978721,receiving_yards,0.9523278622284472,3.969696969696969
122906,Michael Mayer,TE,34,23.176470588235293,14.0,22.069409224748444,receiving_yards,0.9522333929459988,9.176470588235293
156165,Matthew Golden,WR,14,31.785714285714285,20.0,30.263404077757453,receiving_yards,0.9521070945811334,11.785714285714285
8738,Devonta Freeman,HB,12,15.833333333333334,8.0,15.020188434439183,receiving_yards,0.9486434800698431,7.833333333333334
13750,Joshua Kelley,HB,24,7.625,6.0,7.215999734888649,receiving_yards,0.9463606209690031,1.625
23503,K.J. Osborn,WR,55,34.945454545454545,21.0,33.049019810543705,receiving_yards,0.945731576264258,13.945454545454545
97989,David Bell,WR,25,18.48,13.0,17.47407603661302,receiving_yards,0.9455668850981072,5.48
27126,Tony Pollard,HB,77,19.83116883116883,15.0,18.739490105265176,receiving_yards,0.9449513674560698,4.8311688311688314
144138,Will Shipley,HB,9,10.777777777777779,7.0,10.183046913593419,receiving_yards,0.9448187857973275,3.7777777777777786
42295,Marquez Callaway,WR,27,31.703703703703702,25.0,29.95228874626447,receiving_yards,0.9447567712022672,6.703703703703702
84147,Dax Milne,WR,15,8.0,6.0,7.54983443527075,receiving_yards,0.9437293044088437,2.0
60994,Brock Wright,TE,44,15.022727272727273,11.0,14.174147177271719,receiving_yards,0.9435135791224745,4.022727272727273
6156,A.J. Green,WR,30,36.13333333333333,21.5,34.08886291316629,receiving_yards,0.9434187153090301,14.633333333333333
62946,Jordan Mason,HB,21,8.238095238095237,6.0,7.745351908756387,receiving_yards,0.9401872259184054,2.2380952380952372
13756,Giovanni Ricci,TE,8,12.75,11.5,11.985109809378349,receiving_yards,0.9400086125002627,1.25
61669,Tim Jones,WR,17,9.941176470588236,10.0,9.343919066933948,receiving_yards,0.9399208528868468,-0.0588235294117645
60997,Grant Calcaterra,TE,28,17.785714285714285,17.0,16.714059601419052,receiving_yards,0.9397463229713524,0.7857142857142847
57385,Raheem Blackshear,HB,11,12.545454545454545,11.0,11.784427320524628,receiving_yards,0.9393384096070356,1.545454545454545
12271,Matt Breida,HB,27,11.0,9.0,10.306831192503797,receiving_yards,0.9369846538639816,2.0
101634,Luke McCaffrey,WR,21,17.666666666666668,17.0,16.550931494430557,receiving_yards,0.9368451789300315,0.6666666666666679
47257,Durham Smythe,TE,58,16.775862068965516,9.5,15.712374275842276,receiving_yards,0.9366060719412662,7.275862068965516
129891,Kyle Monangai,HB,16,13.875,12.0,12.986531484580476,receiving_yards,0.9359662331229173,1.875
48209,Miles Boykin,WR,8,4.25,5.5,3.955105199973465,receiving_yards,0.9306129882290506,-1.25
123085,Quentin Johnston,WR,47,40.361702127659576,29.0,37.46153130178424,receiving_yards,0.9281454776931256,11.361702127659576
83962,Lucas Krull,TE,20,13.2,10.0,12.241430944907844,receiving_yards,0.9273811321899882,3.1999999999999993
12193,Robert Tonyan,TE,36,21.86111111111111,13.5,20.261367571637802,receiving_yards,0.9268224048017292,8.36111111111111
9487,Ameer Abdullah,HB,64,15.484375,12.5,14.34052110750933,receiving_yards,0.9261285074476258,2.984375
157196,Ashton Jeanty,HB,16,21.625,13.0,20.012912498351323,receiving_yards,0.92545260107983,8.625
61664,Quez Watkins,WR,40,29.95,23.0,27.701661525656746,receiving_yards,0.9249302679685057,6.949999999999999
10770,Devontae Booker,HB,16,16.75,15.5,15.485477067239485,receiving_yards,0.9245060935665363,1.25
11855,Jonnu Smith,TE,75,29.706666666666667,23.0,27.4638697954994,receiving_yards,0.924501900656398,6.706666666666667
77887,Brevin Jordan,TE,29,20.96551724137931,14.0,19.365807051569544,receiving_yards,0.9236980337097316,6.96551724137931
11873,Mack Hollins,WR,73,31.84931506849315,27.0,29.389468650860444,receiving_yards,0.9227661124786289,4.849315068493151
42247,Lil'Jordan Humphrey,WR,43,21.348837209302324,13.0,19.69515739480651,receiving_yards,0.9225400522621787,8.348837209302324
10657,Laquon Treadwell,WR,16,30.75,21.0,28.356069309173773,receiving_yards,0.9221485954202853,9.75
55410,Gabe Davis,WR,66,43.96969696969697,36.0,40.50677804515026,receiving_yards,0.9212430568504195,7.969696969696969
10760,Demarcus Robinson,WR,76,29.63157894736842,23.0,27.256237013578215,receiving_yards,0.9198374835843447,6.631578947368421
57373,Chuba Hubbard,HB,62,15.887096774193548,12.0,14.571592438275324,receiving_yards,0.9171966813939798,3.887096774193548
129574,Blake Corum,HB,16,8.1875,8.5,7.503054933381025,receiving_yards,0.9164036559854687,-0.3125
9859,DeAndre Carter,WR,41,23.463414634146343,16.0,21.497787747784198,receiving_yards,0.9162258811425698,7.463414634146343
10806,Rashard Higgins,WR,12,22.916666666666668,24.0,20.973829291560357,receiving_yards,0.9152216418135428,-1.0833333333333321
47895,Ray-Ray McCloud III,WR,58,25.103448275862068,19.5,22.936747238126394,receiving_yards,0.9136891070132768,5.603448275862068
9453,Nelson Agholor,WR,62,24.85483870967742,21.0,22.669287936486437,receiving_yards,0.9120673926425432,3.85483870967742
10832,Derek Watt,FB,8,3.25,3.0,2.9640705601780613,receiving_yards,0.9120217108240188,0.25
157170,Luther Burden III,WR,17,42.23529411764706,35.0,38.48787051098811,receiving_yards,0.9112727001208885,7.235294117647058
6158,Julio Jones,WR,31,31.129032258064516,28.0,28.36164303595482,receiving_yards,0.9110994135902585,3.129032258064516
144046,Oronde Gadsden II,TE,16,43.375,31.0,39.488183886659904,receiving_yards,0.9103904066088738,12.375
40693,Rico Dowdle,HB,45,15.777777777777779,11.0,14.34460444793361,receiving_yards,0.9091650706436795,4.777777777777779
9576,MyCole Pruitt,TE,34,13.088235294117647,10.0,11.89440318361851,receiving_yards,0.9087858612202906,3.0882352941176467
42275,John Bates,TE,54,13.444444444444445,12.5,12.202175288079019,receiving_yards,0.9075998148157948,0.9444444444444446
7982,Ryan Griffin,TE,21,13.666666666666666,10.0,12.390856844194971,receiving_yards,0.9066480617703638,3.666666666666666
78050,Antonio Gibson,HB,62,20.129032258064516,15.0,18.2005979643867,receiving_yards,0.9041963732307494,5.129032258064516
48103,Nyheim Miller-Hines,HB,32,17.5625,12.0,15.847941761140977,receiving_yards,0.9023739081076713,5.5625
77965,Tutu Atwell,WR,50,31.82,22.0,28.69735819456103,receiving_yards,0.9018654366612517,9.82
48054,Tyler Johnson,WR,36,25.02777777777778,18.5,22.5331325716613,receiving_yards,0.9003249418199853,6.527777777777779
7084,Mohamed Sanu,WR,8,22.125,17.5,19.91723948170099,receiving_yards,0.9002142138621916,4.625
8731,Jerick McKinnon,HB,40,25.6,19.0,23.043771058908405,receiving_yards,0.9001473069886096,6.600000000000001
123578,Tyler Scott,WR,13,13.307692307692308,12.0,11.946998335597492,receiving_yards,0.8977513200159964,1.3076923076923084
9559,Mike Davis,HB,18,14.61111111111111,13.5,13.11101417932486,receiving_yards,0.8973317689271767,1.1111111111111107
45791,Saquon Barkley,HB,81,19.864197530864196,16.0,17.80712854899671,receiving_yards,0.8964433887313448,3.864197530864196
28991,Richie James,WR,27,28.555555555555557,18.0,25.59497146125707,receiving_yards,0.8963219577872126,10.555555555555557
57121,Najee Harris,HB,63,19.50793650793651,16.0,17.472441910576908,receiving_yards,0.8956581288578886,3.5079365079365097
9538,Jamison Crowder,WR,29,26.448275862068964,21.0,23.684814615059867,receiving_yards,0.8955145030465922,5.448275862068964
40006,Devin Duvernay,WR,43,18.651162790697676,14.0,16.6988504322478,receiving_yards,0.8953248984871014,4.651162790697676
42683,Mecole Hardman Jr.,WR,48,29.1875,19.5,26.105886064909626,receiving_yards,0.8944200793116789,9.6875
47153,Mike Gesicki,TE,78,30.423076923076923,23.5,27.203188903389364,receiving_yards,0.8941629728042015,6.923076923076923
39967,Antoine Wesley,WR,9,23.11111111111111,19.0,20.654566350110358,receiving_yards,0.8937071978413136,4.111111111111111
60917,Charlie Kolar,TE,25,16.52,15.0,14.753869548923992,receiving_yards,0.8930913770535105,1.5199999999999996
48170,Cedrick Wilson Jr.,WR,52,26.96153846153846,21.5,24.021201042985155,receiving_yards,0.8909432626499487,5.46153846153846
47050,Jordan Akins,TE,56,21.982142857142858,17.5,19.563873079483265,receiving_yards,0.8899893521129674,4.482142857142858
51593,Keelan Cole Sr.,WR,23,25.652173913043477,24.0,22.804721791076066,receiving_yards,0.8889976291436433,1.6521739130434767
27589,Sony Michel,HB,20,8.65,8.0,7.679603882328416,receiving_yards,0.8878154777258284,0.6500000000000004
78734,Ryan Miller,WR,12,13.5,14.0,11.965860528261985,receiving_yards,0.8863600391305174,-0.5
61439,Donovan Peoples-Jones,WR,42,37.88095238095238,28.0,33.52480143514604,receiving_yards,0.8850041862200715,9.88095238095238
62890,Rondale Moore,WR,39,31.615384615384617,26.0,27.977072741626912,receiving_yards,0.8849195757692211,5.615384615384617
11865,Dede Westbrook,WR,8,8.5,9.0,7.502380574571933,receiving_yards,0.8826330087731685,-0.5
11860,James Conner,HB,54,24.01851851851852,18.0,21.136118367633024,receiving_yards,0.8799925920217296,6.018518518518519
8647,Odell Beckham Jr.,WR,42,35.214285714285715,27.5,30.97326598172871,receiving_yards,0.8795653625643041,7.714285714285715
60896,Tre' McKitty,TE,14,9.5,7.5,8.35509977844025,receiving_yards,0.8794841872042368,2.0
83955,Isaiah Likely,TE,56,31.142857142857142,25.5,27.35053835031311,receiving_yards,0.8782282956522558,5.642857142857142
162750,Omarion Hampton,HB,9,21.333333333333332,13.0,18.701604209265042,receiving_yards,0.8766376973092989,8.333333333333332
7971,Rex Burkhead,HB,27,14.444444444444445,10.0,12.644041872431254,receiving_yards,0.8753567450144715,4.444444444444445
51837,Anthony Firkser,TE,30,15.066666666666666,11.0,13.180270870884447,receiving_yards,0.8747967392179943,4.066666666666666
84288,Ronnie Bell,WR,11,10.272727272727273,10.0,8.978762822247942,receiving_yards,0.874038858802897,0.2727272727272734
97118,Kyren Williams,HB,50,16.78,14.0,14.647267628455209,receiving_yards,0.8729003354264129,2.780000000000001
8639,Sammy Watkins,WR,21,34.80952380952381,36.0,30.37041166599335,receiving_yards,0.8724742065470045,-1.1904761904761898
97400,John Metchie III,WR,39,20.333333333333332,17.0,17.73241654403674,receiving_yards,0.8720860595427906,3.333333333333332
88685,Julian Hill,TE,26,11.076923076923077,8.5,9.637107769131056,receiving_yards,0.8700166736021092,2.5769230769230766
97636,Breece Hall,HB,54,30.40740740740741,20.5,26.431483884213794,receiving_yards,0.8692449024041077,9.907407407407408
42312,Chase Claypool,WR,38,37.18421052631579,29.5,32.29664467817042,receiving_yards,0.8685580309769824,7.684210526315788
99711,Dontayvion Wicks,WR,48,28.979166666666668,25.0,25.156945306676654,receiving_yards,0.8681045109421132,3.979166666666668
122616,Ben Sinnott,TE,13,12.692307692307692,7.0,11.018050458108998,receiving_yards,0.8680888239722242,5.692307692307692
47702,DJ Chark Jr.,WR,33,37.03030303030303,26.0,32.116472456207006,receiving_yards,0.8673024476717113,11.030303030303031
10075,Adam Humphries,WR,17,22.529411764705884,19.0,19.529201363147262,receiving_yards,0.8668313920979202,3.529411764705884
60878,Noah Gray,TE,80,17.3375,14.0,15.009654066295912,receiving_yards,0.8657334717402113,3.3374999999999986
12206,Johnny Mundt,TE,47,13.063829787234043,11.0,11.29525536274095,receiving_yards,0.8646205245094863,2.0638297872340434
101701,Jameson Williams,WR,54,48.351851851851855,42.0,41.75226009356899,receiving_yards,0.8635090176379645,6.351851851851855
146567,Troy Franklin,WR,33,31.09090909090909,21.0,26.77027693679554,receiving_yards,0.8610322991366987,10.09090909090909
101106,Tre Tucker,WR,46,34.04347826086956,28.0,29.291604046771667,receiving_yards,0.8604174879639188,6.043478260869563
145159,Braelon Allen,HB,14,11.785714285714286,10.5,10.131281120512703,receiving_yards,0.8596238526495626,1.2857142857142865
83659,Dameon Pierce,HB,24,11.166666666666666,8.5,9.590151953579964,receiving_yards,0.8588195779325342,2.666666666666666
101486,Cade Stover,TE,22,11.454545454545455,11.0,9.811204832218124,receiving_yards,0.8565337551936457,0.45454545454545503
99622,RJ Harvey,HB,19,22.31578947368421,20.0,19.1138478932566,receiving_yards,0.856516768801593,2.315789473684209
84037,Payne Durham,TE,15,13.466666666666667,12.0,11.525540995462869,receiving_yards,0.8558570046135794,1.4666666666666668
11395,Jalen Richard,HB,9,8.444444444444445,4.0,7.213028336127468,receiving_yards,0.8541744082256212,4.444444444444445
61212,Amari Rodgers,WR,14,17.785714285714285,14.0,15.191994710922701,receiving_yards,0.8541683773209552,3.7857142857142847
83665,Zamir White,HB,13,11.692307692307692,9.0,9.98652938866998,receiving_yards,0.8541110661362484,2.6923076923076916
7822,Robert Woods,WR,54,32.425925925925924,28.5,27.687339148543778,receiving_yards,0.8538642570082033,3.925925925925924
77787,Chase Brown,HB,40,23.825,18.0,20.33298129161408,receiving_yards,0.8534304844329099,5.824999999999999
42345,Byron Pringle,WR,39,24.256410256410255,16.0,20.68271328621784,receiving_yards,0.8526699980576066,8.256410256410255
129799,Parker Washington,WR,34,43.411764705882355,32.0,37.010332420587,receiving_yards,0.8525415327235487,11.411764705882355
83666,James Cook,HB,60,21.566666666666666,17.0,18.367589977509866,receiving_yards,0.8516656867469798,4.566666666666666
109811,Andrei Iosivas,WR,41,25.121951219512194,21.0,21.38246375181216,receiving_yards,0.8511466153633968,4.121951219512194
144949,Keon Coleman,WR,30,34.266666666666666,26.0,29.12391283551327,receiving_yards,0.8499196352776246,8.266666666666666
84041,Daniel Bellinger,TE,45,21.244444444444444,16.0,18.04307416302791,receiving_yards,0.8493078842429456,5.244444444444444
11795,Curtis Samuel,WR,58,29.517241379310345,22.0,25.02787314898664,receiving_yards,0.8479069174306221,7.517241379310345
10741,Chris Moore,WR,46,30.565217391304348,26.5,25.82991562244836,receiving_yards,0.845075475556632,4.065217391304348
98499,Luke Musgrave,TE,33,21.939393939393938,19.0,18.540394065963433,receiving_yards,0.8450732101889411,2.9393939393939377
97156,Isaiah Williams,WR,10,19.9,24.0,16.80905840445694,receiving_yards,0.8446763017315047,-4.100000000000001
123826,Keaton Mitchell,HB,15,12.266666666666667,9.0,10.361099408478857,receiving_yards,0.8446548430825155,3.2666666666666675
57165,AJ Dillon,HB,41,18.609756097560975,13.0,15.716039655047462,receiving_yards,0.8445054074140839,5.609756097560975
57372,Trey Sermon,HB,16,8.625,8.0,7.283543093852058,receiving_yards,0.8444687645045864,0.625
47234,Mitchell Wilcox,TE,20,11.5,10.0,9.70892156187992,receiving_yards,0.8442540488591235,1.5
99197,Xavier Legette,WR,31,28.0,23.0,23.59802251602169,receiving_yards,0.842786518429346,5.0
11937,Aaron Jones,HB,74,24.16216216216216,20.0,20.312643358079253,receiving_yards,0.8406798705245329,4.162162162162161
83974,John FitzPatrick,TE,12,7.166666666666667,5.5,6.012613005301035,receiving_yards,0.8389692565536327,1.666666666666667
84423,Michael Wilson,WR,46,46.06521739130435,37.0,38.64102723152229,receiving_yards,0.8388330592968499,9.065217391304351
51842,Dan Arnold,TE,20,27.15,21.5,22.741742283854663,receiving_yards,0.8376332332911478,5.649999999999999
99248,Trey Palmer,WR,28,23.035714285714285,19.5,19.26517130463224,receiving_yards,0.8363175139995391,3.5357142857142847
11869,Samaje Perine,HB,82,17.634146341463413,15.0,14.733444104763704,receiving_yards,0.8355065121650234,2.6341463414634134
124087,Kayshon Boutte,WR,36,36.861111111111114,29.0,30.79717313351784,receiving_yards,0.835492262853536,7.861111111111114
61590,KJ Hamler,WR,9,26.555555555555557,28.0,22.147861697639748,receiving_yards,0.8340198965638398,-1.4444444444444429
98692,Jaylen Warren,HB,63,20.095238095238095,17.0,16.7541177275765,receiving_yards,0.8337357163012002,3.095238095238095
35883,Dawson Knox,TE,81,28.65432098765432,23.0,23.87004424683119,receiving_yards,0.8330347195145741,5.6543209876543195
84302,Elijah Moore,WR,67,34.17910447761194,30.0,28.46205627973385,receiving_yards,0.8327326509791125,4.1791044776119435
97108,Malik Washington,WR,28,19.285714285714285,12.5,15.992723212986453,receiving_yards,0.8292523147474458,6.785714285714285
47663,DJ Turner,WR,10,15.8,12.5,13.0877381120226,receiving_yards,0.8283378551913038,3.3000000000000007
7469,Brandon Bolden,HB,20,24.45,21.0,20.247092058913186,receiving_yards,0.8281019246999258,3.4499999999999993
82482,Scott Matlock,FB,8,5.0,4.5,4.140393356054125,receiving_yards,0.828078671210825,0.5
60859,Hunter Long,TE,18,9.222222222222221,7.0,7.604608166071222,receiving_yards,0.8245960662004941,2.2222222222222214
11792,Zay Jones,WR,55,39.54545454545455,27.0,32.53420888041919,receiving_yards,0.8227041326083014,12.545454545454547
40951,Reggie Gilliam,FB,14,9.357142857142858,8.0,7.6922252742837465,receiving_yards,0.822069876641011,1.3571428571428577
61182,Quintin Morris,TE,19,11.526315789473685,11.0,9.471409733465302,receiving_yards,0.8217204791590901,0.526315789473685
100637,Devaughn Vele,WR,23,33.391304347826086,27.0,27.402287778469724,receiving_yards,0.8206414308656298,6.391304347826086
7962,Latavius Murray,HB,33,11.090909090909092,12.0,9.091079543856564,receiving_yards,0.8196874998559196,-0.9090909090909083
29413,Jeff Wilson Jr.,HB,29,11.689655172413794,12.0,9.580871747825238,receiving_yards,0.8196025978965543,-0.3103448275862064
11799,Gerald Everett,TE,54,29.425925925925927,25.5,24.10402131317734,receiving_yards,0.819142322788909,3.9259259259259274
48135,Allen Lazard,WR,63,35.20634920634921,27.0,28.81036928593969,receiving_yards,0.8183287939649235,8.20634920634921
11047,J.D. McKissic,HB,18,31.666666666666668,29.0,25.909344214917112,receiving_yards,0.818189817313172,2.666666666666668
48369,Parker Hesse,TE,13,10.153846153846153,8.0,8.305080311132397,receiving_yards,0.8179245760963725,2.1538461538461533
57212,D'Andre Swift,HB,75,24.133333333333333,22.0,19.731531449264985,receiving_yards,0.8176048943065601,2.133333333333333
44920,Olamide Zaccheaus,WR,76,26.17105263157895,20.5,21.387465586425296,receiving_yards,0.817218393448126,5.671052631578949
48027,Jauan Jennings,WR,80,35.875,31.0,29.311670894592677,receiving_yards,0.8170500597795868,4.875
47447,Van Jefferson,WR,75,28.6,23.0,23.352758966583615,receiving_yards,0.8165300337966298,5.600000000000001
57472,Salvon Ahmed,HB,18,14.333333333333334,11.5,11.671987582140716,receiving_yards,0.8143247150330731,2.833333333333334
12270,Kendrick Bourne,WR,67,38.40298507462686,34.0,31.22695984653885,receiving_yards,0.8131388689149255,4.402985074626862
7330,Cole Beasley,WR,24,36.458333333333336,32.0,29.617825371052223,receiving_yards,0.812374638748861,4.458333333333336
83601,Jerome Ford,HB,40,16.55,16.0,13.437318871766735,receiving_yards,0.8119225904390776,0.5500000000000007
42060,Irv Smith Jr.,TE,19,15.894736842105264,14.0,12.896574639294755,receiving_yards,0.8113739011476833,1.8947368421052637
131633,Rachaad White,HB,67,22.970149253731343,19.0,18.61326518605687,receiving_yards,0.8103240854228788,3.9701492537313428
97630,Zach Charbonnet,HB,41,16.121951219512194,14.0,13.031107247565766,receiving_yards,0.8082835055222336,2.1219512195121943
52266,Colby Parkinson,TE,67,22.26865671641791,17.0,17.966789303189913,receiving_yards,0.806819626885874,5.268656716417912
45953,Josh Jacobs,HB,74,23.716216216216218,19.0,19.114306676765235,receiving_yards,0.8059593698465113,4.716216216216218
84296,Rashod Bateman,WR,66,34.515151515151516,28.0,27.74623601596464,receiving_yards,0.8038856791280361,6.515151515151516
5619,Jimmy Graham,TE,15,13.733333333333333,11.0,11.022487836021325,receiving_yards,0.8026083375743683,2.7333333333333325
78038,Alec Pierce,WR,64,45.84375,40.0,36.7860475404846,receiving_yards,0.802422304904913,5.84375
47509,Hunter Renfrow,WR,47,37.659574468085104,32.0,30.14982629969769,receiving_yards,0.8005886079580743,5.659574468085104
84029,Jeremy Ruckert,TE,38,11.657894736842104,12.0,9.32383262974723,receiving_yards,0.7997869975855412,-0.3421052631578956
8696,Allen Robinson II,WR,44,24.34090909090909,21.0,19.444546293233046,receiving_yards,0.798842238003972,3.34090909090909
66272,Malachi Corley,WR,12,7.916666666666667,8.5,6.3167646110580336,receiving_yards,0.7979071087652253,-0.583333333333333
66581,Christian Watson,WR,50,46.4,38.0,37.018473049800086,receiving_yards,0.797811919176726,8.399999999999999
11822,Alvin Kamara,HB,65,32.676923076923075,28.0,25.99225106420403,receiving_yards,0.7954314120401422,4.6769230769230745
48228,Tre'Quan Smith,WR,19,34.473684210526315,31.0,27.4172865604746,receiving_yards,0.7953106025175839,3.473684210526315
8645,Eric Ebron,TE,8,10.5,10.0,8.349508112115691,receiving_yards,0.7951912487729229,0.5
63707,Rashid Shaheed,WR,53,43.79245283018868,38.0,34.74929910226526,receiving_yards,0.7934997209909775,5.7924528301886795
9447,DeVante Parker,WR,34,42.588235294117645,42.0,33.72807269472323,receiving_yards,0.7919575080252693,0.588235294117645
8698,Jarvis Landry,WR,21,40.095238095238095,33.0,31.7315375642353,receiving_yards,0.7914041435260586,7.095238095238095
101694,Brenton Strange,TE,32,31.09375,24.5,24.600497470710863,receiving_yards,0.7911717779525101,6.59375
11028,Kalif Raymond,WR,69,32.20289855072464,29.0,25.380967690114087,receiving_yards,0.7881578625642988,3.2028985507246404
122474,Jahmyr Gibbs,HB,51,31.235294117647058,30.0,24.5947866307428,receiving_yards,0.7874037151085266,1.235294117647058
9502,Tyler Lockett,WR,84,48.0,40.0,37.75028923530783,receiving_yards,0.7864643590689132,8.0
8655,Brandin Cooks,WR,71,43.04225352112676,37.0,33.81311521530337,receiving_yards,0.7855795747010927,6.04225352112676
11872,Josh Reynolds,WR,54,35.370370370370374,28.5,27.785089184530488,receiving_yards,0.7855470240652598,6.870370370370374
131905,Jalen McMillan,WR,18,37.77777777777778,33.5,29.61230975268375,receiving_yards,0.7838552581592757,4.277777777777779
12020,Ricky Seals-Jones,TE,11,24.636363636363637,19.0,19.288715495194218,receiving_yards,0.7829367913178464,5.636363636363637
44771,Russell Gage,WR,27,44.666666666666664,39.0,34.930700625006736,receiving_yards,0.7820306110076135,5.666666666666664
30762,Will Dissly,TE,62,21.70967741935484,19.0,16.958374397014527,receiving_yards,0.7811435457763006,2.70967741935484
26075,Michael Gallup,WR,42,34.19047619047619,35.5,26.692684752192072,receiving_yards,0.7807052643398795,-1.3095238095238102
47940,Parris Campbell,WR,33,27.848484848484848,22.0,21.73436393726708,receiving_yards,0.7804505004676972,5.848484848484848
7808,DeAndre Hopkins,WR,72,46.041666666666664,38.5,35.85826461005985,receiving_yards,0.7788220367795805,7.541666666666664
60864,Jake Tonges,TE,12,30.5,26.0,23.74677011530391,receiving_yards,0.7785826267312758,4.5
40341,Zack Moss,HB,35,17.571428571428573,15.0,13.666803306005468,receiving_yards,0.7777855540003111,2.571428571428573
48080,Trenton Irwin,WR,27,22.77777777777778,17.0,17.644640357154728,receiving_yards,0.7746427473872807,5.777777777777779
123126,Bijan Robinson,HB,50,34.76,30.0,26.904638853490205,receiving_yards,0.7740114744962661,4.759999999999998
11762,Mike Williams,WR,47,55.851063829787236,39.0,43.226893160646235,receiving_yards,0.7739672299239516,16.851063829787236
143068,Jalen Coker,WR,23,43.73913043478261,36.0,33.82336119970707,receiving_yards,0.7732975224585116,7.739130434782609
122676,Tre Harris,WR,17,20.235294117647058,18.0,15.634614688907055,receiving_yards,0.7726408421843604,2.235294117647058
123470,Mitchell Tinsley,WR,8,14.5,14.5,11.199489784296937,receiving_yards,0.7723786058135819,0.0
41193,Darrell Henderson,HB,24,17.666666666666668,16.5,13.617976184526055,receiving_yards,0.7708288406335503,1.1666666666666679
62979,Joshua Palmer,WR,69,37.98550724637681,31.0,29.22000360028523,receiving_yards,0.7692408425866772,6.985507246376812
34045,Kendall Hinton,WR,21,23.142857142857142,20.0,17.799678969817727,receiving_yards,0.7691219307945931,3.1428571428571423
146771,Jack Bech,WR,11,20.363636363636363,19.0,15.64782877764661,receiving_yards,0.7684201631880032,1.3636363636363633
124305,De'Von Achane,HB,44,29.40909090909091,26.0,22.401534604636044,receiving_yards,0.7617214239598037,3.40909090909091
47124,Tyler Conklin,TE,73,31.726027397260275,26.0,24.098905158379548,receiving_yards,0.7595941608642949,5.726027397260275
7912,Kyle Juszczyk,FB,67,17.507462686567163,12.0,13.288606573927037,receiving_yards,0.7590252689284839,5.5074626865671625
25578,Darius Slayton,WR,75,40.48,33.0,30.720342762727427,receiving_yards,0.7589017480910926,7.479999999999997
157122,Mason Taylor,TE,13,28.384615384615383,21.0,21.426379619285747,receiving_yards,0.7548589025764627,7.384615384615383
48297,N'Keal Harry,WR,15,20.0,15.0,15.071259308460496,receiving_yards,0.7535629654230248,5.0
143786,Shane Zylstra,TE,11,12.363636363636363,16.0,9.29809364625596,receiving_yards,0.7520516919765851,-3.6363636363636367
47043,Foster Moreau,TE,60,24.3,20.0,18.25645927020751,receiving_yards,0.7512946201731486,4.300000000000001
158540,Colston Loveland,TE,18,50.333333333333336,39.0,37.65946486764844,receiving_yards,0.7482012887612273,11.333333333333336
34001,Ronald Jones,HB,9,9.555555555555555,9.0,7.125852775477317,receiving_yards,0.7457287788290216,0.5555555555555554
42873,Avery Williams,HB,10,6.1,6.5,4.532597979574677,receiving_yards,0.7430488491106029,-0.40000000000000036
111284,Jalen Brooks,WR,17,17.176470588235293,17.0,12.743798953401056,receiving_yards,0.7419335007117054,0.1764705882352935
145055,Emeka Egbuka,WR,17,55.1764705882353,40.0,40.875168645091925,receiving_yards,0.7408079605187236,15.176470588235297
61081,Jake Ferguson,TE,61,35.34426229508197,32.0,26.118885406222592,receiving_yards,0.7389851622354259,3.3442622950819683
48236,Darnell Mooney,WR,73,46.534246575342465,41.0,34.31475314066856,receiving_yards,0.7374085897170458,5.534246575342465
11778,Evan Engram,TE,78,39.91025641025641,34.0,29.42575331873355,receiving_yards,0.7372980272602688,5.910256410256409
11803,Joe Mixon,HB,67,24.208955223880597,23.0,17.846599976188344,receiving_yards,0.7371900113468675,1.2089552238805972
47294,Hayden Hurst,TE,44,23.477272727272727,21.0,17.305045152724787,receiving_yards,0.7370977606194489,2.4772727272727266
8288,Adam Thielen,WR,73,45.64383561643836,43.0,33.643296287428704,receiving_yards,0.73708302190345,2.643835616438359
11784,David Njoku,TE,68,42.294117647058826,36.0,31.160182602270616,receiving_yards,0.7367497972720451,6.294117647058826
57185,Travis Etienne Jr.,HB,66,21.46969696969697,18.0,15.793104334555148,receiving_yards,0.73559977846199,3.469696969696969
78874,Tank Dell,WR,24,57.333333333333336,52.0,42.089621427188646,receiving_yards,0.7341213039625927,5.333333333333336
9437,Amari Cooper,WR,65,61.323076923076925,55.0,44.97711490730164,receiving_yards,0.7334451753574025,6.3230769230769255
9448,Melvin Gordon III,HB,26,18.53846153846154,16.0,13.547636751052249,receiving_yards,0.730785384911532,2.53846153846154
104034,Tucker Kraft,TE,38,42.13157894736842,35.0,30.761656593208105,receiving_yards,0.7301330109568446,7.131578947368418
7158,Marvin Jones Jr.,WR,39,37.05128205128205,33.0,27.003848378711858,receiving_yards,0.7288235894600432,4.051282051282051
45719,David Montgomery,HB,66,19.87878787878788,18.0,14.473865202245527,receiving_yards,0.7281060238934488,1.878787878787879
78171,Jayden Reed,WR,42,47.166666666666664,42.0,34.32976143705638,receiving_yards,0.7278394650966018,5.166666666666664
147787,Cam Skattebo,HB,8,25.875,16.0,18.80302027410946,receiving_yards,0.7266867738786265,9.875
66438,Brandon Zylstra,WR,9,27.77777777777778,24.0,20.148063044482576,receiving_yards,0.7253302696013727,3.7777777777777786
60995,Cole Kmet,TE,81,33.666666666666664,29.0,24.407990494917847,receiving_yards,0.7249898166807281,4.666666666666664
10715,Austin Hooper,TE,80,22.325,19.0,16.10234278103577,receiving_yards,0.7212695534618486,3.3249999999999993
28305,Juwan Johnson,TE,73,33.863013698630134,31.0,24.400202110099386,receiving_yards,0.7205561302739706,2.8630136986301338
144800,Pat Bryant,WR,14,29.428571428571427,31.5,21.18313656485448,receiving_yards,0.7198153201649581,-2.071428571428573
123000,Jordan Addison,WR,47,51.59574468085106,44.0,37.1346899662555,receiving_yards,0.7197238880057767,7.5957446808510625
61103,Jerry Jeudy,WR,75,53.89333333333333,51.0,38.69477698302144,receiving_yards,0.717988192411333,2.893333333333331
61071,Cade Otton,TE,63,35.92063492063492,29.0,25.70885474877478,receiving_yards,0.7157127040091963,6.920634920634917
84140,Khalil Shakir,WR,65,43.215384615384615,42.0,30.908378873945896,receiving_yards,0.7152170262750029,1.2153846153846146
101735,Wan'Dale Robinson,WR,54,45.648148148148145,38.0,32.55715288616481,receiving_yards,0.7132195764109127,7.648148148148145
83964,Kyle Pitts,TE,78,45.88461538461539,40.0,32.63094729361563,receiving_yards,0.711152246130768,5.884615384615387
9207,Cameron Brate,TE,28,16.607142857142858,12.0,11.783036412145517,receiving_yards,0.7095161710539236,4.607142857142858
11760,Corey Davis,WR,22,46.72727272727273,43.0,33.08313024025245,receiving_yards,0.7080047327680485,3.7272727272727266
10689,Tyler Boyd,WR,70,40.65714285714286,36.0,28.688171432216166,receiving_yards,0.7056120872294911,4.657142857142858
131705,Trey Benson,HB,9,13.666666666666666,9.0,9.59166304662544,receiving_yards,0.7018290034116176,4.666666666666666
9518,Tyler Kroft,TE,13,17.692307692307693,14.0,12.405540532255573,receiving_yards,0.7011827257361846,3.6923076923076934
104155,Demario Douglas,WR,49,34.95918367346939,33.0,24.49486271281649,receiving_yards,0.7006703286211372,1.95918367346939
144718,Xavier Worthy,WR,33,44.15151515151515,42.0,30.8991516996434,receiving_yards,0.6998435182486151,2.1515151515151487
84085,Pat Freiermuth,TE,78,36.02564102564103,31.0,25.172637360071576,receiving_yards,0.6987422470055454,5.025641025641029
48274,Deebo Samuel,WR,82,58.98780487804878,53.0,41.07009783117995,receiving_yards,0.6962472652794617,5.987804878048777
150240,Jayden Higgins,WR,19,32.78947368421053,32.0,22.81709628854942,receiving_yards,0.695866499971812,0.7894736842105274
122624,Deuce Vaughn,HB,8,7.25,7.0,5.035587637718448,receiving_yards,0.6945638120990963,0.25
109374,Jackson Hawes,TE,13,14.384615384615385,15.0,9.971112120675253,receiving_yards,0.6931789174800977,-0.615384615384615
42388,Noah Fant,TE,74,32.013513513513516,27.5,22.15604264850293,receiving_yards,0.6920840675344941,4.513513513513516
129433,AJ Barner,TE,32,25.96875,23.5,17.968582572852522,receiving_yards,0.6919309775346338,2.46875
73774,Rome Odunze,WR,31,47.83870967741935,40.0,32.878662558153174,receiving_yards,0.687281550440154,7.838709677419352
99467,Roschon Johnson,HB,18,17.38888888888889,12.5,11.926928941975302,receiving_yards,0.6858936771742985,4.888888888888889
147486,Mitchell Evans,TE,12,14.25,14.5,9.771247245222726,receiving_yards,0.6857015610682615,-0.25
11901,George Kittle,TE,81,59.49382716049383,54.0,40.73638528907239,receiving_yards,0.6847161669256824,5.493827160493829
77885,James Mitchell,TE,13,13.0,12.0,8.86942313043338,receiving_yards,0.6822633177256446,1.0
84329,Romeo Doubs,WR,63,44.36507936507937,37.0,30.194157513954096,receiving_yards,0.680583872407552,7.365079365079367
129423,Tip Reiman,TE,8,6.875,8.0,4.67325215607779,receiving_yards,0.6797457681567696,-1.125
10669,Hunter Henry,TE,83,37.53012048192771,33.0,25.509126702167958,receiving_yards,0.6796974370080066,4.53012048192771
66924,Tanner Hudson,TE,37,21.783783783783782,18.0,14.78575728931794,receiving_yards,0.6787506447949924,3.7837837837837824
8755,Logan Thomas,TE,34,29.852941176470587,31.0,20.124058198088957,receiving_yards,0.674106382990172,-1.147058823529413
40912,T.J. Hockenson,TE,71,49.901408450704224,48.0,33.39382104075862,receiving_yards,0.6691959621489872,1.9014084507042242
145059,TreVeyon Henderson,HB,16,15.875,14.5,10.588515791491584,receiving_yards,0.6669931207238793,1.375
9519,David Johnson,HB,15,18.133333333333333,16.0,12.076344448470126,receiving_yards,0.6659748776729849,2.133333333333333
48267,DJ Moore,WR,87,59.45977011494253,54.0,39.56590163309262,receiving_yards,0.6654230508561876,5.459770114942529
10744,Tyler Higbee,TE,67,34.82089552238806,35.0,23.108391085920026,receiving_yards,0.6636357491455817,-0.17910447761194348
45859,Travis Homer,HB,16,20.5625,22.0,13.638028938718868,receiving_yards,0.6632476079620119,-1.4375
84345,Kevin Austin Jr.,WR,13,22.384615384615383,18.0,14.801680431280213,receiving_yards,0.6612434556929305,4.384615384615383
84000,Chigoziem Okonkwo,TE,65,31.03076923076923,33.0,20.444260526160843,receiving_yards,0.6588383412000272,-1.9692307692307693
47436,Mark Andrews,TE,80,50.2875,46.0,33.058135883640894,receiving_yards,0.6573827667639253,4.287500000000001
86519,Drake London,WR,62,63.88709677419355,55.0,41.9172114728856,receiving_yards,0.6561138882400673,8.887096774193552
144726,Gunnar Helm,TE,16,22.3125,19.5,14.590950391709695,receiving_yards,0.6539361520093981,2.8125
62942,Ty Chandler,HB,14,15.142857142857142,11.5,9.898384816626496,receiving_yards,0.6536669218526932,3.6428571428571423
129758,Jaxon Smith-Njigba,WR,54,69.44444444444444,63.0,45.15953551354068,receiving_yards,0.6502973113949858,6.444444444444443
61441,Nico Collins,WR,71,66.69014084507042,58.0,43.27539437776746,receiving_yards,0.648902428895774,8.690140845070417
47272,Dallas Goedert,TE,76,48.85526315789474,42.5,31.68920066199985,receiving_yards,0.6486343254274141,6.35526315789474
5606,Emmanuel Sanders,WR,16,42.375,32.0,27.400425787445958,receiving_yards,0.6466177176978397,10.375
52286,Tucker Fisk,TE,13,7.230769230769231,7.0,4.675358206487965,receiving_yards,0.6465920923866334,0.23076923076923084
11759,Leonard Fournette,HB,32,32.46875,32.5,20.93613079297713,receiving_yards,0.6448086480993919,-0.03125
84068,Greg Dulcich,TE,23,34.73913043478261,31.0,22.39971061360219,receiving_yards,0.64479767723761,3.7391304347826093
99229,George Pickens,WR,66,66.77272727272727,59.5,42.82766735311522,receiving_yards,0.6413946097811674,7.272727272727266
61568,Marquise Brown,WR,62,48.693548387096776,43.5,31.155658228667797,receiving_yards,0.6398313382502164,5.193548387096776
129787,Theo Johnson,TE,25,34.36,33.0,21.98272048678234,receiving_yards,0.6397764984511741,1.3599999999999994
145056,Marvin Harrison Jr.,WR,29,51.48275862068966,47.0,32.49134026349524,receiving_yards,0.6311110968796797,4.482758620689658
12164,Austin Ekeler,HB,64,35.953125,35.5,22.42548839517001,receiving_yards,0.6237423977796092,0.453125
10799,Tyreek Hill,WR,76,84.05263157894737,74.0,52.36790231604141,receiving_yards,0.6230370344425715,10.05263157894737
48164,Courtland Sutton,WR,84,55.05952380952381,58.5,34.28208678696946,receiving_yards,0.6226368194822561,-3.44047619047619
91791,Dalton Kincaid,TE,48,41.208333333333336,37.5,25.652305552169068,receiving_yards,0.6225028647644667,3.7083333333333357
47546,Christian Kirk,WR,70,54.857142857142854,51.5,34.14813667091131,receiving_yards,0.6224920747301542,3.357142857142854
47304,Dalton Schultz,TE,90,41.833333333333336,38.0,26.011773479533495,receiving_yards,0.6217953819808804,3.8333333333333357
11824,Cooper Kupp,WR,76,73.03947368421052,62.5,45.29501541066777,receiving_yards,0.6201443291678528,10.53947368421052
5567,Rob Gronkowski,TE,14,65.57142857142857,60.0,40.55331587640434,receiving_yards,0.618460154977844,5.571428571428569
122832,Josh Downs,WR,47,45.53191489361702,40.0,28.083610463903174,receiving_yards,0.6167895756090884,5.531914893617021
124030,Ladd McConkey,WR,34,63.73529411764706,54.0,39.270861141046524,receiving_yards,0.616155643191316,9.735294117647058
48262,Calvin Ridley,WR,46,56.891304347826086,52.0,34.88153173297651,receiving_yards,0.6131258921348566,4.891304347826086
7816,Zach Ertz,TE,68,39.55882352941177,38.0,24.17682518874633,receiving_yards,0.6111613802359667,1.558823529411768
75916,Trey McBride,TE,59,58.898305084745765,55.0,35.94473483828993,receiving_yards,0.610284706606937,3.8983050847457648
7092,T.Y. Hilton,WR,15,32.666666666666664,26.0,19.721875695591965,receiving_yards,0.6037308886405705,6.666666666666664
61211,Tee Higgins,WR,74,67.43243243243244,61.5,40.23223034316868,receiving_yards,0.5966302696181327,5.932432432432435
52595,Erick All,TE,8,19.75,23.0,11.78073487884836,receiving_yards,0.5964929052581448,-3.25
84270,Ja'Marr Chase,WR,85,87.3529411764706,81.0,51.9039189919479,receiving_yards,0.5941862780222992,6.352941176470594
61100,DeVonta Smith,WR,90,63.15555555555556,60.0,37.479555808740244,receiving_yards,0.593448279870975,3.1555555555555586
48327,A.J. Brown,WR,84,75.94047619047619,69.5,45.03635778637163,receiving_yards,0.5930481351395543,6.44047619047619
84109,Brandon Aiyuk,WR,65,60.76923076923077,55.0,35.96255397578902,receiving_yards,0.5917888628927308,5.7692307692307665
97268,Zay Flowers,WR,52,63.15384615384615,62.5,36.82464254602526,receiving_yards,0.5830942181465631,0.6538461538461533
33441,Diontae Johnson,WR,60,53.81666666666667,53.0,31.05243878992856,receiving_yards,0.5770041274065387,0.81666666666667
8642,Mike Evans,WR,76,70.94736842105263,67.0,40.90831854666958,receiving_yards,0.5766009290702685,3.94736842105263
84088,Jaylen Waddle,WR,80,63.925,54.0,36.845821431500546,receiving_yards,0.576391418560822,9.924999999999997
7857,Keenan Allen,WR,73,64.93150684931507,58.0,37.30033093654327,receiving_yards,0.5744565734952866,6.93150684931507
57136,Eno Benjamin,HB,15,17.4,20.0,9.969954864491614,receiving_yards,0.5729859117523917,-2.6000000000000014
9637,Darren Waller,TE,40,49.1,46.0,28.09398147062454,receiving_yards,0.5721788486888908,3.1000000000000014
8688,Davante Adams,WR,82,77.3170731707317,72.0,44.129684880182516,receiving_yards,0.5707624858320136,5.317073170731703
5012,Jared Cook,TE,16,35.25,28.5,19.726462767899704,receiving_yards,0.5596159650468001,6.75
11763,Christian McCaffrey,HB,69,44.0,40.0,24.478081431930796,receiving_yards,0.5563200325438817,4.0
7844,Travis Kelce,TE,94,66.04255319148936,65.5,36.5595448589399,receiving_yards,0.5535755825934844,0.5425531914893611
101690,Sam LaPorta,TE,46,50.67391304347826,49.5,27.947613174036956,receiving_yards,0.5515187498951952,1.173913043478258
157263,Elic Ayomanor,WR,16,32.1875,33.0,17.675665946907536,receiving_yards,0.5491469032048943,-0.8125
9579,Stefon Diggs,WR,85,67.58823529411765,66.0,37.10547839080698,receiving_yards,0.5489931528665958,1.588235294117652
61398,Justin Jefferson,WR,80,89.8125,82.0,49.13558965644022,receiving_yards,0.5470907686172884,7.8125
77975,A.T. Perry,WR,8,30.75,34.5,16.816233653399156,receiving_yards,0.5468693871024116,-3.75
163104,Harold Fannin Jr.,TE,16,45.6875,41.5,24.98457857692754,receiving_yards,0.5468580810271417,4.1875
29049,Michael Pittman Jr.,WR,82,57.9390243902439,57.0,31.40706359214244,receiving_yards,0.5420709775953862,0.939024390243901
97405,Garrett Wilson,WR,58,62.827586206896555,58.5,33.84232683045679,receiving_yards,0.5386539396724735,4.327586206896555
47864,D.K. Metcalf,WR,82,62.792682926829265,55.0,33.76488708881529,receiving_yards,0.5377200895868818,7.792682926829265
146759,Malik Nabers,WR,19,77.63157894736842,69.0,41.681611354963216,receiving_yards,0.5369156716910516,8.631578947368425
97432,Bam Knight,HB,15,17.866666666666667,18.0,9.523404753303206,receiving_yards,0.533026385446075,-0.13333333333333286
84355,Chris Olave,WR,55,67.81818181818181,62.0,35.959900974759066,receiving_yards,0.5302398267055627,5.818181818181813
146760,Brian Thomas Jr.,WR,32,62.8125,57.5,32.784179406458215,receiving_yards,0.5219371845804293,5.3125
100632,Puka Nacua,WR,50,96.9,96.0,50.03070485783134,receiving_yards,0.5163127436308703,0.9000000000000057
158735,Tetairoa McMillan,WR,18,60.833333333333336,61.0,31.31857182529993,receiving_yards,0.5148258382241084,-0.1666666666666643
11839,Chris Godwin,WR,65,65.47692307692307,61.0,33.6164523021781,receiving_yards,0.5134091634496185,4.476923076923072
129798,Tyler Warren,TE,17,48.05882352941177,44.0,24.45524122819916,receiving_yards,0.5088605885916594,4.058823529411768
146715,Brock Bowers,TE,29,64.62068965517241,55.0,32.75712985977627,receiving_yards,0.5069139626112656,9.620689655172413
97605,Rashee Rice,WR,31,66.41935483870968,59.0,33.60433919753855,receiving_yards,0.5059419694626979,7.41935483870968
84470,Amon-Ra St. Brown,WR,85,78.38823529411765,75.0,39.47606089459156,receiving_yards,0.503596754621084,3.3882352941176492
48229,Terry McLaurin,WR,81,63.592592592592595,60.0,31.966301701079598,receiving_yards,0.5026733523175009,3.5925925925925952
61570,CeeDee Lamb,WR,82,82.89024390243902,77.0,40.816967573731965,receiving_yards,0.4924218539129059,5.890243902439025
158290,LeQuint Allen,HB,10,6.3,6.5,2.8303906287138374,receiving_yards,0.4492683537641012,-0.20000000000000018
47468,Jakobi Meyers,WR,79,55.58227848101266,50.0,24.733247422756683,receiving_yards,0.44498441047546755,5.582278481012658
10681,Michael Thomas,WR,13,47.61538461538461,53.0,20.766713997558938,receiving_yards,0.43613454275971925,-5.384615384615387
76366,Johnny Wilson,WR,10,0.5,0.0,0.9718253158075502,receptions,1.9436506316151003,0.5
38275,Juwann Winfree,WR,9,1.0,0.0,1.5000000000000002,receptions,1.5000000000000002,1.0
7618,Josh Gordon,WR,10,0.5,0.0,0.7071067811865476,receptions,1.4142135623730951,0.5
95015,Gunner Olszewski,WR,12,1.5,1.0,2.1105794120443453,receptions,1.407052941362897,0.5
77881,Blake Whiteheart,TE,12,0.6666666666666666,0.5,0.8876253645985945,receptions,1.331438046897892,0.16666666666666663
40411,Stephen Sullivan,TE,16,0.875,1.0,1.1474609652039003,receptions,1.3113839602330288,-0.125
143358,Mike Strachan,WR,9,0.6666666666666666,0.0,0.8660254037844386,receptions,1.299038105676658,0.6666666666666666
8692,Carlos Hyde,HB,8,1.5,1.0,1.927248223318863,receptions,1.284832148879242,0.5
34914,Lawrence Cager,TE,11,1.7272727272727273,1.0,2.195035721390843,receptions,1.2708101544894355,0.7272727272727273
48037,James Proche II,WR,23,1.434782608695652,1.0,1.7535959666437562,receptions,1.2222032494789816,0.4347826086956521
48017,Keith Kirkwood,WR,13,0.7692307692307693,1.0,0.9268086959962983,receptions,1.2048513047951879,-0.23076923076923073
9883,Jake Kumerow,WR,8,0.75,0.5,0.8864052604279183,receptions,1.1818736805705579,0.25
50714,Jason Cabinda,FB,10,0.6,0.5,0.6992058987801011,receptions,1.165343164633502,0.09999999999999998
47808,Collin Johnson,WR,10,1.3,1.0,1.494434118097326,receptions,1.1495647062287122,0.30000000000000004
45747,Royce Freeman,HB,12,1.4166666666666667,1.0,1.6213537179739277,receptions,1.1444849773933607,0.41666666666666674
146712,Adonai Mitchell,WR,33,1.696969696969697,1.0,1.9281605302212337,receptions,1.1362374553089412,0.696969696969697
84135,Anthony Schwartz,WR,18,0.7777777777777778,1.0,0.8782037520219095,receptions,1.129119109742455,-0.2222222222222222
11107,Alex Erickson,WR,12,1.5833333333333333,1.0,1.781640374554423,receptions,1.1252465523501618,0.5833333333333333
29539,Justin Jackson,HB,21,1.619047619047619,1.0,1.8021151593666394,receptions,1.1130711278441008,0.6190476190476191
48078,Malik Turner,WR,9,1.4444444444444444,1.0,1.5898986690282428,receptions,1.1006990785580142,0.4444444444444444
124282,Jalin Hyatt,WR,28,1.2857142857142858,1.0,1.4104672946998769,receptions,1.0970301180999043,0.2857142857142858
11774,O.J. Howard,TE,22,1.1818181818181819,1.0,1.2960145368218983,receptions,1.0966276850031447,0.18181818181818188
84005,Luke Schoonmaker,TE,36,1.3888888888888888,1.0,1.498147003616282,receptions,1.0786658426037232,0.38888888888888884
61610,Bo Melton,WR,20,1.55,1.0,1.669383750149485,receptions,1.0770217742899904,0.55
77888,Will Mallory,TE,18,1.2777777777777777,1.0,1.3636264606493256,receptions,1.0671859257255591,0.2777777777777777
44889,Khari Blasingame,FB,10,0.5,0.5,0.5270462766947299,receptions,1.0540925533894598,0.0
84037,Payne Durham,TE,15,1.2,1.0,1.2649110640673518,receptions,1.0540925533894598,0.19999999999999996
77745,Jaret Patterson,HB,8,1.625,1.0,1.6850180160122068,receptions,1.0369341636998195,0.625
48055,Jeff Smith,WR,15,1.0666666666666667,1.0,1.0997835284835873,receptions,1.031047057953363,0.06666666666666665
11898,Marlon Mack,HB,8,1.25,1.0,1.2817398889233114,receptions,1.0253919111386491,0.25
11074,Marcus Johnson,WR,12,1.5833333333333333,1.0,1.621353717973928,receptions,1.0240128745098493,0.5833333333333333
61361,Lynn Bowden Jr.,WR,8,1.375,1.0,1.407885953173359,receptions,1.023917056853352,0.375
34579,David Sills V,WR,23,1.3478260869565217,1.0,1.3687650589349747,receptions,1.015535366306594,0.34782608695652173
128374,Kyle Williams,WR,14,0.8571428571428571,1.0,0.8644378215075663,receptions,1.0085107917588274,-0.1428571428571429
7818,Giovani Bernard,HB,13,2.3076923076923075,2.0,2.323238235187235,receptions,1.0067365685811351,0.3076923076923075
172430,Isaac TeSlaa,WR,13,1.2307692307692308,1.0,1.2351684199496948,receptions,1.003574341209127,0.23076923076923084
55123,Zavier Scott,HB,8,1.75,1.0,1.752549163769328,receptions,1.0014566650110446,0.75
47908,Cam Sims,WR,23,1.0,1.0,1.0,receptions,1.0,0.0
60509,Jelani Woods,TE,13,2.0,1.0,2.0,receptions,1.0,1.0
84036,Teagan Quitoriano,TE,9,1.0,1.0,1.0,receptions,1.0,0.0
57372,Trey Sermon,HB,16,1.375,1.0,1.360147050873544,receptions,0.9891978551807593,0.375
84330,Cole Turner,TE,11,1.1818181818181819,1.0,1.1677484162422844,receptions,0.9880948137434714,0.18181818181818188
45866,Ke'Shawn Vaughn,HB,12,0.9166666666666666,1.0,0.90033663737852,receptions,0.9821854225947492,-0.08333333333333337
7859,Marquise Goodwin,WR,35,1.457142857142857,1.0,1.4213261649694944,receptions,0.9754199171359276,0.4571428571428571
42196,Kenny Yeboah,TE,10,0.9,1.0,0.8755950357709131,receptions,0.9728833730787924,-0.09999999999999998
61522,Jaelon Darden,WR,10,0.9,1.0,0.8755950357709131,receptions,0.9728833730787924,-0.09999999999999998
27948,Ben Skowronek,WR,42,1.6666666666666667,1.0,1.6179883123378205,receptions,0.9707929874026923,0.6666666666666667
9509,Chris Conley,WR,28,1.3214285714285714,1.0,1.2781227967601092,receptions,0.9672280624130556,0.3214285714285714
97116,Skyy Moore,WR,38,1.394736842105263,1.0,1.3464562835349831,receptions,0.9653837504590446,0.39473684210526305
124039,Arian Smith,WR,10,0.7,1.0,0.6749485577105528,receptions,0.9642122253007899,-0.30000000000000004
109617,Mason Tipton,WR,14,1.7857142857142858,1.0,1.7177163475234933,receptions,0.9619211546131562,0.7857142857142858
47961,Braxton Berrios,WR,47,2.0638297872340425,2.0,1.971583509673169,receptions,0.9553033500478242,0.06382978723404253
146563,Terrance Ferguson,TE,12,1.0,1.0,0.9534625892455925,receptions,0.9534625892455925,0.0
9786,Eric Tomlinson,TE,12,1.0,1.0,0.9534625892455924,receptions,0.9534625892455924,0.0
123153,Ja'Lynn Polk,WR,12,1.0,1.0,0.9534625892455924,receptions,0.9534625892455924,0.0
42266,Sean McKeon,TE,8,0.75,1.0,0.7071067811865476,receptions,0.9428090415820635,-0.25
84271,Terrace Marshall Jr.,WR,35,1.9142857142857144,1.0,1.804755622554715,receptions,0.9427827879017168,0.9142857142857144
61643,Shi Smith,WR,19,1.4736842105263157,1.0,1.3891812557774845,receptions,0.9426587092775789,0.4736842105263157
61697,Jalen Reagor,WR,43,1.302325581395349,1.0,1.2254228370518097,receptions,0.9409496784504966,0.30232558139534893
123974,Tank Bigsby,HB,17,0.6470588235294118,1.0,0.6063390625908325,receptions,0.9370694603676502,-0.3529411764705882
11927,Isaiah McKenzie,WR,33,2.393939393939394,2.0,2.2352208215771703,receptions,0.9336998368613496,0.39393939393939403
9459,Breshad Perriman,WR,14,1.5,1.0,1.400549342771779,receptions,0.9336995618478526,0.5
9527,Ty Montgomery,WR,13,1.6153846153846154,1.0,1.5021352323976214,receptions,0.9298932391032894,0.6153846153846154
84463,Kyle Philips,WR,12,1.9166666666666667,1.0,1.7816403745544227,receptions,0.9295514997675248,0.9166666666666667
51842,Dan Arnold,TE,20,2.2,1.0,2.0416711421361615,receptions,0.9280323373346188,1.2000000000000002
12303,Zach Pascal,WR,38,1.5789473684210527,1.0,1.4636418655766046,receptions,0.9269731815318496,0.5789473684210527
47311,Kendall Blanton,TE,8,1.625,1.0,1.5059406173077154,receptions,0.9267326875739788,0.625
11929,Eric Saubert,TE,33,1.2424242424242424,1.0,1.1464702086813854,receptions,0.9227687045484322,0.24242424242424243
12078,Mo Alie-Cox,TE,65,1.2461538461538462,1.0,1.1460634966970802,receptions,0.9196805837692619,0.24615384615384617
129604,Roman Wilson,WR,9,1.3333333333333333,1.0,1.2247448713915892,receptions,0.9185586535436919,0.33333333333333326
91824,Michael Bandy,WR,9,1.5555555555555556,1.0,1.4240006242195884,receptions,0.9154289727125925,0.5555555555555556
146547,Dont'e Thornton Jr.,WR,11,0.9090909090909091,1.0,0.8312094145936335,receptions,0.9143303560529968,-0.09090909090909094
146771,Jack Bech,WR,11,1.8181818181818181,2.0,1.662418829187267,receptions,0.9143303560529968,-0.18181818181818188
9964,Damiere Byrd,WR,23,1.6956521739130435,1.0,1.5502135515263595,receptions,0.9142285047463146,0.6956521739130435
97989,David Bell,WR,25,1.96,1.0,1.7907168024751057,receptions,0.9136310216709723,0.96
84006,Brevyn Spann-Ford,TE,16,1.125,1.0,1.02469507659596,receptions,0.9108400680852977,0.125
143933,Elijah Arroyo,TE,12,1.25,1.0,1.1381803659589922,receptions,0.9105442927671937,0.25
26448,Freddie Swain,WR,19,1.5263157894736843,1.0,1.3891812557774843,receptions,0.9101532365438689,0.5263157894736843
47481,Scott Miller,WR,36,1.6111111111111112,1.0,1.4595063309758989,receptions,0.9059004812953855,0.6111111111111112
8520,Jack Doyle,TE,15,1.9333333333333333,1.0,1.751190071541826,receptions,0.9057879680388755,0.9333333333333333
163772,Dylan Sampson,HB,13,2.5384615384615383,2.0,2.2954805094425805,receptions,0.9042802006895014,0.5384615384615383
52195,Austin Trammell,WR,10,1.1,1.0,0.9944289260117533,receptions,0.9040262963743211,0.10000000000000009
91479,Ashton Dulin,WR,30,1.1666666666666667,1.0,1.0531834608931394,receptions,0.902728680765548,0.16666666666666674
123709,Tez Johnson,WR,15,1.8666666666666667,1.0,1.6846647257229665,receptions,0.9024989602087321,0.8666666666666667
11254,Robbie Chosen,WR,38,2.1842105263157894,1.0,1.970803967624665,receptions,0.9022957924064732,1.1842105263157894
47792,James Washington,WR,17,1.5294117647058822,1.0,1.3746657347707991,receptions,0.8988199035039841,0.5294117647058822
12329,Dare Ogunbowale,HB,43,1.5348837209302326,1.0,1.3688513991021523,receptions,0.8918274266877658,0.5348837209302326
9462,Phillip Dorsett,WR,21,1.2857142857142858,1.0,1.1464230084422218,receptions,0.8916623398995057,0.2857142857142858
60492,Stone Smartt,TE,24,1.5833333333333333,1.0,1.4116492564332,receptions,0.8915679514314947,0.5833333333333333
12112,Taysom Hill,TE,37,2.054054054054054,1.0,1.82491926679794,receptions,0.8884475377832076,1.054054054054054
6216,Randall Cobb,WR,34,1.9705882352941178,2.0,1.749204046133244,receptions,0.8876557846049298,-0.02941176470588225
138351,Andrew Ogletree,TE,25,0.88,1.0,0.7810249675906655,receptions,0.8875283722621199,-0.12
55632,DeeJay Dallas,HB,26,1.8076923076923077,1.0,1.6004806970215109,receptions,0.8853723004799847,0.8076923076923077
124173,Malik Heath,WR,23,1.3478260869565217,1.0,1.1912062508297252,receptions,0.8837981860994736,0.34782608695652173
61324,Ihmir Smith-Marsette,WR,12,1.1666666666666667,1.0,1.0298573010888745,receptions,0.8827348295047496,0.16666666666666674
77763,Emari Demercado,HB,27,1.8518518518518519,1.0,1.6338652543939083,receptions,0.8822872373727104,0.8518518518518519
47800,Denzel Mims,WR,19,1.0,1.0,0.8819171036881969,receptions,0.8819171036881969,0.0
11160,Stephen Anderson,TE,16,1.1875,1.0,1.0468205831628137,receptions,0.8815331226634221,0.1875
48080,Trenton Irwin,WR,27,1.7407407407407407,1.0,1.5340392280761117,receptions,0.8812565778309578,0.7407407407407407
48113,Dante Pettis,WR,28,1.7857142857142858,1.0,1.5719094983170856,receptions,0.8802693190575679,0.7857142857142858
146934,Jaylen Wright,HB,9,0.8888888888888888,1.0,0.7817359599705717,receptions,0.8794529549668931,-0.11111111111111116
84375,Jahan Dotson,WR,59,2.1016949152542375,2.0,1.8447961783897122,receptions,0.8777659235886534,0.10169491525423746
54037,Josh Whyle,TE,29,1.4827586206896552,1.0,1.2989195965211247,receptions,0.8760155418398282,0.48275862068965525
26104,KhaDarel Hodge,WR,39,1.2820512820512822,1.0,1.1227015807445038,receptions,0.8757072329807128,0.28205128205128216
34045,Kendall Hinton,WR,21,1.8571428571428572,1.0,1.6212869667555552,receptions,0.8730006744068374,0.8571428571428572
11991,Isaiah Ford,WR,8,1.5,1.0,1.3093073414159542,receptions,0.8728715609439694,0.5
45769,Ty Johnson,HB,57,1.7543859649122806,1.0,1.5269098316813645,receptions,0.8703386040583778,0.7543859649122806
52130,Isaiah Hodgins,WR,33,2.393939393939394,2.0,2.0757437513364025,receptions,0.867082832836725,0.39393939393939403
159617,Ryan Flournoy,WR,20,2.5,2.0,2.164303704731799,receptions,0.8657214818927196,0.5
7789,Tavon Austin,WR,11,2.1818181818181817,1.0,1.8877596148970779,receptions,0.8652231568278275,1.1818181818181817
12271,Matt Breida,HB,27,1.6666666666666667,1.0,1.4411533842457842,receptions,0.8646920305474705,0.6666666666666667
12320,Blake Jarwin,TE,8,1.375,1.0,1.1877349391654208,receptions,0.8638072284839424,0.375
48341,Steven Sims,WR,13,1.3846153846153846,1.0,1.192927878405448,receptions,0.8615590232928236,0.3846153846153846
94379,Tom Kennedy,WR,13,1.3846153846153846,1.0,1.192927878405448,receptions,0.8615590232928236,0.3846153846153846
84434,Cedric Tillman,WR,31,2.2903225806451615,2.0,1.9696623803264153,receptions,0.859993433663646,0.2903225806451615
47417,River Cracraft,WR,19,1.4210526315789473,1.0,1.2163602113447687,receptions,0.8559571857611336,0.42105263157894735
9453,Nelson Agholor,WR,62,1.967741935483871,1.0,1.6788729819995305,receptions,0.8531977449505811,0.967741935483871
77965,Tutu Atwell,WR,50,2.14,1.5,1.8183868159016376,receptions,0.849713465374597,0.6400000000000001
47338,Brycen Hopkins,TE,13,1.3076923076923077,1.0,1.1094003924504583,receptions,0.8483650059915269,0.3076923076923077
45851,Chase Edmonds,HB,32,2.375,2.0,2.0120604108162836,receptions,0.8471833308700142,0.375
97774,Jonathan Mingo,WR,33,1.8484848484848484,2.0,1.563673801525036,receptions,0.8459218926282982,-0.1515151515151516
45691,Dontrell Hilliard,HB,19,2.263157894736842,2.0,1.9102677317636771,receptions,0.8440717884537179,0.26315789473684204
9783,Raheem Mostert,HB,49,1.7959183673469388,1.0,1.5135442928869354,receptions,0.8427689812665891,0.7959183673469388
129891,Kyle Monangai,HB,16,1.4375,1.0,1.2093386622447824,receptions,0.8412790693876747,0.4375
125155,Jaylin Noel,WR,14,1.8571428571428572,1.0,1.561909228976012,receptions,0.8410280463716987,0.8571428571428572
99697,Davis Allen,TE,27,1.5925925925925926,1.0,1.337600010905274,receptions,0.8398883789405208,0.5925925925925926
45734,D'Ernest Johnson,HB,27,1.6296296296296295,1.0,1.362919607882232,receptions,0.8363370321095516,0.6296296296296295
143786,Shane Zylstra,TE,11,1.6363636363636365,1.0,1.3618169680781096,receptions,0.832221480492178,0.6363636363636365
45783,Nick Chubb,HB,49,1.4081632653061225,1.0,1.171152696899846,receptions,0.8316881470738037,0.40816326530612246
60896,Tre' McKitty,TE,14,1.2857142857142858,1.0,1.0690449676496974,receptions,0.8314794192830979,0.2857142857142858
34164,Jalen Guyton,WR,25,1.72,1.0,1.4294521094927712,receptions,0.8310768078446344,0.72
145598,Konata Mumpfield,WR,11,1.1818181818181819,1.0,0.9816498172140429,receptions,0.8306267684118824,0.18181818181818188
47216,Tommy Sweeney,TE,8,1.25,1.0,1.0350983390135313,receptions,0.828078671210825,0.25
84424,Simi Fehoko,WR,8,1.25,1.0,1.0350983390135313,receptions,0.828078671210825,0.25
10918,Chester Rogers,WR,17,1.8235294117647058,1.0,1.5097720903188938,receptions,0.8279395334006837,0.8235294117647058
11981,David Moore,WR,23,1.7826086956521738,2.0,1.4757593342575277,receptions,0.8278649923883692,-0.21739130434782616
77986,Dyami Brown,WR,55,1.690909090909091,1.0,1.3993745596691252,receptions,0.8275871051806654,0.6909090909090909
11889,Jamaal Williams,HB,36,1.8055555555555556,1.0,1.489380397431753,receptions,0.8248876047314324,0.8055555555555556
84423,Michael Wilson,WR,46,3.5434782608695654,3.0,2.9189535547987853,receptions,0.8237537639309455,0.5434782608695654
47234,Mitchell Wilcox,TE,20,1.55,1.0,1.2763022245616642,receptions,0.8234207900397833,0.55
61107,Tyrell Shavers,WR,12,1.4166666666666667,1.0,1.164500152881315,receptions,0.8220001079162224,0.41666666666666674
42237,Greg Dortch,WR,49,2.9591836734693877,2.0,2.432070308686523,receptions,0.8218720353492388,0.9591836734693877
12193,Robert Tonyan,TE,36,2.3055555555555554,2.0,1.8946457557238872,receptions,0.8217740627236138,0.30555555555555536
104136,Xavier Gipson,WR,20,1.45,1.0,1.190974832912761,receptions,0.8213619537329386,0.44999999999999996
109795,Adam Trautman,TE,65,1.5538461538461539,1.0,1.2751319690375338,receptions,0.8206294850241553,0.5538461538461539
28991,Richie James,WR,27,2.925925925925926,2.0,2.4007358795862497,receptions,0.820504667706693,0.925925925925926
97399,Jamari Thrash,WR,13,1.0,1.0,0.816496580927726,receptions,0.816496580927726,0.0
11920,Jamal Agnew,WR,29,2.206896551724138,2.0,1.8003831009940154,receptions,0.8157985926379132,0.2068965517241379
10760,Demarcus Robinson,WR,76,2.263157894736842,2.0,1.8429571964834603,receptions,0.8143299240275755,0.26315789473684204
10638,Ezekiel Elliott,HB,55,2.381818181818182,2.0,1.9387940991561117,receptions,0.8139975225464591,0.38181818181818183
47895,Ray-Ray McCloud III,WR,58,2.3793103448275863,2.0,1.9360620749698914,receptions,0.813707248900389,0.3793103448275863
10657,Laquon Treadwell,WR,16,2.5,2.5,2.0330600909302543,receptions,0.8132240363721017,0.0
66915,Justin Watson,WR,56,1.3571428571428572,1.0,1.1025354486747425,receptions,0.8123945411287576,0.3571428571428572
99218,Treylon Burks,WR,33,1.9090909090909092,2.0,1.5484596451723474,receptions,0.8110979093759915,-0.09090909090909083
122937,Marvin Mims Jr.,WR,48,2.3333333333333335,2.0,1.8831089428867733,receptions,0.807046689808617,0.3333333333333335
61577,Tylan Wallace,WR,26,0.9230769230769231,1.0,0.7442084075352507,receptions,0.8062257748298549,-0.07692307692307687
124179,Woody Marks,HB,17,1.5294117647058822,1.0,1.2307338795828044,receptions,0.8047106135733721,0.5294117647058822
11817,JuJu Smith-Schuster,WR,65,2.953846153846154,2.0,2.3745444907311257,receptions,0.8038822494662665,0.953846153846154
25582,JaMycal Hasty,HB,28,1.9642857142857142,1.0,1.5748519708717803,receptions,0.8017428215347245,0.9642857142857142
122906,Michael Mayer,TE,34,2.4411764705882355,2.0,1.956979374174583,receptions,0.8016542014691062,0.4411764705882355
48103,Nyheim Miller-Hines,HB,32,2.25,1.5,1.796053020267749,receptions,0.7982457867856662,0.75
101694,Brenton Strange,TE,32,2.90625,2.5,2.3190567465132,receptions,0.797955009552929,0.40625
10674,Sterling Shepard,WR,46,2.8260869565217392,2.0,2.253928400973504,receptions,0.7975438957290859,0.8260869565217392
29573,D'Wayne Eskridge,WR,22,1.0909090909090908,1.0,0.8678978933300583,receptions,0.7955730688858869,0.09090909090909083
12087,Tim Patrick,WR,46,2.217391304347826,2.0,1.7627383177351068,receptions,0.7949604178021069,0.21739130434782616
40485,Devin Singletary,HB,75,2.2266666666666666,2.0,1.767371948290343,receptions,0.7937299168968607,0.22666666666666657
122518,Xavier Hutchinson,WR,43,1.627906976744186,1.0,1.291423279323529,receptions,0.7933028715844535,0.627906976744186
39462,Boston Scott,HB,20,1.2,1.0,0.9514531821875087,receptions,0.792877651822924,0.19999999999999996
47663,DJ Turner,WR,10,1.6,1.5,1.2649110640673518,receptions,0.7905694150420948,0.10000000000000009
47153,Mike Gesicki,TE,78,2.9358974358974357,2.0,2.32065677889857,receptions,0.7904420469610851,0.9358974358974357
6195,Kyle Rudolph,TE,20,1.45,1.0,1.145931016569864,receptions,0.7902972528068027,0.44999999999999996
47809,Marquez Valdes-Scantling,WR,74,1.8918918918918919,2.0,1.4949006249792978,receptions,0.7901617589176289,-0.10810810810810811
138299,Isaiah Davis,HB,17,1.7647058823529411,1.0,1.3932610920384718,receptions,0.7895146188218007,0.7647058823529411
100637,Devaughn Vele,WR,23,2.869565217391304,2.0,2.262427252995953,receptions,0.7884216184682866,0.8695652173913042
144717,Ja'Tavion Sanders,TE,26,2.3846153846153846,2.0,1.8778055932800515,receptions,0.7874668616980861,0.3846153846153846
57120,Brian Robinson,HB,41,1.9024390243902438,2.0,1.4967444345776015,receptions,0.7867502797138675,-0.09756097560975618
57337,Michael Carter,HB,57,2.543859649122807,2.0,2.000626468300407,receptions,0.7864531634008496,0.5438596491228069
27303,Chris Evans,HB,15,1.3333333333333333,1.0,1.0465362369445672,receptions,0.7849021777084254,0.33333333333333326
10741,Chris Moore,WR,46,2.217391304347826,2.0,1.7373420756784503,receptions,0.7835072106000854,0.21739130434782616
41668,Khalil Herbert,HB,29,1.8620689655172413,2.0,1.4571042204865121,receptions,0.782518933224238,-0.13793103448275867
47121,Andrew Beck,FB,24,0.9166666666666666,1.0,0.7172815023567723,receptions,0.7824889116619335,-0.08333333333333337
36049,Zach Gentry,TE,25,1.68,1.0,1.3140268896284681,receptions,0.7821588628740882,0.6799999999999999
61669,Tim Jones,WR,17,1.0588235294117647,1.0,0.8269362305593853,receptions,0.7809953288616416,0.05882352941176472
61418,Calvin Austin III,WR,45,1.9777777777777779,1.0,1.54462247357035,receptions,0.7809888911310758,0.9777777777777779
61245,Kadarius Toney,WR,32,2.78125,2.0,2.1662272093620847,receptions,0.7788682101077158,0.78125
42345,Byron Pringle,WR,39,2.0,2.0,1.555973210430998,receptions,0.777986605215499,0.0
11873,Mack Hollins,WR,73,2.4246575342465753,2.0,1.8850125863061828,receptions,0.7774345694935104,0.42465753424657526
57208,Ronnie Rivers,HB,10,1.8,1.0,1.3984117975602022,receptions,0.7768954430890012,0.8
9679,Geoff Swaim,TE,34,1.588235294117647,1.0,1.233807780786253,receptions,0.7768419360506038,0.588235294117647
101634,Luke McCaffrey,WR,21,1.380952380952381,1.0,1.0712698295103096,receptions,0.7757471179212587,0.38095238095238093
45914,Myles Gaskin,HB,18,3.0,3.0,2.3263199921511983,receptions,0.7754399973837328,0.0
42247,Lil'Jordan Humphrey,WR,43,1.744186046511628,2.0,1.3468309056344425,receptions,0.7721830525637471,-0.2558139534883721
9487,Ameer Abdullah,HB,64,2.15625,2.0,1.6639859393484087,receptions,0.7717036240456387,0.15625
101659,Tyler Goodson,HB,13,1.4615384615384615,1.0,1.126601424298216,receptions,0.7708325534672005,0.46153846153846145
47358,Chris Myarick,TE,11,0.9090909090909091,1.0,0.7006490497453707,receptions,0.7707139547199078,-0.09090909090909094
84288,Ronnie Bell,WR,11,0.9090909090909091,1.0,0.7006490497453707,receptions,0.7707139547199078,-0.09090909090909094
40666,Brandon Johnson,WR,15,1.7333333333333334,2.0,1.3345232785352157,receptions,0.769917276078009,-0.2666666666666666
34934,Alec Ingold,FB,41,1.3902439024390243,1.0,1.0695337484270377,receptions,0.7693137488685711,0.3902439024390243
77737,Kenneth Gainwell,HB,79,2.481012658227848,2.0,1.9072114124114785,receptions,0.7687229672474837,0.481012658227848
10806,Rashard Higgins,WR,12,2.0,2.0,1.5374122295716148,receptions,0.7687061147858074,0.0
101486,Cade Stover,TE,22,1.5454545454545454,1.0,1.184313050927584,receptions,0.7663202094237309,0.5454545454545454
57189,Deon Jackson,HB,9,3.888888888888889,4.0,2.9767618499152917,receptions,0.765453047121075,-0.11111111111111116
11993,Noah Brown,WR,52,2.6153846153846154,2.0,2.0015077273155284,receptions,0.7652823663265256,0.6153846153846154
40498,Tony Jones Jr.,HB,12,1.4166666666666667,1.0,1.0836246694508316,receptions,0.7649115313770576,0.41666666666666674
83962,Lucas Krull,TE,20,1.5,1.0,1.1470786693528088,receptions,0.7647191129018726,0.5
7810,Cordarrelle Patterson,HB,41,2.292682926829268,2.0,1.74991288981801,receptions,0.763259877473813,0.2926829268292681
97623,Jordan Whittington,WR,19,2.263157894736842,2.0,1.7269789055894333,receptions,0.7630837024697497,0.26315789473684204
61212,Amari Rodgers,WR,14,1.4285714285714286,1.0,1.0894095588038444,receptions,0.7625866911626911,0.4285714285714286
40630,Kylen Granson,TE,55,1.690909090909091,1.0,1.289167507328998,receptions,0.762410891431128,0.6909090909090909
22777,Tanner Conner,TE,11,1.0909090909090908,1.0,0.8312094145936336,receptions,0.7619419633774975,0.09090909090909083
84117,Michael Woods II,WR,11,1.0909090909090908,1.0,0.8312094145936335,receptions,0.7619419633774974,0.09090909090909083
84292,Jalen Nailor,WR,39,1.8461538461538463,1.0,1.4055989833605782,receptions,0.7613661159869798,0.8461538461538463
41933,Albert Okwuegbunam,TE,21,2.2857142857142856,3.0,1.736169840276496,receptions,0.759574305120967,-0.7142857142857144
61439,Donovan Peoples-Jones,WR,42,2.5714285714285716,2.0,1.952395116234281,receptions,0.7592647674244425,0.5714285714285716
162750,Omarion Hampton,HB,9,3.5555555555555554,2.0,2.697735676039774,receptions,0.7587381588861866,1.5555555555555554
11851,Kenny Golladay,WR,20,2.15,2.0,1.631111987507134,receptions,0.7586567383754113,0.1499999999999999
88685,Julian Hill,TE,26,1.2692307692307692,1.0,0.9615692302769387,receptions,0.7575999996121336,0.26923076923076916
51837,Anthony Firkser,TE,30,1.7333333333333334,1.0,1.3113124074319809,receptions,0.7565263889030659,0.7333333333333334
47743,Tyler Davis,TE,8,1.0,1.0,0.7559289460184544,receptions,0.7559289460184544,0.0
123470,Mitchell Tinsley,WR,8,1.0,1.0,0.7559289460184544,receptions,0.7559289460184544,0.0
7330,Cole Beasley,WR,24,4.166666666666667,3.5,3.1438921691137076,receptions,0.7545341205872897,0.666666666666667
121811,Jaylin Lane,WR,13,1.2307692307692308,1.0,0.9268086959962983,receptions,0.7530320654969923,0.23076923076923084
11841,Kareem Hunt,HB,65,1.8615384615384616,1.0,1.4017502795269374,receptions,0.7530063485062061,0.8615384615384616
48036,Brandon Powell,WR,34,1.7647058823529411,1.0,1.3270798091917266,receptions,0.7520118918753118,0.7647058823529411
143951,Brashard Smith,HB,12,2.0833333333333335,2.5,1.5642792899510296,receptions,0.7508540591764942,-0.4166666666666665
91470,Deonte Harty,WR,29,1.896551724137931,2.0,1.4228951268002574,receptions,0.7502537941310449,-0.10344827586206895
8999,Willie Snead IV,WR,9,0.6666666666666666,1.0,0.5,receptions,0.75,-0.33333333333333337
11764,John Ross,WR,9,1.3333333333333333,1.0,0.9999999999999999,receptions,0.75,0.33333333333333326
9559,Mike Davis,HB,18,2.5555555555555554,2.5,1.9165600993392005,receptions,0.7499582997414264,0.05555555555555536
109811,Andrei Iosivas,WR,41,2.048780487804878,2.0,1.532175243113449,receptions,0.7478474400910882,0.04878048780487809
101701,Jameson Williams,WR,54,2.8703703703703702,2.0,2.1460476730386437,receptions,0.7476553183489469,0.8703703703703702
48027,Jauan Jennings,WR,80,2.9125,2.0,2.176943333778124,receptions,0.7474483549452786,0.9125000000000001
11917,Jeremy McNichols,HB,29,2.1379310344827585,2.0,1.5974116995724783,receptions,0.7471764401226109,0.13793103448275845
60917,Charlie Kolar,TE,25,1.24,1.0,0.9255628917943214,receptions,0.7464216869309044,0.24
83747,Isiah Pacheco,HB,46,2.369565217391304,2.0,1.76834757332845,receptions,0.7462751226890707,0.3695652173913042
47257,Durham Smythe,TE,58,1.7758620689655173,1.0,1.325103153194562,receptions,0.7461745911192679,0.7758620689655173
78092,Tyquan Thornton,WR,36,1.6111111111111112,1.0,1.2018504251546631,receptions,0.7459761259580667,0.6111111111111112
42275,John Bates,TE,54,1.3888888888888888,1.0,1.0355322515620442,receptions,0.7455832211246719,0.38888888888888884
26394,Harrison Bryant,TE,49,1.6938775510204083,2.0,1.261680123761121,receptions,0.7448473019794569,-0.30612244897959173
123091,Kendre Miller,HB,16,1.25,1.0,0.9309493362512627,receptions,0.7447594690010102,0.25
9550,Blake Bell,TE,19,0.9473684210526315,1.0,0.7050361858740393,receptions,0.7442048628670415,-0.052631578947368474
48862,Patrick Ricard,FB,25,1.12,1.0,0.8326663997864531,receptions,0.7434521426664759,0.1200000000000001
13756,Giovanni Ricci,TE,8,1.125,1.0,0.8345229603962802,receptions,0.7417981870189156,0.125
60997,Grant Calcaterra,TE,28,1.5357142857142858,1.0,1.1379690439434391,receptions,0.7410030983817743,0.5357142857142858
48021,Trent Sherfield,WR,50,1.28,1.0,0.9484681527255902,receptions,0.7409907443168673,0.28
47940,Parris Campbell,WR,33,3.0,2.0,2.222048604328897,receptions,0.7406828681096324,1.0
9538,Jamison Crowder,WR,29,2.9310344827586206,3.0,2.1701058973956386,receptions,0.7403890708761591,-0.06896551724137945
7808,DeAndre Hopkins,WR,72,3.638888888888889,3.0,2.692219125269404,receptions,0.7398464771732713,0.6388888888888888
100660,Ricky Pearsall,WR,20,3.35,4.0,2.4767338424456895,receptions,0.7393235350584147,-0.6499999999999999
10840,Mike Thomas,WR,12,0.6666666666666666,1.0,0.49236596391733095,receptions,0.7385489458759965,-0.33333333333333337
41372,Ko Kieft,TE,12,0.6666666666666666,1.0,0.4923659639173309,receptions,0.7385489458759964,-0.33333333333333337
60864,Jake Tonges,TE,12,3.3333333333333335,3.0,2.4618298195866544,receptions,0.7385489458759963,0.3333333333333335
47967,Equanimeous St. Brown,WR,27,1.2962962962962963,1.0,0.953326758688703,receptions,0.7354234995598566,0.2962962962962963
123085,Quentin Johnston,WR,47,3.127659574468085,3.0,2.2994992014008817,receptions,0.7352140303798738,0.12765957446808507
40448,Patrick Taylor,HB,14,1.2142857142857142,1.0,0.8925823753039809,receptions,0.7350678384856314,0.2142857142857142
60859,Hunter Long,TE,18,1.1666666666666667,1.0,0.8574929257125442,receptions,0.7349939363250378,0.16666666666666674
4717,Danny Amendola,WR,8,3.0,3.0,2.2038926600773587,receptions,0.7346308866924529,0.0
47861,Nick Westbrook-Ikhine,WR,66,2.0303030303030303,2.0,1.4881035630802764,receptions,0.7329465310693899,0.030303030303030276
9302,Keith Smith,FB,12,1.0833333333333333,1.0,0.7929614610987591,receptions,0.7319644256296238,0.08333333333333326
157128,Quinshon Judkins,HB,12,2.1666666666666665,2.5,1.5859229221975182,receptions,0.7319644256296238,-0.3333333333333335
8647,Odell Beckham Jr.,WR,42,2.6904761904761907,2.0,1.9691287566827336,receptions,0.7318885644307505,0.6904761904761907
7982,Ryan Griffin,TE,21,1.4761904761904763,1.0,1.077916862241593,receptions,0.7302017453894663,0.4761904761904763
47050,Jordan Akins,TE,56,2.0714285714285716,2.0,1.511857892036909,receptions,0.7298624306385078,0.07142857142857162
47083,Josh Oliver,TE,57,1.4912280701754386,1.0,1.0876384479613201,receptions,0.7293575474564147,0.49122807017543857
87625,Nate Adkins,TE,23,1.0869565217391304,1.0,0.7927537436201204,receptions,0.7293334441305108,0.08695652173913038
42683,Mecole Hardman Jr.,WR,48,2.6458333333333335,2.0,1.9294976011666358,receptions,0.729258935874004,0.6458333333333335
45817,Alexander Mattison,HB,52,2.1923076923076925,2.0,1.5970372267010808,receptions,0.7284731209513702,0.1923076923076925
145159,Braelon Allen,HB,14,1.5,1.0,1.0919284281983377,receptions,0.7279522854655585,0.5
131705,Trey Benson,HB,9,2.111111111111111,1.0,1.5365907428821481,receptions,0.7278587729441754,1.1111111111111112
39967,Antoine Wesley,WR,9,2.111111111111111,2.0,1.536590742882148,receptions,0.7278587729441753,0.11111111111111116
94383,Craig Reynolds,HB,18,1.3333333333333333,1.0,0.9701425001453319,receptions,0.7276068751089989,0.33333333333333326
61637,Jalen Tolbert,WR,42,2.1666666666666665,2.0,1.5759885270516325,receptions,0.7273793201776766,0.16666666666666652
11855,Jonnu Smith,TE,75,3.1066666666666665,3.0,2.257559872201971,receptions,0.7266823622967719,0.10666666666666647
47043,Foster Moreau,TE,60,2.05,2.0,1.4892268498014307,receptions,0.7264521218543565,0.04999999999999982
42130,Ian Thomas,TE,44,1.3636363636363635,1.0,0.9904405665441197,receptions,0.7263230821323545,0.36363636363636354
2973,Marcedes Lewis,TE,26,1.3461538461538463,1.0,0.9774377808252633,receptions,0.7260966371844813,0.34615384615384626
83659,Dameon Pierce,HB,24,1.875,1.5,1.3613452426057167,receptions,0.7260507960563822,0.375
94384,Jody Fortson,TE,16,0.9375,1.0,0.6800735254367722,receptions,0.7254117604658904,-0.0625
11762,Mike Williams,WR,47,3.8297872340425534,3.0,2.7766037194054354,receptions,0.7250020822891969,0.8297872340425534
7084,Mohamed Sanu,WR,8,1.875,1.5,1.3562026818605375,receptions,0.7233080969922867,0.375
11795,Curtis Samuel,WR,58,3.0517241379310347,2.5,2.2038436423117713,receptions,0.7221634534128968,0.5517241379310347
11792,Zay Jones,WR,55,3.6545454545454548,3.0,2.6332502224450174,receptions,0.720541105644159,0.6545454545454548
84425,Brycen Tremayne,WR,10,1.5,1.5,1.0801234497346432,receptions,0.7200822998230955,0.0
40006,Devin Duvernay,WR,43,2.0232558139534884,2.0,1.4555046922602428,receptions,0.7193873766343729,0.023255813953488413
13014,Darrel Williams,HB,18,2.8333333333333335,3.0,2.0364328674251486,receptions,0.7187410120324054,-0.16666666666666652
10774,Tajae Sharpe,WR,13,1.9230769230769231,2.0,1.3821202589704018,receptions,0.7187025346646089,-0.07692307692307687
98027,Elijah Higgins,TE,38,1.6842105263157894,2.0,1.210433542118774,receptions,0.7186949156330221,-0.3157894736842106
55410,Gabe Davis,WR,66,2.727272727272727,2.0,1.957592355973999,receptions,0.717783863857133,0.7272727272727271
57272,Elijah Mitchell,HB,18,2.0555555555555554,2.0,1.4741786236338812,receptions,0.7171679790651314,0.05555555555555536
123727,Kimani Vidal,HB,16,1.4375,1.0,1.030776406404415,receptions,0.717061847933506,0.4375
11796,Dalvin Cook,HB,43,2.2093023255813953,2.0,1.5820140799879683,receptions,0.7160695309419225,0.20930232558139528
78734,Ryan Miller,WR,12,1.1666666666666667,1.0,0.8348471099367218,receptions,0.7155832370886187,0.16666666666666674
83974,John FitzPatrick,TE,12,1.1666666666666667,1.0,0.8348471099367218,receptions,0.7155832370886187,0.16666666666666674
99711,Dontayvion Wicks,WR,48,2.3333333333333335,2.0,1.6673757356911583,receptions,0.7145896010104964,0.3333333333333335
84480,Deven Thompkins,WR,18,1.6666666666666667,1.0,1.1881770515720091,receptions,0.7129062309432055,0.6666666666666667
8645,Eric Ebron,TE,8,1.5,2.0,1.0690449676496976,receptions,0.7126966450997984,-0.5
7971,Rex Burkhead,HB,27,2.2962962962962963,2.0,1.636478743541351,receptions,0.7126600979938141,0.2962962962962963
40568,Demetric Felton Jr.,WR,14,1.4285714285714286,1.5,1.0163498575623617,receptions,0.7114449002936531,-0.0714285714285714
6156,A.J. Green,WR,30,2.6,2.5,1.8495106528950878,receptions,0.7113502511134953,0.10000000000000009
57121,Najee Harris,HB,63,3.015873015873016,3.0,2.143949201162037,receptions,0.7108884193326754,0.015873015873015817
163586,Isaiah Bond,WR,14,1.2857142857142858,1.0,0.9138735334633754,receptions,0.7107905260270697,0.2857142857142858
12270,Kendrick Bourne,WR,67,2.970149253731343,3.0,2.1103651073870386,receptions,0.7105249356529226,-0.029850746268656803
9859,DeAndre Carter,WR,41,2.073170731707317,2.0,1.4729264051954365,receptions,0.7104703836825046,0.07317073170731714
11872,Josh Reynolds,WR,54,2.574074074074074,2.0,1.8285147272081377,receptions,0.7103582393470463,0.574074074074074
42312,Chase Claypool,WR,38,3.0526315789473686,3.0,2.167915531677683,receptions,0.7101792258944134,0.052631578947368585
48170,Cedrick Wilson Jr.,WR,52,2.173076923076923,2.0,1.543120772803287,receptions,0.7101086742103622,0.1730769230769229
97636,Breece Hall,HB,54,3.4814814814814814,3.0,2.4705109145470048,receptions,0.7096148371571184,0.4814814814814814
91014,Donald Parham Jr.,TE,32,1.90625,2.0,1.3526407863044032,receptions,0.7095820518318181,-0.09375
11865,Dede Westbrook,WR,8,1.25,1.0,0.8864052604279182,receptions,0.7091242083423346,0.25
57165,AJ Dillon,HB,41,2.1219512195121952,2.0,1.503248514903965,receptions,0.7084274610466961,0.12195121951219523
78038,Alec Pierce,WR,64,2.453125,3.0,1.735984122339796,receptions,0.7076623173869232,-0.546875
102382,Jacory Croskey-Merritt,HB,9,1.0,1.0,0.7071067811865476,receptions,0.7071067811865476,0.0
44920,Olamide Zaccheaus,WR,76,2.3026315789473686,2.0,1.6249696353438343,receptions,0.7057010987778937,0.3026315789473686
10707,Kenyan Drake,HB,22,2.227272727272727,2.0,1.5715269548108202,receptions,0.7055835307313887,0.22727272727272707
6180,Mark Ingram II,HB,18,2.388888888888889,2.0,1.6851911704746592,receptions,0.7054288620591597,0.38888888888888884
10728,Nick Vannett,TE,24,1.375,1.0,0.9696480760071396,receptions,0.7051986007324652,0.375
35639,Adam Prentice,FB,18,0.7777777777777778,1.0,0.5483188805533162,receptions,0.7049814178542637,-0.2222222222222222
44771,Russell Gage,WR,27,4.407407407407407,4.0,3.104082414390384,receptions,0.7042876066263896,0.40740740740740744
40555,Miles Sanders,HB,55,1.981818181818182,2.0,1.394312642167367,receptions,0.7035522506349099,-0.018181818181818077
40341,Zack Moss,HB,35,2.4,2.0,1.6838331620582425,receptions,0.7015971508576011,0.3999999999999999
57301,Connor Heyward,TE,29,1.5517241379310345,1.0,1.0884526007316115,receptions,0.7014472315825941,0.5517241379310345
131905,Jalen McMillan,WR,18,2.8333333333333335,2.0,1.9778181680534623,receptions,0.6980534710776926,0.8333333333333335
66619,Pierre Strong Jr.,HB,19,1.368421052631579,1.0,0.9551338658818385,receptions,0.6979824404521127,0.368421052631579
31615,Mike Boone,HB,15,1.2666666666666666,1.0,0.8837151016885367,receptions,0.6976698171225291,0.2666666666666666
123056,Sean Tucker,HB,15,1.2666666666666666,1.0,0.8837151016885368,receptions,0.6976698171225291,0.2666666666666666
51593,Keelan Cole Sr.,WR,23,1.6521739130434783,2.0,1.1524162620801215,receptions,0.697515105995863,-0.34782608695652173
101106,Tre Tucker,WR,46,2.6739130434782608,2.0,1.862547214328771,receptions,0.6965623728384022,0.6739130434782608
124087,Kayshon Boutte,WR,36,2.4166666666666665,2.0,1.679710859472121,receptions,0.6950527694367398,0.4166666666666665
47034,Josiah Deguara,TE,32,1.625,1.5,1.128801819801464,receptions,0.6946472737239778,0.125
7822,Robert Woods,WR,54,3.0,2.5,2.0831760946951734,receptions,0.6943920315650578,0.5
47509,Hunter Renfrow,WR,47,3.978723404255319,3.0,2.7622404399180382,receptions,0.6942529447922342,0.978723404255319
23503,K.J. Osborn,WR,55,3.036363636363636,3.0,2.1078656605907415,receptions,0.6942072534879689,0.036363636363636154
45775,Trayveon Williams,HB,13,1.3846153846153846,1.0,0.9607689228305227,receptions,0.6938886664887108,0.3846153846153846
84345,Kevin Austin Jr.,WR,13,1.8461538461538463,1.0,1.281025230440697,receptions,0.6938886664887108,0.8461538461538463
13534,Penny Hart,WR,12,0.8333333333333334,1.0,0.5773502691896257,receptions,0.6928203230275508,-0.16666666666666663
83955,Isaiah Likely,TE,56,2.607142857142857,2.0,1.805834699256541,receptions,0.6926489257422349,0.6071428571428572
10679,Derrick Henry,HB,62,1.8225806451612903,2.0,1.2613315050060745,receptions,0.6920579938971383,-0.17741935483870974
42295,Marquez Callaway,WR,27,2.2962962962962963,2.0,1.588778311853647,receptions,0.6918873293556205,0.2962962962962963
129433,AJ Barner,TE,32,2.75,2.0,1.9007638532459656,receptions,0.6911868557258057,0.75
42257,Charlie Woerner,TE,22,1.0454545454545454,1.0,0.7222499717168716,receptions,0.6908477990335293,0.045454545454545414
97156,Isaiah Williams,WR,10,2.8,2.5,1.9321835661585918,receptions,0.6900655593423543,0.2999999999999998
8639,Sammy Watkins,WR,21,2.0952380952380953,2.0,1.445847914020071,receptions,0.690063777145943,0.09523809523809534
97400,John Metchie III,WR,39,2.1025641025641026,2.0,1.4472273271923106,receptions,0.6883154361036599,0.10256410256410264
12206,Johnny Mundt,TE,47,1.446808510638298,1.0,0.9958284870288501,receptions,0.6882932189758229,0.44680851063829796
157122,Mason Taylor,TE,13,3.3846153846153846,3.0,2.3287500774185546,receptions,0.6880397956009365,0.3846153846153846
60915,Peyton Hendershot,TE,17,1.1764705882352942,1.0,0.8089572082044156,receptions,0.6876136269737533,0.17647058823529416
83665,Zamir White,HB,13,1.9230769230769231,2.0,1.3204505835470495,receptions,0.6866343034444657,-0.07692307692307687
8943,Albert Wilson,WR,10,2.5,2.5,1.7159383568311668,receptions,0.6863753427324667,0.0
124044,Darnell Washington,TE,35,1.6571428571428573,1.0,1.1361145639947619,receptions,0.6855863748244252,0.6571428571428573
97630,Zach Charbonnet,HB,41,2.317073170731707,2.0,1.5880652440980487,receptions,0.6853755264002106,0.31707317073170715
4363,DeSean Jackson,WR,21,1.4285714285714286,1.0,0.9783367810436532,receptions,0.6848357467305572,0.4285714285714286
62890,Rondale Moore,WR,39,3.58974358974359,3.0,2.4571908299171388,receptions,0.6845031597626315,0.5897435897435899
9205,Damien Williams,HB,11,1.6363636363636365,1.0,1.12006493318265,receptions,0.6844841258338417,0.6363636363636365
84140,Khalil Shakir,WR,65,3.830769230769231,4.0,2.619453847949694,receptions,0.6837931731595587,-0.16923076923076907
97199,Kenneth Walker III,HB,57,2.508771929824561,2.0,1.7125879228476735,receptions,0.6826399412749469,0.5087719298245612
8288,Adam Thielen,WR,73,4.273972602739726,4.0,2.9167155899354156,receptions,0.6824366604656581,0.27397260273972623
98689,Rhamondre Stevenson,HB,70,2.8857142857142857,2.5,1.967436772406206,receptions,0.6817850201407645,0.3857142857142857
63707,Rashid Shaheed,WR,53,2.943396226415094,3.0,2.003987317052821,receptions,0.6808418448961507,-0.05660377358490587
156165,Matthew Golden,WR,14,2.357142857142857,2.5,1.5984195491000024,receptions,0.6781173844666677,-0.1428571428571428
9590,C.J. Uzomah,TE,39,2.3846153846153846,2.0,1.6159628808820652,receptions,0.6776618532731241,0.3846153846153846
9902,Malcolm Brown,HB,9,0.8888888888888888,1.0,0.6009252125773316,receptions,0.676040864149498,-0.11111111111111116
111284,Jalen Brooks,WR,17,1.2352941176470589,1.0,0.8313702367707394,receptions,0.6730140011953605,0.23529411764705888
98499,Luke Musgrave,TE,33,2.1818181818181817,2.0,1.4674498597598116,receptions,0.672581185723247,0.18181818181818166
144949,Keon Coleman,WR,30,2.4,2.0,1.6103115997457949,receptions,0.6709631665607478,0.3999999999999999
84041,Daniel Bellinger,TE,45,2.022222222222222,2.0,1.3566149197189454,receptions,0.6708535317291489,0.022222222222222143
144483,Jimmy Horn Jr.,WR,10,1.1,1.0,0.7378647873726218,receptions,0.6707861703387471,0.10000000000000009
84226,Tyrone Tracy,HB,29,2.5517241379310347,2.0,1.7026493409757402,receptions,0.6672544714634657,0.5517241379310347
48054,Tyler Johnson,WR,36,2.25,2.0,1.5,receptions,0.6666666666666666,0.25
7158,Marvin Jones Jr.,WR,39,3.282051282051282,3.0,2.1878698839007527,receptions,0.6666166052510106,0.28205128205128194
61220,Laviska Shenault Jr.,WR,39,2.6923076923076925,2.0,1.7940522516864934,receptions,0.666362264912126,0.6923076923076925
61448,Cody White,WR,8,1.375,1.0,0.9161253813129043,receptions,0.6662730045912032,0.375
47702,DJ Chark Jr.,WR,33,2.3333333333333335,2.0,1.5545631755148024,receptions,0.6662413609349153,0.3333333333333335
84302,Elijah Moore,WR,67,3.1641791044776117,3.0,2.107684460638586,receptions,0.6661078248244587,0.16417910447761175
10211,Chris Manhertz,TE,23,0.782608695652174,1.0,0.518434859512082,receptions,0.6624445427098825,-0.21739130434782605
52266,Colby Parkinson,TE,67,2.1343283582089554,2.0,1.4130937731655975,receptions,0.6620789007139513,0.1343283582089554
129799,Parker Washington,WR,34,3.323529411764706,3.0,2.1980788889707843,receptions,0.6613688692478465,0.32352941176470607
150240,Jayden Higgins,WR,19,2.6315789473684212,2.0,1.738790330334712,receptions,0.6607403255271905,0.6315789473684212
40951,Reggie Gilliam,FB,14,1.2142857142857142,1.0,0.8017837257372732,receptions,0.6602924800189309,0.2142857142857142
84029,Jeremy Ruckert,TE,38,1.5263157894736843,1.0,1.0063807807982876,receptions,0.6593529253506022,0.5263157894736843
99197,Xavier Legette,WR,31,2.7419354838709675,2.0,1.8067972019660254,receptions,0.6589495677758447,0.7419354838709675
6158,Julio Jones,WR,31,2.6451612903225805,2.0,1.7425725637071605,receptions,0.6587774326209997,0.6451612903225805
12020,Ricky Seals-Jones,TE,11,2.727272727272727,2.0,1.793929156399945,receptions,0.6577740240133133,0.7272727272727271
48236,Darnell Mooney,WR,73,3.3972602739726026,3.0,2.2344507529654134,receptions,0.6577213909938515,0.39726027397260255
40573,Velus Jones Jr.,WR,13,0.8461538461538461,1.0,0.5547001962252291,receptions,0.655554777357089,-0.15384615384615385
62979,Joshua Palmer,WR,69,2.9855072463768115,2.0,1.9515661404835891,receptions,0.6536799208415905,0.9855072463768115
47294,Hayden Hurst,TE,44,2.659090909090909,2.0,1.73799111269949,receptions,0.6536034953741672,0.6590909090909092
11869,Samaje Perine,HB,82,2.1097560975609757,2.0,1.3789072213032902,receptions,0.6535860817738138,0.10975609756097571
48135,Allen Lazard,WR,63,2.7142857142857144,2.0,1.7728105208558367,receptions,0.653140718210045,0.7142857142857144
97118,Kyren Williams,HB,50,2.48,2.0,1.619271693177686,receptions,0.6529321343458412,0.48
28305,Juwan Johnson,TE,73,3.0,3.0,1.9578900207451224,receptions,0.6526300069150408,0.0
60995,Cole Kmet,TE,81,3.246913580246914,3.0,2.118554130754811,receptions,0.652482450916881,0.2469135802469138
61081,Jake Ferguson,TE,61,3.9672131147540983,4.0,2.5882247011851844,receptions,0.6524037469929597,-0.032786885245901676
144138,Will Shipley,HB,9,1.5555555555555556,1.0,1.0137937550497031,receptions,0.6517245568176663,0.5555555555555556
66924,Tanner Hudson,TE,37,2.3513513513513513,2.0,1.5314520382125405,receptions,0.6513071886651034,0.3513513513513513
84296,Rashod Bateman,WR,66,2.5303030303030303,2.0,1.6475594722049378,receptions,0.6511312884163227,0.5303030303030303
61182,Quintin Morris,TE,19,1.2105263157894737,1.0,0.787326514818136,receptions,0.6504001644149819,0.21052631578947367
61590,KJ Hamler,WR,9,1.3333333333333333,1.0,0.8660254037844386,receptions,0.649519052838329,0.33333333333333326
143068,Jalen Coker,WR,23,3.217391304347826,3.0,2.0879855829163194,receptions,0.6489684919875046,0.21739130434782616
28486,Bryan Edwards,WR,20,2.0,2.0,1.2977713690461001,receptions,0.6488856845230501,0.0
8696,Allen Robinson II,WR,44,2.5,2.0,1.6210820388691578,receptions,0.6484328155476631,0.5
84025,Tommy Tremble,TE,67,1.7164179104477613,2.0,1.1120002472919626,receptions,0.6478610136396651,-0.28358208955223874
11347,C.J. Ham,FB,31,1.3548387096774193,1.0,0.8774351674729477,receptions,0.6476307188490805,0.35483870967741926
47658,KaVontae Turpin,WR,42,1.6904761904761905,1.0,1.0929506993120033,receptions,0.6465342164944244,0.6904761904761905
61664,Quez Watkins,WR,40,2.425,2.0,1.567089413776135,receptions,0.6462224386705712,0.4249999999999998
22425,James Robinson,HB,20,2.15,2.0,1.3869694338832113,receptions,0.6451020622712611,0.1499999999999999
60994,Brock Wright,TE,44,1.6136363636363635,1.0,1.0391389344830468,receptions,0.6439734241866769,0.6136363636363635
147787,Cam Skattebo,HB,8,3.0,2.0,1.927248223318863,receptions,0.642416074439621,1.0
57385,Raheem Blackshear,HB,11,1.4545454545454546,1.0,0.9341987329938275,receptions,0.6422616289332563,0.4545454545454546
30762,Will Dissly,TE,62,2.1774193548387095,2.0,1.3970013970020956,receptions,0.6415858267713328,0.17741935483870952
11047,J.D. McKissic,HB,18,3.888888888888889,4.0,2.494438257849294,receptions,0.6414269805898185,-0.11111111111111116
10075,Adam Humphries,WR,17,2.411764705882353,2.0,1.5434872662825794,receptions,0.6399825250439963,0.4117647058823528
122474,Jahmyr Gibbs,HB,51,3.8823529411764706,3.0,2.4790890167440898,receptions,0.6385532315855988,0.8823529411764706
77803,Javonte Williams,HB,68,2.8676470588235294,3.0,1.827684382471853,receptions,0.6373463487594154,-0.13235294117647056
47259,Drew Sample,TE,46,1.5434782608695652,1.0,0.9822088879240037,receptions,0.636360687950763,0.5434782608695652
129519,Rakim Jarrett,WR,11,1.1818181818181819,1.0,0.7507571935295482,receptions,0.6352560868326945,0.18181818181818188
45719,David Montgomery,HB,66,2.393939393939394,2.0,1.5178809913701086,receptions,0.6340515533571339,0.39393939393939403
78050,Antonio Gibson,HB,62,2.596774193548387,2.0,1.644261530585221,receptions,0.6331938813433771,0.596774193548387
9502,Tyler Lockett,WR,84,3.8452380952380953,3.0,2.432184043146424,receptions,0.6325184508492249,0.8452380952380953
45865,Justice Hill,HB,47,2.4893617021276597,2.0,1.5724854381786806,receptions,0.6316821845675041,0.4893617021276597
57212,D'Andre Swift,HB,75,3.08,3.0,1.9435270251008345,receptions,0.6310152678898813,0.08000000000000007
144046,Oronde Gadsden II,TE,16,3.25,3.0,2.0493901531919194,receptions,0.6305815855975136,0.25
77997,Jake Bobo,WR,28,1.2857142857142858,1.0,0.8099905283919411,receptions,0.6299926331937319,0.2857142857142858
144726,Gunnar Helm,TE,16,2.75,2.0,1.7320508075688772,receptions,0.6298366572977735,0.75
12247,Pharaoh Brown,TE,37,1.5675675675675675,1.0,0.9871547368444699,receptions,0.629736642469748,0.5675675675675675
147486,Mitchell Evans,TE,12,1.5833333333333333,1.0,0.9962049198956219,receptions,0.6291820546709191,0.5833333333333333
57279,Clyde Edwards-Helaire,HB,35,1.8285714285714285,2.0,1.1500822038577296,receptions,0.6289512052346959,-0.17142857142857149
61071,Cade Otton,TE,63,3.5873015873015874,3.0,2.2549938890906445,receptions,0.628604491206684,0.5873015873015874
47447,Van Jefferson,WR,75,2.1066666666666665,2.0,1.3210697276166863,receptions,0.627090060577541,0.10666666666666647
60878,Noah Gray,TE,80,1.7625,1.5,1.1051519169298267,receptions,0.6270365486126677,0.26249999999999996
57472,Salvon Ahmed,HB,18,1.7777777777777777,2.0,1.114374293206496,receptions,0.626835539928654,-0.22222222222222232
35883,Dawson Knox,TE,81,2.5185185185185186,2.0,1.5740958604156794,receptions,0.6250086504591668,0.5185185185185186
144800,Pat Bryant,WR,14,2.5,2.0,1.5566235649883124,receptions,0.622649425995325,0.5
138346,Jaleel McLaughlin,HB,31,1.967741935483871,2.0,1.2243058160373148,receptions,0.6221882015927337,-0.032258064516129004
10669,Hunter Henry,TE,83,3.2409638554216866,3.0,2.015733005002926,receptions,0.6219547933652151,0.24096385542168663
122676,Tre Harris,WR,17,1.8823529411764706,2.0,1.1663164740528442,receptions,0.6196056268405735,-0.11764705882352944
25578,Darius Slayton,WR,75,2.7066666666666666,3.0,1.6747192853384965,receptions,0.6187386522186563,-0.29333333333333345
9447,DeVante Parker,WR,34,3.0588235294117645,3.0,1.8900244742777763,receptions,0.6178926165908115,0.0588235294117645
83666,James Cook,HB,60,2.466666666666667,2.0,1.5234513299748895,receptions,0.617615404043874,0.4666666666666668
48209,Miles Boykin,WR,8,0.75,1.0,0.4629100498862757,receptions,0.6172133998483676,-0.25
42060,Irv Smith Jr.,TE,19,2.3684210526315788,2.0,1.4609938138050442,receptions,0.6168640547176854,0.36842105263157876
158540,Colston Loveland,TE,18,3.888888888888889,3.5,2.3982564472816716,receptions,0.616694515015287,0.38888888888888884
10744,Tyler Higbee,TE,67,3.5522388059701493,3.0,2.190084971988961,receptions,0.6165365257279848,0.5522388059701493
66272,Malachi Corley,WR,12,1.1666666666666667,1.0,0.7177405625652734,receptions,0.61520619648452,0.16666666666666674
45791,Saquon Barkley,HB,81,2.8641975308641974,3.0,1.7589278440271017,receptions,0.6141084283025657,-0.13580246913580263
10715,Austin Hooper,TE,80,2.1625,2.0,1.3259221772989411,receptions,0.6131432033752329,0.1625000000000001
66438,Brandon Zylstra,WR,9,2.0,2.0,1.224744871391589,receptions,0.6123724356957945,0.0
57488,Jonathan Taylor,HB,62,2.435483870967742,2.5,1.4889865377402358,receptions,0.6113719558933418,-0.06451612903225801
84000,Chigoziem Okonkwo,TE,65,2.9846153846153847,3.0,1.8242490551963062,receptions,0.611217466947216,-0.01538461538461533
9576,MyCole Pruitt,TE,34,1.3235294117647058,1.0,0.8060599359358184,receptions,0.6090230627070627,0.32352941176470584
83601,Jerome Ford,HB,40,2.775,2.0,1.686864790228553,receptions,0.607879203685965,0.7749999999999999
146567,Troy Franklin,WR,33,2.878787878787879,2.0,1.745665628019434,receptions,0.6063891128909613,0.8787878787878789
57206,Cam Akers,HB,31,1.5806451612903225,2.0,0.9582690488023043,receptions,0.6062518472014579,-0.4193548387096775
8755,Logan Thomas,TE,34,3.2941176470588234,3.0,1.992857120039283,receptions,0.6049744828690681,0.2941176470588234
91319,Hunter Luepke,FB,23,1.2173913043478262,1.0,0.7358681786057779,receptions,0.6044631467118889,0.21739130434782616
26075,Michael Gallup,WR,42,2.8333333333333335,3.0,1.7096093786717117,receptions,0.6033915454135452,-0.16666666666666652
11784,David Njoku,TE,68,4.102941176470588,4.0,2.4745854824436724,receptions,0.6031247770830457,0.10294117647058787
47124,Tyler Conklin,TE,73,3.26027397260274,3.0,1.965164661324521,receptions,0.6027605893978573,0.2602739726027399
145059,TreVeyon Henderson,HB,16,2.5,2.0,1.505545305418162,receptions,0.6022181221672648,0.5
57366,J.K. Dobbins,HB,29,1.9310344827586208,2.0,1.1628485493685208,receptions,0.6021894273515553,-0.06896551724137923
83644,Chris Brooks,HB,20,1.35,1.0,0.8127277008872491,receptions,0.6020205191757401,0.3500000000000001
61568,Marquise Brown,WR,62,4.387096774193548,4.0,2.6386461923088786,receptions,0.6014561173645239,0.38709677419354804
57136,Eno Benjamin,HB,15,2.2,2.0,1.320173148816905,receptions,0.600078704007684,0.20000000000000018
27589,Sony Michel,HB,20,1.65,1.5,0.9880869341680845,receptions,0.5988405661624755,0.1499999999999999
8738,Devonta Freeman,HB,12,2.8333333333333335,2.5,1.6966991126265962,receptions,0.5988349809270339,0.3333333333333335
40693,Rico Dowdle,HB,45,2.1777777777777776,2.0,1.3019022601368715,receptions,0.5978122623077472,0.1777777777777776
99248,Trey Palmer,WR,28,1.9285714285714286,2.0,1.1524071884721683,receptions,0.5975444680966798,-0.0714285714285714
45953,Josh Jacobs,HB,74,3.027027027027027,3.0,1.8054178203698021,receptions,0.5964326728007382,0.027027027027027195
129918,Chimere Dike,WR,16,3.0,3.0,1.7888543819998315,receptions,0.5962847939999438,0.0
101072,Ray Davis,HB,23,1.2608695652173914,1.0,0.7518094115561123,receptions,0.5962626367513993,0.26086956521739135
11028,Kalif Raymond,WR,69,2.5217391304347827,2.0,1.5010652653853167,receptions,0.5952500190321083,0.5217391304347827
48369,Parker Hesse,TE,13,1.0769230769230769,1.0,0.6405126152203486,receptions,0.5947617141331809,0.07692307692307687
25276,Samori Toure,WR,13,1.0769230769230769,1.0,0.6405126152203485,receptions,0.5947617141331808,0.07692307692307687
52286,Tucker Fisk,TE,13,1.0769230769230769,1.0,0.6405126152203485,receptions,0.5947617141331808,0.07692307692307687
11799,Gerald Everett,TE,54,3.1666666666666665,3.0,1.8808869846581973,receptions,0.5939643109446939,0.16666666666666652
83964,Kyle Pitts,TE,78,3.641025641025641,3.0,2.162095898580512,receptions,0.5938150707369012,0.641025641025641
8655,Brandin Cooks,WR,71,3.676056338028169,3.0,2.182885690923331,receptions,0.5938118163048143,0.676056338028169
32565,Jakob Johnson,FB,11,0.9090909090909091,1.0,0.5393598899705937,receptions,0.5932958789676531,-0.09090909090909094
99622,RJ Harvey,HB,19,2.9473684210526314,3.0,1.747178176073456,receptions,0.592792595453494,-0.052631578947368585
11860,James Conner,HB,54,3.074074074074074,3.0,1.8207592429600894,receptions,0.5922951754207519,0.07407407407407396
9506,Tevin Coleman,HB,8,1.75,2.0,1.0350983390135313,receptions,0.5914847651505893,-0.25
157196,Ashton Jeanty,HB,16,3.4375,3.0,2.0320351046836436,receptions,0.5911374849988781,0.4375
77787,Chase Brown,HB,40,3.425,3.0,2.0240540683971044,receptions,0.5909646915028043,0.4249999999999998
61103,Jerry Jeudy,WR,75,4.0,3.0,2.3595693606180697,receptions,0.5898923401545174,1.0
11778,Evan Engram,TE,78,4.423076923076923,4.0,2.606282274180464,receptions,0.5892464272060178,0.42307692307692335
131633,Rachaad White,HB,67,3.2238805970149254,3.0,1.8975334509958248,receptions,0.5885867648922234,0.22388059701492535
29413,Jeff Wilson Jr.,HB,29,1.6551724137931034,2.0,0.9737945687202026,receptions,0.5883342186017891,-0.3448275862068966
73774,Rome Odunze,WR,31,3.2903225806451615,3.0,1.9355197129297816,receptions,0.5882461872629728,0.2903225806451615
157170,Luther Burden III,WR,17,3.1176470588235294,3.0,1.8331105033922692,receptions,0.5879788407107278,0.11764705882352944
41193,Darrell Henderson,HB,24,2.4583333333333335,2.5,1.4440030912488488,receptions,0.5873910879656334,-0.04166666666666652
47436,Mark Andrews,TE,80,4.275,4.0,2.510610395294743,receptions,0.5872772854490627,0.27500000000000036
8731,Jerick McKinnon,HB,40,2.85,2.5,1.6725537053966,receptions,0.5868609492619649,0.3500000000000001
66581,Christian Watson,WR,50,2.76,3.0,1.6106786502234745,receptions,0.5835792210954618,-0.2400000000000002
45859,Travis Homer,HB,16,2.1875,2.0,1.2763881332363862,receptions,0.5834917180509194,0.1875
48228,Tre'Quan Smith,WR,19,2.6842105263157894,3.0,1.5653409844697797,receptions,0.5831662491161924,-0.3157894736842106
9448,Melvin Gordon III,HB,26,2.1538461538461537,2.0,1.2551432648843779,receptions,0.5827450872677469,0.15384615384615374
123000,Jordan Addison,WR,47,3.7872340425531914,3.0,2.196203940525818,receptions,0.5798965460938957,0.7872340425531914
144718,Xavier Worthy,WR,33,3.6363636363636362,3.0,2.1038384832577726,receptions,0.5785555828958875,0.6363636363636362
84329,Romeo Doubs,WR,63,3.5238095238095237,3.0,2.030867785734374,receptions,0.5763273446002954,0.5238095238095237
11844,D'Onta Foreman,HB,23,1.3478260869565217,1.0,0.7751067757631797,receptions,0.5750792207275204,0.34782608695652173
27126,Tony Pollard,HB,77,2.8701298701298703,3.0,1.6491676477181592,receptions,0.5745968727343812,-0.1298701298701297
9437,Amari Cooper,WR,65,4.276923076923077,4.0,2.4527261128416655,receptions,0.5734791271032671,0.2769230769230768
99467,Roschon Johnson,HB,18,2.7777777777777777,2.5,1.5924659219017216,receptions,0.5732877318846198,0.2777777777777777
42058,Jack Stoll,TE,27,1.0740740740740742,1.0,0.6155626523087467,receptions,0.5731100555977986,0.07407407407407418
11824,Cooper Kupp,WR,76,5.947368421052632,6.0,3.4054651638882065,receptions,0.5726003372909374,-0.05263157894736814
7962,Latavius Murray,HB,33,1.7878787878787878,2.0,1.0234004518508308,receptions,0.5724104222216512,-0.21212121212121215
47546,Christian Kirk,WR,70,4.3428571428571425,4.0,2.4782281789279006,receptions,0.5706446464636613,0.3428571428571425
9518,Tyler Kroft,TE,13,1.5384615384615385,1.0,0.8770580193070291,receptions,0.5700877125495689,0.5384615384615385
11932,Trent Taylor,WR,8,1.125,1.0,0.6408699444616557,receptions,0.569662172854805,0.125
129423,Tip Reiman,TE,8,1.125,1.0,0.6408699444616557,receptions,0.569662172854805,0.125
77887,Brevin Jordan,TE,29,1.8620689655172413,2.0,1.0597889928469753,receptions,0.5691459406030053,-0.13793103448275867
7912,Kyle Juszczyk,FB,67,1.7611940298507462,2.0,1.0013559328262058,receptions,0.5685665042318288,-0.23880597014925375
42353,Luke Farrell,TE,42,1.1428571428571428,1.0,0.6466208061135635,receptions,0.5657932053493682,0.1428571428571428
12164,Austin Ekeler,HB,64,4.40625,4.0,2.492647919541316,receptions,0.5657073292576036,0.40625
52595,Erick All,TE,8,2.5,2.0,1.4142135623730951,receptions,0.565685424949238,0.5
122624,Deuce Vaughn,HB,8,1.25,1.0,0.7071067811865476,receptions,0.565685424949238,0.25
83639,Tyler Allgeier,HB,39,1.564102564102564,1.0,0.882427029780927,receptions,0.5641746583845271,0.5641025641025641
99143,Eric Gray,HB,11,1.4545454545454546,1.0,0.8201995322647244,receptions,0.563887178431998,0.4545454545454546
9519,David Johnson,HB,15,2.4,2.0,1.3522468075656267,receptions,0.5634361698190111,0.3999999999999999
11760,Corey Davis,WR,22,3.0,2.5,1.6903085094570334,receptions,0.5634361698190111,0.5
124305,De'Von Achane,HB,44,4.0,3.5,2.2516144078994667,receptions,0.5629036019748667,0.5
11822,Alvin Kamara,HB,65,4.3076923076923075,4.0,2.4233440023748494,receptions,0.5625620005513043,0.3076923076923075
9207,Cameron Brate,TE,28,1.9642857142857142,2.0,1.1049431980420854,receptions,0.5625165371850617,-0.03571428571428581
57373,Chuba Hubbard,HB,62,2.467741935483871,2.0,1.387505627641624,receptions,0.562257182443011,0.467741935483871
20994,Ross Dwelley,TE,12,0.9166666666666666,1.0,0.5149286505444373,receptions,0.561740346048477,-0.08333333333333337
104155,Demario Douglas,WR,49,3.142857142857143,3.0,1.7559422921421235,receptions,0.5587089111361302,0.1428571428571428
129787,Theo Johnson,TE,25,2.96,3.0,1.645195023900409,receptions,0.5558091296960841,-0.040000000000000036
123578,Tyler Scott,WR,13,1.3846153846153846,1.0,0.7679476477883045,receptions,0.5546288567359977,0.3846153846153846
40912,T.J. Hockenson,TE,71,4.915492957746479,5.0,2.724211439629245,receptions,0.5542092040506487,-0.08450704225352101
48262,Calvin Ridley,WR,46,4.086956521739131,4.0,2.2590665422939793,receptions,0.552750324178314,0.08695652173913082
7469,Brandon Bolden,HB,20,2.7,2.0,1.4903196407411892,receptions,0.5519702373115515,0.7000000000000002
9601,Michael Burton,FB,16,1.125,1.0,0.6191391873668903,receptions,0.5503459443261247,0.125
91791,Dalton Kincaid,TE,48,3.7291666666666665,4.0,2.0498010628261265,receptions,0.5496673241097993,-0.2708333333333335
48164,Courtland Sutton,WR,84,4.142857142857143,4.0,2.2768762004900496,receptions,0.5495908070148395,0.14285714285714324
7092,T.Y. Hilton,WR,15,2.2,2.0,1.2071217242444348,receptions,0.5486916928383794,0.20000000000000018
42388,Noah Fant,TE,74,3.1486486486486487,3.0,1.7255726262779532,receptions,0.5480359413929979,0.14864864864864868
62946,Jordan Mason,HB,21,1.3333333333333333,1.0,0.7302967433402214,receptions,0.5477225575051661,0.33333333333333326
11901,George Kittle,TE,81,4.407407407407407,4.0,2.412352471021688,receptions,0.5473404766183663,0.40740740740740744
7816,Zach Ertz,TE,68,4.1911764705882355,4.0,2.2937771296776273,receptions,0.547287174800276,0.1911764705882355
144970,Bucky Irving,HB,26,3.0384615384615383,3.0,1.6608616855299956,receptions,0.5466127066301252,0.038461538461538325
10770,Devontae Booker,HB,16,2.5,2.0,1.3662601021279464,receptions,0.5465040408511785,0.5
129574,Blake Corum,HB,16,1.25,1.0,0.6831300510639732,receptions,0.5465040408511785,0.25
13750,Joshua Kelley,HB,24,1.2083333333333333,1.0,0.6580053301400784,receptions,0.5445561352883408,0.20833333333333326
5619,Jimmy Graham,TE,15,1.3333333333333333,1.0,0.7237468644557459,receptions,0.5428101483418094,0.33333333333333326
97432,Bam Knight,HB,15,2.4,2.0,1.2983506020002014,receptions,0.5409794175000839,0.3999999999999999
150568,Bhayshul Tuten,HB,9,1.1111111111111112,1.0,0.6009252125773314,receptions,0.5408326913195983,0.11111111111111116
145056,Marvin Harrison Jr.,WR,29,3.5517241379310347,4.0,1.91956481110678,receptions,0.5404599953601613,-0.4482758620689653
102585,Xavier Smith,WR,11,1.8181818181818181,2.0,0.9816498172140428,receptions,0.5399073994677236,-0.18181818181818188
5606,Emmanuel Sanders,WR,16,2.8125,3.0,1.5152007567755943,receptions,0.5387380468535446,-0.1875
47304,Dalton Schultz,TE,90,4.055555555555555,4.0,2.1793778676808957,receptions,0.5373808440857003,0.05555555555555536
10832,Derek Watt,FB,8,1.0,1.0,0.5345224838248488,receptions,0.5345224838248488,0.0
82482,Scott Matlock,FB,8,1.0,1.0,0.5345224838248488,receptions,0.5345224838248488,0.0
84147,Dax Milne,WR,15,1.0,1.0,0.5345224838248488,receptions,0.5345224838248488,0.0
97108,Malik Washington,WR,28,2.5714285714285716,3.0,1.3724423061090343,receptions,0.5337275634868466,-0.4285714285714284
11937,Aaron Jones,HB,74,3.189189189189189,3.0,1.7015357742681763,receptions,0.5335324037959536,0.18918918918918903
84085,Pat Freiermuth,TE,78,3.5128205128205128,3.0,1.870784193816459,receptions,0.532559004079138,0.5128205128205128
11803,Joe Mixon,HB,67,3.2686567164179103,3.0,1.7371353077237737,receptions,0.5314523544177755,0.26865671641791034
146760,Brian Thomas Jr.,WR,32,4.28125,4.0,2.275172804496964,receptions,0.53142722440805,0.28125
86519,Drake London,WR,62,4.983870967741935,5.0,2.6394978129161637,receptions,0.5296079754071268,-0.016129032258064946
84088,Jaylen Waddle,WR,80,4.725,4.0,2.490361165408988,receptions,0.5270605641077224,0.7249999999999996
84068,Greg Dulcich,TE,23,2.9130434782608696,3.0,1.534839152907054,receptions,0.5268850823412274,-0.08695652173913038
78874,Tank Dell,WR,24,4.083333333333333,4.0,2.1450988964060187,receptions,0.5253303419769842,0.08333333333333304
46027,Gus Edwards,HB,17,1.0588235294117647,1.0,0.5557189302262112,receptions,0.524845656324755,0.05882352941176472
61211,Tee Higgins,WR,74,4.77027027027027,5.0,2.5023128879033187,receptions,0.5245641748012623,-0.22972972972972983
35134,Damien Harris,HB,24,1.5833333333333333,1.5,0.8297022339981068,receptions,0.5240224635777517,0.08333333333333326
75916,Trey McBride,TE,59,5.88135593220339,6.0,3.0798832588865075,receptions,0.5236689114533255,-0.11864406779660985
33441,Diontae Johnson,WR,60,4.783333333333333,5.0,2.504854044712133,receptions,0.5236628664903414,-0.21666666666666679
61441,Nico Collins,WR,71,4.436619718309859,4.0,2.322144294558047,receptions,0.5234039521067344,0.436619718309859
122832,Josh Downs,WR,47,4.212765957446808,4.0,2.196203940525818,receptions,0.5213211373975426,0.21276595744680815
11759,Leonard Fournette,HB,32,4.75,4.5,2.4756882392709536,receptions,0.5211975240570429,0.25
5567,Rob Gronkowski,TE,14,4.571428571428571,4.5,2.3766261061327354,receptions,0.519886960716536,0.07142857142857117
42873,Avery Williams,HB,10,1.3,1.0,0.6749485577105528,receptions,0.5191911982388868,0.30000000000000004
10689,Tyler Boyd,WR,70,3.6,3.0,1.8603412496682947,receptions,0.516761458241193,0.6000000000000001
101735,Wan'Dale Robinson,WR,54,4.962962962962963,5.0,2.5250665073472636,receptions,0.508782057450568,-0.0370370370370372
84109,Brandon Aiyuk,WR,65,3.9692307692307693,4.0,2.0153258946231154,receptions,0.5077371439941957,-0.03076923076923066
9637,Darren Waller,TE,40,4.15,4.0,2.0945594971686736,receptions,0.5047131318478731,0.15000000000000036
83714,Tyler Badie,HB,17,1.411764705882353,1.0,0.7122871199007256,receptions,0.5045367099296806,0.41176470588235303
47272,Dallas Goedert,TE,76,4.197368421052632,4.0,2.1167253756190183,receptions,0.5042982086114275,0.19736842105263186
77975,A.T. Perry,WR,8,1.5,1.0,0.7559289460184544,receptions,0.5039526306789696,0.5
11395,Jalen Richard,HB,9,1.4444444444444444,1.0,0.726483157256779,receptions,0.502949878100847,0.4444444444444444
98692,Jaylen Warren,HB,63,2.761904761904762,3.0,1.3879003138215622,receptions,0.5025156308664277,-0.23809523809523814
123126,Bijan Robinson,HB,50,3.96,4.0,1.9893594497747669,receptions,0.5023634974178705,-0.040000000000000036
146715,Brock Bowers,TE,29,6.068965517241379,5.0,3.046438605542528,receptions,0.5019699975041666,1.068965517241379
7857,Keenan Allen,WR,73,6.027397260273973,5.0,3.018335646693969,receptions,0.5007693232014994,1.0273972602739727
99229,George Pickens,WR,66,4.196969696969697,4.0,2.0992284074773537,receptions,0.5001771656805247,0.19696969696969724
104034,Tucker Kraft,TE,38,3.236842105263158,3.0,1.6012530655086514,receptions,0.4946960690189329,0.23684210526315796
29049,Michael Pittman Jr.,WR,82,5.426829268292683,5.0,2.671433183600412,receptions,0.49226409225895235,0.42682926829268286
48274,Deebo Samuel,WR,82,4.2926829268292686,4.0,2.099310909152133,receptions,0.4890440186093037,0.29268292682926855
77885,James Mitchell,TE,13,1.2307692307692308,1.0,0.5991446895152781,receptions,0.48680506023116343,0.23076923076923084
57185,Travis Etienne Jr.,HB,66,2.6818181818181817,3.0,1.3027673611212391,receptions,0.48577766007910617,-0.31818181818181834
48327,A.J. Brown,WR,84,5.178571428571429,5.0,2.508591090611766,receptions,0.48441758991123757,0.17857142857142883
8698,Jarvis Landry,WR,21,3.6666666666666665,4.0,1.7701224063135672,receptions,0.48276065626733655,-0.3333333333333335
122616,Ben Sinnott,TE,13,1.3076923076923077,1.0,0.6304251719561151,receptions,0.4820898373782057,0.3076923076923077
158735,Tetairoa McMillan,WR,18,4.166666666666667,4.0,2.007339474206065,receptions,0.4817614738094556,0.16666666666666696
97195,Tyjae Spears,HB,39,3.2564102564102564,3.0,1.568068686699606,receptions,0.4815329037896428,0.2564102564102564
62942,Ty Chandler,HB,14,2.142857142857143,2.0,1.027105182026191,receptions,0.47931575161222245,0.1428571428571428
48267,DJ Moore,WR,87,4.724137931034483,5.0,2.2448372560912304,receptions,0.4751845286616473,-0.2758620689655169
129758,Jaxon Smith-Njigba,WR,54,5.537037037037037,5.0,2.6186051519842786,receptions,0.4729253451744182,0.5370370370370372
154173,Emanuel Wilson,HB,23,1.391304347826087,1.0,0.6563764465043607,receptions,0.47177057092500924,0.3913043478260869
78171,Jayden Reed,WR,42,3.5714285714285716,4.0,1.6841131000612486,receptions,0.4715516680171496,-0.4285714285714284
97405,Garrett Wilson,WR,58,5.431034482758621,5.0,2.555434998953759,receptions,0.4705245394898984,0.431034482758621
83701,Hassan Haskins,HB,13,1.3846153846153846,1.0,0.6504436355879909,receptions,0.4697648479246601,0.3846153846153846
84270,Ja'Marr Chase,WR,85,6.647058823529412,6.0,3.11565128234295,receptions,0.46872629911354113,0.6470588235294121
123826,Keaton Mitchell,HB,15,1.2666666666666666,1.0,0.5936168397046637,receptions,0.4686448734510503,0.2666666666666666
48297,N'Keal Harry,WR,15,1.2666666666666666,1.0,0.5936168397046636,receptions,0.4686448734510502,0.2666666666666666
97268,Zay Flowers,WR,52,4.730769230769231,5.0,2.215058841473868,receptions,0.4682238201489477,-0.26923076923076916
61100,DeVonta Smith,WR,90,4.844444444444444,5.0,2.268054212890256,receptions,0.46817632834890605,-0.1555555555555559
10799,Tyreek Hill,WR,76,6.394736842105263,6.0,2.9936775482937192,receptions,0.46814710631753637,0.39473684210526283
10681,Michael Thomas,WR,13,4.230769230769231,5.0,1.9644272343292224,receptions,0.4643191644778162,-0.7692307692307692
124030,Ladd McConkey,WR,34,4.705882352941177,5.0,2.1815953540402613,receptions,0.4635890127335555,-0.2941176470588234
11763,Christian McCaffrey,HB,69,5.043478260869565,5.0,2.3100469985586596,receptions,0.4580265600590446,0.04347826086956541
5012,Jared Cook,TE,16,3.0,3.0,1.3662601021279466,receptions,0.45542003404264886,0.0
145055,Emeka Egbuka,WR,17,3.7058823529411766,4.0,1.6868871436151611,receptions,0.45519176891202756,-0.2941176470588234
8688,Davante Adams,WR,82,5.987804878048781,6.0,2.7238947353667373,receptions,0.4549070637476017,-0.012195121951219079
8642,Mike Evans,WR,76,4.934210526315789,5.0,2.2350870307636166,receptions,0.4529776382347596,-0.06578947368421062
47864,D.K. Metcalf,WR,82,4.487804878048781,4.0,2.0321119734326913,receptions,0.4528075592975018,0.4878048780487809
61570,CeeDee Lamb,WR,82,6.353658536585366,6.0,2.864736435507851,receptions,0.45087982286303985,0.3536585365853657
101690,Sam LaPorta,TE,46,4.630434782608695,4.5,2.069446470835178,receptions,0.44692271201135303,0.13043478260869534
11839,Chris Godwin,WR,65,5.938461538461539,6.0,2.6272426317631656,receptions,0.44241132400156935,-0.06153846153846132
48229,Terry McLaurin,WR,81,4.530864197530864,4.0,2.000540050543143,receptions,0.44153608744957656,0.5308641975308639
84355,Chris Olave,WR,55,5.290909090909091,5.0,2.330734483445773,receptions,0.4405168267681014,0.290909090909091
7844,Travis Kelce,TE,94,5.98936170212766,6.0,2.6212312663394997,receptions,0.43764784908687915,-0.010638297872340274
163104,Harold Fannin Jr.,TE,16,4.5,4.0,1.9663841605003503,receptions,0.4369742578889667,0.5
61398,Justin Jefferson,WR,80,6.2875,6.0,2.705801315598332,receptions,0.4303461336935717,0.28749999999999964
157263,Elic Ayomanor,WR,16,2.5625,2.5,1.0935416468216166,receptions,0.426747959735265,0.0625
77918,Ben Sims,TE,12,1.0,1.0,0.4264014327112209,receptions,0.4264014327112209,0.0
47468,Jakobi Meyers,WR,79,4.936708860759493,5.0,2.089913334921949,receptions,0.42334141912521533,-0.06329113924050667
78196,Derius Davis,WR,25,1.24,1.0,0.5228129047119374,receptions,0.42162331025156247,0.24
9579,Stefon Diggs,WR,85,5.776470588235294,6.0,2.40226317195659,receptions,0.4158704065505298,-0.22352941176470598
100632,Puka Nacua,WR,50,7.14,7.0,2.962417655791792,receptions,0.4149044335842846,0.13999999999999968
84470,Amon-Ra St. Brown,WR,85,6.788235294117647,7.0,2.7821459585100463,receptions,0.4098481914616186,-0.21176470588235308
157792,Ollie Gordon II,HB,8,0.875,1.0,0.3535533905932738,receptions,0.4040610178208843,-0.125
146759,Malik Nabers,WR,19,6.684210526315789,7.0,2.6677629325574426,receptions,0.3991141395164678,-0.3157894736842106
97605,Rashee Rice,WR,31,5.870967741935484,6.0,2.3344083545068544,receptions,0.3976190054379807,-0.12903225806451601
27414,Rashaad Penny,HB,8,1.375,1.0,0.5175491695067657,receptions,0.3763993960049205,0.375
34001,Ronald Jones,HB,9,1.2222222222222223,1.0,0.4409585518440984,receptions,0.36078426969062594,0.22222222222222232
109374,Jackson Hawes,TE,13,1.2307692307692308,1.0,0.4385290096535146,receptions,0.3563048203434806,0.23076923076923084
129798,Tyler Warren,TE,17,4.470588235294118,4.0,1.5458673560021057,receptions,0.34578611910573415,0.47058823529411775
158290,LeQuint Allen,HB,10,1.1,1.0,0.31622776601683794,receptions,0.28747978728803447,0.10000000000000009
83665,Zamir White,HB,37,5.351351351351352,2.0,6.621581785747674,rush_attempts,1.2373662932962823,3.3513513513513518
99143,Eric Gray,HB,12,2.5833333333333335,1.0,3.146667308679955,rush_attempts,1.218064764650305,1.5833333333333335
12329,Dare Ogunbowale,HB,41,3.3658536585365852,2.0,4.0543562840540766,rush_attempts,1.2045551278711388,1.3658536585365852
45734,D'Ernest Johnson,HB,43,4.441860465116279,3.0,5.333194904072824,rush_attempts,1.2006669155766045,1.441860465116279
143951,Brashard Smith,HB,11,4.0,2.0,4.58257569495584,rush_attempts,1.14564392373896,2.0
10927,Peyton Barber,HB,8,6.875,5.0,7.642690251849429,rush_attempts,1.1116640366326442,1.875
83714,Tyler Badie,HB,10,2.3,1.0,2.540778533354601,rush_attempts,1.1046863188498266,1.2999999999999998
77763,Emari Demercado,HB,30,4.2,3.0,4.413146504362338,rush_attempts,1.0507491677053185,1.2000000000000002
9487,Ameer Abdullah,HB,43,3.488372093023256,2.0,3.6277507988077518,rush_attempts,1.0399552289915555,1.4883720930232558
101659,Tyler Goodson,HB,13,4.153846153846154,2.0,4.278748918514886,rush_attempts,1.030069184086917,2.153846153846154
99146,Isaiah Spiller,HB,14,3.9285714285714284,2.5,3.98968450100787,rush_attempts,1.0155560548020033,1.4285714285714284
9205,Damien Williams,HB,12,4.416666666666667,2.0,4.440686542607683,rush_attempts,1.005438462477211,2.416666666666667
45954,Benny Snell Jr.,HB,16,3.625,2.0,3.6124783736376886,rush_attempts,0.9965457582448797,1.625
83701,Hassan Haskins,HB,21,3.6666666666666665,2.0,3.637764881535547,rush_attempts,0.9921176949642402,1.6666666666666665
145632,Carson Steele,HB,12,4.666666666666667,2.5,4.559372630952507,rush_attempts,0.9770084209183942,2.166666666666667
158290,LeQuint Allen,HB,10,2.4,1.0,2.3190036174568114,rush_attempts,0.9662515072736715,1.4
45859,Travis Homer,HB,22,2.1363636363636362,1.0,1.9831541626662395,rush_attempts,0.9282849272054738,1.1363636363636362
11300,Elijhaa Penny,FB,8,3.0,2.0,2.7774602993176543,rush_attempts,0.9258200997725514,1.0
25582,JaMycal Hasty,HB,30,2.8666666666666667,2.5,2.6226248148639617,rush_attempts,0.9148691214641727,0.3666666666666667
40498,Tony Jones Jr.,HB,20,4.7,3.0,4.268612494895613,rush_attempts,0.908215424445875,1.7000000000000002
10790,Jonathan Williams,HB,13,4.230769230769231,3.0,3.8330546164003056,rush_attempts,0.9059947275127995,1.2307692307692308
11869,Samaje Perine,HB,72,4.513888888888889,3.5,4.087056365400324,rush_attempts,0.9054401794117639,1.0138888888888893
57133,Gary Brightwell,HB,13,3.230769230769231,2.0,2.9198700357449177,rush_attempts,0.9037692967781887,1.2307692307692308
57372,Trey Sermon,HB,21,6.380952380952381,5.0,5.757396898566143,rush_attempts,0.9022786184320074,1.3809523809523814
9527,Ty Montgomery,WR,9,2.0,1.0,1.8027756377319946,rush_attempts,0.9013878188659973,1.0
45775,Trayveon Williams,HB,21,2.1904761904761907,2.0,1.96517295979381,rush_attempts,0.897144177297174,0.1904761904761907
40692,Darrynton Evans,HB,11,4.636363636363637,3.0,4.153859103838918,rush_attempts,0.8959303949456489,1.6363636363636367
94383,Craig Reynolds,HB,26,5.923076923076923,4.0,5.306019803378626,rush_attempts,0.895821525245742,1.9230769230769234
27589,Sony Michel,HB,31,8.709677419354838,7.0,7.7939872054770385,rush_attempts,0.8948651976658822,1.709677419354838
91399,Trey Lance,QB,16,5.1875,3.0,4.636359922755494,rush_attempts,0.893756129687806,2.1875
144558,Devin Neal,HB,8,7.125,5.5,6.311836952447815,rush_attempts,0.8858718529751319,1.625
83806,Isaac Guerendo,HB,13,6.461538461538462,5.0,5.695252183696297,rush_attempts,0.8814080760482365,1.4615384615384617
163772,Dylan Sampson,HB,15,4.333333333333333,3.0,3.8110116142317807,rush_attempts,0.8794642186688725,1.333333333333333
154173,Emanuel Wilson,HB,42,6.142857142857143,4.0,5.312532024908597,rush_attempts,0.8648307947525622,2.1428571428571432
57156,Caleb Huntley,HB,12,6.333333333333333,5.5,5.432784876575872,rush_attempts,0.8578081384067167,0.833333333333333
123974,Tank Bigsby,HB,40,7.125,4.5,6.026384296765988,rush_attempts,0.8458083223531211,2.625
7971,Rex Burkhead,HB,18,8.222222222222221,6.0,6.949867163822,rush_attempts,0.845254114518892,2.2222222222222214
146934,Jaylen Wright,HB,22,6.2727272727272725,5.0,5.284134548067254,rush_attempts,0.842398261286084,1.2727272727272725
77761,Keaontay Ingram,HB,17,3.6470588235294117,2.0,3.0606612126832213,rush_attempts,0.8392135583163671,1.6470588235294117
83644,Chris Brooks,HB,21,3.9523809523809526,3.0,3.308718641350311,rush_attempts,0.8371456803416449,0.9523809523809526
8697,Jimmy Garoppolo,QB,36,2.611111111111111,2.0,2.181451388119882,rush_attempts,0.8354494677905931,0.6111111111111112
57189,Deon Jackson,HB,16,5.9375,4.5,4.9594186487262135,rush_attempts,0.8352705092591518,1.4375
123056,Sean Tucker,HB,28,5.392857142857143,4.0,4.466660743895623,rush_attempts,0.8282549723779963,1.3928571428571432
101072,Ray Davis,HB,28,6.357142857142857,5.0,5.264938434547618,rush_attempts,0.8281925627378276,1.3571428571428568
55632,DeeJay Dallas,HB,35,2.742857142857143,2.0,2.2666749052412483,rush_attempts,0.8263918925358718,0.7428571428571429
66619,Pierre Strong Jr.,HB,25,3.96,3.0,3.2336769576855797,rush_attempts,0.8165850903246413,0.96
25512,J.J. Taylor,HB,9,4.333333333333333,3.0,3.5355339059327378,rush_attempts,0.8158924398306319,1.333333333333333
10707,Kenyan Drake,HB,26,6.6923076923076925,6.0,5.438891289733456,rush_attempts,0.8127078938682175,0.6923076923076925
77652,Clayton Tune,QB,11,1.8181818181818181,1.0,1.4709304414677,rush_attempts,0.8090117428072351,0.8181818181818181
144138,Will Shipley,HB,12,4.0,3.0,3.2192602199319587,rush_attempts,0.8048150549829897,1.0
42312,Chase Claypool,WR,13,1.7692307692307692,1.0,1.4232501627054275,rush_attempts,0.8044457441378503,0.7692307692307692
8692,Carlos Hyde,HB,10,7.2,7.0,5.769652406245015,rush_attempts,0.8013406119784743,0.20000000000000018
40448,Patrick Taylor,HB,23,4.6521739130434785,4.0,3.712493595368506,rush_attempts,0.7980126419950994,0.6521739130434785
147476,Audric Estime,HB,18,6.777777777777778,5.0,5.385771620456294,rush_attempts,0.7946220423624041,1.7777777777777777
34001,Ronald Jones,HB,21,5.666666666666667,5.0,4.498147766951785,rush_attempts,0.7937907824032562,0.666666666666667
45691,Dontrell Hilliard,HB,17,4.588235294117647,3.0,3.6410648087031454,rush_attempts,0.7935654070250445,1.5882352941176467
29539,Justin Jackson,HB,24,4.583333333333333,3.5,3.6225941541659203,rush_attempts,0.7903841790907463,1.083333333333333
4474,Josh Johnson,QB,9,3.2222222222222223,2.0,2.5385910352879693,rush_attempts,0.7878385971583353,1.2222222222222223
41668,Khalil Herbert,HB,49,8.489795918367347,6.0,6.658711239733232,rush_attempts,0.7843193527570392,2.4897959183673475
57196,Malik Davis,HB,15,6.0,5.0,4.69041575982343,rush_attempts,0.7817359599705717,1.0
7469,Brandon Bolden,HB,23,2.8260869565217392,2.0,2.187821122674826,rush_attempts,0.7741520895618614,0.8260869565217392
57208,Ronnie Rivers,HB,15,5.2,3.0,4.021371478914697,rush_attempts,0.773340669022057,2.2
10636,Carson Wentz,QB,29,3.793103448275862,3.0,2.932323680545462,rush_attempts,0.7730671521438036,0.7931034482758621
77745,Jaret Patterson,HB,21,6.0,4.0,4.626013402488152,rush_attempts,0.7710022337480252,2.0
39462,Boston Scott,HB,34,5.205882352941177,4.0,4.013457753266491,rush_attempts,0.7709466870681394,1.2058823529411766
698,Tom Brady,QB,28,2.0714285714285716,1.0,1.5853162186855696,rush_attempts,0.7653250710895853,1.0714285714285716
123727,Kimani Vidal,HB,22,9.5,5.5,7.248973654774795,rush_attempts,0.7630498583973468,4.0
13014,Darrel Williams,HB,23,7.217391304347826,5.0,5.493438414385677,rush_attempts,0.761139057414883,2.217391304347826
45817,Alexander Mattison,HB,62,8.387096774193548,7.0,6.359077257295411,rush_attempts,0.7581976729852221,1.387096774193548
45866,Ke'Shawn Vaughn,HB,18,5.333333333333333,4.0,4.029304421069108,rush_attempts,0.7554945789504578,1.333333333333333
48103,Nyheim Miller-Hines,HB,28,2.9285714285714284,2.0,2.209886396084171,rush_attempts,0.7545953547604486,0.9285714285714284
8731,Jerick McKinnon,HB,36,4.416666666666667,3.5,3.3327380420823443,rush_attempts,0.7545821982073232,0.916666666666667
45914,Myles Gaskin,HB,22,8.590909090909092,5.5,6.478235289608772,rush_attempts,0.7540802982613385,3.0909090909090917
91319,Hunter Luepke,FB,17,2.0,2.0,1.5,rush_attempts,0.75,0.0
157792,Ollie Gordon II,HB,16,4.375,3.0,3.263433774416144,rush_attempts,0.7459277198665473,1.375
40341,Zack Moss,HB,49,9.122448979591837,8.0,6.747322472226868,rush_attempts,0.7396393761501487,1.1224489795918373
62946,Jordan Mason,HB,46,8.630434782608695,7.0,6.378291988898924,rush_attempts,0.7390464269253161,1.6304347826086953
62942,Ty Chandler,HB,25,7.24,7.0,5.340724045795039,rush_attempts,0.7376690670987622,0.2400000000000002
12271,Matt Breida,HB,39,3.641025641025641,3.0,2.6802118876094725,rush_attempts,0.7361145325124607,0.641025641025641
11917,Jeremy McNichols,HB,42,3.4523809523809526,2.0,2.5394677851517358,rush_attempts,0.7355699791473993,1.4523809523809526
57308,Larry Rountree III,HB,10,4.9,4.0,3.6040101122068022,rush_attempts,0.7355122677973065,0.9000000000000004
13750,Joshua Kelley,HB,39,5.538461538461538,5.0,4.0707309174679125,rush_attempts,0.7349930823205953,0.5384615384615383
156419,Kaleb Johnson,HB,10,2.8,2.0,2.043961295567452,rush_attempts,0.7299861769883759,0.7999999999999998
83659,Dameon Pierce,HB,40,10.7,10.5,7.769763881176234,rush_attempts,0.7261461571192743,0.1999999999999993
10841,Jeff Driskel,QB,8,3.375,2.5,2.445841952609133,rush_attempts,0.7246939118841875,0.875
60341,Malik Willis,QB,18,4.111111111111111,3.5,2.968241485516276,rush_attempts,0.7220046856661213,0.6111111111111107
2241,Aaron Rodgers,QB,49,2.2448979591836733,2.0,1.6141382149217423,rush_attempts,0.7190252048287762,0.2448979591836733
77737,Kenneth Gainwell,HB,84,5.369047619047619,4.5,3.8520210996205577,rush_attempts,0.7174496061377535,0.8690476190476186
11795,Curtis Samuel,WR,27,2.0,1.0,1.4142135623730947,rush_attempts,0.7071067811865474,1.0
45865,Justice Hill,HB,53,4.264150943396227,4.0,3.0073687924331827,rush_attempts,0.7052679026502596,0.2641509433962268
57279,Clyde Edwards-Helaire,HB,44,6.909090909090909,6.5,4.859984600502838,rush_attempts,0.7034188237569897,0.40909090909090917
138299,Isaiah Davis,HB,21,3.4761904761904763,3.0,2.441701202421124,rush_attempts,0.7024071952170357,0.4761904761904763
9435,Marcus Mariota,QB,37,4.756756756756757,5.0,3.3367100014285977,rush_attempts,0.7014674434821484,-0.24324324324324298
31615,Mike Boone,HB,17,2.7058823529411766,2.0,1.8962036376122995,rush_attempts,0.7007709095523715,0.7058823529411766
45769,Ty Johnson,HB,66,3.742424242424242,3.0,2.6095128107670043,rush_attempts,0.697278726763653,0.7424242424242422
45851,Chase Edmonds,HB,41,6.146341463414634,5.0,4.275283473699469,rush_attempts,0.6955818350066596,1.1463414634146343
29413,Jeff Wilson Jr.,HB,37,8.702702702702704,9.0,6.008627430919943,rush_attempts,0.6904323445467014,-0.2972972972972965
10674,Sterling Shepard,WR,10,1.4,1.0,0.9660917830792958,rush_attempts,0.6900655593423541,0.3999999999999999
32342,Derrick Gore,HB,10,5.7,4.5,3.9171985454460234,rush_attempts,0.6872278149905304,1.2000000000000002
10770,Devontae Booker,HB,16,9.0625,8.0,6.191055375835906,rush_attempts,0.6831509380232724,1.0625
40547,Kene Nwangwu,HB,13,3.076923076923077,2.0,2.1000610491736684,rush_attempts,0.6825198409814422,1.076923076923077
46401,Jake Browning,QB,15,2.533333333333333,2.0,1.7265434778633235,rush_attempts,0.6815303202092067,0.5333333333333332
27414,Rashaad Penny,HB,18,10.38888888888889,9.0,7.06390067954367,rush_attempts,0.6799476589935083,1.3888888888888893
109239,Julius Chestnut,HB,16,2.625,2.0,1.784189825476352,rush_attempts,0.6796913620862293,0.625
60545,Tommy DeVito,QB,10,4.4,4.0,2.9888682361946524,rush_attempts,0.6792882354987846,0.40000000000000036
11844,D'Onta Foreman,HB,45,11.555555555555555,10.0,7.797305932049851,rush_attempts,0.674766859504314,1.5555555555555554
48274,Deebo Samuel,WR,70,3.4714285714285715,3.0,2.3388429479988013,rush_attempts,0.6737407669132349,0.47142857142857153
7810,Cordarrelle Patterson,HB,52,7.288461538461538,7.0,4.892317059858037,rush_attempts,0.6712413907984642,0.2884615384615383
78050,Antonio Gibson,HB,68,9.073529411764707,7.0,6.0798570693887735,rush_attempts,0.6700652847948729,2.0735294117647065
57385,Raheem Blackshear,HB,17,3.0588235294117645,3.0,2.0454396909739883,rush_attempts,0.668701437433804,0.0588235294117645
82134,Michael Penix Jr.,QB,12,2.3333333333333335,2.0,1.5569978883230458,rush_attempts,0.6672848092813053,0.3333333333333335
83574,Dorian Thompson-Robinson,QB,10,3.5,3.0,2.3213980461973533,rush_attempts,0.6632565846278152,0.5
12112,Taysom Hill,QB,11,6.363636363636363,6.0,4.201731244921009,rush_attempts,0.6602720527733015,0.3636363636363633
12134,P.J. Walker,QB,12,2.25,2.0,1.4847711791873706,rush_attempts,0.6598983018610536,0.25
99141,Kevin Harris,HB,9,3.7777777777777777,3.0,2.488864087178013,rush_attempts,0.6588169642530035,0.7777777777777777
40693,Rico Dowdle,HB,51,11.117647058823529,9.0,7.312036812881975,rush_attempts,0.6576964329047279,2.117647058823529
8738,Devonta Freeman,HB,16,8.3125,7.5,5.449388344881775,rush_attempts,0.6555655151737473,0.8125
9519,David Johnson,HB,16,4.9375,4.5,3.2345787979271736,rush_attempts,0.6551045666687947,0.4375
12660,Phillip Lindsay,HB,17,6.0588235294117645,5.0,3.9602807387118104,rush_attempts,0.6536385685252503,1.0588235294117645
97195,Tyjae Spears,HB,42,6.095238095238095,5.0,3.980498337532465,rush_attempts,0.6530505085014201,1.095238095238095
60516,Aidan O'Connell,QB,13,3.0,3.0,1.957890020745122,rush_attempts,0.6526300069150407,0.0
45747,Royce Freeman,HB,24,7.25,6.0,4.711226185815434,rush_attempts,0.649824301491784,1.25
57272,Elijah Mitchell,HB,34,12.088235294117647,10.0,7.848441833618074,rush_attempts,0.6492628280851935,2.0882352941176467
12112,Taysom Hill,TE,52,5.153846153846154,4.5,3.3336349788100224,rush_attempts,0.6468246973810491,0.6538461538461542
60515,Kenny Pickett,QB,35,3.3142857142857145,3.0,2.138875853331929,rush_attempts,0.645350472988082,0.3142857142857145
55086,Desmond Ridder,QB,22,3.5454545454545454,3.0,2.283007054768165,rush_attempts,0.6439250667294825,0.5454545454545454
61220,Laviska Shenault Jr.,WR,22,1.5,1.0,0.9636241116594314,rush_attempts,0.6424160744396209,0.5
77965,Tutu Atwell,WR,11,1.4545454545454546,1.0,0.9341987329938275,rush_attempts,0.6422616289332563,0.4545454545454546
7912,Kyle Juszczyk,FB,26,1.3076923076923077,1.0,0.8375789285425354,rush_attempts,0.6405015335913505,0.3076923076923077
57337,Michael Carter,HB,57,7.333333333333333,7.0,4.687876968969054,rush_attempts,0.6392559503139619,0.33333333333333304
99622,RJ Harvey,HB,19,8.68421052631579,7.0,5.518178358630756,rush_attempts,0.6354265988726325,1.6842105263157894
39517,Drew Lock,QB,16,2.4375,2.0,1.547847968417226,rush_attempts,0.6350145511455286,0.4375
7829,Le'Veon Bell,HB,8,4.875,3.5,3.090885217631258,rush_attempts,0.6340277369500017,1.375
150568,Bhayshul Tuten,HB,16,5.4375,4.5,3.444198019858905,rush_attempts,0.6334157277901434,0.9375
6187,Andy Dalton,QB,28,2.3214285714285716,2.0,1.4670093394782469,rush_attempts,0.6319424846983217,0.3214285714285716
57301,Connor Heyward,TE,11,1.6363636363636365,1.0,1.026910636104941,rush_attempts,0.6275564998419083,0.6363636363636365
97630,Zach Charbonnet,HB,50,8.64,8.0,5.412608107983825,rush_attempts,0.6264592717573871,0.6400000000000006
57136,Eno Benjamin,HB,20,5.75,5.0,3.596416344962828,rush_attempts,0.6254637121674483,0.75
4924,Matthew Stafford,QB,67,2.2686567164179103,2.0,1.4097290686644506,rush_attempts,0.6213937342139355,0.26865671641791034
10725,Jacoby Brissett,QB,39,3.1794871794871793,3.0,1.9717984693620891,rush_attempts,0.6201624218154959,0.1794871794871793
99467,Roschon Johnson,HB,29,4.758620689655173,5.0,2.9478221066431054,rush_attempts,0.6194698629902178,-0.2413793103448274
122624,Deuce Vaughn,HB,11,3.6363636363636362,3.0,2.248231628312673,rush_attempts,0.6182636977859851,0.6363636363636362
147787,Cam Skattebo,HB,8,12.625,13.0,7.799954212319821,rush_attempts,0.6178181554312729,-0.375
9896,Taylor Heinicke,QB,31,3.3870967741935485,3.0,2.092485274417938,rush_attempts,0.6177813667329151,0.3870967741935485
11047,J.D. McKissic,HB,18,3.888888888888889,3.0,2.3982564472816716,rush_attempts,0.616694515015287,0.8888888888888888
145159,Braelon Allen,HB,21,5.238095238095238,5.0,3.223426157130979,rush_attempts,0.6153813572704596,0.23809523809523814
40306,Jordan Love,QB,53,2.7358490566037736,2.0,1.677348450063905,rush_attempts,0.6130997782992205,0.7358490566037736
5609,Colt McCoy,QB,11,3.272727272727273,3.0,2.0045403009622476,rush_attempts,0.6124984252940201,0.27272727272727293
40555,Miles Sanders,HB,64,10.03125,9.0,6.141115016899915,rush_attempts,0.612198381747032,1.03125
123091,Kendre Miller,HB,20,6.35,6.5,3.8835008622850107,rush_attempts,0.6115749389425214,-0.15000000000000036
83601,Jerome Ford,HB,43,8.116279069767442,9.0,4.957962822454119,rush_attempts,0.6108664795573843,-0.8837209302325579
11796,Dalvin Cook,HB,48,12.729166666666666,13.0,7.7452513477431015,rush_attempts,0.6084649176623059,-0.2708333333333339
129759,C.J. Stroud,QB,50,3.18,3.0,1.9239627473163883,rush_attempts,0.6050197318604994,0.18000000000000016
57206,Cam Akers,HB,44,9.863636363636363,9.0,5.963419142127563,rush_attempts,0.6045862724737622,0.8636363636363633
13725,Jarrett Stidham,QB,8,4.0,3.5,2.390457218668787,rush_attempts,0.5976143046671968,0.5
7962,Latavius Murray,HB,42,8.785714285714286,8.5,5.243047495333942,rush_attempts,0.5967696336152454,0.2857142857142865
11889,Jamaal Williams,HB,55,10.345454545454546,11.0,6.1620648950691645,rush_attempts,0.5956301743915713,-0.6545454545454543
47468,Jakobi Meyers,WR,13,1.0769230769230769,1.0,0.6405126152203485,rush_attempts,0.5947617141331808,0.07692307692307687
6332,Tyrod Taylor,QB,23,4.0,3.0,2.3741027013091993,rush_attempts,0.5935256753272998,1.0
46453,Mike White,QB,8,2.375,2.5,1.407885953173359,rush_attempts,0.5927940855466775,-0.125
60326,Tua Tagovailoa,QB,57,2.473684210526316,2.0,1.465133625767078,rush_attempts,0.5922880614803081,0.47368421052631593
83689,Chris Rodriguez Jr.,HB,26,7.615384615384615,7.0,4.50845359809257,rush_attempts,0.5920191593454891,0.615384615384615
129574,Blake Corum,HB,34,6.735294117647059,6.5,3.9795600756518215,rush_attempts,0.5908517142889167,0.23529411764705888
28022,Joe Burrow,QB,70,3.257142857142857,3.0,1.923807473914001,rush_attempts,0.5906426454999126,0.2571428571428571
144918,J.J. McCarthy,QB,9,4.111111111111111,4.0,2.4209731743889917,rush_attempts,0.5888853667432683,0.11111111111111072
77672,Brock Purdy,QB,53,3.6792452830188678,3.0,2.1641625214961273,rush_attempts,0.5882082750733064,0.6792452830188678
28237,Justin Herbert,QB,80,4.175,4.0,2.448326734214279,rush_attempts,0.5864255650812644,0.17499999999999982
138346,Jaleel McLaughlin,HB,43,5.488372093023256,5.0,3.187565820222427,rush_attempts,0.5807852977523914,0.4883720930232558
131705,Trey Benson,HB,16,5.75,5.0,3.3366650016645862,rush_attempts,0.5802895655068846,0.75
10805,Alex Collins,HB,11,9.818181818181818,10.0,5.688904671695279,rush_attempts,0.5794254758208154,-0.18181818181818166
29048,Sam Darnold,QB,57,3.6315789473684212,3.0,2.1012885413085436,rush_attempts,0.5786156852878598,0.6315789473684212
8667,Teddy Bridgewater,QB,19,2.0,2.0,1.1547005383792515,rush_attempts,0.5773502691896257,0.0
40485,Devin Singletary,HB,87,10.080459770114942,9.0,5.803403954626288,rush_attempts,0.5757082600370435,1.0804597701149419
10769,Dak Prescott,QB,68,3.4705882352941178,3.0,1.996045255934876,rush_attempts,0.5751316839134388,0.47058823529411775
57373,Chuba Hubbard,HB,75,12.026666666666667,12.0,6.916438181399233,rush_attempts,0.5750918665243264,0.026666666666667282
9783,Raheem Mostert,HB,52,9.75,9.0,5.583150421352713,rush_attempts,0.5726308124464321,0.75
146409,Jaxson Dart,QB,14,6.142857142857143,6.0,3.5050983275386565,rush_attempts,0.5705974021574557,0.14285714285714324
6180,Mark Ingram II,HB,23,9.652173913043478,9.0,5.50709208576602,rush_attempts,0.5705545854622454,0.6521739130434785
12282,Nick Mullens,QB,11,2.6363636363636362,3.0,1.5015143870590966,rush_attempts,0.5695399399189677,-0.36363636363636376
9902,Malcolm Brown,HB,12,4.25,5.0,2.41679727964699,rush_attempts,0.5686581834463506,-0.75
66272,Malachi Corley,WR,10,1.5,1.0,0.8498365855987975,rush_attempts,0.5665577237325317,0.5
35134,Damien Harris,HB,33,10.303030303030303,10.0,5.833549779534159,rush_attempts,0.5661974786018448,0.30303030303030276
11757,Mitch Trubisky,QB,26,3.076923076923077,3.0,1.7417939470115729,rush_attempts,0.5660830327787612,0.0769230769230771
11890,Joshua Dobbs,QB,21,4.9523809523809526,5.0,2.8013602138281057,rush_attempts,0.5656592739460597,-0.04761904761904745
131633,Rachaad White,HB,69,10.318840579710145,10.0,5.822099766819498,rush_attempts,0.5642203425709907,0.31884057971014457
10835,Brandon Allen,QB,8,1.625,1.0,0.9161253813129043,rush_attempts,0.5637694654233257,0.625
9434,Jameis Winston,QB,23,3.217391304347826,3.0,1.8079753050186587,rush_attempts,0.5619382704787723,0.21739130434782616
1732,Ben Roethlisberger,QB,12,1.8333333333333333,1.5,1.0298573010888745,rush_attempts,0.561740346048477,0.33333333333333326
4332,Joe Flacco,QB,23,2.0434782608695654,2.0,1.147260011329968,rush_attempts,0.561425111927431,0.04347826086956541
9506,Tevin Coleman,HB,13,7.384615384615385,5.0,4.133974309274743,rush_attempts,0.5598090210476214,2.384615384615385
11841,Kareem Hunt,HB,73,10.068493150684931,10.0,5.635524147769337,rush_attempts,0.559718724880492,0.06849315068493134
25859,Jonathan Ward,HB,10,2.2,2.0,1.2292725943057183,rush_attempts,0.5587602701389628,0.20000000000000018
42873,Avery Williams,HB,10,2.2,2.0,1.2292725943057183,rush_attempts,0.5587602701389628,0.20000000000000018
39395,Daniel Jones,QB,58,6.172413793103448,6.0,3.4444867263828245,rush_attempts,0.5580453355592285,0.1724137931034484
7102,Kirk Cousins,QB,50,2.26,2.0,1.2586030480866721,rush_attempts,0.5569040035781736,0.2599999999999998
57472,Salvon Ahmed,HB,24,3.875,3.0,2.1531069562883753,rush_attempts,0.5556405048486129,0.875
7077,Russell Wilson,QB,58,4.155172413793103,4.0,2.3078943402030863,rush_attempts,0.555426853658834,0.1551724137931032
78171,Jayden Reed,WR,22,1.6363636363636365,1.0,0.902137912878521,rush_attempts,0.5513065023146516,0.6363636363636365
123943,Bryce Young,QB,44,3.159090909090909,3.0,1.7379911126994894,rush_attempts,0.5501554601350901,0.15909090909090917
8671,Derek Carr,QB,47,2.425531914893617,2.0,1.3309800385767365,rush_attempts,0.5487373843254966,0.4255319148936172
129891,Kyle Monangai,HB,18,10.555555555555555,8.5,5.772370521536927,rush_attempts,0.5468561546719194,2.0555555555555554
55123,Zavier Scott,HB,9,3.5555555555555554,3.0,1.9436506316151,rush_attempts,0.5466517401417469,0.5555555555555554
9559,Mike Davis,HB,20,7.3,6.5,3.988140313215514,rush_attempts,0.5463205908514402,0.7999999999999998
77632,Trevor Lawrence,QB,80,4.0375,4.0,2.1899872839351073,rush_attempts,0.5424117111913579,0.037499999999999645
169628,Tyson Bagent,QB,8,3.875,3.0,2.100170061141308,rush_attempts,0.5419793706171118,0.875
60323,Mac Jones,QB,57,3.2280701754385963,3.0,1.7322316722702078,rush_attempts,0.536615246301097,0.2280701754385963
83542,Will Levis,QB,19,3.6842105263157894,4.0,1.9735087641318605,rush_attempts,0.5356666645500764,-0.3157894736842106
10635,Jared Goff,QB,64,2.21875,2.0,1.188152494087501,rush_attempts,0.5355053494478877,0.21875
46518,Baker Mayfield,QB,72,3.5555555555555554,3.0,1.890591150481394,rush_attempts,0.531728761072892,0.5555555555555554
100632,Puka Nacua,WR,24,1.7083333333333333,2.0,0.9078961186825509,rush_attempts,0.5314513865458835,-0.29166666666666674
133244,Cam Ward,QB,14,2.7857142857142856,2.0,1.4769288003552106,rush_attempts,0.5301795693582807,0.7857142857142856
22425,James Robinson,HB,25,11.0,11.0,5.830951894845301,rush_attempts,0.5300865358950273,0.0
48036,Brandon Powell,WR,17,1.2941176470588236,1.0,0.6859943405700354,rush_attempts,0.5300865358950273,0.2941176470588236
4317,Matt Ryan,QB,26,2.576923076923077,2.5,1.361560191047812,rush_attempts,0.528366641302136,0.0769230769230771
129758,Jaxon Smith-Njigba,WR,10,1.2,1.0,0.6324555320336759,rush_attempts,0.5270462766947299,0.19999999999999996
11898,Marlon Mack,HB,10,4.4,4.5,2.3190036174568114,rush_attempts,0.5270462766947298,-0.09999999999999964
83537,Tyler Shough,QB,10,4.5,4.0,2.3687784005919825,rush_attempts,0.5263952001315517,0.5
78196,Derius Davis,WR,20,1.45,1.0,0.7591546545162482,rush_attempts,0.5235549341491367,0.44999999999999996
145059,TreVeyon Henderson,HB,21,10.0,10.0,5.21536192416212,rush_attempts,0.521536192416212,0.0
41193,Darrell Henderson,HB,26,10.346153846153847,11.5,5.388449184634166,rush_attempts,0.5208166498159417,-1.1538461538461533
52269,Davis Mills,QB,31,2.2903225806451615,2.0,1.1886560586672883,rush_attempts,0.5189906735026187,0.2903225806451615
46448,Tyler Huntley,QB,26,6.3076923076923075,6.5,3.2713205990147864,rush_attempts,0.5186239974047833,-0.1923076923076925
46569,Mason Rudolph,QB,16,3.0625,3.0,1.5692354826475214,rush_attempts,0.5124034229053132,0.0625
122937,Marvin Mims Jr.,WR,27,1.3333333333333333,1.0,0.6793662204867574,rush_attempts,0.5095246653650681,0.33333333333333326
84226,Tyrone Tracy,HB,32,11.5,10.0,5.847524979604343,rush_attempts,0.5084804330090733,1.5
97108,Malik Washington,WR,15,1.4666666666666666,1.0,0.7432233529572065,rush_attempts,0.5067431951980954,0.46666666666666656
77787,Chase Brown,HB,41,12.317073170731707,12.0,6.230726379766022,rush_attempts,0.5058609536047661,0.3170731707317067
11920,Jamal Agnew,WR,17,1.411764705882353,1.0,0.7122871199007256,rush_attempts,0.5045367099296806,0.41176470588235303
7820,Geno Smith,QB,67,3.1641791044776117,3.0,1.591616435114459,rush_attempts,0.5030108544937206,0.16417910447761175
12324,Cooper Rush,QB,26,2.3076923076923075,2.0,1.1582480138288438,rush_attempts,0.5019074726591657,0.3076923076923075
41401,Gardner Minshew,QB,34,2.264705882352941,2.0,1.1364171110412669,rush_attempts,0.5017945685117282,0.2647058823529411
57120,Brian Robinson,HB,60,11.683333333333334,10.0,5.861369269847628,rush_attempts,0.5016863854363162,1.6833333333333336
97790,Bo Nix,QB,36,5.305555555555555,5.0,2.6599618090109534,rush_attempts,0.5013540582429022,0.30555555555555536
60396,Bailey Zappe,QB,10,2.9,3.0,1.4491376746189437,rush_attempts,0.4997026464203254,-0.10000000000000009
97599,Sam Howell,QB,18,3.0,3.0,1.4950900031928038,rush_attempts,0.4983633343976013,0.0
124179,Woody Marks,HB,18,12.722222222222221,12.5,6.322746569569789,rush_attempts,0.49698444651640267,0.22222222222222143
11927,Isaiah McKenzie,WR,20,1.35,1.0,0.6708203932499369,rush_attempts,0.49690399499995325,0.3500000000000001
144718,Xavier Worthy,WR,23,1.4782608695652173,1.0,0.730477130336511,rush_attempts,0.4941462940511692,0.4782608695652173
123826,Keaton Mitchell,HB,20,6.05,6.0,2.9819633235769167,rush_attempts,0.49288649976477966,0.04999999999999982
98692,Jaylen Warren,HB,66,8.772727272727273,9.0,4.299536485019517,rush_attempts,0.4901026045099967,-0.22727272727272663
57165,AJ Dillon,HB,55,10.363636363636363,10.0,5.074860466476763,rush_attempts,0.48967951869512627,0.3636363636363633
40006,Devin Duvernay,WR,19,1.4210526315789473,1.0,0.6924826089821245,rush_attempts,0.4873025766911247,0.42105263157894735
48267,DJ Moore,WR,38,1.394736842105263,1.0,0.679406485190926,rush_attempts,0.4871216308916073,0.39473684210526305
83666,James Cook,HB,74,13.337837837837839,13.5,6.489774943914331,rush_attempts,0.48656873946267526,-0.1621621621621614
11765,Patrick Mahomes,QB,88,4.4772727272727275,4.0,2.1654405340193685,rush_attempts,0.4836516928774224,0.4772727272727275
48262,Calvin Ridley,WR,13,1.3076923076923077,1.0,0.6304251719561152,rush_attempts,0.48208983737820577,0.3076923076923077
98689,Rhamondre Stevenson,HB,75,12.026666666666667,11.0,5.7679762091698645,rush_attempts,0.47959890874472266,1.0266666666666673
83639,Tyler Allgeier,HB,66,10.242424242424242,10.0,4.886592665527574,rush_attempts,0.47709336675269215,0.2424242424242422
82118,Justin Fields,QB,59,8.305084745762711,8.0,3.9577694749482646,rush_attempts,0.4765477531060156,0.30508474576271105
61697,Jalen Reagor,WR,14,1.2857142857142858,1.0,0.6112498455021266,rush_attempts,0.475416546501654,0.2857142857142858
10638,Ezekiel Elliott,HB,67,11.35820895522388,11.0,5.373057062613463,rush_attempts,0.4730549582064416,0.35820895522387985
48341,Steven Sims,WR,11,1.4545454545454546,1.0,0.6875516509523286,rush_attempts,0.4726917600297259,0.4545454545454546
83747,Isiah Pacheco,HB,61,11.59016393442623,12.0,5.478372779029457,rush_attempts,0.47267431332503096,-0.4098360655737707
11759,Leonard Fournette,HB,33,12.090909090909092,11.0,5.713818974444962,rush_attempts,0.47257149412702687,1.0909090909090917
97432,Bam Knight,HB,18,9.444444444444445,10.0,4.448690781927039,rush_attempts,0.471037847498157,-0.5555555555555554
11824,Cooper Kupp,WR,13,1.3846153846153846,1.0,0.6504436355879909,rush_attempts,0.4697648479246601,0.3846153846153846
124393,Anthony Richardson,QB,16,7.1875,7.5,3.3708307581366346,rush_attempts,0.4689851489581405,-0.3125
104155,Demario Douglas,WR,15,1.2,1.0,0.560611910581388,rush_attempts,0.4671765921511567,0.19999999999999996
78874,Tank Dell,WR,12,1.6666666666666667,1.5,0.7784989441615229,rush_attempts,0.4670993664969137,0.16666666666666674
47658,KaVontae Turpin,WR,33,1.4242424242424243,1.0,0.6628679652796168,rush_attempts,0.4654179330686671,0.4242424242424243
9448,Melvin Gordon III,HB,30,10.633333333333333,10.0,4.888292370434749,rush_attempts,0.4597140160283464,0.6333333333333329
42237,Greg Dortch,WR,16,1.3125,1.0,0.6020797289396147,rush_attempts,0.4587274125254207,0.3125
62890,Rondale Moore,WR,25,2.08,2.0,0.9539392014169457,rush_attempts,0.45862461606583926,0.08000000000000007
47895,Ray-Ray McCloud III,WR,16,1.1875,1.0,0.5439056290693572,rush_attempts,0.4580257929005114,0.1875
12270,Kendrick Bourne,WR,17,1.2352941176470589,1.0,0.562295714538387,rush_attempts,0.45519176891202756,0.23529411764705888
131396,Shedeur Sanders,QB,8,2.625,3.0,1.1877349391654208,rush_attempts,0.4524704530153984,-0.375
46416,Lamar Jackson,QB,74,8.621621621621621,8.0,3.891341645252194,rush_attempts,0.4513468365966495,0.621621621621621
82096,Zach Wilson,QB,33,2.878787878787879,3.0,1.2931931351690995,rush_attempts,0.44921445747979244,-0.1212121212121211
46601,Josh Allen,QB,93,7.225806451612903,7.0,3.220616441999833,rush_attempts,0.44571031116961973,0.22580645161290303
47436,Mark Andrews,TE,18,1.3333333333333333,1.0,0.5940885257860047,rush_attempts,0.4455663943395035,0.33333333333333326
57212,D'Andre Swift,HB,79,12.620253164556962,13.0,5.5822608173142445,rush_attempts,0.4423255813117606,-0.3797468354430382
45783,Nick Chubb,HB,58,13.724137931034482,13.5,6.054701242715119,rush_attempts,0.4411716985897951,0.2241379310344822
10784,Jordan Howard,HB,8,10.875,11.5,4.764076885549662,rush_attempts,0.4380760354528425,-0.625
61245,Kadarius Toney,WR,17,1.411764705882353,1.0,0.6183469424008424,rush_attempts,0.43799575086726333,0.41176470588235303
61570,CeeDee Lamb,WR,39,1.3333333333333333,1.0,0.5773502691896256,rush_attempts,0.43301270189221924,0.33333333333333326
40291,Jalen Hurts,QB,88,9.113636363636363,9.0,3.946282458917386,rush_attempts,0.4330085491081421,0.11363636363636331
84270,Ja'Marr Chase,WR,22,1.2727272727272727,1.0,0.5504818825631804,rush_attempts,0.4325214791567846,0.2727272727272727
124305,De'Von Achane,HB,45,12.2,12.0,5.26394252524578,rush_attempts,0.43147069879063776,0.1999999999999993
63707,Rashid Shaheed,WR,22,1.3636363636363635,1.0,0.5810872031479765,rush_attempts,0.42613061564184945,0.36363636363636354
97199,Kenneth Walker III,HB,62,14.53225806451613,14.0,6.187554250626179,rush_attempts,0.42578064765685136,0.5322580645161299
143969,Drake Maye,QB,33,5.636363636363637,5.0,2.3955451078275196,rush_attempts,0.4250160675177857,0.6363636363636367
84302,Elijah Moore,WR,22,1.1818181818181819,1.0,0.5010810823432182,rush_attempts,0.4239916850596462,0.18181818181818188
97118,Kyren Williams,HB,59,15.76271186440678,15.0,6.667830601686566,rush_attempts,0.4230129091392552,0.7627118644067803
9683,Trevor Siemian,QB,9,2.6666666666666665,2.0,1.118033988749895,rush_attempts,0.4192627457812106,0.6666666666666665
38334,Kyler Murray,QB,56,5.5,5.0,2.304146459991402,rush_attempts,0.41893571999843676,0.5
46027,Gus Edwards,HB,41,10.195121951219512,10.0,4.261569618081594,rush_attempts,0.4180008477065678,0.19512195121951237
27126,Tony Pollard,HB,85,13.141176470588235,12.0,5.477557982950306,rush_attempts,0.41682401839818806,1.1411764705882348
77803,Javonte Williams,HB,70,12.357142857142858,13.0,5.147211751995033,rush_attempts,0.41653736721347084,-0.6428571428571423
10799,Tyreek Hill,WR,27,1.2222222222222223,1.0,0.5063696835418333,rush_attempts,0.414302468352409,0.22222222222222232
7014,Ryan Tannehill,QB,36,3.0277777777777777,3.0,1.2532497439197507,rush_attempts,0.4139173466156975,0.02777777777777768
11937,Aaron Jones,HB,76,12.855263157894736,13.0,5.2907565870258955,rush_attempts,0.41156346019853435,-0.14473684210526372
11822,Alvin Kamara,HB,66,15.181818181818182,15.0,6.233677988053382,rush_attempts,0.4106015441232767,0.18181818181818166
97408,Spencer Rattler,QB,13,3.769230769230769,4.0,1.535895295576609,rush_attempts,0.40748242535705953,-0.23076923076923084
97993,Jayden Daniels,QB,27,8.925925925925926,8.0,3.6366291019392154,rush_attempts,0.40742317739567974,0.9259259259259256
97636,Breece Hall,HB,56,13.482142857142858,13.0,5.4805144795939515,rush_attempts,0.40650173623478314,0.48214285714285765
57185,Travis Etienne Jr.,HB,69,13.579710144927537,13.0,5.5157682977757965,rush_attempts,0.4061771745427214,0.579710144927537
45719,David Montgomery,HB,78,13.256410256410257,13.5,5.33412415049373,rush_attempts,0.4023807386252523,-0.24358974358974272
144970,Bucky Irving,HB,28,14.178571428571429,14.5,5.7028490048822755,rush_attempts,0.4022160507221756,-0.3214285714285712
11860,James Conner,HB,61,14.180327868852459,14.0,5.649507933502739,rush_attempts,0.39840460571522207,0.18032786885245855
162750,Omarion Hampton,HB,10,12.5,13.5,4.972144630058766,rush_attempts,0.3977715704047013,-1.0
12164,Austin Ekeler,HB,65,11.0,11.0,4.330127018922193,rush_attempts,0.39364791081110845,0.0
144622,Caleb Williams,QB,36,4.638888888888889,4.5,1.8229141156444735,rush_attempts,0.39296352193533557,0.13888888888888928
102382,Jacory Croskey-Merritt,HB,17,10.294117647058824,10.0,3.9649197009894306,rush_attempts,0.3851636280961161,0.29411764705882426
157196,Ashton Jeanty,HB,17,15.647058823529411,16.0,6.020186629899735,rush_attempts,0.38474876958005827,-0.35294117647058876
123101,Savion Williams,WR,8,1.375,1.0,0.5175491695067657,rush_attempts,0.3763993960049205,0.375
45791,Saquon Barkley,HB,82,17.853658536585368,18.0,6.616705291835229,rush_attempts,0.37060781006180926,-0.1463414634146325
47967,Equanimeous St. Brown,WR,8,1.25,1.0,0.46291004988627577,rush_attempts,0.37032803990902063,0.25
84135,Anthony Schwartz,WR,8,1.25,1.0,0.4629100498862757,rush_attempts,0.3703280399090206,0.25
61610,Bo Melton,WR,12,1.3333333333333333,1.0,0.49236596391733095,rush_attempts,0.36927447293799825,0.33333333333333326
33441,Diontae Johnson,WR,10,1.4,1.0,0.5163977794943222,rush_attempts,0.3688555567816587,0.3999999999999999
57121,Najee Harris,HB,74,15.432432432432432,15.0,5.690850818930093,rush_attempts,0.3687591598956453,0.43243243243243157
40573,Velus Jones Jr.,WR,13,1.3076923076923077,1.0,0.48038446141526137,rush_attempts,0.36735282343519987,0.3076923076923077
11803,Joe Mixon,HB,70,16.457142857142856,16.0,5.979883461337698,rush_attempts,0.3633609742132282,0.4571428571428555
21956,Tim Boyle,QB,9,1.2222222222222223,1.0,0.44095855184409843,rush_attempts,0.36078426969062594,0.22222222222222232
61418,Calvin Austin III,WR,9,1.2222222222222223,1.0,0.44095855184409843,rush_attempts,0.36078426969062594,0.22222222222222232
97116,Skyy Moore,WR,9,1.2222222222222223,1.0,0.44095855184409843,rush_attempts,0.36078426969062594,0.22222222222222232
129433,AJ Barner,TE,9,1.2222222222222223,1.0,0.44095855184409843,rush_attempts,0.36078426969062594,0.22222222222222232
129918,Chimere Dike,WR,9,1.2222222222222223,1.0,0.4409585518440984,rush_attempts,0.36078426969062594,0.22222222222222232
45953,Josh Jacobs,HB,80,17.1875,17.0,6.191242794606924,rush_attempts,0.36021776259531196,0.1875
42683,Mecole Hardman Jr.,WR,20,1.4,1.0,0.5026246899500346,rush_attempts,0.3590176356785962,0.3999999999999999
11767,Deshaun Watson,QB,18,5.222222222222222,5.5,1.864704851446077,rush_attempts,0.35707114176627003,-0.2777777777777777
66581,Christian Watson,WR,13,1.2307692307692308,1.0,0.4385290096535146,rush_attempts,0.3563048203434806,0.23076923076923084
84470,Amon-Ra St. Brown,WR,21,1.2380952380952381,1.0,0.43643578047198467,rush_attempts,0.3525058226889107,0.23809523809523814
11347,C.J. Ham,FB,14,1.2142857142857142,1.0,0.42581531362632014,rush_attempts,0.3506714347510872,0.2142857142857142
34934,Alec Ingold,FB,18,1.2222222222222223,1.0,0.4277926319464987,rush_attempts,0.35001215341077163,0.22222222222222232
157128,Quinshon Judkins,HB,14,16.428571428571427,16.5,5.734031817065622,rush_attempts,0.3490280236474727,-0.07142857142857295
26152,Kyle Allen,QB,11,2.1818181818181817,2.0,0.7507571935295484,rush_attempts,0.3440970470343764,0.18181818181818166
97268,Zay Flowers,WR,24,1.2083333333333333,1.0,0.41485111699905336,rush_attempts,0.3433250623440442,0.20833333333333326
91479,Ashton Dulin,WR,11,1.1818181818181819,1.0,0.4045199174779453,rush_attempts,0.3422860840197999,0.18181818181818188
47961,Braxton Berrios,WR,11,1.5454545454545454,2.0,0.5222329678670935,rush_attempts,0.3379154497963546,-0.4545454545454546
122474,Jahmyr Gibbs,HB,53,13.547169811320755,13.0,4.5639306512961335,rush_attempts,0.3368918168784054,0.5471698113207548
123126,Bijan Robinson,HB,51,15.784313725490197,15.0,5.307781930298931,rush_attempts,0.3362694142176962,0.7843137254901968
35639,Adam Prentice,FB,17,1.1764705882352942,1.0,0.39295262399668784,rush_attempts,0.3340097303971847,0.17647058823529416
57488,Jonathan Taylor,HB,68,19.397058823529413,18.5,6.331960404460243,rush_attempts,0.32643920204950455,0.897058823529413
11763,Christian McCaffrey,HB,69,15.956521739130435,15.0,5.180378088088732,rush_attempts,0.32465584748240006,0.9565217391304355
10679,Derrick Henry,HB,78,19.76923076923077,19.0,6.410063267153539,rush_attempts,0.3242444454202179,0.76923076923077
11855,Jonnu Smith,TE,19,1.1578947368421053,1.0,0.3746343246326776,rush_attempts,0.32354782581913066,0.1578947368421053
101106,Tre Tucker,WR,26,1.1538461538461537,1.0,0.36794648440311983,rush_attempts,0.31888695314937054,0.15384615384615374
48236,Darnell Mooney,WR,8,1.125,1.0,0.3535533905932738,rush_attempts,0.3142696805273545,0.125
91470,Deonte Harty,WR,8,1.125,1.0,0.3535533905932738,rush_attempts,0.3142696805273545,0.125
99229,George Pickens,WR,8,1.125,1.0,0.3535533905932738,rush_attempts,0.3142696805273545,0.125
104136,Xavier Gipson,WR,8,1.125,1.0,0.3535533905932738,rush_attempts,0.3142696805273545,0.125
146760,Brian Thomas Jr.,WR,8,1.125,1.0,0.3535533905932738,rush_attempts,0.3142696805273545,0.125
101735,Wan'Dale Robinson,WR,15,1.1333333333333333,1.0,0.35186577527449847,rush_attempts,0.31046980171279276,0.1333333333333333
10832,Derek Watt,FB,9,1.1111111111111112,1.0,0.3333333333333333,rush_attempts,0.3,0.11111111111111116
48229,Terry McLaurin,WR,9,1.1111111111111112,1.0,0.3333333333333333,rush_attempts,0.3,0.11111111111111116
57366,J.K. Dobbins,HB,34,13.823529411764707,14.0,4.093384079998048,rush_attempts,0.2961171462126247,-0.1764705882352935
9601,Michael Burton,FB,26,1.1153846153846154,1.0,0.3258125936084211,rush_attempts,0.29210784254548094,0.11538461538461542
99218,Treylon Burks,WR,10,1.1,1.0,0.31622776601683794,rush_attempts,0.28747978728803447,0.10000000000000009
77986,Dyami Brown,WR,11,1.0909090909090908,1.0,0.30151134457776363,rush_attempts,0.27638539919628335,0.09090909090909083
101701,Jameson Williams,WR,21,1.0952380952380953,1.0,0.30079260375911915,rush_attempts,0.2746367251713696,0.09523809523809534
61398,Justin Jefferson,WR,13,1.0769230769230769,1.0,0.2773500981126145,rush_attempts,0.25753937681885636,0.07692307692307687
84480,Deven Thompkins,WR,13,1.0769230769230769,1.0,0.2773500981126145,rush_attempts,0.25753937681885636,0.07692307692307687
9859,DeAndre Carter,WR,14,1.0714285714285714,1.0,0.2672612419124244,rush_attempts,0.24944382578492943,0.0714285714285714
11028,Kalif Raymond,WR,21,1.0476190476190477,1.0,0.21821789023599247,rush_attempts,0.20829889522526554,0.04761904761904767
7859,Marquise Goodwin,WR,8,1.0,1.0,0.0,rush_attempts,0.0,0.0
8655,Brandin Cooks,WR,13,1.0,1.0,0.0,rush_attempts,0.0,0.0
11839,Chris Godwin,WR,12,1.0,1.0,0.0,rush_attempts,0.0,0.0
44920,Olamide Zaccheaus,WR,8,1.0,1.0,0.0,rush_attempts,0.0,0.0
47546,Christian Kirk,WR,8,1.0,1.0,0.0,rush_attempts,0.0,0.0
48862,Patrick Ricard,FB,10,1.0,1.0,0.0,rush_attempts,0.0,0.0
84088,Jaylen Waddle,WR,16,1.0,1.0,0.0,rush_attempts,0.0,0.0
97405,Garrett Wilson,WR,10,1.0,1.0,0.0,rush_attempts,0.0,0.0
123085,Quentin Johnston,WR,8,1.0,1.0,0.0,rush_attempts,0.0,0.0
157170,Luther Burden III,WR,8,1.0,1.0,0.0,rush_attempts,0.0,0.0
12324,Cooper Rush,QB,26,0.2692307692307692,0.0,3.341349335914367,rushing_yards,12.410726104824793,0.2692307692307692
10835,Brandon Allen,QB,8,0.25,-0.5,2.5495097567963922,rushing_yards,10.198039027185569,0.75
1732,Ben Roethlisberger,QB,12,0.3333333333333333,-0.5,3.055050463303893,rushing_yards,9.16515138991168,0.8333333333333333
26152,Kyle Allen,QB,11,0.7272727272727273,-2.0,5.423853041720601,rushing_yards,7.457797932365826,2.7272727272727275
97405,Garrett Wilson,WR,10,0.9,0.0,4.483302354291979,rushing_yards,4.981447060324421,0.9
129918,Chimere Dike,WR,9,2.0,1.0,5.612486080160912,rushing_yards,2.806243040080456,1.0
77652,Clayton Tune,QB,11,4.454545454545454,1.0,10.689842247326538,rushing_yards,2.3997605045018764,3.454545454545454
48036,Brandon Powell,WR,17,5.705882352941177,3.0,13.443235779948743,rushing_yards,2.3560310129807074,2.7058823529411766
12282,Nick Mullens,QB,11,2.090909090909091,0.0,4.887832760120695,rushing_yards,2.3376591461446803,2.090909090909091
61398,Justin Jefferson,WR,13,2.769230769230769,3.0,6.469851185226315,rushing_yards,2.3363351502206138,-0.23076923076923084
47468,Jakobi Meyers,WR,13,4.461538461538462,3.0,9.54476631995588,rushing_yards,2.139344175162525,1.4615384615384617
4924,Matthew Stafford,QB,67,3.1791044776119404,1.0,6.701255814317122,rushing_yards,2.107906758494118,2.1791044776119404
47436,Mark Andrews,TE,18,3.8333333333333335,2.0,7.920561477423623,rushing_yards,2.066233428893119,1.8333333333333335
7859,Marquise Goodwin,WR,8,4.625,1.0,9.272655652893773,rushing_yards,2.0048985195445996,3.625
84302,Elijah Moore,WR,22,4.318181818181818,4.5,8.6210504477419,rushing_yards,1.9964537878981243,-0.18181818181818166
7102,Kirk Cousins,QB,50,4.86,1.5,9.583169770860938,rushing_yards,1.9718456318643902,3.3600000000000003
11920,Jamal Agnew,WR,17,11.588235294117647,3.0,21.647917981671505,rushing_yards,1.8680944451188608,8.588235294117647
123101,Savion Williams,WR,8,4.625,1.0,8.4335638967165,rushing_yards,1.8234732749657296,3.625
47967,Equanimeous St. Brown,WR,8,8.625,5.0,15.71111981095828,rushing_yards,1.821579108516902,3.625
11757,Mitch Trubisky,QB,26,4.538461538461538,2.5,8.261867920661862,rushing_yards,1.8204115757390544,2.0384615384615383
698,Tom Brady,QB,28,2.857142857142857,1.0,5.1834086147751135,rushing_yards,1.8141930151712897,1.8571428571428572
61697,Jalen Reagor,WR,14,5.071428571428571,2.5,9.17743290497265,rushing_yards,1.8096346573185507,2.571428571428571
169628,Tyson Bagent,QB,8,13.625,5.5,24.570234605543117,rushing_yards,1.8033199710490362,8.125
21956,Tim Boyle,QB,9,2.7777777777777777,2.0,4.918784854457902,rushing_yards,1.770762547604845,0.7777777777777777
83714,Tyler Badie,HB,10,12.1,5.0,21.28353562942231,rushing_yards,1.7589698867291166,7.1
11347,C.J. Ham,FB,14,4.5,1.5,7.851996316469217,rushing_yards,1.7448880703264926,3.0
10635,Jared Goff,QB,64,4.5625,3.0,7.804912982645397,rushing_yards,1.71066585920995,1.5625
99229,George Pickens,WR,8,6.375,3.5,10.769500585316983,rushing_yards,1.689333425147762,2.875
78196,Derius Davis,WR,20,7.1,4.5,11.942405646752205,rushing_yards,1.6820289643312965,2.5999999999999996
39517,Drew Lock,QB,16,12.1875,4.0,20.21292903069716,rushing_yards,1.65849674098028,8.1875
45734,D'Ernest Johnson,HB,43,19.232558139534884,9.0,31.548026282918716,rushing_yards,1.6403447765000057,10.232558139534884
83665,Zamir White,HB,37,19.89189189189189,8.0,32.52758127410557,rushing_yards,1.6352180803558507,11.891891891891891
4317,Matt Ryan,QB,26,5.846153846153846,3.0,9.392304542304014,rushing_yards,1.6065784085520025,2.846153846153846
62890,Rondale Moore,WR,25,9.96,6.0,15.783641320472706,rushing_yards,1.5847029438225606,3.960000000000001
84470,Amon-Ra St. Brown,WR,21,9.380952380952381,6.0,14.790118966648613,rushing_yards,1.5766116664955374,3.3809523809523814
4332,Joe Flacco,QB,23,3.6956521739130435,2.0,5.771676789670995,rushing_yards,1.5617478372050926,1.6956521739130435
66581,Christian Watson,WR,13,9.0,4.0,13.904435743076142,rushing_yards,1.544937304786238,5.0
61245,Kadarius Toney,WR,17,7.588235294117647,3.0,11.608503475520713,rushing_yards,1.529802783595753,4.588235294117647
41401,Gardner Minshew,QB,34,5.352941176470588,3.5,8.168239871753004,rushing_yards,1.525934921096715,1.8529411764705879
5609,Colt McCoy,QB,11,6.636363636363637,3.0,10.121983276737097,rushing_yards,1.5252303567686036,3.6363636363636367
91470,Deonte Harty,WR,8,5.125,3.5,7.790791267350741,rushing_yards,1.5201543936294128,1.625
157170,Luther Burden III,WR,8,4.125,3.0,6.243568119044018,rushing_yards,1.5135922712833982,1.125
101735,Wan'Dale Robinson,WR,15,7.266666666666667,3.0,10.983537464683009,rushing_yards,1.5114959813783957,4.266666666666667
48262,Calvin Ridley,WR,13,6.0,7.0,8.990735972840785,rushing_yards,1.4984559954734642,-1.0
99146,Isaiah Spiller,HB,14,9.785714285714286,3.0,14.524136788482455,rushing_yards,1.484218357947112,6.7857142857142865
77965,Tutu Atwell,WR,11,6.545454545454546,7.0,9.6887939018604,rushing_yards,1.4802324016731165,-0.45454545454545414
48103,Nyheim Miller-Hines,HB,28,10.964285714285714,4.5,16.157745861435973,rushing_yards,1.4736706323133788,6.4642857142857135
4474,Josh Johnson,QB,9,9.88888888888889,3.0,14.521057506638803,rushing_yards,1.4684215456151597,6.888888888888889
101701,Jameson Williams,WR,21,11.666666666666666,7.0,16.99215505265101,rushing_yards,1.4564704330843725,4.666666666666666
9859,DeAndre Carter,WR,14,6.571428571428571,5.0,9.50881603658323,rushing_yards,1.4469937446974481,1.5714285714285712
12134,P.J. Walker,QB,12,6.833333333333333,4.5,9.740574309494685,rushing_yards,1.4254498989504416,2.333333333333333
60396,Bailey Zappe,QB,10,8.5,3.5,11.993053545004013,rushing_yards,1.410947475882825,5.0
84270,Ja'Marr Chase,WR,22,4.7272727272727275,4.0,6.562387908752047,rushing_yards,1.38819744223601,0.7272727272727275
123056,Sean Tucker,HB,28,23.25,9.5,32.272709489253884,rushing_yards,1.3880735264195219,13.75
10927,Peyton Barber,HB,8,26.5,14.5,36.711228332954015,rushing_yards,1.3853293710548684,12.0
45859,Travis Homer,HB,22,12.363636363636363,7.0,17.03650269986256,rushing_yards,1.3779524242535894,5.363636363636363
10674,Sterling Shepard,WR,10,8.5,6.5,11.702326454361305,rushing_yards,1.376744288748389,2.0
57301,Connor Heyward,TE,11,6.363636363636363,3.0,8.72092572233851,rushing_yards,1.3704311849389088,3.3636363636363633
2241,Aaron Rodgers,QB,49,7.408163265306122,6.0,10.089017063427063,rushing_yards,1.3618783363854714,1.408163265306122
48229,Terry McLaurin,WR,9,4.777777777777778,5.0,6.437735971942656,rushing_yards,1.3474331104066024,-0.22222222222222232
11028,Kalif Raymond,WR,21,7.523809523809524,8.0,10.112462843536422,rushing_yards,1.3440615171788914,-0.4761904761904763
47895,Ray-Ray McCloud III,WR,16,12.625,7.0,16.94648439450889,rushing_yards,1.3422957936244664,5.625
61220,Laviska Shenault Jr.,WR,22,7.363636363636363,6.5,9.844241510095681,rushing_yards,1.3368723038401544,0.8636363636363633
8697,Jimmy Garoppolo,QB,36,3.4166666666666665,3.0,4.544227107000705,rushing_yards,1.3300176898538651,0.4166666666666665
60515,Kenny Pickett,QB,35,9.114285714285714,9.0,12.050802825517307,rushing_yards,1.3221883977840305,0.11428571428571388
144138,Will Shipley,HB,12,17.333333333333332,9.5,22.824760611443377,rushing_yards,1.3168131121986564,7.833333333333332
11824,Cooper Kupp,WR,13,6.3076923076923075,4.0,8.250097124525418,rushing_yards,1.3079422270589078,2.3076923076923075
60516,Aidan O'Connell,QB,13,3.6923076923076925,3.0,4.819830830098628,rushing_yards,1.3053708498183783,0.6923076923076925
157792,Ollie Gordon II,HB,16,12.4375,8.5,16.190403536251548,rushing_yards,1.3017409878393205,3.9375
9487,Ameer Abdullah,HB,43,15.023255813953488,8.0,19.5063950101023,rushing_yards,1.2984132901461283,7.023255813953488
9527,Ty Montgomery,WR,9,5.888888888888889,4.0,7.606649138162685,rushing_yards,1.2916951366691352,1.8888888888888893
6187,Andy Dalton,QB,28,6.214285714285714,3.0,8.015527259555498,rushing_yards,1.2898549613077812,3.2142857142857144
60326,Tua Tagovailoa,QB,57,6.824561403508772,5.0,8.795540280281546,rushing_yards,1.2888066734602779,1.8245614035087723
48341,Steven Sims,WR,11,7.818181818181818,2.0,10.058013539642724,rushing_yards,1.2864901039077903,5.818181818181818
145632,Carson Steele,HB,12,15.25,7.5,19.582575742921886,rushing_yards,1.2841033274047138,7.75
46401,Jake Browning,QB,15,10.933333333333334,4.0,14.038043548396146,rushing_yards,1.2839673977191597,6.933333333333334
122937,Marvin Mims Jr.,WR,27,5.592592592592593,4.0,7.132047172172717,rushing_yards,1.2752667129050554,1.5925925925925926
13725,Jarrett Stidham,QB,8,14.875,6.5,18.93173827955886,rushing_yards,1.2727219011468143,8.375
123085,Quentin Johnston,WR,8,2.75,2.0,3.494894235064305,rushing_yards,1.2708706309324744,0.75
143951,Brashard Smith,HB,11,13.727272727272727,7.0,17.441851444677017,rushing_yards,1.2705984496122331,6.727272727272727
77761,Keaontay Ingram,HB,17,7.882352941176471,5.0,10.01175779359684,rushing_yards,1.270148376799599,2.882352941176471
7912,Kyle Juszczyk,FB,26,3.8846153846153846,3.0,4.926068802417791,rushing_yards,1.2680969194342828,0.8846153846153846
9205,Damien Williams,HB,12,17.416666666666668,9.0,22.026671160759683,rushing_yards,1.2646892532493597,8.416666666666668
101072,Ray Davis,HB,28,26.892857142857142,14.5,33.85189888619335,rushing_yards,1.2587691484905892,12.392857142857142
40006,Devin Duvernay,WR,19,8.0,4.0,9.994442900376633,rushing_yards,1.2493053625470791,4.0
99143,Eric Gray,HB,12,6.583333333333333,3.0,8.184889995743635,rushing_yards,1.2432744297332106,3.583333333333333
7829,Le'Veon Bell,HB,8,12.625,8.0,15.683817866104633,rushing_yards,1.2422826032558125,4.625
34934,Alec Ingold,FB,18,1.9444444444444444,2.0,2.412521800504297,rushing_yards,1.24072549740221,-0.05555555555555558
82096,Zach Wilson,QB,33,15.212121212121213,12.0,18.834405976426453,rushing_yards,1.2381183211595077,3.212121212121213
63707,Rashid Shaheed,WR,22,9.727272727272727,5.5,12.04033624819909,rushing_yards,1.2377915769176635,4.227272727272727
144718,Xavier Worthy,WR,23,8.652173913043478,7.0,10.692430184065115,rushing_yards,1.235808513736169,1.6521739130434785
45954,Benny Snell Jr.,HB,16,12.6875,6.5,15.649148006627497,rushing_yards,1.2334303847588175,6.1875
44920,Olamide Zaccheaus,WR,8,5.25,6.0,6.475227519444505,rushing_yards,1.233376670370382,-0.75
57133,Gary Brightwell,HB,13,13.307692307692308,9.0,16.377752264299556,rushing_yards,1.2306981470282903,4.307692307692308
104155,Demario Douglas,WR,15,5.2,4.0,6.371812928829596,rushing_yards,1.2253486401595377,1.2000000000000002
91399,Trey Lance,QB,16,22.5625,12.0,27.56560356676414,rushing_yards,1.2217442024050589,10.5625
42683,Mecole Hardman Jr.,WR,20,9.95,6.5,12.115561980579487,rushing_yards,1.2176444201587426,3.4499999999999993
7971,Rex Burkhead,HB,18,28.166666666666668,22.5,34.12994200370798,rushing_yards,1.2117139172914075,5.666666666666668
45691,Dontrell Hilliard,HB,17,29.11764705882353,14.0,35.18323882358824,rushing_yards,1.2083132525272728,15.117647058823529
29539,Justin Jackson,HB,24,22.25,14.5,26.385519744244437,rushing_yards,1.1858660559210983,7.75
40448,Patrick Taylor,HB,23,19.565217391304348,11.0,23.01546137818212,rushing_yards,1.1763458037737529,8.565217391304348
29048,Sam Darnold,QB,57,11.842105263157896,9.0,13.925553943437185,rushing_yards,1.1759356663346956,2.8421052631578956
35639,Adam Prentice,FB,17,4.294117647058823,3.0,5.04683943030627,rushing_yards,1.1752913741809123,1.2941176470588234
8671,Derek Carr,QB,47,7.25531914893617,6.0,8.52481820565154,rushing_yards,1.1749749433009453,1.2553191489361701
12329,Dare Ogunbowale,HB,41,11.048780487804878,7.0,12.945947666185344,rushing_yards,1.1717082876679892,4.048780487804878
101106,Tre Tucker,WR,26,6.615384615384615,7.0,7.725681448659001,rushing_yards,1.1678355678205468,-0.384615384615385
57385,Raheem Blackshear,HB,17,11.941176470588236,6.0,13.903554348777574,rushing_yards,1.1643370636907326,5.9411764705882355
78874,Tank Dell,WR,12,7.833333333333333,12.5,9.09378742312408,rushing_yards,1.1609090327392444,-4.666666666666667
57189,Deon Jackson,HB,16,17.6875,11.0,20.50274371882944,rushing_yards,1.1591657226193322,6.6875
47546,Christian Kirk,WR,8,5.75,4.5,6.627863262664025,rushing_yards,1.1526718717676565,1.25
97268,Zay Flowers,WR,24,7.416666666666667,6.0,8.53594276226005,rushing_yards,1.1509136308665235,1.416666666666667
7469,Brandon Bolden,HB,23,14.043478260869565,5.0,16.162465667177386,rushing_yards,1.1508876481271824,9.043478260869565
9434,Jameis Winston,QB,23,12.26086956521739,8.0,14.052555223175435,rushing_yards,1.1461303905426774,4.260869565217391
83701,Hassan Haskins,HB,21,11.142857142857142,5.0,12.705454396776663,rushing_yards,1.1402330868902133,6.142857142857142
8655,Brandin Cooks,WR,13,5.076923076923077,5.0,5.780160586891719,rushing_yards,1.1385164792362477,0.07692307692307665
11917,Jeremy McNichols,HB,42,15.404761904761905,8.5,17.537499229086816,rushing_yards,1.1384466269268103,6.904761904761905
40306,Jordan Love,QB,53,10.641509433962264,7.0,12.059299538949249,rushing_yards,1.1332320488728904,3.6415094339622645
146934,Jaylen Wright,HB,22,24.40909090909091,17.5,27.538127838480317,rushing_yards,1.1281914570699572,6.90909090909091
40573,Velus Jones Jr.,WR,13,11.923076923076923,8.0,13.413062901897405,rushing_yards,1.1249665659655887,3.9230769230769234
10799,Tyreek Hill,WR,27,7.37037037037037,5.0,8.279484135491627,rushing_yards,1.1233470937601704,2.3703703703703702
12112,Taysom Hill,TE,52,26.307692307692307,18.0,29.539961940274758,rushing_yards,1.1228640503613212,8.307692307692307
101659,Tyler Goodson,HB,13,20.307692307692307,9.0,22.63987858987107,rushing_yards,1.1148425063194087,11.307692307692307
25582,JaMycal Hasty,HB,30,12.233333333333333,6.0,13.624732413274524,rushing_yards,1.1137383444093616,6.2333333333333325
156419,Kaleb Johnson,HB,10,6.9,4.0,7.665941994736633,rushing_yards,1.1110060861937148,2.9000000000000004
47658,KaVontae Turpin,WR,33,9.333333333333334,6.0,10.358169078880044,rushing_yards,1.1098038298800046,3.333333333333334
60323,Mac Jones,QB,57,8.842105263157896,6.0,9.801219810535628,rushing_yards,1.108471288096291,2.8421052631578956
11855,Jonnu Smith,TE,19,6.0,5.0,6.641619615057092,rushing_yards,1.1069366025095153,1.0
62942,Ty Chandler,HB,25,28.4,18.0,31.34352671073673,rushing_yards,1.103645306716082,10.399999999999999
83806,Isaac Guerendo,HB,13,32.30769230769231,19.0,35.567739632483004,rushing_yards,1.100906226719712,13.307692307692307
28022,Joe Burrow,QB,70,11.514285714285714,7.5,12.652252886564908,rushing_yards,1.098830895855513,4.014285714285714
9896,Taylor Heinicke,QB,31,17.838709677419356,12.0,19.568847307550758,rushing_yards,1.096987823750585,5.838709677419356
163772,Dylan Sampson,HB,15,11.666666666666666,8.0,12.737271891503894,rushing_yards,1.0917661621289052,3.666666666666666
12270,Kendrick Bourne,WR,17,11.058823529411764,8.0,12.018062386650012,rushing_yards,1.0867396838992032,3.0588235294117645
94383,Craig Reynolds,HB,26,25.192307692307693,16.0,27.255853288083614,rushing_yards,1.0819117335727846,9.192307692307693
10707,Kenyan Drake,HB,26,28.307692307692307,23.5,30.487727669695865,rushing_yards,1.07701211876643,4.807692307692307
8731,Jerick McKinnon,HB,36,17.27777777777778,10.5,18.566653842861264,rushing_yards,1.0745973285257322,6.777777777777779
52269,Davis Mills,QB,31,7.354838709677419,6.0,7.8890150931396334,rushing_yards,1.0726292451198625,1.354838709677419
83542,Will Levis,QB,19,12.631578947368421,10.0,13.545029946711448,rushing_yards,1.072314870781323,2.6315789473684212
11869,Samaje Perine,HB,72,19.72222222222222,11.0,21.136192990865332,rushing_yards,1.0716942924945803,8.722222222222221
27589,Sony Michel,HB,31,33.25806451612903,20.0,35.44852393912002,rushing_yards,1.065862504474026,13.258064516129032
109239,Julius Chestnut,HB,16,9.625,4.0,10.223339310942714,rushing_yards,1.0621651232148275,5.625
84135,Anthony Schwartz,WR,8,12.0,11.5,12.71669319101022,rushing_yards,1.059724432584185,0.5
28237,Justin Herbert,QB,80,19.3375,13.5,20.459867323276463,rushing_yards,1.0580409734079619,5.837499999999999
42237,Greg Dortch,WR,16,7.4375,5.5,7.865271768985481,rushing_yards,1.0575155319644345,1.9375
48274,Deebo Samuel,WR,70,17.414285714285715,12.5,18.380434507127614,rushing_yards,1.0554802424109375,4.914285714285715
11839,Chris Godwin,WR,12,5.5,2.5,5.776126415136391,rushing_yards,1.050204802752071,3.0
42312,Chase Claypool,WR,13,11.923076923076923,8.0,12.432896809550181,rushing_yards,1.0427590872525958,3.9230769230769234
158290,LeQuint Allen,HB,10,9.7,8.5,10.111050060865752,rushing_yards,1.0423762949346136,1.1999999999999993
8667,Teddy Bridgewater,QB,19,7.105263157894737,6.0,7.39290002368718,rushing_yards,1.0404822255559734,1.1052631578947372
66619,Pierre Strong Jr.,HB,25,19.96,10.0,20.70724510889848,rushing_yards,1.0374371297043326,9.96
123727,Kimani Vidal,HB,22,37.68181818181818,22.0,39.0888930316728,rushing_yards,1.03734094897081,15.68181818181818
133244,Cam Ward,QB,14,11.357142857142858,8.5,11.777469643721913,rushing_yards,1.0370099057365205,2.8571428571428577
82134,Michael Penix Jr.,QB,12,6.75,5.5,6.995128174795526,rushing_yards,1.0363152851548927,1.25
7820,Geno Smith,QB,67,14.507462686567164,12.0,15.014511298244166,rushing_yards,1.0349508816690938,2.5074626865671643
77672,Brock Purdy,QB,53,14.830188679245284,11.0,15.255183039842562,rushing_yards,1.0286573805491803,3.8301886792452837
122624,Deuce Vaughn,HB,11,10.0,8.0,10.285912696499032,rushing_yards,1.0285912696499033,2.0
99218,Treylon Burks,WR,10,6.6,5.0,6.785605679999719,rushing_yards,1.0281220727272302,1.5999999999999996
55086,Desmond Ridder,QB,22,13.318181818181818,9.0,13.68832092954172,rushing_yards,1.027792015187433,4.318181818181818
57308,Larry Rountree III,HB,10,10.6,7.5,10.87504789261485,rushing_yards,1.0259479143976273,3.0999999999999996
40547,Kene Nwangwu,HB,13,10.538461538461538,8.0,10.805981249716787,rushing_yards,1.0253850820899142,2.5384615384615383
97108,Malik Washington,WR,15,9.0,9.0,9.219544457292887,rushing_yards,1.0243938285880985,0.0
57372,Trey Sermon,HB,21,24.047619047619047,17.0,24.567206170983688,rushing_yards,1.0216065932488267,7.0476190476190474
61570,CeeDee Lamb,WR,39,8.307692307692308,6.0,8.476449871800684,rushing_yards,1.0203134104945266,2.3076923076923084
7014,Ryan Tannehill,QB,36,12.61111111111111,9.0,12.822475307672581,rushing_yards,1.016760156555535,3.6111111111111107
83659,Dameon Pierce,HB,40,42.725,31.0,43.413330990518425,rushing_yards,1.016110731199963,11.725000000000001
27414,Rashaad Penny,HB,18,62.666666666666664,37.0,63.665486078777874,rushing_yards,1.0159386076400725,25.666666666666664
45775,Trayveon Williams,HB,21,8.857142857142858,7.0,8.996030870810271,rushing_yards,1.0156809047689015,1.8571428571428577
91479,Ashton Dulin,WR,11,11.727272727272727,9.0,11.883525647642697,rushing_yards,1.0133238924346486,2.7272727272727266
45866,Ke'Shawn Vaughn,HB,18,18.444444444444443,12.0,18.683815652062655,rushing_yards,1.0129779570395416,6.444444444444443
123974,Tank Bigsby,HB,40,31.825,20.0,32.14222201244706,rushing_yards,1.009967698741463,11.825
40498,Tony Jones Jr.,HB,20,15.8,10.0,15.936056436171471,rushing_yards,1.0086111668462956,5.800000000000001
48236,Darnell Mooney,WR,8,4.875,2.5,4.911720676097125,rushing_yards,1.0075324463788975,2.375
13750,Joshua Kelley,HB,39,20.82051282051282,16.0,20.86153826249308,rushing_yards,1.0019704337896922,4.820512820512821
83644,Chris Brooks,HB,21,19.571428571428573,13.0,19.58972033636884,rushing_yards,1.0009346157268748,6.571428571428573
9601,Michael Burton,FB,26,2.076923076923077,2.0,2.076980056198459,rushing_yards,1.0000274344659246,0.0769230769230771
60341,Malik Willis,QB,18,22.5,16.0,22.411262924751764,rushing_yards,0.9960561299889673,6.5
12271,Matt Breida,HB,39,13.512820512820513,10.0,13.363090949705256,rushing_yards,0.9889194440958349,3.5128205128205128
91319,Hunter Luepke,FB,17,7.529411764705882,5.0,7.42561148205001,rushing_yards,0.986214024959767,2.5294117647058822
7810,Cordarrelle Patterson,HB,52,31.307692307692307,20.0,30.83195341578085,rushing_yards,0.984804408857865,11.307692307692307
11795,Curtis Samuel,WR,27,9.296296296296296,7.0,9.101203702363156,rushing_yards,0.9790139440789053,2.296296296296296
60545,Tommy DeVito,QB,10,22.7,14.5,22.19133965211554,rushing_yards,0.9775920551592749,8.2
10841,Jeff Driskel,QB,8,13.5,7.5,13.19090595827292,rushing_yards,0.9771041450572533,6.0
129759,C.J. Stroud,QB,50,14.24,11.0,13.8778343308416,rushing_yards,0.9745670176152809,3.24
77763,Emari Demercado,HB,30,27.3,14.5,26.542288963996224,rushing_yards,0.9722450169961987,12.8
78171,Jayden Reed,WR,22,15.136363636363637,15.0,14.668708043689316,rushing_yards,0.969103834718213,0.1363636363636367
55632,DeeJay Dallas,HB,35,12.657142857142857,7.0,12.261711945398686,rushing_yards,0.9687582801105057,5.657142857142857
100632,Puka Nacua,WR,24,11.208333333333334,7.0,10.842665991217356,rushing_yards,0.9673754044208792,4.208333333333334
77737,Kenneth Gainwell,HB,84,23.488095238095237,19.0,22.69785513332639,rushing_yards,0.9663557177898716,4.488095238095237
41668,Khalil Herbert,HB,49,39.95918367346939,27.0,38.5362162904766,rushing_yards,0.9643894781579946,12.95918367346939
12660,Phillip Lindsay,HB,17,17.529411764705884,8.0,16.860151419318658,rushing_yards,0.9618207185517355,9.529411764705884
57279,Clyde Edwards-Helaire,HB,44,28.40909090909091,21.5,27.191241905503986,rushing_yards,0.9571317150737403,6.90909090909091
83537,Tyler Shough,QB,10,18.6,15.0,17.671068633975327,rushing_yards,0.9500574534395336,3.6000000000000014
45865,Justice Hill,HB,53,20.77358490566038,16.0,19.708102111172025,rushing_yards,0.9487097292389802,4.773584905660378
57136,Eno Benjamin,HB,20,21.95,19.0,20.737646925338467,rushing_yards,0.944767513682846,2.9499999999999993
11890,Joshua Dobbs,QB,21,23.047619047619047,21.0,21.68980449537568,rushing_yards,0.9410865586836555,2.0476190476190474
10790,Jonathan Williams,HB,13,17.615384615384617,13.0,16.56068870115039,rushing_yards,0.9401264328163976,4.615384615384617
11300,Elijhaa Penny,FB,8,12.375,7.0,11.624327937562668,rushing_yards,0.9393396313181954,5.375
45817,Alexander Mattison,HB,62,30.548387096774192,22.5,28.692077743250813,rushing_yards,0.93923380152141,8.048387096774192
31615,Mike Boone,HB,17,12.411764705882353,11.0,11.646130384860736,rushing_yards,0.9383138224769314,1.4117647058823533
46569,Mason Rudolph,QB,16,11.8125,10.0,11.046681251247664,rushing_yards,0.9351687831744054,1.8125
45851,Chase Edmonds,HB,41,26.146341463414632,19.0,24.43518055551232,rushing_yards,0.9345544802014975,7.1463414634146325
40693,Rico Dowdle,HB,51,49.72549019607843,32.0,46.165822176745664,rushing_yards,0.928413616330453,17.725490196078432
40341,Zack Moss,HB,49,37.48979591836735,26.0,34.66814246597035,rushing_yards,0.924735427780374,11.48979591836735
84088,Jaylen Waddle,WR,16,6.125,6.5,5.655380918499949,rushing_yards,0.9233274968979509,-0.375
138299,Isaiah Davis,HB,21,19.523809523809526,11.0,17.998941767834705,rushing_yards,0.9218970173768994,8.523809523809526
83574,Dorian Thompson-Robinson,QB,10,18.7,18.0,17.230786401090345,rushing_yards,0.9214324278657939,0.6999999999999993
57472,Salvon Ahmed,HB,24,11.541666666666666,6.5,10.595237513666907,rushing_yards,0.9179989181516455,5.041666666666666
61610,Bo Melton,WR,12,9.166666666666666,7.5,8.397330022998473,rushing_yards,0.916072366145288,1.666666666666666
77745,Jaret Patterson,HB,21,23.952380952380953,21.0,21.937356701472012,rushing_yards,0.9158737390276586,2.9523809523809526
9683,Trevor Siemian,QB,9,7.555555555555555,8.0,6.875883781578756,rushing_yards,0.9100434416795413,-0.44444444444444464
129891,Kyle Monangai,HB,18,47.0,30.5,42.768872683158655,rushing_yards,0.9099760145352905,16.5
77986,Dyami Brown,WR,11,6.090909090909091,6.0,5.539937643232918,rushing_yards,0.9095420011277925,0.09090909090909083
11927,Isaiah McKenzie,WR,20,8.0,7.0,7.2547625011001164,rushing_yards,0.9068453126375146,1.0
39462,Boston Scott,HB,34,22.676470588235293,16.0,20.53632493196458,rushing_yards,0.9056226299439633,6.6764705882352935
48267,DJ Moore,WR,38,7.342105263157895,7.5,6.597609377807519,rushing_yards,0.8985991267264721,-0.1578947368421053
57196,Malik Davis,HB,15,27.4,23.0,24.526370647587814,rushing_yards,0.8951230163353218,4.399999999999999
10769,Dak Prescott,QB,68,13.514705882352942,11.5,12.071296468054554,rushing_yards,0.89319712712482,2.014705882352942
154173,Emanuel Wilson,HB,42,26.857142857142858,18.0,23.829241545068957,rushing_yards,0.887258993699376,8.857142857142858
11844,D'Onta Foreman,HB,45,48.93333333333333,34.0,43.40423104637696,rushing_yards,0.8870074464518453,14.93333333333333
7962,Latavius Murray,HB,42,36.80952380952381,31.5,32.62442455916261,rushing_yards,0.8863039013485315,5.30952380952381
57156,Caleb Huntley,HB,12,30.5,27.0,26.996632786667707,rushing_yards,0.88513550120222,3.5
45747,Royce Freeman,HB,24,25.208333333333332,17.5,22.302230667662442,rushing_yards,0.8847165884692539,7.708333333333332
129574,Blake Corum,HB,34,31.529411764705884,23.5,27.818933267261386,rushing_yards,0.88231691332732,8.029411764705884
144558,Devin Neal,HB,8,25.75,20.0,22.676293473896603,rushing_yards,0.8806327562678292,5.75
25512,J.J. Taylor,HB,9,10.0,9.0,8.789197915623474,rushing_yards,0.8789197915623473,1.0
12112,Taysom Hill,QB,11,34.0,28.0,29.769111508407505,rushing_yards,0.8755621031884561,6.0
39395,Daniel Jones,QB,58,29.96551724137931,24.0,26.183539436964324,rushing_yards,0.8737890030747588,5.96551724137931
145059,TreVeyon Henderson,HB,21,47.0,28.0,41.0560592361225,rushing_yards,0.873533175236649,19.0
123943,Bryce Young,QB,44,16.863636363636363,12.0,14.661436379219559,rushing_yards,0.8694113216787879,4.863636363636363
34001,Ronald Jones,HB,21,23.714285714285715,20.0,20.574602929687018,rushing_yards,0.8676037379988502,3.7142857142857153
83601,Jerome Ford,HB,43,34.41860465116279,26.0,29.817087269630143,rushing_yards,0.8663072652662812,8.418604651162788
45769,Ty Johnson,HB,66,16.71212121212121,14.0,14.463497982603444,rushing_yards,0.8654495619690185,2.712121212121211
46518,Baker Mayfield,QB,72,16.625,12.5,14.362938908333039,rushing_yards,0.8639361749373257,4.125
57208,Ronnie Rivers,HB,15,20.8,16.0,17.957091714894784,rushing_yards,0.8633217170622491,4.800000000000001
45914,Myles Gaskin,HB,22,29.227272727272727,25.0,25.164093501090033,rushing_yards,0.8609798709548689,4.227272727272727
13014,Darrel Williams,HB,23,28.869565217391305,20.0,24.73919295337238,rushing_yards,0.8569298763969349,8.869565217391305
123826,Keaton Mitchell,HB,20,38.35,31.0,32.76595633789501,rushing_yards,0.8543926033349416,7.350000000000001
29413,Jeff Wilson Jr.,HB,37,38.4054054054054,26.0,32.75791631165025,rushing_yards,0.8529506710281909,12.405405405405403
11047,J.D. McKissic,HB,18,17.055555555555557,10.0,14.521676382818901,rushing_yards,0.8514337944323785,7.055555555555557
10636,Carson Wentz,QB,29,14.275862068965518,12.0,12.144653590672663,rushing_yards,0.8507124495881817,2.275862068965518
150568,Bhayshul Tuten,HB,16,22.375,17.0,18.888709149471634,rushing_yards,0.84418811841214,5.375
66272,Malachi Corley,WR,10,15.3,14.5,12.90176559838054,rushing_yards,0.8432526534889242,0.8000000000000007
123091,Kendre Miller,HB,20,24.85,22.5,20.90649609445276,rushing_yards,0.8413076899176161,2.3500000000000014
40692,Darrynton Evans,HB,11,17.727272727272727,16.0,14.88684593250638,rushing_yards,0.8397707961926677,1.7272727272727266
8692,Carlos Hyde,HB,10,25.3,20.0,21.22393826686168,rushing_yards,0.8388908405874181,5.300000000000001
10725,Jacoby Brissett,QB,39,14.41025641025641,10.0,12.073716448546076,rushing_yards,0.8378557677816671,4.410256410256411
25859,Jonathan Ward,HB,10,9.1,8.0,7.593125545883958,rushing_yards,0.8344094006465889,1.0999999999999996
147476,Audric Estime,HB,18,28.22222222222222,17.5,23.208911968708094,rushing_yards,0.822363022513279,10.722222222222221
97195,Tyjae Spears,HB,42,24.952380952380953,21.5,20.45095546811084,rushing_yards,0.8195993603632207,3.4523809523809526
33441,Diontae Johnson,WR,10,8.4,7.5,6.866990283636315,rushing_yards,0.8174988432900374,0.9000000000000004
97432,Bam Knight,HB,18,32.333333333333336,25.5,26.415236245060406,rushing_yards,0.8169660694348578,6.833333333333336
57337,Michael Carter,HB,57,29.68421052631579,23.0,24.14181160702678,rushing_yards,0.8132879796693419,6.684210526315791
138346,Jaleel McLaughlin,HB,43,26.11627906976744,22.0,21.21568299331056,rushing_yards,0.8123547361641621,4.11627906976744
11796,Dalvin Cook,HB,48,55.270833333333336,41.5,44.625982119633456,rushing_yards,0.8074056320174918,13.770833333333336
40555,Miles Sanders,HB,64,45.984375,41.5,37.09425668440134,rushing_yards,0.8066708895010825,4.484375
97790,Bo Nix,QB,36,23.833333333333332,22.5,19.213834301654327,rushing_yards,0.806174865803678,1.3333333333333321
99141,Kevin Harris,HB,9,13.0,15.0,10.35615758860399,rushing_yards,0.7966275068156915,-2.0
62946,Jordan Mason,HB,46,43.97826086956522,36.0,35.02728405142659,rushing_yards,0.7964681494639758,7.978260869565219
97116,Skyy Moore,WR,9,7.555555555555555,4.0,5.981452814975454,rushing_yards,0.7916628725702807,3.5555555555555554
97630,Zach Charbonnet,HB,50,35.62,32.0,28.157639337508826,rushing_yards,0.7905008236246162,3.6199999999999974
9783,Raheem Mostert,HB,52,44.98076923076923,42.5,35.52711772033202,rushing_yards,0.789829038673478,2.4807692307692335
7077,Russell Wilson,QB,58,18.46551724137931,16.5,14.500109518329756,rushing_yards,0.7852533632708926,1.9655172413793096
99622,RJ Harvey,HB,19,31.42105263157895,30.0,24.531874479889957,rushing_yards,0.7807464239830975,1.4210526315789487
9435,Marcus Mariota,QB,37,26.135135135135137,24.0,20.40446868561743,rushing_yards,0.780729411962611,2.135135135135137
11889,Jamaal Williams,HB,55,38.85454545454545,35.0,30.067466226014545,rushing_yards,0.7738468144271409,3.854545454545452
57272,Elijah Mitchell,HB,34,51.76470588235294,42.5,40.00080213099475,rushing_yards,0.7727427684396713,9.264705882352942
77632,Trevor Lawrence,QB,80,18.8375,15.5,14.510968134570884,rushing_yards,0.7703234577078107,3.3374999999999986
11898,Marlon Mack,HB,10,18.5,15.5,14.230249470757707,rushing_yards,0.7692026740950112,3.0
78050,Antonio Gibson,HB,68,36.61764705882353,29.5,28.110140206707214,rushing_yards,0.7676664795405986,7.117647058823529
57206,Cam Akers,HB,44,37.04545454545455,32.5,28.030676339818367,rushing_yards,0.7566562938355877,4.545454545454547
22425,James Robinson,HB,25,47.76,47.0,36.04890197125751,rushing_yards,0.7547927548420751,0.759999999999998
42873,Avery Williams,HB,10,10.9,10.0,8.06156863698926,rushing_yards,0.7395934529347945,0.9000000000000004
82118,Justin Fields,QB,59,48.94915254237288,45.0,36.12307683882861,rushing_yards,0.7379714451145735,3.949152542372879
83689,Chris Rodriguez Jr.,HB,26,35.38461538461539,33.0,26.112184011418,rushing_yards,0.7379530264096391,2.384615384615387
145159,Braelon Allen,HB,21,19.523809523809526,13.0,14.400066137414258,rushing_yards,0.7375643631358522,6.5238095238095255
98692,Jaylen Warren,HB,66,41.196969696969695,37.5,30.2747519570451,rushing_yards,0.7348781276811243,3.6969696969696955
97599,Sam Howell,QB,18,16.72222222222222,16.0,12.212845482165154,rushing_yards,0.7303362746809727,0.7222222222222214
9506,Tevin Coleman,HB,13,29.384615384615383,24.0,21.44193112236886,rushing_yards,0.7296992266774743,5.384615384615383
35134,Damien Harris,HB,33,45.90909090909091,37.0,33.45740168143257,rushing_yards,0.7287750861302145,8.909090909090907
10770,Devontae Booker,HB,16,37.0625,38.5,26.967804879151732,rushing_yards,0.7276304857781243,-1.4375
84226,Tyrone Tracy,HB,32,49.34375,43.5,35.766815918777866,rushing_yards,0.7248499742880885,5.84375
144622,Caleb Williams,QB,36,26.02777777777778,22.5,18.733447720376073,rushing_yards,0.719748258200148,3.5277777777777786
131396,Shedeur Sanders,QB,8,21.125,22.0,15.198096685346584,rushing_yards,0.7194365294838619,-0.875
55123,Zavier Scott,HB,9,12.666666666666666,15.0,9.1104335791443,rushing_yards,0.7192447562482341,-2.333333333333334
11765,Patrick Mahomes,QB,88,25.647727272727273,25.0,18.34537103613608,rushing_yards,0.7152825215684426,0.6477272727272734
32342,Derrick Gore,HB,10,28.5,26.5,20.364729858807905,rushing_yards,0.7145519248704528,2.0
146409,Jaxson Dart,QB,14,34.785714285714285,40.0,24.853969103943545,rushing_yards,0.714487818183182,-5.214285714285715
46448,Tyler Huntley,QB,26,31.615384615384617,35.0,22.562051188802712,rushing_yards,0.7136415217869471,-3.3846153846153832
84480,Deven Thompkins,WR,13,8.0,9.0,5.70087712549569,rushing_yards,0.7126096406869612,-1.0
61418,Calvin Austin III,WR,9,6.333333333333333,7.0,4.5,rushing_yards,0.7105263157894737,-0.666666666666667
57373,Chuba Hubbard,HB,75,49.77333333333333,45.0,35.21960960744598,rushing_yards,0.707599978719113,4.773333333333333
40485,Devin Singletary,HB,87,42.86206896551724,37.0,30.30817389701882,rushing_yards,0.7071094473158052,5.862068965517238
8738,Devonta Freeman,HB,16,36.0,32.0,25.234896472940004,rushing_yards,0.7009693464705556,4.0
99467,Roschon Johnson,HB,29,17.896551724137932,19.0,12.473814938233632,rushing_yards,0.696995439708623,-1.1034482758620676
9519,David Johnson,HB,16,15.75,14.0,10.878112581387146,rushing_yards,0.6906738146912473,1.75
124305,De'Von Achane,HB,45,68.22222222222223,63.0,47.07580390318696,rushing_yards,0.6900362135646296,5.2222222222222285
6180,Mark Ingram II,HB,23,34.21739130434783,27.0,23.45005625451506,rushing_yards,0.6853256592806181,7.217391304347828
10832,Derek Watt,FB,9,2.4444444444444446,2.0,1.6666666666666667,rushing_yards,0.6818181818181818,0.44444444444444464
48862,Patrick Ricard,FB,10,2.3,2.0,1.5670212364724212,rushing_yards,0.6813135810749658,0.2999999999999998
131705,Trey Benson,HB,16,28.1875,21.0,19.128403836528893,rushing_yards,0.6786129964178764,7.1875
38334,Kyler Murray,QB,56,32.785714285714285,31.5,22.127493622775585,rushing_yards,0.6749126595182096,1.2857142857142847
9448,Melvin Gordon III,HB,30,43.9,38.5,29.553399944437228,rushing_yards,0.6731981764108708,5.399999999999999
104136,Xavier Gipson,WR,8,9.125,8.5,6.128096884724607,rushing_yards,0.671572261339683,0.625
10805,Alex Collins,HB,11,37.36363636363637,36.0,25.03706343512644,rushing_yards,0.6700917221080069,1.3636363636363669
10638,Ezekiel Elliott,HB,67,42.23880597014925,37.0,28.106447848739325,rushing_yards,0.6654176699171501,5.238805970149251
102382,Jacory Croskey-Merritt,HB,17,47.35294117647059,32.0,31.418428462589016,rushing_yards,0.6634947625639916,15.352941176470587
57212,D'Andre Swift,HB,79,55.924050632911396,52.0,37.03732426229281,rushing_yards,0.6622789988051453,3.9240506329113956
83639,Tyler Allgeier,HB,66,43.57575757575758,39.5,28.653398566614218,rushing_yards,0.6575536527804375,4.075757575757578
9559,Mike Davis,HB,20,26.05,24.5,17.10486234348215,rushing_yards,0.6566165966787774,1.5500000000000007
11841,Kareem Hunt,HB,73,37.63013698630137,34.0,24.687213767294303,rushing_yards,0.6560490007326115,3.6301369863013733
162750,Omarion Hampton,HB,10,54.4,52.0,35.63768292754798,rushing_yards,0.6551044655799261,2.3999999999999986
83666,James Cook,HB,74,66.02702702702703,59.5,43.0552283026236,rushing_yards,0.6520849149394486,6.527027027027032
11759,Leonard Fournette,HB,33,47.96969696969697,44.0,31.266480502773305,rushing_yards,0.6517964981626779,3.969696969696969
143969,Drake Maye,QB,33,31.78787878787879,27.0,20.675706722742238,rushing_yards,0.6504273802197272,4.787878787878789
98689,Rhamondre Stevenson,HB,75,52.18666666666667,47.0,33.941799683660946,rushing_yards,0.6503921758494049,5.186666666666667
147787,Cam Skattebo,HB,8,51.25,59.5,33.14793680284965,rushing_yards,0.6467890107873102,-8.25
97636,Breece Hall,HB,56,60.67857142857143,54.0,39.18724613621451,rushing_yards,0.6458168874714575,6.678571428571431
12164,Austin Ekeler,HB,65,46.03076923076923,44.0,29.716877165367467,rushing_yards,0.6455872378839858,2.0307692307692307
47961,Braxton Berrios,WR,11,12.909090909090908,12.0,8.300054764331925,rushing_yards,0.642961988786276,0.9090909090909083
129758,Jaxon Smith-Njigba,WR,10,6.2,5.0,3.966526608171604,rushing_yards,0.6397623561567103,1.2000000000000002
40291,Jalen Hurts,QB,88,40.79545454545455,36.5,25.920816243581953,rushing_yards,0.6353849107061871,4.295454545454547
131633,Rachaad White,HB,69,40.89855072463768,38.0,25.688830788505683,rushing_yards,0.6281110292015919,2.89855072463768
41193,Darrell Henderson,HB,26,41.92307692307692,44.0,26.06748637966166,rushing_yards,0.6217932530928469,-2.07692307692308
124179,Woody Marks,HB,18,46.22222222222222,46.0,28.482307316391335,rushing_yards,0.6162037640565433,0.22222222222222143
57120,Brian Robinson,HB,60,47.7,42.5,29.243165216241668,rushing_yards,0.6130642602985674,5.200000000000003
146760,Brian Thomas Jr.,WR,8,8.625,8.0,5.262739645035518,rushing_yards,0.6101727124678862,0.625
157196,Ashton Jeanty,HB,17,57.35294117647059,50.0,34.90512350728505,rushing_yards,0.6086021534603547,7.352941176470587
144918,J.J. McCarthy,QB,9,20.11111111111111,19.0,12.211106056009468,rushing_yards,0.6071820690833437,1.1111111111111107
83747,Isiah Pacheco,HB,61,50.557377049180324,51.0,30.585140504371257,rushing_yards,0.6049590047881475,-0.4426229508196755
46601,Josh Allen,QB,93,39.623655913978496,39.0,23.61093794911248,rushing_yards,0.5958798451200706,0.6236559139784958
77787,Chase Brown,HB,41,53.36585365853659,47.0,31.784238308917345,rushing_yards,0.5955913028636248,6.365853658536587
45783,Nick Chubb,HB,58,66.43103448275862,59.0,38.882689996542304,rushing_yards,0.5853091149232945,7.431034482758619
11937,Aaron Jones,HB,76,60.23684210526316,53.0,34.66789808879011,rushing_yards,0.5755264864019328,7.2368421052631575
57185,Travis Etienne Jr.,HB,69,58.492753623188406,52.0,33.319144465221314,rushing_yards,0.5696285847622078,6.492753623188406
11822,Alvin Kamara,HB,66,59.22727272727273,55.5,33.729145330933676,rushing_yards,0.56948672085997,3.7272727272727266
77803,Javonte Williams,HB,70,51.77142857142857,48.0,29.457004495902765,rushing_yards,0.5689818749208592,3.7714285714285722
46416,Lamar Jackson,QB,74,52.58108108108108,49.5,29.902126536719653,rushing_yards,0.5686860353937945,3.0810810810810807
45791,Saquon Barkley,HB,82,82.08536585365853,69.0,46.639198587949885,rushing_yards,0.5681792132241704,13.08536585365853
57165,AJ Dillon,HB,55,41.30909090909091,40.0,23.237001724797654,rushing_yards,0.5625154466830418,1.3090909090909122
122474,Jahmyr Gibbs,HB,53,72.24528301886792,68.0,40.193716338395944,rushing_yards,0.5563507354230831,4.245283018867923
97199,Kenneth Walker III,HB,62,63.32258064516129,62.5,35.15155673326685,rushing_yards,0.5551188276776732,0.8225806451612883
57121,Najee Harris,HB,74,60.270270270270274,54.5,33.36444555695799,rushing_yards,0.5535804868194822,5.770270270270274
123126,Bijan Robinson,HB,51,76.52941176470588,72.0,42.02587438289724,rushing_yards,0.5491467060025005,4.529411764705884
97993,Jayden Daniels,QB,27,48.2962962962963,47.0,26.490658462087833,rushing_yards,0.5485028976045794,1.2962962962962976
27126,Tony Pollard,HB,85,59.54117647058823,59.0,32.4321830686656,rushing_yards,0.5447017508074642,0.5411764705882334
11860,James Conner,HB,61,62.0,55.0,33.556420150745126,rushing_yards,0.5412325830765343,7.0
97408,Spencer Rattler,QB,13,24.076923076923077,21.0,13.028568215409923,rushing_yards,0.5411226415345974,3.0769230769230766
45719,David Montgomery,HB,78,55.98717948717949,56.5,30.16814075505344,rushing_yards,0.5388401600398828,-0.512820512820511
10784,Jordan Howard,HB,8,50.875,60.0,27.383193490064038,rushing_yards,0.5382445894852882,-9.125
157128,Quinshon Judkins,HB,14,59.07142857142857,60.0,30.932841113299943,rushing_yards,0.5236514819663836,-0.9285714285714306
46027,Gus Edwards,HB,41,42.170731707317074,41.0,22.04643104793199,rushing_yards,0.5227898629064266,1.1707317073170742
45953,Josh Jacobs,HB,80,72.5875,69.0,37.90751361679628,rushing_yards,0.5222319768113832,3.5875000000000057
11803,Joe Mixon,HB,70,67.0,62.5,34.73502179545069,rushing_yards,0.5184331611261297,4.5
6332,Tyrod Taylor,QB,23,24.956521739130434,24.0,12.899888163255754,rushing_yards,0.5168944734405616,0.9565217391304337
144970,Bucky Irving,HB,28,63.82142857142857,64.5,32.17090193353197,rushing_yards,0.5040768070167293,-0.6785714285714306
57488,Jonathan Taylor,HB,68,94.54411764705883,85.5,47.61237573457588,rushing_yards,0.5035995566886233,9.044117647058826
10679,Derrick Henry,HB,78,95.97435897435898,90.0,47.70852366300208,rushing_yards,0.4970965596732784,5.974358974358978
124393,Anthony Richardson,QB,16,39.625,42.5,19.57506917825154,rushing_yards,0.4940080549716477,-2.875
57366,J.K. Dobbins,HB,34,67.8529411764706,62.5,32.48228641092378,rushing_yards,0.478715967911317,5.352941176470594
97118,Kyren Williams,HB,59,72.20338983050847,72.0,34.417206833820266,rushing_yards,0.476670235491877,0.20338983050847048
11763,Christian McCaffrey,HB,69,72.94202898550725,69.0,33.537899570297824,rushing_yards,0.45978841056041125,3.9420289855072497
9902,Malcolm Brown,HB,12,17.166666666666668,17.5,7.673251454161259,rushing_yards,0.44698552160162675,-0.33333333333333215
11767,Deshaun Watson,QB,18,25.833333333333332,23.0,11.3720503609404,rushing_yards,0.4402084010686606,2.833333333333332
129433,AJ Barner,TE,9,1.7777777777777777,2.0,0.6666666666666666,rushing_yards,0.375,-0.22222222222222232
46453,Mike White,QB,8,-0.75,-1.5,3.770183777256185,rushing_yards,-5.026911703008246,0.75
95015,Gunner Olszewski,WR,12,1.9166666666666667,1.0,2.2746961169005466,targets,1.1867979740350678,0.9166666666666667
55123,Zavier Scott,HB,8,1.875,1.0,2.100170061141308,targets,1.1200906992753643,0.875
45747,Royce Freeman,HB,12,1.8333333333333333,1.0,1.8504708655481241,targets,1.0093477448444315,0.8333333333333333
34914,Lawrence Cager,TE,11,2.3636363636363638,2.0,2.2922795323750234,targets,0.9698105713894329,0.36363636363636376
11107,Alex Erickson,WR,12,2.5833333333333335,1.5,2.5030284687057627,targets,0.9689142459506177,1.0833333333333335
123470,Mitchell Tinsley,WR,8,2.875,2.0,2.6423744732991303,targets,0.9190867733214366,0.875
29539,Justin Jackson,HB,21,1.9523809523809523,1.0,1.774153050787628,targets,0.9087125382082972,0.9523809523809523
145598,Konata Mumpfield,WR,11,2.4545454545454546,2.0,2.2074254852038093,targets,0.8993214939719223,0.4545454545454546
48078,Malik Turner,WR,9,1.8888888888888888,1.0,1.6914819275153699,targets,0.8954904322140194,0.8888888888888888
159617,Ryan Flournoy,WR,20,3.35,2.0,2.9960500312033647,targets,0.8943432928965267,1.35
172430,Isaac TeSlaa,WR,13,2.0,1.0,1.7795130420052185,targets,0.8897565210026093,1.0
51842,Dan Arnold,TE,20,2.95,1.5,2.6051568293028264,targets,0.8831040099331614,1.4500000000000002
84005,Luke Schoonmaker,TE,36,2.0,2.0,1.75662013130736,targets,0.87831006565368,0.0
61361,Lynn Bowden Jr.,WR,8,1.875,1.0,1.6420805617960927,targets,0.8757762996245828,0.875
7818,Giovani Bernard,HB,13,3.0,2.0,2.6140645235596867,targets,0.8713548411865623,1.0
91824,Michael Bandy,WR,9,2.4444444444444446,2.0,2.1278575558006176,targets,0.8704871819184344,0.44444444444444464
84330,Cole Turner,TE,11,2.0,2.0,1.7320508075688772,targets,0.8660254037844386,0.0
97623,Jordan Whittington,WR,19,2.8421052631578947,2.0,2.4554510310901883,targets,0.8639549924206218,0.8421052631578947
47808,Collin Johnson,WR,10,2.4,1.5,2.065591117977289,targets,0.8606629658238704,0.8999999999999999
84037,Payne Durham,TE,15,1.6,1.0,1.3522468075656267,targets,0.8451542547285166,0.6000000000000001
12112,Taysom Hill,TE,37,2.6216216216216215,2.0,2.2154928138922974,targets,0.8450848877733506,0.6216216216216215
47961,Braxton Berrios,WR,47,2.9148936170212765,2.0,2.447978644710442,targets,0.8398174912510276,0.9148936170212765
12271,Matt Breida,HB,27,1.9259259259259258,1.0,1.6154524473616085,targets,0.8387926168992967,0.9259259259259258
26104,KhaDarel Hodge,WR,39,2.2564102564102564,2.0,1.8738919352927468,targets,0.8304748349592855,0.2564102564102564
38275,Juwann Winfree,WR,9,2.0,1.0,1.6583123951776997,targets,0.8291561975888498,1.0
11981,David Moore,WR,23,2.9565217391304346,2.0,2.439788755191825,targets,0.825222667197235,0.9565217391304346
8520,Jack Doyle,TE,15,2.8666666666666667,2.0,2.356349072692956,targets,0.8219822346603335,0.8666666666666667
84480,Deven Thompkins,WR,18,2.4444444444444446,2.0,2.006525302818201,targets,0.8208512602438095,0.44444444444444464
84463,Kyle Philips,WR,12,2.9166666666666665,2.0,2.391588796113782,targets,0.8199733015247254,0.9166666666666665
54037,Josh Whyle,TE,29,2.0,1.0,1.6256866681058635,targets,0.8128433340529317,1.0
47311,Kendall Blanton,TE,8,2.125,1.5,1.7268882005337975,targets,0.8126532708394342,0.625
42237,Greg Dortch,WR,49,3.7551020408163267,3.0,3.045013767380603,targets,0.8109004054437475,0.7551020408163267
60917,Charlie Kolar,TE,25,1.6,1.0,1.2909944487358054,targets,0.8068715304598784,0.6000000000000001
77745,Jaret Patterson,HB,8,2.0,1.0,1.6035674514745464,targets,0.8017837257372732,1.0
34579,David Sills V,WR,23,2.5217391304347827,2.0,2.019666156422692,targets,0.8009020965124468,0.5217391304347827
122518,Xavier Hutchinson,WR,43,2.883720930232558,3.0,2.290864905555078,targets,0.7944128301521642,-0.11627906976744207
163772,Dylan Sampson,HB,13,2.6923076923076925,2.0,2.1363760352762253,targets,0.7935110988168836,0.6923076923076925
91470,Deonte Harty,WR,29,2.8275862068965516,2.0,2.237169217644116,targets,0.7911939916058459,0.8275862068965516
76366,Johnny Wilson,WR,10,1.6,1.0,1.2649110640673518,targets,0.7905694150420948,0.6000000000000001
47895,Ray-Ray McCloud III,WR,58,3.413793103448276,2.5,2.6756503243505527,targets,0.7837763576380408,0.9137931034482758
123153,Ja'Lynn Polk,WR,12,2.5833333333333335,2.0,2.0207259421636903,targets,0.7822164937407833,0.5833333333333335
125155,Jaylin Noel,WR,14,2.5,2.0,1.9513309067639726,targets,0.780532362705589,0.5
12303,Zach Pascal,WR,38,2.6842105263157894,2.0,2.0938166774589226,targets,0.7800493504258732,0.6842105263157894
11927,Isaiah McKenzie,WR,33,3.272727272727273,3.0,2.5528504567532844,targets,0.7800376395635035,0.27272727272727293
48017,Keith Kirkwood,WR,13,1.5384615384615385,1.0,1.1982893790305562,targets,0.7788880963698614,0.5384615384615385
48037,James Proche II,WR,23,2.3043478260869565,2.0,1.7948102611467835,targets,0.7788799246486042,0.30434782608695654
83974,John FitzPatrick,TE,12,1.5,1.0,1.1677484162422844,targets,0.778498944161523,0.5
47234,Mitchell Wilcox,TE,20,1.8,1.0,1.399247918291146,targets,0.7773599546061921,0.8
61245,Kadarius Toney,WR,32,3.71875,3.0,2.8875078550374935,targets,0.776472700514284,0.71875
11889,Jamaal Williams,HB,36,2.0,2.0,1.549193338482967,targets,0.7745966692414835,0.0
60896,Tre' McKitty,TE,14,1.7142857142857142,1.0,1.3259870882635916,targets,0.7734924681537618,0.7142857142857142
8692,Carlos Hyde,HB,8,2.125,2.0,1.6420805617960927,targets,0.7727437937863966,0.125
131705,Trey Benson,HB,9,2.2222222222222223,1.0,1.7159383568311668,targets,0.772172260574025,1.2222222222222223
60509,Jelani Woods,TE,13,2.923076923076923,3.0,2.2532028485964326,targets,0.7708325534672007,-0.0769230769230771
34045,Kendall Hinton,WR,21,2.5238095238095237,2.0,1.9395630337539334,targets,0.7685061077138227,0.5238095238095237
47481,Scott Miller,WR,36,2.5555555555555554,2.0,1.963152631347918,targets,0.7681901600926636,0.5555555555555554
57372,Trey Sermon,HB,16,1.75,1.0,1.3416407864998738,targets,0.766651877999928,0.75
55632,DeeJay Dallas,HB,26,2.0384615384615383,1.0,1.5615574079941918,targets,0.7660470303367735,1.0384615384615383
109617,Mason Tipton,WR,14,2.9285714285714284,2.5,2.234839031005476,targets,0.7631157666847967,0.4285714285714284
61697,Jalen Reagor,WR,43,2.395348837209302,2.0,1.8275606287085964,targets,0.762962204218152,0.39534883720930214
143786,Shane Zylstra,TE,11,2.1818181818181817,1.0,1.6624188291872668,targets,0.7619419633774973,1.1818181818181817
52266,Colby Parkinson,TE,67,2.955223880597015,2.0,2.238998936354556,targets,0.7576410542209862,0.955223880597015
104136,Xavier Gipson,WR,20,2.4,2.0,1.8180382718454353,targets,0.7575159466022647,0.3999999999999999
77763,Emari Demercado,HB,27,2.4444444444444446,2.0,1.84668795692624,targets,0.7554632551061891,0.44444444444444464
36049,Zach Gentry,TE,25,2.04,1.0,1.5405626677721789,targets,0.7551777783196955,1.04
10918,Chester Rogers,WR,17,2.5294117647058822,2.0,1.907801321509381,targets,0.7542470340851042,0.5294117647058822
47663,DJ Turner,WR,10,2.9,3.0,2.183269719175042,targets,0.7528516273017386,-0.10000000000000009
12329,Dare Ogunbowale,HB,43,2.0930232558139537,2.0,1.570774050745017,targets,0.7504809353559525,0.09302325581395365
144717,Ja'Tavion Sanders,TE,26,2.923076923076923,2.0,2.189485362784176,targets,0.7490344662156392,0.9230769230769229
77965,Tutu Atwell,WR,50,3.58,3.0,2.680922777473367,targets,0.7488611110260801,0.5800000000000001
27948,Ben Skowronek,WR,42,2.5476190476190474,2.0,1.90253208623154,targets,0.7467882955301373,0.5476190476190474
11774,O.J. Howard,TE,22,2.0454545454545454,1.5,1.5268165676232464,targets,0.746443655282476,0.5454545454545454
48080,Trenton Irwin,WR,27,2.7037037037037037,2.0,2.0156086085046527,targets,0.7454990743784332,0.7037037037037037
57208,Ronnie Rivers,HB,10,2.0,1.0,1.4907119849998598,targets,0.7453559924999299,1.0
84375,Jahan Dotson,WR,59,3.457627118644068,3.0,2.5752270331672404,targets,0.7447960537101332,0.4576271186440679
66915,Justin Watson,WR,56,2.357142857142857,2.0,1.7521786068006509,targets,0.7433484998548215,0.3571428571428572
91479,Ashton Dulin,WR,30,2.0,1.5,1.4855627054164149,targets,0.7427813527082074,0.5
9964,Damiere Byrd,WR,23,2.652173913043478,2.0,1.9681254499043666,targets,0.7420800876688596,0.652173913043478
40411,Stephen Sullivan,TE,16,1.9375,1.0,1.436140661634507,targets,0.7412338898758746,0.9375
10638,Ezekiel Elliott,HB,55,3.109090909090909,2.0,2.298733365176371,targets,0.7393586847058503,1.109090909090909
61610,Bo Melton,WR,20,2.8,2.0,2.0672890969882065,targets,0.7383175346386452,0.7999999999999998
99143,Eric Gray,HB,11,1.6363636363636365,1.0,1.2060453783110545,targets,0.7370277311900888,0.6363636363636365
10840,Mike Thomas,WR,12,1.75,1.0,1.2880570286640687,targets,0.7360325878080393,0.75
12193,Robert Tonyan,TE,36,2.9722222222222223,2.5,2.1841783170416558,targets,0.7348637328364449,0.4722222222222223
11917,Jeremy McNichols,HB,29,2.586206896551724,2.0,1.89957215820733,targets,0.7345012345068342,0.5862068965517242
11920,Jamal Agnew,WR,29,3.0689655172413794,3.0,2.2508892605044317,targets,0.7334358264565002,0.06896551724137945
84271,Terrace Marshall Jr.,WR,35,3.1714285714285713,3.0,2.3198087432032013,targets,0.7314712253343428,0.17142857142857126
42683,Mecole Hardman Jr.,WR,48,3.5625,3.0,2.6003784503618665,targets,0.7299307930840327,0.5625
6195,Kyle Rudolph,TE,20,2.15,1.5,1.5652475842498528,targets,0.7280221322092338,0.6499999999999999
48055,Jeff Smith,WR,15,1.8666666666666667,1.0,1.3557637102737476,targets,0.7263019876466505,0.8666666666666667
28991,Richie James,WR,27,3.7037037037037037,3.0,2.6863589143158473,targets,0.7253169068652787,0.7037037037037037
48113,Dante Pettis,WR,28,3.0714285714285716,2.0,2.2265830228563135,targets,0.7249340074415904,1.0714285714285716
97116,Skyy Moore,WR,38,2.289473684210526,1.5,1.6588484240229295,targets,0.7245544840559923,0.7894736842105261
84434,Cedric Tillman,WR,31,4.064516129032258,3.0,2.9431896968081843,targets,0.7241181000083629,1.064516129032258
146712,Adonai Mitchell,WR,33,3.696969696969697,3.0,2.674939818071246,targets,0.7235492950520583,0.6969696969696968
7810,Cordarrelle Patterson,HB,41,2.902439024390244,2.0,2.0952908873087344,targets,0.7219069443668749,0.9024390243902438
6180,Mark Ingram II,HB,18,2.611111111111111,2.0,1.8830166313622743,targets,0.721155305628105,0.6111111111111112
138299,Isaiah Davis,HB,17,2.2941176470588234,1.0,1.6494205756247002,targets,0.7189781996312796,1.2941176470588234
57337,Michael Carter,HB,57,3.175438596491228,2.0,2.2766109446903107,targets,0.716943778162142,1.1754385964912282
123709,Tez Johnson,WR,15,2.8,2.0,2.007130147392398,targets,0.716832195497285,0.7999999999999998
40485,Devin Singletary,HB,75,2.6266666666666665,2.0,1.8800038336169462,targets,0.7157375001079745,0.6266666666666665
9783,Raheem Mostert,HB,49,2.1020408163265305,2.0,1.5033975128463704,targets,0.7152085255288558,0.1020408163265305
11929,Eric Saubert,TE,33,1.696969696969697,1.0,1.2115292114938998,targets,0.713936856773191,0.696969696969697
45734,D'Ernest Johnson,HB,27,2.037037037037037,2.0,1.4539463930833605,targets,0.7137555020591042,0.0370370370370372
11254,Robbie Chosen,WR,38,4.394736842105263,4.0,3.1325619744022366,targets,0.712798533097515,0.39473684210526283
40448,Patrick Taylor,HB,14,2.2142857142857144,1.5,1.5776599725577716,targets,0.7124916005099613,0.7142857142857144
51837,Anthony Firkser,TE,30,2.2333333333333334,2.0,1.5905612397739561,targets,0.7121915998987863,0.2333333333333334
52130,Isaiah Hodgins,WR,33,3.242424242424242,3.0,2.305296930851629,targets,0.7109794272719977,0.2424242424242422
57121,Najee Harris,HB,63,3.7777777777777777,3.0,2.678736127382346,targets,0.7090772101894445,0.7777777777777777
78734,Ryan Miller,WR,12,2.0,1.0,1.4142135623730951,targets,0.7071067811865476,1.0
84288,Ronnie Bell,WR,11,2.0,1.0,1.4142135623730951,targets,0.7071067811865476,1.0
109795,Adam Trautman,TE,65,2.2153846153846155,2.0,1.5661687697641702,targets,0.7069511807963268,0.2153846153846155
7330,Cole Beasley,WR,24,5.458333333333333,5.0,3.8558726150105636,targets,0.7064194103836148,0.45833333333333304
102585,Xavier Smith,WR,11,2.1818181818181817,2.0,1.5374122295716148,targets,0.7046472718869902,0.18181818181818166
9487,Ameer Abdullah,HB,64,2.578125,2.0,1.8153200557372533,targets,0.7041241428314194,0.578125
27303,Chris Evans,HB,15,1.6,1.0,1.1212238211627763,targets,0.7007648882267351,0.6000000000000001
60915,Peyton Hendershot,TE,17,1.5294117647058822,1.0,1.0675700831106782,targets,0.6980265928031358,0.5294117647058822
7982,Ryan Griffin,TE,21,2.3333333333333335,2.0,1.622754859285078,targets,0.6954663682650334,0.3333333333333335
12206,Johnny Mundt,TE,47,1.9361702127659575,2.0,1.341709735328786,targets,0.6929709622027795,-0.06382978723404253
61107,Tyrell Shavers,WR,12,2.0833333333333335,2.0,1.4433756729740645,targets,0.6928203230275509,0.08333333333333348
45851,Chase Edmonds,HB,32,2.96875,2.0,2.0554314357566814,targets,0.6923558520443558,0.96875
45817,Alexander Mattison,HB,52,2.769230769230769,2.0,1.9160353737717093,targets,0.691901662750895,0.7692307692307692
61220,Laviska Shenault Jr.,WR,39,3.641025641025641,3.0,2.518219708310861,targets,0.6916237227050956,0.641025641025641
97636,Breece Hall,HB,54,4.351851851851852,3.5,3.0041317924975632,targets,0.6903111352973124,0.8518518518518521
42345,Byron Pringle,WR,39,2.8205128205128207,2.0,1.944923146523775,targets,0.6895636610402475,0.8205128205128207
34164,Jalen Guyton,WR,25,2.88,2.0,1.9857828011475307,targets,0.6895079170651148,0.8799999999999999
6216,Randall Cobb,WR,34,3.0588235294117645,3.0,2.1025406920803777,targets,0.6873690724108927,0.0588235294117645
41668,Khalil Herbert,HB,29,2.310344827586207,2.0,1.583473764405832,targets,0.6853841666831214,0.31034482758620685
57189,Deon Jackson,HB,9,4.444444444444445,4.0,3.0459444804161775,targets,0.6853375080936399,0.44444444444444464
48170,Cedrick Wilson Jr.,WR,52,3.2884615384615383,3.0,2.2521148097152515,targets,0.6848536263461583,0.2884615384615383
77888,Will Mallory,TE,18,1.7222222222222223,1.0,1.1785113019775793,targets,0.6842968850192396,0.7222222222222223
45691,Dontrell Hilliard,HB,19,2.9473684210526314,2.0,2.0131148946216078,targets,0.6830211249609026,0.9473684210526314
47050,Jordan Akins,TE,56,2.767857142857143,2.0,1.8876736180578695,targets,0.6819982103951012,0.7678571428571428
48297,N'Keal Harry,WR,15,2.0,2.0,1.3627702877384937,targets,0.6813851438692469,0.0
124044,Darnell Washington,TE,35,2.2285714285714286,2.0,1.5162980128805639,targets,0.6803901339848684,0.22857142857142865
99697,Davis Allen,TE,27,2.259259259259259,2.0,1.5340392280761117,targets,0.6790009698041807,0.2592592592592591
10657,Laquon Treadwell,WR,16,3.875,4.0,2.6299556396765835,targets,0.6786982295939571,-0.125
11817,JuJu Smith-Schuster,WR,65,4.015384615384615,3.0,2.7242677209453214,targets,0.6784574783963444,1.0153846153846153
10728,Nick Vannett,TE,24,1.7916666666666667,1.0,1.2150922908825974,targets,0.6781910460740078,0.7916666666666667
45769,Ty Johnson,HB,57,2.526315789473684,2.0,1.7124049833691992,targets,0.6778269725836414,0.5263157894736841
10674,Sterling Shepard,WR,46,4.304347826086956,4.0,2.912574769416163,targets,0.6766587848138561,0.3043478260869561
47792,James Washington,WR,17,2.7058823529411766,2.0,1.829094922439543,targets,0.6759698626407006,0.7058823529411766
11762,Mike Williams,WR,47,5.808510638297872,5.0,3.9211705099832908,targets,0.6750733112425445,0.8085106382978724
121811,Jaylin Lane,WR,13,2.3846153846153846,2.0,1.6092680291808414,targets,0.6748543348177722,0.3846153846153846
84006,Brevyn Spann-Ford,TE,16,1.6875,1.0,1.138346754435279,targets,0.6745758544801653,0.6875
143933,Elijah Arroyo,TE,12,2.0,1.5,1.348399724926484,targets,0.674199862463242,0.5
11841,Kareem Hunt,HB,65,2.2615384615384615,2.0,1.5235333426459188,targets,0.6736712059318689,0.2615384615384615
30762,Will Dissly,TE,62,2.629032258064516,2.0,1.7670376337085636,targets,0.6721247441100058,0.629032258064516
9527,Ty Montgomery,WR,13,2.6153846153846154,2.0,1.7577666482623882,targets,0.6720872478650307,0.6153846153846154
11395,Jalen Richard,HB,9,1.6666666666666667,1.0,1.118033988749895,targets,0.6708203932499369,0.6666666666666667
84036,Teagan Quitoriano,TE,9,1.6666666666666667,1.0,1.118033988749895,targets,0.6708203932499369,0.6666666666666667
144138,Will Shipley,HB,9,1.6666666666666667,1.0,1.118033988749895,targets,0.6708203932499369,0.6666666666666667
9679,Geoff Swaim,TE,34,1.9411764705882353,1.0,1.3013088159930006,targets,0.6703712082388185,0.9411764705882353
12087,Tim Patrick,WR,46,3.4130434782608696,3.5,2.2859579752773884,targets,0.6697711265143941,-0.08695652173913038
42247,Lil'Jordan Humphrey,WR,43,2.627906976744186,2.0,1.7596435761114142,targets,0.6695988829450514,0.6279069767441858
83955,Isaiah Likely,TE,56,3.5357142857142856,3.0,2.3661574965968133,targets,0.6692162616637451,0.5357142857142856
61439,Donovan Peoples-Jones,WR,42,4.214285714285714,4.0,2.815771906346718,targets,0.6681492659127805,0.2142857142857144
146771,Jack Bech,WR,11,2.5454545454545454,2.0,1.694912172570388,targets,0.6658583535097953,0.5454545454545454
122906,Michael Mayer,TE,34,3.3823529411764706,3.0,2.243032388508953,targets,0.6631574018200382,0.38235294117647056
150240,Jayden Higgins,WR,19,4.2631578947368425,4.0,2.8253240770486627,targets,0.6627303390607974,0.2631578947368425
77737,Kenneth Gainwell,HB,79,3.0,2.0,1.9871381302561604,targets,0.6623793767520535,1.0
11795,Curtis Samuel,WR,58,4.189655172413793,4.0,2.7622575089362207,targets,0.6593042613921845,0.1896551724137927
162750,Omarion Hampton,HB,9,3.7777777777777777,2.0,2.488864087178013,targets,0.6588169642530035,1.7777777777777777
97118,Kyren Williams,HB,50,3.08,3.0,2.0287726258373406,targets,0.6586924109861495,0.08000000000000007
10760,Demarcus Robinson,WR,76,3.6184210526315788,3.0,2.3830910194571975,targets,0.6585996999227164,0.6184210526315788
97989,David Bell,WR,25,2.56,2.0,1.6852299546352718,targets,0.658292951029403,0.56
9859,DeAndre Carter,WR,41,3.1219512195121952,3.0,2.051769016619799,targets,0.6572072631360294,0.12195121951219523
77986,Dyami Brown,WR,55,2.7636363636363637,2.0,1.8151995744130989,targets,0.6568156354784239,0.7636363636363637
57120,Brian Robinson,HB,41,2.292682926829268,2.0,1.5040595473421987,targets,0.6560259727769165,0.2926829268292681
84135,Anthony Schwartz,WR,18,1.7777777777777777,1.0,1.165966176260275,targets,0.6558559741464047,0.7777777777777777
11898,Marlon Mack,HB,8,1.625,1.0,1.0606601717798212,targets,0.6527139518645053,0.625
47216,Tommy Sweeney,TE,8,1.625,1.0,1.0606601717798212,targets,0.6527139518645053,0.625
97400,John Metchie III,WR,39,3.2564102564102564,3.0,2.1240223598529266,targets,0.6522588349154657,0.2564102564102564
97199,Kenneth Walker III,HB,57,2.8947368421052633,3.0,1.8868360755348752,targets,0.6518160988211387,-0.10526315789473673
40341,Zack Moss,HB,35,3.0,3.0,1.955384722187607,targets,0.651794907395869,0.0
84423,Michael Wilson,WR,46,5.5,4.5,3.582364210034113,targets,0.6513389472789296,1.0
47417,River Cracraft,WR,19,1.9473684210526316,1.0,1.26814318375447,targets,0.6512086619279711,0.9473684210526316
7808,DeAndre Hopkins,WR,72,5.680555555555555,5.0,3.695548860068257,targets,0.6505611685205734,0.6805555555555554
10741,Chris Moore,WR,46,3.260869565217391,3.0,2.11276314714689,targets,0.6479140317917129,0.26086956521739113
9590,C.J. Uzomah,TE,39,3.051282051282051,2.0,1.9728248241480106,targets,0.6465560348048103,1.051282051282051
11873,Mack Hollins,WR,73,3.767123287671233,3.0,2.4353903859158317,targets,0.6464854478976572,0.7671232876712328
60864,Jake Tonges,TE,12,4.5,3.5,2.9076701075853593,targets,0.6461489127967465,1.0
98499,Luke Musgrave,TE,33,2.8484848484848486,3.0,1.8391780113887175,targets,0.6456688763385923,-0.15151515151515138
11792,Zay Jones,WR,55,5.509090909090909,5.0,3.5531557557917193,targets,0.6449622659027874,0.5090909090909088
83659,Dameon Pierce,HB,24,2.4166666666666665,2.0,1.5580552724098262,targets,0.6447125265144109,0.4166666666666665
45865,Justice Hill,HB,47,2.9361702127659575,2.0,1.8928269095530668,targets,0.6446584402101024,0.9361702127659575
47800,Denzel Mims,WR,19,2.3157894736842106,2.0,1.4926721593968977,targets,0.6445629779213876,0.3157894736842106
83747,Isiah Pacheco,HB,46,2.782608695652174,2.0,1.7877738295714263,targets,0.6424812200022313,0.7826086956521738
9205,Damien Williams,HB,11,2.1818181818181817,2.0,1.4012980994907416,targets,0.6422616289332566,0.18181818181818166
9462,Phillip Dorsett,WR,21,2.6666666666666665,3.0,1.7126976771553504,targets,0.6422616289332564,-0.3333333333333335
111284,Jalen Brooks,WR,17,2.4705882352941178,2.0,1.585782419612773,targets,0.6418643127004081,0.47058823529411775
45719,David Montgomery,HB,66,2.727272727272727,2.0,1.7501248706698225,targets,0.6417124525789349,0.7272727272727271
12270,Kendrick Bourne,WR,67,3.985074626865672,3.0,2.5554015121475224,targets,0.6412430760819625,0.9850746268656718
47967,Equanimeous St. Brown,WR,27,2.2222222222222223,2.0,1.4232501627054275,targets,0.6404625732174424,0.22222222222222232
9453,Nelson Agholor,WR,62,3.1129032258064515,3.0,1.9926491034543996,targets,0.6401256187262838,0.11290322580645151
57301,Connor Heyward,TE,29,2.103448275862069,2.0,1.3454905527673569,targets,0.6396594431189073,0.10344827586206895
47083,Josh Oliver,TE,57,1.9473684210526316,2.0,1.2452918853422474,targets,0.6394742113919649,-0.05263157894736836
61637,Jalen Tolbert,WR,42,3.4761904761904763,3.0,2.222260936557853,targets,0.6392805433933549,0.4761904761904763
26394,Harrison Bryant,TE,49,2.36734693877551,2.0,1.5096064270616532,targets,0.637678576948457,0.36734693877551017
97774,Jonathan Mingo,WR,33,3.909090909090909,4.0,2.4920327591601343,targets,0.6374967523432902,-0.09090909090909083
47043,Foster Moreau,TE,60,2.8666666666666667,2.0,1.8269792301349879,targets,0.6373183360936004,0.8666666666666667
40555,Miles Sanders,HB,55,2.4909090909090907,2.0,1.5854982541159464,targets,0.6365138976377888,0.49090909090909074
129799,Parker Washington,WR,34,4.9411764705882355,4.0,3.1424867249360475,targets,0.6359794562370572,0.9411764705882355
47153,Mike Gesicki,TE,78,4.217948717948718,4.0,2.6757566518040568,targets,0.6343739174489861,0.21794871794871806
9559,Mike Davis,HB,18,3.1666666666666665,3.5,2.007339474206065,targets,0.6338966760650732,-0.3333333333333335
84345,Kevin Austin Jr.,WR,13,3.3846153846153846,3.0,2.142368686697878,targets,0.6329725665243731,0.3846153846153846
42275,John Bates,TE,54,1.8518518518518519,1.0,1.1721196314660907,targets,0.6329446009916889,0.8518518518518519
47257,Durham Smythe,TE,58,2.2413793103448274,2.0,1.4180582823692427,targets,0.6326721567493545,0.2413793103448274
61182,Quintin Morris,TE,19,1.5263157894736843,1.0,0.964274111134126,targets,0.6317657969499446,0.5263157894736843
66619,Pierre Strong Jr.,HB,19,1.894736842105263,2.0,1.1969747440993466,targets,0.6317366704968774,-0.10526315789473695
84425,Brycen Tremayne,WR,10,1.9,1.5,1.1972189997378646,targets,0.6301152630199288,0.3999999999999999
48054,Tyler Johnson,WR,36,3.3055555555555554,3.0,2.0814753619823807,targets,0.6296900254736614,0.30555555555555536
8738,Devonta Freeman,HB,12,3.1666666666666665,3.0,1.9924098397912438,targets,0.6291820546709191,0.16666666666666652
9538,Jamison Crowder,WR,29,4.172413793103448,4.0,2.6195551083184414,targets,0.6278272573655769,0.1724137931034484
129519,Rakim Jarrett,WR,11,1.6363636363636365,1.0,1.0269106361049412,targets,0.6275564998419084,0.6363636363636365
158540,Colston Loveland,TE,18,5.888888888888889,5.0,3.6924229075370794,targets,0.6270152107138436,0.8888888888888893
60492,Stone Smartt,TE,24,2.2083333333333335,2.0,1.3824731042801415,targets,0.6260255566551584,0.20833333333333348
128374,Kyle Williams,WR,14,1.9285714285714286,1.5,1.2066664642907567,targets,0.625678907410022,0.4285714285714286
47034,Josiah Deguara,TE,32,1.96875,1.5,1.230902501314355,targets,0.6252203181279264,0.46875
77997,Jake Bobo,WR,28,1.6428571428571428,1.0,1.0261140545329512,targets,0.624591163628753,0.6428571428571428
11796,Dalvin Cook,HB,43,2.8372093023255816,3.0,1.7718732696558552,targets,0.6245127097967358,-0.16279069767441845
157122,Mason Taylor,TE,13,4.769230769230769,4.0,2.9764029228204905,targets,0.6240844838171996,0.7692307692307692
122676,Tre Harris,WR,17,2.7058823529411766,2.0,1.6868871436151611,targets,0.6234148139447334,0.7058823529411766
40630,Kylen Granson,TE,55,2.5454545454545454,2.0,1.5848610386354103,targets,0.6226239794639112,0.5454545454545454
77787,Chase Brown,HB,40,4.1,3.0,2.550012569099239,targets,0.6219542851461559,1.0999999999999996
101694,Brenton Strange,TE,32,3.9375,4.0,2.448666523219421,targets,0.6218835614525513,-0.0625
47940,Parris Campbell,WR,33,4.121212121212121,4.0,2.5587787096285766,targets,0.62088012807164,0.1212121212121211
48103,Nyheim Miller-Hines,HB,32,2.90625,2.0,1.8024960292560621,targets,0.6202136874859568,0.90625
62979,Joshua Palmer,WR,69,4.463768115942029,4.0,2.768412744138712,targets,0.6201963615115945,0.46376811594202927
129423,Tip Reiman,TE,8,1.5,1.0,0.9258200997725514,targets,0.6172133998483676,0.5
147787,Cam Skattebo,HB,8,3.75,2.5,2.3145502494313788,targets,0.6172133998483676,1.25
47861,Nick Westbrook-Ikhine,WR,66,3.257575757575758,3.0,2.0100563027752085,targets,0.6170405394565756,0.2575757575757578
131905,Jalen McMillan,WR,18,4.277777777777778,3.5,2.630266270474298,targets,0.6148674398511346,0.7777777777777777
144800,Pat Bryant,WR,14,3.642857142857143,3.0,2.2397507710643874,targets,0.6148335449980671,0.6428571428571428
60994,Brock Wright,TE,44,2.0454545454545454,2.0,1.256694546790248,targets,0.6143840006530101,0.045454545454545414
145159,Braelon Allen,HB,14,2.0714285714285716,2.0,1.2688144505364485,targets,0.6125311140520785,0.07142857142857162
84147,Dax Milne,WR,15,1.3333333333333333,1.0,0.816496580927726,targets,0.6123724356957946,0.33333333333333326
12078,Mo Alie-Cox,TE,65,2.0,2.0,1.224744871391589,targets,0.6123724356957945,0.0
45783,Nick Chubb,HB,49,1.836734693877551,1.0,1.1244802276220447,targets,0.6122170128164466,0.8367346938775511
84140,Khalil Shakir,WR,65,4.707692307692308,5.0,2.881639490610536,targets,0.6121129636917805,-0.29230769230769216
25582,JaMycal Hasty,HB,28,2.5,2.0,1.5275252316519465,targets,0.6110100926607787,0.5
11993,Noah Brown,WR,52,4.173076923076923,4.0,2.5492878963115446,targets,0.6108892654755774,0.17307692307692335
10774,Tajae Sharpe,WR,13,2.769230769230769,2.0,1.6908501882113505,targets,0.6105847901874322,0.7692307692307692
11028,Kalif Raymond,WR,69,3.289855072463768,3.0,2.008082559787426,targets,0.6103863287459578,0.28985507246376807
78092,Tyquan Thornton,WR,36,3.0277777777777777,3.0,1.8436936701107236,targets,0.60892634976134,0.02777777777777768
40498,Tony Jones Jr.,HB,12,1.9166666666666667,1.5,1.1645001528813148,targets,0.6075652971554686,0.41666666666666674
47658,KaVontae Turpin,WR,42,2.5,2.0,1.5181824820424215,targets,0.6072729928169686,0.5
9447,DeVante Parker,WR,34,5.147058823529412,4.5,3.1249955436688364,targets,0.6071419913413739,0.6470588235294121
61081,Jake Ferguson,TE,61,5.114754098360656,6.0,3.104289294163468,targets,0.6069283555896523,-0.8852459016393439
84424,Simi Fehoko,WR,8,2.75,2.5,1.6690459207925603,targets,0.6069257893791128,0.25
83665,Zamir White,HB,13,2.3846153846153846,2.0,1.4455945454184551,targets,0.6062170674335458,0.3846153846153846
57272,Elijah Mitchell,HB,18,2.3333333333333335,2.0,1.4142135623730951,targets,0.6060915267313265,0.3333333333333335
7859,Marquise Goodwin,WR,35,2.6,2.0,1.5755484572606677,targets,0.6059801758694876,0.6000000000000001
28305,Juwan Johnson,TE,73,4.164383561643835,4.0,2.5221997598554555,targets,0.605659810754764,0.16438356164383539
47809,Marquez Valdes-Scantling,WR,74,3.527027027027027,3.0,2.1340229741158026,targets,0.605048659327852,0.5270270270270272
11869,Samaje Perine,HB,82,2.4634146341463414,2.0,1.4840312295075087,targets,0.6024285189089886,0.46341463414634143
66924,Tanner Hudson,TE,37,2.972972972972973,3.0,1.7870908465138793,targets,0.6011123756455776,-0.027027027027027195
122937,Marvin Mims Jr.,WR,48,3.1458333333333335,3.0,1.8905091437745112,targets,0.6009565490144141,0.14583333333333348
7084,Mohamed Sanu,WR,8,2.875,3.0,1.7268882005337975,targets,0.60065676540306,-0.125
26448,Freddie Swain,WR,19,2.3684210526315788,2.0,1.42245977548242,targets,0.6005941274259107,0.36842105263157876
11932,Trent Taylor,WR,8,1.875,1.5,1.1259916264596033,targets,0.6005288674451218,0.375
11991,Isaiah Ford,WR,8,1.875,1.5,1.1259916264596033,targets,0.6005288674451218,0.375
124179,Woody Marks,HB,17,2.3529411764705883,2.0,1.4116115112960541,targets,0.599934892300823,0.3529411764705883
10075,Adam Humphries,WR,17,3.588235294117647,3.0,2.1522901619383177,targets,0.5998185697205147,0.5882352941176472
62890,Rondale Moore,WR,39,4.769230769230769,4.0,2.8604521032203656,targets,0.599772215191367,0.7692307692307692
52195,Austin Trammell,WR,10,2.2,2.0,1.3165611772087666,targets,0.5984368987312575,0.20000000000000018
63707,Rashid Shaheed,WR,53,4.60377358490566,4.0,2.7549928287042604,targets,0.5984205734480565,0.6037735849056602
60997,Grant Calcaterra,TE,28,1.9285714285714286,2.0,1.1524071884721683,targets,0.5975444680966798,-0.0714285714285714
42295,Marquez Callaway,WR,27,4.185185185185185,4.0,2.4967214970072718,targets,0.5965617736212065,0.18518518518518512
123091,Kendre Miller,HB,16,1.5,1.0,0.8944271909999159,targets,0.5962847939999439,0.5
99711,Dontayvion Wicks,WR,48,3.8541666666666665,4.0,2.296987697457151,targets,0.5959751863672608,-0.14583333333333348
101701,Jameson Williams,WR,54,4.592592592592593,4.0,2.7370175099468064,targets,0.5959634900690627,0.5925925925925926
57136,Eno Benjamin,HB,15,2.6,3.0,1.5491933384829666,targets,0.5958435917242179,-0.3999999999999999
45914,Myles Gaskin,HB,18,3.8333333333333335,4.0,2.28164027684935,targets,0.5952105070041782,-0.16666666666666652
11855,Jonnu Smith,TE,75,4.2,4.0,2.498648283220999,targets,0.5949162579097617,0.20000000000000018
94379,Tom Kennedy,WR,13,2.1538461538461537,2.0,1.281025230440697,targets,0.5947617141331808,0.15384615384615374
77803,Javonte Williams,HB,68,3.5441176470588234,3.0,2.104960903167334,targets,0.5939308772422354,0.5441176470588234
48027,Jauan Jennings,WR,80,4.425,4.0,2.6278691372539167,targets,0.5938687315828061,0.4249999999999998
124282,Jalin Hyatt,WR,28,2.607142857142857,2.0,1.5477411429249548,targets,0.5936541370123114,0.6071428571428572
51593,Keelan Cole Sr.,WR,23,3.0869565217391304,2.0,1.8318655041504663,targets,0.5934212196543764,1.0869565217391304
144949,Keon Coleman,WR,30,4.266666666666667,4.0,2.5316388767553026,targets,0.5933528617395241,0.2666666666666666
9576,MyCole Pruitt,TE,34,1.7647058823529411,1.0,1.0461711873769428,targets,0.592830339513601,0.7647058823529411
61418,Calvin Austin III,WR,45,3.2888888888888888,3.0,1.9496179371892586,targets,0.5927892376588962,0.28888888888888875
129891,Kyle Monangai,HB,16,2.125,2.0,1.2583057392117916,targets,0.5921438772761372,0.125
57366,J.K. Dobbins,HB,29,2.2413793103448274,2.0,1.327058304613013,targets,0.5920721666734982,0.2413793103448274
8696,Allen Robinson II,WR,44,3.9318181818181817,4.0,2.326767667844568,targets,0.5917790600298323,-0.06818181818181834
84226,Tyrone Tracy,HB,29,3.206896551724138,3.0,1.8969771130637516,targets,0.59153049762203,0.2068965517241379
129433,AJ Barner,TE,32,3.375,3.0,1.9959636689433842,targets,0.5913966426498916,0.375
61664,Quez Watkins,WR,40,3.65,3.0,2.1548990100674654,targets,0.5903832904294426,0.6499999999999999
99467,Roschon Johnson,HB,18,3.2777777777777777,3.0,1.9343810548491929,targets,0.5901501523268724,0.2777777777777777
48862,Patrick Ricard,FB,25,1.48,1.0,0.8717797887081346,targets,0.5890403977757666,0.48
4717,Danny Amendola,WR,8,4.625,5.0,2.7222627143085005,targets,0.5885973436342704,-0.375
100660,Ricky Pearsall,WR,20,4.85,4.5,2.8520537383288884,targets,0.5880523171812142,0.34999999999999964
47908,Cam Sims,WR,23,1.826086956521739,2.0,1.0724726702618104,targets,0.5873064622862295,-0.17391304347826098
57165,AJ Dillon,HB,41,2.5853658536585367,2.0,1.5161729742364087,targets,0.586444263619743,0.5853658536585367
163586,Isaiah Bond,WR,14,3.0,2.5,1.7541160386140586,targets,0.5847053462046862,0.5
97156,Isaiah Williams,WR,10,3.7,3.5,2.1628170930011112,targets,0.5845451602705706,0.20000000000000018
11074,Marcus Johnson,WR,12,3.1666666666666665,3.0,1.8504708655481243,targets,0.5843592206994077,0.16666666666666652
57385,Raheem Blackshear,HB,11,1.7272727272727273,1.0,1.009049958219026,targets,0.5841868179162782,0.7272727272727273
124173,Malik Heath,WR,23,2.0,2.0,1.1677484162422844,targets,0.5838742081211422,0.0
122474,Jahmyr Gibbs,HB,51,4.862745098039215,4.0,2.835627675440746,targets,0.5831331106753148,0.8627450980392153
48036,Brandon Powell,WR,34,2.4705882352941178,2.0,1.4404396239205683,targets,0.583035085872611,0.47058823529411775
9448,Melvin Gordon III,HB,26,2.576923076923077,2.5,1.5012815038646663,targets,0.5825868522459898,0.0769230769230771
109811,Andrei Iosivas,WR,41,3.4146341463414633,3.0,1.987153866162577,targets,0.5819522036618976,0.41463414634146334
40693,Rico Dowdle,HB,45,2.688888888888889,3.0,1.5641178492890642,targets,0.5816967208099825,-0.3111111111111109
9518,Tyler Kroft,TE,13,2.3846153846153846,2.0,1.3867504905630728,targets,0.5815405283006434,0.3846153846153846
35883,Dawson Knox,TE,81,3.5555555555555554,3.0,2.0676073128135335,targets,0.5815145567288064,0.5555555555555554
8647,Odell Beckham Jr.,WR,42,4.5476190476190474,4.0,2.643006242458977,targets,0.5811846187606128,0.5476190476190474
84041,Daniel Bellinger,TE,45,2.3555555555555556,2.0,1.3677379393389186,targets,0.5806434648136919,0.3555555555555556
55410,Gabe Davis,WR,66,4.863636363636363,4.0,2.822363241281013,targets,0.5802989841886196,0.8636363636363633
123727,Kimani Vidal,HB,16,1.9375,1.5,1.1236102527122114,targets,0.579927872367593,0.4375
99218,Treylon Burks,WR,33,3.393939393939394,3.0,1.9675396110909993,targets,0.579721492553598,0.39393939393939403
47509,Hunter Renfrow,WR,47,5.212765957446808,4.0,3.021201677225154,targets,0.5795774646105398,1.2127659574468082
11784,David Njoku,TE,68,5.867647058823529,5.0,3.3984386747169815,targets,0.5791825310294605,0.867647058823529
40666,Brandon Johnson,WR,15,2.7333333333333334,3.0,1.5796322658258455,targets,0.5779142435948215,-0.2666666666666666
61643,Shi Smith,WR,19,2.473684210526316,2.0,1.4286131990551605,targets,0.5775244847244265,0.47368421052631593
101659,Tyler Goodson,HB,13,2.0,2.0,1.1547005383792515,targets,0.5773502691896257,0.0
57212,D'Andre Swift,HB,75,3.8266666666666667,3.0,2.207930015864397,targets,0.576985195783379,0.8266666666666667
7469,Brandon Bolden,HB,20,3.15,3.0,1.814415956487898,targets,0.5760050655517137,0.1499999999999999
60995,Cole Kmet,TE,81,4.333333333333333,4.0,2.4949949899749297,targets,0.5757680746095992,0.33333333333333304
10679,Derrick Henry,HB,62,2.129032258064516,2.0,1.2211774883114874,targets,0.5735833657220623,0.12903225806451601
7971,Rex Burkhead,HB,27,2.962962962962963,3.0,1.6979961375665384,targets,0.5730736964287068,-0.0370370370370372
9519,David Johnson,HB,15,2.8666666666666667,3.0,1.6417180315870614,targets,0.5726923366001377,-0.1333333333333333
47338,Brycen Hopkins,TE,13,1.7692307692307692,1.0,1.0127393670836666,targets,0.5724179031342463,0.7692307692307692
8639,Sammy Watkins,WR,21,3.5238095238095237,3.0,2.0154167712671147,targets,0.5719425972514786,0.5238095238095237
12247,Pharaoh Brown,TE,37,2.1621621621621623,2.0,1.2363367375147147,targets,0.5718057411005555,0.16216216216216228
7962,Latavius Murray,HB,33,2.1515151515151514,2.0,1.227833766263071,targets,0.5706832998124133,0.15151515151515138
45775,Trayveon Williams,HB,13,1.5384615384615385,1.0,0.8770580193070292,targets,0.5700877125495689,0.5384615384615385
122616,Ben Sinnott,TE,13,1.5384615384615385,1.0,0.8770580193070292,targets,0.5700877125495689,0.5384615384615385
40951,Reggie Gilliam,FB,14,1.5,1.0,0.8548504142651102,targets,0.5699002761767401,0.5
39462,Boston Scott,HB,20,1.45,1.0,0.8255779474818965,targets,0.5693641017116527,0.44999999999999996
10770,Devontae Booker,HB,16,2.8125,3.0,1.6007810593582124,targets,0.56916659888292,-0.1875
94383,Craig Reynolds,HB,18,1.6111111111111112,1.0,0.9164438231805327,targets,0.5688272005948134,0.6111111111111112
6158,Julio Jones,WR,31,4.129032258064516,4.0,2.348644083776438,targets,0.5688122390396061,0.12903225806451601
11799,Gerald Everett,TE,54,4.2592592592592595,4.0,2.4199265947481243,targets,0.5681566787669509,0.2592592592592595
97630,Zach Charbonnet,HB,41,2.682926829268293,2.0,1.5237950057380405,targets,0.5679599566841786,0.6829268292682928
23503,K.J. Osborn,WR,55,4.581818181818182,4.0,2.6012170163848243,targets,0.5677259361157354,0.581818181818182
40006,Devin Duvernay,WR,43,2.7674418604651163,3.0,1.571126518841172,targets,0.5677179857997512,-0.2325581395348837
78050,Antonio Gibson,HB,62,3.2096774193548385,3.0,1.82098061111016,targets,0.5673406929086932,0.20967741935483852
143068,Jalen Coker,WR,23,4.304347826086956,4.0,2.438978597854133,targets,0.5666313914206572,0.3043478260869561
7618,Josh Gordon,WR,10,1.5,1.0,0.8498365855987975,targets,0.5665577237325317,0.5
61522,Jaelon Darden,WR,10,1.5,1.0,0.8498365855987975,targets,0.5665577237325317,0.5
131633,Rachaad White,HB,67,3.537313432835821,3.0,2.0024860171187764,targets,0.566103641970287,0.5373134328358211
84025,Tommy Tremble,TE,67,2.4029850746268657,2.0,1.3602551174769912,targets,0.5660688998196175,0.4029850746268657
83644,Chris Brooks,HB,20,1.65,1.0,0.9333020044867295,targets,0.5656375784768058,0.6499999999999999
27414,Rashaad Penny,HB,8,1.625,1.0,0.9161253813129042,targets,0.5637694654233256,0.625
31615,Mike Boone,HB,15,1.8,1.0,1.0141851056742197,targets,0.5634361698190109,0.8
48135,Allen Lazard,WR,63,4.507936507936508,4.0,2.539196061958396,targets,0.5632723658569682,0.5079365079365079
34934,Alec Ingold,FB,41,1.7317073170731707,1.0,0.9753048303966928,targets,0.56320419783471,0.7317073170731707
8731,Jerick McKinnon,HB,40,3.55,3.0,1.9993588715975672,targets,0.5631996821401598,0.5499999999999998
101106,Tre Tucker,WR,46,4.391304347826087,4.0,2.471870734390501,targets,0.5629012563463517,0.3913043478260869
11872,Josh Reynolds,WR,54,4.111111111111111,3.0,2.312122823226641,targets,0.5624082542983722,1.1111111111111107
8288,Adam Thielen,WR,73,5.808219178082192,6.0,3.2645296336641727,targets,0.5620534510789731,-0.1917808219178081
83962,Lucas Krull,TE,20,2.0,2.0,1.1239029738980326,targets,0.5619514869490163,0.0
47294,Hayden Hurst,TE,44,3.5681818181818183,3.0,2.0046194010129574,targets,0.561804163341211,0.5681818181818183
129574,Blake Corum,HB,16,1.6875,1.0,0.9464847243000456,targets,0.5608798366222493,0.6875
11347,C.J. Ham,FB,31,1.5806451612903225,1.0,0.8859719163490114,targets,0.5605128450371297,0.5806451612903225
98689,Rhamondre Stevenson,HB,70,3.5285714285714285,3.0,1.9760994266735106,targets,0.5600281775997803,0.5285714285714285
44920,Olamide Zaccheaus,WR,76,3.5526315789473686,3.0,1.9892694594891214,targets,0.5599425145228638,0.5526315789473686
9786,Eric Tomlinson,TE,12,1.4166666666666667,1.0,0.7929614610987591,targets,0.5597375019520652,0.41666666666666674
83714,Tyler Badie,HB,17,2.0,2.0,1.118033988749895,targets,0.5590169943749475,0.0
84302,Elijah Moore,WR,67,5.208955223880597,5.0,2.9104686357669105,targets,0.5587432624538194,0.20895522388059717
146563,Terrance Ferguson,TE,12,2.5833333333333335,2.5,1.4433756729740643,targets,0.5587260669577023,0.08333333333333348
10744,Tyler Higbee,TE,67,4.91044776119403,5.0,2.7398924071088615,targets,0.5579720099583395,-0.08955223880596996
104155,Demario Douglas,WR,49,4.387755102040816,4.0,2.447927069741971,targets,0.5578996577551468,0.3877551020408161
45953,Josh Jacobs,HB,74,3.6621621621621623,3.5,2.0425409036800755,targets,0.5577417965768472,0.16216216216216228
47702,DJ Chark Jr.,WR,33,4.393939393939394,4.0,2.448716423192388,targets,0.557294082519647,0.3939393939393936
6156,A.J. Green,WR,30,4.633333333333334,5.0,2.579539297724644,targets,0.5567351002283404,-0.36666666666666625
98027,Elijah Higgins,TE,38,2.026315789473684,2.0,1.1267471023778703,targets,0.5560570115631048,0.02631578947368407
27126,Tony Pollard,HB,77,3.5324675324675323,3.0,1.9640480189248217,targets,0.5559988877103356,0.5324675324675323
2973,Marcedes Lewis,TE,26,1.6153846153846154,1.0,0.8978607053178383,targets,0.5558185318634238,0.6153846153846154
88685,Julian Hill,TE,26,1.7307692307692308,1.5,0.961569230276939,targets,0.555573333048898,0.23076923076923084
45791,Saquon Barkley,HB,81,3.740740740740741,4.0,2.0723041389826067,targets,0.5539822945795086,-0.2592592592592591
83639,Tyler Allgeier,HB,39,1.7435897435897436,1.0,0.9656726239953907,targets,0.5538416519973564,0.7435897435897436
62946,Jordan Mason,HB,21,1.5714285714285714,1.0,0.870139561876632,targets,0.553725175739675,0.5714285714285714
138346,Jaleel McLaughlin,HB,31,2.225806451612903,2.0,1.2304383343441703,targets,0.5528056284734678,0.22580645161290303
41193,Darrell Henderson,HB,24,3.375,3.0,1.8606333657491823,targets,0.5512987750367947,0.375
12164,Austin Ekeler,HB,64,5.375,4.5,2.96273147243853,targets,0.5512058553374009,0.875
60878,Noah Gray,TE,80,2.325,2.0,1.2805754244563337,targets,0.550785128798423,0.3250000000000002
144726,Gunnar Helm,TE,16,3.375,3.0,1.857417562100671,targets,0.5503459443261247,0.375
48021,Trent Sherfield,WR,50,2.26,2.0,1.2422822972748377,targets,0.5496824324224946,0.2599999999999998
9509,Chris Conley,WR,28,2.142857142857143,2.0,1.1773883752795362,targets,0.5494479084637836,0.1428571428571428
11851,Kenny Golladay,WR,20,4.6,5.0,2.521486612465374,targets,0.5481492635794292,-0.40000000000000036
61669,Tim Jones,WR,17,1.588235294117647,1.0,0.8702602720890289,targets,0.547941652796796,0.588235294117647
124305,De'Von Achane,HB,44,4.840909090909091,4.5,2.6496439586899996,targets,0.5473442919359623,0.34090909090909083
22425,James Robinson,HB,20,2.9,2.5,1.5861240410775603,targets,0.5469393245095036,0.3999999999999999
48228,Tre'Quan Smith,WR,19,4.0,4.0,2.185812841434,targets,0.5464532103585,0.0
84292,Jalen Nailor,WR,39,2.923076923076923,3.0,1.5957940670567243,targets,0.5459295492562478,-0.0769230769230771
39967,Antoine Wesley,WR,9,3.4444444444444446,3.0,1.8782379449307742,targets,0.5452948872379667,0.44444444444444464
157170,Luther Burden III,WR,17,4.235294117647059,4.0,2.305683514836378,targets,0.5443974965585893,0.23529411764705888
91014,Donald Parham Jr.,TE,32,2.59375,2.0,1.41100227475183,targets,0.5440008770127538,0.59375
41933,Albert Okwuegbunam,TE,21,3.0476190476190474,3.0,1.6575943555704595,targets,0.5438981479215571,0.04761904761904745
100637,Devaughn Vele,WR,23,4.0,4.0,2.174229226018436,targets,0.543557306504609,0.0
44771,Russell Gage,WR,27,6.333333333333333,6.0,3.4418242032610915,targets,0.5434459268306987,0.33333333333333304
12020,Ricky Seals-Jones,TE,11,4.181818181818182,4.0,2.272363607268072,targets,0.5433912973901912,0.18181818181818166
8943,Albert Wilson,WR,10,3.7,3.0,2.0027758514399734,targets,0.5412907706594522,0.7000000000000002
13756,Giovanni Ricci,TE,8,1.375,1.0,0.7440238091428449,targets,0.54110822483116,0.375
122624,Deuce Vaughn,HB,8,1.375,1.0,0.7440238091428449,targets,0.54110822483116,0.375
129604,Roman Wilson,WR,9,2.2222222222222223,2.0,1.201850425154663,targets,0.5408326913195983,0.22222222222222232
99197,Xavier Legette,WR,31,4.645161290322581,4.0,2.510622593392248,targets,0.5404812527441645,0.645161290322581
123578,Tyler Scott,WR,13,2.4615384615384617,2.0,1.3301243435223524,targets,0.5403630145559556,0.4615384615384617
146567,Troy Franklin,WR,33,4.666666666666667,4.0,2.520747243709029,targets,0.5401601236519348,0.666666666666667
157128,Quinshon Judkins,HB,12,2.75,3.0,1.4847711791873706,targets,0.5399167924317712,-0.25
13014,Darrel Williams,HB,18,3.4444444444444446,3.0,1.8541597818775017,targets,0.5383044528031456,0.44444444444444464
7816,Zach Ertz,TE,68,5.926470588235294,5.0,3.1825840269620964,targets,0.5370116968571279,0.9264705882352944
47436,Mark Andrews,TE,80,5.925,5.5,3.1813340088631628,targets,0.5369340099347111,0.4249999999999998
48341,Steven Sims,WR,13,2.076923076923077,2.0,1.1151635501529558,targets,0.5369305982217935,0.0769230769230771
61071,Cade Otton,TE,63,5.095238095238095,5.0,2.7339814150575683,targets,0.5365757917402705,0.0952380952380949
7822,Robert Woods,WR,54,4.777777777777778,4.0,2.5599724841288545,targets,0.5358081943525509,0.7777777777777777
42312,Chase Claypool,WR,38,5.394736842105263,5.5,2.8902396205178875,targets,0.5357517345350231,-0.10526315789473717
11860,James Conner,HB,54,3.5185185185185186,3.0,1.8807940990567842,targets,0.5345414807845597,0.5185185185185186
11865,Dede Westbrook,WR,8,2.0,2.0,1.0690449676496976,targets,0.5345224838248488,0.0
57373,Chuba Hubbard,HB,62,2.9838709677419355,3.0,1.5939633609943769,targets,0.5341931263873047,-0.016129032258064502
99248,Trey Palmer,WR,28,3.25,3.0,1.734721666221777,targets,0.5337605126836237,0.25
48236,Darnell Mooney,WR,73,5.712328767123288,5.0,3.048129900514569,targets,0.5336054741907998,0.7123287671232879
47124,Tyler Conklin,TE,73,4.465753424657534,4.0,2.3809556425287512,targets,0.5331587788484627,0.46575342465753433
47259,Drew Sample,TE,46,1.826086956521739,2.0,0.973067265599682,targets,0.5328701692569687,-0.17391304347826098
83601,Jerome Ford,HB,40,3.4,3.0,1.8088103471052106,targets,0.5320030432662384,0.3999999999999999
57488,Jonathan Taylor,HB,62,3.064516129032258,3.0,1.6283449078987693,targets,0.5313546541564406,0.06451612903225801
42353,Luke Farrell,TE,42,1.4523809523809523,1.0,0.7715167498104597,targets,0.5312082539678575,0.45238095238095233
10707,Kenyan Drake,HB,22,2.8636363636363638,2.5,1.5211353699959822,targets,0.5311901292049461,0.36363636363636376
84085,Pat Freiermuth,TE,78,4.641025641025641,4.0,2.4652091345879925,targets,0.5311776588338768,0.6410256410256414
12320,Blake Jarwin,TE,8,2.125,2.0,1.1259916264596035,targets,0.5298784124515781,0.125
9506,Tevin Coleman,HB,8,2.125,2.0,1.1259916264596033,targets,0.529878412451578,0.125
10715,Austin Hooper,TE,80,2.975,3.0,1.5749221399280164,targets,0.5293855932531147,-0.02499999999999991
25578,Darius Slayton,WR,75,4.586666666666667,4.0,2.4278415134465456,targets,0.5293259113618922,0.5866666666666669
26075,Michael Gallup,WR,42,4.761904761904762,5.0,2.5163807130773166,targets,0.5284399497462365,-0.23809523809523814
7158,Marvin Jones Jr.,WR,39,5.410256410256411,5.0,2.853602973877693,targets,0.527443203702512,0.4102564102564106
144046,Oronde Gadsden II,TE,16,4.4375,5.0,2.3371991785040493,targets,0.5266927726206309,-0.5625
42130,Ian Thomas,TE,44,1.8863636363636365,2.0,0.9933712646058416,targets,0.5266064535259882,-0.11363636363636354
84296,Rashod Bateman,WR,66,3.984848484848485,4.0,2.093891660134852,targets,0.5254633063456282,-0.015151515151515138
11764,John Ross,WR,9,2.3333333333333335,2.0,1.2247448713915892,targets,0.5248906591678238,0.3333333333333335
84068,Greg Dulcich,TE,23,4.173913043478261,4.0,2.1878211226748254,targets,0.5241654773075103,0.17391304347826075
7789,Tavon Austin,WR,11,3.4545454545454546,3.0,1.8090680674665818,targets,0.5236775984771684,0.4545454545454546
42060,Irv Smith Jr.,TE,19,3.3157894736842106,4.0,1.733738144362168,targets,0.5228734086171618,-0.6842105263157894
97432,Bam Knight,HB,15,2.933333333333333,3.0,1.533747356112131,targets,0.5228684168564084,-0.06666666666666687
124087,Kayshon Boutte,WR,36,3.861111111111111,4.0,2.0164010057210877,targets,0.5222333539997062,-0.13888888888888884
78038,Alec Pierce,WR,64,4.5,4.0,2.3435151998789108,targets,0.5207811555286468,0.5
83666,James Cook,HB,60,3.05,3.0,1.58835806918094,targets,0.5207731374363738,0.04999999999999982
145059,TreVeyon Henderson,HB,16,2.9375,3.0,1.526160760426852,targets,0.5195440886559496,-0.0625
47447,Van Jefferson,WR,75,3.76,3.0,1.951021908253848,targets,0.5188888053866617,0.7599999999999998
9437,Amari Cooper,WR,65,6.953846153846154,6.0,3.6074175719566393,targets,0.5187658012769504,0.953846153846154
123085,Quentin Johnston,WR,47,5.127659574468085,5.0,2.659004564286317,targets,0.5185610561056303,0.12765957446808507
8655,Brandin Cooks,WR,71,5.676056338028169,6.0,2.9363468454494064,targets,0.517321652672228,-0.323943661971831
9502,Tyler Lockett,WR,84,5.464285714285714,5.0,2.8260681041744222,targets,0.5171889340972798,0.4642857142857144
143951,Brashard Smith,HB,12,2.75,3.0,1.4222261679238197,targets,0.5171731519722981,-0.25
42058,Jack Stoll,TE,27,1.5555555555555556,1.0,0.8006407690254357,targets,0.5146976372306372,0.5555555555555556
11822,Alvin Kamara,HB,65,5.3538461538461535,5.0,2.752446464231691,targets,0.5141063798133906,0.3538461538461535
29413,Jeff Wilson Jr.,HB,29,2.413793103448276,2.0,1.2397361867784138,targets,0.5136049916653429,0.4137931034482758
45859,Travis Homer,HB,16,2.5625,3.0,1.3149778198382918,targets,0.5131620760344553,-0.4375
157196,Ashton Jeanty,HB,16,4.25,4.0,2.1756225162774294,targets,0.5119111803005716,0.25
40568,Demetric Felton Jr.,WR,14,1.8571428571428572,2.0,0.9492622930986466,targets,0.511141234745425,-0.1428571428571428
8755,Logan Thomas,TE,34,4.647058823529412,4.5,2.3726005798672585,targets,0.510559618452448,0.14705882352941213
9550,Blake Bell,TE,19,1.3157894736842106,1.0,0.6710382982072027,targets,0.509989106637474,0.3157894736842106
77887,Brevin Jordan,TE,29,2.7241379310344827,2.0,1.3860671939014546,targets,0.5088094762423061,0.7241379310344827
84329,Romeo Doubs,WR,63,5.317460317460317,5.0,2.7049858196837593,targets,0.5086988257912741,0.3174603174603172
61448,Cody White,WR,8,1.75,1.5,0.8864052604279183,targets,0.5065172916730962,0.25
11824,Cooper Kupp,WR,76,8.144736842105264,8.0,4.123765099577233,targets,0.5063104161031821,0.14473684210526372
11844,D'Onta Foreman,HB,23,1.7826086956521738,2.0,0.9023465237988441,targets,0.5061943913993515,-0.21739130434782616
84029,Jeremy Ruckert,TE,38,2.0526315789473686,2.0,1.0383814958230477,targets,0.5058781646317412,0.052631578947368585
28486,Bryan Edwards,WR,20,3.35,3.5,1.694418080515829,targets,0.5057964419450236,-0.1499999999999999
35134,Damien Harris,HB,24,1.875,2.0,0.9469631093315001,targets,0.5050469916434667,-0.125
10669,Hunter Henry,TE,83,4.626506024096385,4.0,2.3358857064291163,targets,0.5048919625875434,0.6265060240963853
29573,D'Wayne Eskridge,WR,22,1.8636363636363635,2.0,0.9408939288152441,targets,0.5048699130228139,-0.13636363636363646
7912,Kyle Juszczyk,FB,67,2.1791044776119404,2.0,1.0999362672215807,targets,0.504765273314013,0.17910447761194037
9883,Jake Kumerow,WR,8,1.5,1.0,0.7559289460184544,targets,0.5039526306789696,0.5
11937,Aaron Jones,HB,74,3.972972972972973,4.0,1.9998148748086926,targets,0.5033547644076302,-0.027027027027027195
34001,Ronald Jones,HB,9,1.4444444444444444,1.0,0.7264831572567789,targets,0.5029498781008469,0.4444444444444444
150568,Bhayshul Tuten,HB,9,1.4444444444444444,1.0,0.7264831572567789,targets,0.5029498781008469,0.4444444444444444
42388,Noah Fant,TE,74,3.9864864864864864,4.0,1.9965260462211711,targets,0.5008234827809039,-0.013513513513513598
61324,Ihmir Smith-Marsette,WR,12,1.5833333333333333,1.0,0.7929614610987591,targets,0.5008177649044795,0.5833333333333333
122832,Josh Downs,WR,47,5.957446808510638,5.0,2.9705617007161007,targets,0.4986299997630598,0.957446808510638
11901,George Kittle,TE,81,5.617283950617284,5.0,2.799856698273002,targets,0.49843602760464434,0.617283950617284
9302,Keith Smith,FB,12,1.25,1.0,0.621581560508061,targets,0.4972652484064488,0.25
77918,Ben Sims,TE,12,1.25,1.0,0.621581560508061,targets,0.4972652484064488,0.25
11160,Stephen Anderson,TE,16,1.625,1.5,0.806225774829855,targets,0.49613893835683387,0.125
99622,RJ Harvey,HB,19,3.5789473684210527,4.0,1.7737527534606836,targets,0.49560738699636747,-0.42105263157894735
11778,Evan Engram,TE,78,5.897435897435898,5.0,2.9214377513133045,targets,0.4953742273966038,0.8974358974358978
61568,Marquise Brown,WR,62,7.032258064516129,7.0,3.4828278595882485,targets,0.49526451214328304,0.032258064516129004
66581,Christian Watson,WR,50,4.68,5.0,2.3162249370869987,targets,0.4949198583519228,-0.3200000000000003
77881,Blake Whiteheart,TE,12,1.1666666666666667,1.0,0.5773502691896257,targets,0.49487165930539345,0.16666666666666674
27589,Sony Michel,HB,20,2.4,2.0,1.1876558069531231,targets,0.49485658623046797,0.3999999999999999
22777,Tanner Conner,TE,11,1.9090909090909092,2.0,0.9438798074485389,targets,0.4944132324730442,-0.09090909090909083
138351,Andrew Ogletree,TE,25,1.56,1.0,0.7681145747868608,targets,0.49238113768388514,0.56
84000,Chigoziem Okonkwo,TE,65,4.030769230769231,4.0,1.9840711835865321,targets,0.49223140050810915,0.03076923076923066
9459,Breshad Perriman,WR,14,2.7857142857142856,3.0,1.3688047244316384,targets,0.4913657985139215,-0.2142857142857144
98692,Jaylen Warren,HB,63,3.111111111111111,3.0,1.5251769977782812,targets,0.49023546357159037,0.11111111111111116
57279,Clyde Edwards-Helaire,HB,35,2.3142857142857145,2.0,1.1316679145878281,targets,0.48899230877251826,0.3142857142857145
40912,T.J. Hockenson,TE,71,6.563380281690141,7.0,3.2014835595222637,targets,0.4877796839615466,-0.436619718309859
11803,Joe Mixon,HB,67,3.91044776119403,4.0,1.9047893646660545,targets,0.4871026237886475,-0.08955223880596996
52286,Tucker Fisk,TE,13,1.2307692307692308,1.0,0.5991446895152781,targets,0.48680506023116343,0.23076923076923084
154173,Emanuel Wilson,HB,23,1.608695652173913,1.0,0.7827184815397381,targets,0.4865547317679453,0.6086956521739131
144970,Bucky Irving,HB,26,3.269230769230769,3.0,1.5889038311412635,targets,0.48601764246673945,0.26923076923076916
123826,Keaton Mitchell,HB,15,1.5333333333333334,1.0,0.7432233529572065,targets,0.48471088236339555,0.5333333333333334
75916,Trey McBride,TE,59,7.559322033898305,8.0,3.6637609583627815,targets,0.4846679294695159,-0.44067796610169463
10806,Rashard Higgins,WR,12,3.5833333333333335,4.0,1.729862492345632,targets,0.4827523234452926,-0.4166666666666665
60859,Hunter Long,TE,18,1.6111111111111112,1.0,0.7775443160352294,targets,0.48261371340117687,0.6111111111111112
48369,Parker Hesse,TE,13,1.3076923076923077,1.0,0.6304251719561152,targets,0.48208983737820577,0.3076923076923077
8698,Jarvis Landry,WR,21,5.523809523809524,5.0,2.6574244602443096,targets,0.48108546263043533,0.5238095238095237
25276,Samori Toure,WR,13,2.3076923076923075,2.0,1.1094003924504583,targets,0.4807401700618653,0.3076923076923075
87625,Nate Adkins,TE,23,1.3478260869565217,1.0,0.6472807211834833,targets,0.4802405350716167,0.34782608695652173
5606,Emmanuel Sanders,WR,16,4.5,5.0,2.160246899469287,targets,0.4800548665487304,-0.5
123126,Bijan Robinson,HB,50,5.04,5.0,2.4071322594086335,targets,0.4776056070255225,0.040000000000000036
11763,Christian McCaffrey,HB,69,6.0,6.0,2.864591131896693,targets,0.4774318553161155,0.0
57206,Cam Akers,HB,31,1.903225806451613,2.0,0.9075549096217234,targets,0.47685088471649867,-0.09677419354838701
84117,Michael Woods II,WR,11,2.5454545454545454,2.0,1.2135597524338357,targets,0.47675561702757835,0.5454545454545454
61103,Jerry Jeudy,WR,75,6.466666666666667,6.0,3.081476187721641,targets,0.47651693624561453,0.4666666666666668
11760,Corey Davis,WR,22,5.318181818181818,5.5,2.533327637268602,targets,0.47635220529836964,-0.18181818181818166
101735,Wan'Dale Robinson,WR,54,6.833333333333333,7.0,3.2548947175971006,targets,0.47632605623372204,-0.16666666666666696
9637,Darren Waller,TE,40,6.25,5.5,2.9677756498246812,targets,0.474844103971949,0.75
86519,Drake London,WR,62,7.629032258064516,7.0,3.613426106681934,targets,0.4736414769857926,0.629032258064516
7092,T.Y. Hilton,WR,15,3.466666666666667,4.0,1.6417180315870614,targets,0.47357250911165233,-0.5333333333333332
42257,Charlie Woerner,TE,22,1.4090909090909092,1.0,0.6661253213344644,targets,0.4727340990115554,0.40909090909090917
13750,Joshua Kelley,HB,24,1.7083333333333333,2.0,0.8064504441319253,targets,0.47206855266259046,-0.29166666666666674
42196,Kenny Yeboah,TE,10,1.5,1.0,0.7071067811865476,targets,0.47140452079103173,0.5
124039,Arian Smith,WR,10,1.5,1.0,0.7071067811865476,targets,0.47140452079103173,0.5
11047,J.D. McKissic,HB,18,5.0,5.0,2.3514701283890216,targets,0.4702940256778043,0.0
57472,Salvon Ahmed,HB,18,2.4444444444444446,2.0,1.1490262999202832,targets,0.47005621360375216,0.44444444444444464
78874,Tank Dell,WR,24,6.458333333333333,7.0,3.035717330408898,targets,0.47004655438589393,-0.541666666666667
47546,Christian Kirk,WR,70,6.4714285714285715,6.0,3.0346856130720252,targets,0.4689359666998714,0.47142857142857153
156165,Matthew Golden,WR,14,3.2857142857142856,3.0,1.5406577730392863,targets,0.46889584396847844,0.2857142857142856
146934,Jaylen Wright,HB,9,1.5555555555555556,1.0,0.7264831572567789,targets,0.4670248868079293,0.5555555555555556
101690,Sam LaPorta,TE,46,5.956521739130435,5.5,2.780539689733555,targets,0.4668059333129326,0.4565217391304346
104034,Tucker Kraft,TE,38,4.157894736842105,4.0,1.9386023913797905,targets,0.4662461447622281,0.1578947368421053
101486,Cade Stover,TE,22,2.090909090909091,2.0,0.9714540358261649,targets,0.46460845191686145,0.09090909090909083
129758,Jaxon Smith-Njigba,WR,54,7.5,7.0,3.462739672244485,targets,0.46169862296593134,0.5
91319,Hunter Luepke,FB,23,1.434782608695652,1.0,0.66237087637185,targets,0.46165242898644093,0.4347826086956521
123056,Sean Tucker,HB,15,1.6,1.0,0.7367883976130072,targets,0.4604927485081295,0.6000000000000001
77975,A.T. Perry,WR,8,2.25,2.0,1.0350983390135313,targets,0.46004370622823615,0.25
61212,Amari Rodgers,WR,14,2.357142857142857,2.5,1.0818177620697813,targets,0.45895298996899814,-0.1428571428571428
94384,Jody Fortson,TE,16,1.3125,1.0,0.6020797289396148,targets,0.4587274125254208,0.3125
9601,Michael Burton,FB,16,1.1875,1.0,0.5439056290693572,targets,0.4580257929005114,0.1875
10689,Tyler Boyd,WR,70,4.8428571428571425,5.0,2.2174258106355844,targets,0.45787553611944226,-0.15714285714285747
97108,Malik Washington,WR,28,3.5,3.0,1.5986105077709063,targets,0.45674585936311607,0.5
147486,Mitchell Evans,TE,12,1.8333333333333333,2.0,0.8348471099367218,targets,0.4553711508745756,-0.16666666666666674
61441,Nico Collins,WR,71,6.873239436619718,7.0,3.1210326929435603,targets,0.4540846745881,-0.12676056338028197
11759,Leonard Fournette,HB,32,5.375,6.0,2.4329724286784833,targets,0.4526460332425085,-0.625
52595,Erick All,TE,8,2.625,2.0,1.1877349391654208,targets,0.4524704530153984,0.625
33441,Diontae Johnson,WR,60,7.933333333333334,8.0,3.588430876886455,targets,0.4523232197756035,-0.06666666666666643
40573,Velus Jones Jr.,WR,13,1.4615384615384615,1.0,0.6602252917735247,targets,0.45173309437135906,0.46153846153846145
97399,Jamari Thrash,WR,13,1.4615384615384615,1.0,0.6602252917735247,targets,0.45173309437135906,0.46153846153846145
109374,Jackson Hawes,TE,13,1.4615384615384615,1.0,0.6602252917735247,targets,0.45173309437135906,0.46153846153846145
146760,Brian Thomas Jr.,WR,32,6.84375,7.0,3.091188048046753,targets,0.4516804453766945,-0.15625
123000,Jordan Addison,WR,47,5.914893617021277,6.0,2.668901314692446,targets,0.45121712874296743,-0.08510638297872308
146715,Brock Bowers,TE,29,7.9655172413793105,7.0,3.5904909992595084,targets,0.45075428129231926,0.9655172413793105
47272,Dallas Goedert,TE,76,5.421052631578948,5.0,2.4345466813884777,targets,0.449091135401758,0.4210526315789478
62942,Ty Chandler,HB,14,2.4285714285714284,2.0,1.0894095588038442,targets,0.4485804065662888,0.4285714285714284
144718,Xavier Worthy,WR,33,5.636363636363637,5.0,2.522624895547565,targets,0.44756248146811634,0.6363636363636367
101634,Luke McCaffrey,WR,21,2.0,2.0,0.8944271909999159,targets,0.4472135954999579,0.0
47304,Dalton Schultz,TE,90,5.611111111111111,5.0,2.5025579922090793,targets,0.44600043425508346,0.6111111111111107
145056,Marvin Harrison Jr.,WR,29,6.413793103448276,6.0,2.8600354815395255,targets,0.4459195105626142,0.4137931034482758
48274,Deebo Samuel,WR,82,6.365853658536586,6.0,2.8087701940548895,targets,0.44122443661398647,0.3658536585365857
84355,Chris Olave,WR,55,8.10909090909091,8.0,3.5729058993565115,targets,0.44060498758880745,0.10909090909090935
91791,Dalton Kincaid,TE,48,5.041666666666667,5.5,2.2213503017580476,targets,0.44059840696027386,-0.45833333333333304
57185,Travis Etienne Jr.,HB,66,3.272727272727273,3.0,1.4416385394132878,targets,0.4405006648207268,0.27272727272727293
9207,Cameron Brate,TE,28,3.357142857142857,3.0,1.4710612373457348,targets,0.4381884536774529,0.3571428571428572
97195,Tyjae Spears,HB,39,3.8461538461538463,4.0,1.6786344942190916,targets,0.4364449684969638,-0.15384615384615374
48262,Calvin Ridley,WR,46,7.195652173913044,7.0,3.138432483598504,targets,0.4361567801979794,0.1956521739130439
163104,Harold Fannin Jr.,TE,16,6.4375,5.5,2.8040149785619906,targets,0.4355751423008917,0.9375
97268,Zay Flowers,WR,52,6.634615384615385,6.0,2.8835493253827886,targets,0.43462192730407245,0.634615384615385
48164,Courtland Sutton,WR,84,6.7023809523809526,6.5,2.911463681516471,targets,0.4343924498177328,0.20238095238095255
84088,Jaylen Waddle,WR,80,6.875,6.0,2.961247598863045,targets,0.4307269234709884,0.875
83701,Hassan Haskins,HB,13,1.5384615384615385,1.0,0.6602252917735248,targets,0.42914643965279115,0.5384615384615385
84109,Brandon Aiyuk,WR,65,5.907692307692308,6.0,2.523161935716008,targets,0.4270977234935951,-0.09230769230769198
143358,Mike Strachan,WR,9,1.6666666666666667,2.0,0.7071067811865476,targets,0.4242640687119285,-0.33333333333333326
4363,DeSean Jackson,WR,21,2.4285714285714284,2.0,1.0281745265969473,targets,0.4233659815399195,0.4285714285714284
129918,Chimere Dike,WR,16,4.5625,4.5,1.9311050377094112,targets,0.42325589867603536,0.0625
66272,Malachi Corley,WR,12,1.5833333333333333,1.5,0.6685579234215215,targets,0.42224710952938205,0.08333333333333326
29049,Michael Pittman Jr.,WR,82,7.670731707317073,7.0,3.2358137795644657,targets,0.42183899828980315,0.6707317073170733
7857,Keenan Allen,WR,73,8.657534246575343,9.0,3.648512551111266,targets,0.4214262915049405,-0.3424657534246567
83964,Kyle Pitts,TE,78,5.551282051282051,5.0,2.3167792012761743,targets,0.4173412879897035,0.5512820512820511
84270,Ja'Marr Chase,WR,85,9.48235294117647,9.0,3.9448935187086573,targets,0.41602475073230255,0.48235294117647065
5619,Jimmy Graham,TE,15,1.9333333333333333,2.0,0.7988086367179803,targets,0.4131768810610243,-0.06666666666666665
61211,Tee Higgins,WR,74,7.256756756756757,7.0,2.9934211463140796,targets,0.4125012380395566,0.256756756756757
61577,Tylan Wallace,WR,26,1.3846153846153846,1.0,0.5710988059467872,targets,0.41246024873934634,0.3846153846153846
47121,Andrew Beck,FB,24,1.4166666666666667,1.0,0.5835920751217648,targets,0.41194734714477516,0.41666666666666674
101072,Ray Davis,HB,23,1.434782608695652,1.0,0.5897678246195885,targets,0.411050302007592,0.4347826086956521
61100,DeVonta Smith,WR,90,6.788888888888889,7.0,2.78638118352015,targets,0.4104325802239174,-0.21111111111111125
97405,Garrett Wilson,WR,58,8.758620689655173,8.0,3.575306856307219,targets,0.4082043261138163,0.7586206896551726
48327,A.J. Brown,WR,84,7.916666666666667,8.0,3.2309062227307566,targets,0.4081144702396745,-0.08333333333333304
129787,Theo Johnson,TE,25,4.6,5.0,1.8708286933869709,targets,0.40670188986673284,-0.40000000000000036
78196,Derius Davis,WR,25,1.44,1.0,0.5830951894845301,targets,0.4049272149198126,0.43999999999999995
146547,Dont'e Thornton Jr.,WR,11,2.727272727272727,2.0,1.1037127426019047,targets,0.40469467228736505,0.7272727272727271
10799,Tyreek Hill,WR,76,9.052631578947368,9.0,3.6620385464641787,targets,0.40452751385360114,0.05263157894736814
47468,Jakobi Meyers,WR,79,7.1645569620253164,6.0,2.8930969111141684,targets,0.4038068126820129,1.1645569620253164
124030,Ladd McConkey,WR,34,6.764705882352941,6.0,2.730954140393801,targets,0.40370626423212713,0.7647058823529411
61570,CeeDee Lamb,WR,82,9.073170731707316,9.0,3.6303946246909087,targets,0.4001241387428152,0.07317073170731625
11839,Chris Godwin,WR,65,7.969230769230769,8.0,3.176914928281596,targets,0.3986476261357215,-0.03076923076923066
48229,Terry McLaurin,WR,81,6.962962962962963,6.0,2.772383651501197,targets,0.39816148186453365,0.9629629629629628
78171,Jayden Reed,WR,42,4.880952380952381,5.0,1.9406106777391414,targets,0.39758852909777526,-0.11904761904761862
73774,Rome Odunze,WR,31,6.290322580645161,6.0,2.4925696030013786,targets,0.3962546548361166,0.29032258064516103
8642,Mike Evans,WR,76,7.7105263157894735,8.0,3.0411216767225175,targets,0.39441168503568486,-0.28947368421052655
97605,Rashee Rice,WR,31,7.645161290322581,8.0,3.0060870146728864,targets,0.3932012550837953,-0.35483870967741904
10681,Michael Thomas,WR,13,6.538461538461538,7.0,2.569545505058064,targets,0.39298931253829217,-0.4615384615384617
5567,Rob Gronkowski,TE,14,7.285714285714286,8.5,2.840058813816021,targets,0.3898119940531794,-1.2142857142857144
84470,Amon-Ra St. Brown,WR,85,8.870588235294118,9.0,3.456492287793252,targets,0.38965761865043286,-0.1294117647058819
9579,Stefon Diggs,WR,85,8.129411764705882,8.0,3.13501057678066,targets,0.3856380593724401,0.1294117647058819
145055,Emeka Egbuka,WR,17,7.411764705882353,8.0,2.8517280622767083,targets,0.3847569607833654,-0.5882352941176467
157263,Elic Ayomanor,WR,16,5.375,5.0,2.0615528128088303,targets,0.38354470935978235,0.375
47864,D.K. Metcalf,WR,82,7.304878048780488,7.0,2.7518300280836403,targets,0.376711289320298,0.30487804878048763
48267,DJ Moore,WR,87,7.2298850574712645,7.0,2.7181609267745515,targets,0.37596184519775194,0.22988505747126453
66438,Brandon Zylstra,WR,9,2.6666666666666665,2.0,1.0,targets,0.375,0.6666666666666665
99229,George Pickens,WR,66,6.575757575757576,6.0,2.456142103509899,targets,0.3735146977687865,0.5757575757575761
7844,Travis Kelce,TE,94,7.946808510638298,8.0,2.956192775577805,targets,0.3719974844769928,-0.05319148936170226
42266,Sean McKeon,TE,8,1.25,1.0,0.4629100498862757,targets,0.3703280399090206,0.25
47743,Tyler Davis,TE,8,1.25,1.0,0.4629100498862757,targets,0.3703280399090206,0.25
13534,Penny Hart,WR,12,1.3333333333333333,1.0,0.49236596391733095,targets,0.36927447293799825,0.33333333333333326
20994,Ross Dwelley,TE,12,1.3333333333333333,1.0,0.49236596391733095,targets,0.36927447293799825,0.33333333333333326
42873,Avery Williams,HB,10,1.4,1.0,0.5163977794943222,targets,0.3688555567816587,0.3999999999999999
8688,Davante Adams,WR,82,9.585365853658537,9.0,3.5274976949610375,targets,0.36800866537761456,0.5853658536585371
77885,James Mitchell,TE,13,1.3076923076923077,1.0,0.4803844614152614,targets,0.3673528234351999,0.3076923076923077
32565,Jakob Johnson,FB,11,1.2727272727272727,1.0,0.46709936649691375,targets,0.367006645104718,0.2727272727272727
47358,Chris Myarick,TE,11,1.2727272727272727,1.0,0.46709936649691375,targets,0.367006645104718,0.2727272727272727
45866,Ke'Shawn Vaughn,HB,12,1.4166666666666667,1.0,0.5149286505444373,targets,0.36347904744313214,0.41666666666666674
41372,Ko Kieft,TE,12,1.25,1.0,0.45226701686664544,targets,0.36181361349331637,0.25
102382,Jacory Croskey-Merritt,HB,9,1.2222222222222223,1.0,0.44095855184409843,targets,0.36078426969062594,0.22222222222222232
46027,Gus Edwards,HB,17,1.2352941176470589,1.0,0.437237316097603,targets,0.35395401779329766,0.23529411764705888
144483,Jimmy Horn Jr.,WR,10,1.5,1.5,0.5270462766947299,targets,0.35136418446315326,0.0
158290,LeQuint Allen,HB,10,1.2,1.0,0.4216370213557839,targets,0.35136418446315326,0.19999999999999996
5012,Jared Cook,TE,16,4.9375,5.0,1.7308475765743596,targets,0.35055140791379436,-0.0625
61590,KJ Hamler,WR,9,2.7777777777777777,3.0,0.97182531580755,targets,0.34985711369071804,-0.22222222222222232
100632,Puka Nacua,WR,50,9.74,9.0,3.3915260546827346,targets,0.3482059604397058,0.7400000000000002
146759,Malik Nabers,WR,19,10.263157894736842,10.0,3.525180929370197,targets,0.3434791674770961,0.2631578947368425
158735,Tetairoa McMillan,WR,18,7.0,7.5,2.400980191995124,targets,0.3429971702850177,-0.5
61398,Justin Jefferson,WR,80,9.3,9.0,3.058087430760804,targets,0.32882660545815096,0.3000000000000007
35639,Adam Prentice,FB,18,1.1666666666666667,1.0,0.38348249442368515,targets,0.3286992809345872,0.16666666666666674
10832,Derek Watt,FB,8,1.125,1.0,0.3535533905932738,targets,0.3142696805273545,0.125
82482,Scott Matlock,FB,8,1.125,1.0,0.3535533905932738,targets,0.3142696805273545,0.125
157792,Ollie Gordon II,HB,8,1.125,1.0,0.3535533905932738,targets,0.3142696805273545,0.125
10211,Chris Manhertz,TE,23,1.1304347826086956,1.0,0.34435022157509093,targets,0.304617503701042,0.13043478260869557
8645,Eric Ebron,TE,8,2.125,2.0,0.6408699444616557,targets,0.30158585621724976,0.125
8999,Willie Snead IV,WR,9,1.1111111111111112,1.0,0.3333333333333333,targets,0.3,0.11111111111111116
9902,Malcolm Brown,HB,9,1.1111111111111112,1.0,0.3333333333333333,targets,0.3,0.11111111111111116
129798,Tyler Warren,TE,17,6.235294117647059,6.0,1.855040827202527,targets,0.29750654775889585,0.23529411764705888
123974,Tank Bigsby,HB,17,1.1176470588235294,1.0,0.33210558207753577,targets,0.2971470997535846,0.11764705882352944
50714,Jason Cabinda,FB,10,1.1,1.0,0.31622776601683794,targets,0.28747978728803447,0.10000000000000009
44889,Khari Blasingame,FB,10,1.0,1.0,0.0,targets,0.0,0.0
48209,Miles Boykin,WR,8,1.0,1.0,0.0,targets,0.0,0.0
