season,week,is_playoffs,stat_type,source,player,player_id,position,team_name,franchise_id,player_game_count,accuracy_percent,aimed_passes,pass_attempts,passing_adot,avg_time_to_throw,bats,big_time_throws,btt_rate,completion_percent,completions,declined_penalties,def_gen_pressures,drop_rate,dropbacks,drops,epa,passing_first_downs,grades_hands_fumble,passing_grade_offense,passing_grade_pass,passing_grade_run,hit_as_threw,passing_ints,passing_snaps,penalties,positive_epa_percent,pressure_to_sack_rate,qb_rating,sack_percent,sacks,passing_scrambles,spikes,thrown_aways,passing_tds,turnover_worthy_plays,twp_rate,passing_yards,passing_ypa
2021,1,False,passing,pff,Dak Prescott,10769,QB,DAL,9,1,77.2,57,58,7.3,2.39,0,5,7.8,72.4,42,0,20,4.5,62,2,0.25,21,82.5,77.6,79.1,49.5,1,1,69,0,58.1,5.0,101.4,1.6,1,3,0,0,3,2,2.9,403,6.9
2021,1,False,passing,pff,Jared Goff,10635,QB,DET,11,1,74.5,55,57,6.3,2.68,0,3,4.6,66.7,38,0,21,7.3,63,3,-0.18,20,82.6,66.7,65.4,63.5,0,1,71,0,41.3,14.3,92.6,4.8,3,3,0,2,3,2,2.8,338,5.9
2021,1,False,passing,pff,Derek Carr,8671,QB,LV,23,1,76.5,51,56,10.1,2.63,1,4,6.7,60.7,34,0,19,12.8,61,5,0.11,17,82.3,74.9,76.9,51.0,0,1,65,1,45.9,15.8,89.5,4.9,3,2,2,2,2,2,3.1,435,7.8
2021,1,False,passing,pff,Josh Allen,46601,QB,BUF,4,1,75.0,44,51,10.3,2.68,3,3,5.4,58.8,30,0,23,9.1,56,3,-0.06,14,25.8,68.2,68.9,58.1,1,0,62,0,42.9,13.0,79.7,5.4,3,2,0,3,1,1,1.6,270,5.3
2021,1,False,passing,pff,Trevor Lawrence,77632,QB,JAX,15,1,67.3,49,51,8.7,2.54,0,2,3.6,54.9,28,0,14,15.2,52,5,-0.03,13,81.3,57.7,57.3,60.0,1,3,56,0,44.2,7.1,70.1,1.9,1,0,0,1,3,3,5.4,332,6.5
2021,1,False,passing,pff,Tom Brady,698,QB,TB,30,1,76.1,46,50,9.7,2.34,0,5,10.0,64.0,32,0,10,8.6,50,3,0.12,22,80.4,93.0,92.0,,0,2,50,0,54.0,0.0,97.0,0.0,0,0,0,4,4,0,0.0,379,7.6
2021,1,False,passing,pff,Kirk Cousins,7102,QB,MIN,18,1,88.6,44,49,5.8,2.38,0,1,1.8,73.5,36,0,16,7.7,52,3,0.23,15,81.5,81.2,79.7,,1,0,60,0,42.3,18.8,106.8,5.8,3,0,1,3,2,0,0.0,351,7.2
2021,1,False,passing,pff,Justin Herbert,28237,QB,LAC,27,1,80.0,45,47,8.5,2.39,1,1,2.0,66.0,31,0,6,13.9,49,5,0.25,20,81.2,84.7,83.8,57.1,0,1,52,0,55.1,33.3,85.2,4.1,2,0,0,1,1,1,1.9,337,7.2
2021,1,False,passing,pff,Mac Jones,60323,QB,NE,19,1,83.3,36,39,6.5,2.39,2,4,9.5,74.4,29,0,14,3.3,40,1,0.15,15,27.0,78.3,76.6,,0,0,44,0,50.0,7.1,102.6,2.5,1,0,0,1,1,1,2.3,281,7.2
2021,1,False,passing,pff,Carson Wentz,10636,QB,IND,14,1,89.7,29,38,5.8,2.94,1,1,2.5,65.8,25,0,20,3.8,44,1,0.06,14,31.2,60.1,65.3,40.0,5,0,48,0,54.5,15.0,102.0,6.8,3,3,0,3,2,0,0.0,251,6.6
2021,1,False,passing,pff,Andy Dalton,6187,QB,CHI,6,1,80.6,36,38,4.5,2.39,1,0,0.0,71.1,27,0,10,6.9,43,2,-0.24,14,79.3,63.1,58.1,75.3,0,1,43,0,51.2,30.0,72.9,7.0,3,2,0,1,0,1,2.3,206,5.4
2021,1,False,passing,pff,Zach Wilson,82096,QB,NYJ,22,1,73.5,34,37,10.6,2.84,2,1,2.5,54.1,20,0,22,20.0,43,5,-0.15,10,29.7,63.2,61.3,61.9,0,1,46,0,39.5,27.3,82.9,14.0,6,0,0,1,2,3,6.5,258,7.0
2021,1,False,passing,pff,Daniel Jones,39395,QB,NYG,21,1,69.4,36,37,8.6,2.51,0,1,2.6,59.5,22,0,11,12.0,43,3,0.02,14,29.7,62.1,67.1,41.3,0,0,45,1,46.5,18.2,90.7,4.7,2,4,1,0,1,2,4.4,267,7.2
2021,1,False,passing,pff,Patrick Mahomes,11765,QB,KC,16,1,81.8,33,36,9.7,2.64,1,1,2.5,75.0,27,0,17,0.0,41,0,0.5,19,80.1,81.0,75.2,79.7,0,0,45,0,56.1,11.8,131.4,4.9,2,3,0,2,3,1,2.2,337,9.4
2021,1,False,passing,pff,Teddy Bridgewater,8667,QB,DEN,10,1,88.2,34,36,8.7,3.05,1,1,2.8,77.8,28,0,22,6.7,41,2,0.48,18,79.2,85.8,84.9,60.9,0,0,41,0,56.1,9.1,115.7,4.9,2,3,0,1,2,1,2.4,264,7.3
2021,1,False,passing,pff,Matt Ryan,4317,QB,ATL,2,1,71.9,32,35,5.2,2.58,0,0,0.0,60.0,21,0,16,8.7,39,2,-0.35,8,79.6,60.4,59.7,60.0,1,0,44,2,38.5,18.8,71.6,7.7,3,1,0,2,0,1,2.3,164,4.7
2021,1,False,passing,pff,Ryan Tannehill,7014,QB,TEN,31,1,68.8,32,35,7.8,2.47,2,2,5.6,60.0,21,0,17,4.5,43,1,-0.44,13,28.8,64.3,61.0,70.1,1,1,44,0,41.9,35.3,74.9,14.0,6,2,0,0,1,1,2.3,212,6.1
2021,1,False,passing,pff,Sam Darnold,29048,QB,CAR,5,1,78.8,33,35,8.1,2.46,0,3,8.3,68.6,24,0,12,7.7,36,2,0.06,14,27.0,70.1,79.4,28.9,0,0,37,1,50.0,8.3,102.0,2.8,1,0,0,2,1,0,0.0,279,8.0
2021,1,False,passing,pff,Jalen Hurts,40291,QB,PHI,24,1,90.0,30,35,3.6,2.77,2,2,5.6,77.1,27,0,9,0.0,39,0,0.4,15,79.9,89.4,87.8,70.3,0,0,41,1,56.4,11.1,126.4,2.6,1,3,1,2,3,0,0.0,264,7.5
2021,1,False,passing,pff,Tyrod Taylor,6332,QB,HST,13,1,68.8,32,33,9.7,2.84,0,3,8.3,63.6,21,0,18,4.5,37,1,0.35,14,79.1,71.1,68.4,67.2,0,0,40,0,51.4,5.6,112.1,2.7,1,3,0,1,2,1,2.5,291,8.8
2021,1,False,passing,pff,Ben Roethlisberger,1732,QB,PIT,25,1,58.1,31,32,6.2,2.25,1,0,0.0,56.3,18,0,7,0.0,35,0,-0.02,9,28.7,38.0,38.2,58.1,0,0,38,0,45.7,28.6,83.9,5.7,2,1,0,0,1,2,5.3,188,5.9
2021,1,False,passing,pff,Kyler Murray,38334,QB,ARZ,1,1,72.4,29,32,9.1,2.91,0,6,18.2,65.6,21,0,9,0.0,36,0,0.37,14,79.6,84.5,79.2,82.1,0,1,37,1,44.4,22.2,121.0,5.6,2,1,0,3,4,1,2.7,289,9.0
2021,1,False,passing,pff,Lamar Jackson,46416,QB,BLT,3,1,74.1,27,30,8.1,3.11,0,2,6.5,63.3,19,0,18,5.0,39,1,0.05,14,21.3,63.1,65.4,56.0,2,0,40,0,46.2,16.7,98.6,7.7,3,6,0,1,1,2,5.0,235,7.8
2021,1,False,passing,pff,Aaron Rodgers,2241,QB,GB,12,1,70.8,24,28,7.5,2.89,0,1,3.1,53.6,15,0,10,11.8,29,2,-0.57,6,77.9,43.3,44.0,,1,2,33,0,27.6,10.0,36.8,3.4,1,0,0,3,0,2,6.1,133,4.8
2021,1,False,passing,pff,Baker Mayfield,46518,QB,CLV,8,1,81.5,27,28,10.1,2.82,0,3,10.3,75.0,21,0,9,4.5,31,1,0.18,14,77.7,75.1,75.2,58.3,0,1,32,0,58.1,22.2,97.5,6.5,2,1,0,1,0,1,3.1,321,11.5
2021,1,False,passing,pff,Joe Burrow,28022,QB,CIN,7,1,76.9,26,27,8.8,2.35,0,1,3.6,74.1,20,0,11,0.0,32,0,0.04,12,78.2,69.7,67.0,62.6,0,0,33,0,53.1,45.5,128.8,15.6,5,0,1,0,2,1,3.0,261,9.7
2021,1,False,passing,pff,Tua Tagovailoa,60326,QB,MIA,17,1,66.7,27,27,10.1,2.5,0,1,3.6,59.3,16,0,8,11.1,29,2,0.0,9,78.6,57.8,54.5,68.5,0,1,30,0,44.8,25.0,79.6,6.9,2,0,0,0,1,2,6.7,202,7.5
2021,1,False,passing,pff,Matthew Stafford,4924,QB,LA,26,1,80.0,25,26,10.3,2.42,1,3,11.1,76.9,20,0,7,0.0,27,0,0.74,13,78.3,79.7,78.9,59.8,0,0,28,0,59.3,14.3,156.1,3.7,1,0,0,0,3,0,0.0,321,12.3
2021,1,False,passing,pff,Jimmy Garoppolo,8697,QB,SF,28,1,81.8,22,25,7.5,2.3,0,0,0.0,68.0,17,0,7,5.6,27,1,0.59,12,77.1,71.2,73.2,52.2,0,0,27,1,51.9,14.3,124.2,3.7,1,1,1,2,1,0,0.0,314,12.6
2021,1,False,passing,pff,Russell Wilson,7077,QB,SEA,29,1,85.7,21,23,10.9,2.75,0,3,12.5,78.3,18,0,13,0.0,28,0,0.51,13,78.0,79.1,81.2,57.6,0,0,29,0,53.6,23.1,152.3,10.7,3,2,0,2,4,0,0.0,254,11.0
2021,1,False,passing,pff,Jameis Winston,9434,QB,NO,20,1,83.3,18,20,8.9,3.13,0,1,4.8,70.0,14,0,8,6.7,23,1,0.76,12,77.0,89.5,81.1,82.5,1,0,24,0,65.2,0.0,130.8,0.0,0,3,0,1,5,0,0.0,148,7.4
2021,1,False,passing,pff,Taylor Heinicke,9896,QB,WAS,32,1,85.7,14,15,7.9,2.88,0,0,0.0,73.3,11,0,6,8.3,18,1,0.11,7,75.4,46.9,50.3,49.1,0,0,21,0,44.4,0.0,119.3,0.0,0,3,0,1,1,0,0.0,122,8.1
2021,1,False,passing,pff,Jordan Love,40306,QB,GB,12,1,71.4,7,7,13.0,2.53,0,1,14.3,71.4,5,0,1,0.0,8,0,-0.12,3,17.7,76.8,75.5,,0,0,8,0,50.0,100.0,102.1,12.5,1,0,0,0,0,1,12.5,68,9.7
2021,1,False,passing,pff,Ryan Fitzpatrick,2467,QB,WAS,32,1,80.0,5,6,3.8,2.59,0,0,0.0,50.0,3,0,5,25.0,8,1,-0.71,0,70.3,38.9,42.5,55.7,1,0,9,0,25.0,20.0,56.3,12.5,1,1,0,0,0,1,11.1,13,2.2
2021,1,False,passing,pff,Justin Fields,82118,QB,CHI,6,1,100.0,2,2,3.0,1.75,0,0,0.0,100.0,2,0,1,0.0,2,0,0.42,0,66.1,68.0,61.8,62.6,0,0,2,0,50.0,0.0,87.5,0.0,0,0,0,0,0,0,0.0,10,5.0
2021,1,False,passing,pff,Trey Lance,91399,QB,SF,28,1,100.0,1,1,3.0,2.6,0,0,0.0,100.0,1,0,0,0.0,1,0,1.76,1,68.2,47.7,60.1,49.1,0,0,1,0,100.0,,127.1,0.0,0,0,0,0,1,0,0.0,5,5.0
2021,1,False,passing,pff,Matthias Farley,10953,S,TEN,31,1,100.0,1,1,4.0,1.6,0,0,0.0,100.0,1,0,0,0.0,1,0,3.77,1,60.4,54.6,56.3,,0,0,1,0,100.0,,91.7,0.0,0,0,0,0,0,0,0.0,6,6.0
2021,1,False,passing,pff,Taysom Hill,12112,QB,NO,20,1,100.0,1,1,0.0,2.4,0,0,0.0,100.0,1,0,0,0.0,1,0,0.34,1,66.7,62.8,60.0,60.7,0,0,1,0,100.0,,79.2,0.0,0,0,0,0,0,0,0.0,3,3.0
2021,1,False,passing,pff,Justin Jefferson,61398,WR,MIN,18,1,100.0,1,1,10.0,5.1,0,0,0.0,100.0,1,0,1,0.0,1,0,0.39,1,68.8,67.3,68.8,,0,0,1,0,100.0,0.0,112.5,0.0,0,0,0,0,0,0,0.0,11,11.0
2021,2,False,passing,pff,Matt Ryan,4317,QB,ATL,2,1,81.8,44,46,4.8,2.49,2,1,2.1,76.1,35,0,16,2.8,48,1,-0.19,15,80.7,65.9,66.4,55.2,0,3,50,0,52.1,6.3,80.0,2.1,1,1,0,0,2,1,2.0,300,6.5
2021,2,False,passing,pff,Taylor Heinicke,9896,QB,WAS,32,1,81.8,44,46,8.1,2.4,0,3,6.3,73.9,34,0,10,5.6,50,2,0.02,13,80.8,73.4,75.1,51.6,0,1,52,0,52.0,10.0,99.5,2.0,1,3,1,1,2,0,0.0,336,7.3
2021,2,False,passing,pff,Justin Herbert,28237,QB,LAC,27,1,80.0,40,41,6.7,2.96,0,4,8.5,75.6,31,0,17,3.1,45,1,0.13,14,80.9,64.6,64.8,57.3,0,2,51,0,60.0,11.8,87.2,4.4,2,2,0,1,1,3,5.9,338,8.2
2021,2,False,passing,pff,Jacoby Brissett,10725,QB,MIA,17,1,78.4,37,40,5.9,2.73,0,1,2.4,60.0,24,0,28,17.2,47,5,-0.37,9,80.6,70.1,69.5,61.1,2,1,50,1,40.4,14.3,59.3,8.5,4,3,0,1,0,1,2.0,169,4.2
2021,2,False,passing,pff,Ryan Tannehill,7014,QB,TEN,31,1,86.5,37,40,10.6,2.63,0,4,9.3,67.5,27,0,12,15.6,45,5,0.21,17,80.4,92.6,91.4,71.2,2,0,48,0,57.8,25.0,94.5,6.7,3,2,0,1,0,0,0.0,347,8.7
2021,2,False,passing,pff,Ben Roethlisberger,1732,QB,PIT,25,1,78.4,37,40,9.8,2.72,1,2,5.0,67.5,27,0,11,6.9,42,2,0.03,14,28.6,73.8,72.5,,2,1,42,0,38.1,18.2,87.0,4.8,2,0,0,0,1,3,7.1,295,7.4
2021,2,False,passing,pff,Sam Darnold,29048,QB,CAR,5,1,77.1,35,38,7.0,2.85,0,0,0.0,68.4,26,0,8,3.7,41,1,0.28,18,79.5,70.1,66.7,65.6,0,1,44,0,58.5,25.0,99.1,4.9,2,1,0,3,2,2,4.5,305,8.0
2021,2,False,passing,pff,Derek Carr,8671,QB,LV,23,1,82.9,35,37,8.8,2.54,2,5,12.8,75.7,28,0,13,3.4,40,1,0.6,17,29.2,81.3,81.6,56.8,0,0,42,0,62.5,15.4,126.2,5.0,2,1,0,0,2,2,4.8,382,10.3
2021,2,False,passing,pff,Kyler Murray,38334,QB,ARZ,1,1,88.2,34,36,8.2,3.03,0,3,8.1,80.6,29,0,13,3.3,41,1,0.01,18,79.9,76.7,76.5,60.5,0,2,42,0,46.3,23.1,117.6,7.3,3,2,0,2,3,1,2.4,400,11.1
2021,2,False,passing,pff,Jared Goff,10635,QB,DET,11,1,80.0,35,36,7.3,3.03,0,2,5.6,72.2,26,0,14,7.1,39,2,0.03,12,20.6,59.5,64.7,46.9,1,1,39,2,61.5,7.1,97.7,2.6,1,2,0,0,2,2,5.1,246,6.8
2021,2,False,passing,pff,Tom Brady,698,QB,TB,30,1,70.6,34,36,11.1,2.4,1,3,7.9,66.7,24,0,9,0.0,40,0,0.07,15,79.2,84.9,82.3,62.6,0,0,42,0,52.5,33.3,129.2,7.5,3,1,0,1,5,0,0.0,276,7.7
2021,2,False,passing,pff,Teddy Bridgewater,8667,QB,DEN,10,1,76.5,34,34,11.0,3.15,0,2,5.6,76.5,26,0,14,0.0,38,0,0.19,12,79.7,69.2,68.4,60.1,0,0,40,0,44.7,21.4,125.6,7.9,3,1,0,0,2,0,0.0,328,9.6
2021,2,False,passing,pff,Josh Allen,46601,QB,BUF,4,1,60.7,28,33,10.0,2.95,1,2,6.1,51.5,17,0,14,0.0,36,0,0.03,10,79.2,53.7,45.4,78.4,0,1,37,0,41.7,7.1,75.2,2.8,1,2,0,4,2,3,8.1,179,5.4
2021,2,False,passing,pff,Zach Wilson,82096,QB,NYJ,22,1,67.7,31,33,9.0,3.29,0,2,5.4,57.6,19,0,19,9.5,39,2,-0.39,7,79.7,54.4,49.8,74.9,2,4,43,0,38.5,21.1,37.0,10.3,4,2,0,0,0,2,4.7,210,6.4
2021,2,False,passing,pff,Trevor Lawrence,77632,QB,JAX,15,1,51.6,31,33,12.6,2.8,0,1,2.6,42.4,14,0,11,12.5,36,2,-0.28,8,79.2,40.1,36.8,73.9,0,2,41,0,33.3,9.1,37.2,2.8,1,2,0,2,1,3,7.3,118,3.6
2021,2,False,passing,pff,Daniel Jones,39395,QB,NYG,21,1,78.1,32,32,11.0,2.76,0,2,5.4,68.8,22,0,17,12.0,38,3,0.05,10,80.8,91.1,90.7,67.3,0,0,43,0,36.8,23.5,102.2,10.5,4,2,0,0,1,0,0.0,249,7.8
2021,2,False,passing,pff,Kirk Cousins,7102,QB,MIN,18,1,82.8,29,32,6.7,2.34,2,2,6.3,68.8,22,0,7,8.3,35,2,0.25,12,27.1,86.5,80.9,76.0,1,0,35,0,48.6,14.3,122.4,2.9,1,2,0,0,3,1,2.9,244,7.6
2021,2,False,passing,pff,Patrick Mahomes,11765,QB,KC,16,1,83.3,30,31,8.6,2.66,0,0,0.0,77.4,24,0,6,4.0,32,1,0.61,18,77.9,52.3,54.1,55.3,0,1,33,1,68.8,0.0,131.5,0.0,0,1,0,1,3,2,6.1,343,11.1
2021,2,False,passing,pff,Russell Wilson,7077,QB,SEA,29,1,73.3,30,31,10.1,2.73,0,2,6.1,71.0,22,0,12,0.0,37,0,0.19,11,78.9,74.5,73.9,59.4,1,0,39,0,35.1,33.3,128.8,10.8,4,2,0,0,2,0,0.0,343,11.1
2021,2,False,passing,pff,Carson Wentz,10636,QB,IND,14,1,72.4,29,31,7.9,2.92,0,1,3.1,64.5,20,0,17,4.8,39,1,-0.01,13,79.0,73.6,67.1,77.4,1,1,40,0,48.7,17.6,86.4,7.7,3,5,0,1,1,0,0.0,247,8.0
2021,2,False,passing,pff,Matthew Stafford,4924,QB,LA,26,1,82.1,28,30,7.4,2.82,0,0,0.0,63.3,19,0,5,17.4,32,4,0.44,15,78.0,78.2,79.9,52.5,1,1,32,0,56.3,20.0,101.8,3.1,1,1,0,1,2,1,3.1,278,9.3
2021,2,False,passing,pff,Joe Burrow,28022,QB,CIN,7,1,72.4,29,30,8.2,2.51,0,0,0.0,63.3,19,0,12,9.5,35,2,-0.34,10,78.3,66.6,65.6,,0,3,35,0,42.9,41.7,66.3,14.3,5,0,0,1,2,2,5.7,207,6.9
2021,2,False,passing,pff,Jimmy Garoppolo,8697,QB,SF,28,1,83.3,30,30,3.6,2.58,0,0,0.0,73.3,22,0,7,12.0,33,3,0.25,10,79.6,62.5,57.0,69.8,0,0,34,0,54.5,0.0,100.6,0.0,0,3,0,0,1,2,5.9,189,6.3
2021,2,False,passing,pff,Mac Jones,60323,QB,NE,19,1,85.7,28,30,4.6,2.66,0,1,3.1,73.3,22,0,7,8.3,33,2,-0.14,9,27.1,58.5,58.6,,0,0,35,1,39.4,42.9,89.0,9.1,3,0,0,2,0,2,5.7,186,6.2
2021,2,False,passing,pff,Dak Prescott,10769,QB,DAL,9,1,85.2,27,27,5.3,2.25,0,0,0.0,85.2,23,0,8,0.0,30,0,-0.04,13,77.6,63.6,64.9,,0,1,32,1,60.0,25.0,87.8,6.7,2,0,0,0,0,1,3.1,237,8.8
2021,2,False,passing,pff,Aaron Rodgers,2241,QB,GB,12,1,81.5,27,27,9.2,2.76,0,2,6.9,81.5,22,0,11,0.0,33,0,0.49,16,78.5,70.6,73.2,50.6,0,0,35,0,60.6,27.3,145.6,9.1,3,3,0,0,4,1,2.9,255,9.4
2021,2,False,passing,pff,Lamar Jackson,46416,QB,BLT,3,1,76.0,25,26,10.1,2.51,0,0,0.0,69.2,18,0,6,5.3,28,1,0.06,12,81.1,73.1,58.6,86.2,0,2,34,0,57.1,16.7,78.8,3.6,1,1,1,0,1,2,5.9,239,9.2
2021,2,False,passing,pff,Jalen Hurts,40291,QB,PHI,24,1,54.5,22,23,15.7,3.49,1,2,8.0,52.2,12,0,14,0.0,30,0,0.25,11,78.8,76.3,66.1,83.0,0,0,32,0,50.0,14.3,80.0,6.7,2,5,0,0,0,1,3.1,190,8.3
2021,2,False,passing,pff,Jameis Winston,9434,QB,NO,20,1,68.4,19,22,8.5,2.83,1,1,4.3,50.0,11,0,18,15.4,29,2,-0.65,4,77.6,40.3,33.9,74.9,1,2,30,1,27.6,22.2,26.9,13.8,4,2,0,1,0,3,10.0,111,5.0
2021,2,False,passing,pff,Baker Mayfield,46518,QB,CLV,8,1,90.5,21,21,5.6,2.9,0,1,4.5,90.5,19,0,4,0.0,28,0,0.12,12,27.0,66.1,73.2,42.8,0,1,29,0,57.1,50.0,105.0,7.1,2,5,0,0,1,2,6.9,213,10.1
2021,2,False,passing,pff,Davis Mills,52269,QB,HST,13,1,47.1,17,18,11.4,2.98,0,0,0.0,44.4,8,0,7,0.0,19,0,0.13,5,24.5,32.7,40.1,38.5,0,1,21,0,36.8,14.3,58.1,5.3,1,0,0,1,1,2,9.5,102,5.7
2021,2,False,passing,pff,Justin Fields,82118,QB,CHI,6,1,53.8,13,13,11.6,3.37,0,2,14.3,46.2,6,0,6,14.3,19,1,-0.51,4,25.6,51.6,47.7,66.9,0,1,20,2,31.6,33.3,27.7,10.5,2,4,0,0,0,2,10.0,60,4.6
2021,2,False,passing,pff,Tyrod Taylor,6332,QB,HST,13,1,90.9,11,11,4.9,2.69,0,0,0.0,90.9,10,0,4,0.0,12,0,0.97,6,72.8,78.7,75.0,63.9,0,0,13,0,66.7,0.0,144.3,0.0,0,1,0,0,1,0,0.0,125,11.4
2021,2,False,passing,pff,Andy Dalton,6187,QB,CHI,6,1,100.0,9,11,4.7,2.81,1,1,7.7,81.8,9,0,4,0.0,14,0,0.38,5,73.9,92.4,87.5,78.2,0,0,16,0,50.0,25.0,118.2,7.1,1,2,0,1,1,0,0.0,56,5.1
2021,2,False,passing,pff,Jacob Eason,46444,QB,IND,14,1,40.0,5,5,12.4,2.9,0,0,0.0,40.0,2,0,1,0.0,5,0,-0.7,2,68.0,29.6,31.5,,0,1,5,0,20.0,0.0,16.7,0.0,0,0,0,0,0,1,20.0,25,5.0
2021,2,False,passing,pff,Tua Tagovailoa,60326,QB,MIA,17,1,50.0,2,4,-6.0,2.47,0,0,0.0,25.0,1,0,4,0.0,6,0,-1.28,0,69.6,52.0,52.2,,1,0,7,0,16.7,50.0,40.6,33.3,2,0,0,1,0,0,0.0,13,3.3
2021,2,False,passing,pff,Josh Rosen,35460,QB,ATL,2,1,0.0,2,2,7.5,2.25,0,0,0.0,0.0,0,0,2,,2,0,-1.76,0,63.6,50.0,50.5,,0,0,2,0,0.0,0.0,39.6,0.0,0,0,0,0,0,0,0.0,0,0.0
2021,2,False,passing,pff,Greg Ward,12258,WR,PHI,24,1,0.0,1,1,12.0,6.6,0,0,0.0,0.0,0,0,1,,1,0,-3.1,0,60.4,47.5,51.4,,0,0,1,0,0.0,0.0,39.6,0.0,0,0,0,0,0,0,0.0,0,0.0
2021,3,False,passing,pff,Ben Roethlisberger,1732,QB,PIT,25,1,82.8,58,58,5.6,2.29,0,2,3.2,65.5,38,0,15,20.8,63,10,-0.12,17,82.2,57.2,56.2,62.6,0,2,67,0,41.3,26.7,70.9,6.3,4,1,0,0,1,1,1.5,318,5.5
2021,3,False,passing,pff,Tom Brady,698,QB,TB,30,1,82.4,51,55,6.8,2.39,1,4,7.0,74.5,41,0,19,2.4,60,1,0.28,23,81.8,79.2,78.4,60.0,0,0,62,0,53.3,15.8,103.0,5.0,3,2,0,3,1,0,0.0,432,7.9
2021,3,False,passing,pff,Mac Jones,60323,QB,NE,19,1,64.0,50,51,12.0,2.92,0,1,1.9,58.8,30,0,20,6.3,56,2,-0.35,11,81.7,66.7,64.4,67.7,0,3,57,0,37.5,10.0,55.2,3.6,2,3,0,1,1,1,1.8,270,5.3
2021,3,False,passing,pff,Jacoby Brissett,10725,QB,MIA,17,1,74.4,43,49,8.4,2.79,0,2,3.7,65.3,32,0,18,0.0,57,0,0.07,16,81.8,76.5,77.1,57.7,4,0,62,0,40.4,11.1,74.8,3.5,2,6,1,1,0,1,1.6,215,4.4
2021,3,False,passing,pff,Patrick Mahomes,11765,QB,KC,16,1,83.3,36,44,9.6,2.95,0,2,4.3,61.4,27,0,21,10.0,50,3,0.16,20,32.8,78.5,73.9,75.0,2,2,53,0,52.0,9.5,81.6,4.0,2,4,0,6,3,1,1.9,260,5.9
2021,3,False,passing,pff,Derek Carr,8671,QB,LV,23,1,71.1,38,43,9.8,2.72,1,4,9.1,60.5,26,0,14,3.7,46,1,0.15,18,80.3,84.3,82.6,60.0,1,1,47,1,47.8,21.4,95.7,6.5,3,0,0,3,2,0,0.0,386,9.0
2021,3,False,passing,pff,Josh Allen,46601,QB,BUF,4,1,81.0,42,43,9.7,2.82,0,3,6.7,74.4,32,0,22,5.9,46,2,0.37,21,80.5,83.8,83.1,59.8,0,0,48,0,63.0,0.0,129.8,0.0,0,2,0,1,4,1,2.1,358,8.3
2021,3,False,passing,pff,Jimmy Garoppolo,8697,QB,SF,28,1,75.7,37,40,7.1,2.53,0,0,0.0,62.5,25,0,17,10.7,44,3,-0.01,15,28.0,54.6,52.7,62.2,2,1,48,0,47.7,23.5,87.2,9.1,4,0,0,1,2,3,6.3,257,6.4
2021,3,False,passing,pff,Jalen Hurts,40291,QB,PHI,24,1,75.0,36,39,6.9,2.93,1,3,6.8,64.1,25,0,11,7.4,48,2,-0.16,11,81.1,66.1,65.7,61.4,1,2,53,0,39.6,18.2,86.1,4.2,2,7,0,1,2,2,3.8,326,8.4
2021,3,False,passing,pff,Kirk Cousins,7102,QB,MIN,18,1,86.1,36,38,5.7,2.42,1,1,2.6,78.9,30,0,11,3.2,39,1,0.48,19,28.5,82.5,82.3,56.6,1,0,40,0,64.1,9.1,128.4,2.6,1,0,0,0,3,1,2.5,323,8.5
2021,3,False,passing,pff,Matthew Stafford,4924,QB,LA,26,1,78.4,37,38,8.3,2.34,0,1,2.5,71.1,27,0,12,6.9,39,2,0.47,16,79.6,73.8,72.4,60.0,1,0,41,0,53.8,8.3,134.0,2.6,1,0,0,0,4,0,0.0,343,9.0
2021,3,False,passing,pff,Justin Herbert,28237,QB,LAC,27,1,82.9,35,38,7.1,2.76,0,0,0.0,68.4,26,0,11,10.3,41,3,0.37,16,80.3,82.5,81.9,59.9,0,0,46,0,53.7,9.1,125.0,2.4,1,2,0,3,4,0,0.0,281,7.4
2021,3,False,passing,pff,Carson Wentz,10636,QB,IND,14,1,67.7,31,37,6.9,2.53,1,1,2.5,51.4,19,0,21,9.5,39,2,-0.23,8,79.5,66.1,65.3,,1,0,43,1,33.3,9.5,66.7,5.1,2,0,0,4,0,0,0.0,194,5.2
2021,3,False,passing,pff,Matt Ryan,4317,QB,ATL,2,1,77.1,35,36,4.7,2.83,0,0,0.0,75.0,27,0,12,0.0,39,0,0.02,12,28.7,52.1,51.8,60.0,1,0,41,0,43.6,25.0,111.2,7.7,3,0,0,0,2,3,7.3,243,6.8
2021,3,False,passing,pff,Daniel Jones,39395,QB,NYG,21,1,75.8,33,35,7.3,2.85,2,1,2.6,68.6,24,0,14,4.0,42,1,0.03,14,23.1,71.9,71.9,60.4,0,0,46,0,47.6,14.3,90.9,4.8,2,5,0,0,0,1,2.2,266,7.6
2021,3,False,passing,pff,Zach Wilson,82096,QB,NYJ,22,1,69.7,33,35,7.8,2.89,0,0,0.0,54.3,19,0,16,17.4,40,4,-0.74,10,79.4,55.4,53.9,62.6,0,2,41,0,32.5,31.3,42.6,12.5,5,0,0,2,0,1,2.4,160,4.6
2021,3,False,passing,pff,Trevor Lawrence,77632,QB,JAX,15,1,76.7,30,34,8.4,2.81,0,1,2.8,64.7,22,0,17,4.3,40,1,-0.26,10,29.3,50.2,51.0,54.5,1,2,42,0,52.5,17.6,68.1,7.5,3,3,1,2,1,3,7.1,219,6.4
2021,3,False,passing,pff,Sam Darnold,29048,QB,CAR,5,1,78.8,33,34,8.1,2.96,0,3,8.3,67.6,23,0,17,11.5,37,3,0.42,15,30.6,83.2,76.3,80.3,0,0,40,0,54.1,11.8,95.7,5.4,2,1,0,1,0,1,2.5,304,8.9
2021,3,False,passing,pff,Kyler Murray,38334,QB,ARZ,1,1,87.9,33,34,7.6,2.69,1,1,2.9,82.4,28,0,8,3.4,37,1,0.3,14,79.7,73.6,73.8,61.1,0,1,39,0,62.2,0.0,93.1,0.0,0,3,0,0,0,1,2.6,316,9.3
2021,3,False,passing,pff,Aaron Rodgers,2241,QB,GB,12,1,77.4,31,33,11.7,2.04,0,5,13.9,69.7,23,0,5,4.2,34,1,0.14,13,78.7,81.8,82.8,58.3,0,0,38,1,50.0,20.0,113.3,2.9,1,0,2,0,2,0,0.0,261,7.9
2021,3,False,passing,pff,Russell Wilson,7077,QB,SEA,29,1,82.1,28,32,8.4,2.85,0,0,0.0,71.9,23,0,16,0.0,37,0,0.1,14,78.7,69.2,71.0,52.3,0,0,38,0,45.9,12.5,111.2,5.4,2,3,0,4,1,0,0.0,298,9.3
2021,3,False,passing,pff,Lamar Jackson,46416,QB,BLT,3,1,69.2,26,31,19.9,3.71,1,6,19.4,51.6,16,0,18,11.1,40,2,0.2,11,29.0,88.3,86.0,70.0,0,1,41,0,40.0,22.2,81.0,10.0,4,5,1,3,1,2,4.9,287,9.3
2021,3,False,passing,pff,Baker Mayfield,46518,QB,CLV,8,1,67.9,28,31,10.6,2.98,1,3,9.4,61.3,19,0,14,0.0,40,0,0.0,14,79.2,76.4,73.7,67.7,0,0,41,0,50.0,35.7,97.0,12.5,5,4,1,1,1,0,0.0,246,7.9
2021,3,False,passing,pff,Jared Goff,10635,QB,DET,11,1,85.7,28,30,4.6,2.57,0,0,0.0,73.3,22,0,11,8.3,33,2,0.09,13,78.3,63.9,65.2,55.7,0,0,35,1,45.5,18.2,93.3,6.1,2,1,0,2,0,0,0.0,217,7.2
2021,3,False,passing,pff,Davis Mills,52269,QB,HST,13,1,83.3,24,28,8.3,2.5,1,1,3.1,67.9,19,0,12,5.0,32,1,-0.25,10,78.7,56.4,55.9,60.0,1,0,36,0,37.5,33.3,95.5,12.5,4,0,1,1,1,1,2.8,168,6.0
2021,3,False,passing,pff,Ryan Tannehill,7014,QB,TEN,31,1,83.3,24,27,6.4,2.58,0,0,0.0,66.7,18,0,9,10.0,31,2,0.08,14,78.4,86.6,76.6,88.7,1,2,33,0,54.8,11.1,94.2,3.2,1,3,0,2,3,0,0.0,197,7.3
2021,3,False,passing,pff,Dak Prescott,10769,QB,DAL,9,1,84.0,25,26,9.8,2.9,0,1,3.4,80.8,21,0,8,0.0,32,0,0.3,14,22.1,68.2,76.3,37.4,1,0,35,0,65.6,50.0,143.3,12.5,4,2,0,0,3,1,2.9,238,9.2
2021,3,False,passing,pff,Teddy Bridgewater,8667,QB,DEN,10,1,87.0,23,25,8.6,2.82,0,1,3.7,76.0,19,0,9,5.0,29,1,0.39,11,78.1,79.8,76.0,70.4,1,0,31,0,62.1,22.2,104.6,6.9,2,2,0,1,0,0,0.0,235,9.4
2021,3,False,passing,pff,Taylor Heinicke,9896,QB,WAS,32,1,70.8,24,24,7.3,3.84,0,0,0.0,58.3,14,0,11,17.6,31,3,-0.13,9,78.6,39.8,41.1,56.4,0,2,34,1,35.5,9.1,80.6,3.2,1,6,0,0,2,3,8.8,212,8.8
2021,3,False,passing,pff,Jameis Winston,9434,QB,NO,20,1,68.4,19,21,11.3,3.68,0,0,0.0,61.9,13,0,11,0.0,26,0,0.22,9,77.4,51.1,50.6,57.3,1,0,26,0,46.2,27.3,110.8,11.5,3,2,0,1,2,1,3.8,128,6.1
2021,3,False,passing,pff,Justin Fields,82118,QB,CHI,6,1,33.3,18,20,6.2,2.84,0,0,0.0,30.0,6,0,16,0.0,30,0,-0.71,2,78.4,46.8,49.3,51.2,1,0,33,0,20.0,56.3,41.3,30.0,9,1,0,1,0,0,0.0,68,3.4
2021,3,False,passing,pff,Joe Burrow,28022,QB,CIN,7,1,83.3,18,18,8.8,2.42,0,2,10.0,77.8,14,0,3,6.7,19,1,0.23,7,76.9,90.3,89.6,66.3,0,1,22,0,52.6,0.0,122.9,0.0,0,1,0,0,3,1,4.5,172,9.6
2021,3,False,passing,pff,D'Andre Swift,57212,HB,DET,11,1,,0,1,,2.4,0,0,0.0,0.0,0,0,1,,1,0,-0.83,0,77.0,82.1,60.0,66.9,1,0,1,0,0.0,0.0,39.6,0.0,0,0,0,0,0,0,0.0,0,0.0
2021,3,False,passing,pff,Mitch Trubisky,11757,QB,BUF,4,1,100.0,1,1,0.0,3.1,0,0,0.0,100.0,1,0,1,0.0,2,0,1.02,1,69.1,73.7,60.0,69.5,0,0,2,0,50.0,0.0,79.2,0.0,0,1,0,0,0,0,0.0,1,1.0
2021,4,False,passing,pff,Ryan Tannehill,7014,QB,TEN,31,1,68.1,47,49,9.1,2.45,0,3,5.5,61.2,30,0,22,6.3,57,2,-0.03,17,42.0,76.8,77.7,49.1,2,0,63,1,43.9,31.8,85.2,12.3,7,1,0,0,1,1,1.6,298,6.1
2021,4,False,passing,pff,Jalen Hurts,40291,QB,PHI,24,1,76.2,42,48,8.7,2.92,1,3,5.9,66.7,32,0,27,0.0,57,0,0.25,20,41.4,66.2,66.6,63.1,1,0,61,1,56.1,11.1,105.1,5.3,3,4,0,4,2,2,3.3,387,8.1
2021,4,False,passing,pff,Tom Brady,698,QB,TB,30,1,67.5,40,43,11.4,2.61,1,5,10.9,51.2,22,0,10,18.5,45,5,0.03,13,80.7,83.5,80.8,66.5,0,0,48,0,40.0,10.0,70.8,2.2,1,1,0,2,0,0,0.0,269,6.3
2021,4,False,passing,pff,Matt Ryan,4317,QB,ATL,2,1,69.2,39,42,11.5,2.33,1,3,6.5,59.5,25,0,10,7.4,44,2,0.36,16,80.3,92.0,89.8,71.4,0,0,49,0,52.3,10.0,111.5,2.3,1,1,1,1,4,0,0.0,283,6.7
2021,4,False,passing,pff,Matthew Stafford,4924,QB,LA,26,1,70.7,41,41,8.7,2.56,0,1,2.2,63.4,26,0,11,10.3,43,3,0.17,14,80.7,68.9,64.7,79.1,0,1,47,1,58.1,0.0,89.5,0.0,0,2,0,0,2,1,2.1,280,6.8
2021,4,False,passing,pff,Mac Jones,60323,QB,NE,19,1,84.2,38,40,5.5,2.3,1,0,0.0,77.5,31,0,17,3.1,45,1,-0.04,15,80.3,65.4,64.6,60.0,0,1,48,0,51.1,23.5,101.6,8.9,4,0,0,1,2,1,2.1,275,6.9
2021,4,False,passing,pff,Daniel Jones,39395,QB,NYG,21,1,85.7,35,40,9.5,2.75,1,2,4.7,70.0,28,0,10,6.7,43,2,0.51,18,80.2,84.6,84.1,61.6,1,1,47,0,51.2,0.0,108.5,0.0,0,3,0,3,2,1,2.1,402,10.1
2021,4,False,passing,pff,Ben Roethlisberger,1732,QB,PIT,25,1,68.4,38,40,7.0,2.05,1,2,4.9,65.0,26,0,6,0.0,42,0,-0.29,11,29.1,52.3,52.2,,0,1,43,0,38.1,33.3,78.3,4.8,2,0,0,1,1,2,4.7,232,5.8
2021,4,False,passing,pff,Sam Darnold,29048,QB,CAR,5,1,68.4,38,39,8.5,2.91,0,1,2.4,66.7,26,0,16,0.0,46,0,0.02,14,80.8,54.0,53.4,64.9,1,2,48,1,50.0,31.3,85.5,10.9,5,2,0,0,2,2,4.2,301,7.7
2021,4,False,passing,pff,Justin Herbert,28237,QB,LAC,27,1,84.4,32,38,8.3,2.34,2,2,5.3,65.8,25,0,14,7.4,41,2,0.14,13,79.6,83.0,82.6,57.9,2,0,41,0,46.3,14.3,107.6,4.9,2,1,0,2,3,0,0.0,222,5.8
2021,4,False,passing,pff,Kirk Cousins,7102,QB,MIN,18,1,76.7,30,38,9.1,2.51,2,2,4.8,52.6,20,0,22,13.0,41,3,-0.24,10,79.9,64.0,65.7,57.8,4,1,45,1,34.1,9.1,66.0,4.9,2,1,0,2,1,2,4.4,203,5.3
2021,4,False,passing,pff,Jared Goff,10635,QB,DET,11,1,66.7,36,38,9.4,2.89,1,0,0.0,63.2,24,1,17,0.0,44,0,-0.01,15,29.6,62.7,66.7,39.4,0,0,48,1,54.5,23.5,105.0,9.1,4,2,0,1,2,1,2.1,299,7.9
2021,4,False,passing,pff,Lamar Jackson,46416,QB,BLT,3,1,75.0,32,37,12.1,2.88,2,1,2.6,59.5,22,0,15,8.3,42,2,0.32,15,80.4,81.6,81.5,61.9,1,0,43,1,50.0,20.0,96.2,7.1,3,2,0,2,1,0,0.0,316,8.5
2021,4,False,passing,pff,Aaron Rodgers,2241,QB,GB,12,1,60.6,33,36,9.9,2.52,1,1,2.8,55.6,20,0,10,0.0,40,0,0.1,14,79.5,64.8,62.0,67.2,0,0,40,0,42.5,30.0,95.6,7.5,3,1,0,2,2,1,2.5,248,6.9
2021,4,False,passing,pff,Zach Wilson,82096,QB,NYJ,22,1,72.7,33,34,10.2,3.25,0,4,11.4,61.8,21,0,11,12.5,37,3,-0.01,11,78.8,71.3,71.9,54.6,0,1,38,0,43.2,18.2,97.3,5.4,2,1,0,1,2,3,7.9,297,8.7
2021,4,False,passing,pff,Derek Carr,8671,QB,LV,23,1,80.0,30,34,9.9,3.04,1,3,8.6,61.8,21,0,18,12.5,40,3,-0.2,8,79.3,64.5,63.9,60.0,0,1,41,0,32.5,22.2,84.9,10.0,4,2,0,3,2,1,2.4,196,5.8
2021,4,False,passing,pff,Baker Mayfield,46518,QB,CLV,8,1,58.6,29,33,11.5,2.89,2,0,0.0,45.5,15,0,15,11.8,37,2,-0.35,9,79.4,48.1,47.5,65.1,0,0,41,1,32.4,20.0,59.5,8.1,3,1,0,2,0,0,0.0,155,4.7
2021,4,False,passing,pff,Taylor Heinicke,9896,QB,WAS,32,1,72.7,33,33,9.4,3.01,0,2,5.6,69.7,23,0,10,4.2,38,1,0.61,18,79.5,66.9,63.2,70.0,0,0,42,0,57.9,10.0,127.1,2.6,1,4,0,0,3,3,7.1,290,8.8
2021,4,False,passing,pff,Kyler Murray,38334,QB,ARZ,1,1,82.8,29,32,6.7,2.98,0,3,9.1,75.0,24,0,11,0.0,39,0,0.45,13,79.6,82.6,83.6,60.1,0,0,41,0,59.0,27.3,120.3,7.7,3,4,0,3,2,0,0.0,268,8.4
2021,4,False,passing,pff,Carson Wentz,10636,QB,IND,14,1,78.1,32,32,9.2,2.9,0,2,6.1,75.0,24,0,16,4.0,34,1,0.13,9,79.5,76.2,72.8,69.7,0,0,36,0,38.2,12.5,115.1,5.9,2,0,0,0,2,0,0.0,228,7.1
2021,4,False,passing,pff,Joe Burrow,28022,QB,CIN,7,1,80.6,31,32,7.9,2.61,1,3,9.1,78.1,25,0,7,0.0,33,0,0.57,16,78.9,87.7,89.1,52.3,0,0,35,1,57.6,14.3,132.8,3.0,1,0,0,0,2,0,0.0,348,10.9
2021,4,False,passing,pff,Patrick Mahomes,11765,QB,KC,16,1,86.2,29,30,7.4,2.49,0,2,6.3,80.0,24,0,9,4.0,36,1,0.73,18,79.1,82.7,81.2,70.7,0,1,39,1,69.4,11.1,131.0,2.8,1,4,0,1,5,1,2.6,278,9.3
2021,4,False,passing,pff,Jacoby Brissett,10725,QB,MIA,17,1,76.7,30,30,8.0,3.2,0,1,3.0,66.7,20,0,14,13.0,35,3,-0.02,12,21.1,51.5,49.1,67.2,0,0,38,0,45.7,21.4,107.5,8.6,3,2,0,0,2,5,13.2,199,6.6
2021,4,False,passing,pff,Josh Allen,46601,QB,BUF,4,1,69.0,29,30,9.6,2.72,0,3,10.0,66.7,20,0,8,0.0,33,0,0.06,12,78.6,72.6,64.7,82.6,0,1,33,0,63.6,12.5,100.4,3.0,1,2,0,1,2,3,9.1,248,8.3
2021,4,False,passing,pff,Trevor Lawrence,77632,QB,JAX,15,1,81.0,21,24,7.9,3.32,0,2,8.3,70.8,17,0,12,0.0,28,0,0.25,9,78.7,80.2,72.7,77.9,0,0,29,0,60.7,8.3,96.5,3.6,1,2,0,3,0,0,0.0,204,8.5
2021,4,False,passing,pff,Jimmy Garoppolo,8697,QB,SF,28,1,63.6,22,23,10.5,2.58,0,0,0.0,60.9,14,0,5,0.0,24,0,-0.13,8,76.1,56.2,56.0,,0,1,24,0,45.8,20.0,79.1,4.2,1,0,0,1,1,2,8.3,165,7.2
2021,4,False,passing,pff,Jameis Winston,9434,QB,NO,20,1,85.0,20,23,7.5,2.63,1,4,16.7,73.9,17,0,5,0.0,24,0,0.44,11,76.3,91.6,91.0,,1,0,25,1,62.5,0.0,119.1,0.0,0,0,0,1,1,0,0.0,226,9.8
2021,4,False,passing,pff,Russell Wilson,7077,QB,SEA,29,1,77.3,22,23,5.8,2.71,0,3,12.0,69.6,16,0,8,5.9,28,1,0.06,8,77.7,82.5,78.4,78.3,0,0,30,1,35.7,37.5,116.0,10.7,3,2,0,1,2,0,0.0,149,6.5
2021,4,False,passing,pff,Dak Prescott,10769,QB,DAL,9,1,73.7,19,22,8.2,2.35,2,1,3.8,63.6,14,0,7,0.0,25,0,0.52,11,77.7,71.0,65.7,73.9,0,0,29,0,60.0,0.0,130.3,0.0,0,2,0,1,4,0,0.0,188,8.5
2021,4,False,passing,pff,Davis Mills,52269,QB,HST,13,1,63.2,19,21,8.9,2.64,1,0,0.0,52.4,11,0,6,8.3,25,1,-1.17,4,24.1,32.2,33.6,52.2,0,4,30,0,24.0,50.0,23.4,12.0,3,1,0,1,0,3,10.0,87,4.1
2021,4,False,passing,pff,Drew Lock,39517,QB,DEN,10,1,57.1,21,21,9.6,2.6,0,1,4.5,57.1,12,0,12,0.0,24,0,-0.48,4,76.3,50.8,51.1,,0,1,25,0,29.2,25.0,52.3,12.5,3,0,0,0,0,1,4.0,113,5.4
2021,4,False,passing,pff,Trey Lance,91399,QB,SF,28,1,56.3,16,18,8.9,3.57,1,0,0.0,50.0,9,0,10,0.0,24,0,0.42,8,77.7,52.1,49.4,60.6,0,0,26,0,45.8,10.0,117.1,4.2,1,5,0,1,2,1,3.8,157,8.7
2021,4,False,passing,pff,Justin Fields,82118,QB,CHI,6,1,68.8,16,17,13.4,3.12,0,4,22.2,64.7,11,0,6,0.0,19,0,0.03,6,24.0,75.5,72.8,65.3,1,1,20,0,52.6,16.7,82.7,5.3,1,1,0,0,0,1,5.0,209,12.3
2021,4,False,passing,pff,Teddy Bridgewater,8667,QB,DEN,10,1,60.0,15,16,9.7,2.4,1,0,0.0,43.8,7,0,9,22.2,19,2,-0.36,5,74.8,45.4,46.3,58.3,0,0,19,0,31.6,22.2,76.3,10.5,2,1,0,0,1,0,0.0,65,4.1
2021,4,False,passing,pff,Taysom Hill,12112,QB,NO,20,1,66.7,3,3,15.3,2.93,0,0,0.0,66.7,2,0,2,0.0,3,0,-0.47,1,73.5,82.4,38.8,90.2,0,1,3,0,66.7,0.0,30.6,0.0,0,0,0,0,0,1,33.3,9,3.0
2021,4,False,passing,pff,Jakobi Meyers,47468,WR,NE,19,1,100.0,2,2,5.0,3.75,0,1,50.0,100.0,2,0,1,0.0,2,0,0.34,1,71.1,66.1,78.1,,0,0,2,0,50.0,0.0,118.8,0.0,0,0,0,0,0,0,0.0,45,22.5
2021,4,False,passing,pff,Mitch Trubisky,11757,QB,BUF,4,1,100.0,1,1,1.0,3.5,0,0,0.0,100.0,1,0,0,0.0,2,0,0.58,1,69.1,77.4,60.1,72.3,0,0,2,0,100.0,,100.0,0.0,0,1,0,0,0,0,0.0,8,8.0
2021,4,False,passing,pff,Ty Long,9728,K,LAC,27,1,0.0,1,1,10.0,1.8,0,0,0.0,0.0,0,0,0,,1,0,-2.57,0,60.4,60.0,60.0,,0,0,1,0,0.0,,39.6,0.0,0,0,0,0,0,0,0.0,0,0.0
2021,5,False,passing,pff,Patrick Mahomes,11765,QB,KC,16,1,73.5,49,54,6.6,3.0,0,1,1.6,61.1,33,0,16,8.3,63,3,-0.13,21,43.8,65.1,62.9,66.4,1,2,70,0,42.9,12.5,70.9,3.2,2,7,0,4,2,0,0.0,272,5.0
2021,5,False,passing,pff,Matt Ryan,4317,QB,ATL,2,1,81.4,43,45,8.0,2.46,2,3,6.3,73.3,33,0,16,5.7,45,2,0.25,19,80.3,90.2,88.7,60.0,0,0,48,0,55.6,0.0,109.7,0.0,0,0,0,0,2,0,0.0,342,7.6
2021,5,False,passing,pff,Lamar Jackson,46416,QB,BLT,3,1,90.5,42,43,7.2,3.13,0,4,8.9,86.0,37,0,13,2.6,52,1,0.67,26,32.0,82.0,90.7,45.7,1,0,54,0,67.3,15.4,140.5,3.8,2,7,0,0,4,0,0.0,442,10.3
2021,5,False,passing,pff,Justin Herbert,28237,QB,LAC,27,1,68.3,41,43,9.3,2.53,1,2,4.2,60.5,26,0,12,7.1,48,2,0.32,17,80.9,83.0,76.3,85.5,0,0,53,0,43.8,16.7,122.0,4.2,2,3,0,1,4,0,0.0,398,9.3
2021,5,False,passing,pff,Tom Brady,698,QB,TB,30,1,83.8,37,41,10.6,2.31,0,1,2.4,73.2,30,0,9,3.2,44,1,0.55,25,79.8,86.5,82.6,65.9,0,0,45,0,68.2,22.2,144.4,4.5,2,1,1,3,5,0,0.0,411,10.0
2021,5,False,passing,pff,Taylor Heinicke,9896,QB,WAS,32,1,54.1,37,41,10.8,3.14,2,2,4.3,48.8,20,0,16,0.0,48,0,-0.2,13,32.8,49.3,45.0,73.3,1,2,53,0,41.7,12.5,47.6,4.2,2,5,0,1,0,4,7.5,248,6.0
2021,5,False,passing,pff,Jacoby Brissett,10725,QB,MIA,17,1,78.4,37,39,5.7,2.63,0,2,4.8,69.2,27,0,14,6.9,44,2,-0.08,13,79.9,75.0,73.6,,0,1,47,1,52.3,21.4,95.6,6.8,3,0,0,2,2,0,0.0,275,7.1
2021,5,False,passing,pff,Aaron Rodgers,2241,QB,GB,12,1,77.1,35,39,9.4,2.9,0,1,2.6,69.2,27,0,13,0.0,41,0,0.11,16,79.2,76.1,74.6,,0,1,41,0,48.8,15.4,102.9,4.9,2,0,1,3,2,1,2.4,344,8.8
2021,5,False,passing,pff,Teddy Bridgewater,8667,QB,DEN,10,1,72.7,33,38,10.3,2.72,2,1,2.6,63.2,24,0,13,0.0,41,0,0.2,14,79.5,73.6,72.1,65.9,0,1,43,1,51.2,15.4,92.9,4.9,2,1,0,3,2,2,4.7,288,7.6
2021,5,False,passing,pff,Joe Burrow,28022,QB,CIN,7,1,85.7,35,38,8.9,2.62,2,2,5.1,68.4,26,1,13,13.3,42,4,0.05,12,80.0,72.0,70.2,64.4,0,2,44,1,42.9,23.1,85.5,7.1,3,1,0,1,2,3,6.8,281,7.4
2021,5,False,passing,pff,Sam Darnold,29048,QB,CAR,5,1,69.7,33,37,7.5,2.86,0,2,5.3,56.8,21,0,24,8.7,42,2,-0.41,10,79.5,43.1,42.5,59.9,1,3,43,0,42.9,12.5,44.5,7.1,3,2,0,3,1,3,7.0,177,4.8
2021,5,False,passing,pff,Jalen Hurts,40291,QB,PHI,24,1,81.3,32,37,6.2,2.6,0,2,4.7,59.5,22,0,10,15.4,40,4,-0.49,8,81.1,79.5,75.3,73.3,1,1,46,0,30.0,20.0,62.7,5.0,2,1,0,4,0,1,2.2,198,5.4
2021,5,False,passing,pff,Matthew Stafford,4924,QB,LA,26,1,74.3,35,37,12.3,2.73,1,2,5.4,67.6,25,0,10,3.8,38,1,0.38,16,79.0,65.9,64.8,60.0,0,1,38,1,52.6,10.0,97.2,2.6,1,0,0,1,1,1,2.6,365,9.9
2021,5,False,passing,pff,Carson Wentz,10636,QB,IND,14,1,84.4,32,35,6.3,2.59,0,1,2.5,71.4,25,0,10,7.4,38,2,0.5,16,29.3,70.5,70.9,55.1,1,0,44,0,52.6,20.0,128.5,5.3,2,1,0,2,2,1,2.3,402,11.5
2021,5,False,passing,pff,Derek Carr,8671,QB,LV,23,1,74.3,35,35,9.3,2.81,0,3,7.7,62.9,22,0,13,15.4,39,4,-0.13,7,80.1,67.7,69.3,52.5,0,1,45,0,35.9,23.1,67.1,7.7,3,1,0,0,0,1,2.2,206,5.9
2021,5,False,passing,pff,Jared Goff,10635,QB,DET,11,1,71.0,31,35,7.3,2.34,0,0,0.0,60.0,21,0,14,4.5,39,1,-0.39,11,29.0,50.8,50.6,,0,1,44,0,35.9,28.6,64.3,10.3,4,0,0,4,0,3,6.8,203,5.8
2021,5,False,passing,pff,Kirk Cousins,7102,QB,MIN,18,1,90.3,31,34,8.5,2.81,0,1,2.9,73.5,25,0,11,10.7,37,3,0.15,13,78.7,88.4,88.5,56.3,0,1,38,0,51.4,18.2,94.6,5.4,2,1,1,2,1,0,0.0,275,8.1
2021,5,False,passing,pff,Trevor Lawrence,77632,QB,JAX,15,1,74.2,31,33,8.1,2.94,0,1,2.6,69.7,23,0,11,0.0,38,0,-0.07,12,80.2,45.3,48.4,47.2,2,1,43,0,55.3,18.2,92.1,5.3,2,3,0,0,1,2,4.7,273,8.3
2021,5,False,passing,pff,Zach Wilson,82096,QB,NYJ,22,1,69.0,29,32,9.0,3.33,1,0,0.0,59.4,19,0,12,5.0,35,1,-0.15,9,78.9,53.9,55.0,56.8,0,1,39,0,40.0,16.7,63.5,5.7,2,1,0,2,0,1,2.6,192,6.0
2021,5,False,passing,pff,Baker Mayfield,46518,QB,CLV,8,1,80.0,30,32,10.4,3.02,0,1,2.9,71.9,23,0,5,4.2,35,1,0.26,12,78.6,74.1,72.5,63.6,0,0,38,1,54.3,20.0,122.5,2.9,1,2,1,1,2,0,0.0,305,9.5
2021,5,False,passing,pff,Dak Prescott,10769,QB,DAL,9,1,79.3,29,32,9.7,2.78,1,3,8.6,68.8,22,0,9,4.3,35,1,0.24,12,28.1,74.5,82.0,29.8,0,1,38,0,54.3,22.2,116.9,5.7,2,1,0,2,3,1,2.6,302,9.4
2021,5,False,passing,pff,Kyler Murray,38334,QB,ARZ,1,1,78.6,28,31,8.1,2.6,0,2,6.3,71.0,22,0,8,0.0,34,0,0.0,11,22.0,57.8,70.0,28.7,0,0,35,0,52.9,25.0,104.1,5.9,2,0,0,3,1,0,0.0,239,7.7
2021,5,False,passing,pff,Jameis Winston,9434,QB,NO,20,1,66.7,27,30,12.6,2.96,0,3,9.7,50.0,15,0,22,16.7,34,3,0.14,13,28.3,64.0,61.8,70.5,1,1,35,2,44.1,9.1,108.2,5.9,2,2,0,2,4,1,2.9,279,9.3
2021,5,False,passing,pff,Mac Jones,60323,QB,NE,19,1,82.1,28,30,8.0,2.47,0,1,3.1,76.7,23,0,8,0.0,31,0,0.23,12,78.2,72.1,71.9,58.3,0,1,33,0,54.8,12.5,95.3,3.2,1,0,1,1,1,3,9.1,231,7.7
2021,5,False,passing,pff,Trey Lance,91399,QB,SF,28,1,78.3,23,29,10.0,3.26,3,2,6.5,51.7,15,0,11,16.7,35,3,-0.04,12,81.3,66.3,65.9,62.5,2,1,38,0,40.0,9.1,58.4,2.9,1,5,0,1,0,1,2.6,192,6.6
2021,5,False,passing,pff,Davis Mills,52269,QB,HST,13,1,84.6,26,29,9.0,2.6,0,2,6.5,72.4,21,0,7,4.5,32,1,0.5,10,78.5,85.9,81.9,71.0,0,0,35,0,56.3,42.9,141.7,9.4,3,0,0,3,3,0,0.0,312,10.8
2021,5,False,passing,pff,Josh Allen,46601,QB,BUF,4,1,70.8,24,26,12.9,3.1,0,5,18.5,57.7,15,0,8,11.8,30,2,0.49,14,79.3,92.3,90.8,77.5,0,0,32,1,50.0,0.0,139.1,0.0,0,4,0,2,3,1,3.1,315,12.1
2021,5,False,passing,pff,Mike Glennon,7854,QB,NYG,21,1,72.7,22,25,9.6,2.67,0,1,3.7,64.0,16,0,11,0.0,26,0,-0.11,11,26.1,53.3,61.0,43.3,0,2,29,1,50.0,0.0,68.1,0.0,0,1,0,3,1,2,6.9,196,7.8
2021,5,False,passing,pff,Ben Roethlisberger,1732,QB,PIT,25,1,70.8,24,25,8.6,2.18,1,2,7.4,60.0,15,0,9,11.8,26,2,0.41,12,25.8,72.8,71.4,60.0,0,0,28,0,50.0,11.1,120.9,3.8,1,0,0,0,2,2,7.1,253,10.1
2021,5,False,passing,pff,Ryan Tannehill,7014,QB,TEN,31,1,77.8,18,22,7.5,2.76,2,0,0.0,63.6,14,0,10,0.0,26,0,0.4,11,77.3,63.0,63.6,62.5,1,0,27,1,46.2,30.0,107.6,11.5,3,1,0,1,1,1,3.7,197,9.0
2021,5,False,passing,pff,Justin Fields,82118,QB,CHI,6,1,63.2,19,20,10.2,2.28,0,1,4.3,60.0,12,0,8,0.0,23,0,0.25,7,29.8,51.3,56.4,47.7,0,0,26,1,47.8,25.0,91.9,8.7,2,0,1,0,1,0,0.0,111,5.6
2021,5,False,passing,pff,Geno Smith,7820,QB,SEA,29,1,71.4,14,17,8.9,3.21,0,0,0.0,58.8,10,0,9,0.0,19,0,0.15,7,75.5,64.9,68.4,58.8,1,1,20,1,47.4,0.0,78.3,0.0,0,2,0,2,1,0,0.0,131,7.7
2021,5,False,passing,pff,Russell Wilson,7077,QB,SEA,29,1,85.7,14,16,12.6,3.14,1,5,25.0,68.8,11,0,9,8.3,19,1,-0.13,6,76.2,94.2,92.3,74.4,0,1,23,0,47.4,22.2,93.8,10.5,2,1,0,1,1,0,0.0,152,9.5
2021,5,False,passing,pff,Daniel Jones,39395,QB,NYG,21,1,46.2,13,13,14.1,2.96,0,0,0.0,38.5,5,0,7,16.7,14,1,0.2,5,74.2,65.0,62.2,65.0,0,0,14,0,35.7,0.0,65.5,0.0,0,1,0,0,0,0,0.0,98,7.5
2021,5,False,passing,pff,Blaine Gabbert,6162,QB,TB,30,1,100.0,3,3,8.7,1.53,0,1,20.0,100.0,3,0,0,0.0,3,0,0.97,2,18.2,79.3,79.0,60.5,0,0,5,0,66.7,,118.8,0.0,0,0,0,0,0,1,20.0,41,13.7
2021,5,False,passing,pff,Kadarius Toney,61245,WR,NYG,21,1,100.0,1,1,-4.0,3.7,0,0,0.0,0.0,0,1,0,100.0,1,1,-0.96,0,72.2,92.4,60.0,57.5,0,0,1,1,0.0,,39.6,0.0,0,0,0,0,0,0,0.0,0,0.0
2021,5,False,passing,pff,Cedrick Wilson Jr.,48170,WR,DAL,9,1,100.0,1,1,21.0,1.4,0,0,0.0,100.0,1,0,0,0.0,1,0,1.86,1,66.2,63.3,57.4,63.1,0,0,1,0,100.0,,118.8,0.0,0,0,0,0,0,0,0.0,22,22.0
2021,5,False,passing,pff,Cordarrelle Patterson,7810,HB,ATL,2,1,,0,1,,4.0,0,0,0.0,0.0,0,0,1,,1,0,-0.4,0,77.2,75.0,60.0,60.9,0,0,1,0,0.0,0.0,39.6,0.0,0,0,0,1,0,0,0.0,0,0.0
2021,5,False,passing,pff,Andy Dalton,6187,QB,CHI,6,1,100.0,1,1,6.0,1.7,0,0,0.0,100.0,1,0,0,0.0,1,0,1.56,1,60.4,79.7,76.5,,0,0,1,0,100.0,,100.0,0.0,0,0,0,0,0,0,0.0,8,8.0
2021,6,False,passing,pff,Dak Prescott,10769,QB,DAL,9,1,77.1,48,51,9.3,2.86,0,5,8.9,70.6,36,0,14,2.7,52,1,0.46,25,37.4,85.7,89.0,38.8,1,1,57,0,57.7,0.0,108.7,0.0,0,1,0,2,3,1,1.8,445,8.7
2021,6,False,passing,pff,Daniel Jones,39395,QB,NYG,21,1,67.4,46,51,6.7,2.63,1,0,0.0,56.9,29,0,17,6.5,56,2,-0.33,15,38.6,35.1,38.1,47.0,1,3,58,0,35.7,23.5,44.7,7.1,4,1,0,3,0,3,5.2,242,4.7
2021,6,False,passing,pff,Teddy Bridgewater,8667,QB,DEN,10,1,78.3,46,49,10.7,2.89,1,1,1.9,71.4,35,0,20,2.8,56,1,-0.05,19,36.9,57.3,60.9,38.7,1,3,59,0,50.0,25.0,84.9,8.9,5,2,0,1,3,5,8.5,334,6.8
2021,6,False,passing,pff,Kirk Cousins,7102,QB,MIN,18,1,76.7,43,48,7.8,2.22,1,2,4.0,68.8,33,0,9,0.0,51,0,0.2,16,47.8,77.6,74.7,64.4,0,0,53,0,52.9,0.0,112.6,0.0,0,1,1,3,3,0,0.0,373,7.8
2021,6,False,passing,pff,Josh Allen,46601,QB,BUF,4,1,83.7,43,47,9.0,3.06,2,1,2.0,74.5,35,0,20,2.8,54,1,0.28,22,81.9,77.5,78.1,51.2,0,1,56,0,51.9,15.0,107.8,5.6,3,4,0,2,3,1,1.8,353,7.5
2021,6,False,passing,pff,Patrick Mahomes,11765,QB,KC,16,1,75.0,44,47,8.0,2.73,0,4,7.8,68.1,32,0,21,3.0,53,1,0.34,23,35.6,66.5,64.3,67.3,1,2,57,0,56.6,14.3,90.5,5.7,3,3,0,2,2,2,3.5,397,8.4
2021,6,False,passing,pff,Tua Tagovailoa,60326,QB,MIA,17,1,79.5,44,47,8.5,2.46,0,2,4.2,70.2,33,0,19,5.7,50,2,0.2,19,80.5,83.9,81.0,68.5,1,1,51,1,52.0,0.0,95.1,0.0,0,3,1,1,2,2,3.9,329,7.0
2021,6,False,passing,pff,Davis Mills,52269,QB,HST,13,1,75.6,41,43,7.1,2.45,0,1,2.3,67.4,29,0,13,6.5,46,2,-0.17,12,80.2,66.8,65.4,62.7,1,2,47,0,47.8,15.4,62.5,4.3,2,1,0,1,0,2,4.3,243,5.7
2021,6,False,passing,pff,Tom Brady,698,QB,TB,30,1,82.9,41,42,5.6,2.26,0,0,0.0,81.0,34,0,9,0.0,42,0,0.22,17,80.2,68.1,65.7,66.2,1,1,43,0,54.8,0.0,102.1,0.0,0,0,0,0,2,1,2.3,297,7.1
2021,6,False,passing,pff,Jared Goff,10635,QB,DET,11,1,81.1,37,42,6.5,2.64,0,1,2.3,66.7,28,0,15,6.7,44,2,-0.18,12,79.9,53.9,54.4,57.9,1,1,46,0,40.9,6.7,67.8,2.3,1,1,1,3,0,1,2.2,202,4.8
2021,6,False,passing,pff,Trevor Lawrence,77632,QB,JAX,15,1,77.1,35,41,8.4,2.73,2,3,7.0,61.0,25,0,19,7.4,44,2,0.14,17,79.9,79.4,76.5,67.6,1,0,46,0,52.3,10.5,93.4,4.5,2,1,0,3,1,1,2.2,319,7.8
2021,6,False,passing,pff,Sam Darnold,29048,QB,CAR,5,1,67.6,37,41,10.8,2.91,0,3,6.7,41.5,17,0,17,32.0,48,8,-0.44,11,34.5,56.9,53.3,83.8,0,1,54,2,29.2,23.5,55.6,8.3,4,3,0,4,1,3,5.6,207,5.0
2021,6,False,passing,pff,Ben Roethlisberger,1732,QB,PIT,25,1,81.6,38,40,7.3,2.21,1,2,4.5,72.5,29,0,7,6.5,41,2,-0.11,14,27.7,60.4,59.6,60.0,0,0,45,0,41.5,14.3,94.7,2.4,1,0,0,1,1,2,4.4,229,5.7
2021,6,False,passing,pff,Taylor Heinicke,9896,QB,WAS,32,1,72.2,36,39,7.1,2.83,1,0,0.0,61.5,24,0,10,7.7,39,2,-0.18,8,79.0,67.5,66.5,,0,1,40,0,38.5,0.0,70.7,0.0,0,0,0,2,1,0,0.0,182,4.7
2021,6,False,passing,pff,Justin Herbert,28237,QB,LAC,27,1,66.7,36,39,7.3,2.47,2,1,2.4,56.4,22,0,11,8.3,42,2,-0.35,12,79.9,61.2,57.1,75.0,0,1,45,0,33.3,18.2,67.8,4.8,2,1,0,1,1,2,4.4,195,5.0
2021,6,False,passing,pff,Geno Smith,7820,QB,SEA,29,1,85.2,27,32,4.1,2.4,3,1,3.1,71.9,23,0,11,0.0,37,0,-0.27,9,27.9,67.2,66.2,60.0,1,0,37,0,43.2,45.5,99.6,13.5,5,0,1,0,1,1,2.7,209,6.5
2021,6,False,passing,pff,Kyler Murray,38334,QB,ARZ,1,1,80.8,26,30,9.7,2.53,1,4,11.4,66.7,20,0,11,4.8,32,1,0.48,11,22.1,69.5,81.2,29.3,0,0,37,0,50.0,18.2,129.0,6.3,2,0,0,3,4,1,2.7,229,7.6
2021,6,False,passing,pff,Ryan Tannehill,7014,QB,TEN,31,1,83.3,24,29,8.3,2.75,1,0,0.0,62.1,18,0,10,10.0,29,2,0.16,9,78.1,66.4,64.3,63.6,0,1,31,0,48.3,0.0,70.5,0.0,0,0,0,4,0,1,3.2,216,7.4
2021,6,False,passing,pff,Joe Burrow,28022,QB,CIN,7,1,76.9,26,29,8.2,3.0,1,4,12.9,65.5,19,0,10,5.0,36,1,0.36,11,78.7,76.2,75.9,61.3,0,1,38,0,52.8,20.0,115.7,5.6,2,5,0,2,3,1,2.6,271,9.3
2021,6,False,passing,pff,Baker Mayfield,46518,QB,CLV,8,1,77.8,27,28,8.2,3.12,1,2,6.9,67.9,19,0,13,9.5,36,2,-0.19,11,20.5,60.3,63.3,48.2,0,1,37,0,38.9,38.5,102.4,13.9,5,3,0,0,2,3,8.1,234,8.4
2021,6,False,passing,pff,Matthew Stafford,4924,QB,LA,26,1,89.3,28,28,7.3,2.6,0,2,7.1,78.6,22,0,6,12.0,32,3,0.63,16,26.5,61.8,64.5,63.0,0,1,32,2,62.5,33.3,128.7,6.3,2,2,0,0,4,2,6.3,251,9.0
2021,6,False,passing,pff,Derek Carr,8671,QB,LV,23,1,83.3,24,27,11.8,2.76,0,4,14.3,66.7,18,0,12,10.0,29,2,0.56,11,77.6,90.5,90.6,56.3,1,0,30,0,51.7,16.7,134.4,6.9,2,0,0,2,2,0,0.0,341,12.6
2021,6,False,passing,pff,Lamar Jackson,46416,QB,BLT,3,1,80.0,25,27,7.9,3.2,0,0,0.0,70.4,19,0,13,5.0,33,1,-0.19,13,79.1,69.2,61.5,76.8,2,2,33,0,45.5,23.1,68.0,9.1,3,3,0,0,1,2,6.1,167,6.2
2021,6,False,passing,pff,Justin Fields,82118,QB,CHI,6,1,73.1,26,27,12.5,3.26,0,1,3.4,59.3,16,0,16,15.8,37,3,-0.15,13,79.3,60.7,59.5,66.7,0,1,40,1,45.9,25.0,75.2,10.8,4,5,0,1,1,2,5.0,174,6.4
2021,6,False,passing,pff,Jalen Hurts,40291,QB,PHI,24,1,50.0,24,26,11.0,3.71,0,3,9.7,46.2,12,0,18,0.0,33,0,-0.09,7,79.8,58.2,49.8,75.6,0,1,38,0,30.3,11.1,55.8,6.1,2,5,0,2,1,3,7.9,115,4.4
2021,6,False,passing,pff,Aaron Rodgers,2241,QB,GB,12,1,81.0,21,23,7.7,2.69,0,2,8.0,73.9,17,0,9,0.0,28,0,0.4,12,78.6,81.5,74.7,78.3,0,0,30,0,60.7,33.3,128.0,10.7,3,2,0,2,2,0,0.0,195,8.5
2021,6,False,passing,pff,Mac Jones,60323,QB,NE,19,1,84.2,19,21,8.6,2.24,0,3,12.5,71.4,15,0,8,6.3,23,1,-0.25,9,76.9,92.5,92.7,60.0,1,1,26,1,47.8,25.0,118.9,8.7,2,0,0,1,2,0,0.0,229,10.9
2021,6,False,passing,pff,Carson Wentz,10636,QB,IND,14,1,77.8,18,20,13.2,2.94,0,4,20.0,55.0,11,0,7,21.4,23,3,0.35,8,76.2,94.1,94.2,57.9,0,0,23,0,43.5,28.6,127.7,8.7,2,1,0,2,2,0,0.0,223,11.2
2021,6,False,passing,pff,Case Keenum,7323,QB,CLV,8,1,33.3,3,3,3.3,1.9,0,0,0.0,33.3,1,0,2,0.0,3,0,-1.52,0,65.5,43.5,44.7,,0,0,3,0,33.3,0.0,42.4,0.0,0,0,0,0,0,0,0.0,6,2.0
2021,6,False,passing,pff,John Wolford,46454,QB,LA,26,1,0.0,2,2,5.5,2.6,0,0,0.0,0.0,0,0,1,,2,0,-2.13,0,67.8,40.3,42.0,58.1,0,1,2,0,0.0,0.0,0.0,0.0,0,0,0,0,0,1,50.0,0,0.0
2021,6,False,passing,pff,Brandon Allen,10835,QB,CIN,7,1,100.0,1,1,-6.0,2.9,0,0,0.0,100.0,1,0,0,0.0,1,0,2.18,1,69.8,56.9,55.1,60.5,0,0,3,0,100.0,,135.4,0.0,0,0,0,0,1,0,0.0,7,7.0
2021,6,False,passing,pff,Jacoby Brissett,10725,QB,MIA,17,1,100.0,1,1,22.0,3.6,0,0,0.0,100.0,1,0,1,0.0,1,0,1.65,1,60.4,76.6,74.8,,0,0,1,0,100.0,0.0,118.8,0.0,0,0,0,0,0,0,0.0,25,25.0
2021,7,False,passing,pff,Matthew Stafford,4924,QB,LA,26,1,70.7,41,41,9.3,2.34,0,4,8.9,68.3,28,0,9,3.4,42,1,0.41,17,80.3,79.9,78.2,60.0,0,0,46,0,57.1,11.1,117.3,2.4,1,0,0,0,3,0,0.0,334,8.1
2021,7,False,passing,pff,Matt Ryan,4317,QB,ATL,2,1,73.0,37,40,9.5,2.73,1,4,10.0,62.5,25,0,18,7.4,42,2,0.19,15,29.2,83.4,89.5,31.3,0,1,42,0,47.6,5.6,95.4,2.4,1,1,0,2,2,1,2.4,336,8.4
2021,7,False,passing,pff,Tua Tagovailoa,60326,QB,MIA,17,1,85.0,40,40,6.3,2.56,0,1,2.4,80.0,32,0,12,5.9,45,2,0.19,19,80.0,84.5,83.5,63.1,0,2,47,0,60.0,8.3,109.5,2.2,1,4,0,0,4,1,2.1,291,7.3
2021,7,False,passing,pff,Joe Burrow,28022,QB,CIN,7,1,65.7,35,38,11.5,2.51,1,1,2.6,60.5,23,0,14,0.0,39,0,0.53,15,79.1,73.2,72.8,60.0,0,1,39,0,53.8,7.1,113.5,2.6,1,0,1,1,3,1,2.6,416,10.9
2021,7,False,passing,pff,Taylor Heinicke,9896,QB,WAS,32,1,77.1,35,37,7.6,3.17,0,0,0.0,67.6,25,0,20,7.4,47,2,-0.08,18,32.5,56.4,55.0,60.9,1,1,48,0,51.1,20.0,86.3,8.5,4,6,1,0,1,2,4.2,268,7.2
2021,7,False,passing,pff,Tom Brady,698,QB,TB,30,1,60.0,35,36,9.3,2.21,1,3,7.9,55.6,20,0,5,4.8,36,1,0.23,12,78.7,76.2,74.6,,0,0,38,0,47.2,0.0,109.8,0.0,0,0,0,0,4,0,0.0,211,5.9
2021,7,False,passing,pff,Mac Jones,60323,QB,NE,19,1,72.7,33,36,7.6,2.57,0,1,2.6,66.7,24,0,8,0.0,39,0,0.42,14,79.4,81.8,78.4,70.9,1,0,41,0,51.3,12.5,111.7,2.6,1,2,0,2,2,0,0.0,307,8.5
2021,7,False,passing,pff,Jared Goff,10635,QB,DET,11,1,76.7,30,36,4.4,2.76,0,1,2.7,61.1,22,0,9,4.3,39,1,-0.07,10,79.0,63.5,65.5,58.3,1,2,40,1,43.6,22.2,70.1,5.1,2,1,2,3,1,1,2.5,268,7.4
2021,7,False,passing,pff,Patrick Mahomes,11765,QB,KC,16,1,75.9,29,35,7.8,2.99,0,2,5.4,57.1,20,0,15,9.1,44,2,-0.18,11,22.4,56.5,60.5,47.4,1,1,46,0,43.2,26.7,62.3,9.1,4,5,0,5,0,2,4.3,206,5.9
2021,7,False,passing,pff,Aaron Rodgers,2241,QB,GB,12,1,84.4,32,35,6.0,2.71,1,2,5.4,77.1,27,0,9,0.0,40,0,0.37,17,79.3,86.9,84.2,66.1,1,0,42,0,52.5,33.3,127.6,7.5,3,2,0,1,3,1,2.4,274,7.8
2021,7,False,passing,pff,Jameis Winston,9434,QB,NO,20,1,70.0,30,35,10.2,3.24,2,2,5.3,54.3,19,0,12,9.5,41,2,-0.06,13,32.2,67.5,59.6,80.5,0,0,45,0,48.8,16.7,83.3,4.9,2,4,0,3,1,1,2.2,222,6.3
2021,7,False,passing,pff,Jalen Hurts,40291,QB,PHI,24,1,71.4,28,34,11.6,3.45,1,2,5.7,52.9,18,0,18,10.0,40,2,0.2,15,28.7,69.7,70.4,60.3,2,0,41,1,52.5,11.1,94.7,5.0,2,4,0,3,2,0,0.0,236,6.9
2021,7,False,passing,pff,Derek Carr,8671,QB,LV,23,1,93.9,33,34,5.4,2.27,0,1,2.8,91.2,31,0,9,0.0,35,0,0.52,16,78.8,86.2,86.0,57.8,1,1,37,0,71.4,0.0,113.6,0.0,0,1,0,0,2,0,0.0,323,9.5
2021,7,False,passing,pff,Teddy Bridgewater,8667,QB,DEN,10,1,77.4,31,33,6.1,2.87,0,1,2.9,69.7,23,0,10,4.2,35,1,0.12,11,78.9,72.2,68.3,70.6,0,1,36,0,45.7,20.0,91.4,5.7,2,0,0,2,2,1,2.8,187,5.7
2021,7,False,passing,pff,Case Keenum,7323,QB,CLV,8,1,76.7,30,33,7.4,2.76,0,0,0.0,63.6,21,0,10,8.7,36,2,0.14,12,78.9,60.9,57.9,66.7,1,0,36,0,52.8,10.0,90.3,2.8,1,2,0,2,1,1,2.8,199,6.0
2021,7,False,passing,pff,Daniel Jones,39395,QB,NYG,21,1,83.3,30,33,5.2,2.42,0,0,0.0,69.7,23,0,9,8.0,35,2,-0.04,10,80.7,80.4,72.3,67.4,1,0,40,1,37.1,22.2,95.9,5.7,2,0,0,2,1,0,0.0,203,6.2
2021,7,False,passing,pff,Mike White,46453,QB,NYJ,22,1,70.0,30,32,7.2,2.41,2,1,2.9,62.5,20,0,4,4.8,33,1,-0.17,9,78.3,44.8,45.3,,0,2,35,0,51.5,25.0,64.8,3.0,1,0,0,0,1,3,8.6,202,6.3
2021,7,False,passing,pff,Davis Mills,52269,QB,HST,13,1,86.2,29,32,5.2,2.1,2,0,0.0,71.9,23,0,7,8.0,34,2,-0.52,6,28.0,53.4,54.5,56.8,1,0,39,1,29.4,28.6,79.6,5.9,2,0,0,0,0,1,2.6,135,4.2
2021,7,False,passing,pff,Justin Fields,82118,QB,CHI,6,1,80.0,30,32,6.4,2.88,1,1,3.0,68.8,22,0,13,8.3,43,2,-0.56,12,29.2,36.5,35.6,54.9,0,3,44,0,39.5,30.8,44.3,9.3,4,7,0,1,0,4,9.1,184,5.8
2021,7,False,passing,pff,Lamar Jackson,46416,QB,BLT,3,1,51.7,29,31,15.7,3.48,1,2,6.3,48.4,15,0,19,0.0,42,0,-0.12,11,80.7,69.2,60.3,78.7,0,0,44,0,33.3,26.3,87.7,11.9,5,6,0,1,1,0,0.0,257,8.3
2021,7,False,passing,pff,Kyler Murray,38334,QB,ARZ,1,1,84.6,26,28,9.3,3.03,2,3,10.7,71.4,20,0,11,9.1,34,2,0.36,15,79.2,89.0,89.5,61.3,0,1,35,0,58.8,36.4,121.3,11.8,4,2,0,0,3,0,0.0,261,9.3
2021,7,False,passing,pff,Jimmy Garoppolo,8697,QB,SF,28,1,72.0,25,27,9.1,2.79,0,1,3.3,59.3,16,0,6,11.1,29,2,-0.41,8,20.1,47.1,52.2,42.7,1,2,32,0,34.5,33.3,60.9,6.9,2,0,0,1,1,3,9.4,181,6.7
2021,7,False,passing,pff,Ryan Tannehill,7014,QB,TEN,31,1,84.6,26,27,8.1,2.1,0,2,6.7,77.8,21,0,8,4.5,30,1,0.53,14,77.9,89.4,86.9,68.8,0,1,33,0,66.7,12.5,105.2,3.3,1,2,1,0,1,1,3.0,270,10.0
2021,7,False,passing,pff,Carson Wentz,10636,QB,IND,14,1,69.2,26,26,7.8,2.71,0,1,3.1,65.4,17,0,6,5.6,29,1,-0.1,7,19.9,46.1,46.3,61.3,0,0,35,2,27.6,16.7,106.3,3.4,1,2,0,0,2,3,8.6,150,5.8
2021,7,False,passing,pff,Sam Darnold,29048,QB,CAR,5,1,70.8,24,25,4.8,2.86,0,0,0.0,64.0,16,0,12,5.9,28,1,-0.44,6,77.2,41.0,43.9,,0,1,29,1,32.1,25.0,57.4,10.7,3,0,0,1,0,1,3.4,112,4.5
2021,7,False,passing,pff,Geno Smith,7820,QB,SEA,29,1,68.4,19,22,9.9,3.39,0,2,8.7,54.5,12,0,14,7.7,28,1,-0.1,7,77.7,64.9,59.0,74.7,0,0,29,0,28.6,35.7,94.3,17.9,5,1,0,3,1,2,6.9,167,7.6
2021,7,False,passing,pff,Chad Henne,4371,QB,KC,16,1,80.0,15,16,6.8,2.62,0,0,0.0,68.8,11,0,2,8.3,17,1,0.07,6,74.5,41.2,43.1,58.3,0,0,18,0,58.8,0.0,80.7,0.0,0,1,0,1,0,1,5.6,82,5.1
2021,7,False,passing,pff,P.J. Walker,12134,QB,CAR,5,1,23.1,13,14,13.6,2.84,1,0,0.0,21.4,3,0,7,0.0,18,0,-0.57,3,74.8,37.9,36.9,63.1,0,0,19,0,22.2,42.9,39.6,16.7,3,1,0,0,0,0,0.0,33,2.4
2021,7,False,passing,pff,Tyler Huntley,46448,QB,BLT,3,1,54.5,11,11,12.0,3.59,0,0,0.0,45.5,5,0,6,16.7,11,1,-0.51,3,71.9,56.5,56.6,,0,0,11,0,36.4,0.0,54.7,0.0,0,0,0,0,0,0,0.0,39,3.5
2021,7,False,passing,pff,Zach Wilson,82096,QB,NYJ,22,1,66.7,9,10,4.7,3.04,0,1,9.1,60.0,6,0,5,0.0,11,0,0.11,4,72.4,60.6,60.2,,0,0,12,0,45.5,20.0,73.3,9.1,1,0,0,1,0,1,8.3,51,5.1
2021,7,False,passing,pff,Brian Hoyer,5277,QB,NE,19,1,75.0,4,4,12.5,2.4,0,0,0.0,75.0,3,0,2,0.0,4,0,1.81,3,70.5,69.5,68.7,60.5,0,0,4,0,75.0,0.0,116.7,0.0,0,0,0,0,0,0,0.0,79,19.8
2021,7,False,passing,pff,Blaine Gabbert,6162,QB,TB,30,1,66.7,3,3,2.0,2.5,0,0,0.0,66.7,2,0,1,0.0,3,0,-0.22,1,65.5,57.8,57.4,,0,0,3,0,33.3,0.0,78.5,0.0,0,0,0,0,0,0,0.0,15,5.0
2021,7,False,passing,pff,Dante Pettis,48113,WR,NYG,21,1,100.0,1,1,15.0,3.5,0,0,0.0,100.0,1,0,0,0.0,1,0,0.72,1,70.3,75.1,68.8,,0,0,1,0,100.0,,118.8,0.0,0,0,0,0,0,0,0.0,16,16.0
2021,7,False,passing,pff,Kendrick Bourne,12270,WR,NE,19,1,100.0,1,1,22.0,3.4,0,0,0.0,100.0,1,0,1,0.0,1,0,2.7,1,68.0,74.5,71.0,,0,0,1,0,100.0,0.0,158.3,0.0,0,0,0,0,1,0,0.0,25,25.0
2021,7,False,passing,pff,Jack Fox,34735,P,DET,11,1,100.0,1,1,9.0,2.1,0,0,0.0,100.0,1,0,0,0.0,1,0,4.22,1,60.4,69.2,67.2,,0,0,1,0,100.0,,118.8,0.0,0,0,0,0,0,0,0.0,17,17.0
2021,7,False,passing,pff,Derrick Henry,10679,HB,TEN,31,1,100.0,1,1,13.0,2.4,0,0,0.0,100.0,1,0,0,0.0,1,0,1.51,1,79.8,71.1,70.7,66.8,0,0,1,0,100.0,,127.1,0.0,0,0,0,0,1,0,0.0,5,5.0
2021,8,False,passing,pff,Trevor Lawrence,77632,QB,JAX,15,1,79.1,43,54,5.8,2.88,4,2,3.7,59.3,32,0,22,5.9,57,2,-0.14,17,81.5,63.5,68.1,51.1,4,1,58,2,47.4,4.5,68.3,1.8,1,2,0,3,1,0,0.0,238,4.4
2021,8,False,passing,pff,Carson Wentz,10636,QB,IND,14,1,61.2,49,51,11.1,2.79,0,0,0.0,52.9,27,0,16,10.0,54,3,-0.14,11,38.4,42.7,43.7,56.1,0,2,60,0,46.3,6.3,68.3,1.9,1,2,0,2,3,4,6.7,231,4.5
2021,8,False,passing,pff,Patrick Mahomes,11765,QB,KC,16,1,80.0,40,48,7.3,2.93,1,0,0.0,60.4,29,0,17,9.4,52,3,-0.07,18,35.2,54.9,54.9,64.3,0,1,55,1,48.1,11.8,74.6,3.8,2,2,0,7,1,3,5.5,275,5.7
2021,8,False,passing,pff,Mike White,46453,QB,NYJ,22,1,90.7,43,45,4.2,2.31,2,1,2.0,82.2,37,0,17,5.1,47,2,0.05,22,81.4,70.0,64.2,71.1,0,2,51,0,63.8,11.8,107.9,4.3,2,0,0,0,3,1,2.0,405,9.0
2021,8,False,passing,pff,Josh Allen,46601,QB,BUF,4,1,78.9,38,42,7.0,2.38,2,0,0.0,69.0,29,0,13,3.3,46,1,0.25,17,36.3,75.9,71.3,74.5,0,0,51,1,47.8,0.0,100.2,0.0,0,4,0,2,2,0,0.0,249,5.9
2021,8,False,passing,pff,Cooper Rush,12324,QB,DAL,9,1,65.8,38,40,9.9,2.47,1,2,4.4,60.0,24,0,10,4.0,44,1,0.09,16,30.9,52.7,53.2,58.3,0,1,49,0,40.9,30.0,92.2,6.8,3,1,0,1,2,4,8.2,325,8.1
2021,8,False,passing,pff,Tom Brady,698,QB,TB,30,1,81.6,38,40,8.5,2.31,0,2,4.9,70.0,28,0,7,9.7,43,3,0.02,13,29.3,63.3,61.6,62.6,0,2,44,0,55.8,42.9,112.0,7.0,3,0,0,2,4,3,6.8,375,9.4
2021,8,False,passing,pff,Taylor Heinicke,9896,QB,WAS,32,1,70.3,37,39,8.6,2.57,1,1,2.4,61.5,24,0,14,7.7,45,2,-0.06,15,29.4,64.2,61.1,65.9,0,2,47,0,40.0,35.7,69.4,11.1,5,1,0,1,1,1,2.1,270,6.9
2021,8,False,passing,pff,Tua Tagovailoa,60326,QB,MIA,17,1,61.1,36,39,7.1,2.53,0,1,2.3,53.8,21,0,18,4.5,43,1,-0.08,10,31.1,49.6,50.4,54.7,0,1,48,0,37.2,11.1,58.2,4.7,2,2,0,3,0,2,4.2,205,5.3
2021,8,False,passing,pff,Davis Mills,52269,QB,HST,13,1,82.9,35,38,7.6,2.6,1,3,7.7,76.3,29,0,16,0.0,43,0,-0.01,13,29.5,70.6,68.4,65.0,0,1,45,0,44.2,31.3,106.3,11.6,5,0,0,2,2,2,4.4,310,8.2
2021,8,False,passing,pff,Aaron Rodgers,2241,QB,GB,12,1,73.5,34,37,5.9,2.15,2,1,2.6,59.5,22,0,14,12.0,39,3,0.08,9,79.3,68.1,69.0,53.9,0,0,40,1,51.3,7.1,90.4,2.6,1,1,0,1,2,1,2.5,184,5.0
2021,8,False,passing,pff,Mac Jones,60323,QB,NE,19,1,57.6,33,35,9.1,2.56,0,2,5.6,51.4,18,0,9,5.3,39,1,-0.09,11,79.5,77.1,74.6,66.8,0,0,40,0,41.0,11.1,70.8,2.6,1,2,0,2,0,0,0.0,217,6.2
2021,8,False,passing,pff,Justin Herbert,28237,QB,LAC,27,1,66.7,30,35,9.1,2.9,2,1,2.8,51.4,18,0,16,10.0,39,2,-0.21,12,79.3,71.9,71.7,57.4,0,2,40,0,41.0,18.8,66.7,7.7,3,1,0,3,2,0,0.0,223,6.4
2021,8,False,passing,pff,Kirk Cousins,7102,QB,MIN,18,1,78.1,32,35,5.4,2.78,0,2,5.1,65.7,23,0,16,8.0,39,2,-0.24,7,29.1,78.6,76.8,64.3,2,0,43,1,33.3,6.3,88.3,2.6,1,2,0,1,1,1,2.3,184,5.3
2021,8,False,passing,pff,Joe Burrow,28022,QB,CIN,7,1,76.7,30,34,7.4,2.51,1,2,5.7,61.8,21,0,10,8.7,37,2,-0.04,12,28.4,75.4,74.5,60.0,1,1,38,0,43.2,30.0,102.5,8.1,3,0,0,2,3,1,2.6,259,7.6
2021,8,False,passing,pff,Ben Roethlisberger,1732,QB,PIT,25,1,66.7,33,34,7.2,2.3,1,0,0.0,64.7,22,0,6,0.0,36,0,0.28,13,79.3,53.2,51.0,60.0,0,0,39,0,41.7,33.3,98.4,5.6,2,0,0,0,1,1,2.6,266,7.8
2021,8,False,passing,pff,Jared Goff,10635,QB,DET,11,1,83.9,31,34,6.0,2.67,0,0,0.0,73.5,25,0,17,3.8,39,1,-0.49,11,28.8,63.4,62.6,,0,0,43,0,41.0,29.4,90.6,12.8,5,0,0,3,0,1,2.3,222,6.5
2021,8,False,passing,pff,Ryan Tannehill,7014,QB,TEN,31,1,69.7,33,33,7.2,2.68,0,0,0.0,69.7,23,0,12,0.0,36,0,0.19,10,79.3,76.1,72.9,68.9,0,2,39,0,58.3,25.0,98.7,8.3,3,0,0,0,3,1,2.6,265,8.0
2021,8,False,passing,pff,Kyler Murray,38334,QB,ARZ,1,1,74.2,31,33,8.7,2.55,0,2,5.7,66.7,22,0,11,4.3,37,1,0.04,12,79.9,68.1,66.0,65.6,0,2,40,0,51.4,18.2,67.0,5.4,2,1,0,2,0,0,0.0,274,8.3
2021,8,False,passing,pff,Matthew Stafford,4924,QB,LA,26,1,75.9,29,32,7.4,2.44,1,2,6.1,65.6,21,0,4,4.5,32,1,0.53,16,77.9,84.2,82.2,,0,0,33,0,59.4,0.0,127.7,0.0,0,0,0,2,3,1,3.0,305,9.5
2021,8,False,passing,pff,Daniel Jones,39395,QB,NYG,21,1,81.3,32,32,4.3,2.66,0,0,0.0,68.8,22,0,12,15.4,37,4,-0.02,9,79.5,47.3,50.0,55.1,0,1,40,1,43.2,25.0,96.1,8.1,3,2,0,0,2,2,5.0,222,6.9
2021,8,False,passing,pff,Baker Mayfield,46518,QB,CLV,8,1,83.9,31,31,6.8,2.66,0,0,0.0,64.5,20,0,10,23.1,36,6,-0.05,11,78.6,71.5,69.3,63.3,0,0,37,1,52.8,40.0,86.1,11.1,4,1,0,0,0,0,0.0,225,7.3
2021,8,False,passing,pff,Trevor Siemian,9683,QB,NO,20,1,64.0,25,29,7.5,2.7,1,1,3.1,55.2,16,0,10,0.0,31,0,-0.05,10,78.2,38.9,39.4,57.9,0,0,34,0,35.5,10.0,82.4,3.2,1,1,0,3,1,1,2.9,159,5.5
2021,8,False,passing,pff,Jimmy Garoppolo,8697,QB,SF,28,1,73.1,26,28,9.8,2.51,1,1,3.4,60.7,17,0,6,10.5,28,2,0.52,12,78.6,77.6,74.9,67.6,0,0,30,0,46.4,0.0,100.6,0.0,0,0,1,0,0,1,3.3,322,11.5
2021,8,False,passing,pff,Justin Fields,82118,QB,CHI,6,1,70.4,27,27,9.8,3.23,0,0,0.0,70.4,19,0,16,0.0,39,0,0.22,14,28.9,76.7,65.7,85.6,0,1,42,0,51.3,25.0,84.6,10.3,4,8,0,0,1,1,2.4,175,6.5
2021,8,False,passing,pff,Matt Ryan,4317,QB,ATL,2,1,80.8,26,27,7.5,2.35,1,0,0.0,74.1,20,0,12,4.8,31,1,-0.26,11,27.2,58.1,63.5,40.9,0,2,34,0,45.2,25.0,67.8,9.7,3,1,0,0,1,2,5.9,146,5.4
2021,8,False,passing,pff,Teddy Bridgewater,8667,QB,DEN,10,1,80.0,25,26,6.4,2.49,0,1,3.7,73.1,19,0,12,5.0,30,1,0.06,10,77.8,75.7,72.9,62.6,0,0,31,0,46.7,33.3,109.9,13.3,4,0,0,1,1,1,3.2,213,8.2
2021,8,False,passing,pff,Sam Darnold,29048,QB,CAR,5,1,70.0,20,24,6.8,2.69,1,2,8.3,54.2,13,0,7,7.1,28,1,0.11,10,78.0,85.0,81.7,71.8,1,0,28,0,46.4,0.0,69.6,0.0,0,4,0,2,0,0,0.0,129,5.4
2021,8,False,passing,pff,Geno Smith,7820,QB,SEA,29,1,90.9,22,24,8.6,2.87,0,4,14.3,83.3,20,0,10,0.0,28,0,0.17,9,78.0,79.6,76.6,74.4,0,0,32,1,57.1,30.0,128.3,10.7,3,1,0,2,2,0,0.0,195,8.1
2021,8,False,passing,pff,Jalen Hurts,40291,QB,PHI,24,1,84.6,13,14,10.8,4.06,1,0,0.0,64.3,9,0,7,18.2,17,2,0.47,9,76.4,82.4,75.4,76.0,0,0,18,0,58.8,0.0,86.3,0.0,0,3,0,0,0,0,0.0,103,7.4
2021,8,False,passing,pff,Jameis Winston,9434,QB,NO,20,1,66.7,9,10,2.6,3.11,1,1,10.0,60.0,6,0,4,0.0,14,0,0.59,5,73.2,71.7,63.5,71.8,0,0,14,0,57.1,0.0,108.8,0.0,0,4,0,0,1,0,0.0,56,5.6
2021,8,False,passing,pff,Josh Johnson,4474,QB,NYJ,22,1,75.0,4,4,2.3,2.13,0,0,0.0,50.0,2,0,1,33.3,4,1,-0.3,1,66.9,67.3,66.5,,0,0,4,0,50.0,0.0,61.5,0.0,0,0,0,0,0,0,0.0,17,4.3
2021,8,False,passing,pff,John Wolford,46454,QB,LA,26,1,50.0,2,2,0.0,2.0,0,0,0.0,50.0,1,0,1,0.0,3,0,-0.85,0,65.5,52.0,52.1,,0,0,3,0,33.3,100.0,56.3,33.3,1,0,0,0,0,0,0.0,5,2.5
2021,8,False,passing,pff,Gardner Minshew,41401,QB,PHI,24,1,100.0,2,2,-5.0,1.6,0,0,0.0,100.0,2,0,0,0.0,2,0,-0.24,0,63.6,63.5,62.0,,0,0,2,0,0.0,,89.6,0.0,0,0,0,0,0,0,0.0,11,5.5
2021,8,False,passing,pff,Leonard Fournette,11759,HB,TB,30,1,,0,1,,4.8,1,0,0.0,0.0,0,0,1,,1,0,-0.74,0,74.0,50.3,60.0,53.8,0,0,1,0,0.0,0.0,39.6,0.0,0,0,0,0,0,0,0.0,0,0.0
2021,8,False,passing,pff,P.J. Walker,12134,QB,CAR,5,1,0.0,1,1,4.0,4.6,0,0,0.0,0.0,0,0,1,,1,0,-0.87,0,64.5,28.6,36.6,60.0,0,0,1,1,0.0,0.0,39.6,0.0,0,0,0,0,0,1,100.0,0,0.0
2021,8,False,passing,pff,Chris Boswell,8990,K,PIT,25,1,0.0,1,1,17.0,5.4,0,0,0.0,0.0,0,0,1,,1,0,-2.75,0,60.4,38.8,49.5,,0,0,1,0,0.0,0.0,39.6,0.0,0,0,0,0,0,0,0.0,0,0.0
2021,8,False,passing,pff,Rex Burkhead,7971,HB,HST,13,1,,0,1,,4.5,0,0,0.0,0.0,0,0,1,,1,0,-0.57,0,71.2,67.9,60.0,65.4,0,0,1,0,0.0,0.0,39.6,0.0,0,0,0,1,0,0,0.0,0,0.0
2021,8,False,passing,pff,Cedrick Wilson Jr.,48170,WR,DAL,9,1,100.0,1,1,31.0,5.8,0,1,100.0,100.0,1,0,1,0.0,1,0,1.84,1,69.0,78.9,82.2,,0,0,1,0,100.0,0.0,118.8,0.0,0,0,0,0,0,0,0.0,35,35.0
2021,8,False,passing,pff,A.J. Brown,48327,WR,TEN,31,1,,0,1,,4.2,0,0,0.0,0.0,0,0,1,,1,0,-0.48,0,72.0,85.9,60.0,,0,0,1,1,0.0,0.0,39.6,0.0,0,0,0,1,0,0,0.0,0,0.0
2021,8,False,passing,pff,Cole Beasley,7330,WR,BUF,4,1,0.0,1,1,22.0,3.1,0,0,0.0,0.0,0,0,0,,1,0,-0.35,0,71.6,76.5,51.2,,0,0,1,0,0.0,,39.6,0.0,0,0,0,0,0,0,0.0,0,0.0
2021,8,False,passing,pff,Kadarius Toney,61245,WR,NYG,21,1,100.0,1,1,13.0,4.4,0,0,0.0,100.0,1,0,0,0.0,1,0,0.66,1,71.1,60.2,68.8,,0,0,1,0,100.0,,118.8,0.0,0,0,0,0,0,0,0.0,19,19.0
2021,8,False,passing,pff,Justin Jefferson,61398,WR,MIN,18,1,,0,1,,5.5,0,0,0.0,0.0,0,0,1,,1,0,-0.68,0,65.7,45.6,60.0,,0,0,1,0,0.0,0.0,39.6,0.0,0,0,0,1,0,0,0.0,0,0.0
2021,8,False,passing,pff,Tyler Boyd,10689,WR,CIN,7,1,100.0,1,1,-5.0,3.5,0,0,0.0,100.0,1,0,0,0.0,1,0,2.28,1,68.8,76.0,60.1,,0,0,1,0,100.0,,118.8,0.0,0,0,0,0,0,0,0.0,46,46.0
2021,9,False,passing,pff,Matthew Stafford,4924,QB,LA,26,1,71.1,45,48,5.8,2.79,2,1,2.0,64.6,31,0,18,3.1,55,1,-0.29,17,81.3,52.1,51.2,62.9,1,2,58,0,43.6,27.8,71.0,9.1,5,2,0,0,1,3,5.2,294,6.1
2021,9,False,passing,pff,Josh Allen,46601,QB,BUF,4,1,74.4,43,47,6.2,2.97,1,0,0.0,66.0,31,0,21,3.1,54,1,-0.07,17,36.8,49.7,49.8,57.6,1,2,56,0,44.4,19.0,62.7,7.4,4,3,0,2,0,3,5.4,264,5.6
2021,9,False,passing,pff,Derek Carr,8671,QB,LV,23,1,68.2,44,46,6.4,2.6,2,2,4.3,65.2,30,0,15,0.0,48,0,-0.13,15,80.3,43.9,43.8,60.4,0,2,49,0,54.2,6.7,72.4,2.1,1,1,0,0,1,3,6.1,296,6.4
2021,9,False,passing,pff,Tyrod Taylor,6332,QB,HST,13,1,70.3,37,43,7.9,2.64,2,0,0.0,55.8,24,0,26,7.7,51,2,-0.43,11,80.6,41.1,40.0,63.6,1,3,52,0,41.2,19.2,42.8,9.8,5,3,1,2,0,2,3.8,240,5.6
2021,9,False,passing,pff,Jacoby Brissett,10725,QB,MIA,17,1,79.5,39,43,9.7,2.84,0,1,2.2,60.5,26,0,26,16.1,48,5,-0.1,17,80.3,72.8,70.6,63.3,1,2,50,0,47.9,15.4,64.5,8.3,4,1,0,3,1,1,2.0,244,5.7
2021,9,False,passing,pff,Lamar Jackson,46416,QB,BLT,3,1,76.3,38,41,8.5,2.94,1,2,4.5,65.9,27,0,16,6.9,53,2,-0.01,16,45.6,59.3,61.0,58.5,2,2,57,1,49.1,18.8,88.1,5.7,3,9,0,0,3,2,3.5,266,6.5
2021,9,False,passing,pff,Josh Johnson,4474,QB,NYJ,22,1,70.7,41,41,8.3,2.88,0,1,2.4,65.9,27,0,17,6.9,46,2,0.4,20,80.3,76.4,75.3,61.2,0,1,48,0,54.3,11.8,103.4,4.3,2,3,0,0,3,0,0.0,317,7.7
2021,9,False,passing,pff,Trevor Siemian,9683,QB,NO,20,1,73.7,38,41,8.5,2.9,2,2,4.5,61.0,25,0,11,10.7,42,3,-0.17,15,79.8,76.6,76.7,,0,0,46,1,47.6,9.1,94.5,2.4,1,0,0,1,2,1,2.2,249,6.1
2021,9,False,passing,pff,Joe Burrow,28022,QB,CIN,7,1,76.9,39,40,9.5,2.6,0,2,4.8,70.0,28,0,16,6.7,46,2,-0.46,15,30.7,63.6,70.1,29.8,0,2,49,0,45.7,31.3,69.0,10.9,5,1,0,1,0,1,2.0,282,7.1
2021,9,False,passing,pff,Jimmy Garoppolo,8697,QB,SF,28,1,83.8,37,40,9.3,2.66,1,2,4.7,70.0,28,0,14,9.7,46,3,-0.08,17,80.3,79.6,79.3,56.8,1,1,49,0,45.7,35.7,100.6,10.9,5,1,0,1,2,1,2.0,326,8.2
2021,9,False,passing,pff,Dak Prescott,10769,QB,DAL,9,1,56.8,37,39,12.3,3.39,0,0,0.0,48.7,19,0,17,9.5,43,2,-0.22,11,80.1,70.0,64.9,79.5,0,1,46,0,37.2,11.8,73.9,4.7,2,2,0,2,2,1,2.2,232,5.9
2021,9,False,passing,pff,Justin Herbert,28237,QB,LAC,27,1,89.2,37,38,5.7,2.3,0,1,2.5,84.2,32,0,6,3.0,41,1,0.58,18,79.9,83.2,79.7,71.2,0,0,43,0,56.1,0.0,123.2,0.0,0,3,1,0,2,0,0.0,356,9.4
2021,9,False,passing,pff,Patrick Mahomes,11765,QB,KC,16,1,63.9,36,37,9.3,2.34,0,0,0.0,54.1,20,0,11,13.0,38,3,-0.21,9,79.5,62.1,61.3,60.0,0,0,40,0,36.8,9.1,74.8,2.6,1,0,0,1,1,1,2.5,166,4.5
2021,9,False,passing,pff,Jordan Love,40306,QB,GB,12,1,59.4,32,34,7.8,2.71,0,0,0.0,55.9,19,1,19,0.0,39,0,-0.05,11,79.2,30.0,29.2,60.8,0,1,41,1,35.9,5.3,69.5,2.6,1,4,0,2,1,3,7.3,190,5.6
2021,9,False,passing,pff,Sam Darnold,29048,QB,CAR,5,1,70.8,24,33,6.8,3.47,3,0,0.0,48.5,16,0,19,5.9,37,1,-0.67,8,27.8,41.6,42.9,52.3,0,3,38,1,37.8,5.3,26.3,2.7,1,3,0,6,0,3,7.9,172,5.2
2021,9,False,passing,pff,Ben Roethlisberger,1732,QB,PIT,25,1,78.6,28,30,5.9,2.37,0,0,0.0,70.0,21,0,7,4.5,34,1,0.06,8,79.5,60.4,61.3,54.8,0,0,40,0,35.3,57.1,111.1,11.8,4,0,1,1,2,0,0.0,205,6.8
2021,9,False,passing,pff,Matt Ryan,4317,QB,ATL,2,1,85.7,28,30,10.3,2.95,1,4,12.5,76.7,23,0,12,4.2,35,1,0.6,16,79.0,84.4,78.8,77.6,1,0,37,0,62.9,16.7,135.8,5.7,2,3,0,0,2,1,2.7,343,11.4
2021,9,False,passing,pff,Carson Wentz,10636,QB,IND,14,1,82.1,28,30,8.9,2.85,0,2,6.7,73.3,22,0,7,4.3,33,1,0.52,17,78.4,81.4,78.9,67.2,1,0,33,0,66.7,14.3,134.3,3.0,1,2,0,1,3,1,3.0,272,9.1
2021,9,False,passing,pff,Justin Fields,82118,QB,CHI,6,1,60.7,28,29,16.5,2.97,1,5,15.2,58.6,17,0,16,0.0,37,0,-0.01,12,79.8,90.5,88.5,71.2,0,1,41,0,43.2,18.8,89.9,8.1,3,5,0,0,1,0,0.0,291,10.0
2021,9,False,passing,pff,Kirk Cousins,7102,QB,MIN,18,1,65.4,26,28,8.3,2.83,0,2,6.7,60.7,17,0,11,0.0,28,0,0.28,6,77.6,71.0,68.1,62.9,0,0,30,0,46.4,0.0,104.3,0.0,0,0,0,2,2,1,3.3,187,6.7
2021,9,False,passing,pff,Teddy Bridgewater,8667,QB,DEN,10,1,79.2,24,28,8.4,2.9,0,2,6.5,67.9,19,0,11,0.0,32,0,0.3,9,78.9,74.0,71.1,66.3,0,0,35,0,43.8,36.4,107.6,12.5,4,0,0,4,1,1,2.9,249,8.9
2021,9,False,passing,pff,Ryan Tannehill,7014,QB,TEN,31,1,80.8,26,27,4.3,2.24,0,0,0.0,70.4,19,0,12,9.5,30,2,-0.14,9,78.2,82.0,78.5,69.3,0,1,32,0,46.7,25.0,79.7,10.0,3,0,0,1,1,1,3.1,143,5.3
2021,9,False,passing,pff,Colt McCoy,5609,QB,ARZ,1,1,92.0,25,26,3.5,2.36,0,1,3.7,84.6,22,0,8,4.3,29,1,0.57,11,79.0,76.6,74.3,68.4,0,0,31,0,62.1,25.0,119.4,6.9,2,1,0,1,1,0,0.0,249,9.6
2021,9,False,passing,pff,Trevor Lawrence,77632,QB,JAX,15,1,72.0,25,26,7.2,2.45,0,1,3.7,57.7,15,0,8,16.7,28,3,-0.12,4,78.0,52.8,52.4,59.1,0,0,29,0,35.7,25.0,69.1,7.1,2,0,0,1,0,1,3.4,118,4.5
2021,9,False,passing,pff,Baker Mayfield,46518,QB,CLV,8,1,82.4,17,21,12.4,2.77,0,4,18.2,66.7,14,0,8,0.0,23,0,0.4,7,76.1,89.8,87.7,,1,0,24,0,43.5,25.0,132.6,8.7,2,0,0,3,2,0,0.0,218,10.4
2021,9,False,passing,pff,Daniel Jones,39395,QB,NYG,21,1,83.3,18,20,4.8,2.92,0,1,4.8,75.0,15,0,12,0.0,25,0,0.0,7,25.6,65.2,66.1,57.8,0,0,27,0,52.0,16.7,104.2,8.0,2,3,0,2,1,1,3.7,110,5.5
2021,9,False,passing,pff,Mac Jones,60323,QB,NE,19,1,75.0,16,18,5.8,2.36,1,1,5.0,66.7,12,0,5,0.0,20,0,-0.2,5,76.1,61.9,62.2,71.0,0,1,22,2,35.0,40.0,85.2,10.0,2,0,0,1,1,1,4.5,139,7.7
2021,9,False,passing,pff,Jalen Hurts,40291,QB,PHI,24,1,68.8,16,17,13.3,3.5,0,1,5.9,64.7,11,0,9,0.0,24,0,0.38,11,77.3,75.3,74.1,66.1,1,0,24,0,58.3,11.1,115.3,4.2,1,6,0,0,1,0,0.0,162,9.5
2021,9,False,passing,pff,Mike White,46453,QB,NYJ,22,1,70.0,10,11,10.1,2.95,0,0,0.0,63.6,7,0,5,0.0,11,0,0.62,6,71.9,59.1,58.9,,1,0,11,0,54.5,0.0,121.4,0.0,0,0,0,0,1,1,9.1,95,8.6
2021,9,False,passing,pff,C.J. Beathard,11859,QB,JAX,15,1,100.0,2,2,13.0,2.6,0,1,33.3,100.0,2,0,0,0.0,2,0,1.46,1,65.5,96.7,95.4,,0,0,3,0,50.0,,118.8,0.0,0,0,0,0,0,0,0.0,33,16.5
2021,9,False,passing,pff,Taysom Hill,12112,QB,NO,20,1,100.0,2,2,16.5,3.5,0,0,0.0,100.0,2,0,0,0.0,2,0,1.53,2,66.1,69.5,80.5,62.5,0,0,2,0,100.0,,118.8,0.0,0,0,0,0,0,0,0.0,33,16.5
2021,9,False,passing,pff,Brandon Allen,10835,QB,CIN,7,1,50.0,2,2,2.0,1.65,0,0,0.0,50.0,1,0,1,0.0,2,0,-0.29,0,66.1,63.3,62.1,60.0,0,0,2,0,50.0,0.0,56.3,0.0,0,0,0,0,0,0,0.0,6,3.0
2021,9,False,passing,pff,Danny Amendola,4717,WR,HST,13,1,0.0,1,1,15.0,2.8,0,0,0.0,0.0,0,0,0,,1,0,-0.39,0,67.0,44.1,32.4,,0,0,1,1,0.0,,39.6,0.0,0,0,0,0,0,1,100.0,0,0.0
2021,9,False,passing,pff,Christian Kirk,47546,WR,ARZ,1,1,100.0,1,1,33.0,4.2,0,1,100.0,100.0,1,0,0,0.0,1,0,2.77,1,69.5,84.5,82.2,,0,0,1,0,100.0,,118.8,0.0,0,0,0,0,0,0,0.0,33,33.0
2021,10,False,passing,pff,Patrick Mahomes,11765,QB,KC,16,1,82.2,45,50,8.8,2.67,1,2,4.0,70.0,35,0,20,5.4,50,2,0.51,22,80.4,73.1,71.8,,1,0,50,0,58.0,0.0,127.6,0.0,0,0,0,3,5,2,4.0,406,8.1
2021,10,False,passing,pff,Mason Rudolph,46569,QB,PIT,25,1,70.2,47,50,6.8,2.3,2,2,3.7,60.0,30,0,6,9.1,52,3,-0.24,15,81.4,71.7,67.7,74.8,0,1,56,0,38.5,0.0,70.6,0.0,0,2,0,1,1,2,3.6,242,4.8
2021,10,False,passing,pff,Mike White,46453,QB,NYJ,22,1,67.5,40,44,7.3,2.71,1,1,2.2,54.5,24,0,19,11.1,46,3,-0.34,12,80.4,46.3,48.1,,2,4,50,1,34.8,5.3,33.4,2.2,1,0,0,1,0,4,8.0,251,5.7
2021,10,False,passing,pff,Lamar Jackson,46416,QB,BLT,3,1,71.1,38,43,8.2,2.35,2,2,4.3,60.5,26,0,19,3.7,50,1,-0.33,13,81.7,50.7,51.2,64.7,0,1,53,2,40.0,21.1,73.6,8.0,4,3,2,1,1,2,3.8,238,5.5
2021,10,False,passing,pff,Matthew Stafford,4924,QB,LA,26,1,80.0,40,41,8.8,2.77,0,2,4.7,63.4,26,0,8,18.8,44,6,-0.2,11,79.9,62.4,65.0,55.7,1,2,46,1,40.9,25.0,67.4,4.5,2,1,0,0,1,4,8.7,243,5.9
2021,10,False,passing,pff,Russell Wilson,7077,QB,SEA,29,1,60.5,38,40,12.3,3.53,0,0,0.0,50.0,20,0,22,13.0,48,3,-0.41,10,80.4,33.9,29.3,78.0,0,2,50,0,33.3,13.6,39.7,6.3,3,5,0,2,0,3,6.0,161,4.0
2021,10,False,passing,pff,Kirk Cousins,7102,QB,MIN,18,1,81.3,32,37,7.5,2.7,0,3,7.5,67.6,25,0,18,3.8,40,1,0.23,14,29.6,78.9,78.4,58.1,2,0,43,1,52.5,11.1,109.5,5.0,2,1,0,3,2,2,4.7,294,7.9
2021,10,False,passing,pff,Aaron Rodgers,2241,QB,GB,12,1,78.8,33,37,7.0,2.58,2,1,2.6,62.2,23,0,7,11.5,39,3,0.07,11,42.4,47.3,44.5,64.2,0,1,43,0,46.2,14.3,75.5,2.6,1,1,0,2,0,2,4.7,292,7.9
2021,10,False,passing,pff,Teddy Bridgewater,8667,QB,DEN,10,1,70.6,34,36,6.1,2.51,0,0,0.0,61.1,22,0,15,8.3,37,2,-0.17,9,78.7,66.8,67.9,,0,0,38,1,32.4,6.7,79.2,2.7,1,0,0,2,0,0,0.0,226,6.3
2021,10,False,passing,pff,Derek Carr,8671,QB,LV,23,1,80.6,31,35,7.7,2.85,2,2,5.3,71.4,25,0,14,0.0,40,0,-0.12,11,79.5,64.0,63.2,61.3,1,1,43,0,45.0,14.3,99.8,5.0,2,3,0,1,2,2,4.7,261,7.5
2021,10,False,passing,pff,Trevor Lawrence,77632,QB,JAX,15,1,58.8,34,35,9.9,3.11,0,2,5.3,45.7,16,0,19,20.0,42,4,-0.25,7,29.3,58.2,55.7,66.3,1,0,45,0,33.3,15.8,59.5,7.1,3,4,0,0,0,2,4.4,162,4.6
2021,10,False,passing,pff,Tom Brady,698,QB,TB,30,1,81.3,32,34,5.6,2.25,0,1,2.9,67.6,23,0,7,11.5,34,3,-0.09,8,78.5,66.2,63.9,62.6,0,2,35,0,44.1,0.0,80.5,0.0,0,0,0,2,2,1,2.9,220,6.5
2021,10,False,passing,pff,Trevor Siemian,9683,QB,NO,20,1,66.7,30,34,10.8,2.74,3,3,7.7,55.9,19,0,9,5.0,38,1,0.23,13,79.6,77.7,76.1,,0,0,44,0,42.1,44.4,104.8,10.5,4,0,0,1,2,0,0.0,298,8.8
2021,10,False,passing,pff,Carson Wentz,10636,QB,IND,14,1,71.0,31,34,5.7,2.84,1,1,2.9,64.7,22,0,16,0.0,36,0,-0.13,9,79.1,55.5,55.2,58.1,1,0,36,0,36.1,6.3,78.1,2.8,1,1,0,1,0,1,2.8,180,5.3
2021,10,False,passing,pff,Justin Herbert,28237,QB,LAC,27,1,74.2,31,34,5.6,2.65,1,1,2.6,58.8,20,0,10,13.0,37,3,-0.13,13,79.4,62.9,61.9,61.4,1,1,41,1,48.6,20.0,72.5,5.4,2,1,0,1,1,1,2.4,195,5.7
2021,10,False,passing,pff,Taylor Heinicke,9896,QB,WAS,32,1,90.0,30,32,7.4,3.15,1,1,3.0,81.3,26,0,18,3.7,40,1,0.13,14,79.4,68.5,68.9,56.5,0,0,41,0,55.0,27.8,110.4,12.5,5,3,0,1,1,2,4.9,256,8.0
2021,10,False,passing,pff,Dak Prescott,10769,QB,DAL,9,1,89.7,29,31,5.8,2.4,0,2,6.1,77.4,24,0,8,7.7,33,2,0.72,15,78.5,84.2,82.6,61.7,0,0,35,0,60.6,0.0,127.9,0.0,0,1,0,2,2,1,2.9,296,9.5
2021,10,False,passing,pff,P.J. Walker,12134,QB,CAR,5,1,81.5,27,29,3.6,2.15,1,0,0.0,75.9,22,0,6,0.0,30,0,0.16,9,77.8,73.7,68.8,73.2,0,1,32,0,50.0,0.0,74.9,0.0,0,1,1,0,0,1,3.1,167,5.8
2021,10,False,passing,pff,Josh Allen,46601,QB,BUF,4,1,78.6,28,28,13.4,2.75,0,8,25.8,75.0,21,0,6,4.5,31,1,0.6,15,78.5,92.8,92.2,61.5,0,1,35,0,58.1,33.3,125.6,6.5,2,1,0,0,2,1,2.9,366,13.1
2021,10,False,passing,pff,Ryan Tannehill,7014,QB,TEN,31,1,84.6,26,27,5.5,2.38,1,1,3.4,70.4,19,0,9,13.6,30,3,0.05,10,78.5,58.4,61.4,61.9,0,0,32,2,46.7,22.2,105.9,6.7,2,1,0,0,1,1,3.1,213,7.9
2021,10,False,passing,pff,Jared Goff,10635,QB,DET,11,1,70.8,24,25,5.2,2.39,0,0,0.0,56.0,14,0,8,17.6,29,3,-0.49,5,77.7,44.0,43.3,,0,0,32,1,24.1,50.0,67.8,13.8,4,0,0,1,0,1,3.1,114,4.6
2021,10,False,passing,pff,Jacoby Brissett,10725,QB,MIA,17,1,55.0,20,23,9.7,2.74,0,1,4.3,47.8,11,0,14,0.0,26,0,-0.1,7,25.2,55.1,56.1,58.3,1,0,27,0,34.6,14.3,70.2,7.7,2,1,0,2,0,2,7.4,156,6.8
2021,10,False,passing,pff,Mac Jones,60323,QB,NE,19,1,95.2,21,23,7.1,2.26,1,3,11.5,82.6,19,0,5,5.0,25,1,0.67,14,77.0,92.5,91.7,,0,0,28,0,60.0,40.0,142.1,8.0,2,0,0,1,3,0,0.0,198,8.6
2021,10,False,passing,pff,Jalen Hurts,40291,QB,PHI,24,1,77.3,22,23,11.4,3.32,0,1,4.3,69.6,16,0,9,5.9,26,1,0.23,11,79.4,75.6,65.3,80.4,0,1,26,0,50.0,22.2,103.2,7.7,2,1,0,1,2,2,7.7,178,7.7
2021,10,False,passing,pff,Matt Ryan,4317,QB,ATL,2,1,52.6,19,21,9.1,2.7,1,0,0.0,42.9,9,0,11,10.0,23,1,-0.67,7,24.0,46.6,46.8,,0,2,23,0,34.8,18.2,21.4,8.7,2,0,0,1,0,2,8.7,117,5.6
2021,10,False,passing,pff,Baker Mayfield,46518,QB,CLV,8,1,65.0,20,21,8.2,2.64,0,0,0.0,52.4,11,0,9,15.4,23,2,-0.18,6,75.9,33.1,34.1,,0,1,24,0,39.1,22.2,56.3,8.7,2,0,0,1,1,3,12.5,73,3.5
2021,10,False,passing,pff,Colt McCoy,5609,QB,ARZ,1,1,65.0,20,20,8.8,2.06,0,0,0.0,55.0,11,0,8,15.4,23,2,-0.65,5,24.7,28.6,29.4,58.2,0,1,24,0,26.1,25.0,49.4,8.7,2,0,0,0,0,3,12.5,107,5.4
2021,10,False,passing,pff,Jimmy Garoppolo,8697,QB,SF,28,1,83.3,18,19,6.6,2.08,0,1,5.0,78.9,15,0,7,0.0,20,0,0.74,9,76.1,82.1,79.4,64.7,0,0,21,0,60.0,14.3,141.7,5.0,1,0,0,1,2,0,0.0,182,9.6
2021,10,False,passing,pff,Tua Tagovailoa,60326,QB,MIA,17,1,66.7,12,13,8.5,2.48,0,1,5.6,61.5,8,0,6,0.0,14,0,0.27,5,75.7,57.8,54.5,66.2,1,0,19,1,35.7,16.7,104.0,7.1,1,0,0,0,0,0,0.0,158,12.2
2021,10,False,passing,pff,Case Keenum,7323,QB,CLV,8,1,80.0,10,12,6.6,2.58,0,0,0.0,66.7,8,0,7,0.0,15,0,-0.31,6,73.5,55.8,59.7,,0,0,15,1,33.3,42.9,85.8,20.0,3,0,0,2,0,0,0.0,81,6.8
2021,10,False,passing,pff,Chris Streveler,46440,QB,ARZ,1,1,66.7,9,9,4.8,2.56,0,0,0.0,66.7,6,0,4,0.0,12,0,-0.47,1,72.4,51.1,56.9,58.3,0,0,12,1,33.3,50.0,74.3,16.7,2,1,0,0,0,0,0.0,36,4.0
2021,10,False,passing,pff,Josh Rosen,35460,QB,ATL,2,1,16.7,6,6,15.0,2.63,0,0,0.0,16.7,1,0,1,0.0,6,0,-1.42,1,68.9,35.9,36.5,,0,1,6,0,16.7,0.0,0.0,0.0,0,0,0,0,0,0,0.0,14,2.3
2021,10,False,passing,pff,Cam Newton,6153,QB,CAR,5,1,100.0,4,4,2.0,1.53,0,0,0.0,75.0,3,0,0,25.0,4,1,-0.19,1,71.0,70.7,65.4,74.6,0,0,5,1,50.0,,116.7,0.0,0,0,0,0,1,0,0.0,8,2.0
2021,10,False,passing,pff,Cooper Rush,12324,QB,DAL,9,1,100.0,3,3,2.7,1.87,0,0,0.0,100.0,3,0,0,0.0,3,0,-0.28,0,70.5,75.4,75.4,60.5,0,0,4,0,33.3,,90.3,0.0,0,0,0,0,0,0,0.0,17,5.7
2021,10,False,passing,pff,Brian Hoyer,5277,QB,NE,19,1,100.0,3,3,12.0,2.07,0,1,33.3,100.0,3,0,0,0.0,3,0,2.67,3,68.7,91.1,91.0,60.0,0,0,3,0,100.0,,158.3,0.0,0,0,0,0,1,0,0.0,85,28.3
2021,10,False,passing,pff,Joe Flacco,4332,QB,NYJ,22,1,100.0,3,3,10.7,2.1,0,1,33.3,100.0,3,0,0,0.0,3,0,1.63,2,65.5,79.6,77.9,,0,0,3,0,100.0,,158.3,0.0,0,0,0,0,1,0,0.0,47,15.7
2021,10,False,passing,pff,Taysom Hill,12112,QB,NO,20,1,100.0,2,2,4.0,3.65,0,0,0.0,100.0,2,0,0,0.0,2,0,0.21,1,69.8,73.0,62.0,79.7,0,0,2,0,50.0,,89.6,0.0,0,0,0,0,0,0,0.0,11,5.5
2021,10,False,passing,pff,Ezekiel Elliott,10638,HB,DAL,9,1,100.0,1,1,-4.0,1.3,0,0,0.0,100.0,1,0,0,0.0,1,0,-0.66,0,24.8,57.5,60.1,55.1,0,0,1,0,0.0,,83.3,0.0,0,0,0,0,0,0,0.0,4,4.0
2021,10,False,passing,pff,Tommy Townsend,33007,P,KC,16,1,100.0,1,1,11.0,2.1,0,0,0.0,100.0,1,0,0,0.0,1,0,4.32,1,60.4,73.1,68.8,,0,0,1,0,100.0,,118.8,0.0,0,0,0,0,0,0,0.0,16,16.0
2021,10,False,passing,pff,Johnny Hekker,7252,P,LA,26,1,100.0,1,1,-4.0,2.9,0,0,0.0,100.0,1,0,1,0.0,1,0,-2.9,0,60.4,61.3,60.4,,0,0,1,0,0.0,0.0,79.2,0.0,0,0,0,0,0,0,0.0,2,2.0
2021,11,False,passing,pff,Ryan Tannehill,7014,QB,TEN,31,1,73.5,49,52,8.8,2.4,0,2,3.8,67.3,35,0,16,2.8,54,1,-0.12,19,35.2,44.4,44.7,58.6,2,4,55,1,48.1,12.5,58.4,3.7,2,0,0,1,1,7,12.7,323,6.2
2021,11,False,passing,pff,Tom Brady,698,QB,TB,30,1,74.4,43,46,8.3,2.58,2,2,4.1,65.2,30,0,8,6.3,47,2,0.19,17,80.4,82.5,79.9,63.3,0,1,50,0,53.2,0.0,89.7,0.0,0,1,0,1,2,0,0.0,307,6.7
2021,11,False,passing,pff,Colt McCoy,5609,QB,ARZ,1,1,90.5,42,44,4.9,2.38,1,0,0.0,79.5,35,0,13,7.9,47,3,0.37,20,23.9,60.7,64.5,43.6,0,0,50,0,57.4,15.4,112.9,4.3,2,1,0,1,2,3,6.0,328,7.5
2021,11,False,passing,pff,Ben Roethlisberger,1732,QB,PIT,25,1,68.3,41,44,8.1,2.26,2,2,4.2,63.6,28,0,10,0.0,47,0,0.08,14,31.2,60.8,61.9,,1,0,51,1,51.1,30.0,103.7,6.4,3,0,0,0,3,3,5.9,273,6.2
2021,11,False,passing,pff,Dak Prescott,10769,QB,DAL,9,1,76.2,42,43,8.0,2.58,0,1,2.2,65.1,28,0,18,12.5,48,4,-0.34,14,30.0,64.0,63.3,,0,2,50,0,37.5,27.8,57.9,10.4,5,0,0,1,0,2,4.0,216,5.0
2021,11,False,passing,pff,Justin Herbert,28237,QB,LAC,27,1,89.5,38,41,5.9,2.64,1,1,2.4,73.2,30,0,9,11.8,50,4,0.5,23,81.4,81.8,74.9,80.8,0,1,54,0,62.0,22.2,116.1,4.0,2,6,0,2,3,0,0.0,382,9.3
2021,11,False,passing,pff,Trevor Siemian,9683,QB,NO,20,1,68.6,35,40,7.4,2.64,0,4,9.3,55.0,22,0,12,8.3,41,2,-0.12,13,79.8,65.6,62.5,68.5,0,2,44,0,43.9,0.0,74.4,0.0,0,1,0,5,3,2,4.5,214,5.4
2021,11,False,passing,pff,Joe Flacco,4332,QB,NYJ,22,1,70.6,34,39,8.1,2.31,1,0,0.0,61.5,24,0,19,0.0,43,0,0.01,12,29.1,58.0,58.6,62.7,1,0,43,1,51.2,10.5,101.5,4.7,2,1,0,3,2,1,2.3,291,7.5
2021,11,False,passing,pff,Daniel Jones,39395,QB,NYG,21,1,69.7,33,38,6.3,2.9,1,0,0.0,60.5,23,0,22,0.0,40,0,-0.57,8,80.1,55.4,55.8,57.8,0,2,43,0,27.5,9.1,57.7,5.0,2,0,0,4,1,2,4.7,167,4.4
2021,11,False,passing,pff,Patrick Mahomes,11765,QB,KC,16,1,81.8,33,37,5.1,2.66,0,1,2.6,62.2,23,0,17,14.8,44,4,-0.16,15,30.0,65.8,64.6,62.5,0,1,45,0,45.5,17.6,71.9,6.8,3,4,0,4,0,1,2.2,260,7.0
2021,11,False,passing,pff,Tyler Huntley,46448,QB,BLT,3,1,80.6,36,36,5.0,2.72,0,0,0.0,72.2,26,0,16,10.3,44,3,-0.11,13,35.0,56.9,56.9,57.3,0,1,49,1,43.2,37.5,76.0,13.6,6,2,0,0,0,2,4.1,219,6.1
2021,11,False,passing,pff,Josh Allen,46601,QB,BUF,4,1,78.8,33,35,8.4,2.94,1,0,0.0,60.0,21,0,8,19.2,37,5,-0.04,13,28.3,43.1,38.6,75.6,0,2,39,0,48.6,12.5,72.2,2.7,1,1,0,1,2,4,10.3,209,6.0
2021,11,False,passing,pff,Kirk Cousins,7102,QB,MIN,18,1,81.3,32,35,11.2,2.51,0,2,5.4,68.6,24,0,17,7.7,37,2,0.56,17,79.2,64.8,63.7,60.0,2,0,39,0,56.8,11.8,128.4,5.4,2,0,0,1,3,3,7.7,341,9.7
2021,11,False,passing,pff,Tua Tagovailoa,60326,QB,MIA,17,1,90.3,31,33,5.1,2.56,1,0,0.0,81.8,27,0,12,3.6,34,1,0.42,13,79.3,77.6,79.0,54.4,1,1,39,1,58.8,0.0,108.7,0.0,0,1,0,0,2,1,2.6,273,8.3
2021,11,False,passing,pff,Aaron Rodgers,2241,QB,GB,12,1,79.3,29,33,9.6,3.15,0,4,10.8,69.7,23,0,10,0.0,37,0,0.77,16,28.4,81.8,79.8,64.2,0,0,41,0,56.8,20.0,148.4,5.4,2,2,0,4,4,2,4.9,385,11.7
2021,11,False,passing,pff,Joe Burrow,28022,QB,CIN,7,1,75.0,28,29,7.6,2.68,0,0,0.0,69.0,20,0,11,4.8,35,1,0.09,12,28.0,57.8,55.0,65.4,0,0,39,0,48.6,27.3,92.3,8.6,3,3,0,1,1,1,2.6,148,5.1
2021,11,False,passing,pff,Baker Mayfield,46518,QB,CLV,8,1,65.4,26,29,9.3,2.88,1,2,5.7,51.7,15,0,7,11.8,32,2,-0.24,8,79.2,50.6,51.0,55.2,0,2,38,0,37.5,14.3,53.2,3.1,1,2,0,2,1,2,5.3,176,6.1
2021,11,False,passing,pff,Matt Ryan,4317,QB,ATL,2,1,75.0,28,28,5.7,2.68,0,1,3.3,67.9,19,0,19,9.5,32,2,-0.35,7,78.1,61.3,60.7,,0,2,34,0,43.8,21.1,51.6,12.5,4,0,0,0,0,0,0.0,153,5.5
2021,11,False,passing,pff,Derek Carr,8671,QB,LV,23,1,80.0,25,27,8.4,2.63,0,2,7.4,70.4,19,0,12,5.0,30,1,-0.25,8,26.0,56.5,56.1,,0,1,30,0,53.3,16.7,90.8,6.7,2,0,0,2,1,2,6.7,215,8.0
2021,11,False,passing,pff,Cam Newton,6153,QB,CAR,5,1,84.0,25,27,5.9,2.61,0,1,3.7,77.8,21,0,8,0.0,29,0,0.1,11,79.3,73.7,72.3,65.2,2,0,29,0,55.2,12.5,120.5,3.4,1,1,0,0,2,0,0.0,189,7.0
2021,11,False,passing,pff,Russell Wilson,7077,QB,SEA,29,1,69.6,23,26,11.3,2.57,1,1,3.8,53.8,14,0,9,12.5,30,2,-0.23,9,26.3,68.5,66.6,63.5,0,0,30,0,40.0,44.4,80.1,13.3,4,0,0,2,0,1,3.3,207,8.0
2021,11,False,passing,pff,Mac Jones,60323,QB,NE,19,1,84.6,26,26,6.6,2.46,0,1,3.6,84.6,22,0,7,0.0,30,0,-0.03,7,78.9,70.4,68.3,65.2,0,1,32,0,53.3,42.9,96.6,10.0,3,1,0,0,1,1,3.1,207,8.0
2021,11,False,passing,pff,Trevor Lawrence,77632,QB,JAX,15,1,78.3,23,25,7.6,2.99,0,1,3.8,64.0,16,0,9,11.1,30,2,-0.08,9,77.8,71.4,68.9,66.2,1,0,31,0,40.0,33.3,81.8,10.0,3,2,0,1,0,0,0.0,158,6.3
2021,11,False,passing,pff,Jalen Hurts,40291,QB,PHI,24,1,75.0,20,24,8.8,3.86,1,0,0.0,54.2,13,0,8,13.3,30,2,0.04,8,80.7,64.4,61.4,64.4,1,0,31,0,33.3,25.0,72.7,6.7,2,4,0,2,0,0,0.0,147,6.1
2021,11,False,passing,pff,Tyrod Taylor,6332,QB,HST,13,1,70.0,20,24,5.2,2.89,2,0,0.0,58.3,14,0,9,0.0,29,0,0.2,8,26.3,68.1,65.5,65.4,1,0,30,0,48.3,0.0,69.3,0.0,0,5,0,1,0,0,0.0,107,4.5
2021,11,False,passing,pff,Tim Boyle,21956,QB,DET,11,1,68.2,22,23,4.2,2.21,1,0,0.0,65.2,15,0,6,0.0,23,0,-0.53,5,76.3,44.6,44.4,,0,2,25,0,30.4,0.0,34.1,0.0,0,0,0,0,0,3,12.0,77,3.3
2021,11,False,passing,pff,Andy Dalton,6187,QB,CHI,6,1,52.4,21,23,12.0,2.55,1,2,8.3,47.8,11,0,9,0.0,24,0,0.36,6,76.3,59.9,59.7,,1,0,25,0,33.3,11.1,107.3,4.2,1,0,0,0,2,0,0.0,201,8.7
2021,11,False,passing,pff,Taylor Heinicke,9896,QB,WAS,32,1,80.0,20,22,12.9,3.24,0,2,8.7,72.7,16,0,11,0.0,27,0,0.69,12,77.8,88.0,87.5,70.3,1,0,28,2,59.3,27.3,141.3,11.1,3,2,0,1,3,0,0.0,206,9.4
2021,11,False,passing,pff,Jimmy Garoppolo,8697,QB,SF,28,1,80.0,20,22,7.3,2.32,0,0,0.0,72.7,16,0,6,0.0,25,0,0.4,8,77.3,69.6,69.0,59.2,0,0,28,0,64.0,33.3,126.3,8.0,2,1,0,2,2,0,0.0,176,8.0
2021,11,False,passing,pff,Carson Wentz,10636,QB,IND,14,1,63.2,19,20,5.6,2.44,1,0,0.0,55.0,11,0,9,8.3,21,1,0.36,7,76.1,66.2,66.4,63.8,0,0,24,1,47.6,0.0,86.7,0.0,0,1,0,0,1,0,0.0,106,5.3
2021,11,False,passing,pff,Justin Fields,82118,QB,CHI,6,1,40.0,10,11,14.4,2.83,0,1,9.1,36.4,4,0,6,0.0,14,0,-0.52,4,22.8,58.7,56.2,63.3,0,0,15,0,28.6,33.3,62.3,14.3,2,1,0,1,0,1,6.7,79,7.2
2021,11,False,passing,pff,Mitch Trubisky,11757,QB,BUF,4,1,80.0,5,5,5.8,2.24,0,0,0.0,60.0,3,0,0,25.0,5,1,-0.75,1,68.0,38.4,39.9,,0,1,5,0,40.0,,28.3,0.0,0,0,0,0,0,1,20.0,19,3.8
2021,11,False,passing,pff,Josh Rosen,35460,QB,ATL,2,1,50.0,2,3,7.0,3.2,0,0,0.0,33.3,1,0,1,0.0,3,0,-2.8,0,65.5,20.8,22.5,,0,1,3,0,0.0,0.0,2.8,0.0,0,0,0,1,0,1,33.3,5,1.7
2021,11,False,passing,pff,Blaine Gabbert,6162,QB,TB,30,1,100.0,2,2,3.0,2.33,0,0,0.0,100.0,2,0,1,0.0,3,0,0.1,1,68.7,70.1,69.3,60.0,0,0,3,0,33.3,100.0,89.6,33.3,1,0,0,0,0,0,0.0,11,5.5
2021,11,False,passing,pff,Albert Wilson,8943,WR,MIA,17,1,0.0,1,1,14.0,4.0,0,0,0.0,0.0,0,0,0,,1,0,-0.47,0,70.4,70.4,69.5,56.6,0,0,1,0,0.0,,39.6,0.0,0,0,0,0,0,0,0.0,0,0.0
2021,11,False,passing,pff,Feleipe Franks,40217,QB,ATL,2,1,0.0,1,1,3.0,1.7,0,0,0.0,0.0,0,0,0,,1,0,-5.05,0,60.4,51.2,57.7,,0,1,1,0,0.0,,0.0,0.0,0,0,0,0,0,1,100.0,0,0.0
2021,11,False,passing,pff,Kadarius Toney,61245,WR,NYG,21,1,0.0,1,1,47.0,3.8,0,0,0.0,0.0,0,0,0,,1,0,-0.67,0,70.1,63.0,59.7,,0,0,1,0,0.0,,39.6,0.0,0,0,0,0,0,0,0.0,0,0.0
2021,12,False,passing,pff,Dak Prescott,10769,QB,DAL,9,1,75.6,45,47,7.6,2.48,1,4,7.8,68.1,32,0,13,5.9,49,2,0.14,13,80.8,74.2,73.6,58.3,1,0,53,0,46.9,7.7,106.3,2.0,1,1,0,0,2,0,0.0,375,8.0
2021,12,False,passing,pff,Aaron Rodgers,2241,QB,GB,12,1,76.9,39,45,9.5,2.46,0,4,8.3,62.2,28,0,15,6.7,46,2,0.1,14,80.6,85.8,83.6,62.7,2,0,49,0,45.7,6.7,97.2,2.2,1,0,0,4,2,1,2.0,307,6.8
2021,12,False,passing,pff,Carson Wentz,10636,QB,IND,14,1,69.0,42,44,9.8,2.65,1,3,6.7,61.4,27,0,14,6.9,49,2,-0.03,16,31.5,79.6,79.8,57.1,0,2,51,0,46.9,21.4,86.0,6.1,3,2,0,1,3,1,2.0,306,7.0
2021,12,False,passing,pff,Justin Herbert,28237,QB,LAC,27,1,70.5,44,44,7.1,2.98,0,1,2.0,63.6,28,0,19,9.7,51,3,0.03,17,81.3,55.7,51.6,74.8,0,2,58,0,51.0,15.8,80.0,5.9,3,4,0,0,2,3,5.2,303,6.9
2021,12,False,passing,pff,Trevor Lawrence,77632,QB,JAX,15,1,63.2,38,42,9.3,2.97,0,1,2.3,54.8,23,0,12,4.2,44,1,-0.04,13,32.2,65.4,57.0,87.2,1,1,45,0,38.6,8.3,68.4,2.3,1,1,0,3,1,2,4.4,228,5.4
2021,12,False,passing,pff,Ben Roethlisberger,1732,QB,PIT,25,1,69.2,39,41,7.7,2.48,0,3,6.8,58.5,24,0,15,11.1,44,3,-0.28,15,22.6,50.0,50.1,,0,2,47,0,40.9,20.0,65.4,6.8,3,0,0,2,1,4,8.5,263,6.4
2021,12,False,passing,pff,Derek Carr,8671,QB,LV,23,1,69.4,36,39,10.4,2.9,0,2,4.4,61.5,24,0,16,4.0,43,1,0.25,15,80.3,64.5,61.7,68.2,0,0,49,0,39.5,18.8,101.8,7.0,3,1,0,3,1,1,2.0,373,9.6
2021,12,False,passing,pff,Andy Dalton,6187,QB,CHI,6,1,64.9,37,39,9.7,2.75,0,1,2.6,61.5,24,0,10,0.0,44,0,0.25,18,80.3,70.6,68.0,67.6,0,1,45,0,47.7,10.0,85.1,2.3,1,3,0,2,1,2,4.4,317,8.1
2021,12,False,passing,pff,Matthew Stafford,4924,QB,LA,26,1,61.1,36,38,10.4,2.85,0,3,7.7,55.3,21,0,15,4.5,40,1,-0.09,10,28.7,58.8,58.4,60.0,1,1,41,0,42.5,13.3,96.6,5.0,2,0,0,1,3,2,4.9,302,7.9
2021,12,False,passing,pff,Baker Mayfield,46518,QB,CLV,8,1,62.5,32,37,10.2,2.9,1,1,2.6,48.6,18,0,14,10.0,40,2,-0.24,10,26.9,49.2,48.4,62.6,0,0,42,0,35.0,14.3,79.4,5.0,2,1,0,4,1,2,4.8,247,6.7
2021,12,False,passing,pff,Taylor Heinicke,9896,QB,WAS,32,1,82.4,34,35,5.1,2.9,0,1,2.7,77.1,27,0,11,3.6,38,1,0.09,13,79.6,66.2,66.8,61.7,0,1,41,1,55.3,9.1,90.5,2.6,1,2,0,1,1,0,0.0,223,6.4
2021,12,False,passing,pff,Tom Brady,698,QB,TB,30,1,78.8,33,34,6.1,2.35,1,1,2.7,73.5,25,0,8,3.8,36,1,0.0,11,79.5,73.7,72.2,61.8,0,1,39,0,52.8,25.0,88.6,5.6,2,0,0,0,1,1,2.6,226,6.6
2021,12,False,passing,pff,Lamar Jackson,46416,QB,BLT,3,1,69.0,29,32,9.8,2.98,2,0,0.0,62.5,20,0,13,0.0,38,0,-0.38,7,81.4,41.7,35.3,61.6,0,4,40,0,39.5,15.4,46.5,5.3,2,4,0,1,1,3,7.5,165,5.2
2021,12,False,passing,pff,Kirk Cousins,7102,QB,MIN,18,1,70.0,30,32,8.2,2.79,1,1,2.9,62.5,20,0,6,4.8,33,1,-0.05,12,78.4,57.9,57.6,,0,1,36,0,48.5,16.7,93.0,3.0,1,0,0,1,2,1,2.8,238,7.4
2021,12,False,passing,pff,Mac Jones,60323,QB,NE,19,1,71.9,32,32,7.5,2.47,0,0,0.0,71.9,23,0,9,0.0,35,0,0.25,15,78.7,51.9,53.1,53.6,0,0,36,0,51.4,22.2,123.2,5.7,2,1,0,0,2,1,2.8,310,9.7
2021,12,False,passing,pff,Tua Tagovailoa,60326,QB,MIA,17,1,87.1,31,31,3.8,2.2,0,0,0.0,87.1,27,0,8,0.0,34,0,0.29,12,21.3,61.1,62.4,52.9,0,0,36,0,58.8,25.0,108.3,5.9,2,1,0,0,1,2,5.6,230,7.4
2021,12,False,passing,pff,Jalen Hurts,40291,QB,PHI,24,1,55.2,29,31,10.3,2.9,0,2,6.5,45.2,14,0,13,12.5,35,2,-0.48,9,79.9,56.3,46.2,77.9,0,3,36,0,31.4,7.7,17.5,2.9,1,2,1,1,0,3,8.3,129,4.2
2021,12,False,passing,pff,Russell Wilson,7077,QB,SEA,29,1,69.0,29,31,9.0,2.79,0,1,3.0,64.5,20,0,17,0.0,35,0,0.05,9,78.6,57.5,55.4,66.1,1,0,37,0,40.0,11.8,110.6,5.7,2,2,0,1,2,1,2.7,247,8.0
2021,12,False,passing,pff,Daniel Jones,39395,QB,NYG,21,1,69.0,29,30,5.2,2.58,0,0,0.0,63.3,19,0,9,5.0,34,1,0.09,13,79.9,66.2,65.4,61.8,0,0,36,0,50.0,11.1,94.0,2.9,1,2,0,1,1,0,0.0,202,6.7
2021,12,False,passing,pff,Matt Ryan,4317,QB,ATL,2,1,67.9,28,29,3.8,2.84,0,0,0.0,65.5,19,0,8,0.0,31,0,0.06,12,78.5,45.3,45.9,54.7,0,1,32,0,58.1,12.5,81.1,3.2,1,1,0,1,1,1,3.1,190,6.6
2021,12,False,passing,pff,Trevor Siemian,9683,QB,NO,20,1,72.0,25,29,7.4,2.68,0,0,0.0,58.6,17,0,13,5.6,32,1,-0.1,7,78.4,50.8,50.3,59.4,1,1,33,0,40.6,15.4,71.5,6.3,2,1,0,3,1,1,3.0,163,5.6
2021,12,False,passing,pff,Josh Allen,46601,QB,BUF,4,1,88.5,26,28,6.9,2.73,0,1,3.1,82.1,23,0,12,0.0,34,0,0.44,13,79.6,78.0,74.7,69.8,0,2,38,0,67.6,16.7,115.2,5.9,2,4,0,2,4,1,2.6,260,9.3
2021,12,False,passing,pff,Jimmy Garoppolo,8697,QB,SF,28,1,65.4,26,26,8.5,2.66,0,1,3.7,65.4,17,0,11,0.0,28,0,0.18,10,78.0,69.2,66.6,65.7,0,1,29,0,46.4,18.2,90.2,7.1,2,0,0,0,1,1,3.4,230,8.8
2021,12,False,passing,pff,Tyrod Taylor,6332,QB,HST,13,1,72.0,25,26,8.9,2.86,0,1,3.6,65.4,17,0,13,5.6,32,1,-0.41,8,78.1,62.5,60.3,62.9,0,1,34,0,34.4,38.5,91.5,15.6,5,1,0,1,2,1,2.9,158,6.1
2021,12,False,passing,pff,Jared Goff,10635,QB,DET,11,1,84.0,25,25,6.6,2.42,0,1,3.8,84.0,21,0,8,0.0,26,0,0.07,8,25.2,67.7,66.7,,0,0,27,0,53.8,12.5,121.8,3.8,1,0,0,0,2,1,3.7,171,6.8
2021,12,False,passing,pff,Zach Wilson,82096,QB,NYJ,22,1,60.9,23,24,4.7,2.68,0,0,0.0,58.3,14,0,9,0.0,28,0,-0.2,6,26.6,44.1,40.2,66.2,0,1,30,0,35.7,44.4,58.5,14.3,4,0,0,1,0,2,6.7,145,6.0
2021,12,False,passing,pff,Joe Burrow,28022,QB,CIN,7,1,90.9,22,24,7.5,2.57,1,2,7.7,83.3,20,0,6,0.0,27,0,0.2,12,77.2,91.9,90.6,64.4,0,1,29,0,55.6,33.3,96.2,7.4,2,1,0,1,1,1,3.4,190,7.9
2021,12,False,passing,pff,Cam Newton,6153,QB,CAR,5,1,46.7,15,21,10.3,2.55,4,1,4.5,23.8,5,0,9,28.6,22,2,-0.58,2,76.8,37.6,35.8,66.7,2,2,23,1,18.2,11.1,5.8,4.5,1,0,0,0,0,2,8.7,92,4.4
2021,12,False,passing,pff,Ryan Tannehill,7014,QB,TEN,31,1,61.1,18,21,7.6,2.96,3,0,0.0,52.4,11,0,8,0.0,26,0,-0.28,8,76.9,54.8,47.2,73.5,0,1,26,0,42.3,25.0,60.2,7.7,2,3,0,0,1,2,7.7,93,4.4
2021,12,False,passing,pff,Teddy Bridgewater,8667,QB,DEN,10,1,73.3,15,18,6.3,2.79,1,0,0.0,61.1,11,0,9,0.0,19,0,0.54,9,75.5,71.0,65.8,68.5,1,0,20,0,52.6,0.0,101.4,0.0,0,1,0,1,1,0,0.0,129,7.2
2021,12,False,passing,pff,P.J. Walker,12134,QB,CAR,5,1,60.0,10,10,17.4,3.03,0,0,0.0,50.0,5,0,9,16.7,14,1,-0.5,3,73.2,67.1,66.4,,0,1,14,0,35.7,44.4,40.4,28.6,4,0,0,0,0,0,0.0,87,8.7
2021,12,False,passing,pff,Drew Lock,39517,QB,DEN,10,1,66.7,6,7,6.0,2.26,0,0,0.0,57.1,4,0,3,0.0,8,0,-0.91,2,18.1,25.2,25.7,,0,1,9,0,25.0,33.3,25.6,12.5,1,0,1,0,0,2,22.2,26,3.7
2021,12,False,passing,pff,Cooper Kupp,11824,WR,LA,26,1,0.0,1,1,26.0,3.4,0,0,0.0,0.0,0,0,1,,1,0,-0.41,0,72.8,90.1,73.6,,0,0,1,0,0.0,0.0,39.6,0.0,0,0,0,0,0,0,0.0,0,0.0
2021,12,False,passing,pff,Blake Gillikin,45045,P,NO,20,1,0.0,1,1,9.0,1.9,0,0,0.0,0.0,0,0,0,,1,0,-2.77,0,60.4,47.8,51.7,,0,0,1,0,0.0,,39.6,0.0,0,0,0,0,0,0,0.0,0,0.0
2021,12,False,passing,pff,Brandon Allen,10835,QB,CIN,7,1,0.0,1,1,7.0,2.0,0,0,0.0,0.0,0,0,0,,1,0,-1.31,0,64.5,49.9,53.6,58.0,0,0,1,0,0.0,,39.6,0.0,0,0,0,0,0,0,0.0,0,0.0
2021,12,False,passing,pff,Justin Jefferson,61398,WR,MIN,18,1,100.0,1,1,-5.0,3.3,0,0,0.0,100.0,1,0,0,0.0,1,0,1.25,1,68.0,70.7,60.1,,0,0,1,0,100.0,,118.8,0.0,0,0,0,0,0,0,0.0,24,24.0
2021,13,False,passing,pff,Tom Brady,698,QB,TB,30,1,78.4,51,51,6.3,2.18,0,3,5.8,74.5,38,0,5,5.0,51,2,0.36,22,80.8,82.2,80.3,60.0,0,1,52,0,58.8,0.0,112.2,0.0,0,0,0,0,4,1,1.9,368,7.2
2021,13,False,passing,pff,Mike Glennon,7854,QB,NYG,21,1,67.6,37,44,7.7,2.58,1,0,0.0,52.3,23,0,19,8.0,47,2,-0.29,10,80.1,40.9,41.5,,0,1,48,0,27.7,15.8,53.9,6.4,3,0,2,4,0,3,6.3,187,4.3
2021,13,False,passing,pff,Tua Tagovailoa,60326,QB,MIA,17,1,87.2,39,41,7.2,2.38,0,0,0.0,73.2,30,0,9,11.8,44,4,0.14,17,79.9,89.1,87.9,57.8,1,0,45,0,54.5,22.2,104.1,4.5,2,1,0,1,2,0,0.0,244,6.0
2021,13,False,passing,pff,Andy Dalton,6187,QB,CHI,6,1,76.9,39,41,5.8,2.5,1,1,2.2,63.4,26,0,13,13.3,45,4,-0.31,14,80.5,66.2,66.6,54.5,0,4,50,1,40.0,23.1,54.9,6.7,3,1,0,1,2,1,2.0,229,5.6
2021,13,False,passing,pff,Jared Goff,10635,QB,DET,11,1,75.7,37,41,8.6,2.73,0,3,7.1,61.0,25,0,12,10.7,45,3,0.06,14,30.0,59.1,63.2,55.0,0,1,46,2,51.1,25.0,97.2,6.7,3,1,2,2,3,2,4.3,296,7.2
2021,13,False,passing,pff,Taysom Hill,12112,QB,NO,20,1,60.5,38,41,8.2,3.1,1,0,0.0,46.3,19,0,20,17.4,47,4,-0.28,12,81.3,57.0,40.1,91.5,1,4,48,0,36.2,10.0,44.2,4.3,2,4,0,1,2,4,8.3,264,6.4
2021,13,False,passing,pff,Matt Ryan,4317,QB,ATL,2,1,82.1,39,41,6.7,2.64,0,0,0.0,73.2,30,0,18,6.3,47,2,0.05,14,23.4,51.8,60.8,28.1,0,0,49,1,48.9,27.8,93.2,10.6,5,1,0,2,0,1,2.0,297,7.2
2021,13,False,passing,pff,Dak Prescott,10769,QB,DAL,9,1,70.3,37,40,9.6,2.61,2,4,8.9,65.0,26,0,14,0.0,42,0,-0.12,10,80.6,67.2,66.1,60.5,1,1,47,0,38.1,7.1,79.0,2.4,1,0,0,0,1,2,4.3,238,6.0
2021,13,False,passing,pff,Kirk Cousins,7102,QB,MIN,18,1,75.0,40,40,9.0,2.64,0,2,4.9,75.0,30,0,12,0.0,45,0,0.11,18,79.9,79.1,78.8,57.8,0,0,46,0,53.3,25.0,116.7,6.7,3,1,0,0,2,1,2.2,340,8.5
2021,13,False,passing,pff,Teddy Bridgewater,8667,QB,DEN,10,1,69.7,33,40,8.0,3.08,3,1,2.2,55.0,22,0,15,4.3,44,1,-0.22,11,80.5,44.1,42.8,61.0,0,2,49,1,43.2,6.7,62.2,2.3,1,3,0,4,1,4,8.2,257,6.4
2021,13,False,passing,pff,Joe Burrow,28022,QB,CIN,7,1,73.7,38,40,10.2,2.61,0,4,9.8,60.0,24,0,19,14.3,47,4,-0.08,15,80.3,76.7,73.0,72.2,0,2,50,0,36.2,31.6,70.8,12.8,6,1,0,2,1,1,2.0,300,7.5
2021,13,False,passing,pff,Derek Carr,8671,QB,LV,23,1,75.7,37,38,9.9,2.86,0,2,4.9,73.7,28,0,10,0.0,42,0,0.09,15,79.8,76.3,73.8,66.4,0,0,45,0,52.4,20.0,90.8,4.8,2,2,0,1,0,0,0.0,249,6.6
2021,13,False,passing,pff,Zach Wilson,82096,QB,NYJ,22,1,77.8,36,38,9.4,2.66,0,0,0.0,60.5,23,0,14,17.9,40,5,0.1,15,79.9,67.0,65.8,61.8,0,1,42,0,42.5,14.3,83.9,5.0,2,0,1,1,2,2,4.8,226,5.9
2021,13,False,passing,pff,Matthew Stafford,4924,QB,LA,26,1,80.6,36,38,10.2,2.66,1,2,5.0,68.4,26,0,8,10.3,39,3,0.36,15,79.4,80.3,77.6,62.6,0,0,41,0,56.4,12.5,117.8,2.6,1,0,0,1,3,0,0.0,295,7.8
2021,13,False,passing,pff,Lamar Jackson,46416,QB,BLT,3,1,74.3,35,37,7.3,3.39,1,0,0.0,62.2,23,0,21,11.5,47,3,0.12,15,35.0,44.2,35.5,82.9,0,1,49,1,46.8,33.3,80.1,14.9,7,3,0,1,1,3,6.1,253,6.8
2021,13,False,passing,pff,Russell Wilson,7077,QB,SEA,29,1,86.1,36,37,7.8,2.42,1,2,5.1,81.1,30,0,16,3.2,43,1,-0.18,12,29.8,66.5,68.9,54.5,0,1,45,1,51.2,25.0,99.4,9.3,4,2,0,0,2,1,2.2,231,6.2
2021,13,False,passing,pff,Justin Herbert,28237,QB,LAC,27,1,76.5,34,35,10.3,2.86,0,1,2.8,74.3,26,0,13,0.0,40,0,0.04,14,79.5,71.9,66.0,64.4,0,1,42,0,47.5,30.8,118.4,10.0,4,1,0,1,3,0,0.0,317,9.1
2021,13,False,passing,pff,Ben Roethlisberger,1732,QB,PIT,25,1,73.3,30,31,8.0,2.2,0,2,6.1,67.7,21,0,5,4.5,32,1,0.27,11,78.3,75.3,73.8,60.0,0,0,34,0,50.0,20.0,111.8,3.1,1,0,0,1,2,1,2.9,236,7.6
2021,13,False,passing,pff,Jimmy Garoppolo,8697,QB,SF,28,1,75.9,29,30,7.7,2.54,1,1,3.3,66.7,20,0,8,9.1,31,2,0.22,12,78.5,73.6,69.6,71.0,0,2,32,0,54.8,12.5,93.6,3.2,1,0,0,0,2,2,6.3,299,10.0
2021,13,False,passing,pff,Taylor Heinicke,9896,QB,WAS,32,1,83.3,30,30,7.0,3.37,0,0,0.0,76.7,23,0,9,8.0,33,2,0.19,13,79.0,69.5,70.4,55.5,0,1,37,0,51.5,11.1,101.5,3.0,1,2,0,0,2,2,5.4,196,6.5
2021,13,False,passing,pff,Josh Allen,46601,QB,BUF,4,1,55.2,29,30,11.1,3.08,1,2,6.5,50.0,15,0,12,6.3,37,1,-0.1,11,78.7,70.9,63.3,86.5,0,0,38,1,45.9,16.7,75.0,5.4,2,5,0,0,1,0,0.0,145,4.8
2021,13,False,passing,pff,Patrick Mahomes,11765,QB,KC,16,1,73.1,26,29,5.6,2.78,1,0,0.0,51.7,15,0,5,21.1,32,4,-0.08,9,78.7,61.4,55.8,73.9,0,1,35,1,40.6,20.0,57.3,3.1,1,2,0,2,0,0,0.0,184,6.3
2021,13,False,passing,pff,Trevor Lawrence,77632,QB,JAX,15,1,63.0,27,28,3.9,2.61,0,0,0.0,57.1,16,0,10,5.9,33,1,-0.01,8,27.7,56.7,62.4,42.1,0,0,36,0,39.4,20.0,71.3,6.1,2,3,0,1,0,0,0.0,145,5.2
2021,13,False,passing,pff,Gardner Minshew,41401,QB,PHI,24,1,90.9,22,25,6.1,3.19,0,1,3.8,80.0,20,0,7,0.0,29,0,0.53,13,27.2,72.1,66.9,72.7,0,0,31,0,58.6,28.6,133.7,6.9,2,1,0,3,2,1,3.2,242,9.7
2021,13,False,passing,pff,Carson Wentz,10636,QB,IND,14,1,77.3,22,22,8.2,2.72,0,0,0.0,72.7,16,0,7,5.9,24,1,0.05,8,76.9,69.9,65.3,71.2,0,0,25,0,58.3,14.3,107.8,4.2,1,1,0,0,1,0,0.0,158,7.2
2021,13,False,passing,pff,Kyler Murray,38334,QB,ARZ,1,1,80.0,15,15,4.3,2.92,0,1,6.3,73.3,11,0,5,8.3,21,1,0.45,8,17.9,51.7,63.3,46.2,0,0,23,1,57.1,20.0,136.9,4.8,1,5,0,0,2,1,4.3,123,8.2
2021,13,False,passing,pff,Davis Mills,52269,QB,HST,13,1,50.0,14,14,5.3,3.14,0,0,0.0,42.9,6,0,10,14.3,18,1,-0.8,4,74.5,36.4,34.1,63.4,0,0,18,1,33.3,20.0,52.4,11.1,2,2,0,0,0,1,5.6,49,3.5
2021,13,False,passing,pff,Tyrod Taylor,6332,QB,HST,13,1,46.2,13,13,5.5,3.18,0,0,0.0,38.5,5,0,7,16.7,17,1,-0.81,4,75.2,42.5,39.2,62.9,0,1,19,0,23.5,28.6,16.5,11.8,2,2,0,0,0,1,5.3,45,3.5
2021,13,False,passing,pff,Mac Jones,60323,QB,NE,19,1,66.7,3,3,6.3,2.77,0,0,0.0,66.7,2,0,2,0.0,3,0,-0.15,1,70.7,52.1,45.0,61.0,0,0,3,0,33.3,0.0,84.0,0.0,0,0,0,0,0,0,0.0,19,6.3
2021,13,False,passing,pff,Justin Jefferson,61398,WR,MIN,18,1,0.0,1,1,2.0,3.9,0,0,0.0,0.0,0,0,1,,1,0,-0.46,0,72.0,90.2,60.1,,0,0,1,0,0.0,0.0,39.6,0.0,0,0,0,0,0,0,0.0,0,0.0
2021,14,False,passing,pff,Josh Allen,46601,QB,BUF,4,1,75.0,48,54,6.4,2.61,3,1,1.8,66.7,36,0,21,0.0,62,0,-0.09,17,83.0,75.8,65.8,90.2,0,1,65,1,43.5,14.3,86.0,4.8,3,5,0,3,2,1,1.5,308,5.7
2021,14,False,passing,pff,Davis Mills,52269,QB,HST,13,1,75.6,45,49,6.2,2.54,2,1,1.9,67.3,33,0,11,2.9,53,1,-0.07,17,81.2,57.1,59.1,48.1,1,0,57,0,50.9,18.2,93.2,3.8,2,2,1,0,1,2,3.5,331,6.8
2021,14,False,passing,pff,Kyler Murray,38334,QB,ARZ,1,1,70.2,47,49,10.7,2.89,1,5,9.8,65.3,32,0,29,3.0,58,1,0.04,19,40.9,79.3,79.1,61.4,0,2,61,0,50.0,13.8,72.1,6.9,4,5,0,1,0,4,6.6,383,7.8
2021,14,False,passing,pff,Tom Brady,698,QB,TB,30,1,75.0,44,46,7.8,2.28,1,2,3.9,67.4,31,0,8,6.1,50,2,0.17,15,81.8,63.1,57.4,80.1,0,0,55,0,50.0,25.0,105.6,4.0,2,2,0,1,2,3,5.5,363,7.9
2021,14,False,passing,pff,Derek Carr,8671,QB,LV,23,1,85.7,42,45,4.2,2.61,0,0,0.0,73.3,33,0,22,8.3,49,3,-0.28,13,31.2,60.2,59.7,,1,1,51,0,44.9,18.2,85.7,8.2,4,0,0,2,1,2,3.9,263,5.8
2021,14,False,passing,pff,Zach Wilson,82096,QB,NYJ,22,1,57.9,38,42,7.5,3.16,1,1,2.2,45.2,19,0,13,13.6,49,3,-0.39,10,80.8,53.2,54.3,60.5,0,0,53,1,26.5,23.1,59.8,6.1,3,4,0,3,0,0,0.0,202,4.8
2021,14,False,passing,pff,Jimmy Garoppolo,8697,QB,SF,28,1,78.4,37,41,8.8,2.76,0,1,2.3,65.9,27,0,17,6.9,46,2,0.07,14,28.0,66.3,64.2,62.6,1,0,48,0,45.7,29.4,103.3,10.9,5,0,0,3,2,2,4.2,296,7.2
2021,14,False,passing,pff,Trevor Lawrence,77632,QB,JAX,15,1,73.5,34,40,8.1,2.68,1,1,2.3,60.0,24,0,16,4.0,44,1,-0.38,9,80.0,44.0,46.0,55.7,1,4,47,0,34.1,18.8,35.5,6.8,3,1,0,4,0,4,8.5,221,5.5
2021,14,False,passing,pff,Ben Roethlisberger,1732,QB,PIT,25,1,83.3,36,40,8.9,2.07,3,2,4.4,70.0,28,0,15,6.7,46,2,0.09,12,32.5,71.1,70.6,63.1,0,1,51,1,43.5,33.3,107.1,10.9,5,1,1,0,3,3,5.9,308,7.7
2021,14,False,passing,pff,Jared Goff,10635,QB,DET,11,1,68.6,35,39,8.5,2.82,3,0,0.0,61.5,24,0,9,0.0,42,0,-0.04,10,79.5,55.2,54.0,63.2,0,1,42,0,47.6,22.2,74.2,4.8,2,1,0,1,1,1,2.4,215,5.5
2021,14,False,passing,pff,Dak Prescott,10769,QB,DAL,9,1,69.2,39,39,6.7,2.8,0,0,0.0,56.4,22,0,13,18.5,46,5,-0.25,13,81.1,47.4,44.9,65.5,0,2,52,1,39.1,30.8,58.8,8.7,4,3,0,0,1,4,7.7,211,5.4
2021,14,False,passing,pff,Tyler Huntley,46448,QB,BLT,3,1,84.8,33,38,8.8,2.77,2,1,2.4,71.1,27,0,13,3.6,46,1,0.02,16,30.7,62.3,59.0,74.0,0,0,50,1,47.8,23.1,99.7,6.5,3,5,1,2,1,2,4.0,270,7.1
2021,14,False,passing,pff,Aaron Rodgers,2241,QB,GB,12,1,82.9,35,37,7.7,2.53,0,2,5.4,78.4,29,0,6,0.0,40,0,0.37,19,79.0,72.4,72.7,60.0,0,0,40,0,60.0,50.0,141.1,7.5,3,0,0,2,4,0,0.0,341,9.2
2021,14,False,passing,pff,Mike Glennon,7854,QB,NYG,21,1,62.5,32,36,8.7,2.71,0,1,2.5,47.2,17,0,10,15.0,39,3,-0.29,9,28.8,53.1,50.3,65.6,1,1,43,0,28.2,20.0,70.5,5.1,2,1,1,2,2,3,7.0,191,5.3
2021,14,False,passing,pff,Joe Burrow,28022,QB,CIN,7,1,84.4,32,34,8.6,2.74,1,5,14.3,73.5,25,0,19,7.4,40,2,0.21,16,28.9,90.6,90.3,57.9,0,0,42,0,50.0,26.3,125.6,12.5,5,1,0,1,2,1,2.4,348,10.2
2021,14,False,passing,pff,Justin Fields,82118,QB,CHI,6,1,62.5,32,33,7.8,3.36,0,0,0.0,54.5,18,0,28,10.0,43,2,-0.21,11,80.1,49.6,41.6,74.0,0,2,47,0,39.5,7.1,70.8,4.7,2,8,0,1,2,2,4.3,224,6.8
2021,14,False,passing,pff,Baker Mayfield,46518,QB,CLV,8,1,76.7,30,32,7.2,2.79,1,2,5.7,68.8,22,0,9,4.3,35,1,-0.06,12,79.4,76.2,72.7,69.8,1,1,38,0,48.6,0.0,91.9,0.0,0,3,0,0,2,2,5.3,190,5.9
2021,14,False,passing,pff,Kirk Cousins,7102,QB,MIN,18,1,55.2,29,31,11.7,2.45,1,2,6.1,45.2,14,0,12,12.5,33,2,-0.21,9,78.5,62.8,61.0,70.2,1,2,35,1,36.4,0.0,63.4,0.0,0,1,0,0,2,1,2.9,216,7.0
2021,14,False,passing,pff,Ryan Tannehill,7014,QB,TEN,31,1,82.1,28,31,5.1,2.58,0,0,0.0,64.5,20,0,15,13.0,38,3,0.11,12,79.1,79.0,75.1,71.4,2,0,39,0,50.0,26.7,81.5,10.5,4,3,0,1,0,0,0.0,191,6.2
2021,14,False,passing,pff,Justin Herbert,28237,QB,LAC,27,1,76.7,30,31,8.2,2.99,0,2,6.3,74.2,23,0,13,0.0,35,0,0.45,16,78.9,74.7,76.3,54.0,0,0,36,1,57.1,15.4,133.1,5.7,2,2,0,1,3,0,0.0,275,8.9
2021,14,False,passing,pff,Matthew Stafford,4924,QB,LA,26,1,79.3,29,30,9.0,2.59,0,3,8.8,76.7,23,0,7,0.0,33,0,0.49,12,78.4,90.1,90.0,,0,0,37,1,57.6,42.9,139.2,9.1,3,0,0,1,3,0,0.0,287,9.6
2021,14,False,passing,pff,Matt Ryan,4317,QB,ATL,2,1,80.8,26,28,8.2,2.64,1,1,3.2,67.9,19,0,11,9.5,28,2,0.26,10,78.5,65.9,61.6,71.1,0,0,31,0,39.3,0.0,98.8,0.0,0,0,0,1,1,1,3.2,190,6.8
2021,14,False,passing,pff,Russell Wilson,7077,QB,SEA,29,1,66.7,27,28,13.7,2.79,1,4,12.5,60.7,17,0,8,5.6,30,1,0.48,12,77.9,89.5,86.4,63.9,0,0,34,0,50.0,0.0,115.2,0.0,0,1,0,0,2,0,0.0,260,9.3
2021,14,False,passing,pff,Teddy Bridgewater,8667,QB,DEN,10,1,84.0,25,25,7.5,2.68,0,2,7.4,72.0,18,0,8,14.3,26,3,0.43,10,77.0,67.7,66.4,,0,0,28,1,57.7,12.5,118.6,3.8,1,0,0,0,2,0,0.0,179,7.2
2021,14,False,passing,pff,Taylor Heinicke,9896,QB,WAS,32,1,50.0,24,25,11.4,3.01,0,1,3.4,44.0,11,0,17,8.3,31,1,-0.98,5,27.7,34.0,32.8,61.0,1,1,36,0,22.6,23.5,55.8,12.9,4,2,0,0,1,4,11.1,122,4.9
2021,14,False,passing,pff,Patrick Mahomes,11765,QB,KC,16,1,90.9,22,24,5.9,3.0,0,1,3.0,83.3,20,0,9,0.0,30,0,0.58,12,78.9,70.3,71.5,54.9,0,0,39,0,66.7,33.3,139.2,10.0,3,3,0,2,2,0,0.0,258,10.8
2021,14,False,passing,pff,Cam Newton,6153,QB,CAR,5,1,65.2,23,23,7.0,2.28,0,1,4.2,65.2,15,0,8,0.0,25,0,-0.18,8,78.4,62.5,56.4,70.2,0,1,26,0,56.0,12.5,70.6,4.0,1,1,0,0,0,1,3.8,178,7.7
2021,14,False,passing,pff,Taysom Hill,12112,QB,NO,20,1,85.0,20,21,4.5,2.73,0,0,0.0,71.4,15,0,10,11.8,28,2,0.14,9,26.0,72.0,63.2,75.6,0,0,29,1,53.6,30.0,96.3,10.7,3,3,0,1,0,1,3.4,175,8.3
2021,14,False,passing,pff,P.J. Walker,12134,QB,CAR,5,1,50.0,12,12,12.3,2.56,0,0,0.0,50.0,6,0,3,0.0,12,0,-0.23,5,21.5,43.1,52.7,42.4,0,1,13,0,50.0,0.0,62.8,0.0,0,0,0,0,1,1,7.7,75,6.3
2021,14,False,passing,pff,Kyle Allen,26152,QB,WAS,32,1,75.0,8,9,8.4,2.74,0,1,10.0,44.4,4,0,3,33.3,11,2,-0.4,3,20.5,56.0,55.8,66.3,0,0,12,1,45.5,33.3,63.7,9.1,1,1,0,1,0,1,8.3,53,5.9
2021,14,False,passing,pff,Lamar Jackson,46416,QB,BLT,3,1,100.0,4,4,1.8,3.13,0,0,0.0,100.0,4,0,3,0.0,6,0,-0.4,1,70.6,67.4,69.6,59.3,0,0,7,0,16.7,33.3,84.4,16.7,1,1,0,0,0,0,0.0,17,4.3
2021,14,False,passing,pff,Riley Dixon,10862,P,NYG,21,1,0.0,1,1,13.0,2.4,0,0,0.0,0.0,0,0,0,,1,0,-2.08,0,60.4,50.2,53.3,,0,0,1,0,0.0,,39.6,0.0,0,0,0,0,0,0,0.0,0,0.0
2021,15,False,passing,pff,Tom Brady,698,QB,TB,30,1,63.0,46,48,8.1,2.44,1,2,4.1,54.2,26,0,15,10.3,53,3,-0.4,13,33.5,53.1,59.1,39.5,0,1,54,0,34.0,26.7,57.1,7.5,4,1,0,1,0,3,5.6,214,4.5
2021,15,False,passing,pff,Patrick Mahomes,11765,QB,KC,16,1,75.6,41,47,6.7,2.78,1,2,4.0,66.0,31,0,15,0.0,50,0,0.32,21,33.8,78.2,75.7,66.7,2,1,53,0,54.0,6.7,105.8,2.0,1,2,0,3,3,1,1.9,410,8.7
2021,15,False,passing,pff,Mac Jones,60323,QB,NE,19,1,64.3,42,45,11.2,3.06,0,2,4.3,57.8,26,0,15,3.7,47,1,0.02,16,80.3,62.5,61.5,65.6,0,2,49,1,51.1,6.7,74.2,2.1,1,1,0,3,2,2,4.1,299,6.6
2021,15,False,passing,pff,Kyler Murray,38334,QB,ARZ,1,1,65.8,38,41,7.6,2.62,1,3,7.0,56.1,23,0,9,8.0,43,2,-0.28,13,80.3,63.9,65.6,50.6,0,1,45,0,44.2,22.2,72.9,4.7,2,0,0,2,1,2,4.4,257,6.3
2021,15,False,passing,pff,Tyler Huntley,46448,QB,BLT,3,1,78.4,37,40,6.8,3.03,2,0,0.0,70.0,28,0,15,3.4,49,1,0.12,17,81.5,81.5,71.4,85.6,0,0,52,1,51.0,6.7,99.5,2.0,1,8,0,1,2,0,0.0,215,5.4
2021,15,False,passing,pff,Justin Fields,82118,QB,CHI,6,1,86.1,36,39,8.0,3.23,0,3,7.5,66.7,26,0,19,16.1,47,5,-0.06,16,23.0,73.5,78.0,47.3,0,0,48,0,53.2,15.8,96.6,6.4,3,5,1,2,1,1,2.1,285,7.3
2021,15,False,passing,pff,Justin Herbert,28237,QB,LAC,27,1,70.6,34,38,9.9,3.02,2,2,5.1,57.9,22,0,11,8.3,41,2,0.06,15,79.7,89.6,87.5,69.3,0,1,42,0,46.3,0.0,82.8,0.0,0,3,0,2,2,0,0.0,236,6.2
2021,15,False,passing,pff,Trevor Lawrence,77632,QB,JAX,15,1,84.8,33,38,6.9,2.91,1,0,0.0,57.9,22,0,12,21.4,42,6,-0.01,13,80.5,64.4,61.3,68.0,0,0,45,0,35.7,25.0,73.4,7.1,3,1,1,3,0,0,0.0,210,5.5
2021,15,False,passing,pff,Cam Newton,6153,QB,CAR,5,1,54.5,33,38,8.0,2.57,3,1,2.4,47.4,18,0,26,0.0,45,0,-0.42,9,40.4,47.8,43.6,62.7,0,1,48,0,35.6,15.4,56.5,8.9,4,3,0,2,1,3,6.3,156,4.1
2021,15,False,passing,pff,Derek Carr,8671,QB,LV,23,1,77.8,36,38,9.0,2.81,0,1,2.5,65.8,25,0,15,10.7,42,3,-0.1,14,22.2,65.4,73.1,35.2,0,1,44,1,47.6,13.3,80.6,4.8,2,2,1,1,1,2,4.5,236,6.2
2021,15,False,passing,pff,Dak Prescott,10769,QB,DAL,9,1,83.3,36,37,6.0,2.57,0,0,0.0,75.7,28,0,14,6.7,40,2,-0.04,14,29.0,70.4,69.3,60.0,0,0,41,0,50.0,21.4,98.6,7.5,3,0,0,1,1,2,4.9,217,5.9
2021,15,False,passing,pff,Josh Allen,46601,QB,BUF,4,1,69.0,29,34,9.8,2.92,0,1,2.7,55.9,19,0,20,5.0,39,1,0.15,13,29.2,58.2,53.7,74.5,0,1,42,0,48.7,20.0,91.5,10.3,4,1,0,5,3,2,4.8,210,6.2
2021,15,False,passing,pff,Ryan Tannehill,7014,QB,TEN,31,1,78.1,32,32,7.2,2.54,0,2,5.9,71.9,23,0,16,8.0,37,2,-0.48,9,29.2,68.9,71.0,52.9,0,1,39,0,29.7,25.0,68.9,10.8,4,1,0,0,0,1,2.6,153,4.8
2021,15,False,passing,pff,Matt Ryan,4317,QB,ATL,2,1,75.0,28,32,10.1,3.09,0,2,6.3,59.4,19,0,25,9.5,39,2,-0.19,9,28.5,61.5,63.9,52.0,2,0,40,0,41.0,12.0,92.7,7.7,3,4,0,2,1,1,2.5,236,7.4
2021,15,False,passing,pff,Aaron Rodgers,2241,QB,GB,12,1,74.2,31,31,9.4,2.76,0,3,8.8,74.2,23,0,6,0.0,36,0,0.5,20,79.3,79.2,76.7,66.8,0,0,39,0,58.3,50.0,132.2,8.3,3,2,0,0,3,0,0.0,268,8.6
2021,15,False,passing,pff,Russell Wilson,7077,QB,SEA,29,1,64.3,28,31,13.2,2.77,0,0,0.0,54.8,17,0,13,5.6,34,1,-0.42,7,78.4,33.6,34.4,,0,1,36,0,35.3,23.1,55.3,8.8,3,0,0,3,0,2,5.6,156,5.0
2021,15,False,passing,pff,Garrett Gilbert,8848,QB,WAS,32,1,69.0,29,31,6.8,2.81,0,0,0.0,64.5,20,0,15,0.0,33,0,-0.01,8,27.2,59.7,57.5,,1,0,34,0,39.4,13.3,81.9,6.1,2,0,0,1,0,1,2.9,194,6.3
2021,15,False,passing,pff,Davis Mills,52269,QB,HST,13,1,67.9,28,30,7.6,2.47,1,1,3.3,63.3,19,0,12,0.0,31,0,-0.1,8,77.8,46.1,46.1,62.6,1,1,31,1,32.3,8.3,92.2,3.2,1,0,0,0,2,3,9.7,209,7.0
2021,15,False,passing,pff,Nick Mullens,12282,QB,CLV,8,1,75.0,28,30,8.0,2.55,0,1,3.2,66.7,20,0,8,4.8,30,1,0.05,9,77.6,69.2,70.0,,0,0,31,1,46.7,0.0,89.2,0.0,0,0,1,1,1,0,0.0,147,4.9
2021,15,False,passing,pff,Matthew Stafford,4924,QB,LA,26,1,85.7,28,29,8.0,2.78,0,3,9.1,72.4,21,0,13,12.5,33,3,0.08,11,79.2,76.7,75.4,60.5,0,1,37,0,42.4,30.8,106.1,12.1,4,0,0,1,2,1,2.7,244,8.4
2021,15,False,passing,pff,Tua Tagovailoa,60326,QB,MIA,17,1,61.5,26,27,10.0,2.68,0,2,7.1,59.3,16,0,13,0.0,31,0,-0.01,10,78.5,44.3,38.7,70.0,0,2,32,0,54.8,7.7,75.5,3.2,1,3,0,1,2,4,12.5,196,7.3
2021,15,False,passing,pff,Taysom Hill,12112,QB,NO,20,1,64.0,25,27,9.1,2.95,0,2,7.4,48.1,13,0,11,18.8,30,3,-0.19,5,79.9,65.3,64.2,62.3,0,0,30,1,36.7,18.2,66.0,6.7,2,1,0,2,0,1,3.3,154,5.7
2021,15,False,passing,pff,Jared Goff,10635,QB,DET,11,1,84.0,25,26,6.7,2.51,1,1,3.6,80.8,21,0,9,0.0,28,0,0.59,13,77.4,62.1,61.1,,0,0,30,1,60.7,22.2,139.7,7.1,2,0,0,0,3,2,6.7,216,8.3
2021,15,False,passing,pff,Jalen Hurts,40291,QB,PHI,24,1,88.5,26,26,9.3,2.99,0,2,7.4,76.9,20,0,12,13.0,32,3,0.18,13,27.9,74.9,74.1,63.7,0,1,33,0,59.4,25.0,110.4,9.4,3,3,0,0,1,2,6.1,296,11.4
2021,15,False,passing,pff,Ben Roethlisberger,1732,QB,PIT,25,1,70.8,24,25,5.0,2.08,1,0,0.0,64.0,16,0,7,5.9,28,1,-0.44,7,78.5,51.8,50.5,62.6,0,0,32,0,35.7,42.9,80.1,10.7,3,0,0,0,0,0,0.0,148,5.9
2021,15,False,passing,pff,Kirk Cousins,7102,QB,MIN,18,1,60.0,20,24,12.9,2.95,0,2,7.7,50.0,12,0,11,0.0,30,0,-0.29,5,77.6,59.1,61.2,50.3,2,1,32,0,30.0,36.4,69.3,13.3,4,2,1,1,2,1,3.1,87,3.6
2021,15,False,passing,pff,Mike Glennon,7854,QB,NYG,21,1,62.5,24,24,8.0,2.53,0,0,0.0,54.2,13,0,6,13.3,24,2,-0.52,6,76.6,41.0,44.2,58.2,0,3,25,1,20.8,0.0,24.8,0.0,0,0,0,0,0,3,12.0,99,4.1
2021,15,False,passing,pff,Jimmy Garoppolo,8697,QB,SF,28,1,90.9,22,23,5.7,2.37,1,1,4.2,78.3,18,0,4,10.0,23,2,0.56,11,76.7,85.7,87.0,57.2,0,0,24,0,60.9,0.0,123.7,0.0,0,0,0,0,1,0,0.0,235,10.2
2021,15,False,passing,pff,Zach Wilson,82096,QB,NYJ,22,1,68.4,19,23,4.7,3.18,2,0,0.0,56.5,13,0,15,0.0,32,0,-0.47,9,78.4,65.2,57.9,74.8,0,0,34,0,37.5,40.0,80.0,18.8,6,3,0,2,0,0,0.0,170,7.4
2021,15,False,passing,pff,Joe Burrow,28022,QB,CIN,7,1,75.0,20,22,6.5,3.43,1,1,4.2,68.2,15,0,12,0.0,29,0,-0.09,8,77.8,78.8,75.2,70.1,0,0,31,0,31.0,25.0,103.8,10.3,3,4,0,1,1,0,0.0,157,7.1
2021,15,False,passing,pff,Teddy Bridgewater,8667,QB,DEN,10,1,70.0,20,22,7.4,2.82,0,0,0.0,54.5,12,0,12,14.3,25,2,-0.43,5,76.9,56.4,49.2,76.9,0,0,25,0,28.0,16.7,66.1,8.0,2,1,0,2,0,0,0.0,98,4.5
2021,15,False,passing,pff,Carson Wentz,10636,QB,IND,14,1,50.0,12,12,10.9,3.14,0,0,0.0,41.7,5,0,4,16.7,14,1,-0.47,4,76.1,35.1,26.7,72.1,0,1,14,0,35.7,25.0,49.7,7.1,1,1,0,0,1,3,21.4,57,4.8
2021,15,False,passing,pff,Drew Lock,39517,QB,DEN,10,1,50.0,12,12,14.3,2.85,0,0,0.0,50.0,6,0,4,0.0,13,0,0.12,4,22.5,36.2,47.7,40.6,0,0,17,0,30.8,25.0,102.1,7.7,1,0,0,0,1,0,0.0,88,7.3
2021,15,False,passing,pff,Jake Fromm,60389,QB,NYG,21,1,63.6,11,12,10.1,2.67,0,0,0.0,50.0,6,0,2,14.3,13,1,0.03,4,72.8,78.7,77.2,,0,0,13,0,38.5,50.0,72.2,7.7,1,0,0,1,0,0,0.0,82,6.8
2021,15,False,passing,pff,Colt McCoy,5609,QB,ARZ,1,1,75.0,8,9,4.4,2.44,1,0,0.0,66.7,6,0,1,0.0,10,0,0.25,4,71.4,59.0,63.8,55.3,0,0,10,0,50.0,0.0,83.6,0.0,0,1,0,0,0,0,0.0,56,6.2
2021,15,False,passing,pff,Keenan Allen,7857,WR,LAC,27,1,0.0,1,1,14.0,3.1,0,0,0.0,0.0,0,0,0,,1,0,-0.35,0,69.5,69.1,48.9,,0,0,1,0,0.0,,39.6,0.0,0,0,0,0,0,0,0.0,0,0.0
2021,15,False,passing,pff,Deebo Samuel,48274,WR,SF,28,1,0.0,1,1,21.0,4.3,0,0,0.0,0.0,0,0,0,,1,0,-0.33,0,72.8,78.3,49.2,76.3,0,0,1,0,0.0,,39.6,0.0,0,0,0,0,0,0,0.0,0,0.0
2021,15,False,passing,pff,Keelan Cole Sr.,51593,WR,NYJ,22,1,0.0,1,1,9.0,3.4,0,0,0.0,0.0,0,0,1,,1,0,-0.49,0,63.8,49.5,50.1,,0,0,1,0,0.0,0.0,39.6,0.0,0,0,0,0,0,0,0.0,0,0.0
2021,16,False,passing,pff,Josh Allen,46601,QB,BUF,4,1,80.5,41,47,7.3,3.22,1,4,8.0,63.8,30,0,20,9.1,49,3,0.44,22,82.2,90.7,90.2,69.0,1,0,52,0,61.2,0.0,104.4,0.0,0,2,0,4,3,1,1.9,314,6.7
2021,16,False,passing,pff,Joe Burrow,28022,QB,CIN,7,1,88.6,44,46,8.8,2.61,2,3,6.0,80.4,37,0,18,5.1,50,2,0.61,27,81.2,89.9,86.9,65.4,0,0,55,0,56.0,16.7,143.2,6.0,3,1,0,0,4,0,0.0,525,11.4
2021,16,False,passing,pff,Kyler Murray,38334,QB,ARZ,1,1,71.8,39,43,7.5,2.48,0,3,7.0,62.8,27,0,16,3.6,44,1,-0.06,13,80.1,77.6,71.8,78.5,0,0,44,1,45.5,0.0,85.9,0.0,0,1,0,4,1,0,0.0,245,5.7
2021,16,False,passing,pff,Josh Johnson,4474,QB,BLT,3,1,75.7,37,40,8.0,2.43,0,2,4.8,70.0,28,0,13,0.0,43,0,0.33,19,29.8,63.2,71.3,30.7,0,1,45,0,55.8,7.7,98.3,2.3,1,2,0,3,2,1,2.2,304,7.6
2021,16,False,passing,pff,Dak Prescott,10769,QB,DAL,9,1,81.1,37,39,11.5,2.67,0,3,7.7,71.8,28,0,12,6.7,44,2,0.43,19,79.8,83.0,79.9,69.4,1,0,44,0,61.4,25.0,131.4,6.8,3,2,0,1,4,1,2.3,330,8.5
2021,16,False,passing,pff,Trevor Lawrence,77632,QB,JAX,15,1,80.0,35,39,10.9,3.06,0,1,2.4,66.7,26,0,9,7.1,43,2,0.15,17,22.9,61.4,66.9,39.4,0,0,46,0,58.1,11.1,87.6,2.3,1,3,1,3,0,2,4.3,280,7.2
2021,16,False,passing,pff,Kirk Cousins,7102,QB,MIN,18,1,77.8,36,38,9.8,2.72,0,2,5.3,71.1,27,0,15,3.6,44,1,0.05,14,21.9,66.6,70.3,45.1,0,1,44,0,45.5,20.0,93.6,6.8,3,3,1,1,1,2,4.5,315,8.3
2021,16,False,passing,pff,Matthew Stafford,4924,QB,LA,26,1,61.1,36,37,9.2,2.89,1,0,0.0,56.8,21,0,10,4.5,38,1,-0.15,12,79.0,42.8,39.0,72.2,0,3,38,0,44.7,0.0,46.8,0.0,0,1,0,0,1,4,10.5,197,5.3
2021,16,False,passing,pff,Baker Mayfield,46518,QB,CLV,8,1,65.7,35,36,9.7,2.65,1,1,2.6,58.3,21,0,14,8.7,42,2,-0.05,16,79.8,55.9,54.5,63.8,0,4,44,0,45.2,35.7,55.3,11.9,5,1,0,0,2,4,9.1,222,6.2
2021,16,False,passing,pff,Justin Herbert,28237,QB,LAC,27,1,84.4,32,35,7.5,2.83,1,1,2.6,77.1,27,0,4,0.0,40,0,0.25,19,79.6,65.4,68.7,47.7,0,2,44,0,75.0,25.0,92.1,2.5,1,4,0,2,1,1,2.3,336,9.6
2021,16,False,passing,pff,Jimmy Garoppolo,8697,QB,SF,28,1,79.4,34,35,6.5,2.54,1,0,0.0,74.3,26,0,9,3.7,37,1,0.11,14,79.1,56.6,58.6,50.9,0,2,39,0,45.9,22.2,88.0,5.4,2,0,0,0,1,3,7.7,322,9.2
2021,16,False,passing,pff,Nick Foles,7089,QB,CHI,6,1,80.6,31,35,6.1,2.69,0,0,0.0,68.6,24,0,14,4.0,40,1,0.14,14,29.6,60.2,59.4,60.1,3,0,43,0,45.0,28.6,98.5,10.0,4,1,0,1,1,2,4.7,250,7.1
2021,16,False,passing,pff,Ben Roethlisberger,1732,QB,PIT,25,1,71.4,35,35,5.7,2.21,0,1,2.7,65.7,23,0,9,8.0,37,2,-0.38,10,28.3,58.6,58.0,,0,1,39,0,37.8,22.2,73.4,5.4,2,0,0,0,1,2,5.1,159,4.5
2021,16,False,passing,pff,Tim Boyle,21956,QB,DET,11,1,77.4,31,34,6.0,2.48,0,0,0.0,70.6,24,0,7,0.0,34,0,0.03,11,78.1,56.2,55.5,,2,1,34,1,44.1,0.0,81.4,0.0,0,0,0,1,1,1,2.9,187,5.5
2021,16,False,passing,pff,Aaron Rodgers,2241,QB,GB,12,1,76.5,34,34,5.2,2.26,0,3,8.6,70.6,24,0,9,7.7,34,2,0.12,10,78.5,84.7,82.9,60.0,0,0,35,0,41.2,0.0,115.1,0.0,0,0,0,0,3,0,0.0,202,5.9
2021,16,False,passing,pff,Sam Darnold,29048,QB,CAR,5,1,65.4,26,32,9.7,2.77,0,0,0.0,46.9,15,0,15,11.8,37,2,-0.29,8,28.0,53.2,50.7,65.6,4,0,39,0,32.4,26.7,65.9,10.8,4,1,0,2,0,1,2.6,190,5.9
2021,16,False,passing,pff,Mac Jones,60323,QB,NE,19,1,53.3,30,32,10.4,3.18,1,0,0.0,43.8,14,0,11,12.5,36,2,-0.05,9,79.3,50.5,46.2,69.7,0,2,39,0,44.4,9.1,31.4,2.8,1,3,0,1,0,1,2.6,145,4.5
2021,16,False,passing,pff,Tom Brady,698,QB,TB,30,1,81.5,27,30,9.1,2.06,1,2,6.1,60.0,18,0,5,18.2,31,4,0.33,13,78.1,87.5,83.5,65.9,0,0,34,0,48.4,0.0,95.4,0.0,0,1,0,2,1,0,0.0,232,7.7
2021,16,False,passing,pff,Patrick Mahomes,11765,QB,KC,16,1,82.8,29,30,8.8,2.91,0,2,6.5,76.7,23,0,8,4.2,32,1,0.42,16,26.7,80.1,78.5,,0,0,33,0,59.4,25.0,135.1,6.3,2,0,0,1,3,1,3.0,258,8.6
2021,16,False,passing,pff,Ryan Tannehill,7014,QB,TEN,31,1,82.8,29,29,7.8,2.59,0,1,3.2,75.9,22,0,12,8.3,34,2,0.28,12,78.9,84.2,80.0,72.8,0,0,36,0,44.1,33.3,106.8,11.8,4,1,0,0,1,1,2.8,209,7.2
2021,16,False,passing,pff,Jalen Hurts,40291,QB,PHI,24,1,83.3,24,29,8.0,3.0,3,0,0.0,58.6,17,0,10,15.0,30,3,0.03,10,27.1,59.7,58.0,62.7,1,0,32,0,30.0,10.0,102.5,3.3,1,0,0,1,2,2,6.3,199,6.9
2021,16,False,passing,pff,Carson Wentz,10636,QB,IND,14,1,73.1,26,28,7.8,2.45,1,3,9.4,64.3,18,0,10,5.3,31,1,0.36,11,78.7,79.6,74.9,74.1,1,0,37,0,51.6,20.0,112.9,6.5,2,1,0,0,2,1,2.7,225,8.0
2021,16,False,passing,pff,Russell Wilson,7077,QB,SEA,29,1,64.0,25,27,8.3,2.7,1,1,3.7,59.3,16,0,10,0.0,30,0,0.03,10,78.0,49.9,51.3,52.7,0,0,32,0,40.0,20.0,104.1,6.7,2,1,0,1,2,2,6.3,181,6.7
2021,16,False,passing,pff,Davis Mills,52269,QB,HST,13,1,81.5,27,27,7.7,2.09,0,3,10.3,77.8,21,0,2,4.5,28,1,0.51,14,77.6,76.3,74.8,60.0,0,0,30,0,57.1,50.0,130.6,3.6,1,0,0,0,2,0,0.0,254,9.4
2021,16,False,passing,pff,Mike Glennon,7854,QB,NYG,21,1,72.0,25,27,5.5,2.88,0,0,0.0,63.0,17,0,11,5.6,29,1,-0.08,6,77.6,40.0,41.9,54.6,0,1,31,0,41.4,0.0,65.8,0.0,0,2,0,2,1,3,9.7,93,3.4
2021,16,False,passing,pff,Tua Tagovailoa,60326,QB,MIA,17,1,73.1,26,26,7.4,2.49,0,1,3.3,73.1,19,0,9,0.0,29,0,0.19,10,26.7,48.3,49.9,54.9,0,1,33,0,55.2,22.2,91.5,6.9,2,1,0,0,1,3,9.1,198,7.6
2021,16,False,passing,pff,Derek Carr,8671,QB,LV,23,1,83.3,24,25,6.0,2.67,0,1,3.8,80.0,20,0,8,0.0,30,0,-0.25,12,27.8,74.8,72.0,67.2,1,1,31,0,50.0,25.0,96.8,6.7,2,2,0,0,1,1,3.2,201,8.0
2021,16,False,passing,pff,Matt Ryan,4317,QB,ATL,2,1,90.5,21,24,8.0,2.67,1,2,8.3,75.0,18,0,10,5.3,27,1,0.18,10,77.9,87.5,84.9,67.6,0,0,27,0,55.6,30.0,115.8,11.1,3,0,0,2,1,0,0.0,215,9.0
2021,16,False,passing,pff,Zach Wilson,82096,QB,NYJ,22,1,84.2,19,22,5.6,2.93,1,0,0.0,63.6,14,0,7,12.5,26,2,0.35,10,76.9,80.5,64.8,91.7,0,0,26,0,46.2,14.3,89.6,3.8,1,3,0,2,1,1,3.8,102,4.6
2021,16,False,passing,pff,Taylor Heinicke,9896,QB,WAS,32,1,35.0,20,22,9.7,2.96,0,1,4.0,31.8,7,0,12,0.0,26,0,-0.86,5,77.4,41.5,41.9,60.0,0,2,29,0,19.2,33.3,28.8,15.4,4,0,0,2,1,2,6.9,121,5.5
2021,16,False,passing,pff,Drew Lock,39517,QB,DEN,10,1,81.8,22,22,10.8,2.86,0,2,8.3,68.2,15,0,13,16.7,25,3,-0.13,4,77.1,88.5,88.0,59.2,0,0,27,0,36.0,15.4,87.9,8.0,2,1,0,0,0,0,0.0,153,7.0
2021,16,False,passing,pff,Ian Book,40216,QB,NO,20,1,72.2,18,20,4.2,3.77,0,0,0.0,60.0,12,0,17,7.7,30,1,-0.92,5,77.8,54.1,53.0,59.9,0,2,31,1,20.0,47.1,40.6,26.7,8,2,0,2,0,1,3.2,135,6.8
2021,16,False,passing,pff,Jake Fromm,60389,QB,NYG,21,1,42.9,14,17,5.6,2.6,1,0,0.0,35.3,6,0,9,0.0,22,0,-0.74,3,75.4,34.2,33.7,55.8,1,1,22,0,22.7,22.2,19.5,9.1,2,3,0,1,0,2,9.1,25,1.5
2021,16,False,passing,pff,Cam Newton,6153,QB,CAR,5,1,53.8,13,13,8.3,2.13,0,0,0.0,53.8,7,0,6,0.0,16,0,-0.53,3,75.9,42.8,41.8,57.1,0,1,16,0,31.3,50.0,34.5,18.8,3,0,0,0,0,1,6.3,61,4.7
2021,16,False,passing,pff,Kyle Allen,26152,QB,WAS,32,1,80.0,10,10,6.7,2.6,0,1,10.0,80.0,8,0,3,0.0,11,0,0.48,4,71.9,73.7,72.4,,0,0,11,0,54.5,33.3,94.6,9.1,1,0,0,0,0,0,0.0,67,6.7
2021,16,False,passing,pff,Mason Rudolph,46569,QB,PIT,25,1,83.3,6,8,3.2,3.16,0,0,0.0,62.5,5,0,6,0.0,9,0,0.27,4,70.9,75.2,67.6,65.9,1,0,9,0,55.6,0.0,72.4,0.0,0,1,1,0,0,0,0.0,35,4.4
2021,16,False,passing,pff,Cooper Rush,12324,QB,DAL,9,1,100.0,3,3,2.0,2.1,0,0,0.0,66.7,2,0,0,33.3,3,1,2.02,2,68.7,58.4,63.0,60.0,0,0,3,0,66.7,,149.3,0.0,0,0,0,0,1,0,0.0,70,23.3
2021,16,False,passing,pff,Jack Fox,34735,P,DET,11,1,100.0,1,1,8.0,1.9,0,0,0.0,100.0,1,0,0,0.0,1,0,3.94,1,60.4,70.7,67.2,,0,0,1,0,100.0,,118.8,0.0,0,0,0,0,0,0,0.0,21,21.0
2021,16,False,passing,pff,A.J. Brown,48327,WR,TEN,31,1,0.0,1,1,29.0,3.9,0,0,0.0,0.0,0,0,1,,1,0,-0.94,0,72.0,90.7,42.3,,0,0,1,0,0.0,0.0,39.6,0.0,0,0,0,0,0,1,100.0,0,0.0
2021,16,False,passing,pff,Blaine Gabbert,6162,QB,TB,30,1,0.0,1,1,18.0,2.8,0,0,0.0,0.0,0,0,0,,1,0,-1.69,0,60.4,54.7,55.1,,0,0,1,0,0.0,,39.6,0.0,0,0,0,0,0,0,0.0,0,0.0
2021,17,False,passing,pff,Tom Brady,698,QB,TB,30,1,77.1,48,50,11.2,2.42,0,4,8.0,68.0,34,0,8,8.1,51,3,0.42,21,80.6,84.7,84.0,,0,1,52,1,54.9,12.5,104.6,2.0,1,0,1,1,3,1,1.9,410,8.2
2021,17,False,passing,pff,Ben Roethlisberger,1732,QB,PIT,25,1,58.7,46,46,6.5,2.19,0,0,0.0,52.2,24,0,10,11.1,48,3,-0.37,10,31.5,42.8,42.7,60.0,0,1,50,0,22.9,20.0,56.3,4.2,2,0,0,0,1,3,6.0,123,2.7
2021,17,False,passing,pff,Joe Burrow,28022,QB,CIN,7,1,86.5,37,39,7.4,2.44,0,3,6.8,76.9,30,0,16,6.3,45,2,0.46,13,80.9,80.3,84.1,45.9,1,0,50,0,46.7,25.0,148.0,8.9,4,2,0,1,4,0,0.0,446,11.4
2021,17,False,passing,pff,Tua Tagovailoa,60326,QB,MIA,17,1,59.5,37,38,9.7,2.81,0,1,2.6,47.4,18,0,12,18.2,43,4,-0.4,11,17.2,47.6,53.8,36.6,0,1,44,0,27.9,33.3,53.1,9.3,4,1,0,1,0,3,6.8,205,5.4
2021,17,False,passing,pff,Kyler Murray,38334,QB,ARZ,1,1,78.8,33,38,9.1,2.64,1,3,7.3,68.4,26,0,12,0.0,41,0,0.16,12,81.1,69.9,70.9,58.8,0,0,46,0,39.0,8.3,105.5,2.4,1,2,0,4,2,1,2.2,263,6.9
2021,17,False,passing,pff,Dak Prescott,10769,QB,DAL,9,1,78.8,33,38,5.3,2.84,4,0,0.0,63.2,24,0,16,7.7,42,2,0.24,14,18.9,64.4,70.2,42.2,0,0,48,0,57.1,6.3,105.8,2.4,1,3,0,1,3,2,4.2,226,5.9
2021,17,False,passing,pff,Aaron Rodgers,2241,QB,GB,12,1,83.8,37,38,6.5,2.35,0,3,7.7,76.3,29,0,7,6.5,40,2,0.27,17,79.2,90.2,89.6,59.2,0,0,41,0,62.5,0.0,114.8,0.0,0,2,0,1,2,0,0.0,288,7.6
2021,17,False,passing,pff,Baker Mayfield,46518,QB,CLV,8,1,62.5,32,38,8.8,2.75,4,0,0.0,42.1,16,0,17,20.0,48,4,-0.46,9,80.7,47.4,46.6,61.9,0,2,51,0,33.3,52.9,53.1,18.8,9,1,0,2,2,1,2.0,185,4.9
2021,17,False,passing,pff,Tim Boyle,21956,QB,DET,11,1,65.7,35,37,7.0,2.5,1,1,2.6,59.5,22,0,7,4.3,38,1,0.05,13,28.4,62.4,59.9,64.4,1,3,41,0,50.0,0.0,65.4,0.0,0,1,0,0,2,3,7.3,262,7.1
2021,17,False,passing,pff,Sean Mannion,9522,QB,MIN,18,1,72.7,33,36,7.0,2.68,1,1,2.6,61.1,22,0,13,8.3,39,2,-0.37,9,79.4,68.9,64.4,74.4,0,0,41,0,35.9,15.4,84.1,5.1,2,1,0,2,1,0,0.0,189,5.3
2021,17,False,passing,pff,Taylor Heinicke,9896,QB,WAS,32,1,87.1,31,36,5.3,2.66,3,2,5.3,75.0,27,0,14,0.0,42,0,-0.17,15,79.6,56.5,54.8,64.1,0,1,44,0,47.6,21.4,81.6,7.1,3,2,1,1,0,3,6.8,247,6.9
2021,17,False,passing,pff,Patrick Mahomes,11765,QB,KC,16,1,81.8,33,35,9.3,2.96,0,3,7.9,74.3,26,0,13,3.7,37,1,0.38,12,79.0,83.8,79.5,73.1,0,0,40,0,54.1,0.0,113.9,0.0,0,2,0,2,2,2,5.0,259,7.4
2021,17,False,passing,pff,Andy Dalton,6187,QB,CHI,6,1,65.5,29,35,9.0,2.61,2,0,0.0,51.4,18,0,10,5.3,40,1,-0.11,10,79.2,45.2,45.2,57.4,0,1,41,0,37.5,20.0,63.2,5.0,2,3,1,3,1,3,7.3,173,4.9
2021,17,False,passing,pff,Matthew Stafford,4924,QB,LA,26,1,85.7,35,35,7.3,2.69,0,2,5.6,74.3,26,0,8,13.3,36,4,0.19,14,27.9,68.4,69.2,60.0,0,2,37,1,58.3,12.5,96.0,2.8,1,0,0,0,2,3,8.1,309,8.8
2021,17,False,passing,pff,Zach Wilson,82096,QB,NYJ,22,1,72.4,29,33,7.6,2.65,0,1,2.9,57.6,19,0,13,9.5,34,2,0.16,14,78.7,68.1,69.5,53.1,1,0,35,0,50.0,7.7,89.7,2.9,1,0,0,3,1,1,2.9,234,7.1
2021,17,False,passing,pff,Tyler Huntley,46448,QB,BLT,3,1,75.9,29,32,9.9,2.43,0,1,3.1,62.5,20,0,11,9.1,39,2,-0.13,10,79.9,73.3,70.1,74.1,0,1,40,1,41.0,45.5,66.8,12.8,5,2,2,1,0,2,5.0,197,6.2
2021,17,False,passing,pff,Davis Mills,52269,QB,HST,13,1,70.0,30,32,6.0,2.65,0,1,2.7,65.6,21,0,15,0.0,36,0,-0.37,6,28.4,49.8,50.1,58.3,0,1,41,0,33.3,20.0,75.4,8.3,3,1,0,2,1,3,7.3,163,5.1
2021,17,False,passing,pff,Justin Herbert,28237,QB,LAC,27,1,85.7,28,31,6.0,2.89,1,1,3.1,71.0,22,0,5,8.3,32,2,0.45,14,78.6,79.4,75.9,69.7,0,0,33,0,56.3,0.0,114.6,0.0,0,1,0,2,2,0,0.0,237,7.6
2021,17,False,passing,pff,Derek Carr,8671,QB,LV,23,1,77.4,31,31,8.8,2.79,0,2,6.5,77.4,24,0,14,0.0,33,0,0.2,13,77.9,60.5,62.1,,0,2,33,1,54.5,14.3,84.7,6.1,2,0,0,0,1,3,9.1,255,8.2
2021,17,False,passing,pff,Mac Jones,60323,QB,NE,19,1,82.8,29,30,9.0,2.4,0,2,6.7,73.3,22,0,3,8.3,31,2,0.52,14,78.0,89.9,85.5,71.9,0,0,32,0,74.2,0.0,128.1,0.0,0,1,0,1,3,0,0.0,227,7.6
2021,17,False,passing,pff,Russell Wilson,7077,QB,SEA,29,1,78.6,28,29,7.7,2.24,0,2,6.7,69.0,20,0,5,9.1,33,2,0.52,14,79.0,85.8,81.1,74.7,0,0,34,0,60.6,20.0,133.0,3.0,1,2,0,1,4,0,0.0,236,8.1
2021,17,False,passing,pff,Taysom Hill,12112,QB,NO,20,1,87.0,23,28,7.6,2.64,0,0,0.0,60.7,17,0,14,15.0,34,3,0.12,11,79.8,70.8,68.6,69.9,0,0,34,1,47.1,14.3,97.6,5.9,2,4,2,3,1,1,2.9,222,7.9
2021,17,False,passing,pff,Trevor Lawrence,77632,QB,JAX,15,1,66.7,27,27,7.6,2.71,0,1,3.7,63.0,17,0,9,5.6,31,1,-0.28,9,77.6,42.2,41.6,60.6,0,3,31,0,41.9,22.2,57.1,6.5,2,2,0,0,1,3,9.7,193,7.1
2021,17,False,passing,pff,Carson Wentz,10636,QB,IND,14,1,69.6,23,27,7.6,3.12,0,0,0.0,59.3,16,0,15,0.0,29,0,-0.17,6,78.2,55.7,53.3,65.0,2,0,32,0,37.9,6.7,86.7,3.4,1,1,0,2,1,1,3.1,148,5.5
2021,17,False,passing,pff,Jalen Hurts,40291,QB,PHI,24,1,70.8,24,26,10.3,3.6,0,0,0.0,65.4,17,0,13,0.0,29,0,0.35,10,78.5,73.5,70.7,67.7,0,0,29,0,58.6,7.7,90.9,3.4,1,2,0,2,0,0,0.0,214,8.2
2021,17,False,passing,pff,Sam Darnold,29048,QB,CAR,5,1,82.6,23,26,4.2,2.88,0,0,0.0,65.4,17,0,17,10.5,34,2,-0.39,8,27.9,40.4,38.6,62.6,0,1,36,0,32.4,41.2,61.7,20.6,7,1,0,3,0,3,8.3,132,5.1
2021,17,False,passing,pff,Josh Allen,46601,QB,BUF,4,1,56.5,23,26,10.7,3.51,0,0,0.0,42.3,11,0,7,15.4,30,2,-0.16,10,80.5,70.6,53.3,90.5,0,3,35,0,50.0,0.0,17.0,0.0,0,4,0,3,0,2,5.7,120,4.6
2021,17,False,passing,pff,Drew Lock,39517,QB,DEN,10,1,76.0,25,25,8.6,3.11,0,1,3.6,72.0,18,0,4,5.3,28,1,-0.02,11,78.0,64.5,64.9,56.7,0,0,31,0,50.0,25.0,116.3,3.6,1,2,0,0,1,1,3.2,245,9.8
2021,17,False,passing,pff,Trey Lance,91399,QB,SF,28,1,73.9,23,23,12.0,3.34,0,1,4.2,69.6,16,0,6,5.9,26,1,0.16,10,78.6,59.7,64.9,48.2,0,1,27,0,38.5,16.7,116.0,3.8,1,2,0,0,2,2,7.4,249,10.8
2021,17,False,passing,pff,Matt Ryan,4317,QB,ATL,2,1,66.7,21,23,9.5,3.33,0,0,0.0,56.5,13,0,16,7.1,30,1,-0.47,9,26.7,40.0,47.3,50.0,0,0,33,2,40.0,31.3,84.9,16.7,5,2,0,2,0,1,3.0,197,8.6
2021,17,False,passing,pff,Ryan Tannehill,7014,QB,TEN,31,1,72.2,18,18,8.2,2.82,0,0,0.0,72.2,13,0,4,0.0,19,0,0.17,7,25.1,56.5,62.2,42.9,0,0,21,0,47.4,25.0,127.1,5.3,1,0,0,0,2,0,0.0,120,6.7
2021,17,False,passing,pff,Mike Glennon,7854,QB,NYG,21,1,45.5,11,11,3.9,2.7,0,0,0.0,36.4,4,0,8,20.0,16,1,-2.24,3,14.1,21.4,19.2,65.6,0,2,17,0,18.8,50.0,5.3,25.0,4,1,0,0,0,4,23.5,24,2.2
2021,17,False,passing,pff,Brian Hoyer,5277,QB,NE,19,1,75.0,4,4,2.8,1.88,0,0,0.0,75.0,3,0,0,0.0,4,0,1.32,2,69.5,65.0,56.7,60.0,0,0,4,0,75.0,,116.7,0.0,0,0,0,0,0,0,0.0,63,15.8
2021,17,False,passing,pff,Jordan Love,40306,QB,GB,12,1,50.0,4,4,5.5,2.56,0,0,0.0,50.0,2,0,0,0.0,5,0,0.36,3,69.2,52.4,41.9,68.2,0,0,5,0,60.0,,63.5,0.0,0,1,0,0,0,0,0.0,19,4.8
2021,17,False,passing,pff,Kellen Mond,60556,QB,MIN,18,1,66.7,3,3,1.0,2.0,0,0,0.0,66.7,2,0,1,0.0,3,0,-0.71,0,65.5,21.8,23.4,,0,0,3,0,33.3,0.0,70.1,0.0,0,0,0,0,0,1,33.3,5,1.7
2021,17,False,passing,pff,Brett Rypien,46487,QB,DEN,10,1,0.0,1,2,15.0,2.65,0,0,0.0,0.0,0,0,1,,2,0,-0.73,0,63.6,44.0,45.2,,0,0,2,0,0.0,0.0,39.6,0.0,0,0,0,1,0,0,0.0,0,0.0
2021,17,False,passing,pff,Chris Banjo,8419,S,ARZ,1,1,100.0,1,1,20.0,2.0,0,0,0.0,100.0,1,0,0,0.0,1,0,4.39,1,60.4,60.2,60.1,,0,0,1,0,100.0,,118.8,0.0,0,0,0,0,0,0,0.0,23,23.0
2021,17,False,passing,pff,David Montgomery,45719,HB,CHI,6,1,0.0,1,1,12.0,2.2,0,0,0.0,0.0,0,0,0,,1,0,-3.92,0,78.1,54.6,37.2,61.9,0,1,1,0,0.0,,0.0,0.0,0,0,0,0,0,1,100.0,0,0.0
2021,17,False,passing,pff,Mike Gesicki,47153,TE,MIA,17,1,0.0,1,1,26.0,4.4,0,0,0.0,0.0,0,0,0,,1,0,-0.74,0,68.0,58.6,51.2,,0,0,1,0,0.0,,39.6,0.0,0,0,0,0,0,0,0.0,0,0.0
2021,17,False,passing,pff,Cedrick Wilson Jr.,48170,WR,DAL,9,1,100.0,1,1,15.0,3.5,0,0,0.0,100.0,1,0,0,0.0,1,0,1.54,1,70.1,81.8,68.8,,0,0,1,0,100.0,,118.8,0.0,0,0,0,0,0,0,0.0,31,31.0
2021,17,False,passing,pff,Marcus Mariota,9435,QB,LV,23,1,0.0,1,1,33.0,3.5,0,0,0.0,0.0,0,0,0,,1,0,-0.73,0,15.3,41.2,59.7,43.4,0,0,1,0,0.0,,39.6,0.0,0,0,0,0,0,0,0.0,0,0.0
2021,17,False,passing,pff,Kendall Hinton,34045,WR,DEN,10,1,100.0,1,1,-5.0,3.3,0,0,0.0,100.0,1,0,1,0.0,1,0,-3.56,0,65.7,57.4,60.3,,0,0,1,0,0.0,0.0,79.2,0.0,0,0,0,0,0,0,0.0,1,1.0
2021,17,False,passing,pff,Brandon Allen,10835,QB,CIN,7,1,,0,1,,0.0,0,0,0.0,0.0,0,0,0,,1,0,-2.78,0,64.5,58.3,60.0,60.0,0,0,1,0,0.0,,39.6,0.0,0,0,1,0,0,0,0.0,0,0.0
2021,18,False,passing,pff,Justin Herbert,28237,QB,LAC,27,1,70.2,57,64,10.4,2.84,3,5,7.4,53.1,34,0,22,15.0,68,6,0.19,20,82.8,78.8,78.6,52.5,3,1,72,0,39.7,13.6,80.4,4.4,3,1,0,1,3,2,2.8,383,6.0
2021,18,False,passing,pff,Andy Dalton,6187,QB,CHI,6,1,75.6,45,48,7.5,2.75,0,0,0.0,68.8,33,0,21,2.9,56,1,-0.34,17,81.3,60.3,58.6,63.9,1,2,58,0,46.4,33.3,77.2,12.5,7,1,0,2,1,2,3.4,325,6.8
2021,18,False,passing,pff,Josh Allen,46601,QB,BUF,4,1,65.1,43,45,9.6,2.91,1,5,10.6,53.3,24,0,11,14.3,50,4,0.07,17,80.6,78.3,72.5,80.1,1,0,52,0,42.0,0.0,83.5,0.0,0,5,0,0,2,1,1.9,239,5.3
2021,18,False,passing,pff,Ben Roethlisberger,1732,QB,PIT,25,1,75.0,44,44,6.3,2.28,0,1,2.2,68.2,30,0,7,9.1,45,3,0.07,14,80.4,51.8,51.2,60.5,0,1,46,0,44.4,14.3,80.1,2.2,1,0,0,0,1,3,6.5,244,5.5
2021,18,False,passing,pff,Patrick Mahomes,11765,QB,KC,16,1,69.2,39,44,4.8,3.22,1,0,0.0,61.4,27,0,13,0.0,51,0,0.36,22,81.4,54.9,47.1,78.1,0,0,54,1,51.0,7.7,93.9,2.0,1,6,0,4,2,2,3.7,270,6.1
2021,18,False,passing,pff,Sam Darnold,29048,QB,CAR,5,1,79.5,39,42,6.4,2.67,2,1,2.3,69.0,29,0,13,6.5,49,2,-0.18,10,33.7,40.9,50.8,29.6,0,1,50,0,42.9,15.4,87.3,4.1,2,5,0,1,2,2,4.0,219,5.2
2021,18,False,passing,pff,Kyler Murray,38334,QB,ARZ,1,1,78.4,37,39,6.7,3.01,2,2,4.7,71.8,28,0,19,3.4,48,1,-0.05,10,80.9,66.4,70.8,50.2,0,0,53,1,47.9,26.3,96.1,10.4,5,4,0,0,1,0,0.0,240,6.2
2021,18,False,passing,pff,Tom Brady,698,QB,TB,30,1,85.7,35,37,6.8,2.31,0,2,5.4,78.4,29,0,8,3.3,38,1,0.5,15,78.7,89.9,87.6,,0,0,38,0,57.9,12.5,130.4,2.6,1,0,0,2,3,1,2.6,326,8.8
2021,18,False,passing,pff,Derek Carr,8671,QB,LV,23,1,71.0,31,36,8.2,2.74,1,1,2.4,55.6,20,0,15,9.1,39,2,-0.16,10,29.5,45.2,46.8,60.0,0,0,45,1,35.9,20.0,88.4,7.7,3,0,0,4,2,2,4.4,186,5.2
2021,18,False,passing,pff,Gardner Minshew,41401,QB,PHI,24,1,80.0,30,33,6.6,2.97,1,1,2.9,57.6,19,0,22,20.8,39,5,0.0,11,79.7,52.1,53.8,52.4,1,1,42,0,41.0,13.6,81.1,7.7,3,3,0,1,2,1,2.4,186,5.6
2021,18,False,passing,pff,Matt Ryan,4317,QB,ATL,2,1,69.0,29,33,12.2,2.59,2,5,14.3,60.6,20,0,15,0.0,37,0,-0.42,9,28.0,70.4,70.2,58.3,1,1,39,0,35.1,20.0,77.3,8.1,3,1,0,1,1,3,7.7,216,6.5
2021,18,False,passing,pff,Davis Mills,52269,QB,HST,13,1,74.2,31,33,12.3,2.98,1,3,8.8,69.7,23,0,15,0.0,38,0,0.2,11,79.1,78.0,80.6,49.2,0,0,39,0,44.7,13.3,128.5,5.3,2,3,0,1,3,0,0.0,301,9.1
2021,18,False,passing,pff,Matthew Stafford,4924,QB,LA,26,1,75.9,29,32,10.1,2.85,0,5,15.2,65.6,21,0,18,4.5,37,1,0.41,12,78.7,81.0,81.3,,1,2,38,1,48.6,27.8,93.0,13.5,5,0,0,2,3,2,5.3,238,7.4
2021,18,False,passing,pff,Ryan Tannehill,7014,QB,TEN,31,1,82.1,28,32,11.0,2.97,2,3,9.1,71.9,23,0,15,0.0,33,0,0.64,16,27.8,69.9,76.2,34.9,1,0,35,0,51.5,6.7,138.9,3.0,1,0,0,1,4,3,8.6,287,9.0
2021,18,False,passing,pff,Jimmy Garoppolo,8697,QB,SF,28,1,83.9,31,32,8.5,2.41,0,1,3.0,71.9,23,0,10,11.5,35,3,0.15,14,28.0,68.7,67.9,60.4,0,2,36,0,48.6,30.0,87.5,8.6,3,0,1,0,1,3,8.3,316,9.9
2021,18,False,passing,pff,Trevor Lawrence,77632,QB,JAX,15,1,87.1,31,32,6.4,2.74,1,2,5.9,71.9,23,0,10,14.8,36,4,0.26,12,80.3,83.8,85.1,60.9,0,0,39,0,58.3,10.0,111.8,2.8,1,3,0,0,2,0,0.0,223,7.0
2021,18,False,passing,pff,Jake Fromm,60389,QB,NYG,21,1,59.3,27,31,7.3,2.54,3,0,0.0,48.4,15,0,17,6.3,37,1,-0.34,7,28.4,33.4,29.9,65.8,0,2,38,0,37.8,17.6,40.1,8.1,3,3,0,1,1,2,5.3,103,3.3
2021,18,False,passing,pff,Tyler Huntley,46448,QB,BLT,3,1,63.0,27,31,9.8,2.98,2,1,3.2,51.6,16,0,13,5.9,42,1,-0.35,9,29.9,53.5,50.1,62.9,2,2,43,0,33.3,23.1,37.2,7.1,3,8,0,0,0,2,4.7,141,4.5
2021,18,False,passing,pff,Jared Goff,10635,QB,DET,11,1,81.5,27,30,7.1,2.53,0,0,0.0,70.0,21,0,13,4.5,31,1,0.24,11,77.6,67.4,66.4,,0,0,31,0,51.6,7.7,115.7,3.2,1,0,0,3,2,0,0.0,238,7.9
2021,18,False,passing,pff,Mac Jones,60323,QB,NE,19,1,76.9,26,30,9.3,2.72,4,2,6.3,66.7,20,0,8,0.0,33,0,-0.08,8,27.8,47.8,56.8,35.8,0,1,35,1,48.5,25.0,91.1,6.1,2,1,0,0,1,1,2.9,261,8.7
2021,18,False,passing,pff,Carson Wentz,10636,QB,IND,14,1,67.9,28,29,10.3,2.9,1,2,6.5,58.6,17,0,16,10.5,38,2,-0.26,9,28.4,62.2,58.3,71.2,0,1,41,0,39.5,37.5,74.6,15.8,6,3,0,0,1,2,4.9,185,6.4
2021,18,False,passing,pff,Brandon Allen,10835,QB,CIN,7,1,51.7,29,29,5.0,2.4,0,0,0.0,51.7,15,0,9,0.0,33,0,-0.27,4,27.5,41.2,41.7,62.6,0,0,35,1,21.2,44.4,76.2,12.1,4,0,0,0,1,1,2.9,136,4.7
2021,18,False,passing,pff,Dak Prescott,10769,QB,DAL,9,1,92.0,25,27,9.4,2.77,1,3,10.7,77.8,21,0,6,8.7,28,2,0.91,13,77.2,90.5,89.1,,0,0,29,0,64.3,16.7,151.8,3.6,1,0,0,1,5,0,0.0,295,10.9
2021,18,False,passing,pff,Russell Wilson,7077,QB,SEA,29,1,64.0,25,26,12.0,2.91,0,2,7.4,57.7,15,0,12,6.3,28,1,0.26,11,26.7,68.7,66.4,65.2,0,1,29,0,50.0,8.3,110.7,3.6,1,1,0,1,3,2,6.9,238,9.2
2021,18,False,passing,pff,Case Keenum,7323,QB,CLV,8,1,79.2,24,24,4.8,2.81,0,0,0.0,70.8,17,0,5,10.5,27,2,-0.03,9,26.3,60.2,57.2,64.2,0,1,27,0,51.9,20.0,102.1,3.7,1,2,0,0,2,1,3.7,176,7.3
2021,18,False,passing,pff,Drew Lock,39517,QB,DEN,10,1,68.4,19,24,12.1,2.84,2,1,4.2,50.0,12,0,5,7.7,29,1,0.25,11,77.2,73.7,65.8,79.9,0,0,29,0,48.3,20.0,71.9,3.4,1,4,0,3,0,0,0.0,162,6.8
2021,18,False,passing,pff,Tua Tagovailoa,60326,QB,MIA,17,1,76.2,21,22,6.2,2.67,0,0,0.0,68.2,15,0,9,6.3,26,1,0.11,10,77.7,62.9,57.2,71.5,0,0,29,0,50.0,11.1,94.7,3.8,1,3,0,1,1,2,6.9,109,5.0
2021,18,False,passing,pff,Kirk Cousins,7102,QB,MIN,18,1,83.3,18,22,14.6,2.81,1,3,13.0,63.6,14,0,12,6.7,27,1,0.3,8,25.8,88.5,86.6,60.0,2,0,28,0,37.0,25.0,142.0,11.1,3,0,0,1,3,1,3.6,250,11.4
2021,18,False,passing,pff,Zach Wilson,82096,QB,NYJ,22,1,68.8,16,20,7.5,3.73,2,0,0.0,35.0,7,0,15,36.4,30,4,-0.57,3,26.0,37.2,33.9,66.1,0,0,30,0,16.7,53.3,66.0,26.7,8,2,0,2,1,1,3.3,87,4.4
2021,18,False,passing,pff,Taylor Heinicke,9896,QB,WAS,32,1,66.7,15,18,8.9,3.34,1,2,10.5,50.0,9,0,10,10.0,22,1,-0.52,5,24.5,56.5,67.1,34.0,0,0,23,0,27.3,30.0,71.5,13.6,3,1,0,2,0,1,4.3,120,6.7
2021,18,False,passing,pff,Aaron Rodgers,2241,QB,GB,12,1,83.3,18,18,6.9,2.98,0,1,5.6,77.8,14,0,9,6.7,22,1,0.23,9,75.6,80.3,80.4,58.3,0,0,22,0,50.0,33.3,135.6,13.6,3,1,0,0,2,0,0.0,138,7.7
2021,18,False,passing,pff,Jordan Love,40306,QB,GB,12,1,64.7,17,17,5.4,2.28,0,0,0.0,58.8,10,0,5,9.1,18,1,-0.5,6,23.7,39.4,36.5,64.3,0,2,19,0,38.9,20.0,64.0,5.6,1,0,0,0,1,2,10.5,134,7.9
2021,18,False,passing,pff,Trevor Siemian,9683,QB,NO,20,1,71.4,14,15,7.2,2.64,0,1,6.3,60.0,9,0,2,10.0,16,1,0.36,4,21.1,58.3,58.7,57.1,0,0,17,0,43.8,50.0,111.4,6.3,1,0,0,1,2,1,5.9,71,4.7
2021,18,False,passing,pff,Taysom Hill,12112,QB,NO,20,1,77.8,9,9,11.8,3.15,0,0,0.0,77.8,7,0,3,0.0,11,0,0.95,5,73.6,78.7,81.2,61.1,0,0,11,0,63.6,0.0,153.2,0.0,0,2,0,0,1,0,0.0,107,11.9
2021,18,False,passing,pff,Blaine Gabbert,6162,QB,TB,30,1,0.0,1,2,22.0,2.2,1,0,0.0,0.0,0,0,0,,2,0,-1.32,0,66.1,56.7,55.8,60.0,0,0,2,0,0.0,,39.6,0.0,0,0,0,0,0,0,0.0,0,0.0
2021,18,False,passing,pff,Deebo Samuel,48274,WR,SF,28,1,100.0,1,1,28.0,3.0,0,0,0.0,100.0,1,0,1,0.0,1,0,3.02,1,73.9,74.4,71.0,76.1,0,0,1,0,100.0,0.0,158.3,0.0,0,0,0,0,1,0,0.0,24,24.0
2021,18,False,passing,pff,Greg Ward,12258,WR,PHI,24,1,100.0,1,1,-2.0,1.4,0,0,0.0,100.0,1,0,0,0.0,1,0,-0.07,0,67.1,52.3,60.0,,0,0,1,0,0.0,,79.2,0.0,0,0,0,0,0,0,0.0,2,2.0
2021,18,False,passing,pff,Marcus Mariota,9435,QB,LV,23,1,100.0,1,1,-3.0,1.4,0,0,0.0,100.0,1,0,0,0.0,1,0,0.09,0,69.4,65.2,60.1,63.3,0,0,1,0,100.0,,83.3,0.0,0,0,0,0,0,0,0.0,4,4.0
2021,18,False,passing,pff,Brandon Zylstra,66438,WR,CAR,5,1,0.0,1,1,20.0,2.8,0,0,0.0,0.0,0,0,0,,1,0,-2.27,0,60.4,45.5,52.2,,0,0,1,1,0.0,,39.6,0.0,0,0,0,0,0,0,0.0,0,0.0
2021,18,False,passing,pff,Tom Kennedy,94379,WR,DET,11,1,100.0,1,1,23.0,3.7,0,0,0.0,100.0,1,0,0,0.0,1,0,5.6,1,65.7,66.9,71.0,,0,0,1,0,100.0,,158.3,0.0,0,0,0,0,1,0,0.0,75,75.0
2021,18,False,passing,pff,Mitch Trubisky,11757,QB,BUF,4,1,100.0,1,1,11.0,3.3,0,0,0.0,100.0,1,0,0,0.0,1,0,1.62,1,68.2,74.8,73.0,60.5,0,0,1,0,100.0,,118.8,0.0,0,0,0,0,0,0,0.0,15,15.0
2021,18,False,passing,pff,Jack Fox,34735,P,DET,11,1,0.0,1,1,14.0,2.2,0,0,0.0,0.0,0,0,0,,1,0,-1.92,0,60.4,57.3,58.1,,0,0,1,0,0.0,,39.6,0.0,0,0,0,0,0,0,0.0,0,0.0
2021,18,False,passing,pff,Cooper Rush,12324,QB,DAL,9,1,100.0,1,1,7.0,2.0,0,0,0.0,100.0,1,0,0,0.0,1,0,0.91,0,68.2,62.4,60.5,60.5,0,0,1,0,100.0,,108.3,0.0,0,0,0,0,0,0,0.0,10,10.0
2021,18,False,passing,pff,Sam Koch,3148,P,BLT,3,1,0.0,1,1,9.0,2.1,0,0,0.0,0.0,0,0,0,,1,0,-3.91,0,60.4,47.8,51.7,,0,0,1,0,0.0,,39.6,0.0,0,0,0,0,0,0,0.0,0,0.0
2021,18,False,passing,pff,Courtland Sutton,48164,WR,DEN,10,1,100.0,1,1,15.0,3.9,0,0,0.0,100.0,1,0,1,0.0,1,0,0.9,1,63.8,60.8,70.7,,0,0,1,0,100.0,0.0,118.8,0.0,0,0,0,0,0,0,0.0,16,16.0
2021,19,True,passing,pff,Derek Carr,8671,QB,LV,23,1,66.7,48,54,8.1,2.82,0,2,3.4,53.7,29,0,13,9.4,58,3,0.09,16,81.6,76.2,73.2,65.9,0,1,62,0,43.1,23.1,69.2,5.2,3,1,1,5,1,0,0.0,310,5.7
2021,19,True,passing,pff,Ben Roethlisberger,1732,QB,PIT,25,1,72.7,44,44,7.9,2.03,0,3,6.5,65.9,29,0,8,9.4,46,3,-0.1,15,31.1,35.8,42.3,37.3,0,0,48,0,43.5,25.0,92.5,4.3,2,0,0,0,2,4,8.3,215,4.9
2021,19,True,passing,pff,Jalen Hurts,40291,QB,PHI,24,1,60.0,40,43,11.4,2.98,1,2,4.3,53.5,23,0,18,4.2,46,1,-0.15,11,81.4,45.3,41.2,68.2,1,2,50,0,28.3,11.1,60.0,4.3,2,1,0,1,1,5,10.0,258,6.0
2021,19,True,passing,pff,Dak Prescott,10769,QB,DAL,9,1,64.1,39,43,9.2,3.06,1,2,4.3,53.5,23,0,25,8.0,52,2,-0.17,12,35.2,59.3,61.3,50.0,1,1,55,1,36.5,20.0,69.3,9.6,5,3,1,1,1,3,5.5,254,5.9
2021,19,True,passing,pff,Patrick Mahomes,11765,QB,KC,16,1,83.8,37,39,5.9,2.64,0,4,10.3,76.9,30,0,11,3.2,46,1,0.41,18,79.9,78.0,77.6,61.4,0,1,46,0,50.0,27.3,138.2,6.5,3,3,0,2,5,0,0.0,404,10.4
2021,19,True,passing,pff,Mac Jones,60323,QB,NE,19,1,80.0,35,38,7.7,2.81,0,2,5.1,63.2,24,0,14,14.3,43,4,0.15,14,79.6,76.6,76.0,66.0,0,2,44,1,37.2,21.4,75.8,7.0,3,2,1,2,2,1,2.3,232,6.1
2021,19,True,passing,pff,Tom Brady,698,QB,TB,30,1,88.9,36,37,4.9,2.2,0,1,2.6,78.4,29,0,6,9.4,41,3,0.09,14,79.3,78.5,76.9,,0,0,42,0,53.7,66.7,115.2,9.8,4,0,0,1,2,0,0.0,271,7.3
2021,19,True,passing,pff,Joe Burrow,28022,QB,CIN,7,1,87.5,32,34,9.3,2.67,0,1,2.9,70.6,24,0,13,14.3,36,4,0.25,14,78.9,89.7,87.7,60.0,0,0,36,0,52.8,15.4,110.4,5.6,2,0,0,2,2,0,0.0,244,7.2
2021,19,True,passing,pff,Kyler Murray,38334,QB,ARZ,1,1,57.6,33,34,7.6,2.8,0,2,5.6,55.9,19,0,15,0.0,37,0,-0.44,8,79.1,60.4,60.0,59.5,1,2,39,0,35.1,13.3,40.9,5.4,2,1,0,0,0,2,5.1,137,4.0
2021,19,True,passing,pff,Jimmy Garoppolo,8697,QB,SF,28,1,72.7,22,25,6.4,2.68,2,0,0.0,64.0,16,0,11,0.0,26,0,0.02,10,76.8,54.5,59.5,58.3,0,1,27,3,42.3,0.0,67.4,0.0,0,1,0,1,0,2,7.4,172,6.9
2021,19,True,passing,pff,Josh Allen,46601,QB,BUF,4,1,91.7,24,25,10.0,3.11,1,3,11.1,84.0,21,0,7,4.5,29,1,1.01,14,78.3,94.8,90.7,91.1,0,0,31,0,72.4,0.0,157.6,0.0,0,3,0,0,5,0,0.0,308,12.3
2021,19,True,passing,pff,Matthew Stafford,4924,QB,LA,26,1,94.1,17,17,10.5,2.79,0,1,5.0,76.5,13,0,4,18.8,21,3,0.57,10,77.0,90.3,90.6,65.7,0,0,24,0,61.9,25.0,154.5,4.8,1,3,0,0,2,1,4.2,202,11.9
2021,19,True,passing,pff,Odell Beckham Jr.,8647,WR,LA,26,1,100.0,1,1,27.0,3.0,0,1,100.0,100.0,1,0,1,0.0,1,0,1.41,1,68.8,89.9,79.9,,0,0,1,0,100.0,0.0,118.8,0.0,0,0,0,0,0,0,0.0,40,40.0
2021,19,True,passing,pff,Bryan Anger,7072,P,DAL,9,1,100.0,1,1,8.0,2.0,0,0,0.0,100.0,1,0,0,0.0,1,0,3.75,1,60.4,70.7,67.2,,0,0,1,0,100.0,,118.8,0.0,0,0,0,0,0,0,0.0,16,16.0
2021,19,True,passing,pff,Travis Kelce,7844,TE,KC,16,1,100.0,1,1,7.0,2.1,0,0,0.0,100.0,1,0,0,0.0,1,0,0.78,1,68.8,87.0,71.9,,0,0,1,0,100.0,,118.8,0.0,0,0,0,0,1,0,0.0,2,2.0
2021,20,True,passing,pff,Tom Brady,698,QB,TB,30,1,67.3,49,54,7.9,2.26,0,1,1.8,55.6,30,0,19,9.1,57,3,-0.23,14,81.4,61.9,62.7,60.0,4,1,58,1,33.3,15.8,72.2,5.3,3,0,0,1,1,1,1.7,329,6.1
2021,20,True,passing,pff,Patrick Mahomes,11765,QB,KC,16,1,90.0,40,44,5.2,3.23,0,2,4.4,75.0,33,0,21,8.3,53,3,0.46,24,81.1,85.5,79.7,78.6,0,0,56,0,58.5,9.5,123.1,3.8,2,7,0,4,3,0,0.0,378,8.6
2021,20,True,passing,pff,Matthew Stafford,4924,QB,LA,26,1,82.4,34,38,8.4,2.56,1,3,7.7,73.7,28,0,15,0.0,41,0,0.26,17,79.9,72.3,71.2,68.1,0,0,42,1,58.5,13.3,121.2,4.9,2,1,1,2,2,1,2.4,366,9.6
2021,20,True,passing,pff,Josh Allen,46601,QB,BUF,4,1,80.6,36,37,8.6,2.82,0,2,5.3,73.0,27,0,11,6.9,40,2,0.53,15,34.3,92.2,88.6,84.4,0,0,41,0,50.0,18.2,136.0,5.0,2,1,0,1,4,1,2.4,329,8.9
2021,20,True,passing,pff,Joe Burrow,28022,QB,CIN,7,1,85.3,34,37,4.2,2.52,1,0,0.0,75.7,28,0,15,3.4,47,1,-0.1,14,80.3,73.9,73.5,64.7,0,1,48,1,40.4,60.0,93.1,19.1,9,1,1,1,0,0,0.0,348,9.4
2021,20,True,passing,pff,Aaron Rodgers,2241,QB,GB,12,1,81.5,27,29,7.6,2.73,0,0,0.0,69.0,20,0,12,9.1,34,2,-0.19,8,78.3,68.1,67.0,,0,0,36,1,35.3,41.7,91.9,14.7,5,0,1,1,0,1,2.8,225,7.8
2021,20,True,passing,pff,Ryan Tannehill,7014,QB,TEN,31,1,70.8,24,24,11.2,3.25,0,2,8.3,62.5,15,0,8,11.8,27,2,-0.29,9,77.1,69.9,73.8,48.7,0,3,27,0,44.4,12.5,66.7,3.7,1,2,0,0,1,1,3.7,220,9.2
2021,20,True,passing,pff,Jimmy Garoppolo,8697,QB,SF,28,1,76.5,17,19,6.4,2.8,1,1,5.0,57.9,11,0,11,15.4,23,2,-0.34,7,76.1,62.8,61.8,,0,1,24,0,39.1,36.4,57.1,17.4,4,0,0,1,0,2,8.3,131,6.9
2021,21,True,passing,pff,Matthew Stafford,4924,QB,LA,26,1,80.5,41,45,9.9,2.54,0,3,6.5,68.9,31,0,12,6.1,48,2,0.31,18,81.0,82.9,80.7,65.6,1,1,49,0,56.3,16.7,96.2,4.2,2,1,0,3,2,1,2.0,337,7.5
2021,21,True,passing,pff,Patrick Mahomes,11765,QB,KC,16,1,78.4,37,39,7.2,3.44,0,1,2.4,66.7,26,0,11,10.3,46,3,-0.04,18,29.8,63.0,62.1,61.3,0,2,48,0,52.2,36.4,91.3,8.7,4,3,0,2,3,2,4.2,275,7.1
2021,21,True,passing,pff,Joe Burrow,28022,QB,CIN,7,1,72.7,33,38,7.0,2.75,1,2,5.0,60.5,23,0,17,4.2,42,1,0.2,15,80.0,72.4,68.3,78.2,0,1,44,1,45.2,5.9,86.5,2.4,1,3,0,4,2,2,4.5,250,6.6
2021,21,True,passing,pff,Jimmy Garoppolo,8697,QB,SF,28,1,68.0,25,30,5.8,2.75,3,1,3.2,53.3,16,0,11,5.9,31,1,0.21,13,77.7,42.5,45.3,58.3,0,1,32,2,45.2,0.0,87.1,0.0,0,1,1,1,2,3,9.4,232,7.7
2021,22,True,passing,pff,Matthew Stafford,4924,QB,LA,26,1,69.2,39,40,9.2,2.78,0,4,9.3,65.0,26,0,8,3.7,43,1,0.13,14,80.3,78.7,80.9,53.6,0,2,46,1,51.2,25.0,89.9,4.7,2,1,0,1,3,1,2.2,283,7.1
2021,22,True,passing,pff,Joe Burrow,28022,QB,CIN,7,1,80.0,30,33,7.0,2.39,1,1,3.0,66.7,22,0,18,8.3,42,2,-0.24,10,79.5,60.2,58.2,64.5,1,0,42,0,40.5,38.9,100.9,16.7,7,1,0,1,1,0,0.0,263,8.0
2021,22,True,passing,pff,Joe Mixon,11803,HB,CIN,7,1,100.0,1,1,14.0,2.4,0,0,0.0,100.0,1,0,0,0.0,1,0,2.27,1,76.7,62.0,69.5,68.1,0,0,1,0,100.0,,131.3,0.0,0,0,0,0,1,0,0.0,6,6.0
2021,22,True,passing,pff,Cooper Kupp,11824,WR,LA,26,1,0.0,1,1,4.0,3.8,0,0,0.0,0.0,0,0,0,,1,0,-1.13,0,71.8,85.2,57.7,63.1,0,0,1,0,0.0,,39.6,0.0,0,0,0,0,0,0,0.0,0,0.0
2022,1,False,passing,pff,Joe Flacco,4332,QB,NYJ,22,1,80.4,51,59,5.7,2.63,1,0,0.0,62.7,37,0,22,9.8,62,4,-0.2,18,82.3,67.7,67.5,58.2,4,1,66,1,43.5,13.6,74.8,4.8,3,0,0,3,1,0,0.0,309,5.2
2022,1,False,passing,pff,Joe Burrow,28022,QB,CIN,7,1,71.4,49,53,7.9,2.64,2,0,0.0,62.3,33,0,20,5.7,65,2,-0.25,24,43.8,54.8,52.6,66.3,1,4,71,0,49.2,35.0,61.7,10.8,7,5,0,1,2,4,5.6,338,6.4
2022,1,False,passing,pff,Matt Ryan,4317,QB,IND,14,1,72.3,47,50,7.0,2.55,2,0,0.0,64.0,32,0,12,5.9,54,2,0.13,22,19.8,58.9,61.2,46.2,0,1,56,0,48.1,16.7,83.1,3.7,2,2,0,1,1,4,7.1,352,7.0
2022,1,False,passing,pff,Trevor Lawrence,77632,QB,JAX,15,1,69.4,36,42,10.6,2.7,2,1,2.2,57.1,24,0,21,4.0,45,1,-0.02,13,80.6,56.3,56.8,55.9,1,1,50,2,46.7,9.5,75.0,4.4,2,1,0,3,1,1,2.0,275,6.5
2022,1,False,passing,pff,Russell Wilson,7077,QB,DEN,10,1,75.6,41,42,8.0,2.89,1,1,2.3,69.0,29,0,14,6.5,45,2,0.37,13,80.0,54.0,57.6,58.3,0,0,47,2,46.7,14.3,101.3,4.4,2,1,0,0,1,2,4.3,340,8.1
2022,1,False,passing,pff,Matthew Stafford,4924,QB,LA,26,1,79.5,39,41,6.2,2.54,1,2,4.8,70.7,29,0,19,6.5,50,2,-0.36,15,32.5,64.7,63.1,62.6,0,3,51,0,40.0,36.8,63.1,14.0,7,1,0,1,1,2,3.9,240,5.9
2022,1,False,passing,pff,Carson Wentz,10636,QB,WAS,32,1,73.7,38,41,7.4,2.56,2,3,6.4,65.9,27,0,9,3.6,45,1,0.18,16,81.1,67.6,68.7,53.6,1,2,52,0,46.7,11.1,101.0,2.2,1,3,0,0,4,2,3.8,313,7.6
2022,1,False,passing,pff,Patrick Mahomes,11765,QB,KC,16,1,79.5,39,39,8.1,2.53,0,1,2.4,76.9,30,0,17,3.2,41,1,0.64,23,43.1,69.2,75.1,32.2,0,0,44,0,68.3,0.0,144.2,0.0,0,2,0,0,5,1,2.3,360,9.2
2022,1,False,passing,pff,Mitch Trubisky,11757,QB,PIT,25,1,63.6,33,38,8.5,2.57,1,2,5.1,55.3,21,0,14,0.0,41,0,-0.2,9,79.7,62.0,60.4,64.2,2,0,43,0,36.6,7.1,78.2,2.4,1,2,1,1,1,1,2.3,194,5.1
2022,1,False,passing,pff,Davis Mills,52269,QB,HST,13,1,71.4,35,37,7.4,2.25,1,0,0.0,62.2,23,0,12,8.0,40,2,-0.04,12,29.2,68.1,67.7,60.0,0,0,42,1,45.0,25.0,98.9,7.5,3,0,0,1,2,1,2.4,240,6.5
2022,1,False,passing,pff,Derek Carr,8671,QB,LV,23,1,66.7,33,37,10.0,2.67,1,1,2.6,59.5,22,0,11,0.0,42,0,-0.09,17,22.0,41.5,42.3,,1,3,44,0,45.2,45.5,69.1,11.9,5,0,0,2,2,5,11.4,295,8.0
2022,1,False,passing,pff,Jared Goff,10635,QB,DET,11,1,67.6,37,37,8.1,2.44,0,1,2.6,56.8,21,0,11,16.0,39,4,-0.01,13,79.3,49.5,47.6,65.4,0,1,41,0,41.0,9.1,80.3,2.6,1,1,0,0,2,2,4.9,215,5.8
2022,1,False,passing,pff,Kyler Murray,38334,QB,ARZ,1,1,75.9,29,34,7.9,2.86,2,1,2.8,64.7,22,0,16,0.0,37,0,0.0,11,79.5,59.0,55.7,68.9,0,0,39,0,45.9,12.5,99.3,5.4,2,1,0,3,2,2,5.1,193,5.7
2022,1,False,passing,pff,Jacoby Brissett,10725,QB,CLV,8,1,66.7,30,34,7.7,2.87,0,0,0.0,52.9,18,0,12,10.0,38,2,-0.25,7,79.7,46.9,48.1,57.5,0,0,43,2,31.6,8.3,74.0,2.6,1,3,2,2,1,2,4.7,147,4.3
2022,1,False,passing,pff,Justin Herbert,28237,QB,LAC,27,1,84.8,33,34,7.1,2.91,0,2,5.9,76.5,26,0,15,7.1,35,2,0.51,12,79.3,79.8,79.5,60.0,1,0,36,0,60.0,0.0,129.4,0.0,0,1,0,0,3,0,0.0,279,8.2
2022,1,False,passing,pff,Jameis Winston,9434,QB,NO,20,1,77.4,31,34,9.6,2.62,0,2,5.6,67.6,23,0,12,4.2,40,1,-0.11,12,79.3,79.6,77.8,63.0,0,0,42,1,40.0,33.3,111.0,10.0,4,2,2,1,2,1,2.4,269,7.9
2022,1,False,passing,pff,Aaron Rodgers,2241,QB,GB,12,1,80.0,30,34,5.9,2.58,1,1,2.9,64.7,22,0,11,8.3,38,2,-0.35,9,28.1,60.1,59.5,60.0,0,1,38,0,42.1,36.4,67.6,10.5,4,0,0,3,0,2,5.3,195,5.7
2022,1,False,passing,pff,Tua Tagovailoa,60326,QB,MIA,17,1,77.4,31,33,8.3,2.66,0,0,0.0,69.7,23,0,13,4.2,37,1,0.17,13,28.4,53.3,52.8,60.0,0,0,37,0,48.6,23.1,104.4,8.1,3,0,0,2,1,2,5.4,270,8.2
2022,1,False,passing,pff,Marcus Mariota,9435,QB,ATL,2,1,62.5,32,33,8.7,2.91,0,0,0.0,60.6,20,0,4,0.0,37,0,-0.17,8,22.9,58.9,59.8,56.2,0,0,39,0,48.6,0.0,79.7,0.0,0,4,1,0,0,2,5.1,215,6.5
2022,1,False,passing,pff,Ryan Tannehill,7014,QB,TEN,31,1,80.0,30,33,9.6,2.7,1,1,2.7,60.6,20,0,9,16.7,35,4,0.23,14,79.1,81.1,80.2,65.4,0,0,39,1,54.3,11.1,106.4,2.9,1,1,1,1,2,0,0.0,266,8.1
2022,1,False,passing,pff,Jalen Hurts,40291,QB,PHI,24,1,83.3,24,32,5.1,3.06,3,1,2.9,56.3,18,0,17,10.0,42,2,0.3,17,81.0,76.8,80.8,65.9,1,0,44,2,50.0,5.9,80.6,2.4,1,9,0,4,0,0,0.0,243,7.6
2022,1,False,passing,pff,Kirk Cousins,7102,QB,MIN,18,1,88.5,26,32,5.2,2.76,0,1,3.0,71.9,23,0,14,0.0,33,0,0.15,12,78.1,82.8,83.4,,2,0,34,1,48.5,7.1,118.9,3.0,1,0,0,4,2,0,0.0,277,8.7
2022,1,False,passing,pff,Josh Allen,46601,QB,BUF,4,1,87.1,31,31,7.4,2.43,0,2,6.5,83.9,26,0,7,3.7,38,1,0.54,19,79.8,91.5,90.3,74.6,0,2,38,0,68.4,28.6,112.0,5.3,2,5,0,0,3,1,2.6,297,9.6
2022,1,False,passing,pff,Mac Jones,60323,QB,NE,19,1,72.4,29,30,9.3,2.33,1,1,3.1,70.0,21,0,4,0.0,33,0,-0.28,10,78.3,66.2,66.3,57.4,0,1,35,0,45.5,50.0,87.2,6.1,2,1,0,0,1,0,0.0,213,7.1
2022,1,False,passing,pff,Lamar Jackson,46416,QB,BLT,3,1,67.9,28,30,12.4,3.3,1,2,6.5,56.7,17,0,11,10.5,34,2,0.14,9,79.4,77.0,72.1,73.6,0,1,35,0,41.2,18.2,98.3,5.9,2,2,0,1,3,1,2.9,213,7.1
2022,1,False,passing,pff,Dak Prescott,10769,QB,DAL,9,1,55.6,27,29,7.4,2.49,0,0,0.0,48.3,14,0,12,6.7,31,1,-0.39,6,78.6,37.4,36.3,63.7,1,1,34,0,32.3,16.7,47.2,6.5,2,0,0,1,0,2,5.9,134,4.6
2022,1,False,passing,pff,Trey Lance,91399,QB,SF,28,1,61.5,26,28,8.2,3.22,1,2,6.9,46.4,13,0,13,18.8,35,3,-0.39,7,29.9,53.7,52.2,59.2,0,1,36,0,34.3,15.4,50.3,5.7,2,4,0,1,0,1,2.8,164,5.9
2022,1,False,passing,pff,Geno Smith,7820,QB,SEA,29,1,88.5,26,28,5.0,2.73,1,1,3.1,82.1,23,0,11,0.0,31,0,0.11,9,79.4,84.3,78.3,78.1,0,0,35,0,51.6,18.2,119.5,6.5,2,1,0,1,2,0,0.0,195,7.0
2022,1,False,passing,pff,Tom Brady,698,QB,TB,30,1,70.4,27,27,11.2,2.19,0,1,3.7,66.7,18,0,9,5.3,29,1,0.04,9,77.7,70.0,68.8,60.0,0,1,29,0,51.7,22.2,87.3,6.9,2,0,0,0,1,1,3.4,212,7.9
2022,1,False,passing,pff,Baker Mayfield,46518,QB,CAR,5,1,80.0,20,27,6.2,2.51,4,1,3.3,59.3,16,0,13,0.0,32,0,0.01,8,20.5,47.0,53.8,44.9,1,1,35,1,34.4,30.8,84.6,12.5,4,1,0,2,1,2,5.7,235,8.7
2022,1,False,passing,pff,Daniel Jones,39395,QB,NYG,21,1,89.5,19,21,6.9,3.03,1,0,0.0,81.0,17,0,15,0.0,28,0,-0.23,9,78.2,57.4,62.6,52.7,0,1,30,1,46.4,26.7,115.9,14.3,4,3,0,1,2,1,3.3,188,9.0
2022,1,False,passing,pff,Justin Fields,82118,QB,CHI,6,1,47.1,17,17,10.2,3.64,0,0,0.0,47.1,8,1,10,0.0,23,0,0.07,5,77.9,44.2,34.6,65.9,0,1,24,1,34.8,20.0,85.7,8.7,2,4,0,0,2,3,12.5,121,7.1
2022,1,False,passing,pff,Cooper Rush,12324,QB,DAL,9,1,66.7,12,13,14.0,2.55,0,0,0.0,53.8,7,0,5,12.5,15,1,-0.65,2,73.9,56.6,56.7,,0,0,16,1,26.7,40.0,67.5,13.3,2,0,0,1,0,0,0.0,64,4.9
2022,1,False,passing,pff,Jordan Love,40306,QB,GB,12,1,100.0,4,5,6.5,1.78,0,0,0.0,80.0,4,0,2,0.0,5,0,0.57,4,68.0,55.5,55.8,,0,0,5,0,60.0,0.0,118.8,0.0,0,0,1,0,0,0,0.0,65,13.0
2022,1,False,passing,pff,Trace McSorley,32819,QB,ARZ,1,1,66.7,3,4,4.3,3.56,0,0,0.0,50.0,2,0,3,0.0,7,0,0.43,2,70.6,60.8,61.0,59.9,1,0,7,0,42.9,33.3,56.3,14.3,1,2,0,0,0,0,0.0,12,3.0
2022,2,False,passing,pff,Tua Tagovailoa,60326,QB,MIA,17,1,78.0,50,50,7.8,2.45,0,2,3.9,72.0,36,0,10,7.7,51,3,0.5,22,80.9,85.2,83.6,60.3,0,2,53,0,56.9,10.0,124.1,2.0,1,0,0,0,6,2,3.8,469,9.4
2022,2,False,passing,pff,Kyler Murray,38334,QB,ARZ,1,1,75.0,44,49,5.9,2.43,1,3,5.6,63.3,31,0,9,6.1,52,2,-0.01,15,82.0,82.8,73.9,90.4,1,1,60,1,48.1,11.1,76.7,1.9,1,2,0,3,1,1,1.7,277,5.7
2022,2,False,passing,pff,Justin Herbert,28237,QB,LAC,27,1,79.1,43,48,6.0,2.69,3,1,2.0,68.8,33,0,18,2.9,50,1,-0.04,15,80.9,64.0,62.2,64.7,0,1,51,0,50.0,11.1,100.5,4.0,2,0,0,2,3,1,2.0,334,7.0
2022,2,False,passing,pff,Kirk Cousins,7102,QB,MIN,18,1,67.4,46,46,5.9,2.54,0,2,4.3,58.7,27,0,17,12.9,50,4,-0.22,17,33.2,53.3,51.7,66.4,0,3,52,0,44.0,11.8,51.1,4.0,2,2,0,0,1,4,7.7,221,4.8
2022,2,False,passing,pff,Carson Wentz,10636,QB,WAS,32,1,80.5,41,46,8.7,2.87,0,1,2.1,65.2,30,0,21,9.1,53,3,0.14,17,80.9,57.4,55.4,74.0,1,1,55,2,52.8,23.8,99.6,9.4,5,2,0,4,3,3,5.5,337,7.3
2022,2,False,passing,pff,Joe Flacco,4332,QB,NYJ,22,1,72.5,40,44,10.5,2.64,1,2,4.3,59.1,26,0,18,10.3,47,3,0.22,16,80.3,79.5,77.3,64.7,2,0,49,0,42.6,11.1,110.7,4.3,2,1,0,1,4,0,0.0,307,7.0
2022,2,False,passing,pff,Jameis Winston,9434,QB,NO,20,1,65.0,40,40,12.9,2.76,0,2,4.8,62.5,25,0,15,3.8,47,1,-0.46,9,30.0,46.9,48.2,56.8,0,3,49,0,36.2,40.0,55.8,12.8,6,1,0,0,1,4,8.2,236,5.9
2022,2,False,passing,pff,Derek Carr,8671,QB,LV,23,1,74.3,35,39,6.5,2.21,1,0,0.0,64.1,25,0,13,3.8,41,1,-0.08,14,79.6,59.2,59.1,58.3,2,0,44,0,46.3,7.7,99.5,2.4,1,1,0,1,2,1,2.3,252,6.5
2022,2,False,passing,pff,Davis Mills,52269,QB,HST,13,1,64.7,34,38,9.4,2.43,1,0,0.0,50.0,19,0,11,13.6,41,3,-0.34,6,79.6,55.3,53.8,64.4,2,0,43,0,29.3,27.3,63.2,7.3,3,0,0,1,0,0,0.0,177,4.7
2022,2,False,passing,pff,Josh Allen,46601,QB,BUF,4,1,84.4,32,38,8.9,2.54,3,2,4.9,68.4,26,0,8,3.7,40,1,0.49,14,79.5,75.6,73.1,63.9,1,0,43,1,60.0,12.5,128.9,2.5,1,1,0,2,4,1,2.3,317,8.3
2022,2,False,passing,pff,Matthew Stafford,4924,QB,LA,26,1,79.4,34,36,8.0,2.59,0,2,5.6,75.0,27,0,6,0.0,37,0,0.12,16,78.6,63.9,63.0,,0,2,37,0,67.6,16.7,100.7,2.7,1,0,0,2,3,3,8.1,272,7.6
2022,2,False,passing,pff,Joe Burrow,28022,QB,CIN,7,1,78.1,32,36,5.7,2.46,1,0,0.0,66.7,24,0,15,4.0,45,1,0.07,14,29.7,69.4,66.5,68.1,0,0,46,0,40.0,40.0,89.9,13.3,6,3,0,3,1,1,2.2,199,5.5
2022,2,False,passing,pff,Patrick Mahomes,11765,QB,KC,16,1,78.1,32,35,7.6,2.46,0,3,7.9,68.6,24,0,13,4.0,36,1,0.12,11,79.3,61.2,62.3,60.0,1,0,39,1,41.7,7.7,106.3,2.8,1,0,0,2,2,3,7.7,235,6.7
2022,2,False,passing,pff,Mac Jones,60323,QB,NE,19,1,66.7,33,35,9.3,2.81,0,0,0.0,60.0,21,0,13,4.5,38,1,0.09,11,79.9,49.3,50.7,63.7,0,1,40,2,50.0,0.0,79.7,0.0,0,3,0,2,1,2,5.0,252,7.2
2022,2,False,passing,pff,Tom Brady,698,QB,TB,30,1,62.5,32,34,9.7,2.32,1,3,8.3,52.9,18,0,4,10.0,35,2,0.1,8,28.7,69.5,76.5,31.7,0,0,37,0,31.4,25.0,79.3,2.9,1,0,0,1,1,0,0.0,190,5.6
2022,2,False,passing,pff,Jared Goff,10635,QB,DET,11,1,67.6,34,34,8.8,2.63,0,2,5.9,58.8,20,0,13,13.0,37,3,0.01,12,79.0,61.6,60.8,60.0,0,0,37,0,40.5,23.1,121.7,8.1,3,0,0,0,4,1,2.7,256,7.5
2022,2,False,passing,pff,Daniel Jones,39395,QB,NYG,21,1,76.7,30,34,6.3,3.27,1,0,0.0,64.7,22,0,20,4.3,43,1,0.01,11,80.6,51.5,51.3,56.5,1,0,46,0,34.9,15.0,87.4,7.0,3,6,0,2,1,1,2.2,176,5.2
2022,2,False,passing,pff,Mitch Trubisky,11757,QB,PIT,25,1,66.7,33,33,7.8,2.57,0,1,2.9,63.6,21,0,8,4.5,37,1,-0.18,11,78.7,61.6,63.5,58.3,0,1,38,1,37.8,37.5,73.8,8.1,3,1,0,0,1,1,2.6,168,5.1
2022,2,False,passing,pff,Cooper Rush,12324,QB,DAL,9,1,69.0,29,31,6.4,2.21,1,0,0.0,61.3,19,0,10,5.0,34,1,0.0,11,78.4,53.6,53.8,58.3,0,0,36,0,41.2,10.0,95.5,2.9,1,1,1,0,1,2,5.6,235,7.6
2022,2,False,passing,pff,Russell Wilson,7077,QB,DEN,10,1,55.6,27,31,10.6,2.76,1,1,2.8,45.2,14,0,12,6.7,35,1,-0.04,11,79.4,62.3,62.2,57.8,0,1,41,0,34.3,25.0,66.5,8.6,3,1,0,3,1,0,0.0,219,7.1
2022,2,False,passing,pff,Jalen Hurts,40291,QB,PHI,24,1,87.1,31,31,9.1,3.03,0,2,5.6,83.9,26,0,11,3.7,39,1,0.38,14,32.3,84.4,90.4,51.1,0,1,44,0,51.3,27.3,108.7,7.7,3,5,0,0,1,0,0.0,333,10.7
2022,2,False,passing,pff,Matt Ryan,4317,QB,IND,14,1,63.0,27,30,10.5,2.95,1,1,3.2,53.3,16,0,14,5.9,35,1,-0.71,6,78.3,51.8,51.8,,1,3,36,0,34.3,35.7,34.0,14.3,5,0,0,1,0,2,5.6,195,6.5
2022,2,False,passing,pff,Trevor Lawrence,77632,QB,JAX,15,1,90.0,30,30,6.5,2.31,0,1,3.1,83.3,25,0,4,7.4,31,2,0.6,14,78.6,75.3,73.7,62.9,0,0,33,0,64.5,0.0,121.5,0.0,0,0,0,0,2,1,3.0,235,7.8
2022,2,False,passing,pff,Geno Smith,7820,QB,SEA,29,1,82.8,29,30,5.4,2.66,0,1,3.1,80.0,24,0,14,0.0,32,0,-0.2,10,78.6,58.1,61.0,49.9,0,1,34,1,40.6,14.3,80.1,6.3,2,0,0,1,0,2,5.9,197,6.6
2022,2,False,passing,pff,Baker Mayfield,46518,QB,CAR,5,1,57.7,26,29,8.1,3.21,1,0,0.0,48.3,14,0,14,6.7,36,1,-0.38,8,79.1,48.8,48.6,57.4,0,0,40,0,27.8,14.3,74.6,5.6,2,5,0,2,1,1,2.5,145,5.0
2022,2,False,passing,pff,Lamar Jackson,46416,QB,BLT,3,1,82.1,28,29,11.6,2.66,1,2,6.3,72.4,21,0,8,8.7,31,2,0.66,15,29.3,66.4,68.8,59.3,0,0,34,1,61.3,0.0,142.6,0.0,0,2,0,0,3,1,2.9,318,11.0
2022,2,False,passing,pff,Jacoby Brissett,10725,QB,CLV,8,1,85.2,27,27,6.6,2.93,0,1,3.6,81.5,22,0,9,4.3,32,1,0.32,17,78.4,83.2,79.1,72.6,0,1,33,0,65.6,11.1,98.9,3.1,1,4,0,0,1,1,3.0,229,8.5
2022,2,False,passing,pff,Marcus Mariota,9435,QB,ATL,2,1,75.0,24,26,8.4,3.19,1,1,3.4,65.4,17,0,12,5.6,32,1,0.02,12,28.1,59.2,61.3,52.5,0,2,35,0,53.1,25.0,81.6,9.4,3,3,0,1,2,2,5.7,196,7.5
2022,2,False,passing,pff,Aaron Rodgers,2241,QB,GB,12,1,82.6,23,25,5.6,2.64,0,2,7.7,76.0,19,0,8,0.0,29,0,0.39,10,78.1,83.5,84.2,58.9,0,0,30,0,51.7,37.5,131.1,10.3,3,1,0,2,2,0,0.0,234,9.4
2022,2,False,passing,pff,Jimmy Garoppolo,8697,QB,SF,28,1,73.7,19,21,8.2,2.25,2,1,4.0,61.9,13,0,5,7.1,22,1,0.04,7,77.7,66.5,65.4,61.6,0,0,26,0,50.0,20.0,100.1,4.5,1,0,0,0,1,0,0.0,154,7.3
2022,2,False,passing,pff,Ryan Tannehill,7014,QB,TEN,31,1,61.1,18,20,8.4,2.45,0,0,0.0,55.0,11,0,10,0.0,22,0,-0.49,6,76.4,44.1,41.8,62.6,2,2,24,0,31.8,20.0,32.7,9.1,2,0,0,0,0,2,8.3,117,5.9
2022,2,False,passing,pff,Justin Fields,82118,QB,CHI,6,1,72.7,11,11,10.8,3.4,0,0,0.0,63.6,7,0,9,12.5,17,1,-0.47,3,24.3,40.8,50.6,44.4,0,1,17,1,35.3,33.3,43.7,17.6,3,3,0,0,0,1,5.9,70,6.4
2022,2,False,passing,pff,Malik Willis,60341,QB,TEN,31,1,33.3,3,4,7.7,3.7,0,0,0.0,25.0,1,0,4,0.0,6,0,-0.07,1,17.9,39.7,48.0,46.3,0,0,6,0,50.0,0.0,39.6,0.0,0,2,0,1,0,0,0.0,6,1.5
2022,2,False,passing,pff,Trey Lance,91399,QB,SF,28,1,100.0,2,3,3.5,2.27,0,0,0.0,66.7,2,0,2,0.0,3,0,-0.14,1,69.8,55.3,59.8,54.6,1,0,3,0,33.3,0.0,99.3,0.0,0,0,0,0,0,0,0.0,30,10.0
2022,2,False,passing,pff,Case Keenum,7323,QB,BUF,4,1,0.0,2,2,13.0,1.85,0,0,0.0,0.0,0,0,0,,2,0,-0.63,0,69.1,44.5,43.9,57.7,0,0,2,0,0.0,,39.6,0.0,0,0,0,0,0,0,0.0,0,0.0
2022,2,False,passing,pff,DeeJay Dallas,55632,HB,SEA,29,1,0.0,1,1,14.0,3.0,0,0,0.0,0.0,0,0,0,,1,0,-4.25,0,69.5,11.4,22.2,,0,1,1,0,0.0,,0.0,0.0,0,0,0,0,0,1,100.0,0,0.0
2022,2,False,passing,pff,Braden Mann,44664,P,NYJ,22,1,100.0,1,1,6.0,2.1,0,0,0.0,100.0,1,0,0,0.0,1,0,3.68,1,60.4,70.7,67.2,,0,0,1,0,100.0,,118.8,0.0,0,0,0,0,0,0,0.0,17,17.0
2022,3,False,passing,pff,Josh Allen,46601,QB,BUF,4,1,75.0,56,63,5.9,2.74,1,4,6.3,66.7,42,0,32,0.0,73,0,0.25,26,45.8,53.8,47.0,86.6,0,0,74,1,57.5,12.5,94.7,5.5,4,5,1,5,2,5,6.8,400,6.3
2022,3,False,passing,pff,Kyler Murray,38334,QB,ARZ,1,1,76.4,55,58,6.0,2.21,0,1,1.7,63.8,37,0,11,11.9,62,5,-0.09,15,81.7,61.9,62.6,54.2,0,0,63,0,35.5,18.2,77.8,3.2,2,2,0,3,0,0,0.0,314,5.4
2022,3,False,passing,pff,Joe Flacco,4332,QB,NYJ,22,1,69.8,43,52,9.4,2.61,2,1,1.9,53.8,28,0,21,6.7,56,2,-0.41,13,19.9,27.1,27.7,,1,2,58,0,35.7,19.0,53.8,7.1,4,0,0,6,0,6,10.3,285,5.5
2022,3,False,passing,pff,Justin Herbert,28237,QB,LAC,27,1,66.7,39,45,9.2,2.84,1,2,4.2,55.6,25,0,20,3.8,47,1,-0.14,14,30.4,62.9,61.1,63.9,1,1,50,0,36.2,5.0,74.0,2.1,1,1,0,4,1,2,4.0,297,6.6
2022,3,False,passing,pff,Geno Smith,7820,QB,SEA,29,1,74.4,43,44,9.8,2.37,0,2,4.4,72.7,32,0,12,0.0,46,0,0.23,15,80.4,69.2,67.6,63.6,0,1,47,0,54.3,16.7,99.1,4.3,2,0,0,1,2,4,8.5,325,7.4
2022,3,False,passing,pff,Derek Carr,8671,QB,LV,23,1,73.7,38,44,11.4,2.83,0,4,8.2,59.1,26,0,13,7.1,47,2,0.12,16,80.6,78.4,74.1,76.0,3,1,52,2,48.9,7.7,85.7,2.1,1,2,0,3,2,2,3.8,303,6.9
2022,3,False,passing,pff,Carson Wentz,10636,QB,WAS,32,1,74.4,39,43,8.3,2.7,2,1,2.2,58.1,25,0,23,13.8,55,4,-0.38,11,35.6,64.0,63.4,60.3,1,0,58,0,32.7,39.1,71.0,16.4,9,3,0,1,0,1,1.7,211,4.9
2022,3,False,passing,pff,Tom Brady,698,QB,TB,30,1,80.0,40,42,6.1,2.17,0,0,0.0,73.8,31,0,8,3.1,45,1,-0.15,15,80.6,68.6,66.7,64.7,0,0,50,0,44.4,37.5,98.4,6.7,3,0,0,2,1,0,0.0,271,6.5
2022,3,False,passing,pff,Jared Goff,10635,QB,DET,11,1,70.3,37,41,9.3,2.81,0,0,0.0,61.0,25,0,14,3.8,43,1,0.09,14,79.8,62.8,63.4,54.2,0,1,45,0,46.5,0.0,79.0,0.0,0,2,1,3,1,2,4.4,277,6.8
2022,3,False,passing,pff,Kirk Cousins,7102,QB,MIN,18,1,71.4,35,41,8.5,2.79,1,1,2.2,58.5,24,0,14,4.0,42,1,-0.05,16,80.2,76.6,75.0,60.0,2,0,47,0,42.9,7.1,93.5,2.4,1,0,1,2,2,0,0.0,260,6.3
2022,3,False,passing,pff,Jameis Winston,9434,QB,NO,20,1,74.3,35,41,13.1,2.52,2,3,6.7,61.0,25,0,15,3.8,42,1,0.2,14,30.0,67.6,71.6,60.0,1,2,46,0,52.4,6.7,76.6,2.4,1,0,0,3,1,2,4.3,353,8.6
2022,3,False,passing,pff,Trevor Lawrence,77632,QB,JAX,15,1,78.4,37,39,5.6,2.28,1,2,5.0,71.8,28,0,9,3.4,40,1,0.34,16,79.6,77.4,76.0,62.5,1,0,41,0,57.5,0.0,115.5,0.0,0,1,0,0,3,1,2.4,262,6.7
2022,3,False,passing,pff,Daniel Jones,39395,QB,NYG,21,1,77.4,31,37,6.5,3.37,1,2,4.9,54.1,20,0,27,16.7,49,4,-0.19,13,81.2,64.5,59.7,75.6,0,1,54,2,44.9,18.5,57.9,10.2,5,7,0,5,0,2,3.7,196,5.3
2022,3,False,passing,pff,Matt Ryan,4317,QB,IND,14,1,85.3,34,37,4.9,2.48,0,0,0.0,73.0,27,0,13,6.9,43,2,-0.15,12,22.6,56.1,54.8,62.8,1,0,45,0,44.2,38.5,105.9,11.6,5,1,0,2,2,2,4.4,222,6.0
2022,3,False,passing,pff,Joe Burrow,28022,QB,CIN,7,1,73.5,34,36,9.0,2.69,0,3,7.9,63.9,23,0,13,8.0,39,2,0.23,12,80.0,71.9,75.5,58.6,1,0,41,2,48.7,15.4,114.9,5.1,2,1,0,1,3,3,7.3,275,7.6
2022,3,False,passing,pff,Patrick Mahomes,11765,QB,KC,16,1,75.9,29,35,8.1,3.09,1,1,2.6,57.1,20,0,14,9.1,42,2,0.15,15,79.9,77.7,72.4,77.4,0,1,46,0,47.6,7.1,78.5,2.4,1,4,0,5,1,0,0.0,262,7.5
2022,3,False,passing,pff,Aaron Rodgers,2241,QB,GB,12,1,82.4,34,35,5.4,2.4,0,1,2.8,77.1,27,0,11,3.6,36,1,-0.08,11,78.8,70.3,69.1,60.0,0,1,37,1,50.0,9.1,103.9,2.8,1,0,0,1,2,1,2.7,255,7.3
2022,3,False,passing,pff,Jalen Hurts,40291,QB,PHI,24,1,66.7,33,35,11.8,3.01,1,3,8.1,62.9,22,0,10,0.0,41,0,0.39,16,80.6,63.7,70.9,42.1,0,0,43,0,41.5,20.0,123.5,4.9,2,4,0,1,3,1,2.3,340,9.7
2022,3,False,passing,pff,Russell Wilson,7077,QB,DEN,10,1,75.0,32,33,6.8,2.69,0,1,2.8,60.6,20,0,16,16.7,40,4,-0.26,9,80.2,64.4,63.1,62.2,0,0,44,0,27.5,25.0,75.8,10.0,4,3,0,1,0,0,0.0,184,5.6
2022,3,False,passing,pff,Mitch Trubisky,11757,QB,PIT,25,1,71.9,32,32,11.9,2.89,0,3,8.3,62.5,20,0,10,13.0,33,3,-0.19,10,79.0,80.3,77.6,67.8,0,0,37,0,42.4,10.0,81.1,3.0,1,0,0,0,0,0,0.0,207,6.5
2022,3,False,passing,pff,Davis Mills,52269,QB,HST,13,1,73.3,30,32,7.7,2.5,1,0,0.0,62.5,20,0,9,9.1,33,2,-0.23,9,78.3,71.4,70.1,,0,2,35,0,36.4,11.1,70.4,3.0,1,0,0,1,1,1,2.9,245,7.7
2022,3,False,passing,pff,Mac Jones,60323,QB,NE,19,1,68.8,32,32,12.3,3.1,0,5,14.7,68.8,22,0,12,0.0,40,0,-0.19,14,79.3,62.0,61.0,61.1,0,3,42,0,45.0,25.0,62.1,7.5,3,5,0,0,0,4,9.5,321,10.0
2022,3,False,passing,pff,Cooper Rush,12324,QB,DAL,9,1,82.1,28,31,9.2,2.3,1,1,3.2,67.7,21,0,6,8.7,31,2,-0.08,12,78.3,82.1,82.1,57.0,0,0,31,0,48.4,0.0,98.2,0.0,0,0,0,2,1,0,0.0,215,6.9
2022,3,False,passing,pff,Jacoby Brissett,10725,QB,CLV,8,1,79.3,29,31,7.2,2.42,1,2,6.5,67.7,21,0,7,8.7,33,2,0.09,12,78.8,92.5,90.4,79.7,1,0,34,0,48.5,28.6,109.6,6.1,2,0,0,0,2,0,0.0,220,7.1
2022,3,False,passing,pff,Lamar Jackson,46416,QB,BLT,3,1,73.1,26,29,10.4,3.55,1,3,10.3,62.1,18,0,14,5.3,34,1,0.08,12,80.2,85.6,74.5,88.0,0,1,34,0,50.0,28.6,110.3,11.8,4,1,0,2,4,1,2.9,218,7.5
2022,3,False,passing,pff,Jimmy Garoppolo,8697,QB,SF,28,1,64.3,28,29,8.8,2.5,1,1,3.3,62.1,18,0,11,0.0,33,0,-0.25,9,27.7,42.4,47.3,43.9,0,1,35,0,42.4,36.4,81.3,12.1,4,0,0,0,1,2,5.7,211,7.3
2022,3,False,passing,pff,Ryan Tannehill,7014,QB,TEN,31,1,90.9,22,27,8.0,2.45,2,1,3.4,70.4,19,0,12,5.0,28,1,0.38,13,27.5,65.7,63.4,64.8,1,1,30,0,60.7,8.3,98.4,3.6,1,0,0,2,1,2,6.7,264,9.8
2022,3,False,passing,pff,Baker Mayfield,46518,QB,CAR,5,1,52.2,23,25,6.1,2.86,0,0,0.0,48.0,12,0,9,0.0,29,0,-0.23,5,77.4,46.5,45.9,60.0,0,0,29,0,27.6,33.3,83.8,10.3,3,0,0,2,1,0,0.0,170,6.8
2022,3,False,passing,pff,Matthew Stafford,4924,QB,LA,26,1,80.0,25,25,8.2,2.59,0,2,8.0,72.0,18,0,7,10.0,27,2,0.36,11,77.3,82.7,82.5,65.3,0,0,27,1,55.6,14.3,103.6,3.7,1,1,0,0,0,0,0.0,249,10.0
2022,3,False,passing,pff,Marcus Mariota,9435,QB,ATL,2,1,68.4,19,20,15.7,3.17,0,2,8.7,65.0,13,0,8,0.0,25,0,0.58,13,77.9,64.2,66.7,53.1,0,1,28,0,56.0,37.5,99.8,12.0,3,2,0,1,1,1,3.6,229,11.5
2022,3,False,passing,pff,Tua Tagovailoa,60326,QB,MIA,17,1,82.4,17,18,10.4,2.45,0,2,9.5,72.2,13,0,5,7.1,19,1,0.57,8,76.3,80.5,82.1,56.7,1,0,22,0,57.9,20.0,123.8,5.3,1,0,0,0,1,1,4.5,186,10.3
2022,3,False,passing,pff,Justin Fields,82118,QB,CHI,6,1,60.0,15,17,8.7,3.0,1,0,0.0,47.1,8,1,12,11.1,25,1,-0.18,7,77.7,56.3,48.4,70.5,0,2,26,1,32.0,41.7,27.7,20.0,5,3,0,1,0,2,7.7,106,6.2
2022,3,False,passing,pff,Teddy Bridgewater,8667,QB,MIA,17,1,0.0,1,2,-3.0,1.87,1,0,0.0,0.0,0,0,2,,3,0,-1.19,0,65.5,56.1,56.4,,0,0,3,0,0.0,50.0,39.6,33.3,1,0,0,0,0,0,0.0,0,0.0
2022,3,False,passing,pff,Mack Hollins,11873,WR,LV,23,1,100.0,1,1,-6.0,3.4,0,0,0.0,100.0,1,0,0,0.0,1,0,-0.08,0,70.6,85.9,60.0,,0,0,1,0,0.0,,83.3,0.0,0,0,0,0,0,0,0.0,4,4.0
2022,3,False,passing,pff,Tommy Townsend,33007,P,KC,16,1,0.0,1,1,1.0,3.4,0,0,0.0,0.0,0,0,0,,1,0,-2.62,0,60.4,50.1,56.7,,0,0,1,0,0.0,,39.6,0.0,0,0,0,0,0,0,0.0,0,0.0
2022,4,False,passing,pff,Tom Brady,698,QB,TB,30,1,80.0,50,52,6.9,2.14,0,3,5.4,75.0,39,0,9,2.5,53,1,0.21,23,36.8,77.1,75.5,,1,0,57,0,58.5,11.1,114.7,1.9,1,0,0,1,3,1,1.8,385,7.4
2022,4,False,passing,pff,Matthew Stafford,4924,QB,LA,26,1,75.0,44,48,5.7,2.68,2,0,0.0,66.7,32,0,23,3.0,56,1,-0.22,16,81.3,48.7,49.9,54.0,0,1,57,0,46.4,30.4,71.0,12.5,7,1,0,2,0,2,3.5,254,5.3
2022,4,False,passing,pff,Carson Wentz,10636,QB,WAS,32,1,65.8,38,42,8.1,2.42,0,1,2.3,59.5,25,0,19,0.0,45,0,-0.33,10,80.0,49.5,46.9,65.6,0,2,47,2,35.6,10.5,56.6,4.4,2,1,0,4,1,2,4.3,170,4.0
2022,4,False,passing,pff,Jared Goff,10635,QB,DET,11,1,75.7,37,39,10.6,2.66,0,1,2.3,66.7,26,0,11,7.1,41,2,0.24,18,80.3,74.6,73.7,59.8,0,1,48,0,51.2,9.1,121.5,2.4,1,1,0,2,4,3,6.3,378,9.7
2022,4,False,passing,pff,Justin Herbert,28237,QB,LAC,27,1,78.4,37,39,7.3,2.71,0,1,2.5,69.2,27,1,11,6.9,40,2,0.4,15,80.0,72.9,71.5,61.0,0,0,41,1,45.0,9.1,113.2,2.5,1,0,0,2,2,1,2.4,340,8.7
2022,4,False,passing,pff,Kirk Cousins,7102,QB,MIN,18,1,82.4,34,38,8.4,2.59,0,1,2.3,65.8,25,0,11,10.7,41,3,-0.02,14,80.1,67.5,67.0,62.6,0,1,46,2,41.5,27.3,84.6,7.3,3,0,0,4,1,2,4.3,273,7.2
2022,4,False,passing,pff,Patrick Mahomes,11765,QB,KC,16,1,76.5,34,37,8.9,2.68,0,4,10.5,62.2,23,0,13,11.5,43,3,0.22,19,79.8,88.0,82.4,79.4,0,1,44,0,51.2,23.1,97.7,7.0,3,3,0,3,3,1,2.3,249,6.7
2022,4,False,passing,pff,Matt Ryan,4317,QB,IND,14,1,82.4,34,37,7.1,2.71,1,0,0.0,73.0,27,0,11,3.6,41,1,0.25,17,28.7,69.8,69.6,57.8,0,1,42,1,53.7,27.3,109.7,7.3,3,1,0,2,2,1,2.4,356,9.6
2022,4,False,passing,pff,Josh Allen,46601,QB,BUF,4,1,75.0,32,36,7.4,2.73,2,0,0.0,52.8,19,0,12,20.8,42,5,0.11,17,80.4,90.3,79.9,90.1,0,1,43,0,50.0,8.3,68.4,2.4,1,5,0,2,1,0,0.0,213,5.9
2022,4,False,passing,pff,Baker Mayfield,46518,QB,CAR,5,1,75.0,32,36,6.5,2.31,4,0,0.0,61.1,22,0,6,8.3,39,2,-0.37,8,79.3,58.9,60.9,51.5,0,2,40,0,38.5,33.3,61.9,5.1,2,0,0,0,1,1,2.5,197,5.5
2022,4,False,passing,pff,Zach Wilson,82096,QB,NYJ,22,1,73.3,30,36,8.8,3.31,1,1,2.6,50.0,18,0,15,18.2,40,4,0.0,11,79.6,69.1,63.4,66.1,1,2,43,0,35.0,6.7,59.0,2.5,1,2,0,4,1,4,9.3,252,7.0
2022,4,False,passing,pff,Davis Mills,52269,QB,HST,13,1,82.4,34,35,7.2,2.53,0,2,5.1,74.3,26,0,17,7.1,39,2,-0.18,11,79.3,74.1,74.6,,1,2,43,1,33.3,23.5,88.5,10.3,4,0,0,0,2,1,2.3,246,7.0
2022,4,False,passing,pff,Aaron Rodgers,2241,QB,GB,12,1,67.7,31,35,9.6,2.26,0,4,11.1,60.0,21,0,8,0.0,37,0,-0.2,12,78.7,74.0,73.6,58.3,0,1,38,0,35.1,12.5,89.1,2.7,1,1,0,4,2,1,2.6,251,7.2
2022,4,False,passing,pff,Jacoby Brissett,10725,QB,CLV,8,1,70.0,30,35,10.0,3.18,1,1,2.7,60.0,21,0,12,0.0,38,0,-0.08,10,79.7,67.3,61.8,74.7,2,1,40,0,42.1,8.3,68.0,2.6,1,2,0,2,0,1,2.5,234,6.7
2022,4,False,passing,pff,Derek Carr,8671,QB,LV,23,1,73.3,30,34,8.5,2.55,0,0,0.0,61.8,21,0,12,4.5,39,1,0.08,14,79.9,65.1,60.5,71.5,0,0,40,0,53.8,16.7,76.6,5.1,2,3,0,4,0,1,2.5,188,5.5
2022,4,False,passing,pff,Kyler Murray,38334,QB,ARZ,1,1,82.1,28,32,7.3,2.82,2,0,0.0,71.9,23,0,11,0.0,35,0,-0.03,11,25.2,59.9,57.0,63.8,0,1,40,0,54.3,9.1,96.7,2.9,1,2,0,2,2,2,5.0,207,6.5
2022,4,False,passing,pff,Joe Burrow,28022,QB,CIN,7,1,67.7,31,31,9.6,2.45,0,2,6.3,64.5,20,0,12,4.8,35,1,0.24,10,79.1,67.4,66.1,62.9,0,0,36,0,45.7,8.3,115.9,2.9,1,2,0,0,2,0,0.0,287,9.3
2022,4,False,passing,pff,Geno Smith,7820,QB,SEA,29,1,85.7,28,30,11.1,2.93,1,2,6.1,76.7,23,0,8,4.2,32,1,0.69,15,79.4,92.4,91.6,81.3,0,0,35,2,71.9,0.0,132.6,0.0,0,2,0,1,2,0,0.0,320,10.7
2022,4,False,passing,pff,Lamar Jackson,46416,QB,BLT,3,1,78.6,28,29,5.0,3.34,0,0,0.0,69.0,20,0,11,9.1,38,2,-0.21,9,80.4,58.0,48.4,74.4,0,2,43,0,44.7,18.2,63.0,5.3,2,7,0,1,1,2,4.7,144,5.0
2022,4,False,passing,pff,Andy Dalton,6187,QB,NO,20,1,74.1,27,28,11.3,2.58,0,2,6.7,71.4,20,0,7,0.0,30,0,0.04,11,26.8,76.4,76.4,56.9,0,0,32,0,56.7,28.6,108.6,6.7,2,0,0,1,1,2,6.3,236,8.4
2022,4,False,passing,pff,Cooper Rush,12324,QB,DAL,9,1,72.7,22,27,10.8,2.99,2,2,6.5,55.6,15,0,9,6.3,29,1,0.1,9,78.2,56.0,54.4,62.3,0,0,33,0,34.5,11.1,107.5,3.4,1,1,0,3,2,2,6.1,223,8.3
2022,4,False,passing,pff,Jimmy Garoppolo,8697,QB,SF,28,1,70.8,24,27,6.0,2.23,1,2,7.4,59.3,16,0,3,5.9,28,1,0.25,10,77.0,87.5,85.0,62.6,1,0,28,0,46.4,0.0,100.7,0.0,0,1,0,1,1,0,0.0,239,8.9
2022,4,False,passing,pff,Russell Wilson,7077,QB,DEN,10,1,80.0,25,25,11.8,2.63,0,3,10.0,68.0,17,0,9,15.0,31,3,0.07,8,78.7,80.3,79.9,61.1,0,0,36,0,38.7,33.3,124.9,9.7,3,3,0,0,2,0,0.0,237,9.5
2022,4,False,passing,pff,Jalen Hurts,40291,QB,PHI,24,1,82.6,23,25,6.2,2.75,1,0,0.0,64.0,16,0,8,15.8,30,3,-0.39,9,80.4,71.0,66.2,69.9,0,1,33,0,46.7,25.0,72.8,6.7,2,3,0,1,0,1,3.0,204,8.2
2022,4,False,passing,pff,Teddy Bridgewater,8667,QB,MIA,17,1,71.4,21,23,10.4,3.56,0,0,0.0,60.9,14,0,12,6.7,24,1,-0.08,9,76.1,54.2,53.1,65.9,1,1,24,1,50.0,0.0,84.1,0.0,0,1,0,1,1,2,8.3,193,8.4
2022,4,False,passing,pff,Trevor Lawrence,77632,QB,JAX,15,1,72.7,22,23,7.2,2.51,0,0,0.0,47.8,11,0,9,31.3,27,5,-0.35,9,13.8,27.6,29.0,47.8,0,1,28,0,37.0,44.4,84.3,14.8,4,0,0,1,2,4,14.3,174,7.6
2022,4,False,passing,pff,Justin Fields,82118,QB,CHI,6,1,63.2,19,22,9.9,3.54,1,1,4.3,50.0,11,0,18,8.3,35,1,-0.01,10,78.3,67.0,60.2,73.0,0,0,36,0,37.1,33.3,76.7,17.1,6,7,0,2,0,0,0.0,174,7.9
2022,4,False,passing,pff,Ryan Tannehill,7014,QB,TEN,31,1,90.5,21,21,4.7,2.77,0,0,0.0,81.0,17,0,12,10.5,27,2,0.24,10,78.0,69.7,69.5,59.5,0,0,29,0,55.6,25.0,125.6,11.1,3,2,0,0,2,0,0.0,137,6.5
2022,4,False,passing,pff,Marcus Mariota,9435,QB,ATL,2,1,41.2,17,19,13.0,3.69,0,0,0.0,36.8,7,0,11,0.0,20,0,-0.23,6,25.2,51.3,49.1,61.6,0,1,20,0,30.0,9.1,41.3,5.0,1,0,0,2,0,2,10.0,139,7.3
2022,4,False,passing,pff,Bailey Zappe,60396,QB,NE,19,1,78.6,14,15,5.5,3.21,0,0,0.0,66.7,10,0,6,9.1,18,1,-0.52,4,22.6,51.0,53.6,,0,0,18,1,38.9,50.0,107.4,16.7,3,0,0,1,1,1,5.6,99,6.6
2022,4,False,passing,pff,Tua Tagovailoa,60326,QB,MIA,17,1,76.9,13,14,13.7,2.58,1,1,5.9,57.1,8,0,4,20.0,15,2,0.01,5,74.5,76.6,75.0,,0,1,18,0,40.0,25.0,52.7,6.7,1,0,0,0,0,2,11.1,110,7.9
2022,4,False,passing,pff,Daniel Jones,39395,QB,NYG,21,1,66.7,12,13,5.4,3.52,0,0,0.0,61.5,8,0,6,0.0,17,0,0.15,7,76.4,85.8,82.9,71.5,0,0,21,0,47.1,16.7,76.1,5.9,1,3,0,1,0,0,0.0,71,5.5
2022,4,False,passing,pff,Mitch Trubisky,11757,QB,PIT,25,1,53.8,13,13,16.0,3.09,0,1,6.3,53.8,7,0,7,0.0,17,0,-0.54,5,75.1,60.7,62.8,55.3,0,1,20,0,29.4,42.9,41.8,17.6,3,1,0,0,0,2,10.0,84,6.5
2022,4,False,passing,pff,Kenny Pickett,60515,QB,PIT,25,1,84.6,13,13,13.2,3.03,0,0,0.0,76.9,10,0,4,9.1,16,1,0.26,8,23.7,66.9,71.6,54.1,0,3,17,0,56.3,0.0,65.1,0.0,0,3,0,0,0,0,0.0,120,9.2
2022,4,False,passing,pff,Brian Hoyer,5277,QB,NE,19,1,83.3,6,6,4.2,1.97,0,0,0.0,83.3,5,0,3,0.0,7,0,-0.28,2,69.6,63.7,62.9,,0,0,7,0,42.9,33.3,92.4,14.3,1,0,0,0,0,0,0.0,37,6.2
2022,4,False,passing,pff,Tyrod Taylor,6332,QB,NYG,21,1,66.7,3,3,21.0,3.3,0,0,0.0,33.3,1,0,2,50.0,5,1,0.7,3,16.2,47.3,54.1,50.4,0,1,5,0,60.0,0.0,5.6,0.0,0,2,0,0,0,2,40.0,11,3.7
2022,4,False,passing,pff,Jack Fox,34735,P,DET,11,1,100.0,1,1,6.0,2.0,0,0,0.0,100.0,1,0,0,0.0,1,0,3.62,1,60.4,70.7,67.2,,0,0,1,0,100.0,,91.7,0.0,0,0,0,0,0,0,0.0,6,6.0
2022,4,False,passing,pff,Tyler Boyd,10689,WR,CIN,7,1,100.0,1,1,21.0,3.2,0,0,0.0,100.0,1,0,0,0.0,1,0,3.6,1,65.7,66.3,74.8,,0,0,1,0,100.0,,118.8,0.0,0,0,0,0,0,0,0.0,23,23.0
2022,4,False,passing,pff,Ryan Wright,77591,P,MIN,18,1,100.0,1,1,13.0,1.9,0,0,0.0,100.0,1,0,0,0.0,1,0,3.08,1,60.4,73.1,68.8,,0,0,1,0,100.0,,118.8,0.0,0,0,0,0,0,0,0.0,13,13.0
2022,4,False,passing,pff,Braxton Berrios,47961,WR,NYJ,22,1,100.0,1,1,4.0,3.0,0,0,0.0,100.0,1,0,0,0.0,1,0,1.77,1,72.2,73.8,70.8,,0,0,1,0,100.0,,118.8,0.0,0,0,0,0,1,0,0.0,2,2.0
2022,5,False,passing,pff,Tom Brady,698,QB,TB,30,1,77.6,49,52,6.8,2.24,0,2,3.7,67.3,35,0,9,7.9,53,3,0.15,17,81.6,71.2,69.9,60.5,0,0,56,0,52.8,0.0,92.7,0.0,0,0,0,3,1,1,1.8,351,6.8
2022,5,False,passing,pff,Kenny Pickett,60515,QB,PIT,25,1,76.0,50,52,7.6,2.79,1,1,1.9,65.4,34,1,17,10.5,56,4,-0.18,19,81.4,65.8,64.7,65.9,0,1,59,1,48.2,17.6,74.8,5.4,3,1,0,1,0,2,3.4,327,6.3
2022,5,False,passing,pff,Trevor Lawrence,77632,QB,JAX,15,1,68.2,44,47,11.0,2.82,1,3,6.3,53.2,25,0,13,16.7,50,5,-0.02,16,80.7,65.0,60.6,75.6,0,2,51,0,40.0,0.0,54.0,0.0,0,3,1,1,0,1,2.0,286,6.1
2022,5,False,passing,pff,Patrick Mahomes,11765,QB,KC,16,1,77.5,40,43,6.9,2.56,0,1,2.2,67.4,29,0,14,6.5,48,2,0.3,18,80.9,82.6,80.0,67.6,1,0,51,0,54.2,21.4,117.6,6.3,3,2,0,2,4,0,0.0,292,6.8
2022,5,False,passing,pff,Matthew Stafford,4924,QB,LA,26,1,72.5,40,42,7.4,2.65,0,1,2.3,66.7,28,0,20,3.4,47,1,-0.36,9,22.7,42.2,42.7,,0,1,48,0,36.2,25.0,86.2,10.6,5,0,0,2,1,3,6.3,308,7.3
2022,5,False,passing,pff,Kyler Murray,38334,QB,ARZ,1,1,76.3,38,42,7.0,2.24,0,0,0.0,66.7,28,0,15,3.4,45,1,0.1,16,80.3,63.9,61.4,66.8,0,1,45,0,51.1,6.7,80.5,2.2,1,1,2,2,1,1,2.2,250,6.0
2022,5,False,passing,pff,Matt Ryan,4317,QB,IND,14,1,80.0,35,41,6.0,2.79,0,0,0.0,63.4,26,0,24,7.1,48,2,-0.22,14,32.0,39.0,42.2,55.3,0,2,53,1,41.7,25.0,60.1,12.5,6,1,1,5,0,3,5.7,251,6.1
2022,5,False,passing,pff,Kirk Cousins,7102,QB,MIN,18,1,91.7,36,41,4.7,2.51,1,1,2.2,78.0,32,0,9,3.0,43,1,0.17,18,80.6,71.3,68.1,70.5,1,1,47,0,62.8,11.1,94.7,2.3,1,1,1,2,1,1,2.1,296,7.2
2022,5,False,passing,pff,Russell Wilson,7077,QB,DEN,10,1,68.6,35,39,10.9,2.69,2,1,2.5,53.8,21,0,9,12.5,45,3,-0.22,12,29.9,40.9,38.5,66.8,0,2,46,0,40.0,44.4,54.9,8.9,4,2,0,2,0,4,8.7,274,7.0
2022,5,False,passing,pff,Aaron Rodgers,2241,QB,GB,12,1,71.4,35,39,7.3,2.36,3,1,2.4,64.1,25,0,13,0.0,41,0,0.03,15,79.3,60.2,59.6,,0,0,43,0,46.3,15.4,96.3,4.9,2,0,0,1,2,0,0.0,222,5.7
2022,5,False,passing,pff,Carson Wentz,10636,QB,WAS,32,1,77.1,35,38,9.0,2.61,2,5,11.9,65.8,25,0,12,7.4,43,2,0.04,12,30.7,74.3,72.7,57.6,0,1,47,0,51.2,25.0,102.9,7.0,3,2,0,1,2,2,4.3,359,9.4
2022,5,False,passing,pff,Baker Mayfield,46518,QB,CAR,5,1,66.7,33,36,7.5,2.68,0,2,5.1,55.6,20,0,11,9.1,41,2,-0.27,7,79.6,66.3,65.5,,1,1,44,0,31.7,36.4,61.7,9.8,4,0,0,2,0,1,2.3,215,6.0
2022,5,False,passing,pff,Jalen Hurts,40291,QB,PHI,24,1,84.8,33,36,3.5,2.59,1,1,2.8,72.2,26,0,13,7.1,40,2,0.16,14,81.5,71.8,58.4,84.3,0,0,41,0,55.0,15.4,89.9,5.0,2,2,0,2,0,2,4.9,239,6.6
2022,5,False,passing,pff,Jared Goff,10635,QB,DET,11,1,70.0,30,35,9.1,3.06,0,2,5.4,54.3,19,0,16,9.5,39,2,-0.5,9,28.7,56.7,58.4,51.4,0,1,41,0,38.5,12.5,62.7,5.1,2,2,0,5,0,2,4.9,229,6.5
2022,5,False,passing,pff,Joe Burrow,28022,QB,CIN,7,1,80.0,30,35,4.2,2.28,3,0,0.0,68.6,24,0,5,0.0,37,0,-0.12,10,79.8,58.6,56.4,66.4,1,1,41,0,48.6,40.0,82.7,5.4,2,0,0,1,1,1,2.4,217,6.2
2022,5,False,passing,pff,Jacoby Brissett,10725,QB,CLV,8,1,71.0,31,34,10.2,2.89,0,2,5.6,61.8,21,0,8,4.5,36,1,0.16,16,79.0,70.5,64.6,79.1,0,1,38,0,52.8,0.0,79.3,0.0,0,2,0,3,1,1,2.6,230,6.8
2022,5,False,passing,pff,Justin Herbert,28237,QB,LAC,27,1,75.0,32,34,5.5,2.79,1,0,0.0,64.7,22,0,12,8.3,38,2,0.18,14,79.5,64.9,65.1,57.1,0,0,40,0,50.0,8.3,93.8,2.6,1,3,0,1,1,0,0.0,228,6.7
2022,5,False,passing,pff,Skylar Thompson,60417,QB,MIA,17,1,71.0,31,33,7.2,2.67,0,1,2.8,57.6,19,0,21,13.6,35,3,-0.55,8,28.0,58.2,57.4,65.9,0,1,39,1,42.9,9.5,58.4,5.7,2,0,0,2,0,2,5.1,166,5.0
2022,5,False,passing,pff,Lamar Jackson,46416,QB,BLT,3,1,76.0,25,32,10.1,3.07,2,1,3.1,59.4,19,0,15,0.0,35,0,-0.17,7,80.6,65.1,60.1,68.9,0,1,37,1,40.0,6.7,71.6,2.9,1,2,0,5,1,1,2.7,174,5.4
2022,5,False,passing,pff,Josh Allen,46601,QB,BUF,4,1,72.4,29,31,14.9,2.53,2,4,12.5,64.5,20,0,6,4.8,34,1,0.63,17,78.7,88.7,86.0,68.6,0,1,35,0,58.8,0.0,134.1,0.0,0,3,0,0,4,1,2.9,424,13.7
2022,5,False,passing,pff,Jimmy Garoppolo,8697,QB,SF,28,1,70.4,27,30,8.6,2.54,3,1,3.0,60.0,18,0,11,5.3,32,1,0.45,12,78.7,70.1,67.2,66.4,0,0,36,1,46.9,18.2,109.4,6.3,2,0,0,0,2,1,2.8,253,8.4
2022,5,False,passing,pff,Derek Carr,8671,QB,LV,23,1,74.1,27,30,11.9,3.1,0,1,3.0,63.3,19,0,15,5.0,33,1,0.15,6,78.4,68.9,70.7,58.3,0,0,37,2,39.4,13.3,110.6,6.1,2,1,0,3,2,0,0.0,241,8.0
2022,5,False,passing,pff,Daniel Jones,39395,QB,NYG,21,1,88.0,25,27,5.6,2.7,1,0,0.0,77.8,21,0,13,4.5,31,1,0.48,14,28.8,69.8,70.5,65.1,0,0,33,1,61.3,7.7,100.2,3.2,1,3,0,1,0,1,3.0,217,8.0
2022,5,False,passing,pff,Geno Smith,7820,QB,SEA,29,1,75.0,24,25,13.3,3.24,0,5,17.2,64.0,16,0,11,11.1,30,2,0.08,10,78.3,91.3,91.0,61.4,0,0,34,0,46.7,27.3,139.7,10.0,3,2,0,1,3,1,2.9,268,10.7
2022,5,False,passing,pff,Ryan Tannehill,7014,QB,TEN,31,1,72.7,22,25,9.0,2.9,0,2,7.4,60.0,15,0,15,6.3,31,1,-0.08,6,78.4,60.1,62.7,49.5,1,0,33,1,38.7,33.3,95.6,16.1,5,1,0,2,1,0,0.0,181,7.2
2022,5,False,passing,pff,Marcus Mariota,9435,QB,ATL,2,1,62.5,24,25,8.8,2.68,0,1,3.6,56.0,14,0,14,6.7,34,1,-0.08,8,28.5,67.2,65.9,62.7,0,0,37,0,35.3,35.7,86.6,14.7,5,4,0,1,1,1,2.7,147,5.9
2022,5,False,passing,pff,Andy Dalton,6187,QB,NO,20,1,73.9,23,24,7.8,2.68,0,1,3.8,66.7,16,0,9,5.9,26,1,-0.17,8,78.5,69.7,68.6,61.5,1,1,28,0,46.2,11.1,86.6,3.8,1,1,0,0,1,1,3.6,187,7.8
2022,5,False,passing,pff,Davis Mills,52269,QB,HST,13,1,78.3,23,24,5.3,2.16,1,0,0.0,66.7,16,0,9,11.1,25,2,-0.15,6,77.1,64.4,67.8,55.8,0,0,26,1,44.0,11.1,81.9,4.0,1,0,0,0,0,0,0.0,140,5.8
2022,5,False,passing,pff,Justin Fields,82118,QB,CHI,6,1,85.0,20,21,8.9,3.18,1,1,4.3,71.4,15,1,13,11.8,29,2,0.28,12,26.8,77.9,56.2,92.4,0,0,32,2,51.7,15.4,118.8,6.9,2,6,0,0,1,2,6.3,208,9.9
2022,5,False,passing,pff,Bailey Zappe,60396,QB,NE,19,1,85.7,21,21,8.2,2.8,0,0,0.0,81.0,17,0,2,5.6,22,1,0.36,11,26.4,77.6,82.7,44.6,0,1,26,0,59.1,0.0,100.0,0.0,0,1,0,0,1,0,0.0,188,9.0
2022,5,False,passing,pff,Zach Wilson,82096,QB,NYJ,22,1,77.8,18,21,10.8,2.73,1,1,4.5,66.7,14,0,5,0.0,24,0,0.1,10,77.4,81.9,79.7,65.7,2,0,26,0,45.8,40.0,99.3,8.3,2,1,0,0,0,0,0.0,210,10.0
2022,5,False,passing,pff,Cooper Rush,12324,QB,DAL,9,1,73.3,15,16,7.4,2.07,0,0,0.0,62.5,10,0,10,9.1,19,1,-0.33,4,24.5,62.9,63.5,56.2,1,0,19,0,36.8,30.0,80.7,15.8,3,0,0,0,0,1,5.3,102,6.4
2022,5,False,passing,pff,P.J. Walker,12134,QB,CAR,5,1,83.3,6,6,12.7,2.2,0,0,0.0,83.3,5,0,3,0.0,8,0,-0.33,3,70.3,70.8,69.9,,0,0,8,0,50.0,66.7,108.3,25.0,2,0,0,0,0,0,0.0,60,10.0
2022,5,False,passing,pff,Case Keenum,7323,QB,BUF,4,1,40.0,5,5,6.4,1.88,0,0,0.0,40.0,2,0,0,0.0,5,0,-1.07,0,70.2,28.6,28.6,60.0,0,0,5,0,0.0,,47.9,0.0,0,0,0,0,0,1,20.0,8,1.6
2022,5,False,passing,pff,Taysom Hill,12112,TE,NO,20,1,100.0,1,1,18.0,2.2,0,1,100.0,100.0,1,0,0,0.0,1,0,2.83,1,22.5,94.4,82.5,90.3,0,0,1,0,100.0,,158.3,0.0,0,0,0,0,1,0,0.0,22,22.0
2022,5,False,passing,pff,Teddy Bridgewater,8667,QB,MIA,17,1,,0,1,,2.0,0,0,0.0,0.0,0,0,1,,1,0,-1.17,0,60.4,60.0,60.0,,0,0,1,1,0.0,0.0,39.6,0.0,0,0,0,1,0,0,0.0,0,0.0
2022,5,False,passing,pff,Justin Jefferson,61398,WR,MIN,18,1,100.0,1,1,-5.0,3.3,0,0,0.0,100.0,1,0,0,0.0,1,0,1.83,1,72.7,86.4,60.3,,0,0,1,0,100.0,,118.8,0.0,0,0,0,0,0,0,0.0,23,23.0
2022,5,False,passing,pff,Cooper Kupp,11824,WR,LA,26,1,0.0,1,1,25.0,3.3,0,0,0.0,0.0,0,0,1,,1,0,-0.42,0,70.9,66.7,57.4,56.6,0,0,1,0,0.0,0.0,39.6,0.0,0,0,0,0,0,0,0.0,0,0.0
2022,5,False,passing,pff,Riley Dixon,10862,P,LA,26,1,100.0,1,1,6.0,2.1,0,0,0.0,100.0,1,0,0,0.0,1,0,4.47,1,60.4,70.7,67.2,,0,0,1,0,100.0,,116.7,0.0,0,0,0,0,0,0,0.0,12,12.0
2022,6,False,passing,pff,Matt Ryan,4317,QB,IND,14,1,82.7,52,58,5.7,2.37,2,1,1.6,72.4,42,0,18,2.3,58,1,0.31,22,82.1,74.2,74.6,59.6,1,0,64,1,55.2,0.0,107.6,0.0,0,0,0,3,3,0,0.0,389,6.7
2022,6,False,passing,pff,Justin Herbert,28237,QB,LAC,27,1,76.0,50,57,5.9,2.68,3,1,1.6,64.9,37,0,24,2.6,61,1,-0.25,10,82.2,67.5,67.7,54.7,2,1,67,0,36.1,8.3,66.3,3.3,2,2,0,2,0,0,0.0,238,4.2
2022,6,False,passing,pff,Jacoby Brissett,10725,QB,CLV,8,1,63.4,41,45,13.3,2.73,1,3,6.3,46.7,21,0,17,19.2,49,5,-0.28,12,32.3,57.4,57.8,58.2,0,2,52,0,36.7,23.5,54.5,8.2,4,0,0,3,1,5,9.6,266,5.9
2022,6,False,passing,pff,Jimmy Garoppolo,8697,QB,SF,28,1,77.5,40,41,7.6,2.73,1,3,7.0,70.7,29,0,14,6.5,42,2,0.18,15,29.7,63.9,61.4,67.7,0,2,45,0,54.8,0.0,87.0,0.0,0,1,0,0,2,2,4.4,296,7.2
2022,6,False,passing,pff,Aaron Rodgers,2241,QB,GB,12,1,75.0,40,41,9.0,2.63,0,3,6.7,63.4,26,0,15,13.3,45,4,-0.39,9,80.1,65.6,67.0,60.0,1,0,49,1,37.8,26.7,88.1,8.9,4,0,0,0,1,1,2.0,246,6.0
2022,6,False,passing,pff,Josh Allen,46601,QB,BUF,4,1,77.1,35,40,8.1,2.74,3,6,14.6,67.5,27,0,16,0.0,45,0,0.34,19,81.1,90.6,86.3,78.6,0,0,46,0,55.6,6.3,117.6,2.2,1,4,0,2,3,1,2.2,329,8.2
2022,6,False,passing,pff,Tom Brady,698,QB,TB,30,1,72.2,36,40,7.6,2.31,0,3,7.0,62.5,25,0,9,3.8,42,1,0.09,11,79.8,70.6,70.1,59.7,0,0,45,0,50.0,22.2,87.8,4.8,2,0,1,3,1,0,0.0,243,6.1
2022,6,False,passing,pff,Patrick Mahomes,11765,QB,KC,16,1,73.5,34,40,6.2,3.11,2,2,4.3,62.5,25,0,22,0.0,47,0,-0.02,18,80.8,69.6,67.9,65.0,2,2,53,0,42.6,13.6,85.2,6.4,3,4,0,2,2,2,3.8,338,8.5
2022,6,False,passing,pff,Cooper Rush,12324,QB,DAL,9,1,54.5,33,38,9.1,2.42,2,0,0.0,47.4,18,0,12,0.0,38,0,-0.28,12,79.2,42.0,42.2,,2,3,41,0,39.5,0.0,37.3,0.0,0,0,0,1,1,3,7.3,181,4.8
2022,6,False,passing,pff,Kyler Murray,38334,QB,ARZ,1,1,70.6,34,37,9.4,2.85,1,1,2.7,62.2,23,0,16,4.2,47,1,-0.33,11,33.8,59.2,52.7,72.5,1,1,47,0,34.0,37.5,67.6,12.8,6,4,0,1,0,3,6.4,222,6.0
2022,6,False,passing,pff,Joe Burrow,28022,QB,CIN,7,1,91.2,34,37,6.4,2.43,1,2,5.0,75.7,28,0,10,9.7,42,3,0.39,14,80.1,78.1,77.5,59.9,1,0,45,0,57.1,30.0,126.0,7.1,3,2,0,1,3,0,0.0,300,8.1
2022,6,False,passing,pff,Teddy Bridgewater,8667,QB,MIA,17,1,75.0,32,34,9.4,2.88,0,0,0.0,67.6,23,0,20,4.2,40,1,-0.1,16,79.3,78.5,75.5,64.4,1,2,42,1,50.0,25.0,93.9,12.5,5,1,0,1,2,2,4.8,329,9.7
2022,6,False,passing,pff,Bailey Zappe,60396,QB,NE,19,1,80.6,31,34,6.1,2.6,0,0,0.0,70.6,24,0,13,4.0,36,1,0.22,14,79.5,73.3,75.8,60.5,0,0,40,2,50.0,15.4,118.4,5.6,2,0,0,3,2,0,0.0,309,9.1
2022,6,False,passing,pff,Matthew Stafford,4924,QB,LA,26,1,83.9,31,33,4.7,2.32,0,0,0.0,78.8,26,0,8,0.0,34,0,0.16,16,78.7,75.2,78.3,60.0,0,1,35,3,61.8,12.5,96.1,2.9,1,0,0,2,1,0,0.0,253,7.7
2022,6,False,passing,pff,Lamar Jackson,46416,QB,BLT,3,1,61.3,31,32,10.4,2.9,1,2,6.3,53.1,17,0,11,10.5,36,2,0.03,14,21.9,66.1,53.6,89.5,0,1,36,0,50.0,18.2,71.1,5.6,2,2,0,0,1,2,5.6,210,6.6
2022,6,False,passing,pff,Andy Dalton,6187,QB,NO,20,1,80.0,25,32,8.9,2.6,0,0,0.0,53.1,17,0,9,15.0,33,3,0.05,10,78.1,76.3,74.8,65.9,3,0,34,1,39.4,11.1,77.9,3.0,1,0,0,4,1,0,0.0,162,5.1
2022,6,False,passing,pff,Geno Smith,7820,QB,SEA,29,1,69.0,29,31,8.0,2.58,1,0,0.0,64.5,20,0,11,0.0,38,0,-0.14,11,79.8,60.3,55.4,71.3,0,0,41,1,47.4,45.5,82.3,13.2,5,2,0,1,0,1,2.4,197,6.4
2022,6,False,passing,pff,Kirk Cousins,7102,QB,MIN,18,1,74.1,27,30,6.0,2.54,0,1,3.1,66.7,20,0,14,0.0,33,0,-0.27,7,78.7,71.5,70.4,60.0,0,0,35,0,39.4,21.4,104.2,9.1,3,0,0,3,2,1,2.9,175,5.8
2022,6,False,passing,pff,Russell Wilson,7077,QB,DEN,10,1,65.2,23,28,11.0,3.0,1,0,0.0,53.6,15,0,12,0.0,34,0,-0.23,8,78.9,58.9,56.9,63.7,1,0,36,0,35.3,33.3,86.6,11.8,4,2,0,3,1,0,0.0,188,6.7
2022,6,False,passing,pff,Justin Fields,82118,QB,CHI,6,1,62.5,24,27,11.7,3.63,1,1,3.6,51.9,14,0,24,6.7,42,1,-0.13,12,80.0,58.1,55.5,65.8,2,1,45,1,38.1,20.8,71.5,11.9,5,10,0,0,1,1,2.2,190,7.0
2022,6,False,passing,pff,Daniel Jones,39395,QB,NYG,21,1,91.7,24,27,6.3,2.95,0,0,0.0,70.4,19,0,12,13.6,32,3,0.26,11,28.4,67.9,68.1,58.6,1,0,34,0,50.0,33.3,112.1,12.5,4,1,0,2,2,1,2.9,173,6.4
2022,6,False,passing,pff,Jalen Hurts,40291,QB,PHI,24,1,81.0,21,25,4.7,2.55,0,0,0.0,60.0,15,0,12,11.8,30,2,0.13,9,79.5,74.7,66.4,77.4,0,0,30,0,46.7,25.0,104.6,10.0,3,1,0,4,2,0,0.0,155,6.2
2022,6,False,passing,pff,Carson Wentz,10636,QB,WAS,32,1,71.4,21,22,6.5,2.25,1,1,4.0,54.5,12,0,5,20.0,25,3,-0.31,5,77.5,56.6,55.4,56.6,0,0,28,1,28.0,60.0,66.3,12.0,3,0,0,0,0,0,0.0,99,4.5
2022,6,False,passing,pff,Trevor Lawrence,77632,QB,JAX,15,1,90.9,22,22,4.2,2.21,0,0,0.0,90.9,20,0,8,0.0,28,0,0.07,9,78.9,71.5,62.2,82.2,0,0,32,0,53.6,50.0,113.1,14.3,4,1,0,0,1,0,0.0,165,7.5
2022,6,False,passing,pff,Zach Wilson,82096,QB,NYJ,22,1,62.5,16,18,6.6,3.12,1,0,0.0,55.6,10,0,9,0.0,21,0,-0.34,4,77.2,35.5,38.0,47.3,0,0,22,0,33.3,22.2,73.8,9.5,2,1,0,1,0,2,9.1,110,6.1
2022,6,False,passing,pff,Kenny Pickett,60515,QB,PIT,25,1,73.3,15,18,4.5,2.68,0,0,0.0,61.1,11,0,4,0.0,21,0,-0.07,5,75.9,49.5,51.3,54.2,0,0,23,0,47.6,25.0,87.0,4.8,1,2,0,3,1,0,0.0,67,3.7
2022,6,False,passing,pff,P.J. Walker,12134,QB,CAR,5,1,73.3,15,16,0.1,1.82,1,0,0.0,62.5,10,0,2,9.1,18,1,-0.57,3,74.9,45.7,45.5,57.8,0,0,18,1,22.2,50.0,69.8,5.6,1,1,0,0,0,0,0.0,60,3.8
2022,6,False,passing,pff,Marcus Mariota,9435,QB,ATL,2,1,92.9,14,14,6.1,2.39,0,0,0.0,92.9,13,0,3,0.0,17,0,0.48,8,76.6,83.2,74.6,79.3,0,0,19,0,64.7,66.7,144.6,11.8,2,1,0,0,2,0,0.0,129,9.2
2022,6,False,passing,pff,Skylar Thompson,60417,QB,MIA,17,1,81.8,11,13,10.6,2.67,1,1,6.3,53.8,7,0,6,22.2,15,2,0.05,4,74.5,89.3,85.6,63.9,1,0,18,0,46.7,16.7,75.5,6.7,1,1,0,0,0,0,0.0,89,6.8
2022,6,False,passing,pff,Mitch Trubisky,11757,QB,PIT,25,1,81.8,11,12,10.6,2.73,1,0,0.0,75.0,9,0,4,0.0,13,0,0.94,6,75.5,78.8,75.2,68.8,0,0,13,0,53.8,25.0,142.4,7.7,1,0,0,0,1,0,0.0,144,12.0
2022,6,False,passing,pff,Jacob Eason,46444,QB,CAR,5,1,80.0,5,5,5.0,2.22,0,0,0.0,60.0,3,0,1,25.0,5,1,-0.37,2,68.0,29.2,29.9,,0,1,5,0,60.0,0.0,61.7,0.0,0,0,0,0,0,1,20.0,59,11.8
2022,6,False,passing,pff,Taysom Hill,12112,TE,NO,20,1,66.7,3,4,17.7,2.6,0,0,0.0,50.0,2,0,1,0.0,4,0,-0.15,2,72.0,62.9,56.7,68.5,0,0,4,0,25.0,0.0,60.4,0.0,0,0,0,1,0,0,0.0,16,4.0
2022,6,False,passing,pff,Jordan Love,40306,QB,GB,12,1,100.0,4,4,4.0,1.85,0,0,0.0,50.0,2,0,0,50.0,4,2,-1.28,0,66.9,67.6,66.9,,0,0,4,0,25.0,,56.3,0.0,0,0,0,0,0,0,0.0,8,2.0
2022,7,False,passing,pff,Justin Herbert,28237,QB,LAC,27,1,74.5,47,51,6.8,2.85,2,0,0.0,64.7,33,0,18,5.7,57,2,-0.1,18,81.3,53.2,53.1,59.4,2,1,59,0,42.1,16.7,84.8,5.3,3,3,0,0,2,2,3.4,293,5.7
2022,7,False,passing,pff,Tom Brady,698,QB,TB,30,1,77.8,45,49,7.9,2.41,0,3,6.0,65.3,32,0,10,8.6,51,3,-0.05,14,80.6,70.6,70.2,58.3,0,0,52,0,43.1,10.0,81.2,2.0,1,1,0,4,0,2,3.8,290,5.9
2022,7,False,passing,pff,Andy Dalton,6187,QB,NO,20,1,75.6,41,47,9.2,2.57,1,3,6.3,63.8,30,0,14,3.2,50,1,0.02,17,80.7,76.2,74.4,65.1,1,3,51,0,54.0,0.0,89.1,0.0,0,3,0,4,4,1,2.0,361,7.7
2022,7,False,passing,pff,Brett Rypien,46487,QB,DEN,10,1,59.1,44,46,10.9,2.74,0,0,0.0,52.2,24,0,16,7.7,48,2,-0.45,10,32.6,46.0,44.5,64.3,0,1,50,0,31.3,6.3,56.9,2.1,1,1,0,2,0,3,6.0,225,4.9
2022,7,False,passing,pff,Matt Ryan,4317,QB,IND,14,1,89.5,38,44,4.3,2.62,2,0,0.0,75.0,33,0,19,2.9,48,1,-0.4,12,80.1,55.1,56.5,55.3,0,2,48,0,47.9,15.8,76.2,6.3,3,1,0,4,1,2,4.2,243,5.5
2022,7,False,passing,pff,Kenny Pickett,60515,QB,PIT,25,1,81.0,42,44,7.1,2.68,0,2,4.3,72.7,32,0,12,5.9,49,2,-0.11,15,80.9,65.6,65.6,58.3,0,3,53,0,49.0,16.7,66.2,4.1,2,3,1,1,1,2,3.8,257,5.8
2022,7,False,passing,pff,Trevor Lawrence,77632,QB,JAX,15,1,56.1,41,43,11.8,2.54,1,1,2.2,51.2,22,0,9,4.3,43,1,0.37,15,80.8,52.5,50.4,67.4,0,0,46,0,46.5,0.0,74.8,0.0,0,0,0,1,0,1,2.2,310,7.2
2022,7,False,passing,pff,Joe Burrow,28022,QB,CIN,7,1,85.0,40,42,9.7,2.28,1,3,6.8,81.0,34,0,10,0.0,45,0,0.55,22,80.6,91.8,90.5,69.0,1,0,47,0,68.9,30.0,138.2,6.7,3,0,0,0,3,0,0.0,481,11.5
2022,7,False,passing,pff,Davis Mills,52269,QB,HST,13,1,74.4,39,41,5.3,2.39,1,2,4.9,68.3,28,0,19,3.4,42,1,0.1,12,79.3,68.3,67.2,,0,1,42,0,52.4,5.3,95.8,2.4,1,0,0,1,2,1,2.4,302,7.4
2022,7,False,passing,pff,Jimmy Garoppolo,8697,QB,SF,28,1,74.3,35,37,7.3,2.31,2,1,2.5,67.6,25,0,11,3.8,42,1,0.13,13,45.3,55.2,54.1,62.7,0,1,46,0,54.8,45.5,99.3,11.9,5,0,0,0,2,2,4.3,303,8.2
2022,7,False,passing,pff,Aaron Rodgers,2241,QB,GB,12,1,84.8,33,35,5.5,2.13,0,2,4.9,65.7,23,0,3,17.9,35,5,-0.09,10,79.0,66.5,65.6,,0,0,41,0,45.7,0.0,99.0,0.0,0,0,1,1,2,0,0.0,194,5.5
2022,7,False,passing,pff,Tua Tagovailoa,60326,QB,MIA,17,1,68.6,35,35,9.9,2.43,0,0,0.0,60.0,21,0,5,12.5,38,3,0.06,12,79.0,55.0,57.8,47.6,0,0,38,1,47.4,0.0,92.7,0.0,0,3,0,0,1,3,7.9,261,7.5
2022,7,False,passing,pff,Patrick Mahomes,11765,QB,KC,16,1,89.7,29,34,9.1,2.4,1,3,7.7,73.5,25,0,11,3.8,35,1,0.87,19,28.5,83.3,81.4,,0,1,40,0,65.7,9.1,132.4,2.9,1,0,0,4,3,2,5.0,423,12.4
2022,7,False,passing,pff,Taylor Heinicke,9896,QB,WAS,32,1,64.5,31,33,7.1,2.49,1,2,6.1,60.6,20,0,18,0.0,35,0,-0.08,11,27.7,34.7,33.0,61.3,0,1,36,1,48.6,5.6,85.5,2.9,1,1,0,1,2,5,13.9,201,6.1
2022,7,False,passing,pff,Daniel Jones,39395,QB,NYG,21,1,75.0,28,30,6.5,3.07,1,1,2.9,63.3,19,0,17,9.5,37,2,0.2,14,31.7,74.6,60.7,90.0,0,0,43,0,51.4,5.9,94.0,2.7,1,6,0,1,1,2,4.7,202,6.7
2022,7,False,passing,pff,Kyler Murray,38334,QB,ARZ,1,1,75.0,28,29,7.9,2.57,1,1,3.2,69.0,20,0,4,4.8,32,1,0.2,10,79.7,74.0,73.1,63.5,0,0,36,0,43.8,50.0,100.4,6.3,2,1,0,0,1,0,0.0,204,7.0
2022,7,False,passing,pff,Jacoby Brissett,10725,QB,CLV,8,1,91.7,24,27,7.0,2.91,1,2,6.5,81.5,22,0,11,0.0,34,0,-0.02,9,21.1,60.7,56.6,70.8,0,0,38,0,44.1,45.5,106.5,14.7,5,2,0,2,0,2,5.3,258,9.6
2022,7,False,passing,pff,Derek Carr,8671,QB,LV,23,1,87.5,24,27,5.8,3.06,0,1,3.6,77.8,21,0,11,0.0,28,0,0.45,13,27.0,73.5,76.8,51.9,0,0,29,0,60.7,9.1,116.2,3.6,1,0,0,3,1,0,0.0,241,8.9
2022,7,False,passing,pff,Geno Smith,7820,QB,SEA,29,1,80.0,25,27,8.4,2.65,0,2,5.9,74.1,20,0,11,0.0,30,0,0.14,11,79.0,59.6,56.8,67.7,0,1,37,0,50.0,18.2,105.5,6.7,2,1,0,2,2,2,5.4,210,7.8
2022,7,False,passing,pff,Zach Wilson,82096,QB,NYJ,22,1,78.3,23,26,4.7,3.33,0,0,0.0,61.5,16,0,13,11.1,32,2,-0.24,6,78.3,44.7,41.7,64.3,0,0,34,0,34.4,23.1,72.8,9.4,3,3,0,3,0,1,2.9,121,4.7
2022,7,False,passing,pff,Jared Goff,10635,QB,DET,11,1,88.0,25,26,6.1,2.73,0,0,0.0,80.8,21,0,10,4.5,32,1,-0.24,11,19.7,54.8,55.1,57.9,0,2,33,0,53.1,50.0,71.2,15.6,5,1,0,1,0,3,9.1,228,8.8
2022,7,False,passing,pff,Dak Prescott,10769,QB,DAL,9,1,80.0,25,25,11.2,2.74,0,0,0.0,76.0,19,0,7,5.0,28,1,0.16,10,78.1,63.0,62.7,57.9,0,0,31,0,57.1,28.6,113.3,7.1,2,1,0,0,1,2,6.5,207,8.3
2022,7,False,passing,pff,P.J. Walker,12134,QB,CAR,5,1,76.2,21,22,8.5,2.34,0,6,27.3,72.7,16,0,5,0.0,24,0,0.09,8,76.1,94.9,94.0,,0,0,24,0,41.7,20.0,126.5,4.2,1,0,0,1,2,0,0.0,177,8.0
2022,7,False,passing,pff,Bailey Zappe,60396,QB,NE,19,1,73.7,19,22,10.1,2.67,3,1,4.3,63.6,14,0,5,0.0,23,0,-0.11,8,25.7,49.9,59.5,33.2,0,2,25,0,47.8,20.0,67.4,4.3,1,0,0,0,1,1,4.0,185,8.4
2022,7,False,passing,pff,Justin Fields,82118,QB,CHI,6,1,68.4,19,21,10.1,3.54,1,1,4.5,61.9,13,0,13,0.0,27,0,0.2,12,16.8,71.1,62.4,75.1,0,1,28,1,51.9,30.8,85.2,14.8,4,2,0,1,1,4,14.3,179,8.5
2022,7,False,passing,pff,Ryan Tannehill,7014,QB,TEN,31,1,84.2,19,20,5.9,2.78,0,1,4.8,65.0,13,0,12,18.8,22,3,0.06,6,76.8,67.3,67.2,58.3,1,0,23,0,45.5,16.7,83.8,9.1,2,0,0,0,0,1,4.3,132,6.6
2022,7,False,passing,pff,Lamar Jackson,46416,QB,BLT,3,1,76.9,13,16,8.0,3.44,2,1,5.9,56.3,9,0,10,10.0,21,1,-0.19,6,78.0,75.8,69.0,73.8,1,0,22,0,38.1,30.0,80.2,14.3,3,2,0,0,0,0,0.0,120,7.5
2022,7,False,passing,pff,Marcus Mariota,9435,QB,ATL,2,1,72.7,11,13,9.5,3.34,1,1,6.7,61.5,8,0,8,0.0,19,0,-0.01,5,76.1,62.5,68.6,48.4,0,0,21,0,31.6,37.5,118.8,15.8,3,3,0,1,1,0,0.0,124,9.5
2022,7,False,passing,pff,Brock Purdy,77672,QB,SF,28,1,55.6,9,9,10.1,3.25,0,0,0.0,44.4,4,0,3,20.0,10,1,-0.08,4,71.4,50.1,52.0,58.3,0,1,10,0,40.0,0.0,30.1,0.0,0,1,0,0,0,1,10.0,66,7.3
2022,7,False,passing,pff,Mac Jones,60323,QB,NE,19,1,66.7,6,6,10.5,3.38,0,0,0.0,50.0,3,0,2,25.0,9,1,-0.39,2,71.9,35.4,32.0,59.2,0,1,11,0,33.3,0.0,16.7,0.0,0,3,0,0,0,1,9.1,13,2.2
2022,7,False,passing,pff,Taysom Hill,12112,TE,NO,20,1,100.0,2,2,5.5,1.75,0,0,0.0,100.0,2,0,1,0.0,2,0,1.49,2,69.8,69.2,72.6,55.8,0,0,2,0,100.0,0.0,118.8,0.0,0,0,0,0,0,0,0.0,48,24.0
2022,7,False,passing,pff,Chad Henne,4371,QB,KC,16,1,100.0,1,2,0.0,1.8,1,0,0.0,0.0,0,0,0,100.0,2,1,-1.32,0,69.1,60.0,58.7,60.5,0,0,2,0,0.0,,39.6,0.0,0,0,0,0,0,0,0.0,0,0.0
2022,7,False,passing,pff,Christian Kirk,47546,WR,JAX,15,1,0.0,1,1,-3.0,3.2,0,0,0.0,0.0,0,0,0,,1,0,-2.24,0,71.3,77.3,60.3,56.2,0,0,1,0,0.0,,39.6,0.0,0,0,0,0,0,0,0.0,0,0.0
2022,8,False,passing,pff,Tom Brady,698,QB,TB,30,1,66.7,39,44,8.3,2.34,3,3,6.1,59.1,26,0,12,0.0,48,0,0.06,13,80.8,54.7,55.2,57.9,0,0,53,0,45.8,25.0,89.7,6.3,3,1,1,1,1,2,3.8,325,7.4
2022,8,False,passing,pff,Kyler Murray,38334,QB,ARZ,1,1,80.5,41,44,7.2,2.5,2,1,2.0,70.5,31,0,15,6.1,53,2,0.04,17,81.8,60.2,60.0,59.2,0,2,61,0,45.3,26.7,95.5,7.5,4,4,1,0,3,3,4.9,326,7.4
2022,8,False,passing,pff,Zach Wilson,82096,QB,NYJ,22,1,60.6,33,41,10.8,3.27,2,1,2.4,48.8,20,0,18,0.0,43,0,-0.14,15,79.7,46.9,48.1,56.7,0,3,43,0,41.9,11.1,64.6,4.7,2,0,0,6,2,3,7.0,355,8.7
2022,8,False,passing,pff,Kenny Pickett,60515,QB,PIT,25,1,67.6,37,38,7.1,2.78,1,0,0.0,65.8,25,0,17,0.0,49,0,-0.35,10,35.5,51.9,46.1,80.7,0,1,55,1,42.9,35.3,66.9,12.2,6,5,0,0,0,3,5.5,191,5.0
2022,8,False,passing,pff,Lamar Jackson,46416,QB,BLT,3,1,79.4,34,38,6.4,2.79,0,1,2.5,71.1,27,0,10,0.0,43,0,0.0,15,81.0,69.3,63.1,76.4,0,0,45,1,51.2,30.0,104.9,7.0,3,2,1,3,2,1,2.2,238,6.3
2022,8,False,passing,pff,Jared Goff,10635,QB,DET,11,1,88.2,34,37,7.3,2.59,2,4,10.0,73.0,27,0,12,10.0,39,3,0.19,13,79.3,85.0,84.3,58.3,0,0,42,0,51.3,8.3,108.1,2.6,1,1,0,1,1,0,0.0,321,8.7
2022,8,False,passing,pff,P.J. Walker,12134,QB,CAR,5,1,57.1,35,36,12.8,2.54,1,3,7.7,52.8,19,0,6,5.0,38,1,0.07,13,79.3,64.4,63.1,62.2,0,1,42,0,39.5,16.7,80.4,2.6,1,1,0,0,1,1,2.4,317,8.8
2022,8,False,passing,pff,Kirk Cousins,7102,QB,MIN,18,1,80.0,30,36,7.0,2.77,1,1,2.6,66.7,24,0,18,0.0,42,0,-0.15,12,29.6,63.4,60.6,67.0,0,0,44,0,47.6,16.7,103.0,7.1,3,3,0,5,2,1,2.3,232,6.4
2022,8,False,passing,pff,Tua Tagovailoa,60326,QB,MIA,17,1,93.9,33,36,12.0,2.46,1,2,5.3,80.6,29,1,7,6.5,40,2,0.61,19,79.9,96.8,96.1,63.6,0,0,42,1,57.5,28.6,138.7,5.0,2,2,0,2,3,0,0.0,382,10.6
2022,8,False,passing,pff,Mac Jones,60323,QB,NE,19,1,83.3,30,35,4.7,2.66,1,1,2.8,68.6,24,0,17,4.0,44,1,-0.09,11,30.9,52.6,45.7,76.7,0,1,45,0,40.9,35.3,79.9,13.6,6,3,0,4,1,2,4.4,194,5.5
2022,8,False,passing,pff,Joe Burrow,28022,QB,CIN,7,1,84.4,32,35,6.5,2.46,2,1,2.7,71.4,25,0,10,7.4,40,2,-0.32,9,29.4,69.5,66.3,69.3,0,1,43,0,37.5,50.0,96.4,12.5,5,0,0,1,2,1,2.3,232,6.6
2022,8,False,passing,pff,Geno Smith,7820,QB,SEA,29,1,78.1,32,34,8.4,2.88,1,4,11.8,67.6,23,0,12,8.0,41,2,-0.08,15,79.4,91.5,91.1,65.1,0,0,41,0,48.8,25.0,104.0,7.3,3,4,0,1,2,0,0.0,212,6.2
2022,8,False,passing,pff,Matthew Stafford,4924,QB,LA,26,1,74.2,31,33,4.7,2.45,0,2,5.7,66.7,22,0,7,4.3,36,1,0.11,12,79.0,74.9,72.7,63.8,0,0,38,0,55.6,28.6,91.4,5.6,2,1,0,2,1,0,0.0,187,5.7
2022,8,False,passing,pff,Trevor Lawrence,77632,QB,JAX,15,1,75.0,28,31,5.5,2.67,0,1,2.9,58.1,18,0,10,14.3,35,3,-0.55,6,28.3,43.4,42.2,59.5,0,2,39,1,34.3,20.0,52.2,5.7,2,2,0,3,1,3,7.7,133,4.3
2022,8,False,passing,pff,Daniel Jones,39395,QB,NYG,21,1,60.0,30,31,8.2,3.45,1,0,0.0,54.8,17,0,15,5.6,39,1,-0.14,9,29.1,38.3,44.4,43.1,0,0,40,1,35.9,33.3,71.4,12.8,5,3,0,0,0,2,5.0,176,5.7
2022,8,False,passing,pff,Taylor Heinicke,9896,QB,WAS,32,1,79.3,29,31,6.1,3.27,1,0,0.0,74.2,23,0,17,0.0,39,0,0.07,14,79.1,56.3,56.2,57.7,0,1,39,0,48.7,11.8,98.7,5.1,2,5,0,1,1,2,5.1,279,9.0
2022,8,False,passing,pff,Russell Wilson,7077,QB,DEN,10,1,79.2,24,30,12.1,2.74,2,2,6.7,60.0,18,0,10,5.3,35,1,0.14,12,78.7,77.7,74.4,69.2,0,1,35,0,45.7,30.0,84.3,8.6,3,2,1,3,1,2,5.7,252,8.4
2022,8,False,passing,pff,Aaron Rodgers,2241,QB,GB,12,1,76.9,26,30,8.8,2.63,0,4,12.9,63.3,19,0,7,5.0,34,1,-0.02,9,78.6,89.2,85.3,65.9,2,1,37,0,47.1,28.6,91.4,5.9,2,1,0,2,2,0,0.0,203,6.8
2022,8,False,passing,pff,Andy Dalton,6187,QB,NO,20,1,85.2,27,30,5.7,2.38,1,1,3.2,73.3,22,0,2,4.3,30,1,0.36,12,77.6,70.4,69.3,,0,0,31,0,60.0,0.0,117.2,0.0,0,0,0,2,2,1,3.2,229,7.6
2022,8,False,passing,pff,Davis Mills,52269,QB,HST,13,1,65.4,26,29,9.0,2.8,0,3,9.7,58.6,17,0,19,0.0,34,0,-0.31,5,78.7,57.3,58.4,54.5,2,1,36,0,23.5,15.8,69.9,8.8,3,2,0,1,1,0,0.0,152,5.2
2022,8,False,passing,pff,Jalen Hurts,40291,QB,PHI,24,1,81.5,27,28,11.4,2.69,0,2,6.7,67.9,19,0,10,13.6,32,3,0.3,12,78.6,85.4,87.7,49.3,1,0,34,0,46.9,30.0,140.6,9.4,3,1,0,0,4,0,0.0,285,10.2
2022,8,False,passing,pff,Marcus Mariota,9435,QB,ATL,2,1,80.8,26,28,10.5,3.13,1,0,0.0,71.4,20,0,16,4.8,31,1,0.26,14,78.8,71.2,67.9,68.4,0,2,31,0,54.8,12.5,105.2,6.5,2,1,0,1,3,2,6.5,253,9.0
2022,8,False,passing,pff,Dak Prescott,10769,QB,DAL,9,1,84.0,25,27,8.0,2.33,0,2,7.4,77.8,21,0,7,0.0,28,0,0.51,15,78.3,91.7,90.3,72.4,1,1,28,0,67.9,14.3,114.5,3.6,1,0,0,1,2,0,0.0,250,9.3
2022,8,False,passing,pff,Derek Carr,8671,QB,LV,23,1,70.8,24,26,8.1,2.87,0,1,3.8,57.7,15,0,12,11.8,29,2,-0.35,5,77.6,56.5,56.1,60.0,0,1,30,0,31.0,25.0,50.3,10.3,3,0,0,2,0,1,3.3,101,3.9
2022,8,False,passing,pff,Josh Allen,46601,QB,BUF,4,1,65.2,23,25,14.0,3.38,0,2,6.9,52.0,13,0,16,13.3,30,2,0.04,10,78.8,73.9,67.3,78.1,1,2,34,0,43.3,12.5,75.1,6.7,2,3,0,1,2,3,8.8,218,8.7
2022,8,False,passing,pff,Jimmy Garoppolo,8697,QB,SF,28,1,87.5,24,25,7.0,2.49,1,2,8.0,84.0,21,0,7,0.0,28,0,0.59,11,77.3,75.6,72.9,62.6,0,0,28,0,67.9,42.9,132.5,10.7,3,0,0,0,2,1,3.6,235,9.4
2022,8,False,passing,pff,Sam Ehlinger,60555,QB,IND,14,1,78.3,23,23,8.6,2.94,0,1,4.2,73.9,17,0,12,5.6,28,1,0.07,8,27.5,59.2,57.4,61.9,0,0,31,0,50.0,16.7,100.1,7.1,2,3,0,0,0,2,6.5,201,8.7
2022,8,False,passing,pff,Justin Fields,82118,QB,CHI,6,1,85.7,21,23,10.5,3.39,1,1,3.4,73.9,17,0,17,5.6,30,1,-0.14,7,79.6,72.6,63.5,82.2,0,0,37,0,43.3,23.5,120.0,13.3,4,3,0,1,2,0,0.0,151,6.6
2022,8,False,passing,pff,Jacoby Brissett,10725,QB,CLV,8,1,94.7,19,22,10.9,3.28,0,1,4.5,77.3,17,1,7,5.6,25,1,0.46,13,26.5,90.8,86.0,79.9,0,0,25,1,60.0,28.6,133.7,8.0,2,1,1,2,1,1,4.0,278,12.6
2022,8,False,passing,pff,Jarrett Stidham,13725,QB,LV,23,1,61.5,13,13,8.1,2.33,0,0,0.0,61.5,8,0,4,0.0,14,0,0.26,4,73.2,62.3,62.0,,0,0,14,0,50.0,25.0,76.4,7.1,1,0,0,0,0,0,0.0,72,5.5
2022,8,False,passing,pff,Malik Willis,60341,QB,TEN,31,1,66.7,9,10,6.1,3.49,0,0,0.0,60.0,6,0,8,0.0,14,0,-0.76,3,75.0,40.8,33.6,60.1,0,1,14,0,35.7,37.5,35.4,21.4,3,1,0,1,0,1,7.1,55,5.5
2022,8,False,passing,pff,Gardner Minshew,41401,QB,PHI,24,1,50.0,2,2,6.0,2.2,0,0,0.0,50.0,1,0,1,0.0,2,0,1.16,1,66.1,50.8,49.7,60.0,0,0,2,0,50.0,0.0,91.7,0.0,0,0,0,0,0,0,0.0,23,11.5
2022,8,False,passing,pff,Christian McCaffrey,11763,HB,SF,28,1,100.0,1,1,30.0,3.5,0,1,100.0,100.0,1,0,0,0.0,1,0,3.7,1,27.6,79.9,87.1,60.5,0,0,1,0,100.0,,158.3,0.0,0,0,0,0,1,0,0.0,34,34.0
2022,8,False,passing,pff,Chase Claypool,42312,WR,PIT,25,1,100.0,1,1,5.0,2.2,0,0,0.0,100.0,1,0,1,0.0,1,0,2.41,1,68.0,62.4,68.9,,0,0,1,0,100.0,0.0,118.8,0.0,0,0,0,0,1,0,0.0,1,1.0
2022,8,False,passing,pff,Trevor Siemian,9683,QB,CHI,6,1,100.0,1,1,-1.0,1.0,0,0,0.0,100.0,1,0,0,0.0,1,0,-0.15,0,60.4,60.9,60.4,,0,0,1,0,0.0,,87.5,0.0,0,0,0,0,0,0,0.0,5,5.0
2022,8,False,passing,pff,Amari Cooper,9437,WR,CLV,8,1,0.0,1,1,27.0,4.5,0,0,0.0,0.0,0,0,1,,1,0,-5.53,0,68.8,69.9,33.1,,0,1,1,0,0.0,0.0,0.0,0.0,0,0,0,0,0,1,100.0,0,0.0
2022,8,False,passing,pff,Rex Burkhead,7971,HB,HST,13,1,,0,1,,3.1,0,0,0.0,0.0,0,0,1,,1,0,-0.31,0,63.8,56.6,60.0,,0,0,1,0,0.0,0.0,39.6,0.0,0,0,0,1,0,0,0.0,0,0.0
2022,8,False,passing,pff,Najee Harris,57121,HB,PIT,25,1,100.0,1,1,-5.0,0.6,0,0,0.0,100.0,1,0,0,0.0,1,0,0.35,0,74.8,62.7,60.0,60.0,0,0,1,0,100.0,,83.3,0.0,0,0,0,0,0,0,0.0,4,4.0
2022,8,False,passing,pff,Taysom Hill,12112,TE,NO,20,1,100.0,1,1,-3.0,1.1,0,0,0.0,100.0,1,0,0,0.0,1,0,-0.18,0,73.9,67.2,60.1,74.9,0,0,1,0,0.0,,79.2,0.0,0,0,0,0,0,0,0.0,2,2.0
2022,9,False,passing,pff,Patrick Mahomes,11765,QB,KC,16,1,78.7,61,68,6.9,2.94,1,2,2.7,63.2,43,0,29,10.4,78,5,0.1,26,83.8,79.6,72.4,87.9,1,1,85,0,46.2,13.8,80.9,5.1,4,6,0,5,1,1,1.2,446,6.6
2022,9,False,passing,pff,Tom Brady,698,QB,TB,30,1,77.4,53,58,5.5,2.12,1,2,3.3,62.1,36,0,7,12.2,60,5,-0.2,15,81.8,72.5,71.2,,0,0,63,0,43.3,14.3,79.7,1.7,1,0,1,3,1,1,1.6,280,4.8
2022,9,False,passing,pff,Aaron Rodgers,2241,QB,GB,12,1,64.1,39,43,11.0,3.04,0,2,4.2,53.5,23,0,15,8.0,47,2,-0.04,13,80.8,63.0,59.9,70.5,0,3,52,0,44.7,6.7,53.5,2.1,1,3,0,4,1,2,3.8,291,6.8
2022,9,False,passing,pff,Justin Herbert,28237,QB,LAC,27,1,89.5,38,43,6.4,2.73,3,2,4.5,69.8,30,0,9,11.8,45,4,0.07,16,79.9,80.6,80.3,56.8,2,1,46,0,46.7,0.0,82.0,0.0,0,1,0,0,1,0,0.0,245,5.7
2022,9,False,passing,pff,Kirk Cousins,7102,QB,MIN,18,1,75.0,32,40,11.8,2.71,2,4,9.8,55.0,22,0,20,8.3,42,2,-0.04,12,79.9,79.0,78.0,64.7,3,1,43,1,35.7,10.0,81.8,4.8,2,0,0,3,2,0,0.0,265,6.6
2022,9,False,passing,pff,Derek Carr,8671,QB,LV,23,1,61.1,36,36,9.9,2.78,0,4,10.8,58.3,21,0,22,4.5,39,1,0.02,11,79.0,70.7,69.6,,0,0,40,0,38.5,9.1,99.2,5.1,2,0,0,0,2,1,2.5,259,7.2
2022,9,False,passing,pff,Kyler Murray,38334,QB,ARZ,1,1,84.8,33,35,5.4,2.86,0,0,0.0,71.4,25,0,13,10.7,44,3,-0.1,10,19.2,43.9,55.3,30.0,0,0,46,0,38.6,38.5,100.9,11.4,5,4,0,2,2,4,8.7,170,4.9
2022,9,False,passing,pff,Josh Allen,46601,QB,BUF,4,1,60.6,33,34,12.1,3.15,0,1,2.9,52.9,18,0,13,10.0,42,2,-0.13,12,32.0,60.7,48.1,88.3,0,2,43,0,42.9,38.5,46.8,11.9,5,3,0,1,0,4,9.3,205,6.0
2022,9,False,passing,pff,Geno Smith,7820,QB,SEA,29,1,81.3,32,34,2.8,2.86,0,1,2.7,76.5,26,0,16,0.0,38,0,0.12,16,80.0,65.0,61.1,69.2,0,1,41,1,47.4,12.5,106.9,5.3,2,2,0,2,2,2,4.9,275,8.1
2022,9,False,passing,pff,Trevor Lawrence,77632,QB,JAX,15,1,92.9,28,31,6.7,2.19,1,1,3.2,80.6,25,0,8,3.8,33,1,0.48,14,37.8,87.6,87.1,64.4,0,0,33,0,75.8,0.0,109.0,0.0,0,2,1,1,1,0,0.0,235,7.6
2022,9,False,passing,pff,Tua Tagovailoa,60326,QB,MIA,17,1,84.6,26,30,9.6,2.77,0,3,9.1,70.0,21,0,8,4.5,31,1,0.54,15,28.4,83.8,87.0,44.6,1,0,34,0,61.3,0.0,135.7,0.0,0,1,0,3,3,0,0.0,302,10.1
2022,9,False,passing,pff,Mac Jones,60323,QB,NE,19,1,71.4,28,30,4.7,2.62,0,0,0.0,66.7,20,0,13,0.0,34,0,-0.38,6,78.3,51.5,50.8,60.0,0,0,34,0,35.3,30.8,89.2,11.8,4,0,0,2,1,1,2.9,147,4.9
2022,9,False,passing,pff,Sam Ehlinger,60555,QB,IND,14,1,63.0,27,29,6.3,3.17,1,1,3.3,51.7,15,0,19,11.8,42,2,-0.69,5,79.8,44.5,42.1,62.6,0,1,44,0,33.3,47.4,45.6,21.4,9,4,0,1,0,1,2.3,103,3.6
2022,9,False,passing,pff,Andy Dalton,6187,QB,NO,20,1,76.0,25,29,7.8,2.73,2,0,0.0,65.5,19,0,15,0.0,34,0,-0.13,9,78.5,65.2,63.9,62.6,0,1,35,0,44.1,26.7,84.0,11.8,4,1,0,2,1,0,0.0,210,7.2
2022,9,False,passing,pff,Justin Fields,82118,QB,CHI,6,1,70.4,27,28,8.0,2.89,0,2,6.5,60.7,17,0,10,10.5,38,2,0.24,13,80.6,79.4,58.1,91.9,0,0,42,0,44.7,20.0,106.7,5.3,2,8,0,1,3,1,2.4,123,4.4
2022,9,False,passing,pff,Taylor Heinicke,9896,QB,WAS,32,1,68.2,22,28,7.9,3.17,3,0,0.0,53.6,15,0,16,0.0,33,0,-0.36,9,78.7,49.0,46.3,64.0,1,1,35,0,30.3,18.8,77.8,9.1,3,2,0,2,2,2,5.7,149,5.3
2022,9,False,passing,pff,Joe Burrow,28022,QB,CIN,7,1,88.0,25,28,6.9,2.34,2,2,6.9,78.6,22,0,5,0.0,29,0,0.23,9,78.5,89.9,90.4,57.5,0,0,31,0,55.2,20.0,109.2,3.4,1,0,0,1,1,0,0.0,206,7.4
2022,9,False,passing,pff,Jalen Hurts,40291,QB,PHI,24,1,87.5,24,27,7.6,3.04,1,0,0.0,77.8,21,0,17,0.0,33,0,0.22,15,22.2,71.8,72.1,60.9,0,0,35,0,57.6,23.5,128.9,12.1,4,2,0,2,2,1,2.9,243,9.0
2022,9,False,passing,pff,Matthew Stafford,4924,QB,LA,26,1,53.8,26,27,9.6,2.72,0,3,10.7,48.1,13,0,12,7.1,31,1,-0.15,6,27.3,49.9,53.8,60.0,0,0,33,0,22.6,33.3,80.0,12.9,4,0,0,1,1,2,6.1,165,6.1
2022,9,False,passing,pff,Jared Goff,10635,QB,DET,11,1,66.7,21,26,5.2,2.53,1,0,0.0,53.8,14,0,8,0.0,26,0,-0.05,10,77.4,48.0,47.1,60.0,2,1,29,0,46.2,0.0,78.5,0.0,0,0,0,2,2,2,6.9,137,5.3
2022,9,False,passing,pff,Zach Wilson,82096,QB,NYJ,22,1,75.0,24,25,6.0,2.39,0,0,0.0,72.0,18,0,7,0.0,29,0,-0.03,11,26.7,61.5,52.9,80.1,0,0,29,0,62.1,28.6,101.1,6.9,2,2,0,1,1,1,3.4,154,6.2
2022,9,False,passing,pff,Marcus Mariota,9435,QB,ATL,2,1,56.5,23,23,14.9,3.15,0,1,4.3,52.2,12,0,8,7.7,27,1,-0.44,8,77.6,67.2,59.6,78.2,0,0,27,0,37.0,25.0,68.9,7.4,2,2,0,0,0,0,0.0,129,5.6
2022,9,False,passing,pff,Davis Mills,52269,QB,HST,13,1,66.7,21,22,8.6,2.67,0,0,0.0,59.1,13,0,15,7.1,29,1,-0.19,9,77.7,50.2,49.4,58.8,0,2,32,0,34.5,20.0,72.9,10.3,3,3,0,1,2,1,3.1,154,7.0
2022,9,False,passing,pff,Lamar Jackson,46416,QB,BLT,3,1,59.1,22,22,10.4,3.79,0,2,8.7,54.5,12,0,10,7.7,25,1,0.27,7,40.9,81.6,64.9,90.7,0,0,27,1,44.0,30.0,87.9,12.0,3,0,0,0,1,0,0.0,133,6.0
2022,9,False,passing,pff,Baker Mayfield,46518,QB,CAR,5,1,70.0,20,20,7.1,2.35,0,0,0.0,70.0,14,0,1,0.0,20,0,0.56,8,75.1,60.8,60.3,,0,0,20,0,55.0,0.0,126.0,0.0,0,0,0,0,2,1,5.0,155,7.8
2022,9,False,passing,pff,Malik Willis,60341,QB,TEN,31,1,46.2,13,16,12.5,3.67,0,3,16.7,31.3,5,0,9,16.7,22,1,-0.51,3,77.6,63.3,54.2,74.5,0,0,24,0,18.2,33.3,49.0,13.6,3,3,0,3,0,0,0.0,80,5.0
2022,9,False,passing,pff,P.J. Walker,12134,QB,CAR,5,1,50.0,10,10,6.1,2.51,0,0,0.0,30.0,3,0,2,40.0,12,2,-1.25,0,72.8,27.9,26.3,65.9,0,2,13,0,8.3,0.0,0.0,0.0,0,1,0,0,0,3,23.1,9,0.9
2022,9,False,passing,pff,Brandon Allen,10835,QB,CIN,7,1,100.0,3,3,3.7,2.6,0,0,0.0,100.0,3,0,1,0.0,4,0,-0.21,1,70.5,74.9,70.1,65.7,0,0,4,0,25.0,100.0,97.2,25.0,1,0,0,0,0,0,0.0,22,7.3
2022,9,False,passing,pff,Taysom Hill,12112,TE,NO,20,1,100.0,1,1,13.0,3.4,0,0,0.0,100.0,1,0,1,0.0,1,0,0.79,1,66.7,70.4,70.7,71.8,0,0,1,0,100.0,0.0,118.8,0.0,0,0,0,0,0,0,0.0,13,13.0
2022,9,False,passing,pff,Nick Mullens,12282,QB,MIN,18,1,100.0,1,1,-6.0,2.6,0,0,0.0,100.0,1,0,0,0.0,1,0,-0.58,0,60.4,60.3,60.1,,0,0,1,0,0.0,,79.2,0.0,0,0,0,0,0,0,0.0,-3,-3.0
2022,10,False,passing,pff,Kirk Cousins,7102,QB,MIN,18,1,69.6,46,50,9.1,2.95,2,2,3.7,60.0,30,0,23,6.3,56,2,0.05,15,40.3,49.8,54.3,39.4,1,2,60,0,42.9,17.4,71.8,7.1,4,2,0,1,1,4,6.7,357,7.1
2022,10,False,passing,pff,Dak Prescott,10769,QB,DAL,9,1,74.4,39,46,7.6,2.64,1,2,4.2,58.7,27,0,13,6.9,48,2,-0.23,13,81.1,72.1,66.3,80.0,2,2,50,1,41.7,15.4,78.6,4.2,2,0,0,4,3,2,4.0,265,5.8
2022,10,False,passing,pff,Josh Allen,46601,QB,BUF,4,1,77.5,40,43,9.5,2.89,1,3,6.8,67.4,29,0,21,6.5,50,2,0.25,21,34.3,77.7,68.6,89.3,0,2,52,0,58.0,9.5,78.6,4.0,2,5,0,2,1,2,3.8,330,7.7
2022,10,False,passing,pff,Russell Wilson,7077,QB,DEN,10,1,63.9,36,42,10.7,3.33,1,1,2.2,50.0,21,0,24,8.7,49,2,-0.08,11,37.9,42.5,47.0,42.4,1,1,55,0,32.7,25.0,70.1,12.2,6,1,0,4,1,3,5.5,286,6.8
2022,10,False,passing,pff,Trevor Lawrence,77632,QB,JAX,15,1,86.1,36,40,7.4,2.43,3,3,7.0,72.5,29,0,13,6.5,48,2,0.07,15,80.7,83.1,82.7,60.0,0,0,51,0,45.8,38.5,106.1,10.4,5,3,0,1,2,0,0.0,259,6.5
2022,10,False,passing,pff,Derek Carr,8671,QB,LV,23,1,70.3,37,38,8.6,2.67,1,0,0.0,63.2,24,0,10,7.7,40,2,0.1,10,79.6,50.2,50.1,,0,0,44,0,47.5,20.0,99.5,5.0,2,0,0,0,2,1,2.3,248,6.5
2022,10,False,passing,pff,Davis Mills,52269,QB,HST,13,1,64.7,34,37,8.4,2.62,1,3,7.3,59.5,22,0,18,0.0,41,0,0.05,15,79.8,55.9,57.3,,2,1,45,1,48.8,22.2,85.3,9.8,4,0,0,0,1,2,4.4,319,8.6
2022,10,False,passing,pff,Colt McCoy,5609,QB,ARZ,1,1,80.0,35,37,6.1,2.16,0,2,5.1,70.3,26,0,10,7.1,40,2,0.11,12,29.7,73.0,76.6,44.6,0,0,42,1,50.0,20.0,96.5,5.0,2,1,0,2,1,0,0.0,238,6.4
2022,10,False,passing,pff,John Wolford,46454,QB,LA,26,1,70.6,34,36,6.8,2.81,2,1,2.7,66.7,24,0,20,0.0,39,0,-0.34,12,79.3,45.0,44.2,62.8,0,1,40,0,43.6,15.0,79.9,7.7,3,0,0,0,1,1,2.5,212,5.9
2022,10,False,passing,pff,Ryan Tannehill,7014,QB,TEN,31,1,64.7,34,36,7.7,2.41,2,0,0.0,52.8,19,0,11,13.6,38,3,0.1,12,79.3,56.0,54.0,65.6,0,0,40,0,44.7,9.1,94.1,2.6,1,1,0,0,2,2,5.0,255,7.1
2022,10,False,passing,pff,Jacoby Brissett,10725,QB,CLV,8,1,67.6,34,35,9.4,3.02,0,0,0.0,62.9,22,0,20,4.3,42,1,-0.1,12,80.4,66.2,58.7,79.1,0,0,46,0,50.0,15.0,89.2,7.1,3,4,0,1,1,1,2.2,212,6.1
2022,10,False,passing,pff,Justin Herbert,28237,QB,LAC,27,1,79.3,29,35,6.7,2.84,1,3,8.3,60.0,21,0,15,8.7,40,2,-0.18,7,79.5,87.1,81.1,78.3,2,1,41,0,35.0,13.3,73.0,5.0,2,3,0,3,1,0,0.0,196,5.6
2022,10,False,passing,pff,Patrick Mahomes,11765,QB,KC,16,1,85.7,35,35,7.6,3.12,0,2,5.6,74.3,26,0,13,13.3,40,4,0.58,19,79.4,91.4,91.3,63.0,0,1,41,0,65.0,0.0,129.6,0.0,0,5,0,0,4,1,2.4,331,9.5
2022,10,False,passing,pff,Geno Smith,7820,QB,SEA,29,1,75.0,32,33,8.3,3.03,0,3,8.6,69.7,23,0,13,4.2,40,1,0.15,15,28.6,65.8,67.1,60.8,0,0,42,1,60.0,23.1,115.1,7.5,3,4,0,1,2,1,2.4,275,8.3
2022,10,False,passing,pff,Tua Tagovailoa,60326,QB,MIA,17,1,80.6,31,32,7.9,2.35,0,3,8.8,78.1,25,0,7,0.0,32,0,0.48,16,78.1,91.1,90.8,60.0,0,0,34,0,59.4,0.0,135.0,0.0,0,0,0,1,3,0,0.0,285,8.9
2022,10,False,passing,pff,Marcus Mariota,9435,QB,ATL,2,1,65.5,29,30,12.1,3.12,0,1,3.1,63.3,19,0,17,0.0,37,0,-0.08,12,79.1,56.9,51.5,78.0,0,1,39,0,43.2,29.4,89.0,13.5,5,2,1,0,2,4,10.3,186,6.2
2022,10,False,passing,pff,Kenny Pickett,60515,QB,PIT,25,1,73.1,26,30,7.8,3.29,0,2,5.7,60.0,18,0,17,5.3,40,1,0.0,11,80.5,67.1,59.3,81.1,0,0,45,0,40.0,35.3,79.7,15.0,6,4,0,4,0,0,0.0,199,6.6
2022,10,False,passing,pff,Tom Brady,698,QB,TB,30,1,82.1,28,29,9.2,2.57,0,2,6.7,75.9,22,0,5,4.3,29,1,0.53,15,78.8,79.5,80.5,61.6,0,1,30,1,62.1,0.0,111.0,0.0,0,0,0,1,2,2,6.7,258,8.9
2022,10,False,passing,pff,Taylor Heinicke,9896,QB,WAS,32,1,68.0,25,29,11.0,2.64,0,1,3.2,58.6,17,0,7,0.0,33,0,0.01,9,78.9,73.7,71.5,65.4,0,1,35,1,48.5,42.9,66.9,9.1,3,1,2,2,0,1,2.9,211,7.3
2022,10,False,passing,pff,Matt Ryan,4317,QB,IND,14,1,81.5,27,28,5.9,2.28,0,0,0.0,75.0,21,0,4,4.5,30,1,0.26,11,78.8,71.5,65.0,79.3,0,0,34,0,60.0,25.0,109.5,3.3,1,1,0,1,1,0,0.0,222,7.9
2022,10,False,passing,pff,Jimmy Garoppolo,8697,QB,SF,28,1,83.3,24,28,6.6,2.78,0,1,3.6,67.9,19,0,8,5.0,30,1,0.07,10,78.4,76.9,79.3,60.3,1,0,30,1,43.3,12.5,94.3,3.3,1,1,0,3,0,0,0.0,240,8.6
2022,10,False,passing,pff,Andy Dalton,6187,QB,NO,20,1,70.4,27,27,9.6,2.51,0,0,0.0,63.0,17,0,9,10.5,30,2,-0.05,8,77.8,66.2,67.4,54.5,0,2,32,0,43.3,22.2,62.9,6.7,2,1,0,0,1,1,3.1,174,6.4
2022,10,False,passing,pff,Jalen Hurts,40291,QB,PHI,24,1,72.0,25,26,8.6,2.58,0,1,3.7,65.4,17,0,9,5.6,28,1,-0.42,10,78.5,71.0,67.5,68.7,0,1,29,0,39.3,11.1,94.2,3.6,1,1,0,1,2,1,3.4,175,6.7
2022,10,False,passing,pff,Jared Goff,10635,QB,DET,11,1,83.3,24,26,7.4,2.9,2,0,0.0,73.1,19,0,9,5.0,30,1,0.58,13,78.2,52.5,51.1,61.5,0,0,33,0,56.7,22.2,113.6,6.7,2,2,0,0,1,1,3.0,236,9.1
2022,10,False,passing,pff,Justin Fields,82118,QB,CHI,6,1,75.0,16,20,10.6,4.25,1,0,0.0,60.0,12,0,10,0.0,26,0,-0.15,8,28.7,67.8,56.9,76.2,0,1,27,0,46.2,30.0,99.4,11.5,3,3,0,3,2,2,7.4,167,8.4
2022,10,False,passing,pff,Aaron Rodgers,2241,QB,GB,12,1,84.2,19,20,11.9,2.81,0,2,9.1,70.0,14,0,7,12.5,23,2,0.37,9,25.0,83.9,81.2,64.7,0,0,25,2,56.5,28.6,146.7,8.7,2,1,0,1,3,1,4.0,224,11.2
2022,10,False,passing,pff,Daniel Jones,39395,QB,NYG,21,1,88.2,17,17,5.7,3.0,0,0,0.0,76.5,13,0,8,13.3,23,2,0.56,9,76.7,67.7,64.8,64.9,0,0,24,0,47.8,37.5,153.3,13.0,3,3,0,0,2,0,0.0,197,11.6
2022,10,False,passing,pff,P.J. Walker,12134,QB,CAR,5,1,68.8,16,16,6.1,1.92,0,0,0.0,62.5,10,0,4,9.1,19,1,0.02,4,75.9,52.7,43.1,75.3,0,0,19,0,36.8,25.0,82.3,5.3,1,0,0,0,0,2,10.5,108,6.8
2022,10,False,passing,pff,Chase Daniel,5214,QB,LAC,27,1,0.0,2,2,-4.5,2.67,0,0,0.0,0.0,0,0,3,,3,0,-0.55,0,65.5,43.0,44.6,,0,0,3,0,0.0,33.3,39.6,33.3,1,0,0,0,0,0,0.0,0,0.0
2022,10,False,passing,pff,Taysom Hill,12112,TE,NO,20,1,0.0,1,1,4.0,2.1,0,0,0.0,0.0,0,0,0,,1,0,-0.97,0,68.2,45.0,59.8,52.8,0,0,1,0,0.0,,39.6,0.0,0,0,0,0,0,0,0.0,0,0.0
2022,10,False,passing,pff,Skylar Thompson,60417,QB,MIA,17,1,100.0,1,1,3.0,2.0,0,0,0.0,100.0,1,0,0,0.0,1,0,0.88,1,68.2,62.9,60.1,60.5,0,0,1,0,100.0,,118.8,0.0,0,0,0,0,0,0,0.0,17,17.0
2022,10,False,passing,pff,Leonard Fournette,11759,HB,TB,30,1,0.0,1,1,15.0,2.2,0,0,0.0,0.0,0,0,1,,1,0,-4.34,0,75.6,63.4,34.2,72.9,0,1,1,0,0.0,0.0,0.0,0.0,0,0,0,0,0,1,100.0,0,0.0
2022,10,False,passing,pff,Bryce Perkins,35299,QB,LA,26,1,100.0,1,1,-3.0,1.1,0,0,0.0,100.0,1,0,0,0.0,1,0,-1.11,0,68.2,50.4,60.1,51.1,0,0,1,0,0.0,,79.2,0.0,0,0,0,0,0,0,0.0,-3,-3.0
2022,11,False,passing,pff,Daniel Jones,39395,QB,NYG,21,1,83.8,37,44,9.2,3.1,1,0,0.0,61.4,27,0,21,12.9,48,4,-0.03,18,81.5,75.9,71.9,72.9,1,2,52,1,47.9,9.5,74.1,4.2,2,2,0,5,1,2,3.8,341,7.8
2022,11,False,passing,pff,Kenny Pickett,60515,QB,PIT,25,1,70.3,37,42,9.7,3.04,0,2,4.3,59.5,25,0,15,3.8,44,1,-0.07,10,80.5,55.9,57.6,57.5,1,0,48,1,38.6,13.3,85.9,4.5,2,0,0,4,1,2,4.2,265,6.3
2022,11,False,passing,pff,Jacoby Brissett,10725,QB,CLV,8,1,78.9,38,41,9.0,3.03,1,6,12.5,68.3,28,0,18,6.7,45,2,0.5,20,81.1,89.8,89.7,64.3,0,0,52,1,55.6,5.6,116.3,2.2,1,3,0,2,3,0,0.0,324,7.9
2022,11,False,passing,pff,Aaron Rodgers,2241,QB,GB,12,1,67.6,37,39,10.2,2.93,0,2,5.0,61.5,24,0,11,4.0,40,1,0.08,11,79.2,65.1,64.3,,0,0,41,1,40.0,9.1,94.7,2.5,1,0,0,2,2,1,2.4,227,5.8
2022,11,False,passing,pff,Joe Burrow,28022,QB,CIN,7,1,72.7,33,39,8.4,2.6,3,2,5.1,61.5,24,0,12,0.0,42,0,0.28,18,79.9,90.8,90.2,63.1,0,2,42,0,54.8,16.7,104.1,4.8,2,1,0,3,4,0,0.0,355,9.1
2022,11,False,passing,pff,Derek Carr,8671,QB,LV,23,1,75.8,33,37,9.8,2.86,2,2,5.1,62.2,23,0,11,8.0,38,2,0.19,10,79.2,67.3,66.3,,2,0,41,0,42.1,9.1,106.5,2.6,1,0,0,0,2,1,2.4,307,8.3
2022,11,False,passing,pff,Colt McCoy,5609,QB,ARZ,1,1,81.8,33,34,4.9,2.3,0,1,2.9,70.6,24,0,12,11.1,40,3,-0.13,9,79.3,66.9,70.3,47.4,0,1,40,0,42.5,25.0,75.4,7.5,3,2,0,1,0,0,0.0,218,6.4
2022,11,False,passing,pff,Patrick Mahomes,11765,QB,KC,16,1,66.7,30,34,10.7,2.96,0,1,2.8,58.8,20,0,12,0.0,38,0,0.37,16,79.3,80.2,77.1,69.1,2,0,41,0,47.4,8.3,120.8,2.6,1,3,0,2,3,0,0.0,329,9.7
2022,11,False,passing,pff,Baker Mayfield,46518,QB,CAR,5,1,80.0,30,33,5.6,3.0,1,0,0.0,63.6,21,0,14,12.5,39,3,-0.55,8,79.3,57.3,56.1,62.5,0,2,42,0,30.8,28.6,54.6,10.3,4,2,0,2,0,1,2.4,196,5.9
2022,11,False,passing,pff,Davis Mills,52269,QB,HST,13,1,64.5,31,33,8.2,2.81,1,1,2.9,57.6,19,0,14,5.0,40,1,-0.29,8,79.9,53.2,48.6,72.9,0,2,42,0,32.5,35.7,46.1,12.5,5,2,0,1,0,1,2.4,169,5.1
2022,11,False,passing,pff,Lamar Jackson,46416,QB,BLT,3,1,90.3,31,33,4.8,2.62,0,0,0.0,72.7,24,1,8,14.3,37,4,-0.19,9,80.8,78.6,73.6,74.3,1,1,39,2,40.5,50.0,76.5,10.8,4,0,0,1,0,0,0.0,209,6.3
2022,11,False,passing,pff,Matt Ryan,4317,QB,IND,14,1,76.7,30,32,6.1,2.51,0,1,3.0,71.9,23,0,16,0.0,36,0,-0.18,9,78.8,77.7,74.9,62.6,0,0,37,0,33.3,25.0,89.7,11.1,4,0,0,2,0,1,2.7,213,6.7
2022,11,False,passing,pff,Russell Wilson,7077,QB,DEN,10,1,89.3,28,31,6.8,2.75,0,2,6.1,77.4,24,0,13,4.0,35,1,0.15,11,78.6,79.0,78.7,57.9,0,0,37,0,48.6,23.1,99.8,8.6,3,1,0,3,0,0,0.0,247,8.0
2022,11,False,passing,pff,Justin Herbert,28237,QB,LAC,27,1,82.1,28,30,9.1,2.68,1,2,6.7,76.7,23,0,17,0.0,38,0,0.1,12,79.4,73.9,71.7,65.8,0,1,38,0,57.9,29.4,113.2,13.2,5,2,0,1,2,1,2.6,280,9.3
2022,11,False,passing,pff,Jimmy Garoppolo,8697,QB,SF,28,1,75.0,28,29,6.4,2.44,1,0,0.0,69.0,20,0,8,4.8,29,1,0.55,13,77.6,65.6,63.1,62.6,0,0,30,0,65.5,0.0,131.9,0.0,0,0,0,0,4,0,0.0,228,7.9
2022,11,False,passing,pff,Taylor Heinicke,9896,QB,WAS,32,1,68.2,22,27,9.7,3.08,0,0,0.0,55.6,15,0,13,0.0,28,0,0.05,10,26.4,52.9,57.6,42.0,1,0,29,0,50.0,0.0,77.9,0.0,0,1,0,4,0,1,3.4,191,7.1
2022,11,False,passing,pff,Josh Allen,46601,QB,BUF,4,1,80.0,25,27,8.3,2.92,0,2,7.1,66.7,18,0,10,10.0,30,2,0.05,10,78.2,89.2,84.4,74.9,0,0,32,0,53.3,20.0,100.4,6.7,2,1,0,2,1,0,0.0,197,7.3
2022,11,False,passing,pff,Mac Jones,60323,QB,NE,19,1,85.2,27,27,4.6,2.6,0,0,0.0,85.2,23,0,10,0.0,33,0,-0.06,8,78.6,64.3,65.7,54.4,0,0,34,0,42.4,60.0,104.6,18.2,6,0,0,0,0,0,0.0,246,9.1
2022,11,False,passing,pff,Ryan Tannehill,7014,QB,TEN,31,1,88.0,25,27,9.5,2.65,0,4,13.8,81.5,22,0,8,0.0,30,0,0.46,14,78.5,85.1,84.3,60.5,0,1,32,0,66.7,37.5,127.3,10.0,3,0,0,2,2,1,3.1,333,12.3
2022,11,False,passing,pff,Jared Goff,10635,QB,DET,11,1,81.8,22,26,6.6,2.51,2,0,0.0,65.4,17,0,9,5.6,27,1,0.09,9,78.5,47.9,42.4,71.2,0,0,31,1,48.1,0.0,83.0,0.0,0,0,0,2,0,2,6.5,165,6.3
2022,11,False,passing,pff,Dak Prescott,10769,QB,DAL,9,1,88.0,25,25,6.0,2.73,0,2,8.0,88.0,22,0,6,0.0,28,0,0.68,10,77.2,80.4,80.4,60.2,0,0,29,0,60.7,0.0,139.3,0.0,0,3,0,0,2,0,0.0,276,11.0
2022,11,False,passing,pff,Jalen Hurts,40291,QB,PHI,24,1,78.3,23,25,8.4,3.48,0,1,3.4,72.0,18,0,7,0.0,30,0,-0.28,7,80.8,78.5,70.4,77.6,0,0,35,0,46.7,42.9,107.1,10.0,3,2,0,2,1,0,0.0,190,7.6
2022,11,False,passing,pff,Andy Dalton,6187,QB,NO,20,1,91.7,24,25,7.1,2.26,0,2,8.0,84.0,21,0,7,4.5,28,1,0.29,13,77.5,85.9,83.9,60.0,0,0,28,0,57.1,42.9,149.6,10.7,3,0,0,1,3,0,0.0,260,10.4
2022,11,False,passing,pff,Kirk Cousins,7102,QB,MIN,18,1,65.0,20,23,9.5,2.83,0,1,3.8,52.2,12,0,18,7.7,30,1,-0.53,7,26.7,51.1,53.3,,1,0,33,1,30.0,38.9,64.6,23.3,7,0,0,2,0,1,3.0,105,4.6
2022,11,False,passing,pff,Zach Wilson,82096,QB,NYJ,22,1,52.6,19,22,9.7,3.27,1,0,0.0,40.9,9,0,14,10.0,29,1,-0.49,4,77.4,30.4,29.0,63.6,0,0,30,0,27.6,28.6,50.8,13.8,4,3,0,2,0,2,6.7,77,3.5
2022,11,False,passing,pff,Justin Fields,82118,QB,CHI,6,1,82.4,17,21,9.5,3.53,2,2,8.7,66.7,14,0,17,0.0,32,0,0.01,10,31.2,64.5,59.4,66.8,0,1,34,0,50.0,23.5,84.0,12.5,4,6,0,2,1,0,0.0,153,7.3
2022,11,False,passing,pff,Marcus Mariota,9435,QB,ATL,2,1,72.2,18,20,6.3,2.72,0,0,0.0,65.0,13,0,7,0.0,24,0,-0.04,7,78.9,67.3,69.1,59.2,0,0,26,0,50.0,0.0,100.2,0.0,0,4,2,0,1,0,0.0,131,6.6
2022,11,False,passing,pff,Matthew Stafford,4924,QB,LA,26,1,66.7,18,18,11.7,2.76,0,3,15.8,61.1,11,0,5,8.3,20,1,0.29,7,75.4,90.6,91.2,55.3,0,0,21,0,40.0,20.0,126.9,5.0,1,1,0,0,2,0,0.0,159,8.8
2022,11,False,passing,pff,Bryce Perkins,35299,QB,LA,26,1,75.0,8,10,7.6,3.06,1,1,10.0,50.0,5,0,7,16.7,16,1,-0.35,4,74.8,70.2,71.6,66.0,0,0,16,1,37.5,42.9,70.4,18.8,3,3,1,0,0,0,0.0,64,6.4
2022,11,False,passing,pff,Trace McSorley,32819,QB,ARZ,1,1,66.7,9,10,10.2,2.47,0,1,10.0,60.0,6,0,3,0.0,10,0,-0.32,4,72.1,29.0,29.9,57.7,0,1,10,0,40.0,0.0,37.1,0.0,0,0,0,1,0,2,20.0,59,5.9
2022,11,False,passing,pff,Nick Mullens,12282,QB,MIN,18,1,83.3,6,7,5.0,2.19,0,0,0.0,71.4,5,0,3,0.0,7,0,0.53,3,69.6,72.2,71.0,,1,0,7,0,71.4,0.0,93.8,0.0,0,0,0,0,0,0,0.0,54,7.7
2022,11,False,passing,pff,Cooper Rush,12324,QB,DAL,9,1,100.0,4,5,0.5,2.38,1,0,0.0,80.0,4,0,2,0.0,5,0,0.35,2,68.0,61.5,61.0,,0,0,5,0,60.0,0.0,92.5,0.0,0,0,0,0,0,0,0.0,31,6.2
2022,11,False,passing,pff,Taysom Hill,12112,TE,NO,20,1,33.3,3,3,16.3,2.7,0,0,0.0,33.3,1,0,2,0.0,4,0,-0.27,1,74.4,70.9,53.9,70.9,0,0,4,0,25.0,50.0,49.3,25.0,1,0,0,0,0,0,0.0,14,4.7
2022,11,False,passing,pff,Derrick Henry,10679,HB,TEN,31,1,100.0,2,2,3.5,1.35,0,0,0.0,100.0,2,0,0,0.0,2,0,0.84,1,79.6,75.5,71.6,70.8,0,0,2,0,50.0,,118.8,0.0,0,0,0,0,1,0,0.0,4,2.0
2022,12,False,passing,pff,Justin Herbert,28237,QB,LAC,27,1,83.7,43,47,4.4,2.64,3,0,0.0,74.5,35,0,24,2.8,53,1,0.11,20,81.3,67.1,61.3,82.2,1,0,55,0,49.1,16.7,109.7,7.5,4,2,0,0,3,1,1.8,274,5.8
2022,12,False,passing,pff,Tom Brady,698,QB,TB,30,1,69.0,42,43,8.8,2.38,1,2,4.3,67.4,29,0,8,0.0,46,0,-0.03,9,80.5,70.8,68.6,62.6,0,0,49,1,45.7,37.5,97.6,6.5,3,0,0,0,2,0,0.0,246,5.7
2022,12,False,passing,pff,Patrick Mahomes,11765,QB,KC,16,1,77.8,36,42,6.1,3.04,0,3,6.7,64.3,27,0,13,3.6,46,1,0.27,23,80.4,79.6,74.7,76.3,1,1,50,0,63.0,0.0,85.4,0.0,0,4,0,5,1,1,2.0,320,7.6
2022,12,False,passing,pff,Josh Allen,46601,QB,BUF,4,1,75.7,37,42,8.9,3.01,0,4,9.1,57.1,24,0,19,14.3,52,4,0.19,18,37.1,75.2,75.3,62.1,0,1,55,0,46.2,15.8,80.8,5.8,3,7,0,5,2,2,3.6,253,6.0
2022,12,False,passing,pff,Mac Jones,60323,QB,NE,19,1,82.9,35,39,8.6,2.5,0,3,7.7,71.8,28,0,12,3.4,42,1,0.15,14,79.2,88.0,85.9,,0,0,42,0,47.6,25.0,119.8,7.1,3,0,1,3,2,0,0.0,382,9.8
2022,12,False,passing,pff,Kyle Allen,26152,QB,HST,13,1,75.0,36,38,5.1,2.68,1,1,2.5,65.8,25,0,18,7.4,45,2,-0.53,9,29.9,40.2,38.0,64.3,0,2,47,0,35.6,27.8,67.3,11.1,5,2,0,1,1,5,10.6,215,5.7
2022,12,False,passing,pff,Kirk Cousins,7102,QB,MIN,18,1,86.1,36,37,5.9,2.63,0,3,7.7,81.1,30,0,15,3.2,38,1,0.3,15,79.3,70.8,69.9,60.0,0,1,40,0,60.5,6.7,116.1,2.6,1,0,0,1,3,3,7.5,299,8.1
2022,12,False,passing,pff,Geno Smith,7820,QB,SEA,29,1,80.0,35,37,8.6,2.62,0,3,7.7,73.0,27,0,14,3.6,43,1,0.14,17,31.0,60.3,63.3,47.4,2,1,45,0,60.5,21.4,106.6,7.0,3,2,0,0,2,3,6.7,328,8.9
2022,12,False,passing,pff,Jimmy Garoppolo,8697,QB,SF,28,1,75.0,36,37,5.9,2.8,0,1,2.6,70.3,26,0,15,3.7,38,1,0.13,12,79.7,63.8,62.2,63.2,1,0,39,0,47.4,6.7,94.7,2.6,1,0,0,0,1,1,2.6,222,6.0
2022,12,False,passing,pff,Jared Goff,10635,QB,DET,11,1,75.0,32,37,7.6,2.55,1,1,2.6,62.2,23,0,11,4.2,39,1,0.15,13,79.3,67.6,65.7,62.6,2,0,40,0,48.7,18.2,98.9,5.1,2,0,0,2,2,1,2.5,240,6.5
2022,12,False,passing,pff,Jacoby Brissett,10725,QB,CLV,8,1,71.4,35,37,10.8,2.71,0,0,0.0,62.2,23,0,16,8.0,43,2,-0.14,12,79.9,73.7,67.3,74.8,1,1,46,0,37.2,25.0,75.3,9.3,4,2,0,1,1,0,0.0,210,5.7
2022,12,False,passing,pff,Joe Burrow,28022,QB,CIN,7,1,65.7,35,37,7.3,2.69,1,3,7.5,59.5,22,0,9,4.3,42,1,0.27,13,80.7,87.7,85.2,69.3,0,0,45,1,50.0,11.1,91.0,2.4,1,4,0,1,1,0,0.0,270,7.3
2022,12,False,passing,pff,Trevor Lawrence,77632,QB,JAX,15,1,83.3,36,37,6.5,2.35,0,4,10.3,78.4,29,0,8,3.3,42,1,0.27,16,22.1,79.3,79.9,53.6,0,0,44,1,47.6,50.0,129.8,9.5,4,1,0,1,3,3,6.8,321,8.7
2022,12,False,passing,pff,Derek Carr,8671,QB,LV,23,1,78.8,33,36,8.5,2.91,1,3,8.3,69.4,25,0,12,3.8,39,1,0.38,15,78.9,84.0,81.9,64.1,2,2,39,0,59.0,8.3,98.7,2.6,1,2,0,0,3,0,0.0,295,8.2
2022,12,False,passing,pff,Tua Tagovailoa,60326,QB,MIA,17,1,75.8,33,36,11.2,2.45,0,1,2.7,61.1,22,0,13,12.0,40,3,0.26,17,79.3,71.3,71.8,,0,0,42,1,47.5,30.8,96.9,10.0,4,0,1,2,1,2,4.8,299,8.3
2022,12,False,passing,pff,Russell Wilson,7077,QB,DEN,10,1,78.6,28,35,11.3,2.99,3,2,5.4,54.3,19,0,18,13.6,40,3,-0.43,8,79.3,67.0,70.2,52.3,0,0,43,1,30.0,16.7,73.8,7.5,3,2,0,4,1,0,0.0,142,4.1
2022,12,False,passing,pff,Daniel Jones,39395,QB,NYG,21,1,81.5,27,35,6.7,2.65,0,0,0.0,60.0,21,0,19,4.5,39,1,-0.21,11,29.6,48.7,54.8,36.5,1,0,43,1,43.6,15.8,88.8,7.7,3,1,3,4,1,2,4.7,228,6.5
2022,12,False,passing,pff,Matt Ryan,4317,QB,IND,14,1,80.6,31,34,7.0,3.03,0,1,2.8,64.7,22,0,13,12.0,39,3,-0.21,12,28.7,73.0,71.2,64.2,0,1,41,0,41.0,23.1,77.9,7.7,3,2,0,3,1,2,4.9,199,5.9
2022,12,False,passing,pff,Ryan Tannehill,7014,QB,TEN,31,1,75.0,32,34,8.9,2.65,2,0,0.0,64.7,22,0,11,8.3,37,2,0.18,13,78.7,71.4,72.0,62.2,0,0,38,1,40.5,9.1,91.7,2.7,1,2,0,0,0,0,0.0,291,8.6
2022,12,False,passing,pff,Lamar Jackson,46416,QB,BLT,3,1,72.4,29,32,13.1,3.18,0,3,8.8,50.0,16,0,16,23.8,37,5,0.21,13,34.5,90.9,89.6,75.0,1,0,40,1,43.2,6.3,87.2,2.7,1,4,0,2,1,0,0.0,254,7.9
2022,12,False,passing,pff,Dak Prescott,10769,QB,DAL,9,1,75.0,28,30,12.4,2.59,0,2,5.7,70.0,21,0,20,0.0,31,0,0.35,13,78.5,76.9,72.0,68.5,0,2,36,0,54.8,0.0,91.1,0.0,0,1,0,2,2,2,5.6,261,8.7
2022,12,False,passing,pff,Kyler Murray,38334,QB,ARZ,1,1,73.1,26,29,9.8,3.04,0,1,3.4,62.1,18,0,9,5.3,34,1,0.29,12,79.0,76.0,65.5,85.0,0,1,34,0,50.0,11.1,89.9,2.9,1,3,0,3,2,2,5.9,191,6.6
2022,12,False,passing,pff,Andy Dalton,6187,QB,NO,20,1,67.9,28,29,7.9,2.9,0,2,6.3,62.1,18,0,10,5.3,34,1,-0.09,8,78.6,69.2,69.6,58.0,0,0,37,0,44.1,10.0,83.1,2.9,1,4,0,1,0,0,0.0,204,7.0
2022,12,False,passing,pff,Mike White,46453,QB,NYJ,22,1,78.6,28,28,5.9,2.38,0,2,7.1,78.6,22,0,3,0.0,30,0,0.55,14,78.1,81.8,78.9,63.4,0,0,30,0,53.3,33.3,149.3,3.3,1,0,0,0,3,1,3.3,315,11.3
2022,12,False,passing,pff,Kenny Pickett,60515,QB,PIT,25,1,78.6,28,28,6.2,2.92,0,1,3.4,71.4,20,0,7,9.1,34,2,0.06,12,78.9,88.5,86.3,69.0,0,0,35,0,50.0,42.9,87.5,8.8,3,3,0,0,0,0,0.0,174,6.2
2022,12,False,passing,pff,Jalen Hurts,40291,QB,PHI,24,1,70.8,24,28,8.0,3.25,1,1,3.6,57.1,16,0,12,5.9,35,1,0.08,10,80.6,79.0,62.8,89.0,0,0,36,0,42.9,16.7,96.3,5.7,2,5,0,3,2,1,2.8,153,5.5
2022,12,False,passing,pff,Marcus Mariota,9435,QB,ATL,2,1,73.9,23,25,5.6,2.83,0,0,0.0,60.0,15,0,6,11.8,26,2,-0.3,6,78.2,70.3,66.5,68.8,1,1,26,0,38.5,16.7,77.8,3.8,1,0,0,1,1,0,0.0,174,7.0
2022,12,False,passing,pff,Trevor Siemian,9683,QB,CHI,6,1,58.3,24,25,7.5,2.69,0,0,0.0,56.0,14,0,11,0.0,28,0,-0.26,7,77.8,33.1,32.7,56.1,0,1,28,0,39.3,18.2,75.3,7.1,2,1,0,1,1,2,7.1,179,7.2
2022,12,False,passing,pff,Taylor Heinicke,9896,QB,WAS,32,1,71.4,21,23,9.0,3.11,1,0,0.0,60.9,14,0,6,6.7,23,1,-0.13,8,76.4,57.7,56.5,60.0,0,1,24,0,47.8,0.0,88.7,0.0,0,0,0,1,2,1,4.2,138,6.0
2022,12,False,passing,pff,Bryce Perkins,35299,QB,LA,26,1,61.9,21,23,6.5,3.74,1,0,0.0,56.5,13,0,16,0.0,29,0,-0.37,9,78.7,54.1,53.4,62.4,1,2,29,1,34.5,18.8,45.6,10.3,3,3,0,0,1,1,3.4,100,4.3
2022,12,False,passing,pff,Sam Darnold,29048,QB,CAR,5,1,68.8,16,19,10.9,3.21,0,2,10.5,57.9,11,0,4,0.0,20,0,0.09,9,24.0,73.0,82.0,38.0,1,0,20,0,45.0,0.0,103.8,0.0,0,1,0,2,1,0,0.0,164,8.6
2022,12,False,passing,pff,Aaron Rodgers,2241,QB,GB,12,1,81.3,16,16,7.2,2.54,0,2,12.5,68.8,11,0,6,15.4,19,2,-0.08,8,75.2,57.9,57.0,60.0,0,2,19,0,42.1,50.0,95.8,15.8,3,0,0,0,2,2,10.5,140,8.8
2022,12,False,passing,pff,Jordan Love,40306,QB,GB,12,1,77.8,9,9,11.4,2.82,0,1,11.1,66.7,6,0,2,14.3,9,1,0.79,4,70.9,85.7,83.4,,0,0,9,0,55.6,0.0,146.8,0.0,0,0,0,0,1,0,0.0,113,12.6
2022,12,False,passing,pff,Skylar Thompson,60417,QB,MIA,17,1,20.0,5,5,15.2,3.31,0,0,0.0,20.0,1,0,6,0.0,8,0,-0.68,1,21.2,28.1,42.7,29.8,0,0,9,0,12.5,16.7,39.6,12.5,1,2,0,0,0,0,0.0,6,1.2
2022,12,False,passing,pff,Justin Jefferson,61398,WR,MIN,18,1,100.0,1,1,8.0,2.9,0,0,0.0,100.0,1,0,0,0.0,1,0,0.26,1,71.6,86.1,60.5,,0,0,1,1,100.0,,112.5,0.0,0,0,0,0,0,0,0.0,11,11.0
2022,12,False,passing,pff,Braden Mann,44664,P,NYJ,22,1,,0,1,,3.9,0,0,0.0,0.0,0,0,1,,1,0,-2.89,0,26.7,60.0,60.0,,0,0,1,0,0.0,0.0,39.6,0.0,0,0,0,1,0,1,100.0,0,0.0
2022,12,False,passing,pff,Taysom Hill,12112,TE,NO,20,1,0.0,1,1,30.0,3.2,0,1,50.0,0.0,0,0,1,,1,0,-0.51,0,72.1,50.2,82.3,54.3,0,0,2,1,0.0,0.0,39.6,0.0,0,0,0,0,0,0,0.0,0,0.0
2022,12,False,passing,pff,Riley Dixon,10862,P,LA,26,1,100.0,1,1,3.0,2.0,0,0,0.0,100.0,1,0,0,0.0,1,0,3.84,1,60.4,60.8,60.3,,0,0,1,0,100.0,,91.7,0.0,0,0,0,0,0,0,0.0,6,6.0
2022,13,False,passing,pff,Mike White,46453,QB,NYJ,22,1,61.5,52,57,8.8,2.52,2,3,5.1,54.4,31,0,13,3.1,59,1,-0.11,15,81.9,65.6,64.3,64.5,1,2,61,0,37.3,7.7,59.8,1.7,1,1,0,2,0,1,1.6,369,6.5
2022,13,False,passing,pff,Tom Brady,698,QB,TB,30,1,79.6,49,54,6.8,2.41,2,2,3.4,66.7,36,0,16,7.7,55,3,-0.01,19,81.6,73.9,72.5,60.0,0,1,59,0,49.1,6.3,84.0,1.8,1,0,0,3,2,1,1.7,281,5.2
2022,13,False,passing,pff,Justin Herbert,28237,QB,LAC,27,1,69.0,42,47,8.8,2.78,1,3,6.1,59.6,28,0,24,3.4,56,1,-0.14,16,37.4,61.3,63.5,48.6,2,0,58,0,37.5,20.8,88.5,8.9,5,3,0,2,1,1,1.7,335,7.1
2022,13,False,passing,pff,Taylor Heinicke,9896,QB,WAS,32,1,71.1,38,41,8.0,2.63,0,2,4.8,65.9,27,0,20,0.0,47,0,0.01,13,30.4,49.1,49.0,57.8,2,0,48,0,40.4,25.0,101.2,10.6,5,1,0,1,2,2,4.2,275,6.7
2022,13,False,passing,pff,Jared Goff,10635,QB,DET,11,1,89.2,37,41,6.1,2.75,1,1,2.3,75.6,31,0,12,6.1,43,2,0.5,21,79.8,77.3,75.8,,0,0,45,0,60.5,16.7,115.9,4.7,2,0,0,3,2,1,2.2,340,8.3
2022,13,False,passing,pff,Kyle Allen,26152,QB,HST,13,1,59.5,37,39,9.5,2.49,1,0,0.0,51.3,20,0,8,9.1,39,2,-0.49,10,22.0,25.6,29.7,27.6,0,2,42,0,38.5,0.0,53.5,0.0,0,0,0,1,1,2,4.8,201,5.2
2022,13,False,passing,pff,Jalen Hurts,40291,QB,PHI,24,1,82.9,35,39,10.1,2.75,1,1,2.4,74.4,29,0,8,0.0,41,0,0.47,15,33.4,68.2,66.2,70.6,0,0,44,2,63.4,25.0,130.3,4.9,2,0,0,3,3,1,2.3,380,9.7
2022,13,False,passing,pff,Geno Smith,7820,QB,SEA,29,1,82.9,35,39,7.8,2.95,0,1,2.4,71.8,28,0,18,3.4,44,1,0.26,18,79.9,72.5,72.1,57.8,2,1,46,0,56.8,22.2,116.1,9.1,4,1,0,2,3,1,2.2,367,9.4
2022,13,False,passing,pff,Matt Ryan,4317,QB,IND,14,1,71.9,32,37,6.8,2.22,1,2,5.1,56.8,21,0,12,8.7,40,2,-0.43,12,29.4,53.9,51.8,64.1,1,3,42,0,37.5,25.0,59.9,7.5,3,0,0,3,2,5,11.9,233,6.3
2022,13,False,passing,pff,Brock Purdy,77672,QB,SF,28,1,74.3,35,37,5.4,2.48,0,0,0.0,67.6,25,0,14,3.8,40,1,0.04,13,80.2,61.4,58.9,66.2,2,1,43,0,47.5,21.4,88.8,7.5,3,0,0,0,2,2,4.7,210,5.7
2022,13,False,passing,pff,Mac Jones,60323,QB,NE,19,1,72.7,33,36,6.5,3.22,1,1,2.6,61.1,22,0,15,8.3,38,2,-0.05,7,79.4,53.7,58.3,43.4,0,0,41,1,39.5,6.7,84.8,2.6,1,1,0,2,1,2,4.9,195,5.4
2022,13,False,passing,pff,Kirk Cousins,7102,QB,MIN,18,1,71.9,32,35,9.5,2.66,0,2,5.4,60.0,21,0,14,8.7,38,2,-0.05,13,79.5,72.4,70.3,66.1,1,0,40,0,39.5,14.3,82.2,5.3,2,1,0,2,1,2,5.0,173,4.9
2022,13,False,passing,pff,Josh Allen,46601,QB,BUF,4,1,78.8,33,33,8.7,3.01,0,4,11.1,66.7,22,0,11,15.4,37,4,0.29,15,29.9,75.5,75.9,58.3,0,0,40,0,51.4,18.2,106.0,5.4,2,2,0,0,2,3,7.5,223,6.8
2022,13,False,passing,pff,Tua Tagovailoa,60326,QB,MIA,17,1,59.4,32,33,11.6,2.4,1,1,3.0,54.5,18,0,10,5.3,36,1,-0.27,11,35.3,63.5,62.9,,0,2,36,0,44.4,30.0,79.7,8.3,3,0,0,0,2,0,0.0,295,8.9
2022,13,False,passing,pff,Tyler Huntley,46448,QB,BLT,3,1,87.1,31,32,5.8,2.84,0,0,0.0,84.4,27,0,14,0.0,39,0,0.03,9,80.3,62.0,57.7,69.0,0,1,42,0,43.6,14.3,78.0,5.1,2,5,1,0,0,1,2.4,187,5.8
2022,13,False,passing,pff,Joe Burrow,28022,QB,CIN,7,1,86.7,30,31,7.7,2.88,1,0,0.0,80.6,25,0,8,3.8,36,1,0.5,15,80.6,75.0,77.0,57.6,0,0,42,0,69.4,12.5,126.6,2.8,1,4,0,0,2,0,0.0,286,9.2
2022,13,False,passing,pff,Aaron Rodgers,2241,QB,GB,12,1,69.0,29,31,10.6,3.34,0,1,2.9,58.1,18,0,5,10.0,32,2,0.11,11,78.7,62.4,62.2,57.9,0,0,35,0,43.8,0.0,85.7,0.0,0,1,0,2,1,0,0.0,182,5.9
2022,13,False,passing,pff,Daniel Jones,39395,QB,NYG,21,1,92.9,28,31,6.1,2.66,0,1,3.1,80.6,25,0,12,3.8,40,1,-0.12,12,31.1,68.4,70.1,58.8,0,0,41,1,45.0,33.3,104.3,10.0,4,5,2,1,1,1,2.4,200,6.5
2022,13,False,passing,pff,Trevor Lawrence,77632,QB,JAX,15,1,75.0,28,31,7.7,2.47,1,1,3.1,54.8,17,0,11,19.0,36,4,0.13,10,78.8,64.5,63.3,62.6,0,0,37,0,41.7,18.2,82.6,5.6,2,3,0,2,1,1,2.7,179,5.8
2022,13,False,passing,pff,Derek Carr,8671,QB,LV,23,1,65.4,26,30,12.1,2.94,0,2,6.3,53.3,16,0,13,5.9,30,1,-0.29,11,77.7,68.0,66.8,,0,1,32,0,36.7,0.0,89.6,0.0,0,0,0,4,2,0,0.0,250,8.3
2022,13,False,passing,pff,Dak Prescott,10769,QB,DAL,9,1,73.3,30,30,7.5,2.4,0,0,0.0,66.7,20,0,4,9.1,31,2,0.04,11,77.7,47.3,47.2,,0,1,32,0,38.7,25.0,100.7,3.2,1,0,0,0,3,2,6.3,170,5.7
2022,13,False,passing,pff,Andy Dalton,6187,QB,NO,20,1,80.8,26,28,7.8,2.75,1,2,6.9,71.4,20,0,10,4.8,32,1,0.07,11,77.9,85.8,85.2,58.3,0,0,33,0,56.3,20.0,107.6,6.3,2,1,0,1,1,0,0.0,229,8.2
2022,13,False,passing,pff,Kenny Pickett,60515,QB,PIT,25,1,65.4,26,28,9.3,3.35,0,2,7.1,57.1,16,0,9,5.9,31,1,0.33,10,78.5,70.1,72.5,60.2,1,0,31,1,48.4,0.0,90.9,0.0,0,3,0,1,1,0,0.0,197,7.0
2022,13,False,passing,pff,Patrick Mahomes,11765,QB,KC,16,1,81.0,21,27,11.5,3.18,1,2,7.1,59.3,16,0,12,5.9,31,1,0.22,12,77.7,69.1,67.9,62.0,0,0,32,0,51.6,16.7,98.2,6.5,2,2,0,5,1,1,3.1,223,8.3
2022,13,False,passing,pff,John Wolford,46454,QB,LA,26,1,56.0,25,26,10.8,3.29,0,1,3.7,53.8,14,0,13,0.0,35,0,-0.17,8,27.4,41.8,42.6,52.5,0,2,36,0,40.0,30.8,43.4,11.4,4,5,0,1,0,3,8.3,178,6.8
2022,13,False,passing,pff,Justin Fields,82118,QB,CHI,6,1,84.0,25,25,10.9,3.29,0,3,11.5,80.0,20,0,9,4.8,28,1,0.03,9,78.0,90.4,82.0,86.7,0,2,29,0,46.4,0.0,75.7,0.0,0,3,0,0,0,2,6.9,254,10.2
2022,13,False,passing,pff,Marcus Mariota,9435,QB,ATL,2,1,58.3,24,24,15.9,2.63,0,1,4.2,54.2,13,0,7,7.1,25,1,-0.25,9,77.2,46.7,46.3,65.0,0,1,25,1,40.0,14.3,72.7,4.0,1,0,0,0,1,1,4.0,167,7.0
2022,13,False,passing,pff,Russell Wilson,7077,QB,DEN,10,1,85.0,20,22,10.4,3.14,1,3,13.0,77.3,17,0,6,0.0,26,0,0.01,8,76.8,83.3,80.5,66.4,0,0,27,1,38.5,33.3,102.3,7.7,2,2,0,1,0,0,0.0,189,8.6
2022,13,False,passing,pff,Deshaun Watson,11767,QB,CLV,8,1,57.1,21,22,7.7,3.02,1,0,0.0,54.5,12,0,10,0.0,24,0,-0.52,6,77.8,55.8,48.3,80.3,0,1,24,1,45.8,10.0,53.4,4.2,1,1,0,0,0,1,4.2,131,6.0
2022,13,False,passing,pff,Ryan Tannehill,7014,QB,TEN,31,1,66.7,21,22,6.8,3.1,0,1,4.3,63.6,14,0,13,0.0,31,0,-0.1,8,77.7,76.1,68.7,79.5,0,0,32,0,32.3,46.2,97.0,19.4,6,3,0,1,1,0,0.0,141,6.4
2022,13,False,passing,pff,Malik Willis,60341,QB,TEN,31,1,100.0,4,4,6.3,2.85,0,0,0.0,50.0,2,0,1,50.0,4,2,-0.77,0,68.4,67.5,60.8,60.3,0,0,4,0,25.0,0.0,60.4,0.0,0,0,0,0,0,0,0.0,16,4.0
2022,13,False,passing,pff,Lamar Jackson,46416,QB,BLT,3,1,75.0,4,4,4.3,3.16,0,0,0.0,75.0,3,0,5,0.0,7,0,-0.79,0,69.6,58.8,49.3,65.6,0,0,7,0,14.3,40.0,77.1,28.6,2,1,0,0,0,0,0.0,11,2.8
2022,13,False,passing,pff,Jimmy Garoppolo,8697,QB,SF,28,1,100.0,4,4,10.8,2.76,0,0,0.0,50.0,2,0,3,50.0,5,2,0.42,2,68.0,80.5,78.8,,0,0,5,0,40.0,33.3,95.8,20.0,1,0,0,0,0,0,0.0,56,14.0
2022,13,False,passing,pff,C.J. Beathard,11859,QB,JAX,15,1,100.0,3,3,3.3,2.2,0,0,0.0,66.7,2,0,2,33.3,3,1,-1.32,0,65.5,56.2,56.3,,0,0,3,1,0.0,0.0,70.1,0.0,0,0,0,0,0,0,0.0,6,2.0
2022,13,False,passing,pff,Gardner Minshew,41401,QB,PHI,24,1,50.0,2,2,12.5,2.5,0,0,0.0,50.0,1,0,1,0.0,2,0,1.27,1,63.6,67.3,66.4,,0,0,2,0,50.0,0.0,66.7,0.0,0,0,0,0,0,0,0.0,11,5.5
2022,13,False,passing,pff,Skylar Thompson,60417,QB,MIA,17,1,0.0,1,1,26.0,2.9,0,0,0.0,0.0,0,0,0,,1,0,-5.05,0,60.4,20.8,22.7,,0,1,1,0,0.0,,0.0,0.0,0,0,0,0,0,1,100.0,0,0.0
2022,13,False,passing,pff,Garrett Wilson,97405,WR,NYJ,22,1,,0,1,,4.6,0,0,0.0,0.0,0,0,0,,1,0,-0.38,0,70.6,81.6,60.0,,0,0,1,0,0.0,,39.6,0.0,0,0,0,1,0,0,0.0,0,0.0
2022,13,False,passing,pff,James Proche II,48037,WR,BLT,3,1,0.0,1,1,35.0,4.6,0,0,0.0,0.0,0,0,0,,1,0,-4.31,0,65.7,44.0,43.5,,0,1,1,0,0.0,,0.0,0.0,0,0,0,0,0,1,100.0,0,0.0
2022,13,False,passing,pff,Taysom Hill,12112,TE,NO,20,1,100.0,1,1,12.0,3.4,0,0,0.0,100.0,1,0,0,0.0,1,0,0.89,1,70.6,79.8,70.7,71.5,0,0,1,0,100.0,,118.8,0.0,0,0,0,0,0,0,0.0,21,21.0
2022,14,False,passing,pff,Tom Brady,698,QB,TB,30,1,76.0,50,55,6.9,2.58,1,3,5.3,61.8,34,0,12,10.5,56,4,-0.26,14,81.5,61.7,62.5,53.9,0,2,58,0,35.7,0.0,63.7,0.0,0,1,0,4,1,3,5.2,253,4.6
2022,14,False,passing,pff,Justin Herbert,28237,QB,LAC,27,1,89.1,46,51,5.8,2.72,0,2,3.8,76.5,39,0,25,4.9,56,2,0.12,17,40.0,66.4,68.4,48.2,1,0,58,0,44.6,16.0,102.3,7.1,4,1,0,4,1,1,1.7,367,7.2
2022,14,False,passing,pff,Mike White,46453,QB,NYJ,22,1,73.7,38,44,8.0,2.57,2,2,4.5,61.4,27,0,11,3.6,47,1,0.02,13,79.9,67.1,66.2,,1,0,47,0,40.4,27.3,78.6,6.4,3,0,0,3,0,1,2.1,268,6.1
2022,14,False,passing,pff,Trevor Lawrence,77632,QB,JAX,15,1,84.2,38,42,7.9,2.56,3,3,6.8,71.4,30,0,12,6.3,43,2,0.39,18,80.3,92.6,91.3,71.8,1,0,46,0,55.8,0.0,121.9,0.0,0,1,0,0,3,1,2.2,368,8.8
2022,14,False,passing,pff,Deshaun Watson,11767,QB,CLV,8,1,80.6,36,42,9.3,3.03,2,1,2.4,61.9,26,0,14,10.3,48,3,0.0,15,80.9,56.8,53.6,66.9,1,1,50,0,47.9,14.3,79.1,4.2,2,3,1,2,1,2,4.0,276,6.6
2022,14,False,passing,pff,Kirk Cousins,7102,QB,MIN,18,1,80.0,40,41,11.5,2.72,0,4,9.3,75.6,31,0,16,3.1,44,1,0.53,18,80.0,91.5,90.7,,0,0,47,0,56.8,18.8,124.5,6.8,3,0,0,1,2,0,0.0,425,10.4
2022,14,False,passing,pff,Patrick Mahomes,11765,QB,KC,16,1,70.0,40,41,8.1,2.51,0,1,2.4,65.9,27,0,14,3.6,44,1,0.08,15,80.2,58.5,57.7,60.5,1,3,44,0,50.0,14.3,86.7,4.5,2,0,0,0,3,2,4.5,353,8.6
2022,14,False,passing,pff,Colt McCoy,5609,QB,ARZ,1,1,70.0,40,40,7.9,2.82,0,2,4.3,67.5,27,0,18,3.6,50,1,-0.59,12,35.9,60.8,65.5,40.9,0,1,56,0,40.0,33.3,73.5,12.0,6,4,0,0,0,0,0.0,246,6.2
2022,14,False,passing,pff,Jared Goff,10635,QB,DET,11,1,88.2,34,39,7.9,2.76,1,1,2.6,69.2,27,0,11,10.0,41,3,0.38,18,79.0,83.8,85.1,51.9,1,0,41,0,53.7,0.0,120.7,0.0,0,2,0,3,3,1,2.4,330,8.5
2022,14,False,passing,pff,Dak Prescott,10769,QB,DAL,9,1,68.4,38,39,8.7,2.85,1,2,5.1,61.5,24,0,15,7.7,42,2,-0.08,11,29.7,64.5,61.4,68.5,0,2,42,0,47.6,6.7,70.9,2.4,1,2,0,0,1,1,2.4,284,7.3
2022,14,False,passing,pff,Ryan Tannehill,7014,QB,TEN,31,1,70.3,37,38,10.1,2.56,0,1,2.4,65.8,25,0,14,3.8,46,1,-0.16,15,31.7,73.6,69.0,76.0,1,1,50,0,43.5,28.6,91.3,8.7,4,2,0,0,2,1,2.0,254,6.7
2022,14,False,passing,pff,Russell Wilson,7077,QB,DEN,10,1,78.8,33,36,5.8,3.15,2,1,2.6,63.9,23,0,18,11.5,45,3,-0.15,11,80.3,64.2,59.2,75.2,0,1,48,0,35.6,33.3,100.1,13.3,6,3,0,1,3,1,2.1,247,6.9
2022,14,False,passing,pff,Geno Smith,7820,QB,SEA,29,1,66.7,33,36,12.4,3.1,1,2,5.4,58.3,21,0,14,4.5,42,1,-0.03,14,79.5,55.3,54.2,63.6,0,2,43,0,42.9,21.4,85.9,7.1,3,3,0,2,3,5,11.6,264,7.3
2022,14,False,passing,pff,Baker Mayfield,46518,QB,LA,26,1,66.7,33,35,8.8,2.9,1,2,5.3,62.9,22,0,11,0.0,41,0,0.01,12,80.0,61.9,63.9,50.7,0,0,44,0,41.5,36.4,91.4,9.8,4,2,1,0,1,0,0.0,230,6.6
2022,14,False,passing,pff,Mac Jones,60323,QB,NE,19,1,87.1,31,35,5.3,2.42,1,2,5.4,68.6,24,0,6,11.1,37,3,-0.02,13,79.5,83.3,85.8,56.1,0,1,39,1,37.8,16.7,75.3,2.7,1,1,0,3,0,0,0.0,235,6.7
2022,14,False,passing,pff,Joe Burrow,28022,QB,CIN,7,1,63.3,30,33,8.2,2.49,2,2,5.4,54.5,18,0,14,5.3,37,1,-0.02,13,80.2,74.3,70.2,73.8,0,1,43,0,43.2,7.1,85.3,2.7,1,2,0,1,2,0,0.0,239,7.2
2022,14,False,passing,pff,Jalen Hurts,40291,QB,PHI,24,1,74.2,31,31,9.6,2.57,0,3,9.1,67.7,21,0,11,8.7,36,2,0.25,11,80.0,82.2,75.2,80.1,0,0,38,0,36.1,36.4,109.2,11.1,4,1,0,0,2,0,0.0,217,7.0
2022,14,False,passing,pff,Mitch Trubisky,11757,QB,PIT,25,1,76.7,30,30,11.0,2.91,0,3,9.4,73.3,22,0,9,4.3,31,1,0.23,16,77.9,67.7,66.8,,0,3,33,0,58.1,11.1,73.1,3.2,1,0,0,0,1,3,9.1,276,9.2
2022,14,False,passing,pff,Tua Tagovailoa,60326,QB,MIA,17,1,45.8,24,28,12.8,2.76,0,1,3.3,35.7,10,0,11,9.1,33,1,-0.18,8,78.3,49.7,45.0,74.8,0,0,35,1,33.3,18.2,65.3,6.1,2,3,0,4,1,1,2.9,145,5.2
2022,14,False,passing,pff,Josh Allen,46601,QB,BUF,4,1,76.9,26,27,8.1,2.76,0,0,0.0,59.3,16,0,10,20.0,33,4,-0.11,8,80.0,63.3,57.6,70.6,0,0,37,0,42.4,30.0,86.5,9.1,3,3,0,1,1,0,0.0,147,5.4
2022,14,False,passing,pff,Daniel Jones,39395,QB,NYG,21,1,76.9,26,27,5.9,2.78,0,1,3.6,66.7,18,0,18,10.0,33,2,-0.18,10,78.6,78.0,73.2,73.2,1,0,34,0,42.4,22.2,96.1,12.1,4,2,0,0,1,1,2.9,169,6.3
2022,14,False,passing,pff,Sam Darnold,29048,QB,CAR,5,1,70.0,20,24,5.0,3.46,0,1,4.2,58.3,14,0,13,0.0,29,0,0.04,9,77.7,60.4,58.4,61.9,0,0,29,0,44.8,15.4,85.4,6.9,2,2,0,4,1,0,0.0,120,5.0
2022,14,False,passing,pff,Brock Purdy,77672,QB,SF,28,1,84.2,19,21,5.9,2.71,1,1,4.3,76.2,16,0,9,0.0,22,0,0.48,9,76.9,69.1,65.4,68.0,0,0,26,0,54.5,0.0,134.0,0.0,0,1,0,1,2,1,3.8,185,8.8
2022,14,False,passing,pff,Davis Mills,52269,QB,HST,13,1,84.2,19,21,9.9,2.53,0,2,9.1,76.2,16,0,8,0.0,22,0,0.15,9,75.9,86.4,86.1,58.3,0,1,23,0,40.9,0.0,80.5,0.0,0,1,1,1,0,0,0.0,175,8.3
2022,14,False,passing,pff,Derek Carr,8671,QB,LV,23,1,68.4,19,20,10.2,3.39,0,2,9.5,55.0,11,0,10,15.4,23,2,-0.28,6,76.4,63.6,66.3,53.9,0,2,24,0,34.8,0.0,36.9,0.0,0,3,0,1,0,2,8.3,137,6.9
2022,14,False,passing,pff,Tyler Huntley,46448,QB,BLT,3,1,80.0,10,12,7.7,3.52,1,0,0.0,66.7,8,0,9,0.0,17,0,0.06,4,75.8,57.4,57.8,57.4,0,0,17,0,41.2,11.1,88.2,5.9,1,4,0,1,0,1,5.9,88,7.3
2022,14,False,passing,pff,Brett Rypien,46487,QB,DEN,10,1,57.1,7,8,13.4,2.94,0,0,0.0,50.0,4,0,3,0.0,8,0,-0.16,1,18.3,44.9,55.7,60.0,1,1,8,0,12.5,0.0,56.3,0.0,0,0,0,0,1,0,0.0,16,2.0
2022,14,False,passing,pff,Jeff Driskel,10841,QB,HST,13,1,80.0,5,6,5.2,2.67,1,0,0.0,66.7,4,0,3,0.0,7,0,0.29,2,74.2,69.0,56.1,72.7,0,0,7,0,57.1,0.0,123.6,0.0,0,1,0,0,1,0,0.0,38,6.3
2022,14,False,passing,pff,Anthony Brown,40316,QB,BLT,3,1,60.0,5,5,10.4,2.22,0,0,0.0,60.0,3,0,2,0.0,6,0,-0.19,1,71.6,52.1,49.9,60.5,0,0,6,0,33.3,50.0,65.4,16.7,1,0,0,0,0,0,0.0,16,3.2
2022,14,False,passing,pff,Tyrod Taylor,6332,QB,NYG,21,1,100.0,5,5,5.2,3.28,0,0,0.0,100.0,5,0,5,0.0,10,0,0.02,4,19.2,68.0,54.9,77.2,0,0,11,0,50.0,60.0,145.4,30.0,3,2,0,0,1,1,9.1,47,9.4
2022,14,False,passing,pff,Joe Flacco,4332,QB,NYJ,22,1,33.3,3,3,10.0,2.55,0,0,0.0,33.3,1,0,1,0.0,4,0,-2.01,0,14.2,24.7,25.7,,0,0,4,0,0.0,100.0,42.4,25.0,1,0,0,0,0,1,25.0,1,0.3
2022,14,False,passing,pff,Josh Johnson,4474,QB,SF,28,1,100.0,1,2,6.0,1.45,1,0,0.0,50.0,1,0,0,0.0,2,0,-0.7,1,67.8,52.4,56.7,56.3,0,0,2,0,50.0,,64.6,0.0,0,0,0,0,0,0,0.0,10,5.0
2022,14,False,passing,pff,Jacoby Brissett,10725,QB,CLV,8,1,0.0,1,1,30.0,2.8,0,0,0.0,0.0,0,0,0,,1,0,-4.5,0,60.4,52.3,53.1,,0,0,1,0,0.0,,39.6,0.0,0,0,0,0,0,0,0.0,0,0.0
2022,14,False,passing,pff,Kyler Murray,38334,QB,ARZ,1,1,100.0,1,1,2.0,4.55,0,0,0.0,100.0,1,0,1,0.0,2,0,0.33,0,63.6,57.5,60.1,58.3,0,0,2,0,50.0,0.0,104.2,0.0,0,1,0,0,0,0,0.0,9,9.0
2022,14,False,passing,pff,Kenny Pickett,60515,QB,PIT,25,1,,0,1,,5.08,1,0,0.0,0.0,0,0,3,,4,0,-0.67,1,66.9,61.3,56.0,64.1,0,0,4,0,25.0,33.3,39.6,25.0,1,2,0,0,0,0,0.0,0,0.0
2022,15,False,passing,pff,Kirk Cousins,7102,QB,MIN,18,1,66.7,51,54,9.0,2.7,2,1,1.7,63.0,34,0,17,0.0,62,0,0.03,22,82.4,60.8,61.5,53.8,0,2,67,0,46.8,41.2,99.3,11.3,7,1,0,1,4,1,1.5,460,8.5
2022,15,False,passing,pff,Geno Smith,7820,QB,SEA,29,1,84.2,38,44,4.4,2.51,1,2,4.3,70.5,31,0,17,3.1,48,1,-0.29,13,80.4,65.8,63.1,65.9,1,0,51,1,43.8,17.6,90.9,6.3,3,1,0,4,1,1,2.0,238,5.4
2022,15,False,passing,pff,Tom Brady,698,QB,TB,30,1,78.0,41,44,7.5,2.54,0,0,0.0,68.2,30,0,9,6.3,46,2,0.09,19,22.7,50.3,56.9,29.5,0,2,48,0,58.7,11.1,93.1,2.2,1,1,0,3,3,4,8.3,321,7.3
2022,15,False,passing,pff,Justin Herbert,28237,QB,LAC,27,1,78.9,38,42,8.2,2.54,0,3,7.0,66.7,28,0,15,6.7,45,2,-0.19,13,80.2,73.5,73.5,62.6,0,2,47,1,48.9,20.0,68.8,6.7,3,0,2,2,0,1,2.1,313,7.5
2022,15,False,passing,pff,Trevor Lawrence,77632,QB,JAX,15,1,72.5,40,42,10.0,2.62,0,4,9.5,64.3,27,0,20,6.9,45,2,0.06,13,29.5,79.9,79.0,60.1,0,1,45,0,48.9,5.0,109.0,2.2,1,2,0,2,4,2,4.4,318,7.6
2022,15,False,passing,pff,Patrick Mahomes,11765,QB,KC,16,1,92.5,40,41,5.3,2.94,1,2,4.8,87.8,36,0,16,2.7,46,1,0.3,23,31.5,88.6,90.5,51.9,0,0,47,0,65.2,12.5,117.1,4.3,2,3,0,0,2,0,0.0,336,8.2
2022,15,False,passing,pff,Josh Allen,46601,QB,BUF,4,1,75.7,37,40,11.8,2.78,1,5,11.1,62.5,25,0,17,10.7,46,3,0.25,16,24.6,81.1,78.6,69.7,0,0,51,0,56.5,11.8,119.2,4.3,2,3,0,2,4,2,3.9,304,7.6
2022,15,False,passing,pff,Joe Burrow,28022,QB,CIN,7,1,76.3,38,39,6.1,2.17,0,2,4.9,69.2,27,0,10,6.9,42,2,0.05,15,29.7,75.0,71.7,69.4,0,1,45,0,52.4,20.0,104.6,4.8,2,1,1,0,4,3,6.7,200,5.1
2022,15,False,passing,pff,Derek Carr,8671,QB,LV,23,1,65.6,32,38,13.8,3.31,0,0,0.0,52.6,20,0,15,4.8,41,1,-0.13,10,29.0,47.6,50.9,,0,1,44,2,34.1,20.0,86.6,7.3,3,0,0,6,3,2,4.5,231,6.1
2022,15,False,passing,pff,Jared Goff,10635,QB,DET,11,1,78.8,33,38,5.0,2.8,0,0,0.0,60.5,23,0,11,11.5,38,3,0.19,14,78.7,51.8,51.3,,2,0,38,0,47.4,0.0,88.9,0.0,0,0,0,3,1,1,2.6,252,6.6
2022,15,False,passing,pff,Jalen Hurts,40291,QB,PHI,24,1,67.6,34,37,12.8,2.72,2,4,10.5,59.5,22,0,6,4.3,43,1,-0.03,12,82.0,72.4,72.3,63.4,0,2,44,0,39.5,16.7,64.6,2.3,1,4,0,1,0,1,2.3,315,8.5
2022,15,False,passing,pff,Zach Wilson,82096,QB,NYJ,22,1,54.5,33,35,15.0,2.94,0,5,13.9,51.4,18,0,19,0.0,40,0,-0.03,14,79.6,58.9,59.2,57.0,1,1,41,1,40.0,21.1,89.8,10.0,4,1,0,1,2,2,4.9,317,9.1
2022,15,False,passing,pff,Matt Ryan,4317,QB,IND,14,1,72.4,29,33,8.3,2.49,0,0,0.0,57.6,19,0,15,9.5,37,2,-0.15,11,28.2,65.7,66.4,53.8,1,0,37,0,35.1,20.0,83.1,8.1,3,1,0,3,1,1,2.7,182,5.5
2022,15,False,passing,pff,Daniel Jones,39395,QB,NYG,21,1,75.9,29,32,3.9,2.55,1,0,0.0,65.6,21,0,13,4.5,34,1,0.05,8,80.0,75.8,69.0,76.9,0,0,35,0,44.1,0.0,77.6,0.0,0,2,0,2,0,0,0.0,160,5.0
2022,15,False,passing,pff,Mac Jones,60323,QB,NE,19,1,53.6,28,31,10.0,2.57,1,2,6.1,41.9,13,0,7,13.3,33,2,-0.28,7,78.7,65.6,67.5,58.0,1,0,35,1,27.3,0.0,52.1,0.0,0,2,0,1,0,0,0.0,112,3.6
2022,15,False,passing,pff,Tyler Huntley,46448,QB,BLT,3,1,60.7,28,30,6.3,2.69,0,0,0.0,56.7,17,0,9,0.0,35,0,-0.46,7,79.2,51.2,51.1,56.9,0,1,37,1,34.3,33.3,54.6,8.6,3,2,0,2,0,1,2.7,138,4.6
2022,15,False,passing,pff,Aaron Rodgers,2241,QB,GB,12,1,85.2,27,30,4.8,2.94,0,0,0.0,73.3,22,0,9,4.3,33,1,0.16,15,79.1,67.7,66.4,60.5,0,1,36,0,54.5,33.3,92.2,9.1,3,0,0,3,1,2,5.6,229,7.6
2022,15,False,passing,pff,Tua Tagovailoa,60326,QB,MIA,17,1,67.9,28,30,9.1,2.4,1,1,3.1,56.7,17,0,10,10.5,33,2,-0.01,9,27.1,49.7,46.9,65.9,0,0,35,0,39.4,20.0,104.0,6.1,2,1,0,1,2,2,5.7,234,7.8
2022,15,False,passing,pff,Dak Prescott,10769,QB,DAL,9,1,80.0,30,30,8.5,3.03,0,1,3.2,76.7,23,0,14,4.2,34,1,0.07,14,79.2,74.0,72.8,63.1,0,2,35,1,58.8,21.4,107.1,8.8,3,1,0,0,3,1,2.9,256,8.5
2022,15,False,passing,pff,Taylor Heinicke,9896,QB,WAS,32,1,69.2,26,29,13.2,2.96,0,2,6.5,58.6,17,0,12,5.6,34,1,-0.24,11,27.5,58.4,58.1,65.1,1,0,36,1,44.1,25.0,98.2,8.8,3,2,0,2,1,2,5.6,249,8.6
2022,15,False,passing,pff,Deshaun Watson,11767,QB,CLV,8,1,76.0,25,28,4.6,2.86,0,0,0.0,64.3,18,0,10,5.3,33,1,-0.08,11,79.2,67.5,66.0,63.0,1,0,34,0,45.5,30.0,91.5,9.1,3,1,0,2,1,0,0.0,161,5.8
2022,15,False,passing,pff,Desmond Ridder,55086,QB,ATL,2,1,56.0,25,26,9.4,3.33,0,0,0.0,50.0,13,0,11,7.1,36,1,-0.41,8,79.3,43.4,43.1,55.9,1,0,40,0,33.3,36.4,59.3,11.1,4,5,0,0,0,2,5.0,97,3.7
2022,15,False,passing,pff,Brett Rypien,46487,QB,DEN,10,1,88.0,25,26,4.9,2.46,1,1,3.8,80.8,21,0,12,4.5,33,1,-0.23,10,78.2,60.4,59.2,60.0,0,1,33,0,57.6,58.3,95.0,21.2,7,0,0,0,1,1,3.0,197,7.6
2022,15,False,passing,pff,Brock Purdy,77672,QB,SF,28,1,75.0,24,26,6.5,2.9,1,0,0.0,65.4,17,0,7,5.6,28,1,0.24,9,78.3,70.3,69.0,62.0,0,0,31,0,42.9,14.3,117.0,3.6,1,1,0,1,2,1,3.2,217,8.3
2022,15,False,passing,pff,Davis Mills,52269,QB,HST,13,1,54.5,22,24,11.2,2.92,1,2,7.4,50.0,12,0,11,0.0,27,0,0.1,8,26.9,46.2,51.3,42.8,0,0,31,0,33.3,0.0,92.5,0.0,0,3,0,1,2,2,6.5,121,5.0
2022,15,False,passing,pff,Sam Darnold,29048,QB,CAR,5,1,73.7,19,23,11.3,3.04,0,2,8.0,60.9,14,0,12,0.0,28,0,0.16,10,26.5,71.4,72.4,54.8,0,0,31,0,42.9,33.3,108.1,14.3,4,1,1,3,1,1,3.2,225,9.8
2022,15,False,passing,pff,Mitch Trubisky,11757,QB,PIT,25,1,89.5,19,22,7.0,2.4,1,1,4.5,77.3,17,0,5,0.0,23,0,0.41,9,77.7,82.5,76.7,75.8,0,0,23,0,56.5,20.0,100.4,4.3,1,0,0,2,0,1,4.3,179,8.1
2022,15,False,passing,pff,Ryan Tannehill,7014,QB,TEN,31,1,72.7,22,22,6.7,2.74,0,0,0.0,68.2,15,0,8,6.3,27,1,-0.31,7,77.3,56.7,54.8,62.5,0,1,27,0,33.3,50.0,71.2,14.8,4,1,0,0,0,1,3.7,165,7.5
2022,15,False,passing,pff,Baker Mayfield,46518,QB,LA,26,1,65.0,20,21,5.0,3.38,0,0,0.0,57.1,12,0,11,7.7,27,1,-0.15,6,25.5,41.7,42.4,57.9,0,1,28,0,29.6,45.5,67.8,18.5,5,1,0,1,1,2,7.1,111,5.3
2022,15,False,passing,pff,Colt McCoy,5609,QB,ARZ,1,1,70.0,20,21,6.5,2.75,1,0,0.0,61.9,13,0,8,7.1,24,1,-0.47,4,76.6,36.5,36.9,57.8,0,1,25,0,29.2,25.0,49.3,8.3,2,1,0,0,0,2,8.0,78,3.7
2022,15,False,passing,pff,Justin Fields,82118,QB,CHI,6,1,73.7,19,21,7.1,3.26,0,0,0.0,66.7,14,0,12,0.0,32,0,-0.04,11,29.3,58.4,49.6,69.2,1,0,33,0,50.0,50.0,119.5,18.8,6,5,0,1,2,1,3.0,152,7.2
2022,15,False,passing,pff,Andy Dalton,6187,QB,NO,20,1,64.7,17,17,9.4,2.81,0,1,5.9,64.7,11,0,4,0.0,19,0,0.49,8,75.6,71.1,71.6,64.7,0,0,19,1,57.9,50.0,132.2,10.5,2,0,0,0,2,0,0.0,151,8.9
2022,15,False,passing,pff,Trace McSorley,32819,QB,ARZ,1,1,61.5,13,15,9.1,2.63,1,1,5.6,46.7,7,0,6,12.5,16,1,-0.53,4,75.5,38.4,38.1,58.9,0,2,20,1,37.5,16.7,27.8,6.3,1,0,0,1,0,3,15.0,95,6.3
2022,15,False,passing,pff,Jeff Driskel,10841,QB,HST,13,1,100.0,2,4,-2.0,2.18,2,0,0.0,50.0,2,0,1,0.0,5,0,-0.51,1,71.8,51.8,48.8,59.4,0,0,5,0,20.0,100.0,56.3,20.0,1,0,0,0,0,0,0.0,8,2.0
2022,15,False,passing,pff,Malik Willis,60341,QB,TEN,31,1,100.0,3,4,6.0,3.06,1,0,0.0,75.0,3,1,2,0.0,5,0,0.24,2,69.6,69.4,66.4,64.2,0,0,7,1,60.0,0.0,85.4,0.0,0,1,0,0,0,0,0.0,20,5.0
2022,15,False,passing,pff,Taysom Hill,12112,TE,NO,20,1,100.0,2,2,23.0,3.0,0,1,50.0,100.0,2,0,0,0.0,2,0,2.97,2,19.9,55.3,80.2,46.8,0,0,2,0,100.0,,158.3,0.0,0,0,0,0,1,0,0.0,80,40.0
2022,15,False,passing,pff,Nathan Peterman,11926,QB,CHI,6,1,0.0,1,1,12.0,2.9,0,0,0.0,0.0,0,0,0,,1,0,-0.73,0,60.4,60.1,60.0,,0,0,1,0,0.0,,39.6,0.0,0,0,0,0,0,0,0.0,0,0.0
2022,15,False,passing,pff,Phillip Dorsett,9462,WR,HST,13,1,,0,1,,5.3,0,0,0.0,0.0,0,0,1,,1,0,-0.71,0,60.4,47.5,60.0,,0,0,1,0,0.0,0.0,39.6,0.0,0,0,0,1,0,0,0.0,0,0.0
2022,15,False,passing,pff,Ryan Wright,77591,P,MIN,18,1,0.0,1,1,8.0,2.2,0,0,0.0,0.0,0,0,0,,1,0,-2.96,0,60.4,47.8,51.7,,0,0,1,0,0.0,,39.6,0.0,0,0,0,0,0,0,0.0,0,0.0
2022,16,False,passing,pff,Joe Burrow,28022,QB,CIN,7,1,87.8,49,52,7.1,2.29,0,6,11.1,76.9,40,0,12,7.0,55,3,0.11,19,81.8,91.6,91.2,67.3,0,2,58,2,61.8,16.7,99.4,3.6,2,1,0,3,3,1,1.7,375,7.2
2022,16,False,passing,pff,Kirk Cousins,7102,QB,MIN,18,1,79.5,44,48,6.7,2.53,2,2,4.1,70.8,34,0,18,2.9,52,1,-0.01,16,80.9,69.4,67.2,62.6,0,0,53,0,48.1,22.2,107.9,7.7,4,0,1,1,3,1,1.9,299,6.2
2022,16,False,passing,pff,Tom Brady,698,QB,TB,30,1,70.2,47,48,5.2,1.88,0,2,3.9,66.7,32,0,5,3.0,48,1,0.0,15,80.9,60.1,58.1,64.7,1,2,51,0,54.2,0.0,71.6,0.0,0,0,0,0,1,2,3.9,281,5.9
2022,16,False,passing,pff,Trace McSorley,32819,QB,ARZ,1,1,65.0,40,45,8.0,2.41,0,1,2.2,53.3,24,0,11,7.7,48,2,-0.37,7,35.1,45.9,48.3,48.9,0,1,49,0,22.9,9.1,57.4,2.1,1,2,1,4,0,2,4.1,217,4.8
2022,16,False,passing,pff,Jared Goff,10635,QB,DET,11,1,76.5,34,42,9.4,2.81,4,2,4.4,59.5,25,0,14,3.8,46,1,0.29,16,31.5,78.6,83.2,39.3,0,0,50,0,43.5,14.3,110.7,4.3,2,2,0,4,3,0,0.0,355,8.5
2022,16,False,passing,pff,Daniel Jones,39395,QB,NYG,21,1,86.8,38,42,6.5,2.85,2,2,4.4,71.4,30,0,19,9.1,49,3,-0.03,17,32.0,85.3,79.4,80.9,1,1,52,0,51.0,15.8,92.9,6.1,3,4,0,1,1,2,3.8,335,8.0
2022,16,False,passing,pff,Geno Smith,7820,QB,SEA,29,1,77.1,35,40,7.9,2.75,2,2,4.8,62.5,25,0,14,7.4,44,2,-0.29,9,80.2,73.4,70.9,66.9,0,1,47,0,34.1,14.3,74.5,4.5,2,2,0,3,1,2,4.3,215,5.4
2022,16,False,passing,pff,Gardner Minshew,41401,QB,PHI,24,1,72.7,33,40,11.6,2.76,1,0,0.0,60.0,24,0,20,0.0,42,0,0.26,19,79.7,74.2,74.7,55.2,0,2,44,0,54.8,0.0,84.9,0.0,0,2,1,5,2,1,2.3,355,8.9
2022,16,False,passing,pff,Kenny Pickett,60515,QB,PIT,25,1,82.9,35,39,5.3,3.21,1,1,2.5,66.7,26,0,11,10.3,40,3,0.02,13,79.6,76.2,73.1,68.7,0,1,41,0,55.0,0.0,81.6,0.0,0,1,0,3,1,2,4.9,244,6.3
2022,16,False,passing,pff,Aaron Rodgers,2241,QB,GB,12,1,74.3,35,38,9.2,2.6,2,2,5.3,63.2,24,0,10,7.7,42,2,0.05,12,80.4,76.5,74.3,67.0,0,1,43,0,42.9,20.0,78.6,4.8,2,2,0,1,1,2,4.7,238,6.3
2022,16,False,passing,pff,Dak Prescott,10769,QB,DAL,9,1,82.9,35,35,8.2,2.93,0,3,8.3,77.1,27,0,17,6.9,44,2,0.17,20,80.2,77.6,74.3,70.1,0,1,45,1,56.8,35.3,124.3,13.6,6,3,0,0,3,2,4.4,347,9.9
2022,16,False,passing,pff,Mac Jones,60323,QB,NE,19,1,74.2,31,33,12.6,2.94,0,4,11.1,63.6,21,0,16,8.7,37,2,-0.11,9,79.3,73.1,75.7,60.0,0,0,40,3,32.4,25.0,105.6,10.8,4,0,1,1,2,0,0.0,240,7.3
2022,16,False,passing,pff,Desmond Ridder,55086,QB,ATL,2,1,71.0,31,33,6.3,2.7,0,1,2.9,66.7,22,0,10,0.0,37,0,-0.14,11,28.9,45.4,52.5,32.7,1,0,39,1,40.5,20.0,85.2,5.4,2,2,0,1,0,0,0.0,218,6.6
2022,16,False,passing,pff,Justin Herbert,28237,QB,LAC,27,1,82.8,29,31,7.7,3.23,0,0,0.0,77.4,24,0,10,0.0,36,0,-0.12,10,28.7,63.7,64.4,54.7,1,1,37,0,41.7,40.0,84.7,11.1,4,1,0,1,0,2,5.4,235,7.6
2022,16,False,passing,pff,Trevor Lawrence,77632,QB,JAX,15,1,79.3,29,31,4.5,2.63,0,1,3.1,64.5,20,0,14,13.0,36,3,0.16,14,28.5,68.6,55.2,89.7,0,0,37,0,52.8,7.1,86.6,2.8,1,4,0,2,0,1,2.7,229,7.4
2022,16,False,passing,pff,Deshaun Watson,11767,QB,CLV,8,1,73.1,26,31,9.7,3.4,0,1,2.9,48.4,15,0,9,21.1,33,4,-0.51,7,79.1,68.7,67.3,62.2,0,1,36,0,30.3,22.2,47.1,6.1,2,0,0,5,0,1,2.8,135,4.4
2022,16,False,passing,pff,Derek Carr,8671,QB,LV,23,1,57.1,28,30,9.6,2.84,2,0,0.0,53.3,16,0,16,0.0,35,0,-0.24,9,78.5,58.3,54.3,70.9,0,3,35,0,37.1,18.8,42.2,8.6,3,2,0,0,1,1,2.9,174,5.8
2022,16,False,passing,pff,Nick Foles,7089,QB,IND,14,1,64.3,28,29,8.6,2.87,0,0,0.0,58.6,17,0,14,5.6,36,1,-0.75,6,78.8,42.9,44.1,58.2,0,3,37,0,30.6,50.0,31.9,19.4,7,0,0,1,0,4,10.8,143,4.9
2022,16,False,passing,pff,Baker Mayfield,46518,QB,LA,26,1,92.6,27,28,4.1,2.67,0,1,3.4,85.7,24,0,3,4.0,29,1,0.54,13,26.3,70.1,77.7,35.6,0,0,30,0,69.0,0.0,124.7,0.0,0,1,0,1,2,0,0.0,230,8.2
2022,16,False,passing,pff,Patrick Mahomes,11765,QB,KC,16,1,69.2,26,28,6.8,3.18,0,2,6.7,57.1,16,0,7,11.1,31,2,-0.02,10,26.7,70.9,69.5,62.1,0,0,33,0,54.8,14.3,106.8,3.2,1,2,0,2,2,1,3.0,224,8.0
2022,16,False,passing,pff,Davis Mills,52269,QB,HST,13,1,73.9,23,28,11.6,3.08,2,2,6.5,60.7,17,0,12,0.0,31,0,0.05,8,17.8,39.0,54.0,26.7,1,1,34,0,48.4,8.3,76.2,3.2,1,2,0,2,1,2,5.9,178,6.4
2022,16,False,passing,pff,Russell Wilson,7077,QB,DEN,10,1,70.8,24,27,12.7,3.32,1,1,3.4,55.6,15,0,17,11.8,34,2,-0.19,9,78.7,54.8,50.4,74.5,1,3,36,0,41.2,35.3,54.2,17.6,6,1,0,1,1,3,8.3,214,7.9
2022,16,False,passing,pff,Josh Allen,46601,QB,BUF,4,1,60.0,25,26,11.5,3.33,0,2,6.9,57.7,15,0,10,0.0,31,0,0.1,13,28.0,58.6,53.4,69.2,0,2,36,0,54.8,10.0,71.3,3.2,1,4,0,1,2,3,8.3,172,6.6
2022,16,False,passing,pff,Tua Tagovailoa,60326,QB,MIA,17,1,69.6,23,25,11.0,2.77,1,1,3.8,64.0,16,0,8,0.0,27,0,-0.03,10,20.8,54.8,57.9,49.4,0,3,29,0,44.4,25.0,80.8,7.4,2,0,0,1,1,4,13.8,310,12.4
2022,16,False,passing,pff,Justin Fields,82118,QB,CHI,6,1,90.0,20,23,5.6,3.09,2,1,4.0,65.2,15,0,12,16.7,28,3,-0.48,4,78.1,73.0,82.0,44.8,0,0,30,0,32.1,16.7,92.5,7.1,2,3,0,1,1,0,0.0,119,5.2
2022,16,False,passing,pff,Malik Willis,60341,QB,TEN,31,1,75.0,20,23,7.1,3.56,0,0,0.0,60.9,14,0,14,6.7,28,1,-0.47,5,27.9,61.4,39.6,92.5,1,2,29,0,35.7,28.6,34.5,14.3,4,1,0,2,0,2,6.9,99,4.3
2022,16,False,passing,pff,Sam Darnold,29048,QB,CAR,5,1,80.0,20,22,6.0,2.17,0,2,8.0,68.2,15,0,5,6.3,23,1,0.48,11,78.2,74.4,72.8,70.1,0,0,26,2,56.5,0.0,121.4,0.0,0,0,0,2,1,0,0.0,250,11.4
2022,16,False,passing,pff,Brock Purdy,77672,QB,SF,28,1,89.5,19,22,8.8,2.68,2,1,4.3,68.2,15,0,9,11.8,26,2,0.17,8,76.8,79.7,79.9,57.9,0,1,27,0,46.2,33.3,114.6,11.5,3,1,0,1,2,0,0.0,234,10.6
2022,16,False,passing,pff,Taylor Heinicke,9896,QB,WAS,32,1,82.4,17,18,12.8,2.91,0,2,10.5,72.2,13,0,12,7.1,20,1,0.21,10,24.8,56.4,57.2,54.7,0,1,22,0,50.0,16.7,114.6,10.0,2,0,0,1,2,3,13.6,166,9.2
2022,16,False,passing,pff,Zach Wilson,82096,QB,NYJ,22,1,60.0,15,18,12.3,3.09,1,0,0.0,50.0,9,0,11,0.0,21,0,-0.47,3,75.7,30.2,32.6,56.3,0,1,21,0,23.8,27.3,41.9,14.3,3,0,0,2,0,2,9.5,92,5.1
2022,16,False,passing,pff,Tyler Huntley,46448,QB,BLT,3,1,66.7,15,17,12.4,3.3,0,2,11.8,52.9,9,0,4,10.0,18,1,-0.18,5,26.8,63.1,71.5,49.2,0,0,18,0,33.3,0.0,94.0,0.0,0,1,0,2,1,1,5.6,115,6.8
2022,16,False,passing,pff,Carson Wentz,10636,QB,WAS,32,1,81.3,16,16,5.0,2.07,0,1,6.3,75.0,12,0,7,7.7,16,1,0.63,8,74.2,61.6,61.2,,0,0,17,0,56.3,0.0,117.4,0.0,0,0,0,0,1,1,5.9,123,7.7
2022,16,False,passing,pff,Andy Dalton,6187,QB,NO,20,1,78.6,14,15,7.7,2.57,1,1,6.7,53.3,8,0,4,27.3,15,3,-0.32,5,14.7,67.1,65.9,60.0,0,1,15,1,40.0,0.0,44.3,0.0,0,0,0,0,0,2,13.3,92,6.1
2022,16,False,passing,pff,Chris Streveler,46440,QB,NYJ,22,1,78.6,14,15,9.1,3.35,0,0,0.0,66.7,10,0,6,9.1,19,1,-0.33,5,25.2,41.0,41.9,52.0,1,0,20,0,36.8,0.0,82.6,0.0,0,4,0,0,0,2,10.0,90,6.0
2022,16,False,passing,pff,Brett Rypien,46487,QB,DEN,10,1,50.0,8,8,8.6,2.24,0,1,12.5,50.0,4,0,1,0.0,8,0,-1.03,3,70.3,48.0,48.2,,0,1,8,0,37.5,0.0,27.6,0.0,0,0,0,0,0,1,12.5,45,5.6
2022,16,False,passing,pff,Nathan Peterman,11926,QB,CHI,6,1,75.0,4,5,17.8,3.04,0,0,0.0,60.0,3,0,0,0.0,5,0,0.26,2,68.0,68.5,67.7,,0,1,5,0,40.0,,33.3,0.0,0,0,1,0,0,0,0.0,25,5.0
2022,16,False,passing,pff,Jeff Driskel,10841,QB,HST,13,1,100.0,3,4,6.0,3.05,0,0,0.0,75.0,3,0,1,0.0,4,0,0.7,2,70.2,59.7,67.5,51.6,0,0,4,0,75.0,0.0,106.3,0.0,0,0,0,1,0,0,0.0,40,10.0
2022,16,False,passing,pff,Andy Lee,1906,P,ARZ,1,1,100.0,1,1,0.0,2.0,0,0,0.0,100.0,1,0,0,0.0,1,0,2.88,1,60.4,60.8,60.3,,0,0,1,0,100.0,,83.3,0.0,0,0,0,0,0,0,0.0,4,4.0
2022,17,False,passing,pff,Mike White,46453,QB,NYJ,22,1,70.0,40,46,8.6,2.89,1,1,2.1,50.0,23,0,24,17.9,50,5,-0.35,14,32.5,34.2,35.2,,3,2,51,0,32.0,16.7,47.4,8.0,4,0,0,2,0,4,7.8,240,5.2
2022,17,False,passing,pff,Tom Brady,698,QB,TB,30,1,85.7,42,45,8.1,2.36,0,3,5.9,75.6,34,0,11,5.6,48,2,0.25,17,81.4,92.6,91.4,75.9,0,0,54,1,52.1,27.3,127.3,6.3,3,0,0,3,3,0,0.0,432,9.6
2022,17,False,passing,pff,Patrick Mahomes,11765,QB,KC,16,1,73.2,41,42,7.6,2.84,0,2,4.7,69.0,29,0,10,3.3,45,1,0.16,18,80.1,65.6,67.1,52.1,0,1,46,0,53.3,0.0,106.1,0.0,0,3,0,1,3,1,2.2,328,7.8
2022,17,False,passing,pff,Dak Prescott,10769,QB,DAL,9,1,82.1,39,41,7.3,2.5,1,2,4.4,70.7,29,0,10,9.4,44,3,0.17,17,32.0,67.7,73.3,32.8,0,2,49,0,52.3,10.0,85.6,2.3,1,2,0,1,2,1,2.0,282,6.9
2022,17,False,passing,pff,Davis Mills,52269,QB,HST,13,1,63.9,36,40,8.5,3.05,0,1,2.4,55.0,22,0,21,4.3,44,1,-0.49,10,79.9,60.6,55.1,78.9,1,0,46,0,31.8,4.8,69.0,2.3,1,3,0,3,0,1,2.2,202,5.1
2022,17,False,passing,pff,David Blough,46508,QB,ARZ,1,1,65.8,38,40,9.4,2.75,0,0,0.0,60.0,24,0,14,4.0,44,1,0.11,13,80.1,67.2,68.2,52.3,0,0,48,0,40.9,14.3,83.5,4.5,2,2,0,2,1,0,0.0,222,5.6
2022,17,False,passing,pff,Joshua Dobbs,11890,QB,TEN,31,1,68.8,32,39,9.3,3.03,2,1,2.6,51.3,20,0,19,9.1,42,2,-0.3,11,22.0,48.7,48.7,57.8,2,1,42,0,33.3,10.5,67.5,4.8,2,1,0,3,1,4,9.5,232,5.9
2022,17,False,passing,pff,Russell Wilson,7077,QB,DEN,10,1,84.8,33,38,4.7,2.91,3,1,2.4,68.4,26,0,15,7.1,43,2,-0.32,13,80.4,63.3,59.1,72.3,0,1,47,0,37.2,26.7,81.3,9.3,4,1,0,2,1,1,2.1,222,5.8
2022,17,False,passing,pff,Sam Darnold,29048,QB,CAR,5,1,76.7,30,37,10.1,2.97,1,3,7.3,62.2,23,0,13,0.0,42,0,0.24,16,31.0,55.7,59.5,46.7,0,1,46,1,50.0,15.4,108.1,4.8,2,2,2,4,3,2,4.3,341,9.2
2022,17,False,passing,pff,Brock Purdy,77672,QB,SF,28,1,78.1,32,35,8.4,2.71,1,1,2.6,62.9,22,0,9,12.0,35,3,0.31,15,79.2,74.4,73.1,60.0,0,1,38,0,54.3,0.0,95.4,0.0,0,0,0,2,2,2,5.3,284,8.1
2022,17,False,passing,pff,Jarrett Stidham,13725,QB,LV,23,1,77.4,31,34,11.9,2.95,0,1,2.7,67.6,23,0,18,4.2,38,1,0.22,17,29.5,75.2,80.9,45.8,1,2,41,0,55.3,0.0,108.1,0.0,0,4,0,2,3,0,0.0,365,10.7
2022,17,False,passing,pff,Mac Jones,60323,QB,NE,19,1,73.3,30,33,10.1,2.25,2,2,5.6,60.6,20,0,8,9.1,36,2,-0.12,9,79.5,66.0,66.0,57.3,0,0,39,0,30.6,37.5,98.5,8.3,3,0,0,1,2,1,2.6,204,6.2
2022,17,False,passing,pff,Gardner Minshew,41401,QB,PHI,24,1,56.3,32,32,9.0,2.74,0,0,0.0,56.3,18,0,13,0.0,38,0,-0.28,9,28.3,35.4,36.8,58.2,0,1,39,0,28.9,46.2,82.0,15.8,6,0,0,0,1,4,10.3,274,8.6
2022,17,False,passing,pff,Kirk Cousins,7102,QB,MIN,18,1,63.3,30,31,8.4,2.87,1,1,3.1,58.1,18,0,10,5.3,35,1,-0.42,12,27.4,63.4,60.3,75.6,0,3,36,2,45.7,20.0,49.2,5.7,2,2,0,0,1,2,5.6,205,6.6
2022,17,False,passing,pff,Geno Smith,7820,QB,SEA,29,1,67.9,28,29,9.8,2.69,0,2,6.7,62.1,18,0,12,5.3,35,1,-0.11,10,28.3,63.3,62.7,59.7,0,0,36,0,42.9,33.3,103.1,11.4,4,2,0,1,2,1,2.8,183,6.3
2022,17,False,passing,pff,Jared Goff,10635,QB,DET,11,1,78.6,28,29,6.8,2.61,1,1,3.3,72.4,21,0,6,4.5,30,1,0.12,14,77.8,80.9,78.0,62.6,0,0,31,0,46.7,16.7,133.5,3.3,1,0,0,0,3,1,3.2,255,8.8
2022,17,False,passing,pff,Carson Wentz,10636,QB,WAS,32,1,64.3,28,28,8.1,2.57,0,0,0.0,57.1,16,0,9,11.1,32,2,-0.31,9,78.4,48.3,47.7,57.4,0,3,33,0,37.5,33.3,31.4,9.4,3,1,0,0,0,3,9.1,143,5.1
2022,17,False,passing,pff,Justin Herbert,28237,QB,LAC,27,1,80.8,26,28,8.8,2.39,0,1,3.6,75.0,21,0,9,0.0,29,0,0.44,11,77.4,72.1,72.3,58.2,1,0,29,0,62.1,0.0,119.9,0.0,0,0,0,1,2,0,0.0,212,7.6
2022,17,False,passing,pff,Kenny Pickett,60515,QB,PIT,25,1,64.0,25,27,9.8,3.19,2,4,14.8,55.6,15,0,13,6.3,29,1,0.05,9,78.5,92.4,90.9,75.2,0,0,29,0,44.8,15.4,86.7,6.9,2,0,0,0,1,0,0.0,168,6.2
2022,17,False,passing,pff,Desmond Ridder,55086,QB,ATL,2,1,79.2,24,26,5.6,2.89,1,0,0.0,73.1,19,0,9,0.0,29,0,0.07,10,26.9,67.2,72.7,42.4,0,0,30,0,58.6,11.1,90.1,3.4,1,2,0,1,0,0,0.0,169,6.5
2022,17,False,passing,pff,Aaron Rodgers,2241,QB,GB,12,1,76.2,21,24,11.8,2.63,1,1,4.0,62.5,15,0,6,6.3,26,1,0.02,10,76.8,71.6,69.2,62.6,0,0,27,1,53.8,16.7,95.7,3.8,1,1,1,1,1,0,0.0,159,6.6
2022,17,False,passing,pff,Daniel Jones,39395,QB,NYG,21,1,87.0,23,24,5.3,2.92,0,0,0.0,79.2,19,0,7,5.0,29,1,0.32,13,78.8,81.9,67.7,87.0,0,0,30,0,65.5,0.0,125.2,0.0,0,5,0,1,2,1,3.3,177,7.4
2022,17,False,passing,pff,Andy Dalton,6187,QB,NO,20,1,90.5,21,22,6.3,2.61,0,1,4.3,81.8,18,0,12,5.3,28,1,-0.27,9,77.9,65.9,66.1,57.9,0,1,30,0,39.3,50.0,86.6,21.4,6,0,0,1,0,1,3.3,205,9.3
2022,17,False,passing,pff,Skylar Thompson,60417,QB,MIA,17,1,65.0,20,21,6.0,3.54,0,0,0.0,57.1,12,0,12,7.7,23,1,-0.17,6,76.3,55.7,57.1,62.9,1,1,25,1,30.4,8.3,66.4,4.3,1,1,0,0,1,1,4.0,104,5.0
2022,17,False,passing,pff,Justin Fields,82118,QB,CHI,6,1,43.8,16,21,10.2,4.16,0,0,0.0,33.3,7,0,17,0.0,32,0,-0.61,4,28.7,45.8,31.7,77.7,2,1,34,0,31.3,41.2,40.8,21.9,7,4,0,3,1,2,5.9,75,3.6
2022,17,False,passing,pff,Tyler Huntley,46448,QB,BLT,3,1,70.0,20,21,8.1,2.78,0,0,0.0,66.7,14,0,9,0.0,25,0,0.08,9,77.9,62.0,58.9,64.8,0,1,27,0,48.0,11.1,79.5,4.0,1,3,1,0,1,1,3.7,130,6.2
2022,17,False,passing,pff,Trevor Lawrence,77632,QB,JAX,15,1,85.0,20,21,5.4,2.33,0,0,0.0,81.0,17,0,5,0.0,22,0,0.08,8,76.6,62.9,61.5,62.0,0,1,25,0,45.5,20.0,77.0,4.5,1,0,0,1,0,0,0.0,152,7.2
2022,17,False,passing,pff,Baker Mayfield,46518,QB,LA,26,1,61.1,18,19,11.4,3.37,0,1,5.0,57.9,11,0,9,0.0,24,0,-0.33,7,76.4,53.8,51.7,62.4,0,0,25,1,33.3,33.3,79.3,12.5,3,2,0,1,0,1,4.0,132,6.9
2022,17,False,passing,pff,Teddy Bridgewater,8667,QB,MIA,17,1,66.7,18,19,10.7,3.06,0,0,0.0,63.2,12,0,7,0.0,22,0,0.04,9,75.6,66.8,71.5,55.7,1,1,22,1,59.1,14.3,85.6,4.5,1,1,0,0,1,1,4.5,161,8.5
2022,17,False,passing,pff,Deshaun Watson,11767,QB,CLV,8,1,66.7,15,18,7.9,3.89,0,0,0.0,50.0,9,0,11,10.0,25,1,0.18,7,78.4,54.4,55.0,55.8,0,0,27,0,32.0,45.5,122.5,20.0,5,2,0,3,3,1,3.7,169,9.4
2022,17,False,passing,pff,Sam Ehlinger,60555,QB,IND,14,1,75.0,12,14,8.3,2.41,1,0,0.0,64.3,9,0,3,0.0,15,0,0.06,4,74.0,70.2,65.7,62.7,0,0,15,0,33.3,33.3,97.3,6.7,1,0,0,1,1,0,0.0,60,4.3
2022,17,False,passing,pff,Nick Foles,7089,QB,IND,14,1,69.2,13,13,8.0,2.45,0,0,0.0,61.5,8,0,4,11.1,15,1,-0.78,3,73.9,30.5,31.3,58.3,0,1,16,0,33.3,25.0,47.3,6.7,1,1,0,0,0,1,6.3,81,6.2
2022,17,False,passing,pff,C.J. Beathard,11859,QB,JAX,15,1,75.0,8,8,7.0,2.84,0,0,0.0,62.5,5,0,4,16.7,9,1,-0.78,2,70.9,58.2,57.8,,0,1,9,0,33.3,25.0,29.7,11.1,1,0,0,0,0,0,0.0,29,3.6
2022,17,False,passing,pff,Nick Mullens,12282,QB,MIN,18,1,100.0,4,4,11.0,2.53,0,1,25.0,100.0,4,0,1,0.0,4,0,1.89,3,66.9,90.1,88.0,,0,0,4,0,50.0,0.0,158.3,0.0,0,0,0,0,1,0,0.0,57,14.3
2022,17,False,passing,pff,Jeff Driskel,10841,QB,HST,13,1,100.0,4,4,-1.5,2.12,0,0,0.0,75.0,3,0,1,25.0,5,1,-0.57,0,70.2,65.1,61.9,63.7,0,0,5,0,0.0,100.0,77.1,20.0,1,0,0,0,0,0,0.0,9,2.3
2022,17,False,passing,pff,Chase Daniel,5214,QB,LAC,27,1,100.0,3,3,-5.0,1.8,0,0,0.0,100.0,3,0,0,0.0,3,0,0.5,1,65.5,63.9,62.8,,0,0,3,0,66.7,,104.2,0.0,0,0,0,0,0,0,0.0,27,9.0
2022,17,False,passing,pff,Jordan Love,40306,QB,GB,12,1,66.7,3,3,3.3,1.3,0,0,0.0,66.7,2,0,0,0.0,3,0,-0.07,1,67.4,65.6,64.8,60.0,0,0,3,0,33.3,,70.1,0.0,0,0,0,0,0,0,0.0,9,3.0
2022,17,False,passing,pff,Taysom Hill,12112,TE,NO,20,1,100.0,2,2,10.5,3.13,0,0,0.0,100.0,2,0,1,0.0,3,0,0.22,1,76.1,74.2,68.5,67.4,0,0,3,0,66.7,100.0,116.7,33.3,1,0,0,0,0,0,0.0,24,12.0
2022,18,False,passing,pff,Anthony Brown,40316,QB,BLT,3,1,61.5,39,44,9.3,2.49,3,0,0.0,43.2,19,0,15,20.8,48,5,-0.43,12,31.7,35.8,36.5,,0,2,50,0,31.3,26.7,46.2,8.3,4,0,2,0,0,3,6.0,286,6.5
2022,18,False,passing,pff,Joe Burrow,28022,QB,CIN,7,1,69.2,39,42,9.2,2.68,1,3,7.0,59.5,25,0,14,7.4,45,2,-0.24,12,29.9,71.3,69.6,63.9,0,0,46,0,33.3,14.3,81.0,4.4,2,1,0,2,1,2,4.3,215,5.1
2022,18,False,passing,pff,Mac Jones,60323,QB,NE,19,1,74.4,39,40,8.0,2.67,0,1,2.3,65.0,26,0,10,10.3,42,3,-0.04,13,80.4,68.8,69.2,55.7,0,3,46,0,47.6,10.0,75.3,2.4,1,1,0,1,3,1,2.2,243,6.1
2022,18,False,passing,pff,Davis Webb,11842,QB,NYG,21,1,63.9,36,40,6.6,2.87,2,0,0.0,57.5,23,0,19,0.0,42,0,-0.06,11,80.2,33.8,33.8,64.6,0,0,43,3,38.1,0.0,75.8,0.0,0,2,0,2,1,3,7.0,168,4.2
2022,18,False,passing,pff,Davis Mills,52269,QB,HST,13,1,68.8,32,38,11.2,3.05,1,3,7.7,57.9,22,0,18,0.0,41,0,0.14,14,79.3,69.6,69.5,57.9,2,2,42,0,36.6,5.6,87.4,2.4,1,1,0,3,3,2,4.8,298,7.8
2022,18,False,passing,pff,Justin Herbert,28237,QB,LAC,27,1,75.7,37,37,6.5,2.59,0,1,2.7,67.6,25,0,6,10.7,38,3,0.24,14,28.7,77.9,81.8,42.8,0,0,38,0,55.3,16.7,107.2,2.6,1,0,0,0,2,0,0.0,273,7.4
2022,18,False,passing,pff,Dak Prescott,10769,QB,DAL,9,1,52.9,34,37,11.6,2.91,0,2,5.3,37.8,14,0,10,22.2,41,4,-0.34,6,79.9,45.0,43.5,61.9,1,1,42,0,34.1,10.0,45.8,2.4,1,3,0,2,1,3,7.1,128,3.5
2022,18,False,passing,pff,Jarrett Stidham,13725,QB,LV,23,1,75.0,32,36,9.6,3.33,1,1,2.6,61.1,22,0,25,8.3,49,2,-0.11,16,23.2,48.3,44.3,72.6,1,1,52,2,44.9,24.0,76.0,12.2,6,7,0,2,1,4,7.7,219,6.1
2022,18,False,passing,pff,Jalen Hurts,40291,QB,PHI,24,1,73.3,30,35,8.1,2.87,1,0,0.0,57.1,20,0,12,9.1,42,2,-0.16,13,80.4,49.8,44.4,70.0,0,1,43,0,38.1,25.0,65.1,7.1,3,4,0,4,0,2,4.7,229,6.5
2022,18,False,passing,pff,Sam Ehlinger,60555,QB,IND,14,1,71.4,35,35,8.4,3.16,0,1,2.8,65.7,23,0,14,8.0,41,2,-0.18,14,79.3,63.5,67.7,43.7,0,2,42,0,43.9,14.3,77.0,4.9,2,4,0,0,2,1,2.4,209,6.0
2022,18,False,passing,pff,Jared Goff,10635,QB,DET,11,1,78.1,32,34,6.0,2.48,0,2,5.6,67.6,23,0,9,8.0,36,2,0.12,12,28.1,79.3,78.9,57.9,1,0,38,0,50.0,11.1,85.9,2.8,1,1,0,1,0,1,2.6,224,6.6
2022,18,False,passing,pff,Joe Flacco,4332,QB,NYJ,22,1,62.1,29,33,8.5,2.36,2,0,0.0,54.5,18,0,15,0.0,33,0,-0.08,9,78.3,62.9,62.1,,1,0,35,1,33.3,0.0,66.4,0.0,0,0,0,1,0,0,0.0,149,4.5
2022,18,False,passing,pff,Trevor Lawrence,77632,QB,JAX,15,1,77.8,27,32,8.6,2.85,2,2,6.1,62.5,20,0,11,4.8,33,1,0.07,10,78.8,67.2,66.5,60.9,0,0,34,1,48.5,9.1,92.2,3.0,1,0,0,3,1,0,0.0,212,6.6
2022,18,False,passing,pff,Skylar Thompson,60417,QB,MIA,17,1,76.9,26,31,6.7,3.04,0,0,0.0,64.5,20,0,18,0.0,33,0,-0.11,7,78.6,73.4,77.4,52.6,0,0,34,1,33.3,5.6,76.3,3.0,1,1,0,5,0,0,0.0,152,4.9
2022,18,False,passing,pff,Geno Smith,7820,QB,SEA,29,1,74.1,27,31,9.4,2.98,0,1,3.2,61.3,19,0,14,5.0,38,1,-0.11,12,78.7,53.5,44.9,89.6,1,2,38,1,44.7,21.4,65.7,7.9,3,4,1,2,1,3,7.9,213,6.9
2022,18,False,passing,pff,Josh Allen,46601,QB,BUF,4,1,71.0,31,31,15.0,3.49,0,3,9.4,61.3,19,0,16,13.6,36,3,0.17,11,79.8,93.5,93.2,66.5,0,1,37,0,47.2,12.5,106.1,5.6,2,3,0,0,3,0,0.0,254,8.2
2022,18,False,passing,pff,Desmond Ridder,55086,QB,ATL,2,1,67.9,28,30,12.5,3.07,0,2,6.5,63.3,19,0,13,0.0,34,0,0.13,11,78.1,75.7,74.6,61.8,0,0,35,1,44.1,15.4,108.2,5.9,2,2,0,2,2,0,0.0,224,7.5
2022,18,False,passing,pff,Joshua Dobbs,11890,QB,TEN,31,1,76.9,26,29,6.1,2.98,0,1,3.4,69.0,20,0,18,0.0,35,0,-0.06,15,78.8,76.1,69.2,78.2,1,1,36,0,48.6,22.2,82.4,11.4,4,2,0,2,1,0,0.0,179,6.2
2022,18,False,passing,pff,Deshaun Watson,11767,QB,CLV,8,1,76.0,25,29,7.4,3.76,1,0,0.0,65.5,19,0,19,0.0,41,0,-0.04,12,22.6,38.7,37.3,59.0,1,2,47,0,43.9,36.8,84.0,17.1,7,5,1,1,2,4,8.5,230,7.9
2022,18,False,passing,pff,Kenny Pickett,60515,QB,PIT,25,1,61.5,26,29,11.8,2.91,2,3,8.8,44.8,13,0,11,18.8,31,3,0.18,10,78.8,70.7,73.5,52.8,0,0,37,1,35.5,9.1,79.0,3.2,1,1,0,1,1,0,0.0,195,6.7
2022,18,False,passing,pff,Aaron Rodgers,2241,QB,GB,12,1,80.8,26,27,10.5,3.02,0,3,10.3,63.0,17,0,12,19.0,31,4,-0.26,9,78.2,56.0,61.3,48.0,0,1,33,1,41.9,16.7,83.1,6.5,2,2,0,1,1,3,9.1,205,7.6
2022,18,False,passing,pff,Baker Mayfield,46518,QB,LA,26,1,56.5,23,26,9.7,3.17,1,1,3.6,50.0,13,0,15,0.0,32,0,-0.36,8,79.0,43.0,38.4,68.9,0,1,34,0,28.1,33.3,51.3,15.6,5,1,0,2,0,2,5.9,147,5.7
2022,18,False,passing,pff,Patrick Mahomes,11765,QB,KC,16,1,75.0,24,26,9.6,2.95,0,1,3.7,69.2,18,0,11,0.0,31,0,-0.03,11,77.7,81.1,76.0,74.4,0,0,32,0,41.9,18.2,105.0,6.5,2,3,0,2,1,1,3.1,202,7.8
2022,18,False,passing,pff,Russell Wilson,7077,QB,DEN,10,1,60.9,23,25,14.2,3.12,0,3,10.7,56.0,14,0,11,0.0,32,0,0.18,9,79.4,71.7,72.3,60.2,0,1,35,0,40.6,18.2,121.2,6.3,2,3,0,2,3,0,0.0,297,11.9
2022,18,False,passing,pff,Andy Dalton,6187,QB,NO,20,1,66.7,24,25,10.5,2.26,1,0,0.0,60.0,15,0,6,6.3,26,1,-0.44,7,76.9,50.7,48.3,62.6,0,0,26,0,46.2,16.7,94.3,3.8,1,0,0,0,1,1,3.8,173,6.9
2022,18,False,passing,pff,Brock Purdy,77672,QB,SF,28,1,78.9,19,20,6.4,2.8,1,0,0.0,75.0,15,0,10,0.0,27,0,0.3,11,77.3,76.1,76.2,59.7,0,0,27,0,63.0,40.0,141.3,14.8,4,2,0,0,3,0,0.0,178,8.9
2022,18,False,passing,pff,Kirk Cousins,7102,QB,MIN,18,1,89.5,19,20,8.1,2.82,0,2,10.0,85.0,17,0,4,0.0,20,0,0.89,10,75.1,85.9,87.1,,0,0,20,1,75.0,0.0,130.2,0.0,0,0,0,1,1,0,0.0,225,11.3
2022,18,False,passing,pff,Sam Howell,97599,QB,WAS,32,1,70.6,17,19,9.7,2.86,1,1,4.5,57.9,11,0,12,8.3,25,1,-0.26,9,77.5,68.5,61.5,75.6,0,1,28,0,36.0,25.0,82.8,12.0,3,3,0,1,1,1,3.6,168,8.8
2022,18,False,passing,pff,Nathan Peterman,11926,QB,CHI,6,1,66.7,18,19,8.8,2.72,0,1,5.3,57.9,11,1,3,8.3,22,1,-0.29,7,75.6,64.6,66.4,54.5,1,0,22,1,36.4,33.3,92.9,4.5,1,2,0,0,1,0,0.0,114,6.0
2022,18,False,passing,pff,David Blough,46508,QB,ARZ,1,1,83.3,18,18,5.2,2.55,0,0,0.0,77.8,14,0,8,6.7,21,1,-0.27,5,24.8,27.3,27.7,54.7,0,2,22,0,28.6,37.5,87.3,14.3,3,0,0,0,1,3,13.6,180,10.0
2022,18,False,passing,pff,Tom Brady,698,QB,TB,30,1,76.5,17,17,4.3,1.83,0,0,0.0,76.5,13,0,5,0.0,17,0,-0.05,5,74.2,70.3,69.2,,0,0,17,0,47.1,0.0,106.0,0.0,0,0,0,0,1,0,0.0,84,4.9
2022,18,False,passing,pff,Sam Darnold,29048,QB,CAR,5,1,50.0,10,15,14.5,4.41,1,0,0.0,33.3,5,0,14,0.0,20,0,-0.63,6,24.3,34.9,34.8,49.4,0,2,21,0,30.0,14.3,2.8,10.0,2,3,0,4,0,2,9.5,43,2.9
2022,18,False,passing,pff,Nick Mullens,12282,QB,MIN,18,1,84.6,13,13,8.1,2.69,0,0,0.0,84.6,11,0,3,0.0,15,0,0.27,5,74.5,52.7,52.6,57.1,0,1,15,0,73.3,0.0,71.8,0.0,0,2,0,0,0,2,13.3,116,8.9
2022,18,False,passing,pff,Trace McSorley,32819,QB,ARZ,1,1,77.8,9,9,8.2,2.41,0,0,0.0,66.7,6,0,2,14.3,10,1,-0.72,2,72.7,54.9,52.7,61.7,0,1,10,0,30.0,0.0,31.5,0.0,0,1,0,0,0,1,10.0,29,3.2
2022,18,False,passing,pff,Kyle Trask,39987,QB,TB,30,1,37.5,8,9,12.4,2.38,0,0,0.0,33.3,3,0,1,0.0,9,0,-0.71,1,70.9,43.1,44.3,,0,0,9,0,22.2,0.0,42.4,0.0,0,0,0,1,0,0,0.0,23,2.6
2022,18,False,passing,pff,Blaine Gabbert,6162,QB,TB,30,1,75.0,8,8,2.8,1.68,0,0,0.0,75.0,6,0,1,0.0,8,0,-0.03,2,70.3,63.8,63.1,,0,0,8,0,37.5,0.0,119.3,0.0,0,0,0,0,1,0,0.0,29,3.6
2022,18,False,passing,pff,Tim Boyle,21956,QB,CHI,6,1,25.0,8,8,12.3,2.56,0,0,0.0,25.0,2,0,1,0.0,8,0,-0.68,2,72.3,35.2,35.4,60.0,0,2,9,0,37.5,0.0,4.7,0.0,0,0,0,0,0,1,11.1,33,4.1
2022,18,False,passing,pff,Chase Daniel,5214,QB,LAC,27,1,71.4,7,7,5.6,2.64,0,0,0.0,71.4,5,0,1,0.0,8,0,-0.05,3,70.9,41.4,45.4,55.7,0,0,9,0,50.0,0.0,116.1,0.0,0,1,0,0,1,1,11.1,25,3.6
2022,18,False,passing,pff,Jeff Driskel,10841,QB,HST,13,1,100.0,2,2,3.0,2.6,0,0,0.0,100.0,2,0,0,0.0,2,0,0.18,1,69.1,70.3,71.9,60.7,0,0,2,0,50.0,,93.8,0.0,0,0,0,0,0,0,0.0,13,6.5
2022,18,False,passing,pff,Cooper Rush,12324,QB,DAL,9,1,0.0,1,1,18.0,2.5,0,0,0.0,0.0,0,0,1,,1,0,-1.58,0,60.4,46.5,47.5,,0,0,1,0,0.0,0.0,39.6,0.0,0,0,0,0,0,0,0.0,0,0.0
2022,19,True,passing,pff,Tom Brady,698,QB,TB,30,1,64.3,56,66,7.1,2.39,3,2,2.9,53.0,35,0,18,2.8,68,1,-0.06,20,43.1,53.0,53.0,,2,1,70,0,44.1,11.1,72.2,2.9,2,0,0,5,2,3,4.3,351,5.3
2022,19,True,passing,pff,Trevor Lawrence,77632,QB,JAX,15,1,62.2,45,47,8.2,2.31,1,4,8.2,59.6,28,0,12,0.0,52,0,-0.11,17,81.2,66.2,66.3,62.8,0,4,55,1,50.0,16.7,70.2,3.8,2,1,0,1,4,1,1.8,288,6.1
2022,19,True,passing,pff,Skylar Thompson,60417,QB,MIA,17,1,52.5,40,45,12.0,3.14,0,2,4.3,40.0,18,0,20,14.3,51,3,-0.25,12,80.8,51.2,52.2,54.6,2,2,53,0,29.4,20.0,44.7,7.8,4,2,0,3,1,2,3.8,220,4.9
2022,19,True,passing,pff,Justin Herbert,28237,QB,LAC,27,1,75.0,36,44,6.4,2.69,4,0,0.0,59.1,26,0,16,3.7,48,1,0.15,14,80.5,60.5,59.9,59.8,0,0,49,0,39.6,18.8,85.1,6.3,3,1,0,4,1,1,2.0,277,6.3
2022,19,True,passing,pff,Josh Allen,46601,QB,BUF,4,1,66.7,36,39,16.5,3.15,1,7,17.1,59.0,23,0,21,4.2,48,1,-0.33,17,23.1,76.9,77.9,52.4,0,2,50,0,43.8,33.3,93.1,14.6,7,2,0,2,3,3,6.0,352,9.0
2022,19,True,passing,pff,Kirk Cousins,7102,QB,MIN,18,1,86.5,37,39,7.0,2.58,0,1,2.5,79.5,31,0,17,3.1,39,1,0.24,16,79.4,83.5,80.6,62.9,1,0,40,0,56.4,0.0,112.9,0.0,0,0,0,1,2,0,0.0,273,7.0
2022,19,True,passing,pff,Daniel Jones,39395,QB,NYG,21,1,84.4,32,35,5.8,2.96,1,1,2.7,68.6,24,0,15,11.1,44,3,0.53,19,81.9,80.9,76.7,73.6,0,0,46,0,63.6,20.0,114.1,6.8,3,6,0,2,2,0,0.0,301,8.6
2022,19,True,passing,pff,Geno Smith,7820,QB,SEA,29,1,76.5,34,35,9.5,2.84,0,1,2.6,71.4,25,0,10,3.8,41,1,0.11,16,29.5,63.8,60.9,69.2,0,1,45,0,51.2,30.0,98.9,7.3,3,3,0,1,2,2,4.4,253,7.2
2022,19,True,passing,pff,Dak Prescott,10769,QB,DAL,9,1,93.3,30,33,8.5,2.8,1,1,3.0,75.8,25,0,10,10.7,37,3,0.73,17,79.4,88.6,88.3,69.2,1,0,37,1,62.2,10.0,143.3,2.7,1,3,0,1,4,0,0.0,305,9.2
2022,19,True,passing,pff,Joe Burrow,28022,QB,CIN,7,1,75.0,32,32,6.3,2.54,0,2,5.7,71.9,23,0,11,4.2,39,1,-0.01,12,79.7,84.2,83.1,63.6,0,0,42,0,48.7,36.4,99.6,10.3,4,3,0,0,1,0,0.0,209,6.5
2022,19,True,passing,pff,Brock Purdy,77672,QB,SF,28,1,67.9,28,30,12.5,3.44,0,1,3.2,60.0,18,0,8,5.3,33,1,0.62,16,78.8,73.6,67.3,79.2,0,0,34,0,57.6,12.5,131.5,3.0,1,1,0,2,3,0,0.0,332,11.1
2022,19,True,passing,pff,Tyler Huntley,46448,QB,BLT,3,1,63.0,27,29,7.0,3.15,1,1,3.3,58.6,17,0,13,0.0,34,0,0.01,11,28.9,48.1,57.2,37.0,1,1,36,0,41.2,15.4,92.0,5.9,2,3,0,0,2,1,2.8,226,7.8
2022,19,True,passing,pff,Justin Jefferson,61398,WR,MIN,18,1,100.0,1,1,-6.0,3.0,0,0,0.0,100.0,1,0,0,0.0,1,0,-2.3,0,70.1,62.8,60.4,,0,0,1,0,0.0,,79.2,0.0,0,0,0,0,0,0,0.0,-2,-2.0
2022,20,True,passing,pff,Josh Allen,46601,QB,BUF,4,1,71.4,35,42,11.1,3.14,3,1,2.4,59.5,25,0,21,0.0,47,0,-0.03,14,80.8,74.8,67.0,81.3,2,1,48,0,42.6,4.8,68.0,2.1,1,4,0,2,0,1,2.1,264,6.3
2022,20,True,passing,pff,Trevor Lawrence,77632,QB,JAX,15,1,73.0,37,39,8.3,2.53,1,3,7.5,61.5,24,0,13,11.1,44,3,-0.05,13,79.9,78.6,72.9,79.0,0,1,45,0,45.5,15.4,74.4,4.5,2,2,1,0,1,2,4.4,217,5.6
2022,20,True,passing,pff,Dak Prescott,10769,QB,DAL,9,1,67.6,37,37,8.0,2.77,0,0,0.0,62.2,23,0,13,8.0,40,2,-0.1,10,79.6,39.9,37.6,65.2,0,2,41,1,40.0,7.7,63.6,2.5,1,2,0,0,1,2,4.9,206,5.6
2022,20,True,passing,pff,Joe Burrow,28022,QB,CIN,7,1,80.6,31,36,8.6,2.46,1,1,2.6,63.9,23,0,12,8.0,39,2,0.45,16,80.1,80.0,77.7,67.2,1,0,42,0,59.0,8.3,101.9,2.6,1,2,1,2,2,0,0.0,242,6.7
2022,20,True,passing,pff,Patrick Mahomes,11765,QB,KC,16,1,78.6,28,30,6.2,2.81,0,0,0.0,73.3,22,0,13,0.0,32,0,0.33,12,78.2,70.1,65.3,73.2,0,0,33,0,62.5,0.0,112.5,0.0,0,2,0,2,2,0,0.0,195,6.5
2022,20,True,passing,pff,Brock Purdy,77672,QB,SF,28,1,79.2,24,29,8.7,2.98,0,1,3.4,65.5,19,0,16,0.0,33,0,0.03,11,78.3,68.3,70.9,49.8,1,0,34,0,45.5,12.5,87.4,6.1,2,2,0,4,0,0,0.0,214,7.4
2022,20,True,passing,pff,Daniel Jones,39395,QB,NYG,21,1,57.7,26,27,7.4,3.43,0,0,0.0,55.6,15,0,16,0.0,35,0,-0.55,9,28.1,46.7,40.7,70.8,0,1,35,0,28.6,31.3,53.8,14.3,5,3,0,1,0,2,5.7,135,5.0
2022,20,True,passing,pff,Jalen Hurts,40291,QB,PHI,24,1,73.9,23,24,6.7,2.35,1,1,4.0,66.7,16,0,7,5.9,26,1,0.23,8,27.8,65.6,65.5,64.8,0,0,27,1,53.8,14.3,112.2,3.8,1,1,0,0,2,1,3.7,154,6.4
2022,20,True,passing,pff,Chad Henne,4371,QB,KC,16,1,83.3,6,7,3.7,2.07,1,0,0.0,71.4,5,0,2,0.0,7,0,0.55,3,70.6,64.6,63.9,60.0,0,0,7,0,57.1,0.0,114.9,0.0,0,0,0,0,1,0,0.0,23,3.3
2022,21,True,passing,pff,Patrick Mahomes,11765,QB,KC,16,1,75.6,41,43,6.6,2.82,0,4,9.1,67.4,29,0,21,6.5,50,2,0.03,18,32.0,77.5,76.9,59.6,1,0,52,0,46.0,14.3,105.5,6.0,3,3,0,1,2,1,1.9,327,7.6
2022,21,True,passing,pff,Joe Burrow,28022,QB,CIN,7,1,72.2,36,41,8.6,2.64,0,3,6.8,63.4,26,0,21,0.0,49,0,-0.02,12,80.8,83.1,82.6,66.1,1,2,52,2,44.9,23.8,70.2,10.2,5,3,0,4,1,2,3.8,270,6.6
2022,21,True,passing,pff,Jalen Hurts,40291,QB,PHI,24,1,66.7,24,25,9.7,3.01,0,0,0.0,60.0,15,0,7,6.3,27,1,0.04,6,79.7,62.6,62.3,60.0,0,0,30,0,37.0,14.3,72.3,3.7,1,1,0,1,0,0,0.0,121,4.8
2022,21,True,passing,pff,Josh Johnson,4474,QB,SF,28,1,87.5,8,13,2.5,2.55,1,0,0.0,53.8,7,0,11,0.0,15,0,-0.06,3,22.3,49.1,72.3,45.1,2,0,15,3,33.3,18.2,70.7,13.3,2,0,0,2,0,0,0.0,74,5.7
2022,21,True,passing,pff,Brock Purdy,77672,QB,SF,28,1,100.0,4,4,1.5,2.36,0,0,0.0,100.0,4,0,2,0.0,5,0,-1.13,1,66.9,61.7,60.9,,0,0,5,0,40.0,50.0,90.6,20.0,1,0,0,0,0,0,0.0,23,5.8
2022,21,True,passing,pff,Christian McCaffrey,11763,HB,SF,28,1,,0,1,,6.2,0,0,0.0,0.0,0,0,1,,1,0,-0.74,0,76.8,81.9,60.0,83.1,0,0,1,0,0.0,0.0,39.6,0.0,0,0,0,1,0,0,0.0,0,0.0
2022,22,True,passing,pff,Jalen Hurts,40291,QB,PHI,24,1,80.0,35,38,11.3,3.0,0,5,12.8,71.1,27,0,12,3.6,42,1,0.27,12,30.3,92.2,92.9,68.5,0,0,43,1,42.9,16.7,103.4,4.8,2,2,0,3,1,0,0.0,304,8.0
2022,22,True,passing,pff,Patrick Mahomes,11765,QB,KC,16,1,84.0,25,27,6.1,2.85,0,1,3.6,77.8,21,0,11,0.0,31,0,0.44,14,78.2,89.5,80.8,84.6,0,0,32,0,61.3,0.0,131.8,0.0,0,4,0,2,3,0,0.0,182,6.7
2023,1,False,passing,pff,Mac Jones,60323,QB,NE,19,1,73.1,52,54,8.3,2.38,1,4,7.3,64.8,35,0,18,7.9,58,3,-0.31,19,81.5,78.3,76.9,69.0,1,1,60,1,43.1,11.1,91.3,3.4,2,2,0,0,3,3,5.0,316,5.9
2023,1,False,passing,pff,Kenny Pickett,60515,QB,PIT,25,1,72.7,44,46,7.4,2.85,0,0,0.0,67.4,31,0,24,3.1,52,1,-0.41,9,80.9,52.8,53.4,58.3,1,2,54,0,36.5,20.8,68.4,9.6,5,1,1,0,1,2,3.7,232,5.0
2023,1,False,passing,pff,Tua Tagovailoa,60326,QB,MIA,17,1,71.4,42,45,12.4,2.5,2,6,13.0,62.2,28,0,14,6.7,46,2,0.65,24,31.4,92.1,92.8,44.5,0,1,47,0,58.7,0.0,110.0,0.0,0,1,0,1,3,1,2.1,466,10.4
2023,1,False,passing,pff,Kirk Cousins,7102,QB,MIN,18,1,83.3,42,44,7.1,2.66,0,1,2.2,75.0,33,0,13,5.7,47,2,0.05,15,31.2,66.0,66.2,56.5,1,1,48,0,42.6,15.4,102.8,4.3,2,1,0,1,2,1,2.1,344,7.8
2023,1,False,passing,pff,C.J. Stroud,129759,QB,HST,13,1,74.4,43,44,6.0,2.7,0,0,0.0,63.6,28,0,25,12.5,54,4,-0.31,14,38.1,56.4,56.7,56.6,0,0,59,0,42.6,20.0,78.0,9.3,5,4,1,0,0,2,3.4,242,5.5
2023,1,False,passing,pff,Josh Allen,46601,QB,BUF,4,1,76.9,39,41,8.2,2.89,0,2,4.8,70.7,29,0,21,3.3,50,1,0.04,13,28.7,49.6,52.3,49.0,0,3,51,0,50.0,23.8,62.7,10.0,5,4,1,1,1,4,7.8,236,5.8
2023,1,False,passing,pff,Patrick Mahomes,11765,QB,KC,16,1,64.9,37,39,9.6,3.39,0,2,4.8,53.8,21,0,20,12.5,45,3,-0.07,13,80.1,80.0,75.0,75.3,0,1,48,0,48.9,0.0,77.5,0.0,0,6,0,2,2,1,2.1,226,5.8
2023,1,False,passing,pff,Matthew Stafford,4924,QB,LA,26,1,75.0,36,38,11.3,2.64,0,5,12.5,63.2,24,0,9,11.1,39,3,0.45,17,79.6,91.1,90.3,71.4,0,0,41,1,56.4,0.0,91.3,0.0,0,1,0,2,0,0,0.0,334,8.8
2023,1,False,passing,pff,Bryce Young,123943,QB,CAR,5,1,69.0,29,38,7.9,3.21,0,0,0.0,52.6,20,0,19,0.0,42,0,-0.3,10,30.0,31.4,36.3,44.4,1,2,46,1,31.0,10.5,48.8,4.8,2,2,0,8,1,2,4.3,146,3.8
2023,1,False,passing,pff,Anthony Richardson,124393,QB,IND,14,1,75.8,33,37,5.3,2.92,2,0,0.0,64.9,24,0,13,4.0,45,1,-0.13,13,81.1,49.3,51.7,50.8,2,1,47,0,42.2,30.8,79.0,8.9,4,4,0,0,1,1,2.1,223,6.0
2023,1,False,passing,pff,Justin Fields,82118,QB,CHI,6,1,79.4,34,37,3.6,3.19,1,1,2.6,64.9,24,0,26,11.1,49,3,-0.13,14,34.1,60.9,49.4,82.0,1,1,52,0,46.9,15.4,78.2,8.2,4,7,0,1,1,2,3.8,216,5.8
2023,1,False,passing,pff,Jared Goff,10635,QB,DET,11,1,82.8,29,35,7.0,2.34,3,1,2.8,62.9,22,0,10,8.3,36,2,-0.04,11,79.6,74.7,73.8,61.4,0,0,37,1,52.8,10.0,94.0,2.8,1,0,1,2,1,0,0.0,252,7.2
2023,1,False,passing,pff,Russell Wilson,7077,QB,DEN,10,1,87.1,31,34,5.0,2.74,0,1,2.6,79.4,27,0,8,0.0,37,0,0.02,11,28.6,66.4,74.4,29.4,0,0,42,0,45.9,25.0,108.0,5.4,2,1,1,2,2,1,2.4,177,5.2
2023,1,False,passing,pff,Ryan Tannehill,7014,QB,TEN,31,1,58.1,31,34,9.6,3.09,2,0,0.0,47.1,16,0,17,11.1,40,2,-0.28,8,79.5,49.1,51.4,49.1,0,3,43,0,25.0,17.6,28.8,7.5,3,3,0,1,0,4,9.3,198,5.8
2023,1,False,passing,pff,Baker Mayfield,46518,QB,TB,30,1,73.3,30,34,7.3,2.66,2,1,2.9,61.8,21,0,9,4.5,38,1,0.03,10,79.8,80.8,79.9,64.0,0,0,38,0,42.1,11.1,94.4,2.6,1,3,0,2,2,0,0.0,173,5.1
2023,1,False,passing,pff,Jalen Hurts,40291,QB,PHI,24,1,79.3,29,33,9.7,3.25,0,1,2.9,66.7,22,0,16,4.3,38,1,-0.1,9,23.5,58.0,71.7,30.5,1,0,42,0,36.8,18.8,89.2,7.9,3,2,0,3,1,2,4.8,170,5.2
2023,1,False,passing,pff,Derek Carr,8671,QB,NO,20,1,71.9,32,33,12.3,2.89,0,2,5.9,69.7,23,0,17,0.0,38,0,0.17,12,79.3,68.7,68.4,57.9,1,1,39,0,50.0,23.5,96.1,10.5,4,1,0,0,1,1,2.6,305,9.2
2023,1,False,passing,pff,Justin Herbert,28237,QB,LAC,27,1,74.2,31,33,7.4,2.61,0,1,2.7,69.7,23,0,15,0.0,42,0,0.04,13,80.1,68.8,63.8,74.0,0,0,46,1,52.4,20.0,99.2,7.1,3,4,0,2,1,0,0.0,229,6.9
2023,1,False,passing,pff,Trevor Lawrence,77632,QB,JAX,15,1,80.6,31,32,7.0,2.34,1,3,9.1,75.0,24,0,8,4.0,35,1,-0.27,11,79.6,86.3,84.4,67.6,0,1,36,0,60.0,25.0,103.8,5.7,2,1,0,0,2,1,2.8,241,7.5
2023,1,False,passing,pff,Sam Howell,97599,QB,WAS,32,1,78.6,28,31,7.7,2.96,1,0,0.0,61.3,19,0,13,13.6,40,3,-0.31,11,27.4,61.4,61.5,57.5,0,1,46,0,42.5,46.2,77.6,15.0,6,2,0,2,1,2,4.3,202,6.5
2023,1,False,passing,pff,Joe Burrow,28022,QB,CIN,7,1,60.7,28,31,8.3,2.32,0,0,0.0,45.2,14,0,12,17.6,33,3,-0.65,3,78.5,43.0,45.2,60.0,2,0,35,1,21.2,16.7,52.2,6.1,2,0,0,1,0,0,0.0,82,2.6
2023,1,False,passing,pff,Joshua Dobbs,11890,QB,ARZ,1,1,73.3,30,30,5.8,2.46,0,0,0.0,70.0,21,0,9,4.5,34,1,-0.34,9,28.5,44.4,50.9,36.4,0,0,38,0,29.4,33.3,78.8,8.8,3,0,0,0,0,3,7.9,132,4.4
2023,1,False,passing,pff,Brock Purdy,77672,QB,SF,28,1,80.8,26,29,8.5,2.9,2,0,0.0,65.5,19,0,15,9.5,34,2,0.21,14,20.3,73.2,70.6,66.2,0,0,34,0,52.9,20.0,111.3,8.8,3,2,0,1,2,2,5.9,220,7.6
2023,1,False,passing,pff,Deshaun Watson,11767,QB,CLV,8,1,69.2,26,29,10.7,3.26,0,1,3.4,55.2,16,0,13,11.1,35,2,-0.22,10,78.9,66.8,63.1,66.9,3,1,35,1,37.1,15.4,67.3,5.7,2,4,0,0,1,0,0.0,154,5.3
2023,1,False,passing,pff,Daniel Jones,39395,QB,NYG,21,1,65.4,26,28,5.7,3.15,0,0,0.0,53.6,15,0,28,11.8,42,2,-0.65,7,32.8,41.6,43.1,50.1,1,2,46,0,28.6,25.0,32.4,16.7,7,7,0,1,0,3,6.5,104,3.7
2023,1,False,passing,pff,Jordan Love,40306,QB,GB,12,1,63.0,27,27,10.6,2.8,0,0,0.0,55.6,15,0,6,11.8,30,2,0.39,10,26.3,62.5,59.4,67.5,0,0,30,1,36.7,16.7,123.2,3.3,1,2,0,0,3,1,3.3,245,9.1
2023,1,False,passing,pff,Geno Smith,7820,QB,SEA,29,1,81.8,22,26,6.2,2.76,0,0,0.0,61.5,16,0,13,11.1,29,2,-0.19,7,77.9,59.2,59.5,58.3,1,0,33,0,41.4,15.4,84.1,6.9,2,1,0,3,1,0,0.0,112,4.3
2023,1,False,passing,pff,Jimmy Garoppolo,8697,QB,LV,23,1,80.8,26,26,7.8,2.9,0,1,3.4,76.9,20,0,4,4.8,29,1,0.47,13,28.6,81.1,85.7,51.6,0,1,32,0,58.6,0.0,107.9,0.0,0,3,0,0,2,0,0.0,200,7.7
2023,1,False,passing,pff,Dak Prescott,10769,QB,DAL,9,1,77.3,22,24,7.9,2.11,1,1,3.7,54.2,13,0,5,23.5,24,4,0.13,8,77.1,72.8,70.5,62.8,1,0,27,0,41.7,0.0,72.0,0.0,0,0,0,0,0,0,0.0,143,6.0
2023,1,False,passing,pff,Lamar Jackson,46416,QB,BLT,3,1,90.0,20,22,5.1,2.87,0,1,3.8,77.3,17,0,12,5.6,30,1,-0.16,10,19.7,63.0,63.3,58.5,1,1,34,1,50.0,33.3,79.5,13.3,4,4,0,1,0,3,8.8,169,7.7
2023,1,False,passing,pff,Zach Wilson,82096,QB,NYJ,22,1,88.2,17,21,4.6,3.26,0,0,0.0,66.7,14,0,11,6.7,24,1,-0.18,7,77.0,52.4,49.6,63.1,1,1,24,0,37.5,18.2,81.4,8.3,2,1,0,3,1,1,4.2,140,6.7
2023,1,False,passing,pff,Desmond Ridder,55086,QB,ATL,2,1,94.1,17,18,3.2,2.63,0,0,0.0,83.3,15,0,5,6.3,22,1,-0.13,6,24.7,52.1,51.8,57.9,0,0,24,0,36.4,80.0,111.8,18.2,4,0,0,1,1,1,4.2,115,6.4
2023,1,False,passing,pff,Tyrod Taylor,6332,QB,NYG,21,1,100.0,2,2,-5.5,1.85,0,0,0.0,100.0,2,0,1,0.0,2,0,0.28,0,65.5,58.6,62.1,58.3,0,0,3,0,50.0,0.0,79.2,0.0,0,0,0,0,0,0,0.0,6,3.0
2023,1,False,passing,pff,Gardner Minshew,41401,QB,IND,14,1,0.0,2,2,4.0,3.45,0,0,0.0,0.0,0,0,1,,2,0,-1.88,0,63.6,44.3,45.5,,0,0,2,0,0.0,0.0,39.6,0.0,0,0,0,0,0,0,0.0,0,0.0
2023,1,False,passing,pff,Cooper Rush,12324,QB,DAL,9,1,0.0,1,1,10.0,1.4,0,0,0.0,0.0,0,0,0,,1,0,-3.46,0,60.4,48.7,49.5,,0,0,1,0,0.0,,39.6,0.0,0,0,0,0,0,0,0.0,0,0.0
2023,1,False,passing,pff,Jake Browning,46401,QB,CIN,7,1,0.0,1,1,15.0,2.2,0,0,0.0,0.0,0,0,1,,1,0,-1.58,0,64.5,55.2,55.1,60.0,0,0,1,0,0.0,0.0,39.6,0.0,0,0,0,0,0,0,0.0,0,0.0
2023,1,False,passing,pff,Aaron Rodgers,2241,QB,NYJ,22,1,,0,1,,4.15,0,0,0.0,0.0,0,0,2,,2,0,-1.28,0,65.5,39.4,41.1,,0,0,3,0,0.0,50.0,39.6,50.0,1,0,0,1,0,0,0.0,0,0.0
2023,2,False,passing,pff,Matthew Stafford,4924,QB,LA,26,1,77.6,49,55,6.8,2.55,2,2,3.6,61.8,34,0,22,10.5,60,4,-0.03,18,81.6,63.2,63.7,55.2,0,2,61,2,51.7,4.5,67.8,1.7,1,4,1,3,1,2,3.3,307,5.6
2023,2,False,passing,pff,C.J. Stroud,129759,QB,HST,13,1,72.1,43,47,10.3,2.69,0,1,2.0,63.8,30,0,19,3.2,55,1,0.22,18,36.2,65.7,64.4,62.9,0,0,57,0,47.3,31.6,103.5,10.9,6,1,2,2,2,1,1.8,384,8.2
2023,2,False,passing,pff,Kirk Cousins,7102,QB,MIN,18,1,79.1,43,44,9.1,2.57,0,1,2.1,70.5,31,0,17,8.8,46,3,0.23,19,30.0,83.1,81.1,,1,0,49,0,47.8,11.8,125.6,4.3,2,0,0,0,4,1,2.0,364,8.3
2023,2,False,passing,pff,Mac Jones,60323,QB,NE,19,1,75.6,41,42,9.2,2.28,0,0,0.0,73.8,31,0,17,0.0,47,0,-0.14,11,81.1,63.8,60.3,70.7,1,1,50,0,51.1,23.5,84.5,8.5,4,1,0,0,1,1,2.0,231,5.5
2023,2,False,passing,pff,Geno Smith,7820,QB,SEA,29,1,91.4,35,41,7.7,3.11,1,1,2.3,78.0,32,0,15,0.0,45,0,0.29,18,80.3,79.8,78.2,64.4,0,0,49,1,60.0,6.7,116.3,2.2,1,3,1,4,2,2,4.1,328,8.0
2023,2,False,passing,pff,Joe Burrow,28022,QB,CIN,7,1,75.7,37,41,6.0,2.29,1,2,4.7,65.9,27,0,8,3.6,43,1,0.0,13,79.8,69.1,68.8,58.3,1,1,45,0,44.2,12.5,85.6,2.3,1,1,0,2,2,1,2.2,222,5.4
2023,2,False,passing,pff,Trevor Lawrence,77632,QB,JAX,15,1,68.4,38,41,8.1,2.53,2,5,11.6,53.7,22,0,15,15.4,49,4,-0.43,15,32.8,69.8,71.4,59.0,0,0,51,1,34.7,26.7,68.8,8.2,4,3,0,1,0,1,2.0,216,5.3
2023,2,False,passing,pff,Patrick Mahomes,11765,QB,KC,16,1,75.0,40,41,6.7,2.71,0,1,2.3,70.7,29,0,11,3.3,45,1,0.23,15,80.8,79.8,70.7,89.0,0,1,48,0,53.3,9.1,98.1,2.2,1,3,0,1,2,2,4.2,305,7.4
2023,2,False,passing,pff,Justin Herbert,28237,QB,LAC,27,1,73.7,38,41,11.1,2.64,0,2,4.5,65.9,27,0,9,3.6,44,1,0.16,14,80.2,71.1,70.8,58.2,0,0,47,0,54.5,33.3,104.2,6.8,3,0,0,3,2,1,2.1,305,7.4
2023,2,False,passing,pff,Deshaun Watson,11767,QB,CLV,8,1,64.9,37,40,10.2,3.09,2,1,2.4,55.0,22,0,20,8.3,49,2,-0.3,14,24.0,59.9,63.7,57.2,0,1,53,2,42.9,30.0,70.3,12.2,6,3,0,1,1,1,1.9,235,5.9
2023,2,False,passing,pff,Sam Howell,97599,QB,WAS,32,1,87.5,32,39,6.0,2.91,3,2,4.8,69.2,27,0,15,3.6,45,1,0.24,11,80.4,70.4,66.7,72.1,0,0,51,0,48.9,26.7,108.8,8.9,4,2,0,4,2,0,0.0,299,7.7
2023,2,False,passing,pff,Dak Prescott,10769,QB,DAL,9,1,83.8,37,38,5.0,2.5,0,1,2.5,81.6,31,0,13,0.0,41,0,0.25,16,80.4,70.4,66.7,71.2,1,0,43,0,51.2,7.7,112.2,2.4,1,1,0,0,2,1,2.3,255,6.7
2023,2,False,passing,pff,Daniel Jones,39395,QB,NYG,21,1,79.4,34,37,9.8,2.87,1,2,5.4,70.3,26,0,13,3.7,44,1,0.3,17,80.7,92.5,86.1,90.6,0,1,45,0,56.8,23.1,103.5,6.8,3,4,0,2,2,0,0.0,321,8.7
2023,2,False,passing,pff,Josh Allen,46601,QB,BUF,4,1,91.4,35,37,4.7,2.81,0,1,2.6,83.8,31,0,9,3.1,39,1,0.34,17,79.9,82.7,78.5,73.3,0,0,42,0,61.5,22.2,124.5,5.1,2,0,0,2,3,0,0.0,274,7.4
2023,2,False,passing,pff,Derek Carr,8671,QB,NO,20,1,65.6,32,36,9.6,2.35,2,2,5.3,58.3,21,0,10,0.0,40,0,-0.12,11,79.9,61.1,60.2,60.5,0,1,42,0,40.0,40.0,65.5,10.0,4,0,0,2,0,1,2.4,228,6.3
2023,2,False,passing,pff,Jared Goff,10635,QB,DET,11,1,85.3,34,35,8.1,2.64,0,3,8.1,80.0,28,0,13,3.4,37,1,0.17,17,78.9,80.2,78.6,,0,1,39,0,62.2,15.4,121.8,5.4,2,0,0,1,3,1,2.6,323,9.2
2023,2,False,passing,pff,Baker Mayfield,46518,QB,TB,30,1,83.9,31,34,8.2,3.04,1,2,5.7,76.5,26,0,18,0.0,37,0,0.37,10,79.4,76.8,73.5,69.4,0,0,38,0,45.9,0.0,114.5,0.0,0,3,0,2,1,1,2.6,317,9.3
2023,2,False,passing,pff,Bryce Young,123943,QB,CAR,5,1,74.2,31,33,6.8,3.19,0,1,2.9,66.7,22,0,19,4.3,39,1,-0.34,9,21.5,57.2,50.8,82.9,1,0,42,0,41.0,21.1,87.1,10.3,4,2,0,1,1,3,7.1,153,4.6
2023,2,False,passing,pff,Lamar Jackson,46416,QB,BLT,3,1,75.8,33,33,9.5,2.85,0,2,5.7,72.7,24,0,7,4.0,39,1,0.4,15,32.3,81.5,79.9,68.4,0,0,44,0,61.5,0.0,112.8,0.0,0,6,0,0,2,1,2.3,237,7.2
2023,2,False,passing,pff,Russell Wilson,7077,QB,DEN,10,1,73.1,26,32,11.7,3.43,1,2,5.7,56.3,18,0,22,5.3,42,1,0.09,11,30.0,62.5,51.7,89.7,1,1,45,0,47.6,31.8,107.3,16.7,7,3,1,3,3,2,4.4,308,9.6
2023,2,False,passing,pff,Desmond Ridder,55086,QB,ATL,2,1,69.0,29,32,9.0,3.02,0,1,2.8,59.4,19,0,20,5.0,38,1,0.09,12,80.3,45.1,43.4,57.4,0,1,42,0,44.7,5.0,79.8,2.6,1,5,0,3,1,4,9.5,237,7.4
2023,2,False,passing,pff,Joshua Dobbs,11890,QB,ARZ,1,1,78.6,28,31,10.3,2.73,1,1,2.9,67.7,21,0,13,4.5,32,1,0.36,12,78.9,76.7,68.4,90.6,1,0,35,1,50.0,0.0,99.9,0.0,0,1,0,1,1,1,2.9,228,7.4
2023,2,False,passing,pff,Tua Tagovailoa,60326,QB,MIA,17,1,76.7,30,30,8.9,1.98,0,2,6.5,70.0,21,0,6,8.7,33,2,0.34,15,78.3,75.7,75.8,55.7,0,1,34,0,63.6,16.7,92.2,3.0,1,1,0,0,1,1,2.9,249,8.3
2023,2,False,passing,pff,Kenny Pickett,60515,QB,PIT,25,1,63.0,27,30,6.6,2.76,2,0,0.0,50.0,15,0,14,11.8,32,2,-0.38,6,78.7,35.0,36.3,54.6,0,1,32,0,28.1,14.3,71.8,6.3,2,0,0,1,1,2,6.3,222,7.4
2023,2,False,passing,pff,Justin Fields,82118,QB,CHI,6,1,64.0,25,29,7.6,3.17,1,1,3.3,55.2,16,0,14,0.0,36,0,-0.22,10,28.2,52.3,49.1,68.6,2,2,37,0,38.9,42.9,61.1,16.7,6,1,0,1,1,2,5.4,211,7.3
2023,2,False,passing,pff,Zach Wilson,82096,QB,NYJ,22,1,60.9,23,27,10.8,3.02,0,1,3.4,44.4,12,0,20,14.3,34,2,-0.54,8,78.7,48.5,45.3,66.3,2,3,36,0,41.2,15.0,38.1,8.8,3,4,1,1,1,3,8.3,170,6.3
2023,2,False,passing,pff,Jordan Love,40306,QB,GB,12,1,60.9,23,25,8.2,2.47,1,2,7.4,56.0,14,0,6,0.0,27,0,0.2,11,77.4,65.9,64.7,68.2,1,0,29,1,48.1,16.7,113.5,3.7,1,1,0,0,3,1,3.4,151,6.0
2023,2,False,passing,pff,Brock Purdy,77672,QB,SF,28,1,70.8,24,25,9.3,2.18,0,0,0.0,68.0,17,0,8,0.0,28,0,0.29,11,77.9,65.1,61.1,71.0,0,0,30,0,60.7,12.5,93.1,3.6,1,0,0,1,0,0,0.0,206,8.2
2023,2,False,passing,pff,Ryan Tannehill,7014,QB,TEN,31,1,95.7,23,24,9.4,2.5,1,2,7.7,83.3,20,0,8,9.1,29,2,0.03,9,77.8,92.5,91.6,63.1,0,0,31,0,44.8,62.5,123.3,17.2,5,0,0,0,1,0,0.0,246,10.3
2023,2,False,passing,pff,Jimmy Garoppolo,8697,QB,LV,23,1,72.7,22,24,9.5,3.05,1,0,0.0,66.7,16,0,4,0.0,25,0,0.0,10,76.6,61.5,61.9,58.3,0,2,26,0,56.0,0.0,68.9,0.0,0,1,0,1,1,1,3.8,185,7.7
2023,2,False,passing,pff,Gardner Minshew,41401,QB,IND,14,1,90.9,22,23,6.0,2.34,0,0,0.0,82.6,19,0,7,5.0,25,1,0.21,9,76.3,76.8,81.0,48.0,0,0,25,0,48.0,0.0,112.1,0.0,0,2,0,1,1,0,0.0,171,7.4
2023,2,False,passing,pff,Jalen Hurts,40291,QB,PHI,24,1,86.4,22,23,9.4,3.25,0,1,4.2,78.3,18,0,11,5.3,31,1,0.0,5,79.5,74.0,73.6,64.7,0,1,32,0,29.0,36.4,98.0,12.9,4,4,0,1,1,1,3.1,193,8.4
2023,2,False,passing,pff,Anthony Richardson,124393,QB,IND,14,1,77.8,9,10,1.9,2.5,0,0,0.0,60.0,6,0,2,14.3,10,1,0.13,4,73.6,73.2,69.6,67.0,0,0,11,0,50.0,0.0,75.4,0.0,0,0,0,1,0,1,9.1,56,5.6
2023,2,False,passing,pff,Christian Kirk,47546,WR,JAX,15,1,100.0,1,1,-1.0,3.2,0,0,0.0,100.0,1,0,0,0.0,1,0,-1.04,0,72.0,66.6,60.0,,0,0,1,0,0.0,,79.2,0.0,0,0,0,0,0,0,0.0,-1,-1.0
2023,2,False,passing,pff,Taysom Hill,12112,TE,NO,20,1,100.0,1,1,5.0,1.6,0,0,0.0,100.0,1,0,0,0.0,1,0,0.84,0,73.4,77.6,60.1,84.7,0,0,1,0,100.0,,100.0,0.0,0,0,0,0,0,0,0.0,8,8.0
2023,3,False,passing,pff,Andy Dalton,6187,QB,CAR,5,1,71.7,53,58,7.7,2.33,1,4,6.5,58.6,34,0,27,10.5,63,4,0.1,18,82.4,80.3,79.1,59.1,3,0,67,0,41.3,11.1,88.4,4.8,3,1,0,1,2,1,1.5,361,6.2
2023,3,False,passing,pff,Kirk Cousins,7102,QB,MIN,18,1,73.9,46,50,8.4,3.07,0,1,1.9,64.0,32,0,18,5.9,55,2,0.03,15,81.3,71.5,71.0,57.9,1,1,58,1,43.6,22.2,97.7,7.3,4,1,0,3,3,0,0.0,367,7.3
2023,3,False,passing,pff,Joe Burrow,28022,QB,CIN,7,1,68.2,44,49,7.2,2.29,1,1,1.9,53.1,26,0,12,13.3,51,4,-0.18,12,81.4,74.0,74.2,60.5,1,1,54,1,39.2,16.7,59.8,3.9,2,0,1,2,0,0,0.0,259,5.3
2023,3,False,passing,pff,Justin Herbert,28237,QB,LAC,27,1,85.1,47,47,6.9,2.24,0,3,6.3,85.1,40,0,13,0.0,49,0,0.44,22,32.8,77.4,74.5,68.3,0,0,50,0,61.2,7.7,123.8,2.0,1,1,0,0,3,2,4.0,405,8.6
2023,3,False,passing,pff,Jordan Love,40306,QB,GB,12,1,57.1,42,44,12.6,2.93,1,2,4.1,50.0,22,0,11,8.3,50,2,0.05,14,81.7,63.9,61.8,65.8,0,1,55,0,44.0,9.1,66.4,2.0,1,4,0,1,1,2,3.6,259,5.9
2023,3,False,passing,pff,Gardner Minshew,41401,QB,IND,14,1,73.2,41,44,7.9,2.52,1,2,4.5,61.4,27,0,22,10.0,49,3,-0.15,9,30.0,49.8,49.3,,1,0,49,1,36.7,22.7,82.3,10.2,5,0,0,1,1,3,6.1,227,5.2
2023,3,False,passing,pff,Jimmy Garoppolo,8697,QB,LV,23,1,65.9,44,44,10.4,2.65,0,1,2.1,63.6,28,0,16,3.4,49,1,-0.11,13,81.0,59.2,59.5,63.2,0,3,54,1,53.1,25.0,72.5,8.2,4,1,0,0,2,3,5.6,324,7.4
2023,3,False,passing,pff,Dak Prescott,10769,QB,DAL,9,1,73.0,37,40,6.3,2.5,0,1,2.2,62.5,25,0,13,7.4,47,2,0.02,13,32.0,48.9,44.4,82.3,0,1,52,1,46.8,15.4,78.0,4.3,2,3,0,3,1,2,3.8,249,6.2
2023,3,False,passing,pff,Trevor Lawrence,77632,QB,JAX,15,1,81.6,38,40,7.1,2.43,0,1,2.3,67.5,27,0,16,12.9,44,4,-0.13,13,80.0,83.3,83.1,58.0,0,1,47,1,50.0,0.0,85.3,0.0,0,3,0,2,1,1,2.1,279,7.0
2023,3,False,passing,pff,Desmond Ridder,55086,QB,ATL,2,1,62.2,37,38,7.5,2.64,1,1,2.5,55.3,21,0,17,8.7,47,2,-0.32,9,32.0,40.8,44.2,52.6,0,0,49,1,36.2,41.2,70.2,14.9,7,1,0,0,0,2,4.1,201,5.3
2023,3,False,passing,pff,Russell Wilson,7077,QB,DEN,10,1,70.6,34,38,11.4,2.84,1,4,9.8,60.5,23,0,18,4.2,39,1,-0.3,13,79.3,86.9,84.9,,1,1,42,0,46.2,5.6,83.9,2.6,1,0,0,2,1,1,2.4,306,8.1
2023,3,False,passing,pff,Brock Purdy,77672,QB,SF,28,1,78.8,33,37,5.3,2.28,1,2,4.9,67.6,25,0,18,3.8,39,1,0.39,13,80.1,61.1,58.8,65.7,0,0,43,0,48.7,11.1,111.3,5.1,2,0,0,3,2,2,4.7,310,8.4
2023,3,False,passing,pff,Jalen Hurts,40291,QB,PHI,24,1,73.5,34,37,8.8,2.95,0,2,5.1,62.2,23,0,12,8.0,40,2,0.1,14,80.8,64.0,58.5,72.2,1,2,42,0,50.0,8.3,71.6,2.5,1,2,0,2,1,2,4.8,277,7.5
2023,3,False,passing,pff,Zach Wilson,82096,QB,NYJ,22,1,71.4,28,36,7.6,3.19,1,0,0.0,50.0,18,0,19,10.0,40,2,-0.39,6,79.3,53.6,51.4,65.6,0,0,42,0,27.5,15.8,61.9,7.5,3,1,1,6,0,0,0.0,157,4.4
2023,3,False,passing,pff,Geno Smith,7820,QB,SEA,29,1,75.8,33,36,9.4,2.9,0,2,5.1,63.9,23,0,14,8.0,38,2,0.08,14,80.0,71.8,70.5,61.0,0,1,41,0,55.3,14.3,87.3,5.3,2,0,0,3,1,2,4.9,296,8.2
2023,3,False,passing,pff,Matthew Stafford,4924,QB,LA,26,1,59.4,32,33,10.4,2.76,0,3,8.8,54.5,18,0,20,5.3,40,1,-0.27,13,79.5,68.5,66.6,63.1,0,2,43,0,40.0,30.0,66.4,15.0,6,1,0,1,1,1,2.3,269,8.2
2023,3,False,passing,pff,Jared Goff,10635,QB,DET,11,1,74.2,31,33,8.5,2.71,0,1,2.9,66.7,22,0,13,4.3,34,1,0.13,11,79.4,76.0,75.4,60.6,1,1,37,0,44.1,0.0,85.8,0.0,0,1,0,1,1,1,2.7,243,7.4
2023,3,False,passing,pff,Patrick Mahomes,11765,QB,KC,16,1,75.0,32,33,7.5,2.95,0,2,5.9,72.7,24,0,7,0.0,36,0,0.58,16,78.6,90.3,86.1,74.7,0,0,37,0,58.3,0.0,127.3,0.0,0,3,0,1,3,0,0.0,272,8.2
2023,3,False,passing,pff,Deshaun Watson,11767,QB,CLV,8,1,90.3,31,33,7.4,3.08,0,2,5.4,81.8,27,0,11,3.6,37,1,0.19,12,27.2,74.6,73.6,62.0,0,0,41,0,59.5,27.3,123.4,8.1,3,1,0,2,2,1,2.4,289,8.8
2023,3,False,passing,pff,Josh Allen,46601,QB,BUF,4,1,75.9,29,32,10.3,2.91,2,3,9.4,62.5,20,0,9,9.1,35,2,0.39,13,78.7,82.3,76.5,77.1,0,1,38,0,51.4,0.0,79.9,0.0,0,3,0,1,1,2,5.3,218,6.8
2023,3,False,passing,pff,Daniel Jones,39395,QB,NYG,21,1,74.2,31,32,6.0,2.54,0,0,0.0,68.8,22,0,15,4.3,34,1,-0.26,6,79.2,55.0,52.1,69.0,0,1,38,0,41.2,13.3,64.2,5.9,2,0,0,1,0,0,0.0,137,4.3
2023,3,False,passing,pff,Lamar Jackson,46416,QB,BLT,3,1,76.7,30,31,5.8,2.75,0,0,0.0,71.0,22,0,11,4.3,38,1,-0.38,8,32.3,71.2,54.3,89.6,0,0,38,0,47.4,36.4,88.4,10.5,4,3,0,1,0,1,2.6,202,6.5
2023,3,False,passing,pff,C.J. Stroud,129759,QB,HST,13,1,78.6,28,30,8.6,2.68,0,1,3.3,66.7,20,0,9,9.1,31,2,0.43,11,78.1,84.3,80.5,70.8,1,0,31,0,54.8,0.0,118.8,0.0,0,1,0,1,2,1,3.2,280,9.3
2023,3,False,passing,pff,Mac Jones,60323,QB,NE,19,1,61.5,26,29,10.7,2.52,1,0,0.0,51.7,15,0,13,6.3,30,1,0.17,9,78.3,61.0,57.8,66.4,0,0,31,0,40.0,0.0,85.6,0.0,0,1,0,2,1,1,3.2,201,6.9
2023,3,False,passing,pff,Sam Howell,97599,QB,WAS,32,1,71.4,28,29,7.9,2.82,1,2,6.5,65.5,19,0,20,5.0,39,1,-0.81,9,79.2,45.3,41.5,69.5,0,4,41,0,35.9,45.0,41.5,23.1,9,1,0,0,0,4,9.8,170,5.9
2023,3,False,passing,pff,Kenny Pickett,60515,QB,PIT,25,1,64.0,25,28,8.6,2.89,0,1,3.4,57.1,16,0,15,0.0,30,0,0.33,11,78.2,77.1,72.0,74.4,0,0,32,0,46.7,6.7,108.5,3.3,1,1,0,3,2,0,0.0,235,8.4
2023,3,False,passing,pff,Tua Tagovailoa,60326,QB,MIA,17,1,88.5,26,26,6.0,2.13,0,0,0.0,88.5,23,0,2,0.0,26,0,1.13,15,76.8,87.8,86.0,,0,0,27,0,84.6,0.0,155.8,0.0,0,0,0,0,4,0,0.0,309,11.9
2023,3,False,passing,pff,Ryan Tannehill,7014,QB,TEN,31,1,69.6,23,25,10.1,2.37,0,3,11.1,52.0,13,0,12,18.8,30,3,-0.36,5,77.6,70.6,69.5,,1,0,32,0,20.0,41.7,62.8,16.7,5,0,0,1,0,0,0.0,104,4.2
2023,3,False,passing,pff,Baker Mayfield,46518,QB,TB,30,1,68.0,25,25,11.5,2.72,0,0,0.0,60.0,15,0,8,11.8,28,2,-0.23,10,26.5,53.6,55.1,55.7,0,1,31,0,46.4,25.0,73.1,7.1,2,1,0,0,1,2,6.5,146,5.8
2023,3,False,passing,pff,Justin Fields,82118,QB,CHI,6,1,60.0,20,22,15.1,3.49,0,2,9.1,50.0,11,0,14,8.3,29,1,-0.68,6,78.9,71.6,71.0,67.7,0,1,29,2,31.0,21.4,58.7,10.3,3,4,0,2,1,0,0.0,99,4.5
2023,3,False,passing,pff,Joshua Dobbs,11890,QB,ARZ,1,1,81.0,21,21,6.4,2.32,0,1,3.7,81.0,17,0,8,0.0,25,0,0.25,8,78.9,78.4,67.1,90.4,0,0,32,0,52.0,25.0,120.0,8.0,2,1,0,0,1,0,0.0,189,9.0
2023,3,False,passing,pff,Derek Carr,8671,QB,NO,20,1,76.5,17,18,8.4,2.55,1,1,5.6,72.2,13,0,8,0.0,21,0,-0.01,6,75.4,50.9,50.8,,0,0,21,0,42.9,37.5,104.6,14.3,3,0,0,0,1,1,4.8,103,5.7
2023,3,False,passing,pff,Jameis Winston,9434,QB,NO,20,1,66.7,15,16,7.9,2.12,0,1,6.3,62.5,10,0,3,0.0,17,0,-0.19,3,74.2,69.4,68.5,,0,0,17,1,41.2,33.3,80.5,5.9,1,0,0,1,0,0,0.0,101,6.3
2023,3,False,passing,pff,Blaine Gabbert,6162,QB,KC,16,1,60.0,5,5,6.8,2.4,0,0,0.0,60.0,3,0,2,0.0,5,0,-1.37,2,70.8,40.2,38.3,60.0,0,2,6,0,60.0,0.0,38.3,0.0,0,0,0,0,0,1,16.7,31,6.2
2023,3,False,passing,pff,Mike White,46453,QB,MIA,17,1,100.0,2,2,17.5,2.4,0,1,50.0,100.0,2,0,0,0.0,2,0,2.38,1,66.1,88.2,87.5,60.0,0,0,2,0,50.0,,158.3,0.0,0,0,0,0,1,0,0.0,67,33.5
2023,3,False,passing,pff,C.J. Beathard,11859,QB,JAX,15,1,100.0,2,2,3.5,2.0,0,0,0.0,100.0,2,0,0,0.0,2,0,0.74,1,63.6,55.1,55.1,,0,0,2,0,50.0,,85.4,0.0,0,0,0,0,0,0,0.0,9,4.5
2023,3,False,passing,pff,Keenan Allen,7857,WR,LAC,27,1,100.0,1,1,23.0,2.7,0,0,0.0,100.0,1,0,0,0.0,1,0,4.12,1,24.2,80.9,73.6,,0,0,1,1,100.0,,158.3,0.0,0,0,0,0,1,0,0.0,49,49.0
2023,3,False,passing,pff,Tyrod Taylor,6332,QB,NYG,21,1,0.0,1,1,9.0,4.0,0,0,0.0,0.0,0,0,1,,2,0,-0.53,0,63.6,41.9,46.0,58.3,0,0,2,0,0.0,0.0,39.6,0.0,0,1,0,0,0,0,0.0,0,0.0
2023,4,False,passing,pff,Sam Howell,97599,QB,WAS,32,1,78.9,38,41,9.7,2.99,0,2,4.5,70.7,29,0,19,3.3,52,1,0.24,14,81.0,74.0,74.8,56.8,1,0,55,0,48.1,26.3,98.6,9.6,5,6,0,2,1,0,0.0,290,7.1
2023,4,False,passing,pff,Joshua Dobbs,11890,QB,ARZ,1,1,73.2,41,41,8.3,2.71,0,0,0.0,68.3,28,0,14,6.7,47,2,0.18,16,38.8,65.1,63.3,64.5,0,0,49,0,51.1,7.1,102.2,2.1,1,5,0,0,2,1,2.0,265,6.5
2023,4,False,passing,pff,Matthew Stafford,4924,QB,LA,26,1,75.0,36,40,8.5,2.65,2,2,4.7,67.5,27,0,12,0.0,44,0,0.27,16,80.0,74.5,74.6,54.2,1,1,47,0,52.3,16.7,89.5,4.5,2,2,0,1,1,1,2.1,319,8.0
2023,4,False,passing,pff,Zach Wilson,82096,QB,NYJ,22,1,78.4,37,39,8.3,2.73,2,3,7.5,71.8,28,0,14,3.4,42,1,0.07,13,29.4,72.2,73.4,51.8,0,0,43,0,40.5,14.3,105.2,4.8,2,1,0,0,2,0,0.0,245,6.3
2023,4,False,passing,pff,Aidan O'Connell,60516,QB,LV,23,1,70.3,37,39,6.4,2.74,1,0,0.0,61.5,24,0,12,7.7,46,2,-0.27,12,28.3,39.8,37.4,68.5,0,1,49,0,45.7,58.3,68.1,15.2,7,0,0,1,0,3,6.1,238,6.1
2023,4,False,passing,pff,Jalen Hurts,40291,QB,PHI,24,1,81.8,33,37,10.8,3.0,0,4,10.3,67.6,25,0,13,7.4,43,2,0.13,15,81.0,80.4,75.7,74.6,1,0,45,1,48.8,23.1,112.3,7.0,3,3,0,3,2,1,2.2,319,8.6
2023,4,False,passing,pff,Derek Carr,8671,QB,NO,20,1,72.2,36,37,7.4,2.61,0,0,0.0,62.2,23,0,12,11.5,39,3,-0.25,8,29.5,51.4,49.8,64.7,0,0,42,0,28.2,16.7,68.2,5.1,2,0,0,1,0,1,2.4,127,3.4
2023,4,False,passing,pff,Jordan Love,40306,QB,GB,12,1,70.6,34,36,9.5,2.87,0,2,5.1,63.9,23,0,20,4.2,42,1,-0.27,9,44.7,68.1,67.2,60.9,1,2,45,0,40.5,25.0,69.9,11.9,5,0,0,1,1,0,0.0,246,6.8
2023,4,False,passing,pff,Dorian Thompson-Robinson,83574,QB,CLV,8,1,61.3,31,36,8.8,3.23,2,0,0.0,52.8,19,0,19,0.0,43,0,-0.52,7,27.6,39.1,33.5,75.5,1,3,46,1,32.6,21.1,25.3,9.3,4,3,0,2,0,4,8.7,121,3.4
2023,4,False,passing,pff,Tua Tagovailoa,60326,QB,MIA,17,1,83.3,30,35,7.1,2.59,2,0,0.0,71.4,25,0,13,0.0,41,0,-0.14,13,79.8,59.3,59.1,59.2,2,1,47,1,46.3,30.8,92.8,9.8,4,2,0,1,1,2,4.3,282,8.1
2023,4,False,passing,pff,Justin Fields,82118,QB,CHI,6,1,84.8,33,35,8.9,3.24,0,0,0.0,80.0,28,0,19,0.0,40,0,0.15,19,29.4,82.4,82.7,58.9,0,1,42,1,52.5,15.8,132.7,7.5,3,2,0,2,4,1,2.4,335,9.6
2023,4,False,passing,pff,Dak Prescott,10769,QB,DAL,9,1,90.9,33,34,6.5,2.36,1,2,5.9,82.4,28,0,11,6.7,37,2,0.05,14,78.8,90.0,88.0,60.0,0,0,37,1,51.4,27.3,108.5,8.1,3,0,0,0,1,0,0.0,261,7.7
2023,4,False,passing,pff,Daniel Jones,39395,QB,NYG,21,1,87.1,31,34,3.4,2.84,1,0,0.0,79.4,27,0,23,0.0,50,0,-0.48,12,24.0,40.4,31.3,69.1,1,2,51,0,42.0,43.5,67.0,20.0,10,6,0,1,0,5,9.8,203,6.0
2023,4,False,passing,pff,Bryce Young,123943,QB,CAR,5,1,86.2,29,32,3.9,2.43,2,0,0.0,78.1,25,0,12,0.0,40,0,-0.39,12,29.0,62.6,64.1,58.7,0,0,44,1,45.0,41.7,93.2,12.5,5,2,0,1,0,1,2.3,204,6.4
2023,4,False,passing,pff,Baker Mayfield,46518,QB,TB,30,1,86.2,29,32,5.8,3.13,0,0,0.0,78.1,25,0,11,0.0,38,0,0.37,14,79.8,68.0,62.2,79.7,0,1,41,2,50.0,9.1,116.9,2.6,1,5,0,3,3,2,4.9,246,7.7
2023,4,False,passing,pff,Desmond Ridder,55086,QB,ATL,2,1,65.5,29,31,9.5,2.32,1,0,0.0,61.3,19,0,14,0.0,36,0,-0.54,11,78.4,47.2,47.7,58.3,0,2,37,0,47.2,28.6,62.7,11.1,4,1,0,1,1,3,8.1,191,6.2
2023,4,False,passing,pff,C.J. Stroud,129759,QB,HST,13,1,72.0,25,30,9.0,2.5,0,1,3.1,53.3,16,0,10,11.1,32,2,0.32,15,78.6,79.7,75.0,73.8,1,0,34,1,56.3,0.0,111.3,0.0,0,2,2,2,2,0,0.0,306,10.2
2023,4,False,passing,pff,Patrick Mahomes,11765,QB,KC,16,1,76.9,26,30,7.5,3.19,0,0,0.0,60.0,18,0,17,10.0,35,2,0.14,12,28.9,52.3,48.4,65.5,4,2,39,0,51.4,5.9,63.6,2.9,1,4,0,0,1,3,7.7,203,6.8
2023,4,False,passing,pff,Joe Burrow,28022,QB,CIN,7,1,84.0,25,30,4.5,2.25,1,0,0.0,66.7,20,0,15,4.8,35,1,-0.39,9,78.5,50.8,54.1,47.5,2,0,36,0,48.6,20.0,80.6,8.6,3,2,0,2,0,1,2.8,165,5.5
2023,4,False,passing,pff,Trevor Lawrence,77632,QB,JAX,15,1,79.3,29,30,6.3,2.48,0,0,0.0,76.7,23,0,10,0.0,36,0,0.19,13,79.6,70.6,67.8,67.0,1,0,38,0,52.8,20.0,105.8,5.6,2,4,0,0,1,0,0.0,207,6.9
2023,4,False,passing,pff,Russell Wilson,7077,QB,DEN,10,1,84.6,26,28,7.0,2.99,0,2,7.1,75.0,21,0,10,4.5,31,1,0.46,10,78.1,81.8,79.8,66.0,0,0,31,0,45.2,10.0,133.5,3.2,1,2,0,2,3,0,0.0,223,8.0
2023,4,False,passing,pff,Jared Goff,10635,QB,DET,11,1,80.8,26,28,6.5,2.65,1,1,3.4,67.9,19,0,9,9.5,31,2,0.13,12,78.0,72.9,69.5,68.3,0,1,32,0,48.4,22.2,86.9,6.5,2,1,0,1,1,1,3.1,210,7.5
2023,4,False,passing,pff,Anthony Richardson,124393,QB,IND,14,1,56.5,23,25,13.5,3.03,1,2,7.1,44.0,11,0,11,15.4,30,2,0.16,11,17.8,54.3,60.3,45.2,0,0,35,0,36.7,18.2,98.8,6.7,2,3,0,1,2,1,2.9,200,8.0
2023,4,False,passing,pff,Ryan Tannehill,7014,QB,TEN,31,1,72.0,25,25,12.6,2.82,0,2,7.4,72.0,18,0,13,0.0,31,0,0.21,10,37.4,67.5,69.3,55.2,0,1,34,0,51.6,23.1,98.8,9.7,3,3,0,0,1,1,2.9,240,9.6
2023,4,False,passing,pff,Josh Allen,46601,QB,BUF,4,1,87.5,24,25,8.7,3.09,1,3,11.5,84.0,21,0,8,0.0,29,0,0.67,14,77.9,91.1,91.3,59.0,0,0,30,0,69.0,25.0,158.3,6.9,2,2,0,0,4,0,0.0,320,12.8
2023,4,False,passing,pff,Justin Herbert,28237,QB,LAC,27,1,60.9,23,24,12.5,3.27,1,1,4.2,54.2,13,0,15,7.1,32,1,0.07,8,29.3,67.1,60.0,73.7,0,1,33,0,40.6,13.3,72.7,6.3,2,5,0,0,1,3,9.1,167,7.0
2023,4,False,passing,pff,Kenny Pickett,60515,QB,PIT,25,1,68.2,22,23,6.6,2.98,0,0,0.0,65.2,15,0,13,0.0,27,0,-0.53,4,77.6,58.2,53.9,71.0,0,1,30,0,29.6,23.1,59.0,11.1,3,1,0,1,0,1,3.3,114,5.0
2023,4,False,passing,pff,Brock Purdy,77672,QB,SF,28,1,95.2,21,21,8.8,2.3,0,2,8.7,95.2,20,0,3,0.0,23,0,0.98,17,76.9,79.8,76.9,65.1,0,0,25,0,91.3,33.3,134.6,4.3,1,0,0,0,1,1,4.0,283,13.5
2023,4,False,passing,pff,Mac Jones,60323,QB,NE,19,1,66.7,21,21,6.2,3.07,0,1,4.8,57.1,12,0,12,14.3,24,2,-0.67,6,24.7,24.7,25.6,48.1,0,2,24,0,33.3,8.3,39.9,4.2,1,2,0,0,0,5,20.8,150,7.1
2023,4,False,passing,pff,Geno Smith,7820,QB,SEA,29,1,76.5,17,20,6.6,2.84,2,0,0.0,65.0,13,0,10,0.0,22,0,-0.35,4,76.1,74.5,76.1,,1,0,24,1,40.9,20.0,95.8,9.1,2,0,0,0,1,0,0.0,110,5.5
2023,4,False,passing,pff,Lamar Jackson,46416,QB,BLT,3,1,88.2,17,19,7.5,3.21,1,2,9.1,78.9,15,0,12,0.0,26,0,0.29,9,20.7,70.7,81.8,43.5,0,0,29,0,42.3,25.0,142.5,11.5,3,3,0,1,2,1,3.4,186,9.8
2023,4,False,passing,pff,Kirk Cousins,7102,QB,MIN,18,1,66.7,18,19,9.3,2.69,0,1,4.3,63.2,12,0,5,0.0,21,0,-0.69,9,25.3,53.3,58.5,51.3,0,2,25,0,47.6,40.0,80.7,9.5,2,0,0,1,2,1,4.0,139,7.3
2023,4,False,passing,pff,Bailey Zappe,60396,QB,NE,19,1,50.0,8,9,12.6,2.65,0,0,0.0,44.4,4,0,6,0.0,10,0,-0.28,2,71.4,70.6,69.5,,0,0,10,0,30.0,16.7,65.5,10.0,1,0,0,1,0,0,0.0,57,6.3
2023,4,False,passing,pff,Drew Lock,39517,QB,SEA,29,1,60.0,5,6,11.0,2.33,1,0,0.0,33.3,2,0,2,33.3,6,1,0.01,2,69.9,59.7,55.7,62.9,0,0,6,0,33.3,0.0,73.6,0.0,0,0,0,0,0,0,0.0,63,10.5
2023,4,False,passing,pff,Mitch Trubisky,11757,QB,PIT,25,1,60.0,5,5,5.4,2.38,0,0,0.0,60.0,3,0,1,0.0,5,0,-0.19,1,68.0,29.2,29.7,,0,0,5,0,40.0,0.0,67.1,0.0,0,0,0,0,0,1,20.0,18,3.6
2023,4,False,passing,pff,Cooper Rush,12324,QB,DAL,9,1,100.0,2,2,9.5,1.9,0,0,0.0,100.0,2,0,1,0.0,2,0,1.35,1,69.1,54.2,52.7,60.5,0,0,2,0,100.0,0.0,108.3,0.0,0,0,0,0,0,0,0.0,20,10.0
2023,4,False,passing,pff,Taysom Hill,12112,TE,NO,20,1,100.0,1,1,8.0,3.47,0,0,0.0,100.0,1,0,2,0.0,3,0,0.05,1,71.0,58.5,58.2,66.3,0,0,4,0,33.3,50.0,118.8,33.3,1,1,0,0,0,0,0.0,13,13.0
2023,4,False,passing,pff,Derrick Henry,10679,HB,TEN,31,1,100.0,1,1,8.0,2.3,0,0,0.0,100.0,1,0,0,0.0,1,0,1.88,1,78.2,89.8,70.4,85.9,0,0,1,0,100.0,,118.8,0.0,0,0,0,0,1,0,0.0,2,2.0
2023,4,False,passing,pff,Chris Godwin,11839,WR,TB,30,1,0.0,1,1,18.0,3.6,0,0,0.0,0.0,0,0,0,,1,0,-0.72,0,70.6,76.0,49.6,,0,0,1,0,0.0,,39.6,0.0,0,0,0,0,0,0,0.0,0,0.0
2023,4,False,passing,pff,Jameis Winston,9434,QB,NO,20,1,0.0,1,1,35.0,3.3,0,0,0.0,0.0,0,0,1,,1,0,-3.93,0,60.4,37.5,39.9,,0,1,1,0,0.0,0.0,0.0,0.0,0,0,0,0,0,1,100.0,0,0.0
2023,4,False,passing,pff,Devin Singletary,40485,HB,HST,13,1,100.0,1,1,12.0,2.7,0,0,0.0,100.0,1,0,1,0.0,1,0,2.22,1,73.2,68.4,69.5,64.6,0,0,1,0,100.0,0.0,131.3,0.0,0,0,0,0,1,0,0.0,6,6.0
2023,5,False,passing,pff,Sam Howell,97599,QB,WAS,32,1,80.9,47,51,8.5,2.84,1,3,5.7,72.5,37,0,23,2.6,60,1,0.0,21,81.9,61.4,59.7,65.3,0,1,64,0,45.0,21.7,99.1,8.3,5,4,0,3,2,2,3.1,388,7.6
2023,5,False,passing,pff,Kirk Cousins,7102,QB,MIN,18,1,81.4,43,47,7.7,2.54,0,0,0.0,61.7,29,0,15,17.1,50,6,0.1,15,81.5,77.5,73.3,75.6,3,0,55,1,40.0,20.0,92.9,6.0,3,0,1,0,2,2,3.6,284,6.0
2023,5,False,passing,pff,Joe Burrow,28022,QB,CIN,7,1,81.8,44,46,7.1,2.48,0,2,4.2,78.3,36,0,10,0.0,51,0,0.12,20,81.1,78.7,77.0,63.7,0,1,53,0,56.9,30.0,108.1,5.9,3,2,0,2,3,1,1.9,317,6.9
2023,5,False,passing,pff,Patrick Mahomes,11765,QB,KC,16,1,86.8,38,41,6.2,2.48,0,2,4.8,75.6,31,0,14,6.1,43,2,0.4,15,79.6,84.1,82.4,,0,0,44,2,53.5,14.3,109.9,4.7,2,0,1,2,2,1,2.3,281,6.9
2023,5,False,passing,pff,Bryce Young,123943,QB,CAR,5,1,75.8,33,41,7.8,2.81,0,2,4.3,61.0,25,1,16,0.0,44,0,0.12,15,80.3,56.6,58.4,58.3,1,2,49,3,52.3,6.3,82.1,2.3,1,1,0,7,3,1,2.0,247,6.0
2023,5,False,passing,pff,Josh Allen,46601,QB,BUF,4,1,83.3,36,40,11.9,2.98,0,1,2.3,67.5,27,0,13,10.0,43,3,0.32,15,80.5,91.5,89.7,74.0,1,1,49,0,55.8,0.0,102.0,0.0,0,3,0,3,2,0,0.0,359,9.0
2023,5,False,passing,pff,Lamar Jackson,46416,QB,BLT,3,1,78.4,37,38,11.5,2.92,1,3,7.9,57.9,22,0,17,24.1,45,7,-0.45,11,80.4,94.0,92.8,74.9,0,1,47,0,42.2,23.5,65.2,8.9,4,3,0,0,0,1,2.1,236,6.2
2023,5,False,passing,pff,Jalen Hurts,40291,QB,PHI,24,1,76.5,34,38,7.4,3.27,0,3,7.7,65.8,25,0,16,3.8,43,1,0.37,15,81.5,79.0,75.9,73.9,1,1,44,1,60.5,6.3,87.9,2.3,1,4,0,3,1,1,2.3,303,8.0
2023,5,False,passing,pff,Trevor Lawrence,77632,QB,JAX,15,1,81.8,33,37,9.4,2.73,4,2,4.8,67.6,25,0,17,7.4,47,2,0.22,16,23.6,75.8,74.3,65.1,0,0,52,0,57.4,29.4,102.9,10.6,5,5,0,0,1,3,5.8,315,8.5
2023,5,False,passing,pff,Desmond Ridder,55086,QB,ATL,2,1,80.6,36,37,8.0,2.42,1,2,5.3,75.7,28,0,9,3.4,38,1,0.25,17,79.5,87.9,86.7,61.9,0,0,39,0,57.9,0.0,111.2,0.0,0,1,0,0,1,0,0.0,329,8.9
2023,5,False,passing,pff,Matthew Stafford,4924,QB,LA,26,1,68.6,35,37,9.5,2.26,0,2,5.3,56.8,21,0,16,12.5,42,3,-0.03,13,79.5,69.5,68.5,,0,0,43,1,40.5,25.0,92.4,9.5,4,0,0,2,2,1,2.3,222,6.0
2023,5,False,passing,pff,C.J. Stroud,129759,QB,HST,13,1,76.7,30,35,9.2,3.06,2,1,2.8,57.1,20,0,5,13.0,35,3,0.07,13,78.7,74.2,71.5,62.6,0,0,36,0,42.9,0.0,88.9,0.0,0,0,0,3,1,1,2.8,249,7.1
2023,5,False,passing,pff,Ryan Tannehill,7014,QB,TEN,31,1,77.4,31,34,8.3,2.76,1,1,2.8,67.6,23,0,13,4.2,36,1,0.24,15,79.0,75.7,72.5,68.3,1,1,38,0,58.3,7.7,78.6,2.8,1,1,1,0,0,1,2.6,264,7.8
2023,5,False,passing,pff,Joshua Dobbs,11890,QB,ARZ,1,1,64.3,28,32,10.4,2.82,1,2,6.3,46.9,15,0,14,16.7,36,3,-0.43,10,78.9,53.7,53.5,58.9,1,2,36,0,36.1,21.4,57.6,8.3,3,0,0,2,2,2,5.6,166,5.2
2023,5,False,passing,pff,Kenny Pickett,60515,QB,PIT,25,1,58.1,31,32,10.1,2.68,0,3,9.1,56.3,18,0,11,0.0,37,0,0.12,11,79.8,66.9,66.6,58.7,0,0,38,0,37.8,27.3,88.5,8.1,3,1,0,1,1,0,0.0,224,7.0
2023,5,False,passing,pff,Russell Wilson,7077,QB,DEN,10,1,76.9,26,31,6.4,3.45,1,0,0.0,64.5,20,0,17,0.0,41,0,-0.07,12,29.1,42.8,43.5,53.8,0,0,44,1,39.0,23.5,103.7,9.8,4,6,1,3,2,3,6.8,196,6.3
2023,5,False,passing,pff,Jimmy Garoppolo,8697,QB,LV,23,1,82.1,28,31,5.7,2.6,1,0,0.0,71.0,22,0,9,4.3,35,1,-0.05,13,78.9,51.5,49.8,63.5,0,1,35,0,48.6,33.3,86.5,8.6,3,1,1,1,1,1,2.9,208,6.7
2023,5,False,passing,pff,Jordan Love,40306,QB,GB,12,1,67.9,28,30,8.8,2.82,0,1,3.3,53.3,16,0,11,15.8,34,3,-0.36,9,78.3,53.0,47.1,74.7,0,3,35,1,41.2,18.2,32.2,5.9,2,2,0,2,0,2,5.7,182,6.1
2023,5,False,passing,pff,Tua Tagovailoa,60326,QB,MIA,17,1,78.6,28,30,4.8,2.15,0,2,6.7,73.3,22,0,5,0.0,32,0,0.02,14,78.0,56.5,56.5,57.9,0,2,32,0,59.4,20.0,100.4,3.1,1,1,1,1,2,2,6.3,308,10.3
2023,5,False,passing,pff,Justin Fields,82118,QB,CHI,6,1,68.2,22,29,12.2,3.06,2,3,10.3,51.7,15,0,17,0.0,33,0,0.37,10,80.1,77.9,68.1,82.1,0,0,33,0,36.4,17.6,125.3,9.1,3,1,0,5,4,0,0.0,282,9.7
2023,5,False,passing,pff,Jared Goff,10635,QB,DET,11,1,92.3,26,28,6.5,2.57,0,3,10.7,71.4,20,0,12,16.7,30,4,0.31,11,77.9,93.9,92.8,65.1,0,0,30,0,53.3,16.7,132.4,6.7,2,0,0,2,3,0,0.0,236,8.4
2023,5,False,passing,pff,Zach Wilson,82096,QB,NYJ,22,1,84.0,25,26,6.8,2.81,1,1,3.7,73.1,19,0,10,9.5,33,2,0.0,10,21.9,66.3,58.0,80.9,0,1,35,0,42.4,40.0,78.8,12.1,4,3,0,0,0,2,5.7,199,7.7
2023,5,False,passing,pff,Derek Carr,8671,QB,NO,20,1,72.0,25,26,9.5,2.78,0,3,11.5,69.2,18,0,7,0.0,29,0,0.12,11,77.4,79.8,79.7,57.8,0,0,29,1,44.8,28.6,114.7,6.9,2,1,0,1,2,1,3.4,183,7.0
2023,5,False,passing,pff,Dak Prescott,10769,QB,DAL,9,1,62.5,24,24,11.9,2.76,0,1,4.2,58.3,14,0,14,6.7,27,1,-0.51,5,77.1,46.0,44.3,62.6,0,3,27,0,40.7,21.4,51.6,11.1,3,0,0,0,1,2,7.4,153,6.4
2023,5,False,passing,pff,Brock Purdy,77672,QB,SF,28,1,85.7,21,24,9.2,2.26,2,3,10.7,70.8,17,0,8,5.6,26,1,0.66,12,77.4,85.3,85.5,,0,0,30,1,69.2,12.5,144.4,3.8,1,0,0,1,4,0,0.0,252,10.5
2023,5,False,passing,pff,Mac Jones,60323,QB,NE,19,1,57.1,21,22,9.4,2.48,1,1,4.2,54.5,12,0,10,0.0,24,0,-0.79,4,25.5,55.7,65.1,41.6,0,2,26,0,20.8,20.0,30.5,8.3,2,0,0,0,0,2,7.7,110,5.0
2023,5,False,passing,pff,Daniel Jones,39395,QB,NYG,21,1,77.8,18,20,7.1,2.66,1,2,9.5,70.0,14,0,12,0.0,27,0,-0.15,7,78.0,87.1,78.6,82.5,0,0,28,0,40.7,50.0,85.2,22.2,6,1,0,1,0,0,0.0,119,6.0
2023,5,False,passing,pff,Gardner Minshew,41401,QB,IND,14,1,84.6,13,14,4.7,2.93,0,0,0.0,78.6,11,0,8,0.0,15,0,0.67,7,74.9,72.5,74.6,53.9,0,0,18,1,60.0,0.0,112.8,0.0,0,1,0,1,0,0,0.0,155,11.1
2023,5,False,passing,pff,Tyrod Taylor,6332,QB,NYG,21,1,90.9,11,12,6.4,3.0,0,0,0.0,75.0,9,0,10,10.0,16,1,0.17,5,74.5,48.7,51.4,53.0,0,0,18,0,56.3,10.0,94.4,6.3,1,3,0,1,0,0,0.0,86,7.2
2023,5,False,passing,pff,Anthony Richardson,124393,QB,IND,14,1,81.8,11,12,9.5,2.51,0,1,7.7,75.0,9,0,5,0.0,13,0,0.23,5,21.9,50.0,54.5,50.2,0,0,14,1,46.2,20.0,98.6,7.7,1,0,0,1,0,1,7.1,98,8.2
2023,5,False,passing,pff,Bailey Zappe,60396,QB,NE,19,1,33.3,9,9,14.4,2.98,0,0,0.0,33.3,3,0,3,0.0,9,0,-0.87,0,70.9,31.5,33.0,,0,0,9,0,11.1,0.0,42.4,0.0,0,0,0,0,0,0,0.0,22,2.4
2023,5,False,passing,pff,Cooper Rush,12324,QB,DAL,9,1,100.0,2,2,0.5,1.97,0,0,0.0,100.0,2,0,1,0.0,3,0,-0.59,0,67.4,60.9,59.9,60.0,0,0,3,0,33.3,100.0,83.3,33.3,1,0,0,0,0,0,0.0,8,4.0
2023,5,False,passing,pff,Drake London,86519,WR,ATL,2,1,100.0,1,1,12.0,4.0,0,0,0.0,100.0,1,0,1,0.0,1,0,1.74,1,69.5,74.4,69.5,,0,0,1,0,100.0,0.0,118.8,0.0,0,0,0,0,0,0,0.0,22,22.0
2023,5,False,passing,pff,Derrick Henry,10679,HB,TEN,31,1,0.0,1,1,22.0,3.3,0,0,0.0,0.0,0,0,0,,1,0,-0.34,0,76.0,60.9,57.4,59.5,0,0,1,0,0.0,,39.6,0.0,0,0,0,0,0,0,0.0,0,0.0
2023,5,False,passing,pff,Sam Darnold,29048,QB,SF,28,1,100.0,1,1,-2.0,1.1,0,0,0.0,100.0,1,0,0,0.0,1,0,-1.3,0,64.5,62.2,60.4,60.0,0,0,1,1,0.0,,79.2,0.0,0,0,0,0,0,0,0.0,1,1.0
2023,6,False,passing,pff,Gardner Minshew,41401,QB,IND,14,1,72.0,50,55,7.8,2.5,1,2,3.4,60.0,33,0,16,8.3,60,3,-0.35,14,39.4,40.2,42.7,48.8,0,3,63,0,35.0,18.8,60.3,5.0,3,2,0,4,1,7,11.1,329,6.0
2023,6,False,passing,pff,Derek Carr,8671,QB,NO,20,1,73.3,45,50,10.9,2.47,0,2,3.7,64.0,32,0,23,3.0,52,1,0.16,13,81.3,68.5,66.4,62.6,1,1,56,1,46.2,8.7,83.2,3.8,2,0,0,4,1,0,0.0,353,7.1
2023,6,False,passing,pff,Desmond Ridder,55086,QB,ATL,2,1,67.4,43,47,9.5,2.62,1,1,2.0,59.6,28,0,13,3.4,52,1,-0.15,20,35.4,41.4,40.0,74.0,0,3,55,2,44.2,23.1,66.5,5.8,3,2,1,2,2,4,7.3,307,6.5
2023,6,False,passing,pff,Jalen Hurts,40291,QB,PHI,24,1,73.8,42,45,9.3,3.51,1,3,6.5,62.2,28,0,21,9.7,50,3,-0.21,17,81.3,67.5,65.7,65.0,0,3,51,0,42.0,9.5,59.5,4.0,2,3,0,2,1,3,5.9,280,6.2
2023,6,False,passing,pff,Jared Goff,10635,QB,DET,11,1,80.0,40,44,7.0,2.5,1,0,0.0,68.2,30,0,13,6.3,48,2,0.46,16,80.3,75.1,74.6,57.9,0,0,48,0,52.1,23.1,107.5,6.3,3,1,0,3,2,0,0.0,353,8.0
2023,6,False,passing,pff,Joshua Dobbs,11890,QB,ARZ,1,1,63.9,36,41,10.4,3.05,1,0,0.0,51.2,21,0,22,8.7,46,2,-0.14,14,80.9,56.4,51.6,69.7,1,1,48,1,41.3,9.1,58.5,4.3,2,3,0,3,0,2,4.2,235,5.7
2023,6,False,passing,pff,Geno Smith,7820,QB,SEA,29,1,77.1,35,41,9.6,3.01,0,3,6.8,65.9,27,0,22,0.0,48,0,-0.11,14,80.7,70.3,69.2,61.8,2,2,51,0,45.8,18.2,69.8,8.3,4,3,0,4,0,2,3.9,326,8.0
2023,6,False,passing,pff,Patrick Mahomes,11765,QB,KC,16,1,86.5,37,40,4.8,2.98,1,2,4.8,75.0,30,0,13,6.3,45,2,0.07,16,80.6,64.7,61.3,69.8,0,1,47,1,55.6,15.4,94.4,4.4,2,3,0,2,1,2,4.3,306,7.7
2023,6,False,passing,pff,Bryce Young,123943,QB,CAR,5,1,72.7,33,38,8.3,2.74,0,2,5.3,60.5,23,0,15,4.2,42,1,-0.34,13,29.1,60.0,59.3,,1,0,43,0,35.7,26.7,85.1,9.5,4,0,0,4,1,1,2.3,217,5.7
2023,6,False,passing,pff,Baker Mayfield,46518,QB,TB,30,1,58.8,34,37,12.8,2.78,2,1,2.6,51.4,19,0,15,5.0,41,1,-0.2,12,79.5,57.8,58.8,54.2,1,1,43,0,39.0,6.7,56.8,2.4,1,2,0,0,0,1,2.3,206,5.6
2023,6,False,passing,pff,Justin Herbert,28237,QB,LAC,27,1,64.7,34,37,7.1,2.91,1,1,2.2,59.5,22,0,21,0.0,44,0,0.03,13,80.9,62.5,62.8,57.6,2,1,54,0,40.9,4.8,84.0,2.3,1,6,0,0,2,1,1.9,227,6.1
2023,6,False,passing,pff,Tyrod Taylor,6332,QB,NYG,21,1,80.0,30,36,7.5,2.61,0,3,7.7,66.7,24,0,19,0.0,44,0,0.05,12,27.7,79.3,75.8,70.7,0,0,48,0,52.3,15.8,80.8,6.8,3,5,2,4,0,1,2.1,200,5.6
2023,6,False,passing,pff,Joe Burrow,28022,QB,CIN,7,1,76.5,34,35,5.9,2.48,1,0,0.0,68.6,24,0,7,7.7,39,2,-0.13,11,79.3,57.5,55.1,66.4,0,1,40,0,46.2,42.9,88.4,7.7,3,1,0,0,2,1,2.5,185,5.3
2023,6,False,passing,pff,P.J. Walker,12134,QB,CLV,8,1,59.4,32,34,8.5,2.61,1,1,2.6,52.9,18,0,16,5.3,37,1,-0.5,6,79.6,26.4,26.4,59.4,0,2,41,1,32.4,12.5,45.2,5.4,2,1,0,1,0,5,12.2,192,5.6
2023,6,False,passing,pff,Zach Wilson,82096,QB,NYJ,22,1,68.8,32,33,7.5,2.62,0,0,0.0,57.6,19,0,15,13.6,40,3,-0.23,9,80.1,67.7,65.5,66.4,0,0,45,0,37.5,33.3,73.5,12.5,5,2,0,1,0,0,0.0,186,5.6
2023,6,False,passing,pff,Mac Jones,60323,QB,NE,19,1,86.7,30,33,5.5,2.2,1,1,2.9,72.7,24,0,5,7.7,36,2,-0.03,7,79.0,39.5,41.7,60.0,0,1,38,1,52.8,60.0,75.3,8.3,3,0,0,2,0,2,5.3,200,6.1
2023,6,False,passing,pff,Tua Tagovailoa,60326,QB,MIA,17,1,84.6,26,31,9.5,2.33,3,4,12.5,67.7,21,0,5,4.5,31,1,0.46,14,26.8,81.2,88.4,41.2,0,0,32,0,48.4,0.0,126.0,0.0,0,0,0,2,3,1,3.1,262,8.5
2023,6,False,passing,pff,Kirk Cousins,7102,QB,MIN,18,1,83.3,30,31,6.3,2.56,0,2,6.3,67.7,21,0,10,16.0,33,4,-0.27,8,25.4,83.5,82.8,64.7,0,0,34,2,42.4,20.0,93.6,6.1,2,0,0,1,1,1,2.9,181,5.8
2023,6,False,passing,pff,Josh Allen,46601,QB,BUF,4,1,65.5,29,30,9.4,3.19,0,2,6.3,63.3,19,0,13,0.0,32,0,-0.15,12,78.1,72.2,74.0,51.1,1,1,34,0,50.0,0.0,86.7,0.0,0,2,0,0,2,0,0.0,169,5.6
2023,6,False,passing,pff,Trevor Lawrence,77632,QB,JAX,15,1,71.4,28,30,8.3,2.47,0,0,0.0,66.7,20,0,9,0.0,35,0,-0.11,6,78.8,52.4,46.7,78.4,1,1,37,0,40.0,33.3,91.1,8.6,3,2,0,1,2,3,8.1,181,6.0
2023,6,False,passing,pff,Dak Prescott,10769,QB,DAL,9,1,73.3,30,30,9.2,3.38,0,2,6.5,70.0,21,0,15,4.5,38,1,0.38,13,80.0,90.0,90.7,58.8,0,0,41,0,52.6,33.3,109.3,13.2,5,3,0,0,1,0,0.0,272,9.1
2023,6,False,passing,pff,Lamar Jackson,46416,QB,BLT,3,1,72.4,29,30,7.8,3.36,0,2,6.5,70.0,21,0,14,0.0,37,0,0.18,11,80.2,74.3,73.3,65.3,0,1,38,0,51.4,7.1,88.6,2.7,1,6,0,1,1,1,2.6,223,7.4
2023,6,False,passing,pff,C.J. Stroud,129759,QB,HST,13,1,54.2,24,27,8.9,3.44,0,2,6.7,48.1,13,0,12,0.0,30,0,-0.06,9,78.4,58.2,59.1,54.6,0,1,33,0,43.3,16.7,82.2,6.7,2,1,0,3,2,1,3.0,199,7.4
2023,6,False,passing,pff,Brock Purdy,77672,QB,SF,28,1,56.5,23,27,9.3,2.64,0,1,3.1,44.4,12,0,15,7.7,31,1,-0.42,5,26.0,44.1,41.4,74.8,0,1,36,2,32.3,20.0,55.3,9.7,3,1,1,3,1,3,8.3,125,4.6
2023,6,False,passing,pff,Matthew Stafford,4924,QB,LA,26,1,84.2,19,24,10.2,2.33,0,4,16.0,62.5,15,0,10,6.3,28,1,0.11,7,77.2,90.0,89.6,58.3,0,0,29,0,42.9,30.0,107.3,10.7,3,1,2,3,1,0,0.0,226,9.4
2023,6,False,passing,pff,Sam Howell,97599,QB,WAS,32,1,68.2,22,23,9.5,3.02,0,2,8.3,60.9,14,0,11,6.7,29,1,-0.07,9,78.1,69.0,68.0,61.6,0,0,30,0,37.9,45.5,119.7,17.2,5,1,0,1,3,0,0.0,151,6.6
2023,6,False,passing,pff,Jimmy Garoppolo,8697,QB,LV,23,1,83.3,18,22,8.3,3.07,2,0,0.0,63.6,14,0,7,6.7,23,1,0.17,8,76.6,80.7,79.1,62.6,1,1,25,0,47.8,0.0,82.0,0.0,0,1,0,1,1,0,0.0,162,7.4
2023,6,False,passing,pff,Russell Wilson,7077,QB,DEN,10,1,73.7,19,22,6.5,3.04,3,1,4.2,59.1,13,0,11,7.1,29,1,-0.8,6,77.8,68.3,57.2,86.6,0,2,31,0,34.5,36.4,46.6,13.8,4,3,0,0,1,1,3.2,95,4.3
2023,6,False,passing,pff,Ryan Tannehill,7014,QB,TEN,31,1,64.3,14,16,9.9,2.42,1,1,5.0,50.0,8,0,8,11.1,18,1,-0.69,3,75.6,45.4,45.7,,0,1,22,0,38.9,25.0,37.5,11.1,2,0,0,1,0,1,4.5,76,4.8
2023,6,False,passing,pff,Tyson Bagent,169628,QB,CHI,6,1,76.9,13,14,8.8,2.25,1,1,6.7,71.4,10,0,5,0.0,15,0,-1.31,5,22.7,56.6,54.0,64.3,0,1,16,0,46.7,20.0,56.5,6.7,1,0,0,0,0,2,12.5,83,5.9
2023,6,False,passing,pff,Justin Fields,82118,QB,CHI,6,1,70.0,10,10,3.3,3.38,0,0,0.0,60.0,6,0,11,14.3,17,1,-0.49,4,76.1,61.0,60.0,60.6,0,1,17,0,29.4,36.4,36.7,23.5,4,3,0,0,0,0,0.0,58,5.8
2023,6,False,passing,pff,Brian Hoyer,5277,QB,LV,23,1,60.0,10,10,13.5,2.29,0,2,18.2,60.0,6,0,1,0.0,10,0,0.39,4,73.6,66.7,65.6,60.5,0,0,11,0,50.0,0.0,94.6,0.0,0,0,0,0,0,0,0.0,102,10.2
2023,6,False,passing,pff,Malik Willis,60341,QB,TEN,31,1,80.0,5,5,7.6,3.55,0,0,0.0,80.0,4,0,6,0.0,12,0,-0.17,2,74.0,48.5,48.4,57.2,0,0,15,0,41.7,66.7,118.8,33.3,4,3,0,0,0,0,0.0,74,14.8
2023,6,False,passing,pff,Johnny Hekker,7252,P,CAR,5,1,100.0,1,1,-4.0,2.3,0,0,0.0,100.0,1,0,0,0.0,1,0,-1.78,0,60.4,60.8,60.3,,0,0,1,0,0.0,,95.8,0.0,0,0,0,0,0,0,0.0,7,7.0
2023,6,False,passing,pff,Taysom Hill,12112,TE,NO,20,1,100.0,1,1,4.0,1.4,0,0,0.0,100.0,1,0,1,0.0,1,0,0.24,0,70.9,54.5,60.0,59.6,0,0,1,0,100.0,0.0,83.3,0.0,0,0,0,0,0,0,0.0,4,4.0
2023,6,False,passing,pff,Kadarius Toney,61245,WR,KC,16,1,0.0,1,1,16.0,4.6,0,0,0.0,0.0,0,0,1,,1,0,-0.44,0,69.4,59.7,55.1,55.7,0,0,1,0,0.0,0.0,39.6,0.0,0,0,0,0,0,0,0.0,0,0.0
2023,6,False,passing,pff,Mike White,46453,QB,MIA,17,1,0.0,1,1,1.0,1.8,0,0,0.0,0.0,0,0,0,,1,0,-9.55,0,68.2,23.1,39.0,60.5,0,1,1,0,0.0,,0.0,0.0,0,0,0,0,0,1,100.0,0,0.0
2023,7,False,passing,pff,Derek Carr,8671,QB,NO,20,1,70.0,50,55,6.6,2.59,0,2,3.4,60.0,33,0,23,5.7,59,2,-0.21,16,38.8,54.7,55.2,55.9,2,1,62,0,35.6,4.3,73.4,1.7,1,3,0,3,1,2,3.2,301,5.5
2023,7,False,passing,pff,Jared Goff,10635,QB,DET,11,1,73.5,49,53,7.3,2.61,0,1,1.8,62.3,33,0,19,8.3,58,3,-0.25,13,26.2,58.6,58.3,,0,1,61,1,39.7,26.3,68.4,8.6,5,0,0,4,0,2,3.3,284,5.4
2023,7,False,passing,pff,Kirk Cousins,7102,QB,MIN,18,1,83.3,42,45,6.4,2.45,0,3,6.4,77.8,35,0,16,0.0,45,0,0.33,18,80.4,77.2,78.5,57.5,1,1,47,1,48.9,0.0,107.2,0.0,0,0,1,1,2,1,2.1,378,8.4
2023,7,False,passing,pff,Patrick Mahomes,11765,QB,KC,16,1,85.0,40,42,9.4,3.07,0,2,4.4,76.2,32,0,14,5.9,46,2,0.52,23,80.6,90.7,87.3,74.4,0,1,49,0,63.0,7.1,129.5,2.2,1,2,0,2,4,1,2.0,424,10.1
2023,7,False,passing,pff,Baker Mayfield,46518,QB,TB,30,1,74.4,39,42,7.3,2.76,1,1,2.1,64.3,27,0,14,6.9,46,2,-0.03,14,34.1,63.0,57.8,79.7,1,1,52,0,41.3,21.4,81.0,6.5,3,1,0,1,1,1,1.9,275,6.5
2023,7,False,passing,pff,Sam Howell,97599,QB,WAS,32,1,71.4,35,42,8.4,2.6,1,3,7.0,52.4,22,0,20,12.0,49,3,-0.33,10,80.6,44.7,45.2,64.3,0,1,50,2,40.8,30.0,60.5,12.2,6,1,0,6,0,3,6.0,249,5.9
2023,7,False,passing,pff,Josh Allen,46601,QB,BUF,4,1,75.7,37,41,10.6,3.15,0,2,4.4,65.9,27,0,19,3.6,46,1,0.21,14,81.0,65.3,67.0,58.9,0,1,50,1,56.5,5.3,90.0,2.2,1,4,0,4,2,1,2.0,265,6.5
2023,7,False,passing,pff,Joshua Dobbs,11890,QB,ARZ,1,1,64.5,31,33,6.7,2.94,1,1,2.9,57.6,19,0,13,5.0,38,1,-0.38,8,30.9,60.6,54.9,72.1,1,0,42,0,31.6,30.8,68.5,10.5,4,1,0,0,0,2,4.8,146,4.4
2023,7,False,passing,pff,Brian Hoyer,5277,QB,LV,23,1,59.4,32,32,6.9,2.25,0,1,2.9,53.1,17,0,4,10.5,33,2,-0.43,10,78.4,50.4,50.6,,0,2,36,0,42.4,25.0,37.1,3.0,1,0,0,0,0,1,2.8,129,4.0
2023,7,False,passing,pff,Tua Tagovailoa,60326,QB,MIA,17,1,80.6,31,32,8.7,2.24,0,3,9.1,71.9,23,0,11,8.0,35,2,-0.12,9,78.7,85.7,85.8,60.0,0,1,36,1,42.9,27.3,87.5,8.6,3,0,0,1,1,0,0.0,216,6.8
2023,7,False,passing,pff,P.J. Walker,12134,QB,CLV,8,1,64.3,28,32,8.3,2.77,1,1,3.0,46.9,15,0,11,16.7,35,3,-0.08,9,25.9,50.0,49.8,54.0,1,1,37,0,34.3,18.2,51.3,5.7,2,1,1,1,0,2,5.4,178,5.6
2023,7,False,passing,pff,Jordan Love,40306,QB,GB,12,1,72.4,29,31,7.4,2.46,1,0,0.0,67.7,21,0,12,0.0,33,0,0.24,13,78.6,60.1,58.5,62.0,0,1,34,0,45.5,0.0,90.8,0.0,0,2,0,1,2,1,2.9,180,5.8
2023,7,False,passing,pff,Jalen Hurts,40291,QB,PHI,24,1,79.3,29,31,8.1,2.8,1,3,9.1,74.2,23,0,16,0.0,36,0,0.09,13,32.0,80.5,73.4,78.8,0,1,38,0,50.0,18.8,109.5,8.3,3,2,0,1,2,1,2.6,279,9.0
2023,7,False,passing,pff,Brock Purdy,77672,QB,SF,28,1,81.5,27,30,8.7,2.55,1,3,10.0,70.0,21,0,12,4.5,33,1,0.25,13,78.6,65.3,61.9,74.4,0,2,33,1,63.6,8.3,81.5,3.0,1,2,1,1,1,2,6.1,272,9.1
2023,7,False,passing,pff,Mac Jones,60323,QB,NE,19,1,86.2,29,30,4.3,2.2,0,1,3.0,83.3,25,0,7,0.0,33,0,0.11,14,28.2,73.5,73.9,64.3,0,0,37,1,57.6,14.3,126.7,3.0,1,2,0,1,2,1,2.7,272,9.1
2023,7,False,passing,pff,Justin Herbert,28237,QB,LAC,27,1,67.9,28,30,12.6,2.77,1,2,6.3,56.7,17,0,15,10.5,36,2,-0.06,11,79.0,70.6,70.3,57.9,1,2,38,0,41.7,33.3,68.6,13.9,5,1,0,0,1,2,5.3,259,8.6
2023,7,False,passing,pff,Matthew Stafford,4924,QB,LA,26,1,65.4,26,29,8.2,2.69,0,1,2.9,48.3,14,0,10,17.6,32,3,-0.04,9,78.7,57.9,57.4,58.7,0,1,38,1,34.4,20.0,72.6,6.3,2,1,0,3,1,1,2.6,231,8.0
2023,7,False,passing,pff,Tyrod Taylor,6332,QB,NYG,21,1,66.7,27,29,10.9,2.86,0,4,13.8,62.1,18,0,12,0.0,36,0,0.09,11,79.9,67.9,73.2,49.0,0,0,39,0,36.1,33.3,116.9,11.1,4,3,0,2,2,1,2.6,279,9.6
2023,7,False,passing,pff,Russell Wilson,7077,QB,DEN,10,1,87.5,24,29,6.6,2.89,0,2,6.5,69.0,20,0,12,4.8,31,1,0.08,10,78.1,78.9,73.5,75.0,0,0,34,1,51.6,8.3,98.9,3.2,1,1,0,5,1,0,0.0,194,6.7
2023,7,False,passing,pff,Trevor Lawrence,77632,QB,JAX,15,1,74.1,27,29,6.6,2.53,2,1,3.3,69.0,20,0,7,0.0,34,0,0.04,11,78.9,73.7,69.7,70.7,0,0,35,0,47.1,0.0,100.4,0.0,0,5,0,0,1,1,2.9,204,7.0
2023,7,False,passing,pff,Tyson Bagent,169628,QB,CHI,6,1,88.5,26,29,2.5,2.87,1,0,0.0,72.4,21,0,10,8.7,32,2,0.19,12,78.0,74.5,66.2,82.6,1,0,32,0,59.4,10.0,97.2,3.1,1,2,0,1,1,0,0.0,162,5.6
2023,7,False,passing,pff,Lamar Jackson,46416,QB,BLT,3,1,81.5,27,27,8.9,3.18,0,4,12.9,77.8,21,1,12,4.5,32,1,0.8,17,79.1,90.3,89.2,69.7,0,0,36,1,62.5,0.0,155.8,0.0,0,5,0,0,3,0,0.0,357,13.2
2023,7,False,passing,pff,Desmond Ridder,55086,QB,ATL,2,1,90.9,22,25,8.3,2.66,1,1,3.8,76.0,19,0,9,5.0,28,1,0.39,11,16.2,63.2,77.7,33.3,0,0,29,1,57.1,11.1,107.1,3.6,1,2,0,2,0,1,3.4,250,10.0
2023,7,False,passing,pff,Kenny Pickett,60515,QB,PIT,25,1,82.6,23,25,8.4,2.73,0,2,7.7,68.0,17,0,13,10.5,28,2,0.03,9,78.9,79.2,78.3,63.9,0,0,29,1,50.0,15.4,97.1,7.1,2,1,0,2,0,1,3.4,230,9.2
2023,7,False,passing,pff,Geno Smith,7820,QB,SEA,29,1,87.5,24,24,9.9,2.95,0,2,8.0,75.0,18,0,10,14.3,28,3,0.32,13,27.3,72.2,77.8,43.7,0,1,29,0,60.7,20.0,113.0,7.1,2,2,0,0,2,2,6.9,219,9.1
2023,7,False,passing,pff,Gardner Minshew,41401,QB,IND,14,1,81.0,21,23,10.1,2.57,1,0,0.0,65.2,15,0,13,11.8,31,2,-0.01,13,15.6,42.3,29.9,83.5,0,1,34,0,48.4,30.8,119.4,12.9,4,3,0,1,2,5,14.7,305,13.3
2023,7,False,passing,pff,Aidan O'Connell,60516,QB,LV,23,1,76.9,13,13,7.1,2.25,0,0,0.0,76.9,10,0,1,0.0,13,0,0.24,6,73.2,47.2,48.1,,0,1,14,0,53.8,0.0,83.8,0.0,0,0,0,0,1,1,7.1,75,5.8
2023,7,False,passing,pff,Deshaun Watson,11767,QB,CLV,8,1,20.0,5,5,10.2,3.68,0,0,0.0,20.0,1,0,2,0.0,5,0,-0.99,0,68.0,23.9,24.6,,0,1,5,0,20.0,0.0,0.0,0.0,0,0,0,0,0,2,40.0,5,1.0
2023,7,False,passing,pff,Clayton Tune,77652,QB,ARZ,1,1,100.0,1,1,4.0,1.5,0,0,0.0,100.0,1,0,0,0.0,1,0,-2.0,0,60.4,60.6,60.4,,0,0,1,0,0.0,,83.3,0.0,0,0,0,0,0,0,0.0,4,4.0
2023,7,False,passing,pff,Dontayvion Wicks,99711,WR,GB,12,1,100.0,1,1,9.0,2.5,0,0,0.0,100.0,1,0,0,0.0,1,0,0.04,1,66.2,77.5,69.9,59.2,0,0,1,0,100.0,,118.8,0.0,0,0,0,0,0,0,0.0,14,14.0
2023,7,False,passing,pff,Tyler Huntley,46448,QB,BLT,3,1,0.0,1,1,25.0,2.1,0,0,0.0,0.0,0,0,0,,1,0,-1.22,0,60.4,49.5,50.4,,0,0,1,0,0.0,,39.6,0.0,0,0,0,0,0,0,0.0,0,0.0
2023,7,False,passing,pff,Logan Cooke,29214,P,JAX,15,1,100.0,1,1,4.0,2.4,0,0,0.0,100.0,1,0,0,0.0,1,0,3.08,1,60.4,70.3,66.9,,0,0,1,0,100.0,,118.8,0.0,0,0,0,0,0,0,0.0,13,13.0
2023,8,False,passing,pff,Sam Howell,97599,QB,WAS,32,1,83.7,49,52,8.0,2.48,1,3,5.6,75.0,39,0,18,4.9,55,2,0.03,21,37.7,67.7,65.5,67.2,0,1,57,1,49.1,5.6,114.0,1.8,1,2,0,2,4,3,5.3,397,7.6
2023,8,False,passing,pff,Tua Tagovailoa,60326,QB,MIA,17,1,77.3,44,45,7.5,2.16,0,2,4.3,66.7,30,0,6,11.8,49,4,0.25,18,81.0,72.4,71.5,60.8,0,1,51,0,49.0,33.3,100.6,4.1,2,2,0,1,3,2,3.9,324,7.2
2023,8,False,passing,pff,Baker Mayfield,46518,QB,TB,30,1,73.0,37,42,8.3,2.97,1,1,2.2,59.5,25,0,21,7.4,48,2,0.01,11,80.6,70.3,69.7,59.5,2,0,53,0,39.6,14.3,91.1,6.3,3,3,0,2,2,1,1.9,237,5.6
2023,8,False,passing,pff,Gardner Minshew,41401,QB,IND,14,1,68.6,35,41,8.0,2.9,1,1,2.3,56.1,23,0,19,4.2,44,1,-0.04,11,80.0,63.1,61.1,63.3,1,1,47,1,36.4,10.5,76.6,4.5,2,1,0,4,2,1,2.1,213,5.2
2023,8,False,passing,pff,Jordan Love,40306,QB,GB,12,1,70.0,40,41,9.5,2.8,0,2,4.3,58.5,24,0,13,14.3,49,4,-0.25,14,80.8,63.7,68.2,46.3,0,1,54,1,38.8,30.8,72.1,8.2,4,4,0,1,1,1,1.9,229,5.6
2023,8,False,passing,pff,Josh Allen,46601,QB,BUF,4,1,79.5,39,40,6.2,2.36,0,0,0.0,77.5,31,0,9,0.0,46,0,0.24,18,80.6,90.4,85.1,79.5,0,1,47,2,58.7,22.2,106.7,4.3,2,4,0,1,2,0,0.0,324,8.1
2023,8,False,passing,pff,Justin Herbert,28237,QB,LAC,27,1,86.1,36,40,5.1,2.46,1,1,2.4,77.5,31,0,8,0.0,41,0,0.3,18,79.8,62.5,63.3,54.5,1,0,45,0,56.1,0.0,122.7,0.0,0,1,0,2,3,1,2.2,298,7.5
2023,8,False,passing,pff,Patrick Mahomes,11765,QB,KC,16,1,77.1,35,38,7.3,3.41,0,2,5.1,63.2,24,0,20,11.1,45,3,-0.53,13,29.8,64.5,63.6,61.4,2,2,48,0,40.0,15.0,59.1,6.7,3,3,0,1,0,2,4.2,240,6.3
2023,8,False,passing,pff,Jalen Hurts,40291,QB,PHI,24,1,82.9,35,38,7.7,3.03,0,0,0.0,76.3,29,0,15,0.0,41,0,0.59,18,29.4,69.8,74.3,40.1,0,0,42,0,51.2,13.3,135.7,4.9,2,1,0,3,4,0,0.0,319,8.4
2023,8,False,passing,pff,Geno Smith,7820,QB,SEA,29,1,63.9,36,37,8.1,2.56,0,2,5.3,62.2,23,0,19,0.0,39,0,-0.05,12,28.8,57.5,57.4,58.9,0,2,40,0,51.3,5.3,78.0,2.6,1,0,0,1,2,2,5.0,254,6.9
2023,8,False,passing,pff,Jared Goff,10635,QB,DET,11,1,87.5,32,37,4.5,2.45,1,1,2.6,70.3,26,0,14,7.1,37,2,-0.03,17,79.4,84.4,82.0,65.7,1,1,38,1,54.1,0.0,89.0,0.0,0,0,0,3,1,1,2.6,272,7.4
2023,8,False,passing,pff,Joshua Dobbs,11890,QB,ARZ,1,1,74.3,35,37,7.9,2.67,1,1,2.6,67.6,25,0,15,3.8,41,1,-0.19,13,32.0,51.3,44.3,76.4,0,2,45,0,51.2,13.3,77.3,4.9,2,2,0,1,2,3,6.7,208,5.6
2023,8,False,passing,pff,Tyson Bagent,169628,QB,CHI,6,1,77.8,36,37,7.6,2.57,0,1,2.6,67.6,25,0,11,10.7,38,3,-0.2,10,79.9,51.3,50.1,63.0,0,2,40,0,50.0,9.1,62.0,2.6,1,0,0,1,0,4,10.0,232,6.3
2023,8,False,passing,pff,Zach Wilson,82096,QB,NYJ,22,1,57.6,33,36,8.0,3.05,0,1,2.6,47.2,17,0,22,10.5,43,2,-0.4,9,29.2,52.3,51.9,59.5,1,0,45,0,34.9,18.2,78.5,9.3,4,3,1,1,1,1,2.2,240,6.7
2023,8,False,passing,pff,Joe Burrow,28022,QB,CIN,7,1,90.6,32,32,6.0,2.7,0,3,9.1,87.5,28,0,16,3.4,38,1,0.31,19,79.5,88.6,85.7,70.5,0,0,39,0,63.2,18.8,134.8,7.9,3,3,0,0,3,1,2.6,283,8.8
2023,8,False,passing,pff,Trevor Lawrence,77632,QB,JAX,15,1,80.6,31,32,7.1,2.26,1,4,11.4,75.0,24,0,11,4.0,36,1,0.06,11,78.9,85.6,81.9,65.9,0,1,39,0,55.6,27.3,100.0,8.3,3,1,0,0,1,1,2.6,292,9.1
2023,8,False,passing,pff,Kirk Cousins,7102,QB,MIN,18,1,89.7,29,31,7.4,2.97,1,1,2.9,74.2,23,0,14,11.5,34,3,0.62,13,78.8,90.1,87.2,74.4,0,0,37,1,58.8,14.3,122.2,5.9,2,1,0,1,2,1,2.7,274,8.8
2023,8,False,passing,pff,Dak Prescott,10769,QB,DAL,9,1,80.6,31,31,9.3,2.78,0,3,9.4,80.6,25,0,9,0.0,38,0,0.37,18,79.0,92.0,90.5,73.8,0,1,40,0,60.5,33.3,133.7,7.9,3,4,0,0,4,0,0.0,304,9.8
2023,8,False,passing,pff,Brock Purdy,77672,QB,SF,28,1,86.2,29,31,9.2,3.09,0,3,9.4,71.0,22,0,18,12.0,39,3,0.11,17,28.4,72.7,66.1,78.0,1,2,41,0,59.0,11.1,94.2,5.1,2,6,0,1,1,4,9.8,365,11.8
2023,8,False,passing,pff,Bryce Young,123943,QB,CAR,5,1,80.0,30,31,6.8,2.64,1,1,3.0,71.0,22,0,15,8.3,40,2,0.06,12,79.7,68.2,68.6,56.9,0,0,44,0,50.0,40.0,103.6,15.0,6,3,0,0,1,0,0.0,235,7.6
2023,8,False,passing,pff,P.J. Walker,12134,QB,CLV,8,1,57.1,28,31,8.8,3.02,0,1,2.9,48.4,15,0,18,6.3,36,1,-0.25,11,79.6,46.3,41.6,69.7,0,2,39,0,36.1,16.7,59.6,8.3,3,2,0,3,1,2,5.1,248,8.0
2023,8,False,passing,pff,Will Levis,83542,QB,TEN,31,1,76.9,26,29,11.7,2.7,0,2,6.5,65.5,19,0,13,5.0,32,1,0.03,7,79.4,77.9,76.1,65.4,1,0,34,1,34.4,15.4,130.5,6.3,2,1,0,2,4,1,2.9,238,8.2
2023,8,False,passing,pff,Mac Jones,60323,QB,NE,19,1,70.4,27,29,5.6,2.51,0,1,3.3,65.5,19,0,11,0.0,32,0,-0.32,7,78.2,52.2,51.7,60.0,1,1,33,0,34.4,27.3,88.4,9.4,3,0,0,1,2,2,6.1,161,5.6
2023,8,False,passing,pff,Mitch Trubisky,11757,QB,PIT,25,1,64.0,25,27,9.6,2.81,0,0,0.0,55.6,15,0,10,6.3,32,1,-0.24,9,78.1,42.3,45.3,50.2,1,2,34,0,43.8,20.0,51.2,6.3,2,3,1,0,1,2,5.9,138,5.1
2023,8,False,passing,pff,Lamar Jackson,46416,QB,BLT,3,1,72.0,25,27,6.8,3.02,0,0,0.0,66.7,18,0,12,0.0,32,0,-0.25,8,79.4,52.5,51.8,58.9,1,0,37,0,34.4,33.3,94.2,12.5,4,1,0,1,1,1,2.7,157,5.8
2023,8,False,passing,pff,Derek Carr,8671,QB,NO,20,1,81.5,27,27,11.9,2.29,0,2,7.4,70.4,19,0,4,13.6,28,3,0.53,11,25.8,78.9,77.4,60.0,0,0,28,0,60.7,25.0,133.3,3.6,1,0,0,0,2,1,3.6,310,11.5
2023,8,False,passing,pff,C.J. Stroud,129759,QB,HST,13,1,76.2,21,24,8.8,2.6,3,1,3.8,66.7,16,0,7,0.0,27,0,-0.16,11,77.4,60.6,57.4,74.4,0,0,29,1,37.0,28.6,81.9,7.4,2,1,0,0,0,0,0.0,140,5.8
2023,8,False,passing,pff,Matthew Stafford,4924,QB,LA,26,1,61.9,21,22,7.0,2.64,0,0,0.0,59.1,13,0,9,0.0,24,0,-0.1,6,76.7,75.5,66.7,65.6,1,1,26,0,41.7,11.1,78.2,4.2,1,1,0,0,1,0,0.0,162,7.4
2023,8,False,passing,pff,Taylor Heinicke,9896,QB,ATL,2,1,76.5,17,21,12.4,2.98,1,1,4.8,57.1,12,0,6,7.7,24,1,0.24,8,76.3,80.3,79.1,61.8,0,0,25,0,50.0,16.7,100.3,4.2,1,2,0,3,1,1,4.0,175,8.3
2023,8,False,passing,pff,Jimmy Garoppolo,8697,QB,LV,23,1,70.0,20,21,11.0,3.03,1,0,0.0,47.6,10,0,17,28.6,28,4,-0.82,6,77.4,50.4,49.0,62.3,0,1,29,0,25.0,35.3,46.9,21.4,6,1,0,0,0,1,3.4,126,6.0
2023,8,False,passing,pff,Russell Wilson,7077,QB,DEN,10,1,76.5,17,19,7.5,3.46,1,2,9.1,63.2,12,0,15,7.7,32,1,-0.2,8,22.9,58.3,48.7,75.4,0,0,36,0,40.6,40.0,119.3,18.8,6,5,0,1,3,1,2.8,114,6.0
2023,8,False,passing,pff,Kenny Pickett,60515,QB,PIT,25,1,80.0,15,16,10.0,2.7,1,1,5.9,62.5,10,0,7,16.7,18,2,-0.26,5,74.5,76.8,72.1,61.2,0,0,19,0,44.4,14.3,73.2,5.6,1,1,0,0,0,0,0.0,73,4.6
2023,8,False,passing,pff,Desmond Ridder,55086,QB,ATL,2,1,72.7,11,12,8.8,2.47,1,0,0.0,66.7,8,0,6,0.0,18,0,-0.66,4,23.7,51.5,49.7,62.0,0,0,19,0,33.3,83.3,82.3,27.8,5,1,0,0,0,1,5.3,71,5.9
2023,8,False,passing,pff,Brett Rypien,46487,QB,LA,26,1,66.7,9,10,7.0,2.33,1,0,0.0,50.0,5,0,4,16.7,11,1,-0.51,2,71.9,39.6,44.6,,0,0,11,1,27.3,25.0,61.2,9.1,1,0,0,0,0,0,0.0,42,4.2
2023,8,False,passing,pff,Tyrod Taylor,6332,QB,NYG,21,1,66.7,6,7,4.5,3.46,0,0,0.0,57.1,4,0,7,0.0,13,0,-0.87,0,73.0,51.3,46.1,61.1,0,0,13,0,7.7,28.6,62.2,15.4,2,4,0,1,0,0,0.0,8,1.1
2023,8,False,passing,pff,Tommy DeVito,60545,QB,NYG,21,1,60.0,5,7,-1.8,2.96,1,0,0.0,28.6,2,0,6,33.3,11,1,-0.97,0,74.3,46.5,45.0,54.0,0,0,13,1,0.0,33.3,39.6,18.2,2,2,0,1,0,0,0.0,-1,-0.1
2023,8,False,passing,pff,Jaren Hall,82094,QB,MIN,18,1,75.0,4,4,3.0,2.74,0,0,0.0,75.0,3,0,2,0.0,5,0,-0.33,1,69.5,76.2,75.6,60.0,0,0,5,0,20.0,50.0,88.5,20.0,1,0,0,0,0,0,0.0,23,5.8
2023,8,False,passing,pff,Cooper Rush,12324,QB,DAL,9,1,66.7,3,3,8.0,1.83,0,0,0.0,66.7,2,0,0,0.0,3,0,-1.03,0,69.8,55.6,54.1,60.5,0,0,3,0,33.3,,70.1,0.0,0,0,0,0,0,0,0.0,3,1.0
2023,8,False,passing,pff,Taysom Hill,12112,TE,NO,20,1,50.0,2,2,24.0,2.87,0,0,0.0,50.0,1,0,1,0.0,3,0,1.16,2,73.6,81.5,53.2,87.4,0,0,3,0,66.7,0.0,95.8,0.0,0,1,0,0,0,0,0.0,44,22.0
2023,8,False,passing,pff,Dorian Thompson-Robinson,83574,QB,CLV,8,1,100.0,1,1,-1.0,2.0,0,0,0.0,100.0,1,0,0,0.0,1,0,1.07,0,60.4,60.3,60.1,,0,0,1,0,100.0,,104.2,0.0,0,0,0,0,0,0,0.0,9,9.0
2023,8,False,passing,pff,Jonnu Smith,11855,TE,ATL,2,1,0.0,1,1,9.0,3.3,0,0,0.0,0.0,0,0,0,,1,0,-0.48,0,63.8,50.2,56.3,,0,0,1,0,0.0,,39.6,0.0,0,0,0,0,0,0,0.0,0,0.0
2023,9,False,passing,pff,Zach Wilson,82096,QB,NYJ,22,1,74.5,47,49,7.6,2.83,0,1,2.0,67.3,33,0,25,5.7,58,2,-0.47,12,38.1,59.0,59.5,55.5,1,0,60,0,34.5,32.0,80.6,13.8,8,1,0,1,0,1,1.7,263,5.4
2023,9,False,passing,pff,Sam Howell,97599,QB,WAS,32,1,72.1,43,45,9.5,2.8,1,5,10.9,64.4,29,0,18,6.5,52,2,0.12,15,81.1,77.9,75.3,68.1,0,1,53,0,46.2,16.7,84.0,5.8,3,3,0,1,1,1,1.9,325,7.2
2023,9,False,passing,pff,Dak Prescott,10769,QB,DAL,9,1,72.1,43,44,10.0,2.87,0,4,8.5,65.9,29,0,19,6.5,53,2,0.2,20,81.5,72.0,75.2,53.1,1,0,57,1,50.9,26.3,115.2,9.4,5,4,0,0,3,0,0.0,374,8.5
2023,9,False,passing,pff,Joe Burrow,28022,QB,CIN,7,1,80.0,40,44,7.6,2.57,2,4,8.7,70.5,31,0,17,3.1,46,1,0.27,18,81.0,91.1,90.8,66.8,0,0,49,1,56.5,5.9,108.9,2.2,1,1,0,2,2,0,0.0,348,7.9
2023,9,False,passing,pff,Mac Jones,60323,QB,NE,19,1,65.9,41,44,9.2,2.36,1,2,4.5,54.5,24,0,10,11.1,46,3,-0.12,13,80.2,68.8,69.2,54.8,0,1,47,0,37.0,0.0,66.5,0.0,0,2,0,2,1,1,2.1,220,5.0
2023,9,False,passing,pff,C.J. Stroud,129759,QB,HST,13,1,89.5,38,42,11.6,3.11,0,4,8.2,71.4,30,0,14,11.8,45,4,0.57,21,35.3,91.1,88.4,60.0,0,0,52,0,55.6,21.4,147.8,6.7,3,0,1,3,5,2,3.8,470,11.2
2023,9,False,passing,pff,Will Levis,83542,QB,TEN,31,1,64.9,37,39,10.8,2.83,0,4,9.5,56.4,22,0,23,8.3,44,2,-0.15,12,80.1,50.8,51.8,56.8,0,1,48,0,38.6,17.4,66.4,9.1,4,1,1,1,0,3,6.3,262,6.7
2023,9,False,passing,pff,Bryce Young,123943,QB,CAR,5,1,69.4,36,39,4.6,2.73,2,0,0.0,61.5,24,0,21,4.0,48,1,-0.54,10,80.1,39.8,37.9,60.3,0,3,48,0,35.4,19.0,48.3,8.3,4,5,0,1,1,3,6.3,173,4.4
2023,9,False,passing,pff,Josh Allen,46601,QB,BUF,4,1,76.5,34,38,8.5,2.91,0,4,9.8,68.4,26,0,17,0.0,44,0,0.13,14,80.6,82.4,73.7,84.4,0,1,47,2,54.5,5.9,85.2,2.3,1,5,0,4,1,1,2.1,258,6.8
2023,9,False,passing,pff,Taylor Heinicke,9896,QB,ATL,2,1,60.0,35,38,9.5,2.78,0,2,5.1,55.3,21,0,6,0.0,42,0,0.06,13,79.5,53.5,52.7,60.2,0,1,43,0,40.5,16.7,75.3,2.4,1,3,1,2,1,3,7.0,268,7.1
2023,9,False,passing,pff,Derek Carr,8671,QB,NO,20,1,86.7,30,34,3.9,2.54,0,0,0.0,73.5,25,0,11,3.8,35,1,0.11,10,78.9,76.3,77.4,53.8,1,0,36,0,42.9,0.0,108.8,0.0,0,1,0,3,2,0,0.0,211,6.2
2023,9,False,passing,pff,Tua Tagovailoa,60326,QB,MIA,17,1,75.8,33,34,8.7,2.52,0,2,5.6,61.8,21,0,11,16.0,38,4,-0.36,11,29.0,66.7,72.2,36.6,0,0,41,1,39.5,27.3,87.0,7.9,3,1,0,1,1,0,0.0,193,5.7
2023,9,False,passing,pff,Joshua Dobbs,11890,QB,MIN,18,1,69.0,29,30,5.7,3.53,0,0,0.0,66.7,20,0,15,0.0,38,0,0.16,14,28.3,82.5,68.4,92.0,0,0,40,0,52.6,20.0,101.8,7.9,3,5,0,1,2,3,7.5,158,5.3
2023,9,False,passing,pff,Deshaun Watson,11767,QB,CLV,8,1,75.0,28,30,7.0,2.8,0,2,6.3,63.3,19,0,13,9.5,34,2,0.03,10,78.4,78.5,78.5,59.1,0,0,36,0,35.3,7.7,107.5,2.9,1,3,1,1,2,0,0.0,219,7.3
2023,9,False,passing,pff,Justin Herbert,28237,QB,LAC,27,1,76.0,25,30,6.6,3.09,2,0,0.0,53.3,16,0,22,15.8,37,3,-0.27,8,28.1,68.6,67.2,62.8,1,0,38,0,27.0,22.7,65.4,13.5,5,2,0,2,0,2,5.3,136,4.5
2023,9,False,passing,pff,Kenny Pickett,60515,QB,PIT,25,1,75.0,28,30,5.1,2.35,1,1,2.9,63.3,19,0,6,9.5,30,2,0.08,9,78.3,78.2,77.0,60.0,0,0,34,0,50.0,0.0,88.2,0.0,0,0,0,1,1,0,0.0,160,5.3
2023,9,False,passing,pff,Baker Mayfield,46518,QB,TB,30,1,72.4,29,30,8.4,3.03,0,2,6.1,70.0,21,1,11,0.0,34,0,0.35,11,79.0,74.9,75.9,56.2,1,0,37,1,47.1,18.2,119.6,5.9,2,2,0,0,2,0,0.0,266,8.9
2023,9,False,passing,pff,Patrick Mahomes,11765,QB,KC,16,1,76.9,26,30,6.6,2.86,1,1,3.2,66.7,20,0,11,0.0,35,0,0.05,11,28.9,63.6,63.0,60.6,2,0,39,0,48.6,18.2,105.6,5.7,2,3,0,1,2,1,2.6,185,6.2
2023,9,False,passing,pff,Tyson Bagent,169628,QB,CHI,6,1,72.0,25,30,7.5,3.37,1,0,0.0,60.0,18,0,12,0.0,37,0,0.06,17,29.1,63.1,52.7,80.3,1,3,39,0,51.4,16.7,65.3,5.4,2,5,0,3,2,4,10.3,220,7.3
2023,9,False,passing,pff,Brett Rypien,46487,QB,LA,26,1,56.0,25,28,9.4,2.88,2,0,0.0,46.4,13,1,10,7.1,33,1,-0.43,7,20.3,54.6,52.6,70.7,0,1,36,2,30.3,10.0,45.2,3.0,1,3,0,1,0,3,8.3,130,4.6
2023,9,False,passing,pff,Geno Smith,7820,QB,SEA,29,1,61.9,21,28,10.0,2.79,4,2,6.9,46.4,13,0,16,0.0,34,0,-0.55,5,78.3,59.4,56.0,68.3,1,1,35,0,26.5,25.0,49.3,11.8,4,1,0,2,0,2,5.7,157,5.6
2023,9,False,passing,pff,Lamar Jackson,46416,QB,BLT,3,1,88.0,25,26,9.2,2.92,0,0,0.0,80.8,21,0,8,4.5,31,1,-0.22,9,28.4,81.9,77.8,72.7,0,0,31,1,48.4,12.5,96.6,3.2,1,4,1,0,0,0,0.0,187,7.2
2023,9,False,passing,pff,Jordan Love,40306,QB,GB,12,1,87.5,24,26,7.5,2.9,0,0,0.0,76.9,20,0,7,4.8,31,1,0.04,11,78.8,83.2,76.3,80.0,0,0,32,1,48.4,42.9,115.5,9.7,3,1,1,1,1,0,0.0,228,8.8
2023,9,False,passing,pff,Gardner Minshew,41401,QB,IND,14,1,77.3,22,26,4.5,2.34,2,0,0.0,65.4,17,0,10,0.0,28,0,0.02,8,78.7,56.3,54.2,63.1,0,0,32,0,42.9,10.0,89.7,3.6,1,1,0,2,1,1,3.1,127,4.9
2023,9,False,passing,pff,Aidan O'Connell,60516,QB,LV,23,1,79.2,24,25,8.3,2.13,0,1,4.0,64.0,16,0,4,15.8,25,3,0.2,9,76.3,71.8,70.6,,0,0,25,0,52.0,0.0,90.3,0.0,0,0,0,1,0,0,0.0,209,8.4
2023,9,False,passing,pff,Jalen Hurts,40291,QB,PHI,24,1,81.0,21,23,9.1,3.16,0,3,11.5,73.9,17,0,14,0.0,32,0,0.24,11,79.0,79.6,80.9,66.6,0,0,35,1,56.3,21.4,130.2,9.4,3,6,0,2,2,1,2.9,207,9.0
2023,9,False,passing,pff,Clayton Tune,77652,QB,ARZ,1,1,72.2,18,20,3.2,2.99,2,0,0.0,55.0,11,0,17,15.4,32,2,-1.07,4,77.9,28.8,27.7,56.5,0,2,34,0,18.8,41.2,20.8,21.9,7,5,0,0,0,3,8.8,58,2.9
2023,9,False,passing,pff,Tommy DeVito,60545,QB,NYG,21,1,85.0,20,20,8.2,3.46,0,0,0.0,75.0,15,0,15,11.8,30,2,-0.5,8,77.4,69.3,75.1,47.6,0,2,30,0,40.0,40.0,78.1,20.0,6,4,0,0,1,1,3.3,175,8.8
2023,9,False,passing,pff,Daniel Jones,39395,QB,NYG,21,1,44.4,9,9,13.6,3.08,0,0,0.0,44.4,4,0,4,0.0,12,0,-0.29,2,73.0,41.8,36.8,65.4,0,0,12,0,33.3,50.0,51.6,16.7,2,1,0,0,0,1,8.3,25,2.8
2023,9,False,passing,pff,Tyler Huntley,46448,QB,BLT,3,1,71.4,7,7,6.3,1.77,0,0,0.0,71.4,5,0,0,0.0,7,0,0.73,3,72.7,51.1,46.9,62.6,0,0,7,0,57.1,,123.8,0.0,0,0,0,0,1,1,14.3,38,5.4
2023,9,False,passing,pff,Jaren Hall,82094,QB,MIN,18,1,83.3,6,6,5.2,3.03,0,0,0.0,83.3,5,0,2,0.0,8,0,0.53,3,70.3,54.7,62.5,49.9,0,0,8,0,62.5,0.0,118.8,0.0,0,2,0,0,0,0,0.0,78,13.0
2023,9,False,passing,pff,Taysom Hill,12112,TE,NO,20,1,100.0,1,1,12.0,3.5,0,0,0.0,100.0,1,0,0,0.0,1,0,0.99,1,75.1,75.9,70.7,72.7,0,0,1,0,100.0,,118.8,0.0,0,0,0,0,1,0,0.0,3,3.0
2023,10,False,passing,pff,Geno Smith,7820,QB,SEA,29,1,80.0,40,47,6.7,2.71,2,1,2.0,66.0,31,0,11,3.1,49,1,0.21,17,81.0,71.5,71.7,62.1,0,0,55,2,53.1,9.1,103.9,2.0,1,1,1,4,2,0,0.0,369,7.9
2023,10,False,passing,pff,Sam Howell,97599,QB,WAS,32,1,77.5,40,44,4.3,2.82,2,2,4.5,65.9,29,0,22,6.5,47,2,0.19,13,30.3,68.4,71.0,46.3,0,0,47,0,42.6,13.6,109.3,6.4,3,0,0,2,3,1,2.1,312,7.1
2023,10,False,passing,pff,Justin Herbert,28237,QB,LAC,27,1,71.8,39,40,6.8,2.58,0,5,11.4,67.5,27,1,12,3.6,41,1,0.43,17,80.3,83.6,82.1,63.3,1,1,45,1,61.0,0.0,114.9,0.0,0,1,0,0,4,1,2.2,323,8.1
2023,10,False,passing,pff,Jordan Love,40306,QB,GB,12,1,67.6,34,40,11.3,2.73,2,5,11.6,52.5,21,0,14,8.7,43,2,0.16,13,79.9,74.1,74.4,54.6,1,2,46,0,39.5,7.1,71.7,2.3,1,2,1,2,2,2,4.3,288,7.2
2023,10,False,passing,pff,Joe Burrow,28022,QB,CIN,7,1,79.5,39,40,9.2,2.78,0,4,9.1,67.5,27,0,19,12.9,47,4,0.03,12,33.4,65.6,65.4,59.0,0,2,51,1,40.4,21.1,90.3,8.5,4,3,0,1,2,4,7.8,347,8.7
2023,10,False,passing,pff,Will Levis,83542,QB,TEN,31,1,61.1,36,39,11.3,2.52,1,0,0.0,48.7,19,0,19,13.6,43,3,-0.41,10,80.0,44.6,45.1,,2,1,47,0,30.2,21.1,53.3,9.3,4,0,0,0,0,3,6.4,199,5.1
2023,10,False,passing,pff,Zach Wilson,82096,QB,NYJ,22,1,71.4,35,39,9.8,2.86,2,1,2.5,59.0,23,0,18,8.0,45,2,0.08,13,79.8,64.0,62.6,63.7,0,1,46,1,46.7,11.1,68.6,4.4,2,4,0,2,0,1,2.2,263,6.7
2023,10,False,passing,pff,C.J. Stroud,129759,QB,HST,13,1,66.7,39,39,12.3,3.08,0,4,10.0,59.0,23,0,13,11.5,41,3,0.2,17,23.6,82.0,83.5,48.0,0,1,42,0,48.8,7.7,87.1,2.4,1,1,0,0,1,1,2.4,356,9.1
2023,10,False,passing,pff,Bryce Young,123943,QB,CAR,5,1,69.7,33,38,7.0,3.0,0,1,2.5,55.3,21,0,15,8.7,44,2,-0.02,9,80.0,54.8,51.0,70.7,0,0,47,0,29.5,20.0,68.4,6.8,3,3,0,5,0,1,2.1,185,4.9
2023,10,False,passing,pff,Dak Prescott,10769,QB,DAL,9,1,82.4,34,35,12.1,2.68,1,6,16.7,74.3,26,0,7,7.1,37,2,0.67,18,78.7,92.1,90.6,71.3,0,1,38,0,59.5,0.0,138.3,0.0,0,2,0,0,4,2,5.3,404,11.5
2023,10,False,passing,pff,Deshaun Watson,11767,QB,CLV,8,1,73.3,30,34,10.3,3.29,0,0,0.0,58.8,20,0,18,9.1,45,2,0.01,12,80.2,61.3,59.2,63.4,0,1,48,0,44.4,22.2,74.8,8.9,4,7,0,4,1,0,0.0,213,6.3
2023,10,False,passing,pff,Joshua Dobbs,11890,QB,MIN,18,1,77.4,31,34,7.9,3.89,1,1,2.8,67.6,23,0,14,4.2,41,1,0.21,14,80.0,64.6,63.4,62.2,0,0,44,0,46.3,7.1,101.1,2.4,1,6,0,2,1,1,2.3,268,7.9
2023,10,False,passing,pff,Jared Goff,10635,QB,DET,11,1,81.3,32,33,7.3,2.52,0,2,5.7,69.7,23,0,9,11.5,33,3,0.52,13,78.9,90.0,88.4,60.5,0,0,35,0,57.6,0.0,122.4,0.0,0,0,0,1,2,0,0.0,333,10.1
2023,10,False,passing,pff,Tyson Bagent,169628,QB,CHI,6,1,67.7,31,33,6.6,3.11,0,0,0.0,60.6,20,0,15,4.8,37,1,-0.01,11,79.3,49.3,48.8,56.8,1,0,39,0,45.9,0.0,73.0,0.0,0,4,0,1,0,1,2.6,162,4.9
2023,10,False,passing,pff,Kyler Murray,38334,QB,ARZ,1,1,66.7,30,32,10.4,2.91,2,2,5.9,59.4,19,0,12,5.0,36,1,-0.06,12,79.9,65.6,60.0,82.8,0,1,40,2,50.0,16.7,71.0,5.6,2,2,0,0,0,0,0.0,249,7.8
2023,10,False,passing,pff,Russell Wilson,7077,QB,DEN,10,1,89.7,29,29,3.6,3.16,0,1,3.2,82.8,24,0,17,7.7,37,2,0.04,13,80.2,84.5,80.4,73.9,0,0,41,0,45.9,23.5,118.1,10.8,4,4,0,0,2,0,0.0,198,6.8
2023,10,False,passing,pff,Baker Mayfield,46518,QB,TB,30,1,74.1,27,29,13.3,2.65,1,0,0.0,62.1,18,0,10,10.0,34,2,0.28,13,27.9,61.6,67.1,39.6,1,1,37,0,47.1,30.0,102.4,8.8,3,2,0,0,2,2,5.4,278,9.6
2023,10,False,passing,pff,Trevor Lawrence,77632,QB,JAX,15,1,73.1,26,29,7.9,2.86,2,1,3.1,58.6,17,0,11,10.5,36,2,-0.63,7,28.0,57.9,60.9,54.5,0,2,39,1,30.6,45.5,48.8,13.9,5,2,0,1,0,1,2.6,185,6.4
2023,10,False,passing,pff,Gardner Minshew,41401,QB,IND,14,1,75.0,24,28,9.3,3.42,2,2,6.5,64.3,18,0,9,0.0,28,0,0.07,8,78.1,83.9,83.6,57.1,0,1,31,0,50.0,0.0,69.6,0.0,0,0,0,2,0,0,0.0,194,6.9
2023,10,False,passing,pff,Tommy DeVito,60545,QB,NYG,21,1,65.2,23,27,6.0,2.85,0,0,0.0,51.9,14,0,16,6.7,37,1,-0.17,6,79.3,39.8,37.5,60.3,1,1,39,0,40.5,31.3,67.8,13.5,5,5,0,3,2,2,5.1,86,3.2
2023,10,False,passing,pff,Aidan O'Connell,60516,QB,LV,23,1,77.3,22,27,8.3,2.41,2,2,7.1,59.3,16,0,14,5.9,32,1,-0.27,7,27.8,51.7,53.4,51.8,1,1,34,0,40.6,21.4,72.0,9.4,3,0,0,2,1,1,2.9,153,5.7
2023,10,False,passing,pff,Josh Allen,46601,QB,BUF,4,1,79.2,24,26,8.3,2.74,1,2,7.1,57.7,15,0,9,21.1,27,4,-0.4,7,26.7,58.4,66.6,35.8,0,2,29,0,44.4,0.0,59.5,0.0,0,1,0,1,1,2,6.9,178,6.8
2023,10,False,passing,pff,Brock Purdy,77672,QB,SF,28,1,82.6,23,26,8.8,2.9,1,2,7.1,73.1,19,0,11,0.0,29,0,0.55,11,77.6,91.7,90.8,,1,0,31,1,58.6,18.2,148.9,6.9,2,0,0,1,3,0,0.0,296,11.4
2023,10,False,passing,pff,Jameis Winston,9434,QB,NO,20,1,58.3,24,25,15.5,2.55,0,2,7.1,52.0,13,0,7,7.1,26,1,-0.12,5,77.2,69.4,68.5,,0,2,29,0,26.9,14.3,59.1,3.8,1,0,0,1,2,1,3.4,122,4.9
2023,10,False,passing,pff,Kenny Pickett,60515,QB,PIT,25,1,72.7,22,23,4.7,3.05,0,0,0.0,60.9,14,0,7,12.5,26,2,-0.15,7,77.9,57.3,54.5,64.0,0,0,30,0,46.2,14.3,75.6,3.8,1,2,0,1,0,1,3.3,126,5.5
2023,10,False,passing,pff,Lamar Jackson,46416,QB,BLT,3,1,65.0,20,23,11.5,3.15,2,0,0.0,56.5,13,0,11,0.0,30,0,-0.32,9,79.0,59.3,56.5,68.8,1,2,34,1,43.3,27.3,67.8,10.0,3,4,0,0,1,2,5.9,223,9.7
2023,10,False,passing,pff,Mac Jones,60323,QB,NE,19,1,84.2,19,20,4.3,2.8,0,0,0.0,75.0,15,0,11,6.3,27,1,-0.11,9,77.1,63.0,56.6,74.3,1,1,27,0,51.9,45.5,79.2,18.5,5,2,0,0,0,1,3.7,170,8.5
2023,10,False,passing,pff,Derek Carr,8671,QB,NO,20,1,82.4,17,18,5.1,2.58,0,0,0.0,72.2,13,0,6,7.1,21,1,-0.12,5,23.4,53.9,54.7,57.9,0,0,21,0,38.1,33.3,87.7,9.5,2,1,0,1,0,1,4.8,110,6.1
2023,10,False,passing,pff,Taylor Heinicke,9896,QB,ATL,2,1,75.0,12,15,4.1,3.22,0,0,0.0,53.3,8,0,10,11.1,21,1,-0.12,4,76.2,62.8,55.0,74.2,1,0,23,0,42.9,30.0,84.0,14.3,3,3,0,2,1,0,0.0,55,3.7
2023,10,False,passing,pff,Cooper Rush,12324,QB,DAL,9,1,77.8,9,9,8.4,1.9,0,1,11.1,77.8,7,0,3,0.0,11,0,0.09,4,72.6,59.0,55.1,64.5,0,1,11,0,45.5,0.0,58.6,0.0,0,1,0,0,0,1,9.1,68,7.6
2023,10,False,passing,pff,Bailey Zappe,60396,QB,NE,19,1,50.0,6,7,8.8,2.36,0,0,0.0,42.9,3,0,1,0.0,7,0,-0.74,1,69.6,35.9,37.8,,0,1,7,0,28.6,0.0,13.1,0.0,0,0,0,1,0,1,14.3,25,3.6
2023,10,False,passing,pff,Desmond Ridder,55086,QB,ATL,2,1,66.7,6,6,16.2,2.62,0,0,0.0,66.7,4,0,3,0.0,6,0,0.52,2,72.9,59.5,56.2,63.6,0,0,9,0,66.7,0.0,84.7,0.0,0,0,0,0,0,1,11.1,39,6.5
2023,10,False,passing,pff,C.J. Beathard,11859,QB,JAX,15,1,100.0,2,2,5.5,2.15,0,0,0.0,50.0,1,0,0,50.0,2,1,-0.46,0,63.6,72.7,71.4,,0,0,2,0,0.0,,56.3,0.0,0,0,0,0,0,0,0.0,5,2.5
2023,10,False,passing,pff,Sam Darnold,29048,QB,SF,28,1,50.0,2,2,0.0,1.65,0,0,0.0,50.0,1,0,0,0.0,2,0,-1.26,0,69.1,56.0,54.3,60.5,0,0,2,0,50.0,,56.3,0.0,0,0,0,0,0,0,0.0,6,3.0
2023,10,False,passing,pff,Garrett Wilson,97405,WR,NYJ,22,1,0.0,1,1,9.0,2.9,0,0,0.0,0.0,0,0,0,,1,0,-0.44,0,71.8,72.3,53.5,63.1,0,0,1,0,0.0,,39.6,0.0,0,0,0,0,0,0,0.0,0,0.0
2023,10,False,passing,pff,P.J. Walker,12134,QB,CLV,8,1,0.0,1,1,38.0,5.2,0,0,0.0,0.0,0,0,0,,1,0,0.0,0,60.4,52.3,53.1,,0,0,1,0,0.0,,39.6,0.0,0,0,0,0,0,0,0.0,0,0.0
2023,10,False,passing,pff,Christian Kirk,47546,WR,JAX,15,1,0.0,1,1,26.0,4.5,0,0,0.0,0.0,0,0,0,,1,0,-0.53,0,19.6,68.5,51.2,,0,0,1,0,0.0,,39.6,0.0,0,0,0,0,0,0,0.0,0,0.0
2023,11,False,passing,pff,Baker Mayfield,46518,QB,TB,30,1,72.1,43,45,9.8,2.49,1,2,4.2,64.4,29,0,26,6.5,50,2,-0.27,15,34.8,55.1,55.0,59.2,0,1,53,0,50.0,15.4,76.7,8.0,4,1,0,1,1,3,5.7,246,5.5
2023,11,False,passing,pff,Sam Howell,97599,QB,WAS,32,1,82.5,40,45,6.6,2.87,1,0,0.0,68.9,31,0,17,6.1,52,2,-0.19,15,81.2,53.4,49.7,71.2,1,3,55,0,48.1,23.5,62.7,7.7,4,3,0,3,1,3,5.5,255,5.7
2023,11,False,passing,pff,Patrick Mahomes,11765,QB,KC,16,1,73.7,38,43,8.6,3.11,1,2,4.3,55.8,24,0,22,14.3,50,4,-0.31,12,80.8,76.7,74.3,67.6,0,1,53,1,38.0,4.5,71.6,2.0,1,6,1,3,2,1,1.9,177,4.1
2023,11,False,passing,pff,Dorian Thompson-Robinson,83574,QB,CLV,8,1,75.0,40,43,3.6,2.15,0,0,0.0,55.8,24,0,8,20.0,45,6,-0.36,10,80.4,58.8,56.2,67.7,1,1,47,0,33.3,12.5,54.9,2.2,1,1,2,0,0,1,2.1,165,3.8
2023,11,False,passing,pff,Aidan O'Connell,60516,QB,LV,23,1,68.4,38,41,11.4,2.85,1,1,2.4,58.5,24,0,21,7.7,43,2,-0.3,10,79.8,60.5,59.9,60.0,0,3,44,0,39.5,9.5,56.0,4.7,2,0,0,2,1,3,6.8,271,6.6
2023,11,False,passing,pff,Jordan Love,40306,QB,GB,12,1,80.6,36,40,7.6,2.43,1,2,4.9,67.5,27,0,13,6.9,43,2,0.22,16,22.7,65.5,69.5,41.3,1,0,44,1,48.8,23.1,108.5,7.0,3,0,0,2,2,1,2.3,322,8.1
2023,11,False,passing,pff,Tua Tagovailoa,60326,QB,MIA,17,1,82.9,35,39,8.2,2.37,1,1,2.6,71.8,28,0,10,3.4,41,1,-0.08,12,28.9,66.2,69.9,43.4,0,1,42,0,41.5,10.0,103.0,2.4,1,1,0,3,2,3,7.1,325,8.3
2023,11,False,passing,pff,Dak Prescott,10769,QB,DAL,9,1,77.1,35,38,5.7,2.38,1,1,2.6,65.8,25,0,13,7.4,39,2,0.27,10,79.4,82.4,79.7,68.0,2,0,41,0,43.6,0.0,95.2,0.0,0,1,0,0,2,0,0.0,189,5.0
2023,11,False,passing,pff,C.J. Stroud,129759,QB,HST,13,1,75.0,36,37,10.3,2.56,0,2,5.4,73.0,27,0,11,0.0,40,0,0.06,18,79.3,80.9,79.4,60.0,0,3,40,0,55.0,27.3,85.0,7.5,3,0,0,1,2,2,5.0,336,9.1
2023,11,False,passing,pff,Justin Herbert,28237,QB,LAC,27,1,81.8,33,36,10.1,3.16,1,2,5.3,58.3,21,0,16,22.2,44,6,0.13,14,29.9,92.7,92.1,73.3,1,0,46,1,52.3,12.5,99.3,4.5,2,6,0,1,2,0,0.0,260,7.2
2023,11,False,passing,pff,Jared Goff,10635,QB,DET,11,1,71.9,32,35,7.4,2.64,0,1,2.7,65.7,23,0,14,0.0,38,0,-0.05,14,79.3,47.6,48.0,57.8,0,3,40,0,55.3,14.3,68.3,5.3,2,1,0,3,2,3,7.5,236,6.7
2023,11,False,passing,pff,Russell Wilson,7077,QB,DEN,10,1,84.4,32,35,6.7,2.71,0,2,5.6,77.1,27,0,9,0.0,37,0,0.02,11,79.4,73.2,69.7,71.0,0,0,38,0,51.4,22.2,106.7,5.4,2,0,0,3,1,1,2.6,259,7.4
2023,11,False,passing,pff,Geno Smith,7820,QB,SEA,29,1,77.4,31,34,7.6,2.6,0,4,11.4,64.7,22,0,13,8.3,36,2,0.12,12,78.8,74.5,75.2,60.0,1,0,37,2,44.4,15.4,94.4,5.6,2,0,1,1,1,1,2.7,233,6.9
2023,11,False,passing,pff,Joshua Dobbs,11890,QB,MIN,18,1,69.0,29,32,7.6,3.59,0,2,5.7,62.5,20,0,17,0.0,38,0,-0.03,10,29.3,68.4,74.0,46.0,1,1,41,1,50.0,11.8,80.3,5.3,2,4,0,2,1,1,2.4,221,6.9
2023,11,False,passing,pff,Josh Allen,46601,QB,BUF,4,1,80.0,30,32,6.9,2.81,0,1,2.9,62.5,20,0,12,16.7,35,4,0.37,10,28.9,61.9,63.8,52.4,0,1,39,1,42.9,8.3,108.2,2.9,1,2,0,2,3,1,2.6,275,8.6
2023,11,False,passing,pff,Trevor Lawrence,77632,QB,JAX,15,1,80.0,30,32,9.7,2.84,0,3,8.8,75.0,24,0,9,0.0,35,0,0.43,14,79.2,77.2,76.0,63.7,1,0,37,0,57.1,11.1,119.5,2.9,1,2,0,1,2,0,0.0,262,8.2
2023,11,False,passing,pff,Matthew Stafford,4924,QB,LA,26,1,70.4,27,31,6.1,3.35,2,1,2.6,54.8,17,0,14,10.5,33,2,-0.15,9,79.4,68.4,68.1,57.9,0,1,41,0,39.4,7.1,70.6,3.0,1,1,0,2,1,1,2.4,190,6.1
2023,11,False,passing,pff,Kyler Murray,38334,QB,ARZ,1,1,71.4,28,30,10.4,2.94,2,1,3.1,66.7,20,0,13,0.0,38,0,-0.12,13,79.7,64.3,63.5,66.2,0,1,40,1,47.4,23.1,84.6,7.9,3,4,0,0,1,1,2.5,214,7.1
2023,11,False,passing,pff,Bryce Young,123943,QB,CAR,5,1,68.0,25,29,7.0,2.63,0,1,3.4,55.2,16,0,17,5.9,37,1,-0.51,7,25.9,49.9,50.2,57.8,1,1,37,0,29.7,41.2,62.9,18.9,7,1,0,3,1,2,5.4,123,4.2
2023,11,False,passing,pff,Kenny Pickett,60515,QB,PIT,25,1,68.2,22,28,7.4,2.52,3,0,0.0,53.6,15,0,14,0.0,33,0,-0.45,5,78.6,52.5,51.4,66.9,0,0,34,1,27.3,21.4,62.5,9.1,3,2,0,3,0,0,0.0,106,3.8
2023,11,False,passing,pff,Lamar Jackson,46416,QB,BLT,3,1,77.3,22,26,13.3,3.78,0,3,10.0,61.5,16,0,13,5.9,33,1,0.14,11,79.6,72.7,70.1,67.1,1,0,37,0,42.4,23.1,121.3,9.1,3,4,0,3,2,0,0.0,264,10.2
2023,11,False,passing,pff,Tommy DeVito,60545,QB,NYG,21,1,72.0,25,26,9.9,3.06,1,1,3.7,69.2,18,0,10,0.0,36,0,0.04,10,78.6,70.7,71.6,55.7,0,0,37,0,41.7,90.0,137.7,25.0,9,1,0,0,3,0,0.0,246,9.5
2023,11,False,passing,pff,Brock Purdy,77672,QB,SF,28,1,84.0,25,25,9.1,2.94,0,3,11.5,84.0,21,0,16,0.0,31,0,0.56,16,78.2,82.6,77.9,73.3,0,0,32,0,58.1,25.0,158.3,12.9,4,2,0,0,3,0,0.0,333,13.3
2023,11,False,passing,pff,Justin Fields,82118,QB,CHI,6,1,76.2,21,23,12.3,3.5,1,1,3.8,69.6,16,0,14,0.0,29,0,0.17,12,33.7,67.3,54.2,84.3,0,0,33,2,58.6,14.3,105.2,6.9,2,4,0,1,1,2,6.1,169,7.3
2023,11,False,passing,pff,Jalen Hurts,40291,QB,PHI,24,1,70.0,20,22,7.8,2.74,1,1,4.3,63.6,14,0,10,0.0,28,0,-0.23,5,79.7,73.2,69.5,69.1,0,1,30,0,35.7,50.0,64.6,17.9,5,1,0,1,0,0,0.0,150,6.8
2023,11,False,passing,pff,Joe Burrow,28022,QB,CIN,7,1,64.7,17,17,5.6,2.44,0,1,5.9,64.7,11,0,7,0.0,20,0,0.12,5,75.1,65.2,63.8,65.6,0,0,20,1,50.0,28.6,100.4,10.0,2,1,0,0,1,0,0.0,101,5.9
2023,11,False,passing,pff,Will Levis,83542,QB,TEN,31,1,81.3,16,17,8.5,2.76,1,2,10.5,76.5,13,0,8,0.0,20,0,0.16,7,25.0,49.5,58.1,37.8,0,0,22,0,50.0,25.0,143.8,10.0,2,1,0,0,2,1,4.5,158,9.3
2023,11,False,passing,pff,Zach Wilson,82096,QB,NYJ,22,1,69.2,13,15,6.2,3.07,0,0,0.0,46.7,7,0,8,22.2,23,2,-0.38,6,77.1,32.2,37.0,44.6,0,1,27,0,26.1,62.5,57.9,21.7,5,3,0,2,1,1,3.7,81,5.4
2023,11,False,passing,pff,Tim Boyle,21956,QB,NYJ,22,1,64.3,14,14,6.5,2.38,0,0,0.0,50.0,7,0,6,22.2,15,2,-0.98,1,74.0,59.2,56.3,62.6,0,1,15,0,6.7,16.7,26.5,6.7,1,0,0,0,0,1,6.7,33,2.4
2023,11,False,passing,pff,Jake Browning,46401,QB,CIN,7,1,61.5,13,14,10.0,3.6,0,0,0.0,57.1,8,0,10,0.0,21,0,-0.04,7,75.9,68.6,63.2,77.5,0,0,23,2,42.9,30.0,93.8,14.3,3,4,0,1,1,0,0.0,68,4.9
2023,11,False,passing,pff,Drew Lock,39517,QB,SEA,29,1,40.0,5,6,18.6,2.22,1,0,0.0,33.3,2,0,2,0.0,6,0,-0.82,0,68.9,33.1,34.8,,0,1,6,0,16.7,0.0,2.8,0.0,0,0,0,0,0,1,16.7,3,0.5
2023,11,False,passing,pff,Cooper Rush,12324,QB,DAL,9,1,66.7,3,3,15.3,2.1,0,0,0.0,66.7,2,0,0,0.0,3,0,0.47,1,70.5,67.5,66.6,60.5,0,0,4,0,66.7,,78.5,0.0,0,0,0,0,0,0,0.0,15,5.0
2023,11,False,passing,pff,Davis Mills,52269,QB,HST,13,1,100.0,1,1,-4.0,2.5,0,0,0.0,100.0,1,0,0,0.0,1,0,-0.75,0,60.4,60.2,60.0,,0,0,1,0,0.0,,79.2,0.0,0,0,0,0,0,0,0.0,2,2.0
2023,11,False,passing,pff,Thomas Morstead,5088,P,NYJ,22,1,100.0,1,1,9.0,1.9,0,0,0.0,100.0,1,0,0,0.0,1,0,4.55,1,60.4,70.7,67.2,,0,0,1,0,100.0,,118.8,0.0,0,0,0,0,0,0,0.0,18,18.0
2023,12,False,passing,pff,Josh Allen,46601,QB,BUF,4,1,68.8,48,51,8.3,2.75,0,6,11.3,56.9,29,0,20,12.1,57,4,0.29,20,82.0,93.3,86.6,92.9,1,1,59,1,50.9,5.0,82.1,1.8,1,5,0,2,2,1,1.7,339,6.6
2023,12,False,passing,pff,Kyler Murray,38334,QB,ARZ,1,1,60.0,45,45,8.5,2.64,0,1,2.0,60.0,27,0,16,0.0,49,0,-0.32,11,81.2,57.9,57.0,61.6,0,0,55,0,36.7,25.0,83.2,8.2,4,0,0,0,1,1,1.8,256,5.7
2023,12,False,passing,pff,Sam Howell,97599,QB,WAS,32,1,68.2,44,44,8.0,2.75,0,0,0.0,63.6,28,0,24,6.7,49,2,-0.13,16,80.8,56.8,54.1,71.1,0,1,52,0,49.0,16.7,74.1,8.2,4,1,0,0,0,2,3.8,300,6.8
2023,12,False,passing,pff,Justin Herbert,28237,QB,LAC,27,1,75.6,41,44,7.4,2.78,0,3,6.8,65.9,29,0,21,6.5,51,2,-0.35,12,80.4,74.5,74.3,65.6,1,1,51,2,37.3,14.3,75.7,5.9,3,4,0,2,1,0,0.0,217,4.9
2023,12,False,passing,pff,Jared Goff,10635,QB,DET,11,1,79.5,39,44,8.4,2.75,0,1,2.0,65.9,29,0,26,6.5,50,2,-0.22,17,19.5,52.7,59.7,29.1,3,0,55,1,44.0,11.5,103.6,6.0,3,3,0,2,2,3,5.5,332,7.5
2023,12,False,passing,pff,Gardner Minshew,41401,QB,IND,14,1,68.4,38,41,6.4,2.4,2,0,0.0,58.5,24,0,14,7.7,45,2,-0.03,14,79.9,50.5,50.4,58.1,0,1,46,0,40.0,14.3,66.2,4.4,2,2,0,1,0,2,4.3,251,6.1
2023,12,False,passing,pff,Trevor Lawrence,77632,QB,JAX,15,1,75.0,36,38,9.3,2.31,0,4,9.3,60.5,23,0,6,14.8,40,4,0.34,13,80.3,80.3,78.6,62.4,1,1,45,0,55.0,0.0,90.2,0.0,0,0,0,1,1,1,2.2,364,9.6
2023,12,False,passing,pff,Tim Boyle,21956,QB,NYJ,22,1,77.8,36,38,4.9,2.35,1,0,0.0,71.1,27,0,18,3.6,45,1,-0.51,9,80.2,67.7,66.0,63.5,0,2,48,0,40.0,38.9,67.8,15.6,7,0,0,1,1,1,2.1,179,4.7
2023,12,False,passing,pff,Derek Carr,8671,QB,NO,20,1,69.4,36,38,8.6,2.52,0,1,2.4,63.2,24,0,9,4.0,40,1,0.05,14,29.1,62.4,66.1,43.4,0,1,43,0,47.5,11.1,77.1,2.5,1,1,0,2,0,2,4.7,304,8.0
2023,12,False,passing,pff,Justin Fields,82118,QB,CHI,6,1,90.0,30,37,3.1,3.47,2,1,2.7,73.0,27,0,22,0.0,44,0,-0.28,12,23.6,67.2,73.4,48.8,0,0,44,0,34.1,13.6,87.3,6.8,3,4,0,5,0,2,4.5,217,5.9
2023,12,False,passing,pff,C.J. Stroud,129759,QB,HST,13,1,76.5,34,36,9.6,3.89,1,1,2.7,72.2,26,0,28,0.0,46,0,0.07,15,80.0,85.8,81.2,74.6,1,0,47,0,54.3,14.3,116.0,8.7,4,6,0,0,2,0,0.0,304,8.4
2023,12,False,passing,pff,Patrick Mahomes,11765,QB,KC,16,1,90.3,31,34,4.6,3.08,0,2,5.9,79.4,27,0,14,3.6,38,1,0.4,18,79.2,84.6,84.3,61.8,1,0,38,0,55.3,7.1,122.8,2.6,1,3,0,2,2,0,0.0,298,8.8
2023,12,False,passing,pff,Matthew Stafford,4924,QB,LA,26,1,83.9,31,33,6.0,2.5,0,1,3.0,75.8,25,0,8,3.8,34,1,0.29,16,78.1,68.2,68.0,58.3,1,1,34,0,61.8,0.0,121.1,0.0,0,1,0,1,4,0,0.0,229,6.9
2023,12,False,passing,pff,Kenny Pickett,60515,QB,PIT,25,1,80.6,31,33,8.5,2.48,0,4,11.1,72.7,24,0,8,4.0,37,1,0.27,15,79.7,91.6,91.8,55.6,1,0,40,0,48.6,25.0,97.8,5.4,2,2,0,1,0,0,0.0,278,8.4
2023,12,False,passing,pff,Aidan O'Connell,60516,QB,LV,23,1,80.6,31,33,5.4,2.42,1,2,6.1,69.7,23,0,14,8.0,34,2,0.1,12,78.1,85.5,83.7,,1,0,34,0,47.1,7.1,101.6,2.9,1,0,0,0,1,0,0.0,248,7.5
2023,12,False,passing,pff,Joshua Dobbs,11890,QB,MIN,18,1,76.7,30,32,8.7,3.07,0,2,5.6,68.8,22,0,16,4.3,36,1,-0.64,8,79.0,54.2,55.3,54.6,0,4,40,2,25.0,12.5,54.3,5.6,2,2,0,2,1,3,7.5,185,5.8
2023,12,False,passing,pff,Jordan Love,40306,QB,GB,12,1,82.1,28,32,10.8,2.9,0,2,6.3,68.8,22,0,15,4.3,33,1,0.31,13,78.6,86.6,87.9,55.8,3,0,34,2,54.5,0.0,125.5,0.0,0,1,0,1,3,0,0.0,268,8.4
2023,12,False,passing,pff,Lamar Jackson,46416,QB,BLT,3,1,67.9,28,32,6.7,2.77,1,0,0.0,56.3,18,0,17,5.3,36,1,-0.13,9,32.2,59.0,53.3,69.1,0,0,38,1,44.4,11.8,82.4,5.6,2,2,0,3,1,1,2.6,177,5.5
2023,12,False,passing,pff,Dak Prescott,10769,QB,DAL,9,1,77.4,31,32,15.0,2.81,1,5,14.7,68.8,22,0,9,8.3,33,2,0.6,16,78.5,97.0,95.3,72.2,0,0,35,0,54.5,0.0,142.1,0.0,0,1,0,0,4,0,0.0,331,10.3
2023,12,False,passing,pff,Bryce Young,123943,QB,CAR,5,1,83.3,24,31,6.5,3.48,0,1,2.9,58.1,18,0,15,10.0,38,2,-0.05,9,29.3,62.7,54.2,81.1,0,0,44,0,39.5,26.7,76.5,10.5,4,3,0,7,0,1,2.3,194,6.3
2023,12,False,passing,pff,Jalen Hurts,40291,QB,PHI,24,1,74.1,27,31,7.7,3.5,0,2,6.3,58.1,18,0,19,10.0,38,2,0.06,15,33.0,74.4,76.1,61.3,1,1,39,0,50.0,10.5,96.2,5.3,2,5,0,3,3,0,0.0,200,6.5
2023,12,False,passing,pff,Brock Purdy,77672,QB,SF,28,1,75.0,28,30,9.0,3.22,0,1,3.3,70.0,21,0,14,0.0,32,0,0.01,10,78.4,75.8,76.0,57.9,0,1,33,0,46.9,7.1,86.7,3.1,1,1,0,2,1,1,3.0,209,7.0
2023,12,False,passing,pff,Tua Tagovailoa,60326,QB,MIA,17,1,82.1,28,30,5.3,2.18,0,3,9.7,70.0,21,0,4,8.7,33,2,-0.04,14,78.1,81.9,83.7,51.3,0,2,34,0,54.5,50.0,77.5,6.1,2,1,1,1,1,2,5.9,243,8.1
2023,12,False,passing,pff,Baker Mayfield,46518,QB,TB,30,1,84.6,26,30,8.2,2.55,3,2,6.3,66.7,20,0,10,9.1,37,2,-0.11,10,79.0,73.3,72.4,60.0,0,1,39,0,45.9,60.0,93.6,16.2,6,1,0,1,2,1,2.6,199,6.6
2023,12,False,passing,pff,Dorian Thompson-Robinson,83574,QB,CLV,8,1,64.0,25,29,8.4,2.72,1,0,0.0,48.3,14,0,10,12.5,30,2,-0.06,8,27.9,58.2,69.1,29.8,0,0,33,0,36.7,0.0,73.1,0.0,0,1,0,3,1,0,0.0,134,4.6
2023,12,False,passing,pff,Will Levis,83542,QB,TEN,31,1,76.0,25,28,9.7,2.61,2,0,0.0,64.3,18,0,8,5.3,29,1,-0.12,9,78.0,66.1,65.1,60.5,0,0,29,0,51.7,12.5,83.2,3.4,1,0,1,0,0,1,3.4,185,6.6
2023,12,False,passing,pff,Geno Smith,7820,QB,SEA,29,1,74.1,27,27,10.9,2.6,0,2,7.1,66.7,18,0,17,10.0,36,2,-0.27,7,79.0,63.2,62.7,60.0,0,1,38,0,47.2,35.3,70.0,16.7,6,3,0,0,0,3,7.9,180,6.7
2023,12,False,passing,pff,Jake Browning,46401,QB,CIN,7,1,79.2,24,26,5.6,2.77,1,1,3.7,73.1,19,0,11,0.0,32,0,-0.05,9,27.0,39.9,41.2,54.8,0,1,33,1,43.8,36.4,96.2,12.5,4,2,0,1,1,3,9.1,227,8.7
2023,12,False,passing,pff,Tommy DeVito,60545,QB,NYG,21,1,87.0,23,25,8.3,3.12,1,2,8.0,68.0,17,0,12,15.0,33,3,-0.16,7,27.3,63.7,71.7,38.4,0,0,33,1,39.4,50.0,103.9,18.2,6,2,0,1,1,2,6.1,191,7.6
2023,12,False,passing,pff,Russell Wilson,7077,QB,DEN,10,1,80.0,20,22,7.2,3.26,1,1,4.0,59.1,13,0,12,18.8,25,3,-0.07,5,21.4,65.1,72.0,47.2,0,0,28,0,36.0,8.3,91.9,4.0,1,2,0,1,1,1,3.6,134,6.1
2023,12,False,passing,pff,Desmond Ridder,55086,QB,ATL,2,1,83.3,18,21,7.9,2.9,2,2,9.5,61.9,13,0,5,13.3,24,2,0.08,12,77.3,76.8,73.4,69.2,0,2,24,0,62.5,0.0,63.3,0.0,0,3,0,1,1,2,8.3,168,8.0
2023,12,False,passing,pff,Mac Jones,60323,QB,NE,19,1,61.9,21,21,5.2,2.16,0,0,0.0,57.1,12,0,5,7.7,22,1,-0.55,5,23.7,20.9,22.6,,0,2,22,1,40.9,20.0,27.8,4.5,1,0,0,0,0,4,18.2,89,4.2
2023,12,False,passing,pff,Bailey Zappe,60396,QB,NE,19,1,76.9,13,14,2.3,2.45,1,0,0.0,64.3,9,0,4,10.0,15,1,-0.56,3,73.5,33.7,33.5,,0,1,15,0,33.3,25.0,42.0,6.7,1,0,0,0,0,1,6.7,54,3.9
2023,12,False,passing,pff,P.J. Walker,12134,QB,CLV,8,1,58.3,12,13,7.6,2.6,0,1,7.7,46.2,6,0,7,14.3,17,1,-0.63,2,15.5,39.0,39.7,60.0,1,0,17,0,29.4,57.1,58.5,23.5,4,0,0,0,0,2,11.8,56,4.3
2023,12,False,passing,pff,Jakobi Meyers,47468,WR,LV,23,1,,0,1,,4.3,0,0,0.0,0.0,0,0,1,,1,0,-0.84,0,70.4,80.7,60.0,60.0,0,0,1,0,0.0,0.0,39.6,0.0,0,0,0,1,0,0,0.0,0,0.0
2023,12,False,passing,pff,Kyle Trask,39987,QB,TB,30,1,0.0,1,1,12.0,2.3,0,1,100.0,0.0,0,0,0,,1,0,-1.6,0,60.4,85.8,82.7,,0,0,1,0,0.0,,39.6,0.0,0,0,0,0,0,0,0.0,0,0.0
2023,12,False,passing,pff,Deebo Samuel,48274,WR,SF,28,1,,0,1,,5.1,0,0,0.0,0.0,0,0,1,,1,0,-0.45,0,72.8,78.3,60.0,61.2,0,0,1,0,0.0,0.0,39.6,0.0,0,0,0,1,0,0,0.0,0,0.0
2023,13,False,passing,pff,Jalen Hurts,40291,QB,PHI,24,1,69.2,39,45,8.5,3.85,1,0,0.0,57.8,26,0,32,3.7,52,1,0.1,18,81.4,65.8,66.0,58.6,0,0,55,1,42.3,9.4,85.2,5.8,3,4,0,5,1,0,0.0,298,6.6
2023,13,False,passing,pff,Joe Flacco,4332,QB,CLV,8,1,64.1,39,44,11.6,2.81,0,0,0.0,52.3,23,0,17,8.0,46,2,-0.06,10,80.1,61.5,60.8,,0,1,48,1,45.7,11.8,75.4,4.3,2,0,0,5,2,1,2.1,254,5.8
2023,13,False,passing,pff,Gardner Minshew,41401,QB,IND,14,1,71.1,38,42,8.8,2.69,1,3,7.0,61.9,26,0,16,3.7,47,1,-0.02,10,22.9,62.1,63.6,51.5,1,0,49,0,42.6,18.8,100.5,6.4,3,2,0,2,2,2,4.1,312,7.4
2023,13,False,passing,pff,Geno Smith,7820,QB,SEA,29,1,74.3,35,41,8.2,2.31,1,6,13.0,56.1,23,0,16,11.5,42,3,0.31,17,80.2,82.8,79.6,70.2,1,1,47,0,52.4,0.0,97.0,0.0,0,1,1,3,3,2,4.3,334,8.1
2023,13,False,passing,pff,Dak Prescott,10769,QB,DAL,9,1,84.6,39,41,7.1,2.83,1,2,4.0,70.7,29,0,17,12.1,47,4,0.25,19,82.1,77.6,78.1,62.5,0,0,57,1,55.3,23.5,115.8,8.5,4,1,0,1,3,0,0.0,299,7.3
2023,13,False,passing,pff,Matthew Stafford,4924,QB,LA,26,1,70.6,34,37,7.4,2.42,0,3,7.9,59.5,22,0,9,8.3,37,2,0.15,10,79.0,73.6,72.2,60.0,0,0,38,0,43.2,0.0,110.1,0.0,0,0,0,3,3,1,2.6,279,7.5
2023,13,False,passing,pff,Jake Browning,46401,QB,CIN,7,1,94.3,35,37,4.1,2.3,1,1,2.6,86.5,32,0,11,3.0,40,1,0.49,18,79.5,90.1,85.2,78.2,0,0,41,2,57.5,18.2,115.5,5.0,2,1,0,1,1,0,0.0,354,9.6
2023,13,False,passing,pff,Justin Herbert,28237,QB,LAC,27,1,77.8,36,37,7.5,2.89,0,3,8.1,59.5,22,0,7,21.4,38,6,0.02,8,79.4,80.3,82.0,51.6,0,0,38,0,50.0,0.0,75.5,0.0,0,1,0,1,0,0,0.0,212,5.7
2023,13,False,passing,pff,Jordan Love,40306,QB,GB,12,1,76.5,34,36,8.2,2.73,0,4,10.8,69.4,25,0,16,3.8,39,1,0.38,16,79.3,91.8,90.6,74.5,0,0,40,1,56.4,12.5,118.6,5.1,2,1,0,2,3,0,0.0,267,7.4
2023,13,False,passing,pff,Patrick Mahomes,11765,QB,KC,16,1,71.0,31,33,8.4,2.93,0,0,0.0,63.6,21,0,11,4.5,39,1,0.18,14,79.8,70.8,70.8,59.2,0,1,44,0,51.3,27.3,79.1,7.7,3,3,0,2,1,1,2.3,210,6.4
2023,13,False,passing,pff,Will Levis,83542,QB,TEN,31,1,67.7,31,33,10.3,2.88,1,3,8.1,48.5,16,0,19,23.8,40,5,-0.09,13,79.4,66.2,63.9,64.7,1,0,44,0,37.5,31.6,80.9,15.0,6,1,0,0,1,0,0.0,224,6.8
2023,13,False,passing,pff,Bryce Young,123943,QB,CAR,5,1,61.5,26,31,11.4,2.88,0,2,6.5,48.4,15,0,20,6.3,35,1,-0.29,7,27.8,58.3,54.1,71.9,0,1,38,1,34.3,20.0,52.9,11.4,4,0,0,5,0,3,7.9,178,5.7
2023,13,False,passing,pff,Trevor Lawrence,77632,QB,JAX,15,1,82.1,28,29,12.8,2.76,1,3,10.3,75.9,22,0,11,4.3,33,1,0.27,10,27.9,80.9,81.5,65.1,0,0,33,1,57.6,18.2,125.4,6.1,2,2,0,0,2,2,6.1,258,8.9
2023,13,False,passing,pff,Baker Mayfield,46518,QB,TB,30,1,59.3,27,29,10.6,2.34,0,2,6.3,48.3,14,0,11,12.5,31,2,-0.09,7,78.7,54.4,53.8,60.0,0,1,35,0,35.5,9.1,68.5,3.2,1,0,0,2,1,3,8.6,202,7.0
2023,13,False,passing,pff,C.J. Stroud,129759,QB,HST,13,1,73.1,26,27,11.3,3.18,0,1,3.4,59.3,16,0,10,15.8,34,3,-0.05,7,21.7,58.7,56.9,62.5,0,0,37,0,38.2,50.0,106.1,14.7,5,2,0,1,1,2,5.4,274,10.1
2023,13,False,passing,pff,Desmond Ridder,55086,QB,ATL,2,1,54.2,24,27,10.0,2.94,0,1,3.3,44.4,12,0,14,7.7,30,1,-0.27,9,78.4,54.7,54.7,60.0,0,0,33,1,30.0,21.4,70.1,10.0,3,0,0,3,1,0,0.0,121,4.5
2023,13,False,passing,pff,Brock Purdy,77672,QB,SF,28,1,83.3,24,27,5.9,2.58,1,1,3.4,70.4,19,0,11,5.0,31,1,0.81,12,78.2,80.9,78.3,65.8,0,0,33,0,61.3,18.2,148.8,6.5,2,1,0,2,4,0,0.0,314,11.6
2023,13,False,passing,pff,Russell Wilson,7077,QB,DEN,10,1,66.7,24,26,14.1,3.14,0,4,14.8,57.7,15,0,13,6.3,35,1,-0.34,7,79.3,65.9,60.9,69.6,0,3,36,0,37.1,23.1,53.2,8.6,3,6,0,2,1,2,5.6,186,7.2
2023,13,False,passing,pff,Tim Boyle,21956,QB,NYJ,22,1,68.2,22,25,8.0,2.75,0,2,8.0,56.0,14,0,8,6.7,26,1,-0.18,6,76.9,59.2,56.6,62.6,0,1,26,0,34.6,12.5,56.8,3.8,1,0,0,3,0,1,3.8,148,5.9
2023,13,False,passing,pff,Bailey Zappe,60396,QB,NE,19,1,66.7,24,25,11.3,3.14,0,1,3.8,52.0,13,0,12,18.8,33,3,-0.38,6,78.3,63.6,64.4,62.0,0,0,34,1,39.4,41.7,68.9,15.2,5,3,0,1,0,0,0.0,141,5.6
2023,13,False,passing,pff,Jared Goff,10635,QB,DET,11,1,70.8,24,25,7.9,2.67,1,1,3.7,64.0,16,0,7,5.9,26,1,0.34,9,77.5,77.7,76.4,60.0,0,0,28,1,42.3,14.3,117.6,3.8,1,0,0,0,2,0,0.0,213,8.5
2023,13,False,passing,pff,Tua Tagovailoa,60326,QB,MIA,17,1,82.6,23,24,8.9,2.56,0,2,8.0,75.0,18,0,6,5.3,24,1,0.77,10,76.3,91.0,90.1,,1,0,25,0,54.2,0.0,141.0,0.0,0,0,0,0,2,0,0.0,280,11.7
2023,13,False,passing,pff,Kyler Murray,38334,QB,ARZ,1,1,83.3,18,23,8.4,2.52,3,1,3.8,56.5,13,0,7,13.3,27,2,0.15,8,78.6,78.5,77.4,65.2,1,0,30,0,40.7,28.6,89.9,7.4,2,2,0,1,1,0,0.0,145,6.3
2023,13,False,passing,pff,Sam Howell,97599,QB,WAS,32,1,63.2,19,23,7.8,3.27,1,1,4.2,52.2,12,0,16,0.0,29,0,-0.43,6,77.6,71.5,66.7,71.4,1,1,30,0,31.0,18.8,50.5,10.3,3,3,0,2,0,1,3.3,127,5.5
2023,13,False,passing,pff,Derek Carr,8671,QB,NO,20,1,90.9,22,22,7.4,2.87,0,1,4.5,77.3,17,0,12,15.0,24,3,0.34,10,76.4,80.1,81.4,56.3,0,1,24,0,54.2,16.7,105.5,8.3,2,0,0,0,1,0,0.0,226,10.3
2023,13,False,passing,pff,Mitch Trubisky,11757,QB,PIT,25,1,86.7,15,17,11.1,2.86,0,1,5.9,64.7,11,0,6,15.4,18,2,0.43,8,23.6,65.8,76.7,35.5,2,0,18,0,55.6,0.0,104.3,0.0,0,1,0,0,1,0,0.0,117,6.9
2023,13,False,passing,pff,Trevor Siemian,9683,QB,NYJ,22,1,45.5,11,13,11.2,2.95,0,1,7.1,38.5,5,0,7,0.0,17,0,-0.61,3,21.6,34.4,36.0,58.3,2,0,18,0,29.4,42.9,55.3,17.6,3,1,0,0,0,1,5.6,66,5.1
2023,13,False,passing,pff,C.J. Beathard,11859,QB,JAX,15,1,90.0,10,10,6.3,2.63,0,0,0.0,90.0,9,0,5,0.0,13,0,0.06,3,20.7,59.1,74.1,43.9,0,0,14,0,53.8,40.0,92.9,15.4,2,1,0,0,0,1,7.1,63,6.3
2023,13,False,passing,pff,Kenny Pickett,60515,QB,PIT,25,1,100.0,8,10,6.1,3.06,1,1,9.1,70.0,7,0,4,12.5,13,1,-0.21,5,73.2,58.0,66.6,44.8,1,0,14,0,53.8,0.0,89.6,0.0,0,2,0,0,0,0,0.0,70,7.0
2023,13,False,passing,pff,Jameis Winston,9434,QB,NO,20,1,60.0,5,5,9.0,2.54,0,0,0.0,40.0,2,0,4,33.3,5,1,-0.24,2,68.0,24.4,25.5,,0,0,5,0,40.0,0.0,69.6,0.0,0,0,0,0,0,1,20.0,41,8.2
2023,13,False,passing,pff,Marcus Mariota,9435,QB,PHI,24,1,100.0,2,3,2.5,3.5,1,0,0.0,66.7,2,0,1,0.0,4,0,-0.13,1,68.4,67.0,69.0,59.1,0,0,4,0,25.0,0.0,79.9,0.0,0,1,0,0,0,0,0.0,16,5.3
2023,13,False,passing,pff,Taysom Hill,12112,TE,NO,20,1,0.0,2,2,27.0,3.15,0,0,0.0,0.0,0,0,0,,2,0,-0.8,0,75.7,71.7,48.0,69.2,0,0,2,0,0.0,,39.6,0.0,0,0,0,0,0,0,0.0,0,0.0
2023,13,False,passing,pff,Davis Mills,52269,QB,HST,13,1,100.0,1,1,6.0,1.7,0,0,0.0,100.0,1,0,0,0.0,1,0,1.56,1,60.4,60.7,60.5,,0,0,1,0,100.0,,118.8,0.0,0,0,0,0,0,0,0.0,18,18.0
2023,13,False,passing,pff,Mike White,46453,QB,MIA,17,1,100.0,1,1,-4.0,0.7,0,0,0.0,100.0,1,0,0,0.0,1,0,0.05,0,60.4,62.3,60.4,,0,0,1,0,100.0,,79.2,0.0,0,0,0,0,0,0,0.0,3,3.0
2023,13,False,passing,pff,Ja'Marr Chase,84270,WR,CIN,7,1,100.0,1,1,-7.0,4.8,0,0,0.0,100.0,1,0,0,0.0,1,0,-1.68,0,72.0,82.6,60.0,,0,0,1,0,0.0,,79.2,0.0,0,0,0,0,0,0,0.0,-7,-7.0
2023,13,False,passing,pff,Tyler Boyd,10689,WR,CIN,7,1,0.0,1,1,-6.0,4.4,0,0,0.0,0.0,0,0,0,,1,0,-5.6,0,69.8,39.0,57.3,56.6,0,1,1,0,0.0,,0.0,0.0,0,0,0,0,0,1,100.0,0,0.0
2023,14,False,passing,pff,Trevor Lawrence,77632,QB,JAX,15,1,62.2,45,50,9.9,2.43,1,2,3.9,56.0,28,0,22,0.0,56,0,-0.19,16,81.5,45.3,47.8,54.5,2,3,58,1,39.3,18.2,65.2,7.1,4,2,0,2,3,5,8.6,257,5.1
2023,14,False,passing,pff,Joe Flacco,4332,QB,CLV,8,1,68.3,41,45,7.4,2.43,0,1,2.2,57.8,26,0,9,7.1,47,2,-0.24,11,80.7,68.6,66.4,66.1,1,1,48,0,42.6,11.1,92.0,2.1,1,0,0,3,3,0,0.0,311,6.9
2023,14,False,passing,pff,Patrick Mahomes,11765,QB,KC,16,1,73.0,37,43,6.1,2.65,1,2,4.4,58.1,25,0,17,7.4,45,2,-0.21,15,80.0,79.2,76.2,64.4,3,1,47,0,51.1,5.9,74.9,2.2,1,1,0,2,1,0,0.0,271,6.3
2023,14,False,passing,pff,Lamar Jackson,46416,QB,BLT,3,1,71.1,38,43,13.2,3.64,1,2,4.5,55.8,24,1,22,11.1,53,3,0.19,21,81.4,65.6,60.3,73.3,1,1,54,1,47.2,9.1,92.8,3.8,2,8,0,3,3,2,3.7,316,7.3
2023,14,False,passing,pff,Josh Allen,46601,QB,BUF,4,1,69.4,36,42,8.5,3.28,0,2,4.5,54.8,23,0,23,8.0,49,2,-0.06,13,81.6,68.5,63.1,74.2,1,1,52,0,42.9,13.0,68.8,6.1,3,4,1,4,1,2,3.8,233,5.5
2023,14,False,passing,pff,Matthew Stafford,4924,QB,LA,26,1,67.6,37,41,10.0,2.77,0,2,4.4,56.1,23,0,24,8.0,43,2,0.17,13,80.2,66.2,66.7,60.0,1,0,47,1,37.2,8.3,103.1,4.7,2,0,0,3,3,1,2.1,294,7.2
2023,14,False,passing,pff,Desmond Ridder,55086,QB,ATL,2,1,69.2,39,40,10.1,2.66,0,2,4.7,65.0,26,0,9,3.7,45,1,0.01,16,23.2,58.9,60.9,49.7,0,1,48,0,42.2,33.3,90.3,6.7,3,2,1,0,1,3,6.3,347,8.7
2023,14,False,passing,pff,Jordan Love,40306,QB,GB,12,1,67.6,37,39,6.6,2.52,1,3,7.5,64.1,25,0,14,0.0,41,0,-0.07,12,29.2,58.6,65.0,32.3,0,1,42,0,43.9,14.3,76.7,4.9,2,0,0,1,1,2,4.8,218,5.6
2023,14,False,passing,pff,Gardner Minshew,41401,QB,IND,14,1,76.3,38,39,6.3,2.47,0,0,0.0,66.7,26,0,7,10.3,43,3,-0.02,15,79.9,75.7,73.2,65.4,0,1,45,0,48.8,42.9,81.1,7.0,3,1,0,1,1,0,0.0,240,6.2
2023,14,False,passing,pff,Dak Prescott,10769,QB,DAL,9,1,68.4,38,39,7.6,2.63,1,3,7.0,61.5,24,0,15,7.7,43,2,-0.04,13,31.9,73.8,74.3,56.7,0,0,49,0,46.5,20.0,99.4,7.0,3,1,0,0,2,1,2.0,271,6.9
2023,14,False,passing,pff,Will Levis,83542,QB,TEN,31,1,72.7,33,38,9.7,2.76,1,3,7.5,60.5,23,0,19,4.2,41,1,0.28,17,79.7,79.4,75.1,75.7,2,1,43,0,53.7,5.3,86.2,2.4,1,2,0,2,1,1,2.3,327,8.6
2023,14,False,passing,pff,Zach Wilson,82096,QB,NYJ,22,1,81.8,33,36,7.3,2.84,1,2,5.3,75.0,27,0,16,0.0,42,0,0.07,15,29.3,76.2,79.8,43.3,1,0,44,0,50.0,25.0,117.9,9.5,4,2,0,1,2,1,2.3,301,8.4
2023,14,False,passing,pff,Bryce Young,123943,QB,CAR,5,1,43.8,32,36,14.3,3.22,1,1,2.6,36.1,13,0,18,7.1,43,1,-0.7,7,29.5,52.1,46.3,79.2,0,0,45,0,27.9,22.2,48.0,9.3,4,3,0,3,0,1,2.2,137,3.8
2023,14,False,passing,pff,Mitch Trubisky,11757,QB,PIT,25,1,64.7,34,35,7.9,2.85,0,0,0.0,62.9,22,0,18,0.0,41,0,-0.38,11,80.5,44.8,39.7,69.5,0,1,45,0,36.6,11.1,74.7,4.9,2,4,0,1,1,2,4.4,190,5.4
2023,14,False,passing,pff,Jared Goff,10635,QB,DET,11,1,69.7,33,35,7.7,2.34,1,1,2.7,57.1,20,0,16,13.0,39,3,-0.28,7,29.0,44.8,52.7,60.0,0,2,41,1,38.5,25.0,54.6,10.3,4,0,0,1,1,2,4.9,161,4.6
2023,14,False,passing,pff,Tua Tagovailoa,60326,QB,MIA,17,1,69.7,33,33,7.6,2.74,0,1,2.9,69.7,23,0,19,0.0,41,0,-0.22,10,26.7,60.8,61.4,55.3,0,0,42,0,46.3,26.3,90.5,12.2,5,3,0,0,0,2,4.8,240,7.3
2023,14,False,passing,pff,Justin Fields,82118,QB,CHI,6,1,78.6,28,33,8.1,3.27,1,2,5.4,57.6,19,0,14,13.6,40,3,0.24,13,81.2,72.4,74.9,58.0,1,0,45,0,45.0,21.4,88.3,7.5,3,4,0,3,1,0,0.0,223,6.8
2023,14,False,passing,pff,Russell Wilson,7077,QB,DEN,10,1,82.8,29,33,6.2,2.77,1,3,8.8,63.6,21,0,18,12.5,36,3,-0.03,10,79.6,83.9,84.2,60.0,0,1,37,0,47.2,11.1,91.0,5.6,2,1,0,3,2,0,0.0,224,6.8
2023,14,False,passing,pff,Aidan O'Connell,60516,QB,LV,23,1,82.8,29,32,4.3,2.69,0,0,0.0,65.6,21,0,11,12.5,37,3,-0.61,5,78.8,56.1,54.1,62.6,0,1,37,1,24.3,36.4,66.0,10.8,4,0,0,3,0,1,2.7,171,5.3
2023,14,False,passing,pff,Drew Lock,39517,QB,SEA,29,1,83.3,30,31,8.0,2.89,1,0,0.0,71.0,22,0,13,12.0,38,3,-0.1,11,28.6,55.7,59.3,51.9,0,2,42,2,34.2,30.8,92.0,10.5,4,3,0,0,2,4,9.5,269,8.7
2023,14,False,passing,pff,Baker Mayfield,46518,QB,TB,30,1,53.6,28,29,10.4,3.17,1,3,10.0,48.3,14,0,13,6.7,31,1,-0.04,8,78.0,59.5,59.9,55.3,0,0,32,0,35.5,7.7,86.0,3.2,1,1,0,0,2,0,0.0,144,5.0
2023,14,False,passing,pff,Bailey Zappe,60396,QB,NE,19,1,80.8,26,28,7.2,2.7,0,2,6.7,67.9,19,0,11,9.5,32,2,0.11,12,78.3,69.7,69.5,59.3,0,1,34,0,46.9,18.2,115.2,6.3,2,2,0,2,3,1,2.9,240,8.6
2023,14,False,passing,pff,Brock Purdy,77672,QB,SF,28,1,76.9,26,27,9.7,2.57,0,2,7.4,70.4,19,0,10,5.0,31,1,0.3,12,77.8,77.4,77.1,57.9,1,1,31,0,48.4,30.0,122.1,9.7,3,1,0,0,2,0,0.0,368,13.6
2023,14,False,passing,pff,Jalen Hurts,40291,QB,PHI,24,1,73.1,26,27,10.7,2.46,1,2,6.9,66.7,18,0,12,5.3,28,1,-0.38,9,27.9,78.0,82.3,51.4,0,0,30,0,42.9,8.3,88.0,3.6,1,0,0,0,0,0,0.0,197,7.3
2023,14,False,passing,pff,Derek Carr,8671,QB,NO,20,1,81.8,22,26,6.2,2.46,0,0,0.0,69.2,18,0,9,0.0,27,0,-0.41,8,76.8,67.0,65.9,,1,1,27,1,44.4,11.1,88.5,3.7,1,0,0,3,2,0,0.0,119,4.6
2023,14,False,passing,pff,Jake Browning,46401,QB,CIN,7,1,87.0,23,24,4.9,2.81,1,1,4.0,75.0,18,0,6,10.0,26,2,0.24,11,77.3,83.3,85.9,60.3,0,1,28,1,46.2,0.0,122.7,0.0,0,2,0,0,2,0,0.0,275,11.5
2023,14,False,passing,pff,Easton Stick,29466,QB,LAC,27,1,56.5,23,24,10.7,2.88,0,1,4.0,54.2,13,0,11,0.0,26,0,-0.25,8,25.2,37.1,40.4,,1,0,27,1,42.3,18.2,78.3,7.7,2,0,0,0,0,3,11.1,179,7.5
2023,14,False,passing,pff,C.J. Stroud,129759,QB,HST,13,1,52.4,21,23,10.0,2.9,1,1,3.7,43.5,10,0,13,9.1,27,1,-0.64,4,77.4,42.8,43.2,,0,0,31,0,29.6,30.8,54.8,14.8,4,0,0,1,0,4,12.9,91,4.0
2023,14,False,passing,pff,Joshua Dobbs,11890,QB,MIN,18,1,76.2,21,23,6.8,3.4,0,1,4.2,43.5,10,0,15,37.5,33,6,-0.41,7,78.1,68.5,69.5,57.2,1,0,34,0,27.3,33.3,50.8,15.2,5,5,0,1,0,1,2.9,63,2.7
2023,14,False,passing,pff,Tommy DeVito,60545,QB,NYG,21,1,90.0,20,21,6.4,3.15,0,1,4.5,81.0,17,0,13,5.6,27,1,0.18,9,78.0,74.0,68.6,71.9,0,0,28,0,63.0,0.0,113.9,0.0,0,6,0,1,1,0,0.0,158,7.5
2023,14,False,passing,pff,Justin Herbert,28237,QB,LAC,27,1,56.3,16,17,8.4,3.3,0,0,0.0,52.9,9,0,12,0.0,21,0,-0.75,5,75.4,68.2,67.7,,0,1,21,0,33.3,33.3,45.2,19.0,4,0,0,1,0,0,0.0,96,5.6
2023,14,False,passing,pff,Nick Mullens,12282,QB,MIN,18,1,75.0,12,13,8.3,2.67,0,0,0.0,69.2,9,0,3,0.0,13,0,0.17,4,72.8,59.3,62.7,,0,0,13,1,38.5,0.0,86.4,0.0,0,0,0,1,0,0,0.0,83,6.4
2023,14,False,passing,pff,Davis Mills,52269,QB,HST,13,1,40.0,5,5,10.6,3.37,0,0,0.0,20.0,1,0,2,50.0,6,1,-1.56,0,68.9,55.7,55.9,,0,0,6,0,0.0,50.0,39.6,16.7,1,0,0,0,0,0,0.0,4,0.8
2023,14,False,passing,pff,Braden Mann,44664,P,PHI,24,1,100.0,1,1,11.0,2.2,0,0,0.0,100.0,1,0,0,0.0,1,0,4.94,1,60.4,73.1,68.8,,0,0,1,0,100.0,,118.8,0.0,0,0,0,0,0,0,0.0,28,28.0
2023,14,False,passing,pff,Connor Heyward,57301,TE,PIT,25,1,,0,1,,2.0,1,0,0.0,0.0,0,0,0,,1,0,-0.74,0,65.7,79.0,60.0,,0,0,1,0,0.0,,39.6,0.0,0,0,0,0,0,0,0.0,0,0.0
2023,14,False,passing,pff,A.J. McCarron,8799,QB,CIN,7,1,100.0,1,1,-1.0,2.9,0,0,0.0,100.0,1,0,1,0.0,1,0,-2.08,0,63.6,56.0,56.1,,0,0,2,0,0.0,0.0,79.2,0.0,0,0,0,0,0,0,0.0,-1,-1.0
2023,14,False,passing,pff,Keenan Allen,7857,WR,LAC,27,1,,0,1,,4.0,0,0,0.0,0.0,0,0,1,,1,0,-0.49,0,69.5,77.8,60.0,,0,0,1,0,0.0,0.0,39.6,0.0,0,0,0,1,0,0,0.0,0,0.0
2023,15,False,passing,pff,Joe Flacco,4332,QB,CLV,8,1,69.0,42,44,9.3,2.88,1,3,6.5,63.6,28,0,19,3.4,48,1,-0.35,12,31.5,57.6,57.1,60.0,0,3,50,0,43.8,21.1,77.3,8.3,4,0,0,1,2,4,8.0,374,8.5
2023,15,False,passing,pff,Trevor Lawrence,77632,QB,JAX,15,1,69.0,42,43,10.0,2.62,0,4,9.1,58.1,25,0,15,13.8,48,4,-0.14,12,21.7,70.4,71.8,52.7,0,0,49,1,33.3,6.7,83.9,2.1,1,4,0,1,1,2,4.1,264,6.1
2023,15,False,passing,pff,Jake Browning,46401,QB,CIN,7,1,83.8,37,42,9.0,2.8,2,3,7.0,69.0,29,0,17,6.5,46,2,0.1,17,80.7,80.8,79.7,62.2,1,1,47,1,50.0,23.5,97.7,8.7,4,0,0,2,2,1,2.1,324,7.7
2023,15,False,passing,pff,Justin Fields,82118,QB,CHI,6,1,69.7,33,40,10.9,3.37,0,3,7.3,47.5,19,0,29,17.4,45,4,-0.32,7,32.0,48.8,47.1,61.1,3,2,46,0,26.7,10.3,46.5,6.7,3,2,0,4,1,3,6.5,166,4.2
2023,15,False,passing,pff,Kyler Murray,38334,QB,ARZ,1,1,75.7,37,39,6.5,3.15,0,2,4.9,66.7,26,0,11,7.1,45,2,-0.19,12,31.5,52.1,43.2,89.7,0,2,47,1,35.6,27.3,67.4,6.7,3,3,0,2,1,4,8.5,211,5.4
2023,15,False,passing,pff,Jordan Love,40306,QB,GB,12,1,80.6,36,39,6.4,2.81,0,1,2.4,74.4,29,0,13,0.0,41,0,0.07,13,29.6,66.6,66.2,64.7,0,0,43,2,43.9,15.4,111.5,4.9,2,0,0,3,2,2,4.7,284,7.3
2023,15,False,passing,pff,Patrick Mahomes,11765,QB,KC,16,1,88.2,34,37,6.3,2.7,0,3,7.3,73.0,27,1,15,10.0,40,3,0.05,14,80.2,79.9,80.4,60.5,0,2,44,1,42.5,20.0,92.7,7.5,3,0,0,3,2,1,2.3,305,8.2
2023,15,False,passing,pff,Case Keenum,7323,QB,HST,13,1,67.6,34,36,8.3,2.87,0,0,0.0,63.9,23,0,10,0.0,39,0,-0.06,12,79.7,44.4,45.5,54.0,0,1,43,1,46.2,30.0,79.5,7.7,3,0,0,2,1,4,9.3,229,6.4
2023,15,False,passing,pff,Jared Goff,10635,QB,DET,11,1,75.0,32,34,9.3,2.84,0,0,0.0,70.6,24,0,14,0.0,36,0,0.48,18,78.6,83.8,81.9,,0,0,37,0,50.0,14.3,134.6,5.6,2,0,0,2,5,0,0.0,278,8.2
2023,15,False,passing,pff,Aidan O'Connell,60516,QB,LV,23,1,72.4,29,34,9.8,2.73,2,3,8.6,58.8,20,0,12,4.8,35,1,0.28,12,78.4,79.0,78.3,,1,0,36,0,48.6,8.3,120.7,2.9,1,0,0,2,4,0,0.0,248,7.3
2023,15,False,passing,pff,Dak Prescott,10769,QB,DAL,9,1,71.0,31,34,7.2,2.93,1,1,2.9,61.8,21,0,10,4.5,41,1,-0.21,8,79.2,39.4,36.8,64.2,0,1,41,0,39.0,30.0,57.7,7.3,3,4,0,2,0,4,9.8,134,3.9
2023,15,False,passing,pff,Tommy DeVito,60545,QB,NYG,21,1,73.3,30,34,6.2,2.93,1,0,0.0,58.8,20,0,17,9.1,43,2,-0.37,6,79.9,58.1,59.7,59.4,0,0,43,1,20.9,41.2,72.8,16.3,7,2,0,3,0,0,0.0,177,5.2
2023,15,False,passing,pff,Drew Lock,39517,QB,SEA,29,1,75.0,32,33,7.1,2.29,0,2,5.7,66.7,22,0,14,8.3,35,2,0.05,7,78.8,76.1,74.7,60.0,0,0,37,1,45.7,14.3,94.0,5.7,2,0,0,1,1,0,0.0,208,6.3
2023,15,False,passing,pff,Matthew Stafford,4924,QB,LA,26,1,87.1,31,33,6.2,2.41,1,3,8.8,75.8,25,0,10,7.4,38,2,0.12,10,78.9,90.4,90.2,58.3,0,0,39,1,47.4,30.0,118.0,7.9,3,1,0,1,2,0,0.0,258,7.8
2023,15,False,passing,pff,Nick Mullens,12282,QB,MIN,18,1,81.3,32,33,7.4,2.92,0,1,2.9,78.8,26,0,12,0.0,38,0,0.2,16,79.7,66.4,66.6,59.0,0,2,39,0,55.3,25.0,99.9,7.9,3,2,0,1,2,2,5.1,303,9.2
2023,15,False,passing,pff,Easton Stick,29466,QB,LAC,27,1,80.0,30,32,5.4,2.64,0,3,9.4,71.9,23,0,11,4.2,36,1,-0.15,14,20.8,63.6,59.8,70.2,1,1,37,0,52.8,27.3,113.7,8.3,3,1,0,1,3,3,8.1,257,8.0
2023,15,False,passing,pff,Russell Wilson,7077,QB,DEN,10,1,71.4,28,32,8.2,2.84,1,0,0.0,56.3,18,0,18,10.0,35,2,-0.06,12,29.1,63.7,62.3,63.1,3,0,36,0,45.7,11.1,88.4,5.7,2,1,0,0,1,1,2.8,223,7.0
2023,15,False,passing,pff,Bailey Zappe,60396,QB,NE,19,1,79.3,29,31,4.8,2.33,2,1,3.0,74.2,23,0,17,0.0,35,0,-0.4,9,27.9,48.9,49.7,60.0,0,1,37,0,34.3,23.5,85.4,11.4,4,0,0,0,1,3,8.1,180,5.8
2023,15,False,passing,pff,Jalen Hurts,40291,QB,PHI,24,1,60.7,28,31,10.8,2.83,2,0,0.0,54.8,17,0,14,0.0,38,0,-0.09,11,80.3,68.4,59.5,81.7,0,2,38,1,47.4,0.0,40.1,0.0,0,5,0,1,0,2,5.3,143,4.6
2023,15,False,passing,pff,Gardner Minshew,41401,QB,IND,14,1,80.8,26,28,7.8,2.5,1,2,6.7,64.3,18,0,13,14.3,32,3,0.03,7,78.3,76.8,77.9,53.2,0,0,34,0,37.5,23.1,123.4,9.4,3,1,0,1,3,0,0.0,215,7.7
2023,15,False,passing,pff,Derek Carr,8671,QB,NO,20,1,88.9,27,28,7.2,2.51,0,0,0.0,82.1,23,0,3,4.2,29,1,0.28,11,78.3,79.2,77.7,60.5,0,0,31,1,58.6,33.3,134.8,3.4,1,0,0,1,3,0,0.0,218,7.8
2023,15,False,passing,pff,Baker Mayfield,46518,QB,TB,30,1,84.6,26,28,9.1,2.54,0,2,6.7,78.6,22,0,9,0.0,33,0,0.73,18,78.6,91.1,90.4,60.0,1,0,35,0,63.6,55.6,158.3,15.2,5,0,0,1,4,0,0.0,381,13.6
2023,15,False,passing,pff,Sam Howell,97599,QB,WAS,32,1,52.2,23,26,10.7,3.08,2,3,11.1,42.3,11,0,9,8.3,30,1,-0.45,5,77.6,56.4,56.1,59.1,0,1,31,0,40.0,11.1,50.5,3.3,1,3,0,1,1,2,6.5,102,3.9
2023,15,False,passing,pff,Trevor Siemian,9683,QB,NYJ,22,1,58.3,24,26,10.0,2.34,1,0,0.0,53.8,14,0,11,0.0,28,0,-0.4,7,26.2,33.4,34.9,,0,2,30,0,39.3,18.2,32.5,7.1,2,0,0,1,0,3,10.0,110,4.2
2023,15,False,passing,pff,Will Levis,83542,QB,TEN,31,1,65.4,26,26,14.9,3.02,0,1,3.8,65.4,17,0,16,0.0,36,0,-0.17,9,78.5,70.0,64.6,75.6,0,1,36,0,30.6,43.8,72.4,19.4,7,3,0,0,0,2,5.6,199,7.7
2023,15,False,passing,pff,Brock Purdy,77672,QB,SF,28,1,66.7,24,25,13.5,2.72,0,1,4.0,64.0,16,0,10,0.0,26,0,0.9,11,76.6,86.5,84.3,,0,0,26,0,61.5,0.0,135.3,0.0,0,0,1,0,4,1,3.8,242,9.7
2023,15,False,passing,pff,Bryce Young,123943,QB,CAR,5,1,86.4,22,24,7.2,3.15,0,1,3.8,75.0,18,0,8,5.3,28,1,-0.11,8,27.2,78.0,74.2,70.0,0,0,31,0,46.4,37.5,93.6,10.7,3,1,0,2,0,1,3.2,167,7.0
2023,15,False,passing,pff,Tua Tagovailoa,60326,QB,MIA,17,1,87.5,24,24,4.3,2.14,0,1,4.0,87.5,21,0,8,0.0,27,0,0.3,9,77.0,76.5,77.5,,0,0,28,1,51.9,37.5,119.4,11.1,3,0,0,0,1,1,3.6,224,9.3
2023,15,False,passing,pff,Lamar Jackson,46416,QB,BLT,3,1,71.4,21,24,9.1,3.83,1,3,12.5,58.3,14,0,19,6.7,32,1,-0.06,12,79.3,85.4,81.8,73.8,2,1,32,2,50.0,15.8,76.9,9.4,3,5,0,0,1,1,3.1,171,7.1
2023,15,False,passing,pff,Mitch Trubisky,11757,QB,PIT,25,1,69.6,23,23,10.0,2.67,0,0,0.0,69.6,16,0,14,0.0,26,0,-0.09,9,77.9,55.9,54.5,62.1,0,2,30,0,46.2,21.4,68.9,11.5,3,0,0,0,1,2,6.7,169,7.3
2023,15,False,passing,pff,Desmond Ridder,55086,QB,ATL,2,1,73.7,19,20,7.6,3.12,0,0,0.0,60.0,12,0,6,14.3,21,2,0.13,8,76.6,44.6,47.9,48.1,0,1,22,0,42.9,0.0,79.6,0.0,0,1,0,1,1,1,4.5,152,7.6
2023,15,False,passing,pff,Josh Allen,46601,QB,BUF,4,1,69.2,13,15,8.2,3.13,0,1,5.9,46.7,7,0,11,22.2,19,2,0.04,7,77.0,78.4,66.8,82.0,0,0,21,0,42.1,9.1,89.3,5.3,1,3,0,2,1,0,0.0,94,6.3
2023,15,False,passing,pff,Zach Wilson,82096,QB,NYJ,22,1,50.0,8,11,7.0,3.15,0,0,0.0,36.4,4,0,11,0.0,15,0,-0.97,2,19.7,41.6,46.1,,0,0,16,1,20.0,36.4,44.9,26.7,4,0,0,3,0,1,6.3,26,2.4
2023,15,False,passing,pff,Jacoby Brissett,10725,QB,WAS,32,1,88.9,9,10,14.6,2.95,0,1,8.3,80.0,8,0,3,0.0,11,0,1.07,5,73.3,92.0,90.7,65.8,0,0,13,0,63.6,0.0,157.9,0.0,0,1,0,1,2,0,0.0,124,12.4
2023,15,False,passing,pff,Tyrod Taylor,6332,QB,NYG,21,1,100.0,3,4,3.3,1.7,0,0,0.0,50.0,2,0,0,33.3,4,1,-0.3,1,66.9,57.8,57.9,,0,0,4,0,50.0,,57.3,0.0,0,0,1,0,0,0,0.0,13,3.3
2023,15,False,passing,pff,Sam Darnold,29048,QB,SF,28,1,66.7,3,3,6.0,2.83,0,0,0.0,66.7,2,0,1,0.0,3,0,0.05,1,69.5,66.8,65.9,60.0,0,0,4,0,33.3,0.0,85.4,0.0,0,0,0,0,0,0,0.0,20,6.7
2023,15,False,passing,pff,Mason Rudolph,46569,QB,PIT,25,1,66.7,3,3,4.7,2.43,0,0,0.0,66.7,2,0,2,0.0,4,0,-1.46,0,66.9,41.0,42.1,,0,0,4,0,0.0,50.0,70.1,25.0,1,0,0,0,0,0,0.0,3,1.0
2023,15,False,passing,pff,Jakobi Meyers,47468,WR,LV,23,1,100.0,2,2,10.5,3.35,0,0,0.0,100.0,2,0,1,0.0,2,0,1.38,1,66.9,70.0,84.8,,0,0,2,1,100.0,0.0,131.3,0.0,0,0,0,0,1,0,0.0,12,6.0
2023,15,False,passing,pff,Mike White,46453,QB,MIA,17,1,100.0,2,2,-5.0,1.35,0,0,0.0,100.0,2,0,0,0.0,2,0,-0.94,0,67.8,63.4,61.9,60.0,0,0,2,0,0.0,,79.2,0.0,0,0,0,0,0,0,0.0,4,2.0
2023,15,False,passing,pff,Jerick McKinnon,8731,HB,KC,16,1,100.0,1,1,-4.0,0.9,0,0,0.0,100.0,1,0,0,0.0,1,0,1.45,1,71.2,64.8,60.1,59.9,0,0,1,0,100.0,,122.9,0.0,0,0,0,0,1,0,0.0,4,4.0
2023,15,False,passing,pff,Justin Jefferson,61398,WR,MIN,18,1,0.0,1,1,22.0,3.5,0,0,0.0,0.0,0,0,1,,1,0,-0.43,0,70.1,77.5,49.2,,0,0,1,0,0.0,0.0,39.6,0.0,0,0,0,0,0,0,0.0,0,0.0
2023,15,False,passing,pff,Dorian Thompson-Robinson,83574,QB,CLV,8,1,100.0,1,1,-5.0,1.4,0,0,0.0,100.0,1,0,0,0.0,1,0,1.0,1,60.4,60.6,60.4,,0,0,1,0,100.0,,87.5,0.0,0,0,0,0,0,0,0.0,5,5.0
2023,15,False,passing,pff,Taysom Hill,12112,TE,NO,20,1,0.0,1,1,6.0,4.2,0,0,0.0,0.0,0,0,0,,1,0,-0.77,0,68.3,46.2,53.5,56.0,0,0,1,0,0.0,,39.6,0.0,0,0,0,0,0,0,0.0,0,0.0
2023,16,False,passing,pff,Trevor Siemian,9683,QB,NYJ,22,1,60.0,45,49,3.6,2.47,0,1,1.9,55.1,27,0,14,0.0,51,0,-0.35,13,37.3,36.7,41.6,49.9,0,1,55,3,39.2,0.0,64.8,0.0,0,2,0,4,1,2,3.6,217,4.4
2023,16,False,passing,pff,Patrick Mahomes,11765,QB,KC,16,1,72.5,40,44,4.0,3.78,0,0,0.0,61.4,27,0,22,6.9,57,2,-0.15,14,37.8,31.4,30.5,53.7,0,1,59,0,42.1,18.2,73.6,7.0,4,9,0,4,1,5,8.5,235,5.3
2023,16,False,passing,pff,Jake Browning,46401,QB,CIN,7,1,77.5,40,42,6.6,2.71,1,0,0.0,66.7,28,0,17,9.7,45,3,-0.18,13,30.0,49.8,50.8,56.9,0,3,48,0,46.7,17.6,69.0,6.7,3,0,0,1,1,5,10.4,335,8.0
2023,16,False,passing,pff,Joe Flacco,4332,QB,CLV,8,1,75.0,40,42,11.9,2.96,0,4,8.7,64.3,27,0,14,10.0,42,3,0.55,18,80.3,91.5,90.4,64.7,1,2,46,0,52.4,0.0,96.1,0.0,0,0,0,1,3,1,2.2,368,8.8
2023,16,False,passing,pff,Derek Carr,8671,QB,NO,20,1,74.4,39,40,9.4,2.43,0,2,4.9,67.5,27,0,14,6.9,43,2,0.02,16,79.8,81.6,80.8,57.8,0,1,44,0,48.8,14.3,106.1,4.7,2,1,0,1,3,1,2.3,319,8.0
2023,16,False,passing,pff,Jared Goff,10635,QB,DET,11,1,81.6,38,40,4.1,2.62,0,0,0.0,75.0,30,0,12,3.2,41,1,0.42,16,80.1,70.2,73.4,65.7,1,0,43,3,61.0,8.3,99.7,2.4,1,0,0,1,1,0,0.0,257,6.4
2023,16,False,passing,pff,Kyler Murray,38334,QB,ARZ,1,1,69.4,36,38,6.3,2.85,1,1,2.5,63.2,24,1,13,4.0,42,1,-0.14,11,29.8,56.0,59.9,46.8,0,0,44,1,33.3,15.4,97.5,4.8,2,2,1,0,2,0,0.0,230,6.1
2023,16,False,passing,pff,Jalen Hurts,40291,QB,PHI,24,1,71.4,35,38,5.6,2.67,1,1,2.5,63.2,24,0,11,4.0,41,1,0.09,16,80.5,82.4,74.9,78.5,0,1,43,1,48.8,9.1,85.5,2.4,1,2,0,2,1,0,0.0,301,7.9
2023,16,False,passing,pff,Tua Tagovailoa,60326,QB,MIA,17,1,69.4,36,37,10.3,2.07,0,3,7.9,64.9,24,0,11,4.0,39,1,0.24,16,28.8,66.8,65.8,60.0,0,0,40,1,56.4,9.1,98.1,2.6,1,0,0,1,1,1,2.5,293,7.9
2023,16,False,passing,pff,Gardner Minshew,41401,QB,IND,14,1,67.6,34,37,9.8,3.0,1,0,0.0,54.1,20,0,19,13.0,46,3,-0.1,15,80.5,54.8,53.4,63.4,1,1,49,0,41.3,31.6,58.5,13.0,6,3,0,1,0,1,2.0,201,5.4
2023,16,False,passing,pff,Russell Wilson,7077,QB,DEN,10,1,74.3,35,37,9.4,3.32,1,2,4.9,67.6,25,0,18,3.8,43,1,-0.21,11,23.2,57.7,53.3,74.7,0,0,47,0,48.8,27.8,103.2,11.6,5,1,1,0,2,3,6.4,238,6.4
2023,16,False,passing,pff,Nick Mullens,12282,QB,MIN,18,1,69.7,33,36,16.6,3.06,1,3,7.9,61.1,22,0,15,4.3,41,1,0.15,16,22.0,41.4,43.4,55.7,0,4,44,0,46.3,26.7,79.5,9.8,4,1,1,1,2,7,15.9,411,11.4
2023,16,False,passing,pff,Geno Smith,7820,QB,SEA,29,1,74.3,35,36,7.6,2.37,0,2,5.1,69.4,25,0,11,3.8,40,1,0.26,14,29.4,75.9,75.8,56.0,0,0,43,0,45.0,27.3,104.7,7.5,3,0,0,1,2,1,2.3,227,6.3
2023,16,False,passing,pff,Bryce Young,123943,QB,CAR,5,1,71.9,32,36,10.9,2.83,0,3,8.1,63.9,23,0,14,0.0,40,0,0.36,14,29.5,82.0,81.3,61.7,0,0,42,0,55.0,14.3,110.0,5.0,2,2,1,3,2,0,0.0,312,8.7
2023,16,False,passing,pff,Baker Mayfield,46518,QB,TB,30,1,87.5,32,35,7.0,2.61,2,2,5.6,74.3,26,0,16,7.1,41,2,0.27,18,79.9,81.2,80.8,59.5,1,0,42,0,61.0,12.5,116.7,4.9,2,2,0,0,2,2,4.8,283,8.1
2023,16,False,passing,pff,Lamar Jackson,46416,QB,BLT,3,1,81.3,32,35,7.0,3.19,2,0,0.0,65.7,23,0,11,11.5,39,3,0.22,15,80.5,75.8,69.4,79.0,0,0,44,1,53.8,18.2,105.9,5.1,2,2,0,1,2,0,0.0,252,7.2
2023,16,False,passing,pff,Matthew Stafford,4924,QB,LA,26,1,81.3,32,34,9.5,2.77,0,4,11.4,70.6,24,0,10,7.7,35,2,0.36,18,78.7,91.8,91.0,60.0,0,0,36,0,62.9,10.0,120.7,2.9,1,0,0,2,2,0,0.0,328,9.6
2023,16,False,passing,pff,Bailey Zappe,60396,QB,NE,19,1,87.1,31,33,6.6,2.53,0,3,9.1,75.8,25,0,16,7.4,36,2,0.0,11,27.6,88.9,87.5,62.5,0,0,37,0,41.7,12.5,117.7,5.6,2,1,1,1,2,1,2.7,256,7.8
2023,16,False,passing,pff,Easton Stick,29466,QB,LAC,27,1,75.0,32,33,8.1,2.85,0,1,2.8,69.7,23,0,14,4.2,39,1,-0.08,10,80.6,77.6,75.3,68.2,0,0,43,0,35.9,35.7,87.3,12.8,5,1,0,1,0,0,0.0,215,6.5
2023,16,False,passing,pff,Taylor Heinicke,9896,QB,ATL,2,1,76.7,30,33,5.2,2.65,1,1,3.0,69.7,23,0,9,0.0,35,0,0.25,14,27.5,60.4,63.1,44.9,0,0,35,0,57.1,11.1,99.2,2.9,1,1,1,1,1,1,2.9,229,6.9
2023,16,False,passing,pff,Davis Mills,52269,QB,HST,13,1,60.0,30,32,8.3,2.54,1,0,0.0,46.9,15,0,14,16.7,33,3,0.01,11,78.5,46.9,45.2,67.6,0,0,35,0,42.4,0.0,81.4,0.0,0,1,0,1,2,4,11.4,149,4.7
2023,16,False,passing,pff,Brock Purdy,77672,QB,SF,28,1,70.0,30,32,6.9,2.91,1,1,3.1,56.3,18,0,15,14.3,36,3,-0.42,10,78.8,64.9,62.8,62.6,0,4,37,0,41.7,13.3,42.6,5.6,2,0,0,1,0,2,5.4,255,8.0
2023,16,False,passing,pff,Dak Prescott,10769,QB,DAL,9,1,75.0,28,32,7.5,2.98,2,1,2.9,62.5,20,0,19,4.8,38,1,0.29,10,79.9,66.3,66.7,58.1,1,0,43,0,44.7,15.8,107.9,7.9,3,3,0,1,2,0,0.0,253,7.9
2023,16,False,passing,pff,Trevor Lawrence,77632,QB,JAX,15,1,64.3,28,29,10.3,2.67,0,1,3.3,58.6,17,0,13,5.6,36,1,-0.12,14,20.8,45.4,48.4,55.3,1,2,37,1,50.0,23.1,64.0,8.3,3,3,0,0,1,3,8.1,211,7.3
2023,16,False,passing,pff,Jordan Love,40306,QB,GB,12,1,74.1,27,28,9.5,2.89,0,1,3.2,60.7,17,0,5,15.0,30,3,0.41,12,78.2,77.4,72.3,74.5,0,0,33,0,50.0,20.0,109.1,3.3,1,1,0,1,2,0,0.0,219,7.8
2023,16,False,passing,pff,Mason Rudolph,46569,QB,PIT,25,1,68.0,25,27,9.7,2.5,0,2,7.1,63.0,17,0,11,0.0,29,0,0.37,8,77.6,65.0,63.0,63.5,0,0,30,0,44.8,9.1,124.0,3.4,1,1,0,2,2,1,3.3,290,10.7
2023,16,False,passing,pff,Justin Fields,82118,QB,CHI,6,1,66.7,24,27,11.3,4.14,0,1,3.6,55.6,15,0,17,6.3,33,1,-0.09,10,79.3,70.3,58.0,84.6,0,1,36,0,42.4,5.9,71.5,3.0,1,5,0,3,1,2,5.6,170,6.3
2023,16,False,passing,pff,Ryan Tannehill,7014,QB,TEN,31,1,78.3,23,26,4.9,2.86,0,0,0.0,69.2,18,0,13,0.0,34,0,0.05,11,27.4,52.9,44.9,83.4,0,0,36,1,38.2,46.2,84.1,17.6,6,2,1,2,0,2,5.6,152,5.8
2023,16,False,passing,pff,Sam Howell,97599,QB,WAS,32,1,62.5,16,22,4.5,3.19,1,0,0.0,27.3,6,0,11,40.0,23,4,-1.02,2,76.1,47.3,47.3,,2,2,24,0,21.7,9.1,1.7,4.3,1,0,0,3,0,0,0.0,56,2.5
2023,16,False,passing,pff,Josh Allen,46601,QB,BUF,4,1,71.4,21,21,12.7,2.88,0,2,8.7,71.4,15,0,8,0.0,23,0,0.5,11,77.7,75.3,74.0,64.1,0,1,26,0,56.5,12.5,104.7,4.3,1,1,0,0,1,1,3.8,237,11.3
2023,16,False,passing,pff,Aidan O'Connell,60516,QB,LV,23,1,66.7,18,21,7.8,2.7,1,0,0.0,42.9,9,0,8,25.0,23,3,-0.56,3,77.3,58.4,57.1,61.0,0,0,24,0,26.1,25.0,50.3,8.7,2,0,0,2,0,0,0.0,62,3.0
2023,16,False,passing,pff,Case Keenum,7323,QB,HST,13,1,70.6,17,17,7.0,2.46,0,0,0.0,64.7,11,0,9,8.3,20,1,-1.02,2,76.3,52.0,52.0,,0,2,25,0,25.0,33.3,31.6,15.0,3,0,0,0,0,0,0.0,62,3.6
2023,16,False,passing,pff,Tyrod Taylor,6332,QB,NYG,21,1,57.1,14,16,16.1,2.96,0,3,17.6,43.8,7,0,7,12.5,18,1,0.3,6,75.1,72.9,68.1,71.4,0,1,20,0,38.9,0.0,68.0,0.0,0,2,2,0,1,0,0.0,133,8.3
2023,16,False,passing,pff,Tommy DeVito,60545,QB,NYG,21,1,84.6,13,16,1.5,3.34,0,0,0.0,56.3,9,0,8,18.2,17,2,-0.44,2,74.6,65.6,66.0,59.4,0,0,17,0,29.4,12.5,63.3,5.9,1,0,0,3,0,0,0.0,55,3.4
2023,16,False,passing,pff,C.J. Beathard,11859,QB,JAX,15,1,85.7,14,15,6.8,2.67,0,0,0.0,73.3,11,0,6,8.3,17,1,-0.35,7,75.4,73.2,69.9,64.0,0,0,21,0,47.1,16.7,111.5,5.9,1,1,0,1,1,1,4.8,94,6.3
2023,16,False,passing,pff,Sam Darnold,29048,QB,SF,28,1,69.2,13,14,8.2,2.71,0,0,0.0,57.1,8,0,10,11.1,17,1,-0.02,4,74.5,55.9,57.1,58.3,0,1,18,0,52.9,20.0,67.9,11.8,2,1,0,1,1,0,0.0,81,5.8
2023,16,False,passing,pff,Jacoby Brissett,10725,QB,WAS,32,1,84.6,13,13,5.2,2.74,0,0,0.0,76.9,10,0,5,9.1,14,1,0.35,5,73.9,64.8,59.8,65.9,0,0,16,0,42.9,0.0,123.9,0.0,0,1,0,0,1,0,0.0,100,7.7
2023,16,False,passing,pff,Dorian Thompson-Robinson,83574,QB,CLV,8,1,50.0,2,2,-3.0,2.43,0,0,0.0,50.0,1,0,2,0.0,3,0,-1.67,1,68.4,56.9,52.0,63.1,0,0,4,0,33.3,50.0,56.3,33.3,1,0,0,0,0,0,0.0,6,3.0
2023,16,False,passing,pff,Tommy Townsend,33007,P,KC,16,1,100.0,1,1,12.0,2.0,0,0,0.0,100.0,1,0,0,0.0,1,0,3.88,1,60.4,73.1,68.8,,0,0,1,0,100.0,,112.5,0.0,0,0,0,0,0,0,0.0,11,11.0
2023,16,False,passing,pff,Derrick Henry,10679,HB,TEN,31,1,100.0,1,1,17.0,2.6,0,0,0.0,100.0,1,0,0,0.0,1,0,2.37,1,77.2,75.2,68.8,71.7,0,0,1,0,100.0,,156.3,0.0,0,0,0,0,1,0,0.0,12,12.0
2023,17,False,passing,pff,Aidan O'Connell,60516,QB,LV,23,1,68.1,47,47,9.1,2.71,0,1,2.1,63.8,30,0,14,6.3,49,2,0.16,19,80.7,75.2,73.6,62.1,0,0,50,1,53.1,14.3,96.0,4.1,2,0,0,0,2,0,0.0,299,6.4
2023,17,False,passing,pff,Trevor Siemian,9683,QB,NYJ,22,1,78.6,42,45,4.3,2.29,2,1,2.1,71.1,32,0,17,3.0,50,1,-0.24,11,81.0,55.9,59.5,51.0,0,1,52,1,36.0,11.8,83.7,4.0,2,3,0,1,1,1,1.9,261,5.8
2023,17,False,passing,pff,Tyrod Taylor,6332,QB,NYG,21,1,82.1,39,41,9.0,2.91,1,4,8.9,65.9,27,0,18,15.6,50,5,-0.06,9,39.0,68.2,67.7,61.5,0,1,55,0,42.0,33.3,87.3,12.0,6,3,1,0,1,1,1.8,319,7.8
2023,17,False,passing,pff,Dak Prescott,10769,QB,DAL,9,1,75.7,37,38,10.4,2.65,0,3,7.5,68.4,26,0,14,7.1,41,2,0.08,12,29.4,77.2,76.6,64.2,0,1,43,1,48.8,21.4,103.5,7.3,3,0,0,1,2,2,4.7,345,9.1
2023,17,False,passing,pff,Easton Stick,29466,QB,LAC,27,1,70.3,37,38,7.8,2.41,0,0,0.0,63.2,24,0,4,7.7,39,2,-0.02,10,80.2,66.7,64.9,64.2,0,0,41,0,38.5,25.0,78.8,2.6,1,0,1,0,0,0,0.0,220,5.8
2023,17,False,passing,pff,Tua Tagovailoa,60326,QB,MIA,17,1,62.9,35,38,7.9,2.28,1,1,2.4,57.9,22,0,10,0.0,44,0,-0.12,13,80.0,71.6,73.0,50.2,0,2,47,0,38.6,30.0,71.9,6.8,3,2,0,2,2,2,4.3,237,6.2
2023,17,False,passing,pff,Matthew Stafford,4924,QB,LA,26,1,79.4,34,34,5.4,2.13,0,0,0.0,70.6,24,0,7,11.1,38,3,-0.21,14,79.1,49.1,48.8,60.0,0,2,39,0,52.6,57.1,85.0,10.5,4,0,0,0,1,3,7.7,317,9.3
2023,17,False,passing,pff,Jared Goff,10635,QB,DET,11,1,69.0,29,34,8.0,2.23,1,2,5.4,55.9,19,0,13,5.0,35,1,-0.04,13,78.7,75.7,74.2,,1,2,38,1,48.6,7.7,67.2,2.9,1,0,3,0,1,2,5.3,271,8.0
2023,17,False,passing,pff,Jordan Love,40306,QB,GB,12,1,81.3,32,33,10.5,2.41,1,4,12.1,72.7,24,0,11,7.7,33,2,0.41,16,78.4,90.8,90.5,59.7,0,0,33,0,63.6,0.0,125.3,0.0,0,0,0,0,3,0,0.0,256,7.8
2023,17,False,passing,pff,Baker Mayfield,46518,QB,TB,30,1,75.0,32,33,8.5,2.89,1,4,10.8,66.7,22,0,8,8.3,35,2,0.05,10,79.3,73.3,72.1,60.0,0,2,40,0,40.0,25.0,91.6,5.7,2,0,0,0,2,4,10.0,309,9.4
2023,17,False,passing,pff,Jake Browning,46401,QB,CIN,7,1,69.0,29,33,8.2,3.35,1,1,2.8,57.6,19,0,22,5.0,44,1,0.01,14,80.4,71.5,62.8,82.9,2,0,47,1,43.2,27.3,85.0,13.6,6,5,0,1,1,0,0.0,197,6.0
2023,17,False,passing,pff,Geno Smith,7820,QB,SEA,29,1,84.4,32,33,7.4,2.78,1,4,12.1,69.7,23,0,23,14.8,37,4,0.14,14,27.8,80.8,80.6,60.2,0,0,37,0,54.1,4.3,106.9,2.7,1,3,0,0,1,1,2.7,290,8.8
2023,17,False,passing,pff,Justin Fields,82118,QB,CHI,6,1,72.4,29,32,10.0,3.58,1,5,15.2,62.5,20,0,11,4.8,38,1,0.11,14,31.4,81.0,76.7,73.3,0,0,40,0,42.1,27.3,99.5,7.9,3,3,0,2,1,1,2.5,268,8.4
2023,17,False,passing,pff,Bryce Young,123943,QB,CAR,5,1,70.0,30,32,7.8,2.74,1,1,3.1,59.4,19,0,16,9.5,39,2,-0.69,5,78.9,61.8,63.2,55.3,0,1,39,0,33.3,37.5,53.1,15.4,6,1,0,1,0,1,2.6,112,3.5
2023,17,False,passing,pff,Derek Carr,8671,QB,NO,20,1,81.3,32,32,5.1,2.51,0,0,0.0,75.0,24,0,7,7.7,33,2,0.2,12,78.6,82.1,80.7,60.5,0,0,33,0,45.5,14.3,111.1,3.0,1,0,0,0,2,1,3.0,197,6.2
2023,17,False,passing,pff,Jarrett Stidham,13725,QB,DEN,10,1,70.0,30,32,7.0,2.66,0,0,0.0,62.5,20,0,8,4.8,36,1,0.09,7,79.6,53.8,52.9,59.3,0,0,38,1,44.4,25.0,93.8,5.6,2,2,0,2,1,1,2.6,224,7.0
2023,17,False,passing,pff,C.J. Stroud,129759,QB,HST,13,1,80.6,31,32,5.2,2.61,0,1,3.1,75.0,24,0,8,4.0,34,1,0.13,12,78.1,64.7,64.8,57.9,0,0,34,0,50.0,12.5,102.7,2.9,1,1,0,1,1,0,0.0,213,6.7
2023,17,False,passing,pff,Kyler Murray,38334,QB,ARZ,1,1,87.1,31,31,4.5,2.31,0,0,0.0,80.6,25,0,11,7.4,35,2,0.3,17,28.7,85.2,86.7,57.0,0,1,38,0,65.7,9.1,116.7,2.9,1,2,0,0,3,0,0.0,232,7.5
2023,17,False,passing,pff,Josh Allen,46601,QB,BUF,4,1,64.3,28,30,12.1,2.82,0,1,3.2,50.0,15,0,11,16.7,34,3,-0.17,9,22.2,61.7,56.6,69.1,0,1,35,0,38.2,9.1,53.3,2.9,1,3,0,2,0,3,8.6,169,5.6
2023,17,False,passing,pff,Joe Flacco,4332,QB,CLV,8,1,77.8,27,29,6.6,2.88,0,2,6.5,65.5,19,0,8,9.5,30,2,-0.01,9,27.0,62.2,63.0,55.0,0,1,32,0,43.3,12.5,121.2,3.3,1,0,0,2,3,2,6.3,309,10.7
2023,17,False,passing,pff,Taylor Heinicke,9896,QB,ATL,2,1,44.4,27,29,11.1,3.47,0,0,0.0,34.5,10,0,13,16.7,35,2,-0.16,7,78.3,28.7,26.1,79.3,1,3,35,0,31.4,15.4,26.1,5.7,2,4,0,1,1,4,11.4,163,5.6
2023,17,False,passing,pff,Patrick Mahomes,11765,QB,KC,16,1,81.5,27,29,5.7,2.87,0,2,6.7,72.4,21,0,13,4.5,33,1,-0.03,11,78.4,75.1,75.2,58.3,1,0,34,0,39.4,15.4,109.1,6.1,2,2,0,1,1,0,0.0,245,8.4
2023,17,False,passing,pff,Sam Howell,97599,QB,WAS,32,1,76.0,25,28,5.9,2.89,0,1,3.2,60.7,17,0,9,10.5,29,2,-0.33,6,78.0,35.3,36.0,59.4,1,2,32,0,41.4,11.1,60.0,3.4,1,0,0,2,1,4,12.5,169,6.0
2023,17,False,passing,pff,Brock Purdy,77672,QB,SF,28,1,81.5,27,28,7.3,3.06,0,2,6.9,78.6,22,0,8,0.0,29,0,0.52,15,77.4,89.1,86.3,63.3,0,0,30,0,69.0,0.0,124.7,0.0,0,1,0,1,2,0,0.0,230,8.2
2023,17,False,passing,pff,Bailey Zappe,60396,QB,NE,19,1,66.7,24,26,8.5,3.05,0,2,7.7,61.5,16,0,18,0.0,31,0,-0.31,10,78.3,82.2,75.5,79.3,0,3,31,0,41.9,16.7,47.3,9.7,3,2,0,2,0,0,0.0,209,8.0
2023,17,False,passing,pff,Mason Rudolph,46569,QB,PIT,25,1,90.0,20,24,8.6,2.73,1,2,8.0,75.0,18,0,10,0.0,26,0,0.38,11,78.1,87.6,86.9,66.0,0,0,27,0,57.7,10.0,112.2,3.8,1,1,0,3,0,0,0.0,274,11.4
2023,17,False,passing,pff,C.J. Beathard,11859,QB,JAX,15,1,81.0,21,24,6.2,2.54,1,1,4.2,70.8,17,0,9,0.0,29,0,0.13,10,77.7,69.3,68.6,61.0,0,0,29,0,51.7,33.3,92.0,10.3,3,2,0,2,0,0,0.0,178,7.4
2023,17,False,passing,pff,Jalen Hurts,40291,QB,PHI,24,1,82.6,23,23,12.0,3.06,0,2,8.7,78.3,18,0,6,5.3,24,1,0.49,11,78.3,91.0,90.3,72.0,0,1,24,0,58.3,0.0,118.4,0.0,0,1,0,0,3,0,0.0,167,7.3
2023,17,False,passing,pff,Gardner Minshew,41401,QB,IND,14,1,90.0,20,23,7.8,2.73,0,1,4.0,65.2,15,0,6,16.7,25,3,0.45,7,77.1,72.1,73.8,53.9,0,0,27,0,44.0,16.7,111.5,4.0,1,1,0,3,1,0,0.0,224,9.7
2023,17,False,passing,pff,Nick Mullens,12282,QB,MIN,18,1,65.0,20,22,7.3,3.03,0,0,0.0,59.1,13,0,13,0.0,24,0,-0.05,7,76.3,57.4,60.9,58.3,2,0,25,1,45.8,7.7,87.9,4.2,1,1,0,0,1,0,0.0,113,5.1
2023,17,False,passing,pff,Lamar Jackson,46416,QB,BLT,3,1,95.2,21,21,10.9,3.14,0,2,9.1,85.7,18,0,5,10.0,25,2,1.15,14,77.4,95.0,93.9,74.7,0,0,26,1,68.0,20.0,158.3,4.0,1,3,0,0,5,0,0.0,321,15.3
2023,17,False,passing,pff,Ryan Tannehill,7014,QB,TEN,31,1,94.4,18,20,3.8,2.34,0,1,4.8,80.0,16,0,13,5.9,25,1,-0.09,6,76.6,74.6,73.3,,1,0,26,0,44.0,38.5,101.7,20.0,5,0,0,1,0,1,3.8,168,8.4
2023,17,False,passing,pff,Jaren Hall,82094,QB,MIN,18,1,55.6,9,10,9.7,3.51,0,0,0.0,50.0,5,0,9,0.0,14,0,-1.29,3,73.3,55.9,56.7,57.8,0,1,14,0,28.6,33.3,32.1,21.4,3,1,0,1,0,0,0.0,67,6.7
2023,17,False,passing,pff,Will Levis,83542,QB,TEN,31,1,50.0,6,6,17.5,2.64,0,1,16.7,33.3,2,0,5,33.3,7,1,-1.32,1,17.0,37.6,38.4,,0,0,7,0,14.3,20.0,42.4,14.3,1,0,0,0,0,2,28.6,16,2.7
2023,17,False,passing,pff,Desmond Ridder,55086,QB,ATL,2,1,75.0,4,4,7.8,2.33,0,0,0.0,75.0,3,0,1,0.0,4,0,-0.96,1,66.9,55.5,55.6,,0,1,4,0,75.0,0.0,42.7,0.0,0,0,0,0,0,0,0.0,17,4.3
2023,17,False,passing,pff,Taysom Hill,12112,TE,NO,20,1,100.0,1,2,1.0,1.8,1,0,0.0,50.0,1,0,0,0.0,2,0,0.36,1,69.5,81.0,58.9,57.2,0,0,2,0,50.0,,66.7,0.0,0,0,0,0,0,0,0.0,11,5.5
2023,17,False,passing,pff,Jalen Reeves-Maybin,11879,LB,DET,11,1,100.0,1,1,22.0,2.1,0,0,0.0,100.0,1,0,0,0.0,1,0,5.3,1,60.4,74.2,70.7,,0,0,1,0,100.0,,118.8,0.0,0,0,0,0,0,0,0.0,31,31.0
2023,17,False,passing,pff,Kenneth Gainwell,77737,HB,PHI,24,1,100.0,1,1,17.0,2.6,0,0,0.0,100.0,1,0,0,0.0,1,0,0.68,1,70.1,60.6,69.7,52.1,0,0,1,0,100.0,,118.8,0.0,0,0,0,0,0,0,0.0,17,17.0
2023,17,False,passing,pff,Sean Clifford,51708,QB,GB,12,1,100.0,1,1,33.0,2.6,0,0,0.0,100.0,1,0,1,0.0,1,0,3.8,1,66.7,78.4,76.0,60.0,0,0,1,0,100.0,0.0,118.8,0.0,0,0,0,0,0,0,0.0,37,37.0
2023,17,False,passing,pff,Tyler Huntley,46448,QB,BLT,3,1,100.0,1,1,22.0,2.4,0,1,100.0,100.0,1,0,0,0.0,1,0,3.86,1,64.5,89.3,85.7,60.0,0,0,1,0,100.0,,158.3,0.0,0,0,0,0,1,0,0.0,19,19.0
2023,18,False,passing,pff,Easton Stick,29466,QB,LAC,27,1,69.8,43,47,6.5,2.95,2,0,0.0,59.6,28,0,22,6.7,58,2,-0.23,16,42.3,68.3,61.0,77.9,0,0,60,0,50.0,13.6,74.6,5.2,3,7,0,2,0,1,1.7,258,5.5
2023,18,False,passing,pff,Nick Mullens,12282,QB,MIN,18,1,77.5,40,44,10.2,2.8,1,4,8.9,68.2,30,0,24,3.2,49,1,0.09,16,80.7,68.1,68.3,70.0,2,2,51,3,44.9,16.7,92.6,8.2,4,1,0,1,2,3,5.9,396,9.0
2023,18,False,passing,pff,Trevor Lawrence,77632,QB,JAX,15,1,77.5,40,43,7.9,2.4,0,1,2.2,67.4,29,0,10,6.5,45,2,0.01,12,80.3,68.1,69.0,60.0,0,2,48,1,48.9,0.0,81.5,0.0,0,2,0,3,2,1,2.1,280,6.5
2023,18,False,passing,pff,Josh Allen,46601,QB,BUF,4,1,83.8,37,38,10.2,2.8,0,4,10.3,78.9,30,0,20,3.2,45,1,0.39,17,38.4,83.1,71.6,90.3,0,2,46,1,64.4,15.0,101.6,6.7,3,4,0,1,2,3,6.5,359,9.4
2023,18,False,passing,pff,Dak Prescott,10769,QB,DAL,9,1,88.9,36,36,6.2,2.38,0,1,2.7,86.1,31,0,9,3.1,37,1,0.6,21,78.9,79.8,79.9,56.3,0,1,39,0,75.7,0.0,124.4,0.0,0,0,0,0,4,0,0.0,279,7.8
2023,18,False,passing,pff,Jarrett Stidham,13725,QB,DEN,10,1,71.0,31,34,8.4,2.84,0,0,0.0,58.8,20,0,20,9.1,41,2,0.02,12,29.6,58.5,64.1,37.5,1,1,43,0,39.0,25.0,82.0,12.2,5,1,0,2,1,0,0.0,272,8.0
2023,18,False,passing,pff,Jared Goff,10635,QB,DET,11,1,77.4,31,32,8.6,2.61,0,1,3.0,71.9,23,0,13,4.2,33,1,0.34,13,78.1,75.7,74.2,,0,0,34,0,48.5,7.7,124.5,3.0,1,0,0,1,2,1,2.9,320,10.0
2023,18,False,passing,pff,Jordan Love,40306,QB,GB,12,1,84.4,32,32,7.4,2.74,0,3,9.4,84.4,27,0,4,0.0,34,0,0.5,14,27.5,83.0,90.3,30.0,0,0,34,0,58.8,25.0,128.6,2.9,1,1,0,0,2,2,5.9,316,9.9
2023,18,False,passing,pff,Baker Mayfield,46518,QB,TB,30,1,72.4,29,32,7.6,2.58,0,0,0.0,62.5,20,0,9,4.8,37,1,-0.27,8,79.4,50.1,46.2,69.1,2,0,38,0,37.8,33.3,72.0,8.1,3,2,0,1,0,1,2.6,137,4.3
2023,18,False,passing,pff,Tyrod Taylor,6332,QB,NYG,21,1,80.0,30,32,9.7,2.73,0,3,9.1,71.9,23,0,12,4.2,39,1,0.15,13,29.3,69.4,76.5,44.8,0,1,40,0,51.3,8.3,98.0,2.6,1,5,0,2,1,0,0.0,297,9.3
2023,18,False,passing,pff,Aidan O'Connell,60516,QB,LV,23,1,77.8,27,31,8.3,2.7,0,2,6.5,64.5,20,0,11,4.8,33,1,0.34,12,78.9,64.1,65.1,54.4,0,0,33,0,54.5,18.2,110.1,6.1,2,0,1,3,2,1,3.0,244,7.9
2023,18,False,passing,pff,Bailey Zappe,60396,QB,NE,19,1,46.4,28,30,10.4,2.97,1,1,3.3,40.0,12,0,15,7.7,39,1,-0.87,3,79.1,23.3,24.5,45.7,0,2,39,0,17.9,46.7,20.1,17.9,7,2,0,1,0,3,7.7,88,2.9
2023,18,False,passing,pff,Kyler Murray,38334,QB,ARZ,1,1,85.7,28,30,5.2,2.97,1,0,0.0,73.3,22,0,12,8.3,32,2,0.48,12,78.7,78.3,77.8,63.0,1,0,32,0,53.1,8.3,110.7,3.1,1,1,0,0,1,0,0.0,262,8.7
2023,18,False,passing,pff,Desmond Ridder,55086,QB,ATL,2,1,82.8,29,30,6.6,2.64,0,2,6.7,73.3,22,0,8,8.3,30,2,0.29,8,77.6,65.5,66.3,56.7,0,1,30,0,50.0,0.0,111.9,0.0,0,0,0,1,2,3,10.0,291,9.7
2023,18,False,passing,pff,Blaine Gabbert,6162,QB,KC,16,1,70.4,27,30,5.7,2.41,2,0,0.0,50.0,15,0,16,21.1,35,4,-0.16,8,78.5,68.9,62.7,75.2,0,1,35,0,28.6,6.3,51.3,2.9,1,4,0,1,0,1,2.9,154,5.1
2023,18,False,passing,pff,Tyler Huntley,46448,QB,BLT,3,1,72.0,25,28,6.1,3.5,1,0,0.0,53.6,15,0,18,16.7,38,3,-0.11,10,79.2,66.6,67.1,59.1,0,0,38,0,36.8,22.2,80.4,10.5,4,6,0,2,1,0,0.0,146,5.2
2023,18,False,passing,pff,Geno Smith,7820,QB,SEA,29,1,78.3,23,28,7.0,2.75,2,1,3.3,57.1,16,0,13,11.1,30,2,0.17,9,78.0,77.9,75.1,67.5,1,0,32,0,43.3,0.0,101.6,0.0,0,2,0,2,2,0,0.0,189,6.8
2023,18,False,passing,pff,Tua Tagovailoa,60326,QB,MIA,17,1,66.7,27,28,10.8,2.26,0,2,6.7,64.3,18,0,9,0.0,29,0,0.01,10,77.6,68.4,65.9,64.4,0,2,31,0,44.8,0.0,62.9,0.0,0,1,0,1,1,2,6.5,169,6.0
2023,18,False,passing,pff,Derek Carr,8671,QB,NO,20,1,88.0,25,28,8.4,2.9,0,0,0.0,78.6,22,0,6,0.0,30,0,0.55,13,77.6,72.3,73.0,56.0,0,0,31,0,46.7,33.3,145.5,6.7,2,0,0,3,4,0,0.0,264,9.4
2023,18,False,passing,pff,Sam Howell,97599,QB,WAS,32,1,73.1,26,27,6.0,2.5,1,1,3.7,70.4,19,0,12,0.0,32,0,-0.2,9,78.6,44.3,48.0,45.9,0,2,32,0,46.9,33.3,65.8,12.5,4,1,0,0,1,3,9.4,153,5.7
2023,18,False,passing,pff,C.J. Stroud,129759,QB,HST,13,1,80.0,25,26,10.2,2.85,0,2,7.7,76.9,20,0,10,0.0,31,0,0.44,12,77.6,83.7,80.7,68.5,0,0,31,0,58.1,20.0,134.1,6.5,2,3,0,1,2,0,0.0,264,10.2
2023,18,False,passing,pff,Ryan Tannehill,7014,QB,TEN,31,1,80.0,25,26,5.9,2.54,0,0,0.0,65.4,17,0,9,15.0,28,3,-0.08,10,78.0,53.2,52.4,60.5,0,1,29,0,46.4,22.2,93.1,7.1,2,0,0,1,2,1,3.4,168,6.5
2023,18,False,passing,pff,Jeff Driskel,10841,QB,CLV,8,1,62.5,24,26,10.7,2.98,1,2,7.7,50.0,13,0,11,13.3,32,2,-0.31,11,78.7,66.4,58.9,83.4,0,2,32,1,37.5,27.3,63.9,9.4,3,3,0,1,2,3,9.4,166,6.4
2023,18,False,passing,pff,Sam Darnold,29048,QB,SF,28,1,70.8,24,26,10.5,2.9,0,1,3.6,61.5,16,0,14,5.9,31,1,0.02,11,21.3,73.0,74.8,56.3,1,0,33,0,51.6,21.4,96.5,9.7,3,2,1,0,1,1,3.0,189,7.3
2023,18,False,passing,pff,Jake Browning,46401,QB,CIN,7,1,75.0,24,24,4.9,2.69,0,2,7.7,75.0,18,0,7,0.0,28,0,0.05,11,26.2,89.6,82.8,78.2,0,1,30,0,46.4,28.6,113.9,7.1,2,2,0,0,3,2,6.7,156,6.5
2023,18,False,passing,pff,Carson Wentz,10636,QB,LA,26,1,87.0,23,24,6.7,2.49,0,3,10.3,70.8,17,0,9,15.0,30,3,0.22,12,80.8,80.8,80.2,68.1,0,1,35,0,53.3,22.2,99.8,6.7,2,4,0,1,2,0,0.0,163,6.8
2023,18,False,passing,pff,Gardner Minshew,41401,QB,IND,14,1,63.6,22,24,10.2,2.98,1,1,3.7,54.2,13,0,10,7.1,26,1,-0.11,6,77.2,64.4,60.4,65.6,0,0,29,1,42.3,10.0,71.7,3.8,1,1,0,1,0,0,0.0,141,5.9
2023,18,False,passing,pff,Marcus Mariota,9435,QB,PHI,24,1,68.4,19,20,8.7,2.93,1,1,5.0,65.0,13,0,8,0.0,25,0,-0.11,11,26.1,64.7,52.5,84.6,0,1,25,1,56.0,37.5,82.9,12.0,3,2,0,0,1,2,8.0,148,7.4
2023,18,False,passing,pff,Mason Rudolph,46569,QB,PIT,25,1,90.0,20,20,3.1,2.37,0,0,0.0,90.0,18,0,9,0.0,24,0,-0.28,8,18.0,39.4,46.2,60.0,0,0,24,1,41.7,33.3,115.0,12.5,3,0,0,0,1,2,8.3,152,7.6
2023,18,False,passing,pff,Trevor Siemian,9683,QB,NYJ,22,1,56.3,16,20,9.2,2.77,1,1,4.8,40.0,8,0,8,11.1,21,1,-0.48,3,76.3,50.9,47.2,64.7,0,0,22,0,28.6,12.5,50.0,4.8,1,0,0,3,0,0,0.0,70,3.5
2023,18,False,passing,pff,Bryce Young,123943,QB,CAR,5,1,77.8,18,18,5.9,2.86,0,1,5.6,61.1,11,0,13,21.4,23,3,-0.7,3,75.9,58.8,55.9,64.1,0,0,24,0,21.7,23.1,74.8,13.0,3,2,0,0,0,1,4.2,94,5.2
2023,18,False,passing,pff,Jalen Hurts,40291,QB,PHI,24,1,66.7,12,16,11.8,3.34,0,0,0.0,43.8,7,0,10,12.5,19,1,-1.04,0,75.2,53.4,51.4,62.7,1,1,19,0,15.8,20.0,26.8,10.5,2,1,0,3,0,1,5.3,55,3.4
2023,18,False,passing,pff,Justin Fields,82118,QB,CHI,6,1,73.3,15,16,9.3,3.44,1,1,6.3,68.8,11,0,15,0.0,24,0,-0.08,10,77.6,61.0,58.3,63.3,0,0,24,0,50.0,33.3,97.9,20.8,5,3,0,0,0,1,4.2,148,9.3
2023,18,False,passing,pff,Cooper Rush,12324,QB,DAL,9,1,75.0,4,4,6.5,1.93,0,0,0.0,75.0,3,0,1,0.0,4,0,0.28,2,66.9,63.3,62.8,,0,0,4,0,50.0,0.0,95.8,0.0,0,0,0,0,0,0,0.0,30,7.5
2023,18,False,passing,pff,Logan Woodside,46517,QB,ATL,2,1,75.0,4,4,2.0,2.55,0,0,0.0,75.0,3,0,2,0.0,6,0,-1.52,3,68.9,24.8,24.9,58.3,0,1,6,0,66.7,50.0,53.1,16.7,1,1,0,0,0,1,16.7,27,6.8
2023,18,False,passing,pff,A.J. McCarron,8799,QB,CIN,7,1,100.0,4,4,-1.5,2.48,0,0,0.0,75.0,3,0,3,25.0,5,1,-0.59,0,68.0,62.2,61.4,,0,0,5,0,20.0,33.3,85.4,20.0,1,0,0,0,0,0,0.0,20,5.0
2023,18,False,passing,pff,Tommy DeVito,60545,QB,NYG,21,1,100.0,2,2,3.0,3.63,0,0,0.0,100.0,2,0,2,0.0,3,0,-0.72,0,65.5,59.7,59.6,,0,0,3,0,0.0,50.0,95.8,33.3,1,0,0,0,0,0,0.0,14,7.0
2023,18,False,passing,pff,Dyami Brown,77986,WR,WAS,32,1,100.0,1,1,1.0,3.7,0,0,0.0,100.0,1,0,0,0.0,1,0,0.03,0,60.4,66.1,60.0,,0,0,1,0,100.0,,83.3,0.0,0,0,0,0,0,0,0.0,4,4.0
2023,18,False,passing,pff,Jimmy Garoppolo,8697,QB,LV,23,1,0.0,1,1,5.0,3.25,0,0,0.0,0.0,0,0,1,,2,0,-0.94,0,63.6,50.7,51.9,,0,0,2,0,0.0,100.0,39.6,50.0,1,0,0,0,0,0,0.0,0,0.0
2023,18,False,passing,pff,DeAndre Hopkins,7808,WR,TEN,31,1,0.0,1,1,-2.0,4.5,0,0,0.0,0.0,0,0,1,,1,0,-0.45,0,70.1,73.4,59.6,,0,0,1,0,0.0,0.0,39.6,0.0,0,0,0,0,0,0,0.0,0,0.0
2023,19,True,passing,pff,Dak Prescott,10769,QB,DAL,9,1,71.2,59,60,9.5,3.01,1,3,4.8,68.3,41,0,17,2.4,70,1,0.05,29,83.0,60.6,56.5,74.9,0,2,74,0,51.4,23.5,89.8,5.7,4,6,0,0,3,3,4.1,403,6.7
2023,19,True,passing,pff,Joe Flacco,4332,QB,CLV,8,1,81.8,44,46,7.0,2.8,0,1,2.1,73.9,34,0,21,5.6,52,2,-0.29,15,80.9,62.2,60.0,67.2,0,2,53,0,42.3,19.0,80.6,7.7,4,2,0,2,1,3,5.7,307,6.7
2023,19,True,passing,pff,Patrick Mahomes,11765,QB,KC,16,1,78.1,32,41,8.5,2.61,2,0,0.0,56.1,23,0,15,8.0,43,2,0.26,16,79.9,88.0,79.9,88.6,0,0,47,1,51.2,0.0,83.6,0.0,0,2,0,7,1,0,0.0,262,6.4
2023,19,True,passing,pff,Tua Tagovailoa,60326,QB,MIA,17,1,62.2,37,39,7.4,2.52,1,1,2.5,51.3,20,0,13,13.0,46,3,-0.23,10,80.0,58.7,55.5,70.7,0,1,47,1,32.6,15.4,63.9,4.3,2,3,0,1,1,1,2.1,199,5.1
2023,19,True,passing,pff,Mason Rudolph,46569,QB,PIT,25,1,69.7,33,39,8.2,2.59,2,1,2.4,56.4,22,0,18,4.3,42,1,-0.12,16,79.8,61.5,61.2,58.8,2,1,45,0,47.6,5.6,80.0,2.4,1,2,1,1,2,1,2.2,229,5.9
2023,19,True,passing,pff,Baker Mayfield,46518,QB,TB,30,1,74.3,35,36,9.0,2.7,0,1,2.8,61.1,22,0,14,15.4,43,4,0.35,14,79.5,77.0,72.4,74.8,0,0,43,0,51.2,28.6,119.8,9.3,4,2,0,1,3,1,2.3,337,9.4
2023,19,True,passing,pff,Matthew Stafford,4924,QB,LA,26,1,78.8,33,36,9.5,2.62,1,4,10.3,69.4,25,0,13,3.8,38,1,0.53,15,79.2,88.5,86.1,,0,0,41,0,52.6,15.4,120.9,5.3,2,0,0,2,2,0,0.0,367,10.2
2023,19,True,passing,pff,Jalen Hurts,40291,QB,PHI,24,1,81.3,32,35,7.9,2.79,0,1,2.6,71.4,25,0,22,3.8,39,1,-0.12,9,79.8,72.6,71.0,63.3,0,0,44,1,33.3,13.6,100.9,7.7,3,1,0,3,1,1,2.3,250,7.1
2023,19,True,passing,pff,Josh Allen,46601,QB,BUF,4,1,76.7,30,30,6.6,2.39,0,2,6.5,70.0,21,0,15,8.7,34,2,0.23,12,79.6,88.0,76.3,90.2,0,0,35,0,44.1,13.3,121.9,5.9,2,2,0,0,3,0,0.0,203,6.8
2023,19,True,passing,pff,Jared Goff,10635,QB,DET,11,1,88.0,25,27,5.4,2.51,0,2,7.4,81.5,22,0,11,0.0,30,0,0.42,16,25.1,82.7,81.3,60.5,1,0,30,0,60.0,27.3,121.8,10.0,3,0,0,1,1,1,3.3,277,10.3
2023,19,True,passing,pff,C.J. Stroud,129759,QB,HST,13,1,85.0,20,21,10.5,2.46,1,2,8.7,76.2,16,0,8,5.9,21,1,0.57,10,76.2,77.8,77.5,58.7,0,0,23,0,57.1,0.0,157.2,0.0,0,0,0,0,3,1,4.3,274,13.0
2023,19,True,passing,pff,Jordan Love,40306,QB,GB,12,1,81.0,21,21,11.3,2.66,0,2,9.5,76.2,16,0,7,5.9,21,1,1.07,11,76.0,92.5,91.8,60.0,0,0,22,0,76.2,0.0,157.2,0.0,0,0,0,0,3,0,0.0,272,13.0
2023,19,True,passing,pff,Davis Mills,52269,QB,HST,13,1,100.0,1,1,-1.0,1.3,0,0,0.0,100.0,1,0,0,0.0,1,0,-1.41,0,68.2,62.5,60.4,60.5,0,0,1,0,0.0,,91.7,0.0,0,0,0,0,0,0,0.0,6,6.0
2023,20,True,passing,pff,Jared Goff,10635,QB,DET,11,1,75.6,41,43,6.7,2.5,1,1,2.3,69.8,30,0,13,3.2,46,1,0.18,18,81.0,67.5,66.0,63.4,0,0,48,0,54.3,15.4,103.5,4.3,2,1,0,1,2,1,2.1,287,6.7
2023,20,True,passing,pff,Baker Mayfield,46518,QB,TB,30,1,76.3,38,41,8.5,2.56,1,4,9.1,63.4,26,0,15,10.3,46,3,0.1,18,80.6,76.7,74.9,63.7,0,2,50,0,45.7,26.7,94.5,8.7,4,1,0,2,3,1,2.0,349,8.5
2023,20,True,passing,pff,Josh Allen,46601,QB,BUF,4,1,85.3,34,39,5.4,2.86,2,3,7.7,66.7,26,0,12,10.3,45,3,0.17,13,33.1,79.6,80.9,66.7,1,0,45,1,53.3,0.0,86.1,0.0,0,6,0,2,1,2,4.4,186,4.8
2023,20,True,passing,pff,Brock Purdy,77672,QB,SF,28,1,66.7,36,39,7.0,2.58,0,2,5.1,59.0,23,0,18,4.2,43,1,0.13,12,80.2,59.7,55.0,72.3,1,0,43,0,48.8,5.6,86.7,2.3,1,2,1,1,1,1,2.3,252,6.5
2023,20,True,passing,pff,Jordan Love,40306,QB,GB,12,1,63.6,33,34,6.2,2.98,0,1,2.6,61.8,21,0,14,0.0,35,0,-0.08,10,79.7,54.0,53.7,58.7,0,2,40,0,37.1,0.0,72.4,0.0,0,1,0,1,2,1,2.5,194,5.7
2023,20,True,passing,pff,C.J. Stroud,129759,QB,HST,13,1,71.4,28,33,6.1,3.12,1,1,2.9,57.6,19,0,17,5.0,35,1,-0.11,8,78.8,62.3,65.6,54.5,0,0,37,2,28.6,0.0,72.2,0.0,0,2,0,4,0,0,0.0,175,5.3
2023,20,True,passing,pff,Patrick Mahomes,11765,QB,KC,16,1,85.7,21,23,8.5,3.03,0,3,11.5,73.9,17,0,8,5.6,25,1,0.27,13,78.0,86.3,82.1,72.2,0,0,28,0,56.0,0.0,131.6,0.0,0,2,0,2,2,0,0.0,215,9.3
2023,20,True,passing,pff,Lamar Jackson,46416,QB,BLT,3,1,81.0,21,22,7.9,3.37,0,1,4.5,72.7,16,0,11,5.9,29,1,0.13,13,78.9,83.9,72.4,85.0,0,0,29,0,58.6,27.3,121.8,10.3,3,4,0,1,2,1,3.4,152,6.9
2023,21,True,passing,pff,Jared Goff,10635,QB,DET,11,1,69.2,39,41,9.4,2.77,0,2,4.9,61.0,25,0,15,7.4,43,2,0.05,16,79.5,73.3,71.9,,0,0,43,0,41.9,13.3,88.8,4.7,2,0,0,2,1,0,0.0,273,6.7
2023,21,True,passing,pff,Patrick Mahomes,11765,QB,KC,16,1,86.1,36,39,5.9,2.75,0,2,4.5,76.9,30,0,15,3.2,46,1,0.2,13,81.1,86.0,82.1,73.4,0,0,52,0,50.0,13.3,100.5,4.3,2,3,0,3,1,0,0.0,241,6.2
2023,21,True,passing,pff,Lamar Jackson,46416,QB,BLT,3,1,65.6,32,37,10.8,3.65,2,1,2.6,54.1,20,0,16,4.8,46,1,-0.29,12,32.6,61.7,50.6,87.8,1,1,47,0,43.5,25.0,75.5,8.7,4,5,0,2,1,3,6.4,272,7.4
2023,21,True,passing,pff,Brock Purdy,77672,QB,SF,28,1,71.4,28,31,10.0,2.89,2,3,9.7,64.5,20,0,15,0.0,36,0,0.31,15,78.9,72.4,63.7,86.6,0,1,36,0,47.2,13.3,89.0,5.6,2,3,0,1,1,2,5.6,267,8.6
2023,22,True,passing,pff,Patrick Mahomes,11765,QB,KC,16,1,83.3,42,46,6.2,3.17,0,1,2.2,73.9,34,0,24,2.9,55,1,0.07,18,81.2,75.2,70.7,72.8,1,1,55,1,52.7,12.5,99.3,5.5,3,6,0,3,2,1,1.8,333,7.2
2023,22,True,passing,pff,Brock Purdy,77672,QB,SF,28,1,70.6,34,38,9.3,2.97,2,0,0.0,60.5,23,0,20,4.2,41,1,0.15,14,79.7,73.9,71.8,66.2,0,0,43,0,41.5,5.0,89.3,2.4,1,2,0,2,1,0,0.0,255,6.7
2023,22,True,passing,pff,Jauan Jennings,48027,WR,SF,28,1,100.0,1,1,-5.0,3.5,0,0,0.0,100.0,1,0,1,0.0,1,0,3.26,1,68.0,82.3,60.0,,0,0,1,0,100.0,0.0,158.3,0.0,0,0,0,0,1,0,0.0,21,21.0
2024,1,False,passing,pff,Matthew Stafford,4924,QB,LA,26,1,77.1,48,49,6.3,2.58,0,0,0.0,69.4,34,0,18,8.1,51,3,0.09,15,80.8,51.8,51.7,,0,1,53,0,45.1,11.1,85.2,3.9,2,0,0,1,1,3,5.7,317,6.5
2024,1,False,passing,pff,Deshaun Watson,11767,QB,CLV,8,1,70.0,40,45,7.5,3.12,0,1,2.1,53.3,24,0,24,14.3,56,4,-0.37,10,37.6,59.5,58.8,60.7,3,2,60,0,25.0,25.0,51.1,10.7,6,5,0,2,1,1,1.7,169,3.8
2024,1,False,passing,pff,Bo Nix,97790,QB,DEN,10,1,70.0,40,42,6.0,3.01,0,1,2.4,61.9,26,0,22,7.1,51,2,-0.5,9,80.5,44.6,41.8,71.6,1,2,51,1,25.5,9.1,47.5,3.9,2,5,0,1,0,3,5.9,138,3.3
2024,1,False,passing,pff,Daniel Jones,39395,QB,NYG,21,1,75.0,36,42,5.0,2.77,1,1,2.3,52.4,22,0,20,18.5,50,5,-0.41,9,81.3,57.2,57.6,62.0,1,2,52,2,38.0,25.0,44.3,10.0,5,2,0,4,0,1,1.9,186,4.4
2024,1,False,passing,pff,Lamar Jackson,46416,QB,BLT,3,1,74.3,35,41,8.2,3.26,2,1,2.2,63.4,26,0,15,0.0,51,0,0.08,16,41.5,65.6,58.8,75.1,2,0,57,1,52.9,6.7,90.8,2.0,1,9,0,2,1,2,3.5,273,6.7
2024,1,False,passing,pff,Tua Tagovailoa,60326,QB,MIA,17,1,77.1,35,37,6.4,2.38,1,4,10.0,62.2,23,0,6,14.8,44,4,0.07,12,80.1,77.8,72.3,78.4,0,0,48,0,36.4,50.0,101.0,6.8,3,1,0,1,1,0,0.0,338,9.1
2024,1,False,passing,pff,Jordan Love,40306,QB,GB,12,1,69.0,29,34,9.8,2.61,0,2,5.1,50.0,17,0,12,15.0,36,3,0.15,9,79.2,64.6,63.7,,2,1,41,0,41.7,8.3,83.0,2.8,1,0,0,3,2,2,4.9,260,7.6
2024,1,False,passing,pff,Jalen Hurts,40291,QB,PHI,24,1,74.1,27,34,8.8,3.0,2,2,5.6,58.8,20,0,16,0.0,39,0,0.3,15,34.4,29.8,33.3,41.2,0,2,41,0,51.3,12.5,80.3,5.1,2,3,1,4,2,4,9.8,278,8.2
2024,1,False,passing,pff,Gardner Minshew,41401,QB,LV,23,1,80.6,31,33,4.7,2.63,1,0,0.0,75.8,25,0,15,0.0,40,0,-0.2,12,26.5,61.0,65.0,44.4,0,1,41,0,37.5,26.7,95.1,10.0,4,3,0,1,1,1,2.4,257,7.8
2024,1,False,passing,pff,C.J. Stroud,129759,QB,HST,13,1,80.6,31,32,8.4,2.91,0,1,2.9,75.0,24,0,12,4.0,38,1,0.27,13,79.5,67.9,66.4,62.2,0,0,40,0,42.1,33.3,115.9,10.5,4,2,0,1,2,3,7.5,234,7.3
2024,1,False,passing,pff,Dak Prescott,10769,QB,DAL,9,1,67.7,31,32,9.6,2.34,1,1,3.1,59.4,19,0,7,9.5,36,2,-0.29,8,78.7,58.0,58.4,58.2,0,0,37,1,33.3,42.9,85.3,8.3,3,0,0,0,1,2,5.4,179,5.6
2024,1,False,passing,pff,Will Levis,83542,QB,TEN,31,1,71.4,28,32,8.1,2.74,0,0,0.0,59.4,19,0,15,5.0,38,1,-0.46,7,79.0,32.8,29.9,62.2,1,2,39,0,31.6,20.0,52.5,7.9,3,3,0,3,1,1,2.6,127,4.0
2024,1,False,passing,pff,Kyler Murray,38334,QB,ARZ,1,1,76.7,30,31,6.5,3.3,1,1,3.2,67.7,21,0,14,8.7,38,2,0.1,12,28.7,75.5,69.3,77.2,0,0,38,0,44.7,28.6,91.1,10.5,4,3,0,0,1,1,2.6,162,5.2
2024,1,False,passing,pff,Baker Mayfield,46518,QB,TB,30,1,86.2,29,30,5.7,2.7,0,2,6.3,80.0,24,0,11,4.0,34,1,0.56,16,78.4,82.0,81.7,59.9,0,0,36,0,67.6,9.1,146.4,2.9,1,3,0,1,4,1,2.8,289,9.6
2024,1,False,passing,pff,Bryce Young,123943,QB,CAR,5,1,50.0,26,30,12.2,3.11,1,0,0.0,43.3,13,0,15,0.0,38,0,-0.42,8,79.2,32.6,34.7,57.0,0,2,41,1,31.6,26.7,32.8,10.5,4,4,0,3,0,2,4.9,161,5.4
2024,1,False,passing,pff,Caleb Williams,144622,QB,CHI,6,1,62.5,24,29,7.7,2.75,3,0,0.0,48.3,14,1,9,6.7,33,1,-0.39,6,28.1,49.1,50.2,61.3,2,0,35,2,33.3,22.2,55.7,6.1,2,2,0,0,0,2,5.7,93,3.2
2024,1,False,passing,pff,Joe Burrow,28022,QB,CIN,7,1,82.1,28,29,5.9,2.64,0,1,3.3,72.4,21,0,8,8.7,35,2,-0.41,7,28.1,62.9,67.2,49.4,1,0,38,0,34.3,37.5,86.0,8.6,3,3,0,0,0,1,2.6,164,5.7
2024,1,False,passing,pff,Brock Purdy,77672,QB,SF,28,1,71.4,28,29,9.9,2.68,0,1,3.2,65.5,19,0,11,5.0,33,1,0.17,13,78.3,89.6,85.8,65.6,0,0,35,0,48.5,18.2,89.9,6.1,2,1,0,1,0,0,0.0,231,8.0
2024,1,False,passing,pff,Patrick Mahomes,11765,QB,KC,16,1,85.2,27,28,6.0,2.66,0,1,3.4,71.4,20,0,10,13.0,31,3,0.33,16,78.2,87.9,83.0,74.2,0,1,33,0,58.1,20.0,101.9,6.5,2,1,0,1,1,1,3.0,291,10.4
2024,1,False,passing,pff,Jared Goff,10635,QB,DET,11,1,66.7,27,28,6.7,2.52,0,0,0.0,64.3,18,0,10,0.0,32,0,-0.11,8,77.7,43.2,40.4,63.9,1,1,32,0,40.6,20.0,85.0,6.3,2,1,0,0,1,2,6.3,217,7.8
2024,1,False,passing,pff,Kirk Cousins,7102,QB,ATL,2,1,72.7,22,26,7.0,2.42,1,0,0.0,61.5,16,0,11,0.0,28,0,-0.42,8,27.0,42.1,42.0,60.0,0,2,33,0,50.0,18.2,59.0,7.1,2,0,1,2,1,3,9.1,155,6.0
2024,1,False,passing,pff,Justin Herbert,28237,QB,LAC,27,1,76.0,25,26,7.0,2.59,0,1,3.8,65.4,17,0,9,10.5,29,2,-0.22,6,27.2,57.5,57.4,57.7,0,0,30,0,31.0,11.1,92.5,3.4,1,1,0,1,1,1,3.3,144,5.5
2024,1,False,passing,pff,Geno Smith,7820,QB,SEA,29,1,75.0,24,25,7.7,2.41,0,0,0.0,72.0,18,0,11,0.0,28,0,0.01,12,78.9,76.1,70.1,78.4,0,1,35,0,50.0,18.2,87.3,7.1,2,1,0,1,1,0,0.0,171,6.8
2024,1,False,passing,pff,Sam Darnold,29048,QB,MIN,18,1,87.5,24,24,9.1,2.87,0,2,7.7,79.2,19,0,11,9.5,26,2,0.23,8,77.5,88.1,86.2,63.4,0,1,28,0,53.8,9.1,113.2,3.8,1,1,0,0,2,0,0.0,208,8.7
2024,1,False,passing,pff,Jacoby Brissett,10725,QB,NE,19,1,68.2,22,24,7.1,3.21,0,0,0.0,62.5,15,0,13,0.0,29,0,-0.01,9,78.0,62.8,57.2,70.3,1,0,29,1,51.7,7.7,75.2,3.4,1,4,0,1,0,1,3.4,121,5.0
2024,1,False,passing,pff,Jayden Daniels,97993,QB,WAS,32,1,73.9,23,24,5.5,2.93,0,0,0.0,70.8,17,0,12,0.0,34,0,0.11,12,18.5,44.7,36.3,64.3,0,0,37,0,52.9,16.7,93.1,5.9,2,7,0,1,0,1,2.7,184,7.7
2024,1,False,passing,pff,Josh Allen,46601,QB,BUF,4,1,81.8,22,23,7.6,3.19,1,1,4.2,78.3,18,0,8,0.0,30,0,0.52,13,28.0,75.0,62.4,85.1,0,0,32,0,66.7,25.0,137.7,6.7,2,5,0,0,2,1,3.1,232,10.1
2024,1,False,passing,pff,Derek Carr,8671,QB,NO,20,1,90.9,22,23,9.3,2.76,0,1,4.0,82.6,19,0,3,5.0,25,1,0.27,7,77.1,87.5,88.7,62.6,0,0,27,1,48.0,33.3,142.5,4.0,1,1,0,1,3,1,3.7,200,8.7
2024,1,False,passing,pff,Justin Fields,82118,QB,PIT,25,1,77.3,22,23,6.0,3.28,0,3,12.0,73.9,17,0,6,0.0,29,0,-0.01,7,79.8,75.9,77.4,63.7,0,0,31,0,41.4,33.3,91.9,6.9,2,4,0,1,0,0,0.0,156,6.8
2024,1,False,passing,pff,Trevor Lawrence,77632,QB,JAX,15,1,73.7,19,21,9.6,2.67,0,2,8.7,57.1,12,0,9,14.3,26,2,0.05,9,77.0,75.1,74.2,64.4,0,0,28,1,46.2,33.3,97.7,11.5,3,1,0,2,1,1,3.6,162,7.7
2024,1,False,passing,pff,Aaron Rodgers,2241,QB,NYJ,22,1,71.4,21,21,7.6,2.33,0,2,9.5,61.9,13,0,5,13.3,22,2,-0.21,8,76.0,86.2,84.4,60.0,0,1,22,0,50.0,20.0,82.8,4.5,1,0,0,0,1,0,0.0,167,8.0
2024,1,False,passing,pff,Anthony Richardson,124393,QB,IND,14,1,50.0,18,19,17.3,2.94,0,2,10.0,47.4,9,0,6,0.0,24,0,0.1,7,77.2,76.2,69.5,81.8,1,1,25,1,37.5,33.3,101.2,8.3,2,3,0,0,2,0,0.0,212,11.2
2024,1,False,passing,pff,Tyrod Taylor,6332,QB,NYJ,22,1,75.0,8,8,4.6,2.6,0,0,0.0,75.0,6,0,3,0.0,9,0,0.45,3,71.4,66.1,59.8,65.6,0,0,10,0,66.7,0.0,122.9,0.0,0,1,0,0,1,0,0.0,36,4.5
2024,1,False,passing,pff,Malik Willis,60341,QB,GB,12,1,0.0,1,1,3.0,3.05,0,0,0.0,0.0,0,0,1,,2,0,-0.43,0,63.6,42.5,44.8,,0,0,2,0,0.0,100.0,39.6,50.0,1,0,0,0,0,0,0.0,0,0.0
2024,1,False,passing,pff,Andy Dalton,6187,QB,CAR,5,1,0.0,1,1,7.0,1.9,0,0,0.0,0.0,0,0,0,,1,0,-1.07,0,60.4,53.3,53.6,,0,0,1,0,0.0,,39.6,0.0,0,0,0,0,0,0,0.0,0,0.0
2024,1,False,passing,pff,Jake Haener,60596,QB,NO,20,1,0.0,1,1,8.0,3.2,0,0,0.0,0.0,0,0,1,,1,0,-0.92,0,60.4,55.3,55.4,,0,0,1,0,0.0,0.0,39.6,0.0,0,0,0,0,0,0,0.0,0,0.0
2024,2,False,passing,pff,Jared Goff,10635,QB,DET,11,1,66.7,51,55,7.4,2.49,1,1,1.8,61.8,34,0,19,0.0,58,0,-0.24,16,81.5,49.0,49.1,59.0,0,2,60,0,39.7,0.0,61.7,0.0,0,2,1,2,0,2,3.3,307,5.6
2024,2,False,passing,pff,Geno Smith,7820,QB,SEA,29,1,90.5,42,44,7.8,2.49,0,2,4.2,75.0,33,0,16,13.2,48,5,0.2,12,81.3,83.1,79.2,73.1,1,0,52,1,52.1,18.8,103.1,6.3,3,1,1,0,1,0,0.0,327,7.4
2024,2,False,passing,pff,Dak Prescott,10769,QB,DAL,9,1,73.0,37,39,8.3,2.77,1,0,0.0,69.2,27,0,14,0.0,43,0,-0.23,13,29.9,53.3,49.6,74.4,0,2,47,0,46.5,21.4,78.3,7.0,3,1,1,0,1,2,4.3,293,7.5
2024,2,False,passing,pff,Gardner Minshew,41401,QB,LV,23,1,86.1,36,38,6.3,2.77,0,2,5.0,78.9,30,0,11,3.2,43,1,-0.16,14,79.9,73.1,71.8,60.0,0,1,46,0,44.2,45.5,94.7,11.6,5,0,0,2,1,1,2.2,276,7.3
2024,2,False,passing,pff,Caleb Williams,144622,QB,CHI,6,1,75.8,33,37,6.5,2.85,0,0,0.0,62.2,23,0,20,8.0,47,2,-0.45,8,80.9,43.8,42.7,60.4,0,2,51,2,36.2,35.0,51.0,14.9,7,3,0,4,0,3,5.9,174,4.7
2024,2,False,passing,pff,Joe Burrow,28022,QB,CIN,7,1,72.7,33,36,7.5,2.74,0,2,5.3,63.9,23,0,13,4.2,41,1,0.01,12,22.9,67.1,74.1,38.6,0,0,44,1,46.3,23.1,103.7,7.3,3,2,0,3,2,1,2.3,258,7.2
2024,2,False,passing,pff,C.J. Stroud,129759,QB,HST,13,1,72.7,33,36,7.8,2.72,1,3,8.3,63.9,23,0,12,4.2,39,1,-0.03,11,79.3,75.2,72.6,65.4,0,0,40,0,33.3,25.0,94.7,7.7,3,0,0,2,1,1,2.5,260,7.2
2024,2,False,passing,pff,Brock Purdy,77672,QB,SF,28,1,77.8,36,36,8.8,3.07,0,1,2.8,77.8,28,0,16,0.0,45,0,-0.01,18,27.2,61.2,60.1,62.0,0,1,45,0,53.3,37.5,101.3,13.3,6,2,0,0,1,3,6.7,319,8.9
2024,2,False,passing,pff,Bo Nix,97790,QB,DEN,10,1,74.2,31,35,9.8,2.77,2,1,2.5,57.1,20,0,17,13.0,39,3,-0.26,9,80.0,48.9,49.9,54.4,1,2,44,0,35.9,11.8,55.2,5.1,2,2,0,1,0,1,2.3,246,7.0
2024,2,False,passing,pff,Anthony Richardson,124393,QB,IND,14,1,62.5,32,34,12.1,3.21,0,1,2.8,50.0,17,0,11,15.0,37,3,-0.11,12,21.6,40.6,42.5,51.1,1,3,39,0,40.5,9.1,41.8,2.7,1,2,1,0,1,5,12.8,204,6.0
2024,2,False,passing,pff,Deshaun Watson,11767,QB,CLV,8,1,81.3,32,34,6.2,3.17,0,1,2.7,64.7,22,0,18,15.4,38,4,-0.05,7,79.9,72.2,77.0,46.8,1,0,42,0,42.1,11.1,78.8,5.3,2,2,0,1,0,0,0.0,186,5.5
2024,2,False,passing,pff,Lamar Jackson,46416,QB,BLT,3,1,72.4,29,34,9.8,2.68,2,0,0.0,61.8,21,0,5,0.0,37,0,-0.06,14,79.7,73.2,74.5,55.6,0,1,39,0,48.6,40.0,81.4,5.4,2,1,2,1,1,0,0.0,247,7.3
2024,2,False,passing,pff,Jalen Hurts,40291,QB,PHI,24,1,82.8,29,30,6.6,3.59,0,0,0.0,76.7,23,0,15,4.2,35,1,0.05,14,80.5,79.1,67.1,90.0,0,1,38,1,48.6,6.7,88.6,2.9,1,4,0,1,1,2,5.3,183,6.1
2024,2,False,passing,pff,Aaron Rodgers,2241,QB,NYJ,22,1,77.8,27,30,6.2,2.41,1,2,6.5,60.0,18,0,5,14.3,33,3,-0.01,9,78.3,67.2,69.4,57.8,1,0,34,2,39.4,40.0,98.8,6.1,2,1,0,1,2,0,0.0,176,5.9
2024,2,False,passing,pff,Trevor Lawrence,77632,QB,JAX,15,1,60.7,28,30,13.4,2.75,0,2,5.9,46.7,14,0,15,17.6,36,3,0.07,11,28.7,67.5,63.1,74.8,0,0,41,0,36.1,26.7,71.5,11.1,4,2,1,1,0,1,2.4,220,7.3
2024,2,False,passing,pff,Jayden Daniels,97993,QB,WAS,32,1,82.1,28,29,5.0,2.84,1,0,0.0,79.3,23,0,13,0.0,38,0,0.22,12,80.4,64.7,61.5,66.5,0,0,41,0,47.4,38.5,99.1,13.2,5,4,0,0,0,0,0.0,226,7.8
2024,2,False,passing,pff,Kirk Cousins,7102,QB,ATL,2,1,80.8,26,29,8.0,2.84,1,0,0.0,69.0,20,0,14,4.8,31,1,0.28,11,78.6,73.3,74.7,52.7,0,0,34,0,51.6,7.1,117.2,3.2,1,1,0,2,2,1,2.9,241,8.3
2024,2,False,passing,pff,Daniel Jones,39395,QB,NYG,21,1,65.4,26,28,10.3,2.88,0,0,0.0,57.1,16,0,9,5.9,30,1,0.19,11,79.1,71.4,65.0,76.6,0,0,33,0,40.0,11.1,100.0,3.3,1,1,0,2,2,0,0.0,178,6.4
2024,2,False,passing,pff,Will Levis,83542,QB,TEN,31,1,74.1,27,28,10.8,3.03,0,2,6.5,67.9,19,0,17,5.0,35,1,-0.11,9,26.1,65.9,61.1,71.7,0,1,38,0,40.0,23.5,84.2,11.4,4,3,0,1,1,1,2.6,192,6.9
2024,2,False,passing,pff,Matthew Stafford,4924,QB,LA,26,1,76.9,26,27,6.6,2.94,1,0,0.0,70.4,19,0,11,5.0,32,1,-0.27,9,26.5,57.2,56.7,,0,0,32,0,46.9,45.5,94.1,15.6,5,0,0,0,0,1,3.1,216,8.0
2024,2,False,passing,pff,Jacoby Brissett,10725,QB,NE,19,1,76.2,21,27,6.4,3.24,0,0,0.0,55.6,15,0,14,6.3,32,1,-0.12,9,77.9,64.9,67.2,50.3,2,0,33,0,46.9,21.4,83.7,9.4,3,2,0,4,1,0,0.0,149,5.5
2024,2,False,passing,pff,Sam Darnold,29048,QB,MIN,18,1,70.8,24,26,8.5,2.95,0,2,7.7,65.4,17,0,9,0.0,31,0,0.01,11,20.7,69.5,72.8,51.0,0,1,31,1,51.6,33.3,109.1,9.7,3,2,1,1,2,1,3.2,268,10.3
2024,2,False,passing,pff,Bryce Young,123943,QB,CAR,5,1,72.0,25,26,2.9,2.46,1,0,0.0,69.2,18,0,4,0.0,29,0,-0.87,3,77.6,38.8,39.4,58.3,0,1,31,0,17.2,50.0,57.2,6.9,2,1,0,0,0,1,3.2,84,3.2
2024,2,False,passing,pff,Patrick Mahomes,11765,QB,KC,16,1,78.3,23,25,4.0,2.55,0,1,3.2,72.0,18,0,8,0.0,32,0,-0.28,8,78.7,58.7,52.0,77.2,0,2,38,0,50.0,25.0,80.6,6.3,2,4,0,2,2,3,7.9,151,6.0
2024,2,False,passing,pff,Tua Tagovailoa,60326,QB,MIA,17,1,70.8,24,25,7.2,2.19,0,1,4.0,68.0,17,0,7,0.0,29,0,-0.26,10,77.2,48.0,42.2,73.4,0,3,29,0,58.6,14.3,56.7,3.4,1,2,0,1,1,2,6.9,145,5.8
2024,2,False,passing,pff,Kyler Murray,38334,QB,ARZ,1,1,81.0,21,21,10.7,3.17,0,6,27.3,81.0,17,0,8,0.0,26,0,0.85,10,77.1,96.9,95.5,78.9,0,0,27,0,65.4,12.5,158.3,3.8,1,4,0,0,3,0,0.0,266,12.7
2024,2,False,passing,pff,Justin Herbert,28237,QB,LAC,27,1,73.7,19,20,7.6,3.05,0,0,0.0,70.0,14,0,5,0.0,22,0,0.1,8,26.2,54.8,48.4,70.6,0,1,24,0,54.5,20.0,100.0,4.5,1,1,0,1,2,2,8.3,130,6.5
2024,2,False,passing,pff,Justin Fields,82118,QB,PIT,25,1,82.4,17,20,6.9,3.04,0,1,3.7,65.0,13,0,15,7.1,26,1,0.13,8,78.6,69.9,73.9,51.6,1,0,33,0,38.5,13.3,97.3,7.7,2,4,0,2,1,0,0.0,117,5.9
2024,2,False,passing,pff,Josh Allen,46601,QB,BUF,4,1,76.5,17,19,7.9,2.78,1,1,5.3,68.4,13,0,10,0.0,20,0,0.47,5,23.8,77.1,72.3,68.5,0,0,20,0,50.0,0.0,107.1,0.0,0,1,0,1,1,1,5.0,139,7.3
2024,2,False,passing,pff,Baker Mayfield,46518,QB,TB,30,1,72.2,18,19,8.3,2.89,1,0,0.0,63.2,12,0,9,7.7,28,1,-0.06,11,19.4,56.5,50.1,72.8,0,1,29,0,46.4,55.6,90.9,17.9,5,3,0,0,1,3,10.3,185,9.7
2024,2,False,passing,pff,Derek Carr,8671,QB,NO,20,1,80.0,15,16,8.9,2.66,0,1,5.6,68.8,11,0,5,8.3,18,1,0.83,8,75.5,91.0,89.6,63.1,0,1,20,0,55.6,20.0,125.0,5.6,1,0,0,1,2,0,0.0,243,15.2
2024,2,False,passing,pff,Skylar Thompson,60417,QB,MIA,17,1,57.1,14,14,9.6,2.68,0,0,0.0,57.1,8,0,5,0.0,16,0,-0.4,4,73.9,43.9,47.3,55.3,0,0,16,0,43.8,20.0,73.5,6.3,1,1,0,0,0,1,6.3,80,5.7
2024,2,False,passing,pff,Malik Willis,60341,QB,GB,12,1,92.3,13,14,5.8,2.53,0,0,0.0,85.7,12,0,6,0.0,18,0,0.51,7,76.2,71.8,75.1,56.9,0,0,20,1,55.6,0.0,126.8,0.0,0,3,0,1,1,0,0.0,122,8.7
2024,2,False,passing,pff,Cooper Rush,12324,QB,DAL,9,1,100.0,2,3,7.0,2.7,0,0,0.0,33.3,1,0,0,50.0,3,1,-0.84,0,65.5,70.7,69.6,,0,0,3,0,0.0,,42.4,0.0,0,0,0,1,0,0,0.0,6,2.0
2024,2,False,passing,pff,Jack Fox,34735,P,DET,11,1,100.0,1,1,15.0,2.0,0,0,0.0,100.0,1,0,0,0.0,1,0,5.1,1,60.4,73.1,68.8,,0,0,1,0,100.0,,118.8,0.0,0,0,0,0,0,0,0.0,17,17.0
2024,3,False,passing,pff,Caleb Williams,144622,QB,CHI,6,1,71.7,46,52,11.2,2.64,1,2,3.5,63.5,33,0,13,0.0,56,0,-0.08,18,81.7,61.0,61.1,57.8,1,2,61,0,46.4,30.8,80.8,7.1,4,0,1,3,2,1,1.6,363,7.0
2024,3,False,passing,pff,Dak Prescott,10769,QB,DAL,9,1,61.7,47,51,10.0,2.67,1,3,5.1,54.9,28,0,14,3.4,55,1,0.09,18,32.1,66.2,65.5,60.3,2,0,64,0,43.6,21.4,91.9,5.5,3,1,0,1,2,3,4.7,379,7.4
2024,3,False,passing,pff,Patrick Mahomes,11765,QB,KC,16,1,75.0,36,39,5.9,2.46,0,1,2.6,66.7,26,0,9,3.7,44,1,0.08,14,80.2,61.1,56.4,74.2,0,1,44,0,54.5,0.0,87.2,0.0,0,3,0,3,2,2,4.5,217,5.6
2024,3,False,passing,pff,Jalen Hurts,40291,QB,PHI,24,1,88.6,35,38,6.9,3.2,0,1,2.6,76.3,29,0,18,6.5,45,2,0.01,12,32.8,71.8,70.2,65.0,0,1,46,0,46.7,22.2,88.8,8.9,4,3,0,3,0,2,4.3,311,8.2
2024,3,False,passing,pff,Joe Burrow,28022,QB,CIN,7,1,78.9,38,38,7.6,2.67,0,2,5.0,76.3,29,0,12,3.3,41,1,0.38,19,79.5,78.3,76.0,62.6,0,0,43,0,61.0,16.7,127.5,4.9,2,1,0,0,3,0,0.0,324,8.5
2024,3,False,passing,pff,Trevor Lawrence,77632,QB,JAX,15,1,66.7,36,38,8.9,2.82,0,1,2.6,55.3,21,0,19,12.5,43,3,-0.52,9,79.7,51.1,51.6,57.4,0,1,43,0,37.2,21.1,65.5,9.3,4,1,0,2,1,2,4.7,178,4.7
2024,3,False,passing,pff,Andy Dalton,6187,QB,CAR,5,1,79.4,34,37,6.6,2.01,2,2,5.0,70.3,26,0,7,3.7,39,1,0.3,15,79.9,78.8,75.3,69.5,0,0,43,0,51.3,28.6,123.6,5.1,2,0,0,1,3,2,4.7,319,8.6
2024,3,False,passing,pff,Deshaun Watson,11767,QB,CLV,8,1,71.9,32,37,7.4,2.69,0,2,5.1,56.8,21,0,21,8.7,47,2,-0.44,9,47.5,51.5,45.6,79.3,2,0,51,1,38.3,38.1,89.5,17.0,8,2,0,3,2,1,2.0,196,5.3
2024,3,False,passing,pff,Bo Nix,97790,QB,DEN,10,1,78.1,32,36,6.6,2.72,1,2,5.3,69.4,25,0,10,0.0,40,0,0.09,11,80.6,74.1,71.6,72.0,1,0,44,1,52.5,0.0,85.0,0.0,0,3,0,2,0,1,2.3,216,6.0
2024,3,False,passing,pff,Aaron Rodgers,2241,QB,NYJ,22,1,79.4,34,35,6.5,2.62,0,0,0.0,77.1,27,0,13,0.0,40,0,0.48,18,79.5,82.1,78.0,72.6,0,0,43,0,62.5,15.4,118.9,5.0,2,3,0,1,2,0,0.0,281,8.0
2024,3,False,passing,pff,Kyler Murray,38334,QB,ARZ,1,1,65.6,32,34,12.4,2.8,0,1,2.6,61.8,21,0,12,0.0,37,0,-0.12,11,79.9,58.6,57.8,61.3,1,1,42,0,43.2,8.3,76.5,2.7,1,2,0,1,1,2,4.8,207,6.1
2024,3,False,passing,pff,Geno Smith,7820,QB,SEA,29,1,81.8,33,34,6.1,2.65,0,1,2.9,76.5,26,0,16,3.7,37,1,0.0,13,39.6,73.5,72.1,60.0,0,2,38,1,51.4,18.8,86.5,8.1,3,0,0,1,1,1,2.6,289,8.5
2024,3,False,passing,pff,Daniel Jones,39395,QB,NYG,21,1,81.3,32,34,6.8,2.52,0,0,0.0,70.6,24,0,20,7.7,39,2,0.19,13,80.2,49.7,45.5,67.3,1,0,41,0,48.7,10.0,109.4,5.1,2,2,0,1,2,1,2.4,236,6.9
2024,3,False,passing,pff,Will Levis,83542,QB,TEN,31,1,84.8,33,34,7.4,2.79,0,0,0.0,76.5,26,0,15,7.1,44,2,-0.36,15,29.5,54.7,52.9,65.0,0,2,45,0,50.0,53.3,92.8,18.2,8,2,0,1,2,3,6.7,260,7.6
2024,3,False,passing,pff,Baker Mayfield,46518,QB,TB,30,1,86.2,29,33,3.5,2.97,0,0,0.0,75.8,25,0,16,0.0,40,0,-0.59,11,79.2,60.6,60.0,,3,1,41,0,40.0,43.8,83.3,17.5,7,0,0,1,1,1,2.4,163,4.9
2024,3,False,passing,pff,Justin Fields,82118,QB,PIT,25,1,87.1,31,32,5.5,2.5,0,0,0.0,78.1,25,0,7,7.4,35,2,0.11,9,79.6,75.4,75.3,59.8,0,1,37,0,51.4,28.6,96.0,5.7,2,1,0,1,1,0,0.0,245,7.7
2024,3,False,passing,pff,C.J. Stroud,129759,QB,HST,13,1,77.8,27,31,7.1,2.67,1,1,2.9,64.5,20,0,15,4.8,38,1,-0.26,11,79.3,64.6,66.7,51.6,2,2,42,0,34.2,26.7,68.6,10.5,4,3,1,0,1,1,2.4,215,6.9
2024,3,False,passing,pff,Brock Purdy,77672,QB,SF,28,1,86.7,30,30,11.3,3.75,0,3,8.6,73.3,22,0,18,15.4,38,4,0.36,15,79.9,91.1,91.8,62.0,0,0,43,0,57.9,5.6,137.1,2.6,1,7,0,0,3,0,0.0,292,9.7
2024,3,False,passing,pff,Josh Allen,46601,QB,BUF,4,1,85.7,28,30,6.7,2.91,1,4,11.8,76.7,23,0,11,4.2,34,1,0.65,18,79.2,83.1,75.8,80.3,0,0,38,0,64.7,0.0,142.1,0.0,0,4,0,1,4,1,2.6,263,8.8
2024,3,False,passing,pff,Kirk Cousins,7102,QB,ATL,2,1,74.1,27,29,7.4,2.46,0,1,2.9,69.0,20,0,11,0.0,31,0,-0.01,11,27.9,64.8,65.0,60.0,0,1,36,0,48.4,18.2,89.7,6.5,2,0,0,2,1,1,2.8,230,7.9
2024,3,False,passing,pff,Sam Darnold,29048,QB,MIN,18,1,75.0,24,28,7.5,3.1,0,0,0.0,60.7,17,0,15,5.6,32,1,0.22,12,78.1,73.5,72.1,,1,0,35,0,56.3,26.7,119.2,12.5,4,0,0,3,4,1,2.9,181,6.5
2024,3,False,passing,pff,Gardner Minshew,41401,QB,LV,23,1,70.4,27,28,7.8,2.85,1,1,3.1,64.3,18,0,12,5.3,32,1,-0.23,11,78.7,66.5,66.5,58.2,0,1,36,0,46.9,16.7,84.5,6.3,2,2,0,0,1,1,2.8,214,7.6
2024,3,False,passing,pff,Derek Carr,8671,QB,NO,20,1,75.0,20,25,10.6,2.72,3,1,3.8,56.0,14,0,12,6.7,27,1,-0.16,7,77.3,55.1,55.1,57.8,0,1,28,0,37.0,8.3,69.1,3.7,1,1,0,2,1,2,7.1,142,5.7
2024,3,False,passing,pff,Matthew Stafford,4924,QB,LA,26,1,72.7,22,25,10.5,2.87,0,1,3.4,64.0,16,0,13,0.0,28,0,0.02,9,77.7,70.3,69.5,,0,0,32,1,46.4,23.1,105.6,10.7,3,0,0,3,1,0,0.0,221,8.8
2024,3,False,passing,pff,Jayden Daniels,97993,QB,WAS,32,1,91.3,23,23,9.7,3.13,0,2,8.7,91.3,21,0,11,0.0,31,0,0.78,15,79.0,95.9,95.5,77.4,0,0,31,0,77.4,18.2,141.7,6.5,2,6,0,0,2,0,0.0,254,11.0
2024,3,False,passing,pff,Jared Goff,10635,QB,DET,11,1,81.8,22,23,7.8,2.88,0,0,0.0,78.3,18,0,6,0.0,26,0,0.28,12,77.1,73.5,70.1,67.2,0,1,26,0,65.4,33.3,113.6,7.7,2,1,0,1,2,1,3.8,199,8.7
2024,3,False,passing,pff,Anthony Richardson,124393,QB,IND,14,1,64.7,17,20,9.6,2.58,0,1,4.8,50.0,10,0,7,9.1,22,1,-0.5,4,77.9,53.0,44.8,71.5,1,2,23,0,40.9,14.3,39.0,4.5,1,1,0,2,0,2,8.7,167,8.4
2024,3,False,passing,pff,Malik Willis,60341,QB,GB,12,1,78.9,19,19,6.5,2.96,0,1,5.0,68.4,13,0,7,13.3,25,2,0.21,8,77.4,75.9,68.0,76.9,0,0,26,1,36.0,42.9,120.9,12.0,3,3,0,0,1,0,0.0,202,10.6
2024,3,False,passing,pff,Skylar Thompson,60417,QB,MIA,17,1,88.2,17,19,6.1,2.84,0,0,0.0,68.4,13,0,12,13.3,24,2,-0.37,4,16.6,43.1,43.5,,1,0,25,0,33.3,41.7,82.6,20.8,5,0,0,1,0,2,8.0,107,5.6
2024,3,False,passing,pff,Jacoby Brissett,10725,QB,NE,19,1,70.6,17,18,8.6,2.58,0,0,0.0,66.7,12,0,12,0.0,23,0,-0.5,4,76.8,60.5,60.0,,0,0,27,0,34.8,41.7,80.3,21.7,5,0,0,1,0,0,0.0,98,5.4
2024,3,False,passing,pff,Justin Herbert,28237,QB,LAC,27,1,77.8,18,18,9.8,2.67,0,0,0.0,66.7,12,0,7,14.3,20,2,0.1,6,75.5,58.8,59.2,58.9,0,0,21,0,50.0,28.6,105.1,10.0,2,0,0,0,1,1,4.8,125,6.9
2024,3,False,passing,pff,Lamar Jackson,46416,QB,BLT,3,1,80.0,15,15,3.2,2.68,0,0,0.0,80.0,12,0,4,0.0,17,0,0.49,8,78.3,81.8,72.4,82.1,0,0,18,2,52.9,0.0,139.4,0.0,0,2,0,0,1,0,0.0,182,12.1
2024,3,False,passing,pff,Tim Boyle,21956,QB,MIA,17,1,53.8,13,13,9.0,2.56,0,0,0.0,53.8,7,0,5,0.0,15,0,-0.58,4,74.2,55.9,56.8,58.3,0,0,17,0,33.3,20.0,72.3,6.7,1,1,0,0,0,0,0.0,79,6.1
2024,3,False,passing,pff,Davis Mills,52269,QB,HST,13,1,66.7,12,12,8.0,2.35,0,0,0.0,58.3,7,0,3,12.5,13,1,-0.01,4,72.8,64.1,63.6,,0,0,13,0,30.8,33.3,78.1,7.7,1,0,0,0,0,0,0.0,79,6.6
2024,3,False,passing,pff,Aidan O'Connell,60516,QB,LV,23,1,75.0,12,12,8.5,2.73,0,0,0.0,75.0,9,0,5,0.0,13,0,0.4,5,72.8,58.5,58.5,,0,0,13,0,61.5,20.0,120.8,7.7,1,0,0,0,1,1,7.7,82,6.8
2024,3,False,passing,pff,Mac Jones,60323,QB,JAX,15,1,75.0,8,8,2.5,2.03,0,0,0.0,62.5,5,0,2,16.7,9,1,-1.12,1,18.7,25.2,25.9,,0,0,10,0,22.2,50.0,66.7,11.1,1,0,0,0,0,2,20.0,22,2.8
2024,3,False,passing,pff,Drake Maye,143969,QB,NE,19,1,57.1,7,8,2.7,2.59,0,0,0.0,50.0,4,0,5,0.0,12,0,-0.07,3,72.4,63.0,64.6,57.7,1,0,12,0,25.0,40.0,56.3,16.7,2,2,0,0,0,0,0.0,22,2.8
2024,3,False,passing,pff,Taylor Heinicke,9896,QB,LAC,27,1,100.0,2,2,7.5,2.64,0,0,0.0,100.0,2,0,3,0.0,5,0,-0.75,1,68.0,66.0,65.2,,0,0,5,0,20.0,100.0,116.7,60.0,3,0,0,0,0,0,0.0,24,12.0
2024,3,False,passing,pff,Tutu Atwell,77965,WR,LA,26,1,0.0,1,1,35.0,3.4,0,0,0.0,0.0,0,0,0,,1,0,-0.5,0,68.0,79.3,59.7,,0,0,1,0,0.0,,39.6,0.0,0,0,0,0,0,0,0.0,0,0.0
2024,3,False,passing,pff,Malik Nabers,146759,WR,NYG,21,1,,0,1,,4.3,0,0,0.0,0.0,0,0,1,,1,0,-0.44,0,72.0,83.8,60.0,58.8,0,0,1,0,0.0,0.0,39.6,0.0,0,0,0,1,0,0,0.0,0,0.0
2024,3,False,passing,pff,Stefon Diggs,9579,WR,HST,13,1,100.0,1,1,-4.0,3.4,0,0,0.0,100.0,1,0,0,0.0,1,0,2.15,1,71.6,72.1,60.4,,0,0,1,0,100.0,,118.8,0.0,0,0,0,0,0,0,0.0,13,13.0
2024,3,False,passing,pff,Mitch Trubisky,11757,QB,BUF,4,1,100.0,1,1,-4.0,1.0,0,0,0.0,100.0,1,0,0,0.0,1,0,-1.2,0,64.5,62.3,60.4,60.0,0,0,1,0,0.0,,79.2,0.0,0,0,0,0,0,0,0.0,3,3.0
2024,4,False,passing,pff,Geno Smith,7820,QB,SEA,29,1,73.1,52,56,6.6,2.69,1,3,4.5,67.9,38,0,26,0.0,62,0,0.0,24,83.1,63.4,59.8,73.7,0,1,73,0,46.8,11.5,86.5,4.8,3,3,0,3,1,4,5.5,395,7.1
2024,4,False,passing,pff,Jordan Love,40306,QB,GB,12,1,70.0,50,54,10.9,2.85,1,1,1.8,59.3,32,0,21,8.6,56,3,-0.2,20,81.3,69.9,67.8,63.9,1,3,58,0,44.6,4.8,83.0,1.8,1,1,0,2,4,3,5.2,389,7.2
2024,4,False,passing,pff,Baker Mayfield,46518,QB,TB,30,1,79.1,43,47,7.1,2.08,3,2,4.1,63.8,30,0,11,11.8,51,4,0.14,19,81.1,86.9,85.1,63.7,1,0,53,0,52.9,18.2,100.2,3.9,2,1,0,0,2,0,0.0,347,7.4
2024,4,False,passing,pff,Aaron Rodgers,2241,QB,NYJ,22,1,67.5,40,42,7.8,2.7,0,3,6.7,57.1,24,0,17,11.1,51,3,-0.3,11,81.0,68.7,68.2,60.5,0,0,54,0,29.4,29.4,72.0,9.8,5,4,0,2,0,0,0.0,225,5.4
2024,4,False,passing,pff,Daniel Jones,39395,QB,NYG,21,1,84.2,38,40,9.7,3.09,0,1,2.3,72.5,29,0,13,9.4,41,3,0.05,12,80.4,80.9,80.0,61.0,0,1,44,0,43.9,7.7,81.4,2.4,1,0,0,2,0,2,4.5,281,7.0
2024,4,False,passing,pff,Andy Dalton,6187,QB,CAR,5,1,76.3,38,40,7.4,2.5,0,3,7.3,62.5,25,0,6,13.8,42,4,0.03,13,79.7,79.1,80.6,50.6,0,1,43,0,42.9,0.0,83.3,0.0,0,2,0,2,2,1,2.3,220,5.5
2024,4,False,passing,pff,C.J. Stroud,129759,QB,HST,13,1,71.8,39,40,8.1,3.1,0,0,0.0,67.5,27,0,13,3.6,45,1,0.3,22,80.4,74.5,72.6,65.9,0,0,50,0,53.3,15.4,110.9,4.4,2,3,0,1,2,0,0.0,345,8.6
2024,4,False,passing,pff,Derek Carr,8671,QB,NO,20,1,77.8,36,36,5.7,2.31,0,2,5.1,77.8,28,0,13,0.0,39,0,0.09,11,79.7,85.0,86.6,50.1,0,1,42,0,56.4,7.7,82.8,2.6,1,1,0,0,0,0,0.0,239,6.6
2024,4,False,passing,pff,Kirk Cousins,7102,QB,ATL,2,1,64.7,34,35,9.2,2.74,0,1,2.6,60.0,21,0,14,4.5,36,1,-0.05,9,28.2,70.0,68.9,,0,1,40,0,41.7,7.1,68.5,2.8,1,0,0,1,0,2,5.0,238,6.8
2024,4,False,passing,pff,Justin Fields,82118,QB,PIT,25,1,82.8,29,34,7.6,3.18,2,2,5.9,64.7,22,0,18,8.3,42,2,-0.01,13,31.2,66.7,64.3,69.3,1,0,44,1,47.6,22.2,104.0,9.5,4,4,1,1,1,1,2.3,312,9.2
2024,4,False,passing,pff,Trevor Lawrence,77632,QB,JAX,15,1,59.4,32,33,12.5,2.67,0,1,3.0,54.5,18,0,6,5.3,35,1,-0.03,11,78.6,57.9,58.8,54.5,0,0,35,0,45.7,16.7,89.1,2.9,1,1,0,1,2,1,2.9,169,5.1
2024,4,False,passing,pff,Jacoby Brissett,10725,QB,NE,19,1,72.4,29,32,5.7,2.79,0,1,3.0,59.4,19,0,19,9.5,39,2,-0.49,8,21.5,34.4,34.4,56.8,2,1,40,1,33.3,31.6,70.8,15.4,6,1,0,1,1,5,12.5,168,5.3
2024,4,False,passing,pff,Deshaun Watson,11767,QB,CLV,8,1,83.3,30,32,5.9,3.26,1,3,8.8,75.0,24,0,16,4.0,42,1,-0.17,10,79.6,86.0,88.5,57.7,0,1,44,0,47.6,18.8,84.9,7.1,3,7,0,1,1,0,0.0,176,5.5
2024,4,False,passing,pff,Joe Burrow,28022,QB,CIN,7,1,78.6,28,31,6.0,2.72,1,1,2.9,71.0,22,0,6,0.0,33,0,0.31,15,78.6,81.0,77.2,65.6,0,1,37,0,48.5,0.0,100.5,0.0,0,1,0,2,2,0,0.0,232,7.5
2024,4,False,passing,pff,Jayden Daniels,97993,QB,WAS,32,1,90.0,30,30,5.9,3.15,0,0,0.0,86.7,26,0,7,3.7,36,1,0.4,15,79.3,82.7,84.4,61.5,0,1,39,0,61.1,0.0,96.3,0.0,0,6,0,0,1,1,2.6,233,7.8
2024,4,False,passing,pff,Jalen Hurts,40291,QB,PHI,24,1,67.9,28,30,9.6,2.84,1,1,3.3,60.0,18,0,21,5.3,37,1,-0.33,7,22.6,51.3,44.9,71.4,0,0,38,0,37.8,28.6,85.1,16.2,6,1,0,1,1,3,7.9,158,5.3
2024,4,False,passing,pff,Matthew Stafford,4924,QB,LA,26,1,74.1,27,29,7.6,2.63,2,1,3.1,69.0,20,0,7,0.0,32,0,0.0,11,78.3,65.3,64.2,60.0,0,1,35,0,46.9,42.9,77.4,9.4,3,0,0,0,0,2,5.7,224,7.7
2024,4,False,passing,pff,Josh Allen,46601,QB,BUF,4,1,76.0,25,29,10.6,3.04,0,4,13.3,55.2,16,0,15,15.8,35,3,-0.4,6,28.7,66.0,64.5,63.2,0,0,37,0,37.1,20.0,73.9,8.6,3,2,0,4,0,3,8.1,180,6.2
2024,4,False,passing,pff,Patrick Mahomes,11765,QB,KC,16,1,83.3,24,29,8.3,3.1,3,2,6.5,65.5,19,0,15,5.0,34,1,0.06,9,79.2,79.9,81.3,56.6,0,1,37,0,47.1,20.0,89.0,8.8,3,2,0,2,1,1,2.7,245,8.4
2024,4,False,passing,pff,Sam Darnold,29048,QB,MIN,18,1,76.9,26,28,10.1,3.21,0,1,3.2,71.4,20,0,11,0.0,33,0,0.23,13,28.8,45.5,47.3,61.6,0,1,36,2,63.6,18.2,123.4,6.1,2,3,0,2,3,3,8.3,275,9.8
2024,4,False,passing,pff,Justin Herbert,28237,QB,LAC,27,1,69.2,26,27,7.3,2.72,0,2,7.1,59.3,16,0,15,11.1,29,2,0.01,9,27.5,56.6,63.7,36.8,1,0,31,0,48.3,13.3,91.4,6.9,2,0,0,0,1,1,3.2,179,6.6
2024,4,False,passing,pff,Dak Prescott,10769,QB,DAL,9,1,84.6,26,27,5.5,2.4,0,2,6.5,81.5,22,0,7,0.0,28,0,0.34,9,78.2,83.0,83.4,56.0,0,0,32,0,64.3,14.3,125.5,3.6,1,0,0,1,2,0,0.0,221,8.2
2024,4,False,passing,pff,Brock Purdy,77672,QB,SF,28,1,61.5,26,27,14.7,3.62,0,3,10.7,55.6,15,0,10,6.3,30,1,0.36,14,78.1,73.2,72.1,62.5,0,1,31,0,50.0,10.0,89.7,3.3,1,2,0,1,1,1,3.2,288,10.7
2024,4,False,passing,pff,Joe Flacco,4332,QB,IND,14,1,69.6,23,26,11.4,2.6,1,0,0.0,61.5,16,0,8,0.0,29,0,0.25,10,77.8,55.8,57.4,53.9,0,0,31,0,44.8,25.0,105.9,6.9,2,1,0,2,2,2,6.5,168,6.5
2024,4,False,passing,pff,Bo Nix,97790,QB,DEN,10,1,54.2,24,25,10.0,2.84,0,1,3.6,48.0,12,0,5,7.7,26,1,-0.68,3,78.2,48.9,50.4,52.0,0,0,29,0,11.5,0.0,67.9,0.0,0,1,0,1,1,0,0.0,60,2.4
2024,4,False,passing,pff,Gardner Minshew,41401,QB,LV,23,1,66.7,24,24,7.9,2.25,0,0,0.0,58.3,14,0,9,12.5,26,2,-0.17,7,77.7,58.4,57.4,60.0,0,0,29,0,46.2,22.2,73.3,7.7,2,0,0,0,0,0,0.0,130,5.4
2024,4,False,passing,pff,Caleb Williams,144622,QB,CHI,6,1,81.0,21,23,7.0,2.84,0,2,7.4,73.9,17,0,11,0.0,26,0,0.08,7,78.8,65.6,65.1,66.4,0,0,32,1,57.7,27.3,106.6,11.5,3,0,0,2,1,0,0.0,157,6.8
2024,4,False,passing,pff,Tyler Huntley,46448,QB,MIA,17,1,80.0,20,22,8.4,2.27,0,0,0.0,63.6,14,0,9,12.5,28,2,-0.42,5,79.1,55.6,49.5,69.1,1,0,33,1,28.6,22.2,73.3,7.1,2,2,0,1,0,2,6.1,96,4.4
2024,4,False,passing,pff,Kyler Murray,38334,QB,ARZ,1,1,81.8,22,22,6.7,2.39,0,0,0.0,72.7,16,0,10,11.1,28,2,-0.34,5,77.2,59.2,59.1,58.3,0,0,29,0,50.0,40.0,104.7,14.3,4,1,0,0,1,0,0.0,142,6.5
2024,4,False,passing,pff,Jared Goff,10635,QB,DET,11,1,100.0,18,18,4.3,3.18,0,2,10.0,100.0,18,0,8,0.0,21,0,0.86,11,76.7,80.9,75.4,60.0,0,0,23,0,66.7,37.5,155.8,14.3,3,0,0,0,2,0,0.0,292,16.2
2024,4,False,passing,pff,Lamar Jackson,46416,QB,BLT,3,1,88.2,17,18,7.5,2.7,0,3,15.8,72.2,13,0,4,13.3,20,2,0.49,9,25.5,88.8,92.2,54.1,0,0,21,1,55.0,25.0,135.4,5.0,1,1,0,1,2,0,0.0,156,8.7
2024,4,False,passing,pff,Mason Rudolph,46569,QB,TEN,31,1,84.6,13,17,6.2,2.42,1,0,0.0,52.9,9,0,7,18.2,18,2,-0.43,5,74.8,75.3,71.8,,0,0,19,0,33.3,14.3,67.0,5.6,1,0,1,2,0,0,0.0,85,5.0
2024,4,False,passing,pff,Will Levis,83542,QB,TEN,31,1,75.0,4,4,4.8,2.58,0,0,0.0,75.0,3,0,2,0.0,5,0,-1.07,0,69.9,29.4,28.3,58.4,0,1,6,0,20.0,0.0,51.0,0.0,0,1,0,0,0,1,16.7,25,6.3
2024,4,False,passing,pff,Anthony Richardson,124393,QB,IND,14,1,75.0,4,4,14.3,2.65,0,0,0.0,75.0,3,0,1,0.0,4,0,1.29,3,17.5,46.7,57.2,45.6,0,0,4,0,75.0,0.0,116.7,0.0,0,0,0,0,0,0,0.0,71,17.8
2024,4,False,passing,pff,Mitch Trubisky,11757,QB,BUF,4,1,50.0,2,2,11.0,2.3,0,0,0.0,50.0,1,0,0,0.0,2,0,-0.33,0,63.6,22.4,23.4,,0,0,2,0,0.0,,56.3,0.0,0,0,0,0,0,1,50.0,2,1.0
2024,4,False,passing,pff,Johnny Hekker,7252,P,CAR,5,1,0.0,1,1,14.0,2.3,0,0,0.0,0.0,0,0,0,,1,0,-2.77,0,60.4,57.3,58.1,,0,0,1,0,0.0,,39.6,0.0,0,0,0,0,0,0,0.0,0,0.0
2024,4,False,passing,pff,Josh Johnson,4474,QB,BLT,3,1,100.0,1,1,0.0,2.8,0,0,0.0,100.0,1,0,1,0.0,1,0,-1.86,0,60.4,60.9,60.4,,0,0,1,0,0.0,0.0,79.2,0.0,0,0,0,0,0,0,0.0,1,1.0
2024,4,False,passing,pff,Amon-Ra St. Brown,84470,WR,DET,11,1,100.0,1,1,5.0,3.9,0,0,0.0,100.0,1,0,0,0.0,1,0,2.36,1,69.5,77.2,60.5,,0,0,1,0,100.0,,135.4,0.0,0,0,0,0,1,0,0.0,7,7.0
2024,5,False,passing,pff,Kirk Cousins,7102,QB,ATL,2,1,84.9,53,58,8.1,2.3,1,1,1.6,72.4,42,0,19,6.7,63,3,0.32,24,82.2,84.9,83.0,,0,1,67,1,54.0,21.1,114.8,6.3,4,0,2,2,4,3,4.5,509,8.8
2024,5,False,passing,pff,Aaron Rodgers,2241,QB,NYJ,22,1,68.8,48,54,7.6,2.37,1,3,5.5,53.7,29,0,17,12.1,57,4,-0.33,13,36.3,46.4,48.3,,2,3,58,1,35.1,17.6,54.9,5.3,3,0,0,3,2,4,6.9,244,4.5
2024,5,False,passing,pff,Matthew Stafford,4924,QB,LA,26,1,64.4,45,45,8.5,2.66,0,0,0.0,64.4,29,0,16,0.0,48,0,-0.23,11,80.3,54.4,54.3,,0,1,49,0,47.9,18.8,78.0,6.3,3,0,0,0,1,2,4.1,260,5.8
2024,5,False,passing,pff,Joe Flacco,4332,QB,IND,14,1,81.4,43,44,8.3,2.73,0,2,4.4,75.0,33,0,11,5.7,49,2,0.26,17,80.6,90.0,86.4,71.2,0,0,50,0,42.9,36.4,121.3,8.2,4,1,0,1,3,0,0.0,359,8.2
2024,5,False,passing,pff,Lamar Jackson,46416,QB,BLT,3,1,71.1,38,42,9.6,3.48,1,3,7.0,61.9,26,0,20,3.7,47,1,0.43,18,26.0,69.5,78.1,41.0,2,0,48,0,53.2,5.0,119.9,2.1,1,4,0,1,4,0,0.0,348,8.3
2024,5,False,passing,pff,Dak Prescott,10769,QB,DAL,9,1,76.9,39,42,7.2,2.61,2,2,4.8,69.0,29,0,14,3.3,45,1,0.24,14,29.4,67.5,67.9,55.9,0,2,46,1,60.0,14.3,90.6,4.4,2,1,0,1,2,3,6.5,352,8.4
2024,5,False,passing,pff,Geno Smith,7820,QB,SEA,29,1,75.7,37,40,5.7,2.64,2,0,0.0,70.0,28,0,18,0.0,51,0,-0.22,16,80.5,70.0,68.4,70.4,0,0,51,1,47.1,38.9,98.3,13.7,7,4,0,1,1,0,0.0,284,7.1
2024,5,False,passing,pff,Patrick Mahomes,11765,QB,KC,16,1,84.8,33,39,4.4,3.12,0,0,0.0,71.8,28,0,19,0.0,44,0,0.12,18,80.6,72.2,65.5,79.4,1,1,47,0,56.8,10.5,86.6,4.5,2,3,0,5,0,0,0.0,331,8.5
2024,5,False,passing,pff,Joe Burrow,28022,QB,CIN,7,1,81.6,38,39,8.5,2.43,0,3,7.5,76.9,30,0,12,3.2,43,1,0.42,19,79.8,89.4,89.4,54.5,0,1,44,1,58.1,25.0,137.0,7.0,3,1,0,1,5,1,2.3,392,10.1
2024,5,False,passing,pff,C.J. Stroud,129759,QB,HST,13,1,83.3,36,38,5.7,2.73,0,4,10.5,73.7,28,0,15,6.7,42,2,0.08,15,28.6,80.6,76.0,74.4,0,1,42,1,45.2,6.7,97.6,2.4,1,3,0,2,1,2,4.8,331,8.7
2024,5,False,passing,pff,Brock Purdy,77672,QB,SF,28,1,64.5,31,35,9.8,3.7,1,1,2.9,54.3,19,0,14,5.0,41,1,-0.08,16,79.2,73.7,67.5,79.4,0,2,41,0,51.2,14.3,62.1,4.9,2,4,0,3,1,0,0.0,244,7.0
2024,5,False,passing,pff,Daniel Jones,39395,QB,NYG,21,1,83.9,31,34,5.3,2.76,0,2,5.9,67.6,23,0,10,11.5,40,3,0.19,14,28.8,70.4,71.8,59.2,0,0,40,0,50.0,30.0,109.6,7.5,3,2,0,3,2,1,2.5,257,7.6
2024,5,False,passing,pff,Jacoby Brissett,10725,QB,NE,19,1,65.5,29,34,9.2,2.75,1,2,5.3,52.9,18,0,16,5.3,37,1,-0.28,8,79.2,72.5,69.1,65.9,0,0,41,0,35.1,12.5,65.8,5.4,2,1,1,3,0,0,0.0,160,4.7
2024,5,False,passing,pff,Trevor Lawrence,77632,QB,JAX,15,1,85.3,34,34,6.4,2.35,0,2,5.7,82.4,28,0,1,3.4,34,1,0.34,13,78.7,89.8,85.7,70.6,0,1,35,0,52.9,0.0,119.5,0.0,0,0,0,0,2,1,2.9,371,10.9
2024,5,False,passing,pff,Tyler Huntley,46448,QB,MIA,17,1,69.0,29,31,10.2,2.72,2,0,0.0,58.1,18,0,9,10.0,36,2,-0.09,11,79.1,57.0,55.0,64.3,0,1,39,0,33.3,33.3,63.1,8.3,3,2,0,0,0,3,7.7,194,6.3
2024,5,False,passing,pff,Sam Darnold,29048,QB,MIN,18,1,55.6,27,31,14.1,3.27,0,2,5.4,45.2,14,0,14,6.7,36,1,-0.36,8,79.9,47.9,47.9,64.3,0,1,42,1,30.6,28.6,50.3,11.1,4,1,0,4,0,2,4.8,179,5.8
2024,5,False,passing,pff,Josh Allen,46601,QB,BUF,4,1,38.5,26,30,13.5,2.95,0,0,0.0,30.0,9,0,15,10.0,36,1,-0.05,8,78.4,48.1,37.7,88.8,3,0,36,0,27.8,6.7,56.4,2.8,1,4,0,1,1,3,8.3,131,4.4
2024,5,False,passing,pff,Kyler Murray,38334,QB,ARZ,1,1,65.5,29,30,8.1,2.37,1,3,10.0,63.3,19,0,9,0.0,32,0,-0.11,10,39.3,73.5,73.8,60.1,0,1,32,0,43.8,11.1,79.2,3.1,1,1,0,0,1,1,3.1,195,6.5
2024,5,False,passing,pff,Caleb Williams,144622,QB,CHI,6,1,75.0,28,29,8.0,3.44,0,1,3.1,69.0,20,0,6,4.8,35,1,0.46,15,78.9,72.0,66.6,74.2,0,0,39,0,48.6,16.7,126.2,2.9,1,5,0,1,2,2,5.1,304,10.5
2024,5,False,passing,pff,Derek Carr,8671,QB,NO,20,1,73.1,26,28,13.9,2.58,0,2,6.9,64.3,18,0,15,5.3,29,1,-0.1,9,77.4,72.5,71.2,,0,1,30,0,41.4,6.7,89.1,3.4,1,0,0,2,2,1,3.3,165,5.9
2024,5,False,passing,pff,Deshaun Watson,11767,QB,CLV,8,1,68.0,25,28,10.0,3.28,1,0,0.0,53.6,15,0,18,11.8,38,2,-0.47,6,28.2,40.0,42.9,47.9,0,0,40,0,28.9,38.9,77.2,18.4,7,3,0,2,1,2,5.0,125,4.5
2024,5,False,passing,pff,Andy Dalton,6187,QB,CAR,5,1,77.8,27,28,7.6,2.61,0,0,0.0,64.3,18,0,15,14.3,33,3,-0.74,6,21.8,51.1,51.7,58.3,0,1,34,0,27.3,20.0,61.0,9.1,3,1,0,1,0,2,5.9,136,4.9
2024,5,False,passing,pff,Bo Nix,97790,QB,DEN,10,1,80.0,25,27,6.1,2.86,1,2,6.9,70.4,19,0,6,5.0,32,1,-0.08,10,79.4,66.5,67.3,63.4,0,0,34,2,46.9,50.0,117.2,9.4,3,2,1,0,2,0,0.0,206,7.6
2024,5,False,passing,pff,Justin Fields,82118,QB,PIT,25,1,70.8,24,27,11.0,3.13,0,0,0.0,55.6,15,0,12,11.8,30,2,-0.22,6,28.1,60.9,52.4,79.7,1,0,31,0,36.7,25.0,93.3,10.0,3,0,0,2,2,3,9.7,131,4.9
2024,5,False,passing,pff,Jordan Love,40306,QB,GB,12,1,70.8,24,26,8.5,2.43,2,0,0.0,57.7,15,0,9,11.8,29,2,0.08,9,32.0,44.3,40.1,69.1,0,1,30,1,41.4,22.2,95.7,6.9,2,1,0,0,2,1,3.3,224,8.6
2024,5,False,passing,pff,Jayden Daniels,97993,QB,WAS,32,1,62.5,24,25,12.8,2.85,1,3,11.5,56.0,14,0,16,6.7,33,1,0.24,11,79.4,71.8,68.2,69.0,0,1,34,0,42.4,18.8,85.1,9.1,3,5,0,0,1,2,5.9,238,9.5
2024,5,False,passing,pff,Baker Mayfield,46518,QB,TB,30,1,82.6,23,24,6.1,2.68,1,2,8.0,79.2,19,0,6,0.0,30,0,0.38,14,77.8,90.7,85.7,79.1,0,0,31,0,60.0,16.7,137.5,3.3,1,5,0,0,3,0,0.0,180,7.5
2024,5,False,passing,pff,Aidan O'Connell,60516,QB,LV,23,1,55.6,18,20,8.5,3.01,0,1,4.5,50.0,10,0,10,0.0,21,0,-0.19,6,75.9,63.8,63.8,,1,1,23,1,33.3,10.0,42.5,4.8,1,0,0,1,0,0,0.0,94,4.7
2024,5,False,passing,pff,Gardner Minshew,41401,QB,LV,23,1,70.6,17,17,7.1,2.77,0,0,0.0,70.6,12,0,7,0.0,21,0,-0.24,9,75.9,50.3,44.7,71.3,0,2,23,0,42.9,28.6,74.5,9.5,2,2,0,0,1,2,8.7,137,8.1
2024,5,False,passing,pff,Jake Haener,60596,QB,NO,20,1,33.3,6,7,7.8,3.52,0,0,0.0,28.6,2,0,7,0.0,9,0,-0.42,2,70.9,48.3,42.0,66.5,1,0,9,0,33.3,0.0,39.6,0.0,0,2,0,0,0,0,0.0,17,2.4
2024,5,False,passing,pff,Bryce Young,123943,QB,CAR,5,1,66.7,6,7,7.3,3.8,0,1,14.3,57.1,4,0,5,0.0,9,0,-0.1,3,70.9,80.5,83.2,57.9,0,0,9,0,44.4,20.0,84.2,11.1,1,1,0,1,0,0,0.0,58,8.3
2024,5,False,passing,pff,Marcus Mariota,9435,QB,WAS,32,1,50.0,2,3,1.5,2.33,0,0,0.0,33.3,1,0,1,0.0,3,0,-1.19,0,68.7,49.8,52.8,56.1,0,0,3,0,0.0,0.0,42.4,0.0,0,0,0,1,0,0,0.0,-2,-0.7
2024,5,False,passing,pff,Nick Mullens,12282,QB,MIN,18,1,100.0,1,1,22.0,2.1,0,0,0.0,100.0,1,0,1,0.0,1,0,2.53,1,60.4,76.6,74.8,,0,0,1,0,100.0,0.0,118.8,0.0,0,0,0,0,0,0,0.0,24,24.0
2024,5,False,passing,pff,Jameis Winston,9434,QB,CLV,8,1,100.0,1,1,-2.0,1.7,0,0,0.0,100.0,1,0,0,0.0,1,0,3.01,1,64.5,51.8,60.4,56.9,0,0,1,0,100.0,,118.8,0.0,0,0,0,0,0,0,0.0,16,16.0
2024,5,False,passing,pff,Darnell Mooney,48236,WR,ATL,2,1,,0,1,,4.2,0,0,0.0,0.0,0,0,1,,1,0,-0.4,0,71.1,60.2,60.0,,0,0,1,0,0.0,0.0,39.6,0.0,0,0,0,1,0,0,0.0,0,0.0
2024,5,False,passing,pff,Adonai Mitchell,146712,WR,IND,14,1,100.0,1,1,-6.0,3.5,0,0,0.0,100.0,1,0,0,0.0,1,0,1.47,1,69.1,64.5,60.0,56.2,0,0,1,0,100.0,,118.8,0.0,0,0,0,0,0,0,0.0,24,24.0
2024,5,False,passing,pff,Kyle Allen,26152,QB,PIT,25,1,100.0,1,1,13.0,2.2,0,0,0.0,100.0,1,0,0,0.0,1,0,1.19,1,60.4,73.2,71.6,,0,0,1,0,100.0,,118.8,0.0,0,0,0,0,0,0,0.0,19,19.0
2024,6,False,passing,pff,Geno Smith,7820,QB,SEA,29,1,66.7,48,52,10.5,2.9,0,3,5.4,57.7,30,0,24,6.3,53,2,0.03,18,81.5,66.3,66.7,53.9,1,2,58,0,45.3,4.2,65.5,1.9,1,0,1,2,1,2,3.4,312,6.0
2024,6,False,passing,pff,Daniel Jones,39395,QB,NYG,21,1,70.6,34,41,7.5,2.48,3,0,0.0,53.7,22,0,14,8.3,45,2,-0.42,11,81.8,54.5,48.2,71.9,0,1,50,0,44.4,14.3,57.5,4.4,2,2,2,2,0,1,2.0,205,5.0
2024,6,False,passing,pff,Spencer Rattler,97408,QB,NO,20,1,71.4,35,40,8.2,3.01,1,1,2.3,55.0,22,0,18,12.0,48,3,-0.36,14,33.5,64.8,64.7,57.9,2,2,51,0,39.6,27.8,60.7,10.4,5,3,0,2,1,2,3.9,243,6.1
2024,6,False,passing,pff,Aidan O'Connell,60516,QB,LV,23,1,77.1,35,40,5.3,2.67,1,0,0.0,67.5,27,0,7,0.0,41,0,-0.1,11,79.6,38.6,39.1,,2,1,44,0,51.2,14.3,79.9,2.4,1,0,0,2,1,2,4.5,227,5.7
2024,6,False,passing,pff,Joe Flacco,4332,QB,IND,14,1,62.9,35,38,8.9,2.36,0,1,2.4,57.9,22,0,9,0.0,40,0,0.0,11,79.6,55.4,55.5,58.3,0,1,44,0,40.0,0.0,77.6,0.0,0,1,0,3,2,1,2.3,189,5.0
2024,6,False,passing,pff,Andy Dalton,6187,QB,CAR,5,1,80.6,36,38,7.3,2.88,1,1,2.4,68.4,26,0,12,10.3,40,3,-0.22,13,79.8,59.2,58.2,61.3,0,2,44,0,42.5,0.0,78.9,0.0,0,2,0,1,2,2,4.5,221,5.8
2024,6,False,passing,pff,Baker Mayfield,46518,QB,TB,30,1,72.2,36,36,5.8,2.85,0,0,0.0,66.7,24,0,8,7.7,41,2,0.21,16,79.8,56.6,51.7,82.6,0,3,45,1,53.7,12.5,97.6,2.4,1,3,0,0,4,2,4.4,325,9.0
2024,6,False,passing,pff,Aaron Rodgers,2241,QB,NYJ,22,1,81.3,32,35,9.0,2.71,2,2,5.3,65.7,23,0,6,11.5,38,3,0.29,12,79.0,80.3,80.4,,1,1,41,1,44.7,50.0,99.0,7.9,3,0,0,0,2,0,0.0,294,8.4
2024,6,False,passing,pff,Trevor Lawrence,77632,QB,JAX,15,1,79.4,34,35,9.5,2.62,0,1,2.8,65.7,23,0,15,14.8,41,4,0.0,15,79.5,77.6,76.9,60.5,0,1,42,0,48.8,20.0,91.8,7.3,3,3,0,1,2,1,2.4,234,6.7
2024,6,False,passing,pff,Jayden Daniels,97993,QB,WAS,32,1,80.6,31,35,8.5,3.06,1,0,0.0,68.6,24,0,17,4.0,43,1,0.12,17,80.3,78.6,80.9,55.3,0,0,45,0,46.5,17.6,110.3,7.0,3,4,0,3,2,1,2.2,269,7.7
2024,6,False,passing,pff,Justin Herbert,28237,QB,LAC,27,1,75.0,28,34,9.1,2.79,2,1,2.7,61.8,21,0,15,0.0,38,0,0.26,10,29.3,62.9,62.6,57.7,0,0,41,0,36.8,20.0,92.4,7.9,3,1,0,4,1,2,4.9,237,7.0
2024,6,False,passing,pff,Drake Maye,143969,QB,NE,19,1,70.0,30,33,5.8,3.07,0,1,2.8,60.6,20,0,14,4.8,42,1,-0.22,15,29.5,60.7,58.0,72.0,1,2,45,1,45.2,28.6,88.3,9.5,4,5,0,2,3,2,4.4,243,7.4
2024,6,False,passing,pff,Dak Prescott,10769,QB,DAL,9,1,59.4,32,33,9.0,2.64,0,2,5.6,51.5,17,0,18,10.5,38,2,-0.69,6,79.3,56.4,56.9,58.3,0,2,42,0,23.7,22.2,42.2,10.5,4,1,0,1,0,3,7.1,178,5.4
2024,6,False,passing,pff,Bo Nix,97790,QB,DEN,10,1,72.4,29,33,11.9,4.13,2,1,2.8,57.6,19,0,19,9.5,41,2,0.11,15,79.6,78.7,71.1,87.1,1,1,44,1,46.3,10.5,84.9,4.9,2,6,0,1,2,0,0.0,216,6.5
2024,6,False,passing,pff,Jordan Love,40306,QB,GB,12,1,75.9,29,32,6.9,2.71,1,1,2.9,68.8,22,0,11,0.0,36,0,0.48,17,79.2,72.1,69.5,66.7,1,1,38,0,61.1,0.0,119.5,0.0,0,3,0,1,4,0,0.0,258,8.1
2024,6,False,passing,pff,Kyler Murray,38334,QB,ARZ,1,1,71.0,31,32,6.1,2.81,0,0,0.0,68.8,22,0,8,0.0,36,0,-0.06,8,79.3,55.7,61.7,49.4,0,0,39,1,55.6,0.0,97.7,0.0,0,4,0,1,1,0,0.0,214,6.7
2024,6,False,passing,pff,C.J. Stroud,129759,QB,HST,13,1,72.4,29,31,9.2,2.8,0,0,0.0,64.5,20,0,11,4.8,34,1,0.14,14,79.0,76.8,73.8,66.4,1,1,38,0,50.0,18.2,100.5,5.9,2,1,0,1,3,0,0.0,192,6.2
2024,6,False,passing,pff,Kirk Cousins,7102,QB,ATL,2,1,70.4,27,30,7.3,2.45,2,0,0.0,63.3,19,0,8,0.0,30,0,0.15,11,78.5,68.7,67.4,61.0,0,0,31,0,46.7,0.0,97.2,0.0,0,0,0,1,1,1,3.2,225,7.5
2024,6,False,passing,pff,Caleb Williams,144622,QB,CHI,6,1,95.8,24,29,5.7,3.06,2,2,6.1,79.3,23,0,13,0.0,34,0,0.42,16,79.3,87.9,82.8,76.2,0,1,39,0,61.8,23.1,124.4,8.8,3,2,0,3,4,1,2.6,226,7.8
2024,6,False,passing,pff,Joe Burrow,28022,QB,CIN,7,1,95.5,22,28,5.9,2.95,1,1,3.6,67.9,19,0,14,9.5,35,2,0.19,12,78.7,82.3,76.6,82.6,2,0,35,1,51.4,28.6,89.6,11.4,4,2,0,3,0,0,0.0,208,7.4
2024,6,False,passing,pff,Brock Purdy,77672,QB,SF,28,1,66.7,27,28,7.3,3.23,0,1,3.3,64.3,18,0,17,0.0,31,0,0.45,12,78.2,76.5,74.0,67.7,0,0,33,0,51.6,0.0,129.3,0.0,0,3,0,1,3,0,0.0,255,9.1
2024,6,False,passing,pff,Will Levis,83542,QB,TEN,31,1,64.0,25,27,9.0,2.58,1,0,0.0,59.3,16,0,8,0.0,30,0,-0.23,8,77.7,54.1,52.8,61.4,1,1,32,1,30.0,0.0,63.0,0.0,0,3,0,0,1,1,3.1,95,3.5
2024,6,False,passing,pff,Lamar Jackson,46416,QB,BLT,3,1,80.0,25,26,10.5,3.05,0,0,0.0,76.9,20,0,11,0.0,30,0,0.27,16,79.9,82.3,81.1,66.5,0,1,33,0,60.0,18.2,114.7,6.7,2,2,0,1,1,0,0.0,323,12.4
2024,6,False,passing,pff,Jared Goff,10635,QB,DET,11,1,79.2,24,25,9.8,2.63,0,1,3.7,72.0,18,0,9,5.3,29,1,0.57,13,77.8,72.3,73.3,54.9,1,0,31,1,51.7,22.2,153.8,6.9,2,2,0,0,3,0,0.0,315,12.6
2024,6,False,passing,pff,Josh Allen,46601,QB,BUF,4,1,82.6,23,25,8.7,2.93,0,3,9.4,76.0,19,0,12,0.0,30,0,0.33,10,27.5,72.8,72.3,62.3,0,0,37,0,53.3,16.7,127.9,6.7,2,3,0,2,2,1,2.7,215,8.6
2024,6,False,passing,pff,Jalen Hurts,40291,QB,PHI,24,1,66.7,24,25,10.6,2.51,0,1,4.0,64.0,16,0,12,0.0,27,0,0.23,11,79.9,73.0,62.7,80.0,0,0,27,0,51.9,8.3,126.1,3.7,1,0,0,1,2,0,0.0,264,10.6
2024,6,False,passing,pff,Justin Fields,82118,QB,PIT,25,1,69.6,23,24,9.4,3.39,0,0,0.0,58.3,14,0,20,12.5,33,2,0.16,8,79.4,57.3,45.5,83.2,0,0,36,3,42.4,15.0,75.9,9.1,3,5,0,1,0,2,5.6,145,6.0
2024,6,False,passing,pff,Deshaun Watson,11767,QB,CLV,8,1,77.3,22,23,5.9,2.66,0,0,0.0,69.6,16,0,15,5.9,30,1,0.03,7,78.4,49.6,49.4,62.3,0,0,33,1,40.0,33.3,90.5,16.7,5,2,0,1,0,1,3.0,168,7.3
2024,6,False,passing,pff,Cooper Rush,12324,QB,DAL,9,1,72.7,11,11,4.6,2.38,0,0,0.0,72.7,8,0,2,0.0,11,0,-0.8,4,72.6,40.2,42.6,60.0,0,1,11,0,45.5,0.0,42.2,0.0,0,0,0,0,0,1,9.1,46,4.2
2024,6,False,passing,pff,Hendon Hooker,60593,QB,DET,11,1,50.0,2,2,4.5,3.23,0,0,0.0,50.0,1,0,2,0.0,3,0,-1.21,1,67.4,60.3,59.3,60.0,0,0,3,0,33.3,50.0,83.3,33.3,1,0,0,0,0,0,0.0,19,9.5
2024,6,False,passing,pff,Davis Mills,52269,QB,HST,13,1,,0,1,,1.4,1,0,0.0,0.0,0,0,0,,1,0,-0.68,0,60.4,59.2,60.0,,0,0,1,0,0.0,,39.6,0.0,0,0,0,0,0,0,0.0,0,0.0
2024,6,False,passing,pff,Mac Jones,60323,QB,JAX,15,1,100.0,1,1,5.0,2.6,0,0,0.0,100.0,1,0,1,0.0,2,0,-1.21,0,63.6,58.9,58.9,,0,0,2,0,50.0,100.0,91.7,50.0,1,0,0,0,0,0,0.0,6,6.0
2024,7,False,passing,pff,Baker Mayfield,46518,QB,TB,30,1,73.3,45,45,8.9,2.87,0,4,8.5,68.9,31,0,12,6.1,52,2,0.15,20,35.9,58.6,63.4,44.4,0,2,56,1,51.9,25.0,97.5,5.8,3,4,0,0,3,4,7.1,370,8.2
2024,7,False,passing,pff,Mason Rudolph,46569,QB,TEN,31,1,73.7,38,40,5.6,2.7,0,0,0.0,62.5,25,0,17,10.7,44,3,-0.07,13,30.6,46.3,55.0,28.7,0,1,47,0,43.2,17.6,74.5,6.8,3,1,1,1,1,2,4.3,215,5.4
2024,7,False,passing,pff,Justin Herbert,28237,QB,LAC,27,1,83.8,37,39,8.9,3.06,0,4,9.8,69.2,27,0,14,12.9,44,4,0.15,14,79.9,89.7,89.7,54.6,0,0,46,0,43.2,21.4,97.1,6.8,3,2,1,1,0,0,0.0,349,8.9
2024,7,False,passing,pff,Aaron Rodgers,2241,QB,NYJ,22,1,75.0,36,39,5.7,2.37,3,1,2.5,61.5,24,0,8,11.1,40,3,-0.06,13,79.2,67.4,66.4,,0,2,41,0,45.0,12.5,70.0,2.5,1,0,0,0,1,1,2.4,276,7.1
2024,7,False,passing,pff,Drake Maye,143969,QB,NE,19,1,72.2,36,37,8.0,2.74,0,2,4.9,70.3,26,0,17,0.0,42,0,0.29,14,80.0,53.2,54.8,52.6,0,0,47,0,42.9,11.8,109.7,4.8,2,3,0,1,2,3,6.4,276,7.5
2024,7,False,passing,pff,Kirk Cousins,7102,QB,ATL,2,1,73.5,34,35,7.4,2.63,1,0,0.0,68.6,24,0,14,4.0,38,1,-0.32,12,28.5,54.9,54.4,60.0,0,2,40,0,50.0,21.4,72.6,7.9,3,0,0,0,1,3,7.5,232,6.6
2024,7,False,passing,pff,Spencer Rattler,97408,QB,NO,20,1,77.1,35,35,7.3,2.69,0,0,0.0,71.4,25,0,20,7.4,44,2,-0.65,6,19.8,42.1,41.1,59.7,0,0,47,0,31.8,30.0,82.1,13.6,6,3,0,0,0,3,6.4,172,4.9
2024,7,False,passing,pff,Gardner Minshew,41401,QB,LV,23,1,60.0,25,34,6.0,2.66,1,0,0.0,44.1,15,0,15,0.0,36,0,-0.62,9,28.4,28.0,29.1,58.3,1,3,38,1,27.8,13.3,21.0,5.6,2,0,0,7,0,3,7.9,154,4.5
2024,7,False,passing,pff,Jordan Love,40306,QB,GB,12,1,81.3,32,33,9.2,2.19,0,3,8.6,72.7,24,0,11,7.7,37,2,-0.07,12,78.9,72.2,70.9,,1,2,39,0,48.6,27.3,95.5,8.1,3,0,0,0,3,2,5.1,220,6.7
2024,7,False,passing,pff,Josh Allen,46601,QB,BUF,4,1,71.0,31,33,9.2,2.55,1,2,6.1,63.6,21,0,10,4.5,35,1,0.25,14,78.9,77.3,80.4,48.8,0,0,35,0,54.3,10.0,116.1,2.9,1,1,0,1,2,0,0.0,323,9.8
2024,7,False,passing,pff,Brock Purdy,77672,QB,SF,28,1,64.3,28,31,10.4,2.77,1,2,5.6,54.8,17,0,12,5.6,37,1,-0.28,9,79.9,54.6,48.0,74.3,1,3,42,0,45.9,8.3,36.7,2.7,1,5,0,1,0,3,7.1,212,6.8
2024,7,False,passing,pff,Russell Wilson,7077,QB,PIT,25,1,64.0,25,29,9.2,3.02,1,1,3.2,55.2,16,0,13,0.0,31,0,0.3,12,78.4,64.1,60.7,68.1,1,0,33,0,38.7,7.7,109.0,3.2,1,1,0,2,2,0,0.0,264,9.1
2024,7,False,passing,pff,Geno Smith,7820,QB,SEA,29,1,73.1,26,28,11.8,3.08,0,2,6.5,64.3,18,1,13,5.3,32,1,0.15,11,27.7,69.3,78.9,29.7,0,0,35,2,53.1,7.7,110.3,3.1,1,3,0,2,2,0,0.0,207,7.4
2024,7,False,passing,pff,Patrick Mahomes,11765,QB,KC,16,1,68.0,25,27,8.8,2.73,0,0,0.0,59.3,16,0,10,5.9,32,1,-0.01,14,78.4,69.7,61.3,82.6,0,2,33,0,53.1,20.0,44.4,6.3,2,3,0,2,0,0,0.0,154,5.7
2024,7,False,passing,pff,Sam Darnold,29048,QB,MIN,18,1,88.5,26,27,8.3,3.28,0,4,12.1,81.5,22,0,12,4.3,35,1,0.22,11,79.3,76.4,74.1,67.7,0,1,42,0,48.6,33.3,103.5,11.4,4,4,0,1,1,1,2.4,259,9.6
2024,7,False,passing,pff,Bo Nix,97790,QB,DEN,10,1,70.8,24,26,7.3,3.68,1,0,0.0,61.5,16,0,10,5.9,33,1,-0.01,9,79.1,59.1,60.5,55.6,0,0,36,1,42.4,0.0,79.6,0.0,0,7,0,1,0,1,2.8,164,6.3
2024,7,False,passing,pff,Kyler Murray,38334,QB,ARZ,1,1,66.7,24,26,5.9,2.77,1,0,0.0,53.8,14,0,9,12.5,30,2,0.16,12,78.5,68.9,60.1,89.0,0,1,32,2,46.7,0.0,67.0,0.0,0,3,0,1,1,0,0.0,145,5.6
2024,7,False,passing,pff,Jared Goff,10635,QB,DET,11,1,95.7,23,25,7.6,2.52,2,1,4.0,88.0,22,0,17,0.0,29,0,0.4,15,19.5,81.4,80.0,60.0,0,0,29,0,55.2,23.5,140.0,13.8,4,0,0,0,2,2,6.9,280,11.2
2024,7,False,passing,pff,Joe Burrow,28022,QB,CIN,7,1,66.7,24,25,10.3,2.59,0,1,3.8,60.0,15,0,12,6.3,28,1,-0.2,8,78.0,67.5,66.4,60.5,0,0,29,1,42.9,25.0,108.9,10.7,3,0,0,1,2,0,0.0,181,7.2
2024,7,False,passing,pff,Anthony Richardson,124393,QB,IND,14,1,55.0,20,24,10.4,3.17,0,2,8.0,41.7,10,0,12,9.1,29,1,-0.11,7,28.7,45.6,56.1,38.3,3,0,30,0,31.0,0.0,59.2,0.0,0,5,0,1,0,0,0.0,129,5.4
2024,7,False,passing,pff,Dorian Thompson-Robinson,83574,QB,CLV,8,1,63.2,19,24,5.6,2.48,1,0,0.0,45.8,11,0,9,8.3,26,1,-0.85,3,26.7,44.7,33.0,88.5,1,2,29,1,26.9,11.1,19.8,3.8,1,0,0,3,0,2,6.9,82,3.4
2024,7,False,passing,pff,Matthew Stafford,4924,QB,LA,26,1,70.0,20,23,6.9,2.06,1,1,4.0,60.9,14,0,5,0.0,24,0,-0.33,6,77.1,48.9,47.9,60.0,1,1,26,0,50.0,20.0,62.6,4.2,1,0,0,1,0,1,3.8,154,6.7
2024,7,False,passing,pff,Marcus Mariota,9435,QB,WAS,32,1,87.0,23,23,10.7,3.46,0,3,11.1,78.3,18,0,6,10.0,26,2,0.47,14,79.3,88.7,90.2,62.9,0,0,30,0,61.5,16.7,132.8,3.8,1,2,0,0,2,0,0.0,205,8.9
2024,7,False,passing,pff,Lamar Jackson,46416,QB,BLT,3,1,90.0,20,22,9.2,2.73,1,2,8.3,77.3,17,0,10,5.6,28,1,0.78,14,28.2,92.7,86.8,86.4,0,0,30,0,67.9,20.0,158.1,7.1,2,3,0,1,5,0,0.0,281,12.8
2024,7,False,passing,pff,C.J. Stroud,129759,QB,HST,13,1,61.1,18,21,7.1,3.27,0,1,4.2,47.6,10,0,15,9.1,29,1,-0.43,8,78.0,62.7,59.5,66.3,1,0,32,0,31.0,26.7,58.8,13.8,4,4,0,2,0,0,0.0,86,4.1
2024,7,False,passing,pff,Daniel Jones,39395,QB,NYG,21,1,73.7,19,21,6.2,2.96,0,0,0.0,66.7,14,0,14,0.0,30,0,-0.56,6,78.6,62.8,61.2,63.3,0,0,33,0,30.0,50.0,77.3,23.3,7,2,1,1,0,1,3.0,99,4.7
2024,7,False,passing,pff,Trevor Lawrence,77632,QB,JAX,15,1,84.2,19,20,7.2,2.36,1,0,0.0,75.0,15,0,4,6.3,21,1,0.56,10,76.2,86.2,81.9,71.0,0,0,23,0,57.1,0.0,121.5,0.0,0,1,0,0,1,0,0.0,193,9.7
2024,7,False,passing,pff,Deshaun Watson,11767,QB,CLV,8,1,94.1,17,17,6.4,3.12,0,1,5.6,88.2,15,0,6,6.3,19,1,0.06,5,75.8,77.9,78.1,59.6,0,0,20,0,57.9,33.3,98.0,10.5,2,0,0,0,0,0,0.0,128,7.5
2024,7,False,passing,pff,Andy Dalton,6187,QB,CAR,5,1,73.3,15,16,4.5,2.89,0,0,0.0,68.8,11,0,10,0.0,20,0,-0.96,5,75.5,50.9,51.1,57.8,0,2,20,0,35.0,20.0,44.0,10.0,2,1,0,1,0,1,5.0,93,5.8
2024,7,False,passing,pff,Jalen Hurts,40291,QB,PHI,24,1,90.9,11,14,9.4,3.6,1,1,7.1,71.4,10,0,10,0.0,21,0,0.07,8,77.0,78.2,75.9,68.1,0,0,21,0,42.9,40.0,119.3,19.0,4,3,0,2,1,0,0.0,114,8.1
2024,7,False,passing,pff,Tim Boyle,21956,QB,MIA,17,1,72.7,11,13,5.6,2.16,0,0,0.0,61.5,8,0,2,0.0,14,0,-0.09,4,73.2,60.6,57.3,63.3,0,0,14,0,57.1,0.0,77.1,0.0,0,1,1,1,0,0,0.0,74,5.7
2024,7,False,passing,pff,Tyler Huntley,46448,QB,MIA,17,1,72.7,11,13,9.6,3.33,0,1,7.1,53.8,7,0,7,12.5,18,1,-0.12,6,75.6,77.6,75.8,66.1,0,0,19,1,38.9,28.6,100.5,11.1,2,3,0,2,1,0,0.0,87,6.7
2024,7,False,passing,pff,Jameis Winston,9434,QB,CLV,8,1,70.0,10,11,14.0,2.54,1,1,8.3,45.5,5,0,2,28.6,12,2,0.41,4,72.8,84.1,82.0,,0,0,13,0,33.3,50.0,95.6,8.3,1,0,0,0,1,0,0.0,67,6.1
2024,7,False,passing,pff,Aidan O'Connell,60516,QB,LV,23,1,66.7,9,10,9.0,2.78,0,0,0.0,60.0,6,0,4,0.0,10,0,-0.03,3,71.4,54.2,54.2,,0,0,10,1,60.0,0.0,73.8,0.0,0,0,0,1,0,0,0.0,52,5.2
2024,7,False,passing,pff,Drew Lock,39517,QB,NYG,21,1,42.9,7,8,10.0,2.67,1,0,0.0,37.5,3,0,2,0.0,10,0,-0.69,1,18.1,26.8,24.7,65.9,0,0,10,0,10.0,50.0,45.8,10.0,1,1,0,0,0,2,20.0,6,0.8
2024,7,False,passing,pff,Jake Haener,60596,QB,NO,20,1,100.0,4,4,7.3,2.03,0,0,0.0,75.0,3,0,1,25.0,4,1,0.78,2,68.0,58.5,58.6,,0,0,5,0,75.0,0.0,143.8,0.0,0,0,0,0,1,0,0.0,38,9.5
2024,7,False,passing,pff,Bryce Young,123943,QB,CAR,5,1,100.0,2,2,-3.5,2.5,0,0,0.0,100.0,2,0,0,0.0,2,0,-1.3,0,63.6,62.4,61.9,,0,0,2,0,0.0,,79.2,0.0,0,0,0,0,0,0,0.0,-4,-2.0
2024,7,False,passing,pff,Jayden Daniels,97993,QB,WAS,32,1,100.0,2,2,-1.0,1.6,0,0,0.0,100.0,2,0,0,0.0,2,0,-0.57,0,69.1,65.4,62.0,63.2,0,0,2,0,0.0,,79.2,0.0,0,0,0,0,0,0,0.0,6,3.0
2024,7,False,passing,pff,Jaxon Smith-Njigba,129758,WR,SEA,29,1,100.0,1,1,33.0,3.8,0,0,0.0,100.0,1,0,1,0.0,1,0,2.36,1,67.0,53.6,59.7,,0,0,1,0,100.0,0.0,118.8,0.0,0,0,0,0,0,0,0.0,35,35.0
2024,7,False,passing,pff,Kenny Pickett,60515,QB,PHI,24,1,,0,1,,2.85,0,0,0.0,0.0,0,0,2,,2,0,-1.72,0,66.1,54.0,56.0,59.5,1,0,2,0,0.0,50.0,39.6,50.0,1,0,0,0,0,0,0.0,0,0.0
2024,7,False,passing,pff,Michael Penix Jr.,82134,QB,ATL,2,1,100.0,1,1,3.0,1.8,0,0,0.0,100.0,1,0,0,0.0,1,0,2.34,1,60.4,73.0,70.8,,0,0,1,0,100.0,,118.8,0.0,0,0,0,0,0,0,0.0,14,14.0
2024,8,False,passing,pff,Baker Mayfield,46518,QB,TB,30,1,80.4,46,50,7.8,2.6,1,2,3.9,74.0,37,0,6,0.0,51,0,0.25,17,34.8,70.2,71.0,54.4,0,2,53,0,54.9,0.0,94.6,0.0,0,1,1,2,3,2,3.8,330,6.6
2024,8,False,passing,pff,Jameis Winston,9434,QB,CLV,8,1,73.0,37,41,11.7,2.41,3,2,4.7,65.9,27,0,10,0.0,43,0,0.26,16,29.7,78.5,74.9,70.7,0,0,45,0,51.2,20.0,115.3,4.7,2,0,0,1,3,3,6.7,334,8.1
2024,8,False,passing,pff,Mason Rudolph,46569,QB,TEN,31,1,62.2,37,38,10.3,2.7,0,2,4.7,57.9,22,0,16,4.3,42,1,-0.25,14,80.2,55.1,48.3,85.6,1,2,47,0,45.2,6.3,66.3,2.4,1,3,0,0,1,2,4.3,266,7.0
2024,8,False,passing,pff,Dak Prescott,10769,QB,DAL,9,1,74.3,35,38,9.8,2.8,0,2,4.9,65.8,25,0,15,3.8,41,1,-0.09,13,79.8,62.1,61.4,60.0,2,2,44,0,41.5,13.3,79.2,4.9,2,0,0,1,2,3,6.8,243,6.4
2024,8,False,passing,pff,Jayden Daniels,97993,QB,WAS,32,1,72.7,33,38,12.5,3.48,0,3,7.5,55.3,21,1,21,12.5,47,3,0.3,17,80.5,80.8,72.0,86.5,0,0,49,1,55.3,9.5,92.7,4.3,2,7,0,5,1,0,0.0,326,8.6
2024,8,False,passing,pff,Patrick Mahomes,11765,QB,KC,16,1,85.3,34,38,7.4,2.78,0,0,0.0,71.1,27,0,11,6.9,42,2,0.38,19,80.2,84.6,81.6,69.3,1,1,44,0,57.1,9.1,96.6,2.4,1,3,1,2,2,0,0.0,262,6.9
2024,8,False,passing,pff,Daniel Jones,39395,QB,NYG,21,1,77.8,36,38,8.5,2.54,0,2,4.8,63.2,24,0,23,14.3,43,4,-0.09,10,45.9,64.4,65.1,60.9,1,1,47,2,39.5,17.4,72.7,9.3,4,1,0,1,0,2,4.3,264,6.9
2024,8,False,passing,pff,Tua Tagovailoa,60326,QB,MIA,17,1,83.3,36,38,5.9,2.22,2,1,2.6,73.7,28,1,6,6.7,40,2,0.23,16,21.6,65.0,70.3,37.1,0,0,41,1,50.0,16.7,97.9,2.5,1,1,0,0,1,1,2.4,234,6.2
2024,8,False,passing,pff,Lamar Jackson,46416,QB,BLT,3,1,78.8,33,38,11.1,3.3,1,1,2.4,60.5,23,0,21,11.5,43,3,0.24,16,81.2,81.7,72.9,84.7,1,0,47,0,48.8,14.3,101.8,7.0,3,2,2,1,2,2,4.3,289,7.6
2024,8,False,passing,pff,Joe Burrow,28022,QB,CIN,7,1,80.0,35,37,8.3,2.58,1,1,2.7,70.3,26,0,10,7.1,40,2,0.03,16,79.3,86.6,81.7,74.9,0,1,40,0,52.5,10.0,84.7,2.5,1,2,0,1,1,1,2.5,234,6.3
2024,8,False,passing,pff,Bryce Young,123943,QB,CAR,5,1,73.5,34,37,8.6,2.74,0,2,5.1,64.9,24,0,15,4.0,41,1,-0.12,11,79.7,54.0,59.6,49.8,0,2,43,2,41.5,13.3,76.9,4.9,2,2,0,3,2,2,4.7,224,6.1
2024,8,False,passing,pff,C.J. Stroud,129759,QB,HST,13,1,74.3,35,37,7.8,2.74,0,2,5.1,67.6,25,0,18,3.8,40,1,0.1,15,41.6,73.0,76.1,53.2,1,0,42,0,50.0,11.1,99.5,5.0,2,0,0,1,1,0,0.0,285,7.7
2024,8,False,passing,pff,Bo Nix,97790,QB,DEN,10,1,83.3,36,37,10.8,2.9,0,2,5.4,75.7,28,0,6,6.7,40,2,0.07,15,79.9,87.2,85.3,65.9,0,0,40,0,52.5,33.3,124.2,5.0,2,1,0,1,3,0,0.0,284,7.7
2024,8,False,passing,pff,Kyler Murray,38334,QB,ARZ,1,1,89.7,29,36,9.9,3.13,3,3,7.9,72.2,26,0,9,0.0,37,0,0.46,15,29.1,85.4,84.4,63.2,0,0,39,0,64.9,0.0,116.3,0.0,0,1,0,4,2,2,5.1,307,8.5
2024,8,False,passing,pff,Josh Allen,46601,QB,BUF,4,1,80.6,31,34,6.8,2.59,1,3,8.1,70.6,24,0,8,4.0,38,1,0.31,13,21.7,64.1,62.7,67.6,0,1,42,1,50.0,12.5,102.9,2.6,1,2,0,2,2,2,4.8,283,8.3
2024,8,False,passing,pff,Matthew Stafford,4924,QB,LA,26,1,81.8,33,34,8.8,2.53,1,2,5.1,73.5,25,0,8,7.4,34,2,0.49,16,79.5,82.9,81.5,60.5,0,1,39,0,52.9,0.0,124.5,0.0,0,0,0,0,4,1,2.6,279,8.2
2024,8,False,passing,pff,Justin Herbert,28237,QB,LAC,27,1,82.1,28,32,8.9,3.35,1,5,14.7,62.5,20,0,11,13.0,38,3,0.21,13,79.4,95.3,93.6,78.2,2,0,41,0,42.1,27.3,111.3,7.9,3,3,0,1,2,0,0.0,279,8.7
2024,8,False,passing,pff,Trevor Lawrence,77632,QB,JAX,15,1,72.4,29,32,10.1,2.45,1,4,12.1,65.6,21,0,9,0.0,35,0,0.07,14,28.3,74.5,72.3,65.8,0,1,36,0,54.3,11.1,104.7,2.9,1,1,0,2,2,3,8.3,308,9.6
2024,8,False,passing,pff,Anthony Richardson,124393,QB,IND,14,1,44.4,27,32,16.5,3.08,1,4,12.1,31.3,10,1,18,16.7,39,2,-0.07,9,29.1,55.4,55.2,58.1,3,1,40,1,25.6,27.8,48.3,12.8,5,2,1,0,1,1,2.5,175,5.5
2024,8,False,passing,pff,Gardner Minshew,41401,QB,LV,23,1,96.0,25,30,5.6,2.32,2,0,0.0,80.0,24,0,14,0.0,36,0,0.14,13,28.1,77.3,77.0,57.9,0,0,38,0,58.3,35.7,117.9,13.9,5,1,2,1,2,1,2.6,209,7.0
2024,8,False,passing,pff,Kirk Cousins,7102,QB,ATL,2,1,92.6,27,29,6.7,2.48,0,3,10.0,79.3,23,0,10,8.0,31,2,0.54,11,78.2,90.9,88.3,72.6,1,0,32,0,61.3,10.0,145.9,3.2,1,1,0,1,4,0,0.0,276,9.5
2024,8,False,passing,pff,Geno Smith,7820,QB,SEA,29,1,84.0,25,29,3.8,2.89,2,0,0.0,72.4,21,0,11,0.0,32,0,-0.02,14,78.9,72.7,74.0,68.8,0,1,36,2,56.3,9.1,78.5,3.1,1,2,0,2,0,0,0.0,212,7.3
2024,8,False,passing,pff,Aaron Rodgers,2241,QB,NYJ,22,1,72.0,25,28,10.9,2.97,0,3,9.1,60.7,17,0,9,5.6,29,1,0.15,12,78.1,75.8,74.6,,0,0,34,1,48.3,11.1,111.2,3.4,1,0,0,3,2,0,0.0,233,8.3
2024,8,False,passing,pff,Russell Wilson,7077,QB,PIT,25,1,77.8,27,28,10.7,2.93,0,2,6.9,71.4,20,0,10,4.8,34,1,0.11,12,27.8,66.2,68.7,48.6,0,0,35,0,50.0,40.0,114.9,11.8,4,1,1,0,1,1,2.9,278,9.9
2024,8,False,passing,pff,Brock Purdy,77672,QB,SF,28,1,83.3,24,26,8.0,2.97,1,0,0.0,69.2,18,0,11,10.0,34,2,0.22,12,26.1,70.0,58.5,85.6,0,0,35,0,52.9,18.2,114.3,5.9,2,5,0,1,1,1,2.9,260,10.0
2024,8,False,passing,pff,Sam Darnold,29048,QB,MIN,18,1,82.6,23,25,10.2,3.1,0,1,4.0,72.0,18,0,13,5.3,29,1,0.33,14,77.7,83.4,81.8,62.9,0,0,29,0,62.1,23.1,128.8,10.3,3,1,0,2,2,0,0.0,240,9.6
2024,8,False,passing,pff,Caleb Williams,144622,QB,CHI,6,1,50.0,20,24,13.0,3.47,0,1,3.7,41.7,10,0,20,0.0,33,0,-0.36,7,79.1,57.7,56.1,65.6,1,0,36,1,33.3,15.0,59.5,9.1,3,5,0,3,0,0,0.0,131,5.5
2024,8,False,passing,pff,Spencer Rattler,97408,QB,NO,20,1,77.8,18,24,5.8,2.57,1,0,0.0,50.0,12,0,7,14.3,27,2,-0.17,5,77.2,66.9,66.0,,1,0,29,0,33.3,42.9,70.8,11.1,3,0,0,4,0,0,0.0,156,6.5
2024,8,False,passing,pff,Jacoby Brissett,10725,QB,NE,19,1,73.9,23,24,7.7,2.77,0,2,7.7,62.5,15,0,8,11.8,26,2,0.13,7,26.4,64.3,69.2,44.3,0,0,28,0,38.5,12.5,77.1,3.8,1,1,0,1,0,0,0.0,132,5.5
2024,8,False,passing,pff,Jordan Love,40306,QB,GB,12,1,75.0,20,22,10.1,2.85,0,1,4.2,63.6,14,0,3,6.7,22,1,0.13,8,76.4,74.6,73.3,60.0,0,1,24,0,45.5,0.0,73.3,0.0,0,0,0,2,0,1,4.2,196,8.9
2024,8,False,passing,pff,Jalen Hurts,40291,QB,PHI,24,1,89.5,19,20,10.0,2.7,0,1,5.0,80.0,16,0,3,5.9,22,1,0.59,11,78.6,89.7,80.0,83.7,0,0,24,0,59.1,0.0,132.5,0.0,0,1,0,1,1,1,4.2,236,11.8
2024,8,False,passing,pff,Jake Haener,60596,QB,NO,20,1,64.7,17,17,10.3,2.61,0,2,11.1,52.9,9,0,8,18.2,22,2,0.02,4,75.9,68.8,70.7,54.2,0,0,23,0,40.9,25.0,76.1,9.1,2,2,0,0,0,0,0.0,122,7.2
2024,8,False,passing,pff,Jared Goff,10635,QB,DET,11,1,85.7,14,15,3.9,2.62,0,1,6.3,80.0,12,0,6,0.0,19,0,-0.06,8,23.2,68.0,68.0,60.0,0,0,20,0,36.8,66.7,129.9,21.1,4,0,0,1,3,1,5.0,85,5.7
2024,8,False,passing,pff,Drake Maye,143969,QB,NE,19,1,83.3,6,6,14.3,3.18,0,1,14.3,50.0,3,0,3,40.0,10,2,0.24,4,71.9,93.6,81.8,90.4,0,0,11,0,50.0,33.3,59.7,10.0,1,3,0,0,0,0,0.0,23,3.8
2024,8,False,passing,pff,Malik Willis,60341,QB,GB,12,1,100.0,5,5,5.8,3.53,0,0,0.0,80.0,4,0,3,20.0,8,1,0.35,4,71.8,78.6,78.7,63.3,0,0,8,0,50.0,33.3,152.9,12.5,1,2,0,0,1,0,0.0,56,11.2
2024,8,False,passing,pff,Hendon Hooker,60593,QB,DET,11,1,66.7,3,3,2.3,2.2,0,0,0.0,66.7,2,0,1,0.0,3,0,-0.83,0,65.5,50.3,50.6,,0,0,3,0,0.0,0.0,70.1,0.0,0,0,0,0,0,0,0.0,6,2.0
2024,8,False,passing,pff,David Montgomery,45719,HB,DET,11,1,100.0,1,1,11.0,2.7,0,0,0.0,100.0,1,0,0,0.0,1,0,1.75,1,73.4,71.3,69.5,67.0,0,0,1,0,100.0,,118.8,0.0,0,0,0,0,1,0,0.0,3,3.0
2024,8,False,passing,pff,Riley Dixon,10862,P,DEN,10,1,100.0,1,1,-4.0,0.9,0,0,0.0,100.0,1,0,0,0.0,1,0,-2.66,0,60.4,61.3,60.4,,0,0,1,0,0.0,,79.2,0.0,0,0,0,0,0,0,0.0,3,3.0
2024,8,False,passing,pff,Johnny Hekker,7252,P,CAR,5,1,0.0,1,1,7.0,2.0,0,0,0.0,0.0,0,0,0,,1,0,-1.75,0,60.4,47.8,51.7,,0,0,1,0,0.0,,39.6,0.0,0,0,0,0,0,0,0.0,0,0.0
2024,8,False,passing,pff,Taysom Hill,12112,TE,NO,20,1,100.0,1,1,-4.0,3.8,0,0,0.0,100.0,1,0,1,0.0,1,0,-0.12,0,69.8,57.5,60.1,60.7,0,0,1,0,0.0,0.0,79.2,0.0,0,0,0,0,0,0,0.0,3,3.0
2024,8,False,passing,pff,Courtland Sutton,48164,WR,DEN,10,1,100.0,1,1,16.0,2.9,0,0,0.0,100.0,1,0,0,0.0,1,0,2.98,1,19.1,72.0,71.3,,0,0,1,0,100.0,,118.8,0.0,0,0,0,0,0,0,0.0,28,28.0
2024,9,False,passing,pff,Jameis Winston,9434,QB,CLV,8,1,69.8,43,46,9.7,2.68,2,2,4.2,56.5,26,0,16,13.3,56,4,-0.38,17,81.5,65.3,58.7,82.3,1,3,59,0,44.6,37.5,50.5,10.7,6,4,0,0,1,3,5.1,235,5.1
2024,9,False,passing,pff,Matthew Stafford,4924,QB,LA,26,1,63.4,41,44,10.3,2.8,0,3,6.3,56.8,25,0,15,3.8,44,1,0.01,13,30.0,60.0,62.4,60.0,1,1,48,0,47.7,0.0,83.3,0.0,0,0,0,2,2,4,8.3,298,6.8
2024,9,False,passing,pff,Patrick Mahomes,11765,QB,KC,16,1,83.3,42,44,6.8,2.63,0,2,4.5,77.3,34,0,12,2.9,51,1,0.15,20,80.5,88.2,86.0,64.1,0,0,51,0,51.0,33.3,116.8,7.8,4,2,0,2,3,0,0.0,291,6.6
2024,9,False,passing,pff,Caleb Williams,144622,QB,CHI,6,1,66.7,36,41,10.0,3.46,0,0,0.0,53.7,22,0,21,8.3,50,2,-0.29,10,81.0,57.9,60.3,47.6,0,0,54,0,30.0,28.6,68.9,12.0,6,3,0,5,0,0,0.0,217,5.3
2024,9,False,passing,pff,Drake Maye,143969,QB,NE,19,1,79.5,39,41,7.3,2.98,0,2,4.7,70.7,29,0,20,6.5,53,2,-0.01,15,34.2,65.8,51.6,91.7,0,2,56,0,43.4,20.0,69.8,7.5,4,7,1,1,1,4,7.1,206,5.0
2024,9,False,passing,pff,Joe Burrow,28022,QB,CIN,7,1,82.9,35,39,6.7,2.48,1,2,4.9,69.2,27,0,15,6.9,41,2,0.13,19,80.0,91.0,89.7,74.7,1,1,44,1,58.5,6.7,115.5,2.4,1,1,0,2,5,0,0.0,251,6.4
2024,9,False,passing,pff,Josh Allen,46601,QB,BUF,4,1,82.4,34,39,3.7,2.42,1,1,2.2,64.1,25,0,7,10.7,41,3,0.12,16,80.3,73.7,68.9,75.9,1,1,48,0,56.1,14.3,95.6,2.4,1,1,1,2,3,0,0.0,235,6.0
2024,9,False,passing,pff,Jordan Love,40306,QB,GB,12,1,77.8,36,39,9.9,2.94,0,2,4.8,59.0,23,0,13,17.9,39,5,-0.11,10,22.1,68.3,79.1,26.5,1,1,42,1,46.2,0.0,69.7,0.0,0,0,0,2,0,1,2.4,273,7.0
2024,9,False,passing,pff,Sam Darnold,29048,QB,MIN,18,1,90.3,31,34,7.7,2.84,0,2,5.6,82.4,28,0,13,0.0,39,0,-0.15,17,29.3,76.1,73.1,68.5,1,2,41,0,53.8,30.8,107.1,10.3,4,1,0,2,3,3,7.3,290,8.5
2024,9,False,passing,pff,Geno Smith,7820,QB,SEA,29,1,71.9,32,34,11.5,2.96,2,7,18.4,61.8,21,0,18,8.7,43,2,-0.15,15,32.5,76.2,81.8,39.4,0,3,48,0,44.2,38.9,90.7,16.3,7,2,0,0,3,2,4.2,363,10.7
2024,9,False,passing,pff,Mason Rudolph,46569,QB,TEN,31,1,88.5,26,33,10.3,2.7,0,1,2.9,60.6,20,0,12,13.0,38,3,0.09,14,28.9,71.8,73.7,58.0,0,1,39,2,52.6,8.3,90.5,2.6,1,2,0,7,2,0,0.0,240,7.3
2024,9,False,passing,pff,Bo Nix,97790,QB,DEN,10,1,63.3,30,33,9.5,3.55,2,0,0.0,57.6,19,0,15,0.0,42,0,-0.1,12,80.4,63.2,54.7,73.7,0,1,46,0,38.1,26.7,65.6,9.5,4,4,0,1,0,0,0.0,223,6.8
2024,9,False,passing,pff,Aaron Rodgers,2241,QB,NYJ,22,1,80.0,30,32,6.6,2.23,1,2,6.1,68.8,22,0,10,8.3,34,2,0.18,11,78.7,78.9,76.1,65.4,1,0,36,0,44.1,20.0,118.1,5.9,2,0,0,0,3,1,2.8,211,6.6
2024,9,False,passing,pff,Derek Carr,8671,QB,NO,20,1,73.1,26,31,6.8,2.6,0,1,2.8,58.1,18,0,7,5.3,33,1,0.08,12,78.7,51.7,51.0,,0,0,38,1,39.4,14.3,92.9,3.0,1,0,0,5,1,0,0.0,236,7.6
2024,9,False,passing,pff,Baker Mayfield,46518,QB,TB,30,1,83.3,30,31,5.0,2.46,1,0,0.0,74.2,23,0,10,8.0,36,2,0.17,9,79.0,71.9,70.8,62.9,0,0,38,1,44.4,20.0,112.3,5.6,2,3,0,0,2,1,2.6,200,6.5
2024,9,False,passing,pff,Trevor Lawrence,77632,QB,JAX,15,1,62.1,29,31,9.2,2.81,0,0,0.0,51.6,16,0,11,11.1,35,2,-0.41,10,79.4,73.1,70.7,66.4,1,2,38,0,34.3,18.2,40.9,5.7,2,2,0,1,0,1,2.6,169,5.5
2024,9,False,passing,pff,C.J. Stroud,129759,QB,HST,13,1,40.7,27,30,15.6,3.92,0,4,12.5,36.7,11,0,25,0.0,45,0,-0.23,9,27.8,47.0,48.2,57.0,1,0,47,1,28.9,32.0,59.2,17.8,8,7,0,2,0,1,2.1,191,6.4
2024,9,False,passing,pff,Tua Tagovailoa,60326,QB,MIA,17,1,92.6,27,28,5.1,2.36,0,0,0.0,89.3,25,0,5,0.0,30,0,0.65,15,77.8,76.7,74.2,64.5,0,0,31,0,66.7,20.0,124.9,3.3,1,1,0,1,2,0,0.0,231,8.3
2024,9,False,passing,pff,Joe Flacco,4332,QB,IND,14,1,68.0,25,27,7.6,2.79,1,0,0.0,59.3,16,1,13,5.9,30,1,-0.21,9,78.5,50.9,51.7,56.0,1,1,35,1,36.7,23.1,63.7,10.0,3,0,0,0,0,3,8.6,179,6.6
2024,9,False,passing,pff,Justin Herbert,28237,QB,LAC,27,1,73.1,26,27,9.8,2.69,0,1,3.6,66.7,18,0,16,5.3,34,1,0.05,10,78.7,74.7,74.5,57.9,0,0,35,0,32.4,37.5,125.8,17.6,6,1,0,1,2,0,0.0,282,10.4
2024,9,False,passing,pff,Daniel Jones,39395,QB,NYG,21,1,92.0,25,26,7.4,2.32,1,1,3.4,76.9,20,0,7,13.0,29,3,-0.02,10,79.4,91.5,87.8,80.6,0,0,35,0,51.7,28.6,119.7,6.9,2,1,0,0,2,0,0.0,174,6.7
2024,9,False,passing,pff,Bryce Young,123943,QB,CAR,5,1,70.8,24,26,8.2,2.72,0,2,7.4,61.5,16,0,7,5.9,29,1,0.03,9,78.2,77.8,75.2,66.8,0,1,32,1,37.9,14.3,77.6,3.4,1,2,0,2,1,1,3.1,171,6.6
2024,9,False,passing,pff,Cooper Rush,12324,QB,DAL,9,1,52.0,25,25,8.8,2.5,0,1,3.7,52.0,13,0,7,0.0,25,0,0.0,7,25.8,56.7,62.8,48.8,0,0,27,0,40.0,0.0,77.9,0.0,0,0,0,0,1,0,0.0,115,4.6
2024,9,False,passing,pff,Dak Prescott,10769,QB,DAL,9,1,95.2,21,24,4.3,2.68,1,2,8.3,75.0,18,0,9,10.0,31,2,-0.01,7,78.0,77.3,80.4,60.4,0,0,32,1,45.2,33.3,101.6,9.7,3,2,1,1,1,0,0.0,133,5.5
2024,9,False,passing,pff,Jalen Hurts,40291,QB,PHI,24,1,87.0,23,24,9.8,3.49,0,3,11.1,75.0,18,0,10,10.0,34,2,0.28,13,80.4,79.9,78.2,68.5,0,0,37,0,50.0,30.0,132.3,8.8,3,6,0,1,2,0,0.0,230,9.6
2024,9,False,passing,pff,Kirk Cousins,7102,QB,ATL,2,1,82.6,23,24,6.1,2.56,0,0,0.0,79.2,19,0,8,0.0,27,0,0.27,12,77.2,72.5,71.2,60.5,1,0,27,0,48.1,25.0,144.8,7.4,2,0,0,0,3,0,0.0,222,9.3
2024,9,False,passing,pff,Jayden Daniels,97993,QB,WAS,32,1,78.9,19,22,6.7,3.03,1,2,8.7,68.2,15,0,6,0.0,25,0,0.61,11,78.1,88.2,81.1,79.5,0,0,27,0,56.0,0.0,128.8,0.0,0,3,0,2,2,0,0.0,209,9.5
2024,9,False,passing,pff,Jared Goff,10635,QB,DET,11,1,85.7,21,22,3.6,2.64,0,0,0.0,81.8,18,0,7,0.0,23,0,0.25,8,77.0,76.2,75.1,60.5,0,0,24,0,52.2,14.3,109.3,4.3,1,0,0,1,1,0,0.0,145,6.6
2024,9,False,passing,pff,Kyler Murray,38334,QB,ARZ,1,1,73.7,19,20,7.1,2.99,0,0,0.0,65.0,13,0,7,7.1,23,1,-0.35,7,76.2,60.6,59.6,60.2,0,0,23,0,47.8,42.9,88.3,13.0,3,0,0,1,0,0,0.0,154,7.7
2024,9,False,passing,pff,Lamar Jackson,46416,QB,BLT,3,1,94.4,18,19,8.3,3.25,1,2,9.5,84.2,16,0,8,5.9,22,1,0.8,13,76.2,93.0,93.3,60.4,0,0,24,0,63.6,12.5,158.3,4.5,1,2,0,0,3,0,0.0,280,14.7
2024,9,False,passing,pff,Gardner Minshew,41401,QB,LV,23,1,66.7,15,17,11.2,2.54,1,0,0.0,58.8,10,0,9,0.0,18,0,-0.08,6,74.8,67.1,67.0,60.0,0,0,19,0,44.4,11.1,81.5,5.6,1,0,0,1,0,0,0.0,124,7.3
2024,9,False,passing,pff,Desmond Ridder,55086,QB,LV,23,1,80.0,15,16,5.7,2.37,0,1,5.9,68.8,11,0,9,8.3,21,1,-0.52,4,24.0,49.7,50.9,58.3,1,0,22,0,33.3,44.4,99.5,19.0,4,1,0,0,1,1,4.5,74,4.6
2024,9,False,passing,pff,Courtland Sutton,48164,WR,DEN,10,1,100.0,1,1,2.0,2.9,0,0,0.0,100.0,1,0,1,0.0,1,0,2.72,1,70.1,79.0,68.9,,0,0,1,0,100.0,0.0,118.8,0.0,0,0,0,0,1,0,0.0,2,2.0
2024,9,False,passing,pff,Joe Mixon,11803,HB,HST,13,1,0.0,1,1,18.0,2.8,0,0,0.0,0.0,0,0,0,,1,0,-0.51,0,78.8,90.4,54.9,89.0,0,0,1,0,0.0,,39.6,0.0,0,0,0,0,0,0,0.0,0,0.0
2024,9,False,passing,pff,Justin Jefferson,61398,WR,MIN,18,1,100.0,1,1,-4.0,3.7,0,0,0.0,100.0,1,0,0,0.0,1,0,3.6,1,71.2,79.1,60.3,,0,0,1,0,100.0,,118.8,0.0,0,0,0,0,0,0,0.0,22,22.0
2024,9,False,passing,pff,Taysom Hill,12112,TE,NO,20,1,0.0,1,1,0.0,3.6,0,0,0.0,0.0,0,0,1,,1,0,-1.74,0,72.3,72.2,57.2,75.3,0,0,1,0,0.0,0.0,39.6,0.0,0,0,0,0,0,0,0.0,0,0.0
2024,9,False,passing,pff,Bryan Anger,7072,P,DAL,9,1,0.0,1,1,9.0,2.1,0,0,0.0,0.0,0,0,0,,1,0,-3.0,0,60.4,43.9,44.0,,0,0,1,0,0.0,,39.6,0.0,0,0,0,0,0,1,100.0,0,0.0
2024,10,False,passing,pff,Joe Burrow,28022,QB,CIN,7,1,69.2,52,56,9.8,2.96,1,3,4.8,60.7,34,0,29,5.6,60,2,0.2,21,41.0,68.1,68.6,52.1,1,0,66,0,45.0,10.3,108.3,5.0,3,1,0,2,4,3,4.5,428,7.6
2024,10,False,passing,pff,Matthew Stafford,4924,QB,LA,26,1,79.1,43,46,7.5,2.6,1,1,2.2,69.6,32,0,17,5.9,50,2,-0.15,16,32.0,70.2,72.7,55.8,1,1,50,0,48.0,23.5,77.5,8.0,4,0,1,0,0,0,0.0,293,6.4
2024,10,False,passing,pff,Patrick Mahomes,11765,QB,KC,16,1,80.6,36,42,5.1,2.89,2,1,2.4,66.7,28,0,17,3.4,49,1,0.11,14,80.5,59.4,61.1,52.6,0,0,51,0,49.0,23.5,92.0,8.2,4,3,0,4,1,1,2.0,266,6.3
2024,10,False,passing,pff,Kirk Cousins,7102,QB,ATL,2,1,69.7,33,38,11.5,2.92,3,3,7.3,60.5,23,0,12,0.0,41,0,-0.02,12,29.1,62.3,61.5,,1,1,44,0,46.3,25.0,75.1,7.3,3,0,0,1,0,2,4.5,306,8.1
2024,10,False,passing,pff,Sam Darnold,29048,QB,MIN,18,1,68.6,35,38,9.1,3.26,0,1,2.5,63.2,24,0,15,0.0,42,0,-0.01,17,80.4,61.7,56.5,74.8,1,3,44,0,57.1,6.7,48.2,2.4,1,3,0,2,0,3,6.8,241,6.3
2024,10,False,passing,pff,Daniel Jones,39395,QB,NYG,21,1,71.9,32,37,8.4,2.8,0,0,0.0,59.5,22,0,15,4.3,42,1,-0.23,14,80.2,65.7,62.2,68.7,0,2,43,1,42.9,13.3,50.5,4.8,2,3,1,4,0,0,0.0,190,5.1
2024,10,False,passing,pff,Josh Allen,46601,QB,BUF,4,1,67.6,34,37,7.3,2.42,1,2,5.3,59.5,22,0,14,4.3,40,1,-0.1,12,80.8,80.1,70.0,86.0,0,2,42,0,47.5,14.3,60.6,5.0,2,1,0,2,0,1,2.4,280,7.6
2024,10,False,passing,pff,Brock Purdy,77672,QB,SF,28,1,78.8,33,36,7.5,2.62,1,2,5.1,69.4,25,0,18,3.8,42,1,0.37,18,29.5,65.9,64.9,61.5,1,0,45,0,57.1,16.7,119.3,7.1,3,3,1,0,2,2,4.4,353,9.8
2024,10,False,passing,pff,Joe Flacco,4332,QB,IND,14,1,77.1,35,35,8.4,2.54,0,1,2.6,74.3,26,0,11,3.7,39,1,-0.25,14,79.2,60.6,60.0,,0,3,42,1,51.3,36.4,79.7,10.3,4,0,0,0,2,3,7.1,272,7.8
2024,10,False,passing,pff,Aaron Rodgers,2241,QB,NYJ,22,1,69.7,33,35,6.6,2.66,0,0,0.0,62.9,22,0,11,4.3,38,1,-0.28,10,79.0,62.7,62.0,,0,0,41,0,39.5,27.3,72.4,7.9,3,0,0,2,0,1,2.4,151,4.3
2024,10,False,passing,pff,Jayden Daniels,97993,QB,WAS,32,1,71.4,28,34,8.7,2.47,2,1,2.7,50.0,17,0,11,15.0,37,3,-0.24,7,79.8,65.8,68.1,49.1,1,0,41,0,35.1,27.3,68.5,8.1,3,0,0,3,0,0,0.0,202,5.9
2024,10,False,passing,pff,Lamar Jackson,46416,QB,BLT,3,1,81.3,32,33,8.2,3.66,0,1,2.9,75.8,25,0,13,3.8,36,1,0.63,15,79.9,87.8,81.3,79.9,0,0,39,0,55.6,0.0,141.4,0.0,0,3,0,1,4,1,2.6,290,8.8
2024,10,False,passing,pff,C.J. Stroud,129759,QB,HST,13,1,68.8,32,33,8.4,3.05,0,1,2.9,57.6,19,0,16,13.6,38,3,-0.19,12,78.7,56.3,56.3,58.3,0,2,39,0,39.5,25.0,64.2,10.5,4,1,0,1,1,2,5.1,232,7.0
2024,10,False,passing,pff,Caleb Williams,144622,QB,CHI,6,1,70.8,24,30,6.2,2.83,2,0,0.0,53.3,16,0,16,5.9,41,1,-0.56,8,79.3,55.7,51.2,73.9,0,0,42,0,29.3,56.3,63.2,22.0,9,2,0,4,0,0,0.0,120,4.0
2024,10,False,passing,pff,Jared Goff,10635,QB,DET,11,1,69.6,23,30,12.7,2.86,1,2,6.3,50.0,15,0,10,6.3,31,1,0.01,12,77.9,55.4,55.5,62.6,1,5,33,1,41.9,0.0,59.7,0.0,0,1,0,5,2,4,12.1,240,8.0
2024,10,False,passing,pff,Bo Nix,97790,QB,DEN,10,1,88.9,27,30,6.4,2.64,0,1,3.1,73.3,22,0,7,8.3,33,2,0.16,12,37.0,72.6,73.4,55.1,0,0,35,0,54.5,28.6,115.3,6.1,2,1,0,3,2,0,0.0,215,7.2
2024,10,False,passing,pff,Baker Mayfield,46518,QB,TB,30,1,70.4,27,29,4.4,2.84,1,1,3.2,62.1,18,0,9,5.3,32,1,-0.14,8,27.5,59.5,67.7,31.6,1,0,34,0,37.5,22.2,82.0,6.3,2,1,0,0,1,0,0.0,116,4.0
2024,10,False,passing,pff,Tua Tagovailoa,60326,QB,MIA,17,1,77.8,27,28,5.7,2.57,1,0,0.0,71.4,20,0,11,4.8,32,1,-0.11,11,26.8,62.2,61.3,60.0,0,1,32,0,43.8,27.3,89.4,9.4,3,0,0,0,1,3,9.4,207,7.4
2024,10,False,passing,pff,Russell Wilson,7077,QB,PIT,25,1,64.0,25,28,12.5,2.88,0,3,9.7,50.0,14,0,11,12.5,33,2,0.24,10,79.1,79.9,77.5,65.7,0,1,36,0,42.4,27.3,93.6,9.1,3,1,0,3,3,0,0.0,195,7.0
2024,10,False,passing,pff,Derek Carr,8671,QB,NO,20,1,85.0,20,25,8.5,2.97,0,3,12.0,64.0,16,0,7,5.9,27,1,0.18,8,26.2,77.3,86.5,37.5,0,0,27,1,48.1,0.0,126.9,0.0,0,2,0,5,2,0,0.0,269,10.8
2024,10,False,passing,pff,Drake Maye,143969,QB,NE,19,1,71.4,21,25,10.0,3.33,2,3,10.7,60.0,15,0,11,0.0,29,0,-0.09,10,78.0,64.4,63.7,59.8,0,1,32,0,48.3,9.1,79.4,3.4,1,3,0,2,1,3,9.4,184,7.4
2024,10,False,passing,pff,Bryce Young,123943,QB,CAR,5,1,68.0,25,25,7.1,2.66,0,0,0.0,60.0,15,0,15,11.8,28,2,-0.2,7,77.2,71.4,68.5,66.4,0,0,29,1,39.3,6.7,86.4,3.6,1,2,0,0,1,0,0.0,126,5.0
2024,10,False,passing,pff,Kyler Murray,38334,QB,ARZ,1,1,91.7,24,24,4.9,2.27,0,1,3.8,91.7,22,0,7,0.0,25,0,0.64,15,26.5,80.3,76.3,70.9,0,0,27,1,64.0,14.3,126.7,4.0,1,0,0,0,1,1,3.7,266,11.1
2024,10,False,passing,pff,Will Levis,83542,QB,TEN,31,1,78.3,23,23,8.1,2.87,0,2,8.0,78.3,18,0,14,0.0,33,0,0.07,12,27.8,72.8,66.3,81.8,0,0,35,1,45.5,50.0,127.4,21.2,7,3,0,0,2,1,2.9,175,7.6
2024,10,False,passing,pff,Cooper Rush,12324,QB,DAL,9,1,61.9,21,23,6.8,2.26,2,0,0.0,56.5,13,0,9,0.0,24,0,-0.76,3,19.1,33.4,40.8,36.8,0,0,27,0,16.7,11.1,61.7,4.2,1,0,0,0,0,1,3.7,45,2.0
2024,10,False,passing,pff,Mac Jones,60323,QB,JAX,15,1,66.7,21,22,8.0,2.8,0,0,0.0,63.6,14,0,9,0.0,27,0,-0.41,6,77.5,56.4,55.0,62.0,0,2,28,0,33.3,33.3,38.3,11.1,3,2,0,1,0,2,7.1,111,5.0
2024,10,False,passing,pff,Jalen Hurts,40291,QB,PHI,24,1,77.8,18,20,12.7,3.47,0,4,17.4,70.0,14,0,18,0.0,28,0,0.08,11,27.5,73.2,67.7,73.5,0,1,31,0,53.6,27.8,115.0,17.9,5,3,0,2,2,2,6.5,202,10.1
2024,10,False,passing,pff,Justin Herbert,28237,QB,LAC,27,1,88.2,17,18,6.9,3.08,0,3,15.8,77.8,14,0,9,6.7,24,1,0.29,10,77.5,91.6,92.6,66.4,1,0,25,0,50.0,0.0,123.1,0.0,0,5,0,0,1,0,0.0,164,9.1
2024,10,False,passing,pff,Trey Lance,91399,QB,DAL,9,1,66.7,6,6,7.3,2.99,0,0,0.0,66.7,4,0,4,0.0,8,0,-1.41,1,72.5,55.6,49.2,66.5,0,1,8,0,12.5,50.0,32.6,25.0,2,0,0,0,0,1,12.5,21,3.5
2024,10,False,passing,pff,Kenny Pickett,60515,QB,PHI,24,1,50.0,2,2,5.5,2.35,0,0,0.0,50.0,1,0,2,0.0,2,0,-0.73,0,66.1,56.2,47.1,62.9,0,0,2,0,50.0,0.0,56.3,0.0,0,0,0,0,0,0,0.0,5,2.5
2024,10,False,passing,pff,Miles Killebrew,10745,S,PIT,25,1,100.0,1,1,17.0,1.1,0,0,0.0,0.0,0,0,0,100.0,1,1,-1.37,0,60.4,73.1,68.8,,0,0,1,0,0.0,,39.6,0.0,0,0,0,0,0,0,0.0,0,0.0
2024,11,False,passing,pff,Cooper Rush,12324,QB,DAL,9,1,73.1,52,55,6.9,2.34,1,1,1.7,58.2,32,0,16,15.8,61,6,-0.27,17,41.3,51.7,55.5,41.4,0,1,66,0,37.7,31.3,75.9,8.2,5,1,0,2,1,4,6.1,354,6.4
2024,11,False,passing,pff,Joe Burrow,28022,QB,CIN,7,1,65.2,46,50,11.9,2.9,0,5,9.3,56.0,28,0,25,6.7,56,2,0.18,16,81.5,80.0,75.9,74.8,2,0,60,1,44.6,12.0,98.4,5.4,3,2,0,2,3,1,1.7,356,7.1
2024,11,False,passing,pff,Jameis Winston,9434,QB,CLV,8,1,71.4,42,46,11.0,2.6,1,1,2.0,65.2,30,1,13,0.0,50,0,0.24,17,80.8,68.3,68.0,58.3,1,0,53,1,50.0,23.1,106.7,6.0,3,1,1,1,2,1,1.9,395,8.6
2024,11,False,passing,pff,Gardner Minshew,41401,QB,LV,23,1,83.8,37,43,3.7,2.64,1,0,0.0,69.8,30,0,13,3.2,48,1,0.16,18,80.4,65.5,64.3,62.9,1,1,50,0,50.0,23.1,93.4,6.3,3,2,0,4,2,0,0.0,282,6.6
2024,11,False,passing,pff,Josh Allen,46601,QB,BUF,4,1,73.0,37,40,6.8,2.7,1,5,11.9,67.5,27,0,19,0.0,45,0,0.13,14,81.2,90.2,83.7,81.5,0,1,47,1,42.2,0.0,83.5,0.0,0,5,0,2,1,0,0.0,262,6.6
2024,11,False,passing,pff,Drake Maye,143969,QB,NE,19,1,81.1,37,39,6.0,2.55,0,0,0.0,74.4,29,0,17,3.3,45,1,0.27,17,80.0,79.4,77.7,63.5,0,1,48,0,64.4,17.6,100.6,6.7,3,3,0,2,2,1,2.1,282,7.2
2024,11,False,passing,pff,Russell Wilson,7077,QB,PIT,25,1,83.9,31,36,6.3,2.88,1,1,2.8,63.9,23,0,13,11.5,41,3,-0.35,9,79.9,61.3,63.8,49.1,0,1,42,0,36.6,30.8,67.5,9.8,4,1,0,4,0,1,2.4,205,5.7
2024,11,False,passing,pff,Tua Tagovailoa,60326,QB,MIA,17,1,82.4,34,36,5.9,2.22,1,1,2.6,77.8,28,0,8,0.0,38,0,0.55,18,28.4,66.0,64.9,,0,0,41,0,60.5,25.0,127.8,5.3,2,0,1,0,3,1,2.4,288,8.0
2024,11,False,passing,pff,Justin Herbert,28237,QB,LAC,27,1,60.0,30,36,14.8,2.98,3,4,10.0,47.2,17,0,7,5.6,43,1,0.07,17,29.9,74.9,75.8,55.3,0,0,47,0,46.5,28.6,94.3,4.7,2,4,1,2,2,2,4.3,297,8.3
2024,11,False,passing,pff,C.J. Stroud,129759,QB,HST,13,1,81.3,32,34,5.7,2.65,1,1,2.8,67.6,23,0,12,11.5,38,3,0.13,14,79.0,70.2,68.7,63.5,0,1,40,0,47.4,8.3,77.7,2.6,1,3,0,1,0,2,5.0,257,7.6
2024,11,False,passing,pff,Lamar Jackson,46416,QB,BLT,3,1,63.0,27,33,11.0,3.38,3,0,0.0,48.5,16,0,14,5.9,36,1,-0.12,9,79.9,64.0,57.5,80.2,3,1,40,0,38.9,14.3,66.1,5.6,2,0,0,0,1,0,0.0,207,6.3
2024,11,False,passing,pff,Patrick Mahomes,11765,QB,KC,16,1,79.3,29,33,7.4,3.13,1,3,8.8,69.7,23,0,13,0.0,35,0,0.09,15,78.7,74.0,73.3,59.7,1,2,38,1,54.3,15.4,90.0,5.7,2,0,0,2,3,2,5.3,196,5.9
2024,11,False,passing,pff,Bo Nix,97790,QB,DEN,10,1,90.6,32,33,4.0,2.69,0,1,2.9,84.8,28,0,6,3.4,35,1,0.65,14,78.7,83.3,84.7,52.4,0,0,36,0,60.0,16.7,145.0,2.9,1,1,0,1,4,0,0.0,307,9.3
2024,11,False,passing,pff,Sam Darnold,29048,QB,MIN,18,1,83.3,30,32,10.0,3.06,0,2,5.7,62.5,20,0,11,20.0,37,5,0.19,13,29.8,90.8,90.4,67.0,0,0,41,1,48.6,18.2,107.0,5.4,2,3,0,2,2,1,2.4,246,7.7
2024,11,False,passing,pff,Geno Smith,7820,QB,SEA,29,1,83.9,31,32,8.3,3.07,0,0,0.0,78.1,25,0,13,3.8,38,1,0.15,12,40.4,76.8,75.8,62.8,0,1,39,1,55.3,30.8,82.4,10.5,4,2,0,1,0,1,2.6,221,6.9
2024,11,False,passing,pff,Jayden Daniels,97993,QB,WAS,32,1,75.0,32,32,3.8,2.69,0,1,2.9,68.8,22,0,11,8.3,39,2,-0.06,11,79.9,63.9,65.4,55.6,0,1,42,0,51.3,27.3,81.6,7.7,3,4,0,0,1,1,2.4,191,6.0
2024,11,False,passing,pff,Caleb Williams,144622,QB,CHI,6,1,77.4,31,31,6.7,2.77,0,2,5.9,74.2,23,0,11,4.2,39,1,0.32,15,80.1,85.2,80.4,75.4,0,0,42,1,56.4,27.3,95.0,7.7,3,5,0,0,0,0,0.0,231,7.5
2024,11,False,passing,pff,Will Levis,83542,QB,TEN,31,1,67.9,28,31,10.8,2.77,1,3,8.8,54.8,17,0,17,10.5,38,2,-0.04,9,80.2,69.8,71.8,54.8,0,1,41,0,36.8,29.4,84.7,13.2,5,2,0,2,1,1,2.4,295,9.5
2024,11,False,passing,pff,Anthony Richardson,124393,QB,IND,14,1,88.5,26,30,9.6,2.85,1,1,3.2,66.7,20,0,14,13.0,32,3,0.23,13,29.6,80.1,80.3,64.3,0,0,33,0,50.0,14.3,106.5,6.3,2,0,0,3,1,1,3.0,272,9.1
2024,11,False,passing,pff,Aaron Rodgers,2241,QB,NYJ,22,1,82.1,28,29,4.4,2.48,0,0,0.0,75.9,22,0,9,4.3,33,1,-0.11,7,24.8,44.3,46.1,55.7,0,0,33,0,36.4,33.3,114.7,9.1,3,1,0,1,2,2,6.1,184,6.3
2024,11,False,passing,pff,Jared Goff,10635,QB,DET,11,1,92.6,27,29,8.6,2.78,0,1,3.3,82.8,24,0,7,4.0,32,1,1.05,21,78.2,93.5,91.8,76.2,0,0,33,0,75.0,0.0,158.3,0.0,0,3,0,2,4,0,0.0,412,14.2
2024,11,False,passing,pff,Mac Jones,60323,QB,JAX,15,1,60.7,28,29,11.8,2.86,0,1,3.3,58.6,17,0,9,0.0,31,0,-0.42,7,78.0,53.0,52.8,59.1,0,1,32,0,32.3,11.1,56.4,3.2,1,1,0,1,0,1,3.1,138,4.8
2024,11,False,passing,pff,Jalen Hurts,40291,QB,PHI,24,1,79.2,24,28,7.0,3.27,0,0,0.0,64.3,18,0,11,5.3,34,1,0.08,11,79.6,74.6,66.0,78.9,1,0,35,0,41.2,18.2,88.5,5.9,2,4,0,3,0,0,0.0,221,7.9
2024,11,False,passing,pff,Brock Purdy,77672,QB,SF,28,1,80.8,26,28,5.8,2.83,2,0,0.0,75.0,21,0,13,0.0,36,0,0.15,13,79.0,63.7,58.3,71.5,0,1,40,0,50.0,15.4,85.3,5.6,2,5,0,0,1,0,0.0,159,5.7
2024,11,False,passing,pff,Matthew Stafford,4924,QB,LA,26,1,69.2,26,27,11.8,2.29,1,2,7.1,66.7,18,0,7,0.0,27,0,0.53,13,78.0,79.9,77.1,66.2,0,0,28,0,55.6,0.0,142.7,0.0,0,0,0,0,4,0,0.0,295,10.9
2024,11,False,passing,pff,Derek Carr,8671,QB,NO,20,1,80.8,26,27,6.2,2.74,0,2,7.1,77.8,21,0,10,0.0,28,0,0.4,10,29.9,84.7,84.2,62.0,0,0,29,0,57.1,10.0,129.6,3.6,1,0,0,1,2,1,3.4,248,9.2
2024,11,False,passing,pff,Kirk Cousins,7102,QB,ATL,2,1,76.0,25,27,6.8,2.32,0,1,3.4,66.7,18,0,11,5.3,30,1,-0.2,8,77.7,74.6,73.9,60.0,1,1,32,0,40.0,27.3,68.9,10.0,3,0,1,0,0,1,3.1,173,6.4
2024,11,False,passing,pff,Jordan Love,40306,QB,GB,12,1,87.5,16,17,8.8,3.62,0,0,0.0,76.5,13,0,10,7.1,20,1,0.5,11,76.3,73.7,72.1,64.5,0,1,22,0,60.0,10.0,113.0,5.0,1,2,0,1,1,1,4.5,261,15.4
2024,11,False,passing,pff,Michael Penix Jr.,82134,QB,ATL,2,1,66.7,3,4,17.0,2.7,0,1,25.0,50.0,2,0,2,0.0,5,0,0.25,2,68.0,91.1,90.4,,0,0,5,0,40.0,50.0,68.8,20.0,1,0,0,1,0,0,0.0,24,6.0
2024,11,False,passing,pff,Hendon Hooker,60593,QB,DET,11,1,100.0,4,4,8.5,2.94,0,0,0.0,75.0,3,0,2,25.0,5,1,0.56,2,71.0,85.7,86.8,63.7,0,0,5,0,60.0,0.0,103.1,0.0,0,1,0,0,0,0,0.0,37,9.3
2024,11,False,passing,pff,Taysom Hill,12112,TE,NO,20,1,50.0,2,2,29.0,3.6,0,0,0.0,50.0,1,0,0,0.0,2,0,-1.18,1,24.0,80.5,39.7,90.1,0,1,2,0,50.0,,41.7,0.0,0,0,0,0,0,1,50.0,18,9.0
2024,11,False,passing,pff,Bryan Anger,7072,P,DAL,9,1,100.0,1,1,4.0,1.8,0,0,0.0,100.0,1,0,0,0.0,1,0,-1.86,0,60.4,60.8,60.3,,0,0,1,0,0.0,,83.3,0.0,0,0,0,0,0,0,0.0,4,4.0
2024,11,False,passing,pff,Dorian Thompson-Robinson,83574,QB,CLV,8,1,0.0,1,1,5.0,1.7,0,0,0.0,0.0,0,0,0,,1,0,-0.79,0,60.4,27.8,56.7,,0,0,1,0,0.0,,39.6,0.0,0,0,0,0,0,1,100.0,0,0.0
2024,12,False,passing,pff,Caleb Williams,144622,QB,CHI,6,1,77.8,45,47,6.8,2.57,1,5,10.0,68.1,32,0,12,8.6,54,3,0.01,16,81.5,74.8,75.4,62.3,0,0,57,1,44.4,25.0,103.1,5.6,3,4,1,0,2,3,5.3,340,7.2
2024,12,False,passing,pff,Gardner Minshew,41401,QB,LV,23,1,73.5,34,42,5.9,2.75,2,2,4.3,59.5,25,0,16,0.0,46,0,-0.26,11,32.8,57.6,62.3,38.4,0,1,50,0,39.1,18.8,72.5,6.5,3,1,1,5,1,0,0.0,230,5.5
2024,12,False,passing,pff,Bo Nix,97790,QB,DEN,10,1,77.8,36,42,8.2,2.44,3,1,2.3,59.5,25,0,12,10.7,45,3,0.21,13,79.9,75.5,74.9,58.3,0,0,46,0,44.4,8.3,94.6,2.2,1,1,0,3,2,1,2.2,273,6.5
2024,12,False,passing,pff,Tua Tagovailoa,60326,QB,MIA,17,1,75.0,40,40,6.1,2.21,0,1,2.4,72.5,29,0,9,3.3,42,1,0.23,19,80.1,68.2,67.1,60.5,0,0,43,0,54.8,22.2,128.9,4.8,2,0,0,0,4,1,2.3,317,7.9
2024,12,False,passing,pff,Jayden Daniels,97993,QB,WAS,32,1,79.4,34,38,9.7,2.79,1,2,5.1,65.8,25,0,14,7.4,44,2,-0.29,12,80.8,86.5,76.3,90.0,0,2,45,0,38.6,28.6,82.7,9.1,4,2,1,2,2,1,2.2,275,7.2
2024,12,False,passing,pff,Kyler Murray,38334,QB,ARZ,1,1,72.7,33,37,8.2,3.19,0,2,5.3,64.9,24,0,17,0.0,43,0,-0.19,15,79.8,61.8,63.3,52.3,1,1,44,0,48.8,29.4,77.0,11.6,5,1,0,3,0,1,2.3,285,7.7
2024,12,False,passing,pff,Patrick Mahomes,11765,QB,KC,16,1,80.6,36,37,6.6,3.11,0,0,0.0,73.0,27,1,13,6.9,47,2,0.25,18,80.5,75.9,72.6,70.2,0,0,52,1,51.1,38.5,120.2,10.6,5,5,0,1,3,1,1.9,269,7.3
2024,12,False,passing,pff,Drake Maye,143969,QB,NE,19,1,64.7,34,37,8.4,2.89,1,0,0.0,59.5,22,0,19,0.0,46,0,-0.36,8,33.1,65.0,61.6,71.0,1,1,52,0,41.3,21.1,74.4,8.7,4,4,0,1,1,1,1.9,222,6.0
2024,12,False,passing,pff,Matthew Stafford,4924,QB,LA,26,1,75.0,32,36,6.5,2.49,0,3,7.3,66.7,24,0,13,0.0,42,0,0.12,14,29.6,72.4,69.2,65.6,2,0,47,0,50.0,38.5,104.3,11.9,5,1,0,2,2,1,2.1,243,6.8
2024,12,False,passing,pff,Jared Goff,10635,QB,DET,11,1,81.3,32,36,6.1,2.85,0,0,0.0,72.2,26,0,13,0.0,40,0,0.19,15,79.1,63.5,64.7,53.2,0,0,40,0,52.5,23.1,93.4,7.5,3,1,0,4,0,1,2.5,269,7.5
2024,12,False,passing,pff,Justin Herbert,28237,QB,LAC,27,1,69.4,36,36,10.2,2.89,0,0,0.0,58.3,21,0,14,16.0,45,4,-0.05,11,32.0,76.6,73.2,70.7,0,0,52,0,40.0,28.6,75.9,8.9,4,4,0,0,0,1,1.9,218,6.1
2024,12,False,passing,pff,Bryce Young,123943,QB,CAR,5,1,74.2,31,35,10.1,2.89,0,5,13.2,60.0,21,0,14,8.7,40,2,0.14,14,28.8,83.9,82.8,61.3,0,0,43,0,47.5,14.3,92.9,5.0,2,3,0,4,1,1,2.3,263,7.5
2024,12,False,passing,pff,Sam Darnold,29048,QB,MIN,18,1,80.0,30,34,8.7,3.19,1,5,13.2,64.7,22,0,16,8.3,37,2,0.23,12,79.7,84.7,80.0,74.7,0,0,42,0,48.6,18.8,116.1,8.1,3,0,0,3,2,2,4.8,330,9.7
2024,12,False,passing,pff,C.J. Stroud,129759,QB,HST,13,1,70.0,30,33,9.3,2.98,1,2,5.7,60.6,20,0,15,4.8,40,1,-0.15,11,79.3,66.3,68.1,51.6,0,2,42,0,42.5,26.7,78.7,10.0,4,3,0,2,2,2,4.8,247,7.5
2024,12,False,passing,pff,Cooper Rush,12324,QB,DAL,9,1,82.8,29,32,6.8,2.25,3,0,0.0,75.0,24,0,4,0.0,34,0,0.19,12,40.7,60.4,65.6,39.7,0,0,38,0,52.9,25.0,117.6,2.9,1,1,0,0,2,1,2.6,247,7.7
2024,12,False,passing,pff,Tommy DeVito,60545,QB,NYG,21,1,75.9,29,31,6.6,2.83,0,0,0.0,67.7,21,0,17,4.5,39,1,-0.08,12,79.9,51.1,51.8,55.4,0,0,42,0,48.7,23.5,83.9,10.3,4,4,0,2,0,1,2.4,189,6.1
2024,12,False,passing,pff,Geno Smith,7820,QB,SEA,29,1,88.0,25,31,5.8,3.22,3,2,6.1,71.0,22,0,11,0.0,37,0,0.14,12,79.2,70.3,70.2,57.9,0,1,39,0,43.2,45.5,92.7,13.5,5,1,0,3,1,1,2.6,254,8.2
2024,12,False,passing,pff,Baker Mayfield,46518,QB,TB,30,1,86.7,30,30,6.8,2.64,0,2,6.1,80.0,24,0,4,7.7,32,2,0.71,14,78.3,92.5,91.0,70.8,0,0,35,0,62.5,0.0,107.5,0.0,0,2,0,0,0,0,0.0,294,9.8
2024,12,False,passing,pff,Brandon Allen,10835,QB,SF,28,1,73.1,26,29,7.5,2.8,0,0,0.0,58.6,17,0,12,10.5,32,2,-0.56,8,19.9,47.8,49.3,54.6,0,1,32,0,34.4,16.7,76.7,6.3,2,1,0,3,1,3,9.4,199,6.9
2024,12,False,passing,pff,Russell Wilson,7077,QB,PIT,25,1,80.8,26,28,11.8,3.01,0,3,10.3,75.0,21,0,17,0.0,33,0,0.36,10,27.5,79.9,77.3,66.9,0,0,34,0,42.4,23.5,116.7,12.1,4,1,0,2,1,1,2.9,270,9.6
2024,12,False,passing,pff,Anthony Richardson,124393,QB,IND,14,1,56.5,23,28,14.1,2.73,1,3,9.1,39.3,11,0,13,15.4,30,2,-0.1,7,29.4,76.6,77.9,60.1,1,0,35,1,33.3,0.0,60.4,0.0,0,2,0,3,0,2,5.7,172,6.1
2024,12,False,passing,pff,Jameis Winston,9434,QB,CLV,8,1,76.0,25,27,9.3,2.96,2,2,6.5,66.7,18,0,12,5.3,29,1,-0.13,9,78.2,86.4,83.9,66.8,0,1,33,0,51.7,8.3,76.0,3.4,1,1,0,0,0,1,3.0,219,8.1
2024,12,False,passing,pff,Will Levis,83542,QB,TEN,31,1,86.4,22,24,8.6,2.65,1,2,8.3,75.0,18,0,16,5.3,34,1,-0.09,9,79.4,63.6,64.6,62.6,0,1,35,1,41.2,50.0,123.3,23.5,8,2,0,1,2,1,2.9,278,11.6
2024,12,False,passing,pff,Jordan Love,40306,QB,GB,12,1,68.2,22,23,12.1,2.62,0,1,4.0,56.5,13,0,10,13.3,26,2,0.18,9,77.3,63.5,60.8,62.6,0,0,28,0,50.0,20.0,107.7,7.7,2,0,0,1,2,2,7.1,163,7.1
2024,12,False,passing,pff,Jalen Hurts,40291,QB,PHI,24,1,83.3,18,22,6.3,3.4,0,0,0.0,68.2,15,0,9,0.0,26,0,0.28,12,79.5,66.6,66.1,61.9,0,0,30,0,50.0,11.1,108.0,3.8,1,3,0,4,1,0,0.0,179,8.1
2024,12,False,passing,pff,Lamar Jackson,46416,QB,BLT,3,1,76.2,21,22,11.4,3.2,0,1,4.0,72.7,16,0,9,0.0,23,0,0.51,6,78.7,74.8,75.2,60.9,0,0,26,0,52.2,11.1,126.5,4.3,1,0,0,1,2,1,3.8,177,8.0
2024,12,False,passing,pff,Desmond Ridder,55086,QB,LV,23,1,71.4,7,10,5.0,2.97,1,0,0.0,50.0,5,0,8,0.0,13,0,-0.09,3,72.4,34.8,36.8,58.3,0,0,13,0,38.5,25.0,70.4,15.4,2,1,0,2,0,1,7.7,64,6.4
2024,12,False,passing,pff,Nick Mullens,12282,QB,MIN,18,1,100.0,1,1,2.0,2.2,0,0,0.0,100.0,1,0,0,0.0,1,0,3.12,1,60.4,60.7,60.4,,0,0,1,0,100.0,,118.8,0.0,0,0,0,0,0,0,0.0,14,14.0
2024,12,False,passing,pff,Tyler Boyd,10689,WR,TEN,31,1,0.0,1,1,25.0,3.2,0,0,0.0,0.0,0,0,0,,1,0,-0.48,0,69.5,69.0,51.2,,0,0,1,0,0.0,,39.6,0.0,0,0,0,0,0,0,0.0,0,0.0
2024,12,False,passing,pff,Kendrick Bourne,12270,WR,NE,19,1,0.0,1,1,0.0,3.2,0,0,0.0,0.0,0,0,0,,1,0,-1.48,0,67.0,60.9,57.7,,0,0,1,0,0.0,,39.6,0.0,0,0,0,0,0,0,0.0,0,0.0
2024,12,False,passing,pff,Justin Fields,82118,QB,PIT,25,1,0.0,1,1,35.0,2.7,0,0,0.0,0.0,0,0,0,,1,0,-1.56,0,69.1,51.2,50.7,58.1,0,0,2,0,0.0,,39.6,0.0,0,0,0,0,0,0,0.0,0,0.0
2024,12,False,passing,pff,DJ Moore,48267,WR,CHI,6,1,0.0,1,1,36.0,3.2,0,0,0.0,0.0,0,0,0,,1,0,-0.47,0,71.3,73.7,59.7,62.8,0,0,1,0,0.0,,39.6,0.0,0,0,0,0,0,0,0.0,0,0.0
2024,12,False,passing,pff,AJ Cole,36038,P,LV,23,1,100.0,1,1,4.0,2.2,0,0,0.0,100.0,1,0,0,0.0,1,0,5.15,1,60.4,70.3,66.9,,0,0,1,0,100.0,,118.8,0.0,0,0,0,0,0,0,0.0,34,34.0
2024,12,False,passing,pff,Drew Lock,39517,QB,NYG,21,1,100.0,1,1,-1.0,1.3,0,0,0.0,100.0,1,0,1,0.0,1,0,-0.55,0,60.4,60.2,60.0,,0,0,1,0,0.0,0.0,79.2,0.0,0,0,0,0,0,0,0.0,3,3.0
2024,13,False,passing,pff,Jameis Winston,9434,QB,CLV,8,1,67.3,55,58,8.6,2.64,1,1,1.7,58.6,34,0,23,8.1,63,3,-0.07,24,82.3,66.1,65.5,66.5,2,3,65,2,46.0,13.0,88.1,4.8,3,1,0,0,4,4,6.2,497,8.6
2024,13,False,passing,pff,Patrick Mahomes,11765,QB,KC,16,1,63.6,44,46,8.9,2.8,1,5,10.0,56.5,26,0,20,7.1,52,2,-0.03,14,29.3,72.6,72.1,57.8,0,0,56,0,42.3,25.0,84.1,9.6,5,1,1,0,1,1,1.8,306,6.7
2024,13,False,passing,pff,Tua Tagovailoa,60326,QB,MIA,17,1,84.4,45,46,6.8,2.34,1,0,0.0,80.4,37,0,17,2.6,52,1,0.21,20,81.3,73.7,76.6,55.7,0,0,56,2,50.0,29.4,114.2,9.6,5,1,0,0,2,0,0.0,365,7.9
2024,13,False,passing,pff,Bryce Young,123943,QB,CAR,5,1,74.4,39,46,10.4,2.73,0,4,8.3,56.5,26,0,22,10.3,50,3,0.03,15,80.6,79.2,79.2,56.2,1,0,52,0,50.0,4.5,83.4,2.0,1,3,0,6,1,0,0.0,298,6.5
2024,13,False,passing,pff,Kyler Murray,38334,QB,ARZ,1,1,78.0,41,45,7.8,2.91,1,1,2.0,68.9,31,0,17,3.1,51,1,0.01,15,29.4,67.4,65.2,66.1,0,2,55,1,47.1,5.9,72.5,2.0,1,5,1,2,1,3,5.5,260,5.8
2024,13,False,passing,pff,Aaron Rodgers,2241,QB,NYJ,22,1,68.4,38,39,8.7,2.77,0,2,4.9,53.8,21,0,11,19.2,42,5,-0.37,13,79.9,64.7,63.2,64.7,0,1,45,1,38.1,18.2,73.1,4.8,2,1,0,1,2,1,2.2,185,4.7
2024,13,False,passing,pff,Kirk Cousins,7102,QB,ATL,2,1,66.7,36,39,8.2,2.57,1,0,0.0,61.5,24,0,7,0.0,40,0,-0.37,13,29.1,41.5,40.0,62.6,1,4,43,0,45.0,14.3,40.0,2.5,1,0,0,1,0,4,9.3,245,6.3
2024,13,False,passing,pff,Caleb Williams,144622,QB,CHI,6,1,58.3,36,39,11.6,3.36,0,1,2.2,51.3,20,0,16,4.8,48,1,0.04,12,81.1,62.4,58.7,72.9,0,0,56,0,41.7,31.3,97.8,10.4,5,4,1,2,3,1,1.8,256,6.6
2024,13,False,passing,pff,Joe Burrow,28022,QB,CIN,7,1,81.1,37,38,6.9,2.59,0,5,11.6,73.7,28,0,16,6.7,44,2,-0.1,16,29.8,87.8,85.5,64.2,0,1,49,0,56.8,25.0,112.7,9.1,4,2,0,1,3,1,2.0,309,8.1
2024,13,False,passing,pff,Russell Wilson,7077,QB,PIT,25,1,85.7,35,38,4.9,2.75,0,2,5.0,76.3,29,0,13,3.3,41,1,0.34,18,79.9,78.6,80.3,57.9,0,1,43,1,61.0,15.4,126.4,4.9,2,1,0,3,3,0,0.0,414,10.9
2024,13,False,passing,pff,Will Levis,83542,QB,TEN,31,1,66.7,33,37,10.7,2.69,0,4,9.8,48.6,18,0,16,18.2,39,4,-0.04,9,79.7,69.3,68.8,59.5,1,0,43,0,33.3,12.5,84.5,5.1,2,0,0,3,2,2,4.7,212,5.7
2024,13,False,passing,pff,Derek Carr,8671,QB,NO,20,1,81.3,32,37,7.5,2.79,0,2,5.1,64.9,24,0,11,7.7,39,2,-0.13,12,79.2,73.6,73.1,59.0,2,0,41,0,35.9,0.0,85.9,0.0,0,2,0,3,1,1,2.4,184,5.0
2024,13,False,passing,pff,Cooper Rush,12324,QB,DAL,9,1,72.7,33,36,7.8,2.13,1,0,0.0,58.3,21,0,7,12.5,37,3,-0.07,10,30.0,58.1,63.9,35.4,2,0,42,0,43.2,0.0,82.5,0.0,0,1,0,0,1,0,0.0,195,5.4
2024,13,False,passing,pff,Lamar Jackson,46416,QB,BLT,3,1,71.4,35,36,9.3,3.5,0,3,8.3,63.9,23,0,25,8.0,45,2,0.06,15,22.9,70.6,74.4,51.2,0,0,46,0,42.2,12.0,101.3,6.7,3,5,0,1,2,1,2.2,237,6.6
2024,13,False,passing,pff,Aidan O'Connell,60516,QB,LV,23,1,71.9,32,35,8.8,2.54,2,4,10.5,65.7,23,0,11,0.0,38,0,0.19,13,79.3,77.6,74.7,64.5,0,0,42,0,44.7,27.3,116.4,7.9,3,0,1,0,2,2,4.8,340,9.7
2024,13,False,passing,pff,Bo Nix,97790,QB,DEN,10,1,64.5,31,35,13.0,2.79,0,2,5.1,51.4,18,0,12,10.0,36,2,0.05,11,79.5,76.5,76.0,57.9,0,2,40,1,38.9,0.0,65.7,0.0,0,1,0,4,1,2,5.0,294,8.4
2024,13,False,passing,pff,Jared Goff,10635,QB,DET,11,1,70.0,30,34,7.8,2.66,0,1,2.9,61.8,21,0,11,0.0,35,0,0.08,12,78.5,78.9,79.1,58.2,0,0,35,0,45.7,9.1,100.2,2.9,1,0,0,4,2,0,0.0,221,6.5
2024,13,False,passing,pff,C.J. Stroud,129759,QB,HST,13,1,75.0,32,34,8.9,2.99,1,0,0.0,64.7,22,0,8,8.3,38,2,0.08,10,79.7,77.2,77.9,55.2,0,0,40,0,42.1,25.0,95.5,5.3,2,2,0,1,1,0,0.0,242,7.1
2024,13,False,passing,pff,Baker Mayfield,46518,QB,TB,30,1,72.7,33,33,7.1,2.77,0,0,0.0,63.6,21,0,10,12.5,38,3,-0.26,15,41.2,40.3,39.0,62.6,0,2,40,0,44.7,40.0,69.6,10.5,4,1,0,0,1,3,7.5,235,7.1
2024,13,False,passing,pff,Drew Lock,39517,QB,NYG,21,1,80.0,30,32,6.4,2.67,1,3,8.3,65.6,21,0,21,12.5,42,3,-0.31,11,29.7,68.9,60.3,90.6,1,1,46,1,42.9,28.6,66.9,14.3,6,3,0,0,0,2,4.3,178,5.6
2024,13,False,passing,pff,Mac Jones,60323,QB,JAX,15,1,71.0,31,32,9.8,2.46,1,2,5.9,62.5,20,0,7,9.1,34,2,0.3,12,78.7,74.1,77.7,50.7,0,0,36,1,38.2,0.0,105.6,0.0,0,2,0,0,2,0,0.0,235,7.3
2024,13,False,passing,pff,Geno Smith,7820,QB,SEA,29,1,75.0,28,31,7.2,3.16,0,3,8.8,64.5,20,0,12,4.8,35,1,-0.09,7,79.0,75.9,75.6,57.8,1,0,38,0,34.3,25.0,94.3,8.6,3,1,0,2,1,0,0.0,206,6.6
2024,13,False,passing,pff,Sam Darnold,29048,QB,MIN,18,1,84.6,26,31,8.6,3.08,3,3,9.1,67.7,21,0,16,4.5,39,1,-0.04,14,79.4,77.6,76.1,63.7,0,0,41,0,51.3,31.3,111.6,12.8,5,3,0,2,2,1,2.4,235,7.6
2024,13,False,passing,pff,Jayden Daniels,97993,QB,WAS,32,1,89.7,29,30,5.6,2.88,1,0,0.0,83.3,25,0,10,3.8,38,1,0.24,13,29.7,68.0,67.8,60.9,0,1,42,0,68.4,20.0,114.7,5.3,2,6,0,0,3,1,2.4,206,6.9
2024,13,False,passing,pff,Drake Maye,143969,QB,NE,19,1,80.0,30,30,6.3,2.75,0,1,2.9,80.0,24,0,11,0.0,39,0,0.11,16,79.5,76.0,73.0,68.8,0,1,43,0,53.8,36.4,96.9,10.3,4,5,0,0,1,0,0.0,238,7.9
2024,13,False,passing,pff,Jordan Love,40306,QB,GB,12,1,88.5,26,28,7.4,2.49,1,1,3.4,75.0,21,1,10,8.7,28,2,0.42,11,77.2,77.7,76.2,,1,0,29,1,60.7,0.0,129.2,0.0,0,0,0,0,2,0,0.0,274,9.8
2024,13,False,passing,pff,Anthony Richardson,124393,QB,IND,14,1,58.3,24,24,16.2,2.87,0,3,11.1,50.0,12,0,9,14.3,25,2,-0.13,6,79.2,79.3,72.9,76.6,0,2,28,0,44.0,0.0,55.7,0.0,0,1,0,0,2,1,3.6,109,4.5
2024,13,False,passing,pff,Matthew Stafford,4924,QB,LA,26,1,71.4,21,24,9.0,2.75,0,2,8.0,58.3,14,0,8,6.7,26,1,0.02,9,77.9,83.4,79.4,71.1,1,0,27,0,42.3,25.0,110.2,7.7,2,0,0,2,2,0,0.0,183,7.6
2024,13,False,passing,pff,Justin Herbert,28237,QB,LAC,27,1,69.6,23,23,7.4,3.21,0,1,4.2,69.6,16,0,12,0.0,28,0,-0.29,5,78.5,72.8,68.7,71.1,0,0,29,0,32.1,41.7,86.7,17.9,5,0,0,0,0,1,3.4,147,6.4
2024,13,False,passing,pff,Jalen Hurts,40291,QB,PHI,24,1,80.0,15,19,8.7,2.91,2,0,0.0,57.9,11,0,5,8.3,22,1,-0.16,7,78.3,63.4,58.4,68.4,0,0,24,0,31.8,40.0,93.8,9.1,2,0,0,2,1,0,0.0,118,6.2
2024,13,False,passing,pff,Brock Purdy,77672,QB,SF,28,1,70.6,17,18,5.2,2.75,0,0,0.0,61.1,11,0,5,8.3,23,1,-0.32,4,24.3,46.4,50.2,54.6,0,0,24,1,26.1,40.0,74.8,8.7,2,2,1,0,0,3,12.5,94,5.2
2024,13,False,passing,pff,Josh Allen,46601,QB,BUF,4,1,81.3,16,17,6.3,2.87,0,0,0.0,76.5,13,0,3,0.0,18,0,0.47,8,75.6,80.7,73.3,77.0,0,0,19,0,55.6,0.0,141.3,0.0,0,1,0,1,2,0,0.0,148,8.7
2024,13,False,passing,pff,Trevor Lawrence,77632,QB,JAX,15,1,40.0,10,10,16.0,2.8,0,0,0.0,40.0,4,0,1,0.0,11,0,-0.46,1,71.9,28.8,29.8,56.8,0,1,11,0,18.2,0.0,12.9,0.0,0,1,0,0,0,2,18.2,41,4.1
2024,13,False,passing,pff,Mitch Trubisky,11757,QB,BUF,4,1,100.0,1,1,2.0,2.5,0,0,0.0,100.0,1,0,0,0.0,1,0,-0.29,0,69.4,56.2,60.0,55.2,0,0,1,0,0.0,,83.3,0.0,0,0,0,0,0,0,0.0,4,4.0
2024,13,False,passing,pff,Kyle Trask,39987,QB,TB,30,1,100.0,1,1,-3.0,1.0,0,0,0.0,100.0,1,0,0,0.0,1,0,0.3,0,60.4,60.5,60.0,,0,0,1,0,100.0,,87.5,0.0,0,0,0,0,0,0,0.0,5,5.0
2024,13,False,passing,pff,JK Scott,38809,P,LAC,27,1,100.0,1,1,-4.0,2.8,0,0,0.0,100.0,1,0,0,0.0,1,0,-2.36,0,60.4,60.8,60.3,,0,0,1,0,0.0,,79.2,0.0,0,0,0,0,0,0,0.0,3,3.0
2024,14,False,passing,pff,Drew Lock,39517,QB,NYG,21,1,61.5,39,49,10.0,3.24,5,1,1.9,42.9,21,0,26,12.5,56,3,-0.22,15,81.5,51.1,47.9,73.9,2,1,60,2,33.9,7.7,48.6,3.6,2,5,1,2,0,3,5.0,227,4.6
2024,14,False,passing,pff,Tua Tagovailoa,60326,QB,MIA,17,1,80.0,45,47,5.8,2.14,0,1,2.0,70.2,33,0,12,8.3,48,3,0.25,21,80.6,77.2,76.9,56.8,0,0,52,0,62.5,0.0,104.1,0.0,0,1,1,1,2,0,0.0,331,7.0
2024,14,False,passing,pff,Joe Burrow,28022,QB,CIN,7,1,81.4,43,44,6.3,2.52,0,0,0.0,75.0,33,1,17,5.7,46,2,0.23,18,80.9,87.5,85.4,60.0,0,1,52,1,58.7,11.8,112.8,4.3,2,0,0,1,3,1,1.9,369,8.4
2024,14,False,passing,pff,Jameis Winston,9434,QB,CLV,8,1,66.7,36,41,8.6,2.87,0,2,4.7,58.5,24,0,18,0.0,45,0,-0.26,12,80.4,58.2,54.6,76.9,0,2,47,1,35.6,16.7,68.3,6.7,3,1,0,5,2,3,6.4,212,5.2
2024,14,False,passing,pff,Jared Goff,10635,QB,DET,11,1,82.5,40,41,6.2,2.34,0,0,0.0,78.0,32,0,12,3.0,43,1,0.29,18,80.3,76.0,77.5,51.1,0,1,45,0,67.4,8.3,109.7,2.3,1,1,0,1,3,1,2.2,283,6.9
2024,14,False,passing,pff,Aaron Rodgers,2241,QB,NYJ,22,1,81.1,37,39,7.1,2.7,0,1,2.4,69.2,27,0,14,10.0,43,3,0.27,18,79.9,81.3,79.6,,1,0,46,0,51.2,21.4,104.5,7.0,3,0,0,1,1,0,0.0,339,8.7
2024,14,False,passing,pff,Kyler Murray,38334,QB,ARZ,1,1,74.3,35,38,5.5,2.73,2,1,2.3,65.8,25,0,11,3.8,42,1,0.01,15,80.4,65.2,61.8,70.8,0,2,47,0,50.0,18.2,80.9,4.8,2,2,0,1,2,2,4.3,259,6.8
2024,14,False,passing,pff,Kirk Cousins,7102,QB,ATL,2,1,86.7,30,37,9.0,2.29,5,2,5.3,62.2,23,0,8,11.5,38,3,0.0,15,79.0,76.6,73.1,65.6,2,2,40,1,55.3,12.5,70.1,2.6,1,0,0,0,0,2,5.0,344,9.3
2024,14,False,passing,pff,Patrick Mahomes,11765,QB,KC,16,1,75.8,33,37,7.6,2.6,0,0,0.0,64.9,24,0,18,4.0,43,1,0.04,13,80.4,66.2,61.4,76.1,3,0,47,0,53.5,16.7,88.8,7.0,3,2,0,1,1,0,0.0,210,5.7
2024,14,False,passing,pff,Josh Allen,46601,QB,BUF,4,1,64.9,37,37,12.3,3.09,0,3,7.3,59.5,22,0,11,8.3,41,2,0.56,16,80.8,90.1,76.5,92.0,0,0,45,0,56.1,0.0,117.2,0.0,0,4,0,0,3,0,0.0,342,9.2
2024,14,False,passing,pff,Bryce Young,123943,QB,CAR,5,1,62.5,32,34,10.8,3.34,0,3,8.3,55.9,19,0,19,5.0,41,1,-0.01,13,79.7,63.4,65.8,57.2,0,1,43,3,48.8,5.3,69.6,2.4,1,6,0,2,1,2,4.7,191,5.6
2024,14,False,passing,pff,Will Levis,83542,QB,TEN,31,1,72.4,29,32,5.8,2.79,0,1,3.0,59.4,19,0,6,9.5,34,2,-0.34,8,27.7,63.1,60.7,62.6,0,0,35,0,35.3,33.3,73.4,5.9,2,0,0,3,0,2,5.7,168,5.3
2024,14,False,passing,pff,Derek Carr,8671,QB,NO,20,1,73.3,30,31,10.2,2.45,0,1,3.0,64.5,20,0,11,9.1,35,2,0.02,10,27.9,67.4,68.2,61.4,1,1,37,1,37.1,9.1,82.6,2.9,1,1,0,0,1,2,5.4,219,7.1
2024,14,False,passing,pff,Cooper Rush,12324,QB,DAL,9,1,60.7,28,31,7.5,2.58,2,1,3.1,51.6,16,0,14,5.9,35,1,-0.27,9,78.7,65.8,64.4,62.6,0,1,36,0,34.3,21.4,77.8,8.6,3,1,0,1,2,1,2.8,183,5.9
2024,14,False,passing,pff,Mac Jones,60323,QB,JAX,15,1,85.2,27,31,5.3,2.84,1,0,0.0,74.2,23,0,10,0.0,34,0,0.08,11,78.5,64.6,65.8,54.5,2,2,35,0,61.8,10.0,66.6,2.9,1,2,0,1,0,1,2.9,220,7.1
2024,14,False,passing,pff,Matthew Stafford,4924,QB,LA,26,1,76.7,30,30,9.3,2.52,0,4,11.8,76.7,23,0,8,0.0,30,0,0.76,15,78.3,93.5,93.5,55.7,0,0,35,0,63.3,0.0,132.6,0.0,0,0,0,0,2,0,0.0,320,10.7
2024,14,False,passing,pff,Geno Smith,7820,QB,SEA,29,1,86.2,29,30,5.8,2.8,0,2,6.5,80.0,24,0,11,4.0,30,1,0.27,10,77.6,79.2,81.1,60.0,0,0,31,2,60.0,0.0,110.1,0.0,0,0,0,1,1,0,0.0,233,7.8
2024,14,False,passing,pff,Justin Herbert,28237,QB,LAC,27,1,82.1,28,30,10.3,2.89,1,4,12.5,70.0,21,0,11,8.7,35,2,0.09,11,79.0,89.9,88.7,64.3,1,0,37,0,40.0,27.3,101.1,8.6,3,2,0,0,1,0,0.0,213,7.1
2024,14,False,passing,pff,Baker Mayfield,46518,QB,TB,30,1,73.1,26,29,9.2,2.99,2,1,3.1,62.1,18,0,10,5.3,35,1,0.05,13,27.8,65.8,66.6,54.5,0,2,38,0,57.1,40.0,101.9,11.4,4,2,0,1,3,2,5.3,295,10.2
2024,14,False,passing,pff,Sam Darnold,29048,QB,MIN,18,1,88.0,25,28,12.2,3.13,1,4,13.3,78.6,22,0,13,0.0,35,0,0.63,15,79.0,90.9,91.9,47.6,2,0,37,1,60.0,30.8,157.9,11.4,4,2,0,0,5,0,0.0,347,12.4
2024,14,False,passing,pff,Russell Wilson,7077,QB,PIT,25,1,75.0,20,26,8.0,2.44,1,3,10.7,57.7,15,0,13,0.0,29,0,0.02,7,78.8,77.2,69.1,80.3,1,0,31,1,44.8,7.7,101.1,3.4,1,2,0,4,2,0,0.0,158,6.1
2024,14,False,passing,pff,Brock Purdy,77672,QB,SF,28,1,83.3,24,25,10.2,2.75,1,0,0.0,80.0,20,0,11,0.0,29,0,0.63,13,78.2,90.3,86.6,73.5,0,0,29,0,55.2,9.1,145.4,3.4,1,1,0,0,2,0,0.0,325,13.0
2024,14,False,passing,pff,Caleb Williams,144622,QB,CHI,6,1,81.8,22,23,6.8,3.08,1,0,0.0,73.9,17,0,9,5.6,32,1,-0.26,10,25.4,52.5,46.1,75.0,0,0,33,0,43.8,77.8,116.9,21.9,7,2,0,0,2,2,6.1,134,5.8
2024,14,False,passing,pff,Jalen Hurts,40291,QB,PHI,24,1,77.8,18,21,5.4,3.55,1,0,0.0,66.7,14,0,9,0.0,27,0,-0.03,9,78.5,72.2,63.1,83.1,0,0,28,2,44.4,44.4,110.8,14.8,4,2,0,2,2,0,0.0,108,5.1
2024,14,False,passing,pff,Jordan Love,40306,QB,GB,12,1,72.2,18,20,9.9,3.35,0,2,8.7,60.0,12,0,9,7.7,24,1,0.09,8,77.1,83.8,82.8,63.4,1,0,27,1,41.7,11.1,111.7,4.2,1,3,0,1,1,0,0.0,206,10.3
2024,14,False,passing,pff,Aidan O'Connell,60516,QB,LV,23,1,68.8,16,19,9.8,2.75,0,1,4.8,57.9,11,0,12,0.0,21,0,-0.28,4,26.2,48.6,60.0,33.9,0,1,23,0,42.9,8.3,51.2,4.8,1,1,0,3,0,2,8.7,104,5.5
2024,14,False,passing,pff,Desmond Ridder,55086,QB,LV,23,1,76.5,17,18,5.2,2.55,0,0,0.0,66.7,12,0,11,7.7,20,1,0.16,5,23.8,42.0,51.4,38.8,0,0,20,0,45.0,9.1,81.0,5.0,1,1,0,1,0,1,5.0,101,5.6
2024,14,False,passing,pff,Brandon Allen,10835,QB,SF,28,1,0.0,1,1,25.0,2.2,0,0,0.0,0.0,0,0,0,,1,0,-2.36,0,60.4,28.3,38.2,,0,1,1,1,0.0,,0.0,0.0,0,0,0,0,0,1,100.0,0,0.0
2024,14,False,passing,pff,Tyson Bagent,169628,QB,CHI,6,1,100.0,1,1,3.0,1.5,0,0,0.0,100.0,1,0,0,0.0,1,0,1.06,1,60.4,61.0,60.0,,0,0,1,0,100.0,,91.7,0.0,0,0,0,0,0,0,0.0,6,6.0
2024,15,False,passing,pff,Jared Goff,10635,QB,DET,11,1,71.7,53,59,8.1,2.84,1,2,3.3,64.4,38,0,23,0.0,64,0,0.39,28,41.0,62.0,60.4,66.0,1,0,66,0,51.6,13.0,118.9,4.7,3,2,2,2,5,1,1.5,494,8.4
2024,15,False,passing,pff,Mac Jones,60323,QB,JAX,15,1,74.4,43,46,6.4,2.63,0,0,0.0,67.4,31,0,13,3.1,51,1,0.16,15,81.5,59.7,53.5,83.3,0,2,58,0,52.9,15.4,81.3,3.9,2,3,0,3,2,2,3.4,294,6.4
2024,15,False,passing,pff,Tua Tagovailoa,60326,QB,MIA,17,1,76.9,39,40,4.9,2.47,0,1,2.2,72.5,29,0,14,3.3,44,1,-0.37,11,31.7,30.8,32.9,55.7,0,3,50,0,45.5,21.4,60.0,6.8,3,0,0,1,1,4,8.0,196,4.9
2024,15,False,passing,pff,Sam Darnold,29048,QB,MIN,18,1,71.4,35,40,9.3,2.92,1,0,0.0,60.0,24,0,18,4.0,42,1,0.14,14,80.0,61.0,60.2,,2,1,47,0,54.8,11.1,74.1,4.8,2,0,0,2,1,1,2.1,231,5.8
2024,15,False,passing,pff,Desmond Ridder,55086,QB,LV,23,1,65.7,35,39,10.9,2.89,0,3,7.3,59.0,23,0,16,0.0,46,0,0.05,12,80.5,59.9,59.8,64.3,2,2,48,1,45.7,18.8,60.6,6.5,3,3,1,1,1,2,4.2,208,5.3
2024,15,False,passing,pff,Anthony Richardson,124393,QB,IND,14,1,52.9,34,38,8.4,3.08,0,1,2.5,44.7,17,0,21,5.6,43,1,-0.52,8,80.6,50.5,47.7,64.3,1,2,46,0,30.2,9.5,36.3,4.7,2,3,0,3,0,2,4.3,172,4.5
2024,15,False,passing,pff,Patrick Mahomes,11765,QB,KC,16,1,60.6,33,38,10.3,2.87,1,0,0.0,50.0,19,0,13,5.0,40,1,-0.02,12,79.3,43.8,42.3,64.4,2,0,40,0,45.0,0.0,78.7,0.0,0,1,0,2,2,3,7.5,159,4.2
2024,15,False,passing,pff,Joe Burrow,28022,QB,CIN,7,1,84.8,33,37,7.0,2.43,0,3,7.3,70.3,26,0,12,7.1,38,2,0.22,12,28.6,69.7,70.3,,1,2,42,2,55.3,8.3,95.7,2.6,1,0,1,2,3,3,7.1,271,7.3
2024,15,False,passing,pff,Josh Allen,46601,QB,BUF,4,1,76.7,30,34,11.6,3.29,1,4,11.4,67.6,23,0,11,0.0,37,0,0.68,17,80.3,92.5,90.9,78.8,0,0,38,1,59.5,0.0,122.4,0.0,0,3,0,3,2,0,0.0,362,10.6
2024,15,False,passing,pff,Bo Nix,97790,QB,DEN,10,1,80.6,31,33,6.3,2.66,1,1,2.9,60.6,20,0,6,20.0,37,5,-0.41,7,79.9,55.8,52.9,64.7,0,3,39,0,40.5,16.7,61.4,2.7,1,3,0,1,3,3,7.7,130,3.9
2024,15,False,passing,pff,Justin Herbert,28237,QB,LAC,27,1,77.4,31,33,8.2,2.66,0,1,2.7,63.6,21,0,12,12.5,36,3,-0.27,10,79.0,63.4,62.8,,0,1,40,0,38.9,25.0,87.3,8.3,3,0,0,2,2,1,2.5,195,5.9
2024,15,False,passing,pff,Jalen Hurts,40291,QB,PHI,24,1,86.2,29,32,6.7,3.36,1,0,0.0,78.1,25,0,17,0.0,39,0,0.46,16,36.2,67.4,68.2,59.6,1,0,41,0,53.8,17.6,125.3,7.7,3,3,0,1,2,2,4.9,290,9.1
2024,15,False,passing,pff,Jayden Daniels,97993,QB,WAS,32,1,92.9,28,31,9.3,3.4,2,1,3.0,80.6,25,0,20,3.8,46,1,0.21,15,35.9,74.7,74.1,64.6,0,0,49,0,52.2,40.0,118.5,17.4,8,6,0,1,2,0,0.0,226,7.3
2024,15,False,passing,pff,Caleb Williams,144622,QB,CHI,6,1,73.3,30,31,8.4,3.27,0,2,6.1,58.1,18,0,14,18.2,35,4,-0.17,8,79.0,54.7,57.0,50.4,0,0,38,0,37.1,14.3,86.9,5.7,2,2,0,1,1,1,2.6,191,6.2
2024,15,False,passing,pff,Brock Purdy,77672,QB,SF,28,1,56.7,30,31,11.9,2.52,1,0,0.0,45.2,14,0,15,17.6,34,3,-0.3,7,78.5,54.7,52.8,62.6,0,1,35,0,29.4,20.0,45.4,8.8,3,0,0,0,0,1,2.9,142,4.6
2024,15,False,passing,pff,Aaron Rodgers,2241,QB,NYJ,22,1,58.6,29,30,12.4,3.41,0,2,5.7,53.3,16,0,9,5.9,36,1,0.5,13,79.4,84.8,80.4,73.8,0,0,41,0,47.2,11.1,120.0,2.8,1,5,0,1,3,0,0.0,289,9.6
2024,15,False,passing,pff,Kyler Murray,38334,QB,ARZ,1,1,79.3,29,30,5.3,2.99,0,1,3.0,76.7,23,0,7,0.0,34,0,0.27,9,79.1,56.7,61.8,44.2,0,0,39,0,47.1,0.0,97.1,0.0,0,4,0,1,0,1,2.6,224,7.5
2024,15,False,passing,pff,Cooper Rush,12324,QB,DAL,9,1,80.0,25,29,7.6,2.3,3,1,3.3,62.1,18,0,4,10.0,30,2,0.33,11,19.5,56.2,70.3,26.2,0,0,31,0,50.0,25.0,119.0,3.3,1,0,1,0,3,1,3.2,214,7.4
2024,15,False,passing,pff,Bryce Young,123943,QB,CAR,5,1,76.9,26,28,7.8,3.14,0,0,0.0,67.9,19,0,15,5.0,37,1,-0.39,8,21.5,39.7,45.2,39.1,1,2,42,0,35.1,40.0,73.4,16.2,6,3,0,1,1,3,7.1,219,7.8
2024,15,False,passing,pff,Baker Mayfield,46518,QB,TB,30,1,84.6,26,27,9.0,2.84,0,1,3.3,81.5,22,0,5,0.0,30,0,0.6,13,78.3,76.6,73.6,68.1,0,1,35,0,60.0,20.0,135.3,3.3,1,2,0,1,4,2,5.7,288,10.7
2024,15,False,passing,pff,Jordan Love,40306,QB,GB,12,1,76.9,26,27,7.4,2.76,1,1,3.4,74.1,20,0,13,0.0,28,0,0.44,10,77.4,66.9,67.4,56.8,0,0,30,1,57.1,0.0,123.8,0.0,0,1,0,0,2,0,0.0,229,8.5
2024,15,False,passing,pff,Matthew Stafford,4924,QB,LA,26,1,65.4,26,27,7.2,2.84,0,1,3.7,59.3,16,0,13,5.9,29,1,-0.12,7,78.0,45.1,38.3,72.7,0,0,29,0,44.8,0.0,76.2,0.0,0,1,0,1,0,2,6.9,160,5.9
2024,15,False,passing,pff,C.J. Stroud,129759,QB,HST,13,1,80.0,25,26,8.0,3.25,0,1,3.7,69.2,18,0,11,10.0,32,2,-0.17,9,78.6,80.0,79.7,59.8,0,0,33,0,46.9,36.4,106.4,12.5,4,2,0,1,2,0,0.0,131,5.0
2024,15,False,passing,pff,Mason Rudolph,46569,QB,TEN,31,1,84.0,25,26,5.8,2.47,0,0,0.0,80.8,21,0,8,0.0,27,0,0.39,11,77.6,51.9,50.0,72.3,0,1,30,1,66.7,0.0,109.8,0.0,0,1,1,0,2,1,3.3,209,8.0
2024,15,False,passing,pff,Jameis Winston,9434,QB,CLV,8,1,75.0,24,25,8.0,2.75,0,0,0.0,64.0,16,0,9,11.1,30,2,-0.72,8,77.9,39.9,41.3,55.5,0,3,31,1,40.0,55.6,40.2,16.7,5,0,0,1,0,3,9.7,146,5.8
2024,15,False,passing,pff,Lamar Jackson,46416,QB,BLT,3,1,87.5,24,25,10.9,3.13,0,5,20.0,84.0,21,0,8,0.0,28,0,0.98,14,27.1,86.2,90.1,55.9,0,0,28,1,71.4,25.0,154.6,7.1,2,1,0,1,5,1,3.6,290,11.6
2024,15,False,passing,pff,Tim Boyle,21956,QB,NYG,21,1,66.7,21,24,8.0,2.35,1,2,7.1,50.0,12,0,11,14.3,26,2,-0.37,4,77.6,53.9,53.9,60.0,0,1,30,0,34.6,9.1,61.6,3.8,1,0,0,2,1,3,10.0,123,5.1
2024,15,False,passing,pff,Drake Maye,143969,QB,NE,19,1,90.9,22,23,6.4,2.77,0,1,4.2,82.6,19,0,8,5.0,28,1,0.1,11,77.2,74.0,73.7,60.7,0,1,29,0,57.1,25.0,99.6,7.1,2,3,0,1,1,0,0.0,202,8.8
2024,15,False,passing,pff,Russell Wilson,7077,QB,PIT,25,1,83.3,18,22,7.8,2.46,3,0,0.0,63.6,14,0,9,6.7,26,1,-0.18,6,77.1,60.4,57.8,64.7,0,0,27,0,34.6,22.2,94.5,7.7,2,2,0,1,1,0,0.0,128,5.8
2024,15,False,passing,pff,Spencer Rattler,97408,QB,NO,20,1,64.7,17,21,11.4,2.41,2,1,4.3,47.6,10,0,5,9.1,21,1,0.31,8,76.1,69.0,68.4,,0,0,24,0,42.9,0.0,84.4,0.0,0,0,1,1,1,1,4.2,135,6.4
2024,15,False,passing,pff,Geno Smith,7820,QB,SEA,29,1,88.2,17,19,7.6,2.65,0,0,0.0,78.9,15,0,10,0.0,23,0,-0.06,7,76.3,68.0,65.5,63.3,0,1,25,0,52.2,30.0,77.4,13.0,3,1,0,2,0,1,4.0,149,7.8
2024,15,False,passing,pff,Kirk Cousins,7102,QB,ATL,2,1,80.0,15,17,7.4,2.74,0,1,5.6,64.7,11,0,9,8.3,21,1,-0.52,6,76.0,63.7,66.3,51.1,0,1,22,0,28.6,33.3,78.6,14.3,3,1,0,2,1,1,4.5,112,6.6
2024,15,False,passing,pff,Sam Howell,97599,QB,SEA,29,1,46.2,13,14,6.6,3.12,0,0,0.0,35.7,5,0,12,16.7,19,1,-0.95,1,74.8,26.9,27.6,58.3,1,1,19,0,15.8,33.3,14.6,21.1,4,1,0,0,0,2,10.5,24,1.7
2024,15,False,passing,pff,Tommy DeVito,60545,QB,NYG,21,1,83.3,12,13,3.8,1.98,0,0,0.0,76.9,10,0,3,0.0,16,0,-0.02,4,75.5,55.4,56.3,60.0,0,0,20,0,37.5,66.7,88.0,12.5,2,0,0,1,0,0,0.0,68,5.2
2024,15,False,passing,pff,Will Levis,83542,QB,TEN,31,1,72.7,11,12,6.5,2.54,0,0,0.0,66.7,8,0,3,0.0,13,0,-1.11,3,22.3,33.0,41.3,38.3,1,3,15,0,38.5,33.3,49.0,7.7,1,0,0,0,0,2,13.3,89,7.4
2024,15,False,passing,pff,Jake Haener,60596,QB,NO,20,1,66.7,9,10,8.3,3.19,0,0,0.0,40.0,4,0,9,33.3,14,2,-0.68,2,73.5,54.5,55.9,57.9,0,1,15,0,14.3,33.3,16.3,21.4,3,1,0,1,0,1,6.7,49,4.9
2024,15,False,passing,pff,Dorian Thompson-Robinson,83574,QB,CLV,8,1,50.0,8,9,9.1,3.08,0,0,0.0,44.4,4,0,6,0.0,11,0,-0.74,2,73.0,59.9,54.4,67.4,0,1,12,0,45.5,0.0,12.0,0.0,0,2,0,1,0,0,0.0,18,2.0
2024,15,False,passing,pff,Carson Wentz,10636,QB,KC,16,1,100.0,2,2,2.5,2.93,0,0,0.0,100.0,2,0,2,0.0,3,0,0.79,1,68.7,75.2,78.4,57.9,0,0,3,0,66.7,0.0,108.3,0.0,0,1,0,0,0,0,0.0,20,10.0
2024,15,False,passing,pff,Clayton Tune,77652,QB,ARZ,1,1,100.0,2,2,1.0,1.3,0,0,0.0,100.0,2,0,0,0.0,2,0,-0.65,0,66.1,62.5,61.5,60.0,0,0,2,0,50.0,,83.3,0.0,0,0,0,0,0,0,0.0,8,4.0
2024,15,False,passing,pff,Taylor Heinicke,9896,QB,LAC,27,1,100.0,1,1,3.0,3.3,0,0,0.0,100.0,1,0,0,0.0,1,0,-5.56,0,60.4,60.3,60.1,,0,0,1,0,0.0,,83.3,0.0,0,0,0,0,0,0,0.0,4,4.0
2024,15,False,passing,pff,Cedrick Wilson Jr.,48170,WR,NO,20,1,100.0,1,1,20.0,3.3,0,0,0.0,100.0,1,0,0,0.0,1,0,2.56,1,63.8,74.6,71.0,,0,0,1,0,100.0,,158.3,0.0,0,0,0,0,1,0,0.0,21,21.0
2024,15,False,passing,pff,Tyson Bagent,169628,QB,CHI,6,1,100.0,1,1,-2.0,1.5,0,0,0.0,100.0,1,0,0,0.0,1,0,-0.1,0,60.4,60.7,60.0,,0,0,1,0,0.0,,87.5,0.0,0,0,0,0,0,0,0.0,5,5.0
2024,16,False,passing,pff,Baker Mayfield,46518,QB,TB,30,1,76.2,42,43,10.0,3.09,0,2,4.5,72.1,31,0,13,3.1,50,1,-0.02,17,32.0,70.2,66.0,74.7,0,1,52,0,52.0,30.8,97.3,8.0,4,3,0,1,2,3,5.8,303,7.0
2024,16,False,passing,pff,Geno Smith,7820,QB,SEA,29,1,73.8,42,43,8.2,2.77,0,2,4.4,72.1,31,0,22,0.0,46,0,-0.03,17,80.1,68.6,68.3,58.3,0,2,48,0,52.2,9.1,96.5,4.3,2,1,0,1,3,2,4.2,314,7.3
2024,16,False,passing,pff,Aaron Rodgers,2241,QB,NYJ,22,1,73.8,42,42,5.6,2.84,0,1,2.2,66.7,28,0,8,9.7,44,3,0.0,14,30.0,53.2,55.1,58.3,0,0,49,1,52.3,12.5,91.0,2.3,1,1,0,0,1,1,2.0,256,6.1
2024,16,False,passing,pff,Patrick Mahomes,11765,QB,KC,16,1,73.2,41,41,5.7,2.48,0,1,2.3,68.3,28,0,17,6.7,46,2,0.28,15,80.7,89.3,80.1,90.5,0,0,50,0,50.0,5.9,93.5,2.2,1,3,0,0,1,0,0.0,260,6.3
2024,16,False,passing,pff,Caleb Williams,144622,QB,CHI,6,1,72.2,36,40,9.9,3.31,1,4,9.5,65.0,26,0,17,0.0,46,0,0.24,16,80.1,83.0,79.5,71.9,0,0,48,1,50.0,11.8,107.7,4.3,2,4,0,3,2,0,0.0,334,8.4
2024,16,False,passing,pff,Brock Purdy,77672,QB,SF,28,1,77.8,36,40,5.0,2.74,1,0,0.0,65.0,26,0,17,7.1,46,2,0.07,17,80.2,71.5,66.7,75.2,0,1,47,0,52.2,17.6,95.1,6.5,3,3,2,1,2,1,2.1,313,7.8
2024,16,False,passing,pff,Bo Nix,97790,QB,DEN,10,1,80.6,36,40,3.0,2.61,2,0,0.0,72.5,29,1,14,0.0,44,0,0.15,16,79.8,62.6,59.8,66.8,0,0,45,1,45.5,14.3,106.6,4.5,2,2,0,2,2,0,0.0,263,6.6
2024,16,False,passing,pff,Drew Lock,39517,QB,NYG,21,1,61.1,36,39,7.0,2.84,0,0,0.0,56.4,22,0,11,0.0,42,0,-0.54,11,29.3,38.6,41.2,59.4,0,2,44,1,50.0,27.3,58.7,7.1,3,0,0,3,1,3,6.8,210,5.4
2024,16,False,passing,pff,Mac Jones,60323,QB,JAX,15,1,78.1,32,39,6.6,2.66,3,1,2.3,64.1,25,0,9,0.0,40,0,-0.14,9,79.8,72.4,71.1,,0,0,45,0,35.0,11.1,90.4,2.5,1,0,0,4,1,1,2.2,247,6.3
2024,16,False,passing,pff,Jayden Daniels,97993,QB,WAS,32,1,69.4,36,39,7.8,2.71,0,3,7.3,61.5,24,0,20,4.0,46,1,0.09,15,80.7,74.8,68.6,76.7,0,2,48,0,43.5,5.0,99.1,2.2,1,6,1,2,5,2,4.2,258,6.6
2024,16,False,passing,pff,C.J. Stroud,129759,QB,HST,13,1,66.7,36,39,11.7,3.26,1,2,5.0,59.0,23,0,21,4.2,43,1,0.14,16,79.6,83.9,81.7,78.2,1,2,44,2,44.2,9.5,73.0,4.7,2,2,0,1,2,1,2.3,244,6.3
2024,16,False,passing,pff,Aidan O'Connell,60516,QB,LV,23,1,74.3,35,38,6.2,2.96,1,1,2.3,63.2,24,0,13,7.7,41,2,0.07,14,81.1,67.0,58.4,85.3,0,0,47,0,46.3,15.4,82.9,4.9,2,1,0,2,0,0,0.0,257,6.8
2024,16,False,passing,pff,Drake Maye,143969,QB,NE,19,1,73.3,30,36,7.4,2.44,0,2,4.9,61.1,22,0,17,0.0,43,0,0.02,14,32.5,54.0,53.0,66.2,0,1,48,1,46.5,11.8,90.2,4.7,2,2,0,6,2,1,2.1,261,7.3
2024,16,False,passing,pff,Sam Darnold,29048,QB,MIN,18,1,75.0,32,35,7.8,3.02,1,2,5.7,62.9,22,0,13,8.3,40,2,0.1,13,30.0,78.4,75.6,68.4,1,0,42,0,47.5,23.1,112.3,7.5,3,2,0,1,3,2,4.8,246,7.0
2024,16,False,passing,pff,Cooper Rush,12324,QB,DAL,9,1,81.3,32,35,7.1,2.45,0,2,5.3,74.3,26,0,7,0.0,36,0,0.15,12,79.5,71.8,70.7,60.5,0,0,39,0,50.0,14.3,108.3,2.8,1,0,0,3,1,1,2.6,292,8.3
2024,16,False,passing,pff,Mason Rudolph,46569,QB,TEN,31,1,86.2,29,34,6.9,2.74,1,2,5.4,67.6,23,0,9,8.0,36,2,0.05,11,79.5,70.0,69.5,60.1,1,3,39,0,52.8,11.1,72.2,2.8,1,1,0,3,2,2,5.1,252,7.4
2024,16,False,passing,pff,Tua Tagovailoa,60326,QB,MIA,17,1,76.7,30,34,7.0,2.16,0,1,2.9,64.7,22,0,5,4.3,36,1,0.13,13,28.4,72.2,76.3,43.2,0,0,37,0,50.0,0.0,92.2,0.0,0,0,0,4,1,0,0.0,215,6.3
2024,16,False,passing,pff,Dorian Thompson-Robinson,83574,QB,CLV,8,1,73.3,30,34,5.2,3.27,0,1,2.7,58.8,20,0,16,9.1,42,2,-0.45,10,33.1,54.1,51.0,63.5,0,2,45,1,31.0,31.3,45.8,11.9,5,3,0,4,0,2,4.4,157,4.6
2024,16,False,passing,pff,Russell Wilson,7077,QB,PIT,25,1,88.5,26,33,7.9,3.16,0,2,6.1,66.7,22,0,17,4.3,38,1,-0.3,14,28.1,63.1,68.7,39.8,0,1,38,0,42.1,17.6,92.6,7.9,3,2,1,6,2,2,5.3,217,6.6
2024,16,False,passing,pff,Kyler Murray,38334,QB,ARZ,1,1,69.0,29,32,6.8,3.18,0,0,0.0,62.5,20,0,13,0.0,42,0,0.04,14,80.1,64.0,53.6,88.7,0,1,46,1,50.0,23.1,77.9,7.1,3,6,0,3,1,1,2.2,202,6.3
2024,16,False,passing,pff,Jared Goff,10635,QB,DET,11,1,80.0,30,32,6.3,2.77,0,2,6.3,71.9,23,0,7,4.2,33,1,0.41,15,78.2,69.6,68.3,60.0,1,0,33,0,54.5,14.3,137.0,3.0,1,0,0,1,3,1,3.0,336,10.5
2024,16,False,passing,pff,Justin Herbert,28237,QB,LAC,27,1,85.7,28,31,6.9,2.8,2,2,5.9,74.2,23,0,20,4.2,37,1,0.45,16,80.0,78.2,76.2,67.2,0,1,40,0,59.5,10.0,110.1,5.4,2,4,0,1,2,1,2.5,284,9.2
2024,16,False,passing,pff,Joe Burrow,28022,QB,CIN,7,1,82.1,28,30,8.5,2.86,0,3,10.0,76.7,23,0,15,0.0,36,0,0.01,15,27.4,75.8,74.2,62.9,0,0,36,0,55.6,26.7,134.3,11.1,4,2,0,2,3,1,2.8,252,8.4
2024,16,False,passing,pff,Spencer Rattler,97408,QB,NO,20,1,61.5,26,30,8.7,3.07,1,2,6.5,50.0,15,0,20,6.3,38,1,-0.49,10,28.0,46.7,43.7,64.7,2,1,39,0,36.8,15.0,51.1,7.9,3,5,0,1,0,2,5.1,153,5.1
2024,16,False,passing,pff,Josh Allen,46601,QB,BUF,4,1,66.7,27,29,12.2,3.51,0,1,3.3,55.2,16,0,10,11.1,34,2,0.09,12,78.7,68.2,61.5,77.1,0,1,35,0,47.1,10.0,67.3,2.9,1,4,0,2,1,2,5.7,154,5.3
2024,16,False,passing,pff,Jordan Love,40306,QB,GB,12,1,69.6,23,28,7.5,2.84,2,1,3.6,57.1,16,0,10,0.0,28,0,0.03,9,77.3,68.7,65.9,62.6,0,0,28,1,42.9,0.0,88.7,0.0,0,0,0,3,1,0,0.0,182,6.5
2024,16,False,passing,pff,Michael Penix Jr.,82134,QB,ATL,2,1,80.8,26,27,5.9,2.44,0,0,0.0,66.7,18,0,9,14.3,30,3,0.05,10,78.1,75.4,77.7,51.2,0,1,31,0,50.0,0.0,73.4,0.0,0,2,0,1,0,0,0.0,202,7.5
2024,16,False,passing,pff,Bryce Young,123943,QB,CAR,5,1,78.3,23,26,7.1,2.89,0,4,14.3,65.4,17,0,12,5.6,33,1,0.18,12,78.5,91.7,91.2,73.9,0,0,35,1,42.4,25.0,107.5,9.1,3,4,0,3,2,0,0.0,158,6.1
2024,16,False,passing,pff,Kenny Pickett,60515,QB,PHI,24,1,71.4,21,24,9.0,3.08,1,0,0.0,58.3,14,0,13,6.7,30,1,-0.16,8,77.7,57.7,59.5,52.0,1,1,33,0,33.3,23.1,72.0,10.0,3,3,0,1,1,1,3.0,143,6.0
2024,16,False,passing,pff,Lamar Jackson,46416,QB,BLT,3,1,69.6,23,23,10.3,2.7,0,3,13.0,65.2,15,0,14,6.3,25,1,0.31,12,78.6,89.9,90.4,63.9,0,1,25,0,56.0,7.1,115.4,4.0,1,0,0,0,3,0,0.0,207,9.0
2024,16,False,passing,pff,Matthew Stafford,4924,QB,LA,26,1,87.5,16,19,3.7,2.39,2,0,0.0,73.7,14,0,4,0.0,19,0,0.19,7,76.2,61.8,60.3,60.5,1,1,20,0,47.4,0.0,83.2,0.0,0,0,0,0,1,1,5.0,110,5.8
2024,16,False,passing,pff,Anthony Richardson,124393,QB,IND,14,1,72.7,11,11,7.7,2.47,0,1,9.1,63.6,7,0,3,12.5,14,1,0.14,6,76.1,63.0,51.0,71.9,0,1,14,1,42.9,33.3,97.2,7.1,1,2,0,0,1,1,7.1,131,11.9
2024,16,False,passing,pff,Jalen Hurts,40291,QB,PHI,24,1,33.3,3,4,15.3,3.05,0,0,0.0,25.0,1,0,3,0.0,6,0,0.12,2,69.9,55.9,46.6,66.5,0,0,6,1,50.0,0.0,39.6,0.0,0,2,0,1,0,0,0.0,11,2.8
2024,16,False,passing,pff,Malik Willis,60341,QB,GB,12,1,100.0,2,2,17.5,2.65,0,1,50.0,50.0,1,0,0,50.0,2,1,0.97,1,69.1,77.2,80.9,58.4,0,0,2,0,50.0,,95.8,0.0,0,0,0,0,0,0,0.0,34,17.0
2024,17,False,passing,pff,Joe Burrow,28022,QB,CIN,7,1,83.7,49,49,7.5,2.49,0,3,5.7,79.6,39,0,17,4.9,58,2,0.23,24,82.2,92.8,90.8,82.0,0,0,64,0,62.1,41.2,122.1,12.1,7,2,0,0,3,0,0.0,412,8.4
2024,17,False,passing,pff,Kyler Murray,38334,QB,ARZ,1,1,76.7,43,48,7.1,2.64,1,4,7.7,68.8,33,0,15,0.0,54,0,0.14,17,81.6,81.6,78.3,72.5,1,2,58,0,53.7,26.7,76.8,7.4,4,2,0,3,1,1,1.7,321,6.7
2024,17,False,passing,pff,Dorian Thompson-Robinson,83574,QB,CLV,8,1,69.0,42,47,5.3,2.4,1,0,0.0,51.1,24,0,11,17.2,49,5,-0.57,7,35.6,57.3,57.2,58.2,0,1,51,3,34.7,9.1,50.8,2.0,1,1,0,4,0,2,3.9,170,3.6
2024,17,False,passing,pff,Sam Darnold,29048,QB,MIN,18,1,84.6,39,43,7.9,2.86,1,2,4.4,76.7,33,0,14,0.0,44,0,0.33,20,80.4,69.4,69.8,60.5,1,1,46,1,61.4,7.1,116.1,2.3,1,0,0,2,3,1,2.2,377,8.8
2024,17,False,passing,pff,Justin Herbert,28237,QB,LAC,27,1,82.4,34,38,9.9,2.85,0,1,2.5,68.4,26,0,8,7.1,41,2,0.51,17,79.7,84.8,82.2,67.2,1,0,43,0,56.1,0.0,116.2,0.0,0,2,0,3,3,0,0.0,281,7.4
2024,17,False,passing,pff,Joe Flacco,4332,QB,IND,14,1,75.0,36,38,10.4,2.55,0,3,7.1,68.4,26,0,14,3.7,40,1,0.22,16,29.6,76.9,76.8,56.3,0,2,44,0,57.5,14.3,90.9,5.0,2,0,0,2,2,2,4.5,330,8.7
2024,17,False,passing,pff,Patrick Mahomes,11765,QB,KC,16,1,80.6,36,38,6.5,2.33,2,1,2.4,76.3,29,0,7,0.0,39,0,0.49,17,79.5,84.9,81.0,71.7,0,0,43,0,64.1,0.0,127.1,0.0,0,1,0,0,3,0,0.0,320,8.4
2024,17,False,passing,pff,Russell Wilson,7077,QB,PIT,25,1,72.7,33,37,7.2,3.02,1,1,2.6,62.2,23,1,20,4.2,48,1,-0.18,15,27.9,61.5,51.8,84.4,1,1,49,1,45.8,25.0,65.7,10.4,5,6,0,2,0,2,4.1,205,5.5
2024,17,False,passing,pff,Spencer Rattler,97408,QB,NO,20,1,61.8,34,36,7.7,2.78,0,2,4.9,55.6,20,0,18,4.8,41,1,-0.3,10,29.7,52.9,48.8,74.8,0,2,46,0,36.6,16.7,59.7,7.3,3,2,0,2,1,4,8.7,218,6.1
2024,17,False,passing,pff,Jayden Daniels,97993,QB,WAS,32,1,84.8,33,36,7.2,3.06,1,2,5.3,66.7,24,0,17,14.3,49,4,0.19,18,82.1,82.2,73.0,83.3,0,1,53,0,59.2,29.4,100.1,10.2,5,8,0,2,3,1,1.9,227,6.3
2024,17,False,passing,pff,Aidan O'Connell,60516,QB,LV,23,1,66.7,33,35,11.3,2.77,0,3,8.6,57.1,20,0,11,9.1,36,2,0.25,14,79.2,67.7,65.3,65.7,1,0,37,0,47.2,9.1,97.6,2.8,1,0,0,1,2,1,2.7,242,6.9
2024,17,False,passing,pff,Michael Penix Jr.,82134,QB,ATL,2,1,55.9,34,35,12.7,2.82,0,2,5.1,54.3,19,0,11,0.0,38,0,-0.06,11,21.9,53.0,54.3,53.9,1,1,42,0,39.5,18.2,71.5,5.3,2,1,0,0,1,2,4.8,223,6.4
2024,17,False,passing,pff,Brock Purdy,77672,QB,SF,28,1,84.4,32,35,9.0,2.73,0,1,2.6,77.1,27,0,12,0.0,38,0,0.38,18,79.7,80.2,78.7,71.4,0,2,42,1,68.4,16.7,116.0,5.3,2,1,1,2,3,2,4.8,377,10.8
2024,17,False,passing,pff,Jared Goff,10635,QB,DET,11,1,78.8,33,34,5.6,2.56,0,3,8.3,76.5,26,0,10,0.0,36,0,0.49,16,79.4,87.7,85.9,60.5,0,0,38,0,63.9,20.0,132.4,5.6,2,0,0,1,3,0,0.0,303,8.9
2024,17,False,passing,pff,Matthew Stafford,4924,QB,LA,26,1,69.2,26,32,7.0,2.89,1,2,5.7,53.1,17,0,8,5.6,33,1,-0.05,9,79.5,72.9,68.5,72.6,1,0,36,0,48.5,0.0,71.0,0.0,0,1,0,4,0,3,8.3,189,5.9
2024,17,False,passing,pff,Baker Mayfield,46518,QB,TB,30,1,87.5,32,32,9.0,2.83,0,1,3.0,84.4,27,0,8,3.6,36,1,0.67,17,78.7,90.8,90.5,58.3,0,0,38,0,72.2,25.0,153.0,5.6,2,1,0,0,5,0,0.0,359,11.2
2024,17,False,passing,pff,Mason Rudolph,46569,QB,TEN,31,1,70.4,27,31,9.1,2.94,0,1,2.9,61.3,19,0,18,0.0,39,0,0.0,13,26.9,66.0,64.6,68.9,2,1,42,1,41.0,16.7,76.4,7.7,3,4,0,2,1,1,2.4,193,6.2
2024,17,False,passing,pff,C.J. Stroud,129759,QB,HST,13,1,66.7,27,31,10.3,3.18,0,0,0.0,54.8,17,0,14,5.6,37,1,-0.51,7,78.9,52.6,50.2,65.9,2,1,39,0,35.1,35.7,59.2,13.5,5,1,0,2,0,1,2.6,185,6.0
2024,17,False,passing,pff,Bo Nix,97790,QB,DEN,10,1,80.0,30,31,8.0,3.24,1,2,6.5,77.4,24,0,9,0.0,39,0,0.13,12,79.1,71.4,68.3,67.8,0,1,39,0,46.2,22.2,114.9,5.1,2,6,0,0,3,1,2.6,219,7.1
2024,17,False,passing,pff,Jordan Love,40306,QB,GB,12,1,71.4,28,30,9.8,2.71,0,0,0.0,63.3,19,0,12,5.0,35,1,0.03,11,78.7,72.3,72.5,56.8,1,0,38,0,51.4,25.0,91.7,8.6,3,1,0,1,1,0,0.0,185,6.2
2024,17,False,passing,pff,Cooper Rush,12324,QB,DAL,9,1,59.3,27,28,9.4,2.3,1,2,6.9,53.6,15,0,5,6.3,30,1,-0.57,7,78.0,51.3,49.3,62.6,0,2,32,0,40.0,20.0,50.7,3.3,1,0,0,0,1,2,6.3,147,5.3
2024,17,False,passing,pff,Bryce Young,123943,QB,CAR,5,1,77.3,22,28,14.5,3.07,0,3,10.3,53.6,15,0,23,11.8,35,2,-0.19,11,34.3,80.3,78.7,62.9,0,0,36,0,37.1,21.7,100.7,14.3,5,2,0,6,2,0,0.0,203,7.3
2024,17,False,passing,pff,Caleb Williams,144622,QB,CHI,6,1,72.0,25,28,6.4,2.94,1,2,6.5,57.1,16,0,22,11.1,40,2,-0.28,8,79.7,59.1,54.0,73.1,0,1,43,0,27.5,31.8,53.0,17.5,7,3,0,2,0,2,4.7,122,4.4
2024,17,False,passing,pff,Josh Allen,46601,QB,BUF,4,1,75.0,24,27,8.8,2.93,0,3,8.8,59.3,16,0,12,11.1,28,2,0.39,8,79.3,91.2,85.7,84.4,1,0,36,0,42.9,0.0,104.2,0.0,0,1,0,2,2,0,0.0,182,6.7
2024,17,False,passing,pff,Tyler Huntley,46448,QB,MIA,17,1,95.8,24,26,5.8,2.46,0,0,0.0,84.6,22,0,12,4.3,37,1,0.18,15,79.3,87.4,83.6,73.2,0,0,40,0,51.4,33.3,115.5,10.8,4,5,1,1,1,0,0.0,225,8.7
2024,17,False,passing,pff,Drew Lock,39517,QB,NYG,21,1,81.8,22,23,8.5,2.81,0,1,4.0,73.9,17,0,7,5.6,24,1,1.16,11,77.7,78.3,75.8,65.9,0,0,26,0,66.7,0.0,155.3,0.0,0,1,0,1,4,0,0.0,309,13.4
2024,17,False,passing,pff,Geno Smith,7820,QB,SEA,29,1,81.0,21,23,3.6,3.03,1,0,0.0,73.9,17,0,11,0.0,28,0,-0.21,8,19.1,45.1,42.9,62.4,1,0,28,0,46.4,27.3,92.7,10.7,3,2,0,0,0,3,10.7,160,7.0
2024,17,False,passing,pff,Drake Maye,143969,QB,NE,19,1,66.7,18,22,10.1,2.78,1,1,3.7,54.5,12,0,15,0.0,31,0,-0.44,5,27.7,52.2,58.2,44.4,2,0,36,0,38.7,26.7,84.8,12.9,4,5,0,1,1,1,2.8,117,5.3
2024,17,False,passing,pff,Mac Jones,60323,QB,JAX,15,1,71.4,21,22,6.7,2.67,0,2,9.1,68.2,15,0,5,0.0,26,0,0.43,10,77.7,80.8,77.9,75.2,0,0,26,2,57.7,40.0,122.2,7.7,2,2,0,1,2,0,0.0,174,7.9
2024,17,False,passing,pff,Aaron Rodgers,2241,QB,NYJ,22,1,76.5,17,18,4.7,2.49,0,0,0.0,66.7,12,0,8,7.7,23,1,-0.78,3,76.3,46.1,49.1,,0,2,25,2,52.2,50.0,44.0,17.4,4,0,0,1,0,1,4.0,112,6.2
2024,17,False,passing,pff,Lamar Jackson,46416,QB,BLT,3,1,76.9,13,15,9.5,3.61,0,3,18.8,66.7,10,0,7,0.0,17,0,0.46,7,75.7,92.4,84.3,90.2,1,0,18,0,52.9,14.3,143.9,5.9,1,1,0,1,2,0,0.0,168,11.2
2024,17,False,passing,pff,Kenny Pickett,60515,QB,PHI,24,1,76.9,13,15,9.9,2.5,1,3,17.6,66.7,10,0,3,0.0,16,0,0.29,4,76.0,77.7,72.7,71.8,0,0,19,0,43.8,0.0,119.6,0.0,0,0,0,1,1,1,5.3,143,9.5
2024,17,False,passing,pff,Tyrod Taylor,6332,QB,NYJ,22,1,84.6,13,14,4.8,2.74,0,0,0.0,78.6,11,0,5,0.0,15,0,0.63,6,22.5,75.9,86.2,39.6,0,0,17,0,60.0,0.0,131.0,0.0,0,1,0,1,2,0,0.0,83,5.9
2024,17,False,passing,pff,Joshua Dobbs,11890,QB,SF,28,1,75.0,4,4,10.8,3.06,0,0,0.0,75.0,3,0,1,0.0,5,0,0.83,3,68.0,80.0,73.9,64.4,0,0,5,0,80.0,0.0,101.0,0.0,0,1,0,0,0,0,0.0,35,8.8
2024,17,False,passing,pff,Tanner McKee,131770,QB,PHI,24,1,75.0,4,4,15.3,1.8,0,1,25.0,75.0,3,0,1,0.0,4,0,1.68,2,69.5,89.7,90.1,60.0,0,0,4,0,75.0,0.0,156.3,0.0,0,0,0,0,2,0,0.0,54,13.5
2024,17,False,passing,pff,Jacoby Brissett,10725,QB,NE,19,1,50.0,2,2,-0.5,1.95,0,0,0.0,50.0,1,0,0,0.0,2,0,-1.09,0,63.6,54.6,54.5,,0,0,2,0,0.0,,56.3,0.0,0,0,0,0,0,0,0.0,-2,-1.0
2024,17,False,passing,pff,Taylor Heinicke,9896,QB,LAC,27,1,50.0,2,2,6.5,3.43,0,0,0.0,0.0,0,0,0,100.0,3,1,-0.5,1,65.5,80.8,72.9,64.4,0,0,3,0,33.3,,39.6,0.0,0,1,0,0,0,0,0.0,0,0.0
2024,17,False,passing,pff,Josh Johnson,4474,QB,BLT,3,1,50.0,2,2,27.0,2.75,0,0,0.0,50.0,1,0,0,0.0,2,0,0.46,1,63.6,71.5,70.2,,0,0,2,0,50.0,,77.1,0.0,0,0,0,0,0,0,0.0,16,8.0
2024,17,False,passing,pff,Mitch Trubisky,11757,QB,BUF,4,1,100.0,1,1,-3.0,0.9,0,0,0.0,100.0,1,0,0,0.0,1,0,7.08,1,66.7,62.1,60.4,60.0,0,0,1,0,100.0,,158.3,0.0,0,0,0,0,1,0,0.0,69,69.0
2024,17,False,passing,pff,Trey Lance,91399,QB,DAL,9,1,100.0,1,1,1.0,6.05,0,0,0.0,100.0,1,0,2,0.0,2,0,-0.74,0,63.6,52.4,60.1,55.7,0,0,2,0,0.0,0.0,79.2,0.0,0,1,0,0,0,0,0.0,1,1.0
2024,17,False,passing,pff,Davis Mills,52269,QB,HST,13,1,100.0,1,1,5.0,2.8,0,0,0.0,100.0,1,0,1,0.0,1,0,1.22,1,60.4,72.8,70.8,,0,0,1,0,100.0,0.0,87.5,0.0,0,0,0,0,0,0,0.0,5,5.0
2024,17,False,passing,pff,Ricky Pearsall,100660,WR,SF,28,1,,0,1,,5.75,0,0,0.0,0.0,0,0,2,,2,0,-0.22,0,71.8,78.4,60.0,52.9,0,0,2,0,50.0,0.0,39.6,0.0,0,1,0,1,0,0,0.0,0,0.0
2024,18,False,passing,pff,Joe Burrow,28022,QB,CIN,7,1,93.0,43,46,4.5,2.44,3,2,4.3,80.4,37,0,15,7.5,50,3,-0.11,15,80.6,90.2,88.5,60.0,0,1,52,0,54.0,26.7,89.9,8.0,4,0,0,0,1,1,1.9,277,6.0
2024,18,False,passing,pff,Joshua Dobbs,11890,QB,SF,28,1,75.6,41,43,7.1,2.6,1,0,0.0,67.4,29,0,11,6.5,47,2,-0.01,16,24.1,51.5,57.6,39.0,0,2,49,0,48.9,18.2,86.0,4.3,2,2,1,0,2,3,6.1,326,7.6
2024,18,False,passing,pff,Spencer Rattler,97408,QB,NO,20,1,68.4,38,42,9.0,2.7,0,0,0.0,61.9,26,0,10,0.0,45,0,-0.03,14,80.1,50.9,48.8,65.9,1,0,48,1,42.2,20.0,85.4,4.4,2,1,0,3,1,2,4.2,240,5.7
2024,18,False,passing,pff,Tanner McKee,131770,QB,PHI,24,1,75.0,40,41,6.6,2.44,1,0,0.0,65.9,27,0,18,10.0,43,3,0.07,15,79.9,64.8,63.2,63.7,0,0,43,0,53.5,11.1,100.6,4.7,2,0,0,0,2,1,2.3,269,6.6
2024,18,False,passing,pff,Sam Darnold,29048,QB,MIN,18,1,57.1,35,41,8.5,3.14,0,0,0.0,43.9,18,0,22,10.0,45,2,-0.48,8,80.3,45.8,44.5,78.5,2,0,48,3,26.7,9.1,55.5,4.4,2,2,0,4,0,2,4.2,166,4.0
2024,18,False,passing,pff,Jimmy Garoppolo,8697,QB,LA,26,1,72.5,40,41,4.8,2.63,0,1,2.4,65.9,27,0,20,6.9,45,2,0.01,16,80.1,70.8,71.5,53.6,0,1,46,0,53.3,15.0,97.0,6.7,3,1,0,1,2,1,2.2,334,8.1
2024,18,False,passing,pff,Tyler Huntley,46448,QB,MIA,17,1,72.2,36,41,7.4,2.75,1,0,0.0,61.0,25,0,22,3.8,49,1,-0.22,15,19.0,52.8,49.7,70.5,1,2,51,0,44.9,18.2,64.0,8.2,4,3,0,3,1,4,7.8,229,5.6
2024,18,False,passing,pff,Joe Flacco,4332,QB,IND,14,1,72.2,36,40,9.8,2.75,1,1,2.4,57.5,23,0,12,11.5,43,3,-0.11,11,79.6,73.8,72.4,,0,0,44,1,46.5,25.0,85.8,7.0,3,0,0,3,1,0,0.0,264,6.6
2024,18,False,passing,pff,Michael Penix Jr.,82134,QB,ATL,2,1,76.5,34,38,11.9,2.68,1,7,17.9,55.3,21,0,11,19.2,40,5,0.23,12,79.2,95.6,94.5,63.3,2,1,41,0,52.5,9.1,88.9,2.5,1,1,0,1,2,0,0.0,312,8.2
2024,18,False,passing,pff,Justin Herbert,28237,QB,LAC,27,1,82.4,34,36,8.2,2.52,1,3,7.7,77.8,28,0,5,0.0,38,0,0.59,14,79.8,93.1,91.4,76.2,0,0,41,1,68.4,20.0,125.2,2.6,1,1,1,0,2,0,0.0,346,9.6
2024,18,False,passing,pff,Aaron Rodgers,2241,QB,NYJ,22,1,74.3,35,36,6.4,2.89,0,2,5.4,63.9,23,0,18,11.5,40,3,-0.04,14,79.2,77.4,76.2,,0,1,41,0,45.0,16.7,112.5,7.5,3,0,0,1,4,0,0.0,274,7.6
2024,18,False,passing,pff,Kyler Murray,38334,QB,ARZ,1,1,81.3,32,35,7.2,2.47,0,3,8.1,71.4,25,0,7,3.8,36,1,0.25,15,79.5,84.5,82.4,66.4,0,0,39,0,61.1,0.0,128.5,0.0,0,1,0,3,4,0,0.0,242,6.9
2024,18,False,passing,pff,Aidan O'Connell,60516,QB,LV,23,1,75.8,33,34,9.2,2.56,0,2,5.7,70.6,24,0,10,4.0,35,1,-0.1,10,28.7,62.1,56.0,79.5,0,1,37,0,45.7,0.0,94.5,0.0,0,1,0,1,2,2,5.4,214,6.3
2024,18,False,passing,pff,Bryce Young,123943,QB,CAR,5,1,78.8,33,34,8.6,3.2,0,3,8.8,73.5,25,0,6,3.8,38,1,0.52,18,79.1,89.3,86.3,71.5,0,0,39,0,57.9,0.0,123.5,0.0,0,4,0,1,3,0,0.0,251,7.4
2024,18,False,passing,pff,Trey Lance,91399,QB,DAL,9,1,67.7,31,34,8.1,2.71,1,0,0.0,58.8,20,0,9,4.8,37,1,-0.01,13,80.0,68.0,69.6,54.7,1,0,40,0,45.9,22.2,81.0,5.4,2,1,0,1,0,0,0.0,244,7.2
2024,18,False,passing,pff,Jared Goff,10635,QB,DET,11,1,90.0,30,33,5.1,2.6,2,0,0.0,81.8,27,0,13,0.0,35,0,0.02,14,78.4,79.8,78.4,,0,2,36,0,57.1,15.4,80.7,5.7,2,0,0,1,1,1,2.8,231,7.0
2024,18,False,passing,pff,Baker Mayfield,46518,QB,TB,30,1,73.3,30,32,9.1,3.09,1,2,6.3,65.6,21,0,11,4.5,41,1,0.45,14,79.6,94.8,92.0,88.4,0,1,41,0,56.1,9.1,93.4,2.4,1,7,0,1,2,0,0.0,221,6.9
2024,18,False,passing,pff,Lamar Jackson,46416,QB,BLT,3,1,62.1,29,32,8.8,2.97,0,2,6.1,50.0,16,0,16,11.1,35,2,0.07,13,79.9,87.7,81.4,87.4,1,0,36,2,48.6,0.0,92.8,0.0,0,3,1,1,2,0,0.0,217,6.8
2024,18,False,passing,pff,Mac Jones,60323,QB,JAX,15,1,70.0,30,32,8.9,2.73,1,2,6.1,62.5,20,0,11,4.8,36,1,0.02,11,79.2,60.8,56.2,71.1,0,1,37,0,44.4,18.2,70.4,5.6,2,2,0,1,0,1,2.7,225,7.0
2024,18,False,passing,pff,Bailey Zappe,60396,QB,CLV,8,1,60.0,30,31,8.1,2.68,0,3,8.8,51.6,16,0,9,11.1,33,2,-0.57,8,78.8,41.0,43.7,57.9,0,2,37,1,36.4,11.1,51.8,3.0,1,1,0,1,1,4,10.8,170,5.5
2024,18,False,passing,pff,Russell Wilson,7077,QB,PIT,25,1,75.0,28,31,7.8,2.44,2,2,5.9,54.8,17,0,11,19.0,37,4,-0.25,9,79.5,72.7,71.2,63.5,0,0,40,0,35.1,36.4,78.4,10.8,4,2,0,1,1,0,0.0,148,4.8
2024,18,False,passing,pff,Drew Lock,39517,QB,NYG,21,1,85.7,28,29,3.7,2.25,0,1,3.4,75.9,22,0,10,8.3,29,2,-0.56,4,77.4,63.4,60.5,62.7,0,1,29,0,27.6,0.0,82.3,0.0,0,0,0,1,1,1,3.4,138,4.8
2024,18,False,passing,pff,Caleb Williams,144622,QB,CHI,6,1,91.3,23,29,2.1,3.01,0,0,0.0,72.4,21,0,11,0.0,33,0,-0.14,10,27.7,56.4,56.9,56.3,0,0,35,0,33.3,9.1,95.2,3.0,1,2,1,5,1,1,2.9,148,5.1
2024,18,False,passing,pff,Bo Nix,97790,QB,DEN,10,1,89.7,29,29,6.0,2.91,0,3,10.0,89.7,26,0,5,0.0,33,0,0.83,17,78.9,90.3,85.4,77.7,0,0,35,1,72.7,0.0,152.4,0.0,0,4,0,0,4,0,0.0,321,11.1
2024,18,False,passing,pff,Joe Milton III,82151,QB,NE,19,1,81.5,27,29,10.5,3.33,0,3,9.4,75.9,22,0,11,0.0,32,0,0.31,15,79.8,95.8,94.9,72.6,0,0,35,1,59.4,0.0,111.4,0.0,0,2,0,2,1,0,0.0,241,8.3
2024,18,False,passing,pff,Geno Smith,7820,QB,SEA,29,1,80.0,25,27,9.0,2.58,2,1,3.6,74.1,20,0,8,0.0,29,0,0.33,13,77.9,81.7,79.6,62.7,0,0,30,0,51.7,25.0,137.8,6.9,2,0,0,0,4,1,3.3,223,8.3
2024,18,False,passing,pff,Davis Mills,52269,QB,HST,13,1,57.1,21,22,7.5,2.37,0,0,0.0,54.5,12,0,4,0.0,24,0,-0.32,4,77.1,66.7,61.0,74.7,1,0,26,0,33.3,25.0,71.8,4.2,1,1,0,0,0,0,0.0,128,5.8
2024,18,False,passing,pff,Mitch Trubisky,11757,QB,BUF,4,1,75.0,20,21,6.9,2.39,0,0,0.0,71.4,15,0,6,0.0,23,0,0.13,6,76.5,61.1,62.9,53.8,0,0,23,0,52.2,0.0,97.5,0.0,0,1,0,1,1,0,0.0,101,4.8
2024,18,False,passing,pff,Marcus Mariota,9435,QB,WAS,32,1,94.1,17,18,9.7,2.85,0,1,5.3,83.3,15,0,6,6.3,22,1,0.45,10,77.0,88.1,85.5,69.1,0,0,24,0,72.7,33.3,141.0,9.1,2,2,1,0,2,0,0.0,161,8.9
2024,18,False,passing,pff,Will Levis,83542,QB,TEN,31,1,66.7,15,17,16.0,2.46,0,1,5.6,52.9,9,0,6,10.0,19,1,0.2,6,24.2,47.2,60.0,29.2,2,0,20,2,47.4,16.7,108.7,5.3,1,1,0,0,1,1,5.0,175,10.3
2024,18,False,passing,pff,Carson Wentz,10636,QB,KC,16,1,62.5,16,17,5.6,2.56,0,0,0.0,58.8,10,0,11,0.0,22,0,-0.56,4,75.9,44.3,44.8,,1,0,23,0,18.2,36.4,75.1,18.2,4,0,0,0,0,0,0.0,98,5.8
2024,18,False,passing,pff,Malik Willis,60341,QB,GB,12,1,76.9,13,13,9.9,3.21,0,0,0.0,76.9,10,0,6,0.0,16,0,-0.2,4,23.2,42.5,36.8,68.0,0,0,19,0,37.5,50.0,109.8,18.8,3,0,0,0,0,1,5.3,136,10.5
2024,18,False,passing,pff,Jordan Love,40306,QB,GB,12,1,66.7,12,12,6.5,3.18,0,0,0.0,58.3,7,0,3,12.5,12,1,-0.26,3,72.8,61.5,60.9,,0,0,13,0,41.7,0.0,74.7,0.0,0,0,0,0,0,0,0.0,69,5.8
2024,18,False,passing,pff,Jayden Daniels,97993,QB,WAS,32,1,58.3,12,12,9.2,3.12,0,0,0.0,50.0,6,0,6,14.3,17,1,-0.56,2,75.4,59.5,51.7,74.2,0,0,17,0,35.3,66.7,56.9,23.5,4,1,0,0,0,0,0.0,38,3.2
2024,18,False,passing,pff,Mike White,46453,QB,BUF,4,1,44.4,9,11,9.9,2.34,1,0,0.0,27.3,3,0,2,25.0,12,1,-0.89,1,72.4,45.8,46.2,,1,0,12,0,16.7,0.0,39.6,0.0,0,0,0,0,0,0,0.0,28,2.5
2024,18,False,passing,pff,Mason Rudolph,46569,QB,TEN,31,1,77.8,9,9,2.7,2.73,0,0,0.0,77.8,7,0,2,0.0,12,0,0.31,4,72.8,62.9,59.1,63.1,0,0,13,0,50.0,50.0,99.1,8.3,1,1,0,0,0,0,0.0,70,7.8
2024,18,False,passing,pff,C.J. Stroud,129759,QB,HST,13,1,100.0,6,6,5.8,2.38,0,0,0.0,100.0,6,0,2,0.0,6,0,0.75,4,68.9,85.5,83.6,,0,0,6,1,100.0,0.0,141.0,0.0,0,0,0,0,1,0,0.0,50,8.3
2024,18,False,passing,pff,Dorian Thompson-Robinson,83574,QB,CLV,8,1,66.7,3,3,7.7,2.75,0,0,0.0,66.7,2,0,2,0.0,4,0,-0.03,1,69.5,38.6,42.4,54.0,0,0,4,0,25.0,50.0,75.7,25.0,1,0,0,0,0,0,0.0,13,4.3
2024,18,False,passing,pff,Desmond Ridder,55086,QB,LV,23,1,100.0,1,2,2.0,2.45,0,0,0.0,50.0,1,0,1,0.0,2,0,-0.03,1,63.6,59.0,59.0,,0,0,2,0,50.0,0.0,66.7,0.0,0,0,0,1,0,0,0.0,11,5.5
2024,18,False,passing,pff,Keenan Allen,7857,WR,CHI,6,1,0.0,1,1,19.0,5.5,0,0,0.0,0.0,0,0,0,,1,0,-6.32,0,68.0,54.1,36.8,,0,1,2,0,0.0,,0.0,0.0,0,0,0,0,0,1,50.0,0,0.0
2024,18,False,passing,pff,Dyami Brown,77986,WR,WAS,32,1,100.0,1,1,39.0,3.7,0,0,0.0,0.0,0,0,0,100.0,1,1,-0.52,0,68.3,68.1,73.4,63.0,0,0,1,0,0.0,,39.6,0.0,0,0,0,0,0,0,0.0,0,0.0
2024,18,False,passing,pff,Jalen Coker,143068,WR,CAR,5,1,100.0,1,1,15.0,3.0,0,0,0.0,100.0,1,0,0,0.0,1,0,0.68,1,70.1,71.7,68.8,,0,0,1,0,100.0,,118.8,0.0,0,0,0,0,0,0,0.0,19,19.0
2024,18,False,passing,pff,Drake Maye,143969,QB,NE,19,1,0.0,1,1,3.0,1.85,0,0,0.0,0.0,0,0,1,,2,0,-1.16,0,63.6,50.5,51.9,,0,0,2,0,0.0,100.0,39.6,50.0,1,0,0,0,0,0,0.0,0,0.0
2024,18,False,passing,pff,Allen Lazard,48135,WR,NYJ,22,1,,0,1,,5.3,0,0,0.0,0.0,0,0,0,,1,0,-0.83,0,67.0,70.9,60.0,,0,0,1,0,0.0,,39.6,0.0,0,0,0,1,0,0,0.0,0,0.0
2024,19,True,passing,pff,Sam Darnold,29048,QB,MIN,18,1,67.5,40,40,10.5,3.15,0,1,2.3,62.5,25,0,27,7.4,50,2,-0.53,12,35.8,54.9,48.5,86.8,0,1,53,0,36.0,33.3,77.6,18.0,9,1,0,0,1,3,5.7,245,6.1
2024,19,True,passing,pff,Jayden Daniels,97993,QB,WAS,32,1,75.0,32,35,6.7,2.93,0,1,2.6,68.6,24,0,15,0.0,40,0,0.37,14,81.4,76.9,69.7,79.0,0,0,44,0,57.5,6.7,110.2,2.5,1,3,0,3,2,1,2.3,268,7.7
2024,19,True,passing,pff,Jordan Love,40306,QB,GB,12,1,71.0,31,33,9.2,2.69,1,1,2.6,60.6,20,0,15,9.1,36,2,-0.08,12,79.4,54.7,52.1,68.2,1,3,41,0,47.2,13.3,41.5,5.6,2,1,0,0,0,4,9.8,212,6.4
2024,19,True,passing,pff,C.J. Stroud,129759,QB,HST,13,1,68.8,32,33,9.7,2.79,0,1,2.9,66.7,22,0,16,0.0,39,0,-0.03,13,29.7,58.6,54.7,69.5,0,1,42,0,48.7,18.8,90.7,7.7,3,3,0,1,1,4,9.5,282,8.5
2024,19,True,passing,pff,Justin Herbert,28237,QB,LAC,27,1,56.7,30,32,12.6,2.8,0,0,0.0,43.8,14,0,19,17.6,37,3,-0.68,9,78.9,60.3,59.8,,2,4,39,0,35.1,21.1,40.9,10.8,4,0,0,0,1,3,7.7,242,7.6
2024,19,True,passing,pff,Russell Wilson,7077,QB,PIT,25,1,91.7,24,29,8.8,2.85,1,4,13.3,69.0,20,0,13,9.1,35,2,0.14,9,78.7,81.4,83.8,51.4,0,0,36,0,45.7,30.8,121.3,11.4,4,2,0,4,2,0,0.0,270,9.3
2024,19,True,passing,pff,Matthew Stafford,4924,QB,LA,26,1,76.9,26,27,8.0,2.43,0,2,7.1,70.4,19,0,11,5.0,29,1,0.15,10,77.9,78.2,76.9,60.0,0,0,30,0,44.8,18.2,117.7,6.9,2,0,0,1,2,0,0.0,209,7.7
2024,19,True,passing,pff,Josh Allen,46601,QB,BUF,4,1,80.0,25,26,9.9,3.13,0,2,7.1,76.9,20,0,12,0.0,32,0,0.5,12,79.0,90.0,85.5,76.1,0,0,34,0,62.5,16.7,135.4,6.3,2,4,0,1,2,0,0.0,272,10.5
2024,19,True,passing,pff,Bo Nix,97790,QB,DEN,10,1,77.3,22,22,11.7,3.19,0,2,8.7,59.1,13,0,13,23.5,28,4,-0.38,9,77.4,85.2,75.0,88.6,0,0,29,0,39.3,15.4,93.8,7.1,2,3,0,0,1,0,0.0,144,6.5
2024,19,True,passing,pff,Jalen Hurts,40291,QB,PHI,24,1,76.5,17,21,7.1,3.43,1,0,0.0,61.9,13,0,10,0.0,24,0,-0.05,6,78.2,66.0,56.4,75.7,0,0,26,0,45.8,20.0,111.4,8.3,2,1,0,3,2,0,0.0,131,6.2
2024,19,True,passing,pff,Lamar Jackson,46416,QB,BLT,3,1,84.2,19,21,6.5,3.34,0,2,9.1,76.2,16,0,14,0.0,26,0,0.46,11,79.5,92.9,92.6,77.6,0,0,27,0,46.2,7.1,132.0,3.8,1,4,1,1,2,0,0.0,175,8.3
2024,19,True,passing,pff,Baker Mayfield,46518,QB,TB,30,1,94.1,17,18,8.4,3.08,0,0,0.0,83.3,15,0,9,6.3,23,1,0.54,13,26.3,68.3,80.8,35.7,1,0,26,0,65.2,11.1,146.5,4.3,1,4,0,0,2,0,0.0,185,10.3
2024,19,True,passing,pff,Justin Fields,82118,QB,PIT,25,1,,0,1,,3.0,0,0,0.0,0.0,0,0,1,,1,0,-0.71,0,60.4,59.1,60.0,,1,0,1,0,0.0,0.0,39.6,0.0,0,0,0,0,0,0,0.0,0,0.0
2024,19,True,passing,pff,Riley Dixon,10862,P,DEN,10,1,100.0,1,1,14.0,2.6,0,0,0.0,100.0,1,0,0,0.0,1,0,4.62,1,60.4,73.1,68.8,,0,0,1,0,100.0,,118.8,0.0,0,0,0,0,0,0,0.0,15,15.0
2024,20,True,passing,pff,Matthew Stafford,4924,QB,LA,26,1,72.5,40,44,11.0,2.63,2,1,2.2,59.1,26,0,18,10.3,50,3,0.08,15,23.2,57.2,63.3,29.8,1,0,51,0,46.0,27.8,97.2,10.0,5,1,0,1,2,4,7.8,324,7.4
2024,20,True,passing,pff,Jared Goff,10635,QB,DET,11,1,74.3,35,40,9.7,2.77,1,2,5.0,57.5,23,0,20,11.5,44,3,-0.08,18,29.0,45.5,44.3,63.1,0,3,44,0,54.5,10.0,59.7,4.5,2,1,3,1,1,4,9.1,313,7.8
2024,20,True,passing,pff,Jayden Daniels,97993,QB,WAS,32,1,78.6,28,31,5.9,2.64,1,1,3.1,71.0,22,0,13,0.0,36,0,0.62,14,80.7,79.9,83.6,61.4,0,0,37,1,58.3,0.0,122.9,0.0,0,5,0,2,2,0,0.0,299,9.6
2024,20,True,passing,pff,C.J. Stroud,129759,QB,HST,13,1,74.1,27,28,9.9,3.28,0,3,10.3,67.9,19,0,22,5.0,41,1,0.03,15,79.5,85.3,78.7,79.9,1,0,43,0,46.3,36.4,95.1,19.5,8,5,0,0,0,1,2.3,245,8.8
2024,20,True,passing,pff,Lamar Jackson,46416,QB,BLT,3,1,84.0,25,25,10.2,3.46,0,3,11.1,72.0,18,0,14,14.3,31,3,0.15,13,25.4,81.8,76.0,81.5,0,1,33,1,48.4,14.3,114.4,6.5,2,4,0,0,2,2,6.1,254,10.2
2024,20,True,passing,pff,Patrick Mahomes,11765,QB,KC,16,1,73.9,23,25,7.1,3.03,0,3,11.1,64.0,16,0,15,5.9,32,1,0.05,8,37.4,73.0,79.4,46.0,2,0,34,0,34.4,20.0,98.3,9.4,3,4,0,0,1,0,0.0,177,7.1
2024,20,True,passing,pff,Josh Allen,46601,QB,BUF,4,1,81.0,21,22,6.2,2.27,0,1,4.2,72.7,16,0,7,5.9,23,1,-0.07,6,79.0,69.9,64.4,70.8,0,0,25,0,43.5,14.3,86.7,4.3,1,0,0,1,0,0,0.0,127,5.8
2024,20,True,passing,pff,Jalen Hurts,40291,QB,PHI,24,1,85.0,20,20,6.5,3.2,0,1,4.5,75.0,15,0,15,11.8,30,2,-0.08,7,27.7,63.1,55.5,74.8,0,0,32,0,46.7,46.7,91.3,23.3,7,3,0,0,0,2,6.3,128,6.4
2024,20,True,passing,pff,David Montgomery,45719,HB,DET,11,1,100.0,1,1,-3.0,1.1,0,0,0.0,100.0,1,0,0,0.0,1,0,0.85,1,72.5,73.4,60.1,72.5,0,0,1,0,100.0,,118.8,0.0,0,0,0,0,0,0,0.0,20,20.0
2024,20,True,passing,pff,Jameson Williams,101701,WR,DET,11,1,0.0,1,1,20.0,4.6,0,0,0.0,0.0,0,0,0,,1,0,-4.67,0,66.2,57.7,41.3,81.7,0,1,1,0,0.0,,0.0,0.0,0,0,0,0,0,1,100.0,0,0.0
2024,20,True,passing,pff,Teddy Bridgewater,8667,QB,DET,11,1,100.0,1,1,3.0,2.5,0,0,0.0,100.0,1,0,0,0.0,1,0,-0.03,1,60.4,57.8,58.0,,0,0,1,0,0.0,,79.2,0.0,0,0,0,0,0,0,0.0,3,3.0
2024,21,True,passing,pff,Jayden Daniels,97993,QB,WAS,32,1,69.8,43,48,7.8,2.86,3,0,0.0,60.4,29,0,19,3.3,55,1,-0.24,19,81.6,74.6,69.9,75.4,0,1,58,0,41.8,15.8,72.8,5.5,3,4,0,2,1,0,0.0,255,5.3
2024,21,True,passing,pff,Josh Allen,46601,QB,BUF,4,1,77.4,31,34,9.3,2.75,1,3,8.3,64.7,22,0,16,8.3,37,2,0.18,10,17.2,62.0,65.7,51.1,0,0,40,0,43.2,12.5,104.7,5.4,2,1,0,2,2,3,7.5,237,7.0
2024,21,True,passing,pff,Jalen Hurts,40291,QB,PHI,24,1,83.3,24,28,6.0,2.96,0,3,10.0,71.4,20,0,11,0.0,31,0,0.38,12,80.3,91.4,91.6,73.1,0,0,33,1,64.5,18.2,110.1,6.5,2,1,0,4,1,0,0.0,246,8.8
2024,21,True,passing,pff,Patrick Mahomes,11765,QB,KC,16,1,80.0,25,26,7.4,2.87,0,1,3.6,69.2,18,0,10,10.0,35,2,0.58,18,22.2,69.6,72.1,56.8,0,0,38,0,68.6,20.0,111.9,5.7,2,6,0,1,1,1,2.6,245,9.4
2024,21,True,passing,pff,Tress Way,8358,P,WAS,32,1,100.0,1,1,16.0,2.3,0,0,0.0,100.0,1,0,0,0.0,1,0,5.22,1,60.4,73.1,68.8,,0,0,1,0,100.0,,118.8,0.0,0,0,0,0,0,0,0.0,23,23.0
2024,22,True,passing,pff,Patrick Mahomes,11765,QB,KC,16,1,71.0,31,32,8.7,3.24,0,2,5.4,65.6,21,0,17,4.5,42,1,-0.29,11,22.8,47.0,43.1,69.8,0,2,49,0,42.9,35.3,95.4,14.3,6,4,0,1,3,5,10.2,257,8.0
2024,22,True,passing,pff,Jalen Hurts,40291,QB,PHI,24,1,81.8,22,22,9.2,3.6,0,4,16.7,77.3,17,0,10,5.6,29,1,0.63,14,79.1,86.7,78.7,80.9,0,1,32,0,58.6,20.0,119.7,6.9,2,5,0,0,2,1,3.1,221,10.0
2024,22,True,passing,pff,Kenny Pickett,60515,QB,PHI,24,1,0.0,1,1,2.0,2.0,0,0,0.0,0.0,0,0,0,,1,0,-2.94,0,68.2,62.5,60.4,60.5,0,0,1,0,0.0,,39.6,0.0,0,0,0,0,0,0,0.0,0,0.0
2025,1,False,passing,pff,Josh Allen,46601,QB,BUF,4,1,81.4,43,46,9.8,2.94,2,4,7.8,71.7,33,0,14,5.7,53,2,0.35,20,82.7,87.0,82.2,76.8,0,0,59,0,54.7,7.1,112.0,1.9,1,5,1,0,2,1,1.7,394,8.6
2025,1,False,passing,pff,Drake Maye,143969,QB,NE,19,1,72.1,43,46,8.1,2.98,1,1,2.1,65.2,30,0,21,3.2,53,1,-0.05,15,80.9,69.3,73.4,46.3,1,1,54,1,39.6,19.0,80.6,7.5,4,3,0,1,1,1,1.9,287,6.2
2025,1,False,passing,pff,Spencer Rattler,97408,QB,NO,20,1,68.3,41,46,7.4,2.38,0,2,4.0,58.7,27,0,14,3.6,49,1,0.03,13,81.2,77.3,73.7,72.0,0,0,53,0,49.0,7.1,70.4,2.0,1,2,2,3,0,2,3.8,214,4.7
2025,1,False,passing,pff,Joe Flacco,4332,QB,CLV,8,1,85.4,41,45,5.6,2.78,1,0,0.0,68.9,31,0,18,11.4,48,4,-0.11,13,80.9,73.1,73.2,62.7,1,2,53,1,43.8,11.1,75.2,4.2,2,1,0,2,1,0,0.0,290,6.4
2025,1,False,passing,pff,Michael Penix Jr.,82134,QB,ATL,2,1,74.4,39,42,7.0,2.65,2,0,0.0,64.3,27,0,17,6.9,47,2,0.3,19,80.7,68.9,67.0,65.1,0,0,51,0,53.2,5.9,93.2,2.1,1,4,0,1,1,0,0.0,298,7.1
2025,1,False,passing,pff,Bo Nix,97790,QB,DEN,10,1,72.2,36,40,6.6,2.85,0,0,0.0,62.5,25,0,12,3.8,43,1,-0.24,9,35.2,40.5,38.2,67.3,1,2,48,2,44.2,8.3,60.0,2.3,1,2,0,3,1,4,8.3,176,4.4
2025,1,False,passing,pff,Jared Goff,10635,QB,DET,11,1,86.1,36,39,4.2,2.95,0,0,0.0,79.5,31,0,16,0.0,43,0,0.0,13,27.3,45.5,45.7,60.0,0,1,44,0,41.9,25.0,88.6,9.3,4,0,0,3,1,3,6.8,225,5.8
2025,1,False,passing,pff,Patrick Mahomes,11765,QB,KC,16,1,74.3,35,39,7.5,2.64,3,3,7.5,61.5,24,0,15,7.7,47,2,0.23,14,80.3,79.0,69.1,87.6,0,0,49,0,44.7,13.3,89.5,4.3,2,6,1,0,1,1,2.0,258,6.6
2025,1,False,passing,pff,Russell Wilson,7077,QB,NYG,21,1,66.7,27,37,6.7,2.72,2,1,2.3,45.9,17,0,17,5.6,45,1,-0.22,10,33.4,54.1,54.5,56.6,1,0,51,0,35.6,11.8,59.3,4.4,2,6,0,7,0,1,2.0,168,4.5
2025,1,False,passing,pff,Caleb Williams,144622,QB,CHI,6,1,68.8,32,35,7.8,3.39,2,2,5.3,60.0,21,0,20,4.5,44,1,-0.05,14,80.2,77.1,67.9,86.1,0,0,47,1,40.9,10.0,86.6,4.5,2,6,0,1,1,0,0.0,210,6.0
2025,1,False,passing,pff,Bryce Young,123943,QB,CAR,5,1,70.0,30,35,8.8,2.8,1,1,2.6,51.4,18,0,12,14.3,40,3,-0.47,10,29.1,71.1,71.8,56.2,2,2,43,0,35.0,8.3,49.0,2.5,1,4,0,2,1,2,4.7,154,4.4
2025,1,False,passing,pff,Brock Purdy,77672,QB,SF,28,1,78.8,33,35,7.5,2.97,0,3,7.9,74.3,26,1,17,0.0,39,0,0.28,15,79.7,69.4,68.2,61.8,0,2,42,1,59.0,5.9,92.2,2.6,1,3,0,2,2,2,4.8,277,7.9
2025,1,False,passing,pff,Geno Smith,7820,QB,LV,23,1,78.8,33,34,11.0,2.67,0,2,5.9,70.6,24,0,15,7.7,40,2,0.3,18,79.3,83.8,80.1,68.3,0,1,40,0,50.0,26.7,102.8,10.0,4,1,1,0,1,2,5.0,362,10.6
2025,1,False,passing,pff,Dak Prescott,10769,QB,DAL,9,1,78.1,32,34,10.9,2.9,1,4,10.3,61.8,21,0,13,16.0,35,4,0.0,9,79.0,90.0,86.1,65.6,0,0,40,0,40.0,0.0,76.6,0.0,0,1,1,0,0,1,2.5,188,5.5
2025,1,False,passing,pff,Justin Herbert,28237,QB,LAC,27,1,79.4,34,34,10.3,2.94,0,1,2.9,73.5,25,0,15,7.4,41,2,0.48,16,80.1,84.0,81.6,73.9,0,0,43,1,65.9,20.0,131.7,7.3,3,4,0,0,3,0,0.0,318,9.4
2025,1,False,passing,pff,Baker Mayfield,46518,QB,TB,30,1,58.6,29,32,10.4,3.04,0,2,6.1,53.1,17,0,15,0.0,37,0,0.24,13,79.0,57.0,52.9,70.3,1,0,38,0,43.2,6.7,99.3,2.7,1,4,0,2,3,4,10.5,167,5.2
2025,1,False,passing,pff,Trevor Lawrence,77632,QB,JAX,15,1,78.6,28,31,7.8,2.61,1,0,0.0,61.3,19,0,4,13.6,33,3,0.06,11,78.6,63.0,59.0,70.6,0,1,34,1,45.5,0.0,74.4,0.0,0,2,1,1,1,2,5.9,178,5.7
2025,1,False,passing,pff,Aaron Rodgers,2241,QB,PIT,25,1,82.1,28,30,5.0,2.29,0,0,0.0,73.3,22,0,9,4.3,34,1,0.21,14,78.7,54.5,56.2,60.0,1,0,36,1,44.1,44.4,136.7,11.8,4,0,0,1,4,1,2.8,244,8.1
2025,1,False,passing,pff,Jayden Daniels,97993,QB,WAS,32,1,75.9,29,30,9.3,2.77,0,1,3.0,63.3,19,0,10,13.6,37,3,0.19,14,80.5,83.9,78.8,75.6,0,0,41,1,51.4,30.0,98.3,8.1,3,4,0,1,1,2,4.9,233,7.8
2025,1,False,passing,pff,Daniel Jones,39395,QB,IND,14,1,75.9,29,29,7.0,2.8,0,1,3.3,75.9,22,0,8,0.0,33,0,0.44,14,79.0,72.8,66.5,75.2,0,0,34,0,57.6,12.5,115.9,3.0,1,3,0,0,1,1,2.9,272,9.4
2025,1,False,passing,pff,Matthew Stafford,4924,QB,LA,26,1,88.9,27,29,8.7,2.33,0,5,16.1,72.4,21,0,13,12.5,32,3,0.16,13,28.4,92.9,93.8,44.4,1,0,34,0,46.9,23.1,109.1,9.4,3,0,0,1,1,0,0.0,245,8.4
2025,1,False,passing,pff,Kyler Murray,38334,QB,ARZ,1,1,75.0,28,29,5.6,3.19,1,1,3.1,72.4,21,0,11,0.0,38,0,0.11,14,79.9,65.8,64.5,67.3,0,0,42,1,47.4,45.5,108.8,13.2,5,4,0,0,2,0,0.0,163,5.6
2025,1,False,passing,pff,Cam Ward,133244,QB,TEN,31,1,60.0,25,28,11.5,2.82,0,0,0.0,42.9,12,0,18,20.0,34,3,-0.56,5,78.3,57.4,54.2,65.6,0,0,36,1,17.6,33.3,54.5,17.6,6,0,0,3,0,0,0.0,112,4.0
2025,1,False,passing,pff,C.J. Stroud,129759,QB,HST,13,1,76.9,26,27,6.7,2.78,1,0,0.0,70.4,19,0,14,5.0,34,1,-0.17,9,79.0,73.1,65.4,80.5,0,1,38,1,47.1,21.4,74.3,8.8,3,4,0,0,0,1,2.6,188,7.0
2025,1,False,passing,pff,Joe Burrow,28022,QB,CIN,7,1,72.7,22,23,8.3,2.87,0,0,0.0,60.9,14,0,12,12.5,29,2,-0.11,7,77.4,75.6,78.7,48.1,1,0,30,1,41.4,25.0,87.8,10.3,3,2,0,0,1,0,0.0,113,4.9
2025,1,False,passing,pff,Tua Tagovailoa,60326,QB,MIA,17,1,65.2,23,23,7.0,2.66,0,3,12.5,60.9,14,0,6,6.7,27,1,-0.53,6,25.5,52.5,53.2,58.3,0,2,28,0,33.3,50.0,51.7,11.1,3,1,0,0,1,4,14.3,114,5.0
2025,1,False,passing,pff,Jalen Hurts,40291,QB,PHI,24,1,100.0,20,23,4.5,3.67,0,1,4.3,82.6,19,0,14,5.0,34,1,0.29,11,79.2,88.6,70.7,90.7,0,0,34,1,58.8,7.1,94.2,2.9,1,9,0,3,0,0,0.0,152,6.6
2025,1,False,passing,pff,Sam Darnold,29048,QB,SEA,29,1,77.3,22,23,8.9,2.38,0,1,4.0,69.6,16,0,10,5.9,26,1,-0.42,7,77.1,82.6,82.6,58.4,0,0,28,1,38.5,10.0,87.2,3.8,1,1,1,0,0,0,0.0,150,6.5
2025,1,False,passing,pff,Jordan Love,40306,QB,GB,12,1,77.3,22,22,10.8,2.87,0,4,17.4,72.7,16,0,6,5.9,23,1,0.42,8,76.7,76.3,75.9,60.6,0,0,24,0,39.1,0.0,128.6,0.0,0,1,0,0,2,2,8.3,188,8.5
2025,1,False,passing,pff,Justin Fields,82118,QB,NYJ,22,1,88.9,18,22,9.2,3.38,2,1,4.3,72.7,16,0,9,0.0,25,0,0.31,9,79.1,82.2,90.4,59.0,1,0,26,1,60.0,11.1,119.1,4.0,1,2,0,1,1,1,3.8,218,9.9
2025,1,False,passing,pff,J.J. McCarthy,144918,QB,MIN,18,1,83.3,18,20,7.8,2.8,1,1,3.8,65.0,13,0,6,13.3,25,2,-0.55,6,77.8,63.3,61.0,71.9,1,1,31,2,40.0,50.0,98.5,12.0,3,1,0,0,2,1,3.2,143,7.2
2025,1,False,passing,pff,Lamar Jackson,46416,QB,BLT,3,1,83.3,18,19,9.6,3.02,1,1,5.3,73.7,14,0,8,6.7,22,1,0.48,9,77.4,79.2,65.6,88.2,0,0,23,0,54.5,25.0,144.4,9.1,2,1,0,0,2,0,0.0,209,11.0
2025,1,False,passing,pff,Zach Wilson,82096,QB,MIA,17,1,71.4,7,8,6.9,2.39,1,0,0.0,62.5,5,0,2,0.0,9,0,0.24,3,70.9,47.7,49.7,58.3,0,0,9,0,44.4,0.0,70.8,0.0,0,1,0,0,0,0,0.0,32,4.0
2025,2,False,passing,pff,Bryce Young,123943,QB,CAR,5,1,74.0,50,55,7.7,2.58,1,2,3.3,63.6,35,0,24,5.4,59,2,-0.03,19,24.1,56.4,57.9,57.9,3,1,65,2,49.2,12.5,90.6,5.1,3,1,0,1,3,3,4.6,328,6.0
2025,2,False,passing,pff,Dak Prescott,10769,QB,DAL,9,1,84.0,50,52,7.4,2.64,1,5,8.8,73.1,38,0,21,9.5,57,4,0.18,19,40.7,81.4,81.5,52.6,1,1,62,1,49.1,14.3,96.7,5.3,3,2,0,0,2,2,3.2,361,6.9
2025,2,False,passing,pff,Joe Flacco,4332,QB,CLV,8,1,73.7,38,45,6.9,2.75,0,0,0.0,55.6,25,0,17,10.7,48,3,-0.53,8,30.0,41.1,41.8,63.3,1,1,49,1,29.2,11.8,65.0,4.2,2,1,0,6,1,3,6.1,199,4.4
2025,2,False,passing,pff,Geno Smith,7820,QB,LV,23,1,61.0,41,43,7.9,3.2,2,0,0.0,55.8,24,0,17,4.0,48,1,-0.4,8,81.2,40.0,34.4,75.9,0,3,53,0,31.3,17.6,37.0,6.3,3,2,0,0,0,3,5.7,180,4.2
2025,2,False,passing,pff,Trevor Lawrence,77632,QB,JAX,15,1,72.5,40,42,8.4,2.67,0,0,0.0,57.1,24,0,10,17.2,44,5,0.03,15,29.8,58.1,60.4,47.6,1,2,45,1,47.7,10.0,80.6,2.3,1,1,0,1,3,1,2.2,271,6.5
2025,2,False,passing,pff,Jayden Daniels,97993,QB,WAS,32,1,68.4,38,42,7.5,2.9,2,1,2.2,57.1,24,0,25,7.7,52,2,-0.29,10,81.3,56.1,57.7,53.5,0,0,56,0,40.4,16.0,85.4,7.7,4,6,1,1,2,0,0.0,200,4.8
2025,2,False,passing,pff,Russell Wilson,7077,QB,NYG,21,1,84.6,39,41,13.6,2.57,0,6,14.3,73.2,30,0,10,9.1,45,3,0.37,16,27.9,88.2,85.6,67.2,0,1,46,1,60.0,30.0,123.0,6.7,3,1,0,2,3,2,4.3,450,11.0
2025,2,False,passing,pff,Mac Jones,60323,QB,SF,28,1,75.0,36,39,7.0,2.78,1,0,0.0,66.7,26,0,8,3.7,43,1,0.09,15,31.2,58.6,60.6,56.5,0,0,45,1,44.2,37.5,113.1,7.0,3,1,1,1,3,1,2.2,279,7.2
2025,2,False,passing,pff,Baker Mayfield,46518,QB,TB,30,1,77.1,35,38,8.3,2.61,0,3,6.8,65.8,25,0,22,7.4,45,2,0.11,15,32.0,73.8,67.0,84.4,1,0,52,0,48.9,18.2,98.0,8.9,4,3,0,2,2,2,3.8,215,5.7
2025,2,False,passing,pff,Spencer Rattler,97408,QB,NO,20,1,79.4,34,34,7.4,2.76,0,2,5.4,73.5,25,0,16,7.4,40,2,-0.04,14,29.3,75.5,72.3,69.6,0,0,44,0,47.5,18.8,118.1,7.5,3,3,0,0,3,1,2.3,207,6.1
2025,2,False,passing,pff,Daniel Jones,39395,QB,IND,14,1,72.7,33,34,10.1,2.79,0,2,5.6,67.6,23,0,19,4.2,38,1,0.34,17,79.9,79.6,81.4,56.6,0,0,40,0,60.5,5.3,107.0,2.6,1,3,0,1,1,0,0.0,316,9.3
2025,2,False,passing,pff,Aaron Rodgers,2241,QB,PIT,25,1,71.4,28,33,6.7,2.96,0,2,5.6,54.5,18,0,14,10.0,37,2,-0.33,5,79.0,62.3,63.3,55.7,1,2,40,1,29.7,21.4,58.0,8.1,3,1,0,4,1,2,5.0,203,6.2
2025,2,False,passing,pff,Matthew Stafford,4924,QB,LA,26,1,77.4,31,33,8.8,2.55,0,2,5.7,69.7,23,0,13,4.2,34,1,0.2,12,78.7,78.5,77.0,60.0,0,1,36,0,52.9,7.7,105.4,2.9,1,0,0,2,2,2,5.6,298,9.0
2025,2,False,passing,pff,Sam Darnold,29048,QB,SEA,29,1,78.6,28,33,8.5,2.59,2,1,2.9,66.7,22,0,14,0.0,35,0,0.0,13,78.4,81.7,80.0,,0,2,36,0,48.6,14.3,89.8,5.7,2,0,0,3,2,1,2.8,295,8.9
2025,2,False,passing,pff,Cam Ward,133244,QB,TEN,31,1,70.0,30,33,7.3,3.1,0,2,5.7,57.6,19,0,16,9.5,41,2,-0.24,11,29.1,68.5,68.0,60.0,0,0,43,0,39.0,31.3,82.3,12.2,5,3,0,3,1,1,2.3,175,5.3
2025,2,False,passing,pff,Tua Tagovailoa,60326,QB,MIA,17,1,83.9,31,32,8.2,2.57,0,1,2.7,81.3,26,0,12,0.0,39,0,0.17,15,79.6,60.2,61.5,,0,1,44,1,53.8,41.7,115.5,12.8,5,0,0,1,2,1,2.3,315,9.8
2025,2,False,passing,pff,Jake Browning,46401,QB,CIN,7,1,67.7,31,32,9.0,2.34,0,2,6.1,65.6,21,0,10,0.0,33,0,-0.19,11,78.6,57.1,56.5,61.0,0,3,34,0,45.5,10.0,69.9,3.0,1,0,0,1,2,3,8.8,241,7.5
2025,2,False,passing,pff,Jordan Love,40306,QB,GB,12,1,76.9,26,31,15.0,3.1,0,2,5.9,61.3,19,0,16,5.0,34,1,0.16,15,79.0,86.7,84.0,66.1,0,0,37,0,52.9,12.5,113.9,5.9,2,1,0,5,2,0,0.0,292,9.4
2025,2,False,passing,pff,Caleb Williams,144622,QB,CHI,6,1,75.0,28,30,9.5,3.14,1,2,6.1,63.3,19,0,10,9.5,36,2,0.03,11,79.7,67.2,64.0,69.1,1,1,40,0,38.9,40.0,91.9,11.1,4,2,0,0,2,2,5.0,207,6.9
2025,2,False,passing,pff,Bo Nix,97790,QB,DEN,10,1,78.6,28,30,5.7,2.49,1,2,5.9,73.3,22,0,4,0.0,31,0,0.29,12,78.7,48.6,48.0,58.9,0,1,35,0,51.6,0.0,111.2,0.0,0,1,0,1,3,2,5.7,206,6.9
2025,2,False,passing,pff,Lamar Jackson,46416,QB,BLT,3,1,70.4,27,29,11.0,2.85,1,1,3.1,65.5,19,0,14,0.0,33,0,0.28,10,78.7,64.6,62.0,67.6,0,0,36,0,48.5,21.4,128.6,9.1,3,1,0,1,4,1,2.8,225,7.8
2025,2,False,passing,pff,Patrick Mahomes,11765,QB,KC,16,1,66.7,27,29,10.3,2.95,2,1,3.3,55.2,16,0,16,11.1,38,2,-0.09,12,79.2,70.1,62.3,77.7,0,1,41,0,47.4,12.5,72.1,5.3,2,7,0,0,1,0,0.0,187,6.4
2025,2,False,passing,pff,Jared Goff,10635,QB,DET,11,1,82.1,28,28,10.2,2.85,0,1,3.6,82.1,23,0,4,0.0,29,0,0.77,15,77.4,85.1,84.7,57.9,0,0,30,0,65.5,0.0,156.0,0.0,0,1,0,0,5,0,0.0,334,11.9
2025,2,False,passing,pff,Justin Herbert,28237,QB,LAC,27,1,73.1,26,27,9.3,3.03,1,1,3.6,70.4,19,0,8,0.0,32,0,0.39,10,78.9,67.9,68.5,58.8,0,0,33,0,56.3,25.0,122.8,6.3,2,3,0,0,2,1,3.0,242,9.0
2025,2,False,passing,pff,Josh Allen,46601,QB,BUF,4,1,72.7,22,25,5.6,3.04,1,0,0.0,56.0,14,0,7,12.5,30,2,0.21,11,78.4,74.7,69.8,72.4,0,0,33,2,50.0,14.3,73.4,3.3,1,4,0,2,0,0,0.0,148,5.9
2025,2,False,passing,pff,Kyler Murray,38334,QB,ARZ,1,1,81.8,22,25,8.7,2.87,2,2,6.7,68.0,17,0,11,5.6,29,1,0.23,11,79.0,81.4,82.3,60.8,0,1,34,0,55.2,9.1,92.1,3.4,1,3,0,1,1,1,2.9,220,8.8
2025,2,False,passing,pff,C.J. Stroud,129759,QB,HST,13,1,56.5,23,24,9.2,3.25,0,1,4.0,54.2,13,0,12,0.0,30,0,-0.09,8,78.0,51.2,46.1,71.8,0,0,32,0,43.3,25.0,97.0,10.0,3,3,0,1,1,1,3.1,207,8.6
2025,2,False,passing,pff,Drake Maye,143969,QB,NE,19,1,86.4,22,23,6.3,2.8,1,1,4.0,82.6,19,0,7,0.0,31,0,0.63,11,79.3,83.6,78.8,74.4,0,0,33,0,64.5,42.9,137.3,9.7,3,4,0,0,2,0,0.0,230,10.0
2025,2,False,passing,pff,Jalen Hurts,40291,QB,PHI,24,1,71.4,21,22,7.3,2.64,0,0,0.0,68.2,15,0,10,0.0,27,0,-0.31,5,26.4,61.9,48.5,80.3,0,0,28,0,29.6,20.0,78.0,7.4,2,1,0,1,0,1,3.6,101,4.6
2025,2,False,passing,pff,Michael Penix Jr.,82134,QB,ATL,2,1,66.7,21,21,6.8,2.73,0,0,0.0,61.9,13,0,10,7.1,24,1,-0.3,5,76.9,66.6,65.2,60.0,0,0,26,1,45.8,30.0,80.5,12.5,3,0,0,0,0,0,0.0,135,6.4
2025,2,False,passing,pff,J.J. McCarthy,144918,QB,MIN,18,1,60.0,20,21,12.6,3.31,0,1,4.8,52.4,11,0,16,8.3,30,1,-0.58,7,15.4,49.4,51.8,50.8,1,2,30,1,33.3,37.5,37.5,20.0,6,3,0,0,0,3,10.0,158,7.5
2025,2,False,passing,pff,Joe Burrow,28022,QB,CIN,7,1,58.3,12,13,8.3,2.96,1,0,0.0,53.8,7,0,8,0.0,15,0,0.1,6,74.2,75.3,73.9,,0,0,17,0,46.7,25.0,97.0,13.3,2,0,0,0,1,0,0.0,76,5.8
2025,2,False,passing,pff,Tyrod Taylor,6332,QB,NYJ,22,1,90.0,10,11,8.6,3.45,1,1,9.1,63.6,7,0,11,22.2,16,2,0.23,5,73.9,88.9,88.6,63.6,0,0,16,0,43.8,18.2,106.6,12.5,2,3,0,0,1,0,0.0,56,5.1
2025,2,False,passing,pff,Justin Fields,82118,QB,NYJ,22,1,55.6,9,11,8.8,3.34,1,0,0.0,27.3,3,0,7,40.0,15,2,-0.95,2,15.8,30.7,28.9,55.8,0,0,15,0,20.0,28.6,39.6,13.3,2,2,0,1,0,2,13.3,27,2.5
2025,2,False,passing,pff,Tyson Bagent,169628,QB,CHI,6,1,66.7,3,3,12.0,3.33,0,0,0.0,66.7,2,0,0,0.0,4,0,0.58,1,66.9,59.2,61.7,58.3,0,0,4,0,50.0,,95.1,0.0,0,1,0,0,0,0,0.0,27,9.0
2025,2,False,passing,pff,Dillon Gabriel,86272,QB,CLV,8,1,100.0,3,3,3.3,2.0,0,0,0.0,100.0,3,0,0,0.0,3,0,0.92,3,65.5,89.6,87.3,,0,0,3,0,66.7,,132.6,0.0,0,0,0,0,1,0,0.0,19,6.3
2025,2,False,passing,pff,Mason Rudolph,46569,QB,PIT,25,1,100.0,2,2,-1.5,2.2,0,0,0.0,100.0,2,0,0,0.0,2,0,0.09,1,63.6,62.6,62.1,,0,0,2,0,50.0,,91.7,0.0,0,0,0,0,0,0,0.0,12,6.0
2025,2,False,passing,pff,Mitch Trubisky,11757,QB,BUF,4,1,50.0,2,2,13.5,2.45,0,1,50.0,50.0,1,0,0,0.0,2,0,1.71,1,69.1,76.7,76.3,60.5,0,0,2,0,50.0,,95.8,0.0,0,0,0,0,0,0,0.0,32,16.0
2025,3,False,passing,pff,Justin Herbert,28237,QB,LAC,27,1,70.7,41,47,8.6,2.85,0,2,3.8,59.6,28,0,26,3.4,53,1,0.02,17,81.5,74.1,72.9,60.4,2,1,58,0,43.4,19.2,76.6,9.4,5,1,0,4,1,0,0.0,300,6.4
2025,3,False,passing,pff,Mac Jones,60323,QB,SF,28,1,83.3,36,41,7.7,2.59,2,1,2.3,65.9,27,0,14,10.0,43,3,-0.02,14,79.9,81.1,79.3,60.0,0,1,45,0,55.8,14.3,83.8,4.7,2,0,1,2,1,1,2.2,284,6.9
2025,3,False,passing,pff,Trevor Lawrence,77632,QB,JAX,15,1,71.4,35,40,8.2,2.48,2,0,0.0,50.0,20,0,15,20.0,44,5,-0.26,11,80.1,66.7,64.4,65.4,1,1,46,0,34.1,13.3,56.5,4.5,2,1,0,2,0,3,6.5,222,5.6
2025,3,False,passing,pff,Dak Prescott,10769,QB,DAL,9,1,84.2,38,40,4.8,2.85,1,2,4.7,77.5,31,0,17,3.1,42,1,-0.11,12,79.8,79.0,77.3,,0,2,45,0,47.6,11.8,80.3,4.8,2,0,0,1,1,1,2.2,251,6.3
2025,3,False,passing,pff,Spencer Rattler,97408,QB,NO,20,1,76.3,38,39,8.6,2.6,1,0,0.0,71.8,28,0,16,3.4,43,1,0.03,13,79.9,40.5,42.3,50.2,0,1,46,0,55.8,12.5,83.1,4.7,2,2,0,0,1,5,10.9,218,5.6
2025,3,False,passing,pff,Cam Ward,133244,QB,TEN,31,1,75.0,32,38,6.0,3.12,1,0,0.0,60.5,23,0,18,4.2,45,1,-0.21,12,80.4,50.7,51.0,56.7,1,1,50,0,44.4,22.2,74.3,8.9,4,3,0,4,1,1,2.0,219,5.8
2025,3,False,passing,pff,C.J. Stroud,129759,QB,HST,13,1,71.4,35,38,8.2,2.57,0,0,0.0,65.8,25,0,14,0.0,43,0,-0.28,9,80.1,63.2,62.7,60.4,1,2,46,0,37.2,14.3,66.1,4.7,2,3,1,1,1,1,2.2,204,5.4
2025,3,False,passing,pff,Patrick Mahomes,11765,QB,KC,16,1,66.7,33,37,9.8,2.65,1,1,2.4,59.5,22,0,15,0.0,42,0,0.08,13,23.0,55.0,53.5,63.5,0,0,47,0,45.2,13.3,85.9,4.8,2,2,0,3,1,4,8.5,224,6.1
2025,3,False,passing,pff,Drake Maye,143969,QB,NE,19,1,82.9,35,37,6.2,2.86,0,0,0.0,75.7,28,0,15,3.4,47,1,0.01,17,28.6,56.4,53.2,66.8,1,1,50,0,59.6,33.3,102.1,10.6,5,5,0,1,2,3,6.0,268,7.2
2025,3,False,passing,pff,Michael Penix Jr.,82134,QB,ATL,2,1,61.3,31,36,8.1,2.84,0,0,0.0,50.0,18,0,9,5.3,38,1,-0.51,10,78.7,27.9,29.3,54.2,3,2,38,1,31.6,0.0,40.5,0.0,0,2,0,2,0,2,5.3,172,4.8
2025,3,False,passing,pff,Joe Flacco,4332,QB,CLV,8,1,67.7,31,36,7.5,2.54,0,1,2.3,58.3,21,1,18,0.0,38,0,-0.34,7,79.9,62.1,61.6,,1,1,46,1,31.6,11.1,55.6,5.3,2,0,1,3,0,0,0.0,142,3.9
2025,3,False,passing,pff,Tyrod Taylor,6332,QB,NYJ,22,1,84.8,33,36,5.1,2.93,2,0,0.0,72.2,26,0,23,7.1,47,2,-0.22,16,80.6,62.1,59.5,65.7,0,1,51,0,46.8,17.4,92.0,8.5,4,7,1,0,2,1,2.0,197,5.5
2025,3,False,passing,pff,Kyler Murray,38334,QB,ARZ,1,1,78.1,32,35,5.8,3.13,2,1,2.8,62.9,22,0,14,12.0,40,3,0.06,10,79.6,80.4,75.4,75.0,0,0,41,2,42.5,7.1,82.9,2.5,1,4,0,1,1,1,2.4,159,4.5
2025,3,False,passing,pff,Tua Tagovailoa,60326,QB,MIA,17,1,72.7,33,34,5.7,2.74,0,0,0.0,64.7,22,0,16,8.3,38,2,-0.03,12,28.2,50.6,53.6,47.0,0,1,40,0,42.1,0.0,81.3,0.0,0,2,0,1,2,2,5.0,146,4.3
2025,3,False,passing,pff,Matthew Stafford,4924,QB,LA,26,1,64.5,31,33,8.1,2.69,0,1,2.9,57.6,19,0,10,5.0,34,1,-0.12,10,78.3,69.2,68.0,,0,1,35,0,44.1,10.0,82.4,2.9,1,0,0,2,2,1,2.9,196,5.9
2025,3,False,passing,pff,Russell Wilson,7077,QB,NYG,21,1,69.2,26,32,8.8,2.89,1,1,2.8,56.3,18,1,20,0.0,37,0,-0.56,8,79.6,47.0,49.2,50.1,2,2,41,2,32.4,10.0,43.8,5.4,2,3,0,3,0,3,7.3,160,5.0
2025,3,False,passing,pff,Jalen Hurts,40291,QB,PHI,24,1,73.3,30,32,8.6,2.91,0,2,5.7,65.6,21,0,16,4.5,37,1,0.04,9,80.6,75.0,69.5,75.0,0,0,40,0,45.9,25.0,117.4,10.8,4,1,0,2,3,1,2.5,226,7.1
2025,3,False,passing,pff,Geno Smith,7820,QB,LV,23,1,76.0,25,29,11.6,3.53,0,2,6.5,65.5,19,0,20,0.0,34,0,0.31,12,78.9,84.2,80.4,70.6,2,0,36,0,44.1,25.0,132.7,14.7,5,0,0,2,3,0,0.0,289,10.0
2025,3,False,passing,pff,Baker Mayfield,46518,QB,TB,30,1,82.1,28,29,8.8,2.61,0,3,8.8,65.5,19,0,10,17.4,35,4,0.29,14,26.5,83.9,80.9,69.2,1,0,40,1,48.6,10.0,101.7,2.9,1,3,0,0,1,1,2.5,233,8.0
2025,3,False,passing,pff,Josh Allen,46601,QB,BUF,4,1,88.9,27,28,3.9,2.72,0,0,0.0,78.6,22,0,9,8.3,32,2,0.35,12,78.3,75.7,74.8,61.6,0,0,34,0,59.4,22.2,134.1,6.3,2,2,0,1,3,0,0.0,213,7.6
2025,3,False,passing,pff,Caleb Williams,144622,QB,CHI,6,1,70.4,27,28,9.2,3.1,1,2,6.9,67.9,19,0,8,0.0,29,0,0.61,11,78.5,76.8,72.4,72.4,0,0,31,0,48.3,0.0,142.6,0.0,0,1,0,0,4,0,0.0,298,10.6
2025,3,False,passing,pff,Jared Goff,10635,QB,DET,11,1,76.9,26,28,8.1,2.72,0,2,6.9,71.4,20,0,13,0.0,30,0,0.33,11,77.9,71.0,72.1,53.9,0,0,31,0,46.7,0.0,103.6,0.0,0,1,0,2,1,0,0.0,202,7.2
2025,3,False,passing,pff,Jake Browning,46401,QB,CIN,7,1,76.0,25,27,4.8,2.98,0,0,0.0,70.4,19,1,17,0.0,30,0,-1.02,6,78.4,64.7,63.2,62.6,0,2,33,1,30.0,17.6,63.8,10.0,3,0,0,2,1,1,3.0,140,5.2
2025,3,False,passing,pff,Lamar Jackson,46416,QB,BLT,3,1,77.8,27,27,10.3,3.42,0,1,3.3,77.8,21,0,16,0.0,37,0,0.18,15,29.6,58.4,57.0,62.6,0,0,40,0,51.4,43.8,148.1,18.9,7,3,0,0,3,2,5.0,288,10.7
2025,3,False,passing,pff,Jordan Love,40306,QB,GB,12,1,76.0,25,25,1.7,2.57,0,1,3.6,72.0,18,0,14,5.3,31,1,-0.06,8,78.9,59.0,62.6,47.4,0,1,35,0,45.2,35.7,89.3,16.1,5,1,0,0,1,1,2.9,183,7.3
2025,3,False,passing,pff,Daniel Jones,39395,QB,IND,14,1,83.3,24,25,7.3,2.93,1,1,3.7,72.0,18,0,7,10.0,27,2,0.4,11,77.7,84.6,78.8,76.1,0,0,29,0,63.0,0.0,113.4,0.0,0,2,0,0,1,0,0.0,228,9.1
2025,3,False,passing,pff,Bo Nix,97790,QB,DEN,10,1,68.2,22,25,10.4,3.07,1,1,3.6,56.0,14,0,13,6.7,33,1,0.04,5,79.1,57.9,63.8,45.6,0,0,36,0,33.3,15.4,87.6,6.1,2,5,0,2,1,0,0.0,153,6.1
2025,3,False,passing,pff,Bryce Young,123943,QB,CAR,5,1,79.2,24,24,5.6,2.86,0,0,0.0,66.7,16,0,8,15.8,27,3,-0.04,9,77.2,63.9,56.8,77.5,0,0,29,0,51.9,12.5,78.6,3.7,1,2,0,0,0,0,0.0,121,5.0
2025,3,False,passing,pff,Aaron Rodgers,2241,QB,PIT,25,1,81.0,21,23,5.6,2.34,0,0,0.0,69.6,16,0,6,5.9,25,1,-0.1,5,26.5,34.8,37.5,55.8,1,1,28,1,48.0,0.0,96.1,0.0,0,1,0,1,2,2,7.1,139,6.0
2025,3,False,passing,pff,Marcus Mariota,9435,QB,WAS,32,1,84.2,19,21,8.7,2.28,0,2,9.1,71.4,15,0,7,6.3,23,1,0.48,8,26.7,86.5,90.3,58.0,0,0,26,1,56.5,14.3,118.6,4.3,1,1,1,1,1,0,0.0,207,9.9
2025,3,False,passing,pff,Carson Wentz,10636,QB,MIN,18,1,70.0,20,20,9.0,2.55,0,0,0.0,70.0,14,0,10,0.0,26,0,0.12,9,76.6,61.4,63.9,51.1,0,0,26,0,53.8,30.0,129.8,11.5,3,2,0,0,2,1,3.8,173,8.7
2025,3,False,passing,pff,Sam Darnold,29048,QB,SEA,29,1,93.3,15,18,11.6,2.71,1,3,16.7,77.8,14,0,6,0.0,18,0,0.86,10,74.5,92.7,91.9,,0,0,18,0,72.2,0.0,154.2,0.0,0,0,0,2,2,0,0.0,218,12.1
2025,3,False,passing,pff,Kirk Cousins,7102,QB,ATL,2,1,100.0,7,7,1.9,2.69,0,0,0.0,71.4,5,0,2,28.6,7,2,-0.5,1,69.6,72.6,71.5,,0,0,7,0,28.6,0.0,78.9,0.0,0,0,0,0,0,0,0.0,29,4.1
2025,3,False,passing,pff,Joe Milton III,82151,QB,DAL,9,1,60.0,5,5,14.0,3.04,0,0,0.0,60.0,3,0,2,0.0,5,0,-0.35,2,68.9,67.9,67.0,,0,1,6,0,60.0,0.0,46.7,0.0,0,0,0,0,0,0,0.0,41,8.2
2025,3,False,passing,pff,Max Brosmer,105568,QB,MIN,18,1,100.0,4,4,1.5,1.85,0,0,0.0,50.0,2,0,0,50.0,4,2,-0.81,1,66.9,72.5,71.4,,0,0,4,0,0.0,,74.0,0.0,0,0,0,0,0,0,0.0,29,7.3
2025,3,False,passing,pff,Drew Lock,39517,QB,SEA,29,1,66.7,3,3,1.3,2.67,0,0,0.0,66.7,2,0,1,0.0,3,0,-0.3,1,67.4,46.1,43.5,60.0,0,0,3,0,33.3,0.0,78.5,0.0,0,0,0,0,0,1,33.3,15,5.0
2025,3,False,passing,pff,Tyler Shough,83537,QB,NO,20,1,0.0,2,2,13.0,2.15,0,0,0.0,0.0,0,0,1,,2,0,-1.44,0,63.6,40.0,41.6,,0,0,2,0,0.0,0.0,39.6,0.0,0,0,0,0,0,0,0.0,0,0.0
2025,3,False,passing,pff,Derrick Henry,10679,HB,BLT,3,1,0.0,1,1,14.0,3.2,0,0,0.0,0.0,0,0,1,,1,0,-0.32,0,22.7,43.6,48.9,47.2,0,0,1,0,0.0,0.0,39.6,0.0,0,0,0,0,0,0,0.0,0,0.0
2025,4,False,passing,pff,Carson Wentz,10636,QB,MIN,18,1,80.0,40,46,8.3,2.66,1,0,0.0,65.2,30,0,21,6.3,54,2,0.03,16,36.3,56.4,56.9,62.9,1,2,58,2,46.3,28.6,84.5,11.1,6,2,1,3,2,3,5.2,350,7.6
2025,4,False,passing,pff,Jordan Love,40306,QB,GB,12,1,91.7,36,43,5.9,2.73,0,2,4.3,72.1,31,0,19,6.1,47,2,0.52,17,80.6,78.6,77.4,61.5,0,0,51,1,55.3,5.3,118.1,2.1,1,2,0,7,3,1,2.0,337,7.8
2025,4,False,passing,pff,Bo Nix,97790,QB,DEN,10,1,82.5,40,42,6.2,2.71,1,2,4.8,69.0,29,0,10,12.1,45,4,0.32,18,80.5,79.1,78.4,61.3,0,1,45,0,48.9,0.0,97.9,0.0,0,2,0,1,2,1,2.2,326,7.8
2025,4,False,passing,pff,Kyler Murray,38334,QB,ARZ,1,1,76.3,38,41,6.1,2.56,2,0,0.0,65.9,27,0,17,6.9,52,2,-0.09,14,81.2,52.5,54.5,51.6,0,2,55,0,38.5,35.3,73.2,11.5,6,4,0,1,2,1,1.8,200,4.9
2025,4,False,passing,pff,Matthew Stafford,4924,QB,LA,26,1,76.9,39,41,8.0,2.61,0,4,8.9,70.7,29,0,20,3.3,45,1,0.34,15,80.8,82.8,82.7,55.0,1,0,49,0,48.9,15.0,123.5,6.7,3,1,1,0,3,2,4.1,375,9.1
2025,4,False,passing,pff,Justin Herbert,28237,QB,LAC,27,1,71.1,38,41,6.5,2.54,0,1,2.2,56.1,23,0,20,14.8,44,4,-0.48,9,80.3,65.1,61.0,74.6,0,2,48,1,34.1,10.0,57.3,4.5,2,1,0,3,1,1,2.1,203,5.0
2025,4,False,passing,pff,Baker Mayfield,46518,QB,TB,30,1,60.5,38,40,8.7,2.75,1,3,7.0,55.0,22,0,19,4.3,44,1,-0.22,8,29.6,60.4,59.2,62.9,0,1,47,0,38.6,10.5,84.3,4.5,2,2,1,0,2,2,4.3,289,7.2
2025,4,False,passing,pff,Dak Prescott,10769,QB,DAL,9,1,82.1,39,40,8.6,2.69,0,1,2.4,77.5,31,0,15,3.1,41,1,0.51,17,79.5,84.6,82.5,61.4,0,0,42,1,53.7,6.7,124.9,2.4,1,0,0,1,3,1,2.4,319,8.0
2025,4,False,passing,pff,Brock Purdy,77672,QB,SF,28,1,76.5,34,38,7.8,2.82,0,0,0.0,57.9,22,0,16,15.4,41,4,-0.16,18,29.3,61.7,59.7,65.5,2,2,44,0,48.8,6.3,79.8,2.4,1,1,0,2,2,1,2.3,309,8.1
2025,4,False,passing,pff,Patrick Mahomes,11765,QB,KC,16,1,81.8,33,37,7.1,2.7,1,2,5.1,67.6,25,0,8,7.4,42,2,0.28,15,79.8,71.6,75.2,52.8,0,0,44,1,57.1,12.5,124.8,2.4,1,3,0,3,4,0,0.0,270,7.3
2025,4,False,passing,pff,Caleb Williams,144622,QB,CHI,6,1,72.7,33,37,7.6,3.34,3,2,5.0,59.5,22,0,13,8.3,41,2,-0.05,11,30.1,62.2,69.4,38.0,0,1,44,0,43.9,7.7,73.3,2.4,1,3,0,1,1,2,4.5,212,5.7
2025,4,False,passing,pff,Joe Flacco,4332,QB,CLV,8,1,62.5,32,34,10.6,2.79,1,4,11.4,47.1,16,0,17,20.0,37,4,-0.53,8,21.8,60.3,63.0,54.6,0,2,39,1,29.7,17.6,39.3,8.1,3,0,0,1,0,3,7.7,184,5.4
2025,4,False,passing,pff,Daniel Jones,39395,QB,IND,14,1,78.1,32,33,9.8,2.67,0,0,0.0,72.7,24,0,16,4.0,35,1,-0.08,11,79.1,60.1,59.6,60.0,0,2,40,0,45.7,12.5,80.6,5.7,2,0,0,1,1,3,7.5,262,7.9
2025,4,False,passing,pff,Trevor Lawrence,77632,QB,JAX,15,1,72.4,29,31,6.8,2.38,1,0,0.0,67.7,21,0,5,0.0,33,0,0.18,8,79.7,60.9,62.6,58.5,0,0,36,1,51.5,0.0,92.7,0.0,0,1,1,0,1,1,2.8,174,5.6
2025,4,False,passing,pff,Bryce Young,123943,QB,CAR,5,1,75.0,24,30,5.5,2.8,1,1,3.0,60.0,18,0,11,0.0,32,0,-0.35,8,78.3,53.7,51.9,62.6,1,0,35,0,43.8,9.1,84.0,3.1,1,1,0,4,1,1,2.9,150,5.0
2025,4,False,passing,pff,C.J. Stroud,129759,QB,HST,13,1,81.5,27,28,6.4,2.56,0,2,6.7,78.6,22,0,12,0.0,32,0,0.25,10,78.7,72.8,71.8,61.9,1,0,35,0,46.9,16.7,125.1,6.3,2,2,0,0,2,0,0.0,233,8.3
2025,4,False,passing,pff,Jared Goff,10635,QB,DET,11,1,86.4,22,27,11.4,2.47,0,2,6.9,59.3,16,0,12,15.8,27,3,-0.1,8,77.4,66.8,65.7,,2,1,30,0,44.4,0.0,86.7,0.0,0,0,0,3,2,2,6.7,168,6.2
2025,4,False,passing,pff,Marcus Mariota,9435,QB,WAS,32,1,69.6,23,27,12.0,2.73,0,3,9.1,59.3,16,0,10,0.0,31,0,0.11,9,78.8,90.4,89.2,63.3,1,1,37,1,48.4,20.0,84.8,6.5,2,1,1,2,2,1,2.7,156,5.8
2025,4,False,passing,pff,Spencer Rattler,97408,QB,NO,20,1,78.3,23,27,6.3,2.61,0,0,0.0,66.7,18,0,14,0.0,34,0,-0.22,10,28.1,69.5,57.0,87.7,1,0,34,1,47.1,21.4,89.4,8.8,3,3,0,3,1,1,2.9,126,4.7
2025,4,False,passing,pff,Justin Fields,82118,QB,NYJ,22,1,77.8,27,27,7.7,3.65,0,1,3.2,74.1,20,0,20,4.8,35,1,0.24,15,28.8,63.3,50.3,84.6,0,0,40,1,57.1,10.0,111.0,5.7,2,6,0,0,1,2,5.0,226,8.4
2025,4,False,passing,pff,Sam Darnold,29048,QB,SEA,29,1,79.2,24,26,9.8,2.58,0,1,3.7,69.2,18,0,10,5.3,31,1,0.43,12,32.2,73.6,69.8,65.6,0,0,33,0,48.4,30.0,111.4,9.7,3,1,0,2,1,0,0.0,242,9.3
2025,4,False,passing,pff,Michael Penix Jr.,82134,QB,ATL,2,1,80.8,26,26,10.6,2.7,0,2,7.4,76.9,20,0,7,4.8,28,1,0.64,15,78.0,84.4,81.8,65.7,0,1,29,1,67.9,14.3,126.0,3.6,1,1,0,0,2,1,3.4,313,12.0
2025,4,False,passing,pff,Cam Ward,133244,QB,TEN,31,1,47.6,21,26,8.4,3.1,2,1,3.3,38.5,10,0,16,0.0,31,0,-0.5,6,78.3,41.5,40.5,62.5,0,1,35,0,29.0,12.5,35.4,6.5,2,2,1,2,0,1,2.9,108,4.2
2025,4,False,passing,pff,Tua Tagovailoa,60326,QB,MIA,17,1,70.8,24,25,5.5,2.62,1,1,3.7,68.0,17,0,10,0.0,28,0,0.4,12,26.6,59.6,69.3,29.6,0,0,30,0,50.0,0.0,114.9,0.0,0,2,0,0,2,1,3.3,177,7.1
2025,4,False,passing,pff,Jake Browning,46401,QB,CIN,7,1,71.4,21,25,8.2,2.75,1,1,3.4,56.0,14,0,10,6.7,29,1,-0.39,3,78.4,57.8,60.0,51.6,0,0,33,1,34.5,30.0,69.6,10.3,3,1,0,3,0,0,0.0,125,5.0
2025,4,False,passing,pff,Jalen Hurts,40291,QB,PHI,24,1,72.7,22,24,7.3,2.84,2,1,4.2,62.5,15,0,16,6.3,32,1,-0.06,13,36.9,58.3,64.5,48.0,0,0,32,0,46.9,12.5,104.5,6.3,2,5,0,0,2,1,3.1,130,5.4
2025,4,False,passing,pff,Aaron Rodgers,2241,QB,PIT,25,1,86.4,22,22,3.3,2.17,0,1,4.5,81.8,18,0,7,5.3,25,1,0.15,7,25.4,60.6,67.1,43.0,0,0,25,1,56.0,28.6,119.7,8.0,2,1,0,0,1,1,4.0,200,9.1
2025,4,False,passing,pff,Josh Allen,46601,QB,BUF,4,1,76.2,21,22,10.1,2.96,0,0,0.0,72.7,16,0,8,0.0,28,0,0.18,12,78.2,66.1,58.4,76.3,1,1,29,0,50.0,37.5,113.6,10.7,3,3,0,0,2,1,3.4,209,9.5
2025,4,False,passing,pff,Geno Smith,7820,QB,LV,23,1,75.0,20,21,5.2,2.74,0,0,0.0,66.7,14,0,6,6.7,23,1,-0.13,7,76.5,29.7,27.1,69.7,0,3,23,0,60.9,0.0,73.0,0.0,0,2,1,0,2,3,13.0,117,5.6
2025,4,False,passing,pff,Lamar Jackson,46416,QB,BLT,3,1,82.4,17,20,6.5,3.24,1,0,0.0,70.0,14,0,14,0.0,27,0,-0.26,9,26.4,45.8,42.3,73.3,0,1,28,3,55.6,21.4,86.9,11.1,3,4,0,2,1,3,10.7,147,7.4
2025,4,False,passing,pff,Jaxson Dart,146409,QB,NYG,21,1,73.7,19,20,7.2,2.98,0,0,0.0,65.0,13,0,10,7.1,28,1,0.09,7,29.1,48.9,45.1,63.2,0,0,32,1,50.0,50.0,96.0,17.9,5,3,0,1,1,0,0.0,111,5.6
2025,4,False,passing,pff,Drake Maye,143969,QB,NE,19,1,87.5,16,17,8.0,3.12,0,1,5.9,82.4,14,0,7,0.0,21,0,0.91,9,75.6,76.5,74.9,65.4,0,0,22,0,66.7,14.3,155.6,4.8,1,3,0,1,2,0,0.0,203,11.9
2025,4,False,passing,pff,Cooper Rush,12324,QB,BLT,3,1,83.3,12,13,3.1,2.56,0,0,0.0,69.2,9,0,4,10.0,13,1,-0.38,3,72.8,55.5,55.5,,0,0,13,0,38.5,0.0,76.4,0.0,0,0,0,1,0,1,7.7,52,4.0
2025,4,False,passing,pff,Andy Dalton,6187,QB,CAR,5,1,83.3,6,6,7.8,2.35,0,0,0.0,83.3,5,0,1,0.0,6,0,1.5,4,68.9,69.1,68.0,,0,0,6,0,83.3,0.0,146.5,0.0,0,0,0,0,1,0,0.0,58,9.7
2025,4,False,passing,pff,Chris Olave,84355,WR,NO,20,1,0.0,1,1,4.0,2.4,0,0,0.0,0.0,0,0,0,,1,0,-3.53,0,67.0,54.3,53.5,,0,1,1,0,0.0,,0.0,0.0,0,0,0,0,0,1,100.0,0,0.0
2025,4,False,passing,pff,Russell Wilson,7077,QB,NYG,21,1,100.0,1,1,-4.0,2.3,0,0,0.0,100.0,1,0,1,0.0,2,0,-0.93,0,13.6,43.2,45.2,,0,0,2,0,0.0,100.0,100.0,50.0,1,0,0,0,0,1,50.0,8,8.0
2025,4,False,passing,pff,Joshua Dobbs,11890,QB,NE,19,1,0.0,1,1,13.0,3.1,0,0,0.0,0.0,0,0,0,,1,0,-0.94,0,68.2,48.1,47.3,60.5,0,0,1,0,0.0,,39.6,0.0,0,0,0,0,0,0,0.0,0,0.0
2025,4,False,passing,pff,Dillon Gabriel,86272,QB,CLV,8,1,0.0,1,1,12.0,2.8,0,0,0.0,0.0,0,0,1,,1,0,-1.58,0,60.4,54.7,55.1,,0,0,1,0,0.0,0.0,39.6,0.0,0,0,0,0,0,0,0.0,0,0.0
2025,5,False,passing,pff,Mac Jones,60323,QB,SF,28,1,77.3,44,49,6.8,2.33,2,1,1.9,67.3,33,0,14,2.9,50,1,0.35,19,81.4,66.5,65.0,63.9,2,0,53,0,58.0,7.1,100.9,2.0,1,0,1,0,2,1,1.9,342,7.0
2025,5,False,passing,pff,Matthew Stafford,4924,QB,LA,26,1,71.1,45,47,11.6,2.59,1,2,4.0,63.8,30,0,14,6.3,48,2,0.26,18,80.5,80.6,79.2,60.0,0,0,51,0,54.2,7.1,111.0,2.1,1,0,1,0,3,0,0.0,389,8.3
2025,5,False,passing,pff,Justin Fields,82118,QB,NYJ,22,1,85.0,40,46,6.8,2.88,2,1,1.9,69.6,32,0,25,5.9,54,2,0.01,15,82.4,77.7,76.8,62.7,2,0,61,0,50.0,20.0,100.2,9.3,5,3,1,1,2,0,0.0,283,6.2
2025,5,False,passing,pff,Patrick Mahomes,11765,QB,KC,16,1,72.5,40,41,9.9,3.15,0,1,2.4,70.7,29,0,13,0.0,46,0,0.13,18,80.1,69.1,63.8,80.1,0,1,46,2,67.4,0.0,91.3,0.0,0,5,0,1,1,1,2.2,318,7.8
2025,5,False,passing,pff,Jaxson Dart,146409,QB,NYG,21,1,73.7,38,40,9.0,3.03,1,2,4.8,65.0,26,0,16,7.1,46,2,-0.33,13,28.4,60.5,55.2,73.1,0,2,49,1,41.3,6.3,73.1,2.2,1,5,1,0,2,4,8.2,202,5.1
2025,5,False,passing,pff,Jake Browning,46401,QB,CIN,7,1,66.7,39,40,9.1,3.01,1,2,4.8,65.0,26,0,18,0.0,45,0,-0.12,14,32.0,38.8,38.1,67.2,0,3,49,1,35.6,11.1,76.1,4.4,2,3,0,0,3,5,10.2,251,6.3
2025,5,False,passing,pff,Cam Ward,133244,QB,TEN,31,1,63.9,36,39,11.1,2.92,0,3,7.5,53.8,21,0,8,8.7,42,2,-0.01,12,80.4,68.0,67.7,58.4,1,1,44,0,38.1,25.0,64.6,4.8,2,1,0,2,0,0,0.0,265,6.8
2025,5,False,passing,pff,Bo Nix,97790,QB,DEN,10,1,76.5,34,39,9.8,2.72,0,1,2.4,61.5,24,0,12,7.7,43,2,-0.01,12,80.1,70.7,68.8,71.2,3,0,46,2,51.2,16.7,87.8,4.7,2,2,0,2,1,0,0.0,242,6.2
2025,5,False,passing,pff,Jalen Hurts,40291,QB,PHI,24,1,69.7,33,38,12.5,3.29,3,4,9.3,60.5,23,0,16,0.0,45,0,-0.02,11,80.6,80.5,79.7,57.8,2,0,50,0,35.6,37.5,100.8,13.3,6,1,0,0,2,0,0.0,280,7.4
2025,5,False,passing,pff,Geno Smith,7820,QB,LV,23,1,71.4,35,36,8.2,2.45,1,1,2.7,69.4,25,0,13,0.0,41,0,-0.21,13,79.9,56.0,53.5,67.3,0,2,43,0,48.8,30.8,63.2,9.8,4,1,0,0,0,2,4.7,228,6.3
2025,5,False,passing,pff,Tua Tagovailoa,60326,QB,MIA,17,1,85.3,34,36,9.0,2.45,0,4,10.5,75.0,27,0,10,6.9,40,2,0.15,13,79.3,90.5,90.4,55.7,0,0,42,0,45.0,30.0,122.0,7.5,3,1,0,2,3,0,0.0,256,7.1
2025,5,False,passing,pff,Carson Wentz,10636,QB,MIN,18,1,75.8,33,34,6.6,2.5,0,2,5.3,73.5,25,0,11,0.0,40,0,0.14,13,79.6,67.1,70.7,45.5,0,0,44,0,50.0,27.3,102.1,7.5,3,3,0,1,1,0,0.0,236,6.9
2025,5,False,passing,pff,Sam Darnold,29048,QB,SEA,29,1,90.6,32,34,9.2,2.68,1,2,5.3,82.4,28,0,13,3.4,34,1,0.61,18,78.9,79.3,79.5,56.3,0,1,39,0,67.6,0.0,135.4,0.0,0,0,0,1,4,1,2.6,341,10.0
2025,5,False,passing,pff,Baker Mayfield,46518,QB,TB,30,1,93.8,32,33,7.5,2.87,0,3,8.3,87.9,29,0,8,3.3,39,1,0.6,18,79.5,92.2,92.8,54.6,0,0,42,0,56.4,12.5,134.7,2.6,1,4,0,1,2,0,0.0,379,11.5
2025,5,False,passing,pff,Dillon Gabriel,86272,QB,CLV,8,1,71.4,28,33,6.5,2.44,1,1,3.0,57.6,19,0,14,5.0,36,1,-0.11,9,78.7,63.0,63.5,55.2,1,0,36,0,36.1,14.3,94.3,5.6,2,1,1,2,2,1,2.8,190,5.8
2025,5,False,passing,pff,Kyler Murray,38334,QB,ARZ,1,1,82.1,28,31,6.3,2.93,0,0,0.0,74.2,23,0,14,0.0,36,0,0.07,10,79.1,64.4,58.5,75.2,1,0,39,1,52.8,21.4,93.5,8.3,3,2,0,2,0,0,0.0,220,7.1
2025,5,False,passing,pff,Josh Allen,46601,QB,BUF,4,1,80.0,30,31,8.8,3.33,0,1,2.9,71.0,22,0,18,8.3,40,2,0.22,18,79.8,77.5,74.6,69.0,0,1,44,0,52.5,5.6,103.3,2.5,1,7,0,1,2,1,2.3,253,8.2
2025,5,False,passing,pff,Spencer Rattler,97408,QB,NO,20,1,82.8,29,31,7.2,2.46,1,1,2.9,67.7,21,0,12,12.5,31,3,0.2,9,79.4,72.6,70.2,68.2,0,0,34,1,45.2,0.0,99.5,0.0,0,0,0,1,1,0,0.0,225,7.3
2025,5,False,passing,pff,Drake Maye,143969,QB,NE,19,1,88.9,27,30,7.9,3.17,1,2,6.1,73.3,22,0,15,8.3,36,2,0.02,14,79.3,79.7,80.2,57.1,0,0,40,0,50.0,26.7,101.1,11.1,4,2,0,2,0,0,0.0,273,9.1
2025,5,False,passing,pff,Bryce Young,123943,QB,CAR,5,1,76.0,25,30,9.5,2.49,0,5,14.3,63.3,19,0,14,0.0,35,0,-0.1,12,26.8,68.8,71.0,55.6,0,1,40,1,42.9,21.4,90.7,8.6,3,1,1,4,2,2,5.0,198,6.6
2025,5,False,passing,pff,Dak Prescott,10769,QB,DAL,9,1,73.1,26,29,8.4,2.92,1,1,3.4,62.1,18,0,6,5.3,33,1,0.36,13,78.9,70.9,63.9,77.4,1,0,33,0,48.5,16.7,127.4,3.0,1,3,0,1,4,0,0.0,237,8.2
2025,5,False,passing,pff,Justin Herbert,28237,QB,LAC,27,1,85.7,28,29,4.7,2.5,0,0,0.0,75.9,22,0,11,8.3,35,2,-0.23,10,79.2,84.1,78.9,75.9,1,1,37,0,42.9,36.4,86.3,11.4,4,1,0,0,1,1,2.7,166,5.7
2025,5,False,passing,pff,Daniel Jones,39395,QB,IND,14,1,84.6,26,29,9.1,2.38,2,0,0.0,69.0,20,0,8,9.1,29,2,0.47,11,78.7,73.8,72.8,61.7,0,0,35,0,65.5,0.0,113.0,0.0,0,0,0,1,2,1,2.9,212,7.3
2025,5,False,passing,pff,C.J. Stroud,129759,QB,HST,13,1,88.9,27,27,7.5,2.43,0,1,3.4,85.2,23,0,6,4.2,30,1,0.72,14,77.9,78.9,73.7,69.0,0,0,33,0,70.0,33.3,143.9,6.7,2,1,0,0,4,0,0.0,244,9.0
2025,5,False,passing,pff,Jayden Daniels,97993,QB,WAS,32,1,73.9,23,26,10.5,2.98,0,2,7.1,57.7,15,0,10,11.8,32,2,0.55,10,78.9,85.9,82.1,73.5,0,0,35,1,62.5,10.0,100.0,3.1,1,5,1,2,1,0,0.0,231,8.9
2025,5,False,passing,pff,Trevor Lawrence,77632,QB,JAX,15,1,76.0,25,25,8.4,3.39,0,1,3.4,72.0,18,0,19,5.3,35,1,0.15,13,29.1,75.0,73.3,70.6,0,1,39,2,54.3,15.8,95.6,8.6,3,7,0,0,1,0,0.0,221,8.8
2025,5,False,passing,pff,Jared Goff,10635,QB,DET,11,1,90.9,22,23,5.0,2.43,1,0,0.0,82.6,19,0,9,5.0,27,1,0.31,14,77.1,68.2,67.4,60.0,0,0,27,0,66.7,44.4,153.0,14.8,4,0,0,0,3,0,0.0,258,11.2
2025,5,False,passing,pff,Cooper Rush,12324,QB,BLT,3,1,78.9,19,20,7.9,2.47,0,1,4.8,70.0,14,0,6,6.7,21,1,-0.39,7,75.9,67.7,66.7,,1,3,23,0,47.6,16.7,58.1,4.8,1,0,0,0,0,1,4.3,179,9.0
2025,5,False,passing,pff,Davis Mills,52269,QB,HST,13,1,100.0,3,4,13.7,2.7,0,0,0.0,50.0,2,0,1,33.3,5,1,0.33,2,70.2,79.6,83.4,57.9,1,0,5,0,40.0,0.0,67.7,0.0,0,1,0,0,0,0,0.0,23,5.8
2025,5,False,passing,pff,Trey Lance,91399,QB,LAC,27,1,100.0,3,4,5.3,2.48,0,0,0.0,75.0,3,0,1,0.0,6,0,-0.1,2,68.9,48.6,51.4,57.9,0,0,6,0,33.3,100.0,110.4,16.7,1,1,1,0,0,0,0.0,44,11.0
2025,5,False,passing,pff,Anthony Richardson,124393,QB,IND,14,1,50.0,2,2,18.5,2.0,0,0,0.0,50.0,1,0,0,0.0,2,0,-0.58,1,63.6,66.9,65.9,,0,0,2,0,50.0,,62.5,0.0,0,0,0,0,0,0,0.0,9,4.5
2025,5,False,passing,pff,Jacoby Brissett,10725,QB,ARZ,1,1,100.0,1,1,9.0,3.9,0,0,0.0,0.0,0,0,0,100.0,1,1,-1.0,0,60.4,74.0,72.2,,0,0,1,0,0.0,,39.6,0.0,0,0,0,0,0,0,0.0,0,0.0
2025,5,False,passing,pff,Cam Akers,57206,HB,MIN,18,1,100.0,1,1,15.0,2.3,0,0,0.0,100.0,1,0,0,0.0,1,0,3.22,1,60.4,72.1,70.7,,0,0,1,0,100.0,,158.3,0.0,0,0,0,0,1,0,0.0,32,32.0
2025,5,False,passing,pff,David Montgomery,45719,HB,DET,11,1,100.0,1,1,9.0,1.5,0,0,0.0,100.0,1,0,0,0.0,1,0,1.98,1,76.9,65.4,72.2,58.3,0,0,1,0,100.0,,118.8,0.0,0,0,0,0,1,0,0.0,3,3.0
2025,5,False,passing,pff,Tyler Warren,129798,TE,IND,14,1,,0,1,,4.3,0,0,0.0,0.0,0,0,1,,1,0,-0.32,0,68.8,74.6,60.0,,0,0,1,1,0.0,0.0,39.6,0.0,0,0,0,1,0,0,0.0,0,0.0
2025,5,False,passing,pff,Taysom Hill,12112,TE,NO,20,1,100.0,1,1,19.0,2.3,0,0,0.0,100.0,1,0,0,0.0,1,0,0.92,1,71.2,57.6,71.9,51.5,0,0,1,0,100.0,,118.8,0.0,0,0,0,0,0,0,0.0,19,19.0
2025,6,False,passing,pff,Dillon Gabriel,86272,QB,CLV,8,1,70.8,48,52,6.5,2.51,1,1,1.7,55.8,29,0,25,14.7,58,5,-0.26,10,81.9,51.1,52.5,,2,0,65,1,32.8,24.0,66.3,10.3,6,0,0,1,0,4,6.2,221,4.3
2025,6,False,passing,pff,Joe Flacco,4332,QB,CIN,7,1,82.1,39,45,5.9,2.35,0,1,2.1,64.4,29,0,12,9.4,46,3,0.03,12,80.3,77.4,75.9,,1,0,49,0,45.7,8.3,90.9,2.2,1,0,2,3,2,0,0.0,219,4.9
2025,6,False,passing,pff,Jacoby Brissett,10725,QB,ARZ,1,1,77.8,36,44,10.6,3.21,0,1,2.1,61.4,27,0,22,3.6,47,1,0.14,18,80.7,73.1,67.7,79.1,3,1,50,0,53.2,9.1,89.2,4.3,2,1,0,5,2,0,0.0,320,7.3
2025,6,False,passing,pff,Trevor Lawrence,77632,QB,JAX,15,1,69.0,42,42,7.5,3.07,0,2,4.5,64.3,27,0,26,6.9,51,2,-0.04,13,81.2,69.2,71.4,55.6,0,0,54,1,37.3,26.9,97.1,13.7,7,1,0,0,2,1,1.9,258,6.1
2025,6,False,passing,pff,Mac Jones,60323,QB,SF,28,1,75.7,37,39,9.2,2.7,0,2,5.0,69.2,27,0,17,3.6,47,1,-0.12,10,80.6,69.2,70.9,52.8,0,2,48,1,44.7,35.3,75.5,12.8,6,2,0,2,0,2,4.2,347,8.9
2025,6,False,passing,pff,Cam Ward,133244,QB,TEN,31,1,77.1,35,38,7.1,2.74,0,0,0.0,68.4,26,0,16,3.7,44,1,-0.34,11,21.2,54.0,55.6,,0,1,46,1,36.4,37.5,81.3,13.6,6,0,1,2,1,2,4.3,222,5.8
2025,6,False,passing,pff,Justin Herbert,28237,QB,LAC,27,1,78.4,37,38,6.2,2.73,0,0,0.0,76.3,29,0,12,0.0,39,0,0.16,12,79.1,66.0,63.6,62.6,1,0,39,0,53.8,8.3,112.2,2.6,1,0,0,0,2,1,2.6,264,6.9
2025,6,False,passing,pff,Dak Prescott,10769,QB,DAL,9,1,83.9,31,34,6.5,2.9,2,1,2.8,73.5,25,0,6,3.8,34,1,0.49,12,78.7,81.1,80.1,59.5,0,0,36,1,58.8,0.0,124.8,0.0,0,0,0,1,3,0,0.0,261,7.7
2025,6,False,passing,pff,Jalen Hurts,40291,QB,PHI,24,1,75.0,32,33,9.4,3.21,0,0,0.0,72.7,24,0,11,0.0,38,0,-0.02,14,79.9,58.2,58.4,57.9,0,1,39,0,55.3,27.3,95.9,7.9,3,2,0,1,1,1,2.6,283,8.6
2025,6,False,passing,pff,Michael Penix Jr.,82134,QB,ATL,2,1,71.4,28,32,7.5,2.71,1,1,2.9,62.5,20,0,13,0.0,35,0,-0.02,10,79.0,51.5,51.5,57.8,1,0,38,0,45.7,15.4,97.1,5.7,2,1,0,2,1,2,5.3,250,7.8
2025,6,False,passing,pff,Tua Tagovailoa,60326,QB,MIA,17,1,82.1,28,32,6.8,2.51,0,1,2.9,65.6,21,0,12,8.7,36,2,-0.1,10,78.9,54.4,54.9,58.3,1,3,39,0,41.7,16.7,54.8,5.6,2,1,0,3,1,3,7.7,205,6.4
2025,6,False,passing,pff,Daniel Jones,39395,QB,IND,14,1,80.0,30,30,7.3,2.83,0,1,3.3,73.3,22,0,11,8.3,33,2,0.15,15,78.6,65.5,58.6,79.0,0,1,33,1,54.5,9.1,101.0,3.0,1,2,0,0,2,2,6.1,212,7.1
2025,6,False,passing,pff,Aaron Rodgers,2241,QB,PIT,25,1,75.9,29,30,7.7,2.65,0,3,10.0,70.0,21,0,7,4.5,31,1,0.27,11,77.6,82.9,82.5,58.3,0,0,31,0,45.2,0.0,115.3,0.0,0,1,0,1,2,0,0.0,235,7.8
2025,6,False,passing,pff,Patrick Mahomes,11765,QB,KC,16,1,85.7,28,30,5.1,2.92,0,0,0.0,73.3,22,0,10,8.3,38,2,0.36,18,29.6,72.8,70.6,66.4,0,0,40,0,63.2,30.0,132.2,7.9,3,5,0,2,3,1,2.5,257,8.6
2025,6,False,passing,pff,Bo Nix,97790,QB,DEN,10,1,84.0,25,30,5.7,2.64,2,0,0.0,63.3,19,0,7,9.5,33,2,0.0,9,79.1,81.3,78.6,68.4,0,0,36,0,39.4,14.3,90.1,3.0,1,2,0,3,1,0,0.0,174,5.8
2025,6,False,passing,pff,Jared Goff,10635,QB,DET,11,1,92.3,26,29,4.1,2.59,1,0,0.0,79.3,23,0,7,4.2,31,1,0.1,14,77.7,80.6,76.5,63.3,1,0,31,1,58.1,14.3,118.8,3.2,1,1,0,1,2,0,0.0,203,7.0
2025,6,False,passing,pff,Caleb Williams,144622,QB,CHI,6,1,62.1,29,29,8.5,2.82,0,1,2.9,58.6,17,0,14,5.6,33,1,0.06,11,79.2,46.0,42.3,70.4,0,0,38,0,42.4,21.4,98.6,9.1,3,1,0,0,1,2,5.3,252,8.7
2025,6,False,passing,pff,Sam Darnold,29048,QB,SEA,29,1,73.9,23,27,13.9,2.71,0,5,18.5,59.3,16,0,9,5.9,29,1,0.19,11,78.0,94.6,93.5,67.7,1,0,29,0,41.4,11.1,121.7,3.4,1,1,0,3,2,0,0.0,295,10.9
2025,6,False,passing,pff,Drake Maye,143969,QB,NE,19,1,83.3,24,26,11.3,3.37,0,3,10.0,69.2,18,0,15,10.0,31,2,0.7,14,28.6,91.0,92.0,62.6,0,0,35,1,61.3,6.7,140.1,3.2,1,4,0,2,3,1,2.9,261,10.0
2025,6,False,passing,pff,Josh Allen,46601,QB,BUF,4,1,57.7,26,26,11.8,3.16,0,3,10.3,57.7,15,0,17,0.0,35,0,-0.36,10,78.6,68.3,66.7,63.7,0,2,38,0,40.0,23.5,72.6,11.4,4,5,0,0,2,0,0.0,180,6.9
2025,6,False,passing,pff,Jayden Daniels,97993,QB,WAS,32,1,91.3,23,26,8.2,3.06,1,2,6.5,73.1,19,0,9,9.5,35,2,0.23,13,22.3,64.6,69.8,49.3,0,1,40,1,51.4,33.3,119.2,8.6,3,6,0,2,3,2,5.0,211,8.1
2025,6,False,passing,pff,Spencer Rattler,97408,QB,NO,20,1,80.8,26,26,8.2,2.89,0,4,13.3,76.9,20,0,14,4.8,30,1,-0.03,8,78.7,93.2,91.7,73.8,0,0,35,0,50.0,14.3,102.6,6.7,2,2,0,0,0,0,0.0,227,8.7
2025,6,False,passing,pff,Matthew Stafford,4924,QB,LA,26,1,69.2,26,26,9.2,2.79,0,1,3.7,65.4,17,0,8,5.6,29,1,-0.06,10,26.6,68.2,69.9,52.2,0,0,30,0,51.7,25.0,98.4,6.9,2,1,0,0,1,2,6.7,181,7.0
2025,6,False,passing,pff,Jordan Love,40306,QB,GB,12,1,73.1,26,26,9.2,2.94,0,2,7.4,73.1,19,0,9,0.0,34,0,0.26,13,78.7,73.0,73.0,60.9,0,1,35,0,61.8,11.1,101.3,2.9,1,5,0,0,1,1,2.9,259,10.0
2025,6,False,passing,pff,Jaxson Dart,146409,QB,NYG,21,1,75.0,24,25,9.7,3.02,1,1,3.7,68.0,17,0,13,5.6,32,1,0.36,11,79.8,89.7,81.8,82.3,0,0,34,0,50.0,15.4,104.6,6.3,2,5,0,0,1,0,0.0,195,7.8
2025,6,False,passing,pff,Bryce Young,123943,QB,CAR,5,1,90.0,20,25,7.0,3.01,0,1,3.7,68.0,17,0,14,5.6,27,1,0.03,11,77.7,82.1,78.2,69.4,1,1,29,0,51.9,7.1,114.8,3.7,1,1,0,4,3,0,0.0,199,8.0
2025,6,False,passing,pff,Baker Mayfield,46518,QB,TB,30,1,73.9,23,23,10.0,2.84,0,1,4.2,73.9,17,0,6,0.0,25,0,0.41,10,76.9,76.9,65.5,90.5,0,0,26,0,56.0,16.7,139.0,4.0,1,1,0,0,2,0,0.0,256,11.1
2025,6,False,passing,pff,Geno Smith,7820,QB,LV,23,1,77.3,22,23,2.6,2.66,0,0,0.0,73.9,17,0,7,0.0,25,0,-0.06,9,78.2,68.2,68.1,58.1,1,1,29,2,48.0,28.6,91.6,8.0,2,0,0,0,1,1,3.4,174,7.6
2025,6,False,passing,pff,Cooper Rush,12324,QB,BLT,3,1,61.1,18,19,7.4,2.68,0,0,0.0,57.9,11,0,8,0.0,19,0,-0.66,3,75.4,53.1,55.3,52.1,1,1,21,0,31.6,0.0,44.2,0.0,0,0,0,0,0,1,4.8,72,3.8
2025,6,False,passing,pff,Justin Fields,82118,QB,NYJ,22,1,66.7,15,17,5.5,3.0,1,0,0.0,52.9,9,0,17,10.0,29,1,-0.87,2,78.0,51.2,49.0,59.0,0,0,29,0,13.8,52.9,58.7,31.0,9,3,0,1,0,0,0.0,45,2.6
2025,6,False,passing,pff,Tyler Huntley,46448,QB,BLT,3,1,76.9,13,15,4.7,2.97,0,0,0.0,66.7,10,0,12,0.0,21,0,-0.25,4,75.7,66.2,55.3,80.4,0,0,21,0,33.3,33.3,76.5,19.0,4,2,1,1,0,0,0.0,68,4.5
2025,6,False,passing,pff,Russell Wilson,7077,QB,NYG,21,1,0.0,1,1,9.0,1.8,0,0,0.0,0.0,0,0,0,,1,0,-1.84,0,60.4,53.0,53.6,,0,0,1,0,0.0,,39.6,0.0,0,0,0,0,0,0,0.0,0,0.0
2025,6,False,passing,pff,Jaylen Waddle,84088,WR,MIA,17,1,100.0,1,1,-4.0,3.2,0,0,0.0,100.0,1,0,0,0.0,1,0,-1.41,0,69.5,76.3,60.3,,0,0,1,0,0.0,,100.0,0.0,0,0,0,0,0,0,0.0,8,8.0
2025,7,False,passing,pff,Justin Herbert,28237,QB,LAC,27,1,80.0,50,55,9.0,3.13,1,3,5.3,67.3,37,0,27,7.5,61,3,0.18,20,82.3,81.6,79.1,73.7,3,2,63,1,54.1,11.1,93.0,4.9,3,3,0,1,3,1,1.6,420,7.6
2025,7,False,passing,pff,Baker Mayfield,46518,QB,TB,30,1,59.6,47,50,10.0,3.09,2,2,3.8,56.0,28,0,28,0.0,54,0,-0.62,11,35.6,46.7,47.3,,1,1,57,0,27.8,14.3,66.1,7.4,4,0,0,0,1,2,3.5,228,4.6
2025,7,False,passing,pff,Bo Nix,97790,QB,DEN,10,1,72.7,44,50,9.4,2.41,5,4,7.4,54.0,27,0,15,15.6,56,5,-0.08,16,42.4,68.1,66.7,63.5,0,0,61,0,39.3,13.3,83.7,3.6,2,1,1,0,2,0,0.0,279,5.6
2025,7,False,passing,pff,C.J. Stroud,129759,QB,HST,13,1,52.2,46,49,9.3,3.0,0,3,5.6,46.9,23,0,21,4.2,54,1,-0.24,13,29.7,41.2,40.4,66.1,0,1,61,0,35.2,14.3,59.0,5.6,3,2,0,3,1,6,9.8,229,4.7
2025,7,False,passing,pff,Trevor Lawrence,77632,QB,JAX,15,1,65.1,43,48,12.4,2.96,3,3,6.0,47.9,23,0,27,17.9,57,5,-0.31,14,81.4,68.7,68.1,59.0,0,0,59,0,36.8,25.9,74.7,12.3,7,2,0,2,1,1,1.7,296,6.2
2025,7,False,passing,pff,Joe Flacco,4332,QB,CIN,7,1,75.0,44,47,7.4,2.27,0,2,4.0,66.0,31,0,17,6.1,49,2,0.19,16,81.5,84.2,81.1,69.7,1,0,52,0,49.0,11.8,108.6,4.1,2,0,0,2,3,0,0.0,342,7.3
2025,7,False,passing,pff,Carson Wentz,10636,QB,MIN,18,1,70.0,40,42,11.1,2.83,0,1,2.3,61.9,26,0,19,7.1,47,2,0.01,15,32.0,45.9,40.0,86.0,0,2,49,1,48.9,10.5,64.9,4.3,2,2,0,2,0,2,4.1,313,7.5
2025,7,False,passing,pff,Michael Penix Jr.,82134,QB,ATL,2,1,71.0,31,38,9.9,2.87,0,2,4.8,55.3,21,0,15,4.5,43,1,-0.1,13,80.0,59.3,61.7,54.7,3,0,48,2,44.2,13.3,83.3,4.7,2,2,0,4,1,3,6.3,241,6.3
2025,7,False,passing,pff,Jacoby Brissett,10725,QB,ARZ,1,1,78.8,33,36,8.5,2.99,0,3,7.5,69.4,25,0,19,3.8,46,1,0.02,14,34.6,70.3,70.5,58.5,1,0,51,0,43.5,31.6,110.8,13.0,6,4,0,2,2,1,2.0,279,7.8
2025,7,False,passing,pff,Patrick Mahomes,11765,QB,KC,16,1,81.8,33,35,6.3,2.4,1,0,0.0,74.3,26,0,8,3.7,40,1,0.53,17,79.6,67.4,62.2,75.6,0,0,44,0,60.0,12.5,126.6,2.5,1,4,0,1,3,2,4.5,286,8.2
2025,7,False,passing,pff,Aaron Rodgers,2241,QB,PIT,25,1,72.7,33,34,9.7,2.87,0,3,8.3,67.6,23,0,7,4.2,35,1,0.35,12,78.6,76.8,76.3,58.3,0,2,37,0,54.3,0.0,103.7,0.0,0,1,0,1,4,1,2.7,249,7.3
2025,7,False,passing,pff,Daniel Jones,39395,QB,IND,14,1,75.0,32,34,10.8,2.79,0,1,2.9,67.6,23,0,13,4.2,37,1,0.36,14,79.4,66.1,67.9,51.6,0,0,38,0,59.5,7.7,113.4,2.7,1,2,1,1,2,0,0.0,288,8.5
2025,7,False,passing,pff,Cam Ward,133244,QB,TEN,31,1,78.1,32,34,5.9,2.85,0,2,5.7,73.5,25,0,11,0.0,39,0,-0.4,14,26.3,60.8,60.2,,0,1,40,0,48.7,45.5,92.2,12.8,5,0,0,2,1,2,5.0,255,7.5
2025,7,False,passing,pff,Jaxson Dart,146409,QB,NYG,21,1,60.7,28,33,12.3,2.89,2,3,7.7,45.5,15,0,13,11.8,37,2,0.23,12,80.5,49.1,51.9,63.7,2,1,44,3,40.5,30.8,93.4,10.8,4,0,0,1,3,2,4.5,283,8.6
2025,7,False,passing,pff,Matthew Stafford,4924,QB,LA,26,1,69.7,33,33,11.5,2.67,0,4,10.0,63.6,21,0,13,8.7,34,2,0.18,14,79.5,80.7,81.9,55.8,0,0,42,1,55.9,0.0,117.7,0.0,0,1,0,0,5,0,0.0,182,5.5
2025,7,False,passing,pff,Spencer Rattler,97408,QB,NO,20,1,67.7,31,32,11.9,2.79,0,2,5.9,62.5,20,0,14,4.8,37,1,-0.34,9,28.6,54.3,48.6,79.7,0,3,39,0,40.5,28.6,66.3,10.8,4,1,0,1,2,6,15.4,233,7.3
2025,7,False,passing,pff,Sam Darnold,29048,QB,SEA,29,1,65.4,26,31,11.5,2.66,2,5,14.7,54.8,17,0,13,0.0,35,0,-0.37,9,26.4,61.4,61.5,57.5,0,1,38,0,37.1,15.4,73.7,5.7,2,1,0,3,1,2,5.3,213,6.9
2025,7,False,passing,pff,Dak Prescott,10769,QB,DAL,9,1,75.0,28,30,7.1,2.61,2,3,9.4,70.0,21,0,14,0.0,33,0,0.22,12,28.9,75.9,80.3,49.5,0,0,38,0,48.5,7.1,130.4,3.0,1,2,0,0,3,0,0.0,264,8.8
2025,7,False,passing,pff,Jordan Love,40306,QB,GB,12,1,76.9,26,29,7.5,2.92,1,0,0.0,65.5,19,0,10,5.0,33,1,0.07,11,22.5,53.5,58.4,42.6,1,0,36,0,48.5,10.0,93.9,3.0,1,3,0,1,1,2,5.6,179,6.2
2025,7,False,passing,pff,Jared Goff,10635,QB,DET,11,1,74.1,27,29,6.0,2.6,1,0,0.0,69.0,20,0,14,0.0,34,0,-0.3,9,28.1,37.4,36.0,62.6,0,1,37,0,44.1,28.6,91.3,11.8,4,1,0,1,1,2,5.4,241,8.3
2025,7,False,passing,pff,Caleb Williams,144622,QB,CHI,6,1,65.2,23,26,9.2,3.53,2,0,0.0,57.7,15,0,10,0.0,27,0,-0.07,10,31.3,62.4,63.8,52.6,0,1,28,0,44.4,10.0,61.7,3.7,1,0,0,1,0,2,7.1,172,6.6
2025,7,False,passing,pff,Mac Jones,60323,QB,SF,28,1,83.3,24,26,5.0,2.72,0,0,0.0,65.4,17,0,9,15.0,28,3,0.03,10,78.0,75.9,71.8,70.6,0,1,28,0,53.6,11.1,64.9,3.6,1,1,0,2,0,0,0.0,152,5.8
2025,7,False,passing,pff,Bryce Young,123943,QB,CAR,5,1,80.0,20,25,6.0,3.13,1,0,0.0,60.0,15,0,12,6.3,28,1,0.02,8,29.5,58.4,61.1,50.3,1,0,29,0,42.9,8.3,88.4,3.6,1,2,0,3,1,0,0.0,138,5.5
2025,7,False,passing,pff,Tua Tagovailoa,60326,QB,MIA,17,1,66.7,21,23,7.8,2.28,1,0,0.0,52.2,12,0,7,14.3,28,2,-0.97,5,20.6,28.6,33.1,37.4,0,3,29,0,17.9,28.6,24.1,7.1,2,1,0,1,0,2,6.9,100,4.3
2025,7,False,passing,pff,Jalen Hurts,40291,QB,PHI,24,1,87.0,23,23,12.4,3.44,0,4,17.4,82.6,19,0,10,5.0,26,1,0.78,9,77.7,95.2,94.9,61.0,0,0,26,0,53.8,30.0,158.3,11.5,3,0,0,0,3,0,0.0,326,14.2
2025,7,False,passing,pff,Drake Maye,143969,QB,NE,19,1,95.5,22,23,8.1,3.08,0,3,13.0,91.3,21,0,10,0.0,35,0,0.37,15,78.3,87.0,83.8,72.1,1,0,35,0,54.3,40.0,135.9,11.4,4,8,0,0,2,0,0.0,222,9.7
2025,7,False,passing,pff,Tyrod Taylor,6332,QB,NYJ,22,1,66.7,18,22,16.8,3.48,2,1,4.3,45.5,10,0,9,16.7,28,2,-0.25,6,77.2,46.8,50.4,49.1,0,2,29,0,32.1,33.3,25.9,10.7,3,3,0,2,0,3,10.3,126,5.7
2025,7,False,passing,pff,Jayden Daniels,97993,QB,WAS,32,1,75.0,20,22,8.6,3.28,1,2,8.7,54.5,12,0,12,20.0,28,3,-0.17,8,27.4,67.4,63.5,68.1,0,0,29,0,42.9,16.7,92.2,7.1,2,4,0,1,1,1,3.4,156,7.1
2025,7,False,passing,pff,Dillon Gabriel,86272,QB,CLV,8,1,77.8,18,18,4.7,3.03,0,0,0.0,72.2,13,0,6,7.1,23,1,-0.01,6,76.9,47.6,48.6,52.8,0,0,26,1,34.8,33.3,89.1,8.7,2,3,0,0,0,1,3.8,116,6.4
2025,7,False,passing,pff,Geno Smith,7820,QB,LV,23,1,78.6,14,16,3.4,2.57,0,0,0.0,62.5,10,0,4,9.1,18,1,-0.65,2,24.1,56.1,67.2,34.1,1,0,21,0,11.1,25.0,71.6,5.6,1,1,0,1,0,0,0.0,67,4.2
2025,7,False,passing,pff,Justin Fields,82118,QB,NYJ,22,1,60.0,10,12,7.7,2.52,1,0,0.0,50.0,6,0,6,0.0,17,0,-0.3,2,75.4,38.9,38.5,55.1,0,0,17,0,41.2,50.0,59.7,17.6,3,1,0,1,0,0,0.0,46,3.8
2025,7,False,passing,pff,Marcus Mariota,9435,QB,WAS,32,1,44.4,9,10,14.2,3.3,1,0,0.0,40.0,4,0,7,0.0,12,0,-1.25,2,73.8,37.4,30.8,72.0,0,1,13,1,33.3,28.6,22.1,16.7,2,0,0,0,0,1,7.7,63,6.3
2025,7,False,passing,pff,Quinn Ewers,127253,QB,MIA,17,1,62.5,8,8,9.3,2.11,0,0,0.0,62.5,5,0,4,0.0,10,0,-0.39,2,18.9,23.5,28.7,60.0,0,0,10,1,30.0,50.0,81.8,20.0,2,0,0,0,0,1,10.0,53,6.6
2025,7,False,passing,pff,Andy Dalton,6187,QB,CAR,5,1,66.7,6,7,16.2,2.26,0,0,0.0,57.1,4,0,2,0.0,8,0,-0.24,2,71.8,76.1,75.1,60.0,0,0,8,0,25.0,50.0,85.4,12.5,1,0,0,1,0,0,0.0,60,8.6
2025,7,False,passing,pff,Kenny Pickett,60515,QB,LV,23,1,100.0,2,2,0.5,2.8,0,0,0.0,100.0,2,0,0,0.0,2,0,-0.29,0,14.0,29.0,62.0,47.6,0,0,2,0,50.0,,83.3,0.0,0,0,0,0,0,0,0.0,8,4.0
2025,7,False,passing,pff,Cooper Kupp,11824,WR,SEA,29,1,0.0,1,1,7.0,3.6,0,0,0.0,0.0,0,0,1,,1,0,-5.12,0,65.7,55.2,45.5,,0,1,1,0,0.0,0.0,0.0,0.0,0,0,0,0,0,1,100.0,0,0.0
2025,7,False,passing,pff,Joshua Dobbs,11890,QB,NE,19,1,100.0,1,1,12.0,4.9,0,0,0.0,100.0,1,0,1,0.0,1,0,1.09,1,66.7,73.6,71.9,60.0,0,0,1,0,100.0,0.0,116.7,0.0,0,0,0,0,0,0,0.0,12,12.0
2025,8,False,passing,pff,C.J. Stroud,129759,QB,HST,13,1,81.1,37,39,8.1,2.75,1,1,2.4,76.9,30,0,10,0.0,42,0,0.56,18,80.5,79.8,76.0,71.8,0,1,45,0,57.1,0.0,106.6,0.0,0,3,0,1,2,1,2.2,318,8.2
2025,8,False,passing,pff,Cam Ward,133244,QB,TEN,31,1,66.7,36,38,9.6,3.14,1,2,4.9,57.9,22,0,14,8.3,43,2,-0.16,13,80.2,64.9,65.8,54.1,0,1,47,0,44.2,28.6,76.5,9.3,4,1,1,0,1,1,2.1,259,6.8
2025,8,False,passing,pff,Caleb Williams,144622,QB,CHI,6,1,76.5,34,38,8.9,3.06,0,2,5.1,65.8,25,0,11,3.8,41,1,0.0,14,79.5,60.0,60.0,57.6,0,1,42,2,46.3,9.1,77.2,2.4,1,2,0,4,0,1,2.4,285,7.5
2025,8,False,passing,pff,Jordan Love,40306,QB,GB,12,1,90.9,33,37,5.9,2.49,0,1,2.6,78.4,29,0,12,3.3,37,1,0.47,16,79.0,81.2,79.5,60.0,2,0,38,0,56.8,0.0,134.2,0.0,0,0,0,2,3,0,0.0,360,9.7
2025,8,False,passing,pff,Aaron Rodgers,2241,QB,PIT,25,1,78.1,32,36,7.5,2.77,1,2,4.8,66.7,24,0,13,4.0,39,1,-0.21,10,79.8,75.9,74.5,,1,0,45,0,41.0,23.1,101.5,7.7,3,0,0,2,2,0,0.0,219,6.1
2025,8,False,passing,pff,Dillon Gabriel,86272,QB,CLV,8,1,67.7,31,35,7.5,2.99,2,0,0.0,60.0,21,0,18,0.0,38,0,-0.34,8,79.0,33.7,34.6,64.4,0,2,40,2,34.2,5.6,65.9,2.6,1,1,0,2,2,3,7.5,156,4.5
2025,8,False,passing,pff,Joe Flacco,4332,QB,CIN,7,1,71.9,32,34,5.4,2.54,0,1,2.9,61.8,21,0,7,8.7,36,2,0.08,12,78.8,69.1,64.0,74.6,0,0,37,0,50.0,14.3,100.5,2.8,1,1,0,2,2,1,2.7,223,6.6
2025,8,False,passing,pff,Patrick Mahomes,11765,QB,KC,16,1,83.9,31,34,6.6,2.99,0,3,8.3,73.5,25,0,15,3.8,41,1,0.32,17,79.7,82.8,81.7,63.2,1,2,43,1,61.0,20.0,104.9,7.3,3,3,0,2,3,1,2.3,299,8.8
2025,8,False,passing,pff,Mac Jones,60323,QB,SF,28,1,75.9,29,32,11.6,2.79,0,3,9.1,59.4,19,0,13,13.6,37,3,-0.21,12,78.9,78.8,75.1,71.0,2,1,39,0,37.8,15.4,84.5,5.4,2,2,0,1,2,1,2.6,193,6.0
2025,8,False,passing,pff,Justin Fields,82118,QB,NYJ,22,1,75.0,28,32,6.0,2.92,0,2,6.1,65.6,21,0,7,0.0,37,0,0.3,12,80.1,77.8,80.8,59.9,1,0,39,0,48.6,0.0,99.0,0.0,0,5,1,2,1,0,0.0,244,7.6
2025,8,False,passing,pff,Dak Prescott,10769,QB,DAL,9,1,66.7,30,31,7.9,2.64,1,1,2.9,61.3,19,0,14,5.0,38,1,-0.19,11,79.5,51.6,54.7,48.5,0,2,42,0,47.4,14.3,51.5,5.3,2,5,0,0,0,2,4.8,188,6.1
2025,8,False,passing,pff,Kirk Cousins,7102,QB,ATL,2,1,76.7,30,31,8.6,2.48,0,0,0.0,67.7,21,0,11,8.7,32,2,-0.23,7,78.4,66.2,66.2,60.0,0,0,33,0,40.6,9.1,81.8,3.1,1,0,0,1,0,0,0.0,173,5.6
2025,8,False,passing,pff,Marcus Mariota,9435,QB,WAS,32,1,82.8,29,30,5.2,3.33,1,2,6.5,70.0,21,0,15,12.5,35,3,-0.35,9,28.8,69.4,77.8,44.0,0,2,36,0,40.0,13.3,73.3,5.7,2,3,0,0,1,2,5.6,213,7.1
2025,8,False,passing,pff,Tyler Shough,83537,QB,NO,20,1,65.5,29,30,9.1,2.58,1,1,3.3,56.7,17,0,11,10.5,35,2,-0.32,8,78.3,71.3,71.0,59.4,0,1,35,0,34.3,18.2,53.2,5.7,2,3,0,0,0,0,0.0,128,4.3
2025,8,False,passing,pff,Daniel Jones,39395,QB,IND,14,1,84.6,26,29,9.5,2.85,0,0,0.0,72.4,21,0,10,4.5,33,1,0.39,14,77.9,74.9,74.7,58.3,1,0,33,0,48.5,30.0,136.0,9.1,3,1,0,2,3,0,0.0,272,9.4
2025,8,False,passing,pff,Bo Nix,97790,QB,DEN,10,1,85.2,27,29,11.9,2.43,0,3,8.8,65.5,19,0,6,17.4,30,4,0.46,15,78.5,87.2,85.2,60.0,0,1,35,0,60.0,0.0,117.4,0.0,0,0,0,2,4,1,2.9,247,8.5
2025,8,False,passing,pff,Carson Wentz,10636,QB,MIN,18,1,62.5,24,27,6.3,2.7,1,0,0.0,55.6,15,0,17,0.0,32,0,-0.45,8,32.2,35.4,36.5,,1,1,33,0,34.4,29.4,67.5,15.6,5,0,0,1,1,2,6.1,144,5.3
2025,8,False,passing,pff,Tua Tagovailoa,60326,QB,MIA,17,1,84.0,25,26,4.4,2.23,1,1,3.4,76.9,20,0,7,4.8,27,1,0.39,10,77.4,82.6,81.1,,0,0,30,0,51.9,14.3,138.6,3.7,1,0,0,0,4,0,0.0,205,7.9
2025,8,False,passing,pff,Justin Herbert,28237,QB,LAC,27,1,75.0,24,25,9.2,3.2,0,1,3.8,72.0,18,0,22,0.0,34,0,0.47,17,78.3,93.6,91.5,82.7,0,1,35,0,61.8,9.1,122.8,5.9,2,7,0,1,3,0,0.0,227,9.1
2025,8,False,passing,pff,Andy Dalton,6187,QB,CAR,5,1,69.6,23,24,8.2,2.62,0,1,4.0,66.7,16,0,15,0.0,34,0,-0.52,11,20.7,43.1,50.2,36.8,0,1,36,0,50.0,46.7,70.7,20.6,7,1,0,1,0,4,11.1,175,7.3
2025,8,False,passing,pff,Jaxson Dart,146409,QB,NYG,21,1,76.2,21,24,11.6,3.69,0,3,12.0,58.3,14,0,15,12.5,31,2,0.03,10,78.7,81.1,80.9,67.5,1,0,32,1,41.9,33.3,98.1,16.1,5,2,0,2,1,0,0.0,193,8.0
2025,8,False,passing,pff,Baker Mayfield,46518,QB,TB,30,1,78.3,23,24,6.8,2.64,0,1,4.2,62.5,15,0,10,16.7,27,3,-0.2,8,25.4,63.5,62.5,,1,0,27,0,37.0,30.0,80.6,11.1,3,0,0,0,0,2,7.4,152,6.3
2025,8,False,passing,pff,Drake Maye,143969,QB,NE,19,1,82.6,23,24,12.1,3.09,0,1,3.7,75.0,18,0,14,5.3,34,1,0.25,13,28.7,71.6,67.7,70.8,0,1,37,0,58.8,42.9,135.8,17.6,6,4,0,1,3,2,5.4,282,11.8
2025,8,False,passing,pff,Tyler Huntley,46448,QB,BLT,3,1,85.7,21,22,9.3,2.68,1,1,4.2,77.3,17,0,7,5.6,25,1,0.24,9,78.6,71.2,67.7,68.0,0,0,27,1,56.0,28.6,116.9,8.0,2,1,0,0,1,1,3.7,186,8.5
2025,8,False,passing,pff,Spencer Rattler,97408,QB,NO,20,1,75.0,20,21,9.6,2.64,0,0,0.0,71.4,15,0,11,0.0,27,0,-0.69,7,25.8,35.1,50.4,29.1,0,1,28,1,40.7,27.3,68.8,11.1,3,2,1,0,0,2,7.1,136,6.5
2025,8,False,passing,pff,Jalen Hurts,40291,QB,PHI,24,1,83.3,18,20,8.1,3.32,1,0,0.0,75.0,15,0,11,0.0,27,0,0.37,11,77.4,63.1,68.0,52.1,1,0,29,1,48.1,36.4,141.5,14.8,4,3,0,0,4,0,0.0,179,9.0
2025,8,False,passing,pff,Josh Allen,46601,QB,BUF,4,1,68.4,19,19,5.9,3.06,0,0,0.0,63.2,12,0,7,7.7,21,1,0.35,8,76.9,69.8,65.3,69.7,0,0,22,0,47.6,28.6,108.0,9.5,2,0,0,0,1,0,0.0,163,8.6
2025,8,False,passing,pff,Mitch Trubisky,11757,QB,BUF,4,1,75.0,4,4,7.0,2.4,0,0,0.0,50.0,2,0,0,33.3,4,1,0.33,2,66.9,74.9,73.6,,0,0,4,0,50.0,,66.7,0.0,0,0,0,0,0,0,0.0,22,5.5
2025,8,False,passing,pff,Max Brosmer,105568,QB,MIN,18,1,75.0,4,4,-1.3,2.0,0,0,0.0,75.0,3,0,0,0.0,4,0,0.12,1,66.9,64.7,64.1,,0,0,4,0,50.0,,78.1,0.0,0,0,0,0,0,0,0.0,13,3.3
2025,8,False,passing,pff,Joe Milton III,82151,QB,DAL,9,1,100.0,3,4,17.7,2.1,1,1,25.0,75.0,3,0,1,0.0,4,0,1.38,3,66.9,79.9,78.4,,0,0,4,0,75.0,0.0,156.3,0.0,0,0,0,0,1,0,0.0,58,14.5
2025,8,False,passing,pff,Riley Leonard,143862,QB,IND,14,1,0.0,2,2,4.5,1.85,0,0,0.0,0.0,0,0,0,,2,0,-1.18,0,66.1,27.0,28.6,58.2,0,0,2,0,0.0,,39.6,0.0,0,0,0,0,0,1,50.0,0,0.0
2025,8,False,passing,pff,Breece Hall,97636,HB,NYJ,22,1,100.0,1,1,12.0,4.2,0,0,0.0,100.0,1,0,0,0.0,1,0,1.47,1,77.1,69.1,55.1,75.0,0,0,1,1,100.0,,122.9,0.0,0,0,0,0,1,0,0.0,4,4.0
2025,8,False,passing,pff,Zach Wilson,82096,QB,MIA,17,1,100.0,1,1,-3.0,1.5,0,0,0.0,100.0,1,0,0,0.0,1,0,-4.55,0,60.4,61.4,60.4,,0,0,1,0,0.0,,79.2,0.0,0,0,0,0,0,0,0.0,0,0.0
2025,9,False,passing,pff,Daniel Jones,39395,QB,IND,14,1,68.9,45,50,8.9,2.71,2,2,3.6,62.0,31,0,16,0.0,56,0,-0.34,17,24.7,53.1,55.9,45.0,1,3,61,0,42.9,31.3,63.9,8.9,5,1,1,1,1,4,6.6,342,6.8
2025,9,False,passing,pff,Joe Flacco,4332,QB,CIN,7,1,77.3,44,47,10.4,2.64,1,4,8.0,66.0,31,0,14,8.8,50,3,0.27,22,33.8,79.9,78.2,60.0,1,2,53,1,54.0,21.4,109.4,6.0,3,0,0,1,4,3,5.7,470,10.0
2025,9,False,passing,pff,Tua Tagovailoa,60326,QB,MIA,17,1,70.3,37,40,7.5,2.37,0,2,4.8,62.5,25,0,9,3.8,43,1,-0.03,12,79.8,68.1,68.0,57.9,0,1,45,1,44.2,22.2,70.9,4.7,2,1,1,2,0,3,6.7,261,6.5
2025,9,False,passing,pff,Dak Prescott,10769,QB,DAL,9,1,80.0,35,39,10.8,2.78,1,0,0.0,61.5,24,0,17,14.3,49,4,-0.25,15,80.5,69.8,66.4,71.1,1,1,51,0,44.9,29.4,77.9,10.2,5,4,1,1,1,0,0.0,250,6.4
2025,9,False,passing,pff,Geno Smith,7820,QB,LV,23,1,84.2,38,39,4.3,2.65,0,0,0.0,74.4,29,0,18,9.4,43,3,0.21,17,80.4,70.2,68.9,63.0,0,1,46,0,62.8,11.1,117.9,4.7,2,2,0,1,4,1,2.2,284,7.3
2025,9,False,passing,pff,Jared Goff,10635,QB,DET,11,1,81.8,33,37,7.0,2.36,1,1,2.6,67.6,25,0,18,7.4,42,2,0.06,11,79.5,72.4,71.1,,2,0,43,0,40.5,27.8,108.4,11.9,5,0,0,1,2,0,0.0,284,7.7
2025,9,False,passing,pff,Bo Nix,97790,QB,DEN,10,1,60.6,33,37,12.9,2.82,1,4,10.3,48.6,18,1,15,10.0,39,2,-0.09,10,79.6,67.5,65.5,65.4,0,1,41,1,28.2,6.7,68.9,2.6,1,1,0,3,2,2,4.9,173,4.7
2025,9,False,passing,pff,Michael Penix Jr.,82134,QB,ATL,2,1,71.9,32,37,9.1,2.78,0,1,2.6,59.5,22,0,18,4.3,40,1,0.02,14,40.6,58.8,56.8,66.4,2,0,42,1,45.0,5.6,103.5,2.5,1,2,0,3,3,1,2.4,221,6.0
2025,9,False,passing,pff,Jordan Love,40306,QB,GB,12,1,77.1,35,37,9.0,2.65,0,2,5.4,70.3,26,0,11,3.7,40,1,0.0,13,79.3,61.5,62.0,56.5,0,1,40,0,47.5,9.1,80.1,2.5,1,0,0,2,0,2,5.0,273,7.4
2025,9,False,passing,pff,Aaron Rodgers,2241,QB,PIT,25,1,82.4,34,35,3.3,2.32,1,0,0.0,71.4,25,0,5,10.7,39,3,-0.17,10,79.3,70.2,70.9,55.0,0,0,40,0,43.6,60.0,95.3,7.7,3,1,0,0,1,0,0.0,203,5.8
2025,9,False,passing,pff,Caleb Williams,144622,QB,CHI,6,1,79.3,29,34,9.0,4.01,2,2,5.7,58.8,20,0,18,13.0,41,3,0.35,17,79.8,90.8,85.2,82.4,0,0,44,1,51.2,11.1,114.8,4.9,2,5,0,3,3,0,0.0,280,8.2
2025,9,False,passing,pff,Patrick Mahomes,11765,QB,KC,16,1,55.2,29,34,15.4,3.09,1,4,11.4,44.1,15,0,18,6.3,39,1,-0.1,10,79.2,58.7,59.5,56.8,1,1,41,1,35.9,16.7,57.2,7.7,3,1,0,3,0,3,7.3,250,7.4
2025,9,False,passing,pff,Trevor Lawrence,77632,QB,JAX,15,1,81.3,32,34,8.8,2.75,1,2,5.4,67.6,23,0,13,11.5,40,3,0.01,9,80.4,75.3,76.6,59.4,0,1,43,1,50.0,7.7,73.2,2.5,1,4,1,0,0,1,2.3,220,6.5
2025,9,False,passing,pff,Jaxson Dart,146409,QB,NYG,21,1,80.6,31,33,6.8,3.02,0,2,6.1,72.7,24,0,11,4.0,39,1,0.09,10,79.9,75.0,70.8,71.3,0,0,39,0,51.3,18.2,107.0,5.1,2,4,0,2,2,0,0.0,191,5.8
2025,9,False,passing,pff,Matthew Stafford,4924,QB,LA,26,1,80.0,30,32,10.5,2.63,1,2,5.9,75.0,24,0,7,0.0,34,0,0.43,14,79.3,85.0,83.5,61.0,0,0,36,0,61.8,28.6,140.8,5.9,2,0,0,1,4,0,0.0,281,8.8
2025,9,False,passing,pff,Jacoby Brissett,10725,QB,ARZ,1,1,75.0,28,31,8.4,3.06,1,1,3.1,67.7,21,0,20,0.0,37,0,0.15,14,29.2,66.6,70.3,46.0,0,0,38,0,48.6,25.0,115.1,13.5,5,1,0,2,2,0,0.0,261,8.4
2025,9,False,passing,pff,Davis Mills,52269,QB,HST,13,1,64.3,28,30,8.5,2.62,1,1,3.2,56.7,17,0,10,5.6,33,1,-0.35,7,78.3,43.2,46.8,54.1,1,0,34,1,33.3,20.0,68.3,6.1,2,1,0,0,0,3,8.8,137,4.6
2025,9,False,passing,pff,Drake Maye,143969,QB,NE,19,1,77.8,27,29,10.9,3.28,1,2,6.9,65.5,19,0,20,9.5,40,2,0.02,16,20.9,59.1,57.2,62.6,0,1,40,0,47.5,30.0,102.5,15.0,6,5,0,1,2,2,5.0,259,8.9
2025,9,False,passing,pff,Justin Herbert,28237,QB,LAC,27,1,80.0,25,29,11.6,2.96,1,2,6.9,65.5,19,0,15,5.0,39,1,0.11,15,79.9,78.5,65.9,90.0,2,1,39,0,59.0,40.0,101.2,15.4,6,4,0,1,2,1,2.6,250,8.6
2025,9,False,passing,pff,Josh Allen,46601,QB,BUF,4,1,96.0,25,26,5.0,2.7,0,2,7.4,88.5,23,0,8,4.2,30,1,0.24,13,78.8,83.1,78.5,73.3,0,0,31,0,60.0,37.5,123.2,10.0,3,1,0,1,1,0,0.0,273,10.5
2025,9,False,passing,pff,J.J. McCarthy,144918,QB,MIN,18,1,69.6,23,25,10.7,3.14,0,2,7.7,56.0,14,0,14,12.5,32,2,0.05,9,29.5,63.5,64.9,56.1,0,1,34,0,43.8,35.7,82.6,15.6,5,1,0,2,2,1,2.9,143,5.7
2025,9,False,passing,pff,Tyler Shough,83537,QB,NO,20,1,72.7,22,24,10.0,2.45,1,1,4.2,62.5,15,0,6,6.3,25,1,-0.03,8,76.9,69.0,69.8,57.0,0,1,26,0,48.0,16.7,81.3,4.0,1,0,1,0,1,1,3.8,176,7.3
2025,9,False,passing,pff,Sam Darnold,29048,QB,SEA,29,1,87.5,24,24,9.3,2.69,0,3,11.1,87.5,21,0,3,0.0,24,0,0.92,13,76.8,92.6,91.6,,0,1,27,0,75.0,0.0,141.0,0.0,0,0,0,0,4,1,3.7,330,13.8
2025,9,False,passing,pff,Mac Jones,60323,QB,SF,28,1,86.4,22,24,6.9,2.48,1,0,0.0,79.2,19,0,7,0.0,29,0,0.19,13,26.7,62.3,62.1,58.1,0,0,29,0,51.7,28.6,135.2,6.9,2,2,0,1,2,1,3.4,235,9.8
2025,9,False,passing,pff,Lamar Jackson,46416,QB,BLT,3,1,85.7,21,23,9.4,3.03,1,1,4.3,78.3,18,0,12,0.0,27,0,0.41,12,77.6,87.8,89.2,58.7,1,0,27,0,55.6,16.7,143.2,7.4,2,2,0,0,4,0,0.0,204,8.9
2025,9,False,passing,pff,Jayden Daniels,97993,QB,WAS,32,1,81.0,21,22,5.9,3.51,0,1,4.2,72.7,16,0,20,5.9,35,1,-0.05,9,79.0,68.7,67.7,63.4,0,1,38,0,48.6,20.0,72.7,11.4,4,9,0,1,0,2,5.3,153,7.0
2025,9,False,passing,pff,Cam Ward,133244,QB,TEN,31,1,65.0,20,21,9.2,2.79,0,0,0.0,57.1,12,0,11,7.7,27,1,-0.17,7,23.6,40.6,41.7,56.0,1,0,28,0,33.3,36.4,78.5,14.8,4,1,0,0,0,2,7.1,145,6.9
2025,9,False,passing,pff,Bryce Young,123943,QB,CAR,5,1,72.2,18,20,7.0,2.78,0,0,0.0,55.0,11,0,8,15.4,24,2,0.0,8,28.6,42.6,37.6,69.6,0,1,26,0,41.7,12.5,48.3,4.2,1,2,0,2,0,1,3.8,102,5.1
2025,9,False,passing,pff,C.J. Stroud,129759,QB,HST,13,1,75.0,8,10,8.5,3.36,0,0,0.0,60.0,6,0,6,0.0,14,0,0.2,5,73.2,68.1,67.7,60.6,0,0,14,0,42.9,33.3,85.0,14.3,2,2,0,2,0,0,0.0,79,7.9
2025,9,False,passing,pff,Cole Kmet,60995,TE,CHI,6,1,0.0,1,1,13.0,4.8,0,0,0.0,0.0,0,0,0,,1,0,-0.69,0,63.8,64.5,70.7,,0,0,1,0,0.0,,39.6,0.0,0,0,0,0,0,0,0.0,0,0.0
2025,9,False,passing,pff,DJ Moore,48267,WR,CHI,6,1,100.0,1,1,3.0,4.2,0,0,0.0,100.0,1,0,1,0.0,1,0,2.72,1,69.1,74.6,68.9,70.0,0,0,1,1,100.0,0.0,118.8,0.0,0,0,0,0,1,0,0.0,2,2.0
2025,9,False,passing,pff,Taysom Hill,12112,TE,NO,20,1,0.0,1,1,-2.0,1.0,0,0,0.0,0.0,0,0,0,,1,0,-0.74,0,69.4,53.8,59.8,60.0,0,0,1,0,0.0,,39.6,0.0,0,0,0,0,0,0,0.0,0,0.0
2025,9,False,passing,pff,Tyson Bagent,169628,QB,CHI,6,1,100.0,1,1,-5.0,3.7,0,0,0.0,100.0,1,0,1,0.0,1,0,0.71,1,60.4,62.4,60.1,,0,0,1,0,100.0,0.0,118.8,0.0,0,0,0,0,0,0,0.0,20,20.0
2025,10,False,passing,pff,Davis Mills,52269,QB,HST,13,1,65.1,43,45,10.4,2.87,0,3,6.3,60.0,27,0,20,3.6,49,1,0.07,18,25.5,47.4,54.7,32.6,0,1,53,1,51.0,10.0,84.7,4.1,2,2,0,2,2,4,7.5,292,6.5
2025,10,False,passing,pff,Jacoby Brissett,10725,QB,ARZ,1,1,57.1,42,44,8.5,2.87,0,0,0.0,50.0,22,0,27,8.3,53,2,-0.2,14,24.0,47.2,44.9,68.5,1,0,56,0,41.5,18.5,83.3,9.4,5,4,0,1,2,4,7.1,258,5.9
2025,10,False,passing,pff,Baker Mayfield,46518,QB,TB,30,1,72.1,43,43,6.8,2.81,0,1,2.2,65.1,28,0,14,9.7,45,3,-0.02,14,80.0,68.5,67.6,,0,0,47,0,46.7,14.3,106.1,4.4,2,0,0,0,3,1,2.1,273,6.3
2025,10,False,passing,pff,J.J. McCarthy,144918,QB,MIN,18,1,64.7,34,42,11.7,3.33,5,4,8.7,47.6,20,0,22,9.1,47,2,-0.2,10,80.5,53.4,52.7,67.9,1,2,51,1,36.2,4.5,54.5,2.1,1,4,0,2,1,3,5.9,248,5.9
2025,10,False,passing,pff,Josh Allen,46601,QB,BUF,4,1,76.9,39,40,9.9,3.39,0,3,7.3,70.0,28,0,19,6.7,45,2,0.18,13,30.3,61.4,59.9,63.5,0,1,47,0,57.8,15.8,98.5,6.7,3,2,0,1,2,1,2.1,306,7.7
2025,10,False,passing,pff,Mac Jones,60323,QB,SF,28,1,86.8,38,39,7.4,2.83,1,1,2.4,84.6,33,0,13,0.0,39,0,0.25,16,79.5,69.3,70.9,58.2,0,1,42,1,64.1,0.0,115.7,0.0,0,0,0,0,3,3,7.1,319,8.2
2025,10,False,passing,pff,Jordan Love,40306,QB,GB,12,1,73.3,30,36,9.3,2.92,2,1,2.6,55.6,20,0,20,9.1,42,2,-0.29,11,21.4,68.4,72.0,46.4,1,0,44,1,40.5,15.0,68.8,7.1,3,3,1,2,0,1,2.3,176,4.9
2025,10,False,passing,pff,Matthew Stafford,4924,QB,LA,26,1,78.8,33,36,9.2,3.05,0,2,5.6,66.7,24,0,13,7.7,37,2,0.62,20,79.2,87.6,85.8,60.5,0,0,37,0,64.9,7.7,127.1,2.7,1,0,0,3,4,1,2.7,280,7.8
2025,10,False,passing,pff,Caleb Williams,144622,QB,CHI,6,1,73.5,34,36,11.0,3.53,1,2,5.3,55.6,20,0,12,20.0,41,5,-0.1,14,80.3,81.1,76.2,75.1,1,0,45,0,48.8,0.0,83.1,0.0,0,5,0,0,1,0,0.0,220,6.1
2025,10,False,passing,pff,Justin Herbert,28237,QB,LAC,27,1,76.7,30,33,5.1,2.33,2,0,0.0,60.6,20,0,17,13.0,40,3,-0.09,8,79.9,50.5,48.5,62.2,0,0,42,0,42.5,29.4,90.5,12.5,5,2,0,1,1,1,2.4,220,6.7
2025,10,False,passing,pff,Jared Goff,10635,QB,DET,11,1,89.7,29,33,5.9,2.47,1,0,0.0,75.8,25,0,9,3.8,33,1,0.74,19,78.1,90.3,88.6,,0,0,34,0,69.7,0.0,135.9,0.0,0,0,0,3,3,0,0.0,320,9.7
2025,10,False,passing,pff,Dillon Gabriel,86272,QB,CLV,8,1,59.4,32,32,6.6,2.98,0,1,2.9,53.1,17,0,19,10.5,44,2,-0.15,11,80.0,63.5,60.8,71.0,0,0,47,1,36.4,31.6,88.9,13.6,6,5,0,0,2,1,2.1,167,5.2
2025,10,False,passing,pff,Aaron Rodgers,2241,QB,PIT,25,1,67.9,28,31,8.5,2.6,0,0,0.0,51.6,16,0,10,15.8,34,3,-0.51,6,27.1,35.3,36.2,,1,2,35,0,35.3,30.0,50.6,8.8,3,0,0,2,1,3,8.6,161,5.2
2025,10,False,passing,pff,Drake Maye,143969,QB,NE,19,1,60.7,28,31,12.3,3.24,1,3,9.1,51.6,16,0,16,5.9,36,1,0.07,9,79.4,66.1,70.5,46.1,0,1,38,0,41.7,6.3,89.4,2.8,1,4,0,2,2,1,2.6,270,8.7
2025,10,False,passing,pff,Lamar Jackson,46416,QB,BLT,3,1,84.0,25,29,4.6,2.61,2,0,0.0,58.6,17,0,12,19.0,33,4,0.03,10,79.8,71.7,70.9,63.2,0,0,37,0,51.5,8.3,87.7,3.0,1,3,0,2,1,1,2.7,176,6.1
2025,10,False,passing,pff,Jaxson Dart,146409,QB,NYG,21,1,74.1,27,29,9.8,3.07,0,2,6.7,65.5,19,0,11,5.0,32,1,0.09,10,28.4,67.8,64.0,69.4,0,0,34,0,46.9,18.2,91.5,6.3,2,1,0,2,0,3,8.8,242,8.3
2025,10,False,passing,pff,Michael Penix Jr.,82134,QB,ATL,2,1,58.3,24,28,12.3,3.35,0,2,6.5,42.9,12,0,11,14.3,31,2,-0.32,10,27.2,51.3,50.9,60.0,0,0,34,1,35.5,27.3,76.0,9.7,3,0,0,4,1,2,5.9,177,6.3
2025,10,False,passing,pff,Bo Nix,97790,QB,DEN,10,1,66.7,27,28,8.3,2.81,0,0,0.0,57.1,16,0,13,11.1,30,2,-0.27,5,79.1,59.8,56.3,68.9,0,2,33,1,33.3,7.7,54.2,3.3,1,0,0,1,1,1,3.0,150,5.4
2025,10,False,passing,pff,Tyler Shough,83537,QB,NO,20,1,76.9,26,27,10.5,2.9,0,2,7.4,70.4,19,0,11,5.0,30,1,0.41,9,78.3,76.8,75.5,63.6,0,0,31,0,43.3,18.2,128.9,6.7,2,1,0,1,2,0,0.0,282,10.4
2025,10,False,passing,pff,Daniel Jones,39395,QB,IND,14,1,80.0,25,26,8.5,3.17,0,1,3.4,73.1,19,0,14,5.0,39,1,-0.02,12,17.5,44.0,37.9,71.5,1,1,42,1,48.7,50.0,100.6,17.9,7,6,0,0,1,5,11.9,255,9.8
2025,10,False,passing,pff,Geno Smith,7820,QB,LV,23,1,87.0,23,26,4.5,2.63,1,1,3.6,61.5,16,0,16,20.0,34,4,-0.57,7,78.7,67.5,66.6,61.3,0,1,36,1,29.4,37.5,60.3,17.6,6,2,0,2,0,0,0.0,143,5.5
2025,10,False,passing,pff,Jalen Hurts,40291,QB,PHI,24,1,65.2,23,26,8.1,3.53,0,1,3.7,57.7,15,0,10,0.0,29,0,0.12,8,26.6,63.0,72.2,41.6,0,0,30,2,44.8,0.0,92.3,0.0,0,3,0,3,1,0,0.0,183,7.0
2025,10,False,passing,pff,Bryce Young,123943,QB,CAR,5,1,81.0,21,25,7.3,2.71,2,0,0.0,68.0,17,0,9,0.0,27,0,-0.53,6,77.6,36.3,34.3,64.7,0,1,30,0,44.4,22.2,62.8,7.4,2,0,0,2,0,2,6.7,124,5.0
2025,10,False,passing,pff,Trevor Lawrence,77632,QB,JAX,15,1,73.7,19,23,8.6,3.33,2,1,3.4,56.5,13,0,19,7.1,32,1,-0.33,8,21.5,48.8,45.6,63.4,2,1,39,0,43.8,26.3,74.2,15.6,5,4,0,0,1,5,12.8,158,6.9
2025,10,False,passing,pff,Marcus Mariota,9435,QB,WAS,32,1,76.2,21,22,13.8,2.69,1,3,13.0,72.7,16,0,7,0.0,26,0,0.42,10,77.8,79.6,80.7,58.0,0,0,28,0,57.7,28.6,133.3,7.7,2,2,0,0,2,0,0.0,213,9.7
2025,10,False,passing,pff,Tua Tagovailoa,60326,QB,MIA,17,1,75.0,20,21,9.9,2.33,1,2,9.5,71.4,15,0,6,0.0,23,0,0.42,9,76.5,72.8,71.7,60.0,0,2,23,0,47.8,0.0,88.1,0.0,0,0,0,0,2,2,8.7,173,8.2
2025,10,False,passing,pff,Sam Darnold,29048,QB,SEA,29,1,83.3,12,12,9.9,2.89,0,1,7.1,83.3,10,0,3,0.0,13,0,0.35,6,22.5,67.9,66.7,60.0,0,1,15,0,53.8,33.3,111.8,7.7,1,0,0,0,1,1,6.7,178,14.8
2025,10,False,passing,pff,Justin Fields,82118,QB,NYJ,22,1,66.7,9,11,5.0,2.82,1,0,0.0,54.5,6,0,10,0.0,16,0,-0.66,2,76.1,45.7,38.9,61.2,1,1,17,0,18.8,30.0,60.4,18.8,3,2,0,0,1,1,5.9,54,4.9
2025,10,False,passing,pff,Russell Wilson,7077,QB,NYG,21,1,100.0,4,7,0.5,3.42,0,0,0.0,42.9,3,1,7,25.0,11,1,-0.62,2,71.9,57.5,54.9,61.3,1,0,11,1,27.3,28.6,64.6,18.2,2,2,0,2,0,0,0.0,45,6.4
2025,10,False,passing,pff,Kyle Allen,26152,QB,DET,11,1,50.0,2,2,6.0,2.25,0,0,0.0,0.0,0,0,0,100.0,2,1,-0.78,0,66.1,74.4,73.0,60.0,0,0,2,0,0.0,,39.6,0.0,0,0,0,0,0,0,0.0,0,0.0
2025,10,False,passing,pff,Kedon Slovis,100580,QB,ARZ,1,1,100.0,1,1,5.0,1.9,0,0,0.0,0.0,0,0,0,100.0,1,1,-0.96,0,60.4,57.8,58.0,,0,0,1,0,0.0,,39.6,0.0,0,0,0,0,0,0,0.0,0,0.0
2025,10,False,passing,pff,Kenny Pickett,60515,QB,LV,23,1,100.0,1,1,4.0,1.9,0,0,0.0,0.0,0,0,1,100.0,1,1,-1.02,0,60.4,60.7,60.4,,0,0,1,0,0.0,0.0,39.6,0.0,0,0,0,0,0,0,0.0,0,0.0
2025,10,False,passing,pff,Taysom Hill,12112,TE,NO,20,1,,0,1,,2.9,0,0,0.0,0.0,0,0,1,,1,0,-0.52,0,71.9,55.3,60.0,66.6,0,0,1,0,0.0,0.0,39.6,0.0,0,0,0,1,0,0,0.0,0,0.0
2025,11,False,passing,pff,Jacoby Brissett,10725,QB,ARZ,1,1,87.3,55,57,6.9,2.58,1,1,1.7,82.5,47,0,10,2.1,57,1,0.13,18,81.9,78.7,77.5,69.4,0,2,61,1,54.4,0.0,96.8,0.0,0,0,0,1,2,2,3.3,452,7.9
2025,11,False,passing,pff,Patrick Mahomes,11765,QB,KC,16,1,74.4,43,45,7.3,2.58,0,2,4.0,64.4,29,0,14,9.4,49,3,-0.05,13,81.1,46.9,48.5,52.0,0,1,56,0,38.8,21.4,79.5,6.1,3,1,0,2,1,3,5.4,276,6.1
2025,11,False,passing,pff,Bryce Young,123943,QB,CAR,5,1,80.5,41,45,7.3,2.61,1,2,4.3,68.9,31,0,15,6.1,51,2,0.26,20,81.0,87.2,86.2,57.9,1,0,54,0,51.0,33.3,123.2,9.8,5,0,0,2,3,0,0.0,448,10.0
2025,11,False,passing,pff,Sam Darnold,29048,QB,SEA,29,1,72.5,40,44,8.5,2.92,1,0,0.0,65.9,29,0,14,0.0,46,0,-0.27,15,80.5,39.2,38.5,62.6,1,4,49,0,50.0,0.0,45.5,0.0,0,1,0,2,0,4,8.2,279,6.3
2025,11,False,passing,pff,Geno Smith,7820,QB,LV,23,1,74.4,39,42,5.7,2.85,0,1,2.3,64.3,27,0,20,6.9,49,2,-0.23,13,80.7,58.7,58.5,59.6,2,1,51,0,40.8,20.0,77.3,8.2,4,3,0,1,1,2,3.9,238,5.7
2025,11,False,passing,pff,Davis Mills,52269,QB,HST,13,1,69.2,39,41,9.1,2.25,0,3,7.1,63.4,26,0,11,3.7,47,1,-0.06,13,80.1,81.5,81.5,54.2,1,0,48,0,48.9,36.4,90.9,8.5,4,2,0,1,1,1,2.1,274,6.7
2025,11,False,passing,pff,Joe Flacco,4332,QB,CIN,7,1,63.9,36,40,8.1,2.67,2,2,4.9,57.5,23,0,14,0.0,41,0,-0.41,9,79.5,37.8,41.7,60.0,1,1,42,2,34.1,7.1,68.6,2.4,1,0,0,1,1,3,7.1,199,5.0
2025,11,False,passing,pff,Jared Goff,10635,QB,DET,11,1,48.4,31,37,7.6,2.55,4,0,0.0,37.8,14,0,15,6.7,39,1,-0.4,10,79.1,42.5,42.9,60.0,0,1,39,1,28.2,13.3,60.1,5.1,2,0,0,2,1,0,0.0,255,6.9
2025,11,False,passing,pff,Bo Nix,97790,QB,DEN,10,1,81.8,33,37,9.5,2.92,1,4,10.8,64.9,24,0,16,11.1,41,3,0.09,11,79.6,85.3,83.0,66.9,0,0,41,1,48.8,12.5,89.4,4.9,2,1,0,3,0,1,2.4,295,8.0
2025,11,False,passing,pff,Cam Ward,133244,QB,TEN,31,1,72.7,33,37,8.1,2.63,3,2,5.1,64.9,24,0,15,0.0,43,0,-0.02,12,29.2,57.1,53.6,70.6,0,0,45,0,41.9,20.0,87.0,7.0,3,3,0,1,1,2,4.4,194,5.2
2025,11,False,passing,pff,Drake Maye,143969,QB,NE,19,1,81.3,32,34,12.2,2.99,1,1,2.8,73.5,25,0,17,3.8,37,1,0.34,16,79.5,84.2,84.9,53.1,0,0,40,0,54.1,5.9,107.6,2.7,1,2,0,1,1,1,2.5,281,8.3
2025,11,False,passing,pff,Dak Prescott,10769,QB,DAL,9,1,87.1,31,33,7.5,2.85,1,0,0.0,75.8,25,0,11,7.4,34,2,0.32,16,28.6,68.4,67.1,61.3,0,0,35,0,61.8,9.1,138.6,2.9,1,0,0,1,4,3,8.6,268,8.1
2025,11,False,passing,pff,J.J. McCarthy,144918,QB,MIN,18,1,73.3,30,32,10.0,2.68,2,2,6.1,50.0,16,0,9,27.3,32,6,-0.42,10,77.9,52.9,52.6,,0,2,33,0,37.5,0.0,47.7,0.0,0,0,0,0,1,3,9.1,150,4.7
2025,11,False,passing,pff,Caleb Williams,144622,QB,CHI,6,1,67.9,28,32,11.5,3.54,0,1,3.1,50.0,16,0,15,15.8,36,3,0.03,7,78.8,66.4,60.6,75.4,0,0,37,1,44.4,13.3,68.9,5.6,2,2,0,4,0,0,0.0,193,6.0
2025,11,False,passing,pff,Josh Allen,46601,QB,BUF,4,1,66.7,30,30,11.3,2.88,0,2,6.1,63.3,19,0,14,5.0,33,1,0.38,14,79.1,72.4,68.6,75.8,0,2,36,1,45.5,0.0,104.4,0.0,0,3,0,0,3,2,5.6,317,10.6
2025,11,False,passing,pff,Marcus Mariota,9435,QB,WAS,32,1,75.0,28,30,7.2,2.55,0,1,3.0,66.7,20,0,11,4.8,32,1,0.27,11,78.9,53.6,51.2,64.0,0,1,35,0,59.4,9.1,84.4,3.1,1,1,0,2,1,2,5.7,213,7.1
2025,11,False,passing,pff,Jameis Winston,9434,QB,NYG,21,1,69.0,29,29,7.7,2.51,0,0,0.0,65.5,19,0,9,5.0,31,1,0.19,10,78.5,54.8,47.7,81.0,0,1,33,0,48.4,22.2,71.2,6.5,2,0,0,0,0,3,9.1,201,6.9
2025,11,False,passing,pff,Baker Mayfield,46518,QB,TB,30,1,69.2,26,28,7.7,2.8,1,1,3.3,57.1,16,0,7,11.1,35,2,-0.2,9,28.1,55.1,50.9,67.0,0,1,38,0,51.4,14.3,72.5,2.9,1,4,0,1,1,3,7.9,173,6.2
2025,11,False,passing,pff,Jalen Hurts,40291,QB,PHI,24,1,63.0,27,28,13.2,2.93,0,3,9.7,50.0,14,0,8,17.6,32,3,-0.3,6,79.8,77.1,78.7,58.6,0,0,35,0,25.0,12.5,63.8,3.1,1,2,0,1,0,0,0.0,135,4.8
2025,11,False,passing,pff,Matthew Stafford,4924,QB,LA,26,1,68.0,25,28,5.2,2.46,1,0,0.0,53.6,15,0,11,11.8,28,2,-0.27,6,77.0,71.1,69.9,,0,0,28,0,46.4,0.0,89.9,0.0,0,0,0,2,2,0,0.0,130,4.6
2025,11,False,passing,pff,Brock Purdy,77672,QB,SF,28,1,82.6,23,26,8.1,3.14,0,1,3.6,73.1,19,0,8,0.0,27,0,0.25,13,77.6,61.9,61.6,59.4,0,0,30,0,55.6,12.5,133.5,3.7,1,0,0,3,3,2,6.7,200,7.7
2025,11,False,passing,pff,Justin Fields,82118,QB,NYJ,22,1,78.3,23,26,8.6,3.16,2,1,3.8,57.7,15,0,15,16.7,32,3,-0.2,8,28.6,68.1,68.8,61.3,0,0,32,1,43.8,13.3,81.6,6.3,2,4,0,1,1,1,3.1,116,4.5
2025,11,False,passing,pff,Lamar Jackson,46416,QB,BLT,3,1,60.0,25,25,8.2,3.04,0,0,0.0,56.0,14,0,14,6.7,31,1,-0.39,10,78.5,49.8,48.5,61.3,0,2,32,1,41.9,35.7,47.6,16.1,5,1,0,0,0,1,3.1,193,7.7
2025,11,False,passing,pff,Jordan Love,40306,QB,GB,12,1,85.0,20,24,13.6,3.18,1,3,11.1,54.2,13,0,12,23.5,28,4,0.24,9,77.6,93.1,93.4,52.3,2,0,31,0,46.4,16.7,105.2,7.1,2,1,0,1,2,0,0.0,174,7.3
2025,11,False,passing,pff,Trevor Lawrence,77632,QB,JAX,15,1,75.0,20,22,10.1,2.77,2,0,0.0,63.6,14,0,7,6.7,24,1,-0.08,11,77.4,57.8,59.1,53.7,0,1,26,0,58.3,0.0,80.3,0.0,0,2,0,0,1,2,7.7,153,7.0
2025,11,False,passing,pff,Tua Tagovailoa,60326,QB,MIA,17,1,80.0,20,20,6.5,2.24,0,0,0.0,70.0,14,0,5,12.5,26,2,-0.17,8,76.8,55.9,57.6,,0,0,27,1,42.3,60.0,96.0,11.5,3,0,0,0,0,1,3.7,171,8.6
2025,11,False,passing,pff,Justin Herbert,28237,QB,LAC,27,1,71.4,14,18,5.5,3.1,1,1,5.0,55.6,10,0,9,0.0,23,0,-0.55,4,76.6,53.0,51.4,61.3,1,1,26,1,39.1,22.2,44.0,8.7,2,3,0,2,0,1,3.8,81,4.5
2025,11,False,passing,pff,Shedeur Sanders,131396,QB,CLV,8,1,35.7,14,16,9.8,3.31,0,1,6.3,25.0,4,0,10,20.0,21,1,-0.71,3,23.4,27.4,26.6,59.1,1,1,21,1,19.0,20.0,13.5,9.5,2,3,0,1,0,3,14.3,47,2.9
2025,11,False,passing,pff,Mason Rudolph,46569,QB,PIT,25,1,85.7,14,16,2.9,2.94,0,0,0.0,75.0,12,0,2,0.0,16,0,0.6,8,74.6,59.8,62.7,60.0,0,0,17,1,56.3,0.0,118.5,0.0,0,0,0,2,1,0,0.0,127,7.9
2025,11,False,passing,pff,Michael Penix Jr.,82134,QB,ATL,2,1,93.3,15,16,8.3,2.74,0,0,0.0,81.3,13,0,6,7.1,17,1,0.74,8,74.8,79.1,74.3,65.6,0,0,19,0,70.6,0.0,112.2,0.0,0,1,0,1,0,0,0.0,175,10.9
2025,11,False,passing,pff,Aaron Rodgers,2241,QB,PIT,25,1,60.0,15,15,5.6,3.69,0,0,0.0,60.0,9,0,10,0.0,17,0,0.14,6,75.4,42.9,40.3,63.3,0,0,21,0,47.1,10.0,106.5,5.9,1,1,0,0,1,0,0.0,116,7.7
2025,11,False,passing,pff,Kirk Cousins,7102,QB,ATL,2,1,61.5,13,14,10.0,2.63,0,0,0.0,42.9,6,0,3,25.0,14,2,-0.47,3,74.3,55.1,52.3,62.6,1,0,16,0,35.7,0.0,52.1,0.0,0,0,0,0,0,1,6.3,48,3.4
2025,11,False,passing,pff,Dillon Gabriel,86272,QB,CLV,8,1,70.0,10,10,5.6,2.73,0,0,0.0,70.0,7,0,4,0.0,12,0,-0.43,2,73.0,49.4,55.4,48.0,0,0,12,0,33.3,25.0,88.7,8.3,1,1,0,0,0,0,0.0,68,6.8
2025,11,False,passing,pff,Trey Lance,91399,QB,LAC,27,1,57.1,7,8,16.9,3.67,0,1,12.5,37.5,3,0,3,25.0,9,1,-0.98,1,72.9,52.0,52.6,57.7,1,0,9,0,22.2,33.3,52.6,11.1,1,0,0,0,0,1,11.1,37,4.6
2025,11,False,passing,pff,Malik Willis,60341,QB,GB,12,1,100.0,2,2,5.0,2.9,0,0,0.0,100.0,2,0,1,0.0,2,0,1.2,2,66.1,77.5,71.4,63.7,0,0,2,0,100.0,0.0,118.8,0.0,0,0,0,0,1,0,0.0,6,3.0
2025,11,False,passing,pff,RJ Harvey,99622,HB,DEN,10,1,0.0,1,1,2.0,3.4,0,0,0.0,0.0,0,0,0,,1,0,-0.33,0,75.3,55.5,59.0,58.5,0,0,1,0,0.0,,39.6,0.0,0,0,0,0,0,1,100.0,0,0.0
2025,11,False,passing,pff,Isaiah Williams,97156,WR,NYJ,22,1,0.0,1,1,7.0,3.6,0,0,0.0,0.0,0,0,0,,1,0,-0.55,0,72.7,49.0,56.3,56.6,0,0,1,0,0.0,,39.6,0.0,0,0,0,0,0,0,0.0,0,0.0
2025,12,False,passing,pff,Jacoby Brissett,10725,QB,ARZ,1,1,79.5,44,49,7.1,3.14,0,2,3.6,67.3,33,0,27,5.7,58,2,-0.12,17,41.0,64.4,62.5,66.2,0,0,64,1,43.1,22.2,92.0,10.3,6,3,0,5,1,1,1.6,317,6.5
2025,12,False,passing,pff,Patrick Mahomes,11765,QB,KC,16,1,72.1,43,46,7.6,3.33,0,2,3.9,63.0,29,0,17,6.5,54,2,0.15,17,81.4,82.6,78.2,75.7,0,1,59,0,48.1,23.5,77.4,7.4,4,4,0,3,0,0,0.0,352,7.7
2025,12,False,passing,pff,Geno Smith,7820,QB,LV,23,1,80.0,40,44,7.9,2.62,1,3,6.3,68.2,30,0,26,6.3,56,2,-0.32,16,24.6,56.7,53.7,71.6,0,0,60,0,37.5,38.5,93.5,17.9,10,2,0,3,1,3,5.0,285,6.5
2025,12,False,passing,pff,Tyler Shough,83537,QB,NO,20,1,82.5,40,43,7.6,2.66,1,0,0.0,69.8,30,0,20,9.1,50,3,-0.2,12,81.3,49.5,49.5,57.9,1,1,52,0,40.0,25.0,74.1,10.0,5,2,0,1,0,2,3.8,243,5.7
2025,12,False,passing,pff,Cam Ward,133244,QB,TEN,31,1,81.1,37,42,4.9,3.09,0,1,2.1,66.7,28,0,23,6.7,51,2,0.16,15,81.3,78.7,74.7,73.0,1,0,56,0,43.1,17.4,91.0,7.8,4,5,0,4,1,0,0.0,256,6.1
2025,12,False,passing,pff,Jared Goff,10635,QB,DET,11,1,81.1,37,42,5.3,2.42,0,2,4.5,66.7,28,0,10,6.7,45,2,-0.12,13,80.1,75.6,75.7,56.8,1,1,48,1,40.0,30.0,91.3,6.7,3,0,2,2,2,0,0.0,279,6.6
2025,12,False,passing,pff,Jalen Hurts,40291,QB,PHI,24,1,79.4,34,39,8.0,2.94,0,0,0.0,69.2,27,0,18,0.0,43,0,0.05,14,80.9,72.3,70.5,65.5,2,0,47,0,46.5,5.6,99.2,2.3,1,2,0,3,1,0,0.0,289,7.4
2025,12,False,passing,pff,Joe Flacco,4332,QB,CIN,7,1,62.5,32,37,9.0,2.69,0,1,2.6,51.4,19,0,13,5.0,38,1,-0.55,9,79.1,50.5,51.2,58.2,0,1,39,1,36.8,7.7,63.2,2.6,1,0,1,4,1,2,5.1,183,4.9
2025,12,False,passing,pff,Jameis Winston,9434,QB,NYG,21,1,63.3,30,36,12.8,3.23,1,5,12.5,50.0,18,0,16,5.3,38,1,0.49,16,80.0,86.3,80.5,55.6,1,1,42,1,44.7,6.3,93.1,2.6,1,1,0,4,2,2,4.8,366,10.2
2025,12,False,passing,pff,Dak Prescott,10769,QB,DAL,9,1,74.3,35,36,11.1,2.68,0,3,7.1,63.9,23,0,15,11.5,41,3,0.17,17,80.4,74.8,74.3,59.1,0,1,47,0,53.7,6.7,103.2,2.4,1,3,1,0,2,2,4.3,354,9.8
2025,12,False,passing,pff,Caleb Williams,144622,QB,CHI,6,1,66.7,30,35,8.9,2.66,0,0,0.0,54.3,19,0,8,5.0,38,1,-0.07,11,27.0,44.1,42.7,69.0,0,0,41,1,44.7,12.5,104.3,2.6,1,2,1,4,3,3,7.3,239,6.8
2025,12,False,passing,pff,Matthew Stafford,4924,QB,LA,26,1,84.4,32,35,7.4,2.7,0,1,2.8,71.4,25,0,6,7.4,36,2,0.19,16,78.6,91.5,90.6,,0,0,37,1,58.3,16.7,122.7,2.8,1,0,0,3,3,0,0.0,273,7.8
2025,12,False,passing,pff,Drake Maye,143969,QB,NE,19,1,68.8,32,35,8.6,2.95,0,3,7.9,62.9,22,0,13,0.0,39,0,0.23,14,79.7,64.6,62.9,63.7,1,1,42,0,53.8,7.7,87.1,2.6,1,3,0,2,1,2,4.8,294,8.4
2025,12,False,passing,pff,Josh Allen,46601,QB,BUF,4,1,83.9,31,34,5.8,2.75,1,2,5.9,70.6,24,0,20,7.7,46,2,-0.14,10,80.3,55.6,53.3,64.5,1,2,46,0,32.6,40.0,67.4,17.4,8,3,0,1,0,2,4.3,253,7.4
2025,12,False,passing,pff,Brock Purdy,77672,QB,SF,28,1,77.4,31,32,6.5,2.76,1,0,0.0,71.9,23,0,14,4.2,35,1,-0.07,12,79.4,60.9,55.1,79.5,0,3,35,1,48.6,0.0,58.5,0.0,0,1,0,0,1,3,8.6,193,6.0
2025,12,False,passing,pff,Daniel Jones,39395,QB,IND,14,1,66.7,30,31,4.7,2.53,1,1,3.1,61.3,19,0,11,5.0,33,1,0.05,8,78.3,56.6,51.8,73.3,0,0,34,2,36.4,0.0,99.0,0.0,0,2,0,0,2,1,2.9,181,5.8
2025,12,False,passing,pff,Mason Rudolph,46569,QB,PIT,25,1,85.7,28,31,6.2,2.53,2,0,0.0,77.4,24,0,7,0.0,35,0,-0.21,8,28.4,57.3,53.1,69.3,0,1,38,0,48.6,28.6,86.9,5.7,2,1,0,1,1,3,7.9,171,5.5
2025,12,False,passing,pff,Trevor Lawrence,77632,QB,JAX,15,1,75.0,28,30,10.5,2.86,1,3,9.7,60.0,18,0,12,14.3,35,3,-0.16,14,28.5,63.9,63.4,59.7,1,3,36,0,51.4,25.0,81.4,8.6,3,2,0,0,3,3,8.3,256,8.5
2025,12,False,passing,pff,Davis Mills,52269,QB,HST,13,1,67.9,28,30,8.5,2.43,0,0,0.0,53.3,16,0,7,15.8,30,3,-0.16,7,78.4,66.8,68.0,61.7,0,0,33,1,33.3,0.0,90.0,0.0,0,0,0,2,2,0,0.0,153,5.1
2025,12,False,passing,pff,Bryce Young,123943,QB,CAR,5,1,65.5,29,29,6.2,2.95,0,1,3.2,62.1,18,0,12,5.3,34,1,-0.35,10,78.6,40.3,41.2,54.5,0,2,37,1,47.1,8.3,60.8,2.9,1,4,0,0,1,3,8.1,169,5.8
2025,12,False,passing,pff,Tyrod Taylor,6332,QB,NYJ,22,1,69.2,26,28,10.2,3.38,1,0,0.0,60.7,17,0,12,5.6,34,1,0.03,12,78.7,48.2,46.2,60.6,0,1,35,1,47.1,25.0,82.7,8.8,3,3,0,1,1,1,2.9,222,7.9
2025,12,False,passing,pff,Sam Darnold,29048,QB,SEA,29,1,66.7,24,26,9.3,2.61,0,3,11.1,61.5,16,0,11,0.0,28,0,0.23,9,77.4,60.3,61.9,60.0,1,0,29,1,50.0,9.1,118.1,3.6,1,0,0,1,2,2,6.9,244,9.4
2025,12,False,passing,pff,Lamar Jackson,46416,QB,BLT,3,1,75.0,20,23,11.4,3.41,0,0,0.0,56.5,13,0,8,13.3,29,2,-0.14,7,78.2,60.9,62.5,47.1,0,0,32,0,41.4,12.5,76.9,3.4,1,5,0,3,0,0,0.0,153,6.7
2025,12,False,passing,pff,Kirk Cousins,7102,QB,ATL,2,1,85.0,20,23,8.2,2.88,0,3,13.0,69.6,16,0,8,5.9,28,1,-0.1,8,26.1,83.3,80.1,66.4,0,1,28,1,46.4,37.5,107.0,10.7,3,1,1,2,2,1,3.6,199,8.7
2025,12,False,passing,pff,Jordan Love,40306,QB,GB,12,1,73.7,19,21,8.4,2.63,1,0,0.0,66.7,14,0,11,0.0,24,0,0.22,9,76.9,62.7,60.1,64.3,0,0,25,0,58.3,9.1,85.2,4.2,1,1,0,1,0,1,4.0,139,6.6
2025,12,False,passing,pff,Shedeur Sanders,131396,QB,CLV,8,1,61.1,18,20,9.4,3.0,0,1,4.3,55.0,11,0,12,0.0,21,0,-0.2,4,76.4,50.3,49.7,60.0,1,1,24,0,23.8,8.3,87.3,4.8,1,0,0,1,1,1,4.2,209,10.5
2025,12,False,passing,pff,J.J. McCarthy,144918,QB,MIN,18,1,72.2,18,19,6.3,3.09,0,1,5.3,63.2,12,0,12,7.7,25,1,-0.7,4,28.7,47.3,49.4,54.0,1,2,25,0,36.0,41.7,34.2,20.0,5,1,0,0,0,1,4.0,87,4.6
2025,12,False,passing,pff,Baker Mayfield,46518,QB,TB,30,1,52.9,17,19,8.9,2.9,1,0,0.0,47.4,9,0,10,0.0,25,0,-0.63,5,76.9,66.3,62.5,68.0,0,2,26,0,28.0,20.0,32.0,8.0,2,3,0,1,1,0,0.0,41,2.2
2025,12,False,passing,pff,Teddy Bridgewater,8667,QB,TB,30,1,57.1,14,15,6.4,2.57,0,0,0.0,53.3,8,0,7,0.0,18,0,-0.73,2,75.1,42.9,44.0,57.9,0,0,20,0,11.1,28.6,63.8,11.1,2,1,0,1,0,0,0.0,62,4.1
2025,12,False,passing,pff,Taysom Hill,12112,TE,NO,20,1,,0,2,,2.95,1,0,0.0,0.0,0,0,0,,2,0,-3.18,0,73.6,60.2,58.0,64.3,0,0,2,1,0.0,,39.6,0.0,0,0,0,1,0,0,0.0,0,0.0
2025,12,False,passing,pff,Jake Browning,46401,QB,CIN,7,1,100.0,1,1,9.0,4.6,0,0,0.0,100.0,1,0,1,0.0,1,0,0.84,1,60.4,78.1,75.9,,0,0,1,0,100.0,0.0,118.8,0.0,0,0,0,0,0,0,0.0,14,14.0
2025,12,False,passing,pff,Kedon Slovis,100580,QB,ARZ,1,1,100.0,1,1,-2.0,2.6,0,0,0.0,100.0,1,0,1,0.0,1,0,-1.56,0,60.4,61.4,60.4,,0,0,1,0,0.0,0.0,79.2,0.0,0,0,0,0,0,0,0.0,-2,-2.0
2025,12,False,passing,pff,Gunner Olszewski,95015,WR,NYG,21,1,100.0,1,1,15.0,5.3,0,0,0.0,100.0,1,0,1,0.0,1,0,3.26,1,74.5,65.3,68.8,,0,0,1,0,100.0,0.0,158.3,0.0,0,0,0,0,1,0,0.0,33,33.0
2025,12,False,passing,pff,Malik Willis,60341,QB,GB,12,1,100.0,1,1,1.0,2.6,0,0,0.0,100.0,1,0,0,0.0,1,0,0.69,0,66.7,70.8,60.0,60.0,0,0,1,0,100.0,,95.8,0.0,0,0,0,0,0,0,0.0,7,7.0
2025,13,False,passing,pff,Marcus Mariota,9435,QB,WAS,32,1,65.2,46,50,12.1,2.69,0,2,3.7,56.0,28,0,12,6.7,55,2,-0.01,19,82.3,62.7,59.3,69.7,0,1,59,1,43.6,16.7,78.3,3.6,2,3,0,4,2,2,3.4,294,5.9
2025,13,False,passing,pff,Joe Burrow,28022,QB,CIN,7,1,60.5,43,46,9.6,2.66,0,4,8.5,52.2,24,0,11,7.7,50,2,0.07,12,80.7,79.6,76.8,68.3,1,0,51,1,36.0,9.1,83.7,2.0,1,2,0,2,2,0,0.0,261,5.7
2025,13,False,passing,pff,Bo Nix,97790,QB,DEN,10,1,82.9,41,45,5.0,3.21,0,1,2.2,64.4,29,0,14,14.7,48,5,0.19,18,30.9,61.8,60.3,63.0,0,1,49,0,45.8,7.1,83.7,2.1,1,2,0,4,1,2,4.1,321,7.1
2025,13,False,passing,pff,Jacoby Brissett,10725,QB,ARZ,1,1,82.9,35,40,8.2,2.97,0,0,0.0,72.5,29,0,18,0.0,45,0,0.12,17,79.8,73.7,73.0,60.2,0,1,45,1,62.2,11.1,100.1,4.4,2,3,1,4,2,2,4.4,301,7.5
2025,13,False,passing,pff,Dak Prescott,10769,QB,DAL,9,1,77.8,36,39,7.4,2.6,1,1,2.2,69.2,27,0,16,3.6,39,1,0.41,15,80.4,74.8,73.4,60.5,0,1,46,1,53.8,0.0,100.4,0.0,0,0,0,2,2,3,6.5,320,8.2
2025,13,False,passing,pff,Tyler Shough,83537,QB,NO,20,1,87.1,31,38,7.7,3.07,2,2,5.0,68.4,26,0,11,3.7,45,1,-0.19,12,80.6,74.6,72.0,67.8,1,1,48,0,51.1,36.4,91.9,8.9,4,3,0,4,2,2,4.2,239,6.3
2025,13,False,passing,pff,Cam Ward,133244,QB,TEN,31,1,77.1,35,38,6.4,2.88,0,0,0.0,63.2,24,0,11,11.1,42,3,-0.67,5,29.4,44.7,45.3,63.9,0,0,46,1,23.8,27.3,70.2,7.1,3,1,0,3,0,3,6.5,141,3.7
2025,13,False,passing,pff,Caleb Williams,144622,QB,CHI,6,1,54.8,31,36,7.5,2.73,1,1,2.6,47.2,17,0,13,0.0,40,0,-0.18,12,79.9,63.1,59.3,70.0,0,1,42,0,40.0,15.4,56.9,5.0,2,2,0,4,1,1,2.4,154,4.3
2025,13,False,passing,pff,C.J. Stroud,129759,QB,HST,13,1,73.3,30,35,12.6,2.91,1,0,0.0,62.9,22,0,14,0.0,38,0,0.16,14,79.2,66.5,66.3,58.3,1,1,41,1,47.4,14.3,75.4,5.3,2,1,0,3,0,2,4.9,276,7.9
2025,13,False,passing,pff,Jalen Hurts,40291,QB,PHI,24,1,66.7,30,34,9.7,2.55,0,1,2.8,55.9,19,0,8,5.0,34,1,0.06,11,28.7,58.3,61.8,47.9,0,1,37,0,44.1,0.0,84.2,0.0,0,0,2,2,2,1,2.7,230,6.8
2025,13,False,passing,pff,Patrick Mahomes,11765,QB,KC,16,1,75.0,32,34,7.1,3.1,0,2,5.1,67.6,23,0,17,4.2,40,1,0.36,15,29.4,71.3,72.0,56.3,0,0,46,0,47.5,17.6,129.7,7.5,3,3,0,2,4,1,2.2,261,7.7
2025,13,False,passing,pff,Tyrod Taylor,6332,QB,NYJ,22,1,70.0,30,33,9.5,3.22,0,0,0.0,57.6,19,0,15,9.5,41,2,-0.05,11,79.9,70.1,65.8,71.3,1,0,43,1,43.9,13.3,81.9,4.9,2,6,0,2,1,1,2.3,172,5.2
2025,13,False,passing,pff,Kirk Cousins,7102,QB,ATL,2,1,71.0,31,33,5.3,2.48,0,0,0.0,63.6,21,0,12,4.5,36,1,0.01,12,78.6,62.8,62.0,,0,0,37,0,47.2,16.7,94.8,5.6,2,0,0,2,1,0,0.0,234,7.1
2025,13,False,passing,pff,Lamar Jackson,46416,QB,BLT,3,1,56.7,30,32,12.1,3.16,0,1,2.9,53.1,17,0,17,0.0,38,0,-0.64,9,19.9,42.2,39.7,63.7,0,1,40,0,36.8,17.6,65.4,7.9,3,3,0,2,0,2,5.0,246,7.7
2025,13,False,passing,pff,Drake Maye,143969,QB,NE,19,1,80.0,30,31,8.4,2.85,0,1,3.0,77.4,24,0,12,0.0,36,0,0.27,15,79.6,85.3,85.0,61.7,0,0,38,0,55.6,25.0,126.0,8.3,3,2,0,1,2,0,0.0,282,9.1
2025,13,False,passing,pff,Jordan Love,40306,QB,GB,12,1,65.5,29,30,11.9,2.85,0,4,12.5,60.0,18,0,14,5.3,33,1,0.54,11,78.8,91.2,91.8,51.6,0,0,35,0,60.6,0.0,124.2,0.0,0,2,0,1,4,0,0.0,234,7.8
2025,13,False,passing,pff,Max Brosmer,105568,QB,MIN,18,1,66.7,30,30,5.2,2.6,0,1,3.3,63.3,19,0,13,5.0,34,1,-1.01,6,78.5,22.0,22.8,60.0,0,4,35,0,29.4,30.8,32.8,11.8,4,0,0,0,0,4,11.4,126,4.2
2025,13,False,passing,pff,Brock Purdy,77672,QB,SF,28,1,72.7,22,29,9.5,3.41,0,0,0.0,55.2,16,0,17,0.0,31,0,0.06,11,78.3,74.5,73.2,63.2,0,0,34,0,32.3,5.9,83.7,3.2,1,1,0,7,1,0,0.0,168,5.8
2025,13,False,passing,pff,Matthew Stafford,4924,QB,LA,26,1,73.1,26,28,8.7,2.91,1,2,7.1,64.3,18,0,4,5.3,30,1,-0.2,12,26.3,54.2,55.8,60.0,0,2,30,1,50.0,50.0,85.9,6.7,2,0,0,1,2,2,6.7,243,8.7
2025,13,False,passing,pff,Baker Mayfield,46518,QB,TB,30,1,76.9,26,28,7.7,2.98,0,2,6.7,64.3,18,0,12,10.0,35,2,0.0,9,79.1,64.3,63.7,59.9,0,0,37,0,45.7,16.7,96.4,5.7,2,3,0,2,1,2,5.4,194,6.9
2025,13,False,passing,pff,Trevor Lawrence,77632,QB,JAX,15,1,73.9,23,27,12.3,3.09,1,2,6.7,59.3,16,0,12,5.9,32,1,0.19,13,78.7,84.2,79.6,74.3,1,0,35,1,50.0,25.0,111.5,9.4,3,2,0,2,2,0,0.0,229,8.5
2025,13,False,passing,pff,Daniel Jones,39395,QB,IND,14,1,73.9,23,27,9.7,2.52,1,3,10.0,51.9,14,0,16,17.6,28,3,0.02,9,77.6,84.2,83.1,60.0,2,0,31,1,39.3,6.3,101.0,3.6,1,0,0,1,2,0,0.0,201,7.4
2025,13,False,passing,pff,Jared Goff,10635,QB,DET,11,1,91.7,24,26,6.8,2.6,1,1,3.8,76.9,20,0,11,9.1,30,2,0.34,13,77.6,81.0,80.6,65.6,1,0,31,0,60.0,27.3,132.9,10.0,3,1,0,0,2,0,0.0,256,9.8
2025,13,False,passing,pff,Sam Darnold,29048,QB,SEA,29,1,78.9,19,26,3.7,2.49,4,0,0.0,53.8,14,0,11,6.7,30,1,-0.37,8,19.6,37.9,37.4,,0,0,32,0,40.0,36.4,67.5,13.3,4,0,0,3,0,2,6.3,128,4.9
2025,13,False,passing,pff,Shedeur Sanders,131396,QB,CLV,8,1,81.8,22,25,6.8,3.52,0,0,0.0,64.0,16,0,10,11.1,29,2,-0.31,7,77.6,56.1,60.2,55.3,0,0,31,1,34.5,30.0,93.6,10.3,3,1,0,3,1,0,0.0,149,6.0
2025,13,False,passing,pff,Jaxson Dart,146409,QB,NYG,21,1,75.0,24,24,7.8,3.15,0,1,3.7,70.8,17,0,11,5.6,30,1,-0.38,6,77.9,61.7,60.6,61.1,0,0,33,1,36.7,18.2,99.1,6.7,2,4,0,0,1,1,3.0,139,5.8
2025,13,False,passing,pff,Tua Tagovailoa,60326,QB,MIA,17,1,70.0,20,23,11.2,2.82,0,2,8.7,52.2,12,0,10,14.3,29,2,-0.33,8,30.8,57.9,60.7,48.9,0,1,29,0,31.0,40.0,55.9,13.8,4,2,1,2,0,3,10.3,157,6.8
2025,13,False,passing,pff,Josh Allen,46601,QB,BUF,4,1,77.3,22,23,2.2,2.66,1,0,0.0,65.2,15,0,9,11.8,28,2,0.26,9,78.0,69.6,63.0,71.4,0,1,28,1,46.4,0.0,75.1,0.0,0,4,0,0,1,1,3.6,123,5.3
2025,13,False,passing,pff,Geno Smith,7820,QB,LV,23,1,90.0,20,23,4.3,2.71,2,0,0.0,78.3,18,0,11,0.0,28,0,-0.15,9,26.9,56.2,56.0,59.3,0,1,30,0,53.6,45.5,107.4,17.9,5,0,0,1,2,1,3.3,165,7.2
2025,13,False,passing,pff,Aaron Rodgers,2241,QB,PIT,25,1,64.7,17,21,6.5,2.9,2,0,0.0,47.6,10,0,5,9.1,22,1,-0.43,4,24.2,45.7,45.7,60.0,0,0,22,0,40.9,20.0,65.0,4.5,1,0,0,2,0,1,4.5,117,5.6
2025,13,False,passing,pff,Justin Herbert,28237,QB,LAC,27,1,80.0,20,20,9.7,3.15,0,0,0.0,75.0,15,0,8,6.3,26,1,0.22,11,76.6,61.1,63.7,50.1,0,1,26,0,53.8,37.5,108.5,11.5,3,3,0,0,2,1,3.8,151,7.6
2025,13,False,passing,pff,Bryce Young,123943,QB,CAR,5,1,84.2,19,20,5.5,2.94,0,2,10.0,75.0,15,1,6,6.3,24,1,0.58,9,77.0,83.3,83.5,61.4,0,0,24,1,45.8,33.3,147.1,8.3,2,2,0,1,3,0,0.0,206,10.3
2025,13,False,passing,pff,Mason Rudolph,46569,QB,PIT,25,1,0.0,3,3,9.7,3.93,0,0,0.0,0.0,0,0,1,,3,0,-1.05,0,65.5,27.8,28.5,,0,1,3,0,33.3,0.0,0.0,0.0,0,0,0,0,0,1,33.3,0,0.0
2025,13,False,passing,pff,David Montgomery,45719,HB,DET,11,1,0.0,1,1,6.0,0.9,0,0,0.0,0.0,0,0,1,,2,0,-1.22,0,73.8,64.3,53.0,65.4,0,0,2,0,0.0,0.0,39.6,0.0,0,0,0,0,0,0,0.0,0,0.0
2025,13,False,passing,pff,Christian McCaffrey,11763,HB,SF,28,1,,0,1,,3.3,0,0,0.0,0.0,0,0,1,,1,0,-0.54,0,77.9,59.0,60.0,55.2,0,0,1,0,0.0,0.0,39.6,0.0,0,0,0,1,0,0,0.0,0,0.0
2025,13,False,passing,pff,Dillon Gabriel,86272,QB,CLV,8,1,100.0,1,1,0.0,3.5,0,0,0.0,100.0,1,0,0,0.0,1,0,-0.42,0,60.4,60.3,60.1,,0,0,1,0,0.0,,79.2,0.0,0,0,0,0,0,0,0.0,0,0.0
2025,13,False,passing,pff,Trey Lance,91399,QB,LAC,27,1,100.0,1,1,6.0,3.95,0,0,0.0,100.0,1,0,0,0.0,2,0,0.35,0,69.1,50.8,60.5,51.2,0,0,2,0,100.0,,104.2,0.0,0,1,0,0,0,0,0.0,9,9.0
2025,14,False,passing,pff,Dak Prescott,10769,QB,DAL,9,1,68.1,47,47,10.8,2.84,0,3,5.7,66.0,31,0,22,3.1,54,1,0.02,18,29.9,67.9,65.0,71.2,0,2,60,0,48.1,22.7,79.7,9.3,5,2,0,0,1,2,3.3,376,8.0
2025,14,False,passing,pff,Jacoby Brissett,10725,QB,ARZ,1,1,60.5,43,44,8.1,3.01,0,1,2.3,56.8,25,0,23,3.8,50,1,-0.04,16,80.6,57.6,57.7,57.8,0,1,50,0,40.0,13.0,80.8,6.0,3,3,0,1,2,1,2.0,271,6.2
2025,14,False,passing,pff,Shedeur Sanders,131396,QB,CLV,8,1,67.6,34,42,8.6,3.59,2,3,6.8,54.8,23,0,30,0.0,47,0,0.1,15,32.0,76.8,73.1,72.3,1,1,49,2,46.8,6.7,97.7,4.3,2,3,0,5,3,2,4.1,364,8.7
2025,14,False,passing,pff,Jalen Hurts,40291,QB,PHI,24,1,63.9,36,40,10.7,2.99,0,2,4.8,52.5,21,0,18,8.7,43,2,-0.38,12,45.9,48.6,45.8,66.1,2,4,47,0,34.9,5.6,31.3,2.3,1,2,0,2,0,4,8.5,240,6.0
2025,14,False,passing,pff,Bo Nix,97790,QB,DEN,10,1,86.5,37,38,6.0,2.83,0,0,0.0,81.6,31,0,15,3.1,43,1,0.24,14,79.9,63.0,65.0,57.2,0,0,43,1,60.5,20.0,89.9,7.0,3,1,0,1,0,0,0.0,212,5.6
2025,14,False,passing,pff,Joe Burrow,28022,QB,CIN,7,1,75.0,36,36,9.6,2.55,0,5,12.8,69.4,25,0,9,7.4,38,2,0.15,18,79.2,83.1,81.1,,0,2,42,0,60.5,11.1,106.7,2.6,1,0,0,0,4,1,2.4,284,7.9
2025,14,False,passing,pff,Caleb Williams,144622,QB,CHI,6,1,71.4,28,35,6.9,3.68,0,2,5.7,54.3,19,0,14,5.0,39,1,-0.07,14,79.3,60.6,61.6,55.2,0,1,40,0,43.6,7.1,76.6,2.6,1,3,0,7,2,2,5.0,186,5.3
2025,14,False,passing,pff,Lamar Jackson,46416,QB,BLT,3,1,72.4,29,35,9.6,3.23,1,1,2.6,54.3,19,0,16,9.5,42,2,0.08,11,80.1,76.3,74.6,65.8,3,1,45,0,45.2,12.5,71.0,4.8,2,5,2,0,1,1,2.2,219,6.3
2025,14,False,passing,pff,Jared Goff,10635,QB,DET,11,1,83.3,30,34,8.1,2.3,0,1,2.6,73.5,25,0,13,0.0,36,0,0.31,10,79.5,70.4,69.2,60.0,1,0,40,0,52.8,7.7,111.0,2.8,1,0,0,3,1,0,0.0,309,9.1
2025,14,False,passing,pff,Aaron Rodgers,2241,QB,PIT,25,1,71.9,32,34,6.3,2.62,1,5,14.3,67.6,23,0,11,0.0,35,0,0.25,8,78.7,88.0,87.5,63.8,0,0,36,1,45.7,0.0,103.1,0.0,0,1,0,1,1,0,0.0,284,8.4
2025,14,False,passing,pff,Patrick Mahomes,11765,QB,KC,16,1,65.5,29,33,9.4,3.31,0,2,6.1,42.4,14,0,21,26.3,42,5,-0.45,9,79.3,65.0,59.2,73.6,1,3,42,0,40.5,9.5,19.8,4.8,2,7,1,2,0,2,4.8,160,4.8
2025,14,False,passing,pff,Matthew Stafford,4924,QB,LA,26,1,73.3,30,31,8.4,2.38,0,6,18.2,71.0,22,0,4,0.0,31,0,0.55,13,77.9,93.9,93.0,,0,0,33,0,61.3,0.0,131.3,0.0,0,0,0,1,3,0,0.0,281,9.1
2025,14,False,passing,pff,C.J. Stroud,129759,QB,HST,13,1,61.5,26,31,11.3,3.13,2,2,5.9,48.4,15,0,23,6.3,35,1,0.01,7,79.1,58.9,59.3,62.6,0,0,39,1,31.4,13.0,80.4,8.6,3,1,0,3,1,0,0.0,203,6.5
2025,14,False,passing,pff,Baker Mayfield,46518,QB,TB,30,1,57.7,26,30,9.5,2.98,2,0,0.0,46.7,14,0,10,6.7,36,1,-0.32,7,79.0,37.6,34.0,62.3,1,1,40,0,33.3,0.0,55.1,0.0,0,6,0,1,1,3,7.5,122,4.1
2025,14,False,passing,pff,Brady Cook,124199,QB,NYJ,22,1,60.0,30,30,9.3,2.82,0,1,3.1,46.7,14,0,10,22.2,36,4,-0.58,8,22.7,31.1,36.4,60.0,0,2,38,0,30.6,60.0,35.8,16.7,6,0,0,0,0,4,10.5,163,5.4
2025,14,False,passing,pff,Trevor Lawrence,77632,QB,JAX,15,1,69.0,29,30,11.6,2.68,0,4,12.9,56.7,17,0,9,15.0,32,3,0.38,11,78.4,90.2,86.8,72.1,1,0,33,0,50.0,0.0,105.4,0.0,0,2,0,0,2,0,0.0,244,8.1
2025,14,False,passing,pff,Kirk Cousins,7102,QB,ATL,2,1,63.0,27,30,7.9,2.36,1,2,6.3,50.0,15,0,9,11.8,32,2,-0.52,6,78.1,62.7,61.7,,0,2,34,0,34.4,11.1,38.5,3.1,1,0,0,2,0,0,0.0,162,5.4
2025,14,False,passing,pff,Sam Darnold,29048,QB,SEA,29,1,75.9,29,30,9.2,3.0,0,1,3.2,66.7,20,0,9,9.1,35,2,0.3,12,78.7,72.9,71.6,62.6,1,1,36,0,51.4,22.2,111.7,5.7,2,2,0,0,3,1,2.8,249,8.3
2025,14,False,passing,pff,Riley Leonard,143862,QB,IND,14,1,66.7,27,29,7.0,2.68,1,2,5.9,62.1,18,0,12,0.0,31,0,-0.05,9,78.7,55.8,53.6,66.4,1,1,36,0,35.5,8.3,60.3,3.2,1,1,0,0,0,3,8.3,145,5.0
2025,14,False,passing,pff,Josh Allen,46601,QB,BUF,4,1,84.6,26,28,5.0,3.24,0,1,3.2,78.6,22,0,12,0.0,36,0,0.58,17,79.7,90.4,77.7,91.4,1,0,39,0,61.1,25.0,139.7,8.3,3,5,0,1,3,2,5.1,251,9.0
2025,14,False,passing,pff,Cam Ward,133244,QB,TEN,31,1,58.3,24,28,5.6,2.55,1,1,3.4,50.0,14,0,14,0.0,30,0,-0.36,6,78.1,53.0,51.7,60.3,0,1,31,0,36.7,7.1,70.1,3.3,1,0,0,3,2,1,3.2,117,4.2
2025,14,False,passing,pff,Justin Herbert,28237,QB,LAC,27,1,56.5,23,26,11.0,3.61,0,1,3.6,46.2,12,0,26,7.7,41,1,-0.49,8,22.2,45.4,36.5,70.8,1,1,43,0,34.1,26.9,59.6,17.1,7,8,0,2,1,2,4.7,139,5.3
2025,14,False,passing,pff,Jordan Love,40306,QB,GB,12,1,73.9,23,25,12.8,2.9,0,3,11.5,68.0,17,0,9,0.0,26,0,0.25,9,77.1,90.4,89.3,60.0,0,1,27,0,50.0,11.1,120.7,3.8,1,0,0,2,3,1,3.7,234,9.4
2025,14,False,passing,pff,J.J. McCarthy,144918,QB,MIN,18,1,77.3,22,23,7.5,2.98,1,2,8.0,69.6,16,0,12,5.9,29,1,0.49,15,78.5,78.4,73.1,74.5,0,0,31,0,55.2,33.3,129.2,13.8,4,2,0,0,3,0,0.0,163,7.1
2025,14,False,passing,pff,Tua Tagovailoa,60326,QB,MIA,17,1,70.0,20,21,5.5,2.35,0,0,0.0,61.9,13,0,6,7.1,22,1,-0.03,8,75.9,54.9,54.4,60.0,0,0,23,0,50.0,16.7,94.7,4.5,1,0,0,1,1,1,4.3,127,6.0
2025,14,False,passing,pff,Geno Smith,7820,QB,LV,23,1,77.8,18,21,8.1,3.01,0,0,0.0,61.9,13,0,12,7.1,26,1,-0.22,7,76.8,56.3,57.0,58.3,1,0,27,0,46.2,25.0,92.6,11.5,3,1,0,2,1,1,3.7,116,5.5
2025,14,False,passing,pff,Tyler Shough,83537,QB,NO,20,1,78.9,19,20,8.6,2.9,1,0,0.0,65.0,13,0,9,13.3,24,2,0.11,10,78.2,83.7,74.8,82.4,0,1,26,0,45.8,33.3,65.4,12.5,3,1,0,0,0,0,0.0,144,7.2
2025,14,False,passing,pff,Jayden Daniels,97993,QB,WAS,32,1,71.4,14,20,2.9,3.07,1,1,4.8,45.0,9,0,11,10.0,25,1,-0.51,5,76.6,55.7,59.6,49.8,0,1,27,0,28.0,9.1,35.0,4.0,1,4,0,5,0,1,3.7,78,3.9
2025,14,False,passing,pff,Kenny Pickett,60515,QB,LV,23,1,90.0,10,11,9.7,2.78,0,1,8.3,72.7,8,0,7,11.1,13,1,0.05,5,73.2,86.0,82.4,63.3,0,0,14,0,38.5,14.3,129.7,7.7,1,1,1,0,1,0,0.0,97,8.8
2025,14,False,passing,pff,Daniel Jones,39395,QB,IND,14,1,71.4,7,7,9.3,2.71,0,0,0.0,71.4,5,0,2,0.0,8,0,-0.2,4,71.4,36.9,38.3,58.3,0,1,10,0,62.5,0.0,57.7,0.0,0,1,0,0,0,1,10.0,60,8.6
2025,14,False,passing,pff,Marcus Mariota,9435,QB,WAS,32,1,50.0,4,4,14.8,3.16,0,0,0.0,50.0,2,0,2,0.0,7,0,-1.29,2,16.7,23.0,29.6,29.5,0,1,7,0,28.6,50.0,35.4,14.3,1,2,0,0,0,2,28.6,30,7.5
2025,14,False,passing,pff,Tyrod Taylor,6332,QB,NYJ,22,1,66.7,3,4,3.0,3.2,0,0,0.0,25.0,1,0,1,50.0,4,1,-1.56,0,66.9,29.6,30.9,,0,1,4,0,25.0,0.0,0.0,0.0,0,0,0,1,0,1,25.0,6,1.5
2025,14,False,passing,pff,Nick Mullens,12282,QB,JAX,15,1,100.0,1,1,-1.0,2.3,0,0,0.0,100.0,1,0,0,0.0,1,0,-1.01,0,68.2,62.5,60.4,60.5,0,0,1,0,0.0,,79.2,0.0,0,0,0,0,0,0,0.0,3,3.0
2025,15,False,passing,pff,Kirk Cousins,7102,QB,ATL,2,1,75.6,41,44,8.7,2.69,0,4,8.3,68.2,30,0,19,3.2,45,1,0.29,19,30.9,78.2,78.0,,0,0,49,2,53.3,5.3,117.0,2.2,1,0,1,2,3,1,2.0,373,8.5
2025,15,False,passing,pff,Jared Goff,10635,QB,DET,11,1,79.4,34,41,10.3,2.85,0,4,9.5,61.0,25,0,21,7.4,42,2,0.36,17,79.5,84.1,82.3,,0,0,43,0,40.5,4.8,111.6,2.4,1,0,0,7,3,1,2.3,338,8.2
2025,15,False,passing,pff,Jordan Love,40306,QB,GB,12,1,72.2,36,40,10.8,2.93,0,2,4.8,60.0,24,0,27,7.7,46,2,0.0,14,80.1,69.1,63.9,78.1,1,2,48,0,47.8,11.1,68.3,6.5,3,3,0,3,1,2,4.2,276,6.9
2025,15,False,passing,pff,Jacoby Brissett,10725,QB,ARZ,1,1,76.3,38,40,7.0,2.73,0,2,4.9,67.5,27,0,11,6.9,43,2,-0.11,14,80.3,56.2,56.3,57.4,0,1,46,0,41.9,18.2,98.9,4.7,2,1,0,2,3,3,6.5,249,6.2
2025,15,False,passing,pff,Joe Burrow,28022,QB,CIN,7,1,80.0,35,39,8.1,2.93,0,2,4.8,64.1,25,0,14,10.7,44,3,-0.33,10,80.1,78.9,82.5,42.9,1,2,48,0,40.9,21.4,58.2,6.8,3,2,0,3,0,1,2.1,225,5.8
2025,15,False,passing,pff,Matthew Stafford,4924,QB,LA,26,1,69.4,36,38,12.8,2.78,0,4,9.8,63.2,24,0,14,4.0,41,1,0.15,20,79.5,71.7,72.0,55.3,1,1,44,1,58.5,14.3,101.6,4.9,2,1,0,1,2,3,6.8,368,9.7
2025,15,False,passing,pff,Dak Prescott,10769,QB,DAL,9,1,77.4,31,38,8.1,2.71,0,2,5.1,60.5,23,0,22,4.2,40,1,-0.08,12,79.4,69.5,69.2,58.7,2,0,41,1,42.5,9.1,84.8,5.0,2,0,0,5,0,1,2.4,294,7.7
2025,15,False,passing,pff,Jaxson Dart,146409,QB,NYG,21,1,68.8,32,36,11.4,3.2,1,3,8.1,55.6,20,0,18,9.1,43,2,-0.11,14,29.8,56.6,62.5,43.8,1,1,44,0,48.8,5.6,83.8,2.3,1,6,0,2,2,2,4.5,246,6.8
2025,15,False,passing,pff,Sam Darnold,29048,QB,SEA,29,1,75.0,32,36,7.6,2.62,0,0,0.0,61.1,22,0,9,8.3,39,2,0.04,10,28.8,64.4,73.5,29.4,1,0,40,0,51.3,11.1,84.4,2.6,1,2,2,1,0,1,2.5,271,7.5
2025,15,False,passing,pff,Shedeur Sanders,131396,QB,CLV,8,1,63.3,30,35,8.2,3.31,0,3,8.6,51.4,18,0,21,5.3,42,1,-0.54,8,79.3,33.2,34.0,63.7,1,3,42,1,31.0,23.8,30.3,11.9,5,2,0,4,0,4,9.5,177,5.1
2025,15,False,passing,pff,Baker Mayfield,46518,QB,TB,30,1,71.4,28,34,12.5,2.95,2,2,5.1,55.9,19,0,16,5.0,40,1,-0.05,16,80.0,67.3,67.9,55.7,2,1,47,0,45.0,31.3,90.0,12.5,5,1,0,2,2,1,2.1,277,8.1
2025,15,False,passing,pff,Bo Nix,97790,QB,DEN,10,1,69.7,33,34,10.2,3.22,0,5,13.9,67.6,23,0,16,0.0,37,0,0.4,15,79.9,83.1,84.7,57.4,0,0,39,0,56.8,0.0,134.7,0.0,0,2,0,1,4,4,10.3,302,8.9
2025,15,False,passing,pff,Brady Cook,124199,QB,NYJ,22,1,80.0,30,33,6.1,2.81,1,0,0.0,66.7,22,0,11,8.3,41,2,-0.3,12,79.4,53.3,51.2,62.1,0,3,41,0,43.9,27.3,52.1,7.3,3,5,0,2,1,3,7.3,176,5.3
2025,15,False,passing,pff,Trevor Lawrence,77632,QB,JAX,15,1,78.6,28,32,11.8,2.92,1,3,8.8,62.5,20,0,9,9.1,36,2,0.66,18,79.3,93.5,91.3,80.6,1,0,39,1,61.1,0.0,136.7,0.0,0,3,0,2,5,0,0.0,330,10.3
2025,15,False,passing,pff,Tyler Shough,83537,QB,NO,20,1,80.6,31,32,8.0,2.63,0,1,2.8,75.0,24,0,11,4.0,40,1,0.34,15,80.5,80.6,80.7,62.0,0,0,44,0,57.5,45.5,110.4,12.5,5,3,1,0,1,0,0.0,272,8.5
2025,15,False,passing,pff,Brock Purdy,77672,QB,SF,28,1,85.7,28,30,8.7,3.44,0,2,5.9,76.7,23,0,14,4.2,37,1,0.44,20,79.5,91.0,90.7,71.0,0,0,41,1,62.2,14.3,140.3,5.4,2,5,0,2,3,0,0.0,295,9.8
2025,15,False,passing,pff,Cam Ward,133244,QB,TEN,31,1,80.0,25,29,7.4,3.11,1,2,6.5,62.1,18,0,8,10.0,29,2,-0.14,8,77.8,59.1,56.8,62.6,0,0,31,0,34.5,0.0,101.2,0.0,0,0,0,3,2,2,6.5,170,5.9
2025,15,False,passing,pff,C.J. Stroud,129759,QB,HST,13,1,88.0,25,29,4.8,2.9,1,1,3.2,75.9,22,0,13,0.0,32,0,0.37,13,78.8,79.2,81.7,54.3,0,0,34,0,56.3,7.7,137.1,3.1,1,2,1,2,3,0,0.0,260,9.0
2025,15,False,passing,pff,Justin Herbert,28237,QB,LAC,27,1,76.9,26,29,7.7,2.73,0,3,9.7,65.5,19,0,13,5.0,33,1,0.02,9,78.7,67.0,67.8,54.8,0,1,35,0,48.5,30.8,84.0,12.1,4,0,0,3,1,1,2.9,210,7.2
2025,15,False,passing,pff,Josh Allen,46601,QB,BUF,4,1,73.1,26,28,8.6,3.19,0,2,6.7,67.9,19,0,13,0.0,35,0,0.22,12,80.2,82.5,70.7,86.7,0,0,38,0,45.7,15.4,123.1,5.7,2,4,0,2,3,0,0.0,193,6.9
2025,15,False,passing,pff,Patrick Mahomes,11765,QB,KC,16,1,68.0,25,28,7.9,3.19,0,0,0.0,57.1,16,0,18,5.9,36,1,0.01,9,78.7,65.2,62.6,66.4,1,1,38,0,44.4,27.8,62.9,13.9,5,2,0,2,0,1,2.6,189,6.8
2025,15,False,passing,pff,Tua Tagovailoa,60326,QB,MIA,17,1,88.5,26,28,7.0,3.37,0,1,3.3,78.6,22,0,15,4.3,34,1,0.09,15,78.4,61.1,62.8,54.9,0,1,36,1,52.9,26.7,113.2,11.8,4,1,0,2,2,2,5.6,253,9.0
2025,15,False,passing,pff,Caleb Williams,144622,QB,CHI,6,1,80.8,26,28,11.2,3.21,0,3,10.0,60.7,17,0,13,19.0,32,4,0.01,13,27.8,85.1,90.2,39.4,0,0,34,0,46.9,23.1,112.5,9.4,3,1,0,2,2,0,0.0,242,8.6
2025,15,False,passing,pff,Aaron Rodgers,2241,QB,PIT,25,1,88.9,27,27,3.6,2.38,0,1,3.6,85.2,23,0,7,4.2,30,1,0.25,11,77.7,73.0,73.0,58.3,0,0,32,0,53.3,42.9,125.9,10.0,3,0,0,0,2,1,3.1,224,8.3
2025,15,False,passing,pff,Philip Rivers,1725,QB,IND,14,1,72.0,25,27,5.2,2.41,0,0,0.0,66.7,18,0,6,0.0,28,0,-0.29,8,77.2,55.3,55.0,60.0,0,1,29,1,39.3,16.7,73.1,3.6,1,0,0,2,1,1,3.4,120,4.4
2025,15,False,passing,pff,Kenny Pickett,60515,QB,LV,23,1,73.9,23,25,4.2,2.71,1,0,0.0,60.0,15,0,10,11.8,30,2,-0.59,5,77.6,50.4,45.9,71.5,1,1,30,0,26.7,40.0,47.9,13.3,4,1,0,0,0,1,3.3,64,2.6
2025,15,False,passing,pff,Bryce Young,123943,QB,CAR,5,1,76.2,21,24,8.0,3.52,0,2,8.3,62.5,15,0,18,6.3,31,1,0.3,10,78.0,78.4,78.7,63.9,0,0,32,0,41.9,5.6,96.4,3.2,1,6,0,3,1,0,0.0,163,6.8
2025,15,False,passing,pff,J.J. McCarthy,144918,QB,MIN,18,1,69.6,23,24,11.0,3.0,0,3,11.5,62.5,15,0,9,6.3,26,1,0.5,12,77.5,89.7,90.5,56.2,1,1,28,0,61.5,0.0,108.0,0.0,0,2,0,0,2,0,0.0,250,10.4
2025,15,False,passing,pff,Drake Maye,143969,QB,NE,19,1,71.4,21,23,11.2,3.38,1,1,4.2,60.9,14,0,9,6.7,28,1,-0.05,8,77.7,69.1,60.2,82.0,0,1,29,0,46.4,33.3,62.8,10.7,3,2,0,1,0,1,3.4,155,6.7
2025,15,False,passing,pff,Marcus Mariota,9435,QB,WAS,32,1,64.7,17,19,14.3,3.51,0,3,14.3,52.6,10,0,12,9.1,26,1,0.06,10,19.1,61.8,58.9,64.1,0,0,28,0,50.0,16.7,109.8,7.7,2,5,0,2,1,2,7.1,211,11.1
2025,15,False,passing,pff,Jalen Hurts,40291,QB,PHI,24,1,93.3,15,15,6.8,2.94,0,2,11.8,80.0,12,0,5,14.3,18,2,0.83,10,76.8,79.5,80.6,63.5,0,0,20,0,72.2,20.0,154.9,5.6,1,2,0,0,3,0,0.0,175,11.7
2025,15,False,passing,pff,Lamar Jackson,46416,QB,BLT,3,1,83.3,12,12,11.4,3.52,0,1,7.7,66.7,8,0,9,20.0,18,2,0.07,8,26.4,81.5,73.0,78.2,0,1,19,0,50.0,44.4,114.6,22.2,4,2,0,0,2,1,5.3,150,12.5
2025,15,False,passing,pff,Gardner Minshew,41401,QB,KC,16,1,75.0,4,5,7.8,3.04,0,0,0.0,60.0,3,0,1,0.0,5,0,-0.4,1,68.0,30.3,39.5,,0,1,5,1,40.0,0.0,30.8,0.0,0,0,0,1,0,1,20.0,22,4.4
2025,15,False,passing,pff,Tanner McKee,131770,QB,PHI,24,1,100.0,3,3,9.7,3.0,0,0,0.0,100.0,3,0,0,0.0,4,0,1.46,4,66.9,89.6,85.8,63.9,0,0,4,0,100.0,,112.5,0.0,0,1,0,0,0,0,0.0,33,11.0
2025,15,False,passing,pff,Spencer Rattler,97408,QB,NO,20,1,,0,1,,1.7,0,0,0.0,0.0,0,0,0,,1,0,-2.34,0,60.4,60.0,60.0,,0,0,1,0,0.0,,39.6,0.0,0,0,0,1,0,0,0.0,0,0.0
2025,15,False,passing,pff,Jameis Winston,9434,QB,NYG,21,1,0.0,1,1,2.0,2.4,0,0,0.0,0.0,0,0,1,,1,0,-0.59,0,60.4,55.4,57.2,,0,0,1,0,0.0,0.0,39.6,0.0,0,0,0,0,0,0,0.0,0,0.0
2025,16,False,passing,pff,Jared Goff,10635,QB,DET,11,1,70.6,51,54,6.6,2.49,0,1,1.7,63.0,34,0,22,5.6,57,2,0.19,19,81.9,74.2,72.8,60.0,1,0,62,0,49.1,13.6,101.2,5.3,3,0,0,2,3,1,1.6,364,6.7
2025,16,False,passing,pff,Tyler Shough,83537,QB,NO,20,1,73.3,45,49,7.4,2.43,0,1,2.0,65.3,32,0,12,3.0,54,1,0.03,16,81.0,60.4,61.6,52.3,1,0,55,0,42.6,25.0,89.5,5.6,3,2,1,2,1,0,0.0,308,6.3
2025,16,False,passing,pff,Matthew Stafford,4924,QB,LA,26,1,71.7,46,49,9.7,2.82,1,5,9.8,59.2,29,0,22,12.1,51,4,0.5,17,80.8,79.9,80.1,52.3,2,0,53,1,49.0,0.0,110.7,0.0,0,2,0,0,3,1,1.9,457,9.3
2025,16,False,passing,pff,Bo Nix,97790,QB,DEN,10,1,69.8,43,47,10.2,2.93,1,2,4.3,59.6,28,0,20,6.7,50,2,0.03,14,35.6,55.0,60.8,34.5,2,1,51,0,48.0,5.0,81.2,2.0,1,1,0,1,1,2,3.9,352,7.5
2025,16,False,passing,pff,Drake Maye,143969,QB,NE,19,1,73.8,42,44,10.7,3.33,0,2,4.3,70.5,31,0,22,0.0,50,0,0.24,17,38.4,69.9,69.2,61.7,0,1,53,0,54.0,13.6,102.5,6.0,3,3,0,2,2,3,5.7,380,8.6
2025,16,False,passing,pff,Aaron Rodgers,2241,QB,PIT,25,1,78.4,37,41,8.1,2.52,1,2,4.4,65.9,27,0,7,6.9,45,2,0.14,14,80.3,81.0,81.9,51.1,0,0,49,0,42.2,28.6,92.1,4.4,2,2,0,3,1,0,0.0,266,6.5
2025,16,False,passing,pff,Trevor Lawrence,77632,QB,JAX,15,1,75.0,32,36,8.0,3.23,1,2,5.3,63.9,23,0,21,4.2,44,1,0.18,14,80.6,81.8,76.0,78.3,1,0,46,0,45.5,23.8,115.4,11.4,5,2,0,2,3,0,0.0,279,7.8
2025,16,False,passing,pff,Philip Rivers,1725,QB,IND,14,1,67.6,34,35,10.4,2.41,1,2,5.4,65.7,23,0,12,0.0,37,0,0.0,13,28.0,49.6,49.6,,0,1,39,0,59.5,16.7,97.0,5.4,2,0,0,0,2,2,5.1,277,7.9
2025,16,False,passing,pff,Kirk Cousins,7102,QB,ATL,2,1,71.9,32,35,5.2,2.51,1,0,0.0,60.0,21,0,12,8.7,36,2,0.21,11,79.6,79.3,77.3,65.0,0,1,38,0,44.4,8.3,82.7,2.8,1,0,0,2,2,0,0.0,197,5.6
2025,16,False,passing,pff,C.J. Stroud,129759,QB,HST,13,1,69.7,33,35,8.1,2.59,0,1,2.6,65.7,23,0,7,0.0,36,0,0.05,10,42.2,72.3,76.3,39.7,1,0,40,0,44.4,0.0,88.6,0.0,0,1,0,1,1,0,0.0,187,5.3
2025,16,False,passing,pff,Brady Cook,124199,QB,NYJ,22,1,68.8,32,35,4.9,2.65,2,0,0.0,62.9,22,0,11,0.0,44,0,-0.53,6,29.5,28.5,29.0,53.2,0,1,45,0,25.0,72.7,64.9,18.2,8,1,0,1,0,2,4.4,188,5.4
2025,16,False,passing,pff,Caleb Williams,144622,QB,CHI,6,1,69.0,29,34,10.2,2.99,0,1,2.8,55.9,19,0,18,5.0,38,1,0.16,11,79.3,74.0,65.5,86.8,0,0,42,2,47.4,0.0,98.9,0.0,0,3,0,5,2,1,2.4,250,7.4
2025,16,False,passing,pff,Sam Darnold,29048,QB,SEA,29,1,79.3,29,34,6.8,2.6,1,2,5.3,64.7,22,0,18,4.3,42,1,-0.37,11,80.1,63.2,62.6,60.0,1,2,47,0,40.5,22.2,84.2,9.5,4,2,1,2,2,2,4.3,270,7.9
2025,16,False,passing,pff,Brock Purdy,77672,QB,SF,28,1,81.8,33,34,10.6,3.29,0,4,11.8,73.5,25,0,10,7.4,36,2,0.48,20,78.5,96.6,95.7,62.2,0,1,36,0,58.3,10.0,126.8,2.8,1,1,0,1,5,1,2.8,295,8.7
2025,16,False,passing,pff,Bryce Young,123943,QB,CAR,5,1,75.9,29,32,9.0,2.97,1,4,12.5,65.6,21,0,17,4.5,36,1,0.01,9,78.9,91.6,90.4,69.9,0,0,36,0,44.4,11.8,102.5,5.6,2,2,0,2,2,0,0.0,191,6.0
2025,16,False,passing,pff,Joe Burrow,28022,QB,CIN,7,1,86.7,30,32,6.7,2.71,0,3,9.4,78.1,25,0,10,3.8,35,1,0.57,16,78.5,88.1,86.5,62.6,0,0,35,1,60.0,20.0,146.5,5.7,2,1,0,2,4,0,0.0,309,9.7
2025,16,False,passing,pff,Jacoby Brissett,10725,QB,ARZ,1,1,73.1,26,31,8.7,2.89,1,1,3.1,51.6,16,0,10,15.8,33,3,-0.11,9,78.3,64.6,62.2,62.6,2,1,34,0,36.4,20.0,69.7,6.1,2,0,0,2,1,1,2.9,203,6.5
2025,16,False,passing,pff,Jalen Hurts,40291,QB,PHI,24,1,75.9,29,30,6.5,2.84,0,1,3.0,73.3,22,0,10,0.0,37,0,0.22,14,29.1,65.4,61.6,69.0,0,0,40,1,54.1,20.0,111.1,5.4,2,5,0,1,2,2,5.0,185,6.2
2025,16,False,passing,pff,Dak Prescott,10769,QB,DAL,9,1,78.6,28,30,10.0,3.03,1,3,9.7,70.0,21,0,8,4.5,33,1,0.4,13,78.1,83.3,81.4,63.7,1,0,34,0,63.6,12.5,116.5,3.0,1,2,0,0,2,0,0.0,244,8.1
2025,16,False,passing,pff,Quinn Ewers,127253,QB,MIA,17,1,72.4,29,30,8.2,2.74,0,1,3.2,66.7,20,0,8,4.8,31,1,0.08,14,78.0,59.2,60.4,53.6,0,2,32,0,54.8,0.0,66.0,0.0,0,1,0,1,0,2,6.3,260,8.7
2025,16,False,passing,pff,Shedeur Sanders,131396,QB,CLV,8,1,88.0,25,29,2.4,3.0,2,0,0.0,69.0,20,0,16,9.1,35,2,-0.26,10,78.6,64.0,59.2,68.7,0,2,37,1,48.6,12.5,64.9,5.7,2,4,0,2,1,0,0.0,157,5.4
2025,16,False,passing,pff,Justin Herbert,28237,QB,LAC,27,1,85.7,28,29,10.3,3.02,0,3,10.3,79.3,23,0,14,4.2,33,1,0.79,16,28.2,88.1,91.6,51.9,0,0,33,0,66.7,0.0,132.8,0.0,0,4,0,1,2,1,3.0,300,10.3
2025,16,False,passing,pff,Cam Ward,133244,QB,TEN,31,1,81.5,27,28,6.1,2.42,0,3,10.3,75.0,21,0,7,4.5,32,1,0.17,12,78.6,89.9,88.0,65.8,0,0,33,0,50.0,28.6,122.3,6.3,2,1,0,1,2,0,0.0,228,8.1
2025,16,False,passing,pff,Baker Mayfield,46518,QB,TB,30,1,76.0,25,26,6.7,2.52,0,1,3.6,69.2,18,0,9,5.3,30,1,0.11,11,78.4,74.7,71.7,74.3,0,1,33,1,50.0,22.2,79.8,6.7,2,2,0,1,1,0,0.0,145,5.6
2025,16,False,passing,pff,Geno Smith,7820,QB,LV,23,1,72.7,22,23,9.1,3.05,0,3,12.5,69.6,16,0,12,0.0,26,0,0.03,8,76.8,66.7,65.5,,0,1,27,1,46.2,25.0,107.3,11.5,3,0,0,1,2,1,3.7,201,8.7
2025,16,False,passing,pff,Josh Allen,46601,QB,BUF,4,1,83.3,18,19,5.8,3.43,0,2,10.5,63.2,12,0,10,20.0,23,3,-0.48,6,77.4,82.7,83.3,63.2,0,0,23,0,52.2,20.0,83.2,8.7,2,2,0,1,0,1,4.3,130,6.8
2025,16,False,passing,pff,Chris Oladokun,40364,QB,KC,16,1,80.0,15,16,4.5,3.16,0,0,0.0,68.8,11,0,8,8.3,22,1,-0.36,4,24.0,53.2,54.9,54.6,0,0,23,0,31.8,50.0,88.3,18.2,4,2,0,1,0,1,4.3,111,6.9
2025,16,False,passing,pff,J.J. McCarthy,144918,QB,MIN,18,1,76.9,13,14,6.1,2.86,1,2,12.5,64.3,9,0,7,10.0,19,1,-0.31,6,21.5,45.7,41.2,74.8,0,1,21,1,57.9,42.9,58.0,15.8,3,2,0,0,0,3,14.3,108,7.7
2025,16,False,passing,pff,Marcus Mariota,9435,QB,WAS,32,1,58.3,12,14,11.7,3.5,0,1,6.7,50.0,7,0,5,0.0,15,0,-0.23,5,74.3,71.8,70.7,60.0,0,0,16,0,33.3,20.0,72.0,6.7,1,0,0,2,0,0,0.0,95,6.8
2025,16,False,passing,pff,Jordan Love,40306,QB,GB,12,1,75.0,12,13,7.2,2.55,1,0,0.0,61.5,8,0,2,11.1,15,1,0.09,5,73.9,59.2,56.0,63.9,0,0,17,0,60.0,0.0,78.0,0.0,0,1,0,0,0,0,0.0,77,5.9
2025,16,False,passing,pff,Jaxson Dart,146409,QB,NYG,21,1,90.9,11,13,5.5,3.28,1,0,0.0,53.8,7,0,9,30.0,19,3,-1.05,1,76.6,42.7,42.6,62.3,1,1,25,1,10.5,55.6,27.4,26.3,5,1,0,0,0,2,8.0,33,2.5
2025,16,False,passing,pff,Malik Willis,60341,QB,GB,12,1,81.8,11,11,9.2,3.61,0,1,9.1,81.8,9,0,9,0.0,17,0,0.51,7,25.0,65.4,67.8,58.0,0,0,17,0,64.7,22.2,142.8,11.8,2,4,0,0,1,0,0.0,121,11.0
2025,16,False,passing,pff,Tyler Huntley,46448,QB,BLT,3,1,90.0,10,10,5.4,2.47,0,0,0.0,90.0,9,0,5,0.0,12,0,-0.4,2,73.3,70.3,71.4,57.9,0,0,13,0,33.3,20.0,93.8,8.3,1,1,0,0,0,0,0.0,65,6.5
2025,16,False,passing,pff,Lamar Jackson,46416,QB,BLT,3,1,80.0,10,10,11.9,3.42,0,0,0.0,70.0,7,0,5,12.5,10,1,0.58,7,72.7,85.2,86.7,58.3,0,0,10,0,70.0,0.0,102.5,0.0,0,0,0,0,0,0,0.0,101,10.1
2025,16,False,passing,pff,Max Brosmer,105568,QB,MIN,18,1,87.5,8,9,6.1,2.68,0,1,11.1,77.8,7,0,6,0.0,10,0,-0.07,3,73.3,77.8,77.2,60.5,1,0,10,0,50.0,16.7,90.7,10.0,1,0,0,0,0,0,0.0,52,5.8
2025,16,False,passing,pff,Josh Johnson,4474,QB,WAS,32,1,62.5,8,9,3.3,3.02,0,0,0.0,55.6,5,0,4,0.0,10,0,-0.46,2,20.2,28.6,41.1,60.0,1,1,11,0,40.0,25.0,28.7,10.0,1,0,0,0,0,1,9.1,43,4.8
2025,16,False,passing,pff,Gardner Minshew,41401,QB,KC,16,1,60.0,5,8,1.8,2.61,2,0,0.0,37.5,3,0,2,0.0,9,0,-0.61,1,71.4,39.4,40.7,57.9,0,0,10,0,22.2,0.0,45.8,0.0,0,1,0,1,0,0,0.0,15,1.9
2025,16,False,passing,pff,Joe Milton III,82151,QB,DAL,9,1,100.0,2,2,3.5,3.07,0,0,0.0,100.0,2,0,1,0.0,3,0,-1.85,1,14.2,36.5,52.0,51.2,0,0,4,0,66.7,0.0,89.6,0.0,0,1,0,0,0,1,25.0,11,5.5
2025,16,False,passing,pff,Riley Leonard,143862,QB,IND,14,1,0.0,1,1,3.0,2.3,0,0,0.0,0.0,0,0,1,,1,0,-3.94,0,60.4,45.2,46.5,,0,0,1,0,0.0,0.0,39.6,0.0,0,0,0,0,0,0,0.0,0,0.0
2025,16,False,passing,pff,Taysom Hill,12112,TE,NO,20,1,100.0,1,1,35.0,2.9,0,0,0.0,100.0,1,0,0,0.0,1,0,3.85,1,24.3,65.3,76.0,53.7,0,0,1,0,100.0,,158.3,0.0,0,0,0,0,1,0,0.0,38,38.0
2025,16,False,passing,pff,Joe Flacco,4332,QB,CIN,7,1,100.0,1,1,5.0,1.8,0,0,0.0,100.0,1,0,0,0.0,1,0,-1.62,0,60.4,61.2,60.4,,0,0,1,0,0.0,,83.3,0.0,0,0,0,0,0,0,0.0,4,4.0
2025,16,False,passing,pff,Corey Bojorquez,27626,P,CLV,8,1,,0,1,,3.4,0,0,0.0,0.0,0,0,1,,1,0,0.0,0,,60.0,60.0,,0,0,1,0,0.0,0.0,39.6,0.0,0,0,0,1,0,1,100.0,0,0.0
2025,17,False,passing,pff,Baker Mayfield,46518,QB,TB,30,1,79.5,44,44,8.5,3.1,0,2,4.2,75.0,33,0,13,5.7,50,2,0.06,16,32.8,57.4,55.4,67.3,0,2,54,1,56.0,23.1,93.6,6.0,3,3,0,0,2,3,5.6,346,7.9
2025,17,False,passing,pff,Caleb Williams,144622,QB,CHI,6,1,73.0,37,42,7.8,3.25,2,4,9.3,59.5,25,0,13,7.4,46,2,0.42,17,80.2,71.8,75.1,54.1,0,0,47,1,50.0,0.0,100.3,0.0,0,4,1,2,2,0,0.0,330,7.9
2025,17,False,passing,pff,Cam Ward,133244,QB,TEN,31,1,61.8,34,40,10.4,4.01,0,2,4.9,52.5,21,0,22,0.0,46,0,-0.2,12,22.4,46.2,47.6,52.3,2,0,47,0,39.1,18.2,88.6,8.7,4,2,0,4,2,5,10.6,251,6.3
2025,17,False,passing,pff,Aaron Rodgers,2241,QB,PIT,25,1,66.7,33,39,6.2,2.12,1,3,7.5,53.8,21,0,10,4.5,44,1,-0.33,9,29.2,54.5,55.7,55.7,2,0,45,0,36.4,20.0,64.9,4.5,2,1,2,1,0,1,2.2,168,4.3
2025,17,False,passing,pff,Bo Nix,97790,QB,DEN,10,1,75.7,37,38,6.3,3.03,0,2,5.1,68.4,26,0,14,7.1,44,2,0.23,14,80.5,82.8,81.5,66.4,0,1,45,0,54.5,7.1,76.9,2.3,1,5,0,1,1,0,0.0,182,4.8
2025,17,False,passing,pff,Matthew Stafford,4924,QB,LA,26,1,66.7,36,38,12.8,3.14,0,5,12.2,57.9,22,0,14,8.3,41,2,-0.08,10,43.1,70.5,73.1,60.0,0,3,44,0,46.3,21.4,64.5,7.3,3,0,0,2,2,3,6.8,269,7.1
2025,17,False,passing,pff,Jacoby Brissett,10725,QB,ARZ,1,1,62.9,35,37,7.7,3.14,0,2,5.0,56.8,21,0,15,4.5,41,1,-0.03,9,79.6,60.7,60.3,,0,0,44,0,31.7,26.7,91.3,9.8,4,0,0,2,2,0,0.0,212,5.7
2025,17,False,passing,pff,Trevor Lawrence,77632,QB,JAX,15,1,74.3,35,37,10.5,3.18,2,3,8.1,62.2,23,0,21,11.5,43,3,0.05,14,80.4,81.1,78.3,69.9,0,1,43,0,46.5,9.5,72.2,4.7,2,4,0,0,0,2,4.7,263,7.1
2025,17,False,passing,pff,Dak Prescott,10769,QB,DAL,9,1,55.6,36,37,11.3,3.0,0,1,2.4,51.4,19,0,13,5.0,45,1,0.32,14,80.6,68.7,65.2,71.3,0,0,49,0,44.4,46.2,97.5,13.3,6,2,0,1,2,1,2.0,307,8.3
2025,17,False,passing,pff,Josh Allen,46601,QB,BUF,4,1,78.1,32,35,7.6,2.88,1,1,2.7,65.7,23,0,18,8.0,42,2,-0.28,11,24.9,61.9,62.4,56.6,0,0,45,0,38.1,27.8,88.0,11.9,5,2,0,2,0,2,4.4,262,7.5
2025,17,False,passing,pff,Brock Purdy,77672,QB,SF,28,1,83.3,30,33,8.5,3.44,2,2,5.6,72.7,24,0,8,4.0,38,1,0.42,18,79.6,81.9,79.4,68.1,1,1,41,0,57.9,12.5,118.6,2.6,1,4,0,0,3,2,4.9,303,9.2
2025,17,False,passing,pff,Brady Cook,124199,QB,NYJ,22,1,69.0,29,33,5.4,2.7,1,0,0.0,57.6,19,0,11,5.0,34,1,-0.6,5,78.7,33.7,32.8,60.8,1,1,35,1,29.4,9.1,56.6,2.9,1,0,0,2,0,4,11.4,152,4.6
2025,17,False,passing,pff,Justin Herbert,28237,QB,LAC,27,1,74.2,31,32,9.1,3.1,0,3,9.4,65.6,21,0,20,8.7,42,2,-0.09,12,24.3,69.0,69.6,58.0,0,1,46,0,40.5,25.0,84.9,11.9,5,5,0,1,1,2,4.3,236,7.4
2025,17,False,passing,pff,Joe Burrow,28022,QB,CIN,7,1,85.7,28,31,7.9,2.86,1,2,6.1,77.4,24,0,10,0.0,35,0,0.53,16,79.0,82.8,81.2,62.8,0,0,37,0,60.0,30.0,129.1,8.6,3,1,0,2,2,0,0.0,305,9.8
2025,17,False,passing,pff,Philip Rivers,1725,QB,IND,14,1,64.3,28,30,8.4,2.23,1,1,3.1,56.7,17,0,9,5.6,32,1,-0.3,9,78.3,55.4,54.8,60.0,0,1,34,1,37.5,22.2,66.9,6.3,2,0,0,1,1,2,5.9,147,4.9
2025,17,False,passing,pff,Jaxson Dart,146409,QB,NYG,21,1,78.6,28,30,5.8,2.97,1,0,0.0,73.3,22,1,9,0.0,35,0,0.27,12,79.7,76.1,68.2,80.0,0,0,36,1,51.4,22.2,91.9,5.7,2,3,0,1,0,0,0.0,207,6.9
2025,17,False,passing,pff,Jared Goff,10635,QB,DET,11,1,76.0,25,29,7.3,2.47,3,1,3.4,62.1,18,0,14,5.3,34,1,-0.12,12,20.6,46.6,51.7,41.4,1,2,34,0,38.2,35.7,64.9,14.7,5,0,0,0,1,3,8.8,197,6.8
2025,17,False,passing,pff,C.J. Stroud,129759,QB,HST,13,1,66.7,24,28,9.8,2.44,1,2,6.9,57.1,16,0,10,0.0,28,0,-0.15,8,78.4,67.6,67.3,58.2,1,2,30,0,39.3,0.0,80.1,0.0,0,0,0,2,2,1,3.3,244,8.7
2025,17,False,passing,pff,Geno Smith,7820,QB,LV,23,1,80.0,25,28,6.8,2.46,1,1,3.4,71.4,20,0,15,0.0,33,0,-0.15,8,78.3,51.7,52.9,56.8,0,2,35,0,42.4,20.0,69.9,9.1,3,1,0,2,1,3,8.6,176,6.3
2025,17,False,passing,pff,Jalen Hurts,40291,QB,PHI,24,1,66.7,21,27,11.4,3.15,0,2,7.4,48.1,13,0,12,7.1,30,1,-0.09,6,77.9,68.0,69.2,54.4,0,0,30,0,30.0,8.3,71.5,3.3,1,1,0,6,1,0,0.0,110,4.1
2025,17,False,passing,pff,Sam Darnold,29048,QB,SEA,29,1,83.3,24,27,6.2,2.84,2,1,3.7,66.7,18,0,14,10.0,31,2,-0.26,8,33.1,56.5,60.7,51.3,0,1,31,3,38.7,21.4,77.2,9.7,3,1,0,1,1,1,3.2,147,5.4
2025,17,False,passing,pff,Tyler Shough,83537,QB,NO,20,1,81.5,27,27,10.8,2.63,0,3,10.7,81.5,22,0,14,0.0,31,0,0.32,11,27.6,76.6,80.4,49.6,0,0,33,0,45.2,14.3,142.7,6.5,2,2,0,0,2,1,3.0,333,12.3
2025,17,False,passing,pff,Bryce Young,123943,QB,CAR,5,1,80.0,20,24,1.6,3.08,1,0,0.0,58.3,14,0,11,12.5,31,2,-0.62,6,78.7,54.2,48.6,66.6,0,1,32,0,29.0,18.2,45.8,6.5,2,5,0,3,0,1,3.1,54,2.3
2025,17,False,passing,pff,Josh Johnson,4474,QB,WAS,32,1,71.4,21,23,8.3,2.75,0,0,0.0,65.2,15,0,9,0.0,26,0,0.13,10,76.8,67.5,68.7,54.6,0,0,27,0,50.0,11.1,92.3,3.8,1,2,1,1,0,0,0.0,198,8.6
2025,17,False,passing,pff,Shedeur Sanders,131396,QB,CLV,8,1,77.3,22,23,7.7,3.12,0,1,4.2,73.9,17,0,15,0.0,29,0,-0.23,9,77.6,52.2,54.8,50.3,1,2,30,0,37.9,13.3,75.6,6.9,2,3,0,0,1,2,6.7,186,8.1
2025,17,False,passing,pff,Chris Oladokun,40364,QB,KC,16,1,77.8,18,22,4.6,3.13,1,0,0.0,59.1,13,0,10,7.1,25,1,-0.41,4,25.2,55.3,56.6,54.5,1,0,26,1,32.0,10.0,79.0,4.0,1,2,1,1,1,1,3.8,66,3.0
2025,17,False,passing,pff,Quinn Ewers,127253,QB,MIA,17,1,70.0,20,22,10.0,2.36,1,1,4.3,63.6,14,0,7,0.0,28,0,0.12,7,26.7,47.7,44.7,65.3,0,0,29,1,35.7,28.6,118.0,7.1,2,1,0,1,2,1,3.4,172,7.8
2025,17,False,passing,pff,Drake Maye,143969,QB,NE,19,1,100.0,20,21,8.6,3.26,0,0,0.0,90.5,19,0,9,5.0,24,1,1.31,16,77.3,90.6,85.4,78.3,1,0,28,0,87.5,11.1,157.0,4.2,1,2,0,0,5,0,0.0,256,12.2
2025,17,False,passing,pff,Malik Willis,60341,QB,GB,12,1,100.0,20,21,11.0,3.2,0,2,9.1,85.7,18,0,13,10.0,27,2,0.76,14,78.0,95.6,92.7,87.4,1,0,29,0,70.4,7.7,134.6,3.7,1,5,0,0,1,0,0.0,288,13.7
2025,17,False,passing,pff,Tyler Huntley,46448,QB,BLT,3,1,85.0,20,20,4.2,2.72,0,0,0.0,80.0,16,0,13,5.9,24,1,0.38,9,77.8,82.0,68.5,85.5,0,0,24,0,62.5,7.7,105.6,4.2,1,3,0,0,1,0,0.0,107,5.4
2025,17,False,passing,pff,Kirk Cousins,7102,QB,ATL,2,1,68.4,19,20,8.2,2.52,0,0,0.0,65.0,13,0,10,0.0,21,0,0.16,9,75.7,63.2,65.9,60.0,1,0,21,1,52.4,0.0,99.2,0.0,0,0,0,0,1,1,4.8,126,6.3
2025,17,False,passing,pff,Max Brosmer,105568,QB,MIN,18,1,69.2,13,16,4.6,3.16,0,0,0.0,56.3,9,0,12,0.0,25,0,-0.64,3,25.5,38.3,35.4,61.2,1,0,28,0,24.0,58.3,62.2,28.0,7,2,0,2,0,1,3.6,51,3.2
2025,17,False,passing,pff,Joe Flacco,4332,QB,CIN,7,1,75.0,4,5,3.5,2.43,0,0,0.0,60.0,3,0,1,0.0,6,0,0.19,2,71.6,56.4,49.5,65.7,0,0,6,0,50.0,0.0,72.1,0.0,0,1,0,1,0,0,0.0,24,4.8
2025,17,False,passing,pff,Clayton Tune,77652,QB,GB,12,1,50.0,4,4,4.8,2.92,0,0,0.0,25.0,1,0,3,50.0,5,1,-1.71,1,69.2,38.0,41.9,56.7,0,1,5,0,20.0,33.3,0.0,20.0,1,0,0,0,0,0,0.0,8,2.0
2025,17,False,passing,pff,Joshua Dobbs,11890,QB,NE,19,1,75.0,4,4,9.8,2.73,0,1,25.0,75.0,3,0,0,0.0,4,0,-0.15,1,69.5,85.5,85.4,60.0,0,0,4,0,25.0,,95.8,0.0,0,0,0,0,0,0,0.0,30,7.5
2025,17,False,passing,pff,Kenny Pickett,60515,QB,LV,23,1,100.0,2,2,7.5,4.03,0,0,0.0,100.0,2,0,1,0.0,3,0,-0.99,0,66.9,64.6,58.0,63.1,0,0,4,0,0.0,100.0,100.0,33.3,1,0,0,0,0,0,0.0,16,8.0
2025,17,False,passing,pff,Riley Leonard,143862,QB,IND,14,1,0.0,1,1,51.0,4.1,0,0,0.0,0.0,0,0,1,,1,0,0.0,0,60.4,59.6,59.7,,0,1,1,0,0.0,0.0,0.0,0.0,0,0,0,0,0,0,0.0,0,0.0
2025,17,False,passing,pff,Austin McNamara,99363,P,NYJ,22,1,100.0,1,1,3.0,2.9,0,0,0.0,100.0,1,0,0,0.0,1,0,2.89,1,60.4,70.2,66.9,,0,0,1,0,100.0,,79.2,0.0,0,0,0,0,0,0,0.0,3,3.0
2025,18,False,passing,pff,Aaron Rodgers,2241,QB,PIT,25,1,70.5,44,47,6.8,2.47,0,2,4.1,66.0,31,0,10,0.0,50,0,0.19,15,80.6,69.5,67.3,63.9,0,0,52,0,48.0,20.0,90.2,4.0,2,1,0,3,1,1,1.9,294,6.3
2025,18,False,passing,pff,Trey Lance,91399,QB,LAC,27,1,56.8,37,44,8.9,2.61,0,0,0.0,45.5,20,0,22,4.8,53,1,-0.55,10,39.0,36.4,29.7,77.7,2,1,55,1,28.3,18.2,43.4,7.5,4,5,3,2,0,3,5.5,136,3.1
2025,18,False,passing,pff,Jared Goff,10635,QB,DET,11,1,84.8,33,42,5.9,2.52,3,0,0.0,64.3,27,0,16,3.6,44,1,0.23,17,79.6,78.2,78.7,,0,1,44,2,52.3,12.5,86.5,4.5,2,0,0,6,1,1,2.3,331,7.9
2025,18,False,passing,pff,Tanner McKee,131770,QB,PHI,24,1,69.7,33,40,9.7,2.93,0,0,0.0,52.5,21,0,20,8.7,45,2,-0.32,13,79.9,52.9,54.6,51.5,1,1,46,0,44.4,15.0,68.9,6.7,3,2,0,6,1,1,2.2,241,6.0
2025,18,False,passing,pff,Matthew Stafford,4924,QB,LA,26,1,82.4,34,40,8.9,2.77,0,1,2.4,62.5,25,0,15,10.7,42,3,0.34,16,79.6,82.5,81.8,58.3,2,0,44,0,57.1,6.7,114.5,2.4,1,1,1,3,4,2,4.5,259,6.5
2025,18,False,passing,pff,Joe Burrow,28022,QB,CIN,7,1,78.4,37,39,6.0,2.7,1,2,5.0,74.4,29,0,12,0.0,42,0,-0.34,16,79.7,82.1,77.7,73.8,0,1,43,1,52.4,16.7,104.2,4.8,2,1,0,1,3,0,0.0,236,6.1
2025,18,False,passing,pff,Tyler Shough,83537,QB,NO,20,1,70.6,34,35,8.4,2.83,0,2,5.4,65.7,23,0,18,4.2,42,1,-0.18,12,79.8,54.6,53.6,61.1,0,1,45,0,35.7,22.2,85.3,9.5,4,3,0,1,1,2,4.4,259,7.4
2025,18,False,passing,pff,Bryce Young,123943,QB,CAR,5,1,83.3,30,35,7.6,2.6,0,1,2.7,68.6,24,0,9,4.0,36,1,0.12,13,78.8,67.3,66.4,60.0,0,1,38,1,44.4,0.0,98.0,0.0,0,0,1,4,2,1,2.6,266,7.6
2025,18,False,passing,pff,Riley Leonard,143862,QB,IND,14,1,77.4,31,34,10.4,2.78,0,4,11.4,61.8,21,0,14,12.5,38,3,-0.14,12,28.4,84.2,79.9,73.4,0,1,39,0,36.8,7.1,94.0,2.6,1,2,0,3,2,2,5.1,270,7.9
2025,18,False,passing,pff,Caleb Williams,144622,QB,CHI,6,1,78.6,28,33,8.0,2.95,1,1,2.9,60.6,20,0,12,9.1,35,2,-0.17,10,27.8,57.7,58.0,58.3,0,1,37,1,51.4,8.3,86.9,2.9,1,1,0,4,2,3,8.1,212,6.4
2025,18,False,passing,pff,Kirk Cousins,7102,QB,ATL,2,1,65.5,29,32,7.8,2.59,0,0,0.0,56.3,18,0,17,5.3,38,1,-0.15,11,79.3,61.9,63.7,57.9,1,1,39,1,36.8,23.5,69.8,10.5,4,1,1,1,1,1,2.6,180,5.6
2025,18,False,passing,pff,Jaxson Dart,146409,QB,NYG,21,1,76.7,30,32,6.6,2.77,1,2,5.7,68.8,22,0,15,4.3,40,1,0.19,15,29.8,61.5,60.4,62.0,0,0,44,0,52.5,26.7,110.2,10.0,4,3,0,1,2,1,2.3,230,7.2
2025,18,False,passing,pff,Jacoby Brissett,10725,QB,ARZ,1,1,85.2,27,31,8.4,3.04,0,3,9.1,71.0,22,0,23,4.3,39,1,-0.08,13,28.7,74.8,73.9,61.4,0,1,41,0,48.7,26.1,101.9,15.4,6,2,0,4,2,1,2.4,243,7.8
2025,18,False,passing,pff,Trevor Lawrence,77632,QB,JAX,15,1,78.6,28,30,9.7,2.86,0,3,9.1,73.3,22,0,14,0.0,34,0,0.4,16,78.6,82.6,80.8,62.9,1,0,37,0,55.9,14.3,131.9,5.9,2,2,0,1,3,0,0.0,255,8.5
2025,18,False,passing,pff,Brandon Allen,10835,QB,TEN,31,1,64.3,28,30,3.4,2.55,1,1,3.2,56.7,17,0,13,5.6,31,1,-0.89,3,77.7,36.4,37.1,,1,1,32,0,16.1,7.7,47.9,3.2,1,0,0,0,0,3,9.4,72,2.4
2025,18,False,passing,pff,Mitch Trubisky,11757,QB,BUF,4,1,82.1,28,29,7.4,2.77,0,1,3.2,75.9,22,0,2,4.3,30,1,0.77,16,78.7,76.2,72.6,70.1,0,0,32,0,66.7,0.0,142.1,0.0,0,1,0,1,4,1,3.1,259,8.9
2025,18,False,passing,pff,Brock Purdy,77672,QB,SF,28,1,83.3,24,27,4.0,3.03,0,0,0.0,70.4,19,0,15,5.0,32,1,-0.46,9,77.7,76.2,69.0,77.9,3,1,32,0,40.6,20.0,64.9,9.4,3,2,0,0,0,0,0.0,127,4.7
2025,18,False,passing,pff,Sam Darnold,29048,QB,SEA,29,1,80.0,25,26,5.3,3.16,1,0,0.0,76.9,20,0,13,0.0,30,0,0.12,12,28.0,60.2,67.2,38.7,0,0,32,0,50.0,15.4,97.9,6.7,2,2,0,0,0,0,0.0,198,7.6
2025,18,False,passing,pff,Quinn Ewers,127253,QB,MIA,17,1,69.6,23,23,8.3,2.76,0,0,0.0,69.6,16,0,12,0.0,29,0,-0.21,7,77.4,46.6,43.2,65.6,0,1,30,0,37.9,33.3,81.3,13.8,4,1,0,0,1,1,3.3,137,6.0
2025,18,False,passing,pff,Bo Nix,97790,QB,DEN,10,1,68.2,22,23,1.0,3.02,1,0,0.0,60.9,14,0,16,6.7,34,1,-0.12,9,78.7,56.5,51.3,65.5,0,0,35,0,35.3,25.0,78.4,11.8,4,6,0,0,0,0,0.0,141,6.1
2025,18,False,passing,pff,C.J. Stroud,129759,QB,HST,13,1,66.7,21,23,7.0,2.8,0,1,3.8,60.9,14,0,10,0.0,24,0,0.12,7,77.1,71.7,69.4,63.9,0,0,27,1,41.7,0.0,97.9,0.0,0,1,1,1,1,0,0.0,169,7.3
2025,18,False,passing,pff,J.J. McCarthy,144918,QB,MIN,18,1,70.0,20,23,8.0,2.65,1,1,4.3,60.9,14,0,8,0.0,26,0,0.23,9,76.9,61.4,58.2,74.4,1,0,26,1,46.2,0.0,85.8,0.0,0,1,0,1,0,0,0.0,182,7.9
2025,18,False,passing,pff,Josh Johnson,4474,QB,WAS,32,1,73.7,19,22,6.0,3.01,0,0,0.0,63.6,14,0,9,0.0,28,0,0.19,13,27.8,56.0,53.0,62.8,0,1,34,0,57.1,0.0,76.1,0.0,0,6,1,2,1,1,2.9,131,6.0
2025,18,False,passing,pff,Baker Mayfield,46518,QB,TB,30,1,81.8,22,22,7.1,3.54,0,1,4.3,72.7,16,0,13,11.1,28,2,0.44,14,25.7,62.8,56.7,72.6,0,1,29,2,57.1,15.4,97.3,7.1,2,4,0,0,1,2,6.9,203,9.2
2025,18,False,passing,pff,Aidan O'Connell,60516,QB,LV,23,1,57.9,19,22,9.3,2.58,0,1,4.3,45.5,10,0,8,9.1,24,1,-0.41,5,76.3,65.7,66.9,55.7,1,0,25,0,33.3,12.5,59.3,4.2,1,1,0,2,0,0,0.0,102,4.6
2025,18,False,passing,pff,Brady Cook,124199,QB,NYJ,22,1,66.7,21,22,2.7,2.54,1,0,0.0,50.0,11,0,6,21.4,24,3,-0.42,5,76.9,70.6,70.3,59.7,0,0,25,0,29.2,16.7,71.4,4.2,1,1,0,0,1,0,0.0,60,2.7
2025,18,False,passing,pff,Shedeur Sanders,131396,QB,CLV,8,1,70.6,17,22,10.1,3.39,0,1,4.5,50.0,11,0,17,8.3,31,1,-0.31,4,26.5,35.7,32.3,71.7,4,0,31,1,35.5,35.3,64.8,19.4,6,2,0,1,0,3,9.7,111,5.0
2025,18,False,passing,pff,Drake Maye,143969,QB,NE,19,1,82.4,17,18,11.4,3.51,0,1,5.3,77.8,14,0,6,0.0,23,0,0.44,10,76.1,87.6,81.9,76.1,0,0,24,0,65.2,0.0,129.4,0.0,0,5,0,1,1,0,0.0,191,10.6
2025,18,False,passing,pff,Lamar Jackson,46416,QB,BLT,3,1,73.3,15,18,12.3,3.53,1,2,10.0,61.1,11,0,11,0.0,21,0,0.36,5,77.3,91.6,89.7,75.4,1,1,24,0,42.9,27.3,121.5,14.3,3,0,0,1,3,0,0.0,238,13.2
2025,18,False,passing,pff,Chris Oladokun,40364,QB,KC,16,1,80.0,15,17,5.9,3.06,2,0,0.0,64.7,11,0,8,8.3,20,1,-0.75,2,17.2,29.9,35.9,43.0,0,0,22,0,25.0,37.5,70.2,15.0,3,0,0,0,0,3,13.6,58,3.4
2025,18,False,passing,pff,Shane Buechele,12659,QB,KC,16,1,63.6,11,14,11.5,3.08,2,1,7.1,50.0,7,0,10,0.0,20,0,-0.32,4,75.1,51.2,54.2,55.3,0,0,20,0,20.0,50.0,69.9,25.0,5,1,0,1,0,1,5.0,88,6.3
2025,18,False,passing,pff,Joe Milton III,82151,QB,DAL,9,1,63.6,11,13,7.5,3.09,0,0,0.0,53.8,7,0,5,0.0,15,0,-0.39,3,74.8,45.5,37.4,69.5,0,1,16,0,33.3,0.0,38.3,0.0,0,2,0,2,0,1,6.3,73,5.6
2025,18,False,passing,pff,Clayton Tune,77652,QB,GB,12,1,77.8,9,11,3.1,3.08,1,0,0.0,54.5,6,0,8,14.3,17,1,-0.62,2,75.1,44.0,32.5,70.0,0,0,18,0,35.3,50.0,60.4,23.5,4,2,0,1,0,1,5.6,34,3.1
2025,18,False,passing,pff,Dak Prescott,10769,QB,DAL,9,1,72.7,11,11,3.9,2.34,0,0,0.0,63.6,7,0,3,12.5,11,1,-0.07,5,20.9,43.8,58.9,34.5,0,0,11,0,63.6,0.0,81.6,0.0,0,0,0,0,0,0,0.0,70,6.4
2025,18,False,passing,pff,Davis Mills,52269,QB,HST,13,1,85.7,7,9,4.0,2.41,0,0,0.0,33.3,3,0,5,50.0,10,3,-0.51,3,71.4,78.6,71.9,65.6,0,0,10,0,30.0,0.0,46.5,0.0,0,1,0,2,0,0,0.0,36,4.0
2025,18,False,passing,pff,Max Brosmer,105568,QB,MIN,18,1,87.5,8,8,2.5,2.69,0,0,0.0,87.5,7,0,3,0.0,10,0,-0.42,5,17.9,35.7,35.9,,0,0,12,0,60.0,66.7,96.4,20.0,2,0,0,0,0,1,8.3,57,7.1
2025,18,False,passing,pff,Kenny Pickett,60515,QB,LV,23,1,25.0,4,4,10.5,3.26,0,0,0.0,25.0,1,0,3,0.0,7,0,-1.16,1,69.6,23.9,22.0,63.3,0,1,7,0,14.3,66.7,0.0,28.6,2,1,0,0,0,2,28.6,3,0.8
2025,18,False,passing,pff,Joshua Dobbs,11890,QB,NE,19,1,75.0,4,4,11.0,3.36,0,0,0.0,75.0,3,0,1,0.0,5,0,-0.47,1,70.8,45.4,49.1,53.7,0,0,6,0,20.0,0.0,88.5,0.0,0,1,0,0,0,0,0.0,23,5.8
2025,18,False,passing,pff,Cam Ward,133244,QB,TEN,31,1,100.0,3,3,5.7,3.2,0,0,0.0,100.0,3,0,2,0.0,4,0,0.85,2,68.4,79.3,76.0,64.9,0,0,4,0,50.0,0.0,118.8,0.0,0,1,0,0,0,0,0.0,52,17.3
2025,18,False,passing,pff,Nick Mullens,12282,QB,JAX,15,1,100.0,2,2,2.0,1.4,0,0,0.0,100.0,2,0,0,0.0,2,0,1.28,2,69.1,72.1,71.2,60.5,0,0,2,0,100.0,,100.0,0.0,0,0,0,0,0,0,0.0,16,8.0
2025,18,False,passing,pff,Zach Wilson,82096,QB,MIA,17,1,,0,2,,2.55,0,0,0.0,0.0,0,0,2,,2,0,-0.79,0,63.6,55.4,56.0,,1,0,2,0,0.0,0.0,39.6,0.0,0,0,0,1,0,0,0.0,0,0.0
2025,18,False,passing,pff,Rigoberto Sanchez,12130,P,IND,14,1,100.0,1,1,11.0,1.8,0,0,0.0,100.0,1,0,0,0.0,1,0,1.63,1,60.4,73.1,68.8,,0,0,1,0,100.0,,118.8,0.0,0,0,0,0,0,0,0.0,16,16.0
2025,18,False,passing,pff,Gunner Olszewski,95015,WR,NYG,21,1,0.0,1,1,12.0,3.4,0,0,0.0,0.0,0,0,0,,1,0,-0.54,0,72.8,74.3,49.6,,0,0,1,1,0.0,,39.6,0.0,0,0,0,0,0,0,0.0,0,0.0
2025,18,False,passing,pff,Matt Haack,12212,P,ARZ,1,1,100.0,1,1,19.0,2.2,0,0,0.0,100.0,1,0,0,0.0,1,0,5.88,1,60.4,73.1,68.8,,0,0,1,0,100.0,,118.8,0.0,0,0,0,0,0,0,0.0,28,28.0
2025,19,True,passing,pff,Caleb Williams,144622,QB,CHI,6,1,56.8,44,48,11.5,3.29,1,6,12.2,50.0,24,0,20,4.0,53,1,0.12,19,34.5,77.3,76.8,58.6,1,2,54,0,45.3,5.0,71.6,1.9,1,3,0,2,2,1,1.9,361,7.5
2025,19,True,passing,pff,Jordan Love,40306,QB,GB,12,1,68.4,38,46,11.3,2.83,0,3,6.5,52.2,24,0,17,7.7,49,2,0.34,16,45.4,73.9,72.3,65.9,2,0,49,3,49.0,5.9,103.8,2.0,1,1,0,6,4,1,2.0,323,7.0
2025,19,True,passing,pff,Matthew Stafford,4924,QB,LA,26,1,67.5,40,42,11.7,2.71,0,3,6.7,57.1,24,0,14,11.1,44,3,0.09,16,80.4,65.1,63.0,64.7,1,1,47,0,47.7,7.1,93.8,2.3,1,0,0,1,3,2,4.3,304,7.2
2025,19,True,passing,pff,Bryce Young,123943,QB,CAR,5,1,69.7,33,40,9.2,2.94,1,3,7.0,52.5,21,0,20,8.7,44,2,-0.26,13,80.2,67.9,63.7,74.7,0,1,47,0,45.5,10.0,71.3,4.5,2,2,0,6,1,1,2.1,264,6.6
2025,19,True,passing,pff,Josh Allen,46601,QB,BUF,4,1,88.2,34,35,7.8,2.67,0,3,8.6,80.0,28,0,15,6.7,39,2,0.29,12,80.5,94.0,93.7,70.2,1,0,39,1,53.8,6.7,108.7,2.6,1,3,0,0,1,0,0.0,273,7.8
2025,19,True,passing,pff,Jalen Hurts,40291,QB,PHI,24,1,74.2,31,35,8.8,2.79,0,1,2.8,57.1,20,0,9,13.0,37,3,-0.16,8,79.6,65.9,62.5,69.2,0,0,38,0,43.2,11.1,79.2,2.7,1,1,0,4,1,1,2.6,168,4.8
2025,19,True,passing,pff,Aaron Rodgers,2241,QB,PIT,25,1,74.1,27,33,10.1,2.89,2,3,8.8,51.5,17,0,16,15.0,37,3,-0.76,6,27.8,57.7,57.3,,0,1,38,1,21.6,25.0,50.8,10.8,4,0,0,4,0,2,5.3,146,4.4
2025,19,True,passing,pff,C.J. Stroud,129759,QB,HST,13,1,70.0,30,32,9.4,2.78,0,3,9.4,65.6,21,0,12,0.0,35,0,0.03,12,15.2,56.6,55.9,60.0,1,1,35,0,48.6,25.0,86.7,8.6,3,0,0,1,1,4,11.4,250,7.8
2025,19,True,passing,pff,Brock Purdy,77672,QB,SF,28,1,72.4,29,31,8.3,3.03,0,2,6.5,58.1,18,0,17,14.3,35,3,0.13,13,29.4,56.8,61.5,46.9,0,2,36,0,54.3,5.9,80.3,2.9,1,3,0,2,2,2,5.6,262,8.5
2025,19,True,passing,pff,Justin Herbert,28237,QB,LAC,27,1,72.4,29,31,8.4,3.43,1,0,0.0,61.3,19,0,25,9.5,44,2,-0.26,12,22.8,29.7,27.5,65.0,0,0,45,1,52.3,24.0,74.5,13.6,6,7,0,1,0,3,6.7,159,5.1
2025,19,True,passing,pff,Trevor Lawrence,77632,QB,JAX,15,1,70.4,27,30,9.6,2.76,2,1,3.1,60.0,18,0,13,5.3,33,1,0.05,12,79.2,59.5,57.7,62.9,1,2,35,0,54.5,7.7,86.4,3.0,1,2,0,0,3,2,5.7,207,6.9
2025,19,True,passing,pff,Drake Maye,143969,QB,NE,19,1,76.9,26,29,8.5,2.99,0,1,3.4,58.6,17,0,14,15.0,39,3,0.1,14,22.2,64.4,56.7,76.5,0,1,39,0,46.2,35.7,86.6,12.8,5,5,0,3,1,2,5.1,268,9.2
2025,19,True,passing,pff,Mason Rudolph,46569,QB,PIT,25,1,100.0,1,1,0.0,1.2,0,0,0.0,100.0,1,0,0,0.0,1,0,2.82,1,60.4,61.4,60.4,,0,0,1,0,100.0,,79.2,0.0,0,0,0,0,0,0,0.0,2,2.0
2025,19,True,passing,pff,Efton Chism III,141521,WR,NE,19,1,0.0,1,1,11.0,4.5,0,0,0.0,0.0,0,0,0,,1,0,-1.42,0,68.7,59.7,49.8,,0,0,1,0,0.0,,39.6,0.0,0,0,0,0,0,0,0.0,0,0.0
2025,19,True,passing,pff,Jauan Jennings,48027,WR,SF,28,1,100.0,1,1,26.0,4.4,0,0,0.0,100.0,1,0,1,0.0,1,0,3.11,1,63.8,60.1,71.0,,0,0,1,0,100.0,0.0,158.3,0.0,0,0,0,0,1,0,0.0,29,29.0
2025,20,True,passing,pff,C.J. Stroud,129759,QB,HST,13,1,51.2,43,47,9.0,2.92,0,0,0.0,42.6,20,0,25,9.1,52,2,-0.55,10,80.9,27.3,27.5,62.5,2,4,54,0,34.6,12.0,28.0,5.8,3,2,0,2,1,6,11.1,212,4.5
2025,20,True,passing,pff,Bo Nix,97790,QB,DEN,10,1,74.4,39,46,8.2,2.86,2,4,8.3,56.5,26,0,14,10.3,50,3,0.1,15,40.6,80.1,78.8,66.3,1,1,52,1,48.0,0.0,87.1,0.0,0,4,0,4,3,2,3.8,279,6.1
2025,20,True,passing,pff,Matthew Stafford,4924,QB,LA,26,1,52.6,38,42,9.8,2.82,1,3,7.0,47.6,20,0,14,0.0,46,0,-0.04,14,24.5,42.2,42.2,60.0,0,0,47,0,39.1,28.6,67.4,8.7,4,0,0,3,0,3,6.4,258,6.1
2025,20,True,passing,pff,Caleb Williams,144622,QB,CHI,6,1,64.3,42,42,9.4,3.06,0,3,7.1,54.8,23,0,19,14.8,47,4,0.01,13,80.4,65.8,58.8,82.6,0,3,47,0,51.1,0.0,59.3,0.0,0,3,0,0,2,4,8.5,257,6.1
2025,20,True,passing,pff,Josh Allen,46601,QB,BUF,4,1,71.8,39,39,9.5,2.91,0,3,7.7,64.1,25,0,19,10.7,46,3,0.12,15,22.7,73.8,75.5,59.1,0,2,46,0,45.7,15.8,90.0,6.5,3,4,0,0,3,2,4.3,283,7.3
2025,20,True,passing,pff,Brock Purdy,77672,QB,SF,28,1,69.6,23,27,8.8,4.23,0,1,3.7,55.6,15,0,20,6.3,33,1,-0.55,11,27.0,59.3,56.4,65.1,1,1,33,0,36.4,10.0,54.6,6.1,2,4,0,3,0,2,6.1,140,5.2
2025,20,True,passing,pff,Drake Maye,143969,QB,NE,19,1,65.4,26,27,10.3,2.7,1,2,7.1,59.3,16,0,8,5.9,33,1,-0.29,8,16.3,49.1,54.4,38.9,0,1,34,0,30.3,62.5,100.7,15.2,5,1,0,0,3,2,5.9,179,6.6
2025,20,True,passing,pff,Sam Darnold,29048,QB,SEA,29,1,81.3,16,17,9.6,2.74,0,2,11.1,70.6,12,0,8,7.7,19,1,0.16,7,75.1,73.5,72.1,,0,0,20,0,52.6,25.0,110.9,10.5,2,0,0,1,1,0,0.0,124,7.3
2025,20,True,passing,pff,Mac Jones,60323,QB,SF,28,1,50.0,4,4,8.8,3.46,0,0,0.0,50.0,2,0,1,0.0,5,0,-0.31,1,68.0,55.8,50.1,63.3,0,0,5,0,20.0,0.0,56.3,0.0,0,1,0,0,0,0,0.0,4,1.0
2025,21,True,passing,pff,Sam Darnold,29048,QB,SEA,29,1,73.5,34,36,8.8,2.96,0,3,8.1,69.4,25,0,16,0.0,40,0,0.5,20,29.3,67.4,72.0,39.4,0,0,41,0,60.0,18.8,127.8,7.5,3,1,0,2,3,1,2.4,346,9.6
2025,21,True,passing,pff,Matthew Stafford,4924,QB,LA,26,1,67.6,34,35,12.8,2.95,0,5,13.5,62.9,22,0,11,4.3,38,1,0.48,19,28.2,81.1,79.5,62.0,0,0,40,0,52.6,9.1,127.6,2.6,1,2,1,0,3,2,5.0,374,10.7
2025,21,True,passing,pff,Jarrett Stidham,13725,QB,DEN,10,1,74.1,27,31,6.5,3.15,0,1,3.2,54.8,17,0,19,15.0,37,3,-0.59,8,25.9,45.6,46.7,53.2,1,1,37,0,29.7,15.8,63.0,8.1,3,3,0,3,1,2,5.4,133,4.3
2025,21,True,passing,pff,Drake Maye,143969,QB,NE,19,1,55.0,20,21,11.9,2.99,0,1,4.8,47.6,10,0,11,9.1,29,1,-0.27,5,78.9,53.2,32.0,91.4,0,0,29,0,27.6,45.5,58.8,17.2,5,3,0,1,0,1,3.4,86,4.1
2025,22,True,passing,pff,Drake Maye,143969,QB,NE,19,1,65.9,41,43,10.9,3.06,0,2,4.4,62.8,27,0,23,0.0,53,0,-0.34,15,36.5,30.0,30.8,54.5,1,2,57,0,47.2,26.1,79.1,11.3,6,4,0,1,2,4,7.0,295,6.9
2025,22,True,passing,pff,Sam Darnold,29048,QB,SEA,29,1,64.7,34,38,10.8,2.79,1,0,0.0,50.0,19,0,18,13.6,40,3,-0.03,12,79.3,61.5,57.4,73.1,1,0,40,0,40.0,5.6,74.7,2.5,1,1,0,2,1,1,2.5,202,5.3
