requested_snapshot_time,actual_snapshot_time,previous_timestamp,next_timestamp,event_id,sport_key,commence_time,home_team,away_team,bookmaker_key,bookmaker_title,bookmaker_last_update,market_key,market_last_update,player,line,over_price,under_price,season,week,game_date,home_team_abbr,away_team_abbr,player_norm,player_display_name,recent_team,position,passing_yards,rushing_yards,receiving_yards,receptions,actual_value,went_over,push,home_spread,away_spread,game_total,is_home,is_away,team_spread,opponent_spread,is_favorite,is_underdog,is_pickem,team_total
2023-09-07T23:50:00Z,2023-09-07T23:45:42Z,2023-09-07T23:40:42Z,2023-09-07T23:50:40Z,42db668449664943833b5c04a583328a,americanfootball_nfl,2023-09-08 00:20:00+00:00,Kansas City Chiefs,Detroit Lions,fanduel,FanDuel,2023-09-07T23:45:27Z,player_reception_yds,2023-09-07T23:44:24Z,Skyy Moore,47.5,-110.0,-110,2023,1,2023-09-07,KC,DET,skyy moore,Skyy Moore,KC,WR,,4.0,0.0,0.0,0.0,0,0,-4.0,4.0,53.0,True,False,-4.0,4.0,True,False,False,28.5
2023-09-07T23:50:00Z,2023-09-07T23:45:42Z,2023-09-07T23:40:42Z,2023-09-07T23:50:40Z,42db668449664943833b5c04a583328a,americanfootball_nfl,2023-09-08 00:20:00+00:00,Kansas City Chiefs,Detroit Lions,fanduel,FanDuel,2023-09-07T23:45:27Z,player_reception_yds,2023-09-07T23:44:24Z,Jahmyr Gibbs,31.5,-110.0,-110,2023,1,2023-09-07,KC,DET,jahmyr gibbs,Jahmyr Gibbs,DET,HB,,42.0,18.0,2.0,18.0,0,0,-4.0,4.0,53.0,False,True,4.0,-4.0,False,True,False,24.5
2023-09-07T23:50:00Z,2023-09-07T23:45:42Z,2023-09-07T23:40:42Z,2023-09-07T23:50:40Z,42db668449664943833b5c04a583328a,americanfootball_nfl,2023-09-08 00:20:00+00:00,Kansas City Chiefs,Detroit Lions,fanduel,FanDuel,2023-09-07T23:45:27Z,player_reception_yds,2023-09-07T23:44:24Z,Marquez Valdes-Scantling,43.5,-110.0,-110,2023,1,2023-09-07,KC,DET,marquez valdes scantling,Marquez Valdes-Scantling,KC,WR,,,48.0,2.0,48.0,1,0,-4.0,4.0,53.0,True,False,-4.0,4.0,True,False,False,28.5
2023-09-07T23:50:00Z,2023-09-07T23:45:42Z,2023-09-07T23:40:42Z,2023-09-07T23:50:40Z,42db668449664943833b5c04a583328a,americanfootball_nfl,2023-09-08 00:20:00+00:00,Kansas City Chiefs,Detroit Lions,fanduel,FanDuel,2023-09-07T23:45:27Z,player_reception_yds,2023-09-07T23:44:24Z,Amon-Ra St. Brown,75.5,-110.0,-110,2023,1,2023-09-07,KC,DET,amon ra st brown,Amon-Ra St. Brown,DET,WR,,,71.0,6.0,71.0,0,0,-4.0,4.0,53.0,False,True,4.0,-4.0,False,True,False,24.5
2023-09-07T23:50:00Z,2023-09-07T23:45:42Z,2023-09-07T23:40:42Z,2023-09-07T23:50:40Z,42db668449664943833b5c04a583328a,americanfootball_nfl,2023-09-08 00:20:00+00:00,Kansas City Chiefs,Detroit Lions,fanduel,FanDuel,2023-09-07T23:45:27Z,player_reception_yds,2023-09-07T23:44:24Z,Sam LaPorta,29.5,-105.0,-115,2023,1,2023-09-07,KC,DET,sam laporta,Sam LaPorta,DET,TE,,,39.0,5.0,39.0,1,0,-4.0,4.0,53.0,False,True,4.0,-4.0,False,True,False,24.5
2023-09-07T23:50:00Z,2023-09-07T23:45:42Z,2023-09-07T23:40:42Z,2023-09-07T23:50:40Z,42db668449664943833b5c04a583328a,americanfootball_nfl,2023-09-08 00:20:00+00:00,Kansas City Chiefs,Detroit Lions,fanduel,FanDuel,2023-09-07T23:45:27Z,player_reception_yds,2023-09-07T23:44:24Z,Jerick McKinnon,26.5,-110.0,-110,2023,1,2023-09-07,KC,DET,jerick mckinnon,Jerick McKinnon,KC,HB,,,10.0,1.0,10.0,0,0,-4.0,4.0,53.0,True,False,-4.0,4.0,True,False,False,28.5
2023-09-07T23:50:00Z,2023-09-07T23:45:42Z,2023-09-07T23:40:42Z,2023-09-07T23:50:40Z,42db668449664943833b5c04a583328a,americanfootball_nfl,2023-09-08 00:20:00+00:00,Kansas City Chiefs,Detroit Lions,fanduel,FanDuel,2023-09-07T23:45:27Z,player_reception_yds,2023-09-07T23:44:24Z,Kadarius Toney,30.5,-110.0,-110,2023,1,2023-09-07,KC,DET,kadarius toney,Kadarius Toney,KC,WR,,-1.0,1.0,1.0,1.0,0,0,-4.0,4.0,53.0,True,False,-4.0,4.0,True,False,False,28.5
2023-09-07T23:50:00Z,2023-09-07T23:45:42Z,2023-09-07T23:40:42Z,2023-09-07T23:50:40Z,42db668449664943833b5c04a583328a,americanfootball_nfl,2023-09-08 00:20:00+00:00,Kansas City Chiefs,Detroit Lions,fanduel,FanDuel,2023-09-07T23:45:27Z,player_reception_yds,2023-09-07T23:44:24Z,Marvin Jones Jr.,26.5,-110.0,-110,2023,1,2023-09-07,KC,DET,marvin jones,Marvin Jones Jr.,DET,WR,,,7.0,2.0,7.0,0,0,-4.0,4.0,53.0,False,True,4.0,-4.0,False,True,False,24.5
2023-09-07T23:50:00Z,2023-09-07T23:45:42Z,2023-09-07T23:40:42Z,2023-09-07T23:50:40Z,42db668449664943833b5c04a583328a,americanfootball_nfl,2023-09-08 00:20:00+00:00,Kansas City Chiefs,Detroit Lions,fanduel,FanDuel,2023-09-07T23:45:27Z,player_reception_yds,2023-09-07T23:44:24Z,Richie James,20.5,-110.0,-110,2023,1,2023-09-07,KC,DET,richie james,Richie James,KC,WR,,,6.0,1.0,6.0,0,0,-4.0,4.0,53.0,True,False,-4.0,4.0,True,False,False,28.5
2023-09-07T23:50:00Z,2023-09-07T23:45:42Z,2023-09-07T23:40:42Z,2023-09-07T23:50:40Z,42db668449664943833b5c04a583328a,americanfootball_nfl,2023-09-08 00:20:00+00:00,Kansas City Chiefs,Detroit Lions,fanduel,FanDuel,2023-09-07T23:45:27Z,player_reception_yds,2023-09-07T23:44:24Z,Josh Reynolds,28.5,-110.0,-110,2023,1,2023-09-07,KC,DET,josh reynolds,Josh Reynolds,DET,WR,,,80.0,4.0,80.0,1,0,-4.0,4.0,53.0,False,True,4.0,-4.0,False,True,False,24.5
2023-09-07T23:50:00Z,2023-09-07T23:45:42Z,2023-09-07T23:40:42Z,2023-09-07T23:50:40Z,42db668449664943833b5c04a583328a,americanfootball_nfl,2023-09-08 00:20:00+00:00,Kansas City Chiefs,Detroit Lions,fanduel,FanDuel,2023-09-07T23:45:27Z,player_reception_yds,2023-09-07T23:44:24Z,Isiah Pacheco,10.5,-110.0,-110,2023,1,2023-09-07,KC,DET,isiah pacheco,Isiah Pacheco,KC,HB,,23.0,31.0,4.0,31.0,1,0,-4.0,4.0,53.0,True,False,-4.0,4.0,True,False,False,28.5
2023-09-07T23:50:00Z,2023-09-07T23:45:42Z,2023-09-07T23:40:42Z,2023-09-07T23:50:40Z,42db668449664943833b5c04a583328a,americanfootball_nfl,2023-09-08 00:20:00+00:00,Kansas City Chiefs,Detroit Lions,fanduel,FanDuel,2023-09-07T23:45:27Z,player_reception_yds,2023-09-07T23:44:24Z,David Montgomery,13.5,-112.0,-108,2023,1,2023-09-07,KC,DET,david montgomery,David Montgomery,DET,HB,,74.0,,,0.0,0,0,-4.0,4.0,53.0,False,True,4.0,-4.0,False,True,False,24.5
2023-09-07T23:50:00Z,2023-09-07T23:45:42Z,2023-09-07T23:40:42Z,2023-09-07T23:50:40Z,42db668449664943833b5c04a583328a,americanfootball_nfl,2023-09-08 00:20:00+00:00,Kansas City Chiefs,Detroit Lions,fanduel,FanDuel,2023-09-07T23:45:27Z,player_reception_yds,2023-09-07T23:44:24Z,Noah Gray,32.5,-110.0,-110,2023,1,2023-09-07,KC,DET,noah gray,Noah Gray,KC,TE,,,31.0,3.0,31.0,0,0,-4.0,4.0,53.0,True,False,-4.0,4.0,True,False,False,28.5
2023-09-10T16:30:00Z,2023-09-10T16:25:41Z,2023-09-10T16:20:40Z,2023-09-10T16:30:41Z,175d9f07fc52d99b21bc772b1499c3d8,americanfootball_nfl,2023-09-10 17:04:00+00:00,Washington Commanders,Arizona Cardinals,fanduel,FanDuel,2023-09-10T16:25:13Z,player_reception_yds,2023-09-10T16:24:37Z,Michael Wilson,22.5,-110.0,-110,2023,1,2023-09-10,WAS,ARI,michael wilson,Michael Wilson,ARI,WR,,,19.0,2.0,19.0,0,0,-7.0,7.0,38.0,False,True,7.0,-7.0,False,True,False,15.5
2023-09-10T16:30:00Z,2023-09-10T16:25:41Z,2023-09-10T16:20:40Z,2023-09-10T16:30:41Z,175d9f07fc52d99b21bc772b1499c3d8,americanfootball_nfl,2023-09-10 17:04:00+00:00,Washington Commanders,Arizona Cardinals,fanduel,FanDuel,2023-09-10T16:25:13Z,player_reception_yds,2023-09-10T16:24:37Z,Zach Ertz,16.5,-110.0,-110,2023,1,2023-09-10,WAS,ARI,zach ertz,Zach Ertz,ARI,TE,,,21.0,6.0,21.0,1,0,-7.0,7.0,38.0,False,True,7.0,-7.0,False,True,False,15.5
2023-09-10T16:30:00Z,2023-09-10T16:25:41Z,2023-09-10T16:20:40Z,2023-09-10T16:30:41Z,175d9f07fc52d99b21bc772b1499c3d8,americanfootball_nfl,2023-09-10 17:04:00+00:00,Washington Commanders,Arizona Cardinals,fanduel,FanDuel,2023-09-10T16:25:13Z,player_reception_yds,2023-09-10T16:24:37Z,Curtis Samuel,22.5,-110.0,-110,2023,1,2023-09-10,WAS,ARI,curtis samuel,Curtis Samuel,WAS,WR,,6.0,54.0,5.0,54.0,1,0,-7.0,7.0,38.0,True,False,-7.0,7.0,True,False,False,22.5
2023-09-10T16:30:00Z,2023-09-10T16:25:41Z,2023-09-10T16:20:40Z,2023-09-10T16:30:41Z,175d9f07fc52d99b21bc772b1499c3d8,americanfootball_nfl,2023-09-10 17:04:00+00:00,Washington Commanders,Arizona Cardinals,fanduel,FanDuel,2023-09-10T16:25:13Z,player_reception_yds,2023-09-10T16:24:37Z,Logan Thomas,17.5,-105.0,-115,2023,1,2023-09-10,WAS,ARI,logan thomas,Logan Thomas,WAS,TE,,,43.0,4.0,43.0,1,0,-7.0,7.0,38.0,True,False,-7.0,7.0,True,False,False,22.5
2023-09-10T16:30:00Z,2023-09-10T16:25:41Z,2023-09-10T16:20:40Z,2023-09-10T16:30:41Z,175d9f07fc52d99b21bc772b1499c3d8,americanfootball_nfl,2023-09-10 17:04:00+00:00,Washington Commanders,Arizona Cardinals,fanduel,FanDuel,2023-09-10T16:25:13Z,player_reception_yds,2023-09-10T16:24:37Z,Jahan Dotson,49.5,-110.0,-110,2023,1,2023-09-10,WAS,ARI,jahan dotson,Jahan Dotson,WAS,WR,,,40.0,5.0,40.0,0,0,-7.0,7.0,38.0,True,False,-7.0,7.0,True,False,False,22.5
2023-09-10T16:30:00Z,2023-09-10T16:25:41Z,2023-09-10T16:20:40Z,2023-09-10T16:30:41Z,175d9f07fc52d99b21bc772b1499c3d8,americanfootball_nfl,2023-09-10 17:04:00+00:00,Washington Commanders,Arizona Cardinals,fanduel,FanDuel,2023-09-10T16:25:13Z,player_reception_yds,2023-09-10T16:24:37Z,Terry McLaurin,51.5,-110.0,-110,2023,1,2023-09-10,WAS,ARI,terry mclaurin,Terry McLaurin,WAS,WR,,,31.0,2.0,31.0,0,0,-7.0,7.0,38.0,True,False,-7.0,7.0,True,False,False,22.5
2023-09-10T16:30:00Z,2023-09-10T16:25:41Z,2023-09-10T16:20:40Z,2023-09-10T16:30:41Z,175d9f07fc52d99b21bc772b1499c3d8,americanfootball_nfl,2023-09-10 17:04:00+00:00,Washington Commanders,Arizona Cardinals,fanduel,FanDuel,2023-09-10T16:25:13Z,player_reception_yds,2023-09-10T16:24:37Z,Antonio Gibson,18.5,-110.0,-110,2023,1,2023-09-10,WAS,ARI,antonio gibson,Antonio Gibson,WAS,HB,,9.0,10.0,1.0,10.0,0,0,-7.0,7.0,38.0,True,False,-7.0,7.0,True,False,False,22.5
2023-09-10T16:30:00Z,2023-09-10T16:25:41Z,2023-09-10T16:20:40Z,2023-09-10T16:30:41Z,175d9f07fc52d99b21bc772b1499c3d8,americanfootball_nfl,2023-09-10 17:04:00+00:00,Washington Commanders,Arizona Cardinals,fanduel,FanDuel,2023-09-10T16:25:13Z,player_reception_yds,2023-09-10T16:24:37Z,Marquise Brown,46.5,-110.0,-110,2023,1,2023-09-10,WAS,ARI,marquise brown,Marquise Brown,ARI,WR,,29.0,28.0,3.0,28.0,0,0,-7.0,7.0,38.0,False,True,7.0,-7.0,False,True,False,15.5
2023-09-10T16:30:00Z,2023-09-10T16:25:41Z,2023-09-10T16:20:40Z,2023-09-10T16:30:41Z,175d9f07fc52d99b21bc772b1499c3d8,americanfootball_nfl,2023-09-10 17:04:00+00:00,Washington Commanders,Arizona Cardinals,fanduel,FanDuel,2023-09-10T16:25:13Z,player_reception_yds,2023-09-10T16:24:37Z,James Conner,17.5,-110.0,-110,2023,1,2023-09-10,WAS,ARI,james conner,James Conner,ARI,HB,,62.0,8.0,5.0,8.0,0,0,-7.0,7.0,38.0,False,True,7.0,-7.0,False,True,False,15.5
2023-09-10T16:30:00Z,2023-09-10T16:25:41Z,2023-09-10T16:20:40Z,2023-09-10T16:30:41Z,175d9f07fc52d99b21bc772b1499c3d8,americanfootball_nfl,2023-09-10 17:04:00+00:00,Washington Commanders,Arizona Cardinals,fanduel,FanDuel,2023-09-10T16:25:13Z,player_reception_yds,2023-09-10T16:24:37Z,Rondale Moore,27.5,-110.0,-110,2023,1,2023-09-10,WAS,ARI,rondale moore,Rondale Moore,ARI,WR,,12.0,33.0,3.0,33.0,1,0,-7.0,7.0,38.0,False,True,7.0,-7.0,False,True,False,15.5
2023-09-10T16:30:00Z,2023-09-10T16:25:41Z,2023-09-10T16:20:40Z,2023-09-10T16:30:41Z,6c2d3077c50eece8e6a37742d1ac5756,americanfootball_nfl,2023-09-10 17:04:00+00:00,Atlanta Falcons,Carolina Panthers,fanduel,FanDuel,2023-09-10T16:25:13Z,player_reception_yds,2023-09-10T16:21:56Z,Kyle Pitts,38.5,-110.0,-110,2023,1,2023-09-10,ATL,CAR,kyle pitts,Kyle Pitts,ATL,TE,,,44.0,2.0,44.0,1,0,-3.5,3.5,40.5,True,False,-3.5,3.5,True,False,False,22.0
2023-09-10T16:30:00Z,2023-09-10T16:25:41Z,2023-09-10T16:20:40Z,2023-09-10T16:30:41Z,6c2d3077c50eece8e6a37742d1ac5756,americanfootball_nfl,2023-09-10 17:04:00+00:00,Atlanta Falcons,Carolina Panthers,fanduel,FanDuel,2023-09-10T16:25:13Z,player_reception_yds,2023-09-10T16:21:56Z,Mack Hollins,23.5,-110.0,-110,2023,1,2023-09-10,ATL,CAR,mack hollins,Mack Hollins,ATL,WR,,,31.0,3.0,31.0,1,0,-3.5,3.5,40.5,True,False,-3.5,3.5,True,False,False,22.0
2023-09-10T16:30:00Z,2023-09-10T16:25:41Z,2023-09-10T16:20:40Z,2023-09-10T16:30:41Z,6c2d3077c50eece8e6a37742d1ac5756,americanfootball_nfl,2023-09-10 17:04:00+00:00,Atlanta Falcons,Carolina Panthers,fanduel,FanDuel,2023-09-10T16:25:13Z,player_reception_yds,2023-09-10T16:21:56Z,Terrace Marshall Jr.,22.5,-110.0,-110,2023,1,2023-09-10,ATL,CAR,terrace marshall,Terrace Marshall Jr.,CAR,WR,,,23.0,2.0,23.0,1,0,-3.5,3.5,40.5,False,True,3.5,-3.5,False,True,False,18.5
2023-09-10T16:30:00Z,2023-09-10T16:25:41Z,2023-09-10T16:20:40Z,2023-09-10T16:30:41Z,6c2d3077c50eece8e6a37742d1ac5756,americanfootball_nfl,2023-09-10 17:04:00+00:00,Atlanta Falcons,Carolina Panthers,fanduel,FanDuel,2023-09-10T16:25:13Z,player_reception_yds,2023-09-10T16:21:56Z,Bijan Robinson,15.5,-115.0,-105,2023,1,2023-09-10,ATL,CAR,bijan robinson,Bijan Robinson,ATL,HB,,56.0,27.0,6.0,27.0,1,0,-3.5,3.5,40.5,True,False,-3.5,3.5,True,False,False,22.0
2023-09-10T16:30:00Z,2023-09-10T16:25:41Z,2023-09-10T16:20:40Z,2023-09-10T16:30:41Z,6c2d3077c50eece8e6a37742d1ac5756,americanfootball_nfl,2023-09-10 17:04:00+00:00,Atlanta Falcons,Carolina Panthers,fanduel,FanDuel,2023-09-10T16:25:13Z,player_reception_yds,2023-09-10T16:21:56Z,Hayden Hurst,24.5,-110.0,-110,2023,1,2023-09-10,ATL,CAR,hayden hurst,Hayden Hurst,CAR,TE,,,41.0,5.0,41.0,1,0,-3.5,3.5,40.5,False,True,3.5,-3.5,False,True,False,18.5
2023-09-10T16:30:00Z,2023-09-10T16:25:41Z,2023-09-10T16:20:40Z,2023-09-10T16:30:41Z,6c2d3077c50eece8e6a37742d1ac5756,americanfootball_nfl,2023-09-10 17:04:00+00:00,Atlanta Falcons,Carolina Panthers,fanduel,FanDuel,2023-09-10T16:25:13Z,player_reception_yds,2023-09-10T16:21:56Z,Miles Sanders,10.5,-110.0,-110,2023,1,2023-09-10,ATL,CAR,miles sanders,Miles Sanders,CAR,HB,,72.0,26.0,4.0,26.0,1,0,-3.5,3.5,40.5,False,True,3.5,-3.5,False,True,False,18.5
2023-09-10T16:30:00Z,2023-09-10T16:25:41Z,2023-09-10T16:20:40Z,2023-09-10T16:30:41Z,6c2d3077c50eece8e6a37742d1ac5756,americanfootball_nfl,2023-09-10 17:04:00+00:00,Atlanta Falcons,Carolina Panthers,fanduel,FanDuel,2023-09-10T16:25:13Z,player_reception_yds,2023-09-10T16:21:56Z,Laviska Shenault Jr.,12.5,-110.0,-110,2023,1,2023-09-10,ATL,CAR,laviska shenault,Laviska Shenault Jr.,CAR,WR,,5.0,16.0,2.0,16.0,1,0,-3.5,3.5,40.5,False,True,3.5,-3.5,False,True,False,18.5
2023-09-10T16:30:00Z,2023-09-10T16:25:41Z,2023-09-10T16:20:40Z,2023-09-10T16:30:41Z,6c2d3077c50eece8e6a37742d1ac5756,americanfootball_nfl,2023-09-10 17:04:00+00:00,Atlanta Falcons,Carolina Panthers,fanduel,FanDuel,2023-09-10T16:25:13Z,player_reception_yds,2023-09-10T16:21:56Z,Drake London,52.5,-110.0,-110,2023,1,2023-09-10,ATL,CAR,drake london,Drake London,ATL,WR,,,0.0,0.0,0.0,0,0,-3.5,3.5,40.5,True,False,-3.5,3.5,True,False,False,22.0
2023-09-10T16:30:00Z,2023-09-10T16:25:41Z,2023-09-10T16:20:40Z,2023-09-10T16:30:41Z,6c2d3077c50eece8e6a37742d1ac5756,americanfootball_nfl,2023-09-10 17:04:00+00:00,Atlanta Falcons,Carolina Panthers,fanduel,FanDuel,2023-09-10T16:25:13Z,player_reception_yds,2023-09-10T16:21:56Z,Adam Thielen,36.5,-110.0,-110,2023,1,2023-09-10,ATL,CAR,adam thielen,Adam Thielen,CAR,WR,,,12.0,2.0,12.0,0,0,-3.5,3.5,40.5,False,True,3.5,-3.5,False,True,False,18.5
2023-09-10T16:30:00Z,2023-09-10T16:25:41Z,2023-09-10T16:20:40Z,2023-09-10T16:30:41Z,6c2d3077c50eece8e6a37742d1ac5756,americanfootball_nfl,2023-09-10 17:04:00+00:00,Atlanta Falcons,Carolina Panthers,fanduel,FanDuel,2023-09-10T16:25:13Z,player_reception_yds,2023-09-10T16:21:56Z,Jonathan Mingo,35.5,-110.0,-110,2023,1,2023-09-10,ATL,CAR,jonathan mingo,Jonathan Mingo,CAR,WR,,,17.0,2.0,17.0,0,0,-3.5,3.5,40.5,False,True,3.5,-3.5,False,True,False,18.5
2023-09-10T16:30:00Z,2023-09-10T16:25:41Z,2023-09-10T16:20:40Z,2023-09-10T16:30:41Z,33368d4979d3475b77f5e9eb49648203,americanfootball_nfl,2023-09-10 17:04:00+00:00,Baltimore Ravens,Houston Texans,fanduel,FanDuel,2023-09-10T16:25:13Z,player_reception_yds,2023-09-10T16:20:26Z,Isaiah Likely,34.5,-110.0,-110,2023,1,2023-09-10,BAL,HOU,isaiah likely,Isaiah Likely,BAL,TE,,,4.0,1.0,4.0,0,0,-9.5,9.5,43.5,True,False,-9.5,9.5,True,False,False,26.5
2023-09-10T16:30:00Z,2023-09-10T16:25:41Z,2023-09-10T16:20:40Z,2023-09-10T16:30:41Z,33368d4979d3475b77f5e9eb49648203,americanfootball_nfl,2023-09-10 17:04:00+00:00,Baltimore Ravens,Houston Texans,fanduel,FanDuel,2023-09-10T16:25:13Z,player_reception_yds,2023-09-10T16:20:26Z,Odell Beckham Jr.,37.5,-110.0,-110,2023,1,2023-09-10,BAL,HOU,odell beckham,Odell Beckham Jr.,BAL,WR,,,37.0,2.0,37.0,0,0,-9.5,9.5,43.5,True,False,-9.5,9.5,True,False,False,26.5
2023-09-10T16:30:00Z,2023-09-10T16:25:41Z,2023-09-10T16:20:40Z,2023-09-10T16:30:41Z,33368d4979d3475b77f5e9eb49648203,americanfootball_nfl,2023-09-10 17:04:00+00:00,Baltimore Ravens,Houston Texans,fanduel,FanDuel,2023-09-10T16:25:13Z,player_reception_yds,2023-09-10T16:20:26Z,Robert Woods,28.5,-110.0,-110,2023,1,2023-09-10,BAL,HOU,robert woods,Robert Woods,HOU,WR,,,57.0,6.0,57.0,1,0,-9.5,9.5,43.5,False,True,9.5,-9.5,False,True,False,17.0
2023-09-10T16:30:00Z,2023-09-10T16:25:41Z,2023-09-10T16:20:40Z,2023-09-10T16:30:41Z,33368d4979d3475b77f5e9eb49648203,americanfootball_nfl,2023-09-10 17:04:00+00:00,Baltimore Ravens,Houston Texans,fanduel,FanDuel,2023-09-10T16:25:13Z,player_reception_yds,2023-09-10T16:20:26Z,Dameon Pierce,14.5,-110.0,-110,2023,1,2023-09-10,BAL,HOU,dameon pierce,Dameon Pierce,HOU,HB,,38.0,9.0,2.0,9.0,0,0,-9.5,9.5,43.5,False,True,9.5,-9.5,False,True,False,17.0
2023-09-10T16:30:00Z,2023-09-10T16:25:41Z,2023-09-10T16:20:40Z,2023-09-10T16:30:41Z,33368d4979d3475b77f5e9eb49648203,americanfootball_nfl,2023-09-10 17:04:00+00:00,Baltimore Ravens,Houston Texans,fanduel,FanDuel,2023-09-10T16:25:13Z,player_reception_yds,2023-09-10T16:20:26Z,Dalton Schultz,32.5,100.0,-122,2023,1,2023-09-10,BAL,HOU,dalton schultz,Dalton Schultz,HOU,TE,,,4.0,2.0,4.0,0,0,-9.5,9.5,43.5,False,True,9.5,-9.5,False,True,False,17.0
2023-09-10T16:30:00Z,2023-09-10T16:25:41Z,2023-09-10T16:20:40Z,2023-09-10T16:30:41Z,33368d4979d3475b77f5e9eb49648203,americanfootball_nfl,2023-09-10 17:04:00+00:00,Baltimore Ravens,Houston Texans,fanduel,FanDuel,2023-09-10T16:25:13Z,player_reception_yds,2023-09-10T16:20:26Z,J.K. Dobbins,10.5,-110.0,-110,2023,1,2023-09-10,BAL,HOU,jk dobbins,J.K. Dobbins,BAL,HB,,22.0,15.0,2.0,15.0,1,0,-9.5,9.5,43.5,True,False,-9.5,9.5,True,False,False,26.5
2023-09-10T16:30:00Z,2023-09-10T16:25:41Z,2023-09-10T16:20:40Z,2023-09-10T16:30:41Z,33368d4979d3475b77f5e9eb49648203,americanfootball_nfl,2023-09-10 17:04:00+00:00,Baltimore Ravens,Houston Texans,fanduel,FanDuel,2023-09-10T16:25:13Z,player_reception_yds,2023-09-10T16:20:26Z,Rashod Bateman,35.5,-110.0,-110,2023,1,2023-09-10,BAL,HOU,rashod bateman,Rashod Bateman,BAL,WR,,,35.0,3.0,35.0,0,0,-9.5,9.5,43.5,True,False,-9.5,9.5,True,False,False,26.5
2023-09-10T16:30:00Z,2023-09-10T16:25:41Z,2023-09-10T16:20:40Z,2023-09-10T16:30:41Z,33368d4979d3475b77f5e9eb49648203,americanfootball_nfl,2023-09-10 17:04:00+00:00,Baltimore Ravens,Houston Texans,fanduel,FanDuel,2023-09-10T16:25:13Z,player_reception_yds,2023-09-10T16:20:26Z,Zay Flowers,43.5,-110.0,-110,2023,1,2023-09-10,BAL,HOU,zay flowers,Zay Flowers,BAL,WR,,9.0,78.0,9.0,78.0,1,0,-9.5,9.5,43.5,True,False,-9.5,9.5,True,False,False,26.5
2023-09-10T16:30:00Z,2023-09-10T16:25:41Z,2023-09-10T16:20:40Z,2023-09-10T16:30:41Z,33368d4979d3475b77f5e9eb49648203,americanfootball_nfl,2023-09-10 17:04:00+00:00,Baltimore Ravens,Houston Texans,fanduel,FanDuel,2023-09-10T16:25:13Z,player_reception_yds,2023-09-10T16:20:26Z,Nico Collins,42.5,-110.0,-110,2023,1,2023-09-10,BAL,HOU,nico collins,Nico Collins,HOU,WR,,,80.0,6.0,80.0,1,0,-9.5,9.5,43.5,False,True,9.5,-9.5,False,True,False,17.0
2023-09-10T16:30:00Z,2023-09-10T16:25:41Z,2023-09-10T16:20:40Z,2023-09-10T16:30:41Z,33368d4979d3475b77f5e9eb49648203,americanfootball_nfl,2023-09-10 17:04:00+00:00,Baltimore Ravens,Houston Texans,fanduel,FanDuel,2023-09-10T16:25:13Z,player_reception_yds,2023-09-10T16:20:26Z,Noah Brown,19.5,-110.0,-110,2023,1,2023-09-10,BAL,HOU,noah brown,Noah Brown,HOU,WR,,-1.0,20.0,3.0,20.0,1,0,-9.5,9.5,43.5,False,True,9.5,-9.5,False,True,False,17.0
2023-09-10T16:30:00Z,2023-09-10T16:25:41Z,2023-09-10T16:20:40Z,2023-09-10T16:30:41Z,35294c242bcfdb30c9f58dc6f68da6b2,americanfootball_nfl,2023-09-10 17:04:00+00:00,Cleveland Browns,Cincinnati Bengals,fanduel,FanDuel,2023-09-10T16:25:13Z,player_reception_yds,2023-09-10T16:25:04Z,Donovan Peoples-Jones,34.5,-110.0,-110,2023,1,2023-09-10,CLE,CIN,donovan peoples jones,Donovan Peoples-Jones,CLE,WR,,,12.0,1.0,12.0,0,0,1.0,-1.0,46.5,True,False,1.0,-1.0,False,True,False,22.75
2023-09-10T16:30:00Z,2023-09-10T16:25:41Z,2023-09-10T16:20:40Z,2023-09-10T16:30:41Z,35294c242bcfdb30c9f58dc6f68da6b2,americanfootball_nfl,2023-09-10 17:04:00+00:00,Cleveland Browns,Cincinnati Bengals,fanduel,FanDuel,2023-09-10T16:25:13Z,player_reception_yds,2023-09-10T16:25:04Z,Irv Smith Jr.,26.5,-110.0,-110,2023,1,2023-09-10,CLE,CIN,irv smith,Irv Smith Jr.,CIN,TE,,,17.0,3.0,17.0,0,0,1.0,-1.0,46.5,False,True,-1.0,1.0,True,False,False,23.75
2023-09-10T16:30:00Z,2023-09-10T16:25:41Z,2023-09-10T16:20:40Z,2023-09-10T16:30:41Z,35294c242bcfdb30c9f58dc6f68da6b2,americanfootball_nfl,2023-09-10 17:04:00+00:00,Cleveland Browns,Cincinnati Bengals,fanduel,FanDuel,2023-09-10T16:25:13Z,player_reception_yds,2023-09-10T16:25:04Z,Tyler Boyd,32.5,-110.0,-110,2023,1,2023-09-10,CLE,CIN,tyler boyd,Tyler Boyd,CIN,WR,,,10.0,2.0,10.0,0,0,1.0,-1.0,46.5,False,True,-1.0,1.0,True,False,False,23.75
2023-09-10T16:30:00Z,2023-09-10T16:25:41Z,2023-09-10T16:20:40Z,2023-09-10T16:30:41Z,35294c242bcfdb30c9f58dc6f68da6b2,americanfootball_nfl,2023-09-10 17:04:00+00:00,Cleveland Browns,Cincinnati Bengals,fanduel,FanDuel,2023-09-10T16:25:13Z,player_reception_yds,2023-09-10T16:25:04Z,Amari Cooper,58.5,-110.0,-110,2023,1,2023-09-10,CLE,CIN,amari cooper,Amari Cooper,CLE,WR,,,37.0,3.0,37.0,0,0,1.0,-1.0,46.5,True,False,1.0,-1.0,False,True,False,22.75
2023-09-10T16:30:00Z,2023-09-10T16:25:41Z,2023-09-10T16:20:40Z,2023-09-10T16:30:41Z,35294c242bcfdb30c9f58dc6f68da6b2,americanfootball_nfl,2023-09-10 17:04:00+00:00,Cleveland Browns,Cincinnati Bengals,fanduel,FanDuel,2023-09-10T16:25:13Z,player_reception_yds,2023-09-10T16:25:04Z,Nick Chubb,13.5,-102.0,-120,2023,1,2023-09-10,CLE,CIN,nick chubb,Nick Chubb,CLE,HB,,106.0,21.0,4.0,21.0,1,0,1.0,-1.0,46.5,True,False,1.0,-1.0,False,True,False,22.75
2023-09-10T16:30:00Z,2023-09-10T16:25:41Z,2023-09-10T16:20:40Z,2023-09-10T16:30:41Z,35294c242bcfdb30c9f58dc6f68da6b2,americanfootball_nfl,2023-09-10 17:04:00+00:00,Cleveland Browns,Cincinnati Bengals,fanduel,FanDuel,2023-09-10T16:25:13Z,player_reception_yds,2023-09-10T16:25:04Z,Ja'Marr Chase,77.5,-110.0,-110,2023,1,2023-09-10,CLE,CIN,jamarr chase,Ja'Marr Chase,CIN,WR,,2.0,39.0,5.0,39.0,0,0,1.0,-1.0,46.5,False,True,-1.0,1.0,True,False,False,23.75
2023-09-10T16:30:00Z,2023-09-10T16:25:41Z,2023-09-10T16:20:40Z,2023-09-10T16:30:41Z,35294c242bcfdb30c9f58dc6f68da6b2,americanfootball_nfl,2023-09-10 17:04:00+00:00,Cleveland Browns,Cincinnati Bengals,fanduel,FanDuel,2023-09-10T16:25:13Z,player_reception_yds,2023-09-10T16:25:04Z,David Njoku,36.5,-110.0,-110,2023,1,2023-09-10,CLE,CIN,david njoku,David Njoku,CLE,TE,,,24.0,2.0,24.0,0,0,1.0,-1.0,46.5,True,False,1.0,-1.0,False,True,False,22.75
2023-09-10T16:30:00Z,2023-09-10T16:25:41Z,2023-09-10T16:20:40Z,2023-09-10T16:30:41Z,35294c242bcfdb30c9f58dc6f68da6b2,americanfootball_nfl,2023-09-10 17:04:00+00:00,Cleveland Browns,Cincinnati Bengals,fanduel,FanDuel,2023-09-10T16:25:13Z,player_reception_yds,2023-09-10T16:25:04Z,Joe Mixon,18.5,-110.0,-110,2023,1,2023-09-10,CLE,CIN,joe mixon,Joe Mixon,CIN,HB,,56.0,17.0,3.0,17.0,0,0,1.0,-1.0,46.5,False,True,-1.0,1.0,True,False,False,23.75
2023-09-10T16:30:00Z,2023-09-10T16:25:41Z,2023-09-10T16:20:40Z,2023-09-10T16:30:41Z,35294c242bcfdb30c9f58dc6f68da6b2,americanfootball_nfl,2023-09-10 17:04:00+00:00,Cleveland Browns,Cincinnati Bengals,fanduel,FanDuel,2023-09-10T16:25:13Z,player_reception_yds,2023-09-10T16:25:04Z,Tee Higgins,57.5,-110.0,-110,2023,1,2023-09-10,CLE,CIN,tee higgins,Tee Higgins,CIN,WR,,,0.0,0.0,0.0,0,0,1.0,-1.0,46.5,False,True,-1.0,1.0,True,False,False,23.75
2023-09-10T16:30:00Z,2023-09-10T16:25:41Z,2023-09-10T16:20:40Z,2023-09-10T16:30:41Z,35294c242bcfdb30c9f58dc6f68da6b2,americanfootball_nfl,2023-09-10 17:04:00+00:00,Cleveland Browns,Cincinnati Bengals,fanduel,FanDuel,2023-09-10T16:25:13Z,player_reception_yds,2023-09-10T16:25:04Z,Elijah Moore,33.5,-110.0,-110,2023,1,2023-09-10,CLE,CIN,elijah moore,Elijah Moore,CLE,WR,,19.0,43.0,3.0,43.0,1,0,1.0,-1.0,46.5,True,False,1.0,-1.0,False,True,False,22.75
2023-09-10T16:30:00Z,2023-09-10T16:25:41Z,2023-09-10T16:20:40Z,2023-09-10T16:30:41Z,1278f44be0d97920fd149f7cdfc9574d,americanfootball_nfl,2023-09-10 17:04:00+00:00,Indianapolis Colts,Jacksonville Jaguars,fanduel,FanDuel,2023-09-10T16:25:13Z,player_reception_yds,2023-09-10T16:23:26Z,Alec Pierce,30.5,-110.0,-110,2023,1,2023-09-10,IND,JAX,alec pierce,Alec Pierce,IND,WR,,,5.0,1.0,5.0,0,0,4.0,-4.0,45.5,True,False,4.0,-4.0,False,True,False,20.75
2023-09-10T16:30:00Z,2023-09-10T16:25:41Z,2023-09-10T16:20:40Z,2023-09-10T16:30:41Z,1278f44be0d97920fd149f7cdfc9574d,americanfootball_nfl,2023-09-10 17:04:00+00:00,Indianapolis Colts,Jacksonville Jaguars,fanduel,FanDuel,2023-09-10T16:25:13Z,player_reception_yds,2023-09-10T16:23:26Z,Calvin Ridley,63.5,-110.0,-110,2023,1,2023-09-10,IND,JAX,calvin ridley,Calvin Ridley,JAX,WR,,,101.0,8.0,101.0,1,0,4.0,-4.0,45.5,False,True,-4.0,4.0,True,False,False,24.75
2023-09-10T16:30:00Z,2023-09-10T16:25:41Z,2023-09-10T16:20:40Z,2023-09-10T16:30:41Z,1278f44be0d97920fd149f7cdfc9574d,americanfootball_nfl,2023-09-10 17:04:00+00:00,Indianapolis Colts,Jacksonville Jaguars,fanduel,FanDuel,2023-09-10T16:25:13Z,player_reception_yds,2023-09-10T16:23:26Z,Deon Jackson,9.5,-110.0,-110,2023,1,2023-09-10,IND,JAX,deon jackson,Deon Jackson,IND,HB,,14.0,14.0,5.0,14.0,1,0,4.0,-4.0,45.5,True,False,4.0,-4.0,False,True,False,20.75
2023-09-10T16:30:00Z,2023-09-10T16:25:41Z,2023-09-10T16:20:40Z,2023-09-10T16:30:41Z,1278f44be0d97920fd149f7cdfc9574d,americanfootball_nfl,2023-09-10 17:04:00+00:00,Indianapolis Colts,Jacksonville Jaguars,fanduel,FanDuel,2023-09-10T16:25:13Z,player_reception_yds,2023-09-10T16:23:26Z,Michael Pittman Jr.,45.5,-110.0,-110,2023,1,2023-09-10,IND,JAX,michael pittman,Michael Pittman Jr.,IND,WR,,,97.0,8.0,97.0,1,0,4.0,-4.0,45.5,True,False,4.0,-4.0,False,True,False,20.75
2023-09-10T16:30:00Z,2023-09-10T16:25:41Z,2023-09-10T16:20:40Z,2023-09-10T16:30:41Z,1278f44be0d97920fd149f7cdfc9574d,americanfootball_nfl,2023-09-10 17:04:00+00:00,Indianapolis Colts,Jacksonville Jaguars,fanduel,FanDuel,2023-09-10T16:25:13Z,player_reception_yds,2023-09-10T16:23:26Z,Travis Etienne,14.5,-110.0,-110,2023,1,2023-09-10,IND,JAX,travis etienne,Travis Etienne Jr.,JAX,HB,,77.0,27.0,5.0,27.0,1,0,4.0,-4.0,45.5,False,True,-4.0,4.0,True,False,False,24.75
2023-09-10T16:30:00Z,2023-09-10T16:25:41Z,2023-09-10T16:20:40Z,2023-09-10T16:30:41Z,1278f44be0d97920fd149f7cdfc9574d,americanfootball_nfl,2023-09-10 17:04:00+00:00,Indianapolis Colts,Jacksonville Jaguars,fanduel,FanDuel,2023-09-10T16:25:13Z,player_reception_yds,2023-09-10T16:23:26Z,Kylen Granson,18.5,-110.0,-110,2023,1,2023-09-10,IND,JAX,kylen granson,Kylen Granson,IND,TE,,,39.0,4.0,39.0,1,0,4.0,-4.0,45.5,True,False,4.0,-4.0,False,True,False,20.75
2023-09-10T16:30:00Z,2023-09-10T16:25:41Z,2023-09-10T16:20:40Z,2023-09-10T16:30:41Z,1278f44be0d97920fd149f7cdfc9574d,americanfootball_nfl,2023-09-10 17:04:00+00:00,Indianapolis Colts,Jacksonville Jaguars,fanduel,FanDuel,2023-09-10T16:25:13Z,player_reception_yds,2023-09-10T16:23:26Z,Josh Downs,19.5,-110.0,-110,2023,1,2023-09-10,IND,JAX,josh downs,Josh Downs,IND,WR,,,30.0,3.0,30.0,1,0,4.0,-4.0,45.5,True,False,4.0,-4.0,False,True,False,20.75
2023-09-10T16:30:00Z,2023-09-10T16:25:41Z,2023-09-10T16:20:40Z,2023-09-10T16:30:41Z,1278f44be0d97920fd149f7cdfc9574d,americanfootball_nfl,2023-09-10 17:04:00+00:00,Indianapolis Colts,Jacksonville Jaguars,fanduel,FanDuel,2023-09-10T16:25:13Z,player_reception_yds,2023-09-10T16:23:26Z,Evan Engram,38.5,-110.0,-110,2023,1,2023-09-10,IND,JAX,evan engram,Evan Engram,JAX,TE,,,49.0,5.0,49.0,1,0,4.0,-4.0,45.5,False,True,-4.0,4.0,True,False,False,24.75
2023-09-10T16:30:00Z,2023-09-10T16:25:41Z,2023-09-10T16:20:40Z,2023-09-10T16:30:41Z,1278f44be0d97920fd149f7cdfc9574d,americanfootball_nfl,2023-09-10 17:04:00+00:00,Indianapolis Colts,Jacksonville Jaguars,fanduel,FanDuel,2023-09-10T16:25:13Z,player_reception_yds,2023-09-10T16:23:26Z,Christian Kirk,50.5,-110.0,-110,2023,1,2023-09-10,IND,JAX,christian kirk,Christian Kirk,JAX,WR,,,9.0,1.0,9.0,0,0,4.0,-4.0,45.5,False,True,-4.0,4.0,True,False,False,24.75
2023-09-10T16:30:00Z,2023-09-10T16:25:41Z,2023-09-10T16:20:40Z,2023-09-10T16:30:41Z,1278f44be0d97920fd149f7cdfc9574d,americanfootball_nfl,2023-09-10 17:04:00+00:00,Indianapolis Colts,Jacksonville Jaguars,fanduel,FanDuel,2023-09-10T16:25:13Z,player_reception_yds,2023-09-10T16:23:26Z,Zay Jones,33.5,-110.0,-110,2023,1,2023-09-10,IND,JAX,zay jones,Zay Jones,JAX,WR,,,55.0,5.0,55.0,1,0,4.0,-4.0,45.5,False,True,-4.0,4.0,True,False,False,24.75
2023-09-10T16:30:00Z,2023-09-10T16:25:41Z,2023-09-10T16:20:40Z,2023-09-10T16:30:41Z,b3763a6d678b9787e27cec3272252e24,americanfootball_nfl,2023-09-10 17:04:00+00:00,Minnesota Vikings,Tampa Bay Buccaneers,fanduel,FanDuel,2023-09-10T16:25:13Z,player_reception_yds,2023-09-10T16:24:29Z,Rachaad White,17.5,-110.0,-110,2023,1,2023-09-10,MIN,TB,rachaad white,Rachaad White,TB,HB,,39.0,10.0,2.0,10.0,0,0,-4.0,4.0,45.0,False,True,4.0,-4.0,False,True,False,20.5
2023-09-10T16:30:00Z,2023-09-10T16:25:41Z,2023-09-10T16:20:40Z,2023-09-10T16:30:41Z,b3763a6d678b9787e27cec3272252e24,americanfootball_nfl,2023-09-10 17:04:00+00:00,Minnesota Vikings,Tampa Bay Buccaneers,fanduel,FanDuel,2023-09-10T16:25:13Z,player_reception_yds,2023-09-10T16:24:29Z,Cade Otton,24.5,100.0,-122,2023,1,2023-09-10,MIN,TB,cade otton,Cade Otton,TB,TE,,,19.0,2.0,19.0,0,0,-4.0,4.0,45.0,False,True,4.0,-4.0,False,True,False,20.5
2023-09-10T16:30:00Z,2023-09-10T16:25:41Z,2023-09-10T16:20:40Z,2023-09-10T16:30:41Z,b3763a6d678b9787e27cec3272252e24,americanfootball_nfl,2023-09-10 17:04:00+00:00,Minnesota Vikings,Tampa Bay Buccaneers,fanduel,FanDuel,2023-09-10T16:25:13Z,player_reception_yds,2023-09-10T16:24:29Z,Alexander Mattison,16.5,-110.0,-110,2023,1,2023-09-10,MIN,TB,alexander mattison,Alexander Mattison,MIN,HB,,34.0,10.0,3.0,10.0,0,0,-4.0,4.0,45.0,True,False,-4.0,4.0,True,False,False,24.5
2023-09-10T16:30:00Z,2023-09-10T16:25:41Z,2023-09-10T16:20:40Z,2023-09-10T16:30:41Z,b3763a6d678b9787e27cec3272252e24,americanfootball_nfl,2023-09-10 17:04:00+00:00,Minnesota Vikings,Tampa Bay Buccaneers,fanduel,FanDuel,2023-09-10T16:25:13Z,player_reception_yds,2023-09-10T16:24:29Z,Chris Godwin,55.5,-110.0,-110,2023,1,2023-09-10,MIN,TB,chris godwin,Chris Godwin,TB,WR,,,51.0,5.0,51.0,0,0,-4.0,4.0,45.0,False,True,4.0,-4.0,False,True,False,20.5
2023-09-10T16:30:00Z,2023-09-10T16:25:41Z,2023-09-10T16:20:40Z,2023-09-10T16:30:41Z,b3763a6d678b9787e27cec3272252e24,americanfootball_nfl,2023-09-10 17:04:00+00:00,Minnesota Vikings,Tampa Bay Buccaneers,fanduel,FanDuel,2023-09-10T16:25:13Z,player_reception_yds,2023-09-10T16:24:29Z,Justin Jefferson,89.5,-110.0,-110,2023,1,2023-09-10,MIN,TB,justin jefferson,Justin Jefferson,MIN,WR,,,150.0,9.0,150.0,1,0,-4.0,4.0,45.0,True,False,-4.0,4.0,True,False,False,24.5
2023-09-10T16:30:00Z,2023-09-10T16:25:41Z,2023-09-10T16:20:40Z,2023-09-10T16:30:41Z,b3763a6d678b9787e27cec3272252e24,americanfootball_nfl,2023-09-10 17:04:00+00:00,Minnesota Vikings,Tampa Bay Buccaneers,fanduel,FanDuel,2023-09-10T16:25:13Z,player_reception_yds,2023-09-10T16:24:29Z,Mike Evans,56.5,-110.0,-110,2023,1,2023-09-10,MIN,TB,mike evans,Mike Evans,TB,WR,,,66.0,6.0,66.0,1,0,-4.0,4.0,45.0,False,True,4.0,-4.0,False,True,False,20.5
2023-09-10T16:30:00Z,2023-09-10T16:25:41Z,2023-09-10T16:20:40Z,2023-09-10T16:30:41Z,b3763a6d678b9787e27cec3272252e24,americanfootball_nfl,2023-09-10 17:04:00+00:00,Minnesota Vikings,Tampa Bay Buccaneers,fanduel,FanDuel,2023-09-10T16:25:13Z,player_reception_yds,2023-09-10T16:24:29Z,T.J. Hockenson,48.5,-110.0,-110,2023,1,2023-09-10,MIN,TB,tj hockenson,T.J. Hockenson,MIN,TE,,,35.0,8.0,35.0,0,0,-4.0,4.0,45.0,True,False,-4.0,4.0,True,False,False,24.5
2023-09-10T16:30:00Z,2023-09-10T16:25:41Z,2023-09-10T16:20:40Z,2023-09-10T16:30:41Z,b3763a6d678b9787e27cec3272252e24,americanfootball_nfl,2023-09-10 17:04:00+00:00,Minnesota Vikings,Tampa Bay Buccaneers,fanduel,FanDuel,2023-09-10T16:25:13Z,player_reception_yds,2023-09-10T16:24:29Z,KJ Osborn,26.5,-110.0,-110,2023,1,2023-09-10,MIN,TB,kj osborn,K.J. Osborn,MIN,WR,,,31.0,3.0,31.0,1,0,-4.0,4.0,45.0,True,False,-4.0,4.0,True,False,False,24.5
2023-09-10T16:30:00Z,2023-09-10T16:25:41Z,2023-09-10T16:20:40Z,2023-09-10T16:30:41Z,b3763a6d678b9787e27cec3272252e24,americanfootball_nfl,2023-09-10 17:04:00+00:00,Minnesota Vikings,Tampa Bay Buccaneers,fanduel,FanDuel,2023-09-10T16:25:13Z,player_reception_yds,2023-09-10T16:24:29Z,Jordan Addison,40.5,-110.0,-110,2023,1,2023-09-10,MIN,TB,jordan addison,Jordan Addison,MIN,WR,,,61.0,4.0,61.0,1,0,-4.0,4.0,45.0,True,False,-4.0,4.0,True,False,False,24.5
2023-09-10T16:30:00Z,2023-09-10T16:25:41Z,2023-09-10T16:20:40Z,2023-09-10T16:30:41Z,bbe791f371726d950a509d928f4c65cd,americanfootball_nfl,2023-09-10 17:04:00+00:00,New Orleans Saints,Tennessee Titans,fanduel,FanDuel,2023-09-10T16:25:13Z,player_reception_yds,2023-09-10T16:21:01Z,DeAndre Hopkins,56.5,-110.0,-110,2023,1,2023-09-10,NO,TEN,deandre hopkins,DeAndre Hopkins,TEN,WR,,,65.0,7.0,65.0,1,0,-3.0,3.0,41.0,False,True,3.0,-3.0,False,True,False,19.0
2023-09-10T16:30:00Z,2023-09-10T16:25:41Z,2023-09-10T16:20:40Z,2023-09-10T16:30:41Z,bbe791f371726d950a509d928f4c65cd,americanfootball_nfl,2023-09-10 17:04:00+00:00,New Orleans Saints,Tennessee Titans,fanduel,FanDuel,2023-09-10T16:25:13Z,player_reception_yds,2023-09-10T16:21:01Z,Juwan Johnson,28.5,-105.0,-115,2023,1,2023-09-10,NO,TEN,juwan johnson,Juwan Johnson,NO,TE,,,36.0,3.0,36.0,1,0,-3.0,3.0,41.0,True,False,-3.0,3.0,True,False,False,22.0
2023-09-10T16:30:00Z,2023-09-10T16:25:41Z,2023-09-10T16:20:40Z,2023-09-10T16:30:41Z,bbe791f371726d950a509d928f4c65cd,americanfootball_nfl,2023-09-10 17:04:00+00:00,New Orleans Saints,Tennessee Titans,fanduel,FanDuel,2023-09-10T16:25:13Z,player_reception_yds,2023-09-10T16:21:01Z,Chigoziem Okonkwo,34.5,-105.0,-115,2023,1,2023-09-10,NO,TEN,chigoziem okonkwo,Chigoziem Okonkwo,TEN,TE,,,0.0,0.0,0.0,0,0,-3.0,3.0,41.0,False,True,3.0,-3.0,False,True,False,19.0
2023-09-10T16:30:00Z,2023-09-10T16:25:41Z,2023-09-10T16:20:40Z,2023-09-10T16:30:41Z,bbe791f371726d950a509d928f4c65cd,americanfootball_nfl,2023-09-10 17:04:00+00:00,New Orleans Saints,Tennessee Titans,fanduel,FanDuel,2023-09-10T16:25:13Z,player_reception_yds,2023-09-10T16:21:01Z,Rashid Shaheed,34.5,-105.0,-115,2023,1,2023-09-10,NO,TEN,rashid shaheed,Rashid Shaheed,NO,WR,,11.0,89.0,5.0,89.0,1,0,-3.0,3.0,41.0,True,False,-3.0,3.0,True,False,False,22.0
2023-09-10T16:30:00Z,2023-09-10T16:25:41Z,2023-09-10T16:20:40Z,2023-09-10T16:30:41Z,bbe791f371726d950a509d928f4c65cd,americanfootball_nfl,2023-09-10 17:04:00+00:00,New Orleans Saints,Tennessee Titans,fanduel,FanDuel,2023-09-10T16:25:13Z,player_reception_yds,2023-09-10T16:21:01Z,Chris Olave,69.5,-110.0,-110,2023,1,2023-09-10,NO,TEN,chris olave,Chris Olave,NO,WR,,,112.0,8.0,112.0,1,0,-3.0,3.0,41.0,True,False,-3.0,3.0,True,False,False,22.0
2023-09-10T16:30:00Z,2023-09-10T16:25:41Z,2023-09-10T16:20:40Z,2023-09-10T16:30:41Z,bbe791f371726d950a509d928f4c65cd,americanfootball_nfl,2023-09-10 17:04:00+00:00,New Orleans Saints,Tennessee Titans,fanduel,FanDuel,2023-09-10T16:25:13Z,player_reception_yds,2023-09-10T16:21:01Z,Treylon Burks,38.5,-110.0,-110,2023,1,2023-09-10,NO,TEN,treylon burks,Treylon Burks,TEN,WR,,9.0,18.0,2.0,18.0,0,0,-3.0,3.0,41.0,False,True,3.0,-3.0,False,True,False,19.0
2023-09-10T16:30:00Z,2023-09-10T16:25:41Z,2023-09-10T16:20:40Z,2023-09-10T16:30:41Z,bbe791f371726d950a509d928f4c65cd,americanfootball_nfl,2023-09-10 17:04:00+00:00,New Orleans Saints,Tennessee Titans,fanduel,FanDuel,2023-09-10T16:25:13Z,player_reception_yds,2023-09-10T16:21:01Z,Jamaal Williams,10.5,-115.0,-105,2023,1,2023-09-10,NO,TEN,jamaal williams,Jamaal Williams,NO,HB,,45.0,7.0,2.0,7.0,0,0,-3.0,3.0,41.0,True,False,-3.0,3.0,True,False,False,22.0
2023-09-10T16:30:00Z,2023-09-10T16:25:41Z,2023-09-10T16:20:40Z,2023-09-10T16:30:41Z,bbe791f371726d950a509d928f4c65cd,americanfootball_nfl,2023-09-10 17:04:00+00:00,New Orleans Saints,Tennessee Titans,fanduel,FanDuel,2023-09-10T16:25:13Z,player_reception_yds,2023-09-10T16:21:01Z,Michael Thomas,42.5,-110.0,-110,2023,1,2023-09-10,NO,TEN,michael thomas,Michael Thomas,NO,WR,,,61.0,5.0,61.0,1,0,-3.0,3.0,41.0,True,False,-3.0,3.0,True,False,False,22.0
2023-09-10T16:30:00Z,2023-09-10T16:25:41Z,2023-09-10T16:20:40Z,2023-09-10T16:30:41Z,bbe791f371726d950a509d928f4c65cd,americanfootball_nfl,2023-09-10 17:04:00+00:00,New Orleans Saints,Tennessee Titans,fanduel,FanDuel,2023-09-10T16:25:13Z,player_reception_yds,2023-09-10T16:21:01Z,Derrick Henry,10.5,-110.0,-110,2023,1,2023-09-10,NO,TEN,derrick henry,Derrick Henry,TEN,HB,,63.0,56.0,2.0,56.0,1,0,-3.0,3.0,41.0,False,True,3.0,-3.0,False,True,False,19.0
2023-09-10T16:30:00Z,2023-09-10T16:25:41Z,2023-09-10T16:20:40Z,2023-09-10T16:30:41Z,741437df0e5c0350c32ce707161bd423,americanfootball_nfl,2023-09-10 17:04:00+00:00,Pittsburgh Steelers,San Francisco 49ers,fanduel,FanDuel,2023-09-10T16:25:13Z,player_reception_yds,2023-09-10T16:25:25Z,Pat Freiermuth,36.5,-110.0,-110,2023,1,2023-09-10,PIT,SF,pat freiermuth,Pat Freiermuth,PIT,TE,,,3.0,1.0,3.0,0,0,1.5,-1.5,41.5,True,False,1.5,-1.5,False,True,False,20.0
2023-09-10T16:30:00Z,2023-09-10T16:25:41Z,2023-09-10T16:20:40Z,2023-09-10T16:30:41Z,741437df0e5c0350c32ce707161bd423,americanfootball_nfl,2023-09-10 17:04:00+00:00,Pittsburgh Steelers,San Francisco 49ers,fanduel,FanDuel,2023-09-10T16:25:13Z,player_reception_yds,2023-09-10T16:25:25Z,Christian McCaffrey,34.5,-110.0,-110,2023,1,2023-09-10,PIT,SF,christian mccaffrey,Christian McCaffrey,SF,HB,,152.0,17.0,3.0,17.0,0,0,1.5,-1.5,41.5,False,True,-1.5,1.5,True,False,False,21.5
2023-09-10T16:30:00Z,2023-09-10T16:25:41Z,2023-09-10T16:20:40Z,2023-09-10T16:30:41Z,741437df0e5c0350c32ce707161bd423,americanfootball_nfl,2023-09-10 17:04:00+00:00,Pittsburgh Steelers,San Francisco 49ers,fanduel,FanDuel,2023-09-10T16:25:13Z,player_reception_yds,2023-09-10T16:25:25Z,George Pickens,42.5,-110.0,-110,2023,1,2023-09-10,PIT,SF,george pickens,George Pickens,PIT,WR,,,36.0,5.0,36.0,0,0,1.5,-1.5,41.5,True,False,1.5,-1.5,False,True,False,20.0
2023-09-10T16:30:00Z,2023-09-10T16:25:41Z,2023-09-10T16:20:40Z,2023-09-10T16:30:41Z,741437df0e5c0350c32ce707161bd423,americanfootball_nfl,2023-09-10 17:04:00+00:00,Pittsburgh Steelers,San Francisco 49ers,fanduel,FanDuel,2023-09-10T16:25:13Z,player_reception_yds,2023-09-10T16:25:25Z,George Kittle,38.5,-110.0,-110,2023,1,2023-09-10,PIT,SF,george kittle,George Kittle,SF,TE,,,19.0,3.0,19.0,0,0,1.5,-1.5,41.5,False,True,-1.5,1.5,True,False,False,21.5
2023-09-10T16:30:00Z,2023-09-10T16:25:41Z,2023-09-10T16:20:40Z,2023-09-10T16:30:41Z,741437df0e5c0350c32ce707161bd423,americanfootball_nfl,2023-09-10 17:04:00+00:00,Pittsburgh Steelers,San Francisco 49ers,fanduel,FanDuel,2023-09-10T16:25:13Z,player_reception_yds,2023-09-10T16:25:25Z,Jaylen Warren,11.5,-115.0,-105,2023,1,2023-09-10,PIT,SF,jaylen warren,Jaylen Warren,PIT,HB,,6.0,12.0,5.0,12.0,1,0,1.5,-1.5,41.5,True,False,1.5,-1.5,False,True,False,20.0
2023-09-10T16:30:00Z,2023-09-10T16:25:41Z,2023-09-10T16:20:40Z,2023-09-10T16:30:41Z,741437df0e5c0350c32ce707161bd423,americanfootball_nfl,2023-09-10 17:04:00+00:00,Pittsburgh Steelers,San Francisco 49ers,fanduel,FanDuel,2023-09-10T16:25:13Z,player_reception_yds,2023-09-10T16:25:25Z,Diontae Johnson,50.5,-110.0,-110,2023,1,2023-09-10,PIT,SF,diontae johnson,Diontae Johnson,PIT,WR,,,48.0,3.0,48.0,0,0,1.5,-1.5,41.5,True,False,1.5,-1.5,False,True,False,20.0
2023-09-10T16:30:00Z,2023-09-10T16:25:41Z,2023-09-10T16:20:40Z,2023-09-10T16:30:41Z,741437df0e5c0350c32ce707161bd423,americanfootball_nfl,2023-09-10 17:04:00+00:00,Pittsburgh Steelers,San Francisco 49ers,fanduel,FanDuel,2023-09-10T16:25:13Z,player_reception_yds,2023-09-10T16:25:25Z,Brandon Aiyuk,47.5,-110.0,-110,2023,1,2023-09-10,PIT,SF,brandon aiyuk,Brandon Aiyuk,SF,WR,,,129.0,8.0,129.0,1,0,1.5,-1.5,41.5,False,True,-1.5,1.5,True,False,False,21.5
2023-09-10T16:30:00Z,2023-09-10T16:25:41Z,2023-09-10T16:20:40Z,2023-09-10T16:30:41Z,741437df0e5c0350c32ce707161bd423,americanfootball_nfl,2023-09-10 17:04:00+00:00,Pittsburgh Steelers,San Francisco 49ers,fanduel,FanDuel,2023-09-10T16:25:13Z,player_reception_yds,2023-09-10T16:25:25Z,Deebo Samuel,52.5,-110.0,-110,2023,1,2023-09-10,PIT,SF,deebo samuel,Deebo Samuel,SF,WR,,8.0,55.0,5.0,55.0,1,0,1.5,-1.5,41.5,False,True,-1.5,1.5,True,False,False,21.5
2023-09-10T16:30:00Z,2023-09-10T16:25:41Z,2023-09-10T16:20:40Z,2023-09-10T16:30:41Z,741437df0e5c0350c32ce707161bd423,americanfootball_nfl,2023-09-10 17:04:00+00:00,Pittsburgh Steelers,San Francisco 49ers,fanduel,FanDuel,2023-09-10T16:25:13Z,player_reception_yds,2023-09-10T16:25:25Z,Allen Robinson II,21.5,-110.0,-110,2023,1,2023-09-10,PIT,SF,allen robinson,Allen Robinson II,PIT,WR,,,64.0,5.0,64.0,1,0,1.5,-1.5,41.5,True,False,1.5,-1.5,False,True,False,20.0
2023-09-10T16:30:00Z,2023-09-10T16:25:41Z,2023-09-10T16:20:40Z,2023-09-10T16:30:41Z,741437df0e5c0350c32ce707161bd423,americanfootball_nfl,2023-09-10 17:04:00+00:00,Pittsburgh Steelers,San Francisco 49ers,fanduel,FanDuel,2023-09-10T16:25:13Z,player_reception_yds,2023-09-10T16:25:25Z,Najee Harris,11.5,-110.0,-110,2023,1,2023-09-10,PIT,SF,najee harris,Najee Harris,PIT,HB,,31.0,2.0,2.0,2.0,0,0,1.5,-1.5,41.5,True,False,1.5,-1.5,False,True,False,20.0
2023-09-10T19:55:00Z,2023-09-10T19:50:40Z,2023-09-10T19:45:40Z,2023-09-10T19:55:40Z,54b900ff32cfc8ad40f4d856fc5a4985,americanfootball_nfl,2023-09-10 20:25:00+00:00,Chicago Bears,Green Bay Packers,fanduel,FanDuel,2023-09-10T19:50:23Z,player_reception_yds,2023-09-10T19:49:32Z,DJ Moore,48.5,-110.0,-110,2023,1,2023-09-10,CHI,GB,dj moore,DJ Moore,CHI,WR,,,25.0,2.0,25.0,0,0,-1.0,1.0,41.0,True,False,-1.0,1.0,True,False,False,21.0
2023-09-10T19:55:00Z,2023-09-10T19:50:40Z,2023-09-10T19:45:40Z,2023-09-10T19:55:40Z,54b900ff32cfc8ad40f4d856fc5a4985,americanfootball_nfl,2023-09-10 20:25:00+00:00,Chicago Bears,Green Bay Packers,fanduel,FanDuel,2023-09-10T19:50:23Z,player_reception_yds,2023-09-10T19:49:32Z,Khalil Herbert,8.5,-122.0,100,2023,1,2023-09-10,CHI,GB,khalil herbert,Khalil Herbert,CHI,HB,,27.0,37.0,3.0,37.0,1,0,-1.0,1.0,41.0,True,False,-1.0,1.0,True,False,False,21.0
2023-09-10T19:55:00Z,2023-09-10T19:50:40Z,2023-09-10T19:45:40Z,2023-09-10T19:55:40Z,54b900ff32cfc8ad40f4d856fc5a4985,americanfootball_nfl,2023-09-10 20:25:00+00:00,Chicago Bears,Green Bay Packers,fanduel,FanDuel,2023-09-10T19:50:23Z,player_reception_yds,2023-09-10T19:49:32Z,Romeo Doubs,40.5,-110.0,-110,2023,1,2023-09-10,CHI,GB,romeo doubs,Romeo Doubs,GB,WR,,,26.0,4.0,26.0,0,0,-1.0,1.0,41.0,False,True,1.0,-1.0,False,True,False,20.0
2023-09-10T19:55:00Z,2023-09-10T19:50:40Z,2023-09-10T19:45:40Z,2023-09-10T19:55:40Z,54b900ff32cfc8ad40f4d856fc5a4985,americanfootball_nfl,2023-09-10 20:25:00+00:00,Chicago Bears,Green Bay Packers,fanduel,FanDuel,2023-09-10T19:50:23Z,player_reception_yds,2023-09-10T19:49:32Z,AJ Dillon,9.5,-110.0,-110,2023,1,2023-09-10,CHI,GB,aj dillon,AJ Dillon,GB,HB,,19.0,17.0,2.0,17.0,1,0,-1.0,1.0,41.0,False,True,1.0,-1.0,False,True,False,20.0
2023-09-10T19:55:00Z,2023-09-10T19:50:40Z,2023-09-10T19:45:40Z,2023-09-10T19:55:40Z,54b900ff32cfc8ad40f4d856fc5a4985,americanfootball_nfl,2023-09-10 20:25:00+00:00,Chicago Bears,Green Bay Packers,fanduel,FanDuel,2023-09-10T19:50:23Z,player_reception_yds,2023-09-10T19:49:32Z,Chase Claypool,17.5,-110.0,-110,2023,1,2023-09-10,CHI,GB,chase claypool,Chase Claypool,CHI,WR,,,0.0,0.0,0.0,0,0,-1.0,1.0,41.0,True,False,-1.0,1.0,True,False,False,21.0
2023-09-10T19:55:00Z,2023-09-10T19:50:40Z,2023-09-10T19:45:40Z,2023-09-10T19:55:40Z,54b900ff32cfc8ad40f4d856fc5a4985,americanfootball_nfl,2023-09-10 20:25:00+00:00,Chicago Bears,Green Bay Packers,fanduel,FanDuel,2023-09-10T19:50:23Z,player_reception_yds,2023-09-10T19:49:32Z,Luke Musgrave,27.5,-110.0,-110,2023,1,2023-09-10,CHI,GB,luke musgrave,Luke Musgrave,GB,TE,,,50.0,3.0,50.0,1,0,-1.0,1.0,41.0,False,True,1.0,-1.0,False,True,False,20.0
2023-09-10T19:55:00Z,2023-09-10T19:50:40Z,2023-09-10T19:45:40Z,2023-09-10T19:55:40Z,54b900ff32cfc8ad40f4d856fc5a4985,americanfootball_nfl,2023-09-10 20:25:00+00:00,Chicago Bears,Green Bay Packers,fanduel,FanDuel,2023-09-10T19:50:23Z,player_reception_yds,2023-09-10T19:49:32Z,Cole Kmet,27.5,-110.0,-110,2023,1,2023-09-10,CHI,GB,cole kmet,Cole Kmet,CHI,TE,,0.0,44.0,5.0,44.0,1,0,-1.0,1.0,41.0,True,False,-1.0,1.0,True,False,False,21.0
2023-09-10T19:55:00Z,2023-09-10T19:50:40Z,2023-09-10T19:45:40Z,2023-09-10T19:55:40Z,54b900ff32cfc8ad40f4d856fc5a4985,americanfootball_nfl,2023-09-10 20:25:00+00:00,Chicago Bears,Green Bay Packers,fanduel,FanDuel,2023-09-10T19:50:23Z,player_reception_yds,2023-09-10T19:49:32Z,Darnell Mooney,29.5,-110.0,-110,2023,1,2023-09-10,CHI,GB,darnell mooney,Darnell Mooney,CHI,WR,,,53.0,4.0,53.0,1,0,-1.0,1.0,41.0,True,False,-1.0,1.0,True,False,False,21.0
2023-09-10T19:55:00Z,2023-09-10T19:50:40Z,2023-09-10T19:45:40Z,2023-09-10T19:55:40Z,54b900ff32cfc8ad40f4d856fc5a4985,americanfootball_nfl,2023-09-10 20:25:00+00:00,Chicago Bears,Green Bay Packers,fanduel,FanDuel,2023-09-10T19:50:23Z,player_reception_yds,2023-09-10T19:49:32Z,Jayden Reed,39.5,-110.0,-110,2023,1,2023-09-10,CHI,GB,jayden reed,Jayden Reed,GB,WR,,-2.0,48.0,2.0,48.0,1,0,-1.0,1.0,41.0,False,True,1.0,-1.0,False,True,False,20.0
2023-09-10T19:55:00Z,2023-09-10T19:50:40Z,2023-09-10T19:45:40Z,2023-09-10T19:55:40Z,54b900ff32cfc8ad40f4d856fc5a4985,americanfootball_nfl,2023-09-10 20:25:00+00:00,Chicago Bears,Green Bay Packers,fanduel,FanDuel,2023-09-10T19:50:23Z,player_reception_yds,2023-09-10T19:49:32Z,Aaron Jones,22.5,100.0,-122,2023,1,2023-09-10,CHI,GB,aaron jones,Aaron Jones,GB,HB,,41.0,86.0,2.0,86.0,1,0,-1.0,1.0,41.0,False,True,1.0,-1.0,False,True,False,20.0
2023-09-10T19:55:00Z,2023-09-10T19:50:40Z,2023-09-10T19:45:40Z,2023-09-10T19:55:40Z,4d18f524fdaa6d8d7f81f9803a43d5f0,americanfootball_nfl,2023-09-10 20:27:00+00:00,Denver Broncos,Las Vegas Raiders,fanduel,FanDuel,2023-09-10T19:50:23Z,player_reception_yds,2023-09-10T19:47:19Z,Marvin Mims Jr.,41.5,-110.0,-110,2023,1,2023-09-10,DEN,LV,marvin mims,Marvin Mims Jr.,DEN,WR,,,9.0,2.0,9.0,0,0,-3.0,3.0,43.0,True,False,-3.0,3.0,True,False,False,23.0
2023-09-10T19:55:00Z,2023-09-10T19:50:40Z,2023-09-10T19:45:40Z,2023-09-10T19:55:40Z,4d18f524fdaa6d8d7f81f9803a43d5f0,americanfootball_nfl,2023-09-10 20:27:00+00:00,Denver Broncos,Las Vegas Raiders,fanduel,FanDuel,2023-09-10T19:50:23Z,player_reception_yds,2023-09-10T19:47:19Z,Hunter Renfrow,29.5,-110.0,-110,2023,1,2023-09-10,DEN,LV,hunter renfrow,,,,,,,,0.0,0,0,-3.0,3.0,43.0,False,False,,,False,False,False,
2023-09-10T19:55:00Z,2023-09-10T19:50:40Z,2023-09-10T19:45:40Z,2023-09-10T19:55:40Z,4d18f524fdaa6d8d7f81f9803a43d5f0,americanfootball_nfl,2023-09-10 20:27:00+00:00,Denver Broncos,Las Vegas Raiders,fanduel,FanDuel,2023-09-10T19:50:23Z,player_reception_yds,2023-09-10T19:47:19Z,Greg Dulcich,31.5,-110.0,-110,2023,1,2023-09-10,DEN,LV,greg dulcich,Greg Dulcich,DEN,TE,,,22.0,2.0,22.0,0,0,-3.0,3.0,43.0,True,False,-3.0,3.0,True,False,False,23.0
2023-09-10T19:55:00Z,2023-09-10T19:50:40Z,2023-09-10T19:45:40Z,2023-09-10T19:55:40Z,4d18f524fdaa6d8d7f81f9803a43d5f0,americanfootball_nfl,2023-09-10 20:27:00+00:00,Denver Broncos,Las Vegas Raiders,fanduel,FanDuel,2023-09-10T19:50:23Z,player_reception_yds,2023-09-10T19:47:19Z,Jakobi Meyers,39.5,-110.0,-110,2023,1,2023-09-10,DEN,LV,jakobi meyers,Jakobi Meyers,LV,WR,,,81.0,9.0,81.0,1,0,-3.0,3.0,43.0,False,True,3.0,-3.0,False,True,False,20.0
2023-09-10T19:55:00Z,2023-09-10T19:50:40Z,2023-09-10T19:45:40Z,2023-09-10T19:55:40Z,4d18f524fdaa6d8d7f81f9803a43d5f0,americanfootball_nfl,2023-09-10 20:27:00+00:00,Denver Broncos,Las Vegas Raiders,fanduel,FanDuel,2023-09-10T19:50:23Z,player_reception_yds,2023-09-10T19:47:19Z,Courtland Sutton,54.5,-110.0,-110,2023,1,2023-09-10,DEN,LV,courtland sutton,Courtland Sutton,DEN,WR,,,32.0,4.0,32.0,0,0,-3.0,3.0,43.0,True,False,-3.0,3.0,True,False,False,23.0
2023-09-10T19:55:00Z,2023-09-10T19:50:40Z,2023-09-10T19:45:40Z,2023-09-10T19:55:40Z,4d18f524fdaa6d8d7f81f9803a43d5f0,americanfootball_nfl,2023-09-10 20:27:00+00:00,Denver Broncos,Las Vegas Raiders,fanduel,FanDuel,2023-09-10T19:50:23Z,player_reception_yds,2023-09-10T19:47:19Z,Davante Adams,75.5,-110.0,-110,2023,1,2023-09-10,DEN,LV,davante adams,Davante Adams,LV,WR,,,66.0,6.0,66.0,0,0,-3.0,3.0,43.0,False,True,3.0,-3.0,False,True,False,20.0
2023-09-10T19:55:00Z,2023-09-10T19:50:40Z,2023-09-10T19:45:40Z,2023-09-10T19:55:40Z,4d18f524fdaa6d8d7f81f9803a43d5f0,americanfootball_nfl,2023-09-10 20:27:00+00:00,Denver Broncos,Las Vegas Raiders,fanduel,FanDuel,2023-09-10T19:50:23Z,player_reception_yds,2023-09-10T19:47:19Z,Josh Jacobs,16.5,-110.0,-110,2023,1,2023-09-10,DEN,LV,josh jacobs,Josh Jacobs,LV,HB,,48.0,23.0,2.0,23.0,1,0,-3.0,3.0,43.0,False,True,3.0,-3.0,False,True,False,20.0
2023-09-10T19:55:00Z,2023-09-10T19:50:40Z,2023-09-10T19:45:40Z,2023-09-10T19:55:40Z,d543cbc3d38bed6c7c727e3cabc1188e,americanfootball_nfl,2023-09-10 20:27:00+00:00,Los Angeles Chargers,Miami Dolphins,fanduel,FanDuel,2023-09-10T19:50:23Z,player_reception_yds,2023-09-10T19:48:33Z,Durham Smythe,15.5,-118.0,-104,2023,1,2023-09-10,LAC,MIA,durham smythe,Durham Smythe,MIA,TE,,,44.0,3.0,44.0,1,0,-3.0,3.0,50.5,False,True,3.0,-3.0,False,True,False,23.75
2023-09-10T19:55:00Z,2023-09-10T19:50:40Z,2023-09-10T19:45:40Z,2023-09-10T19:55:40Z,d543cbc3d38bed6c7c727e3cabc1188e,americanfootball_nfl,2023-09-10 20:27:00+00:00,Los Angeles Chargers,Miami Dolphins,fanduel,FanDuel,2023-09-10T19:50:23Z,player_reception_yds,2023-09-10T19:48:33Z,Tyreek Hill,84.5,-110.0,-110,2023,1,2023-09-10,LAC,MIA,tyreek hill,Tyreek Hill,MIA,WR,,,215.0,11.0,215.0,1,0,-3.0,3.0,50.5,False,True,3.0,-3.0,False,True,False,23.75
2023-09-10T19:55:00Z,2023-09-10T19:50:40Z,2023-09-10T19:45:40Z,2023-09-10T19:55:40Z,d543cbc3d38bed6c7c727e3cabc1188e,americanfootball_nfl,2023-09-10 20:27:00+00:00,Los Angeles Chargers,Miami Dolphins,fanduel,FanDuel,2023-09-10T19:50:23Z,player_reception_yds,2023-09-10T19:48:33Z,Keenan Allen,67.5,-110.0,-110,2023,1,2023-09-10,LAC,MIA,keenan allen,Keenan Allen,LAC,WR,,6.0,76.0,6.0,76.0,1,0,-3.0,3.0,50.5,True,False,-3.0,3.0,True,False,False,26.75
2023-09-10T19:55:00Z,2023-09-10T19:50:40Z,2023-09-10T19:45:40Z,2023-09-10T19:55:40Z,d543cbc3d38bed6c7c727e3cabc1188e,americanfootball_nfl,2023-09-10 20:27:00+00:00,Los Angeles Chargers,Miami Dolphins,fanduel,FanDuel,2023-09-10T19:50:23Z,player_reception_yds,2023-09-10T19:48:33Z,Austin Ekeler,31.5,-110.0,-110,2023,1,2023-09-10,LAC,MIA,austin ekeler,Austin Ekeler,LAC,HB,,117.0,47.0,4.0,47.0,1,0,-3.0,3.0,50.5,True,False,-3.0,3.0,True,False,False,26.75
2023-09-10T19:55:00Z,2023-09-10T19:50:40Z,2023-09-10T19:45:40Z,2023-09-10T19:55:40Z,d543cbc3d38bed6c7c727e3cabc1188e,americanfootball_nfl,2023-09-10 20:27:00+00:00,Los Angeles Chargers,Miami Dolphins,fanduel,FanDuel,2023-09-10T19:50:23Z,player_reception_yds,2023-09-10T19:48:33Z,Jaylen Waddle,68.5,-110.0,-110,2023,1,2023-09-10,LAC,MIA,jaylen waddle,Jaylen Waddle,MIA,WR,,,78.0,4.0,78.0,1,0,-3.0,3.0,50.5,False,True,3.0,-3.0,False,True,False,23.75
2023-09-10T19:55:00Z,2023-09-10T19:50:40Z,2023-09-10T19:45:40Z,2023-09-10T19:55:40Z,d543cbc3d38bed6c7c727e3cabc1188e,americanfootball_nfl,2023-09-10 20:27:00+00:00,Los Angeles Chargers,Miami Dolphins,fanduel,FanDuel,2023-09-10T19:50:23Z,player_reception_yds,2023-09-10T19:48:33Z,Mike Williams,60.5,-110.0,-110,2023,1,2023-09-10,LAC,MIA,mike williams,Mike Williams,LAC,WR,,,45.0,4.0,45.0,0,0,-3.0,3.0,50.5,True,False,-3.0,3.0,True,False,False,26.75
2023-09-10T19:55:00Z,2023-09-10T19:50:40Z,2023-09-10T19:45:40Z,2023-09-10T19:55:40Z,d543cbc3d38bed6c7c727e3cabc1188e,americanfootball_nfl,2023-09-10 20:27:00+00:00,Los Angeles Chargers,Miami Dolphins,fanduel,FanDuel,2023-09-10T19:50:23Z,player_reception_yds,2023-09-10T19:48:33Z,Raheem Mostert,15.5,-108.0,-112,2023,1,2023-09-10,LAC,MIA,raheem mostert,Raheem Mostert,MIA,HB,,37.0,13.0,2.0,13.0,0,0,-3.0,3.0,50.5,False,True,3.0,-3.0,False,True,False,23.75
2023-09-10T19:55:00Z,2023-09-10T19:50:40Z,2023-09-10T19:45:40Z,2023-09-10T19:55:40Z,d543cbc3d38bed6c7c727e3cabc1188e,americanfootball_nfl,2023-09-10 20:27:00+00:00,Los Angeles Chargers,Miami Dolphins,fanduel,FanDuel,2023-09-10T19:50:23Z,player_reception_yds,2023-09-10T19:48:33Z,Braxton Berrios,18.5,-110.0,-110,2023,1,2023-09-10,LAC,MIA,braxton berrios,Braxton Berrios,MIA,WR,,,42.0,3.0,42.0,1,0,-3.0,3.0,50.5,False,True,3.0,-3.0,False,True,False,23.75
2023-09-10T19:55:00Z,2023-09-10T19:50:40Z,2023-09-10T19:45:40Z,2023-09-10T19:55:40Z,d543cbc3d38bed6c7c727e3cabc1188e,americanfootball_nfl,2023-09-10 20:27:00+00:00,Los Angeles Chargers,Miami Dolphins,fanduel,FanDuel,2023-09-10T19:50:23Z,player_reception_yds,2023-09-10T19:48:33Z,Josh Palmer,29.5,-110.0,-110,2023,1,2023-09-10,LAC,MIA,josh palmer,,,,,,,,0.0,0,0,-3.0,3.0,50.5,False,False,,,False,False,False,
2023-09-10T19:55:00Z,2023-09-10T19:50:40Z,2023-09-10T19:45:40Z,2023-09-10T19:55:40Z,d543cbc3d38bed6c7c727e3cabc1188e,americanfootball_nfl,2023-09-10 20:27:00+00:00,Los Angeles Chargers,Miami Dolphins,fanduel,FanDuel,2023-09-10T19:50:23Z,player_reception_yds,2023-09-10T19:48:33Z,Gerald Everett,30.5,-110.0,-110,2023,1,2023-09-10,LAC,MIA,gerald everett,Gerald Everett,LAC,TE,,2.0,21.0,2.0,21.0,0,0,-3.0,3.0,50.5,True,False,-3.0,3.0,True,False,False,26.75
2023-09-10T19:55:00Z,2023-09-10T19:50:40Z,2023-09-10T19:45:40Z,2023-09-10T19:55:40Z,d818062d65dfa411c269ee61943655cd,americanfootball_nfl,2023-09-10 20:27:00+00:00,Seattle Seahawks,Los Angeles Rams,fanduel,FanDuel,2023-09-10T19:50:23Z,player_reception_yds,2023-09-10T19:50:38Z,DK Metcalf,60.5,-110.0,-110,2023,1,2023-09-10,SEA,LAR,dk metcalf,D.K. Metcalf,SEA,WR,,,47.0,3.0,47.0,0,0,-4.5,4.5,45.0,True,False,-4.5,4.5,True,False,False,24.75
2023-09-10T19:55:00Z,2023-09-10T19:50:40Z,2023-09-10T19:45:40Z,2023-09-10T19:55:40Z,d818062d65dfa411c269ee61943655cd,americanfootball_nfl,2023-09-10 20:27:00+00:00,Seattle Seahawks,Los Angeles Rams,fanduel,FanDuel,2023-09-10T19:50:23Z,player_reception_yds,2023-09-10T19:50:38Z,Tutu Atwell,30.5,-110.0,-110,2023,1,2023-09-10,SEA,LAR,tutu atwell,Tutu Atwell,LAR,WR,,,119.0,6.0,119.0,1,0,-4.5,4.5,45.0,False,True,4.5,-4.5,False,True,False,20.25
2023-09-10T19:55:00Z,2023-09-10T19:50:40Z,2023-09-10T19:45:40Z,2023-09-10T19:55:40Z,d818062d65dfa411c269ee61943655cd,americanfootball_nfl,2023-09-10 20:27:00+00:00,Seattle Seahawks,Los Angeles Rams,fanduel,FanDuel,2023-09-10T19:50:23Z,player_reception_yds,2023-09-10T19:50:38Z,Tyler Lockett,55.5,-110.0,-110,2023,1,2023-09-10,SEA,LAR,tyler lockett,Tyler Lockett,SEA,WR,,,10.0,2.0,10.0,0,0,-4.5,4.5,45.0,True,False,-4.5,4.5,True,False,False,24.75
2023-09-10T19:55:00Z,2023-09-10T19:50:40Z,2023-09-10T19:45:40Z,2023-09-10T19:55:40Z,d818062d65dfa411c269ee61943655cd,americanfootball_nfl,2023-09-10 20:27:00+00:00,Seattle Seahawks,Los Angeles Rams,fanduel,FanDuel,2023-09-10T19:50:23Z,player_reception_yds,2023-09-10T19:50:38Z,Van Jefferson,44.5,-110.0,-110,2023,1,2023-09-10,SEA,LAR,van jefferson,Van Jefferson,LAR,WR,,,24.0,4.0,24.0,0,0,-4.5,4.5,45.0,False,True,4.5,-4.5,False,True,False,20.25
2023-09-10T19:55:00Z,2023-09-10T19:50:40Z,2023-09-10T19:45:40Z,2023-09-10T19:55:40Z,d818062d65dfa411c269ee61943655cd,americanfootball_nfl,2023-09-10 20:27:00+00:00,Seattle Seahawks,Los Angeles Rams,fanduel,FanDuel,2023-09-10T19:50:23Z,player_reception_yds,2023-09-10T19:50:38Z,Puka Nacua,26.5,-110.0,-110,2023,1,2023-09-10,SEA,LAR,puka nacua,Puka Nacua,LAR,WR,,,119.0,10.0,119.0,1,0,-4.5,4.5,45.0,False,True,4.5,-4.5,False,True,False,20.25
2023-09-10T19:55:00Z,2023-09-10T19:50:40Z,2023-09-10T19:45:40Z,2023-09-10T19:55:40Z,d818062d65dfa411c269ee61943655cd,americanfootball_nfl,2023-09-10 20:27:00+00:00,Seattle Seahawks,Los Angeles Rams,fanduel,FanDuel,2023-09-10T19:50:23Z,player_reception_yds,2023-09-10T19:50:38Z,Tyler Higbee,42.5,-110.0,-110,2023,1,2023-09-10,SEA,LAR,tyler higbee,Tyler Higbee,LAR,TE,,,49.0,3.0,49.0,1,0,-4.5,4.5,45.0,False,True,4.5,-4.5,False,True,False,20.25
2023-09-10T19:55:00Z,2023-09-10T19:50:40Z,2023-09-10T19:45:40Z,2023-09-10T19:55:40Z,d818062d65dfa411c269ee61943655cd,americanfootball_nfl,2023-09-10 20:27:00+00:00,Seattle Seahawks,Los Angeles Rams,fanduel,FanDuel,2023-09-10T19:50:23Z,player_reception_yds,2023-09-10T19:50:38Z,Jaxon Smith-Njigba,30.5,-110.0,-110,2023,1,2023-09-10,SEA,LAR,jaxon smith njigba,Jaxon Smith-Njigba,SEA,WR,,,13.0,3.0,13.0,0,0,-4.5,4.5,45.0,True,False,-4.5,4.5,True,False,False,24.75
2023-09-10T19:55:00Z,2023-09-10T19:50:40Z,2023-09-10T19:45:40Z,2023-09-10T19:55:40Z,d818062d65dfa411c269ee61943655cd,americanfootball_nfl,2023-09-10 20:27:00+00:00,Seattle Seahawks,Los Angeles Rams,fanduel,FanDuel,2023-09-10T19:50:23Z,player_reception_yds,2023-09-10T19:50:38Z,Noah Fant,24.5,-110.0,-110,2023,1,2023-09-10,SEA,LAR,noah fant,,,,,,,,0.0,0,0,-4.5,4.5,45.0,False,False,,,False,False,False,
2023-09-10T19:55:00Z,2023-09-10T19:50:40Z,2023-09-10T19:45:40Z,2023-09-10T19:55:40Z,0a368c64b212ecbad4ec46f6ff6c1af2,americanfootball_nfl,2023-09-10 20:27:00+00:00,New England Patriots,Philadelphia Eagles,fanduel,FanDuel,2023-09-10T19:50:23Z,player_reception_yds,2023-09-10T19:48:46Z,Hunter Henry,30.5,-110.0,-110,2023,1,2023-09-10,NE,PHI,hunter henry,Hunter Henry,NE,TE,,,56.0,5.0,56.0,1,0,3.5,-3.5,44.5,True,False,3.5,-3.5,False,True,False,20.5
2023-09-10T19:55:00Z,2023-09-10T19:50:40Z,2023-09-10T19:45:40Z,2023-09-10T19:55:40Z,0a368c64b212ecbad4ec46f6ff6c1af2,americanfootball_nfl,2023-09-10 20:27:00+00:00,New England Patriots,Philadelphia Eagles,fanduel,FanDuel,2023-09-10T19:50:23Z,player_reception_yds,2023-09-10T19:48:46Z,JuJu Smith-Schuster,46.5,-110.0,-110,2023,1,2023-09-10,NE,PHI,juju smith schuster,JuJu Smith-Schuster,NE,WR,,,33.0,4.0,33.0,0,0,3.5,-3.5,44.5,True,False,3.5,-3.5,False,True,False,20.5
2023-09-10T19:55:00Z,2023-09-10T19:50:40Z,2023-09-10T19:45:40Z,2023-09-10T19:55:40Z,0a368c64b212ecbad4ec46f6ff6c1af2,americanfootball_nfl,2023-09-10 20:27:00+00:00,New England Patriots,Philadelphia Eagles,fanduel,FanDuel,2023-09-10T19:50:23Z,player_reception_yds,2023-09-10T19:48:46Z,Rhamondre Stevenson,19.5,-110.0,-110,2023,1,2023-09-10,NE,PHI,rhamondre stevenson,Rhamondre Stevenson,NE,HB,,25.0,64.0,6.0,64.0,1,0,3.5,-3.5,44.5,True,False,3.5,-3.5,False,True,False,20.5
2023-09-10T19:55:00Z,2023-09-10T19:50:40Z,2023-09-10T19:45:40Z,2023-09-10T19:55:40Z,0a368c64b212ecbad4ec46f6ff6c1af2,americanfootball_nfl,2023-09-10 20:27:00+00:00,New England Patriots,Philadelphia Eagles,fanduel,FanDuel,2023-09-10T19:50:23Z,player_reception_yds,2023-09-10T19:48:46Z,D'Andre Swift,17.5,-105.0,-115,2023,1,2023-09-10,NE,PHI,dandre swift,D'Andre Swift,PHI,HB,,3.0,0.0,1.0,0.0,0,0,3.5,-3.5,44.5,False,True,-3.5,3.5,True,False,False,24.0
2023-09-10T19:55:00Z,2023-09-10T19:50:40Z,2023-09-10T19:45:40Z,2023-09-10T19:55:40Z,0a368c64b212ecbad4ec46f6ff6c1af2,americanfootball_nfl,2023-09-10 20:27:00+00:00,New England Patriots,Philadelphia Eagles,fanduel,FanDuel,2023-09-10T19:50:23Z,player_reception_yds,2023-09-10T19:48:46Z,Demario Douglas,20.5,-110.0,-110,2023,1,2023-09-10,NE,PHI,demario douglas,Demario Douglas,NE,WR,,,40.0,4.0,40.0,1,0,3.5,-3.5,44.5,True,False,3.5,-3.5,False,True,False,20.5
2023-09-10T19:55:00Z,2023-09-10T19:50:40Z,2023-09-10T19:45:40Z,2023-09-10T19:55:40Z,0a368c64b212ecbad4ec46f6ff6c1af2,americanfootball_nfl,2023-09-10 20:27:00+00:00,New England Patriots,Philadelphia Eagles,fanduel,FanDuel,2023-09-10T19:50:23Z,player_reception_yds,2023-09-10T19:48:46Z,DeVonta Smith,61.5,-110.0,-110,2023,1,2023-09-10,NE,PHI,devonta smith,DeVonta Smith,PHI,WR,,,47.0,7.0,47.0,0,0,3.5,-3.5,44.5,False,True,-3.5,3.5,True,False,False,24.0
2023-09-10T19:55:00Z,2023-09-10T19:50:40Z,2023-09-10T19:45:40Z,2023-09-10T19:55:40Z,0a368c64b212ecbad4ec46f6ff6c1af2,americanfootball_nfl,2023-09-10 20:27:00+00:00,New England Patriots,Philadelphia Eagles,fanduel,FanDuel,2023-09-10T19:50:23Z,player_reception_yds,2023-09-10T19:48:46Z,A.J. Brown,71.5,-110.0,-110,2023,1,2023-09-10,NE,PHI,aj brown,A.J. Brown,PHI,WR,,,79.0,7.0,79.0,1,0,3.5,-3.5,44.5,False,True,-3.5,3.5,True,False,False,24.0
2023-09-10T19:55:00Z,2023-09-10T19:50:40Z,2023-09-10T19:45:40Z,2023-09-10T19:55:40Z,0a368c64b212ecbad4ec46f6ff6c1af2,americanfootball_nfl,2023-09-10 20:27:00+00:00,New England Patriots,Philadelphia Eagles,fanduel,FanDuel,2023-09-10T19:50:23Z,player_reception_yds,2023-09-10T19:48:46Z,Dallas Goedert,40.5,-110.0,-110,2023,1,2023-09-10,NE,PHI,dallas goedert,Dallas Goedert,PHI,TE,,,0.0,0.0,0.0,0,0,3.5,-3.5,44.5,False,True,-3.5,3.5,True,False,False,24.0
2023-09-10T19:55:00Z,2023-09-10T19:50:40Z,2023-09-10T19:45:40Z,2023-09-10T19:55:40Z,0a368c64b212ecbad4ec46f6ff6c1af2,americanfootball_nfl,2023-09-10 20:27:00+00:00,New England Patriots,Philadelphia Eagles,fanduel,FanDuel,2023-09-10T19:50:23Z,player_reception_yds,2023-09-10T19:48:46Z,Mike Gesicki,20.5,-110.0,-110,2023,1,2023-09-10,NE,PHI,mike gesicki,Mike Gesicki,NE,TE,,,36.0,3.0,36.0,1,0,3.5,-3.5,44.5,True,False,3.5,-3.5,False,True,False,20.5
2023-09-10T19:55:00Z,2023-09-10T19:50:40Z,2023-09-10T19:45:40Z,2023-09-10T19:55:40Z,0a368c64b212ecbad4ec46f6ff6c1af2,americanfootball_nfl,2023-09-10 20:27:00+00:00,New England Patriots,Philadelphia Eagles,fanduel,FanDuel,2023-09-10T19:50:23Z,player_reception_yds,2023-09-10T19:48:46Z,Kendrick Bourne,37.5,-110.0,-110,2023,1,2023-09-10,NE,PHI,kendrick bourne,Kendrick Bourne,NE,WR,,,64.0,6.0,64.0,1,0,3.5,-3.5,44.5,True,False,3.5,-3.5,False,True,False,20.5
2023-09-10T23:50:00Z,2023-09-10T23:45:41Z,2023-09-10T23:40:40Z,2023-09-10T23:50:41Z,2dd1bc48e4929ba7ed2b38fc668b1609,americanfootball_nfl,2023-09-11 00:20:00+00:00,New York Giants,Dallas Cowboys,fanduel,FanDuel,2023-09-10T23:45:17Z,player_reception_yds,2023-09-10T23:41:41Z,CeeDee Lamb,74.5,-110.0,-110,2023,1,2023-09-10,NYG,DAL,ceedee lamb,CeeDee Lamb,DAL,WR,,,77.0,4.0,77.0,1,0,3.5,-3.5,44.5,False,True,-3.5,3.5,True,False,False,24.0
2023-09-10T23:50:00Z,2023-09-10T23:45:41Z,2023-09-10T23:40:40Z,2023-09-10T23:50:41Z,2dd1bc48e4929ba7ed2b38fc668b1609,americanfootball_nfl,2023-09-11 00:20:00+00:00,New York Giants,Dallas Cowboys,fanduel,FanDuel,2023-09-10T23:45:17Z,player_reception_yds,2023-09-10T23:41:41Z,Paris Campbell,25.5,-110.0,-110,2023,1,2023-09-10,NYG,DAL,paris campbell,,,,,,,,0.0,0,0,3.5,-3.5,44.5,False,False,,,False,False,False,
2023-09-10T23:50:00Z,2023-09-10T23:45:41Z,2023-09-10T23:40:40Z,2023-09-10T23:50:41Z,2dd1bc48e4929ba7ed2b38fc668b1609,americanfootball_nfl,2023-09-11 00:20:00+00:00,New York Giants,Dallas Cowboys,fanduel,FanDuel,2023-09-10T23:45:17Z,player_reception_yds,2023-09-10T23:41:41Z,Michael Gallup,32.5,-110.0,-110,2023,1,2023-09-10,NYG,DAL,michael gallup,Michael Gallup,DAL,WR,,,10.0,1.0,10.0,0,0,3.5,-3.5,44.5,False,True,-3.5,3.5,True,False,False,24.0
2023-09-10T23:50:00Z,2023-09-10T23:45:41Z,2023-09-10T23:40:40Z,2023-09-10T23:50:41Z,2dd1bc48e4929ba7ed2b38fc668b1609,americanfootball_nfl,2023-09-11 00:20:00+00:00,New York Giants,Dallas Cowboys,fanduel,FanDuel,2023-09-10T23:45:17Z,player_reception_yds,2023-09-10T23:41:41Z,Jalin Hyatt,15.5,-110.0,-110,2023,1,2023-09-10,NYG,DAL,jalin hyatt,Jalin Hyatt,NYG,WR,,,0.0,0.0,0.0,0,0,3.5,-3.5,44.5,True,False,3.5,-3.5,False,True,False,20.5
2023-09-10T23:50:00Z,2023-09-10T23:45:41Z,2023-09-10T23:40:40Z,2023-09-10T23:50:41Z,2dd1bc48e4929ba7ed2b38fc668b1609,americanfootball_nfl,2023-09-11 00:20:00+00:00,New York Giants,Dallas Cowboys,fanduel,FanDuel,2023-09-10T23:45:17Z,player_reception_yds,2023-09-10T23:41:41Z,Brandin Cooks,44.5,-110.0,-110,2023,1,2023-09-10,NYG,DAL,brandin cooks,Brandin Cooks,DAL,WR,,,22.0,2.0,22.0,0,0,3.5,-3.5,44.5,False,True,-3.5,3.5,True,False,False,24.0
2023-09-10T23:50:00Z,2023-09-10T23:45:41Z,2023-09-10T23:40:40Z,2023-09-10T23:50:41Z,2dd1bc48e4929ba7ed2b38fc668b1609,americanfootball_nfl,2023-09-11 00:20:00+00:00,New York Giants,Dallas Cowboys,fanduel,FanDuel,2023-09-10T23:45:17Z,player_reception_yds,2023-09-10T23:41:41Z,Darren Waller,45.5,-110.0,-110,2023,1,2023-09-10,NYG,DAL,darren waller,Darren Waller,NYG,TE,,,36.0,3.0,36.0,0,0,3.5,-3.5,44.5,True,False,3.5,-3.5,False,True,False,20.5
2023-09-10T23:50:00Z,2023-09-10T23:45:41Z,2023-09-10T23:40:40Z,2023-09-10T23:50:41Z,2dd1bc48e4929ba7ed2b38fc668b1609,americanfootball_nfl,2023-09-11 00:20:00+00:00,New York Giants,Dallas Cowboys,fanduel,FanDuel,2023-09-10T23:45:17Z,player_reception_yds,2023-09-10T23:41:41Z,Saquon Barkley,20.5,-110.0,-110,2023,1,2023-09-10,NYG,DAL,saquon barkley,Saquon Barkley,NYG,HB,,51.0,12.0,3.0,12.0,0,0,3.5,-3.5,44.5,True,False,3.5,-3.5,False,True,False,20.5
2023-09-10T23:50:00Z,2023-09-10T23:45:41Z,2023-09-10T23:40:40Z,2023-09-10T23:50:41Z,2dd1bc48e4929ba7ed2b38fc668b1609,americanfootball_nfl,2023-09-11 00:20:00+00:00,New York Giants,Dallas Cowboys,fanduel,FanDuel,2023-09-10T23:45:17Z,player_reception_yds,2023-09-10T23:41:41Z,Tony Pollard,18.5,-110.0,-110,2023,1,2023-09-10,NYG,DAL,tony pollard,Tony Pollard,DAL,HB,,70.0,12.0,2.0,12.0,0,0,3.5,-3.5,44.5,False,True,-3.5,3.5,True,False,False,24.0
2023-09-10T23:50:00Z,2023-09-10T23:45:41Z,2023-09-10T23:40:40Z,2023-09-10T23:50:41Z,2dd1bc48e4929ba7ed2b38fc668b1609,americanfootball_nfl,2023-09-11 00:20:00+00:00,New York Giants,Dallas Cowboys,fanduel,FanDuel,2023-09-10T23:45:17Z,player_reception_yds,2023-09-10T23:41:41Z,Jake Ferguson,26.5,-110.0,-110,2023,1,2023-09-10,NYG,DAL,jake ferguson,Jake Ferguson,DAL,TE,,,11.0,2.0,11.0,0,0,3.5,-3.5,44.5,False,True,-3.5,3.5,True,False,False,24.0
2023-09-10T23:50:00Z,2023-09-10T23:45:41Z,2023-09-10T23:40:40Z,2023-09-10T23:50:41Z,2dd1bc48e4929ba7ed2b38fc668b1609,americanfootball_nfl,2023-09-11 00:20:00+00:00,New York Giants,Dallas Cowboys,fanduel,FanDuel,2023-09-10T23:45:17Z,player_reception_yds,2023-09-10T23:41:41Z,Isaiah Hodgins,28.5,-110.0,-110,2023,1,2023-09-10,NYG,DAL,isaiah hodgins,Isaiah Hodgins,NYG,WR,,,24.0,1.0,24.0,0,0,3.5,-3.5,44.5,True,False,3.5,-3.5,False,True,False,20.5
2023-09-10T23:50:00Z,2023-09-10T23:45:41Z,2023-09-10T23:40:40Z,2023-09-10T23:50:41Z,2dd1bc48e4929ba7ed2b38fc668b1609,americanfootball_nfl,2023-09-11 00:20:00+00:00,New York Giants,Dallas Cowboys,fanduel,FanDuel,2023-09-10T23:45:17Z,player_reception_yds,2023-09-10T23:41:41Z,Darius Slayton,32.5,-110.0,-110,2023,1,2023-09-10,NYG,DAL,darius slayton,Darius Slayton,NYG,WR,,,15.0,3.0,15.0,0,0,3.5,-3.5,44.5,True,False,3.5,-3.5,False,True,False,20.5
2023-09-11T23:45:00Z,2023-09-11T23:40:41Z,2023-09-11T23:35:42Z,2023-09-11T23:45:42Z,87ca05f061855f8497a3a81d9942b5d1,americanfootball_nfl,2023-09-12 00:20:00+00:00,New York Jets,Buffalo Bills,fanduel,FanDuel,2023-09-11T23:40:08Z,player_reception_yds,2023-09-11T23:40:59Z,Randall Cobb,20.5,-115.0,-105,2023,1,2023-09-11,NYJ,BUF,randall cobb,Randall Cobb,NYJ,WR,,,0.0,0.0,0.0,0,0,2.5,-2.5,44.5,True,False,2.5,-2.5,False,True,False,21.0
2023-09-11T23:45:00Z,2023-09-11T23:40:41Z,2023-09-11T23:35:42Z,2023-09-11T23:45:42Z,87ca05f061855f8497a3a81d9942b5d1,americanfootball_nfl,2023-09-12 00:20:00+00:00,New York Jets,Buffalo Bills,fanduel,FanDuel,2023-09-11T23:40:08Z,player_reception_yds,2023-09-11T23:40:59Z,Dalton Kincaid,27.5,-110.0,-110,2023,1,2023-09-11,NYJ,BUF,dalton kincaid,Dalton Kincaid,BUF,TE,,,26.0,4.0,26.0,0,0,2.5,-2.5,44.5,False,True,-2.5,2.5,True,False,False,23.5
2023-09-11T23:45:00Z,2023-09-11T23:40:41Z,2023-09-11T23:35:42Z,2023-09-11T23:45:42Z,87ca05f061855f8497a3a81d9942b5d1,americanfootball_nfl,2023-09-12 00:20:00+00:00,New York Jets,Buffalo Bills,fanduel,FanDuel,2023-09-11T23:40:08Z,player_reception_yds,2023-09-11T23:40:59Z,Breece Hall,10.5,-110.0,-110,2023,1,2023-09-11,NYJ,BUF,breece hall,Breece Hall,NYJ,HB,,127.0,20.0,1.0,20.0,1,0,2.5,-2.5,44.5,True,False,2.5,-2.5,False,True,False,21.0
2023-09-11T23:45:00Z,2023-09-11T23:40:41Z,2023-09-11T23:35:42Z,2023-09-11T23:45:42Z,87ca05f061855f8497a3a81d9942b5d1,americanfootball_nfl,2023-09-12 00:20:00+00:00,New York Jets,Buffalo Bills,fanduel,FanDuel,2023-09-11T23:40:08Z,player_reception_yds,2023-09-11T23:40:59Z,Garrett Wilson,69.5,-110.0,-110,2023,1,2023-09-11,NYJ,BUF,garrett wilson,Garrett Wilson,NYJ,WR,,,34.0,5.0,34.0,0,0,2.5,-2.5,44.5,True,False,2.5,-2.5,False,True,False,21.0
2023-09-11T23:45:00Z,2023-09-11T23:40:41Z,2023-09-11T23:35:42Z,2023-09-11T23:45:42Z,87ca05f061855f8497a3a81d9942b5d1,americanfootball_nfl,2023-09-12 00:20:00+00:00,New York Jets,Buffalo Bills,fanduel,FanDuel,2023-09-11T23:40:08Z,player_reception_yds,2023-09-11T23:40:59Z,James Cook,14.5,-144.0,118,2023,1,2023-09-11,NYJ,BUF,james cook,James Cook,BUF,HB,,46.0,17.0,4.0,17.0,1,0,2.5,-2.5,44.5,False,True,-2.5,2.5,True,False,False,23.5
2023-09-11T23:45:00Z,2023-09-11T23:40:41Z,2023-09-11T23:35:42Z,2023-09-11T23:45:42Z,87ca05f061855f8497a3a81d9942b5d1,americanfootball_nfl,2023-09-12 00:20:00+00:00,New York Jets,Buffalo Bills,fanduel,FanDuel,2023-09-11T23:40:08Z,player_reception_yds,2023-09-11T23:40:59Z,Damien Harris,5.5,-110.0,-110,2023,1,2023-09-11,NYJ,BUF,damien harris,Damien Harris,BUF,HB,,3.0,16.0,2.0,16.0,1,0,2.5,-2.5,44.5,False,True,-2.5,2.5,True,False,False,23.5
2023-09-11T23:45:00Z,2023-09-11T23:40:41Z,2023-09-11T23:35:42Z,2023-09-11T23:45:42Z,87ca05f061855f8497a3a81d9942b5d1,americanfootball_nfl,2023-09-12 00:20:00+00:00,New York Jets,Buffalo Bills,fanduel,FanDuel,2023-09-11T23:40:08Z,player_reception_yds,2023-09-11T23:40:59Z,Mecole Hardman Jr.,17.5,-110.0,-110,2023,1,2023-09-11,NYJ,BUF,mecole hardman,,,,,,,,0.0,0,0,2.5,-2.5,44.5,False,False,,,False,False,False,
2023-09-11T23:45:00Z,2023-09-11T23:40:41Z,2023-09-11T23:35:42Z,2023-09-11T23:45:42Z,87ca05f061855f8497a3a81d9942b5d1,americanfootball_nfl,2023-09-12 00:20:00+00:00,New York Jets,Buffalo Bills,fanduel,FanDuel,2023-09-11T23:40:08Z,player_reception_yds,2023-09-11T23:40:59Z,Deonte Harty,17.5,-110.0,-110,2023,1,2023-09-11,NYJ,BUF,deonte harty,Deonte Harty,BUF,WR,,4.0,9.0,3.0,9.0,0,0,2.5,-2.5,44.5,False,True,-2.5,2.5,True,False,False,23.5
2023-09-11T23:45:00Z,2023-09-11T23:40:41Z,2023-09-11T23:35:42Z,2023-09-11T23:45:42Z,87ca05f061855f8497a3a81d9942b5d1,americanfootball_nfl,2023-09-12 00:20:00+00:00,New York Jets,Buffalo Bills,fanduel,FanDuel,2023-09-11T23:40:08Z,player_reception_yds,2023-09-11T23:40:59Z,Dawson Knox,20.5,-110.0,-110,2023,1,2023-09-11,NYJ,BUF,dawson knox,Dawson Knox,BUF,TE,,,25.0,3.0,25.0,1,0,2.5,-2.5,44.5,False,True,-2.5,2.5,True,False,False,23.5
2023-09-11T23:45:00Z,2023-09-11T23:40:41Z,2023-09-11T23:35:42Z,2023-09-11T23:45:42Z,87ca05f061855f8497a3a81d9942b5d1,americanfootball_nfl,2023-09-12 00:20:00+00:00,New York Jets,Buffalo Bills,fanduel,FanDuel,2023-09-11T23:40:08Z,player_reception_yds,2023-09-11T23:40:59Z,Dalvin Cook,10.5,-110.0,-110,2023,1,2023-09-11,NYJ,BUF,dalvin cook,Dalvin Cook,NYJ,HB,,33.0,26.0,3.0,26.0,1,0,2.5,-2.5,44.5,True,False,2.5,-2.5,False,True,False,21.0
2023-09-11T23:45:00Z,2023-09-11T23:40:41Z,2023-09-11T23:35:42Z,2023-09-11T23:45:42Z,87ca05f061855f8497a3a81d9942b5d1,americanfootball_nfl,2023-09-12 00:20:00+00:00,New York Jets,Buffalo Bills,fanduel,FanDuel,2023-09-11T23:40:08Z,player_reception_yds,2023-09-11T23:40:59Z,Gabriel Davis,43.5,-105.0,-115,2023,1,2023-09-11,NYJ,BUF,gabriel davis,,,,,,,,0.0,0,0,2.5,-2.5,44.5,False,False,,,False,False,False,
2023-09-11T23:45:00Z,2023-09-11T23:40:41Z,2023-09-11T23:35:42Z,2023-09-11T23:45:42Z,87ca05f061855f8497a3a81d9942b5d1,americanfootball_nfl,2023-09-12 00:20:00+00:00,New York Jets,Buffalo Bills,fanduel,FanDuel,2023-09-11T23:40:08Z,player_reception_yds,2023-09-11T23:40:59Z,Allen Lazard,36.5,-110.0,-110,2023,1,2023-09-11,NYJ,BUF,allen lazard,Allen Lazard,NYJ,WR,,,46.0,2.0,46.0,1,0,2.5,-2.5,44.5,True,False,2.5,-2.5,False,True,False,21.0
2023-09-11T23:45:00Z,2023-09-11T23:40:41Z,2023-09-11T23:35:42Z,2023-09-11T23:45:42Z,87ca05f061855f8497a3a81d9942b5d1,americanfootball_nfl,2023-09-12 00:20:00+00:00,New York Jets,Buffalo Bills,fanduel,FanDuel,2023-09-11T23:40:08Z,player_reception_yds,2023-09-11T23:40:59Z,Tyler Conklin,21.5,-110.0,-110,2023,1,2023-09-11,NYJ,BUF,tyler conklin,Tyler Conklin,NYJ,TE,,,2.0,1.0,2.0,0,0,2.5,-2.5,44.5,True,False,2.5,-2.5,False,True,False,21.0
2023-09-11T23:45:00Z,2023-09-11T23:40:41Z,2023-09-11T23:35:42Z,2023-09-11T23:45:42Z,87ca05f061855f8497a3a81d9942b5d1,americanfootball_nfl,2023-09-12 00:20:00+00:00,New York Jets,Buffalo Bills,fanduel,FanDuel,2023-09-11T23:40:08Z,player_reception_yds,2023-09-11T23:40:59Z,Stefon Diggs,69.5,-110.0,-110,2023,1,2023-09-11,NYJ,BUF,stefon diggs,Stefon Diggs,BUF,WR,,,102.0,10.0,102.0,1,0,2.5,-2.5,44.5,False,True,-2.5,2.5,True,False,False,23.5
2023-09-14T23:45:00Z,2023-09-14T23:40:44Z,2023-09-14T23:35:43Z,2023-09-14T23:45:43Z,217559949d3b88a1267c2c4c480eab51,americanfootball_nfl,2023-09-15 00:16:00+00:00,Philadelphia Eagles,Minnesota Vikings,fanduel,FanDuel,2023-09-14T23:39:12Z,player_reception_yds,2023-09-14T23:36:46Z,Justin Jefferson,94.5,-110.0,-110,2023,2,2023-09-14,PHI,MIN,justin jefferson,Justin Jefferson,MIN,WR,,,159.0,11.0,159.0,1,0,-6.0,6.0,49.0,False,True,6.0,-6.0,False,True,False,21.5
2023-09-14T23:45:00Z,2023-09-14T23:40:44Z,2023-09-14T23:35:43Z,2023-09-14T23:45:43Z,217559949d3b88a1267c2c4c480eab51,americanfootball_nfl,2023-09-15 00:16:00+00:00,Philadelphia Eagles,Minnesota Vikings,fanduel,FanDuel,2023-09-14T23:39:12Z,player_reception_yds,2023-09-14T23:36:46Z,Alexander Mattison,15.5,-110.0,-110,2023,2,2023-09-14,PHI,MIN,alexander mattison,Alexander Mattison,MIN,HB,,28.0,11.0,3.0,11.0,0,0,-6.0,6.0,49.0,False,True,6.0,-6.0,False,True,False,21.5
2023-09-14T23:45:00Z,2023-09-14T23:40:44Z,2023-09-14T23:35:43Z,2023-09-14T23:45:43Z,217559949d3b88a1267c2c4c480eab51,americanfootball_nfl,2023-09-15 00:16:00+00:00,Philadelphia Eagles,Minnesota Vikings,fanduel,FanDuel,2023-09-14T23:39:12Z,player_reception_yds,2023-09-14T23:36:46Z,KJ Osborn,30.5,-110.0,-110,2023,2,2023-09-14,PHI,MIN,kj osborn,K.J. Osborn,MIN,WR,,,34.0,3.0,34.0,1,0,-6.0,6.0,49.0,False,True,6.0,-6.0,False,True,False,21.5
2023-09-14T23:45:00Z,2023-09-14T23:40:44Z,2023-09-14T23:35:43Z,2023-09-14T23:45:43Z,217559949d3b88a1267c2c4c480eab51,americanfootball_nfl,2023-09-15 00:16:00+00:00,Philadelphia Eagles,Minnesota Vikings,fanduel,FanDuel,2023-09-14T23:39:12Z,player_reception_yds,2023-09-14T23:36:46Z,D'Andre Swift,16.5,-115.0,-105,2023,2,2023-09-14,PHI,MIN,dandre swift,D'Andre Swift,PHI,HB,,175.0,6.0,3.0,6.0,0,0,-6.0,6.0,49.0,True,False,-6.0,6.0,True,False,False,27.5
2023-09-14T23:45:00Z,2023-09-14T23:40:44Z,2023-09-14T23:35:43Z,2023-09-14T23:45:43Z,217559949d3b88a1267c2c4c480eab51,americanfootball_nfl,2023-09-15 00:16:00+00:00,Philadelphia Eagles,Minnesota Vikings,fanduel,FanDuel,2023-09-14T23:39:12Z,player_reception_yds,2023-09-14T23:36:46Z,Quez Watkins,15.5,-110.0,-110,2023,2,2023-09-14,PHI,MIN,quez watkins,,,,,,,,0.0,0,0,-6.0,6.0,49.0,False,False,,,False,False,False,
2023-09-14T23:45:00Z,2023-09-14T23:40:44Z,2023-09-14T23:35:43Z,2023-09-14T23:45:43Z,217559949d3b88a1267c2c4c480eab51,americanfootball_nfl,2023-09-15 00:16:00+00:00,Philadelphia Eagles,Minnesota Vikings,fanduel,FanDuel,2023-09-14T23:39:12Z,player_reception_yds,2023-09-14T23:36:46Z,Dallas Goedert,48.5,-110.0,-110,2023,2,2023-09-14,PHI,MIN,dallas goedert,Dallas Goedert,PHI,TE,,,22.0,6.0,22.0,0,0,-6.0,6.0,49.0,True,False,-6.0,6.0,True,False,False,27.5
2023-09-14T23:45:00Z,2023-09-14T23:40:44Z,2023-09-14T23:35:43Z,2023-09-14T23:45:43Z,217559949d3b88a1267c2c4c480eab51,americanfootball_nfl,2023-09-15 00:16:00+00:00,Philadelphia Eagles,Minnesota Vikings,fanduel,FanDuel,2023-09-14T23:39:12Z,player_reception_yds,2023-09-14T23:36:46Z,Jordan Addison,44.5,-110.0,-110,2023,2,2023-09-14,PHI,MIN,jordan addison,Jordan Addison,MIN,WR,,,72.0,3.0,72.0,1,0,-6.0,6.0,49.0,False,True,6.0,-6.0,False,True,False,21.5
2023-09-14T23:45:00Z,2023-09-14T23:40:44Z,2023-09-14T23:35:43Z,2023-09-14T23:45:43Z,217559949d3b88a1267c2c4c480eab51,americanfootball_nfl,2023-09-15 00:16:00+00:00,Philadelphia Eagles,Minnesota Vikings,fanduel,FanDuel,2023-09-14T23:39:12Z,player_reception_yds,2023-09-14T23:36:46Z,A.J. Brown,75.5,-110.0,-110,2023,2,2023-09-14,PHI,MIN,aj brown,A.J. Brown,PHI,WR,,,29.0,4.0,29.0,0,0,-6.0,6.0,49.0,True,False,-6.0,6.0,True,False,False,27.5
2023-09-14T23:45:00Z,2023-09-14T23:40:44Z,2023-09-14T23:35:43Z,2023-09-14T23:45:43Z,217559949d3b88a1267c2c4c480eab51,americanfootball_nfl,2023-09-15 00:16:00+00:00,Philadelphia Eagles,Minnesota Vikings,fanduel,FanDuel,2023-09-14T23:39:12Z,player_reception_yds,2023-09-14T23:36:46Z,T.J. Hockenson,48.5,-110.0,-110,2023,2,2023-09-14,PHI,MIN,tj hockenson,T.J. Hockenson,MIN,TE,,,66.0,7.0,66.0,1,0,-6.0,6.0,49.0,False,True,6.0,-6.0,False,True,False,21.5
2023-09-14T23:45:00Z,2023-09-14T23:40:44Z,2023-09-14T23:35:43Z,2023-09-14T23:45:43Z,217559949d3b88a1267c2c4c480eab51,americanfootball_nfl,2023-09-15 00:16:00+00:00,Philadelphia Eagles,Minnesota Vikings,fanduel,FanDuel,2023-09-14T23:39:12Z,player_reception_yds,2023-09-14T23:36:46Z,DeVonta Smith,65.5,-110.0,-110,2023,2,2023-09-14,PHI,MIN,devonta smith,DeVonta Smith,PHI,WR,,,131.0,4.0,131.0,1,0,-6.0,6.0,49.0,True,False,-6.0,6.0,True,False,False,27.5
2023-09-17T16:30:00Z,2023-09-17T16:25:41Z,2023-09-17T16:20:41Z,2023-09-17T16:30:41Z,666546663407166ca824cc304f740dfe,americanfootball_nfl,2023-09-17 17:01:00+00:00,Atlanta Falcons,Green Bay Packers,fanduel,FanDuel,2023-09-17T16:24:24Z,player_reception_yds,2023-09-17T16:25:29Z,Bijan Robinson,21.5,100.0,-122,2023,2,2023-09-17,ATL,GB,bijan robinson,Bijan Robinson,ATL,HB,,124.0,48.0,4.0,48.0,1,0,-3.0,3.0,40.5,True,False,-3.0,3.0,True,False,False,21.75
2023-09-17T16:30:00Z,2023-09-17T16:25:41Z,2023-09-17T16:20:41Z,2023-09-17T16:30:41Z,666546663407166ca824cc304f740dfe,americanfootball_nfl,2023-09-17 17:01:00+00:00,Atlanta Falcons,Green Bay Packers,fanduel,FanDuel,2023-09-17T16:24:24Z,player_reception_yds,2023-09-17T16:25:29Z,Tyler Allgeier,7.5,-110.0,-110,2023,2,2023-09-17,ATL,GB,tyler allgeier,Tyler Allgeier,ATL,HB,,48.0,,,0.0,0,0,-3.0,3.0,40.5,True,False,-3.0,3.0,True,False,False,21.75
2023-09-17T16:30:00Z,2023-09-17T16:25:41Z,2023-09-17T16:20:41Z,2023-09-17T16:30:41Z,666546663407166ca824cc304f740dfe,americanfootball_nfl,2023-09-17 17:01:00+00:00,Atlanta Falcons,Green Bay Packers,fanduel,FanDuel,2023-09-17T16:24:24Z,player_reception_yds,2023-09-17T16:25:29Z,Luke Musgrave,36.5,-110.0,-110,2023,2,2023-09-17,ATL,GB,luke musgrave,Luke Musgrave,GB,TE,,,25.0,2.0,25.0,0,0,-3.0,3.0,40.5,False,True,3.0,-3.0,False,True,False,18.75
2023-09-17T16:30:00Z,2023-09-17T16:25:41Z,2023-09-17T16:20:41Z,2023-09-17T16:30:41Z,666546663407166ca824cc304f740dfe,americanfootball_nfl,2023-09-17 17:01:00+00:00,Atlanta Falcons,Green Bay Packers,fanduel,FanDuel,2023-09-17T16:24:24Z,player_reception_yds,2023-09-17T16:25:29Z,Romeo Doubs,41.5,-110.0,-110,2023,2,2023-09-17,ATL,GB,romeo doubs,Romeo Doubs,GB,WR,,,30.0,2.0,30.0,0,0,-3.0,3.0,40.5,False,True,3.0,-3.0,False,True,False,18.75
2023-09-17T16:30:00Z,2023-09-17T16:25:41Z,2023-09-17T16:20:41Z,2023-09-17T16:30:41Z,666546663407166ca824cc304f740dfe,americanfootball_nfl,2023-09-17 17:01:00+00:00,Atlanta Falcons,Green Bay Packers,fanduel,FanDuel,2023-09-17T16:24:24Z,player_reception_yds,2023-09-17T16:25:29Z,Drake London,41.5,-110.0,-110,2023,2,2023-09-17,ATL,GB,drake london,Drake London,ATL,WR,,,67.0,6.0,67.0,1,0,-3.0,3.0,40.5,True,False,-3.0,3.0,True,False,False,21.75
2023-09-17T16:30:00Z,2023-09-17T16:25:41Z,2023-09-17T16:20:41Z,2023-09-17T16:30:41Z,666546663407166ca824cc304f740dfe,americanfootball_nfl,2023-09-17 17:01:00+00:00,Atlanta Falcons,Green Bay Packers,fanduel,FanDuel,2023-09-17T16:24:24Z,player_reception_yds,2023-09-17T16:25:29Z,Kyle Pitts,36.5,-110.0,-110,2023,2,2023-09-17,ATL,GB,kyle pitts,Kyle Pitts,ATL,TE,,,15.0,2.0,15.0,0,0,-3.0,3.0,40.5,True,False,-3.0,3.0,True,False,False,21.75
2023-09-17T16:30:00Z,2023-09-17T16:25:41Z,2023-09-17T16:20:41Z,2023-09-17T16:30:41Z,666546663407166ca824cc304f740dfe,americanfootball_nfl,2023-09-17 17:01:00+00:00,Atlanta Falcons,Green Bay Packers,fanduel,FanDuel,2023-09-17T16:24:24Z,player_reception_yds,2023-09-17T16:25:29Z,Mack Hollins,26.5,-110.0,-110,2023,2,2023-09-17,ATL,GB,mack hollins,Mack Hollins,ATL,WR,,,60.0,3.0,60.0,1,0,-3.0,3.0,40.5,True,False,-3.0,3.0,True,False,False,21.75
2023-09-17T16:30:00Z,2023-09-17T16:25:41Z,2023-09-17T16:20:41Z,2023-09-17T16:30:41Z,666546663407166ca824cc304f740dfe,americanfootball_nfl,2023-09-17 17:01:00+00:00,Atlanta Falcons,Green Bay Packers,fanduel,FanDuel,2023-09-17T16:24:24Z,player_reception_yds,2023-09-17T16:25:29Z,AJ Dillon,18.5,-110.0,-110,2023,2,2023-09-17,ATL,GB,aj dillon,AJ Dillon,GB,HB,,55.0,8.0,1.0,8.0,0,0,-3.0,3.0,40.5,False,True,3.0,-3.0,False,True,False,18.75
2023-09-17T16:30:00Z,2023-09-17T16:25:41Z,2023-09-17T16:20:41Z,2023-09-17T16:30:41Z,666546663407166ca824cc304f740dfe,americanfootball_nfl,2023-09-17 17:01:00+00:00,Atlanta Falcons,Green Bay Packers,fanduel,FanDuel,2023-09-17T16:24:24Z,player_reception_yds,2023-09-17T16:25:29Z,Jayden Reed,39.5,-110.0,-110,2023,2,2023-09-17,ATL,GB,jayden reed,Jayden Reed,GB,WR,,,37.0,4.0,37.0,0,0,-3.0,3.0,40.5,False,True,3.0,-3.0,False,True,False,18.75
2023-09-17T16:30:00Z,2023-09-17T16:25:41Z,2023-09-17T16:20:41Z,2023-09-17T16:30:41Z,b11493a11859c02a97dfa186c32a2b7a,americanfootball_nfl,2023-09-17 17:01:00+00:00,Cincinnati Bengals,Baltimore Ravens,fanduel,FanDuel,2023-09-17T16:24:24Z,player_reception_yds,2023-09-17T16:22:12Z,Tee Higgins,59.5,-110.0,-110,2023,2,2023-09-17,CIN,BAL,tee higgins,Tee Higgins,CIN,WR,,,89.0,8.0,89.0,1,0,-3.5,3.5,45.5,True,False,-3.5,3.5,True,False,False,24.5
2023-09-17T16:30:00Z,2023-09-17T16:25:41Z,2023-09-17T16:20:41Z,2023-09-17T16:30:41Z,b11493a11859c02a97dfa186c32a2b7a,americanfootball_nfl,2023-09-17 17:01:00+00:00,Cincinnati Bengals,Baltimore Ravens,fanduel,FanDuel,2023-09-17T16:24:24Z,player_reception_yds,2023-09-17T16:22:12Z,Joe Mixon,20.5,100.0,-122,2023,2,2023-09-17,CIN,BAL,joe mixon,Joe Mixon,CIN,HB,,59.0,36.0,4.0,36.0,1,0,-3.5,3.5,45.5,True,False,-3.5,3.5,True,False,False,24.5
2023-09-17T16:30:00Z,2023-09-17T16:25:41Z,2023-09-17T16:20:41Z,2023-09-17T16:30:41Z,b11493a11859c02a97dfa186c32a2b7a,americanfootball_nfl,2023-09-17 17:01:00+00:00,Cincinnati Bengals,Baltimore Ravens,fanduel,FanDuel,2023-09-17T16:24:24Z,player_reception_yds,2023-09-17T16:22:12Z,Zay Flowers,43.5,-110.0,-110,2023,2,2023-09-17,CIN,BAL,zay flowers,Zay Flowers,BAL,WR,,6.0,62.0,4.0,62.0,1,0,-3.5,3.5,45.5,False,True,3.5,-3.5,False,True,False,21.0
2023-09-17T16:30:00Z,2023-09-17T16:25:41Z,2023-09-17T16:20:41Z,2023-09-17T16:30:41Z,b11493a11859c02a97dfa186c32a2b7a,americanfootball_nfl,2023-09-17 17:01:00+00:00,Cincinnati Bengals,Baltimore Ravens,fanduel,FanDuel,2023-09-17T16:24:24Z,player_reception_yds,2023-09-17T16:22:12Z,Irv Smith Jr.,24.5,-110.0,-110,2023,2,2023-09-17,CIN,BAL,irv smith,Irv Smith Jr.,CIN,TE,,,10.0,2.0,10.0,0,0,-3.5,3.5,45.5,True,False,-3.5,3.5,True,False,False,24.5
2023-09-17T16:30:00Z,2023-09-17T16:25:41Z,2023-09-17T16:20:41Z,2023-09-17T16:30:41Z,b11493a11859c02a97dfa186c32a2b7a,americanfootball_nfl,2023-09-17 17:01:00+00:00,Cincinnati Bengals,Baltimore Ravens,fanduel,FanDuel,2023-09-17T16:24:24Z,player_reception_yds,2023-09-17T16:22:12Z,Ja'Marr Chase,80.5,-110.0,-110,2023,2,2023-09-17,CIN,BAL,jamarr chase,Ja'Marr Chase,CIN,WR,,,31.0,5.0,31.0,0,0,-3.5,3.5,45.5,True,False,-3.5,3.5,True,False,False,24.5
2023-09-17T16:30:00Z,2023-09-17T16:25:41Z,2023-09-17T16:20:41Z,2023-09-17T16:30:41Z,b11493a11859c02a97dfa186c32a2b7a,americanfootball_nfl,2023-09-17 17:01:00+00:00,Cincinnati Bengals,Baltimore Ravens,fanduel,FanDuel,2023-09-17T16:24:24Z,player_reception_yds,2023-09-17T16:22:12Z,Tyler Boyd,33.5,-110.0,-110,2023,2,2023-09-17,CIN,BAL,tyler boyd,Tyler Boyd,CIN,WR,,,52.0,6.0,52.0,1,0,-3.5,3.5,45.5,True,False,-3.5,3.5,True,False,False,24.5
2023-09-17T16:30:00Z,2023-09-17T16:25:41Z,2023-09-17T16:20:41Z,2023-09-17T16:30:41Z,b11493a11859c02a97dfa186c32a2b7a,americanfootball_nfl,2023-09-17 17:01:00+00:00,Cincinnati Bengals,Baltimore Ravens,fanduel,FanDuel,2023-09-17T16:24:24Z,player_reception_yds,2023-09-17T16:22:12Z,Odell Beckham Jr.,34.5,-110.0,-110,2023,2,2023-09-17,CIN,BAL,odell beckham,Odell Beckham Jr.,BAL,WR,,,29.0,3.0,29.0,0,0,-3.5,3.5,45.5,False,True,3.5,-3.5,False,True,False,21.0
2023-09-17T16:30:00Z,2023-09-17T16:25:41Z,2023-09-17T16:20:41Z,2023-09-17T16:30:41Z,b11493a11859c02a97dfa186c32a2b7a,americanfootball_nfl,2023-09-17 17:01:00+00:00,Cincinnati Bengals,Baltimore Ravens,fanduel,FanDuel,2023-09-17T16:24:24Z,player_reception_yds,2023-09-17T16:22:12Z,Mark Andrews,49.5,-110.0,-110,2023,2,2023-09-17,CIN,BAL,mark andrews,Mark Andrews,BAL,TE,,,45.0,5.0,45.0,0,0,-3.5,3.5,45.5,False,True,3.5,-3.5,False,True,False,21.0
2023-09-17T16:30:00Z,2023-09-17T16:25:41Z,2023-09-17T16:20:41Z,2023-09-17T16:30:41Z,1ed637f2ef1ae5f2f7184d38e94fe137,americanfootball_nfl,2023-09-17 17:04:00+00:00,Buffalo Bills,Las Vegas Raiders,fanduel,FanDuel,2023-09-17T16:24:24Z,player_reception_yds,2023-09-17T16:22:19Z,Hunter Renfrow,30.5,-110.0,-110,2023,2,2023-09-17,BUF,LV,hunter renfrow,Hunter Renfrow,LV,WR,,,23.0,1.0,23.0,0,0,-7.5,7.5,47.0,False,True,7.5,-7.5,False,True,False,19.75
2023-09-17T16:30:00Z,2023-09-17T16:25:41Z,2023-09-17T16:20:41Z,2023-09-17T16:30:41Z,1ed637f2ef1ae5f2f7184d38e94fe137,americanfootball_nfl,2023-09-17 17:04:00+00:00,Buffalo Bills,Las Vegas Raiders,fanduel,FanDuel,2023-09-17T16:24:24Z,player_reception_yds,2023-09-17T16:22:19Z,Austin Hooper,21.5,-110.0,-110,2023,2,2023-09-17,BUF,LV,austin hooper,Austin Hooper,LV,TE,,,20.0,2.0,20.0,0,0,-7.5,7.5,47.0,False,True,7.5,-7.5,False,True,False,19.75
2023-09-17T16:30:00Z,2023-09-17T16:25:41Z,2023-09-17T16:20:41Z,2023-09-17T16:30:41Z,1ed637f2ef1ae5f2f7184d38e94fe137,americanfootball_nfl,2023-09-17 17:04:00+00:00,Buffalo Bills,Las Vegas Raiders,fanduel,FanDuel,2023-09-17T16:24:24Z,player_reception_yds,2023-09-17T16:22:19Z,Dalton Kincaid,29.5,-110.0,-110,2023,2,2023-09-17,BUF,LV,dalton kincaid,Dalton Kincaid,BUF,TE,,,43.0,5.0,43.0,1,0,-7.5,7.5,47.0,True,False,-7.5,7.5,True,False,False,27.25
2023-09-17T16:30:00Z,2023-09-17T16:25:41Z,2023-09-17T16:20:41Z,2023-09-17T16:30:41Z,1ed637f2ef1ae5f2f7184d38e94fe137,americanfootball_nfl,2023-09-17 17:04:00+00:00,Buffalo Bills,Las Vegas Raiders,fanduel,FanDuel,2023-09-17T16:24:24Z,player_reception_yds,2023-09-17T16:22:19Z,Dawson Knox,25.5,-110.0,-110,2023,2,2023-09-17,BUF,LV,dawson knox,Dawson Knox,BUF,TE,,,10.0,3.0,10.0,0,0,-7.5,7.5,47.0,True,False,-7.5,7.5,True,False,False,27.25
2023-09-17T16:30:00Z,2023-09-17T16:25:41Z,2023-09-17T16:20:41Z,2023-09-17T16:30:41Z,1ed637f2ef1ae5f2f7184d38e94fe137,americanfootball_nfl,2023-09-17 17:04:00+00:00,Buffalo Bills,Las Vegas Raiders,fanduel,FanDuel,2023-09-17T16:24:24Z,player_reception_yds,2023-09-17T16:22:19Z,Davante Adams,74.5,-110.0,-110,2023,2,2023-09-17,BUF,LV,davante adams,Davante Adams,LV,WR,,,84.0,6.0,84.0,1,0,-7.5,7.5,47.0,False,True,7.5,-7.5,False,True,False,19.75
2023-09-17T16:30:00Z,2023-09-17T16:25:41Z,2023-09-17T16:20:41Z,2023-09-17T16:30:41Z,1ed637f2ef1ae5f2f7184d38e94fe137,americanfootball_nfl,2023-09-17 17:04:00+00:00,Buffalo Bills,Las Vegas Raiders,fanduel,FanDuel,2023-09-17T16:24:24Z,player_reception_yds,2023-09-17T16:22:19Z,Gabriel Davis,43.5,-110.0,-110,2023,2,2023-09-17,BUF,LV,gabriel davis,,,,,,,,0.0,0,0,-7.5,7.5,47.0,False,False,,,False,False,False,
2023-09-17T16:30:00Z,2023-09-17T16:25:41Z,2023-09-17T16:20:41Z,2023-09-17T16:30:41Z,1ed637f2ef1ae5f2f7184d38e94fe137,americanfootball_nfl,2023-09-17 17:04:00+00:00,Buffalo Bills,Las Vegas Raiders,fanduel,FanDuel,2023-09-17T16:24:24Z,player_reception_yds,2023-09-17T16:22:19Z,Stefon Diggs,79.5,-110.0,-110,2023,2,2023-09-17,BUF,LV,stefon diggs,Stefon Diggs,BUF,WR,,,66.0,7.0,66.0,0,0,-7.5,7.5,47.0,True,False,-7.5,7.5,True,False,False,27.25
2023-09-17T16:30:00Z,2023-09-17T16:25:41Z,2023-09-17T16:20:41Z,2023-09-17T16:30:41Z,1ed637f2ef1ae5f2f7184d38e94fe137,americanfootball_nfl,2023-09-17 17:04:00+00:00,Buffalo Bills,Las Vegas Raiders,fanduel,FanDuel,2023-09-17T16:24:24Z,player_reception_yds,2023-09-17T16:22:19Z,Josh Jacobs,16.5,-110.0,-110,2023,2,2023-09-17,BUF,LV,josh jacobs,Josh Jacobs,LV,HB,,-2.0,51.0,5.0,51.0,1,0,-7.5,7.5,47.0,False,True,7.5,-7.5,False,True,False,19.75
2023-09-17T16:30:00Z,2023-09-17T16:25:41Z,2023-09-17T16:20:41Z,2023-09-17T16:30:41Z,1ed637f2ef1ae5f2f7184d38e94fe137,americanfootball_nfl,2023-09-17 17:04:00+00:00,Buffalo Bills,Las Vegas Raiders,fanduel,FanDuel,2023-09-17T16:24:24Z,player_reception_yds,2023-09-17T16:22:19Z,James Cook,17.5,-105.0,-115,2023,2,2023-09-17,BUF,LV,james cook,James Cook,BUF,HB,,123.0,36.0,4.0,36.0,1,0,-7.5,7.5,47.0,True,False,-7.5,7.5,True,False,False,27.25
2023-09-17T16:30:00Z,2023-09-17T16:25:41Z,2023-09-17T16:20:41Z,2023-09-17T16:30:41Z,ec238fc4bfd91d24ae566950edc120fe,americanfootball_nfl,2023-09-17 17:01:00+00:00,Tampa Bay Buccaneers,Chicago Bears,fanduel,FanDuel,2023-09-17T16:24:24Z,player_reception_yds,2023-09-17T16:24:27Z,Mike Evans,55.5,-110.0,-110,2023,2,2023-09-17,TB,CHI,mike evans,Mike Evans,TB,WR,,,171.0,6.0,171.0,1,0,-2.5,2.5,41.0,True,False,-2.5,2.5,True,False,False,21.75
2023-09-17T16:30:00Z,2023-09-17T16:25:41Z,2023-09-17T16:20:41Z,2023-09-17T16:30:41Z,ec238fc4bfd91d24ae566950edc120fe,americanfootball_nfl,2023-09-17 17:01:00+00:00,Tampa Bay Buccaneers,Chicago Bears,fanduel,FanDuel,2023-09-17T16:24:24Z,player_reception_yds,2023-09-17T16:24:27Z,Rachaad White,17.5,-110.0,-110,2023,2,2023-09-17,TB,CHI,rachaad white,Rachaad White,TB,HB,,73.0,30.0,5.0,30.0,1,0,-2.5,2.5,41.0,True,False,-2.5,2.5,True,False,False,21.75
2023-09-17T16:30:00Z,2023-09-17T16:25:41Z,2023-09-17T16:20:41Z,2023-09-17T16:30:41Z,ec238fc4bfd91d24ae566950edc120fe,americanfootball_nfl,2023-09-17 17:01:00+00:00,Tampa Bay Buccaneers,Chicago Bears,fanduel,FanDuel,2023-09-17T16:24:24Z,player_reception_yds,2023-09-17T16:24:27Z,Darnell Mooney,31.5,-110.0,-110,2023,2,2023-09-17,TB,CHI,darnell mooney,,,,,,,,0.0,0,0,-2.5,2.5,41.0,False,False,,,False,False,False,
2023-09-17T16:30:00Z,2023-09-17T16:25:41Z,2023-09-17T16:20:41Z,2023-09-17T16:30:41Z,ec238fc4bfd91d24ae566950edc120fe,americanfootball_nfl,2023-09-17 17:01:00+00:00,Tampa Bay Buccaneers,Chicago Bears,fanduel,FanDuel,2023-09-17T16:24:24Z,player_reception_yds,2023-09-17T16:24:27Z,Chris Godwin,56.5,-110.0,-110,2023,2,2023-09-17,TB,CHI,chris godwin,Chris Godwin,TB,WR,,,58.0,5.0,58.0,1,0,-2.5,2.5,41.0,True,False,-2.5,2.5,True,False,False,21.75
2023-09-17T16:30:00Z,2023-09-17T16:25:41Z,2023-09-17T16:20:41Z,2023-09-17T16:30:41Z,ec238fc4bfd91d24ae566950edc120fe,americanfootball_nfl,2023-09-17 17:01:00+00:00,Tampa Bay Buccaneers,Chicago Bears,fanduel,FanDuel,2023-09-17T16:24:24Z,player_reception_yds,2023-09-17T16:24:27Z,DJ Moore,46.5,-110.0,-110,2023,2,2023-09-17,TB,CHI,dj moore,DJ Moore,CHI,WR,,,104.0,6.0,104.0,1,0,-2.5,2.5,41.0,False,True,2.5,-2.5,False,True,False,19.25
2023-09-17T16:30:00Z,2023-09-17T16:25:41Z,2023-09-17T16:20:41Z,2023-09-17T16:30:41Z,ec238fc4bfd91d24ae566950edc120fe,americanfootball_nfl,2023-09-17 17:01:00+00:00,Tampa Bay Buccaneers,Chicago Bears,fanduel,FanDuel,2023-09-17T16:24:24Z,player_reception_yds,2023-09-17T16:24:27Z,Trey Palmer,20.5,-110.0,-110,2023,2,2023-09-17,TB,CHI,trey palmer,Trey Palmer,TB,WR,,,20.0,1.0,20.0,0,0,-2.5,2.5,41.0,True,False,-2.5,2.5,True,False,False,21.75
2023-09-17T16:30:00Z,2023-09-17T16:25:41Z,2023-09-17T16:20:41Z,2023-09-17T16:30:41Z,ec238fc4bfd91d24ae566950edc120fe,americanfootball_nfl,2023-09-17 17:01:00+00:00,Tampa Bay Buccaneers,Chicago Bears,fanduel,FanDuel,2023-09-17T16:24:24Z,player_reception_yds,2023-09-17T16:24:27Z,Khalil Herbert,8.5,-110.0,-110,2023,2,2023-09-17,TB,CHI,khalil herbert,Khalil Herbert,CHI,HB,,35.0,23.0,1.0,23.0,1,0,-2.5,2.5,41.0,False,True,2.5,-2.5,False,True,False,19.25
2023-09-17T16:30:00Z,2023-09-17T16:25:41Z,2023-09-17T16:20:41Z,2023-09-17T16:30:41Z,ec238fc4bfd91d24ae566950edc120fe,americanfootball_nfl,2023-09-17 17:01:00+00:00,Tampa Bay Buccaneers,Chicago Bears,fanduel,FanDuel,2023-09-17T16:24:24Z,player_reception_yds,2023-09-17T16:24:27Z,Cole Kmet,30.5,-110.0,-110,2023,2,2023-09-17,TB,CHI,cole kmet,Cole Kmet,CHI,TE,,,38.0,4.0,38.0,1,0,-2.5,2.5,41.0,False,True,2.5,-2.5,False,True,False,19.25
2023-09-17T16:30:00Z,2023-09-17T16:25:41Z,2023-09-17T16:20:41Z,2023-09-17T16:30:41Z,ec238fc4bfd91d24ae566950edc120fe,americanfootball_nfl,2023-09-17 17:01:00+00:00,Tampa Bay Buccaneers,Chicago Bears,fanduel,FanDuel,2023-09-17T16:24:24Z,player_reception_yds,2023-09-17T16:24:27Z,Cade Otton,22.5,-110.0,-110,2023,2,2023-09-17,TB,CHI,cade otton,Cade Otton,TB,TE,,,41.0,6.0,41.0,1,0,-2.5,2.5,41.0,True,False,-2.5,2.5,True,False,False,21.75
2023-09-17T16:30:00Z,2023-09-17T16:25:41Z,2023-09-17T16:20:41Z,2023-09-17T16:30:41Z,30e317800515c33d2635df2d05a6d14d,americanfootball_nfl,2023-09-17 17:01:00+00:00,Detroit Lions,Seattle Seahawks,fanduel,FanDuel,2023-09-17T16:24:24Z,player_reception_yds,2023-09-17T16:25:50Z,Marvin Jones Jr.,28.5,-110.0,-110,2023,2,2023-09-17,DET,SEA,marvin jones,,,,,,,,0.0,0,0,-4.5,4.5,47.5,False,False,,,False,False,False,
2023-09-17T16:30:00Z,2023-09-17T16:25:41Z,2023-09-17T16:20:41Z,2023-09-17T16:30:41Z,30e317800515c33d2635df2d05a6d14d,americanfootball_nfl,2023-09-17 17:01:00+00:00,Detroit Lions,Seattle Seahawks,fanduel,FanDuel,2023-09-17T16:24:24Z,player_reception_yds,2023-09-17T16:25:50Z,DK Metcalf,61.5,-110.0,-110,2023,2,2023-09-17,DET,SEA,dk metcalf,D.K. Metcalf,SEA,WR,,,75.0,6.0,75.0,1,0,-4.5,4.5,47.5,False,True,4.5,-4.5,False,True,False,21.5
2023-09-17T16:30:00Z,2023-09-17T16:25:41Z,2023-09-17T16:20:41Z,2023-09-17T16:30:41Z,30e317800515c33d2635df2d05a6d14d,americanfootball_nfl,2023-09-17 17:01:00+00:00,Detroit Lions,Seattle Seahawks,fanduel,FanDuel,2023-09-17T16:24:24Z,player_reception_yds,2023-09-17T16:25:50Z,Sam LaPorta,33.5,-105.0,-115,2023,2,2023-09-17,DET,SEA,sam laporta,Sam LaPorta,DET,TE,,,63.0,5.0,63.0,1,0,-4.5,4.5,47.5,True,False,-4.5,4.5,True,False,False,26.0
2023-09-17T16:30:00Z,2023-09-17T16:25:41Z,2023-09-17T16:20:41Z,2023-09-17T16:30:41Z,30e317800515c33d2635df2d05a6d14d,americanfootball_nfl,2023-09-17 17:01:00+00:00,Detroit Lions,Seattle Seahawks,fanduel,FanDuel,2023-09-17T16:24:24Z,player_reception_yds,2023-09-17T16:25:50Z,Noah Fant,19.5,-110.0,-110,2023,2,2023-09-17,DET,SEA,noah fant,Noah Fant,SEA,TE,,,56.0,4.0,56.0,1,0,-4.5,4.5,47.5,False,True,4.5,-4.5,False,True,False,21.5
2023-09-17T16:30:00Z,2023-09-17T16:25:41Z,2023-09-17T16:20:41Z,2023-09-17T16:30:41Z,30e317800515c33d2635df2d05a6d14d,americanfootball_nfl,2023-09-17 17:01:00+00:00,Detroit Lions,Seattle Seahawks,fanduel,FanDuel,2023-09-17T16:24:24Z,player_reception_yds,2023-09-17T16:25:50Z,Kenneth Walker III,11.5,-110.0,-110,2023,2,2023-09-17,DET,SEA,kenneth walker,Kenneth Walker III,SEA,HB,,43.0,11.0,1.0,11.0,0,0,-4.5,4.5,47.5,False,True,4.5,-4.5,False,True,False,21.5
2023-09-17T16:30:00Z,2023-09-17T16:25:41Z,2023-09-17T16:20:41Z,2023-09-17T16:30:41Z,30e317800515c33d2635df2d05a6d14d,americanfootball_nfl,2023-09-17 17:01:00+00:00,Detroit Lions,Seattle Seahawks,fanduel,FanDuel,2023-09-17T16:24:24Z,player_reception_yds,2023-09-17T16:25:50Z,Jahmyr Gibbs,25.5,-110.0,-110,2023,2,2023-09-17,DET,SEA,jahmyr gibbs,Jahmyr Gibbs,DET,HB,,17.0,39.0,7.0,39.0,1,0,-4.5,4.5,47.5,True,False,-4.5,4.5,True,False,False,26.0
2023-09-17T16:30:00Z,2023-09-17T16:25:41Z,2023-09-17T16:20:41Z,2023-09-17T16:30:41Z,30e317800515c33d2635df2d05a6d14d,americanfootball_nfl,2023-09-17 17:01:00+00:00,Detroit Lions,Seattle Seahawks,fanduel,FanDuel,2023-09-17T16:24:24Z,player_reception_yds,2023-09-17T16:25:50Z,David Montgomery,10.5,-112.0,-108,2023,2,2023-09-17,DET,SEA,david montgomery,David Montgomery,DET,HB,,67.0,7.0,1.0,7.0,0,0,-4.5,4.5,47.5,True,False,-4.5,4.5,True,False,False,26.0
2023-09-17T16:30:00Z,2023-09-17T16:25:41Z,2023-09-17T16:20:41Z,2023-09-17T16:30:41Z,30e317800515c33d2635df2d05a6d14d,americanfootball_nfl,2023-09-17 17:01:00+00:00,Detroit Lions,Seattle Seahawks,fanduel,FanDuel,2023-09-17T16:24:24Z,player_reception_yds,2023-09-17T16:25:50Z,Tyler Lockett,54.5,-110.0,-110,2023,2,2023-09-17,DET,SEA,tyler lockett,Tyler Lockett,SEA,WR,,,59.0,8.0,59.0,1,0,-4.5,4.5,47.5,False,True,4.5,-4.5,False,True,False,21.5
2023-09-17T16:30:00Z,2023-09-17T16:25:41Z,2023-09-17T16:20:41Z,2023-09-17T16:30:41Z,30e317800515c33d2635df2d05a6d14d,americanfootball_nfl,2023-09-17 17:01:00+00:00,Detroit Lions,Seattle Seahawks,fanduel,FanDuel,2023-09-17T16:24:24Z,player_reception_yds,2023-09-17T16:25:50Z,Amon-Ra St. Brown,74.5,-110.0,-110,2023,2,2023-09-17,DET,SEA,amon ra st brown,Amon-Ra St. Brown,DET,WR,,,102.0,6.0,102.0,1,0,-4.5,4.5,47.5,True,False,-4.5,4.5,True,False,False,26.0
2023-09-17T16:30:00Z,2023-09-17T16:25:41Z,2023-09-17T16:20:41Z,2023-09-17T16:30:41Z,30e317800515c33d2635df2d05a6d14d,americanfootball_nfl,2023-09-17 17:01:00+00:00,Detroit Lions,Seattle Seahawks,fanduel,FanDuel,2023-09-17T16:24:24Z,player_reception_yds,2023-09-17T16:25:50Z,Jaxon Smith-Njigba,35.5,-110.0,-110,2023,2,2023-09-17,DET,SEA,jaxon smith njigba,Jaxon Smith-Njigba,SEA,WR,,,34.0,5.0,34.0,0,0,-4.5,4.5,47.5,False,True,4.5,-4.5,False,True,False,21.5
2023-09-17T16:30:00Z,2023-09-17T16:25:41Z,2023-09-17T16:20:41Z,2023-09-17T16:30:41Z,30e317800515c33d2635df2d05a6d14d,americanfootball_nfl,2023-09-17 17:01:00+00:00,Detroit Lions,Seattle Seahawks,fanduel,FanDuel,2023-09-17T16:24:24Z,player_reception_yds,2023-09-17T16:25:50Z,Josh Reynolds,36.5,-110.0,-110,2023,2,2023-09-17,DET,SEA,josh reynolds,Josh Reynolds,DET,WR,,,66.0,5.0,66.0,1,0,-4.5,4.5,47.5,True,False,-4.5,4.5,True,False,False,26.0
2023-09-17T16:30:00Z,2023-09-17T16:25:41Z,2023-09-17T16:20:41Z,2023-09-17T16:30:41Z,2ecfbe1dcf553f66dd34b4772c1c9b99,americanfootball_nfl,2023-09-17 17:01:00+00:00,Houston Texans,Indianapolis Colts,fanduel,FanDuel,2023-09-17T16:24:24Z,player_reception_yds,2023-09-17T16:26:08Z,Josh Downs,28.5,-110.0,-110,2023,2,2023-09-17,HOU,IND,josh downs,Josh Downs,IND,WR,,,37.0,4.0,37.0,1,0,1.0,-1.0,40.0,False,True,-1.0,1.0,True,False,False,20.5
2023-09-17T16:30:00Z,2023-09-17T16:25:41Z,2023-09-17T16:20:41Z,2023-09-17T16:30:41Z,2ecfbe1dcf553f66dd34b4772c1c9b99,americanfootball_nfl,2023-09-17 17:01:00+00:00,Houston Texans,Indianapolis Colts,fanduel,FanDuel,2023-09-17T16:24:24Z,player_reception_yds,2023-09-17T16:26:08Z,Dalton Schultz,32.5,-110.0,-110,2023,2,2023-09-17,HOU,IND,dalton schultz,Dalton Schultz,HOU,TE,,,34.0,4.0,34.0,1,0,1.0,-1.0,40.0,True,False,1.0,-1.0,False,True,False,19.5
2023-09-17T16:30:00Z,2023-09-17T16:25:41Z,2023-09-17T16:20:41Z,2023-09-17T16:30:41Z,2ecfbe1dcf553f66dd34b4772c1c9b99,americanfootball_nfl,2023-09-17 17:01:00+00:00,Houston Texans,Indianapolis Colts,fanduel,FanDuel,2023-09-17T16:24:24Z,player_reception_yds,2023-09-17T16:26:08Z,Kylen Granson,22.5,-110.0,-110,2023,2,2023-09-17,HOU,IND,kylen granson,Kylen Granson,IND,TE,,,16.0,3.0,16.0,0,0,1.0,-1.0,40.0,False,True,-1.0,1.0,True,False,False,20.5
2023-09-17T16:30:00Z,2023-09-17T16:25:41Z,2023-09-17T16:20:41Z,2023-09-17T16:30:41Z,2ecfbe1dcf553f66dd34b4772c1c9b99,americanfootball_nfl,2023-09-17 17:01:00+00:00,Houston Texans,Indianapolis Colts,fanduel,FanDuel,2023-09-17T16:24:24Z,player_reception_yds,2023-09-17T16:26:08Z,Tank Dell,26.5,-110.0,-110,2023,2,2023-09-17,HOU,IND,tank dell,Tank Dell,HOU,WR,,,72.0,7.0,72.0,1,0,1.0,-1.0,40.0,True,False,1.0,-1.0,False,True,False,19.5
2023-09-17T16:30:00Z,2023-09-17T16:25:41Z,2023-09-17T16:20:41Z,2023-09-17T16:30:41Z,2ecfbe1dcf553f66dd34b4772c1c9b99,americanfootball_nfl,2023-09-17 17:01:00+00:00,Houston Texans,Indianapolis Colts,fanduel,FanDuel,2023-09-17T16:24:24Z,player_reception_yds,2023-09-17T16:26:08Z,Dameon Pierce,10.5,-115.0,-105,2023,2,2023-09-17,HOU,IND,dameon pierce,Dameon Pierce,HOU,HB,,31.0,4.0,2.0,4.0,0,0,1.0,-1.0,40.0,True,False,1.0,-1.0,False,True,False,19.5
2023-09-17T16:30:00Z,2023-09-17T16:25:41Z,2023-09-17T16:20:41Z,2023-09-17T16:30:41Z,2ecfbe1dcf553f66dd34b4772c1c9b99,americanfootball_nfl,2023-09-17 17:01:00+00:00,Houston Texans,Indianapolis Colts,fanduel,FanDuel,2023-09-17T16:24:24Z,player_reception_yds,2023-09-17T16:26:08Z,Michael Pittman Jr.,54.5,-110.0,-110,2023,2,2023-09-17,HOU,IND,michael pittman,Michael Pittman Jr.,IND,WR,,,56.0,8.0,56.0,1,0,1.0,-1.0,40.0,False,True,-1.0,1.0,True,False,False,20.5
2023-09-17T16:30:00Z,2023-09-17T16:25:41Z,2023-09-17T16:20:41Z,2023-09-17T16:30:41Z,2ecfbe1dcf553f66dd34b4772c1c9b99,americanfootball_nfl,2023-09-17 17:01:00+00:00,Houston Texans,Indianapolis Colts,fanduel,FanDuel,2023-09-17T16:24:24Z,player_reception_yds,2023-09-17T16:26:08Z,Alec Pierce,26.5,-110.0,-110,2023,2,2023-09-17,HOU,IND,alec pierce,Alec Pierce,IND,WR,,,28.0,2.0,28.0,1,0,1.0,-1.0,40.0,False,True,-1.0,1.0,True,False,False,20.5
2023-09-17T16:30:00Z,2023-09-17T16:25:41Z,2023-09-17T16:20:41Z,2023-09-17T16:30:41Z,2ecfbe1dcf553f66dd34b4772c1c9b99,americanfootball_nfl,2023-09-17 17:01:00+00:00,Houston Texans,Indianapolis Colts,fanduel,FanDuel,2023-09-17T16:24:24Z,player_reception_yds,2023-09-17T16:26:08Z,Nico Collins,49.5,-110.0,-110,2023,2,2023-09-17,HOU,IND,nico collins,Nico Collins,HOU,WR,,,146.0,7.0,146.0,1,0,1.0,-1.0,40.0,True,False,1.0,-1.0,False,True,False,19.5
2023-09-17T16:30:00Z,2023-09-17T16:25:41Z,2023-09-17T16:20:41Z,2023-09-17T16:30:41Z,2ecfbe1dcf553f66dd34b4772c1c9b99,americanfootball_nfl,2023-09-17 17:01:00+00:00,Houston Texans,Indianapolis Colts,fanduel,FanDuel,2023-09-17T16:24:24Z,player_reception_yds,2023-09-17T16:26:08Z,Robert Woods,34.5,-110.0,-110,2023,2,2023-09-17,HOU,IND,robert woods,Robert Woods,HOU,WR,,,74.0,6.0,74.0,1,0,1.0,-1.0,40.0,True,False,1.0,-1.0,False,True,False,19.5
2023-09-17T16:30:00Z,2023-09-17T16:25:41Z,2023-09-17T16:20:41Z,2023-09-17T16:30:41Z,eab3d772c3c8e4a6d3813ece55055529,americanfootball_nfl,2023-09-17 17:01:00+00:00,Tennessee Titans,Los Angeles Chargers,fanduel,FanDuel,2023-09-17T16:24:24Z,player_reception_yds,2023-09-17T16:22:19Z,Joshua Kelley,17.5,-110.0,-110,2023,2,2023-09-17,TEN,LAC,joshua kelley,Joshua Kelley,LAC,HB,,39.0,0.0,0.0,0.0,0,0,2.5,-2.5,45.5,False,True,-2.5,2.5,True,False,False,24.0
2023-09-17T16:30:00Z,2023-09-17T16:25:41Z,2023-09-17T16:20:41Z,2023-09-17T16:30:41Z,eab3d772c3c8e4a6d3813ece55055529,americanfootball_nfl,2023-09-17 17:01:00+00:00,Tennessee Titans,Los Angeles Chargers,fanduel,FanDuel,2023-09-17T16:24:24Z,player_reception_yds,2023-09-17T16:22:19Z,Nick Westbrook-Ikhine,27.5,-110.0,-110,2023,2,2023-09-17,TEN,LAC,nick westbrook ikhine,Nick Westbrook-Ikhine,TEN,WR,,,25.0,3.0,25.0,0,0,2.5,-2.5,45.5,True,False,2.5,-2.5,False,True,False,21.5
2023-09-17T16:30:00Z,2023-09-17T16:25:41Z,2023-09-17T16:20:41Z,2023-09-17T16:30:41Z,eab3d772c3c8e4a6d3813ece55055529,americanfootball_nfl,2023-09-17 17:01:00+00:00,Tennessee Titans,Los Angeles Chargers,fanduel,FanDuel,2023-09-17T16:24:24Z,player_reception_yds,2023-09-17T16:22:19Z,Gerald Everett,30.5,-110.0,-110,2023,2,2023-09-17,TEN,LAC,gerald everett,Gerald Everett,LAC,TE,,,47.0,3.0,47.0,1,0,2.5,-2.5,45.5,False,True,-2.5,2.5,True,False,False,24.0
2023-09-17T16:30:00Z,2023-09-17T16:25:41Z,2023-09-17T16:20:41Z,2023-09-17T16:30:41Z,eab3d772c3c8e4a6d3813ece55055529,americanfootball_nfl,2023-09-17 17:01:00+00:00,Tennessee Titans,Los Angeles Chargers,fanduel,FanDuel,2023-09-17T16:24:24Z,player_reception_yds,2023-09-17T16:22:19Z,Derrick Henry,13.5,-110.0,-110,2023,2,2023-09-17,TEN,LAC,derrick henry,Derrick Henry,TEN,HB,,80.0,15.0,3.0,15.0,1,0,2.5,-2.5,45.5,True,False,2.5,-2.5,False,True,False,21.5
2023-09-17T16:30:00Z,2023-09-17T16:25:41Z,2023-09-17T16:20:41Z,2023-09-17T16:30:41Z,eab3d772c3c8e4a6d3813ece55055529,americanfootball_nfl,2023-09-17 17:01:00+00:00,Tennessee Titans,Los Angeles Chargers,fanduel,FanDuel,2023-09-17T16:24:24Z,player_reception_yds,2023-09-17T16:22:19Z,Keenan Allen,73.5,-110.0,-110,2023,2,2023-09-17,TEN,LAC,keenan allen,Keenan Allen,LAC,WR,,,111.0,8.0,111.0,1,0,2.5,-2.5,45.5,False,True,-2.5,2.5,True,False,False,24.0
2023-09-17T16:30:00Z,2023-09-17T16:25:41Z,2023-09-17T16:20:41Z,2023-09-17T16:30:41Z,eab3d772c3c8e4a6d3813ece55055529,americanfootball_nfl,2023-09-17 17:01:00+00:00,Tennessee Titans,Los Angeles Chargers,fanduel,FanDuel,2023-09-17T16:24:24Z,player_reception_yds,2023-09-17T16:22:19Z,Josh Palmer,23.5,-110.0,-110,2023,2,2023-09-17,TEN,LAC,josh palmer,,,,,,,,0.0,0,0,2.5,-2.5,45.5,False,False,,,False,False,False,
2023-09-17T16:30:00Z,2023-09-17T16:25:41Z,2023-09-17T16:20:41Z,2023-09-17T16:30:41Z,eab3d772c3c8e4a6d3813ece55055529,americanfootball_nfl,2023-09-17 17:01:00+00:00,Tennessee Titans,Los Angeles Chargers,fanduel,FanDuel,2023-09-17T16:24:24Z,player_reception_yds,2023-09-17T16:22:19Z,DeAndre Hopkins,61.5,-110.0,-110,2023,2,2023-09-17,TEN,LAC,deandre hopkins,DeAndre Hopkins,TEN,WR,,,40.0,4.0,40.0,0,0,2.5,-2.5,45.5,True,False,2.5,-2.5,False,True,False,21.5
2023-09-17T16:30:00Z,2023-09-17T16:25:41Z,2023-09-17T16:20:41Z,2023-09-17T16:30:41Z,eab3d772c3c8e4a6d3813ece55055529,americanfootball_nfl,2023-09-17 17:01:00+00:00,Tennessee Titans,Los Angeles Chargers,fanduel,FanDuel,2023-09-17T16:24:24Z,player_reception_yds,2023-09-17T16:22:19Z,Mike Williams,61.5,-110.0,-110,2023,2,2023-09-17,TEN,LAC,mike williams,Mike Williams,LAC,WR,,3.0,83.0,8.0,83.0,1,0,2.5,-2.5,45.5,False,True,-2.5,2.5,True,False,False,24.0
2023-09-17T16:30:00Z,2023-09-17T16:25:41Z,2023-09-17T16:20:41Z,2023-09-17T16:30:41Z,eab3d772c3c8e4a6d3813ece55055529,americanfootball_nfl,2023-09-17 17:01:00+00:00,Tennessee Titans,Los Angeles Chargers,fanduel,FanDuel,2023-09-17T16:24:24Z,player_reception_yds,2023-09-17T16:22:19Z,Treylon Burks,39.5,-110.0,-110,2023,2,2023-09-17,TEN,LAC,treylon burks,Treylon Burks,TEN,WR,,,76.0,3.0,76.0,1,0,2.5,-2.5,45.5,True,False,2.5,-2.5,False,True,False,21.5
2023-09-17T17:30:00Z,2023-09-17T17:25:40Z,2023-09-17T17:20:40Z,2023-09-17T17:30:40Z,450d0600bc30565494c6df8096e04976,americanfootball_nfl,2023-09-17 17:03:00+00:00,Jacksonville Jaguars,Kansas City Chiefs,fanduel,FanDuel,2023-09-17T17:25:14Z,player_reception_yds,2023-09-17T17:23:16Z,Evan Engram,50.5,-114.0,-114,2023,2,2023-09-17,JAX,KC,evan engram,Evan Engram,JAX,TE,,,57.0,6.0,57.0,1,0,3.5,-3.5,50.5,True,False,3.5,-3.5,False,True,False,23.5
2023-09-17T17:30:00Z,2023-09-17T17:25:40Z,2023-09-17T17:20:40Z,2023-09-17T17:30:40Z,450d0600bc30565494c6df8096e04976,americanfootball_nfl,2023-09-17 17:03:00+00:00,Jacksonville Jaguars,Kansas City Chiefs,fanduel,FanDuel,2023-09-17T17:25:14Z,player_reception_yds,2023-09-17T17:23:16Z,Christian Kirk,43.5,-114.0,-115,2023,2,2023-09-17,JAX,KC,christian kirk,Christian Kirk,JAX,WR,-1.0,,110.0,11.0,110.0,1,0,3.5,-3.5,50.5,True,False,3.5,-3.5,False,True,False,23.5
2023-09-17T17:30:00Z,2023-09-17T17:25:40Z,2023-09-17T17:20:40Z,2023-09-17T17:30:40Z,450d0600bc30565494c6df8096e04976,americanfootball_nfl,2023-09-17 17:03:00+00:00,Jacksonville Jaguars,Kansas City Chiefs,fanduel,FanDuel,2023-09-17T17:25:14Z,player_reception_yds,2023-09-17T17:23:16Z,Marquez Valdes-Scantling,34.5,-113.0,-115,2023,2,2023-09-17,JAX,KC,marquez valdes scantling,Marquez Valdes-Scantling,KC,WR,,,13.0,2.0,13.0,0,0,3.5,-3.5,50.5,False,True,-3.5,3.5,True,False,False,27.0
2023-09-17T17:30:00Z,2023-09-17T17:25:40Z,2023-09-17T17:20:40Z,2023-09-17T17:30:40Z,450d0600bc30565494c6df8096e04976,americanfootball_nfl,2023-09-17 17:03:00+00:00,Jacksonville Jaguars,Kansas City Chiefs,fanduel,FanDuel,2023-09-17T17:25:14Z,player_reception_yds,2023-09-17T17:23:16Z,Travis Etienne,16.5,-108.0,-120,2023,2,2023-09-17,JAX,KC,travis etienne,Travis Etienne Jr.,JAX,HB,,40.0,2.0,2.0,2.0,0,0,3.5,-3.5,50.5,True,False,3.5,-3.5,False,True,False,23.5
2023-09-17T17:30:00Z,2023-09-17T17:25:40Z,2023-09-17T17:20:40Z,2023-09-17T17:30:40Z,450d0600bc30565494c6df8096e04976,americanfootball_nfl,2023-09-17 17:03:00+00:00,Jacksonville Jaguars,Kansas City Chiefs,fanduel,FanDuel,2023-09-17T17:25:14Z,player_reception_yds,2023-09-17T17:23:16Z,Travis Kelce,74.5,-114.0,-114,2023,2,2023-09-17,JAX,KC,travis kelce,Travis Kelce,KC,TE,,,26.0,4.0,26.0,0,0,3.5,-3.5,50.5,False,True,-3.5,3.5,True,False,False,27.0
2023-09-17T17:30:00Z,2023-09-17T17:25:40Z,2023-09-17T17:20:40Z,2023-09-17T17:30:40Z,450d0600bc30565494c6df8096e04976,americanfootball_nfl,2023-09-17 17:03:00+00:00,Jacksonville Jaguars,Kansas City Chiefs,fanduel,FanDuel,2023-09-17T17:25:14Z,player_reception_yds,2023-09-17T17:23:16Z,Rashee Rice,18.5,-114.0,-114,2023,2,2023-09-17,JAX,KC,rashee rice,Rashee Rice,KC,WR,,,20.0,2.0,20.0,1,0,3.5,-3.5,50.5,False,True,-3.5,3.5,True,False,False,27.0
2023-09-17T17:30:00Z,2023-09-17T17:25:40Z,2023-09-17T17:20:40Z,2023-09-17T17:30:40Z,450d0600bc30565494c6df8096e04976,americanfootball_nfl,2023-09-17 17:03:00+00:00,Jacksonville Jaguars,Kansas City Chiefs,fanduel,FanDuel,2023-09-17T17:25:14Z,player_reception_yds,2023-09-17T17:23:16Z,Noah Gray,9.5,-114.0,-114,2023,2,2023-09-17,JAX,KC,noah gray,Noah Gray,KC,TE,,,38.0,3.0,38.0,1,0,3.5,-3.5,50.5,False,True,-3.5,3.5,True,False,False,27.0
2023-09-17T17:30:00Z,2023-09-17T17:25:40Z,2023-09-17T17:20:40Z,2023-09-17T17:30:40Z,450d0600bc30565494c6df8096e04976,americanfootball_nfl,2023-09-17 17:03:00+00:00,Jacksonville Jaguars,Kansas City Chiefs,fanduel,FanDuel,2023-09-17T17:25:14Z,player_reception_yds,2023-09-17T17:23:16Z,Calvin Ridley,69.5,-114.0,-114,2023,2,2023-09-17,JAX,KC,calvin ridley,Calvin Ridley,JAX,WR,,,32.0,2.0,32.0,0,0,3.5,-3.5,50.5,True,False,3.5,-3.5,False,True,False,23.5
2023-09-17T17:30:00Z,2023-09-17T17:25:40Z,2023-09-17T17:20:40Z,2023-09-17T17:30:40Z,450d0600bc30565494c6df8096e04976,americanfootball_nfl,2023-09-17 17:03:00+00:00,Jacksonville Jaguars,Kansas City Chiefs,fanduel,FanDuel,2023-09-17T17:25:14Z,player_reception_yds,2023-09-17T17:23:16Z,Kadarius Toney,24.5,-118.0,-110,2023,2,2023-09-17,JAX,KC,kadarius toney,Kadarius Toney,KC,WR,,3.0,35.0,5.0,35.0,1,0,3.5,-3.5,50.5,False,True,-3.5,3.5,True,False,False,27.0
2023-09-17T17:30:00Z,2023-09-17T17:25:40Z,2023-09-17T17:20:40Z,2023-09-17T17:30:40Z,450d0600bc30565494c6df8096e04976,americanfootball_nfl,2023-09-17 17:03:00+00:00,Jacksonville Jaguars,Kansas City Chiefs,fanduel,FanDuel,2023-09-17T17:25:14Z,player_reception_yds,2023-09-17T17:23:16Z,Skyy Moore,25.5,-113.0,-115,2023,2,2023-09-17,JAX,KC,skyy moore,Skyy Moore,KC,WR,,,70.0,3.0,70.0,1,0,3.5,-3.5,50.5,False,True,-3.5,3.5,True,False,False,27.0
2023-09-17T17:30:00Z,2023-09-17T17:25:40Z,2023-09-17T17:20:40Z,2023-09-17T17:30:40Z,450d0600bc30565494c6df8096e04976,americanfootball_nfl,2023-09-17 17:03:00+00:00,Jacksonville Jaguars,Kansas City Chiefs,fanduel,FanDuel,2023-09-17T17:25:14Z,player_reception_yds,2023-09-17T17:23:16Z,Jerick McKinnon,17.5,-114.0,-114,2023,2,2023-09-17,JAX,KC,jerick mckinnon,Jerick McKinnon,KC,HB,,-2.0,24.0,3.0,24.0,1,0,3.5,-3.5,50.5,False,True,-3.5,3.5,True,False,False,27.0
2023-09-17T17:30:00Z,2023-09-17T17:25:40Z,2023-09-17T17:20:40Z,2023-09-17T17:30:40Z,450d0600bc30565494c6df8096e04976,americanfootball_nfl,2023-09-17 17:03:00+00:00,Jacksonville Jaguars,Kansas City Chiefs,fanduel,FanDuel,2023-09-17T17:25:14Z,player_reception_yds,2023-09-17T17:23:16Z,Zay Jones,40.5,-114.0,-114,2023,2,2023-09-17,JAX,KC,zay jones,Zay Jones,JAX,WR,,,0.0,0.0,0.0,0,0,3.5,-3.5,50.5,True,False,3.5,-3.5,False,True,False,23.5
2023-09-17T19:35:00Z,2023-09-17T19:30:41Z,2023-09-17T19:25:40Z,2023-09-17T19:35:40Z,6166ce062983d3566b0ef03d8fd2ab87,americanfootball_nfl,2023-09-17 20:06:00+00:00,Arizona Cardinals,New York Giants,fanduel,FanDuel,2023-09-17T19:29:58Z,player_reception_yds,2023-09-17T19:27:57Z,Rondale Moore,27.5,-110.0,-110,2023,2,2023-09-17,ARI,NYG,rondale moore,Rondale Moore,ARI,WR,,,14.0,1.0,14.0,0,0,5.0,-5.0,40.0,True,False,5.0,-5.0,False,True,False,17.5
2023-09-17T19:35:00Z,2023-09-17T19:30:41Z,2023-09-17T19:25:40Z,2023-09-17T19:35:40Z,6166ce062983d3566b0ef03d8fd2ab87,americanfootball_nfl,2023-09-17 20:06:00+00:00,Arizona Cardinals,New York Giants,fanduel,FanDuel,2023-09-17T19:29:58Z,player_reception_yds,2023-09-17T19:27:57Z,Zach Ertz,27.5,-110.0,-110,2023,2,2023-09-17,ARI,NYG,zach ertz,Zach Ertz,ARI,TE,,,56.0,6.0,56.0,1,0,5.0,-5.0,40.0,True,False,5.0,-5.0,False,True,False,17.5
2023-09-17T19:35:00Z,2023-09-17T19:30:41Z,2023-09-17T19:25:40Z,2023-09-17T19:35:40Z,6166ce062983d3566b0ef03d8fd2ab87,americanfootball_nfl,2023-09-17 20:06:00+00:00,Arizona Cardinals,New York Giants,fanduel,FanDuel,2023-09-17T19:29:58Z,player_reception_yds,2023-09-17T19:27:57Z,Isaiah Hodgins,27.5,-110.0,-110,2023,2,2023-09-17,ARI,NYG,isaiah hodgins,Isaiah Hodgins,NYG,WR,,,40.0,4.0,40.0,1,0,5.0,-5.0,40.0,False,True,-5.0,5.0,True,False,False,22.5
2023-09-17T19:35:00Z,2023-09-17T19:30:41Z,2023-09-17T19:25:40Z,2023-09-17T19:35:40Z,6166ce062983d3566b0ef03d8fd2ab87,americanfootball_nfl,2023-09-17 20:06:00+00:00,Arizona Cardinals,New York Giants,fanduel,FanDuel,2023-09-17T19:29:58Z,player_reception_yds,2023-09-17T19:27:57Z,Michael Wilson,28.5,-110.0,-110,2023,2,2023-09-17,ARI,NYG,michael wilson,Michael Wilson,ARI,WR,,,56.0,3.0,56.0,1,0,5.0,-5.0,40.0,True,False,5.0,-5.0,False,True,False,17.5
2023-09-17T19:35:00Z,2023-09-17T19:30:41Z,2023-09-17T19:25:40Z,2023-09-17T19:35:40Z,6166ce062983d3566b0ef03d8fd2ab87,americanfootball_nfl,2023-09-17 20:06:00+00:00,Arizona Cardinals,New York Giants,fanduel,FanDuel,2023-09-17T19:29:58Z,player_reception_yds,2023-09-17T19:27:57Z,Parris Campbell,25.5,-110.0,-110,2023,2,2023-09-17,ARI,NYG,parris campbell,Parris Campbell,NYG,WR,,,21.0,4.0,21.0,0,0,5.0,-5.0,40.0,False,True,-5.0,5.0,True,False,False,22.5
2023-09-17T19:35:00Z,2023-09-17T19:30:41Z,2023-09-17T19:25:40Z,2023-09-17T19:35:40Z,6166ce062983d3566b0ef03d8fd2ab87,americanfootball_nfl,2023-09-17 20:06:00+00:00,Arizona Cardinals,New York Giants,fanduel,FanDuel,2023-09-17T19:29:58Z,player_reception_yds,2023-09-17T19:27:57Z,Darren Waller,45.5,-110.0,-110,2023,2,2023-09-17,ARI,NYG,darren waller,Darren Waller,NYG,TE,,,76.0,6.0,76.0,1,0,5.0,-5.0,40.0,False,True,-5.0,5.0,True,False,False,22.5
2023-09-17T19:35:00Z,2023-09-17T19:30:41Z,2023-09-17T19:25:40Z,2023-09-17T19:35:40Z,6166ce062983d3566b0ef03d8fd2ab87,americanfootball_nfl,2023-09-17 20:06:00+00:00,Arizona Cardinals,New York Giants,fanduel,FanDuel,2023-09-17T19:29:58Z,player_reception_yds,2023-09-17T19:27:57Z,Darius Slayton,29.5,-110.0,-110,2023,2,2023-09-17,ARI,NYG,darius slayton,Darius Slayton,NYG,WR,,,62.0,3.0,62.0,1,0,5.0,-5.0,40.0,False,True,-5.0,5.0,True,False,False,22.5
2023-09-17T19:35:00Z,2023-09-17T19:30:41Z,2023-09-17T19:25:40Z,2023-09-17T19:35:40Z,6166ce062983d3566b0ef03d8fd2ab87,americanfootball_nfl,2023-09-17 20:06:00+00:00,Arizona Cardinals,New York Giants,fanduel,FanDuel,2023-09-17T19:29:58Z,player_reception_yds,2023-09-17T19:27:57Z,Saquon Barkley,19.5,-110.0,-110,2023,2,2023-09-17,ARI,NYG,saquon barkley,Saquon Barkley,NYG,HB,,63.0,29.0,6.0,29.0,1,0,5.0,-5.0,40.0,False,True,-5.0,5.0,True,False,False,22.5
2023-09-17T19:35:00Z,2023-09-17T19:30:41Z,2023-09-17T19:25:40Z,2023-09-17T19:35:40Z,6166ce062983d3566b0ef03d8fd2ab87,americanfootball_nfl,2023-09-17 20:06:00+00:00,Arizona Cardinals,New York Giants,fanduel,FanDuel,2023-09-17T19:29:58Z,player_reception_yds,2023-09-17T19:27:57Z,Marquise Brown,44.5,-110.0,-110,2023,2,2023-09-17,ARI,NYG,marquise brown,Marquise Brown,ARI,WR,,,54.0,6.0,54.0,1,0,5.0,-5.0,40.0,True,False,5.0,-5.0,False,True,False,17.5
2023-09-17T19:35:00Z,2023-09-17T19:30:41Z,2023-09-17T19:25:40Z,2023-09-17T19:35:40Z,6166ce062983d3566b0ef03d8fd2ab87,americanfootball_nfl,2023-09-17 20:06:00+00:00,Arizona Cardinals,New York Giants,fanduel,FanDuel,2023-09-17T19:29:58Z,player_reception_yds,2023-09-17T19:27:57Z,James Conner,17.5,-110.0,-110,2023,2,2023-09-17,ARI,NYG,james conner,James Conner,ARI,HB,,106.0,,,0.0,0,0,5.0,-5.0,40.0,True,False,5.0,-5.0,False,True,False,17.5
2023-09-17T19:35:00Z,2023-09-17T19:30:41Z,2023-09-17T19:25:40Z,2023-09-17T19:35:40Z,a6a30233e1ec7fb3b9f9a5e4444ff14b,americanfootball_nfl,2023-09-17 20:06:00+00:00,Los Angeles Rams,San Francisco 49ers,fanduel,FanDuel,2023-09-17T19:29:58Z,player_reception_yds,2023-09-17T19:30:16Z,Tyler Higbee,40.5,-110.0,-110,2023,2,2023-09-17,LAR,SF,tyler higbee,Tyler Higbee,LAR,TE,,,12.0,3.0,12.0,0,0,7.5,-7.5,45.0,True,False,7.5,-7.5,False,True,False,18.75
2023-09-17T19:35:00Z,2023-09-17T19:30:41Z,2023-09-17T19:25:40Z,2023-09-17T19:35:40Z,a6a30233e1ec7fb3b9f9a5e4444ff14b,americanfootball_nfl,2023-09-17 20:06:00+00:00,Los Angeles Rams,San Francisco 49ers,fanduel,FanDuel,2023-09-17T19:29:58Z,player_reception_yds,2023-09-17T19:30:16Z,Jauan Jennings,15.5,-105.0,-115,2023,2,2023-09-17,LAR,SF,jauan jennings,Jauan Jennings,SF,WR,,,51.0,2.0,51.0,1,0,7.5,-7.5,45.0,False,True,-7.5,7.5,True,False,False,26.25
2023-09-17T19:35:00Z,2023-09-17T19:30:41Z,2023-09-17T19:25:40Z,2023-09-17T19:35:40Z,a6a30233e1ec7fb3b9f9a5e4444ff14b,americanfootball_nfl,2023-09-17 20:06:00+00:00,Los Angeles Rams,San Francisco 49ers,fanduel,FanDuel,2023-09-17T19:29:58Z,player_reception_yds,2023-09-17T19:30:16Z,Deebo Samuel,46.5,-110.0,-110,2023,2,2023-09-17,LAR,SF,deebo samuel,Deebo Samuel,SF,WR,,38.0,63.0,6.0,63.0,1,0,7.5,-7.5,45.0,False,True,-7.5,7.5,True,False,False,26.25
2023-09-17T19:35:00Z,2023-09-17T19:30:41Z,2023-09-17T19:25:40Z,2023-09-17T19:35:40Z,a6a30233e1ec7fb3b9f9a5e4444ff14b,americanfootball_nfl,2023-09-17 20:06:00+00:00,Los Angeles Rams,San Francisco 49ers,fanduel,FanDuel,2023-09-17T19:29:58Z,player_reception_yds,2023-09-17T19:30:16Z,Puka Nacua,47.5,-110.0,-110,2023,2,2023-09-17,LAR,SF,puka nacua,Puka Nacua,LAR,WR,,4.0,147.0,15.0,147.0,1,0,7.5,-7.5,45.0,True,False,7.5,-7.5,False,True,False,18.75
2023-09-17T19:35:00Z,2023-09-17T19:30:41Z,2023-09-17T19:25:40Z,2023-09-17T19:35:40Z,a6a30233e1ec7fb3b9f9a5e4444ff14b,americanfootball_nfl,2023-09-17 20:06:00+00:00,Los Angeles Rams,San Francisco 49ers,fanduel,FanDuel,2023-09-17T19:29:58Z,player_reception_yds,2023-09-17T19:30:16Z,Tutu Atwell,41.5,-110.0,-110,2023,2,2023-09-17,LAR,SF,tutu atwell,Tutu Atwell,LAR,WR,,5.0,77.0,7.0,77.0,1,0,7.5,-7.5,45.0,True,False,7.5,-7.5,False,True,False,18.75
2023-09-17T19:35:00Z,2023-09-17T19:30:41Z,2023-09-17T19:25:40Z,2023-09-17T19:35:40Z,a6a30233e1ec7fb3b9f9a5e4444ff14b,americanfootball_nfl,2023-09-17 20:06:00+00:00,Los Angeles Rams,San Francisco 49ers,fanduel,FanDuel,2023-09-17T19:29:58Z,player_reception_yds,2023-09-17T19:30:16Z,George Kittle,38.5,-110.0,-110,2023,2,2023-09-17,LAR,SF,george kittle,George Kittle,SF,TE,,,30.0,3.0,30.0,0,0,7.5,-7.5,45.0,False,True,-7.5,7.5,True,False,False,26.25
2023-09-17T19:35:00Z,2023-09-17T19:30:41Z,2023-09-17T19:25:40Z,2023-09-17T19:35:40Z,a6a30233e1ec7fb3b9f9a5e4444ff14b,americanfootball_nfl,2023-09-17 20:06:00+00:00,Los Angeles Rams,San Francisco 49ers,fanduel,FanDuel,2023-09-17T19:29:58Z,player_reception_yds,2023-09-17T19:30:16Z,Brandon Aiyuk,60.5,-110.0,-110,2023,2,2023-09-17,LAR,SF,brandon aiyuk,Brandon Aiyuk,SF,WR,,,43.0,3.0,43.0,0,0,7.5,-7.5,45.0,False,True,-7.5,7.5,True,False,False,26.25
2023-09-17T19:35:00Z,2023-09-17T19:30:41Z,2023-09-17T19:25:40Z,2023-09-17T19:35:40Z,a6a30233e1ec7fb3b9f9a5e4444ff14b,americanfootball_nfl,2023-09-17 20:06:00+00:00,Los Angeles Rams,San Francisco 49ers,fanduel,FanDuel,2023-09-17T19:29:58Z,player_reception_yds,2023-09-17T19:30:16Z,Van Jefferson,37.5,-110.0,-110,2023,2,2023-09-17,LAR,SF,van jefferson,Van Jefferson,LAR,WR,,,9.0,1.0,9.0,0,0,7.5,-7.5,45.0,True,False,7.5,-7.5,False,True,False,18.75
2023-09-17T19:35:00Z,2023-09-17T19:30:41Z,2023-09-17T19:25:40Z,2023-09-17T19:35:40Z,a6a30233e1ec7fb3b9f9a5e4444ff14b,americanfootball_nfl,2023-09-17 20:06:00+00:00,Los Angeles Rams,San Francisco 49ers,fanduel,FanDuel,2023-09-17T19:29:58Z,player_reception_yds,2023-09-17T19:30:16Z,Christian McCaffrey,29.5,-110.0,-110,2023,2,2023-09-17,LAR,SF,christian mccaffrey,Christian McCaffrey,SF,HB,,116.0,19.0,3.0,19.0,0,0,7.5,-7.5,45.0,False,True,-7.5,7.5,True,False,False,26.25
2023-09-17T19:55:00Z,2023-09-17T19:50:40Z,2023-09-17T19:45:41Z,2023-09-17T19:55:40Z,8d0feb26abd99c7136450e434ba91173,americanfootball_nfl,2023-09-17 20:26:00+00:00,Dallas Cowboys,New York Jets,fanduel,FanDuel,2023-09-17T19:50:30Z,player_reception_yds,2023-09-17T19:50:18Z,Dalvin Cook,9.5,-110.0,-110,2023,2,2023-09-17,DAL,NYJ,dalvin cook,Dalvin Cook,NYJ,HB,,7.0,5.0,1.0,5.0,0,0,-8.5,8.5,38.5,False,True,8.5,-8.5,False,True,False,15.0
2023-09-17T19:55:00Z,2023-09-17T19:50:40Z,2023-09-17T19:45:41Z,2023-09-17T19:55:40Z,8d0feb26abd99c7136450e434ba91173,americanfootball_nfl,2023-09-17 20:26:00+00:00,Dallas Cowboys,New York Jets,fanduel,FanDuel,2023-09-17T19:50:30Z,player_reception_yds,2023-09-17T19:50:18Z,Garrett Wilson,48.5,-110.0,-110,2023,2,2023-09-17,DAL,NYJ,garrett wilson,Garrett Wilson,NYJ,WR,,,83.0,2.0,83.0,1,0,-8.5,8.5,38.5,False,True,8.5,-8.5,False,True,False,15.0
2023-09-17T19:55:00Z,2023-09-17T19:50:40Z,2023-09-17T19:45:41Z,2023-09-17T19:55:40Z,8d0feb26abd99c7136450e434ba91173,americanfootball_nfl,2023-09-17 20:26:00+00:00,Dallas Cowboys,New York Jets,fanduel,FanDuel,2023-09-17T19:50:30Z,player_reception_yds,2023-09-17T19:50:18Z,Tony Pollard,19.5,-110.0,-110,2023,2,2023-09-17,DAL,NYJ,tony pollard,Tony Pollard,DAL,HB,,72.0,37.0,7.0,37.0,1,0,-8.5,8.5,38.5,True,False,-8.5,8.5,True,False,False,23.5
2023-09-17T19:55:00Z,2023-09-17T19:50:40Z,2023-09-17T19:45:41Z,2023-09-17T19:55:40Z,8d0feb26abd99c7136450e434ba91173,americanfootball_nfl,2023-09-17 20:26:00+00:00,Dallas Cowboys,New York Jets,fanduel,FanDuel,2023-09-17T19:50:30Z,player_reception_yds,2023-09-17T19:50:18Z,Jake Ferguson,25.5,-110.0,-110,2023,2,2023-09-17,DAL,NYJ,jake ferguson,Jake Ferguson,DAL,TE,,,11.0,3.0,11.0,0,0,-8.5,8.5,38.5,True,False,-8.5,8.5,True,False,False,23.5
2023-09-17T19:55:00Z,2023-09-17T19:50:40Z,2023-09-17T19:45:41Z,2023-09-17T19:55:40Z,8d0feb26abd99c7136450e434ba91173,americanfootball_nfl,2023-09-17 20:26:00+00:00,Dallas Cowboys,New York Jets,fanduel,FanDuel,2023-09-17T19:50:30Z,player_reception_yds,2023-09-17T19:50:18Z,CeeDee Lamb,61.5,-110.0,-110,2023,2,2023-09-17,DAL,NYJ,ceedee lamb,CeeDee Lamb,DAL,WR,,,143.0,11.0,143.0,1,0,-8.5,8.5,38.5,True,False,-8.5,8.5,True,False,False,23.5
2023-09-17T19:55:00Z,2023-09-17T19:50:40Z,2023-09-17T19:45:41Z,2023-09-17T19:55:40Z,8d0feb26abd99c7136450e434ba91173,americanfootball_nfl,2023-09-17 20:26:00+00:00,Dallas Cowboys,New York Jets,fanduel,FanDuel,2023-09-17T19:50:30Z,player_reception_yds,2023-09-17T19:50:18Z,Tyler Conklin,20.5,-110.0,-110,2023,2,2023-09-17,DAL,NYJ,tyler conklin,Tyler Conklin,NYJ,TE,,,50.0,5.0,50.0,1,0,-8.5,8.5,38.5,False,True,8.5,-8.5,False,True,False,15.0
2023-09-17T19:55:00Z,2023-09-17T19:50:40Z,2023-09-17T19:45:41Z,2023-09-17T19:55:40Z,8d0feb26abd99c7136450e434ba91173,americanfootball_nfl,2023-09-17 20:26:00+00:00,Dallas Cowboys,New York Jets,fanduel,FanDuel,2023-09-17T19:50:30Z,player_reception_yds,2023-09-17T19:50:18Z,CJ Uzomah,8.5,100.0,-122,2023,2,2023-09-17,DAL,NYJ,cj uzomah,,,,,,,,0.0,0,0,-8.5,8.5,38.5,False,False,,,False,False,False,
2023-09-17T19:55:00Z,2023-09-17T19:50:40Z,2023-09-17T19:45:41Z,2023-09-17T19:55:40Z,8d0feb26abd99c7136450e434ba91173,americanfootball_nfl,2023-09-17 20:26:00+00:00,Dallas Cowboys,New York Jets,fanduel,FanDuel,2023-09-17T19:50:30Z,player_reception_yds,2023-09-17T19:50:18Z,Michael Gallup,34.5,-110.0,-110,2023,2,2023-09-17,DAL,NYJ,michael gallup,Michael Gallup,DAL,WR,,,3.0,1.0,3.0,0,0,-8.5,8.5,38.5,True,False,-8.5,8.5,True,False,False,23.5
2023-09-17T19:55:00Z,2023-09-17T19:50:40Z,2023-09-17T19:45:41Z,2023-09-17T19:55:40Z,8d0feb26abd99c7136450e434ba91173,americanfootball_nfl,2023-09-17 20:26:00+00:00,Dallas Cowboys,New York Jets,fanduel,FanDuel,2023-09-17T19:50:30Z,player_reception_yds,2023-09-17T19:50:18Z,Allen Lazard,32.5,-110.0,-110,2023,2,2023-09-17,DAL,NYJ,allen lazard,Allen Lazard,NYJ,WR,,,23.0,2.0,23.0,0,0,-8.5,8.5,38.5,False,True,8.5,-8.5,False,True,False,15.0
2023-09-17T19:55:00Z,2023-09-17T19:50:40Z,2023-09-17T19:45:41Z,2023-09-17T19:55:40Z,7e881b03dcf88ddd4e9d1a3c609db6d3,americanfootball_nfl,2023-09-17 20:26:00+00:00,Denver Broncos,Washington Commanders,fanduel,FanDuel,2023-09-17T19:50:30Z,player_reception_yds,2023-09-17T19:50:42Z,Samaje Perine,13.5,-110.0,-110,2023,2,2023-09-17,DEN,WAS,samaje perine,Samaje Perine,DEN,HB,,4.0,20.0,3.0,20.0,1,0,-4.0,4.0,38.5,True,False,-4.0,4.0,True,False,False,21.25
2023-09-17T19:55:00Z,2023-09-17T19:50:40Z,2023-09-17T19:45:41Z,2023-09-17T19:55:40Z,7e881b03dcf88ddd4e9d1a3c609db6d3,americanfootball_nfl,2023-09-17 20:26:00+00:00,Denver Broncos,Washington Commanders,fanduel,FanDuel,2023-09-17T19:50:30Z,player_reception_yds,2023-09-17T19:50:42Z,Antonio Gibson,11.5,-110.0,-110,2023,2,2023-09-17,DEN,WAS,antonio gibson,Antonio Gibson,WAS,HB,,9.0,44.0,3.0,44.0,1,0,-4.0,4.0,38.5,False,True,4.0,-4.0,False,True,False,17.25
2023-09-17T19:55:00Z,2023-09-17T19:50:40Z,2023-09-17T19:45:41Z,2023-09-17T19:55:40Z,7e881b03dcf88ddd4e9d1a3c609db6d3,americanfootball_nfl,2023-09-17 20:26:00+00:00,Denver Broncos,Washington Commanders,fanduel,FanDuel,2023-09-17T19:50:30Z,player_reception_yds,2023-09-17T19:50:42Z,Brian Robinson,7.5,104.0,-128,2023,2,2023-09-17,DEN,WAS,brian robinson,Brian Robinson,WAS,HB,,87.0,42.0,2.0,42.0,1,0,-4.0,4.0,38.5,False,True,4.0,-4.0,False,True,False,17.25
2023-09-17T19:55:00Z,2023-09-17T19:50:40Z,2023-09-17T19:45:41Z,2023-09-17T19:55:40Z,7e881b03dcf88ddd4e9d1a3c609db6d3,americanfootball_nfl,2023-09-17 20:26:00+00:00,Denver Broncos,Washington Commanders,fanduel,FanDuel,2023-09-17T19:50:30Z,player_reception_yds,2023-09-17T19:50:42Z,Jerry Jeudy,47.5,-110.0,-110,2023,2,2023-09-17,DEN,WAS,jerry jeudy,Jerry Jeudy,DEN,WR,,,25.0,3.0,25.0,0,0,-4.0,4.0,38.5,True,False,-4.0,4.0,True,False,False,21.25
2023-09-17T19:55:00Z,2023-09-17T19:50:40Z,2023-09-17T19:45:41Z,2023-09-17T19:55:40Z,7e881b03dcf88ddd4e9d1a3c609db6d3,americanfootball_nfl,2023-09-17 20:26:00+00:00,Denver Broncos,Washington Commanders,fanduel,FanDuel,2023-09-17T19:50:30Z,player_reception_yds,2023-09-17T19:50:42Z,Terry McLaurin,46.5,-110.0,-110,2023,2,2023-09-17,DEN,WAS,terry mclaurin,Terry McLaurin,WAS,WR,,,54.0,5.0,54.0,1,0,-4.0,4.0,38.5,False,True,4.0,-4.0,False,True,False,17.25
2023-09-17T19:55:00Z,2023-09-17T19:50:40Z,2023-09-17T19:45:41Z,2023-09-17T19:55:40Z,7e881b03dcf88ddd4e9d1a3c609db6d3,americanfootball_nfl,2023-09-17 20:26:00+00:00,Denver Broncos,Washington Commanders,fanduel,FanDuel,2023-09-17T19:50:30Z,player_reception_yds,2023-09-17T19:50:42Z,Courtland Sutton,46.5,-110.0,-110,2023,2,2023-09-17,DEN,WAS,courtland sutton,Courtland Sutton,DEN,WR,,,66.0,5.0,66.0,1,0,-4.0,4.0,38.5,True,False,-4.0,4.0,True,False,False,21.25
2023-09-17T19:55:00Z,2023-09-17T19:50:40Z,2023-09-17T19:45:41Z,2023-09-17T19:55:40Z,7e881b03dcf88ddd4e9d1a3c609db6d3,americanfootball_nfl,2023-09-17 20:26:00+00:00,Denver Broncos,Washington Commanders,fanduel,FanDuel,2023-09-17T19:50:30Z,player_reception_yds,2023-09-17T19:50:42Z,Javonte Williams,12.5,-110.0,-110,2023,2,2023-09-17,DEN,WAS,javonte williams,Javonte Williams,DEN,HB,,44.0,14.0,2.0,14.0,1,0,-4.0,4.0,38.5,True,False,-4.0,4.0,True,False,False,21.25
2023-09-17T19:55:00Z,2023-09-17T19:50:40Z,2023-09-17T19:45:41Z,2023-09-17T19:55:40Z,7e881b03dcf88ddd4e9d1a3c609db6d3,americanfootball_nfl,2023-09-17 20:26:00+00:00,Denver Broncos,Washington Commanders,fanduel,FanDuel,2023-09-17T19:50:30Z,player_reception_yds,2023-09-17T19:50:42Z,Jahan Dotson,46.5,-110.0,-110,2023,2,2023-09-17,DEN,WAS,jahan dotson,Jahan Dotson,WAS,WR,,,22.0,3.0,22.0,0,0,-4.0,4.0,38.5,False,True,4.0,-4.0,False,True,False,17.25
2023-09-17T19:55:00Z,2023-09-17T19:50:40Z,2023-09-17T19:45:41Z,2023-09-17T19:55:40Z,7e881b03dcf88ddd4e9d1a3c609db6d3,americanfootball_nfl,2023-09-17 20:26:00+00:00,Denver Broncos,Washington Commanders,fanduel,FanDuel,2023-09-17T19:50:30Z,player_reception_yds,2023-09-17T19:50:42Z,Logan Thomas,24.5,-110.0,-110,2023,2,2023-09-17,DEN,WAS,logan thomas,Logan Thomas,WAS,TE,,,22.0,2.0,22.0,0,0,-4.0,4.0,38.5,False,True,4.0,-4.0,False,True,False,17.25
2023-09-17T19:55:00Z,2023-09-17T19:50:40Z,2023-09-17T19:45:41Z,2023-09-17T19:55:40Z,7e881b03dcf88ddd4e9d1a3c609db6d3,americanfootball_nfl,2023-09-17 20:26:00+00:00,Denver Broncos,Washington Commanders,fanduel,FanDuel,2023-09-17T19:50:30Z,player_reception_yds,2023-09-17T19:50:42Z,Curtis Samuel,25.5,-110.0,-110,2023,2,2023-09-17,DEN,WAS,curtis samuel,Curtis Samuel,WAS,WR,,13.0,19.0,3.0,19.0,0,0,-4.0,4.0,38.5,False,True,4.0,-4.0,False,True,False,17.25
2023-09-17T19:55:00Z,2023-09-17T19:50:40Z,2023-09-17T19:45:41Z,2023-09-17T19:55:40Z,7e881b03dcf88ddd4e9d1a3c609db6d3,americanfootball_nfl,2023-09-17 20:26:00+00:00,Denver Broncos,Washington Commanders,fanduel,FanDuel,2023-09-17T19:50:30Z,player_reception_yds,2023-09-17T19:50:42Z,Adam Trautman,24.5,-110.0,-110,2023,2,2023-09-17,DEN,WAS,adam trautman,Adam Trautman,DEN,TE,,,0.0,0.0,0.0,0,0,-4.0,4.0,38.5,True,False,-4.0,4.0,True,False,False,21.25
2023-09-17T23:50:00Z,2023-09-17T23:45:40Z,2023-09-17T23:40:41Z,2023-09-17T23:50:41Z,9003a41d4bd320e1c437ea6dc5a2fec6,americanfootball_nfl,2023-09-18 00:21:00+00:00,New England Patriots,Miami Dolphins,fanduel,FanDuel,2023-09-17T23:45:27Z,player_reception_yds,2023-09-17T23:45:20Z,Hunter Henry,31.5,-110.0,-110,2023,2,2023-09-17,NE,MIA,hunter henry,Hunter Henry,NE,TE,,,52.0,6.0,52.0,1,0,2.0,-2.0,46.5,True,False,2.0,-2.0,False,True,False,22.25
2023-09-17T23:50:00Z,2023-09-17T23:45:40Z,2023-09-17T23:40:41Z,2023-09-17T23:50:41Z,9003a41d4bd320e1c437ea6dc5a2fec6,americanfootball_nfl,2023-09-18 00:21:00+00:00,New England Patriots,Miami Dolphins,fanduel,FanDuel,2023-09-17T23:45:27Z,player_reception_yds,2023-09-17T23:45:20Z,Kendrick Bourne,42.5,-110.0,-110,2023,2,2023-09-17,NE,MIA,kendrick bourne,Kendrick Bourne,NE,WR,,,29.0,4.0,29.0,0,0,2.0,-2.0,46.5,True,False,2.0,-2.0,False,True,False,22.25
2023-09-17T23:50:00Z,2023-09-17T23:45:40Z,2023-09-17T23:40:41Z,2023-09-17T23:50:41Z,9003a41d4bd320e1c437ea6dc5a2fec6,americanfootball_nfl,2023-09-18 00:21:00+00:00,New England Patriots,Miami Dolphins,fanduel,FanDuel,2023-09-17T23:45:27Z,player_reception_yds,2023-09-17T23:45:20Z,Mike Gesicki,18.5,-110.0,-110,2023,2,2023-09-17,NE,MIA,mike gesicki,Mike Gesicki,NE,TE,,,33.0,5.0,33.0,1,0,2.0,-2.0,46.5,True,False,2.0,-2.0,False,True,False,22.25
2023-09-17T23:50:00Z,2023-09-17T23:45:40Z,2023-09-17T23:40:41Z,2023-09-17T23:50:41Z,9003a41d4bd320e1c437ea6dc5a2fec6,americanfootball_nfl,2023-09-18 00:21:00+00:00,New England Patriots,Miami Dolphins,fanduel,FanDuel,2023-09-17T23:45:27Z,player_reception_yds,2023-09-17T23:45:20Z,Braxton Berrios,18.5,-110.0,-110,2023,2,2023-09-17,NE,MIA,braxton berrios,Braxton Berrios,MIA,WR,,,28.0,2.0,28.0,1,0,2.0,-2.0,46.5,False,True,-2.0,2.0,True,False,False,24.25
2023-09-17T23:50:00Z,2023-09-17T23:45:40Z,2023-09-17T23:40:41Z,2023-09-17T23:50:41Z,9003a41d4bd320e1c437ea6dc5a2fec6,americanfootball_nfl,2023-09-18 00:21:00+00:00,New England Patriots,Miami Dolphins,fanduel,FanDuel,2023-09-17T23:45:27Z,player_reception_yds,2023-09-17T23:45:20Z,Durham Smythe,23.5,-110.0,-110,2023,2,2023-09-17,NE,MIA,durham smythe,Durham Smythe,MIA,TE,,,23.0,3.0,23.0,0,0,2.0,-2.0,46.5,False,True,-2.0,2.0,True,False,False,24.25
2023-09-17T23:50:00Z,2023-09-17T23:45:40Z,2023-09-17T23:40:41Z,2023-09-17T23:50:41Z,9003a41d4bd320e1c437ea6dc5a2fec6,americanfootball_nfl,2023-09-18 00:21:00+00:00,New England Patriots,Miami Dolphins,fanduel,FanDuel,2023-09-17T23:45:27Z,player_reception_yds,2023-09-17T23:45:20Z,Raheem Mostert,12.5,-110.0,-110,2023,2,2023-09-17,NE,MIA,raheem mostert,Raheem Mostert,MIA,HB,,121.0,6.0,1.0,6.0,0,0,2.0,-2.0,46.5,False,True,-2.0,2.0,True,False,False,24.25
2023-09-17T23:50:00Z,2023-09-17T23:45:40Z,2023-09-17T23:40:41Z,2023-09-17T23:50:41Z,9003a41d4bd320e1c437ea6dc5a2fec6,americanfootball_nfl,2023-09-18 00:21:00+00:00,New England Patriots,Miami Dolphins,fanduel,FanDuel,2023-09-17T23:45:27Z,player_reception_yds,2023-09-17T23:45:20Z,Rhamondre Stevenson,23.5,-110.0,-110,2023,2,2023-09-17,NE,MIA,rhamondre stevenson,Rhamondre Stevenson,NE,HB,,50.0,10.0,3.0,10.0,0,0,2.0,-2.0,46.5,True,False,2.0,-2.0,False,True,False,22.25
2023-09-17T23:50:00Z,2023-09-17T23:45:40Z,2023-09-17T23:40:41Z,2023-09-17T23:50:41Z,9003a41d4bd320e1c437ea6dc5a2fec6,americanfootball_nfl,2023-09-18 00:21:00+00:00,New England Patriots,Miami Dolphins,fanduel,FanDuel,2023-09-17T23:45:27Z,player_reception_yds,2023-09-17T23:45:20Z,River Cracraft,12.5,-110.0,-110,2023,2,2023-09-17,NE,MIA,river cracraft,River Cracraft,MIA,WR,,,34.0,2.0,34.0,1,0,2.0,-2.0,46.5,False,True,-2.0,2.0,True,False,False,24.25
2023-09-17T23:50:00Z,2023-09-17T23:45:40Z,2023-09-17T23:40:41Z,2023-09-17T23:50:41Z,9003a41d4bd320e1c437ea6dc5a2fec6,americanfootball_nfl,2023-09-18 00:21:00+00:00,New England Patriots,Miami Dolphins,fanduel,FanDuel,2023-09-17T23:45:27Z,player_reception_yds,2023-09-17T23:45:20Z,Tyreek Hill,82.5,-110.0,-110,2023,2,2023-09-17,NE,MIA,tyreek hill,Tyreek Hill,MIA,WR,,,40.0,5.0,40.0,0,0,2.0,-2.0,46.5,False,True,-2.0,2.0,True,False,False,24.25
2023-09-17T23:50:00Z,2023-09-17T23:45:40Z,2023-09-17T23:40:41Z,2023-09-17T23:50:41Z,9003a41d4bd320e1c437ea6dc5a2fec6,americanfootball_nfl,2023-09-18 00:21:00+00:00,New England Patriots,Miami Dolphins,fanduel,FanDuel,2023-09-17T23:45:27Z,player_reception_yds,2023-09-17T23:45:20Z,JuJu Smith-Schuster,28.5,-110.0,-110,2023,2,2023-09-17,NE,MIA,juju smith schuster,JuJu Smith-Schuster,NE,WR,,,28.0,5.0,28.0,0,0,2.0,-2.0,46.5,True,False,2.0,-2.0,False,True,False,22.25
2023-09-17T23:50:00Z,2023-09-17T23:45:40Z,2023-09-17T23:40:41Z,2023-09-17T23:50:41Z,9003a41d4bd320e1c437ea6dc5a2fec6,americanfootball_nfl,2023-09-18 00:21:00+00:00,New England Patriots,Miami Dolphins,fanduel,FanDuel,2023-09-17T23:45:27Z,player_reception_yds,2023-09-17T23:45:20Z,Ezekiel Elliott,7.5,-110.0,-110,2023,2,2023-09-17,NE,MIA,ezekiel elliott,Ezekiel Elliott,NE,HB,,13.0,,,0.0,0,0,2.0,-2.0,46.5,True,False,2.0,-2.0,False,True,False,22.25
2023-09-17T23:50:00Z,2023-09-17T23:45:40Z,2023-09-17T23:40:41Z,2023-09-17T23:50:41Z,9003a41d4bd320e1c437ea6dc5a2fec6,americanfootball_nfl,2023-09-18 00:21:00+00:00,New England Patriots,Miami Dolphins,fanduel,FanDuel,2023-09-17T23:45:27Z,player_reception_yds,2023-09-17T23:45:20Z,Devante Parker,30.5,-110.0,-110,2023,2,2023-09-17,NE,MIA,devante parker,DeVante Parker,NE,WR,,,57.0,6.0,57.0,1,0,2.0,-2.0,46.5,True,False,2.0,-2.0,False,True,False,22.25
2023-09-17T23:50:00Z,2023-09-17T23:45:40Z,2023-09-17T23:40:41Z,2023-09-17T23:50:41Z,9003a41d4bd320e1c437ea6dc5a2fec6,americanfootball_nfl,2023-09-18 00:21:00+00:00,New England Patriots,Miami Dolphins,fanduel,FanDuel,2023-09-17T23:45:27Z,player_reception_yds,2023-09-17T23:45:20Z,Jaylen Waddle,63.5,-110.0,-110,2023,2,2023-09-17,NE,MIA,jaylen waddle,Jaylen Waddle,MIA,WR,,-2.0,86.0,4.0,86.0,1,0,2.0,-2.0,46.5,False,True,-2.0,2.0,True,False,False,24.25
2023-09-18T22:45:00Z,2023-09-18T22:40:43Z,2023-09-18T22:35:41Z,2023-09-18T22:45:43Z,e1573fb36f89f2e295e128bf5ec13a6a,americanfootball_nfl,2023-09-18 23:16:00+00:00,Carolina Panthers,New Orleans Saints,fanduel,FanDuel,2023-09-18T22:40:26Z,player_reception_yds,2023-09-18T22:37:57Z,DJ Chark Jr.,26.5,-110.0,-110,2023,2,2023-09-18,CAR,NO,dj chark,DJ Chark Jr.,CAR,WR,,,15.0,1.0,15.0,0,0,3.0,-3.0,39.5,True,False,3.0,-3.0,False,True,False,18.25
2023-09-18T22:45:00Z,2023-09-18T22:40:43Z,2023-09-18T22:35:41Z,2023-09-18T22:45:43Z,e1573fb36f89f2e295e128bf5ec13a6a,americanfootball_nfl,2023-09-18 23:16:00+00:00,Carolina Panthers,New Orleans Saints,fanduel,FanDuel,2023-09-18T22:40:26Z,player_reception_yds,2023-09-18T22:37:57Z,Miles Sanders,13.5,-110.0,-110,2023,2,2023-09-18,CAR,NO,miles sanders,Miles Sanders,CAR,HB,,43.0,4.0,3.0,4.0,0,0,3.0,-3.0,39.5,True,False,3.0,-3.0,False,True,False,18.25
2023-09-18T22:45:00Z,2023-09-18T22:40:43Z,2023-09-18T22:35:41Z,2023-09-18T22:45:43Z,e1573fb36f89f2e295e128bf5ec13a6a,americanfootball_nfl,2023-09-18 23:16:00+00:00,Carolina Panthers,New Orleans Saints,fanduel,FanDuel,2023-09-18T22:40:26Z,player_reception_yds,2023-09-18T22:37:57Z,Juwan Johnson,26.5,-110.0,-110,2023,2,2023-09-18,CAR,NO,juwan johnson,Juwan Johnson,NO,TE,,,13.0,2.0,13.0,0,0,3.0,-3.0,39.5,False,True,-3.0,3.0,True,False,False,21.25
2023-09-18T22:45:00Z,2023-09-18T22:40:43Z,2023-09-18T22:35:41Z,2023-09-18T22:45:43Z,e1573fb36f89f2e295e128bf5ec13a6a,americanfootball_nfl,2023-09-18 23:16:00+00:00,Carolina Panthers,New Orleans Saints,fanduel,FanDuel,2023-09-18T22:40:26Z,player_reception_yds,2023-09-18T22:37:57Z,Terrace Marshall Jr.,12.5,-110.0,-110,2023,2,2023-09-18,CAR,NO,terrace marshall,,,,,,,,0.0,0,0,3.0,-3.0,39.5,False,False,,,False,False,False,
2023-09-18T22:45:00Z,2023-09-18T22:40:43Z,2023-09-18T22:35:41Z,2023-09-18T22:45:43Z,e1573fb36f89f2e295e128bf5ec13a6a,americanfootball_nfl,2023-09-18 23:16:00+00:00,Carolina Panthers,New Orleans Saints,fanduel,FanDuel,2023-09-18T22:40:26Z,player_reception_yds,2023-09-18T22:37:57Z,Adam Thielen,27.5,-110.0,-110,2023,2,2023-09-18,CAR,NO,adam thielen,Adam Thielen,CAR,WR,,,54.0,7.0,54.0,1,0,3.0,-3.0,39.5,True,False,3.0,-3.0,False,True,False,18.25
2023-09-18T22:45:00Z,2023-09-18T22:40:43Z,2023-09-18T22:35:41Z,2023-09-18T22:45:43Z,e1573fb36f89f2e295e128bf5ec13a6a,americanfootball_nfl,2023-09-18 23:16:00+00:00,Carolina Panthers,New Orleans Saints,fanduel,FanDuel,2023-09-18T22:40:26Z,player_reception_yds,2023-09-18T22:37:57Z,Hayden Hurst,27.5,-110.0,-110,2023,2,2023-09-18,CAR,NO,hayden hurst,Hayden Hurst,CAR,TE,,,20.0,3.0,20.0,0,0,3.0,-3.0,39.5,True,False,3.0,-3.0,False,True,False,18.25
2023-09-18T22:45:00Z,2023-09-18T22:40:43Z,2023-09-18T22:35:41Z,2023-09-18T22:45:43Z,e1573fb36f89f2e295e128bf5ec13a6a,americanfootball_nfl,2023-09-18 23:16:00+00:00,Carolina Panthers,New Orleans Saints,fanduel,FanDuel,2023-09-18T22:40:26Z,player_reception_yds,2023-09-18T22:37:57Z,Jamaal Williams,9.5,-108.0,-112,2023,2,2023-09-18,CAR,NO,jamaal williams,Jamaal Williams,NO,HB,,29.0,,,0.0,0,0,3.0,-3.0,39.5,False,True,-3.0,3.0,True,False,False,21.25
2023-09-18T22:45:00Z,2023-09-18T22:40:43Z,2023-09-18T22:35:41Z,2023-09-18T22:45:43Z,e1573fb36f89f2e295e128bf5ec13a6a,americanfootball_nfl,2023-09-18 23:16:00+00:00,Carolina Panthers,New Orleans Saints,fanduel,FanDuel,2023-09-18T22:40:26Z,player_reception_yds,2023-09-18T22:37:57Z,Chris Olave,72.5,-110.0,-110,2023,2,2023-09-18,CAR,NO,chris olave,Chris Olave,NO,WR,,,86.0,6.0,86.0,1,0,3.0,-3.0,39.5,False,True,-3.0,3.0,True,False,False,21.25
2023-09-18T22:45:00Z,2023-09-18T22:40:43Z,2023-09-18T22:35:41Z,2023-09-18T22:45:43Z,e1573fb36f89f2e295e128bf5ec13a6a,americanfootball_nfl,2023-09-18 23:16:00+00:00,Carolina Panthers,New Orleans Saints,fanduel,FanDuel,2023-09-18T22:40:26Z,player_reception_yds,2023-09-18T22:37:57Z,Michael Thomas,48.5,-110.0,-110,2023,2,2023-09-18,CAR,NO,michael thomas,Michael Thomas,NO,WR,,,55.0,7.0,55.0,1,0,3.0,-3.0,39.5,False,True,-3.0,3.0,True,False,False,21.25
2023-09-18T22:45:00Z,2023-09-18T22:40:43Z,2023-09-18T22:35:41Z,2023-09-18T22:45:43Z,e1573fb36f89f2e295e128bf5ec13a6a,americanfootball_nfl,2023-09-18 23:16:00+00:00,Carolina Panthers,New Orleans Saints,fanduel,FanDuel,2023-09-18T22:40:26Z,player_reception_yds,2023-09-18T22:37:57Z,Rashid Shaheed,40.5,-110.0,-110,2023,2,2023-09-18,CAR,NO,rashid shaheed,Rashid Shaheed,NO,WR,,,63.0,4.0,63.0,1,0,3.0,-3.0,39.5,False,True,-3.0,3.0,True,False,False,21.25
2023-09-18T22:45:00Z,2023-09-18T22:40:43Z,2023-09-18T22:35:41Z,2023-09-18T22:45:43Z,e1573fb36f89f2e295e128bf5ec13a6a,americanfootball_nfl,2023-09-18 23:16:00+00:00,Carolina Panthers,New Orleans Saints,fanduel,FanDuel,2023-09-18T22:40:26Z,player_reception_yds,2023-09-18T22:37:57Z,Jonathan Mingo,26.5,-110.0,-110,2023,2,2023-09-18,CAR,NO,jonathan mingo,Jonathan Mingo,CAR,WR,,,26.0,3.0,26.0,0,0,3.0,-3.0,39.5,True,False,3.0,-3.0,False,True,False,18.25
2023-09-18T23:45:00Z,2023-09-18T23:40:41Z,2023-09-18T23:35:41Z,2023-09-18T23:45:41Z,7ea45f55c7bb922c581f809166c0fab3,americanfootball_nfl,2023-09-19 00:16:00+00:00,Pittsburgh Steelers,Cleveland Browns,fanduel,FanDuel,2023-09-18T23:40:09Z,player_reception_yds,2023-09-18T23:36:56Z,Elijah Moore,37.5,-110.0,-110,2023,2,2023-09-18,PIT,CLE,elijah moore,Elijah Moore,CLE,WR,,5.0,36.0,3.0,36.0,0,0,2.5,-2.5,39.0,False,True,-2.5,2.5,True,False,False,20.75
2023-09-18T23:45:00Z,2023-09-18T23:40:41Z,2023-09-18T23:35:41Z,2023-09-18T23:45:41Z,7ea45f55c7bb922c581f809166c0fab3,americanfootball_nfl,2023-09-19 00:16:00+00:00,Pittsburgh Steelers,Cleveland Browns,fanduel,FanDuel,2023-09-18T23:40:09Z,player_reception_yds,2023-09-18T23:36:56Z,Donovan Peoples-Jones,31.5,-110.0,-110,2023,2,2023-09-18,PIT,CLE,donovan peoples jones,Donovan Peoples-Jones,CLE,WR,,,7.0,1.0,7.0,0,0,2.5,-2.5,39.0,False,True,-2.5,2.5,True,False,False,20.75
2023-09-18T23:45:00Z,2023-09-18T23:40:41Z,2023-09-18T23:35:41Z,2023-09-18T23:45:41Z,7ea45f55c7bb922c581f809166c0fab3,americanfootball_nfl,2023-09-19 00:16:00+00:00,Pittsburgh Steelers,Cleveland Browns,fanduel,FanDuel,2023-09-18T23:40:09Z,player_reception_yds,2023-09-18T23:36:56Z,Najee Harris,10.5,-110.0,-110,2023,2,2023-09-18,PIT,CLE,najee harris,Najee Harris,PIT,HB,,43.0,0.0,1.0,0.0,0,0,2.5,-2.5,39.0,True,False,2.5,-2.5,False,True,False,18.25
2023-09-18T23:45:00Z,2023-09-18T23:40:41Z,2023-09-18T23:35:41Z,2023-09-18T23:45:41Z,7ea45f55c7bb922c581f809166c0fab3,americanfootball_nfl,2023-09-19 00:16:00+00:00,Pittsburgh Steelers,Cleveland Browns,fanduel,FanDuel,2023-09-18T23:40:09Z,player_reception_yds,2023-09-18T23:36:56Z,Jaylen Warren,12.5,-115.0,-105,2023,2,2023-09-18,PIT,CLE,jaylen warren,Jaylen Warren,PIT,HB,,20.0,66.0,4.0,66.0,1,0,2.5,-2.5,39.0,True,False,2.5,-2.5,False,True,False,18.25
2023-09-18T23:45:00Z,2023-09-18T23:40:41Z,2023-09-18T23:35:41Z,2023-09-18T23:45:41Z,7ea45f55c7bb922c581f809166c0fab3,americanfootball_nfl,2023-09-19 00:16:00+00:00,Pittsburgh Steelers,Cleveland Browns,fanduel,FanDuel,2023-09-18T23:40:09Z,player_reception_yds,2023-09-18T23:36:56Z,Nick Chubb,13.5,-115.0,-105,2023,2,2023-09-18,PIT,CLE,nick chubb,Nick Chubb,CLE,HB,,64.0,,,0.0,0,0,2.5,-2.5,39.0,False,True,-2.5,2.5,True,False,False,20.75
2023-09-18T23:45:00Z,2023-09-18T23:40:41Z,2023-09-18T23:35:41Z,2023-09-18T23:45:41Z,7ea45f55c7bb922c581f809166c0fab3,americanfootball_nfl,2023-09-19 00:16:00+00:00,Pittsburgh Steelers,Cleveland Browns,fanduel,FanDuel,2023-09-18T23:40:09Z,player_reception_yds,2023-09-18T23:36:56Z,David Njoku,33.5,-110.0,-110,2023,2,2023-09-18,PIT,CLE,david njoku,David Njoku,CLE,TE,,,48.0,4.0,48.0,1,0,2.5,-2.5,39.0,False,True,-2.5,2.5,True,False,False,20.75
2023-09-18T23:45:00Z,2023-09-18T23:40:41Z,2023-09-18T23:35:41Z,2023-09-18T23:45:41Z,7ea45f55c7bb922c581f809166c0fab3,americanfootball_nfl,2023-09-19 00:16:00+00:00,Pittsburgh Steelers,Cleveland Browns,fanduel,FanDuel,2023-09-18T23:40:09Z,player_reception_yds,2023-09-18T23:36:56Z,George Pickens,42.5,-110.0,-110,2023,2,2023-09-18,PIT,CLE,george pickens,George Pickens,PIT,WR,,,127.0,4.0,127.0,1,0,2.5,-2.5,39.0,True,False,2.5,-2.5,False,True,False,18.25
2023-09-18T23:45:00Z,2023-09-18T23:40:41Z,2023-09-18T23:35:41Z,2023-09-18T23:45:41Z,7ea45f55c7bb922c581f809166c0fab3,americanfootball_nfl,2023-09-19 00:16:00+00:00,Pittsburgh Steelers,Cleveland Browns,fanduel,FanDuel,2023-09-18T23:40:09Z,player_reception_yds,2023-09-18T23:36:56Z,Calvin Austin III,28.5,-110.0,-110,2023,2,2023-09-18,PIT,CLE,calvin austin,Calvin Austin III,PIT,WR,,-2.0,10.0,1.0,10.0,0,0,2.5,-2.5,39.0,True,False,2.5,-2.5,False,True,False,18.25
2023-09-18T23:45:00Z,2023-09-18T23:40:41Z,2023-09-18T23:35:41Z,2023-09-18T23:45:41Z,7ea45f55c7bb922c581f809166c0fab3,americanfootball_nfl,2023-09-19 00:16:00+00:00,Pittsburgh Steelers,Cleveland Browns,fanduel,FanDuel,2023-09-18T23:40:09Z,player_reception_yds,2023-09-18T23:36:56Z,Allen Robinson II,30.5,-110.0,-110,2023,2,2023-09-18,PIT,CLE,allen robinson,Allen Robinson II,PIT,WR,,,12.0,2.0,12.0,0,0,2.5,-2.5,39.0,True,False,2.5,-2.5,False,True,False,18.25
2023-09-18T23:45:00Z,2023-09-18T23:40:41Z,2023-09-18T23:35:41Z,2023-09-18T23:45:41Z,7ea45f55c7bb922c581f809166c0fab3,americanfootball_nfl,2023-09-19 00:16:00+00:00,Pittsburgh Steelers,Cleveland Browns,fanduel,FanDuel,2023-09-18T23:40:09Z,player_reception_yds,2023-09-18T23:36:56Z,Pat Freiermuth,36.5,-110.0,-110,2023,2,2023-09-18,PIT,CLE,pat freiermuth,Pat Freiermuth,PIT,TE,,,2.0,1.0,2.0,0,0,2.5,-2.5,39.0,True,False,2.5,-2.5,False,True,False,18.25
2023-09-21T23:45:00Z,2023-09-21T23:40:42Z,2023-09-21T23:35:43Z,2023-09-21T23:45:43Z,47b49faf45f8a39f9910f004a79ff360,americanfootball_nfl,2023-09-22 00:20:00+00:00,San Francisco 49ers,New York Giants,fanduel,FanDuel,2023-09-21T23:39:41Z,player_reception_yds,2023-09-21T23:36:46Z,Darius Slayton,37.5,-110.0,-110,2023,3,2023-09-21,SF,NYG,darius slayton,Darius Slayton,NYG,WR,,,32.0,3.0,32.0,0,0,-10.5,10.5,43.5,False,True,10.5,-10.5,False,True,False,16.5
2023-09-21T23:45:00Z,2023-09-21T23:40:42Z,2023-09-21T23:35:43Z,2023-09-21T23:45:43Z,47b49faf45f8a39f9910f004a79ff360,americanfootball_nfl,2023-09-22 00:20:00+00:00,San Francisco 49ers,New York Giants,fanduel,FanDuel,2023-09-21T23:39:41Z,player_reception_yds,2023-09-21T23:36:46Z,Parris Campbell,24.5,-110.0,-110,2023,3,2023-09-21,SF,NYG,parris campbell,Parris Campbell,NYG,WR,,,24.0,6.0,24.0,0,0,-10.5,10.5,43.5,False,True,10.5,-10.5,False,True,False,16.5
2023-09-21T23:45:00Z,2023-09-21T23:40:42Z,2023-09-21T23:35:43Z,2023-09-21T23:45:43Z,47b49faf45f8a39f9910f004a79ff360,americanfootball_nfl,2023-09-22 00:20:00+00:00,San Francisco 49ers,New York Giants,fanduel,FanDuel,2023-09-21T23:39:41Z,player_reception_yds,2023-09-21T23:36:46Z,Deebo Samuel,61.5,-110.0,-110,2023,3,2023-09-21,SF,NYG,deebo samuel,Deebo Samuel,SF,WR,,2.0,129.0,6.0,129.0,1,0,-10.5,10.5,43.5,True,False,-10.5,10.5,True,False,False,27.0
2023-09-21T23:45:00Z,2023-09-21T23:40:42Z,2023-09-21T23:35:43Z,2023-09-21T23:45:43Z,47b49faf45f8a39f9910f004a79ff360,americanfootball_nfl,2023-09-22 00:20:00+00:00,San Francisco 49ers,New York Giants,fanduel,FanDuel,2023-09-21T23:39:41Z,player_reception_yds,2023-09-21T23:36:46Z,Christian McCaffrey,30.5,-110.0,-110,2023,3,2023-09-21,SF,NYG,christian mccaffrey,Christian McCaffrey,SF,HB,,85.0,34.0,5.0,34.0,1,0,-10.5,10.5,43.5,True,False,-10.5,10.5,True,False,False,27.0
2023-09-21T23:45:00Z,2023-09-21T23:40:42Z,2023-09-21T23:35:43Z,2023-09-21T23:45:43Z,47b49faf45f8a39f9910f004a79ff360,americanfootball_nfl,2023-09-22 00:20:00+00:00,San Francisco 49ers,New York Giants,fanduel,FanDuel,2023-09-21T23:39:41Z,player_reception_yds,2023-09-21T23:36:46Z,Isaiah Hodgins,30.5,-110.0,-110,2023,3,2023-09-21,SF,NYG,isaiah hodgins,Isaiah Hodgins,NYG,WR,,,0.0,0.0,0.0,0,0,-10.5,10.5,43.5,False,True,10.5,-10.5,False,True,False,16.5
2023-09-21T23:45:00Z,2023-09-21T23:40:42Z,2023-09-21T23:35:43Z,2023-09-21T23:45:43Z,47b49faf45f8a39f9910f004a79ff360,americanfootball_nfl,2023-09-22 00:20:00+00:00,San Francisco 49ers,New York Giants,fanduel,FanDuel,2023-09-21T23:39:41Z,player_reception_yds,2023-09-21T23:36:46Z,Darren Waller,47.5,-110.0,-110,2023,3,2023-09-21,SF,NYG,darren waller,Darren Waller,NYG,TE,,,20.0,3.0,20.0,0,0,-10.5,10.5,43.5,False,True,10.5,-10.5,False,True,False,16.5
2023-09-21T23:45:00Z,2023-09-21T23:40:42Z,2023-09-21T23:35:43Z,2023-09-21T23:45:43Z,47b49faf45f8a39f9910f004a79ff360,americanfootball_nfl,2023-09-22 00:20:00+00:00,San Francisco 49ers,New York Giants,fanduel,FanDuel,2023-09-21T23:39:41Z,player_reception_yds,2023-09-21T23:36:46Z,Jalin Hyatt,11.5,-110.0,-110,2023,3,2023-09-21,SF,NYG,jalin hyatt,,,,,,,,0.0,0,0,-10.5,10.5,43.5,False,False,,,False,False,False,
2023-09-21T23:45:00Z,2023-09-21T23:40:42Z,2023-09-21T23:35:43Z,2023-09-21T23:45:43Z,47b49faf45f8a39f9910f004a79ff360,americanfootball_nfl,2023-09-22 00:20:00+00:00,San Francisco 49ers,New York Giants,fanduel,FanDuel,2023-09-21T23:39:41Z,player_reception_yds,2023-09-21T23:36:46Z,Jauan Jennings,31.5,-105.0,-115,2023,3,2023-09-21,SF,NYG,jauan jennings,Jauan Jennings,SF,WR,,,31.0,2.0,31.0,0,0,-10.5,10.5,43.5,True,False,-10.5,10.5,True,False,False,27.0
2023-09-21T23:45:00Z,2023-09-21T23:40:42Z,2023-09-21T23:35:43Z,2023-09-21T23:45:43Z,47b49faf45f8a39f9910f004a79ff360,americanfootball_nfl,2023-09-22 00:20:00+00:00,San Francisco 49ers,New York Giants,fanduel,FanDuel,2023-09-21T23:39:41Z,player_reception_yds,2023-09-21T23:36:46Z,George Kittle,50.5,-110.0,-110,2023,3,2023-09-21,SF,NYG,george kittle,George Kittle,SF,TE,,,90.0,7.0,90.0,1,0,-10.5,10.5,43.5,True,False,-10.5,10.5,True,False,False,27.0
2023-09-21T23:45:00Z,2023-09-21T23:40:42Z,2023-09-21T23:35:43Z,2023-09-21T23:45:43Z,47b49faf45f8a39f9910f004a79ff360,americanfootball_nfl,2023-09-22 00:20:00+00:00,San Francisco 49ers,New York Giants,fanduel,FanDuel,2023-09-21T23:39:41Z,player_reception_yds,2023-09-21T23:36:46Z,Matt Breida,13.5,-110.0,-110,2023,3,2023-09-21,SF,NYG,matt breida,Matt Breida,NYG,HB,,17.0,1.0,3.0,1.0,0,0,-10.5,10.5,43.5,False,True,10.5,-10.5,False,True,False,16.5
2023-09-24T16:30:00Z,2023-09-24T16:25:40Z,2023-09-24T16:20:40Z,2023-09-24T16:30:41Z,4609c9aaa9bc0b3a76b75f2f85f6a5f1,americanfootball_nfl,2023-09-24 17:04:00+00:00,Detroit Lions,Atlanta Falcons,fanduel,FanDuel,2023-09-24T16:24:30Z,player_reception_yds,2023-09-24T16:23:53Z,Jahmyr Gibbs,29.5,-110.0,-110,2023,3,2023-09-24,DET,ATL,jahmyr gibbs,Jahmyr Gibbs,DET,HB,,80.0,2.0,1.0,2.0,0,0,-3.0,3.0,47.5,True,False,-3.0,3.0,True,False,False,25.25
2023-09-24T16:30:00Z,2023-09-24T16:25:40Z,2023-09-24T16:20:40Z,2023-09-24T16:30:41Z,4609c9aaa9bc0b3a76b75f2f85f6a5f1,americanfootball_nfl,2023-09-24 17:04:00+00:00,Detroit Lions,Atlanta Falcons,fanduel,FanDuel,2023-09-24T16:24:30Z,player_reception_yds,2023-09-24T16:23:53Z,Bijan Robinson,23.5,-118.0,-104,2023,3,2023-09-24,DET,ATL,bijan robinson,Bijan Robinson,ATL,HB,,33.0,27.0,4.0,27.0,1,0,-3.0,3.0,47.5,False,True,3.0,-3.0,False,True,False,22.25
2023-09-24T16:30:00Z,2023-09-24T16:25:40Z,2023-09-24T16:20:40Z,2023-09-24T16:30:41Z,4609c9aaa9bc0b3a76b75f2f85f6a5f1,americanfootball_nfl,2023-09-24 17:04:00+00:00,Detroit Lions,Atlanta Falcons,fanduel,FanDuel,2023-09-24T16:24:30Z,player_reception_yds,2023-09-24T16:23:53Z,Kyle Pitts,35.5,-105.0,-115,2023,3,2023-09-24,DET,ATL,kyle pitts,Kyle Pitts,ATL,TE,,-4.0,41.0,5.0,41.0,1,0,-3.0,3.0,47.5,False,True,3.0,-3.0,False,True,False,22.25
2023-09-24T16:30:00Z,2023-09-24T16:25:40Z,2023-09-24T16:20:40Z,2023-09-24T16:30:41Z,4609c9aaa9bc0b3a76b75f2f85f6a5f1,americanfootball_nfl,2023-09-24 17:04:00+00:00,Detroit Lions,Atlanta Falcons,fanduel,FanDuel,2023-09-24T16:24:30Z,player_reception_yds,2023-09-24T16:23:53Z,Sam LaPorta,35.5,-110.0,-110,2023,3,2023-09-24,DET,ATL,sam laporta,Sam LaPorta,DET,TE,,,84.0,8.0,84.0,1,0,-3.0,3.0,47.5,True,False,-3.0,3.0,True,False,False,25.25
2023-09-24T16:30:00Z,2023-09-24T16:25:40Z,2023-09-24T16:20:40Z,2023-09-24T16:30:41Z,4609c9aaa9bc0b3a76b75f2f85f6a5f1,americanfootball_nfl,2023-09-24 17:04:00+00:00,Detroit Lions,Atlanta Falcons,fanduel,FanDuel,2023-09-24T16:24:30Z,player_reception_yds,2023-09-24T16:23:53Z,Marvin Jones Jr.,19.5,-105.0,-115,2023,3,2023-09-24,DET,ATL,marvin jones,,,,,,,,0.0,0,0,-3.0,3.0,47.5,False,False,,,False,False,False,
2023-09-24T16:30:00Z,2023-09-24T16:25:40Z,2023-09-24T16:20:40Z,2023-09-24T16:30:41Z,4609c9aaa9bc0b3a76b75f2f85f6a5f1,americanfootball_nfl,2023-09-24 17:04:00+00:00,Detroit Lions,Atlanta Falcons,fanduel,FanDuel,2023-09-24T16:24:30Z,player_reception_yds,2023-09-24T16:23:53Z,Drake London,47.5,-110.0,-110,2023,3,2023-09-24,DET,ATL,drake london,Drake London,ATL,WR,,,31.0,2.0,31.0,0,0,-3.0,3.0,47.5,False,True,3.0,-3.0,False,True,False,22.25
2023-09-24T16:30:00Z,2023-09-24T16:25:40Z,2023-09-24T16:20:40Z,2023-09-24T16:30:41Z,4609c9aaa9bc0b3a76b75f2f85f6a5f1,americanfootball_nfl,2023-09-24 17:04:00+00:00,Detroit Lions,Atlanta Falcons,fanduel,FanDuel,2023-09-24T16:24:30Z,player_reception_yds,2023-09-24T16:23:53Z,Mack Hollins,29.5,-110.0,-110,2023,3,2023-09-24,DET,ATL,mack hollins,Mack Hollins,ATL,WR,,,23.0,1.0,23.0,0,0,-3.0,3.0,47.5,False,True,3.0,-3.0,False,True,False,22.25
2023-09-24T16:30:00Z,2023-09-24T16:25:40Z,2023-09-24T16:20:40Z,2023-09-24T16:30:41Z,4609c9aaa9bc0b3a76b75f2f85f6a5f1,americanfootball_nfl,2023-09-24 17:04:00+00:00,Detroit Lions,Atlanta Falcons,fanduel,FanDuel,2023-09-24T16:24:30Z,player_reception_yds,2023-09-24T16:23:53Z,Craig Reynolds,6.5,-110.0,-110,2023,3,2023-09-24,DET,ATL,craig reynolds,Craig Reynolds,DET,HB,,15.0,0.0,0.0,0.0,0,0,-3.0,3.0,47.5,True,False,-3.0,3.0,True,False,False,25.25
2023-09-24T16:30:00Z,2023-09-24T16:25:40Z,2023-09-24T16:20:40Z,2023-09-24T16:30:41Z,4609c9aaa9bc0b3a76b75f2f85f6a5f1,americanfootball_nfl,2023-09-24 17:04:00+00:00,Detroit Lions,Atlanta Falcons,fanduel,FanDuel,2023-09-24T16:24:30Z,player_reception_yds,2023-09-24T16:23:53Z,Amon-Ra St. Brown,68.5,-110.0,-110,2023,3,2023-09-24,DET,ATL,amon ra st brown,Amon-Ra St. Brown,DET,WR,,4.0,102.0,9.0,102.0,1,0,-3.0,3.0,47.5,True,False,-3.0,3.0,True,False,False,25.25
2023-09-24T16:30:00Z,2023-09-24T16:25:40Z,2023-09-24T16:20:40Z,2023-09-24T16:30:41Z,4609c9aaa9bc0b3a76b75f2f85f6a5f1,americanfootball_nfl,2023-09-24 17:04:00+00:00,Detroit Lions,Atlanta Falcons,fanduel,FanDuel,2023-09-24T16:24:30Z,player_reception_yds,2023-09-24T16:23:53Z,Josh Reynolds,41.5,-110.0,-110,2023,3,2023-09-24,DET,ATL,josh reynolds,,,,,,,,0.0,0,0,-3.0,3.0,47.5,False,False,,,False,False,False,
2023-09-24T16:30:00Z,2023-09-24T16:25:40Z,2023-09-24T16:20:40Z,2023-09-24T16:30:41Z,4609c9aaa9bc0b3a76b75f2f85f6a5f1,americanfootball_nfl,2023-09-24 17:04:00+00:00,Detroit Lions,Atlanta Falcons,fanduel,FanDuel,2023-09-24T16:24:30Z,player_reception_yds,2023-09-24T16:23:53Z,Jonnu Smith,9.5,-110.0,-110,2023,3,2023-09-24,DET,ATL,jonnu smith,Jonnu Smith,ATL,TE,,,37.0,5.0,37.0,1,0,-3.0,3.0,47.5,False,True,3.0,-3.0,False,True,False,22.25
2023-09-24T16:30:00Z,2023-09-24T16:25:40Z,2023-09-24T16:20:40Z,2023-09-24T16:30:41Z,4609c9aaa9bc0b3a76b75f2f85f6a5f1,americanfootball_nfl,2023-09-24 17:04:00+00:00,Detroit Lions,Atlanta Falcons,fanduel,FanDuel,2023-09-24T16:24:30Z,player_reception_yds,2023-09-24T16:23:53Z,Tyler Allgeier,5.5,-110.0,-110,2023,3,2023-09-24,DET,ATL,tyler allgeier,Tyler Allgeier,ATL,HB,,12.0,17.0,2.0,17.0,1,0,-3.0,3.0,47.5,False,True,3.0,-3.0,False,True,False,22.25
2023-09-24T16:30:00Z,2023-09-24T16:25:40Z,2023-09-24T16:20:40Z,2023-09-24T16:30:41Z,2c66bee99eec7cca649ecb6b249868fb,americanfootball_nfl,2023-09-24 17:04:00+00:00,Baltimore Ravens,Indianapolis Colts,fanduel,FanDuel,2023-09-24T16:24:30Z,player_reception_yds,2023-09-24T16:26:33Z,Josh Downs,33.5,-110.0,-110,2023,3,2023-09-24,BAL,IND,josh downs,Josh Downs,IND,WR,,,57.0,8.0,57.0,1,0,-7.5,7.5,43.5,False,True,7.5,-7.5,False,True,False,18.0
2023-09-24T16:30:00Z,2023-09-24T16:25:40Z,2023-09-24T16:20:40Z,2023-09-24T16:30:41Z,2c66bee99eec7cca649ecb6b249868fb,americanfootball_nfl,2023-09-24 17:04:00+00:00,Baltimore Ravens,Indianapolis Colts,fanduel,FanDuel,2023-09-24T16:24:30Z,player_reception_yds,2023-09-24T16:26:33Z,Kylen Granson,27.5,-110.0,-110,2023,3,2023-09-24,BAL,IND,kylen granson,Kylen Granson,IND,TE,,,9.0,2.0,9.0,0,0,-7.5,7.5,43.5,False,True,7.5,-7.5,False,True,False,18.0
2023-09-24T16:30:00Z,2023-09-24T16:25:40Z,2023-09-24T16:20:40Z,2023-09-24T16:30:41Z,2c66bee99eec7cca649ecb6b249868fb,americanfootball_nfl,2023-09-24 17:04:00+00:00,Baltimore Ravens,Indianapolis Colts,fanduel,FanDuel,2023-09-24T16:24:30Z,player_reception_yds,2023-09-24T16:26:33Z,Zay Flowers,53.5,-110.0,-110,2023,3,2023-09-24,BAL,IND,zay flowers,Zay Flowers,BAL,WR,,2.0,48.0,8.0,48.0,0,0,-7.5,7.5,43.5,True,False,-7.5,7.5,True,False,False,25.5
2023-09-24T16:30:00Z,2023-09-24T16:25:40Z,2023-09-24T16:20:40Z,2023-09-24T16:30:41Z,2c66bee99eec7cca649ecb6b249868fb,americanfootball_nfl,2023-09-24 17:04:00+00:00,Baltimore Ravens,Indianapolis Colts,fanduel,FanDuel,2023-09-24T16:24:30Z,player_reception_yds,2023-09-24T16:26:33Z,Alec Pierce,32.5,-110.0,-110,2023,3,2023-09-24,BAL,IND,alec pierce,Alec Pierce,IND,WR,,,43.0,3.0,43.0,1,0,-7.5,7.5,43.5,False,True,7.5,-7.5,False,True,False,18.0
2023-09-24T16:30:00Z,2023-09-24T16:25:40Z,2023-09-24T16:20:40Z,2023-09-24T16:30:41Z,2c66bee99eec7cca649ecb6b249868fb,americanfootball_nfl,2023-09-24 17:04:00+00:00,Baltimore Ravens,Indianapolis Colts,fanduel,FanDuel,2023-09-24T16:24:30Z,player_reception_yds,2023-09-24T16:26:33Z,Zack Moss,15.5,-110.0,-110,2023,3,2023-09-24,BAL,IND,zack moss,Zack Moss,IND,HB,,122.0,23.0,2.0,23.0,1,0,-7.5,7.5,43.5,False,True,7.5,-7.5,False,True,False,18.0
2023-09-24T16:30:00Z,2023-09-24T16:25:40Z,2023-09-24T16:20:40Z,2023-09-24T16:30:41Z,2c66bee99eec7cca649ecb6b249868fb,americanfootball_nfl,2023-09-24 17:04:00+00:00,Baltimore Ravens,Indianapolis Colts,fanduel,FanDuel,2023-09-24T16:24:30Z,player_reception_yds,2023-09-24T16:26:33Z,Nelson Agholor,25.5,-110.0,-110,2023,3,2023-09-24,BAL,IND,nelson agholor,Nelson Agholor,BAL,WR,,,39.0,4.0,39.0,1,0,-7.5,7.5,43.5,True,False,-7.5,7.5,True,False,False,25.5
2023-09-24T16:30:00Z,2023-09-24T16:25:40Z,2023-09-24T16:20:40Z,2023-09-24T16:30:41Z,2c66bee99eec7cca649ecb6b249868fb,americanfootball_nfl,2023-09-24 17:04:00+00:00,Baltimore Ravens,Indianapolis Colts,fanduel,FanDuel,2023-09-24T16:24:30Z,player_reception_yds,2023-09-24T16:26:33Z,Rashod Bateman,34.5,-110.0,-110,2023,3,2023-09-24,BAL,IND,rashod bateman,Rashod Bateman,BAL,WR,,,6.0,1.0,6.0,0,0,-7.5,7.5,43.5,True,False,-7.5,7.5,True,False,False,25.5
2023-09-24T16:30:00Z,2023-09-24T16:25:40Z,2023-09-24T16:20:40Z,2023-09-24T16:30:41Z,2c66bee99eec7cca649ecb6b249868fb,americanfootball_nfl,2023-09-24 17:04:00+00:00,Baltimore Ravens,Indianapolis Colts,fanduel,FanDuel,2023-09-24T16:24:30Z,player_reception_yds,2023-09-24T16:26:33Z,Michael Pittman Jr.,59.5,-110.0,-110,2023,3,2023-09-24,BAL,IND,michael pittman,Michael Pittman Jr.,IND,WR,,,77.0,9.0,77.0,1,0,-7.5,7.5,43.5,False,True,7.5,-7.5,False,True,False,18.0
2023-09-24T16:30:00Z,2023-09-24T16:25:40Z,2023-09-24T16:20:40Z,2023-09-24T16:30:41Z,2c66bee99eec7cca649ecb6b249868fb,americanfootball_nfl,2023-09-24 17:04:00+00:00,Baltimore Ravens,Indianapolis Colts,fanduel,FanDuel,2023-09-24T16:24:30Z,player_reception_yds,2023-09-24T16:26:33Z,Mark Andrews,54.5,-110.0,-110,2023,3,2023-09-24,BAL,IND,mark andrews,Mark Andrews,BAL,TE,,,35.0,4.0,35.0,0,0,-7.5,7.5,43.5,True,False,-7.5,7.5,True,False,False,25.5
2023-09-24T16:30:00Z,2023-09-24T16:25:40Z,2023-09-24T16:20:40Z,2023-09-24T16:30:41Z,f049d09c797baccf11023b4cb7bc9b0b,americanfootball_nfl,2023-09-24 17:04:00+00:00,Washington Commanders,Buffalo Bills,fanduel,FanDuel,2023-09-24T16:24:30Z,player_reception_yds,2023-09-24T16:22:51Z,Antonio Gibson,15.5,-110.0,-110,2023,3,2023-09-24,WAS,BUF,antonio gibson,Antonio Gibson,WAS,HB,,17.0,7.0,3.0,7.0,0,0,5.5,-5.5,44.0,True,False,5.5,-5.5,False,True,False,19.25
2023-09-24T16:30:00Z,2023-09-24T16:25:40Z,2023-09-24T16:20:40Z,2023-09-24T16:30:41Z,f049d09c797baccf11023b4cb7bc9b0b,americanfootball_nfl,2023-09-24 17:04:00+00:00,Washington Commanders,Buffalo Bills,fanduel,FanDuel,2023-09-24T16:24:30Z,player_reception_yds,2023-09-24T16:22:51Z,James Cook,16.5,-110.0,-110,2023,3,2023-09-24,WAS,BUF,james cook,James Cook,BUF,HB,,98.0,14.0,2.0,14.0,0,0,5.5,-5.5,44.0,False,True,-5.5,5.5,True,False,False,24.75
2023-09-24T16:30:00Z,2023-09-24T16:25:40Z,2023-09-24T16:20:40Z,2023-09-24T16:30:41Z,f049d09c797baccf11023b4cb7bc9b0b,americanfootball_nfl,2023-09-24 17:04:00+00:00,Washington Commanders,Buffalo Bills,fanduel,FanDuel,2023-09-24T16:24:30Z,player_reception_yds,2023-09-24T16:22:51Z,John Bates,19.5,-110.0,-110,2023,3,2023-09-24,WAS,BUF,john bates,John Bates,WAS,TE,,,12.0,2.0,12.0,0,0,5.5,-5.5,44.0,True,False,5.5,-5.5,False,True,False,19.25
2023-09-24T16:30:00Z,2023-09-24T16:25:40Z,2023-09-24T16:20:40Z,2023-09-24T16:30:41Z,f049d09c797baccf11023b4cb7bc9b0b,americanfootball_nfl,2023-09-24 17:04:00+00:00,Washington Commanders,Buffalo Bills,fanduel,FanDuel,2023-09-24T16:24:30Z,player_reception_yds,2023-09-24T16:22:51Z,Dalton Kincaid,28.5,-110.0,-110,2023,3,2023-09-24,WAS,BUF,dalton kincaid,Dalton Kincaid,BUF,TE,,,3.0,2.0,3.0,0,0,5.5,-5.5,44.0,False,True,-5.5,5.5,True,False,False,24.75
2023-09-24T16:30:00Z,2023-09-24T16:25:40Z,2023-09-24T16:20:40Z,2023-09-24T16:30:41Z,f049d09c797baccf11023b4cb7bc9b0b,americanfootball_nfl,2023-09-24 17:04:00+00:00,Washington Commanders,Buffalo Bills,fanduel,FanDuel,2023-09-24T16:24:30Z,player_reception_yds,2023-09-24T16:22:51Z,Curtis Samuel,28.5,-110.0,-110,2023,3,2023-09-24,WAS,BUF,curtis samuel,Curtis Samuel,WAS,WR,,,54.0,2.0,54.0,1,0,5.5,-5.5,44.0,True,False,5.5,-5.5,False,True,False,19.25
2023-09-24T16:30:00Z,2023-09-24T16:25:40Z,2023-09-24T16:20:40Z,2023-09-24T16:30:41Z,f049d09c797baccf11023b4cb7bc9b0b,americanfootball_nfl,2023-09-24 17:04:00+00:00,Washington Commanders,Buffalo Bills,fanduel,FanDuel,2023-09-24T16:24:30Z,player_reception_yds,2023-09-24T16:22:51Z,Stefon Diggs,73.5,-110.0,-110,2023,3,2023-09-24,WAS,BUF,stefon diggs,Stefon Diggs,BUF,WR,,,111.0,8.0,111.0,1,0,5.5,-5.5,44.0,False,True,-5.5,5.5,True,False,False,24.75
2023-09-24T16:30:00Z,2023-09-24T16:25:40Z,2023-09-24T16:20:40Z,2023-09-24T16:30:41Z,f049d09c797baccf11023b4cb7bc9b0b,americanfootball_nfl,2023-09-24 17:04:00+00:00,Washington Commanders,Buffalo Bills,fanduel,FanDuel,2023-09-24T16:24:30Z,player_reception_yds,2023-09-24T16:22:51Z,Jahan Dotson,43.5,-110.0,-110,2023,3,2023-09-24,WAS,BUF,jahan dotson,Jahan Dotson,WAS,WR,,,21.0,2.0,21.0,0,0,5.5,-5.5,44.0,True,False,5.5,-5.5,False,True,False,19.25
2023-09-24T16:30:00Z,2023-09-24T16:25:40Z,2023-09-24T16:20:40Z,2023-09-24T16:30:41Z,f049d09c797baccf11023b4cb7bc9b0b,americanfootball_nfl,2023-09-24 17:04:00+00:00,Washington Commanders,Buffalo Bills,fanduel,FanDuel,2023-09-24T16:24:30Z,player_reception_yds,2023-09-24T16:22:51Z,Brian Robinson,9.5,104.0,-128,2023,3,2023-09-24,WAS,BUF,brian robinson,Brian Robinson,WAS,HB,,70.0,,,0.0,0,0,5.5,-5.5,44.0,True,False,5.5,-5.5,False,True,False,19.25
2023-09-24T16:30:00Z,2023-09-24T16:25:40Z,2023-09-24T16:20:40Z,2023-09-24T16:30:41Z,f049d09c797baccf11023b4cb7bc9b0b,americanfootball_nfl,2023-09-24 17:04:00+00:00,Washington Commanders,Buffalo Bills,fanduel,FanDuel,2023-09-24T16:24:30Z,player_reception_yds,2023-09-24T16:22:51Z,Dawson Knox,22.5,-110.0,-110,2023,3,2023-09-24,WAS,BUF,dawson knox,Dawson Knox,BUF,TE,,,11.0,1.0,11.0,0,0,5.5,-5.5,44.0,False,True,-5.5,5.5,True,False,False,24.75
2023-09-24T16:30:00Z,2023-09-24T16:25:40Z,2023-09-24T16:20:40Z,2023-09-24T16:30:41Z,f049d09c797baccf11023b4cb7bc9b0b,americanfootball_nfl,2023-09-24 17:04:00+00:00,Washington Commanders,Buffalo Bills,fanduel,FanDuel,2023-09-24T16:24:30Z,player_reception_yds,2023-09-24T16:22:51Z,Terry McLaurin,52.5,-110.0,-110,2023,3,2023-09-24,WAS,BUF,terry mclaurin,Terry McLaurin,WAS,WR,,,41.0,6.0,41.0,0,0,5.5,-5.5,44.0,True,False,5.5,-5.5,False,True,False,19.25
2023-09-24T16:30:00Z,2023-09-24T16:25:40Z,2023-09-24T16:20:40Z,2023-09-24T16:30:41Z,f049d09c797baccf11023b4cb7bc9b0b,americanfootball_nfl,2023-09-24 17:04:00+00:00,Washington Commanders,Buffalo Bills,fanduel,FanDuel,2023-09-24T16:24:30Z,player_reception_yds,2023-09-24T16:22:51Z,Gabriel Davis,43.5,-110.0,-110,2023,3,2023-09-24,WAS,BUF,gabriel davis,,,,,,,,0.0,0,0,5.5,-5.5,44.0,False,False,,,False,False,False,
2023-09-24T16:30:00Z,2023-09-24T16:25:40Z,2023-09-24T16:20:40Z,2023-09-24T16:30:41Z,f72ef9b6be34818391c726a0cd690f48,americanfootball_nfl,2023-09-24 17:01:00+00:00,Cleveland Browns,Tennessee Titans,fanduel,FanDuel,2023-09-24T16:24:30Z,player_reception_yds,2023-09-24T16:26:16Z,Donovan Peoples-Jones,27.5,-110.0,-110,2023,3,2023-09-24,CLE,TEN,donovan peoples jones,Donovan Peoples-Jones,CLE,WR,,,49.0,3.0,49.0,1,0,-3.5,3.5,38.0,True,False,-3.5,3.5,True,False,False,20.75
2023-09-24T16:30:00Z,2023-09-24T16:25:40Z,2023-09-24T16:20:40Z,2023-09-24T16:30:41Z,f72ef9b6be34818391c726a0cd690f48,americanfootball_nfl,2023-09-24 17:01:00+00:00,Cleveland Browns,Tennessee Titans,fanduel,FanDuel,2023-09-24T16:24:30Z,player_reception_yds,2023-09-24T16:26:16Z,DeAndre Hopkins,44.5,-110.0,-110,2023,3,2023-09-24,CLE,TEN,deandre hopkins,DeAndre Hopkins,TEN,WR,,,48.0,3.0,48.0,1,0,-3.5,3.5,38.0,False,True,3.5,-3.5,False,True,False,17.25
2023-09-24T16:30:00Z,2023-09-24T16:25:40Z,2023-09-24T16:20:40Z,2023-09-24T16:30:41Z,f72ef9b6be34818391c726a0cd690f48,americanfootball_nfl,2023-09-24 17:01:00+00:00,Cleveland Browns,Tennessee Titans,fanduel,FanDuel,2023-09-24T16:24:30Z,player_reception_yds,2023-09-24T16:26:16Z,David Njoku,32.5,-110.0,-110,2023,3,2023-09-24,CLE,TEN,david njoku,David Njoku,CLE,TE,,,20.0,4.0,20.0,0,0,-3.5,3.5,38.0,True,False,-3.5,3.5,True,False,False,20.75
2023-09-24T16:30:00Z,2023-09-24T16:25:40Z,2023-09-24T16:20:40Z,2023-09-24T16:30:41Z,f72ef9b6be34818391c726a0cd690f48,americanfootball_nfl,2023-09-24 17:01:00+00:00,Cleveland Browns,Tennessee Titans,fanduel,FanDuel,2023-09-24T16:24:30Z,player_reception_yds,2023-09-24T16:26:16Z,Nick Westbrook-Ikhine,26.5,-110.0,-110,2023,3,2023-09-24,CLE,TEN,nick westbrook ikhine,,,,,,,,0.0,0,0,-3.5,3.5,38.0,False,False,,,False,False,False,
2023-09-24T16:30:00Z,2023-09-24T16:25:40Z,2023-09-24T16:20:40Z,2023-09-24T16:30:41Z,f72ef9b6be34818391c726a0cd690f48,americanfootball_nfl,2023-09-24 17:01:00+00:00,Cleveland Browns,Tennessee Titans,fanduel,FanDuel,2023-09-24T16:24:30Z,player_reception_yds,2023-09-24T16:26:16Z,Chigoziem Okonkwo,27.5,-110.0,-110,2023,3,2023-09-24,CLE,TEN,chigoziem okonkwo,Chigoziem Okonkwo,TEN,TE,,,7.0,3.0,7.0,0,0,-3.5,3.5,38.0,False,True,3.5,-3.5,False,True,False,17.25
2023-09-24T16:30:00Z,2023-09-24T16:25:40Z,2023-09-24T16:20:40Z,2023-09-24T16:30:41Z,f72ef9b6be34818391c726a0cd690f48,americanfootball_nfl,2023-09-24 17:01:00+00:00,Cleveland Browns,Tennessee Titans,fanduel,FanDuel,2023-09-24T16:24:30Z,player_reception_yds,2023-09-24T16:26:16Z,Elijah Moore,39.5,-110.0,-110,2023,3,2023-09-24,CLE,TEN,elijah moore,Elijah Moore,CLE,WR,,-1.0,49.0,9.0,49.0,1,0,-3.5,3.5,38.0,True,False,-3.5,3.5,True,False,False,20.75
2023-09-24T16:30:00Z,2023-09-24T16:25:40Z,2023-09-24T16:20:40Z,2023-09-24T16:30:41Z,f72ef9b6be34818391c726a0cd690f48,americanfootball_nfl,2023-09-24 17:01:00+00:00,Cleveland Browns,Tennessee Titans,fanduel,FanDuel,2023-09-24T16:24:30Z,player_reception_yds,2023-09-24T16:26:16Z,Amari Cooper,61.5,-110.0,-110,2023,3,2023-09-24,CLE,TEN,amari cooper,Amari Cooper,CLE,WR,,,116.0,7.0,116.0,1,0,-3.5,3.5,38.0,True,False,-3.5,3.5,True,False,False,20.75
2023-09-24T16:30:00Z,2023-09-24T16:25:40Z,2023-09-24T16:20:40Z,2023-09-24T16:30:41Z,f72ef9b6be34818391c726a0cd690f48,americanfootball_nfl,2023-09-24 17:01:00+00:00,Cleveland Browns,Tennessee Titans,fanduel,FanDuel,2023-09-24T16:24:30Z,player_reception_yds,2023-09-24T16:26:16Z,Jerome Ford,10.5,-110.0,-110,2023,3,2023-09-24,CLE,TEN,jerome ford,Jerome Ford,CLE,HB,,18.0,33.0,2.0,33.0,1,0,-3.5,3.5,38.0,True,False,-3.5,3.5,True,False,False,20.75
2023-09-24T16:30:00Z,2023-09-24T16:25:40Z,2023-09-24T16:20:40Z,2023-09-24T16:30:41Z,f72ef9b6be34818391c726a0cd690f48,americanfootball_nfl,2023-09-24 17:01:00+00:00,Cleveland Browns,Tennessee Titans,fanduel,FanDuel,2023-09-24T16:24:30Z,player_reception_yds,2023-09-24T16:26:16Z,Derrick Henry,12.5,-110.0,-110,2023,3,2023-09-24,CLE,TEN,derrick henry,Derrick Henry,TEN,HB,,20.0,,,0.0,0,0,-3.5,3.5,38.0,False,True,3.5,-3.5,False,True,False,17.25
2023-09-24T16:30:00Z,2023-09-24T16:25:40Z,2023-09-24T16:20:40Z,2023-09-24T16:30:41Z,f72ef9b6be34818391c726a0cd690f48,americanfootball_nfl,2023-09-24 17:01:00+00:00,Cleveland Browns,Tennessee Titans,fanduel,FanDuel,2023-09-24T16:24:30Z,player_reception_yds,2023-09-24T16:26:16Z,Treylon Burks,34.5,-110.0,-110,2023,3,2023-09-24,CLE,TEN,treylon burks,Treylon Burks,TEN,WR,,,5.0,1.0,5.0,0,0,-3.5,3.5,38.0,False,True,3.5,-3.5,False,True,False,17.25
2023-09-24T16:30:00Z,2023-09-24T16:25:40Z,2023-09-24T16:20:40Z,2023-09-24T16:30:41Z,2ff30bbaf02729644dc5dd83dd02ab12,americanfootball_nfl,2023-09-24 17:04:00+00:00,Miami Dolphins,Denver Broncos,fanduel,FanDuel,2023-09-24T16:24:30Z,player_reception_yds,2023-09-24T16:24:36Z,Samaje Perine,16.5,-110.0,-110,2023,3,2023-09-24,MIA,DEN,samaje perine,Samaje Perine,DEN,HB,,9.0,15.0,2.0,15.0,0,0,-6.0,6.0,47.5,False,True,6.0,-6.0,False,True,False,20.75
2023-09-24T16:30:00Z,2023-09-24T16:25:40Z,2023-09-24T16:20:40Z,2023-09-24T16:30:41Z,2ff30bbaf02729644dc5dd83dd02ab12,americanfootball_nfl,2023-09-24 17:04:00+00:00,Miami Dolphins,Denver Broncos,fanduel,FanDuel,2023-09-24T16:24:30Z,player_reception_yds,2023-09-24T16:24:36Z,Javonte Williams,11.5,-110.0,-110,2023,3,2023-09-24,MIA,DEN,javonte williams,Javonte Williams,DEN,HB,,42.0,23.0,2.0,23.0,1,0,-6.0,6.0,47.5,False,True,6.0,-6.0,False,True,False,20.75
2023-09-24T16:30:00Z,2023-09-24T16:25:40Z,2023-09-24T16:20:40Z,2023-09-24T16:30:41Z,2ff30bbaf02729644dc5dd83dd02ab12,americanfootball_nfl,2023-09-24 17:04:00+00:00,Miami Dolphins,Denver Broncos,fanduel,FanDuel,2023-09-24T16:24:30Z,player_reception_yds,2023-09-24T16:24:36Z,Jerry Jeudy,48.5,-110.0,-110,2023,3,2023-09-24,MIA,DEN,jerry jeudy,Jerry Jeudy,DEN,WR,,,81.0,5.0,81.0,1,0,-6.0,6.0,47.5,False,True,6.0,-6.0,False,True,False,20.75
2023-09-24T16:30:00Z,2023-09-24T16:25:40Z,2023-09-24T16:20:40Z,2023-09-24T16:30:41Z,2ff30bbaf02729644dc5dd83dd02ab12,americanfootball_nfl,2023-09-24 17:04:00+00:00,Miami Dolphins,Denver Broncos,fanduel,FanDuel,2023-09-24T16:24:30Z,player_reception_yds,2023-09-24T16:24:36Z,Brandon Johnson,18.5,-110.0,-110,2023,3,2023-09-24,MIA,DEN,brandon johnson,Brandon Johnson,DEN,WR,,,12.0,2.0,12.0,0,0,-6.0,6.0,47.5,False,True,6.0,-6.0,False,True,False,20.75
2023-09-24T16:30:00Z,2023-09-24T16:25:40Z,2023-09-24T16:20:40Z,2023-09-24T16:30:41Z,2ff30bbaf02729644dc5dd83dd02ab12,americanfootball_nfl,2023-09-24 17:04:00+00:00,Miami Dolphins,Denver Broncos,fanduel,FanDuel,2023-09-24T16:24:30Z,player_reception_yds,2023-09-24T16:24:36Z,Tyreek Hill,93.5,-110.0,-110,2023,3,2023-09-24,MIA,DEN,tyreek hill,Tyreek Hill,MIA,WR,,,157.0,9.0,157.0,1,0,-6.0,6.0,47.5,True,False,-6.0,6.0,True,False,False,26.75
2023-09-24T16:30:00Z,2023-09-24T16:25:40Z,2023-09-24T16:20:40Z,2023-09-24T16:30:41Z,2ff30bbaf02729644dc5dd83dd02ab12,americanfootball_nfl,2023-09-24 17:04:00+00:00,Miami Dolphins,Denver Broncos,fanduel,FanDuel,2023-09-24T16:24:30Z,player_reception_yds,2023-09-24T16:24:36Z,Durham Smythe,27.5,-110.0,-110,2023,3,2023-09-24,MIA,DEN,durham smythe,Durham Smythe,MIA,TE,,,15.0,1.0,15.0,0,0,-6.0,6.0,47.5,True,False,-6.0,6.0,True,False,False,26.75
2023-09-24T16:30:00Z,2023-09-24T16:25:40Z,2023-09-24T16:20:40Z,2023-09-24T16:30:41Z,2ff30bbaf02729644dc5dd83dd02ab12,americanfootball_nfl,2023-09-24 17:04:00+00:00,Miami Dolphins,Denver Broncos,fanduel,FanDuel,2023-09-24T16:24:30Z,player_reception_yds,2023-09-24T16:24:36Z,Raheem Mostert,12.5,-110.0,-110,2023,3,2023-09-24,MIA,DEN,raheem mostert,Raheem Mostert,MIA,HB,,82.0,60.0,7.0,60.0,1,0,-6.0,6.0,47.5,True,False,-6.0,6.0,True,False,False,26.75
2023-09-24T16:30:00Z,2023-09-24T16:25:40Z,2023-09-24T16:20:40Z,2023-09-24T16:30:41Z,2ff30bbaf02729644dc5dd83dd02ab12,americanfootball_nfl,2023-09-24 17:04:00+00:00,Miami Dolphins,Denver Broncos,fanduel,FanDuel,2023-09-24T16:24:30Z,player_reception_yds,2023-09-24T16:24:36Z,Braxton Berrios,30.5,-110.0,-110,2023,3,2023-09-24,MIA,DEN,braxton berrios,Braxton Berrios,MIA,WR,,,33.0,2.0,33.0,1,0,-6.0,6.0,47.5,True,False,-6.0,6.0,True,False,False,26.75
2023-09-24T16:30:00Z,2023-09-24T16:25:40Z,2023-09-24T16:20:40Z,2023-09-24T16:30:41Z,2ff30bbaf02729644dc5dd83dd02ab12,americanfootball_nfl,2023-09-24 17:04:00+00:00,Miami Dolphins,Denver Broncos,fanduel,FanDuel,2023-09-24T16:24:30Z,player_reception_yds,2023-09-24T16:24:36Z,River Cracraft,33.5,-110.0,-110,2023,3,2023-09-24,MIA,DEN,river cracraft,River Cracraft,MIA,WR,,,13.0,1.0,13.0,0,0,-6.0,6.0,47.5,True,False,-6.0,6.0,True,False,False,26.75
2023-09-24T16:30:00Z,2023-09-24T16:25:40Z,2023-09-24T16:20:40Z,2023-09-24T16:30:41Z,2ff30bbaf02729644dc5dd83dd02ab12,americanfootball_nfl,2023-09-24 17:04:00+00:00,Miami Dolphins,Denver Broncos,fanduel,FanDuel,2023-09-24T16:24:30Z,player_reception_yds,2023-09-24T16:24:36Z,Adam Trautman,20.5,-110.0,-110,2023,3,2023-09-24,MIA,DEN,adam trautman,Adam Trautman,DEN,TE,,,0.0,0.0,0.0,0,0,-6.0,6.0,47.5,False,True,6.0,-6.0,False,True,False,20.75
2023-09-24T16:30:00Z,2023-09-24T16:25:40Z,2023-09-24T16:20:40Z,2023-09-24T16:30:41Z,2ff30bbaf02729644dc5dd83dd02ab12,americanfootball_nfl,2023-09-24 17:04:00+00:00,Miami Dolphins,Denver Broncos,fanduel,FanDuel,2023-09-24T16:24:30Z,player_reception_yds,2023-09-24T16:24:36Z,Courtland Sutton,45.5,-110.0,-110,2023,3,2023-09-24,MIA,DEN,courtland sutton,Courtland Sutton,DEN,WR,,,91.0,8.0,91.0,1,0,-6.0,6.0,47.5,False,True,6.0,-6.0,False,True,False,20.75
2023-09-24T16:30:00Z,2023-09-24T16:25:40Z,2023-09-24T16:20:40Z,2023-09-24T16:30:41Z,caae83ff4cadf6b1d63bc8a70af76865,americanfootball_nfl,2023-09-24 17:04:00+00:00,Green Bay Packers,New Orleans Saints,fanduel,FanDuel,2023-09-24T16:24:30Z,player_reception_yds,2023-09-24T16:24:56Z,Luke Musgrave,26.5,-110.0,-110,2023,3,2023-09-24,GB,NO,luke musgrave,Luke Musgrave,GB,TE,,,49.0,6.0,49.0,1,0,1.5,-1.5,41.5,True,False,1.5,-1.5,False,True,False,20.0
2023-09-24T16:30:00Z,2023-09-24T16:25:40Z,2023-09-24T16:20:40Z,2023-09-24T16:30:41Z,caae83ff4cadf6b1d63bc8a70af76865,americanfootball_nfl,2023-09-24 17:04:00+00:00,Green Bay Packers,New Orleans Saints,fanduel,FanDuel,2023-09-24T16:24:30Z,player_reception_yds,2023-09-24T16:24:56Z,Kendre Miller,8.5,-110.0,-110,2023,3,2023-09-24,GB,NO,kendre miller,Kendre Miller,NO,HB,,34.0,0.0,1.0,0.0,0,0,1.5,-1.5,41.5,False,True,-1.5,1.5,True,False,False,21.5
2023-09-24T16:30:00Z,2023-09-24T16:25:40Z,2023-09-24T16:20:40Z,2023-09-24T16:30:41Z,caae83ff4cadf6b1d63bc8a70af76865,americanfootball_nfl,2023-09-24 17:04:00+00:00,Green Bay Packers,New Orleans Saints,fanduel,FanDuel,2023-09-24T16:24:30Z,player_reception_yds,2023-09-24T16:24:56Z,Juwan Johnson,28.5,-110.0,-110,2023,3,2023-09-24,GB,NO,juwan johnson,Juwan Johnson,NO,TE,,,12.0,2.0,12.0,0,0,1.5,-1.5,41.5,False,True,-1.5,1.5,True,False,False,21.5
2023-09-24T16:30:00Z,2023-09-24T16:25:40Z,2023-09-24T16:20:40Z,2023-09-24T16:30:41Z,caae83ff4cadf6b1d63bc8a70af76865,americanfootball_nfl,2023-09-24 17:04:00+00:00,Green Bay Packers,New Orleans Saints,fanduel,FanDuel,2023-09-24T16:24:30Z,player_reception_yds,2023-09-24T16:24:56Z,Chris Olave,67.5,-110.0,-110,2023,3,2023-09-24,GB,NO,chris olave,Chris Olave,NO,WR,,,104.0,8.0,104.0,1,0,1.5,-1.5,41.5,False,True,-1.5,1.5,True,False,False,21.5
2023-09-24T16:30:00Z,2023-09-24T16:25:40Z,2023-09-24T16:20:40Z,2023-09-24T16:30:41Z,caae83ff4cadf6b1d63bc8a70af76865,americanfootball_nfl,2023-09-24 17:04:00+00:00,Green Bay Packers,New Orleans Saints,fanduel,FanDuel,2023-09-24T16:24:30Z,player_reception_yds,2023-09-24T16:24:56Z,Michael Thomas,52.5,-110.0,-110,2023,3,2023-09-24,GB,NO,michael thomas,Michael Thomas,NO,WR,,,50.0,6.0,50.0,0,0,1.5,-1.5,41.5,False,True,-1.5,1.5,True,False,False,21.5
2023-09-24T16:30:00Z,2023-09-24T16:25:40Z,2023-09-24T16:20:40Z,2023-09-24T16:30:41Z,caae83ff4cadf6b1d63bc8a70af76865,americanfootball_nfl,2023-09-24 17:04:00+00:00,Green Bay Packers,New Orleans Saints,fanduel,FanDuel,2023-09-24T16:24:30Z,player_reception_yds,2023-09-24T16:24:56Z,Romeo Doubs,34.5,-110.0,-110,2023,3,2023-09-24,GB,NO,romeo doubs,Romeo Doubs,GB,WR,,,73.0,5.0,73.0,1,0,1.5,-1.5,41.5,True,False,1.5,-1.5,False,True,False,20.0
2023-09-24T16:30:00Z,2023-09-24T16:25:40Z,2023-09-24T16:20:40Z,2023-09-24T16:30:41Z,caae83ff4cadf6b1d63bc8a70af76865,americanfootball_nfl,2023-09-24 17:04:00+00:00,Green Bay Packers,New Orleans Saints,fanduel,FanDuel,2023-09-24T16:24:30Z,player_reception_yds,2023-09-24T16:24:56Z,Rashid Shaheed,41.5,-110.0,-110,2023,3,2023-09-24,GB,NO,rashid shaheed,Rashid Shaheed,NO,WR,,0.0,0.0,0.0,0.0,0,0,1.5,-1.5,41.5,False,True,-1.5,1.5,True,False,False,21.5
2023-09-24T16:30:00Z,2023-09-24T16:25:40Z,2023-09-24T16:20:40Z,2023-09-24T16:30:41Z,caae83ff4cadf6b1d63bc8a70af76865,americanfootball_nfl,2023-09-24 17:04:00+00:00,Green Bay Packers,New Orleans Saints,fanduel,FanDuel,2023-09-24T16:24:30Z,player_reception_yds,2023-09-24T16:24:56Z,Jayden Reed,39.5,-110.0,-110,2023,3,2023-09-24,GB,NO,jayden reed,Jayden Reed,GB,WR,,,63.0,3.0,63.0,1,0,1.5,-1.5,41.5,True,False,1.5,-1.5,False,True,False,20.0
2023-09-24T16:30:00Z,2023-09-24T16:25:40Z,2023-09-24T16:20:40Z,2023-09-24T16:30:41Z,caae83ff4cadf6b1d63bc8a70af76865,americanfootball_nfl,2023-09-24 17:04:00+00:00,Green Bay Packers,New Orleans Saints,fanduel,FanDuel,2023-09-24T16:24:30Z,player_reception_yds,2023-09-24T16:24:56Z,Dontayvion Wicks,27.5,-110.0,-110,2023,3,2023-09-24,GB,NO,dontayvion wicks,Dontayvion Wicks,GB,WR,,,45.0,4.0,45.0,1,0,1.5,-1.5,41.5,True,False,1.5,-1.5,False,True,False,20.0
2023-09-24T16:30:00Z,2023-09-24T16:25:40Z,2023-09-24T16:20:40Z,2023-09-24T16:30:41Z,c6aa32a2bdcc85e5d8b8ae2e570607e6,americanfootball_nfl,2023-09-24 17:04:00+00:00,Jacksonville Jaguars,Houston Texans,fanduel,FanDuel,2023-09-24T16:24:30Z,player_reception_yds,2023-09-24T16:25:24Z,Christian Kirk,57.5,-110.0,-110,2023,3,2023-09-24,JAX,HOU,christian kirk,Christian Kirk,JAX,WR,,,54.0,4.0,54.0,0,0,-7.5,7.5,43.5,True,False,-7.5,7.5,True,False,False,25.5
2023-09-24T16:30:00Z,2023-09-24T16:25:40Z,2023-09-24T16:20:40Z,2023-09-24T16:30:41Z,c6aa32a2bdcc85e5d8b8ae2e570607e6,americanfootball_nfl,2023-09-24 17:04:00+00:00,Jacksonville Jaguars,Houston Texans,fanduel,FanDuel,2023-09-24T16:24:30Z,player_reception_yds,2023-09-24T16:25:24Z,Tank Dell,38.5,-110.0,-110,2023,3,2023-09-24,JAX,HOU,tank dell,Tank Dell,HOU,WR,,,145.0,5.0,145.0,1,0,-7.5,7.5,43.5,False,True,7.5,-7.5,False,True,False,18.0
2023-09-24T16:30:00Z,2023-09-24T16:25:40Z,2023-09-24T16:20:40Z,2023-09-24T16:30:41Z,c6aa32a2bdcc85e5d8b8ae2e570607e6,americanfootball_nfl,2023-09-24 17:04:00+00:00,Jacksonville Jaguars,Houston Texans,fanduel,FanDuel,2023-09-24T16:24:30Z,player_reception_yds,2023-09-24T16:25:24Z,Calvin Ridley,71.5,-110.0,-110,2023,3,2023-09-24,JAX,HOU,calvin ridley,Calvin Ridley,JAX,WR,,,40.0,3.0,40.0,0,0,-7.5,7.5,43.5,True,False,-7.5,7.5,True,False,False,25.5
2023-09-24T16:30:00Z,2023-09-24T16:25:40Z,2023-09-24T16:20:40Z,2023-09-24T16:30:41Z,c6aa32a2bdcc85e5d8b8ae2e570607e6,americanfootball_nfl,2023-09-24 17:04:00+00:00,Jacksonville Jaguars,Houston Texans,fanduel,FanDuel,2023-09-24T16:24:30Z,player_reception_yds,2023-09-24T16:25:24Z,Evan Engram,40.5,-110.0,-110,2023,3,2023-09-24,JAX,HOU,evan engram,Evan Engram,JAX,TE,,,67.0,7.0,67.0,1,0,-7.5,7.5,43.5,True,False,-7.5,7.5,True,False,False,25.5
2023-09-24T16:30:00Z,2023-09-24T16:25:40Z,2023-09-24T16:20:40Z,2023-09-24T16:30:41Z,c6aa32a2bdcc85e5d8b8ae2e570607e6,americanfootball_nfl,2023-09-24 17:04:00+00:00,Jacksonville Jaguars,Houston Texans,fanduel,FanDuel,2023-09-24T16:24:30Z,player_reception_yds,2023-09-24T16:25:24Z,Travis Etienne,15.5,-110.0,-110,2023,3,2023-09-24,JAX,HOU,travis etienne,Travis Etienne Jr.,JAX,HB,,88.0,50.0,4.0,50.0,1,0,-7.5,7.5,43.5,True,False,-7.5,7.5,True,False,False,25.5
2023-09-24T16:30:00Z,2023-09-24T16:25:40Z,2023-09-24T16:20:40Z,2023-09-24T16:30:41Z,c6aa32a2bdcc85e5d8b8ae2e570607e6,americanfootball_nfl,2023-09-24 17:04:00+00:00,Jacksonville Jaguars,Houston Texans,fanduel,FanDuel,2023-09-24T16:24:30Z,player_reception_yds,2023-09-24T16:25:24Z,Dameon Pierce,10.5,-110.0,-110,2023,3,2023-09-24,JAX,HOU,dameon pierce,Dameon Pierce,HOU,HB,,31.0,28.0,3.0,28.0,1,0,-7.5,7.5,43.5,False,True,7.5,-7.5,False,True,False,18.0
2023-09-24T16:30:00Z,2023-09-24T16:25:40Z,2023-09-24T16:20:40Z,2023-09-24T16:30:41Z,c6aa32a2bdcc85e5d8b8ae2e570607e6,americanfootball_nfl,2023-09-24 17:04:00+00:00,Jacksonville Jaguars,Houston Texans,fanduel,FanDuel,2023-09-24T16:24:30Z,player_reception_yds,2023-09-24T16:25:24Z,Robert Woods,37.5,-110.0,-110,2023,3,2023-09-24,JAX,HOU,robert woods,Robert Woods,HOU,WR,,,34.0,3.0,34.0,0,0,-7.5,7.5,43.5,False,True,7.5,-7.5,False,True,False,18.0
2023-09-24T16:30:00Z,2023-09-24T16:25:40Z,2023-09-24T16:20:40Z,2023-09-24T16:30:41Z,c6aa32a2bdcc85e5d8b8ae2e570607e6,americanfootball_nfl,2023-09-24 17:04:00+00:00,Jacksonville Jaguars,Houston Texans,fanduel,FanDuel,2023-09-24T16:24:30Z,player_reception_yds,2023-09-24T16:25:24Z,Nico Collins,54.5,-110.0,-110,2023,3,2023-09-24,JAX,HOU,nico collins,Nico Collins,HOU,WR,,,34.0,2.0,34.0,0,0,-7.5,7.5,43.5,False,True,7.5,-7.5,False,True,False,18.0
2023-09-24T16:30:00Z,2023-09-24T16:25:40Z,2023-09-24T16:20:40Z,2023-09-24T16:30:41Z,c6aa32a2bdcc85e5d8b8ae2e570607e6,americanfootball_nfl,2023-09-24 17:04:00+00:00,Jacksonville Jaguars,Houston Texans,fanduel,FanDuel,2023-09-24T16:24:30Z,player_reception_yds,2023-09-24T16:25:24Z,Dalton Schultz,31.5,-110.0,-110,2023,3,2023-09-24,JAX,HOU,dalton schultz,Dalton Schultz,HOU,TE,,,9.0,1.0,9.0,0,0,-7.5,7.5,43.5,False,True,7.5,-7.5,False,True,False,18.0
2023-09-24T16:30:00Z,2023-09-24T16:25:40Z,2023-09-24T16:20:40Z,2023-09-24T16:30:41Z,1db441aef0ee06367729d9f1fc3e57b0,americanfootball_nfl,2023-09-24 17:04:00+00:00,Minnesota Vikings,Los Angeles Chargers,fanduel,FanDuel,2023-09-24T16:24:30Z,player_reception_yds,2023-09-24T16:26:02Z,Josh Palmer,26.5,-110.0,-110,2023,3,2023-09-24,MIN,LAC,josh palmer,,,,,,,,0.0,0,0,-1.0,1.0,54.0,False,False,,,False,False,False,
2023-09-24T16:30:00Z,2023-09-24T16:25:40Z,2023-09-24T16:20:40Z,2023-09-24T16:30:41Z,1db441aef0ee06367729d9f1fc3e57b0,americanfootball_nfl,2023-09-24 17:04:00+00:00,Minnesota Vikings,Los Angeles Chargers,fanduel,FanDuel,2023-09-24T16:24:30Z,player_reception_yds,2023-09-24T16:26:02Z,Justin Jefferson,101.5,-110.0,-110,2023,3,2023-09-24,MIN,LAC,justin jefferson,Justin Jefferson,MIN,WR,,,149.0,7.0,149.0,1,0,-1.0,1.0,54.0,True,False,-1.0,1.0,True,False,False,27.5
2023-09-24T16:30:00Z,2023-09-24T16:25:40Z,2023-09-24T16:20:40Z,2023-09-24T16:30:41Z,1db441aef0ee06367729d9f1fc3e57b0,americanfootball_nfl,2023-09-24 17:04:00+00:00,Minnesota Vikings,Los Angeles Chargers,fanduel,FanDuel,2023-09-24T16:24:30Z,player_reception_yds,2023-09-24T16:26:02Z,T.J. Hockenson,50.5,-110.0,-110,2023,3,2023-09-24,MIN,LAC,tj hockenson,T.J. Hockenson,MIN,TE,,,78.0,8.0,78.0,1,0,-1.0,1.0,54.0,True,False,-1.0,1.0,True,False,False,27.5
2023-09-24T16:30:00Z,2023-09-24T16:25:40Z,2023-09-24T16:20:40Z,2023-09-24T16:30:41Z,1db441aef0ee06367729d9f1fc3e57b0,americanfootball_nfl,2023-09-24 17:04:00+00:00,Minnesota Vikings,Los Angeles Chargers,fanduel,FanDuel,2023-09-24T16:24:30Z,player_reception_yds,2023-09-24T16:26:02Z,Jordan Addison,52.5,-110.0,-110,2023,3,2023-09-24,MIN,LAC,jordan addison,Jordan Addison,MIN,WR,,,52.0,6.0,52.0,0,0,-1.0,1.0,54.0,True,False,-1.0,1.0,True,False,False,27.5
2023-09-24T16:30:00Z,2023-09-24T16:25:40Z,2023-09-24T16:20:40Z,2023-09-24T16:30:41Z,1db441aef0ee06367729d9f1fc3e57b0,americanfootball_nfl,2023-09-24 17:04:00+00:00,Minnesota Vikings,Los Angeles Chargers,fanduel,FanDuel,2023-09-24T16:24:30Z,player_reception_yds,2023-09-24T16:26:02Z,Keenan Allen,76.5,-110.0,-110,2023,3,2023-09-24,MIN,LAC,keenan allen,Keenan Allen,LAC,WR,49.0,,215.0,18.0,215.0,1,0,-1.0,1.0,54.0,False,True,1.0,-1.0,False,True,False,26.5
2023-09-24T16:30:00Z,2023-09-24T16:25:40Z,2023-09-24T16:20:40Z,2023-09-24T16:30:41Z,1db441aef0ee06367729d9f1fc3e57b0,americanfootball_nfl,2023-09-24 17:04:00+00:00,Minnesota Vikings,Los Angeles Chargers,fanduel,FanDuel,2023-09-24T16:24:30Z,player_reception_yds,2023-09-24T16:26:02Z,KJ Osborn,35.5,-110.0,-110,2023,3,2023-09-24,MIN,LAC,kj osborn,K.J. Osborn,MIN,WR,,,36.0,1.0,36.0,1,0,-1.0,1.0,54.0,True,False,-1.0,1.0,True,False,False,27.5
2023-09-24T16:30:00Z,2023-09-24T16:25:40Z,2023-09-24T16:20:40Z,2023-09-24T16:30:41Z,1db441aef0ee06367729d9f1fc3e57b0,americanfootball_nfl,2023-09-24 17:04:00+00:00,Minnesota Vikings,Los Angeles Chargers,fanduel,FanDuel,2023-09-24T16:24:30Z,player_reception_yds,2023-09-24T16:26:02Z,Mike Williams,64.5,-110.0,-110,2023,3,2023-09-24,MIN,LAC,mike williams,Mike Williams,LAC,WR,,,121.0,7.0,121.0,1,0,-1.0,1.0,54.0,False,True,1.0,-1.0,False,True,False,26.5
2023-09-24T16:30:00Z,2023-09-24T16:25:40Z,2023-09-24T16:20:40Z,2023-09-24T16:30:41Z,1db441aef0ee06367729d9f1fc3e57b0,americanfootball_nfl,2023-09-24 17:04:00+00:00,Minnesota Vikings,Los Angeles Chargers,fanduel,FanDuel,2023-09-24T16:24:30Z,player_reception_yds,2023-09-24T16:26:02Z,Joshua Kelley,13.5,-110.0,-110,2023,3,2023-09-24,MIN,LAC,joshua kelley,Joshua Kelley,LAC,HB,,12.0,5.0,1.0,5.0,0,0,-1.0,1.0,54.0,False,True,1.0,-1.0,False,True,False,26.5
2023-09-24T16:30:00Z,2023-09-24T16:25:40Z,2023-09-24T16:20:40Z,2023-09-24T16:30:41Z,1db441aef0ee06367729d9f1fc3e57b0,americanfootball_nfl,2023-09-24 17:04:00+00:00,Minnesota Vikings,Los Angeles Chargers,fanduel,FanDuel,2023-09-24T16:24:30Z,player_reception_yds,2023-09-24T16:26:02Z,Alexander Mattison,14.5,-110.0,-110,2023,3,2023-09-24,MIN,LAC,alexander mattison,Alexander Mattison,MIN,HB,,93.0,32.0,5.0,32.0,1,0,-1.0,1.0,54.0,True,False,-1.0,1.0,True,False,False,27.5
2023-09-24T16:30:00Z,2023-09-24T16:25:40Z,2023-09-24T16:20:40Z,2023-09-24T16:30:41Z,1db441aef0ee06367729d9f1fc3e57b0,americanfootball_nfl,2023-09-24 17:04:00+00:00,Minnesota Vikings,Los Angeles Chargers,fanduel,FanDuel,2023-09-24T16:24:30Z,player_reception_yds,2023-09-24T16:26:02Z,Gerald Everett,27.5,-110.0,-110,2023,3,2023-09-24,MIN,LAC,gerald everett,Gerald Everett,LAC,TE,,,30.0,6.0,30.0,1,0,-1.0,1.0,54.0,False,True,1.0,-1.0,False,True,False,26.5
2023-09-24T16:30:00Z,2023-09-24T16:25:40Z,2023-09-24T16:20:40Z,2023-09-24T16:30:41Z,66edacbc3505803f401192da0fb09b49,americanfootball_nfl,2023-09-24 17:04:00+00:00,New York Jets,New England Patriots,fanduel,FanDuel,2023-09-24T16:24:30Z,player_reception_yds,2023-09-24T16:26:21Z,Rhamondre Stevenson,21.5,-110.0,-110,2023,3,2023-09-24,NYJ,NE,rhamondre stevenson,Rhamondre Stevenson,NE,HB,,59.0,3.0,1.0,3.0,0,0,2.5,-2.5,35.5,False,True,-2.5,2.5,True,False,False,19.0
2023-09-24T16:30:00Z,2023-09-24T16:25:40Z,2023-09-24T16:20:40Z,2023-09-24T16:30:41Z,66edacbc3505803f401192da0fb09b49,americanfootball_nfl,2023-09-24 17:04:00+00:00,New York Jets,New England Patriots,fanduel,FanDuel,2023-09-24T16:24:30Z,player_reception_yds,2023-09-24T16:26:21Z,Tyler Conklin,21.5,-110.0,-110,2023,3,2023-09-24,NYJ,NE,tyler conklin,Tyler Conklin,NYJ,TE,,,26.0,3.0,26.0,1,0,2.5,-2.5,35.5,True,False,2.5,-2.5,False,True,False,16.5
2023-09-24T16:30:00Z,2023-09-24T16:25:40Z,2023-09-24T16:20:40Z,2023-09-24T16:30:41Z,66edacbc3505803f401192da0fb09b49,americanfootball_nfl,2023-09-24 17:04:00+00:00,New York Jets,New England Patriots,fanduel,FanDuel,2023-09-24T16:24:30Z,player_reception_yds,2023-09-24T16:26:21Z,Kendrick Bourne,30.5,-110.0,-110,2023,3,2023-09-24,NYJ,NE,kendrick bourne,Kendrick Bourne,NE,WR,,,46.0,4.0,46.0,1,0,2.5,-2.5,35.5,False,True,-2.5,2.5,True,False,False,19.0
2023-09-24T16:30:00Z,2023-09-24T16:25:40Z,2023-09-24T16:20:40Z,2023-09-24T16:30:41Z,66edacbc3505803f401192da0fb09b49,americanfootball_nfl,2023-09-24 17:04:00+00:00,New York Jets,New England Patriots,fanduel,FanDuel,2023-09-24T16:24:30Z,player_reception_yds,2023-09-24T16:26:21Z,Devante Parker,34.5,-110.0,-110,2023,3,2023-09-24,NYJ,NE,devante parker,DeVante Parker,NE,WR,,,19.0,2.0,19.0,0,0,2.5,-2.5,35.5,False,True,-2.5,2.5,True,False,False,19.0
2023-09-24T16:30:00Z,2023-09-24T16:25:40Z,2023-09-24T16:20:40Z,2023-09-24T16:30:41Z,66edacbc3505803f401192da0fb09b49,americanfootball_nfl,2023-09-24 17:04:00+00:00,New York Jets,New England Patriots,fanduel,FanDuel,2023-09-24T16:24:30Z,player_reception_yds,2023-09-24T16:26:21Z,Garrett Wilson,48.5,-110.0,-110,2023,3,2023-09-24,NYJ,NE,garrett wilson,Garrett Wilson,NYJ,WR,,,48.0,5.0,48.0,0,0,2.5,-2.5,35.5,True,False,2.5,-2.5,False,True,False,16.5
2023-09-24T16:30:00Z,2023-09-24T16:25:40Z,2023-09-24T16:20:40Z,2023-09-24T16:30:41Z,66edacbc3505803f401192da0fb09b49,americanfootball_nfl,2023-09-24 17:04:00+00:00,New York Jets,New England Patriots,fanduel,FanDuel,2023-09-24T16:24:30Z,player_reception_yds,2023-09-24T16:26:21Z,Allen Lazard,27.5,-110.0,-110,2023,3,2023-09-24,NYJ,NE,allen lazard,Allen Lazard,NYJ,WR,,,39.0,3.0,39.0,1,0,2.5,-2.5,35.5,True,False,2.5,-2.5,False,True,False,16.5
2023-09-24T16:30:00Z,2023-09-24T16:25:40Z,2023-09-24T16:20:40Z,2023-09-24T16:30:41Z,66edacbc3505803f401192da0fb09b49,americanfootball_nfl,2023-09-24 17:04:00+00:00,New York Jets,New England Patriots,fanduel,FanDuel,2023-09-24T16:24:30Z,player_reception_yds,2023-09-24T16:26:21Z,Mike Gesicki,20.5,-110.0,-110,2023,3,2023-09-24,NYJ,NE,mike gesicki,Mike Gesicki,NE,TE,,,18.0,1.0,18.0,0,0,2.5,-2.5,35.5,False,True,-2.5,2.5,True,False,False,19.0
2023-09-24T16:30:00Z,2023-09-24T16:25:40Z,2023-09-24T16:20:40Z,2023-09-24T16:30:41Z,66edacbc3505803f401192da0fb09b49,americanfootball_nfl,2023-09-24 17:04:00+00:00,New York Jets,New England Patriots,fanduel,FanDuel,2023-09-24T16:24:30Z,player_reception_yds,2023-09-24T16:26:21Z,JuJu Smith-Schuster,25.5,-110.0,-110,2023,3,2023-09-24,NYJ,NE,juju smith schuster,JuJu Smith-Schuster,NE,WR,,,5.0,1.0,5.0,0,0,2.5,-2.5,35.5,False,True,-2.5,2.5,True,False,False,19.0
2023-09-24T16:30:00Z,2023-09-24T16:25:40Z,2023-09-24T16:20:40Z,2023-09-24T16:30:41Z,66edacbc3505803f401192da0fb09b49,americanfootball_nfl,2023-09-24 17:04:00+00:00,New York Jets,New England Patriots,fanduel,FanDuel,2023-09-24T16:24:30Z,player_reception_yds,2023-09-24T16:26:21Z,Breece Hall,9.5,-115.0,-105,2023,3,2023-09-24,NYJ,NE,breece hall,Breece Hall,NYJ,HB,,18.0,9.0,1.0,9.0,0,0,2.5,-2.5,35.5,True,False,2.5,-2.5,False,True,False,16.5
2023-09-24T16:30:00Z,2023-09-24T16:25:40Z,2023-09-24T16:20:40Z,2023-09-24T16:30:41Z,66edacbc3505803f401192da0fb09b49,americanfootball_nfl,2023-09-24 17:04:00+00:00,New York Jets,New England Patriots,fanduel,FanDuel,2023-09-24T16:24:30Z,player_reception_yds,2023-09-24T16:26:21Z,Dalvin Cook,7.5,-110.0,-110,2023,3,2023-09-24,NYJ,NE,dalvin cook,Dalvin Cook,NYJ,HB,,18.0,11.0,3.0,11.0,1,0,2.5,-2.5,35.5,True,False,2.5,-2.5,False,True,False,16.5
2023-09-24T16:30:00Z,2023-09-24T16:25:40Z,2023-09-24T16:20:40Z,2023-09-24T16:30:41Z,66edacbc3505803f401192da0fb09b49,americanfootball_nfl,2023-09-24 17:04:00+00:00,New York Jets,New England Patriots,fanduel,FanDuel,2023-09-24T16:24:30Z,player_reception_yds,2023-09-24T16:26:21Z,Ezekiel Elliott,5.5,-114.0,-106,2023,3,2023-09-24,NYJ,NE,ezekiel elliott,Ezekiel Elliott,NE,HB,,80.0,7.0,1.0,7.0,1,0,2.5,-2.5,35.5,False,True,-2.5,2.5,True,False,False,19.0
2023-09-24T16:30:00Z,2023-09-24T16:25:40Z,2023-09-24T16:20:40Z,2023-09-24T16:30:41Z,66edacbc3505803f401192da0fb09b49,americanfootball_nfl,2023-09-24 17:04:00+00:00,New York Jets,New England Patriots,fanduel,FanDuel,2023-09-24T16:24:30Z,player_reception_yds,2023-09-24T16:26:21Z,Hunter Henry,31.5,-110.0,-110,2023,3,2023-09-24,NYJ,NE,hunter henry,Hunter Henry,NE,TE,,,17.0,2.0,17.0,0,0,2.5,-2.5,35.5,False,True,-2.5,2.5,True,False,False,19.0
2023-09-24T19:35:00Z,2023-09-24T19:30:41Z,2023-09-24T19:25:40Z,2023-09-24T19:35:40Z,4b3ed4ec08352199ff98bdf14b247c88,americanfootball_nfl,2023-09-24 20:05:00+00:00,Seattle Seahawks,Carolina Panthers,fanduel,FanDuel,2023-09-24T19:30:21Z,player_reception_yds,2023-09-24T19:26:46Z,Jonathan Mingo,33.5,-110.0,-110,2023,3,2023-09-24,SEA,CAR,jonathan mingo,Jonathan Mingo,CAR,WR,,,21.0,3.0,21.0,0,0,-5.0,5.0,42.5,False,True,5.0,-5.0,False,True,False,18.75
2023-09-24T19:35:00Z,2023-09-24T19:30:41Z,2023-09-24T19:25:40Z,2023-09-24T19:35:40Z,4b3ed4ec08352199ff98bdf14b247c88,americanfootball_nfl,2023-09-24 20:05:00+00:00,Seattle Seahawks,Carolina Panthers,fanduel,FanDuel,2023-09-24T19:30:21Z,player_reception_yds,2023-09-24T19:26:46Z,Hayden Hurst,27.5,-110.0,-110,2023,3,2023-09-24,SEA,CAR,hayden hurst,Hayden Hurst,CAR,TE,,,11.0,1.0,11.0,0,0,-5.0,5.0,42.5,False,True,5.0,-5.0,False,True,False,18.75
2023-09-24T19:35:00Z,2023-09-24T19:30:41Z,2023-09-24T19:25:40Z,2023-09-24T19:35:40Z,4b3ed4ec08352199ff98bdf14b247c88,americanfootball_nfl,2023-09-24 20:05:00+00:00,Seattle Seahawks,Carolina Panthers,fanduel,FanDuel,2023-09-24T19:30:21Z,player_reception_yds,2023-09-24T19:26:46Z,Noah Fant,24.5,-110.0,-110,2023,3,2023-09-24,SEA,CAR,noah fant,Noah Fant,SEA,TE,,,41.0,4.0,41.0,1,0,-5.0,5.0,42.5,True,False,-5.0,5.0,True,False,False,23.75
2023-09-24T19:35:00Z,2023-09-24T19:30:41Z,2023-09-24T19:25:40Z,2023-09-24T19:35:40Z,4b3ed4ec08352199ff98bdf14b247c88,americanfootball_nfl,2023-09-24 20:05:00+00:00,Seattle Seahawks,Carolina Panthers,fanduel,FanDuel,2023-09-24T19:30:21Z,player_reception_yds,2023-09-24T19:26:46Z,Adam Thielen,35.5,-110.0,-110,2023,3,2023-09-24,SEA,CAR,adam thielen,Adam Thielen,CAR,WR,,,145.0,11.0,145.0,1,0,-5.0,5.0,42.5,False,True,5.0,-5.0,False,True,False,18.75
2023-09-24T19:35:00Z,2023-09-24T19:30:41Z,2023-09-24T19:25:40Z,2023-09-24T19:35:40Z,4b3ed4ec08352199ff98bdf14b247c88,americanfootball_nfl,2023-09-24 20:05:00+00:00,Seattle Seahawks,Carolina Panthers,fanduel,FanDuel,2023-09-24T19:30:21Z,player_reception_yds,2023-09-24T19:26:46Z,Jaxon Smith-Njigba,35.5,-110.0,-110,2023,3,2023-09-24,SEA,CAR,jaxon smith njigba,Jaxon Smith-Njigba,SEA,WR,,,10.0,1.0,10.0,0,0,-5.0,5.0,42.5,True,False,-5.0,5.0,True,False,False,23.75
2023-09-24T19:35:00Z,2023-09-24T19:30:41Z,2023-09-24T19:25:40Z,2023-09-24T19:35:40Z,4b3ed4ec08352199ff98bdf14b247c88,americanfootball_nfl,2023-09-24 20:05:00+00:00,Seattle Seahawks,Carolina Panthers,fanduel,FanDuel,2023-09-24T19:30:21Z,player_reception_yds,2023-09-24T19:26:46Z,DK Metcalf,59.5,-110.0,-110,2023,3,2023-09-24,SEA,CAR,dk metcalf,D.K. Metcalf,SEA,WR,,,112.0,6.0,112.0,1,0,-5.0,5.0,42.5,True,False,-5.0,5.0,True,False,False,23.75
2023-09-24T19:35:00Z,2023-09-24T19:30:41Z,2023-09-24T19:25:40Z,2023-09-24T19:35:40Z,4b3ed4ec08352199ff98bdf14b247c88,americanfootball_nfl,2023-09-24 20:05:00+00:00,Seattle Seahawks,Carolina Panthers,fanduel,FanDuel,2023-09-24T19:30:21Z,player_reception_yds,2023-09-24T19:26:46Z,Tyler Lockett,53.5,-110.0,-110,2023,3,2023-09-24,SEA,CAR,tyler lockett,Tyler Lockett,SEA,WR,,,34.0,3.0,34.0,0,0,-5.0,5.0,42.5,True,False,-5.0,5.0,True,False,False,23.75
2023-09-24T19:35:00Z,2023-09-24T19:30:41Z,2023-09-24T19:25:40Z,2023-09-24T19:35:40Z,4b3ed4ec08352199ff98bdf14b247c88,americanfootball_nfl,2023-09-24 20:05:00+00:00,Seattle Seahawks,Carolina Panthers,fanduel,FanDuel,2023-09-24T19:30:21Z,player_reception_yds,2023-09-24T19:26:46Z,Miles Sanders,14.5,-110.0,-110,2023,3,2023-09-24,SEA,CAR,miles sanders,Miles Sanders,CAR,HB,,24.0,38.0,5.0,38.0,1,0,-5.0,5.0,42.5,False,True,5.0,-5.0,False,True,False,18.75
2023-09-24T19:35:00Z,2023-09-24T19:30:41Z,2023-09-24T19:25:40Z,2023-09-24T19:35:40Z,4b3ed4ec08352199ff98bdf14b247c88,americanfootball_nfl,2023-09-24 20:05:00+00:00,Seattle Seahawks,Carolina Panthers,fanduel,FanDuel,2023-09-24T19:30:21Z,player_reception_yds,2023-09-24T19:26:46Z,Kenneth Walker III,11.5,-110.0,-110,2023,3,2023-09-24,SEA,CAR,kenneth walker,Kenneth Walker III,SEA,HB,,97.0,59.0,3.0,59.0,1,0,-5.0,5.0,42.5,True,False,-5.0,5.0,True,False,False,23.75
2023-09-24T19:55:00Z,2023-09-24T19:50:40Z,2023-09-24T19:45:40Z,2023-09-24T19:55:40Z,9541cadef6a637071b8588eb4938a5c8,americanfootball_nfl,2023-09-24 20:25:00+00:00,Arizona Cardinals,Dallas Cowboys,fanduel,FanDuel,2023-09-24T19:50:27Z,player_reception_yds,2023-09-24T19:47:31Z,Michael Gallup,24.5,-110.0,-110,2023,3,2023-09-24,ARI,DAL,michael gallup,Michael Gallup,DAL,WR,,,92.0,6.0,92.0,1,0,11.5,-11.5,43.5,False,True,-11.5,11.5,True,False,False,27.5
2023-09-24T19:55:00Z,2023-09-24T19:50:40Z,2023-09-24T19:45:40Z,2023-09-24T19:55:40Z,9541cadef6a637071b8588eb4938a5c8,americanfootball_nfl,2023-09-24 20:25:00+00:00,Arizona Cardinals,Dallas Cowboys,fanduel,FanDuel,2023-09-24T19:50:27Z,player_reception_yds,2023-09-24T19:47:31Z,Tony Pollard,19.5,-110.0,-110,2023,3,2023-09-24,ARI,DAL,tony pollard,Tony Pollard,DAL,HB,,122.0,-1.0,3.0,-1.0,0,0,11.5,-11.5,43.5,False,True,-11.5,11.5,True,False,False,27.5
2023-09-24T19:55:00Z,2023-09-24T19:50:40Z,2023-09-24T19:45:40Z,2023-09-24T19:55:40Z,9541cadef6a637071b8588eb4938a5c8,americanfootball_nfl,2023-09-24 20:25:00+00:00,Arizona Cardinals,Dallas Cowboys,fanduel,FanDuel,2023-09-24T19:50:27Z,player_reception_yds,2023-09-24T19:47:31Z,James Conner,15.5,-110.0,-110,2023,3,2023-09-24,ARI,DAL,james conner,James Conner,ARI,HB,,98.0,18.0,2.0,18.0,1,0,11.5,-11.5,43.5,True,False,11.5,-11.5,False,True,False,16.0
2023-09-24T19:55:00Z,2023-09-24T19:50:40Z,2023-09-24T19:45:40Z,2023-09-24T19:55:40Z,9541cadef6a637071b8588eb4938a5c8,americanfootball_nfl,2023-09-24 20:25:00+00:00,Arizona Cardinals,Dallas Cowboys,fanduel,FanDuel,2023-09-24T19:50:27Z,player_reception_yds,2023-09-24T19:47:31Z,Rondale Moore,23.5,-110.0,-110,2023,3,2023-09-24,ARI,DAL,rondale moore,Rondale Moore,ARI,WR,,54.0,8.0,4.0,8.0,0,0,11.5,-11.5,43.5,True,False,11.5,-11.5,False,True,False,16.0
2023-09-24T19:55:00Z,2023-09-24T19:50:40Z,2023-09-24T19:45:40Z,2023-09-24T19:55:40Z,9541cadef6a637071b8588eb4938a5c8,americanfootball_nfl,2023-09-24 20:25:00+00:00,Arizona Cardinals,Dallas Cowboys,fanduel,FanDuel,2023-09-24T19:50:27Z,player_reception_yds,2023-09-24T19:47:31Z,Brandin Cooks,37.5,-110.0,-110,2023,3,2023-09-24,ARI,DAL,brandin cooks,Brandin Cooks,DAL,WR,,,17.0,2.0,17.0,0,0,11.5,-11.5,43.5,False,True,-11.5,11.5,True,False,False,27.5
2023-09-24T19:55:00Z,2023-09-24T19:50:40Z,2023-09-24T19:45:40Z,2023-09-24T19:55:40Z,9541cadef6a637071b8588eb4938a5c8,americanfootball_nfl,2023-09-24 20:25:00+00:00,Arizona Cardinals,Dallas Cowboys,fanduel,FanDuel,2023-09-24T19:50:27Z,player_reception_yds,2023-09-24T19:47:31Z,Michael Wilson,23.5,-110.0,-110,2023,3,2023-09-24,ARI,DAL,michael wilson,Michael Wilson,ARI,WR,,,86.0,2.0,86.0,1,0,11.5,-11.5,43.5,True,False,11.5,-11.5,False,True,False,16.0
2023-09-24T19:55:00Z,2023-09-24T19:50:40Z,2023-09-24T19:45:40Z,2023-09-24T19:55:40Z,9541cadef6a637071b8588eb4938a5c8,americanfootball_nfl,2023-09-24 20:25:00+00:00,Arizona Cardinals,Dallas Cowboys,fanduel,FanDuel,2023-09-24T19:50:27Z,player_reception_yds,2023-09-24T19:47:31Z,CeeDee Lamb,72.5,-110.0,-110,2023,3,2023-09-24,ARI,DAL,ceedee lamb,CeeDee Lamb,DAL,WR,,9.0,53.0,4.0,53.0,0,0,11.5,-11.5,43.5,False,True,-11.5,11.5,True,False,False,27.5
2023-09-24T19:55:00Z,2023-09-24T19:50:40Z,2023-09-24T19:45:40Z,2023-09-24T19:55:40Z,9541cadef6a637071b8588eb4938a5c8,americanfootball_nfl,2023-09-24 20:25:00+00:00,Arizona Cardinals,Dallas Cowboys,fanduel,FanDuel,2023-09-24T19:50:27Z,player_reception_yds,2023-09-24T19:47:31Z,Zach Ertz,31.5,-110.0,-110,2023,3,2023-09-24,ARI,DAL,zach ertz,Zach Ertz,ARI,TE,,,6.0,2.0,6.0,0,0,11.5,-11.5,43.5,True,False,11.5,-11.5,False,True,False,16.0
2023-09-24T19:55:00Z,2023-09-24T19:50:40Z,2023-09-24T19:45:40Z,2023-09-24T19:55:40Z,9541cadef6a637071b8588eb4938a5c8,americanfootball_nfl,2023-09-24 20:25:00+00:00,Arizona Cardinals,Dallas Cowboys,fanduel,FanDuel,2023-09-24T19:50:27Z,player_reception_yds,2023-09-24T19:47:31Z,Marquise Brown,43.5,-110.0,-110,2023,3,2023-09-24,ARI,DAL,marquise brown,Marquise Brown,ARI,WR,,,61.0,5.0,61.0,1,0,11.5,-11.5,43.5,True,False,11.5,-11.5,False,True,False,16.0
2023-09-24T19:55:00Z,2023-09-24T19:50:40Z,2023-09-24T19:45:40Z,2023-09-24T19:55:40Z,9541cadef6a637071b8588eb4938a5c8,americanfootball_nfl,2023-09-24 20:25:00+00:00,Arizona Cardinals,Dallas Cowboys,fanduel,FanDuel,2023-09-24T19:50:27Z,player_reception_yds,2023-09-24T19:47:31Z,Jake Ferguson,23.5,-110.0,-110,2023,3,2023-09-24,ARI,DAL,jake ferguson,Jake Ferguson,DAL,TE,,,48.0,5.0,48.0,1,0,11.5,-11.5,43.5,False,True,-11.5,11.5,True,False,False,27.5
2023-09-24T19:55:00Z,2023-09-24T19:50:40Z,2023-09-24T19:45:40Z,2023-09-24T19:55:40Z,806b105d4be36f9d8ac4a782cb43c1f1,americanfootball_nfl,2023-09-24 20:25:00+00:00,Kansas City Chiefs,Chicago Bears,fanduel,FanDuel,2023-09-24T19:50:27Z,player_reception_yds,2023-09-24T19:49:09Z,Noah Gray,13.5,-110.0,-110,2023,3,2023-09-24,KC,CHI,noah gray,Noah Gray,KC,TE,,,9.0,1.0,9.0,0,0,-13.0,13.0,48.0,True,False,-13.0,13.0,True,False,False,30.5
2023-09-24T19:55:00Z,2023-09-24T19:50:40Z,2023-09-24T19:45:40Z,2023-09-24T19:55:40Z,806b105d4be36f9d8ac4a782cb43c1f1,americanfootball_nfl,2023-09-24 20:25:00+00:00,Kansas City Chiefs,Chicago Bears,fanduel,FanDuel,2023-09-24T19:50:27Z,player_reception_yds,2023-09-24T19:49:09Z,Khalil Herbert,8.5,-110.0,-110,2023,3,2023-09-24,KC,CHI,khalil herbert,Khalil Herbert,CHI,HB,,31.0,4.0,2.0,4.0,0,0,-13.0,13.0,48.0,False,True,13.0,-13.0,False,True,False,17.5
2023-09-24T19:55:00Z,2023-09-24T19:50:40Z,2023-09-24T19:45:40Z,2023-09-24T19:55:40Z,806b105d4be36f9d8ac4a782cb43c1f1,americanfootball_nfl,2023-09-24 20:25:00+00:00,Kansas City Chiefs,Chicago Bears,fanduel,FanDuel,2023-09-24T19:50:27Z,player_reception_yds,2023-09-24T19:49:09Z,Roschon Johnson,10.5,-110.0,-110,2023,3,2023-09-24,KC,CHI,roschon johnson,Roschon Johnson,CHI,HB,,38.0,11.0,2.0,11.0,1,0,-13.0,13.0,48.0,False,True,13.0,-13.0,False,True,False,17.5
2023-09-24T19:55:00Z,2023-09-24T19:50:40Z,2023-09-24T19:45:40Z,2023-09-24T19:55:40Z,806b105d4be36f9d8ac4a782cb43c1f1,americanfootball_nfl,2023-09-24 20:25:00+00:00,Kansas City Chiefs,Chicago Bears,fanduel,FanDuel,2023-09-24T19:50:27Z,player_reception_yds,2023-09-24T19:49:09Z,Marquez Valdes-Scantling,27.5,-110.0,-110,2023,3,2023-09-24,KC,CHI,marquez valdes scantling,Marquez Valdes-Scantling,KC,WR,,,37.0,1.0,37.0,1,0,-13.0,13.0,48.0,True,False,-13.0,13.0,True,False,False,30.5
2023-09-24T19:55:00Z,2023-09-24T19:50:40Z,2023-09-24T19:45:40Z,2023-09-24T19:55:40Z,806b105d4be36f9d8ac4a782cb43c1f1,americanfootball_nfl,2023-09-24 20:25:00+00:00,Kansas City Chiefs,Chicago Bears,fanduel,FanDuel,2023-09-24T19:50:27Z,player_reception_yds,2023-09-24T19:49:09Z,Cole Kmet,28.5,-110.0,-110,2023,3,2023-09-24,KC,CHI,cole kmet,Cole Kmet,CHI,TE,,,22.0,2.0,22.0,0,0,-13.0,13.0,48.0,False,True,13.0,-13.0,False,True,False,17.5
2023-09-24T19:55:00Z,2023-09-24T19:50:40Z,2023-09-24T19:45:40Z,2023-09-24T19:55:40Z,806b105d4be36f9d8ac4a782cb43c1f1,americanfootball_nfl,2023-09-24 20:25:00+00:00,Kansas City Chiefs,Chicago Bears,fanduel,FanDuel,2023-09-24T19:50:27Z,player_reception_yds,2023-09-24T19:49:09Z,Justin Watson,20.5,-115.0,-105,2023,3,2023-09-24,KC,CHI,justin watson,Justin Watson,KC,WR,,,51.0,2.0,51.0,1,0,-13.0,13.0,48.0,True,False,-13.0,13.0,True,False,False,30.5
2023-09-24T19:55:00Z,2023-09-24T19:50:40Z,2023-09-24T19:45:40Z,2023-09-24T19:55:40Z,806b105d4be36f9d8ac4a782cb43c1f1,americanfootball_nfl,2023-09-24 20:25:00+00:00,Kansas City Chiefs,Chicago Bears,fanduel,FanDuel,2023-09-24T19:50:27Z,player_reception_yds,2023-09-24T19:49:09Z,Kadarius Toney,25.5,-110.0,-110,2023,3,2023-09-24,KC,CHI,kadarius toney,Kadarius Toney,KC,WR,,,-1.0,1.0,-1.0,0,0,-13.0,13.0,48.0,True,False,-13.0,13.0,True,False,False,30.5
2023-09-24T19:55:00Z,2023-09-24T19:50:40Z,2023-09-24T19:45:40Z,2023-09-24T19:55:40Z,806b105d4be36f9d8ac4a782cb43c1f1,americanfootball_nfl,2023-09-24 20:25:00+00:00,Kansas City Chiefs,Chicago Bears,fanduel,FanDuel,2023-09-24T19:50:27Z,player_reception_yds,2023-09-24T19:49:09Z,Travis Kelce,71.5,-110.0,-110,2023,3,2023-09-24,KC,CHI,travis kelce,Travis Kelce,KC,TE,,,69.0,7.0,69.0,0,0,-13.0,13.0,48.0,True,False,-13.0,13.0,True,False,False,30.5
2023-09-24T19:55:00Z,2023-09-24T19:50:40Z,2023-09-24T19:45:40Z,2023-09-24T19:55:40Z,806b105d4be36f9d8ac4a782cb43c1f1,americanfootball_nfl,2023-09-24 20:25:00+00:00,Kansas City Chiefs,Chicago Bears,fanduel,FanDuel,2023-09-24T19:50:27Z,player_reception_yds,2023-09-24T19:49:09Z,Rashee Rice,18.5,100.0,-122,2023,3,2023-09-24,KC,CHI,rashee rice,Rashee Rice,KC,WR,,,59.0,5.0,59.0,1,0,-13.0,13.0,48.0,True,False,-13.0,13.0,True,False,False,30.5
2023-09-24T19:55:00Z,2023-09-24T19:50:40Z,2023-09-24T19:45:40Z,2023-09-24T19:55:40Z,806b105d4be36f9d8ac4a782cb43c1f1,americanfootball_nfl,2023-09-24 20:25:00+00:00,Kansas City Chiefs,Chicago Bears,fanduel,FanDuel,2023-09-24T19:50:27Z,player_reception_yds,2023-09-24T19:49:09Z,Chase Claypool,22.5,-110.0,-110,2023,3,2023-09-24,KC,CHI,chase claypool,Chase Claypool,CHI,WR,,,15.0,1.0,15.0,0,0,-13.0,13.0,48.0,False,True,13.0,-13.0,False,True,False,17.5
2023-09-24T19:55:00Z,2023-09-24T19:50:40Z,2023-09-24T19:45:40Z,2023-09-24T19:55:40Z,806b105d4be36f9d8ac4a782cb43c1f1,americanfootball_nfl,2023-09-24 20:25:00+00:00,Kansas City Chiefs,Chicago Bears,fanduel,FanDuel,2023-09-24T19:50:27Z,player_reception_yds,2023-09-24T19:49:09Z,DJ Moore,43.5,-110.0,-110,2023,3,2023-09-24,KC,CHI,dj moore,DJ Moore,CHI,WR,,,41.0,3.0,41.0,0,0,-13.0,13.0,48.0,False,True,13.0,-13.0,False,True,False,17.5
2023-09-24T19:55:00Z,2023-09-24T19:50:40Z,2023-09-24T19:45:40Z,2023-09-24T19:55:40Z,806b105d4be36f9d8ac4a782cb43c1f1,americanfootball_nfl,2023-09-24 20:25:00+00:00,Kansas City Chiefs,Chicago Bears,fanduel,FanDuel,2023-09-24T19:50:27Z,player_reception_yds,2023-09-24T19:49:09Z,Darnell Mooney,30.5,-110.0,-110,2023,3,2023-09-24,KC,CHI,darnell mooney,Darnell Mooney,CHI,WR,,,0.0,0.0,0.0,0,0,-13.0,13.0,48.0,False,True,13.0,-13.0,False,True,False,17.5
2023-09-24T19:55:00Z,2023-09-24T19:50:40Z,2023-09-24T19:45:40Z,2023-09-24T19:55:40Z,806b105d4be36f9d8ac4a782cb43c1f1,americanfootball_nfl,2023-09-24 20:25:00+00:00,Kansas City Chiefs,Chicago Bears,fanduel,FanDuel,2023-09-24T19:50:27Z,player_reception_yds,2023-09-24T19:49:09Z,Skyy Moore,33.5,-110.0,-110,2023,3,2023-09-24,KC,CHI,skyy moore,Skyy Moore,KC,WR,,,42.0,4.0,42.0,1,0,-13.0,13.0,48.0,True,False,-13.0,13.0,True,False,False,30.5
2023-09-24T19:55:00Z,2023-09-24T19:50:40Z,2023-09-24T19:45:40Z,2023-09-24T19:55:40Z,806b105d4be36f9d8ac4a782cb43c1f1,americanfootball_nfl,2023-09-24 20:25:00+00:00,Kansas City Chiefs,Chicago Bears,fanduel,FanDuel,2023-09-24T19:50:27Z,player_reception_yds,2023-09-24T19:49:09Z,Isiah Pacheco,9.5,-110.0,-110,2023,3,2023-09-24,KC,CHI,isiah pacheco,Isiah Pacheco,KC,HB,,62.0,16.0,2.0,16.0,1,0,-13.0,13.0,48.0,True,False,-13.0,13.0,True,False,False,30.5
2023-09-24T23:50:00Z,2023-09-24T23:45:40Z,2023-09-24T23:40:40Z,2023-09-24T23:50:40Z,abf76aa8adc82854d703518042be4452,americanfootball_nfl,2023-09-25 00:20:00+00:00,Las Vegas Raiders,Pittsburgh Steelers,fanduel,FanDuel,2023-09-24T23:45:10Z,player_reception_yds,2023-09-24T23:41:36Z,Josh Jacobs,15.5,-110.0,-110,2023,3,2023-09-24,LV,PIT,josh jacobs,Josh Jacobs,LV,HB,,62.0,18.0,3.0,18.0,1,0,-3.0,3.0,43.5,True,False,-3.0,3.0,True,False,False,23.25
2023-09-24T23:50:00Z,2023-09-24T23:45:40Z,2023-09-24T23:40:40Z,2023-09-24T23:50:40Z,abf76aa8adc82854d703518042be4452,americanfootball_nfl,2023-09-25 00:20:00+00:00,Las Vegas Raiders,Pittsburgh Steelers,fanduel,FanDuel,2023-09-24T23:45:10Z,player_reception_yds,2023-09-24T23:41:36Z,Jaylen Warren,18.5,-110.0,-110,2023,3,2023-09-24,LV,PIT,jaylen warren,Jaylen Warren,PIT,HB,,29.0,23.0,3.0,23.0,1,0,-3.0,3.0,43.5,False,True,3.0,-3.0,False,True,False,20.25
2023-09-24T23:50:00Z,2023-09-24T23:45:40Z,2023-09-24T23:40:40Z,2023-09-24T23:50:40Z,abf76aa8adc82854d703518042be4452,americanfootball_nfl,2023-09-25 00:20:00+00:00,Las Vegas Raiders,Pittsburgh Steelers,fanduel,FanDuel,2023-09-24T23:45:10Z,player_reception_yds,2023-09-24T23:41:36Z,Hunter Renfrow,16.5,-110.0,-110,2023,3,2023-09-24,LV,PIT,hunter renfrow,Hunter Renfrow,LV,WR,,,17.0,2.0,17.0,1,0,-3.0,3.0,43.5,True,False,-3.0,3.0,True,False,False,23.25
2023-09-24T23:50:00Z,2023-09-24T23:45:40Z,2023-09-24T23:40:40Z,2023-09-24T23:50:40Z,abf76aa8adc82854d703518042be4452,americanfootball_nfl,2023-09-25 00:20:00+00:00,Las Vegas Raiders,Pittsburgh Steelers,fanduel,FanDuel,2023-09-24T23:45:10Z,player_reception_yds,2023-09-24T23:41:36Z,Calvin Austin III,26.5,-110.0,-110,2023,3,2023-09-24,LV,PIT,calvin austin,Calvin Austin III,PIT,WR,,,72.0,2.0,72.0,1,0,-3.0,3.0,43.5,False,True,3.0,-3.0,False,True,False,20.25
2023-09-24T23:50:00Z,2023-09-24T23:45:40Z,2023-09-24T23:40:40Z,2023-09-24T23:50:40Z,abf76aa8adc82854d703518042be4452,americanfootball_nfl,2023-09-25 00:20:00+00:00,Las Vegas Raiders,Pittsburgh Steelers,fanduel,FanDuel,2023-09-24T23:45:10Z,player_reception_yds,2023-09-24T23:41:36Z,Jakobi Meyers,56.5,-110.0,-110,2023,3,2023-09-24,LV,PIT,jakobi meyers,Jakobi Meyers,LV,WR,,,85.0,7.0,85.0,1,0,-3.0,3.0,43.5,True,False,-3.0,3.0,True,False,False,23.25
2023-09-24T23:50:00Z,2023-09-24T23:45:40Z,2023-09-24T23:40:40Z,2023-09-24T23:50:40Z,abf76aa8adc82854d703518042be4452,americanfootball_nfl,2023-09-25 00:20:00+00:00,Las Vegas Raiders,Pittsburgh Steelers,fanduel,FanDuel,2023-09-24T23:45:10Z,player_reception_yds,2023-09-24T23:41:36Z,George Pickens,53.5,-110.0,-110,2023,3,2023-09-24,LV,PIT,george pickens,George Pickens,PIT,WR,,,75.0,4.0,75.0,1,0,-3.0,3.0,43.5,False,True,3.0,-3.0,False,True,False,20.25
2023-09-24T23:50:00Z,2023-09-24T23:45:40Z,2023-09-24T23:40:40Z,2023-09-24T23:50:40Z,abf76aa8adc82854d703518042be4452,americanfootball_nfl,2023-09-25 00:20:00+00:00,Las Vegas Raiders,Pittsburgh Steelers,fanduel,FanDuel,2023-09-24T23:45:10Z,player_reception_yds,2023-09-24T23:41:36Z,Davante Adams,76.5,-110.0,-110,2023,3,2023-09-24,LV,PIT,davante adams,Davante Adams,LV,WR,,,172.0,13.0,172.0,1,0,-3.0,3.0,43.5,True,False,-3.0,3.0,True,False,False,23.25
2023-09-24T23:50:00Z,2023-09-24T23:45:40Z,2023-09-24T23:40:40Z,2023-09-24T23:50:40Z,abf76aa8adc82854d703518042be4452,americanfootball_nfl,2023-09-25 00:20:00+00:00,Las Vegas Raiders,Pittsburgh Steelers,fanduel,FanDuel,2023-09-24T23:45:10Z,player_reception_yds,2023-09-24T23:41:36Z,Najee Harris,9.5,100.0,-122,2023,3,2023-09-24,LV,PIT,najee harris,Najee Harris,PIT,HB,,65.0,,,0.0,0,0,-3.0,3.0,43.5,False,True,3.0,-3.0,False,True,False,20.25
2023-09-24T23:50:00Z,2023-09-24T23:45:40Z,2023-09-24T23:40:40Z,2023-09-24T23:50:40Z,abf76aa8adc82854d703518042be4452,americanfootball_nfl,2023-09-25 00:20:00+00:00,Las Vegas Raiders,Pittsburgh Steelers,fanduel,FanDuel,2023-09-24T23:45:10Z,player_reception_yds,2023-09-24T23:41:36Z,Pat Freiermuth,31.5,-110.0,-110,2023,3,2023-09-24,LV,PIT,pat freiermuth,Pat Freiermuth,PIT,TE,,,41.0,3.0,41.0,1,0,-3.0,3.0,43.5,False,True,3.0,-3.0,False,True,False,20.25
2023-09-24T23:50:00Z,2023-09-24T23:45:40Z,2023-09-24T23:40:40Z,2023-09-24T23:50:40Z,abf76aa8adc82854d703518042be4452,americanfootball_nfl,2023-09-25 00:20:00+00:00,Las Vegas Raiders,Pittsburgh Steelers,fanduel,FanDuel,2023-09-24T23:45:10Z,player_reception_yds,2023-09-24T23:41:36Z,Allen Robinson II,32.5,-110.0,-110,2023,3,2023-09-24,LV,PIT,allen robinson,Allen Robinson II,PIT,WR,,,24.0,4.0,24.0,0,0,-3.0,3.0,43.5,False,True,3.0,-3.0,False,True,False,20.25
2023-09-24T23:50:00Z,2023-09-24T23:45:40Z,2023-09-24T23:40:40Z,2023-09-24T23:50:40Z,abf76aa8adc82854d703518042be4452,americanfootball_nfl,2023-09-25 00:20:00+00:00,Las Vegas Raiders,Pittsburgh Steelers,fanduel,FanDuel,2023-09-24T23:45:10Z,player_reception_yds,2023-09-24T23:41:36Z,Austin Hooper,17.5,-110.0,-110,2023,3,2023-09-24,LV,PIT,austin hooper,,,,,,,,0.0,0,0,-3.0,3.0,43.5,False,False,,,False,False,False,
2023-09-25T22:45:00Z,2023-09-25T22:40:43Z,2023-09-25T22:35:42Z,2023-09-25T22:45:41Z,1e006c91ca2e69c339ed517495a2f428,americanfootball_nfl,2023-09-25 23:15:00+00:00,Tampa Bay Buccaneers,Philadelphia Eagles,fanduel,FanDuel,2023-09-25T22:40:28Z,player_reception_yds,2023-09-25T22:37:36Z,Trey Palmer,17.5,-110.0,-110,2023,3,2023-09-25,TB,PHI,trey palmer,Trey Palmer,TB,WR,,,8.0,1.0,8.0,0,0,6.0,-6.0,44.0,True,False,6.0,-6.0,False,True,False,19.0
2023-09-25T22:45:00Z,2023-09-25T22:40:43Z,2023-09-25T22:35:42Z,2023-09-25T22:45:41Z,1e006c91ca2e69c339ed517495a2f428,americanfootball_nfl,2023-09-25 23:15:00+00:00,Tampa Bay Buccaneers,Philadelphia Eagles,fanduel,FanDuel,2023-09-25T22:40:28Z,player_reception_yds,2023-09-25T22:37:36Z,Rachaad White,16.5,-110.0,-110,2023,3,2023-09-25,TB,PHI,rachaad white,Rachaad White,TB,HB,,38.0,24.0,3.0,24.0,1,0,6.0,-6.0,44.0,True,False,6.0,-6.0,False,True,False,19.0
2023-09-25T22:45:00Z,2023-09-25T22:40:43Z,2023-09-25T22:35:42Z,2023-09-25T22:45:41Z,1e006c91ca2e69c339ed517495a2f428,americanfootball_nfl,2023-09-25 23:15:00+00:00,Tampa Bay Buccaneers,Philadelphia Eagles,fanduel,FanDuel,2023-09-25T22:40:28Z,player_reception_yds,2023-09-25T22:37:36Z,Mike Evans,59.5,-110.0,-110,2023,3,2023-09-25,TB,PHI,mike evans,Mike Evans,TB,WR,,,60.0,5.0,60.0,1,0,6.0,-6.0,44.0,True,False,6.0,-6.0,False,True,False,19.0
2023-09-25T22:45:00Z,2023-09-25T22:40:43Z,2023-09-25T22:35:42Z,2023-09-25T22:45:41Z,1e006c91ca2e69c339ed517495a2f428,americanfootball_nfl,2023-09-25 23:15:00+00:00,Tampa Bay Buccaneers,Philadelphia Eagles,fanduel,FanDuel,2023-09-25T22:40:28Z,player_reception_yds,2023-09-25T22:37:36Z,Cade Otton,27.5,-110.0,-110,2023,3,2023-09-25,TB,PHI,cade otton,Cade Otton,TB,TE,,,16.0,1.0,16.0,0,0,6.0,-6.0,44.0,True,False,6.0,-6.0,False,True,False,19.0
2023-09-25T22:45:00Z,2023-09-25T22:40:43Z,2023-09-25T22:35:42Z,2023-09-25T22:45:41Z,1e006c91ca2e69c339ed517495a2f428,americanfootball_nfl,2023-09-25 23:15:00+00:00,Tampa Bay Buccaneers,Philadelphia Eagles,fanduel,FanDuel,2023-09-25T22:40:28Z,player_reception_yds,2023-09-25T22:37:36Z,Dallas Goedert,38.5,-110.0,-110,2023,3,2023-09-25,TB,PHI,dallas goedert,Dallas Goedert,PHI,TE,,,41.0,5.0,41.0,1,0,6.0,-6.0,44.0,False,True,-6.0,6.0,True,False,False,25.0
2023-09-25T22:45:00Z,2023-09-25T22:40:43Z,2023-09-25T22:35:42Z,2023-09-25T22:45:41Z,1e006c91ca2e69c339ed517495a2f428,americanfootball_nfl,2023-09-25 23:15:00+00:00,Tampa Bay Buccaneers,Philadelphia Eagles,fanduel,FanDuel,2023-09-25T22:40:28Z,player_reception_yds,2023-09-25T22:37:36Z,Chris Godwin,54.5,-110.0,-110,2023,3,2023-09-25,TB,PHI,chris godwin,Chris Godwin,TB,WR,,,32.0,3.0,32.0,0,0,6.0,-6.0,44.0,True,False,6.0,-6.0,False,True,False,19.0
2023-09-25T22:45:00Z,2023-09-25T22:40:43Z,2023-09-25T22:35:42Z,2023-09-25T22:45:41Z,1e006c91ca2e69c339ed517495a2f428,americanfootball_nfl,2023-09-25 23:15:00+00:00,Tampa Bay Buccaneers,Philadelphia Eagles,fanduel,FanDuel,2023-09-25T22:40:28Z,player_reception_yds,2023-09-25T22:37:36Z,A.J. Brown,73.5,-110.0,-110,2023,3,2023-09-25,TB,PHI,aj brown,A.J. Brown,PHI,WR,,,131.0,9.0,131.0,1,0,6.0,-6.0,44.0,False,True,-6.0,6.0,True,False,False,25.0
2023-09-25T22:45:00Z,2023-09-25T22:40:43Z,2023-09-25T22:35:42Z,2023-09-25T22:45:41Z,1e006c91ca2e69c339ed517495a2f428,americanfootball_nfl,2023-09-25 23:15:00+00:00,Tampa Bay Buccaneers,Philadelphia Eagles,fanduel,FanDuel,2023-09-25T22:40:28Z,player_reception_yds,2023-09-25T22:37:36Z,D'Andre Swift,10.5,-110.0,-110,2023,3,2023-09-25,TB,PHI,dandre swift,D'Andre Swift,PHI,HB,,130.0,8.0,1.0,8.0,0,0,6.0,-6.0,44.0,False,True,-6.0,6.0,True,False,False,25.0
2023-09-25T22:45:00Z,2023-09-25T22:40:43Z,2023-09-25T22:35:42Z,2023-09-25T22:45:41Z,1e006c91ca2e69c339ed517495a2f428,americanfootball_nfl,2023-09-25 23:15:00+00:00,Tampa Bay Buccaneers,Philadelphia Eagles,fanduel,FanDuel,2023-09-25T22:40:28Z,player_reception_yds,2023-09-25T22:37:36Z,Olamide Zaccheaus,13.5,-110.0,-110,2023,3,2023-09-25,TB,PHI,olamide zaccheaus,Olamide Zaccheaus,PHI,WR,,,58.0,2.0,58.0,1,0,6.0,-6.0,44.0,False,True,-6.0,6.0,True,False,False,25.0
2023-09-25T22:45:00Z,2023-09-25T22:40:43Z,2023-09-25T22:35:42Z,2023-09-25T22:45:41Z,1e006c91ca2e69c339ed517495a2f428,americanfootball_nfl,2023-09-25 23:15:00+00:00,Tampa Bay Buccaneers,Philadelphia Eagles,fanduel,FanDuel,2023-09-25T22:40:28Z,player_reception_yds,2023-09-25T22:37:36Z,DeVonta Smith,61.5,-110.0,-110,2023,3,2023-09-25,TB,PHI,devonta smith,DeVonta Smith,PHI,WR,,,28.0,4.0,28.0,0,0,6.0,-6.0,44.0,False,True,-6.0,6.0,True,False,False,25.0
2023-09-25T23:45:00Z,2023-09-25T23:40:42Z,2023-09-25T23:35:42Z,2023-09-25T23:45:42Z,8251607b68015d2972e7f4b773149cb2,americanfootball_nfl,2023-09-26 00:15:00+00:00,Cincinnati Bengals,Los Angeles Rams,fanduel,FanDuel,2023-09-25T23:40:21Z,player_reception_yds,2023-09-25T23:36:20Z,Kyren Williams,22.5,-110.0,-110,2023,3,2023-09-25,CIN,LAR,kyren williams,Kyren Williams,LAR,HB,,38.0,27.0,2.0,27.0,1,0,-3.0,3.0,45.5,False,True,3.0,-3.0,False,True,False,21.25
2023-09-25T23:45:00Z,2023-09-25T23:40:42Z,2023-09-25T23:35:42Z,2023-09-25T23:45:42Z,8251607b68015d2972e7f4b773149cb2,americanfootball_nfl,2023-09-26 00:15:00+00:00,Cincinnati Bengals,Los Angeles Rams,fanduel,FanDuel,2023-09-25T23:40:21Z,player_reception_yds,2023-09-25T23:36:20Z,Joe Mixon,25.5,-110.0,-110,2023,3,2023-09-25,CIN,LAR,joe mixon,Joe Mixon,CIN,HB,,65.0,5.0,1.0,5.0,0,0,-3.0,3.0,45.5,True,False,-3.0,3.0,True,False,False,24.25
2023-09-25T23:45:00Z,2023-09-25T23:40:42Z,2023-09-25T23:35:42Z,2023-09-25T23:45:42Z,8251607b68015d2972e7f4b773149cb2,americanfootball_nfl,2023-09-26 00:15:00+00:00,Cincinnati Bengals,Los Angeles Rams,fanduel,FanDuel,2023-09-25T23:40:21Z,player_reception_yds,2023-09-25T23:36:20Z,Puka Nacua,70.5,-110.0,-110,2023,3,2023-09-25,CIN,LAR,puka nacua,Puka Nacua,LAR,WR,,,72.0,5.0,72.0,1,0,-3.0,3.0,45.5,False,True,3.0,-3.0,False,True,False,21.25
2023-09-25T23:45:00Z,2023-09-25T23:40:42Z,2023-09-25T23:35:42Z,2023-09-25T23:45:42Z,8251607b68015d2972e7f4b773149cb2,americanfootball_nfl,2023-09-26 00:15:00+00:00,Cincinnati Bengals,Los Angeles Rams,fanduel,FanDuel,2023-09-25T23:40:21Z,player_reception_yds,2023-09-25T23:36:20Z,Ja'Marr Chase,73.5,-110.0,-110,2023,3,2023-09-25,CIN,LAR,jamarr chase,Ja'Marr Chase,CIN,WR,,,141.0,12.0,141.0,1,0,-3.0,3.0,45.5,True,False,-3.0,3.0,True,False,False,24.25
2023-09-25T23:45:00Z,2023-09-25T23:40:42Z,2023-09-25T23:35:42Z,2023-09-25T23:45:42Z,8251607b68015d2972e7f4b773149cb2,americanfootball_nfl,2023-09-26 00:15:00+00:00,Cincinnati Bengals,Los Angeles Rams,fanduel,FanDuel,2023-09-25T23:40:21Z,player_reception_yds,2023-09-25T23:36:20Z,Tutu Atwell,54.5,-110.0,-110,2023,3,2023-09-25,CIN,LAR,tutu atwell,Tutu Atwell,LAR,WR,,22.0,50.0,4.0,50.0,0,0,-3.0,3.0,45.5,False,True,3.0,-3.0,False,True,False,21.25
2023-09-25T23:45:00Z,2023-09-25T23:40:42Z,2023-09-25T23:35:42Z,2023-09-25T23:45:42Z,8251607b68015d2972e7f4b773149cb2,americanfootball_nfl,2023-09-26 00:15:00+00:00,Cincinnati Bengals,Los Angeles Rams,fanduel,FanDuel,2023-09-25T23:40:21Z,player_reception_yds,2023-09-25T23:36:20Z,Tyler Higbee,31.5,-110.0,-110,2023,3,2023-09-25,CIN,LAR,tyler higbee,Tyler Higbee,LAR,TE,,,71.0,5.0,71.0,1,0,-3.0,3.0,45.5,False,True,3.0,-3.0,False,True,False,21.25
2023-09-25T23:45:00Z,2023-09-25T23:40:42Z,2023-09-25T23:35:42Z,2023-09-25T23:45:42Z,8251607b68015d2972e7f4b773149cb2,americanfootball_nfl,2023-09-26 00:15:00+00:00,Cincinnati Bengals,Los Angeles Rams,fanduel,FanDuel,2023-09-25T23:40:21Z,player_reception_yds,2023-09-25T23:36:20Z,Van Jefferson,33.5,-110.0,-110,2023,3,2023-09-25,CIN,LAR,van jefferson,Van Jefferson,LAR,WR,,4.0,46.0,1.0,46.0,1,0,-3.0,3.0,45.5,False,True,3.0,-3.0,False,True,False,21.25
2023-09-25T23:45:00Z,2023-09-25T23:40:42Z,2023-09-25T23:35:42Z,2023-09-25T23:45:42Z,8251607b68015d2972e7f4b773149cb2,americanfootball_nfl,2023-09-26 00:15:00+00:00,Cincinnati Bengals,Los Angeles Rams,fanduel,FanDuel,2023-09-25T23:40:21Z,player_reception_yds,2023-09-25T23:36:20Z,Tee Higgins,62.5,-110.0,-110,2023,3,2023-09-25,CIN,LAR,tee higgins,Tee Higgins,CIN,WR,,,21.0,2.0,21.0,0,0,-3.0,3.0,45.5,True,False,-3.0,3.0,True,False,False,24.25
2023-09-25T23:45:00Z,2023-09-25T23:40:42Z,2023-09-25T23:35:42Z,2023-09-25T23:45:42Z,8251607b68015d2972e7f4b773149cb2,americanfootball_nfl,2023-09-26 00:15:00+00:00,Cincinnati Bengals,Los Angeles Rams,fanduel,FanDuel,2023-09-25T23:40:21Z,player_reception_yds,2023-09-25T23:36:20Z,Tyler Boyd,33.5,-110.0,-110,2023,3,2023-09-25,CIN,LAR,tyler boyd,Tyler Boyd,CIN,WR,,,39.0,5.0,39.0,1,0,-3.0,3.0,45.5,True,False,-3.0,3.0,True,False,False,24.25
2023-09-25T23:45:00Z,2023-09-25T23:40:42Z,2023-09-25T23:35:42Z,2023-09-25T23:45:42Z,8251607b68015d2972e7f4b773149cb2,americanfootball_nfl,2023-09-26 00:15:00+00:00,Cincinnati Bengals,Los Angeles Rams,fanduel,FanDuel,2023-09-25T23:40:21Z,player_reception_yds,2023-09-25T23:36:20Z,Drew Sample,12.5,-110.0,-110,2023,3,2023-09-25,CIN,LAR,drew sample,Drew Sample,CIN,TE,,,7.0,1.0,7.0,0,0,-3.0,3.0,45.5,True,False,-3.0,3.0,True,False,False,24.25
2023-10-01T13:00:00Z,2023-10-01T12:55:41Z,2023-10-01T12:50:40Z,2023-10-01T13:00:40Z,679ec2fdc4a6bc423cdc77759cc226b7,americanfootball_nfl,2023-10-01 13:33:00+00:00,Jacksonville Jaguars,Atlanta Falcons,fanduel,FanDuel,2023-10-01T12:55:05Z,player_reception_yds,2023-10-01T12:53:11Z,Bijan Robinson,25.5,-110.0,-110,2023,4,2023-10-01,JAX,ATL,bijan robinson,Bijan Robinson,ATL,HB,,105.0,32.0,5.0,32.0,1,0,-3.5,3.5,42.5,False,True,3.5,-3.5,False,True,False,19.5
2023-10-01T13:00:00Z,2023-10-01T12:55:41Z,2023-10-01T12:50:40Z,2023-10-01T13:00:40Z,679ec2fdc4a6bc423cdc77759cc226b7,americanfootball_nfl,2023-10-01 13:33:00+00:00,Jacksonville Jaguars,Atlanta Falcons,fanduel,FanDuel,2023-10-01T12:55:05Z,player_reception_yds,2023-10-01T12:53:11Z,Kyle Pitts,33.5,-110.0,-110,2023,4,2023-10-01,JAX,ATL,kyle pitts,Kyle Pitts,ATL,TE,,,21.0,2.0,21.0,0,0,-3.5,3.5,42.5,False,True,3.5,-3.5,False,True,False,19.5
2023-10-01T13:00:00Z,2023-10-01T12:55:41Z,2023-10-01T12:50:40Z,2023-10-01T13:00:40Z,679ec2fdc4a6bc423cdc77759cc226b7,americanfootball_nfl,2023-10-01 13:33:00+00:00,Jacksonville Jaguars,Atlanta Falcons,fanduel,FanDuel,2023-10-01T12:55:05Z,player_reception_yds,2023-10-01T12:53:11Z,Christian Kirk,52.5,-110.0,-110,2023,4,2023-10-01,JAX,ATL,christian kirk,Christian Kirk,JAX,WR,,,84.0,8.0,84.0,1,0,-3.5,3.5,42.5,True,False,-3.5,3.5,True,False,False,23.0
2023-10-01T13:00:00Z,2023-10-01T12:55:41Z,2023-10-01T12:50:40Z,2023-10-01T13:00:40Z,679ec2fdc4a6bc423cdc77759cc226b7,americanfootball_nfl,2023-10-01 13:33:00+00:00,Jacksonville Jaguars,Atlanta Falcons,fanduel,FanDuel,2023-10-01T12:55:05Z,player_reception_yds,2023-10-01T12:53:11Z,Travis Etienne,18.5,-110.0,-110,2023,4,2023-10-01,JAX,ATL,travis etienne,Travis Etienne Jr.,JAX,HB,,55.0,17.0,3.0,17.0,0,0,-3.5,3.5,42.5,True,False,-3.5,3.5,True,False,False,23.0
2023-10-01T13:00:00Z,2023-10-01T12:55:41Z,2023-10-01T12:50:40Z,2023-10-01T13:00:40Z,679ec2fdc4a6bc423cdc77759cc226b7,americanfootball_nfl,2023-10-01 13:33:00+00:00,Jacksonville Jaguars,Atlanta Falcons,fanduel,FanDuel,2023-10-01T12:55:05Z,player_reception_yds,2023-10-01T12:53:11Z,Drake London,40.5,-110.0,-110,2023,4,2023-10-01,JAX,ATL,drake london,Drake London,ATL,WR,,,28.0,3.0,28.0,0,0,-3.5,3.5,42.5,False,True,3.5,-3.5,False,True,False,19.5
2023-10-01T13:00:00Z,2023-10-01T12:55:41Z,2023-10-01T12:50:40Z,2023-10-01T13:00:40Z,679ec2fdc4a6bc423cdc77759cc226b7,americanfootball_nfl,2023-10-01 13:33:00+00:00,Jacksonville Jaguars,Atlanta Falcons,fanduel,FanDuel,2023-10-01T12:55:05Z,player_reception_yds,2023-10-01T12:53:11Z,Mack Hollins,25.5,-110.0,-110,2023,4,2023-10-01,JAX,ATL,mack hollins,Mack Hollins,ATL,WR,,,0.0,0.0,0.0,0,0,-3.5,3.5,42.5,False,True,3.5,-3.5,False,True,False,19.5
2023-10-01T13:00:00Z,2023-10-01T12:55:41Z,2023-10-01T12:50:40Z,2023-10-01T13:00:40Z,679ec2fdc4a6bc423cdc77759cc226b7,americanfootball_nfl,2023-10-01 13:33:00+00:00,Jacksonville Jaguars,Atlanta Falcons,fanduel,FanDuel,2023-10-01T12:55:05Z,player_reception_yds,2023-10-01T12:53:11Z,Calvin Ridley,66.5,-110.0,-110,2023,4,2023-10-01,JAX,ATL,calvin ridley,Calvin Ridley,JAX,WR,,,38.0,2.0,38.0,0,0,-3.5,3.5,42.5,True,False,-3.5,3.5,True,False,False,23.0
2023-10-01T13:00:00Z,2023-10-01T12:55:41Z,2023-10-01T12:50:40Z,2023-10-01T13:00:40Z,679ec2fdc4a6bc423cdc77759cc226b7,americanfootball_nfl,2023-10-01 13:33:00+00:00,Jacksonville Jaguars,Atlanta Falcons,fanduel,FanDuel,2023-10-01T12:55:05Z,player_reception_yds,2023-10-01T12:53:11Z,Evan Engram,46.5,-110.0,-110,2023,4,2023-10-01,JAX,ATL,evan engram,Evan Engram,JAX,TE,,,59.0,7.0,59.0,1,0,-3.5,3.5,42.5,True,False,-3.5,3.5,True,False,False,23.0
2023-10-08T13:00:00Z,2023-10-08T12:55:39Z,2023-10-08T12:50:39Z,2023-10-08T13:00:40Z,fdb93b64c39ea4a4312ffe74788b551b,americanfootball_nfl,2023-10-08 13:33:00+00:00,Buffalo Bills,Jacksonville Jaguars,fanduel,FanDuel,2023-10-08T12:54:53Z,player_reception_yds,2023-10-08T12:56:02Z,James Cook,15.5,-115.0,-105,2023,5,2023-10-08,BUF,JAX,james cook,James Cook,BUF,HB,,-4.0,25.0,3.0,25.0,1,0,-5.5,5.5,48.5,True,False,-5.5,5.5,True,False,False,27.0
2023-10-08T13:00:00Z,2023-10-08T12:55:39Z,2023-10-08T12:50:39Z,2023-10-08T13:00:40Z,fdb93b64c39ea4a4312ffe74788b551b,americanfootball_nfl,2023-10-08 13:33:00+00:00,Buffalo Bills,Jacksonville Jaguars,fanduel,FanDuel,2023-10-08T12:54:53Z,player_reception_yds,2023-10-08T12:56:02Z,Christian Kirk,56.5,-110.0,-110,2023,5,2023-10-08,BUF,JAX,christian kirk,Christian Kirk,JAX,WR,,6.0,78.0,6.0,78.0,1,0,-5.5,5.5,48.5,False,True,5.5,-5.5,False,True,False,21.5
2023-10-08T13:00:00Z,2023-10-08T12:55:39Z,2023-10-08T12:50:39Z,2023-10-08T13:00:40Z,fdb93b64c39ea4a4312ffe74788b551b,americanfootball_nfl,2023-10-08 13:33:00+00:00,Buffalo Bills,Jacksonville Jaguars,fanduel,FanDuel,2023-10-08T12:54:53Z,player_reception_yds,2023-10-08T12:56:02Z,Calvin Ridley,53.5,-110.0,-110,2023,5,2023-10-08,BUF,JAX,calvin ridley,Calvin Ridley,JAX,WR,,14.0,122.0,7.0,122.0,1,0,-5.5,5.5,48.5,False,True,5.5,-5.5,False,True,False,21.5
2023-10-08T13:00:00Z,2023-10-08T12:55:39Z,2023-10-08T12:50:39Z,2023-10-08T13:00:40Z,fdb93b64c39ea4a4312ffe74788b551b,americanfootball_nfl,2023-10-08 13:33:00+00:00,Buffalo Bills,Jacksonville Jaguars,fanduel,FanDuel,2023-10-08T12:54:53Z,player_reception_yds,2023-10-08T12:56:02Z,Gabriel Davis,38.5,-110.0,-110,2023,5,2023-10-08,BUF,JAX,gabriel davis,,,,,,,,0.0,0,0,-5.5,5.5,48.5,False,False,,,False,False,False,
2023-10-08T13:00:00Z,2023-10-08T12:55:39Z,2023-10-08T12:50:39Z,2023-10-08T13:00:40Z,fdb93b64c39ea4a4312ffe74788b551b,americanfootball_nfl,2023-10-08 13:33:00+00:00,Buffalo Bills,Jacksonville Jaguars,fanduel,FanDuel,2023-10-08T12:54:53Z,player_reception_yds,2023-10-08T12:56:02Z,Stefon Diggs,82.5,-110.0,-110,2023,5,2023-10-08,BUF,JAX,stefon diggs,Stefon Diggs,BUF,WR,,,121.0,8.0,121.0,1,0,-5.5,5.5,48.5,True,False,-5.5,5.5,True,False,False,27.0
2023-10-08T13:00:00Z,2023-10-08T12:55:39Z,2023-10-08T12:50:39Z,2023-10-08T13:00:40Z,fdb93b64c39ea4a4312ffe74788b551b,americanfootball_nfl,2023-10-08 13:33:00+00:00,Buffalo Bills,Jacksonville Jaguars,fanduel,FanDuel,2023-10-08T12:54:53Z,player_reception_yds,2023-10-08T12:56:02Z,Travis Etienne,19.5,-105.0,-115,2023,5,2023-10-08,BUF,JAX,travis etienne,Travis Etienne Jr.,JAX,HB,,136.0,48.0,4.0,48.0,1,0,-5.5,5.5,48.5,False,True,5.5,-5.5,False,True,False,21.5
2023-10-08T13:00:00Z,2023-10-08T12:55:39Z,2023-10-08T12:50:39Z,2023-10-08T13:00:40Z,fdb93b64c39ea4a4312ffe74788b551b,americanfootball_nfl,2023-10-08 13:33:00+00:00,Buffalo Bills,Jacksonville Jaguars,fanduel,FanDuel,2023-10-08T12:54:53Z,player_reception_yds,2023-10-08T12:56:02Z,Trent Sherfield,12.5,-110.0,-110,2023,5,2023-10-08,BUF,JAX,trent sherfield,Trent Sherfield,BUF,WR,,,3.0,1.0,3.0,0,0,-5.5,5.5,48.5,True,False,-5.5,5.5,True,False,False,27.0
2023-10-08T13:00:00Z,2023-10-08T12:55:39Z,2023-10-08T12:50:39Z,2023-10-08T13:00:40Z,fdb93b64c39ea4a4312ffe74788b551b,americanfootball_nfl,2023-10-08 13:33:00+00:00,Buffalo Bills,Jacksonville Jaguars,fanduel,FanDuel,2023-10-08T12:54:53Z,player_reception_yds,2023-10-08T12:56:02Z,Dawson Knox,18.5,-110.0,-110,2023,5,2023-10-08,BUF,JAX,dawson knox,Dawson Knox,BUF,TE,,,17.0,3.0,17.0,0,0,-5.5,5.5,48.5,True,False,-5.5,5.5,True,False,False,27.0
2023-10-08T13:00:00Z,2023-10-08T12:55:39Z,2023-10-08T12:50:39Z,2023-10-08T13:00:40Z,fdb93b64c39ea4a4312ffe74788b551b,americanfootball_nfl,2023-10-08 13:33:00+00:00,Buffalo Bills,Jacksonville Jaguars,fanduel,FanDuel,2023-10-08T12:54:53Z,player_reception_yds,2023-10-08T12:56:02Z,Deonte Harty,13.5,-110.0,-110,2023,5,2023-10-08,BUF,JAX,deonte harty,Deonte Harty,BUF,WR,,,62.0,2.0,62.0,1,0,-5.5,5.5,48.5,True,False,-5.5,5.5,True,False,False,27.0
2023-10-08T13:00:00Z,2023-10-08T12:55:39Z,2023-10-08T12:50:39Z,2023-10-08T13:00:40Z,fdb93b64c39ea4a4312ffe74788b551b,americanfootball_nfl,2023-10-08 13:33:00+00:00,Buffalo Bills,Jacksonville Jaguars,fanduel,FanDuel,2023-10-08T12:54:53Z,player_reception_yds,2023-10-08T12:56:02Z,Evan Engram,42.5,-110.0,-110,2023,5,2023-10-08,BUF,JAX,evan engram,Evan Engram,JAX,TE,,,28.0,4.0,28.0,0,0,-5.5,5.5,48.5,False,True,5.5,-5.5,False,True,False,21.5
2023-10-08T13:00:00Z,2023-10-08T12:55:39Z,2023-10-08T12:50:39Z,2023-10-08T13:00:40Z,fdb93b64c39ea4a4312ffe74788b551b,americanfootball_nfl,2023-10-08 13:33:00+00:00,Buffalo Bills,Jacksonville Jaguars,fanduel,FanDuel,2023-10-08T12:54:53Z,player_reception_yds,2023-10-08T12:56:02Z,Dalton Kincaid,27.5,-110.0,-110,2023,5,2023-10-08,BUF,JAX,dalton kincaid,Dalton Kincaid,BUF,TE,,,19.0,2.0,19.0,0,0,-5.5,5.5,48.5,True,False,-5.5,5.5,True,False,False,27.0
2023-10-15T13:00:00Z,2023-10-15T12:55:41Z,2023-10-15T12:50:40Z,2023-10-15T13:00:41Z,0cd8d5597260f1a2c9692f4c54ffb91f,americanfootball_nfl,2023-10-15 13:33:00+00:00,Tennessee Titans,Baltimore Ravens,fanduel,FanDuel,2023-10-15T12:54:58Z,player_reception_yds,2023-10-15T12:53:06Z,Zay Flowers,57.5,-110.0,-110,2023,6,2023-10-15,TEN,BAL,zay flowers,Zay Flowers,BAL,WR,,1.0,50.0,6.0,50.0,0,0,5.5,-5.5,42.5,False,True,-5.5,5.5,True,False,False,24.0
2023-10-15T13:00:00Z,2023-10-15T12:55:41Z,2023-10-15T12:50:40Z,2023-10-15T13:00:41Z,0cd8d5597260f1a2c9692f4c54ffb91f,americanfootball_nfl,2023-10-15 13:33:00+00:00,Tennessee Titans,Baltimore Ravens,fanduel,FanDuel,2023-10-15T12:54:58Z,player_reception_yds,2023-10-15T12:53:06Z,Rashod Bateman,14.5,-110.0,-110,2023,6,2023-10-15,TEN,BAL,rashod bateman,Rashod Bateman,BAL,WR,,,15.0,2.0,15.0,1,0,5.5,-5.5,42.5,False,True,-5.5,5.5,True,False,False,24.0
2023-10-15T13:00:00Z,2023-10-15T12:55:41Z,2023-10-15T12:50:40Z,2023-10-15T13:00:41Z,0cd8d5597260f1a2c9692f4c54ffb91f,americanfootball_nfl,2023-10-15 13:33:00+00:00,Tennessee Titans,Baltimore Ravens,fanduel,FanDuel,2023-10-15T12:54:58Z,player_reception_yds,2023-10-15T12:53:06Z,Justice Hill,8.5,-110.0,-110,2023,6,2023-10-15,TEN,BAL,justice hill,Justice Hill,BAL,HB,,35.0,0.0,3.0,0.0,0,0,5.5,-5.5,42.5,False,True,-5.5,5.5,True,False,False,24.0
2023-10-15T13:00:00Z,2023-10-15T12:55:41Z,2023-10-15T12:50:40Z,2023-10-15T13:00:41Z,0cd8d5597260f1a2c9692f4c54ffb91f,americanfootball_nfl,2023-10-15 13:33:00+00:00,Tennessee Titans,Baltimore Ravens,fanduel,FanDuel,2023-10-15T12:54:58Z,player_reception_yds,2023-10-15T12:53:06Z,Nick Westbrook-Ikhine,24.5,-110.0,-110,2023,6,2023-10-15,TEN,BAL,nick westbrook ikhine,Nick Westbrook-Ikhine,TEN,WR,,,25.0,3.0,25.0,1,0,5.5,-5.5,42.5,True,False,5.5,-5.5,False,True,False,18.5
2023-10-15T13:00:00Z,2023-10-15T12:55:41Z,2023-10-15T12:50:40Z,2023-10-15T13:00:41Z,0cd8d5597260f1a2c9692f4c54ffb91f,americanfootball_nfl,2023-10-15 13:33:00+00:00,Tennessee Titans,Baltimore Ravens,fanduel,FanDuel,2023-10-15T12:54:58Z,player_reception_yds,2023-10-15T12:53:06Z,Chris Moore,17.5,-110.0,-110,2023,6,2023-10-15,TEN,BAL,chris moore,Chris Moore,TEN,WR,,,6.0,1.0,6.0,0,0,5.5,-5.5,42.5,True,False,5.5,-5.5,False,True,False,18.5
2023-10-15T13:00:00Z,2023-10-15T12:55:41Z,2023-10-15T12:50:40Z,2023-10-15T13:00:41Z,0cd8d5597260f1a2c9692f4c54ffb91f,americanfootball_nfl,2023-10-15 13:33:00+00:00,Tennessee Titans,Baltimore Ravens,fanduel,FanDuel,2023-10-15T12:54:58Z,player_reception_yds,2023-10-15T12:53:06Z,Mark Andrews,51.5,-110.0,-110,2023,6,2023-10-15,TEN,BAL,mark andrews,Mark Andrews,BAL,TE,,0.0,69.0,4.0,69.0,1,0,5.5,-5.5,42.5,False,True,-5.5,5.5,True,False,False,24.0
2023-10-15T13:00:00Z,2023-10-15T12:55:41Z,2023-10-15T12:50:40Z,2023-10-15T13:00:41Z,0cd8d5597260f1a2c9692f4c54ffb91f,americanfootball_nfl,2023-10-15 13:33:00+00:00,Tennessee Titans,Baltimore Ravens,fanduel,FanDuel,2023-10-15T12:54:58Z,player_reception_yds,2023-10-15T12:53:06Z,Odell Beckham Jr.,26.5,-110.0,-110,2023,6,2023-10-15,TEN,BAL,odell beckham,Odell Beckham Jr.,BAL,WR,,,34.0,2.0,34.0,1,0,5.5,-5.5,42.5,False,True,-5.5,5.5,True,False,False,24.0
2023-10-15T13:00:00Z,2023-10-15T12:55:41Z,2023-10-15T12:50:40Z,2023-10-15T13:00:41Z,0cd8d5597260f1a2c9692f4c54ffb91f,americanfootball_nfl,2023-10-15 13:33:00+00:00,Tennessee Titans,Baltimore Ravens,fanduel,FanDuel,2023-10-15T12:54:58Z,player_reception_yds,2023-10-15T12:53:06Z,Derrick Henry,9.5,-115.0,-105,2023,6,2023-10-15,TEN,BAL,derrick henry,Derrick Henry,TEN,HB,,97.0,16.0,2.0,16.0,1,0,5.5,-5.5,42.5,True,False,5.5,-5.5,False,True,False,18.5
2023-10-15T13:00:00Z,2023-10-15T12:55:41Z,2023-10-15T12:50:40Z,2023-10-15T13:00:41Z,0cd8d5597260f1a2c9692f4c54ffb91f,americanfootball_nfl,2023-10-15 13:33:00+00:00,Tennessee Titans,Baltimore Ravens,fanduel,FanDuel,2023-10-15T12:54:58Z,player_reception_yds,2023-10-15T12:53:06Z,Chigoziem Okonkwo,27.5,-110.0,-110,2023,6,2023-10-15,TEN,BAL,chigoziem okonkwo,Chigoziem Okonkwo,TEN,TE,,,18.0,2.0,18.0,0,0,5.5,-5.5,42.5,True,False,5.5,-5.5,False,True,False,18.5
2023-10-15T13:00:00Z,2023-10-15T12:55:41Z,2023-10-15T12:50:40Z,2023-10-15T13:00:41Z,0cd8d5597260f1a2c9692f4c54ffb91f,americanfootball_nfl,2023-10-15 13:33:00+00:00,Tennessee Titans,Baltimore Ravens,fanduel,FanDuel,2023-10-15T12:54:58Z,player_reception_yds,2023-10-15T12:53:06Z,DeAndre Hopkins,58.5,-110.0,-110,2023,6,2023-10-15,TEN,BAL,deandre hopkins,DeAndre Hopkins,TEN,WR,,,20.0,1.0,20.0,0,0,5.5,-5.5,42.5,True,False,5.5,-5.5,False,True,False,18.5
2023-10-15T13:00:00Z,2023-10-15T12:55:41Z,2023-10-15T12:50:40Z,2023-10-15T13:00:41Z,0cd8d5597260f1a2c9692f4c54ffb91f,americanfootball_nfl,2023-10-15 13:33:00+00:00,Tennessee Titans,Baltimore Ravens,fanduel,FanDuel,2023-10-15T12:54:58Z,player_reception_yds,2023-10-15T12:53:06Z,Tyjae Spears,16.5,-110.0,-110,2023,6,2023-10-15,TEN,BAL,tyjae spears,Tyjae Spears,TEN,HB,,15.0,48.0,1.0,48.0,1,0,5.5,-5.5,42.5,True,False,5.5,-5.5,False,True,False,18.5
2023-10-15T13:00:00Z,2023-10-15T12:55:41Z,2023-10-15T12:50:40Z,2023-10-15T13:00:41Z,0cd8d5597260f1a2c9692f4c54ffb91f,americanfootball_nfl,2023-10-15 13:33:00+00:00,Tennessee Titans,Baltimore Ravens,fanduel,FanDuel,2023-10-15T12:54:58Z,player_reception_yds,2023-10-15T12:53:06Z,Nelson Agholor,21.5,-110.0,-110,2023,6,2023-10-15,TEN,BAL,nelson agholor,Nelson Agholor,BAL,WR,,,40.0,2.0,40.0,1,0,5.5,-5.5,42.5,False,True,-5.5,5.5,True,False,False,24.0
2023-11-12T14:00:00Z,2023-11-12T13:55:40Z,2023-11-12T13:50:39Z,2023-11-12T14:00:39Z,b5b610ddb0ca0f0bc3d51e07ecc4c520,americanfootball_nfl,2023-11-12 14:33:00+00:00,New England Patriots,Indianapolis Colts,fanduel,FanDuel,2023-11-12T13:55:21Z,player_reception_yds,2023-11-12T13:55:39Z,Ezekiel Elliott,8.5,-110.0,-110,2023,10,2023-11-12,NE,IND,ezekiel elliott,Ezekiel Elliott,NE,HB,,54.0,34.0,2.0,34.0,1,0,1.0,-1.0,42.0,True,False,1.0,-1.0,False,True,False,20.5
2023-11-12T14:00:00Z,2023-11-12T13:55:40Z,2023-11-12T13:50:39Z,2023-11-12T14:00:39Z,b5b610ddb0ca0f0bc3d51e07ecc4c520,americanfootball_nfl,2023-11-12 14:33:00+00:00,New England Patriots,Indianapolis Colts,fanduel,FanDuel,2023-11-12T13:55:21Z,player_reception_yds,2023-11-12T13:55:39Z,Jonathan Taylor,21.5,-110.0,-110,2023,10,2023-11-12,NE,IND,jonathan taylor,Jonathan Taylor,IND,HB,,69.0,6.0,1.0,6.0,0,0,1.0,-1.0,42.0,False,True,-1.0,1.0,True,False,False,21.5
2023-11-12T14:00:00Z,2023-11-12T13:55:40Z,2023-11-12T13:50:39Z,2023-11-12T14:00:39Z,b5b610ddb0ca0f0bc3d51e07ecc4c520,americanfootball_nfl,2023-11-12 14:33:00+00:00,New England Patriots,Indianapolis Colts,fanduel,FanDuel,2023-11-12T13:55:21Z,player_reception_yds,2023-11-12T13:55:39Z,Michael Pittman Jr.,61.5,-110.0,-110,2023,10,2023-11-12,NE,IND,michael pittman,Michael Pittman Jr.,IND,WR,,,84.0,8.0,84.0,1,0,1.0,-1.0,42.0,False,True,-1.0,1.0,True,False,False,21.5
2023-11-12T14:00:00Z,2023-11-12T13:55:40Z,2023-11-12T13:50:39Z,2023-11-12T14:00:39Z,b5b610ddb0ca0f0bc3d51e07ecc4c520,americanfootball_nfl,2023-11-12 14:33:00+00:00,New England Patriots,Indianapolis Colts,fanduel,FanDuel,2023-11-12T13:55:21Z,player_reception_yds,2023-11-12T13:55:39Z,JuJu Smith-Schuster,23.5,-110.0,-110,2023,10,2023-11-12,NE,IND,juju smith schuster,JuJu Smith-Schuster,NE,WR,,,9.0,1.0,9.0,0,0,1.0,-1.0,42.0,True,False,1.0,-1.0,False,True,False,20.5
2023-11-12T14:00:00Z,2023-11-12T13:55:40Z,2023-11-12T13:50:39Z,2023-11-12T14:00:39Z,b5b610ddb0ca0f0bc3d51e07ecc4c520,americanfootball_nfl,2023-11-12 14:33:00+00:00,New England Patriots,Indianapolis Colts,fanduel,FanDuel,2023-11-12T13:55:21Z,player_reception_yds,2023-11-12T13:55:39Z,Mike Gesicki,18.5,-110.0,-110,2023,10,2023-11-12,NE,IND,mike gesicki,Mike Gesicki,NE,TE,,,22.0,2.0,22.0,1,0,1.0,-1.0,42.0,True,False,1.0,-1.0,False,True,False,20.5
2023-11-12T14:00:00Z,2023-11-12T13:55:40Z,2023-11-12T13:50:39Z,2023-11-12T14:00:39Z,b5b610ddb0ca0f0bc3d51e07ecc4c520,americanfootball_nfl,2023-11-12 14:33:00+00:00,New England Patriots,Indianapolis Colts,fanduel,FanDuel,2023-11-12T13:55:21Z,player_reception_yds,2023-11-12T13:55:39Z,Alec Pierce,25.5,-110.0,-110,2023,10,2023-11-12,NE,IND,alec pierce,Alec Pierce,IND,WR,,,21.0,1.0,21.0,0,0,1.0,-1.0,42.0,False,True,-1.0,1.0,True,False,False,21.5
2023-11-12T14:00:00Z,2023-11-12T13:55:40Z,2023-11-12T13:50:39Z,2023-11-12T14:00:39Z,b5b610ddb0ca0f0bc3d51e07ecc4c520,americanfootball_nfl,2023-11-12 14:33:00+00:00,New England Patriots,Indianapolis Colts,fanduel,FanDuel,2023-11-12T13:55:21Z,player_reception_yds,2023-11-12T13:55:39Z,Rhamondre Stevenson,20.5,-110.0,-110,2023,10,2023-11-12,NE,IND,rhamondre stevenson,Rhamondre Stevenson,NE,HB,,88.0,14.0,3.0,14.0,0,0,1.0,-1.0,42.0,True,False,1.0,-1.0,False,True,False,20.5
2023-11-12T14:00:00Z,2023-11-12T13:55:40Z,2023-11-12T13:50:39Z,2023-11-12T14:00:39Z,b5b610ddb0ca0f0bc3d51e07ecc4c520,americanfootball_nfl,2023-11-12 14:33:00+00:00,New England Patriots,Indianapolis Colts,fanduel,FanDuel,2023-11-12T13:55:21Z,player_reception_yds,2023-11-12T13:55:39Z,Josh Downs,32.5,-110.0,-110,2023,10,2023-11-12,NE,IND,josh downs,Josh Downs,IND,WR,,,40.0,2.0,40.0,1,0,1.0,-1.0,42.0,False,True,-1.0,1.0,True,False,False,21.5
2023-11-12T14:00:00Z,2023-11-12T13:55:40Z,2023-11-12T13:50:39Z,2023-11-12T14:00:39Z,b5b610ddb0ca0f0bc3d51e07ecc4c520,americanfootball_nfl,2023-11-12 14:33:00+00:00,New England Patriots,Indianapolis Colts,fanduel,FanDuel,2023-11-12T13:55:21Z,player_reception_yds,2023-11-12T13:55:39Z,Hunter Henry,29.5,-110.0,-110,2023,10,2023-11-12,NE,IND,hunter henry,Hunter Henry,NE,TE,,,21.0,3.0,21.0,0,0,1.0,-1.0,42.0,True,False,1.0,-1.0,False,True,False,20.5
2023-11-12T14:00:00Z,2023-11-12T13:55:40Z,2023-11-12T13:50:39Z,2023-11-12T14:00:39Z,b5b610ddb0ca0f0bc3d51e07ecc4c520,americanfootball_nfl,2023-11-12 14:33:00+00:00,New England Patriots,Indianapolis Colts,fanduel,FanDuel,2023-11-12T13:55:21Z,player_reception_yds,2023-11-12T13:55:39Z,Kylen Granson,22.5,-110.0,-110,2023,10,2023-11-12,NE,IND,kylen granson,Kylen Granson,IND,TE,,,5.0,1.0,5.0,0,0,1.0,-1.0,42.0,False,True,-1.0,1.0,True,False,False,21.5
2023-11-12T14:00:00Z,2023-11-12T13:55:40Z,2023-11-12T13:50:39Z,2023-11-12T14:00:39Z,b5b610ddb0ca0f0bc3d51e07ecc4c520,americanfootball_nfl,2023-11-12 14:33:00+00:00,New England Patriots,Indianapolis Colts,fanduel,FanDuel,2023-11-12T13:55:21Z,player_reception_yds,2023-11-12T13:55:39Z,Jalen Reagor,16.5,-110.0,-110,2023,10,2023-11-12,NE,IND,jalen reagor,,,,,,,,0.0,0,0,1.0,-1.0,42.0,False,False,,,False,False,False,
2023-11-12T14:00:00Z,2023-11-12T13:55:40Z,2023-11-12T13:50:39Z,2023-11-12T14:00:39Z,b5b610ddb0ca0f0bc3d51e07ecc4c520,americanfootball_nfl,2023-11-12 14:33:00+00:00,New England Patriots,Indianapolis Colts,fanduel,FanDuel,2023-11-12T13:55:21Z,player_reception_yds,2023-11-12T13:55:39Z,Demario Douglas,42.5,-110.0,-110,2023,10,2023-11-12,NE,IND,demario douglas,Demario Douglas,NE,WR,,,84.0,6.0,84.0,1,0,1.0,-1.0,42.0,True,False,1.0,-1.0,False,True,False,20.5
2023-11-24T19:30:00Z,2023-11-24T19:25:40Z,2023-11-24T19:20:40Z,2023-11-24T19:30:40Z,32c414934534235b0885860a21180ddc,americanfootball_nfl,2023-11-24 20:01:00+00:00,New York Jets,Miami Dolphins,fanduel,FanDuel,2023-11-24T19:24:30Z,player_reception_yds,2023-11-24T19:23:58Z,Xavier Gipson,20.5,-110.0,-110,2023,12,2023-11-24,NYJ,MIA,xavier gipson,Xavier Gipson,NYJ,WR,,,15.0,2.0,15.0,0,0,9.5,-9.5,40.0,True,False,9.5,-9.5,False,True,False,15.25
2023-11-24T19:30:00Z,2023-11-24T19:25:40Z,2023-11-24T19:20:40Z,2023-11-24T19:30:40Z,32c414934534235b0885860a21180ddc,americanfootball_nfl,2023-11-24 20:01:00+00:00,New York Jets,Miami Dolphins,fanduel,FanDuel,2023-11-24T19:24:30Z,player_reception_yds,2023-11-24T19:23:58Z,Breece Hall,27.5,-110.0,-110,2023,12,2023-11-24,NYJ,MIA,breece hall,Breece Hall,NYJ,HB,,25.0,24.0,7.0,24.0,0,0,9.5,-9.5,40.0,True,False,9.5,-9.5,False,True,False,15.25
2023-11-24T19:30:00Z,2023-11-24T19:25:40Z,2023-11-24T19:20:40Z,2023-11-24T19:30:40Z,32c414934534235b0885860a21180ddc,americanfootball_nfl,2023-11-24 20:01:00+00:00,New York Jets,Miami Dolphins,fanduel,FanDuel,2023-11-24T19:24:30Z,player_reception_yds,2023-11-24T19:23:58Z,Tyler Conklin,26.5,-110.0,-110,2023,12,2023-11-24,NYJ,MIA,tyler conklin,Tyler Conklin,NYJ,TE,,,33.0,4.0,33.0,1,0,9.5,-9.5,40.0,True,False,9.5,-9.5,False,True,False,15.25
2023-11-24T19:30:00Z,2023-11-24T19:25:40Z,2023-11-24T19:20:40Z,2023-11-24T19:30:40Z,32c414934534235b0885860a21180ddc,americanfootball_nfl,2023-11-24 20:01:00+00:00,New York Jets,Miami Dolphins,fanduel,FanDuel,2023-11-24T19:24:30Z,player_reception_yds,2023-11-24T19:23:58Z,Raheem Mostert,13.5,-110.0,-110,2023,12,2023-11-24,NYJ,MIA,raheem mostert,Raheem Mostert,MIA,HB,,94.0,0.0,0.0,0.0,0,0,9.5,-9.5,40.0,False,True,-9.5,9.5,True,False,False,24.75
2023-11-24T19:30:00Z,2023-11-24T19:25:40Z,2023-11-24T19:20:40Z,2023-11-24T19:30:40Z,32c414934534235b0885860a21180ddc,americanfootball_nfl,2023-11-24 20:01:00+00:00,New York Jets,Miami Dolphins,fanduel,FanDuel,2023-11-24T19:24:30Z,player_reception_yds,2023-11-24T19:23:58Z,Jaylen Waddle,56.5,-110.0,-110,2023,12,2023-11-24,NYJ,MIA,jaylen waddle,Jaylen Waddle,MIA,WR,,,114.0,8.0,114.0,1,0,9.5,-9.5,40.0,False,True,-9.5,9.5,True,False,False,24.75
2023-11-24T19:30:00Z,2023-11-24T19:25:40Z,2023-11-24T19:20:40Z,2023-11-24T19:30:40Z,32c414934534235b0885860a21180ddc,americanfootball_nfl,2023-11-24 20:01:00+00:00,New York Jets,Miami Dolphins,fanduel,FanDuel,2023-11-24T19:24:30Z,player_reception_yds,2023-11-24T19:23:58Z,Cedrick Wilson Jr.,13.5,-110.0,-110,2023,12,2023-11-24,NYJ,MIA,cedrick wilson,,,,,,,,0.0,0,0,9.5,-9.5,40.0,False,False,,,False,False,False,
2023-11-24T19:30:00Z,2023-11-24T19:25:40Z,2023-11-24T19:20:40Z,2023-11-24T19:30:40Z,32c414934534235b0885860a21180ddc,americanfootball_nfl,2023-11-24 20:01:00+00:00,New York Jets,Miami Dolphins,fanduel,FanDuel,2023-11-24T19:24:30Z,player_reception_yds,2023-11-24T19:23:58Z,Garrett Wilson,51.5,-110.0,-110,2023,12,2023-11-24,NYJ,MIA,garrett wilson,Garrett Wilson,NYJ,WR,,,44.0,7.0,44.0,0,0,9.5,-9.5,40.0,True,False,9.5,-9.5,False,True,False,15.25
2023-11-24T19:30:00Z,2023-11-24T19:25:40Z,2023-11-24T19:20:40Z,2023-11-24T19:30:40Z,32c414934534235b0885860a21180ddc,americanfootball_nfl,2023-11-24 20:01:00+00:00,New York Jets,Miami Dolphins,fanduel,FanDuel,2023-11-24T19:24:30Z,player_reception_yds,2023-11-24T19:23:58Z,Tyreek Hill,78.5,-110.0,-110,2023,12,2023-11-24,NYJ,MIA,tyreek hill,Tyreek Hill,MIA,WR,,2.0,102.0,9.0,102.0,1,0,9.5,-9.5,40.0,False,True,-9.5,9.5,True,False,False,24.75
2023-12-03T20:55:00Z,2023-12-03T20:50:38Z,2023-12-03T20:45:38Z,2023-12-03T20:55:38Z,01d2c501c2836b50ef978f04c4673c6f,americanfootball_nfl,2023-12-03 21:26:00+00:00,Philadelphia Eagles,San Francisco 49ers,fanduel,FanDuel,2023-12-03T20:50:14Z,player_reception_yds,2023-12-03T20:50:09Z,Deebo Samuel,51.5,-110.0,-110,2023,13,2023-12-03,PHI,SF,deebo samuel,Deebo Samuel,SF,WR,,22.0,116.0,4.0,116.0,1,0,3.0,-3.0,46.5,False,True,-3.0,3.0,True,False,False,24.75
2023-12-03T20:55:00Z,2023-12-03T20:50:38Z,2023-12-03T20:45:38Z,2023-12-03T20:55:38Z,01d2c501c2836b50ef978f04c4673c6f,americanfootball_nfl,2023-12-03 21:26:00+00:00,Philadelphia Eagles,San Francisco 49ers,fanduel,FanDuel,2023-12-03T20:50:14Z,player_reception_yds,2023-12-03T20:50:09Z,Jauan Jennings,13.5,-110.0,-110,2023,13,2023-12-03,PHI,SF,jauan jennings,Jauan Jennings,SF,WR,,,44.0,3.0,44.0,1,0,3.0,-3.0,46.5,False,True,-3.0,3.0,True,False,False,24.75
2023-12-03T20:55:00Z,2023-12-03T20:50:38Z,2023-12-03T20:45:38Z,2023-12-03T20:55:38Z,01d2c501c2836b50ef978f04c4673c6f,americanfootball_nfl,2023-12-03 21:26:00+00:00,Philadelphia Eagles,San Francisco 49ers,fanduel,FanDuel,2023-12-03T20:50:14Z,player_reception_yds,2023-12-03T20:50:09Z,George Kittle,47.5,-110.0,-110,2023,13,2023-12-03,PHI,SF,george kittle,George Kittle,SF,TE,,,68.0,4.0,68.0,1,0,3.0,-3.0,46.5,False,True,-3.0,3.0,True,False,False,24.75
2023-12-03T20:55:00Z,2023-12-03T20:50:38Z,2023-12-03T20:45:38Z,2023-12-03T20:55:38Z,01d2c501c2836b50ef978f04c4673c6f,americanfootball_nfl,2023-12-03 21:26:00+00:00,Philadelphia Eagles,San Francisco 49ers,fanduel,FanDuel,2023-12-03T20:50:14Z,player_reception_yds,2023-12-03T20:50:09Z,Christian McCaffrey,33.5,-110.0,-110,2023,13,2023-12-03,PHI,SF,christian mccaffrey,Christian McCaffrey,SF,HB,,93.0,40.0,3.0,40.0,1,0,3.0,-3.0,46.5,False,True,-3.0,3.0,True,False,False,24.75
2023-12-03T20:55:00Z,2023-12-03T20:50:38Z,2023-12-03T20:45:38Z,2023-12-03T20:55:38Z,01d2c501c2836b50ef978f04c4673c6f,americanfootball_nfl,2023-12-03 21:26:00+00:00,Philadelphia Eagles,San Francisco 49ers,fanduel,FanDuel,2023-12-03T20:50:14Z,player_reception_yds,2023-12-03T20:50:09Z,A.J. Brown,73.5,-110.0,-110,2023,13,2023-12-03,PHI,SF,aj brown,A.J. Brown,PHI,WR,,,114.0,8.0,114.0,1,0,3.0,-3.0,46.5,True,False,3.0,-3.0,False,True,False,21.75
2023-12-03T20:55:00Z,2023-12-03T20:50:38Z,2023-12-03T20:45:38Z,2023-12-03T20:55:38Z,01d2c501c2836b50ef978f04c4673c6f,americanfootball_nfl,2023-12-03 21:26:00+00:00,Philadelphia Eagles,San Francisco 49ers,fanduel,FanDuel,2023-12-03T20:50:14Z,player_reception_yds,2023-12-03T20:50:09Z,DeVonta Smith,58.5,-110.0,-110,2023,13,2023-12-03,PHI,SF,devonta smith,DeVonta Smith,PHI,WR,,,96.0,9.0,96.0,1,0,3.0,-3.0,46.5,True,False,3.0,-3.0,False,True,False,21.75
2023-12-03T20:55:00Z,2023-12-03T20:50:38Z,2023-12-03T20:45:38Z,2023-12-03T20:55:38Z,01d2c501c2836b50ef978f04c4673c6f,americanfootball_nfl,2023-12-03 21:26:00+00:00,Philadelphia Eagles,San Francisco 49ers,fanduel,FanDuel,2023-12-03T20:50:14Z,player_reception_yds,2023-12-03T20:50:09Z,D'Andre Swift,17.5,-110.0,-110,2023,13,2023-12-03,PHI,SF,dandre swift,D'Andre Swift,PHI,HB,,13.0,7.0,2.0,7.0,0,0,3.0,-3.0,46.5,True,False,3.0,-3.0,False,True,False,21.75
2023-12-03T20:55:00Z,2023-12-03T20:50:38Z,2023-12-03T20:45:38Z,2023-12-03T20:55:38Z,01d2c501c2836b50ef978f04c4673c6f,americanfootball_nfl,2023-12-03 21:26:00+00:00,Philadelphia Eagles,San Francisco 49ers,fanduel,FanDuel,2023-12-03T20:50:14Z,player_reception_yds,2023-12-03T20:50:09Z,Brandon Aiyuk,66.5,-110.0,-110,2023,13,2023-12-03,PHI,SF,brandon aiyuk,Brandon Aiyuk,SF,WR,,,46.0,5.0,46.0,0,0,3.0,-3.0,46.5,False,True,-3.0,3.0,True,False,False,24.75
2023-12-15T00:55:00Z,2023-12-15T00:50:39Z,2023-12-15T00:45:39Z,2023-12-15T00:55:39Z,72a6214a3f806871b60e04ee1f977abe,americanfootball_nfl,2023-12-15 01:16:00+00:00,Las Vegas Raiders,Los Angeles Chargers,fanduel,FanDuel,2023-12-15T00:50:34Z,player_reception_yds,2023-12-15T00:50:21Z,Alex Erickson,13.5,-110.0,-110,2023,15,2023-12-14,LV,LAC,alex erickson,Alex Erickson,LAC,WR,,,13.0,1.0,13.0,0,0,-3.0,3.0,36.0,False,True,3.0,-3.0,False,True,False,16.5
2023-12-15T00:55:00Z,2023-12-15T00:50:39Z,2023-12-15T00:45:39Z,2023-12-15T00:55:39Z,72a6214a3f806871b60e04ee1f977abe,americanfootball_nfl,2023-12-15 01:16:00+00:00,Las Vegas Raiders,Los Angeles Chargers,fanduel,FanDuel,2023-12-15T00:50:34Z,player_reception_yds,2023-12-15T00:50:21Z,Josh Palmer,36.5,-110.0,-110,2023,15,2023-12-14,LV,LAC,josh palmer,,,,,,,,0.0,0,0,-3.0,3.0,36.0,False,False,,,False,False,False,
2023-12-15T00:55:00Z,2023-12-15T00:50:39Z,2023-12-15T00:45:39Z,2023-12-15T00:55:39Z,72a6214a3f806871b60e04ee1f977abe,americanfootball_nfl,2023-12-15 01:16:00+00:00,Las Vegas Raiders,Los Angeles Chargers,fanduel,FanDuel,2023-12-15T00:50:34Z,player_reception_yds,2023-12-15T00:50:21Z,Austin Ekeler,31.5,-110.0,-110,2023,15,2023-12-14,LV,LAC,austin ekeler,Austin Ekeler,LAC,HB,,9.0,29.0,4.0,29.0,0,0,-3.0,3.0,36.0,False,True,3.0,-3.0,False,True,False,16.5
2023-12-15T00:55:00Z,2023-12-15T00:50:39Z,2023-12-15T00:45:39Z,2023-12-15T00:55:39Z,72a6214a3f806871b60e04ee1f977abe,americanfootball_nfl,2023-12-15 01:16:00+00:00,Las Vegas Raiders,Los Angeles Chargers,fanduel,FanDuel,2023-12-15T00:50:34Z,player_reception_yds,2023-12-15T00:50:21Z,Jakobi Meyers,43.5,-110.0,-110,2023,15,2023-12-14,LV,LAC,jakobi meyers,Jakobi Meyers,LV,WR,12.0,,32.0,2.0,32.0,0,0,-3.0,3.0,36.0,True,False,-3.0,3.0,True,False,False,19.5
2023-12-15T00:55:00Z,2023-12-15T00:50:39Z,2023-12-15T00:45:39Z,2023-12-15T00:55:39Z,72a6214a3f806871b60e04ee1f977abe,americanfootball_nfl,2023-12-15 01:16:00+00:00,Las Vegas Raiders,Los Angeles Chargers,fanduel,FanDuel,2023-12-15T00:50:34Z,player_reception_yds,2023-12-15T00:50:21Z,Davante Adams,69.5,-110.0,-110,2023,15,2023-12-14,LV,LAC,davante adams,Davante Adams,LV,WR,,,101.0,8.0,101.0,1,0,-3.0,3.0,36.0,True,False,-3.0,3.0,True,False,False,19.5
2023-12-15T00:55:00Z,2023-12-15T00:50:39Z,2023-12-15T00:45:39Z,2023-12-15T00:55:39Z,72a6214a3f806871b60e04ee1f977abe,americanfootball_nfl,2023-12-15 01:16:00+00:00,Las Vegas Raiders,Los Angeles Chargers,fanduel,FanDuel,2023-12-15T00:50:34Z,player_reception_yds,2023-12-15T00:50:21Z,Michael Mayer,20.5,-110.0,-110,2023,15,2023-12-14,LV,LAC,michael mayer,Michael Mayer,LV,TE,,,39.0,4.0,39.0,1,0,-3.0,3.0,36.0,True,False,-3.0,3.0,True,False,False,19.5
2023-12-15T00:55:00Z,2023-12-15T00:50:39Z,2023-12-15T00:45:39Z,2023-12-15T00:55:39Z,72a6214a3f806871b60e04ee1f977abe,americanfootball_nfl,2023-12-15 01:16:00+00:00,Las Vegas Raiders,Los Angeles Chargers,fanduel,FanDuel,2023-12-15T00:50:34Z,player_reception_yds,2023-12-15T00:50:21Z,Gerald Everett,30.5,-110.0,-110,2023,15,2023-12-14,LV,LAC,gerald everett,Gerald Everett,LAC,TE,,,41.0,5.0,41.0,1,0,-3.0,3.0,36.0,False,True,3.0,-3.0,False,True,False,16.5
2023-12-15T00:55:00Z,2023-12-15T00:50:39Z,2023-12-15T00:45:39Z,2023-12-15T00:55:39Z,72a6214a3f806871b60e04ee1f977abe,americanfootball_nfl,2023-12-15 01:16:00+00:00,Las Vegas Raiders,Los Angeles Chargers,fanduel,FanDuel,2023-12-15T00:50:34Z,player_reception_yds,2023-12-15T00:50:21Z,Hunter Renfrow,23.5,-110.0,-110,2023,15,2023-12-14,LV,LAC,hunter renfrow,Hunter Renfrow,LV,WR,,,0.0,0.0,0.0,0,0,-3.0,3.0,36.0,True,False,-3.0,3.0,True,False,False,19.5
2023-12-15T00:55:00Z,2023-12-15T00:50:39Z,2023-12-15T00:45:39Z,2023-12-15T00:55:39Z,72a6214a3f806871b60e04ee1f977abe,americanfootball_nfl,2023-12-15 01:16:00+00:00,Las Vegas Raiders,Los Angeles Chargers,fanduel,FanDuel,2023-12-15T00:50:34Z,player_reception_yds,2023-12-15T00:50:21Z,Quentin Johnston,31.5,-110.0,-110,2023,15,2023-12-14,LV,LAC,quentin johnston,Quentin Johnston,LAC,WR,,,23.0,2.0,23.0,0,0,-3.0,3.0,36.0,False,True,3.0,-3.0,False,True,False,16.5
2023-12-17T17:30:00Z,2023-12-17T17:25:38Z,2023-12-17T17:20:38Z,2023-12-17T17:30:38Z,89a76d31332effa87075701f164a8e0a,americanfootball_nfl,2023-12-17 18:03:00+00:00,Carolina Panthers,Atlanta Falcons,fanduel,FanDuel,2023-12-17T17:23:37Z,player_reception_yds,2023-12-17T17:23:34Z,Chuba Hubbard,11.5,-110.0,-110,2023,15,2023-12-17,CAR,ATL,chuba hubbard,Chuba Hubbard,CAR,HB,,87.0,16.0,2.0,16.0,1,0,3.0,-3.0,32.0,True,False,3.0,-3.0,False,True,False,14.5
2023-12-17T17:30:00Z,2023-12-17T17:25:38Z,2023-12-17T17:20:38Z,2023-12-17T17:30:38Z,89a76d31332effa87075701f164a8e0a,americanfootball_nfl,2023-12-17 18:03:00+00:00,Carolina Panthers,Atlanta Falcons,fanduel,FanDuel,2023-12-17T17:23:37Z,player_reception_yds,2023-12-17T17:23:34Z,DJ Chark Jr.,19.5,-110.0,-110,2023,15,2023-12-17,CAR,ATL,dj chark,DJ Chark Jr.,CAR,WR,,,18.0,1.0,18.0,0,0,3.0,-3.0,32.0,True,False,3.0,-3.0,False,True,False,14.5
2023-12-17T17:30:00Z,2023-12-17T17:25:38Z,2023-12-17T17:20:38Z,2023-12-17T17:30:38Z,89a76d31332effa87075701f164a8e0a,americanfootball_nfl,2023-12-17 18:03:00+00:00,Carolina Panthers,Atlanta Falcons,fanduel,FanDuel,2023-12-17T17:23:37Z,player_reception_yds,2023-12-17T17:23:34Z,Tommy Tremble,11.5,-110.0,-110,2023,15,2023-12-17,CAR,ATL,tommy tremble,Tommy Tremble,CAR,TE,,,32.0,2.0,32.0,1,0,3.0,-3.0,32.0,True,False,3.0,-3.0,False,True,False,14.5
2023-12-17T17:30:00Z,2023-12-17T17:25:38Z,2023-12-17T17:20:38Z,2023-12-17T17:30:38Z,89a76d31332effa87075701f164a8e0a,americanfootball_nfl,2023-12-17 18:03:00+00:00,Carolina Panthers,Atlanta Falcons,fanduel,FanDuel,2023-12-17T17:23:37Z,player_reception_yds,2023-12-17T17:23:34Z,Jonnu Smith,16.5,-105.0,-115,2023,15,2023-12-17,CAR,ATL,jonnu smith,Jonnu Smith,ATL,TE,,,61.0,2.0,61.0,1,0,3.0,-3.0,32.0,False,True,-3.0,3.0,True,False,False,17.5
2023-12-17T17:30:00Z,2023-12-17T17:25:38Z,2023-12-17T17:20:38Z,2023-12-17T17:30:38Z,89a76d31332effa87075701f164a8e0a,americanfootball_nfl,2023-12-17 18:03:00+00:00,Carolina Panthers,Atlanta Falcons,fanduel,FanDuel,2023-12-17T17:23:37Z,player_reception_yds,2023-12-17T17:23:34Z,Bijan Robinson,18.5,-110.0,-110,2023,15,2023-12-17,CAR,ATL,bijan robinson,Bijan Robinson,ATL,HB,,11.0,3.0,1.0,3.0,0,0,3.0,-3.0,32.0,False,True,-3.0,3.0,True,False,False,17.5
2023-12-17T17:30:00Z,2023-12-17T17:25:38Z,2023-12-17T17:20:38Z,2023-12-17T17:30:38Z,89a76d31332effa87075701f164a8e0a,americanfootball_nfl,2023-12-17 18:03:00+00:00,Carolina Panthers,Atlanta Falcons,fanduel,FanDuel,2023-12-17T17:23:37Z,player_reception_yds,2023-12-17T17:23:34Z,Drake London,45.5,-110.0,-110,2023,15,2023-12-17,CAR,ATL,drake london,Drake London,ATL,WR,,,24.0,2.0,24.0,0,0,3.0,-3.0,32.0,False,True,-3.0,3.0,True,False,False,17.5
2023-12-17T17:30:00Z,2023-12-17T17:25:38Z,2023-12-17T17:20:38Z,2023-12-17T17:30:38Z,89a76d31332effa87075701f164a8e0a,americanfootball_nfl,2023-12-17 18:03:00+00:00,Carolina Panthers,Atlanta Falcons,fanduel,FanDuel,2023-12-17T17:23:37Z,player_reception_yds,2023-12-17T17:23:34Z,Jonathan Mingo,34.5,-110.0,-110,2023,15,2023-12-17,CAR,ATL,jonathan mingo,Jonathan Mingo,CAR,WR,,,32.0,4.0,32.0,0,0,3.0,-3.0,32.0,True,False,3.0,-3.0,False,True,False,14.5
2023-12-17T17:30:00Z,2023-12-17T17:25:38Z,2023-12-17T17:20:38Z,2023-12-17T17:30:38Z,89a76d31332effa87075701f164a8e0a,americanfootball_nfl,2023-12-17 18:03:00+00:00,Carolina Panthers,Atlanta Falcons,fanduel,FanDuel,2023-12-17T17:23:37Z,player_reception_yds,2023-12-17T17:23:34Z,Kyle Pitts,32.5,-110.0,-110,2023,15,2023-12-17,CAR,ATL,kyle pitts,Kyle Pitts,ATL,TE,,,37.0,3.0,37.0,1,0,3.0,-3.0,32.0,False,True,-3.0,3.0,True,False,False,17.5
2023-12-17T17:30:00Z,2023-12-17T17:25:38Z,2023-12-17T17:20:38Z,2023-12-17T17:30:38Z,89a76d31332effa87075701f164a8e0a,americanfootball_nfl,2023-12-17 18:03:00+00:00,Carolina Panthers,Atlanta Falcons,fanduel,FanDuel,2023-12-17T17:23:37Z,player_reception_yds,2023-12-17T17:23:34Z,Adam Thielen,41.5,-110.0,-110,2023,15,2023-12-17,CAR,ATL,adam thielen,Adam Thielen,CAR,WR,,,43.0,4.0,43.0,1,0,3.0,-3.0,32.0,True,False,3.0,-3.0,False,True,False,14.5
2023-12-17T17:30:00Z,2023-12-17T17:25:38Z,2023-12-17T17:20:38Z,2023-12-17T17:30:38Z,abf4a23e7c6b9dd94d13a3070a32a65f,americanfootball_nfl,2023-12-17 18:03:00+00:00,Cleveland Browns,Chicago Bears,fanduel,FanDuel,2023-12-17T17:23:37Z,player_reception_yds,2023-12-17T17:24:59Z,Cedric Tillman,16.5,-110.0,-110,2023,15,2023-12-17,CLE,CHI,cedric tillman,Cedric Tillman,CLE,WR,,,52.0,4.0,52.0,1,0,-3.0,3.0,38.0,True,False,-3.0,3.0,True,False,False,20.5
2023-12-17T17:30:00Z,2023-12-17T17:25:38Z,2023-12-17T17:20:38Z,2023-12-17T17:30:38Z,abf4a23e7c6b9dd94d13a3070a32a65f,americanfootball_nfl,2023-12-17 18:03:00+00:00,Cleveland Browns,Chicago Bears,fanduel,FanDuel,2023-12-17T17:23:37Z,player_reception_yds,2023-12-17T17:24:59Z,Jerome Ford,17.5,-110.0,-110,2023,15,2023-12-17,CLE,CHI,jerome ford,Jerome Ford,CLE,HB,,20.0,11.0,4.0,11.0,0,0,-3.0,3.0,38.0,True,False,-3.0,3.0,True,False,False,20.5
2023-12-17T17:30:00Z,2023-12-17T17:25:38Z,2023-12-17T17:20:38Z,2023-12-17T17:30:38Z,abf4a23e7c6b9dd94d13a3070a32a65f,americanfootball_nfl,2023-12-17 18:03:00+00:00,Cleveland Browns,Chicago Bears,fanduel,FanDuel,2023-12-17T17:23:37Z,player_reception_yds,2023-12-17T17:24:59Z,DJ Moore,59.5,-110.0,-110,2023,15,2023-12-17,CLE,CHI,dj moore,DJ Moore,CHI,WR,,,52.0,4.0,52.0,0,0,-3.0,3.0,38.0,False,True,3.0,-3.0,False,True,False,17.5
2023-12-17T17:30:00Z,2023-12-17T17:25:38Z,2023-12-17T17:20:38Z,2023-12-17T17:30:38Z,abf4a23e7c6b9dd94d13a3070a32a65f,americanfootball_nfl,2023-12-17 18:03:00+00:00,Cleveland Browns,Chicago Bears,fanduel,FanDuel,2023-12-17T17:23:37Z,player_reception_yds,2023-12-17T17:24:59Z,Cole Kmet,33.5,-110.0,-110,2023,15,2023-12-17,CLE,CHI,cole kmet,Cole Kmet,CHI,TE,,,23.0,5.0,23.0,0,0,-3.0,3.0,38.0,False,True,3.0,-3.0,False,True,False,17.5
2023-12-17T17:30:00Z,2023-12-17T17:25:38Z,2023-12-17T17:20:38Z,2023-12-17T17:30:38Z,abf4a23e7c6b9dd94d13a3070a32a65f,americanfootball_nfl,2023-12-17 18:03:00+00:00,Cleveland Browns,Chicago Bears,fanduel,FanDuel,2023-12-17T17:23:37Z,player_reception_yds,2023-12-17T17:24:59Z,Elijah Moore,39.5,-110.0,-110,2023,15,2023-12-17,CLE,CHI,elijah moore,Elijah Moore,CLE,WR,,,17.0,2.0,17.0,0,0,-3.0,3.0,38.0,True,False,-3.0,3.0,True,False,False,20.5
2023-12-17T17:30:00Z,2023-12-17T17:25:38Z,2023-12-17T17:20:38Z,2023-12-17T17:30:38Z,abf4a23e7c6b9dd94d13a3070a32a65f,americanfootball_nfl,2023-12-17 18:03:00+00:00,Cleveland Browns,Chicago Bears,fanduel,FanDuel,2023-12-17T17:23:37Z,player_reception_yds,2023-12-17T17:24:59Z,Darnell Mooney,21.5,-110.0,-110,2023,15,2023-12-17,CLE,CHI,darnell mooney,Darnell Mooney,CHI,WR,,,14.0,2.0,14.0,0,0,-3.0,3.0,38.0,False,True,3.0,-3.0,False,True,False,17.5
2023-12-17T17:30:00Z,2023-12-17T17:25:38Z,2023-12-17T17:20:38Z,2023-12-17T17:30:38Z,abf4a23e7c6b9dd94d13a3070a32a65f,americanfootball_nfl,2023-12-17 18:03:00+00:00,Cleveland Browns,Chicago Bears,fanduel,FanDuel,2023-12-17T17:23:37Z,player_reception_yds,2023-12-17T17:24:59Z,Amari Cooper,52.5,-110.0,-110,2023,15,2023-12-17,CLE,CHI,amari cooper,Amari Cooper,CLE,WR,,,109.0,4.0,109.0,1,0,-3.0,3.0,38.0,True,False,-3.0,3.0,True,False,False,20.5
2023-12-17T17:30:00Z,2023-12-17T17:25:38Z,2023-12-17T17:20:38Z,2023-12-17T17:30:38Z,abf4a23e7c6b9dd94d13a3070a32a65f,americanfootball_nfl,2023-12-17 18:03:00+00:00,Cleveland Browns,Chicago Bears,fanduel,FanDuel,2023-12-17T17:23:37Z,player_reception_yds,2023-12-17T17:24:59Z,David Njoku,39.5,-110.0,-110,2023,15,2023-12-17,CLE,CHI,david njoku,David Njoku,CLE,TE,,,104.0,10.0,104.0,1,0,-3.0,3.0,38.0,True,False,-3.0,3.0,True,False,False,20.5
2023-12-17T17:30:00Z,2023-12-17T17:25:38Z,2023-12-17T17:20:38Z,2023-12-17T17:30:38Z,3c35ab18ec14298b28d7881f50bb503d,americanfootball_nfl,2023-12-17 18:03:00+00:00,Green Bay Packers,Tampa Bay Buccaneers,fanduel,FanDuel,2023-12-17T17:23:37Z,player_reception_yds,2023-12-17T17:22:57Z,Mike Evans,70.5,-110.0,-110,2023,15,2023-12-17,GB,TB,mike evans,Mike Evans,TB,WR,,,57.0,4.0,57.0,0,0,-4.0,4.0,41.5,False,True,4.0,-4.0,False,True,False,18.75
2023-12-17T17:30:00Z,2023-12-17T17:25:38Z,2023-12-17T17:20:38Z,2023-12-17T17:30:38Z,3c35ab18ec14298b28d7881f50bb503d,americanfootball_nfl,2023-12-17 18:03:00+00:00,Green Bay Packers,Tampa Bay Buccaneers,fanduel,FanDuel,2023-12-17T17:23:37Z,player_reception_yds,2023-12-17T17:22:57Z,Tucker Kraft,32.5,-110.0,-110,2023,15,2023-12-17,GB,TB,tucker kraft,Tucker Kraft,GB,TE,,,57.0,4.0,57.0,1,0,-4.0,4.0,41.5,True,False,-4.0,4.0,True,False,False,22.75
2023-12-17T17:30:00Z,2023-12-17T17:25:38Z,2023-12-17T17:20:38Z,2023-12-17T17:30:38Z,3c35ab18ec14298b28d7881f50bb503d,americanfootball_nfl,2023-12-17 18:03:00+00:00,Green Bay Packers,Tampa Bay Buccaneers,fanduel,FanDuel,2023-12-17T17:23:37Z,player_reception_yds,2023-12-17T17:22:57Z,Cade Otton,24.5,-110.0,-110,2023,15,2023-12-17,GB,TB,cade otton,Cade Otton,TB,TE,,,44.0,2.0,44.0,1,0,-4.0,4.0,41.5,False,True,4.0,-4.0,False,True,False,18.75
2023-12-17T17:30:00Z,2023-12-17T17:25:38Z,2023-12-17T17:20:38Z,2023-12-17T17:30:38Z,3c35ab18ec14298b28d7881f50bb503d,americanfootball_nfl,2023-12-17 18:03:00+00:00,Green Bay Packers,Tampa Bay Buccaneers,fanduel,FanDuel,2023-12-17T17:23:37Z,player_reception_yds,2023-12-17T17:22:57Z,Chris Godwin,42.5,-110.0,-110,2023,15,2023-12-17,GB,TB,chris godwin,Chris Godwin,TB,WR,,,155.0,10.0,155.0,1,0,-4.0,4.0,41.5,False,True,4.0,-4.0,False,True,False,18.75
2023-12-17T17:30:00Z,2023-12-17T17:25:38Z,2023-12-17T17:20:38Z,2023-12-17T17:30:38Z,3c35ab18ec14298b28d7881f50bb503d,americanfootball_nfl,2023-12-17 18:03:00+00:00,Green Bay Packers,Tampa Bay Buccaneers,fanduel,FanDuel,2023-12-17T17:23:37Z,player_reception_yds,2023-12-17T17:22:57Z,Aaron Jones,19.5,-110.0,-110,2023,15,2023-12-17,GB,TB,aaron jones,Aaron Jones,GB,HB,,53.0,16.0,4.0,16.0,0,0,-4.0,4.0,41.5,True,False,-4.0,4.0,True,False,False,22.75
2023-12-17T17:30:00Z,2023-12-17T17:25:38Z,2023-12-17T17:20:38Z,2023-12-17T17:30:38Z,3c35ab18ec14298b28d7881f50bb503d,americanfootball_nfl,2023-12-17 18:03:00+00:00,Green Bay Packers,Tampa Bay Buccaneers,fanduel,FanDuel,2023-12-17T17:23:37Z,player_reception_yds,2023-12-17T17:22:57Z,Dontayvion Wicks,37.5,-110.0,-110,2023,15,2023-12-17,GB,TB,dontayvion wicks,Dontayvion Wicks,GB,WR,,,97.0,6.0,97.0,1,0,-4.0,4.0,41.5,True,False,-4.0,4.0,True,False,False,22.75
2023-12-17T17:30:00Z,2023-12-17T17:25:38Z,2023-12-17T17:20:38Z,2023-12-17T17:30:38Z,3c35ab18ec14298b28d7881f50bb503d,americanfootball_nfl,2023-12-17 18:03:00+00:00,Green Bay Packers,Tampa Bay Buccaneers,fanduel,FanDuel,2023-12-17T17:23:37Z,player_reception_yds,2023-12-17T17:22:57Z,Rachaad White,21.5,-110.0,-110,2023,15,2023-12-17,GB,TB,rachaad white,Rachaad White,TB,HB,,89.0,50.0,2.0,50.0,1,0,-4.0,4.0,41.5,False,True,4.0,-4.0,False,True,False,18.75
2023-12-17T17:30:00Z,2023-12-17T17:25:38Z,2023-12-17T17:20:38Z,2023-12-17T17:30:38Z,3c35ab18ec14298b28d7881f50bb503d,americanfootball_nfl,2023-12-17 18:03:00+00:00,Green Bay Packers,Tampa Bay Buccaneers,fanduel,FanDuel,2023-12-17T17:23:37Z,player_reception_yds,2023-12-17T17:22:57Z,Jayden Reed,51.5,-110.0,-110,2023,15,2023-12-17,GB,TB,jayden reed,Jayden Reed,GB,WR,,,52.0,6.0,52.0,1,0,-4.0,4.0,41.5,True,False,-4.0,4.0,True,False,False,22.75
2023-12-17T17:30:00Z,2023-12-17T17:25:38Z,2023-12-17T17:20:38Z,2023-12-17T17:30:38Z,3c35ab18ec14298b28d7881f50bb503d,americanfootball_nfl,2023-12-17 18:03:00+00:00,Green Bay Packers,Tampa Bay Buccaneers,fanduel,FanDuel,2023-12-17T17:23:37Z,player_reception_yds,2023-12-17T17:22:57Z,Trey Palmer,20.5,-110.0,-110,2023,15,2023-12-17,GB,TB,trey palmer,Trey Palmer,TB,WR,,,5.0,1.0,5.0,0,0,-4.0,4.0,41.5,False,True,4.0,-4.0,False,True,False,18.75
2023-12-17T17:30:00Z,2023-12-17T17:25:38Z,2023-12-17T17:20:38Z,2023-12-17T17:30:38Z,3c35ab18ec14298b28d7881f50bb503d,americanfootball_nfl,2023-12-17 18:03:00+00:00,Green Bay Packers,Tampa Bay Buccaneers,fanduel,FanDuel,2023-12-17T17:23:37Z,player_reception_yds,2023-12-17T17:22:57Z,Romeo Doubs,45.5,-110.0,-110,2023,15,2023-12-17,GB,TB,romeo doubs,Romeo Doubs,GB,WR,,,30.0,3.0,30.0,0,0,-4.0,4.0,41.5,True,False,-4.0,4.0,True,False,False,22.75
2023-12-17T17:30:00Z,2023-12-17T17:25:38Z,2023-12-17T17:20:38Z,2023-12-17T17:30:38Z,e3f50249e8a9b42484ad0922fca4f9f0,americanfootball_nfl,2023-12-17 18:03:00+00:00,Tennessee Titans,Houston Texans,fanduel,FanDuel,2023-12-17T17:23:37Z,player_reception_yds,2023-12-17T17:25:55Z,Treylon Burks,20.5,-110.0,-110,2023,15,2023-12-17,TEN,HOU,treylon burks,Treylon Burks,TEN,WR,,2.0,62.0,3.0,62.0,1,0,-3.0,3.0,38.0,True,False,-3.0,3.0,True,False,False,20.5
2023-12-17T17:30:00Z,2023-12-17T17:25:38Z,2023-12-17T17:20:38Z,2023-12-17T17:30:38Z,e3f50249e8a9b42484ad0922fca4f9f0,americanfootball_nfl,2023-12-17 18:03:00+00:00,Tennessee Titans,Houston Texans,fanduel,FanDuel,2023-12-17T17:23:37Z,player_reception_yds,2023-12-17T17:25:55Z,Nick Westbrook-Ikhine,22.5,-110.0,-110,2023,15,2023-12-17,TEN,HOU,nick westbrook ikhine,Nick Westbrook-Ikhine,TEN,WR,,,33.0,1.0,33.0,1,0,-3.0,3.0,38.0,True,False,-3.0,3.0,True,False,False,20.5
2023-12-17T17:30:00Z,2023-12-17T17:25:38Z,2023-12-17T17:20:38Z,2023-12-17T17:30:38Z,e3f50249e8a9b42484ad0922fca4f9f0,americanfootball_nfl,2023-12-17 18:03:00+00:00,Tennessee Titans,Houston Texans,fanduel,FanDuel,2023-12-17T17:23:37Z,player_reception_yds,2023-12-17T17:25:55Z,Chigoziem Okonkwo,28.5,-110.0,-110,2023,15,2023-12-17,TEN,HOU,chigoziem okonkwo,Chigoziem Okonkwo,TEN,TE,,,36.0,3.0,36.0,1,0,-3.0,3.0,38.0,True,False,-3.0,3.0,True,False,False,20.5
2023-12-17T17:30:00Z,2023-12-17T17:25:38Z,2023-12-17T17:20:38Z,2023-12-17T17:30:38Z,e3f50249e8a9b42484ad0922fca4f9f0,americanfootball_nfl,2023-12-17 18:03:00+00:00,Tennessee Titans,Houston Texans,fanduel,FanDuel,2023-12-17T17:23:37Z,player_reception_yds,2023-12-17T17:25:55Z,DeAndre Hopkins,61.5,-110.0,-110,2023,15,2023-12-17,TEN,HOU,deandre hopkins,DeAndre Hopkins,TEN,WR,,,21.0,2.0,21.0,0,0,-3.0,3.0,38.0,True,False,-3.0,3.0,True,False,False,20.5
2023-12-17T17:30:00Z,2023-12-17T17:25:38Z,2023-12-17T17:20:38Z,2023-12-17T17:30:38Z,e3f50249e8a9b42484ad0922fca4f9f0,americanfootball_nfl,2023-12-17 18:03:00+00:00,Tennessee Titans,Houston Texans,fanduel,FanDuel,2023-12-17T17:23:37Z,player_reception_yds,2023-12-17T17:25:55Z,Tyjae Spears,15.5,-110.0,-110,2023,15,2023-12-17,TEN,HOU,tyjae spears,Tyjae Spears,TEN,HB,,30.0,7.0,1.0,7.0,0,0,-3.0,3.0,38.0,True,False,-3.0,3.0,True,False,False,20.5
2023-12-17T17:30:00Z,2023-12-17T17:25:38Z,2023-12-17T17:20:38Z,2023-12-17T17:30:38Z,e3f50249e8a9b42484ad0922fca4f9f0,americanfootball_nfl,2023-12-17 18:03:00+00:00,Tennessee Titans,Houston Texans,fanduel,FanDuel,2023-12-17T17:23:37Z,player_reception_yds,2023-12-17T17:25:55Z,Derrick Henry,7.5,-128.0,104,2023,15,2023-12-17,TEN,HOU,derrick henry,Derrick Henry,TEN,HB,,9.0,1.0,4.0,1.0,0,0,-3.0,3.0,38.0,True,False,-3.0,3.0,True,False,False,20.5
2023-12-17T17:30:00Z,2023-12-17T17:25:38Z,2023-12-17T17:20:38Z,2023-12-17T17:30:38Z,e3f50249e8a9b42484ad0922fca4f9f0,americanfootball_nfl,2023-12-17 18:03:00+00:00,Tennessee Titans,Houston Texans,fanduel,FanDuel,2023-12-17T17:23:37Z,player_reception_yds,2023-12-17T17:25:55Z,Robert Woods,28.5,-110.0,-110,2023,15,2023-12-17,TEN,HOU,robert woods,Robert Woods,HOU,WR,,,30.0,3.0,30.0,1,0,-3.0,3.0,38.0,False,True,3.0,-3.0,False,True,False,17.5
2023-12-17T17:30:00Z,2023-12-17T17:25:38Z,2023-12-17T17:20:38Z,2023-12-17T17:30:38Z,e3f50249e8a9b42484ad0922fca4f9f0,americanfootball_nfl,2023-12-17 18:03:00+00:00,Tennessee Titans,Houston Texans,fanduel,FanDuel,2023-12-17T17:23:37Z,player_reception_yds,2023-12-17T17:25:55Z,Devin Singletary,11.5,-110.0,-110,2023,15,2023-12-17,TEN,HOU,devin singletary,Devin Singletary,HOU,HB,,121.0,49.0,4.0,49.0,1,0,-3.0,3.0,38.0,False,True,3.0,-3.0,False,True,False,17.5
2023-12-17T17:30:00Z,2023-12-17T17:25:38Z,2023-12-17T17:20:38Z,2023-12-17T17:30:38Z,e3f50249e8a9b42484ad0922fca4f9f0,americanfootball_nfl,2023-12-17 18:03:00+00:00,Tennessee Titans,Houston Texans,fanduel,FanDuel,2023-12-17T17:23:37Z,player_reception_yds,2023-12-17T17:25:55Z,Noah Brown,37.5,-110.0,-110,2023,15,2023-12-17,TEN,HOU,noah brown,Noah Brown,HOU,WR,,,82.0,8.0,82.0,1,0,-3.0,3.0,38.0,False,True,3.0,-3.0,False,True,False,17.5
2023-12-17T17:30:00Z,2023-12-17T17:25:38Z,2023-12-17T17:20:38Z,2023-12-17T17:30:38Z,e3f50249e8a9b42484ad0922fca4f9f0,americanfootball_nfl,2023-12-17 18:03:00+00:00,Tennessee Titans,Houston Texans,fanduel,FanDuel,2023-12-17T17:23:37Z,player_reception_yds,2023-12-17T17:25:55Z,Dalton Schultz,35.5,-110.0,-110,2023,15,2023-12-17,TEN,HOU,dalton schultz,Dalton Schultz,HOU,TE,,,58.0,4.0,58.0,1,0,-3.0,3.0,38.0,False,True,3.0,-3.0,False,True,False,17.5
2023-12-17T17:30:00Z,2023-12-17T17:25:38Z,2023-12-17T17:20:38Z,2023-12-17T17:30:38Z,de64df56de3a6998f152879e68fee61c,americanfootball_nfl,2023-12-17 18:03:00+00:00,Miami Dolphins,New York Jets,fanduel,FanDuel,2023-12-17T17:23:37Z,player_reception_yds,2023-12-17T17:21:34Z,Tyler Conklin,26.5,-110.0,-110,2023,15,2023-12-17,MIA,NYJ,tyler conklin,Tyler Conklin,NYJ,TE,,,18.0,4.0,18.0,0,0,-7.5,7.5,36.0,False,True,7.5,-7.5,False,True,False,14.25
2023-12-17T17:30:00Z,2023-12-17T17:25:38Z,2023-12-17T17:20:38Z,2023-12-17T17:30:38Z,de64df56de3a6998f152879e68fee61c,americanfootball_nfl,2023-12-17 18:03:00+00:00,Miami Dolphins,New York Jets,fanduel,FanDuel,2023-12-17T17:23:37Z,player_reception_yds,2023-12-17T17:21:34Z,Breece Hall,26.5,-110.0,-110,2023,15,2023-12-17,MIA,NYJ,breece hall,Breece Hall,NYJ,HB,,12.0,6.0,1.0,6.0,0,0,-7.5,7.5,36.0,False,True,7.5,-7.5,False,True,False,14.25
2023-12-17T17:30:00Z,2023-12-17T17:25:38Z,2023-12-17T17:20:38Z,2023-12-17T17:30:38Z,de64df56de3a6998f152879e68fee61c,americanfootball_nfl,2023-12-17 18:03:00+00:00,Miami Dolphins,New York Jets,fanduel,FanDuel,2023-12-17T17:23:37Z,player_reception_yds,2023-12-17T17:21:34Z,Durham Smythe,14.5,-110.0,-110,2023,15,2023-12-17,MIA,NYJ,durham smythe,Durham Smythe,MIA,TE,,,32.0,4.0,32.0,1,0,-7.5,7.5,36.0,True,False,-7.5,7.5,True,False,False,21.75
2023-12-17T17:30:00Z,2023-12-17T17:25:38Z,2023-12-17T17:20:38Z,2023-12-17T17:30:38Z,de64df56de3a6998f152879e68fee61c,americanfootball_nfl,2023-12-17 18:03:00+00:00,Miami Dolphins,New York Jets,fanduel,FanDuel,2023-12-17T17:23:37Z,player_reception_yds,2023-12-17T17:21:34Z,Garrett Wilson,57.5,-110.0,-110,2023,15,2023-12-17,MIA,NYJ,garrett wilson,Garrett Wilson,NYJ,WR,,,29.0,3.0,29.0,0,0,-7.5,7.5,36.0,False,True,7.5,-7.5,False,True,False,14.25
2023-12-17T17:30:00Z,2023-12-17T17:25:38Z,2023-12-17T17:20:38Z,2023-12-17T17:30:38Z,de64df56de3a6998f152879e68fee61c,americanfootball_nfl,2023-12-17 18:03:00+00:00,Miami Dolphins,New York Jets,fanduel,FanDuel,2023-12-17T17:23:37Z,player_reception_yds,2023-12-17T17:21:34Z,Raheem Mostert,7.5,-110.0,-110,2023,15,2023-12-17,MIA,NYJ,raheem mostert,Raheem Mostert,MIA,HB,,42.0,1.0,2.0,1.0,0,0,-7.5,7.5,36.0,True,False,-7.5,7.5,True,False,False,21.75
2023-12-17T17:30:00Z,2023-12-17T17:25:38Z,2023-12-17T17:20:38Z,2023-12-17T17:30:38Z,de64df56de3a6998f152879e68fee61c,americanfootball_nfl,2023-12-17 18:03:00+00:00,Miami Dolphins,New York Jets,fanduel,FanDuel,2023-12-17T17:23:37Z,player_reception_yds,2023-12-17T17:21:34Z,Jeremy Ruckert,10.5,-110.0,-110,2023,15,2023-12-17,MIA,NYJ,jeremy ruckert,Jeremy Ruckert,NYJ,TE,,,16.0,2.0,16.0,1,0,-7.5,7.5,36.0,False,True,7.5,-7.5,False,True,False,14.25
2023-12-17T17:30:00Z,2023-12-17T17:25:38Z,2023-12-17T17:20:38Z,2023-12-17T17:30:38Z,de64df56de3a6998f152879e68fee61c,americanfootball_nfl,2023-12-17 18:03:00+00:00,Miami Dolphins,New York Jets,fanduel,FanDuel,2023-12-17T17:23:37Z,player_reception_yds,2023-12-17T17:21:34Z,Allen Lazard,9.5,-110.0,-110,2023,15,2023-12-17,MIA,NYJ,allen lazard,Allen Lazard,NYJ,WR,,,21.0,3.0,21.0,1,0,-7.5,7.5,36.0,False,True,7.5,-7.5,False,True,False,14.25
2023-12-17T17:30:00Z,2023-12-17T17:25:38Z,2023-12-17T17:20:38Z,2023-12-17T17:30:38Z,de64df56de3a6998f152879e68fee61c,americanfootball_nfl,2023-12-17 18:03:00+00:00,Miami Dolphins,New York Jets,fanduel,FanDuel,2023-12-17T17:23:37Z,player_reception_yds,2023-12-17T17:21:34Z,Cedrick Wilson Jr.,31.5,-110.0,-110,2023,15,2023-12-17,MIA,NYJ,cedrick wilson,Cedrick Wilson Jr.,MIA,WR,,,2.0,2.0,2.0,0,0,-7.5,7.5,36.0,True,False,-7.5,7.5,True,False,False,21.75
2023-12-17T17:30:00Z,2023-12-17T17:25:38Z,2023-12-17T17:20:38Z,2023-12-17T17:30:38Z,de64df56de3a6998f152879e68fee61c,americanfootball_nfl,2023-12-17 18:03:00+00:00,Miami Dolphins,New York Jets,fanduel,FanDuel,2023-12-17T17:23:37Z,player_reception_yds,2023-12-17T17:21:34Z,Xavier Gipson,11.5,-110.0,-110,2023,15,2023-12-17,MIA,NYJ,xavier gipson,Xavier Gipson,NYJ,WR,,,29.0,2.0,29.0,1,0,-7.5,7.5,36.0,False,True,7.5,-7.5,False,True,False,14.25
2023-12-17T17:30:00Z,2023-12-17T17:25:38Z,2023-12-17T17:20:38Z,2023-12-17T17:30:38Z,de64df56de3a6998f152879e68fee61c,americanfootball_nfl,2023-12-17 18:03:00+00:00,Miami Dolphins,New York Jets,fanduel,FanDuel,2023-12-17T17:23:37Z,player_reception_yds,2023-12-17T17:21:34Z,Jaylen Waddle,71.5,-110.0,-110,2023,15,2023-12-17,MIA,NYJ,jaylen waddle,Jaylen Waddle,MIA,WR,,,142.0,8.0,142.0,1,0,-7.5,7.5,36.0,True,False,-7.5,7.5,True,False,False,21.75
2023-12-17T17:30:00Z,2023-12-17T17:25:38Z,2023-12-17T17:20:38Z,2023-12-17T17:30:38Z,269d93043744dc23028a0de89fbc3c14,americanfootball_nfl,2023-12-17 18:03:00+00:00,New Orleans Saints,New York Giants,fanduel,FanDuel,2023-12-17T17:23:37Z,player_reception_yds,2023-12-17T17:25:06Z,Saquon Barkley,17.5,-110.0,-110,2023,15,2023-12-17,NO,NYG,saquon barkley,Saquon Barkley,NYG,HB,,14.0,23.0,2.0,23.0,1,0,-6.0,6.0,39.5,False,True,6.0,-6.0,False,True,False,16.75
2023-12-17T17:30:00Z,2023-12-17T17:25:38Z,2023-12-17T17:20:38Z,2023-12-17T17:30:38Z,269d93043744dc23028a0de89fbc3c14,americanfootball_nfl,2023-12-17 18:03:00+00:00,New Orleans Saints,New York Giants,fanduel,FanDuel,2023-12-17T17:23:37Z,player_reception_yds,2023-12-17T17:25:06Z,Darius Slayton,23.5,-110.0,-110,2023,15,2023-12-17,NO,NYG,darius slayton,Darius Slayton,NYG,WR,,,63.0,4.0,63.0,1,0,-6.0,6.0,39.5,False,True,6.0,-6.0,False,True,False,16.75
2023-12-17T17:30:00Z,2023-12-17T17:25:38Z,2023-12-17T17:20:38Z,2023-12-17T17:30:38Z,269d93043744dc23028a0de89fbc3c14,americanfootball_nfl,2023-12-17 18:03:00+00:00,New Orleans Saints,New York Giants,fanduel,FanDuel,2023-12-17T17:23:37Z,player_reception_yds,2023-12-17T17:25:06Z,Wan'Dale Robinson,33.5,-110.0,-110,2023,15,2023-12-17,NO,NYG,wandale robinson,Wan'Dale Robinson,NYG,WR,,,25.0,4.0,25.0,0,0,-6.0,6.0,39.5,False,True,6.0,-6.0,False,True,False,16.75
2023-12-17T17:30:00Z,2023-12-17T17:25:38Z,2023-12-17T17:20:38Z,2023-12-17T17:30:38Z,269d93043744dc23028a0de89fbc3c14,americanfootball_nfl,2023-12-17 18:03:00+00:00,New Orleans Saints,New York Giants,fanduel,FanDuel,2023-12-17T17:23:37Z,player_reception_yds,2023-12-17T17:25:06Z,Alvin Kamara,35.5,-110.0,-110,2023,15,2023-12-17,NO,NYG,alvin kamara,Alvin Kamara,NO,HB,,66.0,44.0,5.0,44.0,1,0,-6.0,6.0,39.5,True,False,-6.0,6.0,True,False,False,22.75
2023-12-17T17:30:00Z,2023-12-17T17:25:38Z,2023-12-17T17:20:38Z,2023-12-17T17:30:38Z,269d93043744dc23028a0de89fbc3c14,americanfootball_nfl,2023-12-17 18:03:00+00:00,New Orleans Saints,New York Giants,fanduel,FanDuel,2023-12-17T17:23:37Z,player_reception_yds,2023-12-17T17:25:06Z,Darren Waller,27.5,-110.0,-110,2023,15,2023-12-17,NO,NYG,darren waller,Darren Waller,NYG,TE,,,40.0,4.0,40.0,1,0,-6.0,6.0,39.5,False,True,6.0,-6.0,False,True,False,16.75
2023-12-17T17:30:00Z,2023-12-17T17:25:38Z,2023-12-17T17:20:38Z,2023-12-17T17:30:38Z,269d93043744dc23028a0de89fbc3c14,americanfootball_nfl,2023-12-17 18:03:00+00:00,New Orleans Saints,New York Giants,fanduel,FanDuel,2023-12-17T17:23:37Z,player_reception_yds,2023-12-17T17:25:06Z,Rashid Shaheed,40.5,-110.0,-110,2023,15,2023-12-17,NO,NYG,rashid shaheed,Rashid Shaheed,NO,WR,,,36.0,3.0,36.0,0,0,-6.0,6.0,39.5,True,False,-6.0,6.0,True,False,False,22.75
2023-12-17T17:30:00Z,2023-12-17T17:25:38Z,2023-12-17T17:20:38Z,2023-12-17T17:30:38Z,269d93043744dc23028a0de89fbc3c14,americanfootball_nfl,2023-12-17 18:03:00+00:00,New Orleans Saints,New York Giants,fanduel,FanDuel,2023-12-17T17:23:37Z,player_reception_yds,2023-12-17T17:25:06Z,Jalin Hyatt,23.5,-110.0,-110,2023,15,2023-12-17,NO,NYG,jalin hyatt,Jalin Hyatt,NYG,WR,,,0.0,0.0,0.0,0,0,-6.0,6.0,39.5,False,True,6.0,-6.0,False,True,False,16.75
2023-12-17T20:35:00Z,2023-12-17T20:30:38Z,2023-12-17T20:25:38Z,2023-12-17T20:35:37Z,d2e02edc27163741a907439f1dafd4c2,americanfootball_nfl,2023-12-17 21:08:00+00:00,Arizona Cardinals,San Francisco 49ers,fanduel,FanDuel,2023-12-17T20:30:18Z,player_reception_yds,2023-12-17T20:29:20Z,Brandon Aiyuk,67.5,-110.0,-110,2023,15,2023-12-17,ARI,SF,brandon aiyuk,Brandon Aiyuk,SF,WR,,,37.0,3.0,37.0,0,0,12.5,-12.5,48.0,False,True,-12.5,12.5,True,False,False,30.25
2023-12-17T20:35:00Z,2023-12-17T20:30:38Z,2023-12-17T20:25:38Z,2023-12-17T20:35:37Z,d2e02edc27163741a907439f1dafd4c2,americanfootball_nfl,2023-12-17 21:08:00+00:00,Arizona Cardinals,San Francisco 49ers,fanduel,FanDuel,2023-12-17T20:30:18Z,player_reception_yds,2023-12-17T20:29:20Z,Jauan Jennings,17.5,-110.0,-110,2023,15,2023-12-17,ARI,SF,jauan jennings,Jauan Jennings,SF,WR,,,25.0,2.0,25.0,1,0,12.5,-12.5,48.0,False,True,-12.5,12.5,True,False,False,30.25
2023-12-17T20:35:00Z,2023-12-17T20:30:38Z,2023-12-17T20:25:38Z,2023-12-17T20:35:37Z,d2e02edc27163741a907439f1dafd4c2,americanfootball_nfl,2023-12-17 21:08:00+00:00,Arizona Cardinals,San Francisco 49ers,fanduel,FanDuel,2023-12-17T20:30:18Z,player_reception_yds,2023-12-17T20:29:20Z,George Kittle,45.5,-110.0,-110,2023,15,2023-12-17,ARI,SF,george kittle,George Kittle,SF,TE,,,54.0,2.0,54.0,1,0,12.5,-12.5,48.0,False,True,-12.5,12.5,True,False,False,30.25
2023-12-17T20:35:00Z,2023-12-17T20:30:38Z,2023-12-17T20:25:38Z,2023-12-17T20:35:37Z,d2e02edc27163741a907439f1dafd4c2,americanfootball_nfl,2023-12-17 21:08:00+00:00,Arizona Cardinals,San Francisco 49ers,fanduel,FanDuel,2023-12-17T20:30:18Z,player_reception_yds,2023-12-17T20:29:20Z,Christian McCaffrey,28.5,-110.0,-110,2023,15,2023-12-17,ARI,SF,christian mccaffrey,Christian McCaffrey,SF,HB,,115.0,72.0,5.0,72.0,1,0,12.5,-12.5,48.0,False,True,-12.5,12.5,True,False,False,30.25
2023-12-17T20:35:00Z,2023-12-17T20:30:38Z,2023-12-17T20:25:38Z,2023-12-17T20:35:37Z,d2e02edc27163741a907439f1dafd4c2,americanfootball_nfl,2023-12-17 21:08:00+00:00,Arizona Cardinals,San Francisco 49ers,fanduel,FanDuel,2023-12-17T20:30:18Z,player_reception_yds,2023-12-17T20:29:20Z,Michael Wilson,29.5,-110.0,-110,2023,15,2023-12-17,ARI,SF,michael wilson,Michael Wilson,ARI,WR,,,0.0,0.0,0.0,0,0,12.5,-12.5,48.0,True,False,12.5,-12.5,False,True,False,17.75
2023-12-17T20:35:00Z,2023-12-17T20:30:38Z,2023-12-17T20:25:38Z,2023-12-17T20:35:37Z,d2e02edc27163741a907439f1dafd4c2,americanfootball_nfl,2023-12-17 21:08:00+00:00,Arizona Cardinals,San Francisco 49ers,fanduel,FanDuel,2023-12-17T20:30:18Z,player_reception_yds,2023-12-17T20:29:20Z,Rondale Moore,16.5,-110.0,-110,2023,15,2023-12-17,ARI,SF,rondale moore,Rondale Moore,ARI,WR,,3.0,5.0,2.0,5.0,0,0,12.5,-12.5,48.0,True,False,12.5,-12.5,False,True,False,17.75
2023-12-17T20:35:00Z,2023-12-17T20:30:38Z,2023-12-17T20:25:38Z,2023-12-17T20:35:37Z,d2e02edc27163741a907439f1dafd4c2,americanfootball_nfl,2023-12-17 21:08:00+00:00,Arizona Cardinals,San Francisco 49ers,fanduel,FanDuel,2023-12-17T20:30:18Z,player_reception_yds,2023-12-17T20:29:20Z,Trey McBride,52.5,-110.0,-110,2023,15,2023-12-17,ARI,SF,trey mcbride,Trey McBride,ARI,TE,,,102.0,10.0,102.0,1,0,12.5,-12.5,48.0,True,False,12.5,-12.5,False,True,False,17.75
2023-12-17T20:35:00Z,2023-12-17T20:30:38Z,2023-12-17T20:25:38Z,2023-12-17T20:35:37Z,d2e02edc27163741a907439f1dafd4c2,americanfootball_nfl,2023-12-17 21:08:00+00:00,Arizona Cardinals,San Francisco 49ers,fanduel,FanDuel,2023-12-17T20:30:18Z,player_reception_yds,2023-12-17T20:29:20Z,Deebo Samuel,61.5,-110.0,-110,2023,15,2023-12-17,ARI,SF,deebo samuel,Deebo Samuel,SF,WR,,11.0,48.0,4.0,48.0,0,0,12.5,-12.5,48.0,False,True,-12.5,12.5,True,False,False,30.25
2023-12-17T20:35:00Z,2023-12-17T20:30:38Z,2023-12-17T20:25:38Z,2023-12-17T20:35:37Z,d2e02edc27163741a907439f1dafd4c2,americanfootball_nfl,2023-12-17 21:08:00+00:00,Arizona Cardinals,San Francisco 49ers,fanduel,FanDuel,2023-12-17T20:30:18Z,player_reception_yds,2023-12-17T20:29:20Z,James Conner,9.5,-110.0,-110,2023,15,2023-12-17,ARI,SF,james conner,James Conner,ARI,HB,,86.0,3.0,3.0,3.0,0,0,12.5,-12.5,48.0,True,False,12.5,-12.5,False,True,False,17.75
2023-12-25T17:30:00Z,2023-12-25T17:25:38Z,2023-12-25T17:20:38Z,2023-12-25T17:30:38Z,25aea15aa16519945e654a0a5158ccf0,americanfootball_nfl,2023-12-25 18:01:00+00:00,Kansas City Chiefs,Las Vegas Raiders,fanduel,FanDuel,2023-12-25T17:24:53Z,player_reception_yds,2023-12-25T17:22:19Z,Hunter Renfrow,18.5,-110.0,-110,2023,16,2023-12-25,KC,LV,hunter renfrow,Hunter Renfrow,LV,WR,,,0.0,0.0,0.0,0,0,-11.0,11.0,40.5,False,True,11.0,-11.0,False,True,False,14.75
2023-12-25T17:30:00Z,2023-12-25T17:25:38Z,2023-12-25T17:20:38Z,2023-12-25T17:30:38Z,25aea15aa16519945e654a0a5158ccf0,americanfootball_nfl,2023-12-25 18:01:00+00:00,Kansas City Chiefs,Las Vegas Raiders,fanduel,FanDuel,2023-12-25T17:24:53Z,player_reception_yds,2023-12-25T17:22:19Z,Noah Gray,11.5,-110.0,-110,2023,16,2023-12-25,KC,LV,noah gray,Noah Gray,KC,TE,,,5.0,1.0,5.0,0,0,-11.0,11.0,40.5,True,False,-11.0,11.0,True,False,False,25.75
2023-12-25T17:30:00Z,2023-12-25T17:25:38Z,2023-12-25T17:20:38Z,2023-12-25T17:30:38Z,25aea15aa16519945e654a0a5158ccf0,americanfootball_nfl,2023-12-25 18:01:00+00:00,Kansas City Chiefs,Las Vegas Raiders,fanduel,FanDuel,2023-12-25T17:24:53Z,player_reception_yds,2023-12-25T17:22:19Z,Jakobi Meyers,40.5,-110.0,-110,2023,16,2023-12-25,KC,LV,jakobi meyers,Jakobi Meyers,LV,WR,,,42.0,3.0,42.0,1,0,-11.0,11.0,40.5,False,True,11.0,-11.0,False,True,False,14.75
2023-12-25T17:30:00Z,2023-12-25T17:25:38Z,2023-12-25T17:20:38Z,2023-12-25T17:30:38Z,25aea15aa16519945e654a0a5158ccf0,americanfootball_nfl,2023-12-25 18:01:00+00:00,Kansas City Chiefs,Las Vegas Raiders,fanduel,FanDuel,2023-12-25T17:24:53Z,player_reception_yds,2023-12-25T17:22:19Z,Ameer Abdullah,9.5,-110.0,-110,2023,16,2023-12-25,KC,LV,ameer abdullah,Ameer Abdullah,LV,HB,,11.0,1.0,1.0,1.0,0,0,-11.0,11.0,40.5,False,True,11.0,-11.0,False,True,False,14.75
2023-12-25T17:30:00Z,2023-12-25T17:25:38Z,2023-12-25T17:20:38Z,2023-12-25T17:30:38Z,25aea15aa16519945e654a0a5158ccf0,americanfootball_nfl,2023-12-25 18:01:00+00:00,Kansas City Chiefs,Las Vegas Raiders,fanduel,FanDuel,2023-12-25T17:24:53Z,player_reception_yds,2023-12-25T17:22:19Z,Rashee Rice,67.5,-110.0,-110,2023,16,2023-12-25,KC,LV,rashee rice,Rashee Rice,KC,WR,,,57.0,6.0,57.0,0,0,-11.0,11.0,40.5,True,False,-11.0,11.0,True,False,False,25.75
2023-12-25T17:30:00Z,2023-12-25T17:25:38Z,2023-12-25T17:20:38Z,2023-12-25T17:30:38Z,25aea15aa16519945e654a0a5158ccf0,americanfootball_nfl,2023-12-25 18:01:00+00:00,Kansas City Chiefs,Las Vegas Raiders,fanduel,FanDuel,2023-12-25T17:24:53Z,player_reception_yds,2023-12-25T17:22:19Z,Justin Watson,22.5,-110.0,-110,2023,16,2023-12-25,KC,LV,justin watson,Justin Watson,KC,WR,,,38.0,4.0,38.0,1,0,-11.0,11.0,40.5,True,False,-11.0,11.0,True,False,False,25.75
2023-12-25T17:30:00Z,2023-12-25T17:25:38Z,2023-12-25T17:20:38Z,2023-12-25T17:30:38Z,25aea15aa16519945e654a0a5158ccf0,americanfootball_nfl,2023-12-25 18:01:00+00:00,Kansas City Chiefs,Las Vegas Raiders,fanduel,FanDuel,2023-12-25T17:24:53Z,player_reception_yds,2023-12-25T17:22:19Z,Travis Kelce,67.5,-110.0,-110,2023,16,2023-12-25,KC,LV,travis kelce,Travis Kelce,KC,TE,,,44.0,5.0,44.0,0,0,-11.0,11.0,40.5,True,False,-11.0,11.0,True,False,False,25.75
2023-12-25T17:30:00Z,2023-12-25T17:25:38Z,2023-12-25T17:20:38Z,2023-12-25T17:30:38Z,25aea15aa16519945e654a0a5158ccf0,americanfootball_nfl,2023-12-25 18:01:00+00:00,Kansas City Chiefs,Las Vegas Raiders,fanduel,FanDuel,2023-12-25T17:24:53Z,player_reception_yds,2023-12-25T17:22:19Z,Richie James,13.5,-110.0,-110,2023,16,2023-12-25,KC,LV,richie james,Richie James,KC,WR,,,54.0,3.0,54.0,1,0,-11.0,11.0,40.5,True,False,-11.0,11.0,True,False,False,25.75
2023-12-25T17:30:00Z,2023-12-25T17:25:38Z,2023-12-25T17:20:38Z,2023-12-25T17:30:38Z,25aea15aa16519945e654a0a5158ccf0,americanfootball_nfl,2023-12-25 18:01:00+00:00,Kansas City Chiefs,Las Vegas Raiders,fanduel,FanDuel,2023-12-25T17:24:53Z,player_reception_yds,2023-12-25T17:22:19Z,Davante Adams,64.5,-110.0,-110,2023,16,2023-12-25,KC,LV,davante adams,Davante Adams,LV,WR,,,4.0,1.0,4.0,0,0,-11.0,11.0,40.5,False,True,11.0,-11.0,False,True,False,14.75
2023-12-25T17:30:00Z,2023-12-25T17:25:38Z,2023-12-25T17:20:38Z,2023-12-25T17:30:38Z,25aea15aa16519945e654a0a5158ccf0,americanfootball_nfl,2023-12-25 18:01:00+00:00,Kansas City Chiefs,Las Vegas Raiders,fanduel,FanDuel,2023-12-25T17:24:53Z,player_reception_yds,2023-12-25T17:22:19Z,Marquez Valdes-Scantling,16.5,-110.0,-110,2023,16,2023-12-25,KC,LV,marquez valdes scantling,Marquez Valdes-Scantling,KC,WR,,,0.0,0.0,0.0,0,0,-11.0,11.0,40.5,True,False,-11.0,11.0,True,False,False,25.75
2023-12-25T17:30:00Z,2023-12-25T17:25:38Z,2023-12-25T17:20:38Z,2023-12-25T17:30:38Z,25aea15aa16519945e654a0a5158ccf0,americanfootball_nfl,2023-12-25 18:01:00+00:00,Kansas City Chiefs,Las Vegas Raiders,fanduel,FanDuel,2023-12-25T17:24:53Z,player_reception_yds,2023-12-25T17:22:19Z,Austin Hooper,17.5,-110.0,-110,2023,16,2023-12-25,KC,LV,austin hooper,Austin Hooper,LV,TE,,,13.0,2.0,13.0,0,0,-11.0,11.0,40.5,False,True,11.0,-11.0,False,True,False,14.75
2023-12-25T17:30:00Z,2023-12-25T17:25:38Z,2023-12-25T17:20:38Z,2023-12-25T17:30:38Z,25aea15aa16519945e654a0a5158ccf0,americanfootball_nfl,2023-12-25 18:01:00+00:00,Kansas City Chiefs,Las Vegas Raiders,fanduel,FanDuel,2023-12-25T17:24:53Z,player_reception_yds,2023-12-25T17:22:19Z,Zamir White,13.5,-110.0,-110,2023,16,2023-12-25,KC,LV,zamir white,Zamir White,LV,HB,,145.0,,,0.0,0,0,-11.0,11.0,40.5,False,True,11.0,-11.0,False,True,False,14.75
2023-12-25T17:30:00Z,2023-12-25T17:25:38Z,2023-12-25T17:20:38Z,2023-12-25T17:30:38Z,25aea15aa16519945e654a0a5158ccf0,americanfootball_nfl,2023-12-25 18:01:00+00:00,Kansas City Chiefs,Las Vegas Raiders,fanduel,FanDuel,2023-12-25T17:24:53Z,player_reception_yds,2023-12-25T17:22:19Z,Isiah Pacheco,22.5,-110.0,-110,2023,16,2023-12-25,KC,LV,isiah pacheco,Isiah Pacheco,KC,HB,,26.0,0.0,4.0,0.0,0,0,-11.0,11.0,40.5,True,False,-11.0,11.0,True,False,False,25.75
2023-12-25T21:00:00Z,2023-12-25T20:55:38Z,2023-12-25T20:50:38Z,2023-12-25T21:00:39Z,361a376a7fe6aa6a72a42331299683dc,americanfootball_nfl,2023-12-25 21:31:00+00:00,Philadelphia Eagles,New York Giants,fanduel,FanDuel,2023-12-25T20:55:10Z,player_reception_yds,2023-12-25T20:54:17Z,Dallas Goedert,40.5,-110.0,-110,2023,16,2023-12-25,PHI,NYG,dallas goedert,Dallas Goedert,PHI,TE,,,71.0,7.0,71.0,1,0,-14.0,14.0,41.0,True,False,-14.0,14.0,True,False,False,27.5
2023-12-25T21:00:00Z,2023-12-25T20:55:38Z,2023-12-25T20:50:38Z,2023-12-25T21:00:39Z,361a376a7fe6aa6a72a42331299683dc,americanfootball_nfl,2023-12-25 21:31:00+00:00,Philadelphia Eagles,New York Giants,fanduel,FanDuel,2023-12-25T20:55:10Z,player_reception_yds,2023-12-25T20:54:17Z,Saquon Barkley,18.5,-110.0,-110,2023,16,2023-12-25,PHI,NYG,saquon barkley,Saquon Barkley,NYG,HB,,80.0,4.0,3.0,4.0,0,0,-14.0,14.0,41.0,False,True,14.0,-14.0,False,True,False,13.5
2023-12-25T21:00:00Z,2023-12-25T20:55:38Z,2023-12-25T20:50:38Z,2023-12-25T21:00:39Z,361a376a7fe6aa6a72a42331299683dc,americanfootball_nfl,2023-12-25 21:31:00+00:00,Philadelphia Eagles,New York Giants,fanduel,FanDuel,2023-12-25T20:55:10Z,player_reception_yds,2023-12-25T20:54:17Z,Darren Waller,36.5,-110.0,-110,2023,16,2023-12-25,PHI,NYG,darren waller,Darren Waller,NYG,TE,,,32.0,2.0,32.0,0,0,-14.0,14.0,41.0,False,True,14.0,-14.0,False,True,False,13.5
2023-12-25T21:00:00Z,2023-12-25T20:55:38Z,2023-12-25T20:50:38Z,2023-12-25T21:00:39Z,361a376a7fe6aa6a72a42331299683dc,americanfootball_nfl,2023-12-25 21:31:00+00:00,Philadelphia Eagles,New York Giants,fanduel,FanDuel,2023-12-25T20:55:10Z,player_reception_yds,2023-12-25T20:54:17Z,A.J. Brown,76.5,-110.0,-110,2023,16,2023-12-25,PHI,NYG,aj brown,A.J. Brown,PHI,WR,,,80.0,6.0,80.0,1,0,-14.0,14.0,41.0,True,False,-14.0,14.0,True,False,False,27.5
2023-12-25T21:00:00Z,2023-12-25T20:55:38Z,2023-12-25T20:50:38Z,2023-12-25T21:00:39Z,361a376a7fe6aa6a72a42331299683dc,americanfootball_nfl,2023-12-25 21:31:00+00:00,Philadelphia Eagles,New York Giants,fanduel,FanDuel,2023-12-25T20:55:10Z,player_reception_yds,2023-12-25T20:54:17Z,DeVonta Smith,54.5,-110.0,-110,2023,16,2023-12-25,PHI,NYG,devonta smith,DeVonta Smith,PHI,WR,,,79.0,4.0,79.0,1,0,-14.0,14.0,41.0,True,False,-14.0,14.0,True,False,False,27.5
2023-12-25T21:00:00Z,2023-12-25T20:55:38Z,2023-12-25T20:50:38Z,2023-12-25T21:00:39Z,361a376a7fe6aa6a72a42331299683dc,americanfootball_nfl,2023-12-25 21:31:00+00:00,Philadelphia Eagles,New York Giants,fanduel,FanDuel,2023-12-25T20:55:10Z,player_reception_yds,2023-12-25T20:54:17Z,Wan'Dale Robinson,31.5,-110.0,-110,2023,16,2023-12-25,PHI,NYG,wandale robinson,Wan'Dale Robinson,NYG,WR,,,16.0,3.0,16.0,0,0,-14.0,14.0,41.0,False,True,14.0,-14.0,False,True,False,13.5
2023-12-25T21:00:00Z,2023-12-25T20:55:38Z,2023-12-25T20:50:38Z,2023-12-25T21:00:39Z,361a376a7fe6aa6a72a42331299683dc,americanfootball_nfl,2023-12-25 21:31:00+00:00,Philadelphia Eagles,New York Giants,fanduel,FanDuel,2023-12-25T20:55:10Z,player_reception_yds,2023-12-25T20:54:17Z,Darius Slayton,29.5,-110.0,-110,2023,16,2023-12-25,PHI,NYG,darius slayton,Darius Slayton,NYG,WR,,,90.0,3.0,90.0,1,0,-14.0,14.0,41.0,False,True,14.0,-14.0,False,True,False,13.5
2023-12-25T21:00:00Z,2023-12-25T20:55:38Z,2023-12-25T20:50:38Z,2023-12-25T21:00:39Z,361a376a7fe6aa6a72a42331299683dc,americanfootball_nfl,2023-12-25 21:31:00+00:00,Philadelphia Eagles,New York Giants,fanduel,FanDuel,2023-12-25T20:55:10Z,player_reception_yds,2023-12-25T20:54:17Z,D'Andre Swift,12.5,-110.0,-110,2023,16,2023-12-25,PHI,NYG,dandre swift,D'Andre Swift,PHI,HB,,92.0,,,0.0,0,0,-14.0,14.0,41.0,True,False,-14.0,14.0,True,False,False,27.5
2023-12-25T21:00:00Z,2023-12-25T20:55:38Z,2023-12-25T20:50:38Z,2023-12-25T21:00:39Z,361a376a7fe6aa6a72a42331299683dc,americanfootball_nfl,2023-12-25 21:31:00+00:00,Philadelphia Eagles,New York Giants,fanduel,FanDuel,2023-12-25T20:55:10Z,player_reception_yds,2023-12-25T20:54:17Z,Jalin Hyatt,18.5,-110.0,-110,2023,16,2023-12-25,PHI,NYG,jalin hyatt,,,,,,,,0.0,0,0,-14.0,14.0,41.0,False,False,,,False,False,False,
2023-12-29T00:45:00Z,2023-12-29T00:40:39Z,2023-12-29T00:35:38Z,2023-12-29T00:45:38Z,856010af3973ce10b0dd20f7dfc50fb6,americanfootball_nfl,2023-12-29 01:18:00+00:00,Cleveland Browns,New York Jets,fanduel,FanDuel,2023-12-29T00:40:05Z,player_reception_yds,2023-12-29T00:38:31Z,David Njoku,53.5,-110.0,-110,2023,17,2023-12-28,CLE,NYJ,david njoku,David Njoku,CLE,TE,,,134.0,6.0,134.0,1,0,-6.5,6.5,33.5,True,False,-6.5,6.5,True,False,False,20.0
2023-12-29T00:45:00Z,2023-12-29T00:40:39Z,2023-12-29T00:35:38Z,2023-12-29T00:45:38Z,856010af3973ce10b0dd20f7dfc50fb6,americanfootball_nfl,2023-12-29 01:18:00+00:00,Cleveland Browns,New York Jets,fanduel,FanDuel,2023-12-29T00:40:05Z,player_reception_yds,2023-12-29T00:38:31Z,Cedric Tillman,28.5,-110.0,-110,2023,17,2023-12-28,CLE,NYJ,cedric tillman,Cedric Tillman,CLE,WR,,,8.0,1.0,8.0,0,0,-6.5,6.5,33.5,True,False,-6.5,6.5,True,False,False,20.0
2023-12-29T00:45:00Z,2023-12-29T00:40:39Z,2023-12-29T00:35:38Z,2023-12-29T00:45:38Z,856010af3973ce10b0dd20f7dfc50fb6,americanfootball_nfl,2023-12-29 01:18:00+00:00,Cleveland Browns,New York Jets,fanduel,FanDuel,2023-12-29T00:40:05Z,player_reception_yds,2023-12-29T00:38:31Z,Jerome Ford,18.5,-110.0,-110,2023,17,2023-12-28,CLE,NYJ,jerome ford,Jerome Ford,CLE,HB,,64.0,57.0,2.0,57.0,1,0,-6.5,6.5,33.5,True,False,-6.5,6.5,True,False,False,20.0
2023-12-29T00:45:00Z,2023-12-29T00:40:39Z,2023-12-29T00:35:38Z,2023-12-29T00:45:38Z,856010af3973ce10b0dd20f7dfc50fb6,americanfootball_nfl,2023-12-29 01:18:00+00:00,Cleveland Browns,New York Jets,fanduel,FanDuel,2023-12-29T00:40:05Z,player_reception_yds,2023-12-29T00:38:31Z,Garrett Wilson,51.5,-110.0,-110,2023,17,2023-12-28,CLE,NYJ,garrett wilson,Garrett Wilson,NYJ,WR,,-1.0,50.0,5.0,50.0,0,0,-6.5,6.5,33.5,False,True,6.5,-6.5,False,True,False,13.5
2023-12-29T00:45:00Z,2023-12-29T00:40:39Z,2023-12-29T00:35:38Z,2023-12-29T00:45:38Z,856010af3973ce10b0dd20f7dfc50fb6,americanfootball_nfl,2023-12-29 01:18:00+00:00,Cleveland Browns,New York Jets,fanduel,FanDuel,2023-12-29T00:40:05Z,player_reception_yds,2023-12-29T00:38:31Z,Xavier Gipson,17.5,-110.0,-110,2023,17,2023-12-28,CLE,NYJ,xavier gipson,Xavier Gipson,NYJ,WR,,8.0,33.0,4.0,33.0,1,0,-6.5,6.5,33.5,False,True,6.5,-6.5,False,True,False,13.5
2023-12-29T00:45:00Z,2023-12-29T00:40:39Z,2023-12-29T00:35:38Z,2023-12-29T00:45:38Z,856010af3973ce10b0dd20f7dfc50fb6,americanfootball_nfl,2023-12-29 01:18:00+00:00,Cleveland Browns,New York Jets,fanduel,FanDuel,2023-12-29T00:40:05Z,player_reception_yds,2023-12-29T00:38:31Z,Breece Hall,33.5,-110.0,-110,2023,17,2023-12-28,CLE,NYJ,breece hall,Breece Hall,NYJ,HB,,84.0,42.0,9.0,42.0,1,0,-6.5,6.5,33.5,False,True,6.5,-6.5,False,True,False,13.5
2023-12-29T00:45:00Z,2023-12-29T00:40:39Z,2023-12-29T00:35:38Z,2023-12-29T00:45:38Z,856010af3973ce10b0dd20f7dfc50fb6,americanfootball_nfl,2023-12-29 01:18:00+00:00,Cleveland Browns,New York Jets,fanduel,FanDuel,2023-12-29T00:40:05Z,player_reception_yds,2023-12-29T00:38:31Z,Tyler Conklin,27.5,-110.0,-110,2023,17,2023-12-28,CLE,NYJ,tyler conklin,Tyler Conklin,NYJ,TE,,,45.0,5.0,45.0,1,0,-6.5,6.5,33.5,False,True,6.5,-6.5,False,True,False,13.5
2023-12-29T00:45:00Z,2023-12-29T00:40:39Z,2023-12-29T00:35:38Z,2023-12-29T00:45:38Z,856010af3973ce10b0dd20f7dfc50fb6,americanfootball_nfl,2023-12-29 01:18:00+00:00,Cleveland Browns,New York Jets,fanduel,FanDuel,2023-12-29T00:40:05Z,player_reception_yds,2023-12-29T00:38:31Z,Elijah Moore,41.5,-110.0,-110,2023,17,2023-12-28,CLE,NYJ,elijah moore,Elijah Moore,CLE,WR,,,61.0,5.0,61.0,1,0,-6.5,6.5,33.5,True,False,-6.5,6.5,True,False,False,20.0
2023-12-31T00:45:00Z,2023-12-31T00:40:38Z,2023-12-31T00:35:38Z,2023-12-31T00:45:38Z,e282b9dedc7fbb32af43dcd2c0514ddf,americanfootball_nfl,2023-12-31 01:18:00+00:00,Dallas Cowboys,Detroit Lions,fanduel,FanDuel,2023-12-31T00:40:21Z,player_reception_yds,2023-12-31T00:40:03Z,Jake Ferguson,49.5,-110.0,-110,2023,17,2023-12-30,DAL,DET,jake ferguson,Jake Ferguson,DAL,TE,,,33.0,4.0,33.0,0,0,-5.5,5.5,53.0,True,False,-5.5,5.5,True,False,False,29.25
2023-12-31T00:45:00Z,2023-12-31T00:40:38Z,2023-12-31T00:35:38Z,2023-12-31T00:45:38Z,e282b9dedc7fbb32af43dcd2c0514ddf,americanfootball_nfl,2023-12-31 01:18:00+00:00,Dallas Cowboys,Detroit Lions,fanduel,FanDuel,2023-12-31T00:40:21Z,player_reception_yds,2023-12-31T00:40:03Z,Sam LaPorta,50.5,-110.0,-110,2023,17,2023-12-30,DAL,DET,sam laporta,Sam LaPorta,DET,TE,,,84.0,7.0,84.0,1,0,-5.5,5.5,53.0,False,True,5.5,-5.5,False,True,False,23.75
2023-12-31T00:45:00Z,2023-12-31T00:40:38Z,2023-12-31T00:35:38Z,2023-12-31T00:45:38Z,e282b9dedc7fbb32af43dcd2c0514ddf,americanfootball_nfl,2023-12-31 01:18:00+00:00,Dallas Cowboys,Detroit Lions,fanduel,FanDuel,2023-12-31T00:40:21Z,player_reception_yds,2023-12-31T00:40:03Z,Jameson Williams,33.5,-110.0,-110,2023,17,2023-12-30,DAL,DET,jameson williams,Jameson Williams,DET,WR,,6.0,69.0,2.0,69.0,1,0,-5.5,5.5,53.0,False,True,5.5,-5.5,False,True,False,23.75
2023-12-31T00:45:00Z,2023-12-31T00:40:38Z,2023-12-31T00:35:38Z,2023-12-31T00:45:38Z,e282b9dedc7fbb32af43dcd2c0514ddf,americanfootball_nfl,2023-12-31 01:18:00+00:00,Dallas Cowboys,Detroit Lions,fanduel,FanDuel,2023-12-31T00:40:21Z,player_reception_yds,2023-12-31T00:40:03Z,Michael Gallup,17.5,-110.0,-110,2023,17,2023-12-30,DAL,DET,michael gallup,,,,,,,,0.0,0,0,-5.5,5.5,53.0,False,False,,,False,False,False,
2023-12-31T00:45:00Z,2023-12-31T00:40:38Z,2023-12-31T00:35:38Z,2023-12-31T00:45:38Z,e282b9dedc7fbb32af43dcd2c0514ddf,americanfootball_nfl,2023-12-31 01:18:00+00:00,Dallas Cowboys,Detroit Lions,fanduel,FanDuel,2023-12-31T00:40:21Z,player_reception_yds,2023-12-31T00:40:03Z,Brandin Cooks,42.5,-110.0,-110,2023,17,2023-12-30,DAL,DET,brandin cooks,Brandin Cooks,DAL,WR,,,60.0,5.0,60.0,1,0,-5.5,5.5,53.0,True,False,-5.5,5.5,True,False,False,29.25
2023-12-31T00:45:00Z,2023-12-31T00:40:38Z,2023-12-31T00:35:38Z,2023-12-31T00:45:38Z,e282b9dedc7fbb32af43dcd2c0514ddf,americanfootball_nfl,2023-12-31 01:18:00+00:00,Dallas Cowboys,Detroit Lions,fanduel,FanDuel,2023-12-31T00:40:21Z,player_reception_yds,2023-12-31T00:40:03Z,Jahmyr Gibbs,23.5,-115.0,-105,2023,17,2023-12-30,DAL,DET,jahmyr gibbs,Jahmyr Gibbs,DET,HB,,43.0,0.0,1.0,0.0,0,0,-5.5,5.5,53.0,False,True,5.5,-5.5,False,True,False,23.75
2023-12-31T00:45:00Z,2023-12-31T00:40:38Z,2023-12-31T00:35:38Z,2023-12-31T00:45:38Z,e282b9dedc7fbb32af43dcd2c0514ddf,americanfootball_nfl,2023-12-31 01:18:00+00:00,Dallas Cowboys,Detroit Lions,fanduel,FanDuel,2023-12-31T00:40:21Z,player_reception_yds,2023-12-31T00:40:03Z,CeeDee Lamb,98.5,-110.0,-110,2023,17,2023-12-30,DAL,DET,ceedee lamb,CeeDee Lamb,DAL,WR,,5.0,227.0,13.0,227.0,1,0,-5.5,5.5,53.0,True,False,-5.5,5.5,True,False,False,29.25
2023-12-31T00:45:00Z,2023-12-31T00:40:38Z,2023-12-31T00:35:38Z,2023-12-31T00:45:38Z,e282b9dedc7fbb32af43dcd2c0514ddf,americanfootball_nfl,2023-12-31 01:18:00+00:00,Dallas Cowboys,Detroit Lions,fanduel,FanDuel,2023-12-31T00:40:21Z,player_reception_yds,2023-12-31T00:40:03Z,Josh Reynolds,17.5,-110.0,-110,2023,17,2023-12-30,DAL,DET,josh reynolds,Josh Reynolds,DET,WR,,,13.0,1.0,13.0,0,0,-5.5,5.5,53.0,False,True,5.5,-5.5,False,True,False,23.75
2023-12-31T00:45:00Z,2023-12-31T00:40:38Z,2023-12-31T00:35:38Z,2023-12-31T00:45:38Z,e282b9dedc7fbb32af43dcd2c0514ddf,americanfootball_nfl,2023-12-31 01:18:00+00:00,Dallas Cowboys,Detroit Lions,fanduel,FanDuel,2023-12-31T00:40:21Z,player_reception_yds,2023-12-31T00:40:03Z,Kalif Raymond,13.5,-110.0,-110,2023,17,2023-12-30,DAL,DET,kalif raymond,Kalif Raymond,DET,WR,,,11.0,1.0,11.0,0,0,-5.5,5.5,53.0,False,True,5.5,-5.5,False,True,False,23.75
2023-12-31T00:45:00Z,2023-12-31T00:40:38Z,2023-12-31T00:35:38Z,2023-12-31T00:45:38Z,e282b9dedc7fbb32af43dcd2c0514ddf,americanfootball_nfl,2023-12-31 01:18:00+00:00,Dallas Cowboys,Detroit Lions,fanduel,FanDuel,2023-12-31T00:40:21Z,player_reception_yds,2023-12-31T00:40:03Z,Jalen Tolbert,15.5,-110.0,-110,2023,17,2023-12-30,DAL,DET,jalen tolbert,Jalen Tolbert,DAL,WR,,,9.0,1.0,9.0,0,0,-5.5,5.5,53.0,True,False,-5.5,5.5,True,False,False,29.25
2023-12-31T00:45:00Z,2023-12-31T00:40:38Z,2023-12-31T00:35:38Z,2023-12-31T00:45:38Z,e282b9dedc7fbb32af43dcd2c0514ddf,americanfootball_nfl,2023-12-31 01:18:00+00:00,Dallas Cowboys,Detroit Lions,fanduel,FanDuel,2023-12-31T00:40:21Z,player_reception_yds,2023-12-31T00:40:03Z,Amon-Ra St. Brown,82.5,-110.0,-110,2023,17,2023-12-30,DAL,DET,amon ra st brown,Amon-Ra St. Brown,DET,WR,,11.0,90.0,6.0,90.0,1,0,-5.5,5.5,53.0,False,True,5.5,-5.5,False,True,False,23.75
2023-12-31T00:45:00Z,2023-12-31T00:40:38Z,2023-12-31T00:35:38Z,2023-12-31T00:45:38Z,e282b9dedc7fbb32af43dcd2c0514ddf,americanfootball_nfl,2023-12-31 01:18:00+00:00,Dallas Cowboys,Detroit Lions,fanduel,FanDuel,2023-12-31T00:40:21Z,player_reception_yds,2023-12-31T00:40:03Z,Tony Pollard,17.5,-110.0,-110,2023,17,2023-12-30,DAL,DET,tony pollard,Tony Pollard,DAL,HB,,49.0,0.0,1.0,0.0,0,0,-5.5,5.5,53.0,True,False,-5.5,5.5,True,False,False,29.25
2023-12-31T17:30:00Z,2023-12-31T17:25:38Z,2023-12-31T17:20:39Z,2023-12-31T17:30:38Z,04a8a0b984c5853cc74b3f7aa350169d,americanfootball_nfl,2023-12-31 18:03:00+00:00,Chicago Bears,Atlanta Falcons,fanduel,FanDuel,2023-12-31T17:25:33Z,player_reception_yds,2023-12-31T17:22:58Z,Tyler Scott,14.5,-110.0,-110,2023,17,2023-12-31,CHI,ATL,tyler scott,Tyler Scott,CHI,WR,,,15.0,2.0,15.0,1,0,-3.0,3.0,39.0,True,False,-3.0,3.0,True,False,False,21.0
2023-12-31T17:30:00Z,2023-12-31T17:25:38Z,2023-12-31T17:20:39Z,2023-12-31T17:30:38Z,04a8a0b984c5853cc74b3f7aa350169d,americanfootball_nfl,2023-12-31 18:03:00+00:00,Chicago Bears,Atlanta Falcons,fanduel,FanDuel,2023-12-31T17:25:33Z,player_reception_yds,2023-12-31T17:22:58Z,DJ Moore,63.5,-110.0,-110,2023,17,2023-12-31,CHI,ATL,dj moore,DJ Moore,CHI,WR,,,159.0,9.0,159.0,1,0,-3.0,3.0,39.0,True,False,-3.0,3.0,True,False,False,21.0
2023-12-31T17:30:00Z,2023-12-31T17:25:38Z,2023-12-31T17:20:39Z,2023-12-31T17:30:38Z,04a8a0b984c5853cc74b3f7aa350169d,americanfootball_nfl,2023-12-31 18:03:00+00:00,Chicago Bears,Atlanta Falcons,fanduel,FanDuel,2023-12-31T17:25:33Z,player_reception_yds,2023-12-31T17:22:58Z,Roschon Johnson,15.5,-110.0,-110,2023,17,2023-12-31,CHI,ATL,roschon johnson,Roschon Johnson,CHI,HB,,21.0,38.0,3.0,38.0,1,0,-3.0,3.0,39.0,True,False,-3.0,3.0,True,False,False,21.0
2023-12-31T17:30:00Z,2023-12-31T17:25:38Z,2023-12-31T17:20:39Z,2023-12-31T17:30:38Z,04a8a0b984c5853cc74b3f7aa350169d,americanfootball_nfl,2023-12-31 18:03:00+00:00,Chicago Bears,Atlanta Falcons,fanduel,FanDuel,2023-12-31T17:25:33Z,player_reception_yds,2023-12-31T17:22:58Z,Van Jefferson,11.5,100.0,-122,2023,17,2023-12-31,CHI,ATL,van jefferson,Van Jefferson,ATL,WR,,,19.0,3.0,19.0,1,0,-3.0,3.0,39.0,False,True,3.0,-3.0,False,True,False,18.0
2023-12-31T17:30:00Z,2023-12-31T17:25:38Z,2023-12-31T17:20:39Z,2023-12-31T17:30:38Z,04a8a0b984c5853cc74b3f7aa350169d,americanfootball_nfl,2023-12-31 18:03:00+00:00,Chicago Bears,Atlanta Falcons,fanduel,FanDuel,2023-12-31T17:25:33Z,player_reception_yds,2023-12-31T17:22:58Z,Drake London,44.5,-110.0,-110,2023,17,2023-12-31,CHI,ATL,drake london,Drake London,ATL,WR,,,56.0,4.0,56.0,1,0,-3.0,3.0,39.0,False,True,3.0,-3.0,False,True,False,18.0
2023-12-31T17:30:00Z,2023-12-31T17:25:38Z,2023-12-31T17:20:39Z,2023-12-31T17:30:38Z,04a8a0b984c5853cc74b3f7aa350169d,americanfootball_nfl,2023-12-31 18:03:00+00:00,Chicago Bears,Atlanta Falcons,fanduel,FanDuel,2023-12-31T17:25:33Z,player_reception_yds,2023-12-31T17:22:58Z,Bijan Robinson,23.5,-110.0,-110,2023,17,2023-12-31,CHI,ATL,bijan robinson,Bijan Robinson,ATL,HB,,68.0,11.0,3.0,11.0,0,0,-3.0,3.0,39.0,False,True,3.0,-3.0,False,True,False,18.0
2023-12-31T17:30:00Z,2023-12-31T17:25:38Z,2023-12-31T17:20:39Z,2023-12-31T17:30:38Z,04a8a0b984c5853cc74b3f7aa350169d,americanfootball_nfl,2023-12-31 18:03:00+00:00,Chicago Bears,Atlanta Falcons,fanduel,FanDuel,2023-12-31T17:25:33Z,player_reception_yds,2023-12-31T17:22:58Z,Kyle Pitts,34.5,-110.0,-110,2023,17,2023-12-31,CHI,ATL,kyle pitts,Kyle Pitts,ATL,TE,,,5.0,1.0,5.0,0,0,-3.0,3.0,39.0,False,True,3.0,-3.0,False,True,False,18.0
2023-12-31T17:30:00Z,2023-12-31T17:25:38Z,2023-12-31T17:20:39Z,2023-12-31T17:30:38Z,10c45d3ea3c7306b41f67688c09df290,americanfootball_nfl,2023-12-31 18:01:00+00:00,Baltimore Ravens,Miami Dolphins,fanduel,FanDuel,2023-12-31T17:25:33Z,player_reception_yds,2023-12-31T17:24:22Z,Zay Flowers,48.5,-110.0,-110,2023,17,2023-12-31,BAL,MIA,zay flowers,Zay Flowers,BAL,WR,,,106.0,3.0,106.0,1,0,-3.0,3.0,47.0,True,False,-3.0,3.0,True,False,False,25.0
2023-12-31T17:30:00Z,2023-12-31T17:25:38Z,2023-12-31T17:20:39Z,2023-12-31T17:30:38Z,10c45d3ea3c7306b41f67688c09df290,americanfootball_nfl,2023-12-31 18:01:00+00:00,Baltimore Ravens,Miami Dolphins,fanduel,FanDuel,2023-12-31T17:25:33Z,player_reception_yds,2023-12-31T17:24:22Z,Isaiah Likely,42.5,-110.0,-110,2023,17,2023-12-31,BAL,MIA,isaiah likely,Isaiah Likely,BAL,TE,,,42.0,2.0,42.0,0,0,-3.0,3.0,47.0,True,False,-3.0,3.0,True,False,False,25.0
2023-12-31T17:30:00Z,2023-12-31T17:25:38Z,2023-12-31T17:20:39Z,2023-12-31T17:30:38Z,10c45d3ea3c7306b41f67688c09df290,americanfootball_nfl,2023-12-31 18:01:00+00:00,Baltimore Ravens,Miami Dolphins,fanduel,FanDuel,2023-12-31T17:25:33Z,player_reception_yds,2023-12-31T17:24:22Z,Odell Beckham Jr.,33.5,-110.0,-110,2023,17,2023-12-31,BAL,MIA,odell beckham,Odell Beckham Jr.,BAL,WR,,,33.0,1.0,33.0,0,0,-3.0,3.0,47.0,True,False,-3.0,3.0,True,False,False,25.0
2023-12-31T17:30:00Z,2023-12-31T17:25:38Z,2023-12-31T17:20:39Z,2023-12-31T17:30:38Z,10c45d3ea3c7306b41f67688c09df290,americanfootball_nfl,2023-12-31 18:01:00+00:00,Baltimore Ravens,Miami Dolphins,fanduel,FanDuel,2023-12-31T17:25:33Z,player_reception_yds,2023-12-31T17:24:22Z,Cedrick Wilson Jr.,36.5,-110.0,-110,2023,17,2023-12-31,BAL,MIA,cedrick wilson,Cedrick Wilson Jr.,MIA,WR,,,27.0,2.0,27.0,0,0,-3.0,3.0,47.0,False,True,3.0,-3.0,False,True,False,22.0
2023-12-31T17:30:00Z,2023-12-31T17:25:38Z,2023-12-31T17:20:39Z,2023-12-31T17:30:38Z,10c45d3ea3c7306b41f67688c09df290,americanfootball_nfl,2023-12-31 18:01:00+00:00,Baltimore Ravens,Miami Dolphins,fanduel,FanDuel,2023-12-31T17:25:33Z,player_reception_yds,2023-12-31T17:24:22Z,Durham Smythe,23.5,-110.0,-110,2023,17,2023-12-31,BAL,MIA,durham smythe,Durham Smythe,MIA,TE,,,54.0,3.0,54.0,1,0,-3.0,3.0,47.0,False,True,3.0,-3.0,False,True,False,22.0
2023-12-31T17:30:00Z,2023-12-31T17:25:38Z,2023-12-31T17:20:39Z,2023-12-31T17:30:38Z,10c45d3ea3c7306b41f67688c09df290,americanfootball_nfl,2023-12-31 18:01:00+00:00,Baltimore Ravens,Miami Dolphins,fanduel,FanDuel,2023-12-31T17:25:33Z,player_reception_yds,2023-12-31T17:24:22Z,Tyreek Hill,98.5,-110.0,-110,2023,17,2023-12-31,BAL,MIA,tyreek hill,Tyreek Hill,MIA,WR,,0.0,76.0,6.0,76.0,0,0,-3.0,3.0,47.0,False,True,3.0,-3.0,False,True,False,22.0
2023-12-31T17:30:00Z,2023-12-31T17:25:38Z,2023-12-31T17:20:39Z,2023-12-31T17:30:38Z,10c45d3ea3c7306b41f67688c09df290,americanfootball_nfl,2023-12-31 18:01:00+00:00,Baltimore Ravens,Miami Dolphins,fanduel,FanDuel,2023-12-31T17:25:33Z,player_reception_yds,2023-12-31T17:24:22Z,Braxton Berrios,14.5,-110.0,-110,2023,17,2023-12-31,BAL,MIA,braxton berrios,Braxton Berrios,MIA,WR,,,10.0,2.0,10.0,0,0,-3.0,3.0,47.0,False,True,3.0,-3.0,False,True,False,22.0
2023-12-31T17:30:00Z,2023-12-31T17:25:38Z,2023-12-31T17:20:39Z,2023-12-31T17:30:38Z,10c45d3ea3c7306b41f67688c09df290,americanfootball_nfl,2023-12-31 18:01:00+00:00,Baltimore Ravens,Miami Dolphins,fanduel,FanDuel,2023-12-31T17:25:33Z,player_reception_yds,2023-12-31T17:24:22Z,De'Von Achane,24.5,-110.0,-110,2023,17,2023-12-31,BAL,MIA,devon achane,De'Von Achane,MIA,HB,,107.0,30.0,4.0,30.0,1,0,-3.0,3.0,47.0,False,True,3.0,-3.0,False,True,False,22.0
2023-12-31T17:30:00Z,2023-12-31T17:25:38Z,2023-12-31T17:20:39Z,2023-12-31T17:30:38Z,10c45d3ea3c7306b41f67688c09df290,americanfootball_nfl,2023-12-31 18:01:00+00:00,Baltimore Ravens,Miami Dolphins,fanduel,FanDuel,2023-12-31T17:25:33Z,player_reception_yds,2023-12-31T17:24:22Z,Rashod Bateman,23.5,-110.0,-110,2023,17,2023-12-31,BAL,MIA,rashod bateman,Rashod Bateman,BAL,WR,,,54.0,4.0,54.0,1,0,-3.0,3.0,47.0,True,False,-3.0,3.0,True,False,False,25.0
2023-12-31T17:30:00Z,2023-12-31T17:25:38Z,2023-12-31T17:20:39Z,2023-12-31T17:30:38Z,10c45d3ea3c7306b41f67688c09df290,americanfootball_nfl,2023-12-31 18:01:00+00:00,Baltimore Ravens,Miami Dolphins,fanduel,FanDuel,2023-12-31T17:25:33Z,player_reception_yds,2023-12-31T17:24:22Z,Justice Hill,11.5,-110.0,-110,2023,17,2023-12-31,BAL,MIA,justice hill,Justice Hill,BAL,HB,,48.0,64.0,5.0,64.0,1,0,-3.0,3.0,47.0,True,False,-3.0,3.0,True,False,False,25.0
2023-12-31T17:30:00Z,2023-12-31T17:25:38Z,2023-12-31T17:20:39Z,2023-12-31T17:30:38Z,10c45d3ea3c7306b41f67688c09df290,americanfootball_nfl,2023-12-31 18:01:00+00:00,Baltimore Ravens,Miami Dolphins,fanduel,FanDuel,2023-12-31T17:25:33Z,player_reception_yds,2023-12-31T17:24:22Z,Nelson Agholor,16.5,-110.0,-110,2023,17,2023-12-31,BAL,MIA,nelson agholor,Nelson Agholor,BAL,WR,,,18.0,2.0,18.0,1,0,-3.0,3.0,47.0,True,False,-3.0,3.0,True,False,False,25.0
2023-12-31T17:30:00Z,2023-12-31T17:25:38Z,2023-12-31T17:20:39Z,2023-12-31T17:30:38Z,51a3c6804628bc320376f1281759cd59,americanfootball_nfl,2023-12-31 18:03:00+00:00,Buffalo Bills,New England Patriots,fanduel,FanDuel,2023-12-31T17:25:33Z,player_reception_yds,2023-12-31T17:17:34Z,Dalton Kincaid,24.5,-110.0,-110,2023,17,2023-12-31,BUF,NE,dalton kincaid,Dalton Kincaid,BUF,TE,,,87.0,4.0,87.0,1,0,-15.0,15.0,40.0,True,False,-15.0,15.0,True,False,False,27.5
2023-12-31T17:30:00Z,2023-12-31T17:25:38Z,2023-12-31T17:20:39Z,2023-12-31T17:30:38Z,51a3c6804628bc320376f1281759cd59,americanfootball_nfl,2023-12-31 18:03:00+00:00,Buffalo Bills,New England Patriots,fanduel,FanDuel,2023-12-31T17:25:33Z,player_reception_yds,2023-12-31T17:17:34Z,Stefon Diggs,68.5,-110.0,-110,2023,17,2023-12-31,BUF,NE,stefon diggs,Stefon Diggs,BUF,WR,,5.0,26.0,4.0,26.0,0,0,-15.0,15.0,40.0,True,False,-15.0,15.0,True,False,False,27.5
2023-12-31T17:30:00Z,2023-12-31T17:25:38Z,2023-12-31T17:20:39Z,2023-12-31T17:30:38Z,51a3c6804628bc320376f1281759cd59,americanfootball_nfl,2023-12-31 18:03:00+00:00,Buffalo Bills,New England Patriots,fanduel,FanDuel,2023-12-31T17:25:33Z,player_reception_yds,2023-12-31T17:17:34Z,Khalil Shakir,23.5,-105.0,-115,2023,17,2023-12-31,BUF,NE,khalil shakir,Khalil Shakir,BUF,WR,,10.0,39.0,4.0,39.0,1,0,-15.0,15.0,40.0,True,False,-15.0,15.0,True,False,False,27.5
2023-12-31T17:30:00Z,2023-12-31T17:25:38Z,2023-12-31T17:20:39Z,2023-12-31T17:30:38Z,51a3c6804628bc320376f1281759cd59,americanfootball_nfl,2023-12-31 18:03:00+00:00,Buffalo Bills,New England Patriots,fanduel,FanDuel,2023-12-31T17:25:33Z,player_reception_yds,2023-12-31T17:17:34Z,Jalen Reagor,12.5,-110.0,-110,2023,17,2023-12-31,BUF,NE,jalen reagor,Jalen Reagor,NE,WR,,,39.0,1.0,39.0,1,0,-15.0,15.0,40.0,False,True,15.0,-15.0,False,True,False,12.5
2023-12-31T17:30:00Z,2023-12-31T17:25:38Z,2023-12-31T17:20:39Z,2023-12-31T17:30:38Z,51a3c6804628bc320376f1281759cd59,americanfootball_nfl,2023-12-31 18:03:00+00:00,Buffalo Bills,New England Patriots,fanduel,FanDuel,2023-12-31T17:25:33Z,player_reception_yds,2023-12-31T17:17:34Z,Dawson Knox,15.5,-110.0,-110,2023,17,2023-12-31,BUF,NE,dawson knox,,,,,,,,0.0,0,0,-15.0,15.0,40.0,False,False,,,False,False,False,
2023-12-31T17:30:00Z,2023-12-31T17:25:38Z,2023-12-31T17:20:39Z,2023-12-31T17:30:38Z,51a3c6804628bc320376f1281759cd59,americanfootball_nfl,2023-12-31 18:03:00+00:00,Buffalo Bills,New England Patriots,fanduel,FanDuel,2023-12-31T17:25:33Z,player_reception_yds,2023-12-31T17:17:34Z,Gabriel Davis,32.5,-110.0,-110,2023,17,2023-12-31,BUF,NE,gabriel davis,,,,,,,,0.0,0,0,-15.0,15.0,40.0,False,False,,,False,False,False,
2023-12-31T17:30:00Z,2023-12-31T17:25:38Z,2023-12-31T17:20:39Z,2023-12-31T17:30:38Z,51a3c6804628bc320376f1281759cd59,americanfootball_nfl,2023-12-31 18:03:00+00:00,Buffalo Bills,New England Patriots,fanduel,FanDuel,2023-12-31T17:25:33Z,player_reception_yds,2023-12-31T17:17:34Z,James Cook,24.5,-110.0,-110,2023,17,2023-12-31,BUF,NE,james cook,James Cook,BUF,HB,,48.0,-4.0,1.0,-4.0,0,0,-15.0,15.0,40.0,True,False,-15.0,15.0,True,False,False,27.5
2023-12-31T17:30:00Z,2023-12-31T17:25:38Z,2023-12-31T17:20:39Z,2023-12-31T17:30:38Z,51a3c6804628bc320376f1281759cd59,americanfootball_nfl,2023-12-31 18:03:00+00:00,Buffalo Bills,New England Patriots,fanduel,FanDuel,2023-12-31T17:25:33Z,player_reception_yds,2023-12-31T17:17:34Z,Devante Parker,39.5,-110.0,-110,2023,17,2023-12-31,BUF,NE,devante parker,DeVante Parker,NE,WR,,,15.0,1.0,15.0,0,0,-15.0,15.0,40.0,False,True,15.0,-15.0,False,True,False,12.5
2023-12-31T17:30:00Z,2023-12-31T17:25:38Z,2023-12-31T17:20:39Z,2023-12-31T17:30:38Z,51a3c6804628bc320376f1281759cd59,americanfootball_nfl,2023-12-31 18:03:00+00:00,Buffalo Bills,New England Patriots,fanduel,FanDuel,2023-12-31T17:25:33Z,player_reception_yds,2023-12-31T17:17:34Z,Ezekiel Elliott,30.5,-110.0,-110,2023,17,2023-12-31,BUF,NE,ezekiel elliott,Ezekiel Elliott,NE,HB,,39.0,6.0,1.0,6.0,0,0,-15.0,15.0,40.0,False,True,15.0,-15.0,False,True,False,12.5
2023-12-31T17:30:00Z,2023-12-31T17:25:38Z,2023-12-31T17:20:39Z,2023-12-31T17:30:38Z,51a3c6804628bc320376f1281759cd59,americanfootball_nfl,2023-12-31 18:03:00+00:00,Buffalo Bills,New England Patriots,fanduel,FanDuel,2023-12-31T17:25:33Z,player_reception_yds,2023-12-31T17:17:34Z,Demario Douglas,50.5,-110.0,-110,2023,17,2023-12-31,BUF,NE,demario douglas,Demario Douglas,NE,WR,,12.0,31.0,3.0,31.0,0,0,-15.0,15.0,40.0,False,True,15.0,-15.0,False,True,False,12.5
2023-12-31T17:30:00Z,2023-12-31T17:25:38Z,2023-12-31T17:20:39Z,2023-12-31T17:30:38Z,51a3c6804628bc320376f1281759cd59,americanfootball_nfl,2023-12-31 18:03:00+00:00,Buffalo Bills,New England Patriots,fanduel,FanDuel,2023-12-31T17:25:33Z,player_reception_yds,2023-12-31T17:17:34Z,Mike Gesicki,17.5,-110.0,-110,2023,17,2023-12-31,BUF,NE,mike gesicki,Mike Gesicki,NE,TE,,,35.0,4.0,35.0,1,0,-15.0,15.0,40.0,False,True,15.0,-15.0,False,True,False,12.5
2023-12-31T17:30:00Z,2023-12-31T17:25:38Z,2023-12-31T17:20:39Z,2023-12-31T17:30:38Z,1eefaa757efae485b1164d514ef95c72,americanfootball_nfl,2023-12-31 18:03:00+00:00,Houston Texans,Tennessee Titans,fanduel,FanDuel,2023-12-31T17:25:33Z,player_reception_yds,2023-12-31T17:25:48Z,Noah Brown,43.5,-110.0,-110,2023,17,2023-12-31,HOU,TEN,noah brown,Noah Brown,HOU,WR,,,8.0,1.0,8.0,0,0,-5.0,5.0,44.0,True,False,-5.0,5.0,True,False,False,24.5
2023-12-31T17:30:00Z,2023-12-31T17:25:38Z,2023-12-31T17:20:39Z,2023-12-31T17:30:38Z,1eefaa757efae485b1164d514ef95c72,americanfootball_nfl,2023-12-31 18:03:00+00:00,Houston Texans,Tennessee Titans,fanduel,FanDuel,2023-12-31T17:25:33Z,player_reception_yds,2023-12-31T17:25:48Z,Nico Collins,69.5,-110.0,-110,2023,17,2023-12-31,HOU,TEN,nico collins,Nico Collins,HOU,WR,,7.0,80.0,7.0,80.0,1,0,-5.0,5.0,44.0,True,False,-5.0,5.0,True,False,False,24.5
2023-12-31T17:30:00Z,2023-12-31T17:25:38Z,2023-12-31T17:20:39Z,2023-12-31T17:30:38Z,1eefaa757efae485b1164d514ef95c72,americanfootball_nfl,2023-12-31 18:03:00+00:00,Houston Texans,Tennessee Titans,fanduel,FanDuel,2023-12-31T17:25:33Z,player_reception_yds,2023-12-31T17:25:48Z,Treylon Burks,26.5,-110.0,-110,2023,17,2023-12-31,HOU,TEN,treylon burks,Treylon Burks,TEN,WR,,,11.0,2.0,11.0,0,0,-5.0,5.0,44.0,False,True,5.0,-5.0,False,True,False,19.5
2023-12-31T17:30:00Z,2023-12-31T17:25:38Z,2023-12-31T17:20:39Z,2023-12-31T17:30:38Z,1eefaa757efae485b1164d514ef95c72,americanfootball_nfl,2023-12-31 18:03:00+00:00,Houston Texans,Tennessee Titans,fanduel,FanDuel,2023-12-31T17:25:33Z,player_reception_yds,2023-12-31T17:25:48Z,Robert Woods,22.5,-110.0,-110,2023,17,2023-12-31,HOU,TEN,robert woods,Robert Woods,HOU,WR,,,58.0,4.0,58.0,1,0,-5.0,5.0,44.0,True,False,-5.0,5.0,True,False,False,24.5
2023-12-31T17:30:00Z,2023-12-31T17:25:38Z,2023-12-31T17:20:39Z,2023-12-31T17:30:38Z,1eefaa757efae485b1164d514ef95c72,americanfootball_nfl,2023-12-31 18:03:00+00:00,Houston Texans,Tennessee Titans,fanduel,FanDuel,2023-12-31T17:25:33Z,player_reception_yds,2023-12-31T17:25:48Z,Chigoziem Okonkwo,39.5,-110.0,-110,2023,17,2023-12-31,HOU,TEN,chigoziem okonkwo,Chigoziem Okonkwo,TEN,TE,,,34.0,3.0,34.0,0,0,-5.0,5.0,44.0,False,True,5.0,-5.0,False,True,False,19.5
2023-12-31T17:30:00Z,2023-12-31T17:25:38Z,2023-12-31T17:20:39Z,2023-12-31T17:30:38Z,1eefaa757efae485b1164d514ef95c72,americanfootball_nfl,2023-12-31 18:03:00+00:00,Houston Texans,Tennessee Titans,fanduel,FanDuel,2023-12-31T17:25:33Z,player_reception_yds,2023-12-31T17:25:48Z,Chris Moore,23.5,-110.0,-110,2023,17,2023-12-31,HOU,TEN,chris moore,Chris Moore,TEN,WR,,,32.0,1.0,32.0,1,0,-5.0,5.0,44.0,False,True,5.0,-5.0,False,True,False,19.5
2023-12-31T17:30:00Z,2023-12-31T17:25:38Z,2023-12-31T17:20:39Z,2023-12-31T17:30:38Z,1eefaa757efae485b1164d514ef95c72,americanfootball_nfl,2023-12-31 18:03:00+00:00,Houston Texans,Tennessee Titans,fanduel,FanDuel,2023-12-31T17:25:33Z,player_reception_yds,2023-12-31T17:25:48Z,Derrick Henry,7.5,-110.0,-110,2023,17,2023-12-31,HOU,TEN,derrick henry,Derrick Henry,TEN,HB,,42.0,0.0,0.0,0.0,0,0,-5.0,5.0,44.0,False,True,5.0,-5.0,False,True,False,19.5
2023-12-31T17:30:00Z,2023-12-31T17:25:38Z,2023-12-31T17:20:39Z,2023-12-31T17:30:38Z,1eefaa757efae485b1164d514ef95c72,americanfootball_nfl,2023-12-31 18:03:00+00:00,Houston Texans,Tennessee Titans,fanduel,FanDuel,2023-12-31T17:25:33Z,player_reception_yds,2023-12-31T17:25:48Z,Devin Singletary,12.5,-110.0,-110,2023,17,2023-12-31,HOU,TEN,devin singletary,Devin Singletary,HOU,HB,,80.0,6.0,3.0,6.0,0,0,-5.0,5.0,44.0,True,False,-5.0,5.0,True,False,False,24.5
2023-12-31T17:30:00Z,2023-12-31T17:25:38Z,2023-12-31T17:20:39Z,2023-12-31T17:30:38Z,1eefaa757efae485b1164d514ef95c72,americanfootball_nfl,2023-12-31 18:03:00+00:00,Houston Texans,Tennessee Titans,fanduel,FanDuel,2023-12-31T17:25:33Z,player_reception_yds,2023-12-31T17:25:48Z,Dalton Schultz,42.5,-110.0,-110,2023,17,2023-12-31,HOU,TEN,dalton schultz,Dalton Schultz,HOU,TE,,,19.0,2.0,19.0,0,0,-5.0,5.0,44.0,True,False,-5.0,5.0,True,False,False,24.5
2023-12-31T17:30:00Z,2023-12-31T17:25:38Z,2023-12-31T17:20:39Z,2023-12-31T17:30:38Z,1eefaa757efae485b1164d514ef95c72,americanfootball_nfl,2023-12-31 18:03:00+00:00,Houston Texans,Tennessee Titans,fanduel,FanDuel,2023-12-31T17:25:33Z,player_reception_yds,2023-12-31T17:25:48Z,Tyjae Spears,19.5,-105.0,-115,2023,17,2023-12-31,HOU,TEN,tyjae spears,Tyjae Spears,TEN,HB,,0.0,29.0,4.0,29.0,1,0,-5.0,5.0,44.0,False,True,5.0,-5.0,False,True,False,19.5
2023-12-31T17:30:00Z,2023-12-31T17:25:38Z,2023-12-31T17:20:39Z,2023-12-31T17:30:38Z,1eefaa757efae485b1164d514ef95c72,americanfootball_nfl,2023-12-31 18:03:00+00:00,Houston Texans,Tennessee Titans,fanduel,FanDuel,2023-12-31T17:25:33Z,player_reception_yds,2023-12-31T17:25:48Z,DeAndre Hopkins,63.5,-110.0,-110,2023,17,2023-12-31,HOU,TEN,deandre hopkins,DeAndre Hopkins,TEN,WR,,,72.0,7.0,72.0,1,0,-5.0,5.0,44.0,False,True,5.0,-5.0,False,True,False,19.5
2024-01-07T17:30:00Z,2024-01-07T17:25:38Z,2024-01-07T17:20:38Z,2024-01-07T17:30:38Z,794e49c4f03306ab9c79cb84fcc2b0ac,americanfootball_nfl,2024-01-07 18:01:00+00:00,New Orleans Saints,Atlanta Falcons,fanduel,FanDuel,2024-01-07T17:24:58Z,player_reception_yds,2024-01-07T17:25:07Z,Taysom Hill,11.5,-110.0,-110,2023,18,2024-01-07,NO,ATL,taysom hill,Taysom Hill,NO,TE,,51.0,28.0,4.0,28.0,1,0,-3.5,3.5,41.5,True,False,-3.5,3.5,True,False,False,22.5
2024-01-07T17:30:00Z,2024-01-07T17:25:38Z,2024-01-07T17:20:38Z,2024-01-07T17:30:38Z,794e49c4f03306ab9c79cb84fcc2b0ac,americanfootball_nfl,2024-01-07 18:01:00+00:00,New Orleans Saints,Atlanta Falcons,fanduel,FanDuel,2024-01-07T17:24:58Z,player_reception_yds,2024-01-07T17:25:07Z,Chris Olave,72.5,-110.0,-110,2023,18,2024-01-07,NO,ATL,chris olave,Chris Olave,NO,WR,,,56.0,3.0,56.0,0,0,-3.5,3.5,41.5,True,False,-3.5,3.5,True,False,False,22.5
2024-01-07T17:30:00Z,2024-01-07T17:25:38Z,2024-01-07T17:20:38Z,2024-01-07T17:30:38Z,794e49c4f03306ab9c79cb84fcc2b0ac,americanfootball_nfl,2024-01-07 18:01:00+00:00,New Orleans Saints,Atlanta Falcons,fanduel,FanDuel,2024-01-07T17:24:58Z,player_reception_yds,2024-01-07T17:25:07Z,Jonnu Smith,23.5,-110.0,-110,2023,18,2024-01-07,NO,ATL,jonnu smith,Jonnu Smith,ATL,TE,,,29.0,3.0,29.0,1,0,-3.5,3.5,41.5,False,True,3.5,-3.5,False,True,False,19.0
2024-01-07T17:30:00Z,2024-01-07T17:25:38Z,2024-01-07T17:20:38Z,2024-01-07T17:30:38Z,794e49c4f03306ab9c79cb84fcc2b0ac,americanfootball_nfl,2024-01-07 18:01:00+00:00,New Orleans Saints,Atlanta Falcons,fanduel,FanDuel,2024-01-07T17:24:58Z,player_reception_yds,2024-01-07T17:25:07Z,Rashid Shaheed,37.5,-110.0,-110,2023,18,2024-01-07,NO,ATL,rashid shaheed,Rashid Shaheed,NO,WR,,,65.0,3.0,65.0,1,0,-3.5,3.5,41.5,True,False,-3.5,3.5,True,False,False,22.5
2024-01-07T17:30:00Z,2024-01-07T17:25:38Z,2024-01-07T17:20:38Z,2024-01-07T17:30:38Z,794e49c4f03306ab9c79cb84fcc2b0ac,americanfootball_nfl,2024-01-07 18:01:00+00:00,New Orleans Saints,Atlanta Falcons,fanduel,FanDuel,2024-01-07T17:24:58Z,player_reception_yds,2024-01-07T17:25:07Z,Kyle Pitts,29.5,-110.0,-110,2023,18,2024-01-07,NO,ATL,kyle pitts,Kyle Pitts,ATL,TE,,,27.0,2.0,27.0,0,0,-3.5,3.5,41.5,False,True,3.5,-3.5,False,True,False,19.0
2024-01-07T17:30:00Z,2024-01-07T17:25:38Z,2024-01-07T17:20:38Z,2024-01-07T17:30:38Z,794e49c4f03306ab9c79cb84fcc2b0ac,americanfootball_nfl,2024-01-07 18:01:00+00:00,New Orleans Saints,Atlanta Falcons,fanduel,FanDuel,2024-01-07T17:24:58Z,player_reception_yds,2024-01-07T17:25:07Z,Jamaal Williams,12.5,-110.0,-110,2023,18,2024-01-07,NO,ATL,jamaal williams,Jamaal Williams,NO,HB,,26.0,8.0,3.0,8.0,0,0,-3.5,3.5,41.5,True,False,-3.5,3.5,True,False,False,22.5
2024-01-07T17:30:00Z,2024-01-07T17:25:38Z,2024-01-07T17:20:38Z,2024-01-07T17:30:38Z,794e49c4f03306ab9c79cb84fcc2b0ac,americanfootball_nfl,2024-01-07 18:01:00+00:00,New Orleans Saints,Atlanta Falcons,fanduel,FanDuel,2024-01-07T17:24:58Z,player_reception_yds,2024-01-07T17:25:07Z,Bijan Robinson,22.5,-110.0,-110,2023,18,2024-01-07,NO,ATL,bijan robinson,Bijan Robinson,ATL,HB,,28.0,103.0,7.0,103.0,1,0,-3.5,3.5,41.5,False,True,3.5,-3.5,False,True,False,19.0
2024-01-07T17:30:00Z,2024-01-07T17:25:38Z,2024-01-07T17:20:38Z,2024-01-07T17:30:38Z,794e49c4f03306ab9c79cb84fcc2b0ac,americanfootball_nfl,2024-01-07 18:01:00+00:00,New Orleans Saints,Atlanta Falcons,fanduel,FanDuel,2024-01-07T17:24:58Z,player_reception_yds,2024-01-07T17:25:07Z,Drake London,47.5,-110.0,-110,2023,18,2024-01-07,NO,ATL,drake london,Drake London,ATL,WR,,,41.0,4.0,41.0,0,0,-3.5,3.5,41.5,False,True,3.5,-3.5,False,True,False,19.0
2024-01-07T17:30:00Z,2024-01-07T17:25:38Z,2024-01-07T17:20:38Z,2024-01-07T17:30:38Z,794e49c4f03306ab9c79cb84fcc2b0ac,americanfootball_nfl,2024-01-07 18:01:00+00:00,New Orleans Saints,Atlanta Falcons,fanduel,FanDuel,2024-01-07T17:24:58Z,player_reception_yds,2024-01-07T17:25:07Z,Juwan Johnson,29.5,-110.0,-110,2023,18,2024-01-07,NO,ATL,juwan johnson,Juwan Johnson,NO,TE,,,40.0,3.0,40.0,1,0,-3.5,3.5,41.5,True,False,-3.5,3.5,True,False,False,22.5
2024-01-07T17:30:00Z,2024-01-07T17:25:38Z,2024-01-07T17:20:38Z,2024-01-07T17:30:38Z,50c6ec417a0a3cb00945bee203ecccad,americanfootball_nfl,2024-01-07 18:01:00+00:00,Carolina Panthers,Tampa Bay Buccaneers,fanduel,FanDuel,2024-01-07T17:24:58Z,player_reception_yds,2024-01-07T17:24:45Z,Rachaad White,20.5,-110.0,-110,2023,18,2024-01-07,CAR,TB,rachaad white,Rachaad White,TB,HB,,75.0,18.0,4.0,18.0,0,0,5.0,-5.0,36.5,False,True,-5.0,5.0,True,False,False,20.75
2024-01-07T17:30:00Z,2024-01-07T17:25:38Z,2024-01-07T17:20:38Z,2024-01-07T17:30:38Z,50c6ec417a0a3cb00945bee203ecccad,americanfootball_nfl,2024-01-07 18:01:00+00:00,Carolina Panthers,Tampa Bay Buccaneers,fanduel,FanDuel,2024-01-07T17:24:58Z,player_reception_yds,2024-01-07T17:24:45Z,Trey Palmer,19.5,-110.0,-110,2023,18,2024-01-07,CAR,TB,trey palmer,Trey Palmer,TB,WR,,,10.0,2.0,10.0,0,0,5.0,-5.0,36.5,False,True,-5.0,5.0,True,False,False,20.75
2024-01-07T17:30:00Z,2024-01-07T17:25:38Z,2024-01-07T17:20:38Z,2024-01-07T17:30:38Z,50c6ec417a0a3cb00945bee203ecccad,americanfootball_nfl,2024-01-07 18:01:00+00:00,Carolina Panthers,Tampa Bay Buccaneers,fanduel,FanDuel,2024-01-07T17:24:58Z,player_reception_yds,2024-01-07T17:24:45Z,Chuba Hubbard,10.5,-115.0,-105,2023,18,2024-01-07,CAR,TB,chuba hubbard,Chuba Hubbard,CAR,HB,,83.0,9.0,2.0,9.0,0,0,5.0,-5.0,36.5,True,False,5.0,-5.0,False,True,False,15.75
2024-01-07T17:30:00Z,2024-01-07T17:25:38Z,2024-01-07T17:20:38Z,2024-01-07T17:30:38Z,50c6ec417a0a3cb00945bee203ecccad,americanfootball_nfl,2024-01-07 18:01:00+00:00,Carolina Panthers,Tampa Bay Buccaneers,fanduel,FanDuel,2024-01-07T17:24:58Z,player_reception_yds,2024-01-07T17:24:45Z,DJ Chark Jr.,32.5,-110.0,-110,2023,18,2024-01-07,CAR,TB,dj chark,DJ Chark Jr.,CAR,WR,,,46.0,2.0,46.0,1,0,5.0,-5.0,36.5,True,False,5.0,-5.0,False,True,False,15.75
2024-01-07T17:30:00Z,2024-01-07T17:25:38Z,2024-01-07T17:20:38Z,2024-01-07T17:30:38Z,50c6ec417a0a3cb00945bee203ecccad,americanfootball_nfl,2024-01-07 18:01:00+00:00,Carolina Panthers,Tampa Bay Buccaneers,fanduel,FanDuel,2024-01-07T17:24:58Z,player_reception_yds,2024-01-07T17:24:45Z,Adam Thielen,50.5,-110.0,-110,2023,18,2024-01-07,CAR,TB,adam thielen,Adam Thielen,CAR,WR,,,12.0,2.0,12.0,0,0,5.0,-5.0,36.5,True,False,5.0,-5.0,False,True,False,15.75
2024-01-07T17:30:00Z,2024-01-07T17:25:38Z,2024-01-07T17:20:38Z,2024-01-07T17:30:38Z,50c6ec417a0a3cb00945bee203ecccad,americanfootball_nfl,2024-01-07 18:01:00+00:00,Carolina Panthers,Tampa Bay Buccaneers,fanduel,FanDuel,2024-01-07T17:24:58Z,player_reception_yds,2024-01-07T17:24:45Z,Cade Otton,22.5,-105.0,-115,2023,18,2024-01-07,CAR,TB,cade otton,Cade Otton,TB,TE,,,30.0,2.0,30.0,1,0,5.0,-5.0,36.5,False,True,-5.0,5.0,True,False,False,20.75
2024-01-07T17:30:00Z,2024-01-07T17:25:38Z,2024-01-07T17:20:38Z,2024-01-07T17:30:38Z,50c6ec417a0a3cb00945bee203ecccad,americanfootball_nfl,2024-01-07 18:01:00+00:00,Carolina Panthers,Tampa Bay Buccaneers,fanduel,FanDuel,2024-01-07T17:24:58Z,player_reception_yds,2024-01-07T17:24:45Z,Chris Godwin,51.5,-110.0,-110,2023,18,2024-01-07,CAR,TB,chris godwin,Chris Godwin,TB,WR,,4.0,51.0,6.0,51.0,0,0,5.0,-5.0,36.5,False,True,-5.0,5.0,True,False,False,20.75
2024-01-07T17:30:00Z,2024-01-07T17:25:38Z,2024-01-07T17:20:38Z,2024-01-07T17:30:38Z,50c6ec417a0a3cb00945bee203ecccad,americanfootball_nfl,2024-01-07 18:01:00+00:00,Carolina Panthers,Tampa Bay Buccaneers,fanduel,FanDuel,2024-01-07T17:24:58Z,player_reception_yds,2024-01-07T17:24:45Z,Mike Evans,61.5,-110.0,-110,2023,18,2024-01-07,CAR,TB,mike evans,Mike Evans,TB,WR,,,22.0,3.0,22.0,0,0,5.0,-5.0,36.5,False,True,-5.0,5.0,True,False,False,20.75
2024-01-07T17:30:00Z,2024-01-07T17:25:38Z,2024-01-07T17:20:38Z,2024-01-07T17:30:38Z,2b2da592b91fb61473aed5b4fe975254,americanfootball_nfl,2024-01-07 21:26:00+00:00,Green Bay Packers,Chicago Bears,fanduel,FanDuel,2024-01-07T17:24:58Z,player_reception_yds,2024-01-07T17:22:06Z,Romeo Doubs,33.5,-110.0,-110,2023,18,2024-01-07,GB,CHI,romeo doubs,Romeo Doubs,GB,WR,,,0.0,0.0,0.0,0,0,-2.5,2.5,45.5,True,False,-2.5,2.5,True,False,False,24.0
2024-01-07T17:30:00Z,2024-01-07T17:25:38Z,2024-01-07T17:20:38Z,2024-01-07T17:30:38Z,2b2da592b91fb61473aed5b4fe975254,americanfootball_nfl,2024-01-07 21:26:00+00:00,Green Bay Packers,Chicago Bears,fanduel,FanDuel,2024-01-07T17:24:58Z,player_reception_yds,2024-01-07T17:22:06Z,Jayden Reed,44.5,-110.0,-110,2023,18,2024-01-07,GB,CHI,jayden reed,Jayden Reed,GB,WR,,,112.0,4.0,112.0,1,0,-2.5,2.5,45.5,True,False,-2.5,2.5,True,False,False,24.0
2024-01-07T17:30:00Z,2024-01-07T17:25:38Z,2024-01-07T17:20:38Z,2024-01-07T17:30:38Z,2b2da592b91fb61473aed5b4fe975254,americanfootball_nfl,2024-01-07 21:26:00+00:00,Green Bay Packers,Chicago Bears,fanduel,FanDuel,2024-01-07T17:24:58Z,player_reception_yds,2024-01-07T17:22:06Z,Tucker Kraft,28.5,-110.0,-110,2023,18,2024-01-07,GB,CHI,tucker kraft,Tucker Kraft,GB,TE,,,31.0,3.0,31.0,1,0,-2.5,2.5,45.5,True,False,-2.5,2.5,True,False,False,24.0
2024-01-07T17:30:00Z,2024-01-07T17:25:38Z,2024-01-07T17:20:38Z,2024-01-07T17:30:38Z,2b2da592b91fb61473aed5b4fe975254,americanfootball_nfl,2024-01-07 21:26:00+00:00,Green Bay Packers,Chicago Bears,fanduel,FanDuel,2024-01-07T17:24:58Z,player_reception_yds,2024-01-07T17:22:06Z,Aaron Jones,19.5,-110.0,-110,2023,18,2024-01-07,GB,CHI,aaron jones,Aaron Jones,GB,HB,,111.0,30.0,5.0,30.0,1,0,-2.5,2.5,45.5,True,False,-2.5,2.5,True,False,False,24.0
2024-01-07T17:30:00Z,2024-01-07T17:25:38Z,2024-01-07T17:20:38Z,2024-01-07T17:30:38Z,2b2da592b91fb61473aed5b4fe975254,americanfootball_nfl,2024-01-07 21:26:00+00:00,Green Bay Packers,Chicago Bears,fanduel,FanDuel,2024-01-07T17:24:58Z,player_reception_yds,2024-01-07T17:22:06Z,Tyler Scott,19.5,-110.0,-110,2023,18,2024-01-07,GB,CHI,tyler scott,Tyler Scott,CHI,WR,,,12.0,1.0,12.0,0,0,-2.5,2.5,45.5,False,True,2.5,-2.5,False,True,False,21.5
2024-01-07T17:30:00Z,2024-01-07T17:25:38Z,2024-01-07T17:20:38Z,2024-01-07T17:30:38Z,2b2da592b91fb61473aed5b4fe975254,americanfootball_nfl,2024-01-07 21:26:00+00:00,Green Bay Packers,Chicago Bears,fanduel,FanDuel,2024-01-07T17:24:58Z,player_reception_yds,2024-01-07T17:22:06Z,Khalil Herbert,9.5,-105.0,-115,2023,18,2024-01-07,GB,CHI,khalil herbert,Khalil Herbert,CHI,HB,,28.0,13.0,2.0,13.0,1,0,-2.5,2.5,45.5,False,True,2.5,-2.5,False,True,False,21.5
2024-01-07T17:30:00Z,2024-01-07T17:25:38Z,2024-01-07T17:20:38Z,2024-01-07T17:30:38Z,2b2da592b91fb61473aed5b4fe975254,americanfootball_nfl,2024-01-07 21:26:00+00:00,Green Bay Packers,Chicago Bears,fanduel,FanDuel,2024-01-07T17:24:58Z,player_reception_yds,2024-01-07T17:22:06Z,DJ Moore,68.5,-110.0,-110,2023,18,2024-01-07,GB,CHI,dj moore,DJ Moore,CHI,WR,,,64.0,4.0,64.0,0,0,-2.5,2.5,45.5,False,True,2.5,-2.5,False,True,False,21.5
2024-01-07T17:30:00Z,2024-01-07T17:25:38Z,2024-01-07T17:20:38Z,2024-01-07T17:30:38Z,2b2da592b91fb61473aed5b4fe975254,americanfootball_nfl,2024-01-07 21:26:00+00:00,Green Bay Packers,Chicago Bears,fanduel,FanDuel,2024-01-07T17:24:58Z,player_reception_yds,2024-01-07T17:22:06Z,Christian Watson,32.5,-110.0,-110,2023,18,2024-01-07,GB,CHI,christian watson,,,,,,,,0.0,0,0,-2.5,2.5,45.5,False,False,,,False,False,False,
2024-01-07T17:30:00Z,2024-01-07T17:25:38Z,2024-01-07T17:20:38Z,2024-01-07T17:30:38Z,d7e8bbb2997c341248c04ec59abb94fb,americanfootball_nfl,2024-01-07 21:26:00+00:00,Washington Commanders,Dallas Cowboys,fanduel,FanDuel,2024-01-07T17:24:58Z,player_reception_yds,2024-01-07T17:25:13Z,Tony Pollard,18.5,-110.0,-110,2023,18,2024-01-07,WAS,DAL,tony pollard,Tony Pollard,DAL,HB,,70.0,16.0,2.0,16.0,0,0,13.0,-13.0,47.5,False,True,-13.0,13.0,True,False,False,30.25
2024-01-07T17:30:00Z,2024-01-07T17:25:38Z,2024-01-07T17:20:38Z,2024-01-07T17:30:38Z,d7e8bbb2997c341248c04ec59abb94fb,americanfootball_nfl,2024-01-07 21:26:00+00:00,Washington Commanders,Dallas Cowboys,fanduel,FanDuel,2024-01-07T17:24:58Z,player_reception_yds,2024-01-07T17:25:13Z,Brandin Cooks,40.5,-110.0,-110,2023,18,2024-01-07,WAS,DAL,brandin cooks,Brandin Cooks,DAL,WR,,3.0,39.0,6.0,39.0,0,0,13.0,-13.0,47.5,False,True,-13.0,13.0,True,False,False,30.25
2024-01-07T17:30:00Z,2024-01-07T17:25:38Z,2024-01-07T17:20:38Z,2024-01-07T17:30:38Z,d7e8bbb2997c341248c04ec59abb94fb,americanfootball_nfl,2024-01-07 21:26:00+00:00,Washington Commanders,Dallas Cowboys,fanduel,FanDuel,2024-01-07T17:24:58Z,player_reception_yds,2024-01-07T17:25:13Z,Jake Ferguson,39.5,-110.0,-110,2023,18,2024-01-07,WAS,DAL,jake ferguson,Jake Ferguson,DAL,TE,,,69.0,6.0,69.0,1,0,13.0,-13.0,47.5,False,True,-13.0,13.0,True,False,False,30.25
2024-01-07T17:30:00Z,2024-01-07T17:25:38Z,2024-01-07T17:20:38Z,2024-01-07T17:30:38Z,d7e8bbb2997c341248c04ec59abb94fb,americanfootball_nfl,2024-01-07 21:26:00+00:00,Washington Commanders,Dallas Cowboys,fanduel,FanDuel,2024-01-07T17:24:58Z,player_reception_yds,2024-01-07T17:25:13Z,Terry McLaurin,56.5,-110.0,-110,2023,18,2024-01-07,WAS,DAL,terry mclaurin,Terry McLaurin,WAS,WR,,,56.0,6.0,56.0,0,0,13.0,-13.0,47.5,True,False,13.0,-13.0,False,True,False,17.25
2024-01-07T17:30:00Z,2024-01-07T17:25:38Z,2024-01-07T17:20:38Z,2024-01-07T17:30:38Z,d7e8bbb2997c341248c04ec59abb94fb,americanfootball_nfl,2024-01-07 21:26:00+00:00,Washington Commanders,Dallas Cowboys,fanduel,FanDuel,2024-01-07T17:24:58Z,player_reception_yds,2024-01-07T17:25:13Z,Michael Gallup,19.5,-110.0,-110,2023,18,2024-01-07,WAS,DAL,michael gallup,Michael Gallup,DAL,WR,,,0.0,0.0,0.0,0,0,13.0,-13.0,47.5,False,True,-13.0,13.0,True,False,False,30.25
2024-01-07T17:30:00Z,2024-01-07T17:25:38Z,2024-01-07T17:20:38Z,2024-01-07T17:30:38Z,d7e8bbb2997c341248c04ec59abb94fb,americanfootball_nfl,2024-01-07 21:26:00+00:00,Washington Commanders,Dallas Cowboys,fanduel,FanDuel,2024-01-07T17:24:58Z,player_reception_yds,2024-01-07T17:25:13Z,Antonio Gibson,16.5,-110.0,-110,2023,18,2024-01-07,WAS,DAL,antonio gibson,Antonio Gibson,WAS,HB,,8.0,28.0,3.0,28.0,1,0,13.0,-13.0,47.5,True,False,13.0,-13.0,False,True,False,17.25
2024-01-07T17:30:00Z,2024-01-07T17:25:38Z,2024-01-07T17:20:38Z,2024-01-07T17:30:38Z,d7e8bbb2997c341248c04ec59abb94fb,americanfootball_nfl,2024-01-07 21:26:00+00:00,Washington Commanders,Dallas Cowboys,fanduel,FanDuel,2024-01-07T17:24:58Z,player_reception_yds,2024-01-07T17:25:13Z,CeeDee Lamb,95.5,-110.0,-110,2023,18,2024-01-07,WAS,DAL,ceedee lamb,CeeDee Lamb,DAL,WR,,7.0,98.0,13.0,98.0,1,0,13.0,-13.0,47.5,False,True,-13.0,13.0,True,False,False,30.25
2024-01-07T17:30:00Z,2024-01-07T17:25:38Z,2024-01-07T17:20:38Z,2024-01-07T17:30:38Z,d7e8bbb2997c341248c04ec59abb94fb,americanfootball_nfl,2024-01-07 21:26:00+00:00,Washington Commanders,Dallas Cowboys,fanduel,FanDuel,2024-01-07T17:24:58Z,player_reception_yds,2024-01-07T17:25:13Z,Logan Thomas,25.5,-110.0,-110,2023,18,2024-01-07,WAS,DAL,logan thomas,Logan Thomas,WAS,TE,,,9.0,1.0,9.0,0,0,13.0,-13.0,47.5,True,False,13.0,-13.0,False,True,False,17.25
2024-01-07T17:30:00Z,2024-01-07T17:25:38Z,2024-01-07T17:20:38Z,2024-01-07T17:30:38Z,d7e8bbb2997c341248c04ec59abb94fb,americanfootball_nfl,2024-01-07 21:26:00+00:00,Washington Commanders,Dallas Cowboys,fanduel,FanDuel,2024-01-07T17:24:58Z,player_reception_yds,2024-01-07T17:25:13Z,Curtis Samuel,33.5,-110.0,-110,2023,18,2024-01-07,WAS,DAL,curtis samuel,Curtis Samuel,WAS,WR,,15.0,15.0,2.0,15.0,0,0,13.0,-13.0,47.5,True,False,13.0,-13.0,False,True,False,17.25
2024-01-07T17:30:00Z,2024-01-07T17:25:38Z,2024-01-07T17:20:38Z,2024-01-07T17:30:38Z,66c7e39643ecae341addae9fff981d0b,americanfootball_nfl,2024-01-07 21:26:00+00:00,New York Giants,Philadelphia Eagles,fanduel,FanDuel,2024-01-07T17:24:58Z,player_reception_yds,2024-01-07T17:22:53Z,Wan'Dale Robinson,32.5,-110.0,-110,2023,18,2024-01-07,NYG,PHI,wandale robinson,Wan'Dale Robinson,NYG,WR,,,85.0,5.0,85.0,1,0,4.5,-4.5,43.0,True,False,4.5,-4.5,False,True,False,19.25
2024-01-07T17:30:00Z,2024-01-07T17:25:38Z,2024-01-07T17:20:38Z,2024-01-07T17:30:38Z,66c7e39643ecae341addae9fff981d0b,americanfootball_nfl,2024-01-07 21:26:00+00:00,New York Giants,Philadelphia Eagles,fanduel,FanDuel,2024-01-07T17:24:58Z,player_reception_yds,2024-01-07T17:22:53Z,Darren Waller,38.5,-110.0,-110,2023,18,2024-01-07,NYG,PHI,darren waller,Darren Waller,NYG,TE,,,45.0,5.0,45.0,1,0,4.5,-4.5,43.0,True,False,4.5,-4.5,False,True,False,19.25
2024-01-07T17:30:00Z,2024-01-07T17:25:38Z,2024-01-07T17:20:38Z,2024-01-07T17:30:38Z,66c7e39643ecae341addae9fff981d0b,americanfootball_nfl,2024-01-07 21:26:00+00:00,New York Giants,Philadelphia Eagles,fanduel,FanDuel,2024-01-07T17:24:58Z,player_reception_yds,2024-01-07T17:22:53Z,Jalin Hyatt,23.5,-110.0,-110,2023,18,2024-01-07,NYG,PHI,jalin hyatt,Jalin Hyatt,NYG,WR,,,5.0,1.0,5.0,0,0,4.5,-4.5,43.0,True,False,4.5,-4.5,False,True,False,19.25
2024-01-07T17:30:00Z,2024-01-07T17:25:38Z,2024-01-07T17:20:38Z,2024-01-07T17:30:38Z,66c7e39643ecae341addae9fff981d0b,americanfootball_nfl,2024-01-07 21:26:00+00:00,New York Giants,Philadelphia Eagles,fanduel,FanDuel,2024-01-07T17:24:58Z,player_reception_yds,2024-01-07T17:22:53Z,Saquon Barkley,18.5,-104.0,-118,2023,18,2024-01-07,NYG,PHI,saquon barkley,Saquon Barkley,NYG,HB,,46.0,51.0,2.0,51.0,1,0,4.5,-4.5,43.0,True,False,4.5,-4.5,False,True,False,19.25
2024-01-07T17:30:00Z,2024-01-07T17:25:38Z,2024-01-07T17:20:38Z,2024-01-07T17:30:38Z,66c7e39643ecae341addae9fff981d0b,americanfootball_nfl,2024-01-07 21:26:00+00:00,New York Giants,Philadelphia Eagles,fanduel,FanDuel,2024-01-07T17:24:58Z,player_reception_yds,2024-01-07T17:22:53Z,Darius Slayton,45.5,-110.0,-110,2023,18,2024-01-07,NYG,PHI,darius slayton,Darius Slayton,NYG,WR,,,62.0,5.0,62.0,1,0,4.5,-4.5,43.0,True,False,4.5,-4.5,False,True,False,19.25
