requested_snapshot_time,actual_snapshot_time,previous_timestamp,next_timestamp,event_id,sport_key,commence_time,home_team,away_team,bookmaker_key,bookmaker_title,bookmaker_last_update,market_key,market_last_update,player,line,over_price,under_price,game_date,home_team_abbr,away_team_abbr,player_norm,season,week,player_display_name,recent_team,position,passing_yards,rushing_yards,receiving_yards,receptions,actual_value,went_over,push,home_spread,away_spread,game_total,is_home,is_away,team_spread,opponent_spread,is_favorite,is_underdog,is_pickem,team_total,rolling_pass_yds_3g,rolling_pass_yds_5g,rolling_actual_minus_line_3g,rolling_actual_minus_line_5g,rolling_std_pass_yds_3g,rolling_std_pass_yds_5g,rolling_over_rate_3g,rolling_over_rate_5g,season_avg_pass_yds_pre,season_avg_actual_minus_line_pre,games_played_pre,player_clean,player_fp,team,fp_pass_att,fp_pass_cmp,fp_pass_yds,fp_pass_tds,fp_pass_ints,fp_rush_att,fp_rush_yds,fp_rush_tds,fp_fumbles_lost,fp_fantasy_points,actual_minus_fp,line_minus_fp,actual_minus_line,fp_pass_yds_debiased,actual_minus_fp_debiased,projection_edge,actual_over_line,edge_bucket,fp_bucket,bucket_sigma_fallback,sigma_source,pass_yds_sigma,pass_yds_sigma_raw,z,sim_prob_over,sim_prob_under,sim_mean,sim_median,sim_std,fair_over_odds,fair_under_odds,model_edge_over,model_edge_under,sim_prob_over_shrunk,sim_prob_under_shrunk,model_pick,went_under,prob_bucket
2024-11-17T17:30:00Z,2024-11-17T17:25:38Z,2024-11-17T17:20:38Z,2024-11-17T17:30:38Z,1e5feffbcc2b9c122727b45963203298,americanfootball_nfl,2024-11-17 18:00:00+00:00,Pittsburgh Steelers,Baltimore Ravens,fanduel,FanDuel,2024-11-17T17:25:04Z,player_pass_yds,2024-11-17T17:25:17Z,Lamar Jackson,237.5,-110.0,-110,2024-11-17,PIT,BAL,lamar jackson,2024,11,Lamar Jackson,BAL,QB,207.0,46.0,0.0,0.0,207.0,False,False,3.0,-3.0,48.0,False,True,-3.0,3.0,True,False,False,25.5,195.0,195.0,-15.166666666666666,-15.166666666666666,46.87216658103186,46.87216658103186,0.3333333333333333,0.3333333333333333,195.0,-15.166666666666666,3.0,lamar jackson,Lamar Jackson,BAL,29.5,19.3,241.8,1.8,0.7,8.3,49.8,0.2,0.2,22.2,-34.80000000000001,-4.300000000000011,-30.5,234.55150600894268,-27.55150600894268,-2.948493991057319,False,-5:0,225-250,83.52232316389792,rolling_3g,50.0,46.87216658103186,-0.5510301201788537,0.4747,0.5253,234.8040527604416,234.46581931106334,50.235261461211934,110.6593638087213,-110.6593638087213,-0.02529999999999999,0.02529999999999999,0.483555,0.516445,pass,True,"[0.45, 0.475)"
2024-11-17T17:30:00Z,2024-11-17T17:25:38Z,2024-11-17T17:20:38Z,2024-11-17T17:30:38Z,7c742858a76089990395c3179731744b,americanfootball_nfl,2024-11-17 18:00:00+00:00,Chicago Bears,Green Bay Packers,fanduel,FanDuel,2024-11-17T17:25:04Z,player_pass_yds,2024-11-17T17:25:52Z,Jordan Love,229.5,-110.0,-110,2024-11-17,CHI,GB,jordan love,2024,11,Jordan Love,GB,QB,261.0,18.0,0.0,0.0,261.0,True,False,6.0,-6.0,41.0,False,True,-6.0,6.0,True,False,False,23.5,389.0,389.0,148.5,148.5,,,1.0,1.0,389.0,148.5,1.0,jordan love,Jordan Love,GB,33.0,20.7,244.9,1.7,0.8,2.4,11.1,0.1,0.2,17.0,16.099999999999994,-15.400000000000006,31.5,237.56217758475043,23.43782241524957,8.06217758475043,True,5:10,225-250,83.52232316389792,bucket_fallback,83.52232316389792,83.52232316389792,0.2806174628219686,0.5416,0.4584,237.87763038858847,237.7075558290931,83.883368222076,-118.1500872600349,118.15008726003494,0.04159999999999997,-0.041600000000000026,0.52704,0.47296,pass,False,"[0.525, 0.55)"
2024-11-17T17:30:00Z,2024-11-17T17:25:38Z,2024-11-17T17:20:38Z,2024-11-17T17:30:38Z,7c742858a76089990395c3179731744b,americanfootball_nfl,2024-11-17 18:00:00+00:00,Chicago Bears,Green Bay Packers,fanduel,FanDuel,2024-11-17T17:25:04Z,player_pass_yds,2024-11-17T17:25:52Z,Caleb Williams,190.5,-110.0,-110,2024-11-17,CHI,GB,caleb williams,2024,11,Caleb Williams,CHI,QB,231.0,70.0,0.0,0.0,231.0,True,False,6.0,-6.0,41.0,True,False,6.0,-6.0,False,True,False,17.5,156.0,199.6,-61.833333333333336,-20.7,53.1130868995581,75.7317634813821,0.0,0.2,198.3333333333333,-22.72222222222222,9.0,caleb williams,Caleb Williams,CHI,31.3,19.5,210.9,1.0,0.8,4.8,22.4,0.1,0.2,14.0,20.099999999999994,-20.40000000000001,40.5,204.5419086887944,26.45809131120557,14.041908688794422,True,10:15,200-225,69.4161154154068,rolling_5g,75.7317634813821,75.7317634813821,0.3493658419523013,0.5689,0.4311,203.59876369528976,203.28027106087168,75.53682292325931,-131.96474135931336,131.96474135931336,0.06889999999999996,-0.06890000000000002,0.544785,0.455215,over,False,"[0.55, 0.6)"
2024-11-17T17:30:00Z,2024-11-17T17:25:38Z,2024-11-17T17:20:38Z,2024-11-17T17:30:38Z,e552bfd99b12a0acd319b922f7a9fa7c,americanfootball_nfl,2024-11-17 18:00:00+00:00,New York Jets,Indianapolis Colts,fanduel,FanDuel,2024-11-17T17:25:04Z,player_pass_yds,2024-11-17T17:25:30Z,Anthony Richardson,176.5,-110.0,-110,2024-11-17,NYJ,IND,anthony richardson,2024,11,Anthony Richardson,IND,QB,272.0,32.0,0.0,0.0,272.0,True,False,-4.0,4.0,43.0,False,True,4.0,-4.0,False,True,False,19.5,125.0,149.2,-66.83333333333333,-45.3,52.11525688318154,51.25621913485231,0.0,0.2,159.66666666666666,-40.333333333333336,6.0,anthony richardson,Anthony Richardson Sr.,IND,27.8,15.1,190.6,1.0,0.9,7.2,35.7,0.3,0.3,15.3,81.4,-14.099999999999994,95.5,184.82686578915008,87.17313421084992,8.326865789150077,True,5:10,175-200,63.59685830662887,rolling_5g,51.25621913485231,51.25621913485231,1.7007328219333184,0.5618,0.4382,184.5928227694197,184.00216303305822,51.50005538793818,-128.20629849383843,128.20629849383846,0.061799999999999966,-0.06180000000000002,0.5401699999999999,0.45982999999999996,over,False,"[0.55, 0.6)"
2024-11-24T20:55:00Z,2024-11-24T20:50:38Z,2024-11-24T20:45:38Z,2024-11-24T20:55:38Z,b26e961510947a770532c902ceb27e75,americanfootball_nfl,2024-11-24 21:25:00+00:00,Green Bay Packers,San Francisco 49ers,fanduel,FanDuel,2024-11-24T20:49:52Z,player_pass_yds,2024-11-24T20:50:25Z,Brandon Allen,205.5,-110.0,-110,2024-11-24,GB,SF,brandon allen,2024,12,Brandon Allen,SF,QB,199.0,5.0,0.0,0.0,199.0,False,False,-6.5,6.5,44.5,False,True,6.5,-6.5,False,True,False,19.0,,,,,,,,,,,0.0,brandon allen,Brandon Allen,NYG,31.4,20.3,216.0,1.1,0.9,3.2,10.5,0.1,0.2,13.3,-17.0,-10.5,-6.5,209.4949490231878,-10.494949023187814,3.9949490231878144,False,0:5,200-225,69.4161154154068,bucket_fallback,69.4161154154068,69.4161154154068,-0.1511889416511262,0.5176,0.4824,208.59444440935167,208.36541885543193,69.9111937243078,-107.29684908789385,107.29684908789388,0.01759999999999995,-0.017600000000000005,0.51144,0.48856,pass,True,"[0.5, 0.525)"
2024-11-24T20:55:00Z,2024-11-24T20:50:38Z,2024-11-24T20:45:38Z,2024-11-24T20:55:38Z,b26e961510947a770532c902ceb27e75,americanfootball_nfl,2024-11-24 21:25:00+00:00,Green Bay Packers,San Francisco 49ers,fanduel,FanDuel,2024-11-24T20:49:52Z,player_pass_yds,2024-11-24T20:50:25Z,Jordan Love,239.5,-110.0,-110,2024-11-24,GB,SF,jordan love,2024,12,Jordan Love,GB,QB,163.0,2.0,0.0,0.0,163.0,False,False,-6.5,6.5,44.5,True,False,-6.5,6.5,True,False,False,25.5,325.0,325.0,90.0,90.0,90.50966799187808,90.50966799187808,1.0,1.0,325.0,90.0,2.0,jordan love,Jordan Love,GB,33.1,21.0,242.0,1.6,0.9,2.4,11.1,0.1,0.2,16.7,-79.0,-2.5,-76.5,234.7457428848012,-71.74574288480122,-4.754257115198783,False,-5:0,225-250,83.52232316389792,bucket_fallback,83.52232316389792,83.52232316389792,-0.8590008056171132,0.47305,0.52695,234.62447870265393,233.97658494754904,83.85381422352268,111.39414438220061,-111.39414438220062,-0.026949999999999974,0.02695000000000003,0.48248250000000004,0.5175175000000001,pass,True,"[0.45, 0.475)"
2024-11-25T00:50:00Z,2024-11-25T00:45:37Z,2024-11-25T00:40:38Z,2024-11-25T00:50:37Z,40c0ee76eb698fbd5d42139045c27c3e,americanfootball_nfl,2024-11-25 01:20:00+00:00,Los Angeles Rams,Philadelphia Eagles,fanduel,FanDuel,2024-11-25T00:44:53Z,player_pass_yds,2024-11-25T00:45:19Z,Jalen Hurts,216.5,-110.0,-110,2024-11-24,LAR,PHI,jalen hurts,2024,12,Jalen Hurts,PHI,QB,179.0,39.0,0.0,0.0,179.0,False,False,3.0,-3.0,49.0,False,True,-3.0,3.0,True,False,False,26.0,217.3333333333333,217.3333333333333,1.8333333333333333,1.8333333333333333,82.07516879868925,82.07516879868925,0.3333333333333333,0.3333333333333333,217.3333333333333,1.8333333333333333,3.0,jalen hurts,Jalen Hurts,PHI,26.6,18.0,219.9,1.2,0.5,10.4,42.7,0.8,0.2,21.9,-40.900000000000006,-3.4000000000000057,-37.5,213.28256810242985,-34.28256810242982,-3.2174318975701794,False,-5:0,200-225,69.4161154154068,rolling_3g,82.07516879868925,82.07516879868925,-0.4176971988509312,0.4844,0.5156,213.48993242234863,213.5034944233529,82.61511680417024,106.4409578860446,-106.44095788604457,-0.015600000000000003,0.015599999999999947,0.48986,0.5101399999999999,pass,True,"[0.475, 0.5)"
2024-11-25T00:50:00Z,2024-11-25T00:45:37Z,2024-11-25T00:40:38Z,2024-11-25T00:50:37Z,40c0ee76eb698fbd5d42139045c27c3e,americanfootball_nfl,2024-11-25 01:20:00+00:00,Los Angeles Rams,Philadelphia Eagles,fanduel,FanDuel,2024-11-25T00:44:53Z,player_pass_yds,2024-11-25T00:45:19Z,Matthew Stafford,250.5,-110.0,-110,2024-11-24,LAR,PHI,matthew stafford,2024,12,Matthew Stafford,LAR,QB,243.0,15.0,0.0,0.0,243.0,False,False,3.0,-3.0,49.0,True,False,3.0,-3.0,False,True,False,23.0,295.3333333333333,263.8,49.833333333333336,21.5,2.516611478423763,61.8118111690638,1.0,0.8,255.22222222222223,14.833333333333334,9.0,matthew stafford,Matthew Stafford,LAR,36.0,23.2,245.3,1.5,0.6,1.1,3.1,0.0,0.2,15.3,-2.300000000000012,5.199999999999989,-7.5,237.9506513364676,5.049348663532442,-12.549348663532442,False,-15:-10,225-250,83.52232316389792,rolling_5g,61.8118111690638,61.8118111690638,0.081689058580111,0.4199,0.5801,237.78513069880032,237.99757942750267,61.7707602787698,138.15194093831866,-138.15194093831863,-0.0801,0.08009999999999995,0.44793499999999997,0.5520649999999999,under,True,"[0.4, 0.45)"
2024-11-26T00:45:00Z,2024-11-26T00:40:38Z,2024-11-26T00:35:39Z,2024-11-26T00:45:39Z,887b10368f0b3f33a8c47e955736da89,americanfootball_nfl,2024-11-26 01:15:00+00:00,Los Angeles Chargers,Baltimore Ravens,fanduel,FanDuel,2024-11-26T00:40:01Z,player_pass_yds,2024-11-26T00:40:14Z,Justin Herbert,262.5,-110.0,-110,2024-11-25,LAC,BAL,justin herbert,2024,12,Justin Herbert,LAC,QB,218.0,29.0,0.0,0.0,218.0,False,False,3.0,-3.0,51.0,True,False,3.0,-3.0,False,True,False,24.0,247.66666666666663,274.2,14.5,52.5,72.84458341794077,67.71779677455551,0.6666666666666666,0.8,218.6,10.7,10.0,justin herbert,Justin Herbert,LAC,36.1,23.3,262.0,1.6,0.4,4.3,17.1,0.2,0.3,18.5,-44.0,0.5,-44.5,254.1694304706577,-36.16943047065769,-8.330569529342313,False,-10:-5,250-275,66.76327241271723,rolling_5g,67.71779677455551,67.71779677455551,-0.5341200126618428,0.45905,0.54095,255.42379246841836,254.89654206673606,67.53869602643125,117.84119376974186,-117.84119376974188,-0.040949999999999986,0.04095000000000004,0.4733825,0.5266175000000001,pass,True,"[0.45, 0.475)"
2024-11-26T00:45:00Z,2024-11-26T00:40:38Z,2024-11-26T00:35:39Z,2024-11-26T00:45:39Z,887b10368f0b3f33a8c47e955736da89,americanfootball_nfl,2024-11-26 01:15:00+00:00,Los Angeles Chargers,Baltimore Ravens,fanduel,FanDuel,2024-11-26T00:40:01Z,player_pass_yds,2024-11-26T00:40:14Z,Lamar Jackson,235.5,-110.0,-110,2024-11-25,LAC,BAL,lamar jackson,2024,12,Lamar Jackson,BAL,QB,177.0,15.0,0.0,0.0,177.0,False,False,3.0,-3.0,51.0,False,True,-3.0,3.0,True,False,False,27.0,181.66666666666663,198.0,-36.5,-19.0,25.50163393458022,38.73843913565268,0.0,0.25,198.0,-19.0,4.0,lamar jackson,Lamar Jackson,BAL,30.2,19.5,239.4,1.8,0.7,7.9,50.2,0.2,0.2,22.0,-62.400000000000006,-3.9000000000000057,-58.5,232.22066349863988,-55.22066349863988,-3.2793365013601203,False,-5:0,225-250,83.52232316389792,rolling_3g,50.0,25.50163393458022,-1.1044132699727975,0.47635,0.52365,232.05397143866932,232.68026192293146,50.07561857042105,109.92967355935761,-109.9296735593576,-0.023650000000000004,0.02364999999999995,0.4846275,0.5153725,pass,True,"[0.475, 0.5)"
2024-11-29T00:50:00Z,2024-11-29T00:45:38Z,2024-11-29T00:40:39Z,2024-11-29T00:50:38Z,e6b414e1b7a012e57d1a0746769f28a2,americanfootball_nfl,2024-11-29 01:20:00+00:00,Green Bay Packers,Miami Dolphins,fanduel,FanDuel,2024-11-29T00:44:37Z,player_pass_yds,2024-11-29T00:45:52Z,Jordan Love,238.5,-110.0,-110,2024-11-28,GB,MIA,jordan love,2024,13,Jordan Love,GB,QB,274.0,0.0,0.0,0.0,274.0,True,False,-3.5,3.5,47.5,True,False,-3.5,3.5,True,False,False,25.5,271.0,271.0,34.5,34.5,113.33137253205751,113.33137253205751,0.6666666666666666,0.6666666666666666,271.0,34.5,3.0,jordan love,Jordan Love,GB,32.1,20.2,245.1,1.6,0.9,2.5,11.0,0.1,0.2,16.7,28.90000000000001,-6.599999999999994,35.5,237.75641446060897,36.24358553939104,-0.7435855393910344,True,-5:0,225-250,83.52232316389792,rolling_3g,113.33137253205751,113.33137253205751,0.3198018759469182,0.5,0.5,238.09792689967034,238.50987766313872,112.59635019956497,-100.0,-100.0,0.0,0.0,0.5,0.5,pass,False,"[0.5, 0.525)"
2024-11-29T00:50:00Z,2024-11-29T00:45:38Z,2024-11-29T00:40:39Z,2024-11-29T00:50:38Z,e6b414e1b7a012e57d1a0746769f28a2,americanfootball_nfl,2024-11-29 01:20:00+00:00,Green Bay Packers,Miami Dolphins,fanduel,FanDuel,2024-11-29T00:44:37Z,player_pass_yds,2024-11-29T00:45:52Z,Tua Tagovailoa,241.5,-110.0,-110,2024-11-28,GB,MIA,tua tagovailoa,2024,13,Tua Tagovailoa,MIA,QB,365.0,6.0,0.0,0.0,365.0,True,False,-3.5,3.5,47.5,False,True,3.5,-3.5,False,True,False,22.0,270.6666666666667,255.4,27.5,10.9,57.01169470672953,45.42356216766801,0.6666666666666666,0.4,251.42857142857144,-0.5,7.0,tua tagovailoa,Tua Tagovailoa,ATL,32.3,22.3,242.4,1.5,0.8,2.0,6.1,0.0,0.2,15.5,122.6,-0.9000000000000057,123.5,235.1342166365184,129.86578336348165,-6.365783363481626,True,-10:-5,225-250,83.52232316389792,rolling_5g,50.0,45.42356216766801,2.597315667269632,0.44935,0.55065,235.30494403654328,235.40439945883512,49.73637572102514,122.54367419606096,-122.54367419606096,-0.05064999999999997,0.05064999999999997,0.46707750000000003,0.5329225,under,False,"[0.4, 0.45)"
2024-12-01T20:55:00Z,2024-12-01T20:50:38Z,2024-12-01T20:45:38Z,2024-12-01T20:55:37Z,afa7eb720baa94269de839965e41b8b3,americanfootball_nfl,2024-12-01 21:25:00+00:00,Baltimore Ravens,Philadelphia Eagles,fanduel,FanDuel,2024-12-01T20:49:57Z,player_pass_yds,2024-12-01T20:49:53Z,Jalen Hurts,228.5,-110.0,-110,2024-12-01,BAL,PHI,jalen hurts,2024,13,Jalen Hurts,PHI,QB,118.0,29.0,0.0,0.0,118.0,False,False,-3.0,3.0,50.0,False,True,3.0,-3.0,False,True,False,23.5,216.0,207.75,3.1666666666666665,-8.0,82.93973715897586,69.70114776673337,0.3333333333333333,0.25,207.75,-8.0,4.0,jalen hurts,Jalen Hurts,PHI,28.7,19.3,226.1,1.3,0.5,9.6,39.4,0.8,0.2,21.6,-108.1,2.4000000000000057,-110.5,219.3039112540453,-101.30391125404532,-9.196088745954684,False,-10:-5,200-225,69.4161154154068,rolling_3g,82.93973715897586,82.93973715897586,-1.2214158704152829,0.45565,0.54435,219.14625405658046,219.68385888812793,83.01444777180154,119.46669592889279,-119.46669592889279,-0.04435,0.04435,0.4711725,0.5288275,pass,True,"[0.45, 0.475)"
2024-12-01T20:55:00Z,2024-12-01T20:50:38Z,2024-12-01T20:45:38Z,2024-12-01T20:55:37Z,afa7eb720baa94269de839965e41b8b3,americanfootball_nfl,2024-12-01 21:25:00+00:00,Baltimore Ravens,Philadelphia Eagles,fanduel,FanDuel,2024-12-01T20:49:57Z,player_pass_yds,2024-12-01T20:49:53Z,Lamar Jackson,222.5,-110.0,-110,2024-12-01,BAL,PHI,lamar jackson,2024,13,Lamar Jackson,BAL,QB,237.0,79.0,0.0,0.0,237.0,True,False,-3.0,3.0,50.0,True,False,-3.0,3.0,True,False,False,26.5,180.0,193.8,-45.833333333333336,-26.9,25.6320112359526,34.83819742753634,0.0,0.2,193.8,-26.9,5.0,lamar jackson,Lamar Jackson,BAL,30.7,19.8,234.5,1.8,0.7,7.7,48.4,0.3,0.2,21.7,2.5,-12.0,14.5,227.46186004010505,9.538139959894949,4.961860040105051,True,0:5,225-250,83.52232316389792,rolling_5g,50.0,34.83819742753634,0.1907627991978989,0.53965,0.46035,227.92278932088263,227.42501276369796,50.021706157122495,-117.22602367763656,117.22602367763658,0.03964999999999996,-0.03965000000000002,0.5257725,0.47422749999999997,pass,False,"[0.525, 0.55)"
2024-12-03T00:45:00Z,2024-12-03T00:40:38Z,2024-12-03T00:35:38Z,2024-12-03T00:45:38Z,e73de417d2fd01292ed12cea2a906903,americanfootball_nfl,2024-12-03 01:15:00+00:00,Denver Broncos,Cleveland Browns,fanduel,FanDuel,2024-12-03T00:40:36Z,player_pass_yds,2024-12-03T00:40:32Z,Jameis Winston,235.5,-110.0,-110,2024-12-02,DEN,CLE,jameis winston,2024,13,Jameis Winston,CLE,QB,497.0,11.0,0.0,0.0,497.0,True,False,-6.5,6.5,41.5,False,True,6.5,-6.5,False,True,False,17.5,283.0,283.0,51.833333333333336,51.833333333333336,97.32420048477152,97.32420048477152,0.6666666666666666,0.6666666666666666,283.0,51.833333333333336,3.0,jameis winston,Jameis Winston,NYG,33.3,21.0,236.5,1.2,1.0,2.6,9.7,0.0,0.1,14.0,260.5,-1.0,261.5,229.4042287986907,267.5957712013093,-6.095771201309304,True,-10:-5,225-250,83.52232316389792,rolling_3g,97.32420048477152,97.32420048477152,2.7495296120432084,0.47315,0.52685,228.86659188669668,228.3436736617704,96.64476642958795,111.34946634259748,-111.3494663425975,-0.026849999999999985,0.02685000000000004,0.4825475,0.5174525,pass,False,"[0.45, 0.475)"
2024-12-06T00:45:00Z,2024-12-06T00:40:38Z,2024-12-06T00:35:38Z,2024-12-06T00:45:38Z,e0b1a11b515324fa603bb16ff278dcbf,americanfootball_nfl,2024-12-06 01:15:00+00:00,Detroit Lions,Green Bay Packers,fanduel,FanDuel,2024-12-06T00:40:00Z,player_pass_yds,2024-12-06T00:41:01Z,Jared Goff,253.5,-110.0,-110,2024-12-05,DET,GB,jared goff,2024,14,Jared Goff,DET,QB,283.0,7.0,0.0,0.0,283.0,True,False,-3.0,3.0,53.0,True,False,-3.0,3.0,True,False,False,28.0,300.6666666666667,245.4,57.5,5.9,99.35961620967208,116.90295120312403,0.6666666666666666,0.6,257.90909090909093,8.681818181818182,11.0,jared goff,Jared Goff,DET,30.9,22.2,253.4,1.7,0.8,1.6,4.6,0.0,0.2,16.5,29.599999999999994,0.0999999999999943,29.5,245.81724480873945,37.18275519126058,-7.682755191260583,True,-10:-5,225-250,83.52232316389792,rolling_5g,115.0,116.90295120312403,0.3233283060109613,0.47075,0.52925,245.13683026014817,245.76219272943354,114.83671270264111,112.42697822623472,-112.42697822623472,-0.029249999999999998,0.029249999999999998,0.4809875,0.5190125,pass,False,"[0.45, 0.475)"
2024-12-06T00:45:00Z,2024-12-06T00:40:38Z,2024-12-06T00:35:38Z,2024-12-06T00:45:38Z,e0b1a11b515324fa603bb16ff278dcbf,americanfootball_nfl,2024-12-06 01:15:00+00:00,Detroit Lions,Green Bay Packers,fanduel,FanDuel,2024-12-06T00:40:00Z,player_pass_yds,2024-12-06T00:41:01Z,Jordan Love,253.5,-110.0,-110,2024-12-05,DET,GB,jordan love,2024,14,Jordan Love,GB,QB,206.0,23.0,0.0,0.0,206.0,False,False,-3.0,3.0,53.0,False,True,3.0,-3.0,False,True,False,25.0,232.66666666666663,271.75,-3.1666666666666665,34.75,60.68223243531284,92.54683499000204,0.6666666666666666,0.75,271.75,34.75,4.0,jordan love,Jordan Love,GB,33.2,20.9,250.9,1.5,0.9,2.2,8.4,0.1,0.2,16.2,-44.900000000000006,2.5999999999999943,-47.5,243.38928386050736,-37.38928386050736,-10.110716139492638,False,-15:-10,225-250,83.52232316389792,rolling_3g,60.68223243531284,60.68223243531284,-0.6161487862260882,0.43455,0.56545,243.8526824418092,243.5982683611451,60.477277569552264,130.12311586698885,-130.12311586698885,-0.06545000000000001,0.06545000000000001,0.4574575,0.5425425,under,True,"[0.4, 0.45)"
2024-12-08T17:30:00Z,2024-12-08T17:25:37Z,2024-12-08T17:20:38Z,2024-12-08T17:30:37Z,757ca79be58cadb6fece7718e6e260a2,americanfootball_nfl,2024-12-08 18:00:00+00:00,Philadelphia Eagles,Carolina Panthers,fanduel,FanDuel,2024-12-08T17:25:24Z,player_pass_yds,2024-12-08T17:25:03Z,Jalen Hurts,201.5,-110.0,-110,2024-12-08,PHI,CAR,jalen hurts,2024,14,Jalen Hurts,PHI,QB,108.0,59.0,0.0,0.0,108.0,False,False,-14.0,14.0,44.5,True,False,-14.0,14.0,True,False,False,29.25,151.66666666666666,189.8,-63.5,-28.5,30.98924544633724,72.48930955665118,0.0,0.2,189.8,-28.5,5.0,jalen hurts,Jalen Hurts,PHI,25.9,17.8,211.1,1.3,0.4,10.0,42.5,0.8,0.2,22.2,-103.1,-9.599999999999994,-93.5,204.736145564653,-96.736145564653,3.236145564652986,False,0:5,200-225,69.4161154154068,rolling_5g,72.48930955665118,72.48930955665118,-1.3344884391408451,0.5176,0.4824,204.4307622117123,204.67861130432385,72.57488964272673,-107.29684908789385,107.29684908789388,0.01759999999999995,-0.017600000000000005,0.51144,0.48856,pass,True,"[0.5, 0.525)"
2024-12-08T17:30:00Z,2024-12-08T17:25:37Z,2024-12-08T17:20:38Z,2024-12-08T17:30:37Z,757ca79be58cadb6fece7718e6e260a2,americanfootball_nfl,2024-12-08 18:00:00+00:00,Philadelphia Eagles,Carolina Panthers,fanduel,FanDuel,2024-12-08T17:25:24Z,player_pass_yds,2024-12-08T17:25:03Z,Bryce Young,193.5,-110.0,-110,2024-12-08,PHI,CAR,bryce young,2024,14,Bryce Young,CAR,QB,191.0,29.0,0.0,0.0,191.0,False,False,-14.0,14.0,44.5,False,True,14.0,-14.0,False,True,False,15.25,229.0,216.4,40.833333333333336,34.7,90.90104509850258,69.13971362393686,0.6666666666666666,0.6,189.57142857142856,4.928571428571429,7.0,bryce young,Bryce Young,CAR,32.8,19.6,191.6,0.9,0.8,3.4,15.5,0.1,0.2,12.3,-0.5999999999999943,1.9000000000000057,-2.5,185.79805016844293,5.201949831557073,-7.701949831557073,False,-10:-5,175-200,63.59685830662887,rolling_5g,69.13971362393686,69.13971362393686,0.0752382322531938,0.45545,0.54455,185.74894322227962,185.80556012778192,69.40688286231489,119.56306949171149,-119.56306949171149,-0.04454999999999998,0.04454999999999998,0.47104250000000003,0.5289575,pass,True,"[0.45, 0.475)"
2024-09-08T16:30:00Z,2024-09-08T16:25:38Z,2024-09-08T16:20:38Z,2024-09-08T16:30:38Z,7a5e353202d40a844491fa5753bc3097,americanfootball_nfl,2024-09-08 17:00:00+00:00,Buffalo Bills,Arizona Cardinals,fanduel,FanDuel,2024-09-08T16:25:12Z,player_pass_yds,2024-09-08T16:24:50Z,Kyler Murray,221.5,-110.0,-110,2024-09-08,BUF,ARI,kyler murray,2024,1,Kyler Murray,ARI,QB,162.0,57.0,0.0,0.0,162.0,False,False,-6.5,6.5,46.0,False,True,6.5,-6.5,False,True,False,19.75,,,,,,,,,,,0.0,kyler murray,Kyler Murray,MIN,33.1,22.1,224.4,1.3,0.6,6.1,32.7,0.3,0.2,18.2,-62.400000000000006,-2.9000000000000057,-59.5,217.65289780924755,-55.65289780924755,-3.847102190752452,False,-5:0,200-225,69.4161154154068,bucket_fallback,69.4161154154068,69.4161154154068,-0.8017287841044398,0.47765,0.52235,217.87105682164508,217.60486516865103,69.5391308696847,109.35831675913325,-109.35831675913325,-0.02234999999999998,0.02234999999999998,0.48547250000000003,0.5145275,pass,True,"[0.475, 0.5)"
2024-09-08T16:30:00Z,2024-09-08T16:25:38Z,2024-09-08T16:20:38Z,2024-09-08T16:30:38Z,7a5e353202d40a844491fa5753bc3097,americanfootball_nfl,2024-09-08 17:00:00+00:00,Buffalo Bills,Arizona Cardinals,fanduel,FanDuel,2024-09-08T16:25:12Z,player_pass_yds,2024-09-08T16:24:50Z,Josh Allen,240.5,-110.0,-110,2024-09-08,BUF,ARI,josh allen,2024,1,Josh Allen,BUF,QB,232.0,39.0,0.0,0.0,232.0,False,False,-6.5,6.5,46.0,True,False,-6.5,6.5,True,False,False,26.25,,,,,,,,,,,0.0,josh allen,Josh Allen,BUF,34.8,23.3,258.9,1.9,0.9,7.1,38.2,0.7,0.2,24.3,-26.899999999999977,-18.399999999999977,-8.5,251.1587588948499,-19.15875889484991,10.65875889484991,False,10:15,250-275,66.76327241271723,bucket_fallback,66.76327241271723,66.76327241271723,-0.2869655456133768,0.562,0.438,250.61381106738486,251.04553409133496,66.50167350790318,-128.31050228310505,128.31050228310502,0.062000000000000055,-0.062,0.5403,0.4597,over,True,"[0.55, 0.6)"
2024-09-08T16:30:00Z,2024-09-08T16:25:38Z,2024-09-08T16:20:38Z,2024-09-08T16:30:38Z,92665529cce6b8089e793d1e7d5e4b66,americanfootball_nfl,2024-09-08 17:00:00+00:00,Atlanta Falcons,Pittsburgh Steelers,fanduel,FanDuel,2024-09-08T16:25:12Z,player_pass_yds,2024-09-08T16:24:28Z,Justin Fields,191.5,-110.0,-110,2024-09-08,ATL,PIT,justin fields,2024,1,Justin Fields,PIT,QB,156.0,57.0,0.0,0.0,156.0,False,False,-4.0,4.0,43.0,False,True,4.0,-4.0,False,True,False,19.5,,,,,,,,,,,0.0,justin fields,Justin Fields,KC,30.8,18.7,195.3,1.1,0.8,8.7,46.9,0.4,0.4,17.1,-39.30000000000001,-3.8000000000000114,-35.5,189.3914323718264,-33.39143237182637,-2.108567628173631,False,-5:0,175-200,63.59685830662887,bucket_fallback,63.59685830662887,63.59685830662887,-0.5250484577529189,0.4811,0.5189,188.58559133099905,188.6309255539781,64.09262331134585,107.85699438786114,-107.85699438786116,-0.018899999999999972,0.018900000000000028,0.487715,0.512285,pass,True,"[0.475, 0.5)"
2024-09-08T16:30:00Z,2024-09-08T16:25:38Z,2024-09-08T16:20:38Z,2024-09-08T16:30:38Z,92665529cce6b8089e793d1e7d5e4b66,americanfootball_nfl,2024-09-08 17:00:00+00:00,Atlanta Falcons,Pittsburgh Steelers,fanduel,FanDuel,2024-09-08T16:25:12Z,player_pass_yds,2024-09-08T16:24:28Z,Kirk Cousins,243.5,-110.0,-110,2024-09-08,ATL,PIT,kirk cousins,2024,1,Kirk Cousins,ATL,QB,155.0,0.0,0.0,0.0,155.0,False,False,-4.0,4.0,43.0,True,False,-4.0,4.0,True,False,False,23.5,,,,,,,,,,,0.0,kirk cousins,Kirk Cousins,LV,33.6,21.6,250.7,1.6,0.7,2.3,6.2,0.1,0.3,16.3,-95.7,-7.199999999999989,-88.5,243.1950469846488,-88.19504698464877,-0.3049530153512307,False,-5:0,225-250,83.52232316389792,bucket_fallback,83.52232316389792,83.52232316389792,-1.0559458075846555,0.5013,0.4987,244.0241981652311,243.8210800909543,83.64980495409627,-100.52135552436333,100.52135552436337,0.0012999999999999678,-0.0013000000000000234,0.500845,0.49915499999999996,pass,True,"[0.5, 0.525)"
2024-09-08T16:30:00Z,2024-09-08T16:25:38Z,2024-09-08T16:20:38Z,2024-09-08T16:30:38Z,022add645ca37d612dbb69e8ef02f6b9,americanfootball_nfl,2024-09-08 17:00:00+00:00,New Orleans Saints,Carolina Panthers,fanduel,FanDuel,2024-09-08T16:25:12Z,player_pass_yds,2024-09-08T16:25:07Z,Bryce Young,201.5,-110.0,-110,2024-09-08,NO,CAR,bryce young,2024,1,Bryce Young,CAR,QB,161.0,12.0,0.0,0.0,161.0,False,False,-3.5,3.5,41.5,False,True,3.5,-3.5,False,True,False,19.0,,,,,,,,,,,0.0,bryce young,Bryce Young,CAR,33.2,20.2,211.9,1.2,0.8,2.7,14.0,0.1,0.2,13.8,-50.900000000000006,-10.400000000000006,-40.5,205.51309306808724,-44.51309306808725,4.013093068087244,False,0:5,200-225,69.4161154154068,bucket_fallback,69.4161154154068,69.4161154154068,-0.641250130487821,0.5195,0.4805,205.62098744579558,204.87460031251555,69.30450487297965,-108.11654526534858,108.11654526534862,0.019499999999999962,-0.019500000000000017,0.512675,0.487325,pass,True,"[0.5, 0.525)"
2024-09-08T16:30:00Z,2024-09-08T16:25:38Z,2024-09-08T16:20:38Z,2024-09-08T16:30:38Z,b5b9d07cdd5c7bd14e943ccd7973e6a2,americanfootball_nfl,2024-09-08 17:00:00+00:00,Chicago Bears,Tennessee Titans,fanduel,FanDuel,2024-09-08T16:25:12Z,player_pass_yds,2024-09-08T16:25:08Z,Caleb Williams,235.5,-110.0,-110,2024-09-08,CHI,TEN,caleb williams,2024,1,Caleb Williams,CHI,QB,93.0,15.0,0.0,0.0,93.0,False,False,-4.0,4.0,43.0,True,False,-4.0,4.0,True,False,False,23.5,,,,,,,,,,,0.0,caleb williams,Caleb Williams,CHI,33.3,21.5,238.9,1.5,0.6,5.3,23.4,0.2,0.3,18.1,-145.9,-3.4000000000000057,-142.5,231.73507130899347,-138.73507130899347,-3.7649286910065314,False,-5:0,225-250,83.52232316389792,bucket_fallback,83.52232316389792,83.52232316389792,-1.6610537884195369,0.48125,0.51875,231.40929928264484,231.44137385327002,83.82035253056166,107.7922077922078,-107.79220779220782,-0.01874999999999999,0.018750000000000044,0.4878125,0.5121875,pass,True,"[0.475, 0.5)"
2024-09-08T16:30:00Z,2024-09-08T16:25:38Z,2024-09-08T16:20:38Z,2024-09-08T16:30:38Z,b5b9d07cdd5c7bd14e943ccd7973e6a2,americanfootball_nfl,2024-09-08 17:00:00+00:00,Chicago Bears,Tennessee Titans,fanduel,FanDuel,2024-09-08T16:25:12Z,player_pass_yds,2024-09-08T16:25:08Z,Will Levis,233.5,-110.0,-110,2024-09-08,CHI,TEN,will levis,2024,1,Will Levis,TEN,QB,127.0,36.0,0.0,0.0,127.0,False,False,-4.0,4.0,43.0,False,True,4.0,-4.0,False,True,False,19.5,,,,,,,,,,,0.0,will levis,Will Levis,TEN,32.1,20.2,223.9,1.3,0.9,3.3,11.1,0.1,0.2,14.3,-96.9,9.599999999999994,-106.5,217.1673056196012,-90.16730561960114,-16.332694380398863,False,-25:-15,200-225,69.4161154154068,bucket_fallback,69.4161154154068,69.4161154154068,-1.2989390875593232,0.40695,0.59305,216.91988289214075,216.76398626312005,69.05344007342987,145.73043371421554,-145.73043371421548,-0.09305000000000002,0.09304999999999997,0.4395175,0.5604825,under,True,"[0.4, 0.45)"
2024-09-08T16:30:00Z,2024-09-08T16:25:38Z,2024-09-08T16:20:38Z,2024-09-08T16:30:38Z,5f14ebd3a8f10d141a7f0c2dcf510368,americanfootball_nfl,2024-09-08 17:00:00+00:00,Cincinnati Bengals,New England Patriots,fanduel,FanDuel,2024-09-08T16:25:12Z,player_pass_yds,2024-09-08T16:25:27Z,Jacoby Brissett,205.5,-110.0,-110,2024-09-08,CIN,NE,jacoby brissett,2024,1,Jacoby Brissett,NE,QB,121.0,32.0,0.0,0.0,121.0,False,False,-8.0,8.0,40.5,False,True,8.0,-8.0,False,True,False,16.25,,,,,,,,,,,0.0,jacoby brissett,Jacoby Brissett,ARI,32.4,20.6,221.8,1.0,0.9,3.2,13.6,0.1,0.3,13.7,-100.8,-16.30000000000001,-84.5,215.1278184230862,-94.1278184230862,9.627818423086213,False,5:10,200-225,69.4161154154068,bucket_fallback,69.4161154154068,69.4161154154068,-1.355993746694081,0.5532,0.4468,215.13899341135672,214.60563464269217,69.74204563757927,-123.81378692927485,123.81378692927485,0.053200000000000025,-0.053200000000000025,0.53458,0.46542,over,True,"[0.55, 0.6)"
2024-09-08T16:30:00Z,2024-09-08T16:25:38Z,2024-09-08T16:20:38Z,2024-09-08T16:30:38Z,5f14ebd3a8f10d141a7f0c2dcf510368,americanfootball_nfl,2024-09-08 17:00:00+00:00,Cincinnati Bengals,New England Patriots,fanduel,FanDuel,2024-09-08T16:25:12Z,player_pass_yds,2024-09-08T16:25:27Z,Joe Burrow,245.5,-110.0,-110,2024-09-08,CIN,NE,joe burrow,2024,1,Joe Burrow,CIN,QB,164.0,15.0,0.0,0.0,164.0,False,False,-8.0,8.0,40.5,True,False,-8.0,8.0,True,False,False,24.25,,,,,,,,,,,0.0,joe burrow,Joe Burrow,CIN,35.0,23.6,256.9,1.9,0.6,3.0,10.3,0.1,0.2,18.7,-92.89999999999998,-11.399999999999975,-81.5,249.21639013626427,-85.21639013626427,3.716390136264266,False,0:5,225-250,83.52232316389792,bucket_fallback,83.52232316389792,83.52232316389792,-1.0202828047424164,0.52265,0.47735,249.06577620227867,249.79336852099829,83.27418071803855,-109.48989211270553,109.48989211270558,0.022649999999999948,-0.022650000000000003,0.5147225,0.4852775,pass,True,"[0.5, 0.525)"
2024-09-08T16:30:00Z,2024-09-08T16:25:38Z,2024-09-08T16:20:38Z,2024-09-08T16:30:38Z,60fdc65ee27ab7dbe07dc06ef35afadc,americanfootball_nfl,2024-09-08 17:00:00+00:00,Indianapolis Colts,Houston Texans,fanduel,FanDuel,2024-09-08T16:25:12Z,player_pass_yds,2024-09-08T16:25:18Z,Anthony Richardson,227.5,-110.0,-110,2024-09-08,IND,HOU,anthony richardson,2024,1,Anthony Richardson,IND,QB,212.0,56.0,0.0,0.0,212.0,False,False,3.0,-3.0,49.0,True,False,3.0,-3.0,False,True,False,23.0,,,,,,,,,,,0.0,anthony richardson,Anthony Richardson Sr.,IND,31.2,19.9,219.4,1.3,0.7,8.0,40.5,0.5,0.3,19.7,-7.400000000000006,8.099999999999994,-15.5,212.7969759127834,-0.7969759127834095,-14.70302408721659,False,-15:-10,200-225,69.4161154154068,bucket_fallback,69.4161154154068,69.4161154154068,-0.0114811367362473,0.4089,0.5911,211.6348690819451,211.50930433432774,69.05280371905725,144.5585717779408,-144.5585717779408,-0.09110000000000001,0.09109999999999996,0.440785,0.559215,under,True,"[0.4, 0.45)"
2024-09-08T16:30:00Z,2024-09-08T16:25:38Z,2024-09-08T16:20:38Z,2024-09-08T16:30:38Z,60fdc65ee27ab7dbe07dc06ef35afadc,americanfootball_nfl,2024-09-08 17:00:00+00:00,Indianapolis Colts,Houston Texans,fanduel,FanDuel,2024-09-08T16:25:12Z,player_pass_yds,2024-09-08T16:25:18Z,C.J. Stroud,277.5,-110.0,-110,2024-09-08,IND,HOU,cj stroud,2024,1,C.J. Stroud,HOU,QB,234.0,13.0,0.0,0.0,234.0,False,False,3.0,-3.0,49.0,False,True,-3.0,3.0,True,False,False,26.0,,,,,,,,,,,0.0,cj stroud,C.J. Stroud,HOU,34.9,23.2,277.4,1.9,0.5,2.7,11.3,0.1,0.2,19.8,-43.39999999999998,0.1000000000000227,-43.5,269.1256699117672,-35.125669911767204,-8.374330088232796,False,-10:-5,250-275,66.76327241271723,bucket_fallback,66.76327241271723,66.76327241271723,-0.5261226516074186,0.44955,0.55045,269.05746874372613,269.0054752293447,67.15550562967289,122.44466688911133,-122.44466688911133,-0.050449999999999995,0.050449999999999995,0.4672075,0.5327925,under,True,"[0.4, 0.45)"
2024-09-08T16:30:00Z,2024-09-08T16:25:38Z,2024-09-08T16:20:38Z,2024-09-08T16:30:38Z,8c0e75b0a4ea07212e741acf25ad96b6,americanfootball_nfl,2024-09-08 17:00:00+00:00,Miami Dolphins,Jacksonville Jaguars,fanduel,FanDuel,2024-09-08T16:25:12Z,player_pass_yds,2024-09-08T16:25:17Z,Trevor Lawrence,253.5,-110.0,-110,2024-09-08,MIA,JAX,trevor lawrence,2024,1,Trevor Lawrence,JAX,QB,162.0,8.0,0.0,0.0,162.0,False,False,-3.5,3.5,49.5,False,True,3.5,-3.5,False,True,False,23.0,,,,,,,,,,,0.0,trevor lawrence,Trevor Lawrence,JAX,35.8,23.5,252.4,1.5,0.8,4.2,18.7,0.2,0.3,17.7,-90.4,1.0999999999999943,-91.5,244.8460604294466,-82.8460604294466,-8.653939570553405,False,-10:-5,225-250,83.52232316389792,bucket_fallback,83.52232316389792,83.52232316389792,-0.9919032097188644,0.45975,0.54025,244.82940843361024,244.8423777588766,83.89439635328125,117.5095160413268,-117.5095160413268,-0.04025000000000001,0.04025000000000001,0.4738375,0.5261625,pass,True,"[0.45, 0.475)"
2024-09-08T16:30:00Z,2024-09-08T16:25:38Z,2024-09-08T16:20:38Z,2024-09-08T16:30:38Z,8c0e75b0a4ea07212e741acf25ad96b6,americanfootball_nfl,2024-09-08 17:00:00+00:00,Miami Dolphins,Jacksonville Jaguars,fanduel,FanDuel,2024-09-08T16:25:12Z,player_pass_yds,2024-09-08T16:25:17Z,Tua Tagovailoa,270.5,-110.0,-110,2024-09-08,MIA,JAX,tua tagovailoa,2024,1,Tua Tagovailoa,MIA,QB,338.0,11.0,0.0,0.0,338.0,True,False,-3.5,3.5,49.5,True,False,-3.5,3.5,True,False,False,26.5,,,,,,,,,,,0.0,tua tagovailoa,Tua Tagovailoa,ATL,34.3,23.4,271.2,1.8,0.8,2.0,5.8,0.0,0.2,17.5,66.80000000000001,-0.6999999999999886,67.5,263.1043267601517,74.89567323984829,-7.395673239848293,True,-10:-5,250-275,66.76327241271723,bucket_fallback,66.76327241271723,66.76327241271723,1.1218094999426955,0.45195,0.54805,262.2204751725375,262.8367497915716,66.90332359879581,121.26341409447946,-121.2634140944795,-0.04804999999999998,0.04805000000000004,0.4687675,0.5312325,pass,False,"[0.45, 0.475)"
2024-09-08T16:30:00Z,2024-09-08T16:25:38Z,2024-09-08T16:20:38Z,2024-09-08T16:30:38Z,c483f5c8e0ee5f1f5abdd75870eeeffc,americanfootball_nfl,2024-09-08 17:00:00+00:00,New York Giants,Minnesota Vikings,fanduel,FanDuel,2024-09-08T16:25:12Z,player_pass_yds,2024-09-08T16:25:03Z,Daniel Jones,212.5,-110.0,-110,2024-09-08,NYG,MIN,daniel jones,2024,1,Daniel Jones,NYG,QB,186.0,15.0,0.0,0.0,186.0,False,False,1.0,-1.0,42.5,True,False,1.0,-1.0,False,True,False,20.75,,,,,,,,,,,0.0,daniel jones,Daniel Jones,IND,32.4,21.4,218.6,1.2,0.7,6.0,29.6,0.2,0.2,16.3,-32.599999999999994,-6.099999999999994,-26.5,212.02002840934915,-26.020028409349152,-0.4799715906508481,False,-5:0,200-225,69.4161154154068,bucket_fallback,69.4161154154068,69.4161154154068,-0.3748413211202834,0.49935,0.50065,212.2921667643534,212.36050202284167,69.21103122674698,100.26033843997197,-100.26033843997197,-0.0006499999999999839,0.0006500000000000394,0.4995775,0.5004225,pass,True,"[0.475, 0.5)"
2024-09-08T16:30:00Z,2024-09-08T16:25:38Z,2024-09-08T16:20:38Z,2024-09-08T16:30:38Z,c483f5c8e0ee5f1f5abdd75870eeeffc,americanfootball_nfl,2024-09-08 17:00:00+00:00,New York Giants,Minnesota Vikings,fanduel,FanDuel,2024-09-08T16:25:12Z,player_pass_yds,2024-09-08T16:25:03Z,Sam Darnold,229.5,-110.0,-110,2024-09-08,NYG,MIN,sam darnold,2024,1,Sam Darnold,MIN,QB,208.0,3.0,0.0,0.0,208.0,False,False,1.0,-1.0,42.5,False,True,-1.0,1.0,True,False,False,21.75,,,,,,,,,,,0.0,sam darnold,Sam Darnold,SEA,34.4,21.9,237.8,1.4,1.0,3.0,9.7,0.1,0.3,15.4,-29.80000000000001,-8.300000000000011,-21.5,230.66676849177136,-22.666768491771364,1.1667684917713643,False,0:5,225-250,83.52232316389792,bucket_fallback,83.52232316389792,83.52232316389792,-0.2713857521334961,0.5083,0.4917,230.79107393643298,231.2867538393278,83.40252244342645,-103.37604230221679,103.37604230221679,0.008299999999999974,-0.008299999999999974,0.505395,0.494605,pass,True,"[0.5, 0.525)"
2024-09-08T19:35:00Z,2024-09-08T19:30:38Z,2024-09-08T19:25:38Z,2024-09-08T19:35:38Z,afb7e137dbb2a3de38d2d3cb68897e3b,americanfootball_nfl,2024-09-08 20:05:00+00:00,Seattle Seahawks,Denver Broncos,fanduel,FanDuel,2024-09-08T19:29:31Z,player_pass_yds,2024-09-08T19:29:05Z,Bo Nix,200.5,-110.0,-110,2024-09-08,SEA,DEN,bo nix,2024,1,Bo Nix,DEN,QB,138.0,35.0,0.0,0.0,138.0,False,False,-6.5,6.5,42.0,False,True,6.5,-6.5,False,True,False,17.75,,,,,,,,,,,0.0,bo nix,Bo Nix,DEN,31.5,19.9,210.0,1.2,0.8,3.8,16.7,0.1,0.2,14.3,-72.0,-9.5,-62.5,203.66784274743088,-65.66784274743088,3.167842747430882,False,0:5,200-225,69.4161154154068,bucket_fallback,69.4161154154068,69.4161154154068,-0.9460028460891952,0.5175,0.4825,203.78983808199982,203.73674749358347,69.27785453949976,-107.25388601036268,107.2538860103627,0.01749999999999996,-0.017500000000000016,0.511375,0.488625,pass,True,"[0.5, 0.525)"
2024-09-08T19:35:00Z,2024-09-08T19:30:38Z,2024-09-08T19:25:38Z,2024-09-08T19:35:38Z,afb7e137dbb2a3de38d2d3cb68897e3b,americanfootball_nfl,2024-09-08 20:05:00+00:00,Seattle Seahawks,Denver Broncos,fanduel,FanDuel,2024-09-08T19:29:31Z,player_pass_yds,2024-09-08T19:29:05Z,Geno Smith,241.5,-110.0,-110,2024-09-08,SEA,DEN,geno smith,2024,1,Geno Smith,SEA,QB,171.0,30.0,0.0,0.0,171.0,False,False,-6.5,6.5,42.0,True,False,-6.5,6.5,True,False,False,24.25,,,,,,,,,,,0.0,geno smith,Geno Smith,NYJ,32.4,21.8,245.4,1.6,0.8,2.9,11.8,0.1,0.2,17.0,-74.4,-3.9000000000000057,-70.5,238.04776977439684,-67.04776977439684,-3.4522302256031594,False,-5:0,225-250,83.52232316389792,bucket_fallback,83.52232316389792,83.52232316389792,-0.802752692149467,0.483,0.517,238.41894451222365,237.7140526583119,83.27124836324685,107.03933747412009,-107.03933747412009,-0.017000000000000015,0.017000000000000015,0.48895,0.51105,pass,True,"[0.475, 0.5)"
2024-09-08T19:35:00Z,2024-09-08T19:30:38Z,2024-09-08T19:25:38Z,2024-09-08T19:35:38Z,a2f9dcdf49ccacf33036a0b795413a6e,americanfootball_nfl,2024-09-08 20:05:00+00:00,Los Angeles Chargers,Las Vegas Raiders,fanduel,FanDuel,2024-09-08T19:29:31Z,player_pass_yds,2024-09-08T19:28:41Z,Gardner Minshew,218.5,-110.0,-110,2024-09-08,LAC,LV,gardner minshew,2024,1,Gardner Minshew,LV,QB,257.0,5.0,0.0,0.0,257.0,True,False,-3.0,3.0,41.0,False,True,3.0,-3.0,False,True,False,19.0,,,,,,,,,,,0.0,gardner minshew,Gardner Minshew II,ARI,31.3,19.5,220.8,1.2,0.8,2.4,8.3,0.1,0.2,13.8,36.19999999999999,-2.300000000000012,38.5,214.1566340437934,42.84336595620661,-4.343365956206611,True,-5:0,200-225,69.4161154154068,bucket_fallback,69.4161154154068,69.4161154154068,0.6171962475834192,0.4789,0.5211,214.64785142917688,214.8040841557637,69.70190529054882,108.81186051367717,-108.81186051367717,-0.021100000000000008,0.021100000000000008,0.48628499999999997,0.513715,pass,False,"[0.475, 0.5)"
2024-09-08T19:35:00Z,2024-09-08T19:30:38Z,2024-09-08T19:25:38Z,2024-09-08T19:35:38Z,a2f9dcdf49ccacf33036a0b795413a6e,americanfootball_nfl,2024-09-08 20:05:00+00:00,Los Angeles Chargers,Las Vegas Raiders,fanduel,FanDuel,2024-09-08T19:29:31Z,player_pass_yds,2024-09-08T19:28:41Z,Justin Herbert,228.5,-110.0,-110,2024-09-08,LAC,LV,justin herbert,2024,1,Justin Herbert,LAC,QB,144.0,6.0,0.0,0.0,144.0,False,False,-3.0,3.0,41.0,True,False,-3.0,3.0,True,False,False,22.0,,,,,,,,,,,0.0,justin herbert,Justin Herbert,LAC,33.5,22.3,235.6,1.6,0.6,4.3,16.8,0.2,0.2,17.5,-91.6,-7.099999999999994,-84.5,228.5301628573272,-84.53016285732716,0.0301628573271557,False,0:5,225-250,83.52232316389792,bucket_fallback,83.52232316389792,83.52232316389792,-1.01206671049429,0.49985,0.50015,228.7433083918368,228.46685733094978,83.88265877904598,100.06001800540162,-100.06001800540162,-0.00014999999999998348,0.00014999999999998348,0.4999025,0.5000975,pass,True,"[0.475, 0.5)"
2024-09-08T19:55:00Z,2024-09-08T19:50:38Z,2024-09-08T19:45:38Z,2024-09-08T19:55:38Z,a1682ca5d9e0c4b14d19ed69d6299806,americanfootball_nfl,2024-09-08 20:25:00+00:00,Cleveland Browns,Dallas Cowboys,fanduel,FanDuel,2024-09-08T19:48:32Z,player_pass_yds,2024-09-08T19:49:11Z,Deshaun Watson,213.5,-110.0,-110,2024-09-08,CLE,DAL,deshaun watson,2024,1,Deshaun Watson,CLE,QB,169.0,39.0,0.0,0.0,169.0,False,False,-2.5,2.5,42.0,True,False,-2.5,2.5,True,False,False,22.25,,,,,,,,,,,0.0,deshaun watson,Deshaun Watson,CLE,33.8,20.1,228.3,1.4,0.9,5.3,23.9,0.2,0.2,17.0,-59.30000000000001,-14.800000000000011,-44.5,221.44051688848955,-52.44051688848956,7.940516888489554,False,5:10,200-225,69.4161154154068,bucket_fallback,69.4161154154068,69.4161154154068,-0.7554516206311722,0.5458,0.4542,221.653478401189,221.89916615161292,69.16832553046673,-120.16732716864816,120.16732716864819,0.04579999999999995,-0.04580000000000001,0.52977,0.47023,pass,True,"[0.525, 0.55)"
2024-09-08T19:55:00Z,2024-09-08T19:50:38Z,2024-09-08T19:45:38Z,2024-09-08T19:55:38Z,a1682ca5d9e0c4b14d19ed69d6299806,americanfootball_nfl,2024-09-08 20:25:00+00:00,Cleveland Browns,Dallas Cowboys,fanduel,FanDuel,2024-09-08T19:48:32Z,player_pass_yds,2024-09-08T19:49:11Z,Dak Prescott,248.5,-110.0,-110,2024-09-08,CLE,DAL,dak prescott,2024,1,Dak Prescott,DAL,QB,179.0,3.0,0.0,0.0,179.0,False,False,-2.5,2.5,42.0,False,True,2.5,-2.5,False,True,False,19.75,,,,,,,,,,,0.0,dak prescott,Dak Prescott,DAL,35.1,22.8,244.9,1.6,0.8,3.1,12.7,0.1,0.2,16.9,-65.9,3.5999999999999943,-69.5,237.56217758475043,-58.56217758475043,-10.93782241524957,False,-15:-10,225-250,83.52232316389792,bucket_fallback,83.52232316389792,83.52232316389792,-0.7011559947851597,0.447,0.553,237.92154415662336,237.61967629155475,83.72957762484775,123.71364653243847,-123.7136465324385,-0.05299999999999999,0.05300000000000005,0.46555,0.53445,under,True,"[0.4, 0.45)"
2024-09-08T19:55:00Z,2024-09-08T19:50:38Z,2024-09-08T19:45:38Z,2024-09-08T19:55:38Z,ba439e5505ce1ee745d2e48f2d2f31e6,americanfootball_nfl,2024-09-08 20:25:00+00:00,Tampa Bay Buccaneers,Washington Commanders,fanduel,FanDuel,2024-09-08T19:48:32Z,player_pass_yds,2024-09-08T19:50:15Z,Jayden Daniels,211.5,-110.0,-110,2024-09-08,TB,WAS,jayden daniels,2024,1,Jayden Daniels,WAS,QB,184.0,88.0,0.0,0.0,184.0,False,False,-4.0,4.0,42.0,False,True,4.0,-4.0,False,True,False,19.0,,,,,,,,,,,0.0,jayden daniels,Jayden Daniels,WSH,33.5,21.0,224.0,1.2,0.8,7.1,37.3,0.3,0.3,18.0,-40.0,-12.5,-27.5,217.2644240575304,-33.26442405753039,5.764424057530391,False,5:10,200-225,69.4161154154068,bucket_fallback,69.4161154154068,69.4161154154068,-0.479203191628718,0.5325,0.4675,217.25621569614665,216.72663107277424,69.44255112905665,-113.90374331550801,113.90374331550801,0.03249999999999997,-0.03249999999999997,0.521125,0.478875,pass,True,"[0.525, 0.55)"
2024-09-08T19:55:00Z,2024-09-08T19:50:38Z,2024-09-08T19:45:38Z,2024-09-08T19:55:38Z,ba439e5505ce1ee745d2e48f2d2f31e6,americanfootball_nfl,2024-09-08 20:25:00+00:00,Tampa Bay Buccaneers,Washington Commanders,fanduel,FanDuel,2024-09-08T19:48:32Z,player_pass_yds,2024-09-08T19:50:15Z,Baker Mayfield,248.5,-110.0,-110,2024-09-08,TB,WAS,baker mayfield,2024,1,Baker Mayfield,TB,QB,289.0,21.0,0.0,0.0,289.0,True,False,-4.0,4.0,42.0,True,False,-4.0,4.0,True,False,False,23.0,,,,,,,,,,,0.0,baker mayfield,Baker Mayfield,TB,33.2,21.4,250.2,1.7,0.8,3.0,10.5,0.1,0.2,17.3,38.80000000000001,-1.6999999999999886,40.5,242.7094547950024,46.29054520499764,-5.790545204997642,True,-10:-5,225-250,83.52232316389792,bucket_fallback,83.52232316389792,83.52232316389792,0.5542296173223119,0.4694,0.5306,241.7809043399858,242.1324593004016,84.44800421790151,113.03792074989347,-113.03792074989346,-0.030600000000000016,0.03059999999999996,0.48011,0.51989,pass,False,"[0.45, 0.475)"
2024-09-08T23:50:00Z,2024-09-08T23:45:38Z,2024-09-08T23:40:38Z,2024-09-08T23:50:38Z,fa20351fa9ca26c47f93abc8a9b2c941,americanfootball_nfl,2024-09-09 00:20:00+00:00,Detroit Lions,Los Angeles Rams,fanduel,FanDuel,2024-09-08T23:45:22Z,player_pass_yds,2024-09-08T23:44:12Z,Jared Goff,268.5,-110.0,-110,2024-09-08,DET,LAR,jared goff,2024,1,Jared Goff,DET,QB,217.0,7.0,0.0,0.0,217.0,False,False,-5.0,5.0,54.0,True,False,-5.0,5.0,True,False,False,29.5,,,,,,,,,,,0.0,jared goff,Jared Goff,DET,35.1,23.7,267.4,1.9,0.7,1.6,3.5,0.1,0.2,18.0,-50.39999999999998,1.1000000000000227,-51.5,259.41382611883887,-42.41382611883887,-9.08617388116113,False,-10:-5,250-275,66.76327241271723,bucket_fallback,66.76327241271723,66.76327241271723,-0.6352868064441938,0.4467,0.5533,259.2520526090515,258.9661891005112,66.92377057453668,123.8638907544213,-123.8638907544213,-0.053300000000000014,0.053300000000000014,0.46535499999999996,0.534645,under,True,"[0.4, 0.45)"
2024-09-08T23:50:00Z,2024-09-08T23:45:38Z,2024-09-08T23:40:38Z,2024-09-08T23:50:38Z,fa20351fa9ca26c47f93abc8a9b2c941,americanfootball_nfl,2024-09-09 00:20:00+00:00,Detroit Lions,Los Angeles Rams,fanduel,FanDuel,2024-09-08T23:45:22Z,player_pass_yds,2024-09-08T23:44:12Z,Matthew Stafford,273.5,-110.0,-110,2024-09-08,DET,LAR,matthew stafford,2024,1,Matthew Stafford,LAR,QB,317.0,0.0,0.0,0.0,317.0,True,False,-5.0,5.0,54.0,False,True,5.0,-5.0,False,True,False,24.5,,,,,,,,,,,0.0,matthew stafford,Matthew Stafford,LAR,35.5,22.7,274.3,1.7,0.9,1.4,4.0,0.0,0.1,17.3,42.69999999999999,-0.8000000000000114,43.5,266.1149983359594,50.8850016640406,-7.385001664040601,True,-10:-5,250-275,66.76327241271723,bucket_fallback,66.76327241271723,66.76327241271723,0.7621705741066687,0.4526,0.5474,266.23278275762334,265.9911510460546,66.60868038724182,120.9456473707468,-120.9456473707468,-0.0474,0.0474,0.46919,0.53081,pass,False,"[0.45, 0.475)"
2024-09-09T23:50:00Z,2024-09-09T23:45:38Z,2024-09-09T23:40:38Z,2024-09-09T23:50:39Z,d94f808523ced7460f7c88c758c481f5,americanfootball_nfl,2024-09-10 00:20:00+00:00,San Francisco 49ers,New York Jets,fanduel,FanDuel,2024-09-09T23:45:33Z,player_pass_yds,2024-09-09T23:44:39Z,Brock Purdy,240.5,-110.0,-110,2024-09-09,SF,NYJ,brock purdy,2024,1,Brock Purdy,SF,QB,231.0,11.0,0.0,0.0,231.0,False,False,-3.5,3.5,43.0,True,False,-3.5,3.5,True,False,False,23.25,,,,,,,,,,,0.0,brock purdy,Brock Purdy,SF,31.7,20.7,240.6,1.6,0.7,2.5,9.7,0.1,0.2,16.5,-9.599999999999994,-0.0999999999999943,-9.5,233.38608475379127,-2.386084753791266,-7.113915246208734,False,-10:-5,225-250,83.52232316389792,bucket_fallback,83.52232316389792,83.52232316389792,-0.0285682277911378,0.46655,0.53345,233.58047234088085,233.37594551473828,83.222446396169,114.33929911049191,-114.33929911049191,-0.03344999999999998,0.03344999999999998,0.4782575,0.5217425,pass,True,"[0.45, 0.475)"
2024-09-12T23:50:00Z,2024-09-12T23:45:39Z,2024-09-12T23:40:39Z,2024-09-12T23:50:39Z,ddd9b67cf1d68282e1e8652000c0d015,americanfootball_nfl,2024-09-13 00:20:00+00:00,Miami Dolphins,Buffalo Bills,fanduel,FanDuel,2024-09-12T23:43:23Z,player_pass_yds,2024-09-12T23:45:12Z,Josh Allen,245.5,-110.0,-110,2024-09-12,MIA,BUF,josh allen,2024,2,Josh Allen,BUF,QB,139.0,2.0,0.0,0.0,139.0,False,False,-2.5,2.5,48.5,False,True,2.5,-2.5,False,True,False,23.0,232.0,232.0,-8.5,-8.5,,,0.0,0.0,232.0,-8.5,1.0,josh allen,Josh Allen,BUF,34.6,22.7,250.4,1.6,0.9,6.7,35.6,0.6,0.3,22.0,-111.4,-4.900000000000006,-106.5,242.9036916708609,-103.90369167086097,-2.596308329139049,False,-5:0,225-250,83.52232316389792,bucket_fallback,83.52232316389792,83.52232316389792,-1.24402300768105,0.4869,0.5131,243.29764431297127,242.65658577551272,83.27962349572206,105.38098172109264,-105.38098172109264,-0.0131,0.0131,0.491485,0.508515,pass,True,"[0.475, 0.5)"
2024-09-12T23:50:00Z,2024-09-12T23:45:39Z,2024-09-12T23:40:39Z,2024-09-12T23:50:39Z,ddd9b67cf1d68282e1e8652000c0d015,americanfootball_nfl,2024-09-13 00:20:00+00:00,Miami Dolphins,Buffalo Bills,fanduel,FanDuel,2024-09-12T23:43:23Z,player_pass_yds,2024-09-12T23:45:12Z,Tua Tagovailoa,270.5,-110.0,-110,2024-09-12,MIA,BUF,tua tagovailoa,2024,2,Tua Tagovailoa,MIA,QB,145.0,17.0,0.0,0.0,145.0,False,False,-2.5,2.5,48.5,True,False,-2.5,2.5,True,False,False,25.5,338.0,338.0,67.5,67.5,,,1.0,1.0,338.0,67.5,1.0,tua tagovailoa,Tua Tagovailoa,ATL,35.1,23.9,275.8,1.7,0.8,2.5,7.0,0.1,0.3,17.7,-130.8,-5.300000000000011,-125.5,267.5717749048987,-122.57177490489867,-2.928225095101311,False,-5:0,250-275,66.76327241271723,bucket_fallback,66.76327241271723,66.76327241271723,-1.835916222727736,0.4844,0.5156,267.8525954619146,267.8426377757463,66.62458776761328,106.4409578860446,-106.44095788604457,-0.015600000000000003,0.015599999999999947,0.48986,0.5101399999999999,pass,True,"[0.475, 0.5)"
2024-10-03T23:45:00Z,2024-10-03T23:40:39Z,2024-10-03T23:35:38Z,2024-10-03T23:45:39Z,b516611a4ade7c4d55fcde561ed71328,americanfootball_nfl,2024-10-04 00:15:00+00:00,Atlanta Falcons,Tampa Bay Buccaneers,fanduel,FanDuel,2024-10-03T23:39:46Z,player_pass_yds,2024-10-03T23:40:54Z,Baker Mayfield,239.5,-110.0,-110,2024-10-03,ATL,TB,baker mayfield,2024,5,Baker Mayfield,TB,QB,180.0,42.0,0.0,0.0,180.0,False,False,-2.5,2.5,44.0,False,True,2.5,-2.5,False,True,False,20.75,231.66666666666663,246.0,-8.833333333333334,3.5,100.48548817283684,86.90991504617487,0.3333333333333333,0.5,246.0,3.5,4.0,baker mayfield,Baker Mayfield,TB,34.2,23.2,244.7,1.5,0.8,3.5,13.0,0.1,0.2,16.8,-64.69999999999999,-5.199999999999989,-59.5,237.36794070889184,-57.36794070889184,-2.132059291108164,False,-5:0,225-250,83.52232316389792,rolling_3g,100.48548817283684,100.48548817283684,-0.5709077176419539,0.50435,0.49565,238.9121272162391,240.64146580462074,100.42650375057897,-101.7552708564511,101.75527085645115,0.004349999999999965,-0.0043500000000000205,0.5028275,0.49717249999999996,pass,True,"[0.5, 0.525)"
2024-10-03T23:45:00Z,2024-10-03T23:40:39Z,2024-10-03T23:35:38Z,2024-10-03T23:45:39Z,b516611a4ade7c4d55fcde561ed71328,americanfootball_nfl,2024-10-04 00:15:00+00:00,Atlanta Falcons,Tampa Bay Buccaneers,fanduel,FanDuel,2024-10-03T23:39:46Z,player_pass_yds,2024-10-03T23:40:54Z,Kirk Cousins,234.5,-110.0,-110,2024-10-03,ATL,TB,kirk cousins,2024,5,Kirk Cousins,ATL,QB,509.0,0.0,0.0,0.0,509.0,True,False,-2.5,2.5,44.0,True,False,-2.5,2.5,True,False,False,23.25,236.3333333333333,216.0,9.5,-15.0,5.686240703077366,40.93083597159156,0.6666666666666666,0.5,216.0,-15.0,4.0,kirk cousins,Kirk Cousins,LV,32.9,21.5,236.7,1.5,0.8,1.4,4.5,0.0,0.3,15.1,272.3,-2.1999999999999886,274.5,229.5984656745493,279.4015343254507,-4.90153432545074,True,-5:0,225-250,83.52232316389792,rolling_3g,50.0,5.686240703077366,5.588030686509014,0.459,0.541,229.68807573696878,229.17418824274495,50.05701293556635,117.86492374727668,-117.8649237472767,-0.04099999999999998,0.041000000000000036,0.47335,0.5266500000000001,pass,False,"[0.45, 0.475)"
2024-10-06T13:00:00Z,2024-10-06T12:55:37Z,2024-10-06T12:50:37Z,2024-10-06T13:00:37Z,b782886bcc4874123d3bb50e5d1e88c3,americanfootball_nfl,2024-10-06 13:30:00+00:00,Minnesota Vikings,New York Jets,fanduel,FanDuel,2024-10-06T12:55:23Z,player_pass_yds,2024-10-06T12:55:34Z,Sam Darnold,217.5,-110.0,-110,2024-10-06,MIN,NYJ,sam darnold,2024,5,Sam Darnold,MIN,QB,179.0,11.0,0.0,0.0,179.0,False,False,-2.5,2.5,42.0,True,False,-2.5,2.5,True,False,False,22.25,241.3333333333333,233.0,8.833333333333334,1.25,52.367292591209385,45.89117562233506,0.6666666666666666,0.5,233.0,1.25,4.0,sam darnold,Sam Darnold,SEA,32.6,20.8,226.3,1.6,0.9,3.5,11.9,0.1,0.3,15.7,-47.30000000000001,-8.800000000000011,-38.5,219.4981481299039,-40.49814812990391,1.9981481299039103,False,0:5,200-225,69.4161154154068,rolling_3g,52.367292591209385,52.367292591209385,-0.773348136327027,0.5205,0.4795,219.96042849532924,220.09926935517646,52.27543356371679,-108.55057351407714,108.55057351407716,0.020499999999999963,-0.020500000000000018,0.513325,0.48667499999999997,pass,True,"[0.5, 0.525)"
2024-10-06T16:30:00Z,2024-10-06T16:25:37Z,2024-10-06T16:20:37Z,2024-10-06T16:30:37Z,2eb8e0798cb1b1f9d0f0d414253b4e37,americanfootball_nfl,2024-10-06 17:00:00+00:00,Houston Texans,Buffalo Bills,fanduel,FanDuel,2024-10-06T16:24:44Z,player_pass_yds,2024-10-06T16:24:15Z,Josh Allen,230.5,-110.0,-110,2024-10-06,HOU,BUF,josh allen,2024,5,Josh Allen,BUF,QB,131.0,54.0,0.0,0.0,131.0,False,False,-1.0,1.0,48.0,False,True,1.0,-1.0,False,True,False,23.5,194.0,203.5,-42.5,-34.0,63.17436188834834,54.96968861715215,0.3333333333333333,0.25,203.5,-34.0,4.0,josh allen,Josh Allen,BUF,32.9,21.2,239.0,1.5,0.9,6.9,34.7,0.6,0.2,21.1,-108.0,-8.5,-99.5,231.83218974692275,-100.83218974692277,1.3321897469227508,False,0:5,225-250,83.52232316389792,rolling_3g,63.17436188834834,63.17436188834834,-1.59609352169048,0.5105,0.4895,231.57377533949935,232.17165473458857,62.92988261727913,-104.29009193054135,104.29009193054137,0.010499999999999954,-0.01050000000000001,0.506825,0.493175,pass,True,"[0.5, 0.525)"
2024-10-06T16:30:00Z,2024-10-06T16:25:37Z,2024-10-06T16:20:37Z,2024-10-06T16:30:37Z,2eb8e0798cb1b1f9d0f0d414253b4e37,americanfootball_nfl,2024-10-06 17:00:00+00:00,Houston Texans,Buffalo Bills,fanduel,FanDuel,2024-10-06T16:24:44Z,player_pass_yds,2024-10-06T16:24:15Z,C.J. Stroud,259.5,-110.0,-110,2024-10-06,HOU,BUF,cj stroud,2024,5,C.J. Stroud,HOU,QB,331.0,27.0,0.0,0.0,331.0,True,False,-1.0,1.0,48.0,True,False,-1.0,1.0,True,False,False,24.5,273.3333333333333,263.5,9.833333333333334,-3.5,66.01767440112788,57.37885789498893,0.3333333333333333,0.25,263.5,-3.5,4.0,cj stroud,C.J. Stroud,HOU,35.5,23.1,265.2,1.6,0.5,2.8,11.7,0.1,0.2,18.1,65.80000000000001,-5.699999999999989,71.5,257.2772204843948,73.72277951560523,-2.222779515605225,True,-5:0,250-275,66.76327241271723,rolling_3g,66.01767440112788,66.01767440112788,1.1167127619137356,0.4876,0.5124,257.5170677670247,257.40493222221494,65.82921218397479,105.08613617719442,-105.0861361771944,-0.012400000000000022,0.012399999999999967,0.49194,0.50806,pass,False,"[0.475, 0.5)"
2024-10-06T16:30:00Z,2024-10-06T16:25:37Z,2024-10-06T16:20:37Z,2024-10-06T16:30:37Z,b727380f1b93218185ba53da28e0f6a7,americanfootball_nfl,2024-10-06 17:00:00+00:00,Chicago Bears,Carolina Panthers,fanduel,FanDuel,2024-10-06T16:24:44Z,player_pass_yds,2024-10-06T16:24:51Z,Caleb Williams,211.5,-110.0,-110,2024-10-06,CHI,CAR,caleb williams,2024,5,Caleb Williams,CHI,QB,304.0,34.0,0.0,0.0,304.0,True,False,-4.0,4.0,40.0,True,False,-4.0,4.0,True,False,False,22.0,231.3333333333333,196.75,13.833333333333334,-25.25,114.34305109333638,116.19057620994914,0.3333333333333333,0.25,196.75,-25.25,4.0,caleb williams,Caleb Williams,CHI,32.3,20.1,217.2,1.2,0.9,4.1,18.1,0.1,0.2,14.8,86.80000000000001,-5.699999999999989,92.5,210.6603702783392,93.3396297216608,-0.8396297216607991,True,-5:0,200-225,69.4161154154068,rolling_3g,114.34305109333638,114.34305109333638,0.8163122186189449,0.49585,0.50415,211.3056207246322,210.34987681061375,114.81012119669265,101.67389331451044,-101.67389331451044,-0.004149999999999987,0.004149999999999987,0.4973025,0.5026975,pass,False,"[0.475, 0.5)"
2024-10-06T16:30:00Z,2024-10-06T16:25:37Z,2024-10-06T16:20:37Z,2024-10-06T16:30:37Z,43f21c8e455914cc71d00ca0001ae85b,americanfootball_nfl,2024-10-06 17:00:00+00:00,Washington Commanders,Cleveland Browns,fanduel,FanDuel,2024-10-06T16:24:44Z,player_pass_yds,2024-10-06T16:25:44Z,Deshaun Watson,212.5,-110.0,-110,2024-10-06,WAS,CLE,deshaun watson,2024,5,Deshaun Watson,CLE,QB,125.0,14.0,0.0,0.0,125.0,False,False,-3.0,3.0,44.0,False,True,3.0,-3.0,False,True,False,20.5,186.0,181.75,-18.5,-25.0,10.00000000000001,11.786291472158098,0.0,0.0,181.75,-25.0,4.0,deshaun watson,Deshaun Watson,CLE,33.1,20.4,212.3,1.2,0.8,5.5,26.8,0.2,0.3,16.1,-87.30000000000001,0.1999999999999886,-87.5,205.9015668198044,-80.90156681980437,-6.598433180195627,False,-10:-5,200-225,69.4161154154068,rolling_3g,50.0,10.00000000000001,-1.618031336396088,0.44535,0.55465,205.9008954791109,205.72011697023584,49.782368468022,124.54249466711573,-124.54249466711573,-0.054649999999999976,0.054649999999999976,0.4644775,0.5355225,under,True,"[0.4, 0.45)"
2024-10-06T16:30:00Z,2024-10-06T16:25:37Z,2024-10-06T16:20:37Z,2024-10-06T16:30:37Z,43f21c8e455914cc71d00ca0001ae85b,americanfootball_nfl,2024-10-06 17:00:00+00:00,Washington Commanders,Cleveland Browns,fanduel,FanDuel,2024-10-06T16:24:44Z,player_pass_yds,2024-10-06T16:25:44Z,Jayden Daniels,200.5,-110.0,-110,2024-10-06,WAS,CLE,jayden daniels,2024,5,Jayden Daniels,WAS,QB,238.0,82.0,0.0,0.0,238.0,True,False,-3.0,3.0,44.0,True,False,-3.0,3.0,True,False,False,23.5,237.66666666666663,224.25,35.5,19.75,14.571661996262913,29.35273979262129,1.0,0.75,224.25,19.75,4.0,jayden daniels,Jayden Daniels,WSH,29.4,20.5,210.1,1.1,0.7,10.2,50.1,0.7,0.2,20.7,27.90000000000001,-9.599999999999994,37.5,203.7649611853601,34.235038814639864,3.264961185360136,True,0:5,200-225,69.4161154154068,rolling_3g,50.0,14.571661996262913,0.6847007762927979,0.5286,0.4714,204.2225661980893,204.13184205073117,49.72530049309923,-112.13406873143826,112.13406873143828,0.02859999999999996,-0.028600000000000014,0.51859,0.48141,pass,False,"[0.525, 0.55)"
2024-10-06T16:30:00Z,2024-10-06T16:25:37Z,2024-10-06T16:20:37Z,2024-10-06T16:30:37Z,dba45197b1cd2dbafe7f83ebffd2be90,americanfootball_nfl,2024-10-06 17:00:00+00:00,Jacksonville Jaguars,Indianapolis Colts,fanduel,FanDuel,2024-10-06T16:24:44Z,player_pass_yds,2024-10-06T16:25:48Z,Trevor Lawrence,234.5,-110.0,-110,2024-10-06,JAX,IND,trevor lawrence,2024,5,Trevor Lawrence,JAX,QB,371.0,4.0,0.0,0.0,371.0,True,False,-3.5,3.5,45.0,True,False,-3.5,3.5,True,False,False,24.25,189.0,182.25,-33.5,-48.0,27.2213151776324,26.004807247891684,0.0,0.0,182.25,-48.0,4.0,trevor lawrence,Trevor Lawrence,JAX,34.8,21.7,242.2,1.3,0.9,3.3,15.6,0.2,0.3,15.9,128.8,-7.699999999999989,136.5,234.93997976065972,136.06002023934022,0.4399797606597815,True,0:5,225-250,83.52232316389792,rolling_3g,50.0,27.2213151776324,2.721200404786805,0.5061,0.4939,235.1514185486475,235.1201383143325,49.92879382672405,-102.47013565499088,102.47013565499088,0.006099999999999994,-0.006099999999999994,0.503965,0.496035,pass,False,"[0.5, 0.525)"
2024-10-06T16:30:00Z,2024-10-06T16:25:37Z,2024-10-06T16:20:37Z,2024-10-06T16:30:37Z,dba45197b1cd2dbafe7f83ebffd2be90,americanfootball_nfl,2024-10-06 17:00:00+00:00,Jacksonville Jaguars,Indianapolis Colts,fanduel,FanDuel,2024-10-06T16:24:44Z,player_pass_yds,2024-10-06T16:25:48Z,Joe Flacco,241.5,-110.0,-110,2024-10-06,JAX,IND,joe flacco,2024,5,Joe Flacco,IND,QB,359.0,22.0,0.0,0.0,359.0,True,False,-3.5,3.5,45.0,False,True,3.5,-3.5,False,True,False,20.75,,,,,,,,,,,0.0,joe flacco,Joe Flacco,CIN,31.7,19.7,232.0,1.2,0.9,1.7,4.1,0.0,0.1,13.7,127.0,9.5,117.5,225.033899091873,133.966100908127,-16.466100908127004,True,-25:-15,225-250,83.52232316389792,bucket_fallback,83.52232316389792,83.52232316389792,1.6039556352526498,0.4219,0.5781,225.24463220763462,225.07335046239703,83.1403301551973,137.02299123014933,-137.0229912301493,-0.0781,0.07809999999999995,0.449235,0.550765,under,False,"[0.4, 0.45)"
2024-10-06T16:30:00Z,2024-10-06T16:25:37Z,2024-10-06T16:20:37Z,2024-10-06T16:30:37Z,5cb3b58ed90ecfac2acac9115e08c017,americanfootball_nfl,2024-10-06 17:00:00+00:00,New England Patriots,Miami Dolphins,fanduel,FanDuel,2024-10-06T16:24:44Z,player_pass_yds,2024-10-06T16:25:04Z,Tyler Huntley,162.5,-110.0,-110,2024-10-06,NE,MIA,tyler huntley,2024,5,Tyler Huntley,MIA,QB,194.0,7.0,0.0,0.0,194.0,True,False,2.0,-2.0,37.0,False,True,-2.0,2.0,True,False,False,19.5,96.0,96.0,-74.5,-74.5,,,0.0,0.0,96.0,-74.5,1.0,tyler huntley,Tyler Huntley,BAL,27.3,17.5,175.5,0.8,0.6,6.5,26.0,0.2,0.2,13.0,18.5,-13.0,31.5,170.16198166182846,23.838018338171537,7.661981661828463,True,5:10,0-175,52.752623496033685,bucket_fallback,52.752623496033685,52.752623496033685,0.4518830867239019,0.5526,0.4474,169.8023475613793,169.69251963468383,52.60328124955511,-123.51363433169422,123.51363433169422,0.05259999999999998,-0.05259999999999998,0.5341899999999999,0.46581,over,False,"[0.55, 0.6)"
2024-10-06T16:30:00Z,2024-10-06T16:25:37Z,2024-10-06T16:20:37Z,2024-10-06T16:30:37Z,5cb3b58ed90ecfac2acac9115e08c017,americanfootball_nfl,2024-10-06 17:00:00+00:00,New England Patriots,Miami Dolphins,fanduel,FanDuel,2024-10-06T16:24:44Z,player_pass_yds,2024-10-06T16:25:04Z,Jacoby Brissett,158.5,-110.0,-110,2024-10-06,NE,MIA,jacoby brissett,2024,5,Jacoby Brissett,NE,QB,160.0,10.0,0.0,0.0,160.0,True,False,2.0,-2.0,37.0,True,False,2.0,-2.0,False,True,False,17.5,138.33333333333334,134.0,-31.5,-44.75,36.19852667351716,30.80043289739069,0.3333333333333333,0.25,134.0,-44.75,4.0,jacoby brissett,Jacoby Brissett,ARI,28.4,17.7,188.2,0.9,0.6,3.2,11.7,0.1,0.2,11.4,-28.19999999999999,-29.69999999999999,1.5,182.4960232788473,-22.496023278847304,23.996023278847304,True,15:25,175-200,63.59685830662887,rolling_3g,50.0,36.19852667351716,-0.4499204655769461,0.68375,0.31625,182.62895625981713,182.58942529028408,49.981109302611735,-216.2055335968379,216.205533596838,0.18374999999999997,-0.18375000000000002,0.6194375,0.38056249999999997,pass,False,"[0.6, 1.0)"
2024-10-06T19:35:00Z,2024-10-06T19:30:37Z,2024-10-06T19:25:37Z,2024-10-06T19:35:37Z,a0877d6a0f0a97e5790884008b9974c9,americanfootball_nfl,2024-10-06 20:05:00+00:00,San Francisco 49ers,Arizona Cardinals,fanduel,FanDuel,2024-10-06T19:29:52Z,player_pass_yds,2024-10-06T19:29:57Z,Kyler Murray,220.5,-110.0,-110,2024-10-06,SF,ARI,kyler murray,2024,5,Kyler Murray,ARI,QB,195.0,83.0,0.0,0.0,195.0,False,False,-7.0,7.0,48.5,False,True,7.0,-7.0,False,True,False,20.75,205.0,194.25,-26.83333333333333,-35.0,62.02418882984284,55.01742148325989,0.3333333333333333,0.25,194.25,-35.0,4.0,kyler murray,Kyler Murray,MIN,33.3,22.3,227.6,1.3,0.5,5.6,36.1,0.2,0.2,18.4,-32.599999999999994,-7.099999999999994,-25.5,220.7606878229845,-25.76068782298455,0.2606878229845506,False,0:5,200-225,69.4161154154068,rolling_3g,62.02418882984284,62.02418882984284,-0.4153329258953533,0.5024,0.4976,220.73509701814103,220.8524102148873,62.13633180370487,-100.96463022508037,100.96463022508038,0.0023999999999999577,-0.0024000000000000132,0.50156,0.49844,pass,True,"[0.5, 0.525)"
2024-10-06T19:35:00Z,2024-10-06T19:30:37Z,2024-10-06T19:25:37Z,2024-10-06T19:35:37Z,a0877d6a0f0a97e5790884008b9974c9,americanfootball_nfl,2024-10-06 20:05:00+00:00,San Francisco 49ers,Arizona Cardinals,fanduel,FanDuel,2024-10-06T19:29:52Z,player_pass_yds,2024-10-06T19:29:57Z,Brock Purdy,259.5,-110.0,-110,2024-10-06,SF,ARI,brock purdy,2024,5,Brock Purdy,SF,QB,244.0,33.0,0.0,0.0,244.0,False,False,-7.0,7.0,48.5,True,False,-7.0,7.0,True,False,False,27.75,299.6666666666667,282.5,58.5,41.5,16.862186493255635,36.99098989393679,1.0,0.75,282.5,41.5,4.0,brock purdy,Brock Purdy,SF,32.5,22.6,267.1,1.8,0.8,3.3,13.3,0.1,0.2,18.5,-23.100000000000023,-7.600000000000023,-15.5,259.1224708050511,-15.12247080505108,-0.3775291949489201,False,-5:0,250-275,66.76327241271723,rolling_3g,50.0,16.862186493255635,-0.3024494161010216,0.5017,0.4983,259.5176097638579,259.76147073270454,49.91966443201707,-100.68231988761791,100.6823198876179,0.0017000000000000348,-0.0016999999999999793,0.501105,0.49889500000000003,pass,True,"[0.5, 0.525)"
2024-10-06T19:35:00Z,2024-10-06T19:30:37Z,2024-10-06T19:25:37Z,2024-10-06T19:35:37Z,9a9219cd7180fe6481e6bd9e460a7622,americanfootball_nfl,2024-10-06 20:05:00+00:00,Denver Broncos,Las Vegas Raiders,fanduel,FanDuel,2024-10-06T19:29:52Z,player_pass_yds,2024-10-06T19:30:02Z,Bo Nix,188.5,-110.0,-110,2024-10-06,DEN,LV,bo nix,2024,5,Bo Nix,DEN,QB,206.0,9.0,0.0,0.0,206.0,True,False,-3.0,3.0,36.0,True,False,-3.0,3.0,True,False,False,19.5,174.0,165.0,-7.166666666666667,-21.0,99.85990186255944,83.4985029805924,0.6666666666666666,0.5,165.0,-21.0,4.0,bo nix,Bo Nix,DEN,29.4,18.7,191.1,0.9,0.8,6.0,25.5,0.2,0.2,13.9,14.900000000000006,-2.5999999999999943,17.5,185.3124579787965,20.687542021203484,-3.187542021203484,True,-5:0,175-200,63.59685830662887,rolling_3g,99.85990186255944,99.85990186255944,0.2071656554367185,0.48865,0.51135,185.65199798326003,185.42877220468517,99.29159702619042,104.64545175483475,-104.64545175483474,-0.011350000000000027,0.011349999999999971,0.49262249999999996,0.5073775,pass,False,"[0.475, 0.5)"
2024-10-06T19:35:00Z,2024-10-06T19:30:37Z,2024-10-06T19:25:37Z,2024-10-06T19:35:37Z,9a9219cd7180fe6481e6bd9e460a7622,americanfootball_nfl,2024-10-06 20:05:00+00:00,Denver Broncos,Las Vegas Raiders,fanduel,FanDuel,2024-10-06T19:29:52Z,player_pass_yds,2024-10-06T19:30:02Z,Gardner Minshew,182.5,-110.0,-110,2024-10-06,DEN,LV,gardner minshew,2024,5,Gardner Minshew,LV,QB,137.0,22.0,0.0,0.0,137.0,False,False,-3.0,3.0,36.0,False,True,3.0,-3.0,False,True,False,16.5,206.66666666666663,219.25,3.1666666666666665,12.0,73.27573495594113,64.9069847294316,0.3333333333333333,0.5,219.25,12.0,4.0,gardner minshew,Gardner Minshew II,ARI,30.8,19.6,207.6,0.9,0.8,2.4,8.2,0.1,0.2,11.9,-70.6,-25.099999999999994,-45.5,201.33700023712808,-64.33700023712808,18.83700023712808,False,15:25,200-225,69.4161154154068,rolling_3g,73.27573495594113,73.27573495594113,-0.8780123498701489,0.609,0.391,202.8394325211677,202.88319729014339,73.21939506451022,-155.7544757033248,155.7544757033248,0.10899999999999999,-0.10899999999999999,0.57085,0.42915000000000003,pass,True,"[0.6, 1.0)"
2024-10-06T19:55:00Z,2024-10-06T19:50:37Z,2024-10-06T19:45:37Z,2024-10-06T19:55:37Z,777e65cf50b4517465cea9ac9d686227,americanfootball_nfl,2024-10-06 20:25:00+00:00,Seattle Seahawks,New York Giants,fanduel,FanDuel,2024-10-06T19:49:47Z,player_pass_yds,2024-10-06T19:50:37Z,Daniel Jones,181.5,-110.0,-110,2024-10-06,SEA,NYG,daniel jones,2024,5,Daniel Jones,NYG,QB,257.0,38.0,0.0,0.0,257.0,True,False,-7.0,7.0,42.5,False,True,7.0,-7.0,False,True,False,17.75,231.66666666666663,220.25,35.5,20.0,51.63655036244515,47.94701937208054,0.6666666666666666,0.5,220.25,20.0,4.0,daniel jones,Daniel Jones,IND,31.6,20.8,213.0,1.1,0.8,5.3,25.9,0.2,0.2,15.2,44.0,-31.5,75.5,206.5813958853093,50.41860411469065,25.081395885309348,True,25+,200-225,69.4161154154068,rolling_3g,51.63655036244515,51.63655036244515,0.976413098101916,0.68625,0.31375,206.492466398402,206.27694167283363,51.468110941934064,-218.72509960159366,218.72509960159366,0.18625000000000003,-0.18625000000000003,0.6210625000000001,0.3789375,pass,False,"[0.6, 1.0)"
2024-10-06T19:55:00Z,2024-10-06T19:50:37Z,2024-10-06T19:45:37Z,2024-10-06T19:55:37Z,777e65cf50b4517465cea9ac9d686227,americanfootball_nfl,2024-10-06 20:25:00+00:00,Seattle Seahawks,New York Giants,fanduel,FanDuel,2024-10-06T19:49:47Z,player_pass_yds,2024-10-06T19:50:37Z,Geno Smith,251.5,-110.0,-110,2024-10-06,SEA,NYG,geno smith,2024,5,Geno Smith,SEA,QB,284.0,72.0,0.0,0.0,284.0,True,False,-7.0,7.0,42.5,True,False,-7.0,7.0,True,False,False,24.75,337.0,295.5,101.83333333333331,58.75,53.70288632839023,93.8704781423141,1.0,0.75,295.5,58.75,4.0,geno smith,Geno Smith,NYJ,35.4,24.1,258.2,1.5,0.8,3.9,14.4,0.1,0.2,17.2,25.80000000000001,-6.699999999999989,32.5,250.47892982934496,33.52107017065504,-1.0210701706550367,True,-5:0,250-275,66.76327241271723,rolling_3g,53.70288632839023,53.70288632839023,0.624194944861539,0.49475,0.50525,250.80788403380853,250.7400399203527,53.94093597375658,102.12228398180899,-102.12228398180899,-0.005249999999999977,0.005249999999999977,0.4965875,0.5034125,pass,False,"[0.475, 0.5)"
2024-10-06T23:50:00Z,2024-10-06T23:45:37Z,2024-10-06T23:40:37Z,2024-10-06T23:50:37Z,504a7b09264059083346ab086141da30,americanfootball_nfl,2024-10-07 00:22:00+00:00,Pittsburgh Steelers,Dallas Cowboys,fanduel,FanDuel,2024-10-06T23:45:04Z,player_pass_yds,2024-10-06T23:45:39Z,Dak Prescott,241.5,-110.0,-110,2024-10-06,PIT,DAL,dak prescott,2024,5,Dak Prescott,DAL,QB,352.0,3.0,0.0,0.0,352.0,True,False,-2.5,2.5,43.5,False,True,2.5,-2.5,False,True,False,20.5,297.6666666666667,268.0,38.5,11.5,79.10330797971304,87.7040477971228,0.6666666666666666,0.5,268.0,11.5,4.0,dak prescott,Dak Prescott,DAL,35.0,23.2,256.0,1.6,0.8,2.7,11.4,0.1,0.2,17.2,96.0,-14.5,110.5,248.34232419490075,103.65767580509925,6.842324194900755,True,5:10,225-250,83.52232316389792,rolling_3g,79.10330797971304,79.10330797971304,1.3104088621892205,0.5375,0.4625,248.46087346679326,249.09320484844017,78.59426327825724,-116.21621621621621,116.21621621621621,0.03749999999999998,-0.03749999999999998,0.524375,0.475625,pass,False,"[0.525, 0.55)"
2024-10-06T23:50:00Z,2024-10-06T23:45:37Z,2024-10-06T23:40:37Z,2024-10-06T23:50:37Z,504a7b09264059083346ab086141da30,americanfootball_nfl,2024-10-07 00:22:00+00:00,Pittsburgh Steelers,Dallas Cowboys,fanduel,FanDuel,2024-10-06T23:45:04Z,player_pass_yds,2024-10-06T23:45:39Z,Justin Fields,186.5,-110.0,-110,2024-10-06,PIT,DAL,justin fields,2024,5,Justin Fields,PIT,QB,131.0,27.0,0.0,0.0,131.0,False,False,-2.5,2.5,43.5,True,False,-2.5,2.5,True,False,False,23.0,224.66666666666663,207.5,55.5,32.75,99.07741081262336,87.88060081724521,0.6666666666666666,0.5,207.5,32.75,4.0,justin fields,Justin Fields,KC,27.6,18.0,192.0,1.2,0.7,9.6,48.2,0.5,0.5,18.4,-61.0,-5.5,-55.5,186.18652392016008,-55.186523920160056,-0.3134760798399441,False,-5:0,175-200,63.59685830662887,rolling_3g,99.07741081262336,99.07741081262336,-0.5570040987902848,0.5058,0.4942,187.36455430654567,188.1414040812368,99.94122041625403,-102.34722784297857,102.34722784297857,0.005800000000000027,-0.005800000000000027,0.50377,0.49623,pass,True,"[0.5, 0.525)"
2024-10-07T23:45:00Z,2024-10-07T23:40:38Z,2024-10-07T23:35:38Z,2024-10-07T23:45:38Z,5e0d59f75b7f9056461e2970aca2a6cb,americanfootball_nfl,2024-10-08 00:15:00+00:00,Kansas City Chiefs,New Orleans Saints,fanduel,FanDuel,2024-10-07T23:39:20Z,player_pass_yds,2024-10-07T23:40:43Z,Patrick Mahomes,232.5,-110.0,-110,2024-10-07,KC,NO,patrick mahomes,2024,5,Patrick Mahomes,KC,QB,331.0,22.0,0.0,0.0,331.0,True,False,-5.5,5.5,43.0,True,False,-5.5,5.5,True,False,False,24.25,204.3333333333333,204.3333333333333,-58.16666666666666,-58.16666666666666,48.26316746063537,48.26316746063537,0.0,0.0,204.3333333333333,-58.16666666666666,3.0,patrick mahomes,Patrick Mahomes II,KC,33.8,22.5,239.5,1.4,0.6,4.3,21.4,0.1,0.2,17.3,91.5,-7.0,98.5,232.3177819365692,98.68221806343084,-0.1822180634308381,True,-5:0,225-250,83.52232316389792,rolling_3g,50.0,48.26316746063537,1.973644361268616,0.4903,0.5097,232.02172430442712,231.18042908070788,49.58916275126869,103.95676116663269,-103.95676116663269,-0.009699999999999986,0.009700000000000042,0.493695,0.506305,pass,False,"[0.475, 0.5)"
2024-10-10T23:45:00Z,2024-10-10T23:40:38Z,2024-10-10T23:35:38Z,2024-10-10T23:45:38Z,0dac14546d6008893a8b3b6c417472a6,americanfootball_nfl,2024-10-11 00:15:00+00:00,Seattle Seahawks,San Francisco 49ers,fanduel,FanDuel,2024-10-10T23:39:39Z,player_pass_yds,2024-10-10T23:40:14Z,Brock Purdy,253.5,-110.0,-110,2024-10-10,SEA,SF,brock purdy,2024,6,Brock Purdy,SF,QB,255.0,19.0,0.0,0.0,255.0,True,False,3.5,-3.5,49.0,False,True,-3.5,3.5,True,False,False,26.25,274.6666666666667,274.8,30.5,30.1,26.633312473917574,36.36894279464279,0.6666666666666666,0.6,274.8,30.1,5.0,brock purdy,Brock Purdy,SF,33.3,22.5,273.4,1.7,0.8,3.8,15.0,0.1,0.2,18.4,-18.399999999999977,-19.899999999999977,1.5,265.2409323945959,-10.240932394595916,11.740932394595916,True,10:15,250-275,66.76327241271723,rolling_5g,50.0,36.36894279464279,-0.2048186478919183,0.5889,0.4111,264.9304176579759,264.83792648680986,50.11610634467927,-143.24981756263682,143.24981756263682,0.08889999999999998,-0.08889999999999998,0.557785,0.442215,over,False,"[0.55, 0.6)"
2024-10-10T23:45:00Z,2024-10-10T23:40:38Z,2024-10-10T23:35:38Z,2024-10-10T23:45:38Z,0dac14546d6008893a8b3b6c417472a6,americanfootball_nfl,2024-10-11 00:15:00+00:00,Seattle Seahawks,San Francisco 49ers,fanduel,FanDuel,2024-10-10T23:39:39Z,player_pass_yds,2024-10-10T23:40:14Z,Geno Smith,248.5,-110.0,-110,2024-10-10,SEA,SF,geno smith,2024,6,Geno Smith,SEA,QB,312.0,0.0,0.0,0.0,312.0,True,False,3.5,-3.5,49.0,True,False,3.5,-3.5,False,True,False,22.75,322.6666666666667,293.2,76.5,53.5,62.69237061503844,81.45673698350555,1.0,0.8,293.2,53.5,5.0,geno smith,Geno Smith,NYJ,37.7,25.0,269.3,1.4,0.9,4.7,17.9,0.1,0.2,17.7,42.69999999999999,-20.80000000000001,63.5,261.2590764394953,50.74092356050471,12.759076439495288,True,10:15,250-275,66.76327241271723,rolling_5g,81.45673698350555,81.45673698350555,0.6229186859127369,0.56645,0.43355,261.6778188241014,262.0505351671485,81.17520203511454,-130.65390381732212,130.65390381732212,0.06645000000000001,-0.06645000000000001,0.5431925,0.4568075,over,False,"[0.55, 0.6)"
2024-10-13T13:00:00Z,2024-10-13T12:55:38Z,2024-10-13T12:50:38Z,2024-10-13T13:00:38Z,c1bcc8bbec33008ae587584b1b3de2d0,americanfootball_nfl,2024-10-13 13:30:00+00:00,Chicago Bears,Jacksonville Jaguars,fanduel,FanDuel,2024-10-13T12:55:06Z,player_pass_yds,2024-10-13T12:55:51Z,Caleb Williams,236.5,-110.0,-110,2024-10-13,CHI,JAX,caleb williams,2024,6,Caleb Williams,CHI,QB,226.0,56.0,0.0,0.0,226.0,False,False,1.5,-1.5,44.5,True,False,1.5,-1.5,False,True,False,21.5,274.6666666666667,218.2,59.16666666666666,-1.7,106.08644274049976,111.47062393294478,0.6666666666666666,0.4,218.2,-1.7,5.0,caleb williams,Caleb Williams,CHI,33.0,21.2,232.2,1.3,0.9,4.5,20.7,0.2,0.2,16.1,-6.199999999999989,4.300000000000011,-10.5,225.2281359677316,0.7718640322684678,-11.271864032268468,False,-15:-10,225-250,83.52232316389792,rolling_5g,111.47062393294478,111.47062393294478,0.0069243716867751,0.4552,0.5448,224.21808753974778,224.55161432317038,111.56947646925727,119.68365553602811,-119.6836555360281,-0.044800000000000006,0.04479999999999995,0.47088,0.5291199999999999,pass,True,"[0.45, 0.475)"
2024-10-13T13:00:00Z,2024-10-13T12:55:38Z,2024-10-13T12:50:38Z,2024-10-13T13:00:38Z,c1bcc8bbec33008ae587584b1b3de2d0,americanfootball_nfl,2024-10-13 13:30:00+00:00,Chicago Bears,Jacksonville Jaguars,fanduel,FanDuel,2024-10-13T12:55:06Z,player_pass_yds,2024-10-13T12:55:51Z,Trevor Lawrence,229.5,-110.0,-110,2024-10-13,CHI,JAX,trevor lawrence,2024,6,Trevor Lawrence,JAX,QB,234.0,17.0,0.0,0.0,234.0,True,False,1.5,-1.5,44.5,False,True,-1.5,1.5,True,False,False,23.0,239.3333333333333,220.0,12.166666666666666,-11.1,114.11543862831766,87.36418030291362,0.3333333333333333,0.2,220.0,-11.1,5.0,trevor lawrence,Trevor Lawrence,JAX,34.9,21.7,234.5,1.3,0.8,2.9,13.9,0.1,0.3,15.5,-0.5,-5.0,4.5,227.46186004010505,6.538139959894949,-2.038139959894949,True,-5:0,225-250,83.52232316389792,rolling_5g,87.36418030291362,87.36418030291362,0.0748377645990103,0.48505,0.51495,226.4407539626756,226.26034195497027,87.81304880268645,106.16431295742709,-106.16431295742709,-0.014950000000000019,0.014950000000000019,0.4902825,0.5097175,pass,False,"[0.475, 0.5)"
2024-10-13T16:30:00Z,2024-10-13T16:25:38Z,2024-10-13T16:20:38Z,2024-10-13T16:30:38Z,febb2d674e85a32c8636ff900fffb5d2,americanfootball_nfl,2024-10-13 17:00:00+00:00,New England Patriots,Houston Texans,fanduel,FanDuel,2024-10-13T16:25:15Z,player_pass_yds,2024-10-13T16:24:51Z,Drake Maye,166.5,-110.0,-110,2024-10-13,NE,HOU,drake maye,2024,6,Drake Maye,NE,QB,243.0,38.0,0.0,0.0,243.0,True,False,6.5,-6.5,38.5,True,False,6.5,-6.5,False,True,False,16.0,,,,,,,,,,,0.0,drake maye,Drake Maye,NE,33.0,18.6,182.2,0.8,0.8,4.4,21.4,0.2,0.3,12.4,60.80000000000001,-15.699999999999989,76.5,176.66891700309037,66.33108299690963,10.168917003090373,True,10:15,175-200,63.59685830662887,bucket_fallback,63.59685830662887,63.59685830662887,1.0429930780086312,0.5603,0.4397,176.67173151856971,176.78907212094185,64.10811994185974,-127.42779167614283,127.42779167614283,0.06030000000000002,-0.06030000000000002,0.539195,0.46080499999999996,over,False,"[0.55, 0.6)"
2024-10-13T16:30:00Z,2024-10-13T16:25:38Z,2024-10-13T16:20:38Z,2024-10-13T16:30:38Z,febb2d674e85a32c8636ff900fffb5d2,americanfootball_nfl,2024-10-13 17:00:00+00:00,New England Patriots,Houston Texans,fanduel,FanDuel,2024-10-13T16:25:15Z,player_pass_yds,2024-10-13T16:24:51Z,C.J. Stroud,237.5,-110.0,-110,2024-10-13,NE,HOU,cj stroud,2024,6,C.J. Stroud,HOU,QB,192.0,7.0,0.0,0.0,192.0,False,False,6.5,-6.5,38.5,False,True,-6.5,6.5,True,False,False,22.5,297.0,277.0,34.166666666666664,11.5,71.3582510996451,58.14206738670375,0.6666666666666666,0.4,277.0,11.5,5.0,cj stroud,C.J. Stroud,HOU,33.4,21.9,258.2,1.6,0.5,2.8,12.1,0.1,0.2,17.6,-66.19999999999999,-20.69999999999999,-45.5,250.47892982934496,-58.47892982934496,12.978929829344963,False,10:15,250-275,66.76327241271723,rolling_5g,58.14206738670375,58.14206738670375,-1.005793781641797,0.5897,0.4103,250.39696696543595,250.730693502645,57.86866080125408,-143.72410431391665,143.72410431391665,0.0897,-0.0897,0.558305,0.441695,over,True,"[0.55, 0.6)"
2024-10-13T16:30:00Z,2024-10-13T16:25:38Z,2024-10-13T16:20:38Z,2024-10-13T16:30:38Z,bdc58f80a5a9b4515ee631fddc63a2c8,americanfootball_nfl,2024-10-13 17:00:00+00:00,Tennessee Titans,Indianapolis Colts,fanduel,FanDuel,2024-10-13T16:25:15Z,player_pass_yds,2024-10-13T16:24:46Z,Joe Flacco,243.5,-110.0,-110,2024-10-13,TEN,IND,joe flacco,2024,6,Joe Flacco,IND,QB,189.0,1.0,0.0,0.0,189.0,False,False,-2.5,2.5,42.0,False,True,2.5,-2.5,False,True,False,19.75,359.0,359.0,117.5,117.5,,,1.0,1.0,359.0,117.5,1.0,joe flacco,Joe Flacco,CIN,33.5,20.7,230.8,1.3,0.6,1.6,5.9,0.0,0.2,14.1,-41.80000000000001,12.699999999999989,-54.5,223.8684778367216,-34.86847783672161,-19.63152216327839,False,-25:-15,200-225,69.4161154154068,bucket_fallback,69.4161154154068,69.4161154154068,-0.5023109925996033,0.39115,0.60885,223.99304351484994,224.4646476853855,69.55177293223839,155.65639780135498,-155.65639780135498,-0.10885,0.10885,0.4292475,0.5707525,pass,True,"[0.0, 0.4)"
2024-10-13T16:30:00Z,2024-10-13T16:25:38Z,2024-10-13T16:20:38Z,2024-10-13T16:30:38Z,bdc58f80a5a9b4515ee631fddc63a2c8,americanfootball_nfl,2024-10-13 17:00:00+00:00,Tennessee Titans,Indianapolis Colts,fanduel,FanDuel,2024-10-13T16:25:15Z,player_pass_yds,2024-10-13T16:24:46Z,Will Levis,199.5,-110.0,-110,2024-10-13,TEN,IND,will levis,2024,6,Will Levis,TEN,QB,95.0,15.0,0.0,0.0,95.0,False,False,-2.5,2.5,42.0,True,False,-2.5,2.5,True,False,False,22.25,159.0,151.0,-34.833333333333336,-52.75,120.92559695945272,100.0233306117461,0.3333333333333333,0.25,151.0,-52.75,4.0,will levis,Will Levis,TEN,31.7,21.0,227.8,1.2,0.9,4.2,14.9,0.1,0.4,14.6,-132.8,-28.30000000000001,-104.5,220.9549246988432,-125.95492469884314,21.454924698843143,False,15:25,200-225,69.4161154154068,rolling_3g,115.0,120.92559695945272,-1.0952602147725494,0.57515,0.42485,220.44130723458716,220.84391327009374,115.30750526027529,-135.37719195010007,135.37719195010004,0.07515000000000005,-0.07515,0.5488475,0.4511525,over,True,"[0.55, 0.6)"
2024-10-13T16:30:00Z,2024-10-13T16:25:38Z,2024-10-13T16:20:38Z,2024-10-13T16:30:38Z,ba1097486d1edb57bfe2bc22f5c4573e,americanfootball_nfl,2024-10-13 17:00:00+00:00,New Orleans Saints,Tampa Bay Buccaneers,fanduel,FanDuel,2024-10-13T16:25:15Z,player_pass_yds,2024-10-13T16:25:29Z,Spencer Rattler,179.5,-110.0,-110,2024-10-13,NO,TB,spencer rattler,2024,6,Spencer Rattler,NO,QB,243.0,27.0,0.0,0.0,243.0,True,False,3.5,-3.5,42.5,True,False,3.5,-3.5,False,True,False,19.5,,,,,,,,,,,0.0,spencer rattler,Spencer Rattler,NO,31.4,20.0,203.5,1.0,0.8,2.7,12.1,0.1,0.2,12.7,39.5,-24.0,63.5,197.3551442820275,45.64485571797249,17.85514428202751,True,15:25,175-200,63.59685830662887,bucket_fallback,63.59685830662887,63.59685830662887,0.7177218644653521,0.6137,0.3863,197.92006200317078,197.6956401116285,63.943614690419885,-158.8661661920787,158.8661661920787,0.11370000000000002,-0.11370000000000002,0.573905,0.426095,pass,False,"[0.6, 1.0)"
2024-10-13T16:30:00Z,2024-10-13T16:25:38Z,2024-10-13T16:20:38Z,2024-10-13T16:30:38Z,ba1097486d1edb57bfe2bc22f5c4573e,americanfootball_nfl,2024-10-13 17:00:00+00:00,New Orleans Saints,Tampa Bay Buccaneers,fanduel,FanDuel,2024-10-13T16:25:15Z,player_pass_yds,2024-10-13T16:25:29Z,Baker Mayfield,238.5,-110.0,-110,2024-10-13,NO,TB,baker mayfield,2024,6,Baker Mayfield,TB,QB,325.0,29.0,0.0,0.0,325.0,True,False,3.5,-3.5,42.5,False,True,-3.5,3.5,True,False,False,23.0,230.0,232.8,-2.833333333333333,-9.1,101.68087332433768,80.84676864290867,0.3333333333333333,0.4,232.8,-9.1,5.0,baker mayfield,Baker Mayfield,TB,33.2,22.5,245.8,1.6,0.8,4.1,14.6,0.1,0.2,17.2,79.19999999999999,-7.300000000000011,86.5,238.436243526114,86.56375647388603,-0.0637564738860305,True,-5:0,225-250,83.52232316389792,rolling_5g,80.84676864290867,80.84676864290867,1.0707138692979634,0.49485,0.50515,237.98162750092544,237.51112492622246,80.22094246951617,102.0814388198444,-102.0814388198444,-0.005149999999999988,0.005149999999999988,0.4966525,0.5033475,pass,False,"[0.475, 0.5)"
2024-10-13T19:35:00Z,2024-10-13T19:30:38Z,2024-10-13T19:25:38Z,2024-10-13T19:35:38Z,76fbc0191f917329bad82f76a9a22a2e,americanfootball_nfl,2024-10-13 20:05:00+00:00,Denver Broncos,Los Angeles Chargers,fanduel,FanDuel,2024-10-13T19:29:55Z,player_pass_yds,2024-10-13T19:29:49Z,Justin Herbert,177.5,-110.0,-110,2024-10-13,DEN,LAC,justin herbert,2024,6,Justin Herbert,LAC,QB,237.0,2.0,0.0,0.0,237.0,True,False,3.0,-3.0,37.0,False,True,-3.0,3.0,True,False,False,20.0,144.66666666666666,144.5,-43.5,-53.75,29.838453936712835,24.36527583809932,0.0,0.0,144.5,-53.75,4.0,justin herbert,Justin Herbert,LAC,29.4,19.2,200.7,1.1,0.7,3.0,12.4,0.1,0.2,13.0,36.30000000000001,-23.19999999999999,59.5,194.6358280200076,42.36417197999239,17.135828020007608,True,15:25,175-200,63.59685830662887,rolling_3g,50.0,29.838453936712835,0.8472834395998479,0.6348,0.3652,194.87752193417927,195.05756507195463,50.03306502636251,-173.8225629791895,173.82256297918948,0.13480000000000003,-0.13479999999999998,0.58762,0.41238,pass,False,"[0.6, 1.0)"
2024-10-13T19:35:00Z,2024-10-13T19:30:38Z,2024-10-13T19:25:38Z,2024-10-13T19:35:38Z,76fbc0191f917329bad82f76a9a22a2e,americanfootball_nfl,2024-10-13 20:05:00+00:00,Denver Broncos,Los Angeles Chargers,fanduel,FanDuel,2024-10-13T19:29:55Z,player_pass_yds,2024-10-13T19:29:49Z,Bo Nix,187.5,-110.0,-110,2024-10-13,DEN,LAC,bo nix,2024,6,Bo Nix,DEN,QB,216.0,61.0,0.0,0.0,216.0,True,False,3.0,-3.0,37.0,True,False,3.0,-3.0,False,True,False,17.0,160.66666666666666,173.2,-25.5,-13.3,87.32315462312006,74.600268096033,0.6666666666666666,0.6,173.2,-13.3,5.0,bo nix,Bo Nix,DEN,31.0,19.7,203.9,0.9,0.8,6.1,24.0,0.2,0.2,14.4,12.099999999999994,-16.400000000000006,28.5,197.74361803374467,18.256381966255333,10.243618033744667,True,10:15,175-200,63.59685830662887,rolling_5g,74.600268096033,74.600268096033,0.2447227393707737,0.55625,0.44375,197.99834734649434,197.67951622083044,74.73896760943856,-125.35211267605635,125.35211267605635,0.05625000000000002,-0.05625000000000002,0.5365625,0.4634375,over,False,"[0.55, 0.6)"
2024-10-13T19:35:00Z,2024-10-13T19:30:38Z,2024-10-13T19:25:38Z,2024-10-13T19:35:38Z,81df9672b5e68bc84e98641d5de2505b,americanfootball_nfl,2024-10-13 20:05:00+00:00,Las Vegas Raiders,Pittsburgh Steelers,fanduel,FanDuel,2024-10-13T19:29:55Z,player_pass_yds,2024-10-13T19:30:46Z,Aidan O'Connell,188.5,-110.0,-110,2024-10-13,LV,PIT,aidan oconnell,2024,6,Aidan O'Connell,LV,QB,227.0,0.0,0.0,0.0,227.0,True,False,3.5,-3.5,36.5,True,False,3.5,-3.5,False,True,False,16.5,,,,,,,,,,,0.0,aidan oconnell,Aidan O'Connell,LV,31.6,19.9,214.8,1.0,0.7,2.2,7.9,0.1,0.2,12.6,12.199999999999989,-26.30000000000001,38.5,208.32952776803643,18.67047223196357,19.829527768036428,True,15:25,200-225,69.4161154154068,bucket_fallback,69.4161154154068,69.4161154154068,0.2689645209939202,0.617,0.383,208.85536107437102,208.75776265377954,69.38032523563544,-161.09660574412533,161.09660574412533,0.11699999999999999,-0.11699999999999999,0.57605,0.42395,pass,False,"[0.6, 1.0)"
2024-10-13T19:55:00Z,2024-10-13T19:50:38Z,2024-10-13T19:45:39Z,2024-10-13T19:55:38Z,67c389265b00a40407a23054e45d8e45,americanfootball_nfl,2024-10-13 20:25:00+00:00,Carolina Panthers,Atlanta Falcons,fanduel,FanDuel,2024-10-13T19:50:29Z,player_pass_yds,2024-10-13T19:50:46Z,Kirk Cousins,252.5,-110.0,-110,2024-10-13,CAR,ATL,kirk cousins,2024,6,Kirk Cousins,ATL,QB,225.0,-5.0,0.0,0.0,225.0,False,False,6.0,-6.0,45.5,False,True,-6.0,6.0,True,False,False,25.75,325.6666666666667,274.6,96.5,42.9,158.82170296698538,135.74350813206502,0.6666666666666666,0.6,274.6,42.9,5.0,kirk cousins,Kirk Cousins,LV,34.6,22.7,259.8,1.8,0.8,1.0,3.4,0.0,0.3,17.1,-34.80000000000001,-7.300000000000011,-27.5,252.0328248362135,-27.032824836213507,-0.4671751637864929,False,-5:0,250-275,66.76327241271723,rolling_5g,115.0,135.74350813206502,-0.2350680420540305,0.49545,0.50455,252.2007996281307,251.46940240040823,114.9457701330528,101.8367140982945,-101.83671409829451,-0.0045499999999999985,0.004550000000000054,0.4970425,0.5029575000000001,pass,True,"[0.475, 0.5)"
2024-10-13T19:55:00Z,2024-10-13T19:50:38Z,2024-10-13T19:45:39Z,2024-10-13T19:55:38Z,67c389265b00a40407a23054e45d8e45,americanfootball_nfl,2024-10-13 20:25:00+00:00,Carolina Panthers,Atlanta Falcons,fanduel,FanDuel,2024-10-13T19:50:29Z,player_pass_yds,2024-10-13T19:50:46Z,Andy Dalton,220.5,-110.0,-110,2024-10-13,CAR,ATL,andy dalton,2024,6,Andy Dalton,CAR,QB,221.0,21.0,0.0,0.0,221.0,True,False,6.0,-6.0,45.5,True,False,6.0,-6.0,False,True,False,19.75,225.0,225.0,9.5,9.5,91.60240171523888,91.60240171523888,0.3333333333333333,0.3333333333333333,225.0,9.5,3.0,andy dalton,Andy Dalton,PHI,33.7,21.8,223.0,1.3,0.9,2.0,7.3,0.1,0.2,13.9,-2.0,-2.5,0.5,216.2932396782376,4.706760321762431,-4.206760321762431,True,-5:0,200-225,69.4161154154068,rolling_3g,91.60240171523888,91.60240171523888,0.0513824990789449,0.4785,0.5215,215.85226733675339,215.72551630110996,92.00021925979725,108.98641588296762,-108.98641588296759,-0.02150000000000002,0.021499999999999964,0.486025,0.513975,pass,False,"[0.475, 0.5)"
2024-10-13T19:55:00Z,2024-10-13T19:50:38Z,2024-10-13T19:45:39Z,2024-10-13T19:55:38Z,d4d2902446e120ea6f1afafdc0b3d55d,americanfootball_nfl,2024-10-13 20:25:00+00:00,Dallas Cowboys,Detroit Lions,fanduel,FanDuel,2024-10-13T19:50:29Z,player_pass_yds,2024-10-13T19:49:05Z,Dak Prescott,282.5,-110.0,-110,2024-10-13,DAL,DET,dak prescott,2024,6,Dak Prescott,DAL,QB,178.0,1.0,0.0,0.0,178.0,False,False,3.5,-3.5,52.5,True,False,3.5,-3.5,False,True,False,24.5,317.3333333333333,284.8,64.5,31.3,84.51232651710242,84.73606080058242,0.6666666666666666,0.6,284.8,31.3,5.0,dak prescott,Dak Prescott,DAL,36.4,24.3,271.1,1.8,0.9,2.5,11.0,0.1,0.2,18.4,-93.10000000000002,11.399999999999975,-104.5,263.0072083222224,-85.00720832222237,-19.49279167777763,False,-25:-15,250-275,66.76327241271723,rolling_5g,84.73606080058242,84.73606080058242,-1.0031999070888853,0.40965,0.59035,263.3349294300476,263.5330401477039,84.57827379869991,144.11082631514705,-144.1108263151471,-0.09034999999999999,0.09035000000000004,0.4412725,0.5587275,under,True,"[0.4, 0.45)"
2024-10-13T19:55:00Z,2024-10-13T19:50:38Z,2024-10-13T19:45:39Z,2024-10-13T19:55:38Z,d4d2902446e120ea6f1afafdc0b3d55d,americanfootball_nfl,2024-10-13 20:25:00+00:00,Dallas Cowboys,Detroit Lions,fanduel,FanDuel,2024-10-13T19:50:29Z,player_pass_yds,2024-10-13T19:49:05Z,Jared Goff,245.5,-110.0,-110,2024-10-13,DAL,DET,jared goff,2024,6,Jared Goff,DET,QB,315.0,5.0,0.0,0.0,315.0,True,False,3.5,-3.5,52.5,False,True,-3.5,3.5,True,False,False,28.0,266.0,253.75,7.5,-7.25,58.5064099052403,53.68659050451984,0.6666666666666666,0.5,253.75,-7.25,4.0,jared goff,Jared Goff,DET,34.1,22.7,251.0,1.6,0.8,1.4,4.6,0.1,0.2,16.1,64.0,-5.5,69.5,243.48640229843664,71.51359770156336,-2.013597701563356,True,-5:0,225-250,83.52232316389792,rolling_3g,58.5064099052403,58.5064099052403,1.222320730624048,0.48705,0.51295,243.7712444844855,243.73541737787428,58.20148031911874,105.31772918591521,-105.31772918591521,-0.012950000000000017,0.012950000000000017,0.4915825,0.5084175,pass,False,"[0.475, 0.5)"
2024-10-13T23:50:00Z,2024-10-13T23:45:38Z,2024-10-13T23:40:38Z,2024-10-13T23:50:38Z,245c50e05349966d749c7e3f05699647,americanfootball_nfl,2024-10-14 00:20:00+00:00,New York Giants,Cincinnati Bengals,fanduel,FanDuel,2024-10-13T23:45:11Z,player_pass_yds,2024-10-13T23:45:31Z,Joe Burrow,257.5,-110.0,-110,2024-10-13,NYG,CIN,joe burrow,2024,6,Joe Burrow,CIN,QB,208.0,55.0,0.0,0.0,208.0,False,False,4.5,-4.5,46.0,False,True,-4.5,4.5,True,False,False,25.25,271.3333333333333,244.5,20.166666666666668,-5.25,47.42713709821977,66.17905005866031,0.6666666666666666,0.5,244.5,-5.25,4.0,joe burrow,Joe Burrow,CIN,35.4,24.3,266.1,1.9,0.5,3.2,11.6,0.1,0.2,18.9,-58.10000000000002,-8.600000000000023,-49.5,258.15128642575826,-50.15128642575826,0.6512864257582578,False,0:5,250-275,66.76327241271723,rolling_3g,50.0,47.42713709821977,-1.0030257285151651,0.50465,0.49535,258.20535643430327,258.13895010683177,50.340087505243034,-101.87746038154842,101.8774603815484,0.004650000000000043,-0.0046499999999999875,0.5030225,0.4969775,pass,True,"[0.5, 0.525)"
2024-10-13T23:50:00Z,2024-10-13T23:45:38Z,2024-10-13T23:40:38Z,2024-10-13T23:50:38Z,245c50e05349966d749c7e3f05699647,americanfootball_nfl,2024-10-14 00:20:00+00:00,New York Giants,Cincinnati Bengals,fanduel,FanDuel,2024-10-13T23:45:11Z,player_pass_yds,2024-10-13T23:45:31Z,Daniel Jones,215.5,-110.0,-110,2024-10-13,NYG,CIN,daniel jones,2024,6,Daniel Jones,NYG,QB,205.0,56.0,0.0,0.0,205.0,False,False,4.5,-4.5,46.0,True,False,4.5,-4.5,False,True,False,20.75,258.0,227.6,70.83333333333333,31.1,22.516660498395424,44.65758614166243,1.0,0.6,227.6,31.1,5.0,daniel jones,Daniel Jones,IND,33.7,21.8,230.3,1.3,0.8,5.9,27.9,0.2,0.2,17.2,-25.30000000000001,-14.800000000000011,-10.5,223.3828856470752,-18.3828856470752,7.882885647075199,False,5:10,200-225,69.4161154154068,rolling_5g,50.0,44.65758614166243,-0.3676577129415039,0.5657,0.4343,223.58267809314853,223.75877120013462,50.21491933217842,-130.25558369790468,130.25558369790468,0.06569999999999998,-0.06569999999999998,0.542705,0.457295,over,True,"[0.55, 0.6)"
2024-10-14T23:45:00Z,2024-10-14T23:40:39Z,2024-10-14T23:35:38Z,2024-10-14T23:45:38Z,79b5655b7342104f50bc735a5d838b71,americanfootball_nfl,2024-10-15 00:15:00+00:00,New York Jets,Buffalo Bills,fanduel,FanDuel,2024-10-14T23:40:04Z,player_pass_yds,2024-10-14T23:40:08Z,Josh Allen,199.5,-110.0,-110,2024-10-14,NYJ,BUF,josh allen,2024,6,Josh Allen,BUF,QB,215.0,18.0,0.0,0.0,215.0,True,False,1.0,-1.0,42.0,False,True,-1.0,1.0,True,False,False,21.5,191.3333333333333,189.0,-40.16666666666666,-47.1,66.72580710140069,57.59774301133682,0.3333333333333333,0.2,189.0,-47.1,5.0,josh allen,Josh Allen,BUF,31.0,19.5,214.9,1.4,0.8,7.2,36.6,0.5,0.3,19.4,0.0999999999999943,-15.400000000000006,15.5,208.4266462059657,6.57335379403429,8.92664620596571,True,5:10,200-225,69.4161154154068,rolling_5g,57.59774301133682,57.59774301133682,0.1141251974533181,0.56135,0.43865,208.2459857978957,208.6450984518052,57.28467435575781,-127.97218739313806,127.97218739313806,0.061350000000000016,-0.061350000000000016,0.5398775,0.4601225,over,False,"[0.55, 0.6)"
2024-10-17T23:45:00Z,2024-10-17T23:40:39Z,2024-10-17T23:35:39Z,2024-10-17T23:45:39Z,cc1d6e0125f5444f70609ce9e0829fa9,americanfootball_nfl,2024-10-18 00:15:00+00:00,New Orleans Saints,Denver Broncos,fanduel,FanDuel,2024-10-17T23:40:25Z,player_pass_yds,2024-10-17T23:39:47Z,Spencer Rattler,184.5,-110.0,-110,2024-10-17,NO,DEN,spencer rattler,2024,7,Spencer Rattler,NO,QB,172.0,34.0,0.0,0.0,172.0,False,False,2.5,-2.5,37.0,True,False,2.5,-2.5,False,True,False,17.25,243.0,243.0,63.5,63.5,,,1.0,1.0,243.0,63.5,1.0,spencer rattler,Spencer Rattler,NO,32.1,19.6,201.3,1.0,0.8,3.3,13.7,0.1,0.3,12.1,-29.30000000000001,-16.80000000000001,-12.5,195.21853864758333,-23.21853864758333,10.71853864758333,False,10:15,175-200,63.59685830662887,bucket_fallback,63.59685830662887,63.59685830662887,-0.3650893969578871,0.56335,0.43665,194.18458241930074,194.28185912213672,63.956508763864704,-129.01637467078896,129.01637467078896,0.06335000000000002,-0.06335000000000002,0.5411775,0.45882249999999997,over,True,"[0.55, 0.6)"
2024-10-17T23:45:00Z,2024-10-17T23:40:39Z,2024-10-17T23:35:39Z,2024-10-17T23:45:39Z,cc1d6e0125f5444f70609ce9e0829fa9,americanfootball_nfl,2024-10-18 00:15:00+00:00,New Orleans Saints,Denver Broncos,fanduel,FanDuel,2024-10-17T23:40:25Z,player_pass_yds,2024-10-17T23:39:47Z,Bo Nix,194.5,-110.0,-110,2024-10-17,NO,DEN,bo nix,2024,7,Bo Nix,DEN,QB,164.0,75.0,0.0,0.0,164.0,False,False,2.5,-2.5,37.0,False,True,-2.5,2.5,True,False,False,19.75,160.66666666666666,188.8,-26.166666666666668,4.9,87.32315462312006,73.5472637152464,0.6666666666666666,0.8,180.3333333333333,-6.333333333333333,6.0,bo nix,Bo Nix,DEN,31.8,20.1,212.6,1.1,0.8,6.2,28.2,0.2,0.2,16.1,-48.6,-18.099999999999994,-30.5,206.19292213359225,-42.19292213359222,11.69292213359222,False,10:15,200-225,69.4161154154068,rolling_5g,73.5472637152464,73.5472637152464,-0.5736844581594628,0.5684,0.4316,207.22425987434858,207.02076893572934,73.00890077154605,-131.69601482854497,131.69601482854497,0.06840000000000002,-0.06840000000000002,0.54446,0.45554,over,True,"[0.55, 0.6)"
2024-10-20T13:00:00Z,2024-10-20T12:55:38Z,2024-10-20T12:50:38Z,2024-10-20T13:00:38Z,964d089b9bbbf792a705da3b3f355312,americanfootball_nfl,2024-10-20 13:30:00+00:00,Jacksonville Jaguars,New England Patriots,fanduel,FanDuel,2024-10-20T12:54:29Z,player_pass_yds,2024-10-20T12:56:02Z,Drake Maye,200.5,-110.0,-110,2024-10-20,JAX,NE,drake maye,2024,7,Drake Maye,NE,QB,276.0,18.0,0.0,0.0,276.0,True,False,-6.5,6.5,42.0,False,True,6.5,-6.5,False,True,False,17.75,243.0,243.0,76.5,76.5,,,1.0,1.0,243.0,76.5,1.0,drake maye,Drake Maye,NE,31.7,20.2,217.0,1.2,0.8,4.5,22.7,0.1,0.3,15.2,59.0,-16.5,75.5,210.46613340248064,65.53386659751936,9.966133402480637,True,5:10,200-225,69.4161154154068,bucket_fallback,69.4161154154068,69.4161154154068,0.944072802192187,0.55125,0.44875,210.28011506981636,209.4584682542701,69.83100619189987,-122.84122562674095,122.84122562674095,0.05125000000000002,-0.05125000000000002,0.5333125,0.4666875,over,False,"[0.55, 0.6)"
2024-10-20T13:00:00Z,2024-10-20T12:55:38Z,2024-10-20T12:50:38Z,2024-10-20T13:00:38Z,964d089b9bbbf792a705da3b3f355312,americanfootball_nfl,2024-10-20 13:30:00+00:00,Jacksonville Jaguars,New England Patriots,fanduel,FanDuel,2024-10-20T12:54:29Z,player_pass_yds,2024-10-20T12:56:02Z,Trevor Lawrence,230.5,-110.0,-110,2024-10-20,JAX,NE,trevor lawrence,2024,7,Trevor Lawrence,JAX,QB,193.0,13.0,0.0,0.0,193.0,False,False,-6.5,6.5,42.0,True,False,-6.5,6.5,True,False,False,24.25,258.0,234.4,28.5,8.1,103.11643903859368,81.12521186413014,0.6666666666666666,0.4,222.3333333333333,-8.5,6.0,trevor lawrence,Trevor Lawrence,JAX,34.5,21.3,234.6,1.5,0.8,3.2,15.1,0.1,0.2,16.5,-41.6,-4.099999999999994,-37.5,227.5589784780344,-34.558978478034334,-2.9410215219656664,False,-5:0,225-250,83.52232316389792,rolling_5g,81.12521186413014,81.12521186413014,-0.4259955405221538,0.48805,0.51195,228.65679174050595,228.28852308207536,81.42968735941392,104.89703923778302,-104.89703923778302,-0.011950000000000016,0.011950000000000016,0.49223249999999996,0.5077675,pass,True,"[0.475, 0.5)"
2024-10-20T16:30:00Z,2024-10-20T16:25:38Z,2024-10-20T16:20:38Z,2024-10-20T16:30:37Z,514ad4e46861e2aa51571079d75856b5,americanfootball_nfl,2024-10-20 17:00:00+00:00,Atlanta Falcons,Seattle Seahawks,fanduel,FanDuel,2024-10-20T16:25:25Z,player_pass_yds,2024-10-20T16:25:07Z,Kirk Cousins,262.5,-110.0,-110,2024-10-20,ATL,SEA,kirk cousins,2024,7,Kirk Cousins,ATL,QB,232.0,-1.0,0.0,0.0,232.0,False,False,-3.0,3.0,51.5,True,False,-3.0,3.0,True,False,False,27.25,324.0,288.6,88.16666666666667,55.1,160.34649980588912,123.3705799613506,0.6666666666666666,0.6,266.3333333333333,31.166666666666668,6.0,kirk cousins,Kirk Cousins,LV,34.1,22.7,260.1,1.7,0.8,1.1,4.1,0.1,0.2,16.8,-28.100000000000023,2.3999999999999773,-30.5,252.32418015000133,-20.32418015000136,-10.175819849998646,False,-15:-10,250-275,66.76327241271723,rolling_5g,115.0,123.3705799613506,-0.1767320013043593,0.4617,0.5383,251.35335939621046,251.34009411364667,114.83258822957625,116.59085986571367,-116.59085986571367,-0.0383,0.0383,0.475105,0.524895,pass,True,"[0.45, 0.475)"
2024-10-20T16:30:00Z,2024-10-20T16:25:38Z,2024-10-20T16:20:38Z,2024-10-20T16:30:37Z,514ad4e46861e2aa51571079d75856b5,americanfootball_nfl,2024-10-20 17:00:00+00:00,Atlanta Falcons,Seattle Seahawks,fanduel,FanDuel,2024-10-20T16:25:25Z,player_pass_yds,2024-10-20T16:25:07Z,Geno Smith,267.5,-110.0,-110,2024-10-20,ATL,SEA,geno smith,2024,7,Geno Smith,SEA,QB,207.0,15.0,0.0,0.0,207.0,False,False,-3.0,3.0,51.5,False,True,3.0,-3.0,False,True,False,24.25,330.3333333333333,321.4,79.5,80.3,57.72636601530824,44.67997314233751,1.0,1.0,296.3333333333333,55.16666666666666,6.0,geno smith,Geno Smith,NYJ,37.8,26.3,264.9,1.4,0.9,4.6,17.8,0.1,0.2,17.7,-57.89999999999998,2.6000000000000227,-60.5,256.98586517060687,-49.98586517060687,-10.514134829393129,False,-15:-10,250-275,66.76327241271723,rolling_5g,50.0,44.67997314233751,-0.9997173034121374,0.4168,0.5832,257.1307802500397,257.076595255065,49.92749462346758,139.92322456813818,-139.92322456813824,-0.0832,0.08320000000000005,0.44592,0.55408,under,True,"[0.4, 0.45)"
2024-10-20T16:30:00Z,2024-10-20T16:25:38Z,2024-10-20T16:20:38Z,2024-10-20T16:30:37Z,4084732a953c2a15d46aca93da86fe87,americanfootball_nfl,2024-10-20 17:00:00+00:00,Buffalo Bills,Tennessee Titans,fanduel,FanDuel,2024-10-20T16:25:25Z,player_pass_yds,2024-10-20T16:25:20Z,Josh Allen,215.5,-110.0,-110,2024-10-20,BUF,TEN,josh allen,2024,7,Josh Allen,BUF,QB,323.0,1.0,0.0,0.0,323.0,True,False,-9.5,9.5,41.0,True,False,-9.5,9.5,True,False,False,25.25,175.33333333333334,185.6,-45.16666666666666,-42.3,42.193996413391964,54.86164416056085,0.3333333333333333,0.4,193.3333333333333,-36.66666666666666,6.0,josh allen,Josh Allen,BUF,30.2,19.1,219.3,1.5,0.8,7.1,36.0,0.5,0.3,20.5,103.7,-3.8000000000000114,107.5,212.69985747485416,110.30014252514584,-2.8001425251458443,True,-5:0,200-225,69.4161154154068,rolling_5g,54.86164416056085,54.86164416056085,2.010514708642998,0.48125,0.51875,212.60437988822352,212.7220991814416,54.186967888479664,107.7922077922078,-107.79220779220782,-0.01874999999999999,0.018750000000000044,0.4878125,0.5121875,pass,False,"[0.475, 0.5)"
2024-10-20T16:30:00Z,2024-10-20T16:25:38Z,2024-10-20T16:20:38Z,2024-10-20T16:30:37Z,4084732a953c2a15d46aca93da86fe87,americanfootball_nfl,2024-10-20 17:00:00+00:00,Buffalo Bills,Tennessee Titans,fanduel,FanDuel,2024-10-20T16:25:25Z,player_pass_yds,2024-10-20T16:25:20Z,Mason Rudolph,181.5,-110.0,-110,2024-10-20,BUF,TEN,mason rudolph,2024,7,Mason Rudolph,TEN,QB,215.0,13.0,0.0,0.0,215.0,True,False,-9.5,9.5,41.0,False,True,9.5,-9.5,False,True,False,15.75,,,,,,,,,,,0.0,mason rudolph,Mason Rudolph,PIT,28.7,18.3,200.5,1.0,0.8,2.1,10.6,0.1,0.2,12.5,14.5,-19.0,33.5,194.44159114414904,20.55840885585096,12.941591144149044,True,10:15,175-200,63.59685830662887,bucket_fallback,63.59685830662887,63.59685830662887,0.3232613906292302,0.57935,0.42065,194.206953497682,194.62859883809202,63.83871946459135,-137.72732675621063,137.72732675621063,0.07935000000000003,-0.07934999999999998,0.5515775,0.4484225,over,False,"[0.55, 0.6)"
2024-10-20T16:30:00Z,2024-10-20T16:25:38Z,2024-10-20T16:20:38Z,2024-10-20T16:30:37Z,63e9b5302666e36b47431100bcb22973,americanfootball_nfl,2024-10-20 17:00:00+00:00,Cleveland Browns,Cincinnati Bengals,fanduel,FanDuel,2024-10-20T16:25:25Z,player_pass_yds,2024-10-20T16:25:29Z,Joe Burrow,249.5,-110.0,-110,2024-10-20,CLE,CIN,joe burrow,2024,7,Joe Burrow,CIN,QB,181.0,-3.0,0.0,0.0,181.0,False,False,5.5,-5.5,42.0,False,True,-5.5,5.5,True,False,False,23.75,254.66666666666663,237.2,-3.5,-14.1,61.23180001709352,59.59194576450747,0.3333333333333333,0.4,237.2,-14.1,5.0,joe burrow,Joe Burrow,CIN,34.1,22.9,256.2,1.7,0.5,3.3,12.5,0.1,0.2,17.9,-75.19999999999999,-6.699999999999989,-68.5,248.5365610707593,-67.53656107075932,-0.9634389292406808,False,-5:0,225-250,83.52232316389792,rolling_5g,59.59194576450747,59.59194576450747,-1.1333169307417308,0.4933,0.5067,248.47668430592609,248.43850493810578,59.08757333548658,102.7163997567403,-102.71639975674033,-0.006699999999999984,0.006700000000000039,0.495645,0.504355,pass,True,"[0.475, 0.5)"
2024-10-20T16:30:00Z,2024-10-20T16:25:38Z,2024-10-20T16:20:38Z,2024-10-20T16:30:37Z,63e9b5302666e36b47431100bcb22973,americanfootball_nfl,2024-10-20 17:00:00+00:00,Cleveland Browns,Cincinnati Bengals,fanduel,FanDuel,2024-10-20T16:25:25Z,player_pass_yds,2024-10-20T16:25:29Z,Deshaun Watson,178.5,-110.0,-110,2024-10-20,CLE,CIN,deshaun watson,2024,7,Deshaun Watson,CLE,QB,128.0,0.0,0.0,0.0,128.0,False,False,5.5,-5.5,42.0,True,False,5.5,-5.5,False,True,False,18.25,165.66666666666666,170.4,-39.833333333333336,-37.5,36.61056313870812,27.35507265572512,0.0,0.0,170.4,-37.5,5.0,deshaun watson,Deshaun Watson,CLE,30.4,18.5,183.9,1.0,0.8,5.2,24.3,0.1,0.3,13.3,-55.900000000000006,-5.400000000000006,-50.5,178.3199304478882,-50.3199304478882,-0.1800695521118029,False,-5:0,175-200,63.59685830662887,rolling_5g,50.0,27.35507265572512,-1.006398608957764,0.5016,0.4984,178.34114414300538,178.65058362914033,50.085307252121595,-100.64205457463886,100.64205457463885,0.0016000000000000458,-0.0015999999999999903,0.50104,0.49896,pass,True,"[0.5, 0.525)"
2024-10-20T16:30:00Z,2024-10-20T16:25:38Z,2024-10-20T16:20:38Z,2024-10-20T16:30:37Z,497242e77fc7f2e1fa4cc70a2bd37b20,americanfootball_nfl,2024-10-20 17:00:00+00:00,Minnesota Vikings,Detroit Lions,fanduel,FanDuel,2024-10-20T16:25:25Z,player_pass_yds,2024-10-20T16:25:42Z,Jared Goff,254.5,-110.0,-110,2024-10-20,MIN,DET,jared goff,2024,7,Jared Goff,DET,QB,280.0,-4.0,0.0,0.0,280.0,True,False,-1.0,1.0,50.5,False,True,1.0,-1.0,False,True,False,24.75,268.6666666666667,266.0,18.5,8.1,61.4193237778904,53.96295025292817,0.6666666666666666,0.6,266.0,8.1,5.0,jared goff,Jared Goff,DET,32.6,21.7,242.9,1.5,0.8,1.6,4.5,0.0,0.2,15.2,37.1,11.599999999999994,25.5,235.6198088261648,44.380191173835215,-18.88019117383521,True,-25:-15,225-250,83.52232316389792,rolling_5g,53.96295025292817,53.96295025292817,0.8224196595223592,0.3663,0.6337,235.58658537552165,236.14052416818905,53.69275854821054,173.00027300027295,-173.00027300027304,-0.13369999999999999,0.13370000000000004,0.413095,0.586905,pass,False,"[0.0, 0.4)"
2024-10-20T16:30:00Z,2024-10-20T16:25:38Z,2024-10-20T16:20:38Z,2024-10-20T16:30:37Z,497242e77fc7f2e1fa4cc70a2bd37b20,americanfootball_nfl,2024-10-20 17:00:00+00:00,Minnesota Vikings,Detroit Lions,fanduel,FanDuel,2024-10-20T16:25:25Z,player_pass_yds,2024-10-20T16:25:42Z,Sam Darnold,261.5,-110.0,-110,2024-10-20,MIN,DET,sam darnold,2024,7,Sam Darnold,MIN,QB,259.0,39.0,0.0,0.0,259.0,False,False,-1.0,1.0,50.5,True,False,-1.0,1.0,True,False,False,25.75,211.66666666666663,222.2,-15.166666666666666,-6.7,54.85739087245522,46.50483845794973,0.3333333333333333,0.4,222.2,-6.7,5.0,sam darnold,Sam Darnold,SEA,34.4,21.9,249.4,1.6,0.7,3.6,12.5,0.1,0.4,17.0,9.599999999999994,12.099999999999994,-2.5,241.93250729156813,17.06749270843187,-19.56749270843187,False,-25:-15,225-250,83.52232316389792,rolling_5g,50.0,46.50483845794973,0.3413498541686374,0.34145,0.65855,241.63187382996185,241.0351756505258,49.662783945268956,192.86864841118756,-192.86864841118754,-0.15855000000000002,0.15854999999999997,0.3969425,0.6030575,pass,True,"[0.0, 0.4)"
2024-10-20T16:30:00Z,2024-10-20T16:25:38Z,2024-10-20T16:20:38Z,2024-10-20T16:30:37Z,3d634649562df7c3b2b22d626162a9c9,americanfootball_nfl,2024-10-20 17:00:00+00:00,Indianapolis Colts,Miami Dolphins,fanduel,FanDuel,2024-10-20T16:25:25Z,player_pass_yds,2024-10-20T16:25:16Z,Tyler Huntley,184.5,-110.0,-110,2024-10-20,IND,MIA,tyler huntley,2024,7,Tyler Huntley,MIA,QB,87.0,20.0,0.0,0.0,87.0,False,False,-3.0,3.0,44.0,False,True,3.0,-3.0,False,True,False,20.5,145.0,145.0,-21.5,-21.5,69.29646455628166,69.29646455628166,0.5,0.5,145.0,-21.5,2.0,tyler huntley,Tyler Huntley,BAL,29.2,18.7,191.2,0.9,0.5,5.5,26.1,0.2,0.3,13.9,-104.2,-6.699999999999989,-97.5,185.40957641672577,-98.40957641672576,0.9095764167257698,False,0:5,175-200,63.59685830662887,bucket_fallback,63.59685830662887,63.59685830662887,-1.547396821746276,0.50135,0.49865,185.1562021323382,184.75826913531267,63.322224230686025,-100.54146194725759,100.5414619472576,0.0013499999999999623,-0.0013500000000000179,0.5008775,0.49912249999999997,pass,True,"[0.5, 0.525)"
2024-10-20T16:30:00Z,2024-10-20T16:25:38Z,2024-10-20T16:20:38Z,2024-10-20T16:30:37Z,3d634649562df7c3b2b22d626162a9c9,americanfootball_nfl,2024-10-20 17:00:00+00:00,Indianapolis Colts,Miami Dolphins,fanduel,FanDuel,2024-10-20T16:25:25Z,player_pass_yds,2024-10-20T16:25:16Z,Anthony Richardson,200.5,-110.0,-110,2024-10-20,IND,MIA,anthony richardson,2024,7,Anthony Richardson,IND,QB,129.0,56.0,0.0,0.0,129.0,False,False,-3.0,3.0,44.0,True,False,-3.0,3.0,True,False,False,23.5,147.33333333333334,163.5,-46.16666666666666,-38.5,68.64643714959527,64.70703207534712,0.3333333333333333,0.25,163.5,-38.5,4.0,anthony richardson,Anthony Richardson Sr.,IND,29.2,17.6,208.4,1.2,0.6,6.7,36.1,0.3,0.3,17.7,-79.4,-7.900000000000006,-71.5,202.1139477405624,-73.11394774056237,1.6139477405623666,False,0:5,200-225,69.4161154154068,rolling_3g,68.64643714959527,68.64643714959527,-1.0650800067195252,0.5108,0.4892,202.10428387320422,202.31094038397345,68.38314576975179,-104.41537203597713,104.41537203597709,0.010800000000000032,-0.010799999999999976,0.50702,0.49298000000000003,pass,True,"[0.5, 0.525)"
2024-10-20T19:35:00Z,2024-10-20T19:30:38Z,2024-10-20T19:25:38Z,2024-10-20T19:35:38Z,205e5260b14ecb55558ddb85f419edaf,americanfootball_nfl,2024-10-20 20:05:00+00:00,Washington Commanders,Carolina Panthers,fanduel,FanDuel,2024-10-20T19:30:08Z,player_pass_yds,2024-10-20T19:30:02Z,Jayden Daniels,239.5,-110.0,-110,2024-10-20,WAS,CAR,jayden daniels,2024,7,Jayden Daniels,WAS,QB,6.0,50.0,0.0,0.0,6.0,False,False,-10.0,10.0,51.0,True,False,-10.0,10.0,True,False,False,30.5,241.66666666666663,227.0,38.5,23.3,10.96965511460287,26.15339366124404,1.0,0.8,227.0,23.3,5.0,jayden daniels,Jayden Daniels,WSH,31.0,21.5,236.3,1.4,0.8,10.3,51.9,0.6,0.2,23.0,-230.3,3.1999999999999886,-233.5,229.20999192283213,-223.20999192283213,-10.290008077167869,False,-15:-10,225-250,83.52232316389792,rolling_5g,50.0,26.15339366124404,-4.464199838456643,0.42245,0.57755,229.54673310889936,229.9756722909429,50.18018561628424,136.71440407148776,-136.71440407148776,-0.07755000000000001,0.07755000000000001,0.4495925,0.5504075,under,True,"[0.4, 0.45)"
2024-10-20T19:35:00Z,2024-10-20T19:30:38Z,2024-10-20T19:25:38Z,2024-10-20T19:35:38Z,205e5260b14ecb55558ddb85f419edaf,americanfootball_nfl,2024-10-20 20:05:00+00:00,Washington Commanders,Carolina Panthers,fanduel,FanDuel,2024-10-20T19:30:08Z,player_pass_yds,2024-10-20T19:30:02Z,Andy Dalton,233.5,-110.0,-110,2024-10-20,WAS,CAR,andy dalton,2024,7,Andy Dalton,CAR,QB,93.0,3.0,0.0,0.0,93.0,False,False,-10.0,10.0,51.0,False,True,10.0,-10.0,False,True,False,20.5,192.3333333333333,224.0,-29.166666666666668,7.25,48.7886598845811,74.81978348003956,0.3333333333333333,0.5,224.0,7.25,4.0,andy dalton,Andy Dalton,PHI,35.3,22.5,250.0,1.4,0.9,1.9,8.2,0.1,0.2,15.5,-157.0,-16.5,-140.5,242.51521791914385,-149.51521791914382,9.015217919143822,False,5:10,225-250,83.52232316389792,rolling_3g,50.0,48.7886598845811,-2.990304358382877,0.5764,0.4236,242.9594327416854,243.20660842766387,49.926313745209754,-136.07176581680832,136.07176581680832,0.07640000000000002,-0.07640000000000002,0.54966,0.45033999999999996,over,True,"[0.55, 0.6)"
2024-10-20T19:35:00Z,2024-10-20T19:30:38Z,2024-10-20T19:25:38Z,2024-10-20T19:35:38Z,2bc06cb4fb03e96b39448675c1943487,americanfootball_nfl,2024-10-20 20:05:00+00:00,Los Angeles Rams,Las Vegas Raiders,fanduel,FanDuel,2024-10-20T19:30:08Z,player_pass_yds,2024-10-20T19:29:45Z,Aidan O'Connell,216.5,-110.0,-110,2024-10-20,LAR,LV,aidan oconnell,2024,7,Aidan O'Connell,LV,QB,52.0,0.0,0.0,0.0,52.0,False,False,-7.0,7.0,43.0,False,True,7.0,-7.0,False,True,False,18.0,227.0,227.0,38.5,38.5,,,1.0,1.0,227.0,38.5,1.0,aidan oconnell,Aidan O'Connell,LV,32.4,20.9,223.8,1.0,0.8,1.5,5.0,0.0,0.2,12.5,-171.8,-7.300000000000011,-164.5,217.07018718167183,-165.07018718167186,0.5701871816718551,False,0:5,200-225,69.4161154154068,bucket_fallback,69.4161154154068,69.4161154154068,-2.3779807641761925,0.4984,0.5016,216.42644605449289,216.26241595523197,69.95775712225502,100.64205457463885,-100.64205457463886,-0.0015999999999999903,0.0016000000000000458,0.49896,0.50104,pass,True,"[0.475, 0.5)"
2024-10-20T19:35:00Z,2024-10-20T19:30:38Z,2024-10-20T19:25:38Z,2024-10-20T19:35:38Z,2bc06cb4fb03e96b39448675c1943487,americanfootball_nfl,2024-10-20 20:05:00+00:00,Los Angeles Rams,Las Vegas Raiders,fanduel,FanDuel,2024-10-20T19:30:08Z,player_pass_yds,2024-10-20T19:29:45Z,Matthew Stafford,230.5,-110.0,-110,2024-10-20,LAR,LV,matthew stafford,2024,7,Matthew Stafford,LAR,QB,154.0,-2.0,0.0,0.0,154.0,False,False,-7.0,7.0,43.0,True,False,-7.0,7.0,True,False,False,25.0,220.3333333333333,244.5,-5.833333333333333,6.5,4.041451884327433,48.4458460551573,0.6666666666666666,0.75,244.5,6.5,4.0,matthew stafford,Matthew Stafford,LAR,29.9,20.2,229.0,1.4,0.5,0.9,3.1,0.0,0.2,14.4,-75.0,1.5,-76.5,222.12034595399453,-68.12034595399453,-8.37965404600547,False,-10:-5,200-225,69.4161154154068,rolling_3g,50.0,4.041451884327433,-1.3624069190798906,0.43185,0.56815,221.89569637234808,222.18310307489628,50.39432689535614,131.56188491374317,-131.56188491374323,-0.06814999999999999,0.06815000000000004,0.4557025,0.5442975,under,True,"[0.4, 0.45)"
2024-10-20T19:55:00Z,2024-10-20T19:50:38Z,2024-10-20T19:45:38Z,2024-10-20T19:55:38Z,a0b429ad5863438f4550ced4f368d2e2,americanfootball_nfl,2024-10-20 20:25:00+00:00,San Francisco 49ers,Kansas City Chiefs,fanduel,FanDuel,2024-10-20T19:50:05Z,player_pass_yds,2024-10-20T19:50:34Z,Brock Purdy,254.5,-110.0,-110,2024-10-20,SF,KC,brock purdy,2024,7,Brock Purdy,SF,QB,212.0,27.0,0.0,0.0,212.0,False,False,-2.5,2.5,47.5,True,False,-2.5,2.5,True,False,False,25.0,262.3333333333333,279.6,10.5,32.3,22.898325994127465,30.20430432901907,0.6666666666666666,0.8,271.5,25.33333333333333,6.0,brock purdy,Brock Purdy,SF,32.9,21.4,258.1,1.7,0.8,4.5,15.9,0.1,0.2,18.0,-46.10000000000002,-3.6000000000000227,-42.5,250.3818113914157,-38.38181139141571,-4.1181886085842905,False,-5:0,250-275,66.76327241271723,rolling_5g,50.0,30.20430432901907,-0.7676362278283142,0.46495,0.53505,250.23100157205397,250.11867636878117,50.25844579236842,115.07688998817078,-115.07688998817078,-0.035050000000000026,0.035050000000000026,0.47721749999999996,0.5227825,pass,True,"[0.45, 0.475)"
2024-10-20T19:55:00Z,2024-10-20T19:50:38Z,2024-10-20T19:45:38Z,2024-10-20T19:55:38Z,a0b429ad5863438f4550ced4f368d2e2,americanfootball_nfl,2024-10-20 20:25:00+00:00,San Francisco 49ers,Kansas City Chiefs,fanduel,FanDuel,2024-10-20T19:50:05Z,player_pass_yds,2024-10-20T19:50:34Z,Patrick Mahomes,246.5,-110.0,-110,2024-10-20,SF,KC,patrick mahomes,2024,7,Patrick Mahomes,KC,QB,154.0,39.0,0.0,0.0,154.0,False,False,-2.5,2.5,47.5,False,True,2.5,-2.5,False,True,False,22.5,264.3333333333333,236.0,14.833333333333334,-19.0,59.40819247657122,74.59222479588607,0.3333333333333333,0.25,236.0,-19.0,4.0,patrick mahomes,Patrick Mahomes II,KC,34.4,22.7,245.2,1.4,0.6,4.4,21.3,0.1,0.2,17.3,-91.2,1.3000000000000114,-92.5,237.85353289853825,-83.85353289853825,-8.646467101461752,False,-10:-5,225-250,83.52232316389792,rolling_3g,59.40819247657122,59.40819247657122,-1.411480965888796,0.4429,0.5571,238.06673511513128,238.0638083470629,59.21114108548828,125.78460149017835,-125.78460149017839,-0.057099999999999984,0.05710000000000004,0.462885,0.537115,under,True,"[0.4, 0.45)"
2024-10-22T00:30:00Z,2024-10-22T00:25:39Z,2024-10-22T00:20:39Z,2024-10-22T00:30:39Z,c38d6ebf21ca6194da4757c090eac3a2,americanfootball_nfl,2024-10-22 01:00:00+00:00,Arizona Cardinals,Los Angeles Chargers,fanduel,FanDuel,2024-10-22T00:25:17Z,player_pass_yds,2024-10-22T00:25:32Z,Justin Herbert,203.5,-110.0,-110,2024-10-21,ARI,LAC,justin herbert,2024,7,Justin Herbert,LAC,QB,349.0,8.0,0.0,0.0,349.0,True,False,1.0,-1.0,44.0,False,True,-1.0,1.0,True,False,False,22.5,180.3333333333333,163.0,0.8333333333333334,-31.1,56.01190349678659,46.438130884005226,0.3333333333333333,0.2,163.0,-31.1,5.0,justin herbert,Justin Herbert,LAC,31.3,20.5,220.5,1.4,0.7,3.0,12.3,0.1,0.3,15.2,128.5,-17.0,145.5,213.8652787300055,135.1347212699945,10.365278730005514,True,10:15,200-225,69.4161154154068,rolling_5g,50.0,46.438130884005226,2.7026944253998897,0.5872,0.4128,214.69948733417158,214.75790726945678,50.195819248320554,-142.2480620155039,142.24806201550385,0.08720000000000006,-0.0872,0.5566800000000001,0.44332,over,False,"[0.55, 0.6)"
2024-10-22T00:30:00Z,2024-10-22T00:25:39Z,2024-10-22T00:20:39Z,2024-10-22T00:30:39Z,c38d6ebf21ca6194da4757c090eac3a2,americanfootball_nfl,2024-10-22 01:00:00+00:00,Arizona Cardinals,Los Angeles Chargers,fanduel,FanDuel,2024-10-22T00:25:17Z,player_pass_yds,2024-10-22T00:25:32Z,Kyler Murray,215.5,-110.0,-110,2024-10-21,ARI,LAC,kyler murray,2024,7,Kyler Murray,ARI,QB,145.0,64.0,0.0,0.0,145.0,False,False,1.0,-1.0,44.0,True,False,1.0,-1.0,False,True,False,21.5,181.3333333333333,194.4,-48.833333333333336,-33.1,34.588051886935375,47.64766521037521,0.0,0.2,194.4,-33.1,5.0,kyler murray,Kyler Murray,MIN,29.8,19.9,210.0,1.3,0.5,6.5,39.7,0.3,0.2,18.3,-65.0,5.5,-70.5,203.66784274743088,-58.66784274743088,-11.832157252569118,False,-15:-10,200-225,69.4161154154068,rolling_5g,50.0,47.64766521037521,-1.1733568549486175,0.41025,0.58975,203.8003811100889,203.9911513713382,50.13975699299621,143.75380865326022,-143.75380865326022,-0.08975,0.08975,0.4416625,0.5583375,under,True,"[0.4, 0.45)"
2024-10-24T23:45:00Z,2024-10-24T23:40:39Z,2024-10-24T23:35:39Z,2024-10-24T23:45:39Z,1f22f5d9de70779ac521b9c1de59162f,americanfootball_nfl,2024-10-25 00:15:00+00:00,Los Angeles Rams,Minnesota Vikings,fanduel,FanDuel,2024-10-24T23:39:33Z,player_pass_yds,2024-10-24T23:40:38Z,Sam Darnold,244.5,-110.0,-110,2024-10-24,LAR,MIN,sam darnold,2024,8,Sam Darnold,MIN,QB,240.0,6.0,0.0,0.0,240.0,False,False,3.0,-3.0,47.5,False,True,-3.0,3.0,True,False,False,25.25,237.66666666666663,232.4,2.5,-2.9,51.432804058629095,48.17468214736866,0.3333333333333333,0.4,228.3333333333333,-6.0,6.0,sam darnold,Sam Darnold,SEA,33.3,21.4,249.0,1.6,0.7,4.3,14.4,0.1,0.3,17.1,-9.0,-4.5,-4.5,241.544033539851,-1.544033539851,-2.955966460149,False,-5:0,225-250,83.52232316389792,rolling_5g,50.0,48.17468214736866,-0.03088067079702,0.47715,0.52285,242.03431219799407,241.6749830716604,50.06863483260541,109.57770093262077,-109.57770093262079,-0.02284999999999998,0.022850000000000037,0.4851475,0.5148525,pass,True,"[0.475, 0.5)"
2024-10-24T23:45:00Z,2024-10-24T23:40:39Z,2024-10-24T23:35:39Z,2024-10-24T23:45:39Z,1f22f5d9de70779ac521b9c1de59162f,americanfootball_nfl,2024-10-25 00:15:00+00:00,Los Angeles Rams,Minnesota Vikings,fanduel,FanDuel,2024-10-24T23:39:33Z,player_pass_yds,2024-10-24T23:40:38Z,Matthew Stafford,244.5,-110.0,-110,2024-10-24,LAR,MIN,matthew stafford,2024,8,Matthew Stafford,LAR,QB,279.0,-4.0,0.0,0.0,279.0,True,False,3.0,-3.0,47.5,True,False,3.0,-3.0,False,True,False,22.25,199.66666666666663,226.4,-19.83333333333333,-10.1,39.576929306520654,58.29493974608774,0.6666666666666666,0.6,226.4,-10.1,5.0,matthew stafford,Matthew Stafford,LAR,32.0,20.9,237.1,1.2,0.6,0.8,2.7,0.0,0.2,13.8,41.900000000000006,7.400000000000006,34.5,229.9869394262664,49.01306057373361,-14.513060573733611,True,-15:-10,225-250,83.52232316389792,rolling_5g,58.29493974608774,58.29493974608774,0.8407772747894975,0.4025,0.5975,230.1195193742568,230.23627669230063,58.55423290257834,148.44720496894408,-148.4472049689441,-0.09749999999999998,0.09750000000000003,0.43662500000000004,0.5633750000000001,under,False,"[0.4, 0.45)"
2024-10-27T16:30:00Z,2024-10-27T16:25:38Z,2024-10-27T16:20:38Z,2024-10-27T16:30:38Z,2883af924ad72a75da65e3257b9284e7,americanfootball_nfl,2024-10-27 17:00:00+00:00,Miami Dolphins,Arizona Cardinals,fanduel,FanDuel,2024-10-27T16:24:51Z,player_pass_yds,2024-10-27T16:25:39Z,Tua Tagovailoa,251.5,-110.0,-110,2024-10-27,MIA,ARI,tua tagovailoa,2024,8,Tua Tagovailoa,MIA,QB,234.0,13.0,0.0,0.0,234.0,False,False,-4.0,4.0,46.5,True,False,-4.0,4.0,True,False,False,25.25,241.5,241.5,-29.0,-29.0,136.47160876900367,136.47160876900367,0.5,0.5,241.5,-29.0,2.0,tua tagovailoa,Tua Tagovailoa,ATL,33.7,23.2,263.5,1.6,0.8,2.0,6.1,0.0,0.2,16.4,-29.5,-12.0,-17.5,255.6262070395969,-21.62620703959692,4.12620703959692,False,0:5,250-275,66.76327241271723,bucket_fallback,66.76327241271723,66.76327241271723,-0.3239237122157223,0.5232,0.4768,255.29293340392593,255.23986228398658,66.23106913425383,-109.73154362416108,109.73154362416108,0.0232,-0.0232,0.51508,0.48492,pass,True,"[0.5, 0.525)"
2024-10-27T16:30:00Z,2024-10-27T16:25:38Z,2024-10-27T16:20:38Z,2024-10-27T16:30:38Z,2883af924ad72a75da65e3257b9284e7,americanfootball_nfl,2024-10-27 17:00:00+00:00,Miami Dolphins,Arizona Cardinals,fanduel,FanDuel,2024-10-27T16:24:51Z,player_pass_yds,2024-10-27T16:25:39Z,Kyler Murray,203.5,-110.0,-110,2024-10-27,MIA,ARI,kyler murray,2024,8,Kyler Murray,ARI,QB,307.0,19.0,0.0,0.0,307.0,True,False,-4.0,4.0,46.5,False,True,4.0,-4.0,False,True,False,21.25,160.66666666666666,191.0,-63.16666666666666,-35.3,29.77135088190212,51.02450391723568,0.0,0.2,186.16666666666663,-39.333333333333336,6.0,kyler murray,Kyler Murray,MIN,30.4,20.0,207.0,1.2,0.5,6.5,41.0,0.3,0.2,18.2,100.0,-3.5,103.5,200.7542896095524,106.24571039044758,-2.7457103904475844,True,-5:0,200-225,69.4161154154068,rolling_5g,51.02450391723568,51.02450391723568,2.0822487674311057,0.47705,0.52295,200.37622241332232,200.2522634181543,51.43227197117084,109.62163295252071,-109.62163295252071,-0.022950000000000026,0.022950000000000026,0.48508249999999997,0.5149175,pass,False,"[0.475, 0.5)"
2024-10-27T16:30:00Z,2024-10-27T16:25:38Z,2024-10-27T16:20:38Z,2024-10-27T16:30:38Z,9693ad2122e496b05f7efd56f0ef03d0,americanfootball_nfl,2024-10-27 17:00:00+00:00,Tampa Bay Buccaneers,Atlanta Falcons,fanduel,FanDuel,2024-10-27T16:24:51Z,player_pass_yds,2024-10-27T16:25:16Z,Kirk Cousins,248.5,-110.0,-110,2024-10-27,TB,ATL,kirk cousins,2024,8,Kirk Cousins,ATL,QB,276.0,16.0,0.0,0.0,276.0,True,False,1.5,-1.5,47.0,False,True,-1.5,1.5,True,False,False,24.25,322.0,286.8,72.16666666666667,46.3,161.98456716613467,124.30084472762042,0.3333333333333333,0.4,261.42857142857144,22.357142857142858,7.0,kirk cousins,Kirk Cousins,LV,34.8,22.8,256.0,1.6,0.8,1.1,0.4,0.1,0.2,15.7,20.0,-7.5,27.5,248.34232419490075,27.657675805099245,-0.1576758050992452,True,-5:0,225-250,83.52232316389792,rolling_5g,115.0,124.30084472762042,0.2405015287399934,0.506,0.494,249.80348602415398,250.2234004187355,114.37048006636898,-102.42914979757086,102.42914979757086,0.006000000000000005,-0.006000000000000005,0.5039,0.4961,pass,False,"[0.5, 0.525)"
2024-10-27T16:30:00Z,2024-10-27T16:25:38Z,2024-10-27T16:20:38Z,2024-10-27T16:30:38Z,9693ad2122e496b05f7efd56f0ef03d0,americanfootball_nfl,2024-10-27 17:00:00+00:00,Tampa Bay Buccaneers,Atlanta Falcons,fanduel,FanDuel,2024-10-27T16:24:51Z,player_pass_yds,2024-10-27T16:25:16Z,Baker Mayfield,222.5,-110.0,-110,2024-10-27,TB,ATL,baker mayfield,2024,8,Baker Mayfield,TB,QB,330.0,11.0,0.0,0.0,330.0,True,False,1.5,-1.5,47.0,True,False,1.5,-1.5,False,True,False,22.75,284.0,240.0,47.833333333333336,0.1,90.73588044428732,88.35722947218298,0.6666666666666666,0.4,248.16666666666663,6.833333333333333,6.0,baker mayfield,Baker Mayfield,TB,33.4,23.0,242.9,1.6,0.9,3.6,13.9,0.1,0.2,17.0,87.1,-20.40000000000001,107.5,235.6198088261648,94.3801911738352,13.119808826164784,True,10:15,225-250,83.52232316389792,rolling_5g,88.35722947218298,88.35722947218298,1.068166031660696,0.5577,0.4423,235.71071805133857,235.53212100193605,88.86648118111295,-126.09088853719193,126.09088853719193,0.057699999999999974,-0.057699999999999974,0.537505,0.462495,over,False,"[0.55, 0.6)"
2024-10-27T16:30:00Z,2024-10-27T16:25:38Z,2024-10-27T16:20:38Z,2024-10-27T16:30:38Z,fb5217800ed73d9cae485efbba37ba96,americanfootball_nfl,2024-10-27 20:25:00+00:00,Washington Commanders,Chicago Bears,fanduel,FanDuel,2024-10-27T16:24:51Z,player_pass_yds,2024-10-27T16:25:29Z,Caleb Williams,227.5,-110.0,-110,2024-10-27,WAS,CHI,caleb williams,2024,8,Caleb Williams,CHI,QB,131.0,47.0,0.0,0.0,131.0,False,False,-1.5,1.5,46.5,False,True,1.5,-1.5,False,True,False,22.5,229.0,244.8,5.166666666666667,24.7,73.54590403278759,87.3939357163871,0.3333333333333333,0.4,219.5,-3.1666666666666665,6.0,caleb williams,Caleb Williams,CHI,34.5,22.8,243.3,1.4,0.9,5.2,24.3,0.1,0.2,17.1,-112.3,-15.800000000000011,-96.5,236.00828257788191,-105.00828257788191,8.508282577881914,False,5:10,225-250,83.52232316389792,rolling_5g,87.3939357163871,87.3939357163871,-1.2015511341502838,0.53545,0.46455,234.55657834107802,235.11682139324512,87.55355960151302,-115.26208158432893,115.26208158432893,0.03544999999999998,-0.03544999999999998,0.5230425,0.47695750000000003,pass,True,"[0.525, 0.55)"
2024-10-27T16:30:00Z,2024-10-27T16:25:38Z,2024-10-27T16:20:38Z,2024-10-27T16:30:38Z,5fd9657af1356ec2a567b07d75a8e6a3,americanfootball_nfl,2024-10-27 17:00:00+00:00,Detroit Lions,Tennessee Titans,fanduel,FanDuel,2024-10-27T16:24:51Z,player_pass_yds,2024-10-27T16:25:35Z,Mason Rudolph,200.5,-115.0,-105,2024-10-27,DET,TEN,mason rudolph,2024,8,Mason Rudolph,TEN,QB,266.0,29.0,0.0,0.0,266.0,True,False,-12.5,12.5,45.0,False,True,12.5,-12.5,False,True,False,16.25,215.0,215.0,33.5,33.5,,,1.0,1.0,215.0,33.5,1.0,mason rudolph,Mason Rudolph,PIT,34.1,22.1,225.4,0.9,0.8,2.5,10.3,0.1,0.3,12.7,40.6,-24.90000000000001,65.5,218.6240821885404,47.37591781145963,18.12408218854037,True,15:25,200-225,69.4161154154068,bucket_fallback,69.4161154154068,69.4161154154068,0.6824916307682725,0.6034,0.3966,218.73904829770717,218.89919109225204,68.89406101290169,-152.14321734745337,152.14321734745334,0.10340000000000005,-0.10339999999999999,0.56721,0.43279,pass,False,"[0.6, 1.0)"
2024-10-27T16:30:00Z,2024-10-27T16:25:38Z,2024-10-27T16:20:38Z,2024-10-27T16:30:38Z,5fd9657af1356ec2a567b07d75a8e6a3,americanfootball_nfl,2024-10-27 17:00:00+00:00,Detroit Lions,Tennessee Titans,fanduel,FanDuel,2024-10-27T16:24:51Z,player_pass_yds,2024-10-27T16:25:35Z,Jared Goff,237.5,-110.0,-110,2024-10-27,DET,TEN,jared goff,2024,8,Jared Goff,DET,QB,85.0,1.0,0.0,0.0,85.0,False,False,-12.5,12.5,45.0,True,False,-12.5,12.5,True,False,False,28.75,295.6666666666667,278.6,47.5,23.5,17.785762095938754,46.50053763130057,1.0,0.8,268.3333333333333,11.0,6.0,jared goff,Jared Goff,DET,31.1,21.3,232.3,1.7,0.7,1.0,1.1,0.1,0.2,15.4,-147.3,5.199999999999989,-152.5,225.32525440566084,-140.32525440566084,-12.174745594339155,False,-15:-10,225-250,83.52232316389792,rolling_5g,50.0,46.50053763130057,-2.8065050881132168,0.4012,0.5988,224.8877074502531,224.8136023855124,49.86609602112896,149.25224327018944,-149.25224327018944,-0.0988,0.0988,0.43578,0.5642199999999999,under,True,"[0.4, 0.45)"
2024-10-27T16:30:00Z,2024-10-27T16:25:38Z,2024-10-27T16:20:38Z,2024-10-27T16:30:38Z,e07e64de78a6095754d2a048255dadac,americanfootball_nfl,2024-10-27 17:00:00+00:00,Houston Texans,Indianapolis Colts,fanduel,FanDuel,2024-10-27T16:24:51Z,player_pass_yds,2024-10-27T16:26:00Z,Anthony Richardson,191.5,-110.0,-110,2024-10-27,HOU,IND,anthony richardson,2024,8,Anthony Richardson,IND,QB,175.0,45.0,0.0,0.0,175.0,False,False,-5.0,5.0,45.0,False,True,5.0,-5.0,False,True,False,20.0,122.33333333333331,156.6,-72.16666666666667,-45.1,48.34597535817572,58.12314513169432,0.0,0.2,156.6,-45.1,5.0,anthony richardson,Anthony Richardson Sr.,IND,28.5,16.2,195.7,1.0,0.6,7.2,36.5,0.3,0.3,16.2,-20.69999999999999,-4.199999999999989,-16.5,189.7799061235435,-14.779906123543498,-1.7200938764565024,False,-5:0,175-200,63.59685830662887,rolling_5g,58.12314513169432,58.12314513169432,-0.2542860695176674,0.48795,0.51205,189.60341105317016,189.76902835293376,58.23259719083291,104.93903063838508,-104.93903063838508,-0.012050000000000005,0.012050000000000005,0.4921675,0.5078325,pass,True,"[0.475, 0.5)"
2024-10-27T16:30:00Z,2024-10-27T16:25:38Z,2024-10-27T16:20:38Z,2024-10-27T16:30:38Z,e07e64de78a6095754d2a048255dadac,americanfootball_nfl,2024-10-27 17:00:00+00:00,Houston Texans,Indianapolis Colts,fanduel,FanDuel,2024-10-27T16:24:51Z,player_pass_yds,2024-10-27T16:26:00Z,C.J. Stroud,236.5,-110.0,-110,2024-10-27,HOU,IND,cj stroud,2024,8,C.J. Stroud,HOU,QB,285.0,-10.0,0.0,0.0,285.0,True,False,-5.0,5.0,45.0,True,False,-5.0,5.0,True,False,False,25.0,289.3333333333333,268.6,34.166666666666664,11.1,84.58329228242026,68.09038111216591,0.6666666666666666,0.4,262.8333333333333,2.0,6.0,cj stroud,C.J. Stroud,HOU,33.5,22.6,252.4,1.5,0.5,3.0,12.4,0.1,0.2,16.9,32.599999999999994,-15.900000000000006,48.5,244.8460604294466,40.153939570553405,8.346060429446595,True,5:10,225-250,83.52232316389792,rolling_5g,68.09038111216591,68.09038111216591,0.5897153006737831,0.5476,0.4524,244.8195765148282,245.08514787390862,67.68579794262533,-121.04332449160034,121.04332449160034,0.047599999999999976,-0.047599999999999976,0.53094,0.46906000000000003,pass,False,"[0.525, 0.55)"
2024-10-27T16:30:00Z,2024-10-27T16:25:38Z,2024-10-27T16:20:38Z,2024-10-27T16:30:38Z,7679451910267ad5cd8620cf63870aaa,americanfootball_nfl,2024-10-27 17:00:00+00:00,New England Patriots,New York Jets,fanduel,FanDuel,2024-10-27T16:24:51Z,player_pass_yds,2024-10-27T16:25:36Z,Drake Maye,203.5,-110.0,-110,2024-10-27,NE,NYJ,drake maye,2024,8,Drake Maye,NE,QB,23.0,46.0,0.0,0.0,23.0,False,False,7.0,-7.0,41.0,True,False,7.0,-7.0,False,True,False,17.0,259.5,259.5,76.0,76.0,23.33452377915607,23.33452377915607,1.0,1.0,259.5,76.0,2.0,drake maye,Drake Maye,NE,32.2,20.2,211.4,1.1,0.8,4.5,21.5,0.1,0.3,14.6,-188.4,-7.900000000000006,-180.5,205.02750087844083,-182.02750087844083,1.5275008784408328,False,0:5,200-225,69.4161154154068,bucket_fallback,69.4161154154068,69.4161154154068,-2.6222657345363367,0.51535,0.48465,205.52321493382482,206.23668606498683,68.46634275552226,-106.33446817290827,106.33446817290827,0.015349999999999975,-0.015349999999999975,0.5099775,0.4900225,pass,True,"[0.5, 0.525)"
2024-10-27T19:35:00Z,2024-10-27T19:30:38Z,2024-10-27T19:25:38Z,2024-10-27T19:35:37Z,9a263061dd1c784a20f393971744d176,americanfootball_nfl,2024-10-27 20:05:00+00:00,Seattle Seahawks,Buffalo Bills,fanduel,FanDuel,2024-10-27T19:30:08Z,player_pass_yds,2024-10-27T19:30:23Z,Josh Allen,227.5,-110.0,-110,2024-10-27,SEA,BUF,josh allen,2024,8,Josh Allen,BUF,QB,283.0,25.0,0.0,0.0,283.0,True,False,3.0,-3.0,45.5,False,True,-3.0,3.0,True,False,False,24.25,223.0,222.4,7.833333333333333,0.5,96.24967532412772,74.1201726927292,0.6666666666666666,0.6,211.8571428571429,-16.071428571428573,7.0,josh allen,Josh Allen,BUF,31.1,20.5,244.2,1.6,0.7,6.2,31.7,0.5,0.3,20.7,38.80000000000001,-16.69999999999999,55.5,236.88234851924545,46.117651480754574,9.382348519245426,True,5:10,225-250,83.52232316389792,rolling_5g,74.1201726927292,74.1201726927292,0.622201079751106,0.5493,0.4507,236.68682521374757,236.20396081990143,74.47509888179016,-121.87708009762592,121.87708009762592,0.04930000000000001,-0.04930000000000001,0.532045,0.467955,pass,False,"[0.525, 0.55)"
2024-10-27T19:35:00Z,2024-10-27T19:30:38Z,2024-10-27T19:25:38Z,2024-10-27T19:35:37Z,9a263061dd1c784a20f393971744d176,americanfootball_nfl,2024-10-27 20:05:00+00:00,Seattle Seahawks,Buffalo Bills,fanduel,FanDuel,2024-10-27T19:30:08Z,player_pass_yds,2024-10-27T19:30:23Z,Geno Smith,242.5,-110.0,-110,2024-10-27,SEA,BUF,geno smith,2024,8,Geno Smith,SEA,QB,212.0,16.0,0.0,0.0,212.0,False,False,3.0,-3.0,45.5,True,False,3.0,-3.0,False,True,False,21.25,267.6666666666667,297.4,11.833333333333334,46.5,54.37217425607822,67.38174827058141,0.6666666666666666,0.8,283.57142857142856,38.642857142857146,7.0,geno smith,Geno Smith,NYJ,36.3,24.4,253.5,1.4,0.9,5.0,18.5,0.1,0.2,17.0,-41.5,-11.0,-30.5,245.9143632466687,-33.9143632466687,3.4143632466686995,False,0:5,225-250,83.52232316389792,rolling_5g,67.38174827058141,67.38174827058141,-0.503316760355943,0.5215,0.4785,246.36795286353063,246.41990828360656,67.39939185943012,-108.98641588296759,108.98641588296762,0.021499999999999964,-0.02150000000000002,0.513975,0.486025,pass,True,"[0.5, 0.525)"
2024-10-27T19:35:00Z,2024-10-27T19:30:38Z,2024-10-27T19:25:38Z,2024-10-27T19:35:37Z,70c540bd6e70676319e44a7dd02cbd38,americanfootball_nfl,2024-10-27 20:05:00+00:00,Los Angeles Chargers,New Orleans Saints,fanduel,FanDuel,2024-10-27T19:30:08Z,player_pass_yds,2024-10-27T19:30:34Z,Justin Herbert,205.5,-105.0,-115,2024-10-27,LAC,NO,justin herbert,2024,8,Justin Herbert,LAC,QB,279.0,49.0,0.0,0.0,279.0,True,False,-7.0,7.0,41.5,True,False,-7.0,7.0,True,False,False,24.25,255.0,204.0,67.5,14.9,86.4175908018732,92.81163720137684,0.6666666666666666,0.4,194.0,-1.6666666666666667,6.0,justin herbert,Justin Herbert,LAC,32.1,20.5,227.6,1.4,0.7,3.0,13.3,0.1,0.2,15.4,51.400000000000006,-22.099999999999994,73.5,220.7606878229845,58.23931217701545,15.26068782298455,True,15:25,200-225,69.4161154154068,rolling_5g,92.81163720137684,92.81163720137684,0.6275001059473985,0.5651,0.4349,220.83524293193804,221.24633659554934,93.0376622781283,-129.93791676247415,129.93791676247412,0.06510000000000005,-0.06509999999999999,0.542315,0.457685,over,False,"[0.55, 0.6)"
2024-10-27T19:35:00Z,2024-10-27T19:30:38Z,2024-10-27T19:25:38Z,2024-10-27T19:35:37Z,70c540bd6e70676319e44a7dd02cbd38,americanfootball_nfl,2024-10-27 20:05:00+00:00,Los Angeles Chargers,New Orleans Saints,fanduel,FanDuel,2024-10-27T19:30:08Z,player_pass_yds,2024-10-27T19:30:34Z,Spencer Rattler,180.5,-115.0,-105,2024-10-27,LAC,NO,spencer rattler,2024,8,Spencer Rattler,NO,QB,156.0,0.0,0.0,0.0,156.0,False,False,-7.0,7.0,41.5,False,True,7.0,-7.0,False,True,False,17.25,207.5,207.5,25.5,25.5,50.20458146424488,50.20458146424488,0.5,0.5,207.5,25.5,2.0,spencer rattler,Spencer Rattler,NO,33.5,20.5,200.9,0.9,0.9,4.6,20.6,0.1,0.4,12.7,-44.900000000000006,-20.40000000000001,-24.5,194.83006489586617,-38.83006489586617,14.330064895866172,False,10:15,175-200,63.59685830662887,bucket_fallback,63.59685830662887,63.59685830662887,-0.6105657721117147,0.58535,0.41465,194.68650399951753,193.80337458956188,63.2628755933288,-141.16724948751963,141.1672494875196,0.08535000000000004,-0.08534999999999998,0.5554775000000001,0.4445225,over,True,"[0.55, 0.6)"
2024-10-27T19:55:00Z,2024-10-27T19:50:37Z,2024-10-27T19:45:37Z,2024-10-27T19:55:38Z,bba53e1026b6121c0255771479517a2f,americanfootball_nfl,2024-10-27 20:25:00+00:00,Denver Broncos,Carolina Panthers,fanduel,FanDuel,2024-10-27T19:50:22Z,player_pass_yds,2024-10-27T19:50:43Z,Bo Nix,201.5,-110.0,-110,2024-10-27,DEN,CAR,bo nix,2024,8,Bo Nix,DEN,QB,284.0,4.0,0.0,0.0,284.0,True,False,-13.0,13.0,40.5,True,False,-13.0,13.0,True,False,False,26.75,195.3333333333333,172.4,5.166666666666667,-15.7,27.592269448766523,66.39879516979205,0.6666666666666666,0.6,178.0,-9.785714285714286,7.0,bo nix,Bo Nix,DEN,30.4,19.5,216.5,1.4,0.8,7.4,32.8,0.3,0.2,18.1,67.5,-15.0,82.5,209.98054121283425,74.01945878716577,8.480541212834225,True,5:10,200-225,69.4161154154068,rolling_5g,66.39879516979205,66.39879516979205,1.114771112907794,0.54915,0.45085,210.0141609866852,210.04082637243243,66.82082217240178,-121.8032605079295,121.8032605079295,0.04915000000000003,-0.04915000000000003,0.5319475,0.4680525,pass,False,"[0.525, 0.55)"
2024-10-27T19:55:00Z,2024-10-27T19:50:37Z,2024-10-27T19:45:37Z,2024-10-27T19:55:38Z,bba53e1026b6121c0255771479517a2f,americanfootball_nfl,2024-10-27 20:25:00+00:00,Denver Broncos,Carolina Panthers,fanduel,FanDuel,2024-10-27T19:50:22Z,player_pass_yds,2024-10-27T19:50:43Z,Bryce Young,161.5,-110.0,-110,2024-10-27,DEN,CAR,bryce young,2024,8,Bryce Young,CAR,QB,224.0,6.0,0.0,0.0,224.0,True,False,-13.0,13.0,40.5,False,True,13.0,-13.0,False,True,False,13.75,122.5,122.5,-69.5,-69.5,54.44722215136416,54.44722215136416,0.0,0.0,122.5,-69.5,2.0,bryce young,Bryce Young,CAR,30.6,18.2,175.1,0.8,0.8,2.7,12.5,0.1,0.2,10.5,48.900000000000006,-13.599999999999994,62.5,169.7735079101113,54.226492089888666,8.273507910111334,True,5:10,0-175,52.752623496033685,bucket_fallback,52.752623496033685,52.752623496033685,1.0279392473052231,0.56345,0.43655,170.11850141728354,169.71624636414157,52.58406698847342,-129.0688351849731,129.0688351849731,0.06345,-0.06345,0.5412425,0.4587575,over,False,"[0.55, 0.6)"
2024-10-27T19:55:00Z,2024-10-27T19:50:37Z,2024-10-27T19:45:37Z,2024-10-27T19:55:38Z,ccc621108fb48382b825128007dc8120,americanfootball_nfl,2024-10-27 20:25:00+00:00,Las Vegas Raiders,Kansas City Chiefs,fanduel,FanDuel,2024-10-27T19:50:22Z,player_pass_yds,2024-10-27T19:50:42Z,Gardner Minshew,201.5,-110.0,-110,2024-10-27,LV,KC,gardner minshew,2024,8,Gardner Minshew,LV,QB,209.0,6.0,0.0,0.0,209.0,True,False,9.0,-9.0,42.0,True,False,9.0,-9.0,False,True,False,16.5,160.33333333333334,202.8,-37.16666666666666,0.5,46.608296829355744,67.17663284208282,0.0,0.4,202.8,0.5,5.0,gardner minshew,Gardner Minshew II,ARI,31.4,19.3,201.9,0.9,0.9,2.5,8.0,0.1,0.3,11.5,7.099999999999994,-0.4000000000000057,7.5,195.801249275159,13.198750724841004,-5.698750724841005,True,-10:-5,175-200,63.59685830662887,rolling_5g,67.17663284208282,67.17663284208282,0.1964783015526887,0.46755,0.53245,196.16509725608756,196.27459546494703,66.96360478607026,113.88086835632552,-113.88086835632552,-0.03244999999999998,0.03244999999999998,0.47890750000000004,0.5210925,pass,False,"[0.45, 0.475)"
2024-10-27T19:55:00Z,2024-10-27T19:50:37Z,2024-10-27T19:45:37Z,2024-10-27T19:55:38Z,ccc621108fb48382b825128007dc8120,americanfootball_nfl,2024-10-27 20:25:00+00:00,Las Vegas Raiders,Kansas City Chiefs,fanduel,FanDuel,2024-10-27T19:50:22Z,player_pass_yds,2024-10-27T19:50:42Z,Patrick Mahomes,235.5,-110.0,-110,2024-10-27,LV,KC,patrick mahomes,2024,8,Patrick Mahomes,KC,QB,262.0,17.0,0.0,0.0,262.0,True,False,9.0,-9.0,42.0,False,True,-9.0,9.0,True,False,False,25.5,243.3333333333333,219.6,1.1666666666666667,-33.7,88.51176946222087,74.28189550624028,0.3333333333333333,0.2,219.6,-33.7,5.0,patrick mahomes,Patrick Mahomes II,KC,31.4,21.3,238.7,1.3,0.6,4.5,23.2,0.1,0.2,16.8,23.30000000000001,-3.1999999999999886,26.5,231.5408344331349,30.459165566865096,-3.959165566865096,True,-5:0,225-250,83.52232316389792,rolling_5g,74.28189550624028,74.28189550624028,0.4100483079932482,0.48145,0.51855,232.26400574322986,232.12002310846367,73.69351630979101,107.7058884619379,-107.70588846193787,-0.01855000000000001,0.018549999999999955,0.4879425,0.5120574999999999,pass,False,"[0.475, 0.5)"
2024-10-27T23:50:00Z,2024-10-27T23:45:38Z,2024-10-27T23:40:38Z,2024-10-27T23:50:38Z,ef27be93158f43d94f94035d2af7096f,americanfootball_nfl,2024-10-28 00:20:00+00:00,San Francisco 49ers,Dallas Cowboys,fanduel,FanDuel,2024-10-27T23:45:16Z,player_pass_yds,2024-10-27T23:45:10Z,Brock Purdy,236.5,-110.0,-110,2024-10-27,SF,DAL,brock purdy,2024,8,Brock Purdy,SF,QB,260.0,56.0,0.0,0.0,260.0,True,False,-5.5,5.5,48.0,True,False,-5.5,5.5,True,False,False,26.75,237.0,258.2,-18.83333333333333,10.1,22.338307903688648,33.07869404919124,0.3333333333333333,0.6,263.0,15.642857142857142,7.0,brock purdy,Brock Purdy,SF,31.5,21.0,261.4,1.6,0.8,4.9,18.0,0.2,0.2,18.5,-1.3999999999999773,-24.899999999999977,23.5,253.586719843082,6.413280156918034,17.086719843081966,True,15:25,250-275,66.76327241271723,rolling_5g,50.0,33.07869404919124,0.1282656031383601,0.63385,0.36615,253.3303578216166,253.1810783880074,49.796517947894905,-173.1121125221904,173.1121125221904,0.13385000000000002,-0.13385000000000002,0.5870025,0.41299749999999996,pass,False,"[0.6, 1.0)"
2024-10-27T23:50:00Z,2024-10-27T23:45:38Z,2024-10-27T23:40:38Z,2024-10-27T23:50:38Z,ef27be93158f43d94f94035d2af7096f,americanfootball_nfl,2024-10-28 00:20:00+00:00,San Francisco 49ers,Dallas Cowboys,fanduel,FanDuel,2024-10-27T23:45:16Z,player_pass_yds,2024-10-27T23:45:10Z,Dak Prescott,250.5,-110.0,-110,2024-10-27,SF,DAL,dak prescott,2024,8,Dak Prescott,DAL,QB,243.0,-1.0,0.0,0.0,243.0,False,False,-5.5,5.5,48.0,False,True,5.5,-5.5,False,True,False,21.25,250.3333333333333,284.6,-10.833333333333334,24.3,90.6329594205846,85.04880951547764,0.3333333333333333,0.6,267.0,8.666666666666666,6.0,dak prescott,Dak Prescott,DAL,36.0,23.2,252.9,1.4,0.9,2.1,9.5,0.1,0.2,15.9,-9.900000000000006,-2.4000000000000057,-7.5,245.331652619093,-2.3316526190930063,-5.168347380906994,False,-10:-5,225-250,83.52232316389792,rolling_5g,85.04880951547764,85.04880951547764,-0.0274154645123948,0.4782,0.5218,245.93306234448963,245.61537509529168,85.16084968380922,109.11752404851528,-109.11752404851529,-0.021799999999999986,0.02180000000000004,0.48583,0.51417,pass,True,"[0.475, 0.5)"
2024-10-28T23:50:00Z,2024-10-28T23:45:39Z,2024-10-28T23:40:39Z,2024-10-28T23:50:39Z,86278ec4bbdcadd945d79df6c695c2ec,americanfootball_nfl,2024-10-29 00:15:00+00:00,Pittsburgh Steelers,New York Giants,fanduel,FanDuel,2024-10-28T23:45:18Z,player_pass_yds,2024-10-28T23:44:22Z,Daniel Jones,188.5,-110.0,-110,2024-10-28,PIT,NYG,daniel jones,2024,8,Daniel Jones,NYG,QB,264.0,1.0,0.0,0.0,264.0,True,False,-6.0,6.0,37.5,False,True,6.0,-6.0,False,True,False,15.75,247.66666666666663,231.4,48.16666666666666,34.3,38.85013942488925,40.88153617465959,0.6666666666666666,0.6,223.8333333333333,24.166666666666668,6.0,daniel jones,Daniel Jones,IND,33.1,20.7,214.2,1.0,0.7,6.3,27.3,0.1,0.2,14.7,49.80000000000001,-25.69999999999999,75.5,207.7468171404607,56.253182859539294,19.246817140460703,True,15:25,200-225,69.4161154154068,rolling_5g,50.0,40.88153617465959,1.125063657190786,0.6512,0.3488,207.95168673242958,208.27090769863878,50.07208184193654,-186.69724770642202,186.69724770642202,0.1512,-0.1512,0.59828,0.40171999999999997,pass,False,"[0.6, 1.0)"
2024-10-31T23:45:00Z,2024-10-31T23:40:39Z,2024-10-31T23:35:39Z,2024-10-31T23:45:39Z,edde9aeb8a9114f38b30b45c7cffbfa8,americanfootball_nfl,2024-11-01 00:15:00+00:00,New York Jets,Houston Texans,fanduel,FanDuel,2024-10-31T23:40:32Z,player_pass_yds,2024-10-31T23:41:06Z,C.J. Stroud,222.5,-110.0,-110,2024-10-31,NYJ,HOU,cj stroud,2024,9,C.J. Stroud,HOU,QB,191.0,59.0,0.0,0.0,191.0,False,False,-2.5,2.5,43.5,False,True,2.5,-2.5,False,True,False,20.5,269.3333333333333,273.6,24.83333333333333,21.1,70.81195755896975,68.21876574667708,0.6666666666666666,0.6,266.0,8.642857142857142,7.0,cj stroud,C.J. Stroud,HOU,33.2,21.0,239.0,1.3,0.5,2.8,11.1,0.1,0.2,15.6,-48.0,-16.5,-31.5,231.83218974692275,-40.83218974692275,9.33218974692275,False,5:10,225-250,83.52232316389792,rolling_5g,68.21876574667708,68.21876574667708,-0.5985477646803025,0.55075,0.44925,231.64671067751735,231.10652739451604,68.17664587501436,-122.59321090706732,122.59321090706736,0.05074999999999996,-0.05075000000000002,0.5329875,0.4670125,over,True,"[0.55, 0.6)"
2024-11-03T17:30:00Z,2024-11-03T17:25:37Z,2024-11-03T17:20:38Z,2024-11-03T17:30:38Z,db18946165af62532b19d4c509d7ba56,americanfootball_nfl,2024-11-03 18:00:00+00:00,Atlanta Falcons,Dallas Cowboys,fanduel,FanDuel,2024-11-03T17:25:30Z,player_pass_yds,2024-11-03T17:25:00Z,Kirk Cousins,254.5,-110.0,-110,2024-11-03,ATL,DAL,kirk cousins,2024,9,Kirk Cousins,ATL,QB,222.0,-11.0,0.0,0.0,222.0,False,False,-3.0,3.0,52.0,True,False,-3.0,3.0,True,False,False,27.5,244.3333333333333,296.0,-10.166666666666666,52.3,27.64657905299188,120.69589885327504,0.3333333333333333,0.6,263.25,23.0,8.0,kirk cousins,Kirk Cousins,LV,34.6,22.9,270.1,1.8,0.8,1.4,4.9,0.1,0.2,17.6,-48.10000000000002,-15.600000000000025,-32.5,262.03602394292955,-40.036023942929546,7.536023942929546,False,5:10,250-275,66.76327241271723,rolling_5g,115.0,120.69589885327504,-0.3481393386341699,0.52745,0.47255,262.8429671349408,262.2709936599018,115.56888524664137,-111.61781822029414,111.61781822029414,0.027449999999999974,-0.027449999999999974,0.5178425,0.4821575,pass,True,"[0.525, 0.55)"
2024-11-03T17:30:00Z,2024-11-03T17:25:37Z,2024-11-03T17:20:38Z,2024-11-03T17:30:38Z,db18946165af62532b19d4c509d7ba56,americanfootball_nfl,2024-11-03 18:00:00+00:00,Atlanta Falcons,Dallas Cowboys,fanduel,FanDuel,2024-11-03T17:25:30Z,player_pass_yds,2024-11-03T17:25:00Z,Dak Prescott,266.5,-110.0,-110,2024-11-03,ATL,DAL,dak prescott,2024,9,Dak Prescott,DAL,QB,133.0,30.0,0.0,0.0,133.0,False,False,-3.0,3.0,52.0,False,True,3.0,-3.0,False,True,False,24.5,257.6666666666667,274.6,-0.5,16.3,87.92231419459644,86.73695867391247,0.3333333333333333,0.4,263.57142857142856,6.357142857142857,7.0,dak prescott,Dak Prescott,DAL,36.6,25.1,260.1,1.7,0.9,1.7,9.0,0.1,0.2,17.2,-127.10000000000002,6.399999999999977,-133.5,252.32418015000133,-119.32418015000135,-14.175819849998646,False,-15:-10,250-275,66.76327241271723,rolling_5g,86.73695867391247,86.73695867391247,-1.3757016844295924,0.4316,0.5684,251.6218146484533,251.4177271120501,86.64578378531769,131.69601482854497,-131.69601482854497,-0.06840000000000002,0.06840000000000002,0.45554,0.54446,under,True,"[0.4, 0.45)"
2024-11-03T17:30:00Z,2024-11-03T17:25:37Z,2024-11-03T17:20:38Z,2024-11-03T17:30:38Z,7c2d09c53f3c271b20f53db0b21f1498,americanfootball_nfl,2024-11-03 18:00:00+00:00,Buffalo Bills,Miami Dolphins,fanduel,FanDuel,2024-11-03T17:25:30Z,player_pass_yds,2024-11-03T17:25:40Z,Tua Tagovailoa,241.5,-110.0,-110,2024-11-03,BUF,MIA,tua tagovailoa,2024,9,Tua Tagovailoa,MIA,QB,231.0,3.0,0.0,0.0,231.0,False,False,-6.5,6.5,49.0,False,True,6.5,-6.5,False,True,False,21.25,239.0,239.0,-25.166666666666668,-25.166666666666668,96.59710140578754,96.59710140578754,0.3333333333333333,0.3333333333333333,239.0,-25.166666666666668,3.0,tua tagovailoa,Tua Tagovailoa,ATL,35.0,23.6,258.1,1.4,0.9,2.7,7.7,0.1,0.3,15.6,-27.100000000000023,-16.600000000000023,-10.5,250.3818113914157,-19.38181139141571,8.88181139141571,False,5:10,250-275,66.76327241271723,rolling_3g,96.59710140578754,96.59710140578754,-0.2006458900872823,0.53425,0.46575,250.33704023913546,249.61125983578575,95.21091158434466,-114.70746108427268,114.70746108427268,0.03425,-0.03425,0.5222625,0.4777375,pass,True,"[0.525, 0.55)"
2024-11-03T17:30:00Z,2024-11-03T17:25:37Z,2024-11-03T17:20:38Z,2024-11-03T17:30:38Z,7c2d09c53f3c271b20f53db0b21f1498,americanfootball_nfl,2024-11-03 18:00:00+00:00,Buffalo Bills,Miami Dolphins,fanduel,FanDuel,2024-11-03T17:25:30Z,player_pass_yds,2024-11-03T17:25:40Z,Josh Allen,237.5,-110.0,-110,2024-11-03,BUF,MIA,josh allen,2024,9,Josh Allen,BUF,QB,235.0,7.0,0.0,0.0,235.0,False,False,-6.5,6.5,49.0,True,False,-6.5,6.5,True,False,False,27.75,273.6666666666667,226.4,59.5,5.5,54.60158727851538,77.32916655441205,1.0,0.6,220.75,-7.125,8.0,josh allen,Josh Allen,BUF,32.7,21.2,249.7,1.8,0.8,6.2,32.7,0.5,0.3,21.9,-14.699999999999989,-12.199999999999989,-2.5,242.22386260535595,-7.223862605355947,4.723862605355947,False,0:5,225-250,83.52232316389792,rolling_5g,77.32916655441205,77.32916655441205,-0.0934170498303888,0.5209,0.4791,242.18855462009205,241.5991505214442,77.657916957342,-108.72469213107912,108.72469213107908,0.02090000000000003,-0.020899999999999974,0.5135850000000001,0.48641500000000004,pass,True,"[0.5, 0.525)"
2024-11-03T17:30:00Z,2024-11-03T17:25:37Z,2024-11-03T17:20:38Z,2024-11-03T17:30:38Z,3de2d54334c462aa393418b75994fee1,americanfootball_nfl,2024-11-03 18:00:00+00:00,Carolina Panthers,New Orleans Saints,fanduel,FanDuel,2024-11-03T17:25:30Z,player_pass_yds,2024-11-03T17:22:24Z,Bryce Young,182.5,-110.0,-110,2024-11-03,CAR,NO,bryce young,2024,9,Bryce Young,CAR,QB,171.0,9.0,0.0,0.0,171.0,False,False,7.0,-7.0,43.5,True,False,7.0,-7.0,False,True,False,18.25,156.33333333333334,156.33333333333334,-25.5,-25.5,70.1165696061447,70.1165696061447,0.3333333333333333,0.3333333333333333,156.33333333333334,-25.5,3.0,bryce young,Bryce Young,CAR,30.9,18.2,194.5,1.0,0.8,1.8,10.8,0.1,0.2,12.1,-23.5,-12.0,-11.5,188.6144848683921,-17.61448486839211,6.114484868392111,False,5:10,175-200,63.59685830662887,rolling_3g,70.1165696061447,70.1165696061447,-0.2512171512002843,0.53435,0.46565,188.5200406288245,188.31278174666875,69.65928596929035,-114.75357027810588,114.75357027810588,0.03434999999999999,-0.03434999999999999,0.5223275,0.4776725,pass,True,"[0.525, 0.55)"
2024-11-03T17:30:00Z,2024-11-03T17:25:37Z,2024-11-03T17:20:38Z,2024-11-03T17:30:38Z,3d24ae93125568c136d57ff911a4d2e4,americanfootball_nfl,2024-11-03 18:00:00+00:00,Cincinnati Bengals,Las Vegas Raiders,fanduel,FanDuel,2024-11-03T17:25:30Z,player_pass_yds,2024-11-03T17:25:08Z,Gardner Minshew,213.5,-110.0,-110,2024-11-03,CIN,LV,gardner minshew,2024,9,Gardner Minshew,LV,QB,124.0,0.0,0.0,0.0,124.0,False,False,-8.0,8.0,45.0,False,True,8.0,-8.0,False,True,False,18.5,158.66666666666666,193.2,-34.166666666666664,-5.7,43.730233629988,60.602805215600384,0.3333333333333333,0.4,203.8333333333333,1.6666666666666667,6.0,gardner minshew,Gardner Minshew II,ARI,31.7,20.0,217.5,1.1,0.8,2.5,9.4,0.1,0.3,12.9,-93.5,-4.0,-89.5,210.95172559212705,-86.95172559212705,-2.5482744078729525,False,-5:0,200-225,69.4161154154068,rolling_5g,60.602805215600384,60.602805215600384,-1.4347805399896558,0.4875,0.5125,211.27399092555885,211.71201942858906,60.68967357399069,105.12820512820511,-105.12820512820511,-0.012500000000000011,0.012499999999999956,0.491875,0.5081249999999999,pass,True,"[0.475, 0.5)"
2024-11-03T17:30:00Z,2024-11-03T17:25:37Z,2024-11-03T17:20:38Z,2024-11-03T17:30:38Z,3d24ae93125568c136d57ff911a4d2e4,americanfootball_nfl,2024-11-03 18:00:00+00:00,Cincinnati Bengals,Las Vegas Raiders,fanduel,FanDuel,2024-11-03T17:25:30Z,player_pass_yds,2024-11-03T17:25:08Z,Joe Burrow,257.5,-110.0,-110,2024-11-03,CIN,LV,joe burrow,2024,9,Joe Burrow,CIN,QB,251.0,11.0,0.0,0.0,251.0,False,False,-8.0,8.0,45.0,True,False,-8.0,8.0,True,False,False,26.5,207.0,240.6,-47.16666666666666,-11.5,25.514701644346147,54.65162394659468,0.0,0.4,227.8333333333333,-23.166666666666668,6.0,joe burrow,Joe Burrow,CIN,34.1,23.6,256.9,1.8,0.5,3.5,12.9,0.1,0.2,18.7,-5.899999999999977,0.6000000000000227,-6.5,249.21639013626427,1.7836098637357338,-8.283609863735734,False,-10:-5,225-250,83.52232316389792,rolling_5g,54.65162394659468,54.65162394659468,0.0326359902036702,0.43745,0.56255,248.53247575612477,248.70257934036064,54.6602892170279,128.59755400617215,-128.59755400617215,-0.06255,0.06255,0.4593425,0.5406575,under,True,"[0.4, 0.45)"
2024-11-03T17:30:00Z,2024-11-03T17:25:37Z,2024-11-03T17:20:38Z,2024-11-03T17:30:38Z,fc022a0b74f3182e2da491dfe4276301,americanfootball_nfl,2024-11-03 18:00:00+00:00,Cleveland Browns,Los Angeles Chargers,fanduel,FanDuel,2024-11-03T17:25:30Z,player_pass_yds,2024-11-03T17:25:40Z,Justin Herbert,226.5,-110.0,-110,2024-11-03,CLE,LAC,justin herbert,2024,9,Justin Herbert,LAC,QB,282.0,2.0,0.0,0.0,282.0,True,False,2.0,-2.0,42.5,False,True,-2.0,2.0,True,False,False,22.25,288.3333333333333,233.8,92.83333333333331,44.3,56.58032638058332,86.84008291106129,1.0,0.6,206.1428571428572,9.071428571428571,7.0,justin herbert,Justin Herbert,LAC,33.2,21.0,231.1,1.3,0.4,3.5,13.7,0.1,0.2,15.6,50.900000000000006,-4.599999999999994,55.5,224.15983315050943,57.840166849490544,-2.340166849490544,True,-5:0,200-225,69.4161154154068,rolling_5g,86.84008291106129,86.84008291106129,0.6660537957883865,0.4914,0.5086,224.69122978245528,224.46702372888353,87.41441940121773,103.50020350020348,-103.50020350020353,-0.008599999999999997,0.008600000000000052,0.49441,0.50559,pass,False,"[0.475, 0.5)"
2024-11-03T17:30:00Z,2024-11-03T17:25:37Z,2024-11-03T17:20:38Z,2024-11-03T17:30:38Z,fc022a0b74f3182e2da491dfe4276301,americanfootball_nfl,2024-11-03 18:00:00+00:00,Cleveland Browns,Los Angeles Chargers,fanduel,FanDuel,2024-11-03T17:25:30Z,player_pass_yds,2024-11-03T17:25:40Z,Jameis Winston,241.5,-110.0,-110,2024-11-03,CLE,LAC,jameis winston,2024,9,Jameis Winston,CLE,QB,235.0,27.0,0.0,0.0,235.0,False,False,2.0,-2.0,42.5,True,False,2.0,-2.0,False,True,False,20.25,,,,,,,,,,,0.0,jameis winston,Jameis Winston,NYG,34.0,20.6,242.6,1.4,0.9,2.1,9.2,0.1,0.3,14.9,-7.599999999999994,-1.0999999999999943,-6.5,235.3284535123769,-0.3284535123769103,-6.17154648762309,False,-10:-5,225-250,83.52232316389792,bucket_fallback,83.52232316389792,83.52232316389792,-0.0039325236647498,0.4723,0.5277,235.41307964562253,235.58391720665992,83.78104791825089,111.72983273343215,-111.72983273343212,-0.027700000000000002,0.027699999999999947,0.481995,0.5180049999999999,pass,True,"[0.45, 0.475)"
2024-11-03T17:30:00Z,2024-11-03T17:25:37Z,2024-11-03T17:20:38Z,2024-11-03T17:30:38Z,d555bf749139691c613e4aec350592c1,americanfootball_nfl,2024-11-04 01:20:00+00:00,Minnesota Vikings,Indianapolis Colts,fanduel,FanDuel,2024-11-03T17:25:30Z,player_pass_yds,2024-11-03T17:23:03Z,Joe Flacco,239.5,-110.0,-110,2024-11-03,MIN,IND,joe flacco,2024,9,Joe Flacco,IND,QB,179.0,-1.0,0.0,0.0,179.0,False,False,-6.5,6.5,47.0,False,True,6.5,-6.5,False,True,False,20.25,274.0,274.0,31.5,31.5,120.20815280171308,120.20815280171308,0.5,0.5,274.0,31.5,2.0,joe flacco,Joe Flacco,CIN,34.1,21.1,238.3,1.4,0.6,1.6,5.7,0.0,0.2,14.8,-59.30000000000001,1.1999999999999886,-60.5,231.15236068141772,-52.152360681417775,-8.347639318582225,False,-10:-5,225-250,83.52232316389792,bucket_fallback,83.52232316389792,83.52232316389792,-0.6244122374215798,0.4586,0.5414,231.27036844851673,230.50357572369631,83.31046831631811,118.05494984736153,-118.05494984736153,-0.04139999999999999,0.04139999999999999,0.47309,0.52691,pass,True,"[0.45, 0.475)"
2024-11-03T17:30:00Z,2024-11-03T17:25:37Z,2024-11-03T17:20:38Z,2024-11-03T17:30:38Z,d555bf749139691c613e4aec350592c1,americanfootball_nfl,2024-11-04 01:20:00+00:00,Minnesota Vikings,Indianapolis Colts,fanduel,FanDuel,2024-11-03T17:25:30Z,player_pass_yds,2024-11-03T17:23:03Z,Sam Darnold,253.5,-110.0,-110,2024-11-03,MIN,IND,sam darnold,2024,9,Sam Darnold,MIN,QB,290.0,14.0,0.0,0.0,290.0,True,False,-6.5,6.5,47.0,True,False,-6.5,6.5,True,False,False,26.75,226.0,226.8,-15.166666666666666,-10.5,41.79712908801273,44.4882006828777,0.0,0.2,230.0,-5.785714285714286,7.0,sam darnold,Sam Darnold,SEA,32.9,21.8,253.7,1.6,0.7,4.4,14.8,0.1,0.3,17.7,36.30000000000001,-0.1999999999999886,36.5,246.10860012252724,43.891399877472765,-7.3913998774727645,True,-10:-5,225-250,83.52232316389792,rolling_5g,50.0,44.4882006828777,0.8778279975494553,0.4463,0.5537,246.48263570584785,246.82968948366084,50.29017635344095,124.06453058480844,-124.06453058480841,-0.053700000000000025,0.05369999999999997,0.465095,0.534905,under,False,"[0.4, 0.45)"
2024-11-03T17:30:00Z,2024-11-03T17:25:37Z,2024-11-03T17:20:38Z,2024-11-03T17:30:38Z,31f1bb5fbbc8c3d9b8719357fa40941e,americanfootball_nfl,2024-11-03 18:00:00+00:00,Tennessee Titans,New England Patriots,fanduel,FanDuel,2024-11-03T17:25:30Z,player_pass_yds,2024-11-03T17:25:51Z,Drake Maye,194.5,-110.0,-110,2024-11-03,TEN,NE,drake maye,2024,9,Drake Maye,NE,QB,206.0,95.0,0.0,0.0,206.0,True,False,-3.0,3.0,38.5,False,True,3.0,-3.0,False,True,False,17.75,180.66666666666663,180.66666666666663,-9.5,-9.5,137.53666177908104,137.53666177908104,0.6666666666666666,0.6666666666666666,180.66666666666663,-9.5,3.0,drake maye,Drake Maye,NE,31.0,19.9,201.5,1.0,0.5,4.4,21.6,0.1,0.2,14.2,4.5,-7.0,11.5,195.4127755234419,10.587224476558134,0.9127755234418656,True,0:5,175-200,63.59685830662887,rolling_3g,115.0,137.53666177908104,0.0920628215352878,0.5057,0.4943,195.52211116411522,196.1259313824748,115.20349917287425,-102.3062917256727,102.30629172567268,0.005700000000000038,-0.005699999999999983,0.5037050000000001,0.496295,pass,False,"[0.5, 0.525)"
2024-11-03T17:30:00Z,2024-11-03T17:25:37Z,2024-11-03T17:20:38Z,2024-11-03T17:30:38Z,5791e31f6f4b95476889c4854b508faf,americanfootball_nfl,2024-11-03 18:00:00+00:00,New York Giants,Washington Commanders,fanduel,FanDuel,2024-11-03T17:25:30Z,player_pass_yds,2024-11-03T17:25:52Z,Jayden Daniels,221.5,-110.0,-110,2024-11-03,NYG,WAS,jayden daniels,2024,9,Jayden Daniels,WAS,QB,209.0,35.0,0.0,0.0,209.0,False,False,4.5,-4.5,44.5,False,True,-4.5,4.5,True,False,False,24.5,159.0,191.4,-59.16666666666666,-17.9,132.52546925025393,104.15277240669111,0.6666666666666666,0.8,190.16666666666663,-19.5,6.0,jayden daniels,Jayden Daniels,WSH,30.6,21.0,229.6,1.3,0.5,9.5,53.7,0.5,0.2,21.7,-20.599999999999994,-8.099999999999994,-12.5,222.7030565815702,-13.703056581570197,1.2030565815701948,False,0:5,200-225,69.4161154154068,rolling_5g,104.15277240669111,104.15277240669111,-0.1315668922192787,0.50575,0.49425,222.74620397518194,223.06973590784332,102.44472683073576,-102.32675771370765,102.32675771370761,0.005750000000000033,-0.005749999999999977,0.5037375000000001,0.4962625,pass,True,"[0.5, 0.525)"
2024-11-03T17:30:00Z,2024-11-03T17:25:37Z,2024-11-03T17:20:38Z,2024-11-03T17:30:38Z,5791e31f6f4b95476889c4854b508faf,americanfootball_nfl,2024-11-03 18:00:00+00:00,New York Giants,Washington Commanders,fanduel,FanDuel,2024-11-03T17:25:30Z,player_pass_yds,2024-11-03T17:25:52Z,Daniel Jones,195.5,-110.0,-110,2024-11-03,NYG,WAS,daniel jones,2024,9,Daniel Jones,NYG,QB,174.0,54.0,0.0,0.0,174.0,False,False,4.5,-4.5,44.5,True,False,4.5,-4.5,False,True,False,20.0,242.0,248.6,46.833333333333336,55.5,32.233522922572405,29.22841083603418,0.6666666666666666,0.8,229.57142857142856,31.5,7.0,daniel jones,Daniel Jones,IND,33.4,21.1,222.5,1.1,0.8,5.7,27.3,0.1,0.2,15.6,-48.5,-27.0,-21.5,215.8076474885912,-41.80764748859116,20.30764748859116,False,15:25,200-225,69.4161154154068,rolling_5g,50.0,29.22841083603418,-0.8361529497718238,0.65765,0.34235,215.7459666957873,215.71017615368126,49.943883539679504,-192.09872937052722,192.09872937052725,0.15764999999999996,-0.15765,0.6024725,0.3975275,pass,True,"[0.6, 1.0)"
2024-11-03T20:35:00Z,2024-11-03T20:30:38Z,2024-11-03T20:25:38Z,2024-11-03T20:35:38Z,597e7fb5542c56bda7f1a73402cd47e0,americanfootball_nfl,2024-11-03 21:05:00+00:00,Arizona Cardinals,Chicago Bears,fanduel,FanDuel,2024-11-03T20:29:33Z,player_pass_yds,2024-11-03T20:29:54Z,Caleb Williams,223.5,-110.0,-110,2024-11-03,ARI,CHI,caleb williams,2024,9,Caleb Williams,CHI,QB,217.0,5.0,0.0,0.0,217.0,False,False,-1.5,1.5,44.5,False,True,1.5,-1.5,False,True,False,21.5,220.3333333333333,236.2,-4.833333333333333,14.1,86.6390981793632,97.6201823395142,0.3333333333333333,0.4,206.8571428571429,-16.5,7.0,caleb williams,Caleb Williams,CHI,32.2,21.0,227.7,1.3,0.8,5.6,26.0,0.1,0.2,16.5,-10.699999999999989,-4.199999999999989,-6.5,220.85780626091383,-3.857806260913833,-2.642193739086167,False,-5:0,200-225,69.4161154154068,rolling_5g,97.6201823395142,97.6201823395142,-0.0395185316034007,0.4924,0.5076,221.15098413342497,221.45848752446398,97.86369360456167,103.08692120227458,-103.0869212022746,-0.007599999999999996,0.007600000000000051,0.49506,0.50494,pass,True,"[0.475, 0.5)"
2024-11-03T20:35:00Z,2024-11-03T20:30:38Z,2024-11-03T20:25:38Z,2024-11-03T20:35:38Z,597e7fb5542c56bda7f1a73402cd47e0,americanfootball_nfl,2024-11-03 21:05:00+00:00,Arizona Cardinals,Chicago Bears,fanduel,FanDuel,2024-11-03T20:29:33Z,player_pass_yds,2024-11-03T20:29:54Z,Kyler Murray,220.5,-110.0,-110,2024-11-03,ARI,CHI,kyler murray,2024,9,Kyler Murray,ARI,QB,154.0,6.0,0.0,0.0,154.0,False,False,-1.5,1.5,44.5,True,False,-1.5,1.5,True,False,False,23.0,215.66666666666663,199.2,2.5,-22.7,82.95380240431017,66.91188235283775,0.3333333333333333,0.2,203.42857142857144,-18.928571428571427,7.0,kyler murray,Kyler Murray,MIN,30.3,19.8,212.2,1.4,0.5,6.3,39.5,0.3,0.2,18.6,-58.19999999999999,8.300000000000011,-66.5,205.80444838187503,-51.80444838187506,-14.695551618124938,False,-15:-10,200-225,69.4161154154068,rolling_5g,66.91188235283775,66.91188235283775,-0.7742189662024654,0.41205,0.58795,205.56586150758298,204.8836592668149,67.11397167856765,142.68899405411963,-142.68899405411963,-0.08794999999999997,0.08794999999999997,0.4428325,0.5571675,under,True,"[0.4, 0.45)"
2024-11-03T20:55:00Z,2024-11-03T20:50:38Z,2024-11-03T20:45:38Z,2024-11-03T20:55:38Z,8baadfa082af81fe72b1cfd941d96edf,americanfootball_nfl,2024-11-03 21:25:00+00:00,Seattle Seahawks,Los Angeles Rams,fanduel,FanDuel,2024-11-03T20:50:02Z,player_pass_yds,2024-11-03T20:49:46Z,Geno Smith,247.5,-110.0,-110,2024-11-03,SEA,LAR,geno smith,2024,9,Geno Smith,SEA,QB,363.0,16.0,0.0,0.0,363.0,True,False,1.5,-1.5,48.5,True,False,1.5,-1.5,False,True,False,23.5,243.66666666666663,282.0,-9.166666666666666,29.5,59.23118547972288,77.77853174237734,0.3333333333333333,0.6,274.625,30.0,8.0,geno smith,Geno Smith,NYJ,35.8,24.0,261.3,1.4,0.9,4.4,16.6,0.1,0.2,17.4,101.7,-13.800000000000011,115.5,253.4896014051528,109.51039859484726,5.98960140515274,True,5:10,250-275,66.76327241271723,rolling_5g,77.77853174237734,77.77853174237734,1.4079771903842833,0.531,0.469,253.50400494062612,253.87674307613972,78.08188952412515,-113.21961620469084,113.21961620469084,0.031000000000000028,-0.031000000000000028,0.52015,0.47985,pass,False,"[0.525, 0.55)"
2024-11-03T20:55:00Z,2024-11-03T20:50:38Z,2024-11-03T20:45:38Z,2024-11-03T20:55:38Z,8baadfa082af81fe72b1cfd941d96edf,americanfootball_nfl,2024-11-03 21:25:00+00:00,Seattle Seahawks,Los Angeles Rams,fanduel,FanDuel,2024-11-03T20:50:02Z,player_pass_yds,2024-11-03T20:49:46Z,Matthew Stafford,241.5,-110.0,-110,2024-11-03,SEA,LAR,matthew stafford,2024,9,Matthew Stafford,LAR,QB,298.0,0.0,0.0,0.0,298.0,True,False,1.5,-1.5,48.5,False,True,-1.5,1.5,True,False,False,25.0,219.0,218.8,-8.5,-11.9,62.64982043070834,44.336215445164015,0.6666666666666666,0.6,235.16666666666663,-2.6666666666666665,6.0,matthew stafford,Matthew Stafford,LAR,32.4,22.1,253.5,1.5,0.6,0.9,3.4,0.0,0.2,16.0,44.5,-12.0,56.5,245.9143632466687,52.0856367533313,4.4143632466687,True,0:5,225-250,83.52232316389792,rolling_5g,50.0,44.336215445164015,1.041712735066626,0.53575,0.46425,245.6545421338315,245.71856492976943,49.89167023806016,-115.40118470651586,115.40118470651588,0.03574999999999995,-0.035750000000000004,0.5232375,0.4767625,pass,False,"[0.525, 0.55)"
2024-11-05T00:45:00Z,2024-11-05T00:40:39Z,2024-11-05T00:35:39Z,2024-11-05T00:45:39Z,8f751d18969af50ec341e0b282e5b4d6,americanfootball_nfl,2024-11-05 01:15:00+00:00,Kansas City Chiefs,Tampa Bay Buccaneers,fanduel,FanDuel,2024-11-05T00:40:35Z,player_pass_yds,2024-11-05T00:40:58Z,Baker Mayfield,239.5,-110.0,-110,2024-11-04,KC,TB,baker mayfield,2024,9,Baker Mayfield,TB,QB,200.0,20.0,0.0,0.0,200.0,False,False,-9.0,9.0,45.5,False,True,9.0,-9.0,False,True,False,18.25,278.3333333333333,269.0,44.833333333333336,37.1,85.19585279421375,89.57957356451303,0.6666666666666666,0.6,259.85714285714283,21.214285714285715,7.0,baker mayfield,Baker Mayfield,TB,34.3,23.3,249.2,1.5,1.2,3.7,12.8,0.1,0.3,16.2,-49.19999999999999,-9.699999999999989,-39.5,241.7382704157096,-41.738270415709536,2.238270415709536,False,0:5,225-250,83.52232316389792,rolling_5g,89.57957356451303,89.57957356451303,-0.4659351318037998,0.5116,0.4884,241.5849941360256,242.21566881050967,90.18292320683844,-104.75020475020477,104.75020475020476,0.011600000000000055,-0.0116,0.50754,0.49246,pass,True,"[0.5, 0.525)"
2024-11-05T00:45:00Z,2024-11-05T00:40:39Z,2024-11-05T00:35:39Z,2024-11-05T00:45:39Z,8f751d18969af50ec341e0b282e5b4d6,americanfootball_nfl,2024-11-05 01:15:00+00:00,Kansas City Chiefs,Tampa Bay Buccaneers,fanduel,FanDuel,2024-11-05T00:40:35Z,player_pass_yds,2024-11-05T00:40:58Z,Patrick Mahomes,250.5,-110.0,-110,2024-11-04,KC,TB,patrick mahomes,2024,9,Patrick Mahomes,KC,QB,291.0,9.0,0.0,0.0,291.0,True,False,-9.0,9.0,45.5,True,False,-9.0,9.0,True,False,False,27.25,249.0,241.8,10.833333333333334,-4.3,89.21322771876378,64.61191840519828,0.6666666666666666,0.4,226.66666666666663,-23.666666666666668,6.0,patrick mahomes,Patrick Mahomes II,KC,32.2,21.8,241.7,1.5,0.6,5.1,25.2,0.2,0.2,18.0,49.30000000000001,8.800000000000011,40.5,234.45438757101337,56.54561242898663,-16.04561242898663,True,-25:-15,225-250,83.52232316389792,rolling_5g,64.61191840519828,64.61191840519828,0.875157615261851,0.40875,0.59125,235.23706359288707,236.34417145296487,64.80892257963694,144.6483180428135,-144.6483180428135,-0.09125,0.09125000000000005,0.4406875,0.5593125,under,False,"[0.4, 0.45)"
2024-11-10T14:00:00Z,2024-11-10T13:55:37Z,2024-11-10T13:50:37Z,2024-11-10T14:00:37Z,9016850451d9e4190ec1bd178dac4849,americanfootball_nfl,2024-11-10 14:30:00+00:00,Carolina Panthers,New York Giants,fanduel,FanDuel,2024-11-10T13:55:10Z,player_pass_yds,2024-11-10T13:55:04Z,Daniel Jones,198.5,-110.0,-110,2024-11-10,CAR,NYG,daniel jones,2024,10,Daniel Jones,NYG,QB,190.0,26.0,0.0,0.0,190.0,False,False,6.5,-6.5,40.5,False,True,-6.5,6.5,True,False,False,23.5,214.3333333333333,236.2,14.5,39.7,45.72016331262755,44.87426879627121,0.3333333333333333,0.6,222.625,24.875,8.0,daniel jones,Daniel Jones,IND,31.7,20.6,220.4,1.2,0.7,6.6,31.6,0.2,0.2,16.8,-30.40000000000001,-21.90000000000001,-8.5,213.76816029207623,-23.76816029207623,15.268160292076232,False,15:25,200-225,69.4161154154068,rolling_5g,50.0,44.87426879627121,-0.4753632058415246,0.6256,0.3744,214.60547915590885,214.23120414681108,50.000097561117045,-167.09401709401712,167.0940170940171,0.12560000000000004,-0.1256,0.58164,0.41836,pass,True,"[0.6, 1.0)"
2024-11-10T14:00:00Z,2024-11-10T13:55:37Z,2024-11-10T13:50:37Z,2024-11-10T14:00:37Z,9016850451d9e4190ec1bd178dac4849,americanfootball_nfl,2024-11-10 14:30:00+00:00,Carolina Panthers,New York Giants,fanduel,FanDuel,2024-11-10T13:55:10Z,player_pass_yds,2024-11-10T13:55:04Z,Bryce Young,182.5,-110.0,-110,2024-11-10,CAR,NYG,bryce young,2024,10,Bryce Young,CAR,QB,126.0,30.0,0.0,0.0,126.0,False,False,6.5,-6.5,40.5,True,False,6.5,-6.5,False,True,False,17.0,159.66666666666666,160.0,-15.833333333333334,-22.0,70.68474611493863,57.71770381203096,0.3333333333333333,0.25,160.0,-22.0,4.0,bryce young,Bryce Young,CAR,29.7,18.3,193.7,1.0,0.8,2.5,13.3,0.1,0.2,12.2,-67.69999999999999,-11.199999999999989,-56.5,187.83753736495785,-61.83753736495783,5.337537364957825,False,5:10,175-200,63.59685830662887,rolling_3g,70.68474611493863,70.68474611493863,-0.8748356719624548,0.5336,0.4664,188.9482753415198,188.66167283691334,70.69751997512319,-114.40823327615779,114.40823327615783,0.03359999999999996,-0.03360000000000002,0.52184,0.47816,pass,True,"[0.525, 0.55)"
2024-11-10T17:30:00Z,2024-11-10T17:25:37Z,2024-11-10T17:20:37Z,2024-11-10T17:30:37Z,80899c1a82df27832eff9206d9c2ab1b,americanfootball_nfl,2024-11-10 18:00:00+00:00,Indianapolis Colts,Buffalo Bills,fanduel,FanDuel,2024-11-10T17:25:09Z,player_pass_yds,2024-11-10T17:25:36Z,Josh Allen,227.5,-110.0,-110,2024-11-10,IND,BUF,josh allen,2024,10,Josh Allen,BUF,QB,280.0,50.0,0.0,0.0,280.0,True,False,4.5,-4.5,46.5,False,True,-4.5,4.5,True,False,False,25.5,280.3333333333333,237.4,53.5,15.3,44.0605643782888,72.86151247400784,0.6666666666666666,0.6,222.3333333333333,-6.611111111111111,9.0,josh allen,Josh Allen,BUF,33.2,22.1,252.8,1.7,0.8,5.8,30.2,0.4,0.3,21.2,27.19999999999999,-25.30000000000001,52.5,245.23453418116367,34.76546581883628,17.734534181163724,True,15:25,225-250,83.52232316389792,rolling_5g,72.86151247400784,72.86151247400784,0.4771444434568709,0.59475,0.40525,244.8860778456784,244.6935721440229,72.33152382882398,-146.76125848241827,146.76125848241827,0.09475,-0.09475,0.5615875,0.4384125,over,False,"[0.55, 0.6)"
2024-11-10T17:30:00Z,2024-11-10T17:25:37Z,2024-11-10T17:20:37Z,2024-11-10T17:30:37Z,80899c1a82df27832eff9206d9c2ab1b,americanfootball_nfl,2024-11-10 18:00:00+00:00,Indianapolis Colts,Buffalo Bills,fanduel,FanDuel,2024-11-10T17:25:09Z,player_pass_yds,2024-11-10T17:25:36Z,Joe Flacco,230.5,-110.0,-110,2024-11-10,IND,BUF,joe flacco,2024,10,Joe Flacco,IND,QB,272.0,0.0,0.0,0.0,272.0,True,False,4.5,-4.5,46.5,True,False,4.5,-4.5,False,True,False,21.0,242.3333333333333,242.3333333333333,0.8333333333333334,0.8333333333333334,101.1599393699568,101.1599393699568,0.3333333333333333,0.3333333333333333,242.3333333333333,0.8333333333333334,3.0,joe flacco,Joe Flacco,CIN,33.3,21.4,232.8,1.3,0.6,1.7,6.6,0.0,0.3,14.4,39.19999999999999,-2.300000000000012,41.5,225.81084659530725,46.189153404692746,-4.689153404692746,True,-5:0,225-250,83.52232316389792,rolling_3g,101.1599393699568,101.1599393699568,0.4565953053389268,0.4848,0.5152,225.96863427544469,226.6327381116964,101.20021422789871,106.27062706270625,-106.27062706270625,-0.015199999999999991,0.015199999999999991,0.49012,0.50988,pass,False,"[0.475, 0.5)"
2024-11-10T17:30:00Z,2024-11-10T17:25:37Z,2024-11-10T17:20:37Z,2024-11-10T17:30:37Z,c885c70be6b073f94096eb0db2a27c3c,americanfootball_nfl,2024-11-10 18:00:00+00:00,Chicago Bears,New England Patriots,fanduel,FanDuel,2024-11-10T17:25:09Z,player_pass_yds,2024-11-10T17:25:08Z,Caleb Williams,202.5,-110.0,-110,2024-11-10,CHI,NE,caleb williams,2024,10,Caleb Williams,CHI,QB,120.0,15.0,0.0,0.0,120.0,False,False,-6.5,6.5,37.5,True,False,-6.5,6.5,True,False,False,22.0,191.3333333333333,207.0,-37.833333333333336,-17.5,52.44362052083494,67.35354482133809,0.0,0.2,208.125,-15.25,8.0,caleb williams,Caleb Williams,CHI,30.6,19.1,217.1,1.2,0.8,5.4,25.4,0.1,0.2,15.6,-97.1,-14.599999999999994,-82.5,210.56325184040992,-90.56325184040992,8.063251840409919,False,5:10,200-225,69.4161154154068,rolling_5g,67.35354482133809,67.35354482133809,-1.344595181747863,0.5528,0.4472,210.96995514361882,211.53550061470142,67.263022487504,-123.61359570661894,123.61359570661895,0.05279999999999996,-0.052800000000000014,0.53432,0.46568,over,True,"[0.55, 0.6)"
2024-11-10T17:30:00Z,2024-11-10T17:25:37Z,2024-11-10T17:20:37Z,2024-11-10T17:30:37Z,c885c70be6b073f94096eb0db2a27c3c,americanfootball_nfl,2024-11-10 18:00:00+00:00,Chicago Bears,New England Patriots,fanduel,FanDuel,2024-11-10T17:25:09Z,player_pass_yds,2024-11-10T17:25:08Z,Drake Maye,192.5,-110.0,-110,2024-11-10,CHI,NE,drake maye,2024,10,Drake Maye,NE,QB,184.0,24.0,0.0,0.0,184.0,False,False,-6.5,6.5,37.5,False,True,6.5,-6.5,False,True,False,15.5,168.33333333333334,187.0,-31.166666666666668,-4.25,130.63817716629904,113.01032401215976,0.6666666666666666,0.75,187.0,-4.25,4.0,drake maye,Drake Maye,NE,31.9,20.5,210.6,1.0,0.8,6.3,34.6,0.2,0.3,15.5,-26.599999999999994,-18.099999999999994,-8.5,204.25055337500652,-20.25055337500657,11.750553375006575,False,10:15,200-225,69.4161154154068,rolling_3g,115.0,130.63817716629904,-0.1760917684783177,0.54105,0.45895,204.82322508268456,204.3034279194908,114.32814876621475,-117.88865889530452,117.8886588953045,0.04105000000000003,-0.041049999999999975,0.5266825,0.4733175,pass,True,"[0.525, 0.55)"
2024-11-10T17:30:00Z,2024-11-10T17:25:37Z,2024-11-10T17:20:37Z,2024-11-10T17:30:37Z,d4901034c9f4ee931bc6971a4b089209,americanfootball_nfl,2024-11-10 18:00:00+00:00,Kansas City Chiefs,Denver Broncos,fanduel,FanDuel,2024-11-10T17:25:09Z,player_pass_yds,2024-11-10T17:25:05Z,Patrick Mahomes,230.5,-110.0,-110,2024-11-10,KC,DEN,patrick mahomes,2024,10,Patrick Mahomes,KC,QB,266.0,19.0,0.0,0.0,266.0,True,False,-7.5,7.5,42.5,True,False,-7.5,7.5,True,False,False,25.0,235.66666666666663,256.6,-8.5,14.1,72.1964911428065,65.97196374218369,0.6666666666666666,0.6,235.8571428571429,-14.5,7.0,patrick mahomes,Patrick Mahomes II,KC,33.1,22.8,232.9,1.4,0.6,4.5,19.6,0.1,0.2,16.8,33.099999999999994,-2.4000000000000057,35.5,225.9079650332365,40.09203496676346,-4.592034966763464,True,-5:0,225-250,83.52232316389792,rolling_5g,65.97196374218369,65.97196374218369,0.607713226840448,0.47535,0.52465,226.00598751855642,226.30843976273766,66.76074581275323,110.37130535394974,-110.37130535394971,-0.024650000000000005,0.02464999999999995,0.4839775,0.5160224999999999,pass,False,"[0.475, 0.5)"
2024-11-10T17:30:00Z,2024-11-10T17:25:37Z,2024-11-10T17:20:37Z,2024-11-10T17:30:37Z,d4901034c9f4ee931bc6971a4b089209,americanfootball_nfl,2024-11-10 18:00:00+00:00,Kansas City Chiefs,Denver Broncos,fanduel,FanDuel,2024-11-10T17:25:09Z,player_pass_yds,2024-11-10T17:25:05Z,Bo Nix,199.5,-110.0,-110,2024-11-10,KC,DEN,bo nix,2024,10,Bo Nix,DEN,QB,215.0,-5.0,0.0,0.0,215.0,True,False,-7.5,7.5,42.5,False,True,7.5,-7.5,False,True,False,17.5,221.3333333333333,186.0,26.83333333333333,-5.3,60.17751518078272,82.55906976220118,0.6666666666666666,0.6,191.25,1.75,8.0,bo nix,Bo Nix,DEN,32.4,20.4,203.7,1.1,0.8,6.7,30.4,0.2,0.2,15.6,11.300000000000011,-4.199999999999989,15.5,197.54938115788607,17.450618842113926,-1.9506188421139257,True,-5:0,175-200,63.59685830662887,rolling_5g,82.55906976220118,82.55906976220118,0.2113713113819932,0.4921,0.5079,197.67545866925707,197.65424721401695,82.95496136725164,103.210729526519,-103.210729526519,-0.007900000000000018,0.007900000000000018,0.494865,0.505135,pass,False,"[0.475, 0.5)"
2024-11-10T17:30:00Z,2024-11-10T17:25:37Z,2024-11-10T17:20:37Z,2024-11-10T17:30:37Z,a59741270a5f21dfb288838acf98537b,americanfootball_nfl,2024-11-10 18:00:00+00:00,Jacksonville Jaguars,Minnesota Vikings,fanduel,FanDuel,2024-11-10T17:25:09Z,player_pass_yds,2024-11-10T17:25:09Z,Mac Jones,204.5,-110.0,-110,2024-11-10,JAX,MIN,mac jones,2024,10,Mac Jones,JAX,QB,111.0,8.0,0.0,0.0,111.0,False,False,7.0,-7.0,42.5,True,False,7.0,-7.0,False,True,False,17.75,,,,,,,,,,,0.0,mac jones,Mac Jones,SF,32.8,20.4,216.5,1.1,0.9,2.4,9.7,0.0,0.1,12.9,-105.5,-12.0,-93.5,209.98054121283425,-98.98054121283424,5.4805412128342255,False,5:10,200-225,69.4161154154068,bucket_fallback,69.4161154154068,69.4161154154068,-1.4259014728857282,0.52265,0.47735,208.82972052798172,208.35403026405118,70.21863164300991,-109.48989211270553,109.48989211270558,0.022649999999999948,-0.022650000000000003,0.5147225,0.4852775,pass,True,"[0.5, 0.525)"
2024-11-10T17:30:00Z,2024-11-10T17:25:37Z,2024-11-10T17:20:37Z,2024-11-10T17:30:37Z,928f8f873c2bf276d0b2a63a8f8941b4,americanfootball_nfl,2024-11-10 18:00:00+00:00,Washington Commanders,Pittsburgh Steelers,fanduel,FanDuel,2024-11-10T17:25:09Z,player_pass_yds,2024-11-10T17:25:10Z,Jayden Daniels,219.5,-110.0,-110,2024-11-10,WAS,PIT,jayden daniels,2024,10,Jayden Daniels,WAS,QB,202.0,5.0,0.0,0.0,202.0,False,False,-1.5,1.5,45.0,True,False,-1.5,1.5,True,False,False,23.25,151.0,188.0,-69.5,-26.1,126.40806936267953,103.0121352074599,0.3333333333333333,0.6,192.8571428571429,-18.5,7.0,jayden daniels,Jayden Daniels,WSH,30.2,20.4,226.5,1.4,0.5,9.0,48.1,0.4,0.2,20.9,-24.5,-7.0,-17.5,219.69238500576247,-17.692385005762475,0.1923850057624747,False,0:5,200-225,69.4161154154068,rolling_5g,103.0121352074599,103.0121352074599,-0.1717504929893078,0.49825,0.50175,219.70165140567272,219.05893654251773,103.09826008879017,100.70245860511788,-100.70245860511793,-0.0017499999999999738,0.0017500000000000293,0.49886250000000004,0.5011375,pass,True,"[0.475, 0.5)"
2024-11-10T17:30:00Z,2024-11-10T17:25:37Z,2024-11-10T17:20:37Z,2024-11-10T17:30:37Z,853cc3b59ffe65a55a55d799789bc726,americanfootball_nfl,2024-11-10 18:00:00+00:00,Tampa Bay Buccaneers,San Francisco 49ers,fanduel,FanDuel,2024-11-10T17:25:09Z,player_pass_yds,2024-11-10T17:25:45Z,Baker Mayfield,243.5,-110.0,-110,2024-11-10,TB,SF,baker mayfield,2024,10,Baker Mayfield,TB,QB,116.0,3.0,0.0,0.0,116.0,False,False,6.5,-6.5,50.5,True,False,6.5,-6.5,False,True,False,22.0,285.0,276.4,51.5,42.3,73.65459931328121,79.60716048195664,0.6666666666666666,0.6,252.375,13.625,8.0,baker mayfield,Baker Mayfield,TB,33.9,23.0,250.6,1.6,1.2,3.7,14.1,0.1,0.2,16.8,-134.6,-7.099999999999994,-127.5,243.09792854671952,-127.09792854671952,-0.4020714532804845,False,-5:0,225-250,83.52232316389792,rolling_5g,79.60716048195664,79.60716048195664,-1.5965640248596342,0.49705,0.50295,242.69622687357003,242.949555513331,79.36521565606634,101.18700331958556,-101.18700331958556,-0.002950000000000008,0.002950000000000008,0.4980825,0.5019175,pass,True,"[0.475, 0.5)"
2024-11-10T17:30:00Z,2024-11-10T17:25:37Z,2024-11-10T17:20:37Z,2024-11-10T17:30:37Z,853cc3b59ffe65a55a55d799789bc726,americanfootball_nfl,2024-11-10 18:00:00+00:00,Tampa Bay Buccaneers,San Francisco 49ers,fanduel,FanDuel,2024-11-10T17:25:09Z,player_pass_yds,2024-11-10T17:25:45Z,Brock Purdy,256.5,-110.0,-110,2024-11-10,TB,SF,brock purdy,2024,10,Brock Purdy,SF,QB,353.0,17.0,0.0,0.0,353.0,True,False,6.5,-6.5,50.5,False,True,-6.5,6.5,True,False,False,28.5,242.3333333333333,251.8,-5.833333333333333,2.5,26.38812864401969,27.53543171987685,0.6666666666666666,0.6,262.625,16.625,8.0,brock purdy,Brock Purdy,SF,32.4,22.3,264.6,1.8,0.6,4.6,18.4,0.2,0.2,19.5,88.39999999999998,-8.100000000000023,96.5,256.6945098568191,96.30549014318092,0.1945098568190815,True,0:5,250-275,66.76327241271723,rolling_5g,50.0,27.53543171987685,1.9261098028636183,0.5058,0.4942,257.2552056061992,257.2443381074868,49.9128889326584,-102.34722784297857,102.34722784297857,0.005800000000000027,-0.005800000000000027,0.50377,0.49623,pass,False,"[0.5, 0.525)"
2024-11-10T20:35:00Z,2024-11-10T20:30:37Z,2024-11-10T20:25:37Z,2024-11-10T20:35:37Z,6214d50d3a5b442078f670ff8e08945e,americanfootball_nfl,2024-11-10 21:05:00+00:00,Los Angeles Chargers,Tennessee Titans,fanduel,FanDuel,2024-11-10T20:29:54Z,player_pass_yds,2024-11-10T20:30:24Z,Justin Herbert,230.5,-110.0,-110,2024-11-10,LAC,TEN,justin herbert,2024,10,Justin Herbert,LAC,QB,164.0,32.0,0.0,0.0,164.0,False,False,-8.0,8.0,40.0,True,False,-8.0,8.0,True,False,False,24.0,303.3333333333333,265.2,91.5,66.3,39.576929306520654,62.691307212403856,1.0,0.8,215.625,14.875,8.0,justin herbert,Justin Herbert,LAC,33.1,21.7,225.2,1.4,0.4,3.6,14.2,0.1,0.2,15.8,-61.19999999999999,5.300000000000011,-66.5,218.42984531268172,-54.42984531268178,-12.070154687318222,False,-15:-10,200-225,69.4161154154068,rolling_5g,62.691307212403856,62.691307212403856,-0.868219977105733,0.4243,0.5757,218.48302742917963,218.43925048326435,62.785312957114925,135.68230025925052,-135.68230025925052,-0.07569999999999999,0.07569999999999999,0.450795,0.5492049999999999,under,True,"[0.4, 0.45)"
2024-11-10T20:35:00Z,2024-11-10T20:30:37Z,2024-11-10T20:25:37Z,2024-11-10T20:35:37Z,6214d50d3a5b442078f670ff8e08945e,americanfootball_nfl,2024-11-10 21:05:00+00:00,Los Angeles Chargers,Tennessee Titans,fanduel,FanDuel,2024-11-10T20:29:54Z,player_pass_yds,2024-11-10T20:30:24Z,Will Levis,186.5,-110.0,-110,2024-11-10,LAC,TEN,will levis,2024,10,Will Levis,TEN,QB,175.0,41.0,0.0,0.0,175.0,False,False,-8.0,8.0,40.0,False,True,8.0,-8.0,False,True,False,16.0,126.66666666666669,139.8,-69.5,-63.1,120.65791865158845,90.17039425443365,0.3333333333333333,0.2,139.8,-63.1,5.0,will levis,Will Levis,TEN,31.2,19.4,200.0,0.9,0.9,3.4,13.0,0.1,0.3,12.1,-25.0,-13.5,-11.5,193.95599895450263,-18.95599895450264,7.455998954502633,False,5:10,175-200,63.59685830662887,rolling_5g,90.17039425443365,90.17039425443365,-0.2102241995417534,0.53645,0.46355,194.99861449398995,194.71087791704048,90.19832126287793,-115.72645885017796,115.72645885017796,0.03644999999999998,-0.03644999999999998,0.5236925,0.4763075,pass,True,"[0.525, 0.55)"
2024-11-10T20:55:00Z,2024-11-10T20:50:37Z,2024-11-10T20:45:37Z,2024-11-10T20:55:37Z,1c2195dfc898e85136f4d40b4ac512fb,americanfootball_nfl,2024-11-10 21:25:00+00:00,Arizona Cardinals,New York Jets,fanduel,FanDuel,2024-11-10T20:50:07Z,player_pass_yds,2024-11-10T20:50:37Z,Kyler Murray,198.5,-110.0,-110,2024-11-10,ARI,NYJ,kyler murray,2024,10,Kyler Murray,ARI,QB,266.0,21.0,0.0,0.0,266.0,True,False,2.0,-2.0,45.5,True,False,2.0,-2.0,False,True,False,21.75,202.0,188.6,-11.166666666666666,-30.5,91.04394543296112,69.51474663695467,0.3333333333333333,0.2,197.25,-24.875,8.0,kyler murray,Kyler Murray,MIN,29.2,18.4,200.1,1.3,0.4,5.6,36.7,0.3,0.2,17.6,65.9,-1.5999999999999943,67.5,194.05311739243191,71.94688260756809,-4.446882607568085,True,-5:0,175-200,63.59685830662887,rolling_5g,69.51474663695467,69.51474663695467,1.034987338489708,0.47435,0.52565,193.69644294208308,193.93920710254343,69.58410743343703,110.81479919890376,-110.81479919890374,-0.025650000000000006,0.02564999999999995,0.4833275,0.5166725,pass,False,"[0.45, 0.475)"
2024-11-11T00:50:00Z,2024-11-11T00:45:37Z,2024-11-11T00:40:37Z,2024-11-11T00:50:37Z,e27b5c11ba461a77a8e7773b2ea30238,americanfootball_nfl,2024-11-11 01:20:00+00:00,Houston Texans,Detroit Lions,fanduel,FanDuel,2024-11-11T00:45:18Z,player_pass_yds,2024-11-11T00:44:50Z,Jared Goff,230.5,-110.0,-110,2024-11-10,HOU,DET,jared goff,2024,10,Jared Goff,DET,QB,240.0,2.0,0.0,0.0,240.0,True,False,4.5,-4.5,49.0,False,True,-4.5,4.5,True,False,False,26.75,226.66666666666663,234.2,-19.166666666666668,-14.3,123.92874296680868,94.1631562767519,0.6666666666666666,0.6,242.1428571428572,-12.357142857142858,7.0,jared goff,Jared Goff,DET,30.0,20.5,225.8,1.7,0.7,1.7,5.0,0.1,0.2,15.5,14.199999999999989,4.699999999999989,9.5,219.0125559402575,20.9874440597425,-11.4874440597425,True,-15:-10,200-225,69.4161154154068,rolling_5g,94.1631562767519,94.1631562767519,0.2228838209082433,0.4547,0.5453,219.49827268173937,219.59282098836977,94.23846498415739,119.92522542335607,-119.92522542335607,-0.04530000000000001,0.04530000000000001,0.470555,0.529445,pass,False,"[0.45, 0.475)"
2024-11-11T00:50:00Z,2024-11-11T00:45:37Z,2024-11-11T00:40:37Z,2024-11-11T00:50:37Z,e27b5c11ba461a77a8e7773b2ea30238,americanfootball_nfl,2024-11-11 01:20:00+00:00,Houston Texans,Detroit Lions,fanduel,FanDuel,2024-11-11T00:45:18Z,player_pass_yds,2024-11-11T00:44:50Z,C.J. Stroud,231.5,-110.0,-110,2024-11-10,HOU,DET,cj stroud,2024,10,C.J. Stroud,HOU,QB,232.0,5.0,0.0,0.0,232.0,True,False,4.5,-4.5,49.0,True,False,4.5,-4.5,False,True,False,22.25,222.66666666666663,268.8,-9.5,23.9,53.9845656955146,73.97431986845164,0.3333333333333333,0.6,256.625,3.625,8.0,cj stroud,C.J. Stroud,HOU,33.9,21.6,246.7,1.4,0.5,3.1,13.5,0.1,0.3,16.6,-14.699999999999989,-15.199999999999989,0.5,239.31030946747748,-7.310309467477481,7.810309467477481,True,5:10,225-250,83.52232316389792,rolling_5g,73.97431986845164,73.97431986845164,-0.0988222599474707,0.54435,0.45565,239.71247855135687,239.33150718342944,73.65786030166609,-119.46669592889279,119.46669592889279,0.04435,-0.04435,0.5288275,0.4711725,pass,False,"[0.525, 0.55)"
2024-11-12T00:50:00Z,2024-11-12T00:45:37Z,2024-11-12T00:40:38Z,2024-11-12T00:50:37Z,d6eab9011bd146fdbb2639f6e8c07056,americanfootball_nfl,2024-11-12 01:15:00+00:00,Los Angeles Rams,Miami Dolphins,fanduel,FanDuel,2024-11-12T00:45:35Z,player_pass_yds,2024-11-12T00:45:12Z,Matthew Stafford,253.5,-110.0,-110,2024-11-11,LAR,MIA,matthew stafford,2024,10,Matthew Stafford,LAR,QB,293.0,0.0,0.0,0.0,293.0,True,False,-2.5,2.5,49.5,True,False,-2.5,2.5,True,False,False,26.0,243.66666666666663,235.2,4.833333333333333,6.3,78.23255929172542,56.53052272887631,0.6666666666666666,0.8,244.1428571428572,5.785714285714286,7.0,matthew stafford,Matthew Stafford,LAR,34.3,22.4,250.0,1.6,0.6,1.0,3.3,0.0,0.2,15.8,43.0,3.5,39.5,242.51521791914385,50.48478208085618,-10.984782080856178,True,-15:-10,225-250,83.52232316389792,rolling_5g,56.53052272887631,56.53052272887631,0.8930535159383561,0.41915,0.58085,242.23678945326995,242.12888404918425,56.00923188869845,138.57807467493737,-138.57807467493737,-0.08084999999999998,0.08084999999999998,0.4474475,0.5525525,under,False,"[0.4, 0.45)"
2024-11-12T00:50:00Z,2024-11-12T00:45:37Z,2024-11-12T00:40:38Z,2024-11-12T00:50:37Z,d6eab9011bd146fdbb2639f6e8c07056,americanfootball_nfl,2024-11-12 01:15:00+00:00,Los Angeles Rams,Miami Dolphins,fanduel,FanDuel,2024-11-12T00:45:35Z,player_pass_yds,2024-11-12T00:45:12Z,Tua Tagovailoa,247.5,-110.0,-110,2024-11-11,LAR,MIA,tua tagovailoa,2024,10,Tua Tagovailoa,MIA,QB,207.0,-1.0,0.0,0.0,207.0,False,False,-2.5,2.5,49.5,False,True,2.5,-2.5,False,True,False,23.5,203.3333333333333,237.0,-51.16666666666666,-21.5,50.54041287260456,78.97256907728574,0.0,0.25,237.0,-21.5,4.0,tua tagovailoa,Tua Tagovailoa,ATL,32.9,22.7,260.9,1.5,0.8,2.5,7.3,0.1,0.3,16.1,-53.89999999999998,-13.399999999999975,-40.5,253.10112765343555,-46.10112765343556,5.6011276534355545,False,5:10,250-275,66.76327241271723,rolling_3g,50.54041287260456,50.54041287260456,-0.912163653463636,0.54295,0.45705,252.88814043341796,252.93142057989505,50.39151983985127,-118.79444262115744,118.79444262115743,0.042950000000000044,-0.04294999999999999,0.5279175,0.4720825,pass,True,"[0.525, 0.55)"
2024-11-17T17:30:00Z,2024-11-17T17:25:38Z,2024-11-17T17:20:38Z,2024-11-17T17:30:38Z,d0f73537e153be7455c87ae97864ef7d,americanfootball_nfl,2024-11-17 18:00:00+00:00,Detroit Lions,Jacksonville Jaguars,fanduel,FanDuel,2024-11-17T17:25:04Z,player_pass_yds,2024-11-17T17:25:02Z,Jared Goff,230.5,-110.0,-110,2024-11-17,DET,JAX,jared goff,2024,11,Jared Goff,DET,QB,412.0,21.0,0.0,0.0,412.0,True,False,-14.0,14.0,47.5,True,False,-14.0,14.0,True,False,False,30.75,201.66666666666663,242.4,-39.16666666666666,-0.1,102.99676370320252,92.09397374421413,0.6666666666666666,0.8,241.875,-9.625,8.0,jared goff,Jared Goff,DET,28.5,20.6,232.4,1.7,0.7,1.6,4.8,0.1,0.2,15.9,179.6,-1.9000000000000057,181.5,225.42237284359013,186.57762715640987,-5.077627156409875,True,-10:-5,225-250,83.52232316389792,rolling_5g,92.09397374421413,92.09397374421413,2.0259482740382,0.479,0.521,225.6867835007933,225.5285004883698,92.29709573936836,108.76826722338205,-108.76826722338205,-0.02100000000000002,0.02100000000000002,0.48635,0.51365,pass,False,"[0.475, 0.5)"
2024-11-17T17:30:00Z,2024-11-17T17:25:38Z,2024-11-17T17:20:38Z,2024-11-17T17:30:38Z,d0f73537e153be7455c87ae97864ef7d,americanfootball_nfl,2024-11-17 18:00:00+00:00,Detroit Lions,Jacksonville Jaguars,fanduel,FanDuel,2024-11-17T17:25:04Z,player_pass_yds,2024-11-17T17:25:02Z,Mac Jones,195.5,-110.0,-110,2024-11-17,DET,JAX,mac jones,2024,11,Mac Jones,JAX,QB,138.0,7.0,0.0,0.0,138.0,False,False,-14.0,14.0,47.5,False,True,14.0,-14.0,False,True,False,16.75,111.0,111.0,-93.5,-93.5,,,0.0,0.0,111.0,-93.5,1.0,mac jones,Mac Jones,SF,32.9,20.7,207.5,1.0,1.0,2.5,10.2,0.1,0.2,12.1,-69.5,-12.0,-57.5,201.23988179919883,-63.23988179919883,5.739881799198827,False,5:10,200-225,69.4161154154068,bucket_fallback,69.4161154154068,69.4161154154068,-0.911025940024913,0.5312,0.4688,201.00476981664977,200.92001054162017,69.16740663525891,-113.31058020477815,113.31058020477815,0.031200000000000006,-0.031200000000000006,0.52028,0.47972,pass,True,"[0.525, 0.55)"
2024-11-17T17:30:00Z,2024-11-17T17:25:38Z,2024-11-17T17:20:38Z,2024-11-17T17:30:38Z,7614724acc0987e643d0a60e73167b2e,americanfootball_nfl,2024-11-17 18:00:00+00:00,Miami Dolphins,Las Vegas Raiders,fanduel,FanDuel,2024-11-17T17:25:04Z,player_pass_yds,2024-11-17T17:25:47Z,Tua Tagovailoa,236.5,-110.0,-110,2024-11-17,MIA,LV,tua tagovailoa,2024,11,Tua Tagovailoa,MIA,QB,288.0,0.0,0.0,0.0,288.0,True,False,-8.0,8.0,43.5,True,False,-8.0,8.0,True,False,False,25.75,224.0,231.0,-22.83333333333333,-25.3,14.798648586948712,69.69576744681129,0.0,0.2,231.0,-25.3,5.0,tua tagovailoa,Tua Tagovailoa,ATL,30.9,21.7,237.8,1.5,0.8,1.9,6.0,0.0,0.2,14.9,50.19999999999999,-1.3000000000000114,51.5,230.66676849177136,57.33323150822864,-5.833231508228636,True,-10:-5,225-250,83.52232316389792,rolling_5g,69.69576744681129,69.69576744681129,0.8226214246364789,0.46665,0.53335,230.69649982987215,231.03749631752615,68.97502491925088,114.29336762027215,-114.29336762027215,-0.03334999999999999,0.03334999999999999,0.4783225,0.5216775,pass,False,"[0.45, 0.475)"
2024-11-17T17:30:00Z,2024-11-17T17:25:38Z,2024-11-17T17:20:38Z,2024-11-17T17:30:38Z,73f1d28c0bfe32a1ff292b688bb85df3,americanfootball_nfl,2024-11-17 18:00:00+00:00,New England Patriots,Los Angeles Rams,fanduel,FanDuel,2024-11-17T17:25:04Z,player_pass_yds,2024-11-17T17:24:58Z,Drake Maye,205.5,-110.0,-110,2024-11-17,NE,LAR,drake maye,2024,11,Drake Maye,NE,QB,282.0,27.0,0.0,0.0,282.0,True,False,4.0,-4.0,42.5,True,False,4.0,-4.0,False,True,False,19.25,137.66666666666666,186.4,-59.16666666666666,-5.1,99.91162761827742,97.87900694224476,0.3333333333333333,0.6,186.4,-5.1,5.0,drake maye,Drake Maye,NE,30.9,19.6,213.5,1.1,0.8,5.4,28.8,0.2,0.3,15.6,68.5,-8.0,76.5,207.06698807495576,74.93301192504424,1.5669880749557592,True,0:5,200-225,69.4161154154068,rolling_5g,97.87900694224476,97.87900694224476,0.765567758255453,0.50475,0.49525,207.4426206071323,206.5730373315285,97.65026821068258,-101.91822311963655,101.91822311963655,0.004750000000000032,-0.0047499999999999765,0.5030875,0.49691250000000003,pass,False,"[0.5, 0.525)"
2024-11-17T17:30:00Z,2024-11-17T17:25:38Z,2024-11-17T17:20:38Z,2024-11-17T17:30:38Z,73f1d28c0bfe32a1ff292b688bb85df3,americanfootball_nfl,2024-11-17 18:00:00+00:00,New England Patriots,Los Angeles Rams,fanduel,FanDuel,2024-11-17T17:25:04Z,player_pass_yds,2024-11-17T17:24:58Z,Matthew Stafford,241.5,-110.0,-110,2024-11-17,NE,LAR,matthew stafford,2024,11,Matthew Stafford,LAR,QB,295.0,0.0,0.0,0.0,295.0,True,False,4.0,-4.0,42.5,False,True,-4.0,4.0,True,False,False,23.25,290.0,249.6,43.5,14.1,9.84885780179615,61.00245896683183,1.0,0.8,250.25,10.0,8.0,matthew stafford,Matthew Stafford,LAR,34.6,22.8,249.1,1.4,0.6,1.0,3.2,0.0,0.2,15.3,45.900000000000006,-7.599999999999994,53.5,241.64115197778025,53.35884802221975,0.1411519777802539,True,0:5,225-250,83.52232316389792,rolling_5g,61.00245896683183,61.00245896683183,0.8746999535089551,0.50865,0.49135,242.22089035181963,242.73785271036087,61.22393341432751,-103.52091177368476,103.52091177368474,0.008650000000000047,-0.008649999999999991,0.5056225000000001,0.4943775,pass,False,"[0.5, 0.525)"
2024-11-17T17:30:00Z,2024-11-17T17:25:38Z,2024-11-17T17:20:38Z,2024-11-17T17:30:38Z,6aa05bdde84274ea82472f0bc79baaad,americanfootball_nfl,2024-11-17 18:00:00+00:00,Tennessee Titans,Minnesota Vikings,fanduel,FanDuel,2024-11-17T17:25:04Z,player_pass_yds,2024-11-17T17:25:24Z,Sam Darnold,233.5,-110.0,-110,2024-11-17,TEN,MIN,sam darnold,2024,11,Sam Darnold,MIN,QB,246.0,18.0,0.0,0.0,246.0,True,False,6.0,-6.0,40.0,False,True,-6.0,6.0,True,False,False,23.0,257.0,241.8,10.5,-1.9,28.583211855912904,40.517897280090935,0.3333333333333333,0.2,237.88888888888889,-0.5,9.0,sam darnold,Sam Darnold,SEA,31.9,21.5,238.0,1.5,0.8,4.3,14.5,0.1,0.3,16.3,8.0,-4.5,12.5,230.86100536763,15.138994632370071,-2.638994632370072,True,-5:0,225-250,83.52232316389792,rolling_5g,50.0,40.517897280090935,0.3027798926474008,0.48245,0.51755,230.7171307405455,231.2543494628819,50.047003397531235,107.27536532283138,-107.27536532283136,-0.01755000000000001,0.017549999999999955,0.4885925,0.5114075,pass,False,"[0.475, 0.5)"
2024-11-17T17:30:00Z,2024-11-17T17:25:38Z,2024-11-17T17:20:38Z,2024-11-17T17:30:38Z,6aa05bdde84274ea82472f0bc79baaad,americanfootball_nfl,2024-11-17 18:00:00+00:00,Tennessee Titans,Minnesota Vikings,fanduel,FanDuel,2024-11-17T17:25:04Z,player_pass_yds,2024-11-17T17:25:24Z,Will Levis,189.5,-110.0,-110,2024-11-17,TEN,MIN,will levis,2024,11,Will Levis,TEN,QB,295.0,18.0,0.0,0.0,295.0,True,False,6.0,-6.0,40.0,True,False,6.0,-6.0,False,True,False,17.0,98.33333333333331,149.4,-95.16666666666669,-44.1,75.05553499465135,91.01813006209257,0.0,0.2,145.66666666666666,-54.5,6.0,will levis,Will Levis,TEN,28.1,18.2,188.1,1.1,0.9,4.3,15.5,0.1,0.2,12.7,106.9,1.4000000000000057,105.5,182.398904840918,112.60109515908198,-7.101095159081979,True,-10:-5,175-200,63.59685830662887,rolling_5g,91.01813006209257,91.01813006209257,1.2371281972313155,0.46675,0.53325,182.11474017659754,182.2456805025442,90.69324641709719,114.24745581146225,-114.24745581146225,-0.03325,0.03325,0.4783875,0.5216125,pass,False,"[0.45, 0.475)"
2024-11-17T20:35:00Z,2024-11-17T20:30:39Z,2024-11-17T20:25:37Z,2024-11-17T20:35:38Z,4baedb2bf9b85f9b9ec40e88bacc1792,americanfootball_nfl,2024-11-17 21:05:00+00:00,Denver Broncos,Atlanta Falcons,fanduel,FanDuel,2024-11-17T20:29:57Z,player_pass_yds,2024-11-17T20:29:58Z,Bo Nix,207.5,-110.0,-110,2024-11-17,DEN,ATL,bo nix,2024,11,Bo Nix,DEN,QB,307.0,5.0,0.0,0.0,307.0,True,False,-2.0,2.0,44.5,True,False,-2.0,2.0,True,False,False,23.25,221.0,217.0,22.5,22.7,60.2245796996542,43.08131845707603,0.6666666666666666,0.8,193.88888888888889,3.2777777777777777,9.0,bo nix,Bo Nix,DEN,32.9,21.2,215.9,1.3,0.8,6.7,29.8,0.3,0.2,17.4,91.1,-8.400000000000006,99.5,209.39783058525853,97.60216941474148,1.897830585258532,True,0:5,200-225,69.4161154154068,rolling_5g,50.0,43.08131845707603,1.9520433882948292,0.51475,0.48525,209.43846972386893,209.2937027782724,49.733378273906055,-106.07934054611026,106.07934054611025,0.01475000000000004,-0.014749999999999985,0.5095875000000001,0.49041250000000003,pass,False,"[0.5, 0.525)"
2024-11-17T20:35:00Z,2024-11-17T20:30:39Z,2024-11-17T20:25:37Z,2024-11-17T20:35:38Z,4baedb2bf9b85f9b9ec40e88bacc1792,americanfootball_nfl,2024-11-17 21:05:00+00:00,Denver Broncos,Atlanta Falcons,fanduel,FanDuel,2024-11-17T20:29:57Z,player_pass_yds,2024-11-17T20:29:58Z,Kirk Cousins,238.5,-110.0,-110,2024-11-17,DEN,ATL,kirk cousins,2024,11,Kirk Cousins,ATL,QB,173.0,0.0,0.0,0.0,173.0,False,False,-2.0,2.0,44.5,False,True,2.0,-2.0,False,True,False,21.25,268.0,252.2,20.166666666666668,0.5,42.56759330758548,37.15104305399783,0.6666666666666666,0.4,263.4,21.7,10.0,kirk cousins,Kirk Cousins,LV,33.1,22.0,243.7,1.4,0.8,1.2,3.6,0.1,0.2,14.8,-70.69999999999999,-5.199999999999989,-65.5,236.396756329599,-63.396756329599015,-2.1032436704009854,False,-5:0,225-250,83.52232316389792,rolling_5g,50.0,37.15104305399783,-1.2679351265919798,0.48195,0.51805,236.2620256813419,236.24024433448284,49.625595168269584,107.49040356883495,-107.49040356883495,-0.01805000000000001,0.01805000000000001,0.48826749999999997,0.5117325,pass,True,"[0.475, 0.5)"
2024-11-17T20:35:00Z,2024-11-17T20:30:39Z,2024-11-17T20:25:37Z,2024-11-17T20:35:38Z,cc4a0f06f87d64f4a02816ca7da514fa,americanfootball_nfl,2024-11-17 21:05:00+00:00,San Francisco 49ers,Seattle Seahawks,fanduel,FanDuel,2024-11-17T20:29:57Z,player_pass_yds,2024-11-17T20:29:43Z,Geno Smith,247.5,-110.0,-110,2024-11-17,SF,SEA,geno smith,2024,11,Geno Smith,SEA,QB,221.0,29.0,0.0,0.0,221.0,False,False,-6.0,6.0,49.0,False,True,6.0,-6.0,False,True,False,21.5,260.6666666666667,275.6,8.166666666666666,24.1,88.65852092908686,66.68058188108438,0.3333333333333333,0.6,284.44444444444446,39.5,9.0,geno smith,Geno Smith,NYJ,37.0,24.3,255.8,1.4,0.9,4.3,16.2,0.1,0.2,16.6,-34.80000000000001,-8.300000000000011,-26.5,248.1480873190422,-27.14808731904219,0.6480873190421903,False,0:5,225-250,83.52232316389792,rolling_5g,66.68058188108438,66.68058188108438,-0.407136328945915,0.5082,0.4918,248.50343378107118,248.92352201395516,66.71202219935064,-103.33468889792599,103.33468889792599,0.008199999999999985,-0.008199999999999985,0.50533,0.49467,pass,True,"[0.5, 0.525)"
2024-11-17T20:35:00Z,2024-11-17T20:30:39Z,2024-11-17T20:25:37Z,2024-11-17T20:35:38Z,cc4a0f06f87d64f4a02816ca7da514fa,americanfootball_nfl,2024-11-17 21:05:00+00:00,San Francisco 49ers,Seattle Seahawks,fanduel,FanDuel,2024-11-17T20:29:57Z,player_pass_yds,2024-11-17T20:29:43Z,Brock Purdy,255.5,-110.0,-110,2024-11-17,SF,SEA,brock purdy,2024,11,Brock Purdy,SF,QB,159.0,40.0,0.0,0.0,159.0,False,False,-6.0,6.0,49.0,True,False,-6.0,6.0,True,False,False,27.5,275.0,264.8,25.83333333333333,12.7,71.68681887209115,52.722860316944114,0.6666666666666666,0.6,272.6666666666667,25.5,9.0,brock purdy,Brock Purdy,SF,32.0,21.7,266.0,1.8,0.6,4.8,19.2,0.2,0.2,19.7,-107.0,-10.5,-96.5,258.05416798782903,-99.05416798782905,2.5541679878290324,False,0:5,250-275,66.76327241271723,rolling_5g,52.722860316944114,52.722860316944114,-1.8787707531868283,0.52195,0.47805,258.323107946715,258.25683435679315,52.66130599027854,-109.183139838929,109.183139838929,0.021950000000000025,-0.021950000000000025,0.5142675,0.4857325,pass,True,"[0.5, 0.525)"
2024-11-17T20:55:00Z,2024-11-17T20:50:37Z,2024-11-17T20:45:38Z,2024-11-17T20:55:38Z,2ac4732d168fd3fd0958719e2b11aad1,americanfootball_nfl,2024-11-17 21:25:00+00:00,Buffalo Bills,Kansas City Chiefs,fanduel,FanDuel,2024-11-17T20:50:27Z,player_pass_yds,2024-11-17T20:50:15Z,Josh Allen,237.5,-110.0,-110,2024-11-17,BUF,KC,josh allen,2024,11,Josh Allen,BUF,QB,262.0,55.0,0.0,0.0,262.0,True,False,-2.5,2.5,46.5,True,False,-2.5,2.5,True,False,False,24.5,266.0,267.2,35.166666666666664,45.7,26.888659319497464,42.68723462582226,0.6666666666666666,0.8,228.1,-0.7,10.0,josh allen,Josh Allen,BUF,33.8,22.1,246.0,1.6,0.8,6.4,32.1,0.5,0.2,21.0,16.0,-8.5,24.5,238.6304804019725,23.36951959802749,1.1304804019725054,True,0:5,225-250,83.52232316389792,rolling_5g,50.0,42.68723462582226,0.4673903919605499,0.51165,0.48835,238.93818332071984,238.69125072695383,49.606792892421055,-104.77116821951472,104.77116821951468,0.01165000000000005,-0.011649999999999994,0.5075725,0.4924275,pass,False,"[0.5, 0.525)"
2024-11-17T20:55:00Z,2024-11-17T20:50:37Z,2024-11-17T20:45:38Z,2024-11-17T20:55:38Z,2ac4732d168fd3fd0958719e2b11aad1,americanfootball_nfl,2024-11-17 21:25:00+00:00,Buffalo Bills,Kansas City Chiefs,fanduel,FanDuel,2024-11-17T20:50:27Z,player_pass_yds,2024-11-17T20:50:15Z,Patrick Mahomes,240.5,-110.0,-110,2024-11-17,BUF,KC,patrick mahomes,2024,11,Patrick Mahomes,KC,QB,196.0,0.0,0.0,0.0,196.0,False,False,-2.5,2.5,46.5,False,True,2.5,-2.5,False,True,False,22.0,273.0,260.8,34.166666666666664,21.7,15.7162336455018,65.71681672144504,1.0,0.8,239.625,-8.25,8.0,patrick mahomes,Patrick Mahomes II,KC,35.0,24.6,243.0,1.5,0.6,4.2,19.8,0.1,0.2,17.4,-47.0,-2.5,-44.5,235.71692726409404,-39.71692726409404,-4.783072735905961,False,-5:0,225-250,83.52232316389792,rolling_5g,65.71681672144504,65.71681672144504,-0.6043647462786099,0.4732,0.5268,236.37840527346683,236.22150737937284,66.07370556177055,111.32713440405746,-111.3271344040575,-0.02679999999999999,0.026800000000000046,0.48258,0.51742,pass,True,"[0.45, 0.475)"
2024-11-17T20:55:00Z,2024-11-17T20:50:37Z,2024-11-17T20:45:38Z,2024-11-17T20:55:38Z,a2b3fd60eede2230285512b8c3b4eed3,americanfootball_nfl,2024-11-18 01:15:00+00:00,Los Angeles Chargers,Cincinnati Bengals,fanduel,FanDuel,2024-11-17T20:50:27Z,player_pass_yds,2024-11-17T20:50:38Z,Joe Burrow,262.5,-110.0,-110,2024-11-17,LAC,CIN,joe burrow,2024,11,Joe Burrow,CIN,QB,356.0,28.0,0.0,0.0,356.0,True,False,-1.0,1.0,48.0,False,True,1.0,-1.0,False,True,False,23.5,213.3333333333333,239.2,-41.5,-17.1,35.30344647953416,54.18210036534206,0.0,0.2,231.1428571428572,-20.785714285714285,7.0,joe burrow,Joe Burrow,CIN,37.0,24.7,266.4,1.8,0.5,3.3,12.9,0.1,0.3,18.7,89.60000000000002,-3.899999999999977,93.5,258.44264173954605,97.55735826045397,-4.057358260453952,True,-5:0,250-275,66.76327241271723,rolling_5g,54.18210036534206,54.18210036534206,1.8005458925113424,0.4732,0.5268,258.6674800649059,259.0157288112993,54.21166934834227,111.32713440405746,-111.3271344040575,-0.02679999999999999,0.026800000000000046,0.48258,0.51742,pass,False,"[0.45, 0.475)"
2024-11-17T20:55:00Z,2024-11-17T20:50:37Z,2024-11-17T20:45:38Z,2024-11-17T20:55:38Z,a2b3fd60eede2230285512b8c3b4eed3,americanfootball_nfl,2024-11-18 01:15:00+00:00,Los Angeles Chargers,Cincinnati Bengals,fanduel,FanDuel,2024-11-17T20:50:27Z,player_pass_yds,2024-11-17T20:50:38Z,Justin Herbert,242.5,-110.0,-110,2024-11-17,LAC,CIN,justin herbert,2024,11,Justin Herbert,LAC,QB,297.0,65.0,0.0,0.0,297.0,True,False,-1.0,1.0,48.0,True,False,-1.0,1.0,True,False,False,24.5,241.66666666666663,262.2,20.83333333333333,53.5,67.27803009403094,67.98308613177251,0.6666666666666666,0.8,209.88888888888889,5.833333333333333,9.0,justin herbert,Justin Herbert,LAC,33.3,21.9,236.7,1.6,0.4,4.1,15.6,0.2,0.2,17.6,60.30000000000001,5.800000000000011,54.5,229.5984656745493,67.40153432545074,-12.90153432545074,True,-15:-10,225-250,83.52232316389792,rolling_5g,67.98308613177251,67.98308613177251,0.9914456397993676,0.42285,0.57715,228.63951965642474,228.73360923618003,68.53686068405442,136.49048125812936,-136.4904812581294,-0.07715,0.07715000000000005,0.4498525,0.5501475,under,False,"[0.4, 0.45)"
2024-11-19T00:45:00Z,2024-11-19T00:40:38Z,2024-11-19T00:35:38Z,2024-11-19T00:45:38Z,81c2170ca58c6a837e5c0f1528e8513c,americanfootball_nfl,2024-11-19 01:15:00+00:00,Dallas Cowboys,Houston Texans,fanduel,FanDuel,2024-11-19T00:40:01Z,player_pass_yds,2024-11-19T00:40:47Z,C.J. Stroud,229.5,-110.0,-110,2024-11-18,DAL,HOU,cj stroud,2024,11,C.J. Stroud,HOU,QB,257.0,26.0,0.0,0.0,257.0,True,False,7.5,-7.5,41.5,False,True,-7.5,7.5,True,False,False,24.5,236.0,246.2,5.833333333333333,8.7,47.127486671792695,60.99754093404095,0.6666666666666666,0.6,253.88888888888889,3.2777777777777777,9.0,cj stroud,C.J. Stroud,HOU,32.1,20.8,250.1,1.4,0.5,3.0,12.3,0.1,0.2,16.4,6.900000000000006,-20.599999999999994,27.5,242.6123363570731,14.387663642926896,13.112336357073104,True,10:15,225-250,83.52232316389792,rolling_5g,60.99754093404095,60.99754093404095,0.2358728470461595,0.58275,0.41725,242.33462855822194,242.41273499131853,60.91077230749702,-139.6644697423607,139.6644697423607,0.08274999999999999,-0.08274999999999999,0.5537875,0.4462125,over,False,"[0.55, 0.6)"
2024-11-22T00:45:00Z,2024-11-22T00:40:39Z,2024-11-22T00:35:38Z,2024-11-22T00:45:38Z,3544bdfabe61cc6d4389984a5ca83955,americanfootball_nfl,2024-11-22 01:15:00+00:00,Cleveland Browns,Pittsburgh Steelers,fanduel,FanDuel,2024-11-22T00:38:51Z,player_pass_yds,2024-11-22T00:40:23Z,Jameis Winston,212.5,-110.0,-110,2024-11-21,CLE,PIT,jameis winston,2024,12,Jameis Winston,CLE,QB,219.0,7.0,0.0,0.0,219.0,True,False,3.5,-3.5,36.5,True,False,3.5,-3.5,False,True,False,16.5,315.0,315.0,74.5,74.5,113.1370849898476,113.1370849898476,0.5,0.5,315.0,74.5,2.0,jameis winston,Jameis Winston,NYG,32.6,19.6,233.3,1.3,1.0,2.6,10.6,0.0,0.2,14.3,-14.300000000000011,-20.80000000000001,6.5,226.2964387849537,-7.296438784953665,13.796438784953663,True,10:15,225-250,83.52232316389792,bucket_fallback,83.52232316389792,83.52232316389792,-0.0873591455380822,0.5605,0.4395,225.05505991385272,225.4951778313146,83.75510832833281,-127.53128555176336,127.53128555176336,0.0605,-0.0605,0.539325,0.460675,over,False,"[0.55, 0.6)"
2024-11-24T17:30:00Z,2024-11-24T17:25:38Z,2024-11-24T17:20:38Z,2024-11-24T17:30:38Z,2c895731f7e3bd3effe4e87779fbdcc2,americanfootball_nfl,2024-11-24 18:00:00+00:00,Carolina Panthers,Kansas City Chiefs,fanduel,FanDuel,2024-11-24T17:23:30Z,player_pass_yds,2024-11-24T17:26:07Z,Patrick Mahomes,236.5,-110.0,-110,2024-11-24,CAR,KC,patrick mahomes,2024,12,Patrick Mahomes,KC,QB,269.0,60.0,0.0,0.0,269.0,True,False,11.0,-11.0,43.0,False,True,-11.0,11.0,True,False,False,27.0,251.0,233.8,10.5,-6.9,49.24428900898055,56.79084433251543,0.6666666666666666,0.6,234.77777777777777,-12.27777777777778,9.0,patrick mahomes,Patrick Mahomes II,KC,33.7,23.4,242.7,1.7,0.6,3.9,16.9,0.1,0.2,18.0,26.30000000000001,-6.199999999999989,32.5,235.4255719503062,33.57442804969381,-1.0744280496938077,True,-5:0,225-250,83.52232316389792,rolling_5g,56.79084433251543,56.79084433251543,0.5911943807898428,0.49205,0.50795,235.12376235701785,235.2780479968872,56.61792801289072,103.23137892490601,-103.23137892490601,-0.007950000000000013,0.007950000000000013,0.4948325,0.5051675,pass,False,"[0.475, 0.5)"
2024-11-24T17:30:00Z,2024-11-24T17:25:38Z,2024-11-24T17:20:38Z,2024-11-24T17:30:38Z,2c895731f7e3bd3effe4e87779fbdcc2,americanfootball_nfl,2024-11-24 18:00:00+00:00,Carolina Panthers,Kansas City Chiefs,fanduel,FanDuel,2024-11-24T17:23:30Z,player_pass_yds,2024-11-24T17:26:07Z,Bryce Young,176.5,-110.0,-110,2024-11-24,CAR,KC,bryce young,2024,12,Bryce Young,CAR,QB,263.0,20.0,0.0,0.0,263.0,True,False,11.0,-11.0,43.0,True,False,11.0,-11.0,False,True,False,16.0,173.66666666666666,153.2,-1.8333333333333333,-28.9,49.05439158050309,52.24653098531997,0.3333333333333333,0.2,153.2,-28.9,5.0,bryce young,Bryce Young,CAR,29.3,18.1,176.5,1.0,0.8,3.0,13.3,0.1,0.2,11.7,86.5,0.0,86.5,171.13316604112129,91.86683395887871,-5.366833958878715,True,-10:-5,0-175,52.752623496033685,rolling_5g,52.24653098531997,52.24653098531997,1.758333658261275,0.458,0.542,170.798711151943,170.850797307706,52.398868527122815,118.3406113537118,-118.34061135371181,-0.04199999999999998,0.04200000000000004,0.4727,0.5273,pass,False,"[0.45, 0.475)"
2024-11-24T17:30:00Z,2024-11-24T17:25:38Z,2024-11-24T17:20:38Z,2024-11-24T17:30:38Z,bc6d508d57f822879df4dbc3c4465226,americanfootball_nfl,2024-11-24 18:00:00+00:00,Chicago Bears,Minnesota Vikings,fanduel,FanDuel,2024-11-24T17:23:30Z,player_pass_yds,2024-11-24T17:26:04Z,Caleb Williams,197.5,-110.0,-110,2024-11-24,CHI,MIN,caleb williams,2024,12,Caleb Williams,CHI,QB,340.0,33.0,0.0,0.0,340.0,True,False,3.0,-3.0,39.5,True,False,3.0,-3.0,False,True,False,18.25,189.3333333333333,185.0,-16.166666666666668,-31.1,60.45108215187996,54.68546424782366,0.3333333333333333,0.2,201.6,-16.4,10.0,caleb williams,Caleb Williams,CHI,30.2,18.5,205.8,1.0,0.8,5.2,23.3,0.1,0.2,14.2,134.2,-8.300000000000011,142.5,199.58886835440103,140.41113164559897,2.088868354401029,True,0:5,175-200,63.59685830662887,rolling_5g,54.68546424782366,54.68546424782366,2.56761341568362,0.5144,0.4856,199.24904388677945,199.52441802885892,55.09592971202575,-105.93080724876441,105.93080724876441,0.014399999999999968,-0.014400000000000024,0.50936,0.49063999999999997,pass,False,"[0.5, 0.525)"
2024-11-24T17:30:00Z,2024-11-24T17:25:38Z,2024-11-24T17:20:38Z,2024-11-24T17:30:38Z,bc6d508d57f822879df4dbc3c4465226,americanfootball_nfl,2024-11-24 18:00:00+00:00,Chicago Bears,Minnesota Vikings,fanduel,FanDuel,2024-11-24T17:23:30Z,player_pass_yds,2024-11-24T17:26:04Z,Sam Darnold,225.5,-110.0,-110,2024-11-24,CHI,MIN,sam darnold,2024,12,Sam Darnold,MIN,QB,330.0,-1.0,0.0,0.0,330.0,True,False,3.0,-3.0,39.5,False,True,-3.0,3.0,True,False,False,21.25,259.0,255.2,16.166666666666668,8.3,26.962937525425527,20.873428084528904,0.6666666666666666,0.4,238.7,0.8,10.0,sam darnold,Sam Darnold,SEA,31.9,20.9,248.0,1.4,0.7,4.2,15.0,0.1,0.3,16.2,82.0,-22.5,104.5,240.57284916055812,89.42715083944182,15.072849160558178,True,15:25,225-250,83.52232316389792,rolling_5g,50.0,20.873428084528904,1.788543016788837,0.62015,0.37985,240.96662252667807,240.74879501696358,50.215123675001294,-163.26181387389758,163.26181387389758,0.12014999999999998,-0.12014999999999998,0.5780974999999999,0.4219025,pass,False,"[0.6, 1.0)"
2024-11-24T17:30:00Z,2024-11-24T17:25:38Z,2024-11-24T17:20:38Z,2024-11-24T17:30:38Z,3c833a498591fa8934c84aa7f3215b7f,americanfootball_nfl,2024-11-24 18:00:00+00:00,Washington Commanders,Dallas Cowboys,fanduel,FanDuel,2024-11-24T17:23:30Z,player_pass_yds,2024-11-24T17:25:50Z,Jayden Daniels,223.5,-110.0,-110,2024-11-24,WAS,DAL,jayden daniels,2024,12,Jayden Daniels,WAS,QB,275.0,74.0,0.0,0.0,275.0,True,False,-10.5,10.5,45.0,True,False,-10.5,10.5,True,False,False,27.75,139.0,177.6,-87.83333333333333,-41.5,115.2345434320803,97.14061972213273,0.0,0.4,194.0,-18.375,8.0,jayden daniels,Jayden Daniels,WSH,29.7,20.1,231.1,1.4,0.4,7.9,45.6,0.4,0.2,21.1,43.900000000000006,-7.599999999999994,51.5,224.15983315050943,50.840166849490544,0.6598331505094563,True,0:5,200-225,69.4161154154068,rolling_5g,97.14061972213273,97.14061972213273,0.5233667130693325,0.51055,0.48945,225.28396511229226,226.00554536073275,97.33955623490321,-104.31096128307281,104.31096128307286,0.010549999999999948,-0.010550000000000004,0.5068575,0.4931425,pass,False,"[0.5, 0.525)"
2024-11-24T17:30:00Z,2024-11-24T17:25:38Z,2024-11-24T17:20:38Z,2024-11-24T17:30:38Z,2f2541411e68f807dc47d527f5dd4cba,americanfootball_nfl,2024-11-24 18:00:00+00:00,Indianapolis Colts,Detroit Lions,fanduel,FanDuel,2024-11-24T17:23:30Z,player_pass_yds,2024-11-24T17:26:05Z,Jared Goff,250.5,-110.0,-110,2024-11-24,IND,DET,jared goff,2024,12,Jared Goff,DET,QB,269.0,0.0,0.0,0.0,269.0,True,False,7.0,-7.0,50.5,False,True,-7.0,7.0,True,False,False,28.75,245.66666666666663,266.4,12.833333333333334,26.7,163.57363275703494,119.73846499767733,0.6666666666666666,0.8,260.77777777777777,11.61111111111111,9.0,jared goff,Jared Goff,DET,30.8,22.4,252.7,1.7,0.7,1.7,5.3,0.1,0.2,16.8,16.30000000000001,-2.1999999999999886,18.5,245.1374157432344,23.862584256765587,-5.362584256765587,True,-10:-5,225-250,83.52232316389792,rolling_5g,115.0,119.73846499767733,0.2075007326675268,0.47875,0.52125,243.35965682425908,244.32792927029533,115.34959406379666,108.87728459530025,-108.87728459530025,-0.02124999999999999,0.02124999999999999,0.4861875,0.5138125,pass,False,"[0.475, 0.5)"
2024-11-24T17:30:00Z,2024-11-24T17:25:38Z,2024-11-24T17:20:38Z,2024-11-24T17:30:38Z,2f2541411e68f807dc47d527f5dd4cba,americanfootball_nfl,2024-11-24 18:00:00+00:00,Indianapolis Colts,Detroit Lions,fanduel,FanDuel,2024-11-24T17:23:30Z,player_pass_yds,2024-11-24T17:26:05Z,Anthony Richardson,207.5,-110.0,-110,2024-11-24,IND,DET,anthony richardson,2024,12,Anthony Richardson,IND,QB,172.0,61.0,0.0,0.0,172.0,False,False,7.0,-7.0,50.5,True,False,7.0,-7.0,False,True,False,21.75,192.0,162.8,2.5,-27.5,72.99999999999997,73.5880425069182,0.3333333333333333,0.2,175.71428571428572,-20.928571428571427,7.0,anthony richardson,Anthony Richardson Sr.,IND,31.0,17.2,215.2,1.0,0.9,7.2,38.0,0.4,0.4,17.0,-43.19999999999999,-7.699999999999989,-35.5,208.7180015197536,-36.71800151975356,1.2180015197535567,False,0:5,200-225,69.4161154154068,rolling_5g,73.5880425069182,73.5880425069182,-0.4989669553487805,0.50965,0.49035,209.21885514514767,209.2567957338847,73.88927144155747,-103.93596410727034,103.93596410727031,0.009650000000000047,-0.009649999999999992,0.5062725,0.4937275,pass,True,"[0.5, 0.525)"
2024-11-24T17:30:00Z,2024-11-24T17:25:38Z,2024-11-24T17:20:38Z,2024-11-24T17:30:38Z,56f4bfb8e21ec6003f31a080be045fc3,americanfootball_nfl,2024-11-24 18:00:00+00:00,Houston Texans,Tennessee Titans,fanduel,FanDuel,2024-11-24T17:23:30Z,player_pass_yds,2024-11-24T17:25:22Z,C.J. Stroud,239.5,-110.0,-110,2024-11-24,HOU,TEN,cj stroud,2024,12,C.J. Stroud,HOU,QB,247.0,18.0,0.0,0.0,247.0,True,False,-8.0,8.0,40.5,True,False,-8.0,8.0,True,False,False,24.25,226.66666666666663,231.4,-1.1666666666666667,-0.1,33.32166462428508,40.96705993844324,0.6666666666666666,0.6,254.2,5.7,10.0,cj stroud,C.J. Stroud,HOU,32.9,21.2,238.5,1.4,0.5,3.0,12.9,0.1,0.2,16.1,8.5,1.0,7.5,231.3465975572764,15.65340244272366,-8.15340244272366,True,-10:-5,225-250,83.52232316389792,rolling_5g,50.0,40.96705993844324,0.3130680488544726,0.43935,0.56065,231.47420248626227,232.15535014884216,50.08527563744354,127.60896779333105,-127.60896779333105,-0.06064999999999998,0.06064999999999998,0.46057750000000003,0.5394225,under,False,"[0.4, 0.45)"
2024-11-24T17:30:00Z,2024-11-24T17:25:38Z,2024-11-24T17:20:38Z,2024-11-24T17:30:38Z,56f4bfb8e21ec6003f31a080be045fc3,americanfootball_nfl,2024-11-24 18:00:00+00:00,Houston Texans,Tennessee Titans,fanduel,FanDuel,2024-11-24T17:23:30Z,player_pass_yds,2024-11-24T17:25:22Z,Will Levis,191.5,-110.0,-110,2024-11-24,HOU,TEN,will levis,2024,12,Will Levis,TEN,QB,278.0,10.0,0.0,0.0,278.0,True,False,-8.0,8.0,40.5,False,True,8.0,-8.0,False,True,False,16.25,188.3333333333333,170.0,-3.5,-22.9,100.66445913694332,112.24972160321823,0.3333333333333333,0.4,167.0,-31.642857142857142,7.0,will levis,Will Levis,TEN,30.4,18.5,198.2,1.1,0.9,4.6,17.7,0.1,0.2,13.3,79.80000000000001,-6.699999999999989,86.5,192.20786707177555,85.79213292822445,0.7078670717755529,True,0:5,175-200,63.59685830662887,rolling_5g,112.24972160321823,112.24972160321823,0.7642970664237688,0.50425,0.49575,192.05638997415474,192.65232145646854,111.73989989176617,-101.71457387796268,101.71457387796268,0.004249999999999976,-0.004249999999999976,0.5027625,0.4972375,pass,False,"[0.5, 0.525)"
2024-11-24T17:30:00Z,2024-11-24T17:25:38Z,2024-11-24T17:20:38Z,2024-11-24T17:30:38Z,366a8618003ac848eac5144aebbeace4,americanfootball_nfl,2024-11-24 18:00:00+00:00,Miami Dolphins,New England Patriots,fanduel,FanDuel,2024-11-24T17:23:30Z,player_pass_yds,2024-11-24T17:25:37Z,Drake Maye,215.5,-110.0,-110,2024-11-24,MIA,NE,drake maye,2024,12,Drake Maye,NE,QB,222.0,26.0,0.0,0.0,222.0,True,False,-7.5,7.5,46.0,False,True,7.5,-7.5,False,True,False,19.25,224.0,194.2,26.5,-5.1,51.41984052872974,104.82461542977394,0.6666666666666666,0.6,202.3333333333333,8.5,6.0,drake maye,Drake Maye,NE,32.8,21.3,214.5,1.1,0.8,4.4,24.9,0.1,0.3,15.1,7.5,1.0,6.5,208.03817245424852,13.96182754575142,-7.461827545751419,True,-10:-5,200-225,69.4161154154068,rolling_5g,104.82461542977394,104.82461542977394,0.1331922610782676,0.46985,0.53015,207.39139035549218,207.20755072762316,104.47203786794134,112.83388315419815,-112.83388315419815,-0.03015000000000001,0.03015000000000001,0.4804025,0.5195975,pass,False,"[0.45, 0.475)"
2024-11-24T17:30:00Z,2024-11-24T17:25:38Z,2024-11-24T17:20:38Z,2024-11-24T17:30:38Z,28c6ab7cb99a26666b9c7d649bbd46f3,americanfootball_nfl,2024-11-24 18:00:00+00:00,New York Giants,Tampa Bay Buccaneers,fanduel,FanDuel,2024-11-24T17:23:30Z,player_pass_yds,2024-11-24T17:25:26Z,Tommy DeVito,179.5,-110.0,-110,2024-11-24,NYG,TB,tommy devito,2024,12,Tommy DeVito,NYG,QB,189.0,32.0,0.0,0.0,189.0,True,False,6.5,-6.5,40.5,True,False,6.5,-6.5,False,True,False,17.0,,,,,,,,,,,0.0,tommy devito,Tommy DeVito,NE,29.9,19.0,199.2,1.0,0.8,3.3,17.0,0.1,0.2,13.2,-10.199999999999989,-19.69999999999999,9.5,193.1790514510684,-4.179051451068375,13.679051451068377,True,10:15,175-200,63.59685830662887,bucket_fallback,63.59685830662887,63.59685830662887,-0.0657116021505233,0.59515,0.40485,194.436940283287,194.06021906616544,63.91709549467818,-147.00506360380385,147.0050636038039,0.09514999999999996,-0.09515000000000001,0.5618474999999999,0.4381525,over,False,"[0.55, 0.6)"
2024-11-24T17:30:00Z,2024-11-24T17:25:38Z,2024-11-24T17:20:38Z,2024-11-24T17:30:38Z,28c6ab7cb99a26666b9c7d649bbd46f3,americanfootball_nfl,2024-11-24 18:00:00+00:00,New York Giants,Tampa Bay Buccaneers,fanduel,FanDuel,2024-11-24T17:23:30Z,player_pass_yds,2024-11-24T17:25:26Z,Baker Mayfield,229.5,-110.0,-110,2024-11-24,NYG,TB,baker mayfield,2024,12,Baker Mayfield,TB,QB,294.0,29.0,0.0,0.0,294.0,True,False,6.5,-6.5,40.5,False,True,-6.5,6.5,True,False,False,23.5,215.3333333333333,230.2,-19.83333333333333,-6.5,107.82083904947751,94.1020722407323,0.3333333333333333,0.4,237.22222222222223,-2.055555555555556,9.0,baker mayfield,Baker Mayfield,TB,32.4,22.7,248.1,1.7,0.8,4.2,16.4,0.1,0.2,17.7,45.900000000000006,-18.599999999999994,64.5,240.66996759848743,53.33003240151257,11.169967598487432,True,10:15,225-250,83.52232316389792,rolling_5g,94.1020722407323,94.1020722407323,0.5667253773655851,0.54475,0.45525,239.88721581140632,240.61706088077085,94.69340637818433,-119.65952773201535,119.65952773201539,0.044749999999999956,-0.04475000000000001,0.5290874999999999,0.4709125,pass,False,"[0.525, 0.55)"
2024-11-24T20:35:00Z,2024-11-24T20:30:38Z,2024-11-24T20:25:38Z,2024-11-24T20:35:38Z,19d5cf9ece71b4671440a3b9e03942c4,americanfootball_nfl,2024-11-24 21:05:00+00:00,Las Vegas Raiders,Denver Broncos,fanduel,FanDuel,2024-11-24T20:30:17Z,player_pass_yds,2024-11-24T20:30:20Z,Gardner Minshew,208.5,-110.0,-110,2024-11-24,LV,DEN,gardner minshew,2024,12,Gardner Minshew,LV,QB,230.0,5.0,0.0,0.0,230.0,True,False,6.5,-6.5,41.5,True,False,6.5,-6.5,False,True,False,17.5,205.0,176.4,5.833333333333333,-18.5,79.07591289387686,68.31032132847862,0.6666666666666666,0.4,203.625,2.5,8.0,gardner minshew,Gardner Minshew II,ARI,32.1,20.7,210.7,1.0,0.8,2.0,7.6,0.1,0.2,12.1,19.30000000000001,-2.1999999999999886,21.5,204.34767181293583,25.65232818706417,-4.152328187064171,True,-5:0,200-225,69.4161154154068,rolling_5g,68.31032132847862,68.31032132847862,0.3755263873479936,0.47655,0.52345,204.23616397287083,204.37413337847204,68.41853088174929,109.84156961494072,-109.84156961494071,-0.023450000000000026,0.02344999999999997,0.4847575,0.5152424999999999,pass,False,"[0.475, 0.5)"
2024-11-24T20:35:00Z,2024-11-24T20:30:38Z,2024-11-24T20:25:38Z,2024-11-24T20:35:38Z,19d5cf9ece71b4671440a3b9e03942c4,americanfootball_nfl,2024-11-24 21:05:00+00:00,Las Vegas Raiders,Denver Broncos,fanduel,FanDuel,2024-11-24T20:30:17Z,player_pass_yds,2024-11-24T20:30:20Z,Bo Nix,221.5,-110.0,-110,2024-11-24,LV,DEN,bo nix,2024,12,Bo Nix,DEN,QB,273.0,5.0,0.0,0.0,273.0,True,False,6.5,-6.5,41.5,False,True,-6.5,6.5,True,False,False,24.0,268.6666666666667,237.2,65.83333333333333,39.1,47.87831798772106,57.79878891464769,1.0,0.8,205.2,12.9,10.0,bo nix,Bo Nix,DEN,32.4,21.3,217.0,1.4,0.8,6.1,27.7,0.3,0.2,17.6,56.0,4.5,51.5,210.46613340248064,62.53386659751936,-11.033866597519363,True,-15:-10,200-225,69.4161154154068,rolling_5g,57.79878891464769,57.79878891464769,1.081923475764588,0.4259,0.5741,210.8046008578739,210.8309427995294,58.01938657909192,134.79690068091102,-134.79690068091105,-0.0741,0.07410000000000005,0.451835,0.548165,under,False,"[0.4, 0.45)"
2024-11-24T20:55:00Z,2024-11-24T20:50:38Z,2024-11-24T20:45:38Z,2024-11-24T20:55:38Z,d9a2e1ead2367a3b0f46d247ed5b2906,americanfootball_nfl,2024-11-24 21:25:00+00:00,Seattle Seahawks,Arizona Cardinals,fanduel,FanDuel,2024-11-24T20:49:52Z,player_pass_yds,2024-11-24T20:50:41Z,Kyler Murray,215.5,-110.0,-110,2024-11-24,SEA,ARI,kyler murray,2024,12,Kyler Murray,ARI,QB,285.0,9.0,0.0,0.0,285.0,True,False,1.0,-1.0,46.5,False,True,-1.0,1.0,True,False,False,23.75,242.3333333333333,213.4,34.833333333333336,1.7,79.19806394940052,70.83996047429729,0.6666666666666666,0.4,204.88888888888889,-14.61111111111111,9.0,kyler murray,Kyler Murray,MIN,30.3,20.5,216.0,1.3,0.4,5.3,35.1,0.3,0.2,18.5,69.0,-0.5,69.5,209.4949490231878,75.50505097681219,-6.005050976812186,True,-10:-5,200-225,69.4161154154068,rolling_5g,70.83996047429729,70.83996047429729,1.0658539399412503,0.4636,0.5364,209.50816502692447,209.02268212085656,70.30357304142623,115.70319240724763,-115.70319240724763,-0.03639999999999999,0.03639999999999999,0.47634,0.52366,pass,False,"[0.45, 0.475)"
2024-11-28T17:00:00Z,2024-11-28T16:55:39Z,2024-11-28T16:50:39Z,2024-11-28T17:00:39Z,818a0f592da4fc2dea2a8caa3170bd6f,americanfootball_nfl,2024-11-28 17:30:00+00:00,Detroit Lions,Chicago Bears,fanduel,FanDuel,2024-11-28T16:54:55Z,player_pass_yds,2024-11-28T16:55:39Z,Caleb Williams,228.5,-110.0,-110,2024-11-28,DET,CHI,caleb williams,2024,13,Caleb Williams,CHI,QB,256.0,39.0,0.0,0.0,256.0,True,False,-9.5,9.5,47.5,False,True,9.5,-9.5,False,True,False,19.0,230.3333333333333,207.8,33.5,-0.5,110.00151514108038,89.03201671309036,0.6666666666666666,0.4,214.1818181818182,-1.9545454545454544,11.0,caleb williams,Caleb Williams,CHI,35.5,21.4,226.9,1.1,0.8,5.3,25.9,0.1,0.2,15.7,29.099999999999994,1.5999999999999943,27.5,220.0808587574796,35.9191412425204,-8.419141242520396,True,-10:-5,200-225,69.4161154154068,rolling_5g,89.03201671309036,89.03201671309036,0.4034407235575875,0.4587,0.5413,219.8624092146257,219.53260999536698,87.84934018510195,118.00741225201658,-118.00741225201658,-0.0413,0.0413,0.473155,0.526845,pass,False,"[0.45, 0.475)"
2024-11-28T17:00:00Z,2024-11-28T16:55:39Z,2024-11-28T16:50:39Z,2024-11-28T17:00:39Z,818a0f592da4fc2dea2a8caa3170bd6f,americanfootball_nfl,2024-11-28 17:30:00+00:00,Detroit Lions,Chicago Bears,fanduel,FanDuel,2024-11-28T16:54:55Z,player_pass_yds,2024-11-28T16:55:39Z,Jared Goff,248.5,-110.0,-110,2024-11-28,DET,CHI,jared goff,2024,13,Jared Goff,DET,QB,221.0,1.0,0.0,0.0,221.0,False,False,-9.5,9.5,47.5,True,False,-9.5,9.5,True,False,False,28.5,307.0,257.2,69.83333333333333,16.5,92.0814856526544,116.80196916148287,1.0,0.8,261.6,12.3,10.0,jared goff,Jared Goff,DET,30.7,21.9,258.0,1.6,0.8,1.7,5.2,0.1,0.2,16.5,-37.0,-9.5,-27.5,250.2846929534864,-29.2846929534864,1.784692953486399,False,0:5,250-275,66.76327241271723,rolling_5g,115.0,116.80196916148287,-0.25464950394336,0.50385,0.49615,250.37461395970755,249.62340693671769,113.36942064036212,-101.5519500151164,101.5519500151164,0.00385000000000002,-0.00385000000000002,0.5025025,0.4974975,pass,True,"[0.5, 0.525)"
2024-11-28T21:00:00Z,2024-11-28T20:55:38Z,2024-11-28T20:50:39Z,2024-11-28T21:00:39Z,1c53fc0f9537ba80e2c121bb58979a24,americanfootball_nfl,2024-11-28 21:30:00+00:00,Dallas Cowboys,New York Giants,fanduel,FanDuel,2024-11-28T20:54:37Z,player_pass_yds,2024-11-28T20:55:43Z,Drew Lock,199.5,-110.0,-110,2024-11-28,DAL,NYG,drew lock,2024,13,Drew Lock,NYG,QB,178.0,57.0,0.0,0.0,178.0,False,False,-4.5,4.5,39.0,False,True,4.5,-4.5,False,True,False,17.25,,,,,,,,,,,0.0,drew lock,Drew Lock,SEA,31.3,19.7,214.8,1.2,0.9,3.4,10.9,0.1,0.3,13.4,-36.80000000000001,-15.300000000000011,-21.5,208.32952776803643,-30.329527768036428,8.829527768036428,False,5:10,200-225,69.4161154154068,bucket_fallback,69.4161154154068,69.4161154154068,-0.4369234375409149,0.54805,0.45195,208.39976448987372,207.95021804215241,69.07205265919944,-121.2634140944795,121.26341409447946,0.04805000000000004,-0.04804999999999998,0.5312325,0.4687675,pass,True,"[0.525, 0.55)"
2024-11-29T19:30:00Z,2024-11-29T19:25:39Z,2024-11-29T19:20:39Z,2024-11-29T19:30:38Z,d703217fef577dba3f2d0c38881dd7d3,americanfootball_nfl,2024-11-29 20:00:00+00:00,Kansas City Chiefs,Las Vegas Raiders,fanduel,FanDuel,2024-11-29T19:24:27Z,player_pass_yds,2024-11-29T19:25:58Z,Aidan O'Connell,219.5,-110.0,-110,2024-11-29,KC,LV,aidan oconnell,2024,13,Aidan O'Connell,LV,QB,340.0,0.0,0.0,0.0,340.0,True,False,-13.5,13.5,42.0,False,True,13.5,-13.5,False,True,False,14.25,139.5,139.5,-63.0,-63.0,123.74368670764582,123.74368670764582,0.5,0.5,139.5,-63.0,2.0,aidan oconnell,Aidan O'Connell,LV,34.3,22.1,220.8,1.0,0.8,1.2,4.3,0.0,0.2,12.2,119.2,-1.3000000000000114,120.5,214.1566340437934,125.8433659562066,-5.343365956206611,True,-10:-5,200-225,69.4161154154068,bucket_fallback,69.4161154154068,69.4161154154068,1.812884014081201,0.46845,0.53155,213.90389971441775,213.66886761873053,69.42400039415236,113.46995410395986,-113.46995410395985,-0.03155000000000002,0.03154999999999997,0.4794925,0.5205075,pass,False,"[0.45, 0.475)"
2024-11-29T19:30:00Z,2024-11-29T19:25:39Z,2024-11-29T19:20:39Z,2024-11-29T19:30:38Z,d703217fef577dba3f2d0c38881dd7d3,americanfootball_nfl,2024-11-29 20:00:00+00:00,Kansas City Chiefs,Las Vegas Raiders,fanduel,FanDuel,2024-11-29T19:24:27Z,player_pass_yds,2024-11-29T19:25:58Z,Patrick Mahomes,248.5,-110.0,-110,2024-11-29,KC,LV,patrick mahomes,2024,13,Patrick Mahomes,KC,QB,306.0,4.0,0.0,0.0,306.0,True,False,-13.5,13.5,42.0,True,False,-13.5,13.5,True,False,False,27.75,243.66666666666663,256.8,7.833333333333333,18.1,41.30778780488416,35.80083797901942,0.6666666666666666,0.8,238.2,-7.8,10.0,patrick mahomes,Patrick Mahomes II,KC,33.9,23.3,246.5,1.8,0.6,4.6,21.4,0.1,0.2,19.1,59.5,2.0,57.5,239.1160725916189,66.88392740838106,-9.383927408381057,True,-10:-5,225-250,83.52232316389792,rolling_5g,50.0,35.80083797901942,1.3376785481676217,0.4328,0.5672,239.9173913683458,239.71022984658248,50.05885944325619,131.0536044362292,-131.05360443622922,-0.06719999999999998,0.06720000000000004,0.45632,0.54368,under,False,"[0.4, 0.45)"
2024-12-01T17:30:00Z,2024-12-01T17:25:38Z,2024-12-01T17:20:37Z,2024-12-01T17:30:38Z,2be5371e838993958fd7eb2eda6fc412,americanfootball_nfl,2024-12-01 18:00:00+00:00,Minnesota Vikings,Arizona Cardinals,fanduel,FanDuel,2024-12-01T17:25:28Z,player_pass_yds,2024-12-01T17:24:59Z,Sam Darnold,252.5,-110.0,-110,2024-12-01,MIN,ARI,sam darnold,2024,13,Sam Darnold,MIN,QB,235.0,22.0,0.0,0.0,235.0,False,False,-3.5,3.5,45.5,True,False,-3.5,3.5,True,False,False,24.5,272.3333333333333,269.4,38.833333333333336,29.7,50.00333322222964,39.73411632338135,0.6666666666666666,0.6,247.0,10.227272727272728,11.0,sam darnold,Sam Darnold,SEA,33.2,22.5,258.3,1.6,0.7,4.1,13.9,0.1,0.3,17.6,-23.30000000000001,-5.800000000000011,-17.5,250.57604826727427,-15.576048267274274,-1.923951732725726,False,-5:0,250-275,66.76327241271723,rolling_5g,50.0,39.73411632338135,-0.3115209653454854,0.4849,0.5151,250.54887926357165,250.54914864044576,49.77844800018063,106.22808826562178,-106.22808826562178,-0.015100000000000002,0.015100000000000002,0.490185,0.509815,pass,True,"[0.475, 0.5)"
2024-12-01T17:30:00Z,2024-12-01T17:25:38Z,2024-12-01T17:20:37Z,2024-12-01T17:30:38Z,2be5371e838993958fd7eb2eda6fc412,americanfootball_nfl,2024-12-01 18:00:00+00:00,Minnesota Vikings,Arizona Cardinals,fanduel,FanDuel,2024-12-01T17:25:28Z,player_pass_yds,2024-12-01T17:24:59Z,Kyler Murray,224.5,-110.0,-110,2024-12-01,MIN,ARI,kyler murray,2024,13,Kyler Murray,ARI,QB,260.0,48.0,0.0,0.0,260.0,True,False,-3.5,3.5,45.5,False,True,3.5,-3.5,False,True,False,21.0,235.0,231.4,23.5,20.7,70.78841713161837,76.22532387599281,0.6666666666666666,0.6,212.9,-6.2,10.0,kyler murray,Kyler Murray,MIN,31.5,20.8,222.8,1.2,0.5,4.7,30.8,0.3,0.2,17.6,37.19999999999999,1.6999999999999886,35.5,216.09900280237903,43.90099719762097,-8.400997197620967,True,-10:-5,200-225,69.4161154154068,rolling_5g,76.22532387599281,76.22532387599281,0.5759371684539027,0.4529,0.5471,215.42097630650684,214.83181773598704,76.41279177588898,120.79929344226096,-120.79929344226099,-0.047099999999999975,0.04710000000000003,0.469385,0.5306150000000001,pass,False,"[0.45, 0.475)"
2024-12-01T17:30:00Z,2024-12-01T17:25:38Z,2024-12-01T17:20:37Z,2024-12-01T17:30:38Z,45b543405582d30cef04650884f45c6d,americanfootball_nfl,2024-12-01 18:00:00+00:00,Atlanta Falcons,Los Angeles Chargers,fanduel,FanDuel,2024-12-01T17:25:28Z,player_pass_yds,2024-12-01T17:26:03Z,Kirk Cousins,239.5,-110.0,-110,2024-12-01,ATL,LAC,kirk cousins,2024,13,Kirk Cousins,ATL,QB,245.0,3.0,0.0,0.0,245.0,True,False,1.0,-1.0,47.0,True,False,1.0,-1.0,False,True,False,23.0,233.66666666666663,241.8,-10.833333333333334,-7.1,67.26316475853132,51.2659731205797,0.3333333333333333,0.4,255.1818181818182,13.772727272727272,11.0,kirk cousins,Kirk Cousins,LV,33.5,21.7,246.1,1.5,0.8,1.2,4.2,0.1,0.3,15.4,-1.0999999999999943,-6.599999999999994,5.5,238.7275988399018,6.272401160098212,-0.7724011600982124,True,-5:0,225-250,83.52232316389792,rolling_5g,51.2659731205797,51.2659731205797,0.1223501823586819,0.49295,0.50705,238.57102320842048,238.5716035717262,50.69215828086436,102.86033066233898,-102.86033066233898,-0.007050000000000001,0.007050000000000001,0.4954175,0.5045825,pass,False,"[0.475, 0.5)"
2024-12-01T17:30:00Z,2024-12-01T17:25:38Z,2024-12-01T17:20:37Z,2024-12-01T17:30:38Z,45b543405582d30cef04650884f45c6d,americanfootball_nfl,2024-12-01 18:00:00+00:00,Atlanta Falcons,Los Angeles Chargers,fanduel,FanDuel,2024-12-01T17:25:28Z,player_pass_yds,2024-12-01T17:26:03Z,Justin Herbert,246.5,-110.0,-110,2024-12-01,ATL,LAC,justin herbert,2024,13,Justin Herbert,LAC,QB,147.0,1.0,0.0,0.0,147.0,False,False,1.0,-1.0,47.0,False,True,-1.0,1.0,True,False,False,24.0,226.3333333333333,248.0,-18.83333333333333,14.5,66.89045771508319,55.84353140695885,0.3333333333333333,0.6,218.54545454545453,5.681818181818182,11.0,justin herbert,Justin Herbert,LAC,34.4,22.9,247.6,1.6,0.4,5.1,20.8,0.2,0.3,18.6,-100.6,-1.0999999999999943,-99.5,240.18437540884105,-93.18437540884102,-6.315624591158979,False,-10:-5,225-250,83.52232316389792,rolling_5g,55.84353140695885,55.84353140695885,-1.6686691020623567,0.4526,0.5474,239.66670102478218,239.6721924573834,55.62582360054431,120.9456473707468,-120.9456473707468,-0.0474,0.0474,0.46919,0.53081,pass,True,"[0.45, 0.475)"
2024-12-01T17:30:00Z,2024-12-01T17:25:38Z,2024-12-01T17:20:37Z,2024-12-01T17:30:38Z,041764a17c3ecb1fccd45fc75b7a2b49,americanfootball_nfl,2024-12-01 18:00:00+00:00,Cincinnati Bengals,Pittsburgh Steelers,fanduel,FanDuel,2024-12-01T17:25:28Z,player_pass_yds,2024-12-01T17:25:14Z,Joe Burrow,265.5,-110.0,-110,2024-12-01,CIN,PIT,joe burrow,2024,13,Joe Burrow,CIN,QB,309.0,9.0,0.0,0.0,309.0,True,False,-3.0,3.0,46.0,True,False,-3.0,3.0,True,False,False,24.5,262.6666666666667,245.6,6.166666666666667,-10.9,88.0814017448254,67.06191169359847,0.3333333333333333,0.2,246.75,-6.5,8.0,joe burrow,Joe Burrow,CIN,36.1,23.8,271.6,2.0,0.7,4.1,14.7,0.1,0.3,19.7,37.39999999999998,-6.100000000000023,43.5,263.49280051186884,45.50719948813117,-2.007199488131164,True,-5:0,250-275,66.76327241271723,rolling_5g,67.06191169359847,67.06191169359847,0.6785848828176955,0.49155,0.50845,263.5358543882742,263.96799221565027,67.03497858504372,103.43810395687113,-103.43810395687112,-0.008450000000000013,0.008449999999999958,0.4945075,0.5054925,pass,False,"[0.475, 0.5)"
2024-12-01T17:30:00Z,2024-12-01T17:25:38Z,2024-12-01T17:20:37Z,2024-12-01T17:30:38Z,0693d63a0af985e361e21fa59fdd8bed,americanfootball_nfl,2024-12-01 18:00:00+00:00,Jacksonville Jaguars,Houston Texans,fanduel,FanDuel,2024-12-01T17:25:28Z,player_pass_yds,2024-12-01T17:25:17Z,C.J. Stroud,262.5,-110.0,-110,2024-12-01,JAX,HOU,cj stroud,2024,13,C.J. Stroud,HOU,QB,242.0,7.0,0.0,0.0,242.0,False,False,3.5,-3.5,44.5,False,True,-3.5,3.5,True,False,False,24.0,245.3333333333333,242.4,11.833333333333334,10.5,12.583057392117862,34.63812927974028,1.0,0.8,253.54545454545453,5.863636363636363,11.0,cj stroud,C.J. Stroud,HOU,34.1,22.6,268.0,1.4,0.5,3.6,14.4,0.1,0.2,17.7,-26.0,-5.5,-20.5,259.9965367464147,-17.996536746414677,-2.5034632535853234,False,-5:0,250-275,66.76327241271723,rolling_5g,50.0,34.63812927974028,-0.3599307349282935,0.48195,0.51805,260.2380698663743,260.2258550460101,50.30820083373904,107.49040356883495,-107.49040356883495,-0.01805000000000001,0.01805000000000001,0.48826749999999997,0.5117325,pass,True,"[0.475, 0.5)"
2024-12-01T17:30:00Z,2024-12-01T17:25:38Z,2024-12-01T17:20:37Z,2024-12-01T17:30:38Z,0693d63a0af985e361e21fa59fdd8bed,americanfootball_nfl,2024-12-01 18:00:00+00:00,Jacksonville Jaguars,Houston Texans,fanduel,FanDuel,2024-12-01T17:25:28Z,player_pass_yds,2024-12-01T17:25:17Z,Trevor Lawrence,210.5,-110.0,-110,2024-12-01,JAX,HOU,trevor lawrence,2024,13,Trevor Lawrence,JAX,QB,41.0,6.0,0.0,0.0,41.0,False,False,3.5,-3.5,44.5,True,False,3.5,-3.5,False,True,False,20.5,266.0,229.0,34.5,0.7,93.21480569094165,83.19555276575785,0.6666666666666666,0.4,218.1428571428572,-12.642857142857142,7.0,trevor lawrence,Trevor Lawrence,JAX,32.3,19.2,223.0,1.2,0.8,3.9,16.9,0.2,0.2,15.2,-182.0,-12.5,-169.5,216.2932396782376,-175.29323967823757,5.793239678237569,False,5:10,200-225,69.4161154154068,rolling_5g,83.19555276575785,83.19555276575785,-2.1070025241828296,0.53305,0.46695,216.8960989772527,217.76860626350611,82.89543038482532,-114.15569118749332,114.15569118749332,0.033050000000000024,-0.033050000000000024,0.5214825000000001,0.4785175,pass,True,"[0.525, 0.55)"
2024-12-01T17:30:00Z,2024-12-01T17:25:38Z,2024-12-01T17:20:37Z,2024-12-01T17:30:38Z,8b7a76ee61f07cddbb60fc1e079bfeed,americanfootball_nfl,2024-12-01 18:00:00+00:00,New England Patriots,Indianapolis Colts,fanduel,FanDuel,2024-12-01T17:25:28Z,player_pass_yds,2024-12-01T17:25:53Z,Anthony Richardson,187.5,-110.0,-110,2024-12-01,NE,IND,anthony richardson,2024,13,Anthony Richardson,IND,QB,109.0,48.0,0.0,0.0,109.0,False,False,2.5,-2.5,41.5,False,True,-2.5,2.5,True,False,False,22.0,206.3333333333333,163.8,14.5,-28.1,56.88878038184093,73.69328327602183,0.3333333333333333,0.2,175.25,-22.75,8.0,anthony richardson,Anthony Richardson Sr.,IND,28.6,16.2,199.1,1.1,0.8,8.4,36.0,0.4,0.3,16.8,-90.1,-11.599999999999994,-78.5,193.0819330131391,-84.08193301313909,5.581933013139093,False,5:10,175-200,63.59685830662887,rolling_5g,73.69328327602183,73.69328327602183,-1.1409714600203935,0.5326,0.4674,193.18958952349243,193.68184713816868,73.71435893598097,-113.94950791613178,113.9495079161318,0.03259999999999996,-0.03260000000000002,0.5211899999999999,0.47881,pass,True,"[0.525, 0.55)"
2024-12-01T17:30:00Z,2024-12-01T17:25:38Z,2024-12-01T17:20:37Z,2024-12-01T17:30:38Z,8b7a76ee61f07cddbb60fc1e079bfeed,americanfootball_nfl,2024-12-01 18:00:00+00:00,New England Patriots,Indianapolis Colts,fanduel,FanDuel,2024-12-01T17:25:28Z,player_pass_yds,2024-12-01T17:25:53Z,Drake Maye,222.5,-110.0,-110,2024-12-01,NE,IND,drake maye,2024,13,Drake Maye,NE,QB,238.0,59.0,0.0,0.0,238.0,True,False,2.5,-2.5,41.5,True,False,2.5,-2.5,False,True,False,19.5,229.3333333333333,183.4,24.83333333333333,-18.9,49.409850569834056,96.76156261656796,0.6666666666666666,0.6,205.1428571428572,8.214285714285714,7.0,drake maye,Drake Maye,NE,32.5,21.7,222.0,1.2,0.8,4.6,25.7,0.2,0.3,15.6,16.0,0.5,15.5,215.32205529894475,22.677944701055253,-7.177944701055253,True,-10:-5,200-225,69.4161154154068,rolling_5g,96.76156261656796,96.76156261656796,0.2343693517116912,0.47095,0.52905,215.29395903715874,215.84594031014058,96.28166903592431,112.33676611105214,-112.33676611105214,-0.02905000000000002,0.02905000000000002,0.4811175,0.5188825,pass,False,"[0.45, 0.475)"
2024-12-01T17:30:00Z,2024-12-01T17:25:38Z,2024-12-01T17:20:37Z,2024-12-01T17:30:38Z,63057e9eb2da9cc89ac93911769b9a3e,americanfootball_nfl,2024-12-01 18:00:00+00:00,New York Jets,Seattle Seahawks,fanduel,FanDuel,2024-12-01T17:25:28Z,player_pass_yds,2024-12-01T17:25:52Z,Geno Smith,233.5,-110.0,-110,2024-12-01,NYJ,SEA,geno smith,2024,13,Geno Smith,SEA,QB,206.0,2.0,0.0,0.0,206.0,False,False,-1.0,1.0,41.5,False,True,1.0,-1.0,False,True,False,20.25,279.3333333333333,251.4,30.166666666666668,-0.1,74.31240363043933,65.0176899005186,0.6666666666666666,0.4,275.90909090909093,30.045454545454547,11.0,geno smith,Geno Smith,NYJ,34.1,22.7,249.5,1.3,0.9,4.3,15.9,0.1,0.2,16.0,-43.5,-16.0,-27.5,242.0296257294974,-36.02962572949741,8.529625729497411,False,5:10,225-250,83.52232316389792,rolling_5g,65.0176899005186,65.0176899005186,-0.5541511207892058,0.5529,0.4471,242.39927407769235,242.27770038959636,64.94280850688315,-123.66360993066425,123.66360993066426,0.05289999999999995,-0.0529,0.534385,0.465615,over,True,"[0.55, 0.6)"
2024-12-01T17:30:00Z,2024-12-01T17:25:38Z,2024-12-01T17:20:37Z,2024-12-01T17:30:38Z,cea1abe8ef88e4105f4cd505b45cd781,americanfootball_nfl,2024-12-01 18:00:00+00:00,Washington Commanders,Tennessee Titans,fanduel,FanDuel,2024-12-01T17:25:28Z,player_pass_yds,2024-12-01T17:24:57Z,Jayden Daniels,220.5,-110.0,-110,2024-12-01,WAS,TEN,jayden daniels,2024,13,Jayden Daniels,WAS,QB,206.0,34.0,0.0,0.0,206.0,False,False,-6.0,6.0,45.0,True,False,-6.0,6.0,True,False,False,25.5,228.66666666666663,186.0,7.166666666666667,-34.9,40.2781992315115,104.65419246260517,0.3333333333333333,0.4,203.0,-10.61111111111111,9.0,jayden daniels,Jayden Daniels,WSH,30.2,20.3,220.2,1.3,0.5,8.1,41.9,0.4,0.2,19.7,-14.199999999999989,0.3000000000000113,-14.5,213.57392341621767,-7.573923416217667,-6.926076583782333,False,-10:-5,200-225,69.4161154154068,rolling_5g,104.65419246260517,104.65419246260517,-0.0723709508238188,0.4728,0.5272,212.70302871220474,213.0293105398858,103.97772902293234,111.50592216582064,-111.50592216582064,-0.027200000000000002,0.027200000000000002,0.48231999999999997,0.51768,pass,True,"[0.45, 0.475)"
2024-12-01T17:30:00Z,2024-12-01T17:25:38Z,2024-12-01T17:20:37Z,2024-12-01T17:30:38Z,cea1abe8ef88e4105f4cd505b45cd781,americanfootball_nfl,2024-12-01 18:00:00+00:00,Washington Commanders,Tennessee Titans,fanduel,FanDuel,2024-12-01T17:25:28Z,player_pass_yds,2024-12-01T17:24:57Z,Will Levis,201.5,-110.0,-110,2024-12-01,WAS,TEN,will levis,2024,13,Will Levis,TEN,QB,212.0,-3.0,0.0,0.0,212.0,True,False,-6.0,6.0,45.0,False,True,6.0,-6.0,False,True,False,19.5,249.3333333333333,173.6,60.16666666666666,-18.7,64.93329911018945,116.08100619825794,0.6666666666666666,0.4,180.875,-16.875,8.0,will levis,Will Levis,TEN,32.0,20.8,219.5,1.2,0.9,4.9,18.8,0.1,0.2,15.0,-7.5,-18.0,10.5,212.8940943507127,-0.8940943507126917,11.394094350712692,True,10:15,200-225,69.4161154154068,rolling_5g,115.0,116.08100619825794,-0.0077747334844581,0.5435,0.4565,212.6897051795506,212.75362846475434,114.28278880328789,-119.05805038335158,119.05805038335158,0.04349999999999998,-0.04349999999999998,0.5282749999999999,0.471725,pass,False,"[0.525, 0.55)"
2024-12-01T20:35:00Z,2024-12-01T20:30:37Z,2024-12-01T20:25:37Z,2024-12-01T20:35:37Z,59ffd762ad2b5d96196f4f58037ab670,americanfootball_nfl,2024-12-01 21:05:00+00:00,Carolina Panthers,Tampa Bay Buccaneers,fanduel,FanDuel,2024-12-01T20:30:30Z,player_pass_yds,2024-12-01T20:30:46Z,Baker Mayfield,237.5,-110.0,-110,2024-12-01,CAR,TB,baker mayfield,2024,13,Baker Mayfield,TB,QB,235.0,8.0,0.0,0.0,235.0,False,False,6.5,-6.5,46.0,False,True,-6.5,6.5,True,False,False,26.25,203.3333333333333,253.0,-34.166666666666664,18.3,89.04680417248751,92.69843580125828,0.3333333333333333,0.6,242.9,4.6,10.0,baker mayfield,Baker Mayfield,TB,33.3,23.3,253.0,1.8,0.8,3.9,15.6,0.2,0.2,18.4,-18.0,-15.5,-2.5,245.4287710570223,-10.428771057022288,7.928771057022288,False,5:10,225-250,83.52232316389792,rolling_5g,92.69843580125828,92.69843580125828,-0.1125021254876528,0.5312,0.4688,244.9882754964462,244.9751381503715,93.06401670249224,-113.31058020477815,113.31058020477815,0.031200000000000006,-0.031200000000000006,0.52028,0.47972,pass,True,"[0.525, 0.55)"
2024-12-01T20:35:00Z,2024-12-01T20:30:37Z,2024-12-01T20:25:37Z,2024-12-01T20:35:37Z,59ffd762ad2b5d96196f4f58037ab670,americanfootball_nfl,2024-12-01 21:05:00+00:00,Carolina Panthers,Tampa Bay Buccaneers,fanduel,FanDuel,2024-12-01T20:30:30Z,player_pass_yds,2024-12-01T20:30:46Z,Bryce Young,205.5,-110.0,-110,2024-12-01,CAR,TB,bryce young,2024,13,Bryce Young,CAR,QB,298.0,17.0,0.0,0.0,298.0,True,False,6.5,-6.5,46.0,True,False,6.5,-6.5,False,True,False,19.75,186.66666666666663,173.6,6.166666666666667,-3.5,69.83074776438623,72.16855270822604,0.3333333333333333,0.4,171.5,-9.666666666666666,6.0,bryce young,Bryce Young,CAR,31.4,19.3,202.9,1.1,0.8,3.1,15.0,0.1,0.2,13.6,95.1,2.5999999999999943,92.5,196.77243365445185,101.22756634554818,-8.727566345548183,True,-10:-5,175-200,63.59685830662887,rolling_5g,72.16855270822604,72.16855270822604,1.4026547927988289,0.44905,0.55095,196.6466949871508,196.17910523743132,71.74580421785623,122.69235051775972,-122.69235051775975,-0.050949999999999995,0.05095000000000005,0.4668825,0.5331175,under,False,"[0.4, 0.45)"
2024-12-01T20:35:00Z,2024-12-01T20:30:37Z,2024-12-01T20:25:37Z,2024-12-01T20:35:37Z,9dcbd3e2d022d7ed1ef1e0e7f8b08f2b,americanfootball_nfl,2024-12-01 21:05:00+00:00,New Orleans Saints,Los Angeles Rams,fanduel,FanDuel,2024-12-01T20:30:31Z,player_pass_yds,2024-12-01T20:30:05Z,Matthew Stafford,261.5,-110.0,-110,2024-12-01,NO,LAR,matthew stafford,2024,13,Matthew Stafford,LAR,QB,183.0,3.0,0.0,0.0,183.0,False,False,2.5,-2.5,48.5,False,True,-2.5,2.5,True,False,False,25.5,277.0,281.6,28.5,35.3,29.461839725312487,22.777181564012714,0.6666666666666666,0.8,254.0,12.6,10.0,matthew stafford,Matthew Stafford,LAR,34.9,23.1,260.6,1.7,0.6,1.1,3.8,0.0,0.2,16.8,-77.60000000000002,0.8999999999999773,-78.5,252.80977233964776,-69.80977233964776,-8.690227660352235,False,-10:-5,250-275,66.76327241271723,rolling_5g,50.0,22.777181564012714,-1.3961954467929554,0.42625,0.57375,252.368435667652,251.89598454172372,49.89206704704327,134.6041055718475,-134.6041055718475,-0.07374999999999998,0.07374999999999998,0.45206250000000003,0.5479375,under,True,"[0.4, 0.45)"
2024-12-02T00:50:00Z,2024-12-02T00:45:38Z,2024-12-02T00:40:37Z,2024-12-02T00:50:37Z,31557235498f42eeba725001c12c97ff,americanfootball_nfl,2024-12-02 01:20:00+00:00,Buffalo Bills,San Francisco 49ers,fanduel,FanDuel,2024-12-02T00:44:59Z,player_pass_yds,2024-12-02T00:44:42Z,Josh Allen,224.5,-110.0,-110,2024-12-01,BUF,SF,josh allen,2024,13,Josh Allen,BUF,QB,148.0,18.0,0.0,0.0,148.0,False,False,-6.5,6.5,45.0,True,False,-6.5,6.5,True,False,False,25.75,259.0,276.6,24.83333333333333,47.5,22.6495033058122,32.20714206507618,0.6666666666666666,0.8,231.1818181818182,1.5909090909090908,11.0,josh allen,Josh Allen,BUF,33.2,21.2,239.7,1.6,0.5,7.2,36.3,0.5,0.3,21.7,-91.7,-15.199999999999989,-76.5,232.51201881242773,-84.51201881242773,8.012018812427726,False,5:10,225-250,83.52232316389792,rolling_5g,50.0,32.20714206507618,-1.6902403762485545,0.56645,0.43355,232.95892377552065,232.54108261793886,50.278656902705336,-130.65390381732212,130.65390381732212,0.06645000000000001,-0.06645000000000001,0.5431925,0.4568075,over,True,"[0.55, 0.6)"
2024-12-02T00:50:00Z,2024-12-02T00:45:38Z,2024-12-02T00:40:37Z,2024-12-02T00:50:37Z,31557235498f42eeba725001c12c97ff,americanfootball_nfl,2024-12-02 01:20:00+00:00,Buffalo Bills,San Francisco 49ers,fanduel,FanDuel,2024-12-02T00:44:59Z,player_pass_yds,2024-12-02T00:44:42Z,Brock Purdy,219.5,-110.0,-110,2024-12-01,BUF,SF,brock purdy,2024,13,Brock Purdy,SF,QB,94.0,4.0,0.0,0.0,94.0,False,False,-6.5,6.5,45.0,False,True,6.5,-6.5,False,True,False,19.25,257.3333333333333,247.8,7.833333333333333,-3.5,97.0274875142778,71.47517051396241,0.6666666666666666,0.6,261.3,13.3,10.0,brock purdy,Brock Purdy,SF,32.0,22.4,252.8,1.4,0.8,4.9,22.6,0.2,0.2,18.0,-158.8,-33.30000000000001,-125.5,245.23453418116367,-151.23453418116372,25.734534181163724,False,25+,225-250,83.52232316389792,rolling_5g,71.47517051396241,71.47517051396241,-2.1159030904532163,0.6404,0.3596,245.51633072799476,244.7935170230736,71.64407711599557,-178.08676307007784,178.0867630700779,0.14039999999999997,-0.14040000000000002,0.59126,0.40874,pass,True,"[0.6, 1.0)"
2024-12-02T23:45:00Z,2024-12-02T23:40:38Z,2024-12-02T23:35:38Z,2024-12-02T23:45:38Z,e73de417d2fd01292ed12cea2a906903,americanfootball_nfl,2024-12-03 01:15:00+00:00,Denver Broncos,Cleveland Browns,fanduel,FanDuel,2024-12-02T23:40:19Z,player_pass_yds,2024-12-02T23:40:30Z,Bo Nix,223.5,-110.0,-110,2024-12-02,DEN,CLE,bo nix,2024,13,Bo Nix,DEN,QB,294.0,4.0,0.0,0.0,294.0,True,False,-6.5,6.5,41.5,True,False,-6.5,6.5,True,False,False,24.0,265.0,248.6,55.5,43.7,46.51881339845204,58.191923838278456,1.0,0.8,211.3636363636364,16.40909090909091,11.0,bo nix,Bo Nix,DEN,33.3,21.5,232.2,1.4,0.8,5.5,25.5,0.2,0.2,17.9,61.80000000000001,-8.699999999999989,70.5,225.2281359677316,68.77186403226847,1.7281359677315322,True,0:5,225-250,83.52232316389792,rolling_5g,58.191923838278456,58.191923838278456,1.181811143130321,0.5131,0.4869,225.4413664400964,225.24975577302428,57.53733865385985,-105.38098172109264,105.38098172109264,0.0131,-0.0131,0.508515,0.491485,pass,False,"[0.5, 0.525)"
2024-12-02T23:45:00Z,2024-12-02T23:40:38Z,2024-12-02T23:35:38Z,2024-12-02T23:45:38Z,e73de417d2fd01292ed12cea2a906903,americanfootball_nfl,2024-12-03 01:15:00+00:00,Denver Broncos,Cleveland Browns,fanduel,FanDuel,2024-12-02T23:40:19Z,player_pass_yds,2024-12-02T23:40:30Z,Jameis Winston,232.5,-110.0,-110,2024-12-02,DEN,CLE,jameis winston,2024,13,Jameis Winston,CLE,QB,497.0,11.0,0.0,0.0,497.0,True,False,-6.5,6.5,41.5,False,True,6.5,-6.5,False,True,False,17.5,283.0,283.0,51.833333333333336,51.833333333333336,97.32420048477152,97.32420048477152,0.6666666666666666,0.6666666666666666,283.0,51.833333333333336,3.0,jameis winston,Jameis Winston,NYG,33.3,21.0,236.5,1.2,1.0,2.6,9.7,0.0,0.1,14.0,260.5,-4.0,264.5,229.4042287986907,267.5957712013093,-3.0957712013093044,True,-5:0,225-250,83.52232316389792,rolling_3g,97.32420048477152,97.32420048477152,2.7495296120432084,0.48585,0.51415,228.6811278486697,229.16203852476914,97.55625733682946,105.82484305855716,-105.82484305855716,-0.014149999999999996,0.014149999999999996,0.49080250000000003,0.5091975,pass,False,"[0.475, 0.5)"
2024-12-08T17:30:00Z,2024-12-08T17:25:37Z,2024-12-08T17:20:38Z,2024-12-08T17:30:37Z,c14dd2e8bf469a6736f73be3c28706e8,americanfootball_nfl,2024-12-08 18:00:00+00:00,Minnesota Vikings,Atlanta Falcons,fanduel,FanDuel,2024-12-08T17:25:24Z,player_pass_yds,2024-12-08T17:26:02Z,Sam Darnold,253.5,-110.0,-110,2024-12-08,MIN,ATL,sam darnold,2024,14,Sam Darnold,MIN,QB,347.0,7.0,0.0,0.0,347.0,True,False,-6.0,6.0,46.5,True,False,-6.0,6.0,True,False,False,26.25,270.3333333333333,268.4,33.166666666666664,27.1,51.96473162957097,40.70994964379102,0.6666666666666666,0.6,246.0,7.916666666666667,12.0,sam darnold,Sam Darnold,SEA,33.0,22.9,260.2,1.7,0.7,4.3,14.8,0.1,0.3,18.4,86.80000000000001,-6.699999999999989,93.5,252.4212985879306,94.5787014120694,-1.0787014120693923,True,-5:0,250-275,66.76327241271723,rolling_5g,50.0,40.70994964379102,1.891574028241388,0.4941,0.5059,252.72588211827474,252.75709481974968,50.31381540122209,102.38818053025705,-102.38818053025705,-0.005900000000000016,0.005900000000000016,0.49616499999999997,0.503835,pass,False,"[0.475, 0.5)"
2024-12-08T17:30:00Z,2024-12-08T17:25:37Z,2024-12-08T17:20:38Z,2024-12-08T17:30:37Z,c14dd2e8bf469a6736f73be3c28706e8,americanfootball_nfl,2024-12-08 18:00:00+00:00,Minnesota Vikings,Atlanta Falcons,fanduel,FanDuel,2024-12-08T17:25:24Z,player_pass_yds,2024-12-08T17:26:02Z,Kirk Cousins,235.5,-110.0,-110,2024-12-08,MIN,ATL,kirk cousins,2024,14,Kirk Cousins,ATL,QB,344.0,0.0,0.0,0.0,344.0,True,False,-6.0,6.0,46.5,False,True,6.0,-6.0,False,True,False,20.25,241.3333333333333,244.4,1.8333333333333333,0.1,66.57577136866932,50.97352253866708,0.6666666666666666,0.6,254.3333333333333,13.083333333333334,12.0,kirk cousins,Kirk Cousins,LV,33.4,21.8,241.4,1.3,0.9,1.2,3.5,0.0,0.2,14.1,102.6,-5.900000000000006,108.5,234.16303225722552,109.83696774277448,-1.3369677427744762,True,-5:0,225-250,83.52232316389792,rolling_5g,50.97352253866708,50.97352253866708,2.15478472494137,0.4865,0.5135,234.05839764512396,233.83066096736258,50.54890633189095,105.54984583761563,-105.5498458376156,-0.013500000000000012,0.013499999999999956,0.49122499999999997,0.508775,pass,False,"[0.475, 0.5)"
2024-12-08T17:30:00Z,2024-12-08T17:25:37Z,2024-12-08T17:20:38Z,2024-12-08T17:30:37Z,7ae6be20a581839e77dd6b3f4eab564b,americanfootball_nfl,2024-12-08 18:00:00+00:00,Pittsburgh Steelers,Cleveland Browns,fanduel,FanDuel,2024-12-08T17:25:24Z,player_pass_yds,2024-12-08T17:25:49Z,Jameis Winston,246.5,-110.0,-110,2024-12-08,PIT,CLE,jameis winston,2024,14,Jameis Winston,CLE,QB,212.0,28.0,0.0,0.0,212.0,False,False,-6.0,6.0,43.0,False,True,6.0,-6.0,False,True,False,18.5,370.3333333333333,336.5,141.66666666666666,104.625,140.63190723777208,133.28040616184612,1.0,0.75,336.5,104.625,4.0,jameis winston,Jameis Winston,NYG,34.7,21.2,251.1,1.4,1.1,2.5,9.9,0.1,0.2,15.3,-39.1,-4.599999999999994,-34.5,243.58352073636595,-31.583520736365926,-2.916479263634073,False,-5:0,225-250,83.52232316389792,rolling_3g,115.0,140.63190723777208,-0.2746393107510083,0.4938,0.5062,243.9076913753762,244.86826725934566,116.2298739875504,102.51113811259619,-102.51113811259619,-0.006199999999999983,0.006199999999999983,0.49597,0.50403,pass,True,"[0.475, 0.5)"
2024-12-08T17:30:00Z,2024-12-08T17:25:37Z,2024-12-08T17:20:38Z,2024-12-08T17:30:37Z,7d1198f17462901352e686d8d9515232,americanfootball_nfl,2024-12-08 18:00:00+00:00,Tennessee Titans,Jacksonville Jaguars,fanduel,FanDuel,2024-12-08T17:25:24Z,player_pass_yds,2024-12-08T17:25:44Z,Will Levis,214.5,-110.0,-110,2024-12-08,TEN,JAX,will levis,2024,14,Will Levis,TEN,QB,168.0,3.0,0.0,0.0,168.0,False,False,-3.0,3.0,40.0,True,False,-3.0,3.0,True,False,False,21.5,261.6666666666667,211.0,67.5,17.3,43.84442191811099,81.08329051043746,1.0,0.6,184.3333333333333,-13.833333333333334,9.0,will levis,Will Levis,TEN,31.0,20.6,229.7,1.4,0.9,4.9,18.5,0.1,0.2,16.1,-61.69999999999999,-15.199999999999989,-46.5,222.80017501949948,-54.80017501949948,8.300175019499477,False,5:10,200-225,69.4161154154068,rolling_5g,81.08329051043746,81.08329051043746,-0.6758504085677839,0.54195,0.45805,223.11724500905052,223.01795601239496,81.33226708378623,-118.31677764436199,118.31677764436195,0.04195000000000004,-0.04194999999999999,0.5272675,0.4727325,pass,True,"[0.525, 0.55)"
2024-12-08T17:30:00Z,2024-12-08T17:25:37Z,2024-12-08T17:20:38Z,2024-12-08T17:30:37Z,7d1198f17462901352e686d8d9515232,americanfootball_nfl,2024-12-08 18:00:00+00:00,Tennessee Titans,Jacksonville Jaguars,fanduel,FanDuel,2024-12-08T17:25:24Z,player_pass_yds,2024-12-08T17:25:44Z,Mac Jones,199.5,-110.0,-110,2024-12-08,TEN,JAX,mac jones,2024,14,Mac Jones,JAX,QB,220.0,3.0,0.0,0.0,220.0,True,False,-3.0,3.0,40.0,False,True,3.0,-3.0,False,True,False,18.5,124.5,124.5,-75.5,-75.5,19.091883092036785,19.091883092036785,0.0,0.0,124.5,-75.5,2.0,mac jones,Mac Jones,SF,32.5,20.8,209.0,1.1,0.9,2.2,8.3,0.1,0.1,12.8,11.0,-9.5,20.5,202.6966583681381,17.30334163186194,3.19665836813806,True,0:5,200-225,69.4161154154068,bucket_fallback,69.4161154154068,69.4161154154068,0.2492698061295067,0.5225,0.4775,203.23010216876352,203.4363487000997,69.94979578371239,-109.4240837696335,109.42408376963351,0.022499999999999964,-0.02250000000000002,0.514625,0.485375,pass,False,"[0.5, 0.525)"
2024-12-08T17:30:00Z,2024-12-08T17:25:37Z,2024-12-08T17:20:38Z,2024-12-08T17:30:37Z,48859a2a659fe2dd71db168127a01b13,americanfootball_nfl,2024-12-08 18:00:00+00:00,Tampa Bay Buccaneers,Las Vegas Raiders,fanduel,FanDuel,2024-12-08T17:25:24Z,player_pass_yds,2024-12-08T17:24:55Z,Baker Mayfield,246.5,-110.0,-110,2024-12-08,TB,LV,baker mayfield,2024,14,Baker Mayfield,TB,QB,295.0,12.0,0.0,0.0,295.0,True,False,-7.0,7.0,47.0,True,False,-7.0,7.0,True,False,False,27.0,215.0,235.0,-21.83333333333333,0.5,90.66973034039536,83.50449089719666,0.3333333333333333,0.4,242.1818181818182,3.954545454545455,11.0,baker mayfield,Baker Mayfield,TB,32.3,22.0,244.2,1.7,0.8,3.8,14.3,0.1,0.2,17.7,50.80000000000001,2.300000000000012,48.5,236.88234851924545,58.117651480754574,-9.617651480754574,True,-10:-5,225-250,83.52232316389792,rolling_5g,83.50449089719666,83.50449089719666,0.6959823460549428,0.45585,0.54415,237.5753445340245,237.4532078704909,83.36023520029971,119.37040693210486,-119.37040693210486,-0.04415000000000002,0.04415000000000002,0.47130249999999996,0.5286975,pass,False,"[0.45, 0.475)"
2024-12-08T17:30:00Z,2024-12-08T17:25:37Z,2024-12-08T17:20:38Z,2024-12-08T17:30:37Z,48859a2a659fe2dd71db168127a01b13,americanfootball_nfl,2024-12-08 18:00:00+00:00,Tampa Bay Buccaneers,Las Vegas Raiders,fanduel,FanDuel,2024-12-08T17:25:24Z,player_pass_yds,2024-12-08T17:24:55Z,Aidan O'Connell,237.5,-110.0,-110,2024-12-08,TB,LV,aidan oconnell,2024,14,Aidan O'Connell,LV,QB,104.0,6.0,0.0,0.0,104.0,False,False,-7.0,7.0,47.0,False,True,7.0,-7.0,False,True,False,20.0,206.3333333333333,206.3333333333333,-1.8333333333333333,-1.8333333333333333,145.10800575203746,145.10800575203746,0.6666666666666666,0.6666666666666666,206.3333333333333,-1.8333333333333333,3.0,aidan oconnell,Aidan O'Connell,LV,34.8,22.5,234.3,1.3,0.8,0.9,3.1,0.0,0.2,13.6,-130.3,3.1999999999999886,-133.5,227.2676231642465,-123.26762316424649,-10.232376835753511,False,-15:-10,225-250,83.52232316389792,rolling_3g,115.0,145.10800575203746,-1.071892375341274,0.466,0.534,227.77934801194235,227.36556728137947,115.11694613807484,114.5922746781116,-114.59227467811161,-0.033999999999999975,0.03400000000000003,0.4779,0.5221,pass,True,"[0.45, 0.475)"
2024-12-08T17:30:00Z,2024-12-08T17:25:37Z,2024-12-08T17:20:38Z,2024-12-08T17:30:37Z,b8419de1f0e84d8b18da62151ab69596,americanfootball_nfl,2024-12-08 18:00:00+00:00,Miami Dolphins,New York Jets,fanduel,FanDuel,2024-12-08T17:25:24Z,player_pass_yds,2024-12-08T17:25:01Z,Tua Tagovailoa,252.5,-110.0,-110,2024-12-08,MIA,NYJ,tua tagovailoa,2024,14,Tua Tagovailoa,MIA,QB,331.0,3.0,0.0,0.0,331.0,True,False,-6.5,6.5,45.0,True,False,-6.5,6.5,True,False,False,25.75,323.3333333333333,281.6,82.16666666666667,39.1,38.88873015840619,63.98281019148815,1.0,0.6,265.625,15.0,8.0,tua tagovailoa,Tua Tagovailoa,ATL,33.2,23.6,253.8,1.8,0.8,2.1,6.4,0.1,0.2,17.1,77.19999999999999,-1.3000000000000114,78.5,246.2057185604565,84.79428143954345,-6.294281439543454,True,-10:-5,225-250,83.52232316389792,rolling_5g,63.98281019148815,63.98281019148815,1.3252666018540078,0.46505,0.53495,246.91051311513175,247.27141036714255,63.522680511992554,115.03064186646597,-115.03064186646598,-0.03494999999999998,0.03495000000000004,0.4772825,0.5227175000000001,pass,False,"[0.45, 0.475)"
2024-12-08T17:30:00Z,2024-12-08T17:25:37Z,2024-12-08T17:20:38Z,2024-12-08T17:30:37Z,20f2d85ab93463d3c7dbe2573da7f892,americanfootball_nfl,2024-12-08 18:00:00+00:00,New York Giants,New Orleans Saints,fanduel,FanDuel,2024-12-08T17:25:24Z,player_pass_yds,2024-12-08T17:25:06Z,Drew Lock,192.5,-110.0,-110,2024-12-08,NYG,NO,drew lock,2024,14,Drew Lock,NYG,QB,227.0,59.0,0.0,0.0,227.0,True,False,5.5,-5.5,41.0,True,False,5.5,-5.5,False,True,False,17.75,178.0,178.0,-21.5,-21.5,,,0.0,0.0,178.0,-21.5,1.0,drew lock,Drew Lock,SEA,31.4,19.7,221.9,1.0,0.9,4.5,18.2,0.2,0.5,13.9,5.099999999999994,-29.40000000000001,34.5,215.22493686101544,11.775063138984535,22.724936861015465,True,15:25,200-225,69.4161154154068,bucket_fallback,69.4161154154068,69.4161154154068,0.1696301077713592,0.6294,0.3706,214.7688519077181,214.65061879000882,69.27897980201139,-169.83270372369128,169.8327037236913,0.12939999999999996,-0.12940000000000002,0.58411,0.41589,pass,False,"[0.6, 1.0)"
2024-12-08T20:35:00Z,2024-12-08T20:30:39Z,2024-12-08T20:25:37Z,2024-12-08T20:35:37Z,8c7efb50e0c8c9be94e7b969c58da045,americanfootball_nfl,2024-12-08 21:05:00+00:00,Arizona Cardinals,Seattle Seahawks,fanduel,FanDuel,2024-12-08T20:29:49Z,player_pass_yds,2024-12-08T20:30:40Z,Kyler Murray,226.5,-110.0,-110,2024-12-08,ARI,SEA,kyler murray,2024,14,Kyler Murray,ARI,QB,259.0,16.0,0.0,0.0,259.0,True,False,-3.0,3.0,45.5,True,False,-3.0,3.0,True,False,False,24.25,270.3333333333333,254.4,57.5,41.9,13.051181300301328,59.05336569578402,1.0,0.8,217.1818181818182,-2.409090909090909,11.0,kyler murray,Kyler Murray,MIN,31.5,21.1,222.2,1.2,0.5,5.1,31.5,0.3,0.2,17.9,36.80000000000001,4.300000000000011,32.5,215.5162921748033,43.48370782519669,-10.983707825196689,True,-15:-10,200-225,69.4161154154068,rolling_5g,59.05336569578402,59.05336569578402,0.7363459696642001,0.43425,0.56575,216.2151526051188,216.28726934739575,59.052681824796274,130.28209556706963,-130.28209556706963,-0.06574999999999998,0.06574999999999998,0.4572625,0.5427375,under,False,"[0.4, 0.45)"
2024-12-08T20:35:00Z,2024-12-08T20:30:39Z,2024-12-08T20:25:37Z,2024-12-08T20:35:37Z,8c7efb50e0c8c9be94e7b969c58da045,americanfootball_nfl,2024-12-08 21:05:00+00:00,Arizona Cardinals,Seattle Seahawks,fanduel,FanDuel,2024-12-08T20:29:49Z,player_pass_yds,2024-12-08T20:30:40Z,Geno Smith,254.5,-110.0,-110,2024-12-08,ARI,SEA,geno smith,2024,14,Geno Smith,SEA,QB,233.0,0.0,0.0,0.0,233.0,False,False,-3.0,3.0,45.5,False,True,3.0,-3.0,False,True,False,21.25,227.0,251.2,-17.5,6.5,24.55605831561728,65.18972311645447,0.3333333333333333,0.4,270.0833333333333,25.25,12.0,geno smith,Geno Smith,NYJ,34.9,23.8,252.3,1.3,0.9,3.7,14.2,0.1,0.2,16.1,-19.30000000000001,2.1999999999999886,-21.5,244.7489419915173,-11.748941991517311,-9.751058008482689,False,-10:-5,225-250,83.52232316389792,rolling_5g,65.18972311645447,65.18972311645447,-0.1802269043316702,0.4384,0.5616,244.47837043805782,244.23744435268907,64.6793735780624,128.10218978102188,-128.10218978102188,-0.06159999999999999,0.06159999999999999,0.45996000000000004,0.54004,under,True,"[0.4, 0.45)"
2024-12-08T20:55:00Z,2024-12-08T20:50:37Z,2024-12-08T20:45:37Z,2024-12-08T20:55:37Z,5188cb03fd7577d7448874486c26dccb,americanfootball_nfl,2024-12-08 21:25:00+00:00,Los Angeles Rams,Buffalo Bills,fanduel,FanDuel,2024-12-08T20:50:22Z,player_pass_yds,2024-12-08T20:49:44Z,Josh Allen,242.5,-110.0,-110,2024-12-08,LAR,BUF,josh allen,2024,14,Josh Allen,BUF,QB,342.0,82.0,0.0,0.0,342.0,True,False,3.5,-3.5,49.5,False,True,-3.5,3.5,True,False,False,26.5,230.0,241.6,0.1666666666666666,10.7,71.58212067269311,55.69829440835688,0.6666666666666666,0.6,224.25,-4.916666666666667,12.0,josh allen,Josh Allen,BUF,33.0,21.7,252.5,1.6,0.5,6.8,34.5,0.5,0.3,22.2,89.5,-10.0,99.5,244.94317886737588,97.05682113262412,2.4431788673758774,True,0:5,225-250,83.52232316389792,rolling_5g,55.69829440835688,55.69829440835688,1.7425456589575905,0.5175,0.4825,245.14086374129047,245.0831313001805,56.03093090296854,-107.25388601036268,107.2538860103627,0.01749999999999996,-0.017500000000000016,0.511375,0.488625,pass,False,"[0.5, 0.525)"
2024-12-08T20:55:00Z,2024-12-08T20:50:37Z,2024-12-08T20:45:37Z,2024-12-08T20:55:37Z,5188cb03fd7577d7448874486c26dccb,americanfootball_nfl,2024-12-08 21:25:00+00:00,Los Angeles Rams,Buffalo Bills,fanduel,FanDuel,2024-12-08T20:50:22Z,player_pass_yds,2024-12-08T20:49:44Z,Matthew Stafford,251.5,-110.0,-110,2024-12-08,LAR,BUF,matthew stafford,2024,14,Matthew Stafford,LAR,QB,320.0,0.0,0.0,0.0,320.0,True,False,3.5,-3.5,49.5,True,False,3.5,-3.5,False,True,False,23.0,240.3333333333333,262.4,-10.833333333333334,12.7,56.04759881862322,49.86782529848279,0.3333333333333333,0.6,247.54545454545453,4.318181818181818,11.0,matthew stafford,Matthew Stafford,LAR,35.2,23.8,247.8,1.6,0.6,1.0,3.3,0.0,0.2,15.8,72.19999999999999,3.6999999999999886,68.5,240.3786122846996,79.62138771530039,-11.121387715300386,True,-15:-10,225-250,83.52232316389792,rolling_5g,50.0,49.86782529848279,1.5924277543060077,0.41015,0.58985,239.99674542798473,240.07231403464843,49.961105392529966,143.8132390588809,-143.8132390588809,-0.08984999999999999,0.08984999999999999,0.44159750000000003,0.5584025,under,False,"[0.4, 0.45)"
2024-12-08T20:55:00Z,2024-12-08T20:50:37Z,2024-12-08T20:45:37Z,2024-12-08T20:55:37Z,57e91ca052d9484f67f83308f3fb7f65,americanfootball_nfl,2024-12-08 21:25:00+00:00,San Francisco 49ers,Chicago Bears,fanduel,FanDuel,2024-12-08T20:50:22Z,player_pass_yds,2024-12-08T20:50:18Z,Caleb Williams,226.5,-110.0,-110,2024-12-08,SF,CHI,caleb williams,2024,14,Caleb Williams,CHI,QB,134.0,27.0,0.0,0.0,134.0,False,False,-3.0,3.0,43.5,False,True,3.0,-3.0,False,True,False,20.25,275.6666666666667,232.8,70.16666666666667,24.3,57.09932865921743,79.06769251723487,1.0,0.6,217.66666666666663,0.5,12.0,caleb williams,Caleb Williams,CHI,32.9,20.2,214.9,1.3,0.8,5.7,30.7,0.1,0.2,16.5,-80.9,11.599999999999994,-92.5,208.4266462059657,-74.42664620596571,-18.07335379403429,False,-25:-15,200-225,69.4161154154068,rolling_5g,79.06769251723487,79.06769251723487,-0.9413028739866472,0.4082,0.5918,207.8859039457161,208.33878993554117,79.77161637653704,144.9779519843214,-144.9779519843214,-0.09179999999999999,0.09179999999999999,0.44033,0.55967,under,True,"[0.4, 0.45)"
2024-12-08T20:55:00Z,2024-12-08T20:50:37Z,2024-12-08T20:45:37Z,2024-12-08T20:55:37Z,57e91ca052d9484f67f83308f3fb7f65,americanfootball_nfl,2024-12-08 21:25:00+00:00,San Francisco 49ers,Chicago Bears,fanduel,FanDuel,2024-12-08T20:50:22Z,player_pass_yds,2024-12-08T20:50:18Z,Brock Purdy,226.5,-110.0,-110,2024-12-08,SF,CHI,brock purdy,2024,14,Brock Purdy,SF,QB,325.0,11.0,0.0,0.0,325.0,True,False,-3.0,3.0,43.5,True,False,-3.0,3.0,True,False,False,23.25,202.0,215.6,-41.833333333333336,-28.9,134.7479127853192,98.55607540887574,0.3333333333333333,0.4,246.0909090909091,0.6818181818181818,11.0,brock purdy,Brock Purdy,SF,30.5,20.2,250.5,1.5,0.8,4.6,20.3,0.2,0.2,17.9,74.5,-24.0,98.5,243.00081010879023,81.99918989120977,16.500810108790233,True,15:25,225-250,83.52232316389792,rolling_5g,98.55607540887574,98.55607540887574,0.8320054299141167,0.5668,0.4332,242.63787080588438,243.39820476536468,99.15530109046742,-130.84025854108955,130.84025854108958,0.06679999999999997,-0.06680000000000003,0.54342,0.45658,over,False,"[0.55, 0.6)"
2024-12-09T00:50:00Z,2024-12-09T00:45:37Z,2024-12-09T00:40:37Z,2024-12-09T00:50:37Z,c70e1ecbef22c98419d4707199d050af,americanfootball_nfl,2024-12-09 01:20:00+00:00,Kansas City Chiefs,Los Angeles Chargers,fanduel,FanDuel,2024-12-09T00:45:32Z,player_pass_yds,2024-12-09T00:44:49Z,Patrick Mahomes,246.5,-110.0,-110,2024-12-08,KC,LAC,patrick mahomes,2024,14,Patrick Mahomes,KC,QB,210.0,17.0,0.0,0.0,210.0,False,False,-5.0,5.0,43.5,True,False,-5.0,5.0,True,False,False,24.25,257.0,265.6,15.166666666666666,24.3,55.97320787662614,42.22913686070317,0.6666666666666666,0.8,244.3636363636364,-1.8636363636363635,11.0,patrick mahomes,Patrick Mahomes II,KC,35.6,23.7,245.4,1.7,0.6,4.4,20.3,0.1,0.2,18.1,-35.400000000000006,1.0999999999999943,-36.5,238.04776977439684,-28.04776977439684,-8.45223022560316,False,-10:-5,225-250,83.52232316389792,rolling_5g,50.0,42.22913686070317,-0.5609553954879368,0.43285,0.56715,238.17903984615845,237.90836215124875,50.27056501123999,131.02691463555504,-131.02691463555507,-0.06714999999999999,0.06715000000000004,0.4563525,0.5436475000000001,under,True,"[0.4, 0.45)"
2024-12-09T00:50:00Z,2024-12-09T00:45:37Z,2024-12-09T00:40:37Z,2024-12-09T00:50:37Z,c70e1ecbef22c98419d4707199d050af,americanfootball_nfl,2024-12-09 01:20:00+00:00,Kansas City Chiefs,Los Angeles Chargers,fanduel,FanDuel,2024-12-09T00:45:32Z,player_pass_yds,2024-12-09T00:44:49Z,Justin Herbert,227.5,-110.0,-110,2024-12-08,KC,LAC,justin herbert,2024,14,Justin Herbert,LAC,QB,213.0,12.0,0.0,0.0,213.0,False,False,-5.0,5.0,43.5,False,True,5.0,-5.0,False,True,False,19.25,220.66666666666663,221.6,-29.83333333333333,-20.1,75.03554713156512,67.50777732972698,0.3333333333333333,0.4,212.5833333333333,-3.083333333333333,12.0,justin herbert,Justin Herbert,LAC,33.6,21.9,244.6,1.3,0.4,5.2,19.2,0.2,0.2,17.2,-31.599999999999994,-17.099999999999994,-14.5,237.27082227096253,-24.270822270962555,9.770822270962556,False,5:10,225-250,83.52232316389792,rolling_5g,67.50777732972698,67.50777732972698,-0.3595263128338088,0.56235,0.43765,237.68124694710644,238.47159706360617,67.46446986242641,-128.49308808408546,128.49308808408546,0.062350000000000017,-0.062350000000000017,0.5405275,0.4594725,over,True,"[0.55, 0.6)"
2024-12-10T00:45:00Z,2024-12-10T00:40:38Z,2024-12-10T00:35:38Z,2024-12-10T00:45:38Z,2fd335893dbb8ab9c0e1aea6c98a969c,americanfootball_nfl,2024-12-10 01:15:00+00:00,Dallas Cowboys,Cincinnati Bengals,fanduel,FanDuel,2024-12-10T00:39:45Z,player_pass_yds,2024-12-10T00:39:57Z,Joe Burrow,278.5,-110.0,-110,2024-12-09,DAL,CIN,joe burrow,2024,14,Joe Burrow,CIN,QB,369.0,-2.0,0.0,0.0,369.0,True,False,5.0,-5.0,51.0,False,True,-5.0,5.0,True,False,False,28.0,305.3333333333333,261.0,43.5,2.5,52.59594407683287,71.82965961216856,0.6666666666666666,0.4,253.66666666666663,-0.9444444444444444,9.0,joe burrow,Joe Burrow,CIN,36.4,24.7,282.1,2.1,0.7,3.8,14.6,0.1,0.3,20.8,86.89999999999998,-3.6000000000000227,90.5,273.6902364944435,95.30976350555648,-4.809763505556475,True,-5:0,250-275,66.76327241271723,rolling_5g,71.82965961216856,71.82965961216856,1.3268859134257986,0.4735,0.5265,273.5554782585388,273.7269603156481,71.4941505747639,111.19324181626189,-111.19324181626187,-0.026500000000000024,0.026499999999999968,0.482775,0.5172249999999999,pass,False,"[0.45, 0.475)"
2024-12-13T00:45:00Z,2024-12-13T00:40:38Z,2024-12-13T00:35:38Z,2024-12-13T00:45:38Z,b89ffb3a984d693fd6e69cdc3f2d585a,americanfootball_nfl,2024-12-13 01:15:00+00:00,San Francisco 49ers,Los Angeles Rams,fanduel,FanDuel,2024-12-13T00:40:15Z,player_pass_yds,2024-12-13T00:40:51Z,Matthew Stafford,246.5,-110.0,-110,2024-12-12,SF,LAR,matthew stafford,2024,15,Matthew Stafford,LAR,QB,160.0,18.0,0.0,0.0,160.0,False,False,-3.0,3.0,48.5,False,True,3.0,-3.0,False,True,False,22.75,248.66666666666663,266.8,-5.833333333333333,15.1,68.67556576638692,54.545393939360274,0.3333333333333333,0.6,253.5833333333333,9.666666666666666,12.0,matthew stafford,Matthew Stafford,LAR,33.4,22.3,239.9,1.5,0.6,1.0,3.2,0.0,0.2,15.4,-79.9,6.599999999999994,-86.5,232.7062556882863,-72.70625568828629,-13.79374431171371,False,-15:-10,225-250,83.52232316389792,rolling_5g,54.545393939360274,54.545393939360274,-1.3329495020077402,0.4046,0.5954,233.5252388559225,233.01279543064783,54.03095757520732,147.15768660405337,-147.15768660405342,-0.09539999999999998,0.09540000000000004,0.43799,0.56201,under,True,"[0.4, 0.45)"
2024-12-13T00:45:00Z,2024-12-13T00:40:38Z,2024-12-13T00:35:38Z,2024-12-13T00:45:38Z,b89ffb3a984d693fd6e69cdc3f2d585a,americanfootball_nfl,2024-12-13 01:15:00+00:00,San Francisco 49ers,Los Angeles Rams,fanduel,FanDuel,2024-12-13T00:40:15Z,player_pass_yds,2024-12-13T00:40:51Z,Brock Purdy,257.5,-110.0,-110,2024-12-12,SF,LAR,brock purdy,2024,15,Brock Purdy,SF,QB,142.0,3.0,0.0,0.0,142.0,False,False,-3.0,3.0,48.5,True,False,-3.0,3.0,True,False,False,25.75,192.66666666666663,238.2,-41.16666666666666,-0.7,119.12318554057106,109.83487606402625,0.3333333333333333,0.6,252.66666666666663,8.833333333333334,12.0,brock purdy,Brock Purdy,SF,31.1,21.1,259.6,1.5,0.8,4.6,18.2,0.2,0.2,18.5,-117.60000000000002,-2.1000000000000227,-115.5,251.8385879603549,-109.83858796035494,-5.661412039645057,False,-10:-5,250-275,66.76327241271723,rolling_5g,109.83487606402625,109.83487606402625,-1.00003379524302,0.4803,0.5197,252.62621324567044,252.3203968598911,110.30531995300842,108.20320632937748,-108.2032063293775,-0.019699999999999995,0.01970000000000005,0.487195,0.5128050000000001,pass,True,"[0.475, 0.5)"
2024-12-15T17:30:00Z,2024-12-15T17:25:37Z,2024-12-15T17:20:38Z,2024-12-15T17:30:37Z,5e028b3e2019613c56d3431d4e04e46d,americanfootball_nfl,2024-12-15 18:00:00+00:00,Carolina Panthers,Dallas Cowboys,fanduel,FanDuel,2024-12-15T17:24:59Z,player_pass_yds,2024-12-15T17:25:20Z,Bryce Young,206.5,-110.0,-110,2024-12-15,CAR,DAL,bryce young,2024,15,Bryce Young,CAR,QB,219.0,12.0,0.0,0.0,219.0,True,False,-2.5,2.5,42.0,True,False,-2.5,2.5,True,False,False,22.25,250.66666666666663,209.8,58.833333333333336,21.7,54.5557818506282,69.80472763359226,0.6666666666666666,0.4,189.75,4.0,8.0,bryce young,Bryce Young,CAR,32.4,19.9,209.6,1.2,0.8,4.0,18.3,0.2,0.2,14.7,9.400000000000006,-3.0999999999999943,12.5,203.27936899571367,15.720631004286275,-3.220631004286276,True,-5:0,200-225,69.4161154154068,rolling_5g,69.80472763359226,69.80472763359226,0.2252086862483661,0.4859,0.5141,203.98915888432447,204.30482454131024,69.44204143603967,105.80366330520683,-105.80366330520683,-0.014100000000000001,0.014100000000000001,0.490835,0.509165,pass,False,"[0.475, 0.5)"
2024-12-15T17:30:00Z,2024-12-15T17:25:37Z,2024-12-15T17:20:38Z,2024-12-15T17:30:37Z,f6d5d91ea4480042265698647a6120f6,americanfootball_nfl,2024-12-15 18:00:00+00:00,Tennessee Titans,Cincinnati Bengals,fanduel,FanDuel,2024-12-15T17:24:59Z,player_pass_yds,2024-12-15T17:25:07Z,Will Levis,218.5,-110.0,-110,2024-12-15,TEN,CIN,will levis,2024,15,Will Levis,TEN,QB,89.0,0.0,0.0,0.0,89.0,False,False,6.0,-6.0,46.5,True,False,6.0,-6.0,False,True,False,20.25,219.3333333333333,225.6,16.833333333333332,28.9,55.36545252531883,58.36351600100871,0.6666666666666666,0.6,182.7,-17.1,10.0,will levis,Will Levis,TEN,31.4,20.0,218.3,1.3,0.9,4.4,16.9,0.1,0.2,15.2,-129.3,0.1999999999999886,-129.5,211.7286730955613,-122.7286730955613,-6.771326904438695,False,-10:-5,200-225,69.4161154154068,rolling_5g,58.36351600100871,58.36351600100871,-2.1028320688123063,0.45485,0.54515,211.73302827527112,211.63896115519034,57.83172901353972,119.85269869187645,-119.85269869187645,-0.04515000000000002,0.04515000000000002,0.4706525,0.5293475,pass,True,"[0.45, 0.475)"
2024-12-15T17:30:00Z,2024-12-15T17:25:37Z,2024-12-15T17:20:38Z,2024-12-15T17:30:37Z,f6d5d91ea4480042265698647a6120f6,americanfootball_nfl,2024-12-15 18:00:00+00:00,Tennessee Titans,Cincinnati Bengals,fanduel,FanDuel,2024-12-15T17:24:59Z,player_pass_yds,2024-12-15T17:25:07Z,Joe Burrow,274.5,-110.0,-110,2024-12-15,TEN,CIN,joe burrow,2024,15,Joe Burrow,CIN,QB,271.0,0.0,0.0,0.0,271.0,False,False,6.0,-6.0,46.5,False,True,-6.0,6.0,True,False,False,26.25,344.6666666666667,293.2,75.83333333333333,30.5,31.564748269760223,77.95639806969021,1.0,0.6,265.2,8.2,10.0,joe burrow,Joe Burrow,CIN,37.0,25.4,274.8,2.1,0.8,3.7,13.2,0.1,0.3,20.3,-3.8000000000000114,-0.3000000000000113,-3.5,266.60059052560587,4.399409474394133,-7.899409474394133,False,-10:-5,250-275,66.76327241271723,rolling_5g,77.95639806969021,77.95639806969021,0.0564342322545638,0.4633,0.5367,266.9590025666878,267.02380224047874,78.10506667021734,115.8428663932657,-115.84286639326568,-0.03670000000000001,0.036699999999999955,0.476145,0.523855,pass,True,"[0.45, 0.475)"
2024-12-15T17:30:00Z,2024-12-15T17:25:37Z,2024-12-15T17:20:38Z,2024-12-15T17:30:37Z,9db2aef33225a4bda04bbc7c33e50e63,americanfootball_nfl,2024-12-15 18:00:00+00:00,Cleveland Browns,Kansas City Chiefs,fanduel,FanDuel,2024-12-15T17:24:59Z,player_pass_yds,2024-12-15T17:25:14Z,Jameis Winston,233.5,-110.0,-110,2024-12-15,CLE,KC,jameis winston,2024,15,Jameis Winston,CLE,QB,146.0,-2.0,0.0,0.0,146.0,False,False,4.5,-4.5,41.5,True,False,4.5,-4.5,False,True,False,18.5,309.3333333333333,311.6,78.33333333333333,76.8,162.56178312670335,128.15147287487568,0.6666666666666666,0.6,311.6,76.8,5.0,jameis winston,Jameis Winston,NYG,33.4,21.1,242.4,1.4,1.1,3.1,11.9,0.1,0.2,15.4,-96.4,-8.900000000000006,-87.5,235.1342166365184,-89.13421663651837,1.6342166365183743,False,0:5,225-250,83.52232316389792,rolling_5g,115.0,128.15147287487568,-0.7750801446653774,0.50755,0.49245,235.82555850985483,235.50474307239108,114.79286660299005,-103.06630114732458,103.0663011473246,0.007549999999999946,-0.007550000000000001,0.5049075,0.4950925,pass,True,"[0.5, 0.525)"
2024-12-15T17:30:00Z,2024-12-15T17:25:37Z,2024-12-15T17:20:38Z,2024-12-15T17:30:37Z,9db2aef33225a4bda04bbc7c33e50e63,americanfootball_nfl,2024-12-15 18:00:00+00:00,Cleveland Browns,Kansas City Chiefs,fanduel,FanDuel,2024-12-15T17:24:59Z,player_pass_yds,2024-12-15T17:25:14Z,Patrick Mahomes,235.5,-110.0,-110,2024-12-15,CLE,KC,patrick mahomes,2024,15,Patrick Mahomes,KC,QB,159.0,14.0,0.0,0.0,159.0,False,False,4.5,-4.5,41.5,False,True,-4.5,4.5,True,False,False,23.0,261.6666666666667,249.4,17.833333333333332,8.9,48.41831609353362,45.46207210411773,0.6666666666666666,0.6,241.5,-4.75,12.0,patrick mahomes,Patrick Mahomes II,KC,34.5,23.3,250.5,1.6,0.6,4.1,20.1,0.1,0.2,17.9,-91.5,-15.0,-76.5,243.00081010879023,-84.00081010879023,7.500810108790233,False,5:10,225-250,83.52232316389792,rolling_5g,50.0,45.46207210411773,-1.6800162021758047,0.56225,0.43775,243.1446692919761,243.3538867146814,49.703064217005576,-128.44089091947458,128.44089091947458,0.06225000000000003,-0.06225000000000003,0.5404625000000001,0.4595375,over,True,"[0.55, 0.6)"
2024-12-15T17:30:00Z,2024-12-15T17:25:37Z,2024-12-15T17:20:38Z,2024-12-15T17:30:37Z,79eb6a96467e443fcd884f1aab38fb40,americanfootball_nfl,2024-12-15 18:00:00+00:00,Houston Texans,Miami Dolphins,fanduel,FanDuel,2024-12-15T17:24:59Z,player_pass_yds,2024-12-15T17:25:51Z,C.J. Stroud,255.5,-110.0,-110,2024-12-15,HOU,MIA,cj stroud,2024,15,C.J. Stroud,HOU,QB,131.0,4.0,0.0,0.0,131.0,False,False,-2.5,2.5,46.5,True,False,-2.5,2.5,True,False,False,24.5,248.66666666666663,233.8,4.833333333333333,-3.3,7.637626158259634,25.567557568137016,0.6666666666666666,0.6,252.5833333333333,3.6666666666666665,12.0,cj stroud,C.J. Stroud,HOU,34.0,21.9,254.2,1.3,0.5,3.7,15.1,0.1,0.2,16.5,-123.2,1.3000000000000114,-124.5,246.59419231217367,-115.59419231217367,-8.905807687826325,False,-10:-5,225-250,83.52232316389792,rolling_5g,50.0,25.567557568137016,-2.311883846243473,0.42495,0.57505,246.23881960982504,245.9599452030325,49.92893521221636,135.32180256500766,-135.32180256500763,-0.07505,0.07504999999999995,0.4512175,0.5487825,under,True,"[0.4, 0.45)"
2024-12-15T17:30:00Z,2024-12-15T17:25:37Z,2024-12-15T17:20:38Z,2024-12-15T17:30:37Z,79eb6a96467e443fcd884f1aab38fb40,americanfootball_nfl,2024-12-15 18:00:00+00:00,Houston Texans,Miami Dolphins,fanduel,FanDuel,2024-12-15T17:24:59Z,player_pass_yds,2024-12-15T17:25:51Z,Tua Tagovailoa,264.5,-110.0,-110,2024-12-15,HOU,MIA,tua tagovailoa,2024,15,Tua Tagovailoa,MIA,QB,196.0,0.0,0.0,0.0,196.0,False,False,-2.5,2.5,46.5,False,True,2.5,-2.5,False,True,False,22.0,337.6666666666667,301.6,91.16666666666669,56.9,24.6846781087648,59.697571139871336,1.0,0.8,272.8888888888889,22.05555555555556,9.0,tua tagovailoa,Tua Tagovailoa,ATL,35.6,24.3,254.7,1.6,0.8,1.9,6.0,0.0,0.2,16.4,-58.69999999999999,9.800000000000011,-68.5,247.0797845018201,-51.079784501820086,-17.420215498179914,False,-25:-15,225-250,83.52232316389792,rolling_5g,59.697571139871336,59.697571139871336,-0.8556425919262312,0.37955,0.62045,246.5801928441586,246.32981608242284,59.32768653051317,163.46989856408905,-163.46989856408902,-0.12045,0.12044999999999995,0.4217075,0.5782925,pass,True,"[0.0, 0.4)"
2024-12-15T17:30:00Z,2024-12-15T17:25:37Z,2024-12-15T17:20:38Z,2024-12-15T17:30:37Z,7b58ba499776572737bf4335349ee5ca,americanfootball_nfl,2024-12-15 18:00:00+00:00,Jacksonville Jaguars,New York Jets,fanduel,FanDuel,2024-12-15T17:24:59Z,player_pass_yds,2024-12-15T17:25:01Z,Mac Jones,200.5,-110.0,-110,2024-12-15,JAX,NYJ,mac jones,2024,15,Mac Jones,JAX,QB,294.0,29.0,0.0,0.0,294.0,True,False,3.5,-3.5,41.5,True,False,3.5,-3.5,False,True,False,19.0,156.33333333333334,156.33333333333334,-43.5,-43.5,56.7655999116836,56.7655999116836,0.3333333333333333,0.3333333333333333,156.33333333333334,-43.5,3.0,mac jones,Mac Jones,SF,31.7,19.9,208.4,1.2,0.9,2.5,8.4,0.1,0.2,12.9,85.6,-7.900000000000006,93.5,202.1139477405624,91.88605225943763,1.6139477405623666,True,0:5,200-225,69.4161154154068,rolling_3g,56.7655999116836,56.7655999116836,1.6186925250925683,0.50965,0.49035,201.76865229655144,201.92894285833773,56.85849713570748,-103.93596410727034,103.93596410727031,0.009650000000000047,-0.009649999999999992,0.5062725,0.4937275,pass,False,"[0.5, 0.525)"
2024-12-15T17:30:00Z,2024-12-15T17:25:37Z,2024-12-15T17:20:38Z,2024-12-15T17:30:37Z,3b7db9e7d8af9f357fa301fb43f2e6af,americanfootball_nfl,2024-12-15 18:00:00+00:00,New Orleans Saints,Washington Commanders,fanduel,FanDuel,2024-12-15T17:24:59Z,player_pass_yds,2024-12-15T17:25:47Z,Jayden Daniels,221.5,-110.0,-110,2024-12-15,NO,WAS,jayden daniels,2024,15,Jayden Daniels,WAS,QB,226.0,66.0,0.0,0.0,226.0,True,False,7.5,-7.5,44.5,False,True,-7.5,7.5,True,False,False,26.0,227.66666666666663,179.6,6.5,-45.3,41.04063027456248,101.61348335727892,0.3333333333333333,0.2,203.3,-11.0,10.0,jayden daniels,Jayden Daniels,WSH,30.0,19.8,220.0,1.3,0.5,7.6,44.0,0.5,0.2,20.4,6.0,1.5,4.5,213.3796865403591,12.620313459640895,-8.120313459640897,True,-10:-5,200-225,69.4161154154068,rolling_5g,101.61348335727892,101.61348335727892,0.1241992011558853,0.46615,0.53385,213.49323685498462,213.16540086679862,102.22152257554217,114.5232221387965,-114.52322213879654,-0.03384999999999999,0.03385000000000005,0.4779975,0.5220025,pass,False,"[0.45, 0.475)"
2024-12-15T20:55:00Z,2024-12-15T20:50:37Z,2024-12-15T20:45:37Z,2024-12-15T20:55:37Z,c562ac548944fe897e62f4a142de4d54,americanfootball_nfl,2024-12-15 21:25:00+00:00,Arizona Cardinals,New England Patriots,fanduel,FanDuel,2024-12-15T20:49:02Z,player_pass_yds,2024-12-15T20:49:46Z,Drake Maye,222.5,-110.0,-110,2024-12-15,ARI,NE,drake maye,2024,15,Drake Maye,NE,QB,202.0,14.0,0.0,0.0,202.0,False,False,-6.0,6.0,46.5,False,True,6.0,-6.0,False,True,False,20.25,247.3333333333333,226.4,32.833333333333336,20.3,31.06981386061604,36.94319964486023,1.0,0.8,209.25,9.125,8.0,drake maye,Drake Maye,NE,32.9,21.9,216.7,1.2,0.8,4.9,28.9,0.2,0.3,16.0,-14.699999999999989,5.800000000000011,-20.5,210.1747780886928,-8.17477808869279,-12.32522191130721,False,-15:-10,200-225,69.4161154154068,rolling_5g,50.0,36.94319964486023,-0.1634955617738558,0.4059,0.5941,210.34443738880492,210.39239436395502,50.32325053066526,146.36610002463664,-146.36610002463658,-0.09410000000000002,0.09409999999999996,0.438835,0.561165,under,True,"[0.4, 0.45)"
2024-12-15T20:55:00Z,2024-12-15T20:50:37Z,2024-12-15T20:45:37Z,2024-12-15T20:55:37Z,c562ac548944fe897e62f4a142de4d54,americanfootball_nfl,2024-12-15 21:25:00+00:00,Arizona Cardinals,New England Patriots,fanduel,FanDuel,2024-12-15T20:49:02Z,player_pass_yds,2024-12-15T20:49:46Z,Kyler Murray,224.5,-110.0,-110,2024-12-15,ARI,NE,kyler murray,2024,15,Kyler Murray,ARI,QB,224.0,11.0,0.0,0.0,224.0,False,False,-6.0,6.0,46.5,True,False,-6.0,6.0,True,False,False,26.25,268.0,244.8,45.833333333333336,27.7,14.730919862656297,51.82373973383242,1.0,0.8,220.66666666666663,0.5,12.0,kyler murray,Kyler Murray,MIN,32.2,21.2,230.2,1.5,0.5,4.9,32.5,0.3,0.2,19.2,-6.199999999999989,-5.699999999999989,-0.5,223.2857672091459,0.714232790854112,-1.214232790854112,False,-5:0,200-225,69.4161154154068,rolling_5g,51.82373973383242,51.82373973383242,0.0137819615975694,0.4913,0.5087,223.257124297528,223.3074076188081,52.06798486574616,103.54162426216159,-103.54162426216163,-0.008699999999999986,0.008700000000000041,0.49434500000000003,0.5056550000000001,pass,True,"[0.475, 0.5)"
2024-12-15T20:55:00Z,2024-12-15T20:50:37Z,2024-12-15T20:45:37Z,2024-12-15T20:55:37Z,f3d85c6f4152c6f9c28df5332d7d01ae,americanfootball_nfl,2024-12-15 21:25:00+00:00,Detroit Lions,Buffalo Bills,fanduel,FanDuel,2024-12-15T20:49:02Z,player_pass_yds,2024-12-15T20:50:14Z,Josh Allen,256.5,-110.0,-110,2024-12-15,DET,BUF,josh allen,2024,15,Josh Allen,BUF,QB,362.0,68.0,0.0,0.0,362.0,True,False,-2.5,2.5,55.5,False,True,2.5,-2.5,False,True,False,26.5,250.66666666666663,253.4,15.833333333333334,19.5,97.49529903197042,70.85054692802306,0.6666666666666666,0.6,233.30769230769232,3.1153846153846154,13.0,josh allen,Josh Allen,BUF,35.4,22.1,262.4,1.6,0.6,7.2,38.0,0.6,0.3,23.3,99.60000000000002,-5.899999999999977,105.5,254.5579042223748,107.44209577762518,-1.942095777625184,True,-5:0,250-275,66.76327241271723,rolling_5g,70.85054692802306,70.85054692802306,1.516461063974219,0.49005,0.50995,254.1605949163789,254.68473850512356,70.48486059003189,104.0608101214162,-104.0608101214162,-0.009950000000000014,0.009950000000000014,0.4935325,0.5064675,pass,False,"[0.475, 0.5)"
2024-12-15T20:55:00Z,2024-12-15T20:50:37Z,2024-12-15T20:45:37Z,2024-12-15T20:55:37Z,f3d85c6f4152c6f9c28df5332d7d01ae,americanfootball_nfl,2024-12-15 21:25:00+00:00,Detroit Lions,Buffalo Bills,fanduel,FanDuel,2024-12-15T20:49:02Z,player_pass_yds,2024-12-15T20:50:14Z,Jared Goff,257.5,-110.0,-110,2024-12-15,DET,BUF,jared goff,2024,15,Jared Goff,DET,QB,494.0,13.0,0.0,0.0,494.0,True,False,-2.5,2.5,55.5,True,False,-2.5,2.5,True,False,False,29.0,257.6666666666667,285.0,6.833333333333333,42.3,32.51666239535255,75.0166648152262,0.6666666666666666,0.8,260.0,10.416666666666666,12.0,jared goff,Jared Goff,DET,32.3,23.7,252.8,1.8,0.7,1.8,5.3,0.1,0.2,17.0,241.2,4.699999999999989,236.5,245.23453418116367,248.76546581883628,-12.265465818836276,True,-15:-10,225-250,83.52232316389792,rolling_5g,75.0166648152262,75.0166648152262,3.3161360403261244,0.43615,0.56385,245.50987337778955,244.81740870915274,75.79937447229908,129.27891780350797,-129.27891780350797,-0.06385000000000002,0.06384999999999996,0.4584975,0.5415025,under,False,"[0.4, 0.45)"
2024-12-15T20:55:00Z,2024-12-15T20:50:37Z,2024-12-15T20:45:37Z,2024-12-15T20:55:37Z,f3f5d87420f5bc34d3affc8f44a1c934,americanfootball_nfl,2024-12-15 21:25:00+00:00,Denver Broncos,Indianapolis Colts,fanduel,FanDuel,2024-12-15T20:49:02Z,player_pass_yds,2024-12-15T20:50:14Z,Anthony Richardson,190.5,-110.0,-110,2024-12-15,DEN,IND,anthony richardson,2024,15,Anthony Richardson,IND,QB,172.0,46.0,-1.0,1.0,172.0,False,False,-4.5,4.5,43.5,False,True,4.5,-4.5,False,True,False,19.5,184.3333333333333,171.4,-6.166666666666667,-21.3,82.1969180281921,62.89912559010657,0.3333333333333333,0.2,167.88888888888889,-28.944444444444443,9.0,anthony richardson,Anthony Richardson Sr.,IND,28.0,15.5,197.0,1.0,0.9,8.4,39.7,0.4,0.3,16.4,-25.0,-6.5,-18.5,191.04244581662417,-19.042445816624166,0.5424458166241664,False,0:5,175-200,63.59685830662887,rolling_5g,62.89912559010657,62.89912559010657,-0.3027457955571223,0.50875,0.49125,191.45460630127687,191.88510502191173,63.11286497159209,-103.56234096692113,103.56234096692111,0.008750000000000036,-0.00874999999999998,0.5056875000000001,0.4943125,pass,True,"[0.5, 0.525)"
2024-12-15T20:55:00Z,2024-12-15T20:50:37Z,2024-12-15T20:45:37Z,2024-12-15T20:55:37Z,f3f5d87420f5bc34d3affc8f44a1c934,americanfootball_nfl,2024-12-15 21:25:00+00:00,Denver Broncos,Indianapolis Colts,fanduel,FanDuel,2024-12-15T20:49:02Z,player_pass_yds,2024-12-15T20:50:14Z,Bo Nix,235.5,-110.0,-110,2024-12-15,DEN,IND,bo nix,2024,15,Bo Nix,DEN,QB,130.0,23.0,0.0,0.0,130.0,False,False,-4.5,4.5,43.5,True,False,-4.5,4.5,True,False,False,24.0,291.3333333333333,274.6,73.83333333333333,63.9,17.156145643277057,35.59915729339672,1.0,1.0,218.25,20.916666666666668,12.0,bo nix,Bo Nix,DEN,35.1,23.0,232.3,1.4,0.5,4.4,21.3,0.2,0.2,17.5,-102.3,3.1999999999999886,-105.5,225.32525440566084,-95.32525440566084,-10.174745594339155,False,-15:-10,225-250,83.52232316389792,rolling_5g,50.0,35.59915729339672,-1.9065050881132168,0.41645,0.58355,224.95930660333494,224.36086247850193,49.87430399003658,140.1248649297635,-140.1248649297635,-0.08355000000000001,0.08355000000000001,0.4456925,0.5543075,under,True,"[0.4, 0.45)"
2024-12-15T20:55:00Z,2024-12-15T20:50:37Z,2024-12-15T20:45:37Z,2024-12-15T20:55:37Z,531a7692ed7474109ad7d6e331751234,americanfootball_nfl,2024-12-15 21:25:00+00:00,Los Angeles Chargers,Tampa Bay Buccaneers,fanduel,FanDuel,2024-12-15T20:49:02Z,player_pass_yds,2024-12-15T20:50:40Z,Justin Herbert,246.5,-110.0,-110,2024-12-15,LAC,TB,justin herbert,2024,15,Justin Herbert,LAC,QB,195.0,0.0,0.0,0.0,195.0,False,False,-3.0,3.0,46.0,True,False,-3.0,3.0,True,False,False,24.5,192.66666666666663,207.8,-52.833333333333336,-34.1,39.62743157628728,58.529479751660176,0.0,0.2,212.6153846153846,-3.9615384615384617,13.0,justin herbert,Justin Herbert,LAC,33.8,22.0,245.1,1.5,0.4,4.1,16.9,0.2,0.2,17.7,-50.1,1.4000000000000057,-51.5,237.75641446060897,-42.756414460608966,-8.743585539391034,False,-10:-5,225-250,83.52232316389792,rolling_5g,58.529479751660176,58.529479751660176,-0.7305107552984219,0.4432,0.5568,237.83006875333115,238.09435375917352,58.70897960841522,125.63176895306859,-125.63176895306856,-0.05680000000000002,0.05679999999999996,0.46308,0.53692,under,True,"[0.4, 0.45)"
2024-12-15T20:55:00Z,2024-12-15T20:50:37Z,2024-12-15T20:45:37Z,2024-12-15T20:55:37Z,531a7692ed7474109ad7d6e331751234,americanfootball_nfl,2024-12-15 21:25:00+00:00,Los Angeles Chargers,Tampa Bay Buccaneers,fanduel,FanDuel,2024-12-15T20:49:02Z,player_pass_yds,2024-12-15T20:50:40Z,Baker Mayfield,234.5,-110.0,-110,2024-12-15,LAC,TB,baker mayfield,2024,15,Baker Mayfield,TB,QB,288.0,25.0,0.0,0.0,288.0,True,False,-3.0,3.0,46.0,False,True,3.0,-3.0,False,True,False,21.5,274.6666666666667,228.0,36.833333333333336,-11.3,34.35597958628658,74.53522657106504,0.6666666666666666,0.4,246.5833333333333,7.666666666666667,12.0,baker mayfield,Baker Mayfield,TB,32.7,22.1,239.6,1.5,0.9,3.7,13.9,0.1,0.2,16.4,48.400000000000006,-5.099999999999994,53.5,232.41490037449844,55.58509962550156,-2.085099625501556,True,-5:0,225-250,83.52232316389792,rolling_5g,74.53522657106504,74.53522657106504,0.7457560965821224,0.49015,0.50985,232.8587950590842,232.56999782319787,74.95265952179679,104.01917780271346,-104.01917780271346,-0.009850000000000025,0.009850000000000025,0.49359749999999997,0.5064025,pass,False,"[0.475, 0.5)"
2024-12-17T00:30:00Z,2024-12-17T00:25:38Z,2024-12-17T00:20:38Z,2024-12-17T00:30:37Z,307cc09543c511d894a76fef99e429bb,americanfootball_nfl,2024-12-17 01:00:00+00:00,Minnesota Vikings,Chicago Bears,fanduel,FanDuel,2024-12-17T00:24:55Z,player_pass_yds,2024-12-17T00:25:34Z,Sam Darnold,253.5,-110.0,-110,2024-12-16,MIN,CHI,sam darnold,2024,15,Sam Darnold,MIN,QB,231.0,0.0,0.0,0.0,231.0,False,False,-7.0,7.0,43.5,True,False,-7.0,7.0,True,False,False,25.25,304.0,279.8,60.16666666666666,38.5,60.35726965329032,54.06200144278789,0.6666666666666666,0.6,253.7692307692308,14.5,13.0,sam darnold,Sam Darnold,SEA,33.2,22.2,269.6,1.8,0.6,4.1,14.7,0.1,0.3,19.0,-38.60000000000002,-16.100000000000023,-22.5,261.5504317532832,-30.550431753283192,8.050431753283192,False,5:10,250-275,66.76327241271723,rolling_5g,54.06200144278789,54.06200144278789,-0.5650999026666401,0.56115,0.43885,261.7532974672715,261.7348577270991,54.62166616794541,-127.86829212715053,127.86829212715051,0.06115000000000004,-0.06114999999999998,0.5397475,0.4602525,over,True,"[0.55, 0.6)"
2024-12-17T00:30:00Z,2024-12-17T00:25:38Z,2024-12-17T00:20:38Z,2024-12-17T00:30:37Z,307cc09543c511d894a76fef99e429bb,americanfootball_nfl,2024-12-17 01:00:00+00:00,Minnesota Vikings,Chicago Bears,fanduel,FanDuel,2024-12-17T00:24:55Z,player_pass_yds,2024-12-17T00:25:34Z,Caleb Williams,224.5,-110.0,-110,2024-12-16,MIN,CHI,caleb williams,2024,15,Caleb Williams,CHI,QB,191.0,3.0,0.0,0.0,191.0,False,False,-7.0,7.0,43.5,False,True,7.0,-7.0,False,True,False,18.25,243.3333333333333,216.2,25.83333333333333,7.1,103.5824953036628,91.0230739977507,0.6666666666666666,0.6,211.23076923076923,-6.653846153846154,13.0,caleb williams,Caleb Williams,CHI,32.1,19.8,219.9,1.3,0.8,5.6,26.3,0.1,0.2,16.0,-28.90000000000001,4.599999999999994,-33.5,213.28256810242985,-22.28256810242982,-11.21743189757018,False,-15:-10,200-225,69.4161154154068,rolling_5g,91.0230739977507,91.0230739977507,-0.2448013138183015,0.44645,0.55355,213.1372005739523,212.5829466281432,90.5314529870478,123.98924851607121,-123.98924851607121,-0.053549999999999986,0.053549999999999986,0.4651925,0.5348075,under,True,"[0.4, 0.45)"
2024-12-17T01:00:00Z,2024-12-17T00:55:38Z,2024-12-17T00:50:38Z,2024-12-17T01:00:38Z,b72078945287a94944a0ffefcd09c42c,americanfootball_nfl,2024-12-17 01:30:00+00:00,Las Vegas Raiders,Atlanta Falcons,fanduel,FanDuel,2024-12-17T00:55:32Z,player_pass_yds,2024-12-17T00:55:37Z,Kirk Cousins,242.5,-110.0,-110,2024-12-16,LV,ATL,kirk cousins,2024,15,Kirk Cousins,ATL,QB,112.0,0.0,0.0,0.0,112.0,False,False,6.5,-6.5,44.5,False,True,-6.5,6.5,True,False,False,25.5,254.0,258.0,16.166666666666668,16.3,85.85452812752509,67.80486708194331,0.6666666666666666,0.6,261.2307692307692,20.423076923076923,13.0,kirk cousins,Kirk Cousins,LV,32.4,20.8,243.7,1.4,0.9,1.1,3.6,0.1,0.2,14.8,-131.7,-1.1999999999999886,-130.5,236.396756329599,-124.396756329599,-6.103243670400985,False,-10:-5,225-250,83.52232316389792,rolling_5g,67.80486708194331,67.80486708194331,-1.834628717423241,0.4542,0.5458,234.88543095932891,234.95482010559937,68.11021435255358,120.16732716864819,-120.16732716864816,-0.04580000000000001,0.04579999999999995,0.47023,0.52977,pass,True,"[0.45, 0.475)"
2024-12-21T17:30:00Z,2024-12-21T17:25:38Z,2024-12-21T17:20:38Z,2024-12-21T17:30:38Z,5000078dc935bf60015a51c01eaee016,americanfootball_nfl,2024-12-21 18:01:00+00:00,Kansas City Chiefs,Houston Texans,fanduel,FanDuel,2024-12-21T17:24:56Z,player_pass_yds,2024-12-21T17:25:37Z,Patrick Mahomes,237.5,-110.0,-110,2024-12-21,KC,HOU,patrick mahomes,2024,16,Patrick Mahomes,KC,QB,260.0,33.0,0.0,0.0,260.0,True,False,-3.5,3.5,42.5,True,False,-3.5,3.5,True,False,False,23.0,225.0,228.0,-18.5,-13.5,74.6391318277484,58.893972526906346,0.3333333333333333,0.4,235.15384615384616,-10.26923076923077,13.0,patrick mahomes,Patrick Mahomes II,KC,35.0,22.8,236.7,1.5,0.6,3.7,18.0,0.1,0.2,16.8,23.30000000000001,0.8000000000000114,22.5,229.5984656745493,30.40153432545074,-7.90153432545074,True,-10:-5,225-250,83.52232316389792,rolling_5g,58.893972526906346,58.893972526906346,0.5162079075504958,0.4522,0.5478,229.9100618035459,230.39585063585415,59.24682794189479,121.14108801415306,-121.141088014153,-0.04780000000000001,0.047799999999999954,0.46893,0.5310699999999999,pass,False,"[0.45, 0.475)"
2024-12-21T17:30:00Z,2024-12-21T17:25:38Z,2024-12-21T17:20:38Z,2024-12-21T17:30:38Z,5000078dc935bf60015a51c01eaee016,americanfootball_nfl,2024-12-21 18:01:00+00:00,Kansas City Chiefs,Houston Texans,fanduel,FanDuel,2024-12-21T17:24:56Z,player_pass_yds,2024-12-21T17:25:37Z,C.J. Stroud,230.5,-110.0,-110,2024-12-21,KC,HOU,cj stroud,2024,16,C.J. Stroud,HOU,QB,244.0,23.0,0.0,0.0,244.0,True,False,-3.5,3.5,42.5,False,True,3.5,-3.5,False,True,False,19.5,206.66666666666663,221.8,-45.833333333333336,-21.9,65.57692683660413,51.55288546725586,0.3333333333333333,0.6,243.23076923076923,-6.1923076923076925,13.0,cj stroud,C.J. Stroud,HOU,33.5,21.6,241.5,1.2,0.5,3.6,14.0,0.1,0.2,15.3,2.5,-11.0,13.5,234.2601506951548,9.739849304845194,3.760150695154806,True,0:5,225-250,83.52232316389792,rolling_5g,51.55288546725586,51.55288546725586,0.1889292755694833,0.52385,0.47615,233.80821698954682,233.7419727075016,51.40587633001812,-110.017851517379,110.01785151737896,0.023850000000000038,-0.023849999999999982,0.5155025,0.4844975,pass,False,"[0.5, 0.525)"
2024-12-22T17:30:00Z,2024-12-22T17:25:38Z,2024-12-22T17:20:38Z,2024-12-22T17:30:37Z,36091a3b07686b0c7c912d4d4a244474,americanfootball_nfl,2024-12-22 18:01:00+00:00,Carolina Panthers,Arizona Cardinals,fanduel,FanDuel,2024-12-22T17:24:59Z,player_pass_yds,2024-12-22T17:25:35Z,Bryce Young,209.5,-110.0,-110,2024-12-22,CAR,ARI,bryce young,2024,16,Bryce Young,CAR,QB,158.0,68.0,0.0,0.0,158.0,False,False,5.5,-5.5,47.0,True,False,5.5,-5.5,False,True,False,20.75,236.0,219.4,34.166666666666664,26.5,55.48873759602033,66.34983044439527,0.6666666666666666,0.6,193.0,4.944444444444445,9.0,bryce young,Bryce Young,CAR,33.1,21.3,200.0,1.1,0.8,4.1,17.9,0.2,0.2,14.2,-42.0,9.5,-51.5,193.95599895450263,-35.95599895450263,-15.544001045497367,False,-25:-15,175-200,63.59685830662887,rolling_5g,66.34983044439527,66.34983044439527,-0.5419154610294852,0.41325,0.58675,194.6845126776842,195.18789369066565,66.30445969450693,141.98427102238352,-141.98427102238352,-0.08675,0.08675,0.4436125,0.5563875,under,True,"[0.4, 0.45)"
2024-12-22T17:30:00Z,2024-12-22T17:25:38Z,2024-12-22T17:20:38Z,2024-12-22T17:30:37Z,36091a3b07686b0c7c912d4d4a244474,americanfootball_nfl,2024-12-22 18:01:00+00:00,Carolina Panthers,Arizona Cardinals,fanduel,FanDuel,2024-12-22T17:24:59Z,player_pass_yds,2024-12-22T17:25:35Z,Kyler Murray,223.5,-110.0,-110,2024-12-22,CAR,ARI,kyler murray,2024,16,Kyler Murray,ARI,QB,202.0,63.0,0.0,0.0,202.0,False,False,5.5,-5.5,47.0,False,True,-5.5,5.5,True,False,False,26.25,247.66666666666663,258.8,22.5,40.9,20.502032419575745,22.08393080952756,0.6666666666666666,0.8,220.92307692307693,0.4230769230769231,13.0,kyler murray,Kyler Murray,MIN,31.6,21.3,226.3,1.5,0.5,4.8,32.0,0.3,0.2,19.1,-24.30000000000001,-2.800000000000012,-21.5,219.4981481299039,-17.49814812990391,-4.00185187009609,False,-5:0,200-225,69.4161154154068,rolling_5g,50.0,22.08393080952756,-0.3499629625980782,0.4716,0.5284,219.33367631666752,219.82102939050841,50.46336818195372,112.04410517387615,-112.04410517387615,-0.02839999999999998,0.02839999999999998,0.48154,0.51846,pass,True,"[0.45, 0.475)"
2024-12-22T17:30:00Z,2024-12-22T17:25:38Z,2024-12-22T17:20:38Z,2024-12-22T17:30:37Z,9c6ae1f00e07b696e2dd19a0efb7be8f,americanfootball_nfl,2024-12-22 18:01:00+00:00,Atlanta Falcons,New York Giants,fanduel,FanDuel,2024-12-22T17:24:59Z,player_pass_yds,2024-12-22T17:24:00Z,Drew Lock,204.5,-110.0,-110,2024-12-22,ATL,NYG,drew lock,2024,16,Drew Lock,NYG,QB,210.0,1.0,0.0,0.0,210.0,True,False,-9.5,9.5,42.5,False,True,9.5,-9.5,False,True,False,16.5,202.5,202.5,6.5,6.5,34.64823227814083,34.64823227814083,0.5,0.5,202.5,6.5,2.0,drew lock,Drew Lock,SEA,31.4,19.9,199.0,1.1,1.0,3.4,15.2,0.1,0.3,12.9,11.0,5.5,5.5,192.9848145752098,17.01518542479019,-11.51518542479019,True,-15:-10,175-200,63.59685830662887,bucket_fallback,63.59685830662887,63.59685830662887,0.2675475782585419,0.4248,0.5752,192.5420564332504,192.14416215670207,63.85731583399086,135.40489642184556,-135.4048964218456,-0.07519999999999999,0.07520000000000004,0.45112,0.54888,under,False,"[0.4, 0.45)"
2024-12-22T17:30:00Z,2024-12-22T17:25:38Z,2024-12-22T17:20:38Z,2024-12-22T17:30:37Z,9c6ae1f00e07b696e2dd19a0efb7be8f,americanfootball_nfl,2024-12-22 18:01:00+00:00,Atlanta Falcons,New York Giants,fanduel,FanDuel,2024-12-22T17:24:59Z,player_pass_yds,2024-12-22T17:24:00Z,Michael Penix Jr.,220.5,-110.0,-110,2024-12-22,ATL,NYG,michael penix,2024,16,Michael Penix,ATL,QB,202.0,3.0,0.0,0.0,202.0,False,False,-9.5,9.5,42.5,True,False,-9.5,9.5,True,False,False,26.0,,,,,,,,,,,0.0,michael penix,Michael Penix Jr.,ATL,32.1,20.2,218.4,1.4,0.8,3.8,14.1,0.1,0.3,15.1,-16.400000000000006,2.0999999999999943,-18.5,211.8257915334906,-9.825791533490587,-8.674208466509413,False,-10:-5,200-225,69.4161154154068,bucket_fallback,69.4161154154068,69.4161154154068,-0.1415491413584599,0.45415,0.54585,212.4469580407411,212.63762851887222,68.88244635096835,120.19156666299679,-120.19156666299678,-0.04585,0.045849999999999946,0.4701975,0.5298025,pass,True,"[0.45, 0.475)"
2024-12-22T17:30:00Z,2024-12-22T17:25:38Z,2024-12-22T17:20:38Z,2024-12-22T17:30:37Z,987be0b1af962f068e2928a9067998c9,americanfootball_nfl,2024-12-22 21:25:00+00:00,Buffalo Bills,New England Patriots,fanduel,FanDuel,2024-12-22T17:24:59Z,player_pass_yds,2024-12-22T17:25:22Z,Drake Maye,204.5,-110.0,-110,2024-12-22,BUF,NE,drake maye,2024,16,Drake Maye,NE,QB,261.0,30.0,0.0,0.0,261.0,True,False,-14.0,14.0,48.0,False,True,14.0,-14.0,False,True,False,17.0,220.66666666666663,225.6,0.5,13.9,18.03699901129153,37.533984600625615,0.6666666666666666,0.6,208.44444444444449,5.833333333333333,9.0,drake maye,Drake Maye,NE,31.9,21.3,215.5,1.1,0.9,4.6,25.1,0.2,0.3,14.9,45.5,-11.0,56.5,209.0093568335414,51.9906431664586,4.509356833541403,True,0:5,200-225,69.4161154154068,rolling_5g,50.0,37.533984600625615,1.039812863329172,0.53705,0.46295,209.27990746178563,209.31022502132367,49.853448819292566,-116.00604816934876,116.00604816934876,0.03705000000000003,-0.03705000000000003,0.5240825,0.4759175,pass,False,"[0.525, 0.55)"
2024-12-22T17:30:00Z,2024-12-22T17:25:38Z,2024-12-22T17:20:38Z,2024-12-22T17:30:37Z,987be0b1af962f068e2928a9067998c9,americanfootball_nfl,2024-12-22 21:25:00+00:00,Buffalo Bills,New England Patriots,fanduel,FanDuel,2024-12-22T17:24:59Z,player_pass_yds,2024-12-22T17:25:22Z,Josh Allen,240.5,-110.0,-110,2024-12-22,BUF,NE,josh allen,2024,16,Josh Allen,BUF,QB,154.0,30.0,0.0,0.0,154.0,False,False,-14.0,14.0,48.0,True,False,-14.0,14.0,True,False,False,31.0,284.0,278.8,42.833333333333336,41.1,118.20321484629764,84.12609583238722,0.6666666666666666,0.8,242.5,10.428571428571429,14.0,josh allen,Josh Allen,BUF,31.5,20.5,249.7,1.9,0.6,8.2,42.9,0.9,0.2,26.0,-95.7,-9.199999999999989,-86.5,242.22386260535595,-88.22386260535595,1.7238626053559472,False,0:5,225-250,83.52232316389792,rolling_5g,84.12609583238722,84.12609583238722,-1.0487098174760554,0.50475,0.49525,241.89210821447284,241.49781692693307,83.58540133948658,-101.91822311963655,101.91822311963655,0.004750000000000032,-0.0047499999999999765,0.5030875,0.49691250000000003,pass,True,"[0.5, 0.525)"
2024-12-22T17:30:00Z,2024-12-22T17:25:38Z,2024-12-22T17:20:38Z,2024-12-22T17:30:37Z,534fd9bc355dbfa4d35156e6d59e3913,americanfootball_nfl,2024-12-22 18:01:00+00:00,Chicago Bears,Detroit Lions,fanduel,FanDuel,2024-12-22T17:24:59Z,player_pass_yds,2024-12-22T17:25:46Z,Caleb Williams,214.5,-110.0,-110,2024-12-22,CHI,DET,caleb williams,2024,16,Caleb Williams,CHI,QB,334.0,34.0,0.0,0.0,334.0,True,False,7.0,-7.0,47.5,True,False,7.0,-7.0,False,True,False,20.25,193.66666666666663,230.4,-32.833333333333336,16.9,61.04370019365904,76.67007238812288,0.3333333333333333,0.6,209.78571428571428,-8.571428571428571,14.0,caleb williams,Caleb Williams,CHI,32.1,19.8,219.8,1.3,0.8,5.4,24.2,0.2,0.2,16.1,114.2,-5.300000000000011,119.5,213.18544966450057,120.81455033549943,-1.3145503354994332,True,-5:0,200-225,69.4161154154068,rolling_5g,76.67007238812288,76.67007238812288,1.575771961240708,0.49785,0.50215,214.05171989087165,214.02952469630324,76.40596555807929,100.8637139700713,-100.8637139700713,-0.0021499999999999853,0.0021499999999999853,0.4986025,0.5013974999999999,pass,False,"[0.475, 0.5)"
2024-12-22T17:30:00Z,2024-12-22T17:25:38Z,2024-12-22T17:20:38Z,2024-12-22T17:30:37Z,534fd9bc355dbfa4d35156e6d59e3913,americanfootball_nfl,2024-12-22 18:01:00+00:00,Chicago Bears,Detroit Lions,fanduel,FanDuel,2024-12-22T17:24:59Z,player_pass_yds,2024-12-22T17:25:46Z,Jared Goff,245.5,-110.0,-110,2024-12-22,CHI,DET,jared goff,2024,16,Jared Goff,DET,QB,336.0,-1.0,0.0,0.0,336.0,True,False,7.0,-7.0,47.5,False,True,-7.0,7.0,True,False,False,27.25,332.6666666666667,335.8,79.5,87.7,143.1165026589643,113.20644857957517,0.6666666666666666,0.8,278.0,27.807692307692307,13.0,jared goff,Jared Goff,DET,32.0,23.0,255.5,1.6,0.9,1.0,3.8,0.0,0.2,16.1,80.5,-10.0,90.5,247.8567320052544,88.14326799474566,2.356732005254344,True,0:5,225-250,83.52232316389792,rolling_5g,113.20644857957517,113.20644857957517,0.7786064230500782,0.5107,0.4893,248.5301311823873,248.40933089772733,113.52640565726833,-104.37359493153487,104.37359493153483,0.010700000000000043,-0.010699999999999987,0.506955,0.493045,pass,False,"[0.5, 0.525)"
2024-12-22T17:30:00Z,2024-12-22T17:25:38Z,2024-12-22T17:20:38Z,2024-12-22T17:30:37Z,f03bb31e9ff7b81ad1e18e36b7cdddb7,americanfootball_nfl,2024-12-22 18:01:00+00:00,Indianapolis Colts,Tennessee Titans,fanduel,FanDuel,2024-12-22T17:24:59Z,player_pass_yds,2024-12-22T17:25:59Z,Mason Rudolph,212.5,-110.0,-110,2024-12-22,IND,TEN,mason rudolph,2024,16,Mason Rudolph,TEN,QB,252.0,3.0,0.0,0.0,252.0,True,False,-4.0,4.0,42.5,False,True,4.0,-4.0,False,True,False,19.25,240.3333333333333,240.3333333333333,47.5,47.5,25.50163393458022,25.50163393458022,1.0,1.0,240.3333333333333,47.5,3.0,mason rudolph,Mason Rudolph,PIT,32.4,21.5,213.0,1.1,0.9,2.6,12.8,0.1,0.3,13.3,39.0,-0.5,39.5,206.5813958853093,45.41860411469065,-5.918604114690652,True,-10:-5,200-225,69.4161154154068,rolling_3g,50.0,25.50163393458022,0.9083720822938136,0.4569,0.5431,206.64404885821995,207.11716591849256,49.70255669773171,118.8662727073758,-118.8662727073758,-0.04310000000000003,0.04310000000000003,0.471985,0.528015,pass,False,"[0.45, 0.475)"
2024-12-22T17:30:00Z,2024-12-22T17:25:38Z,2024-12-22T17:20:38Z,2024-12-22T17:30:37Z,f03bb31e9ff7b81ad1e18e36b7cdddb7,americanfootball_nfl,2024-12-22 18:01:00+00:00,Indianapolis Colts,Tennessee Titans,fanduel,FanDuel,2024-12-22T17:24:59Z,player_pass_yds,2024-12-22T17:25:59Z,Anthony Richardson,178.5,-110.0,-110,2024-12-22,IND,TEN,anthony richardson,2024,16,Anthony Richardson,IND,QB,131.0,70.0,0.0,0.0,131.0,False,False,-4.0,4.0,42.5,True,False,-4.0,4.0,True,False,False,23.25,151.0,180.0,-44.16666666666666,-10.7,36.373066958946445,58.43372313998142,0.0,0.2,168.3,-27.9,10.0,anthony richardson,Anthony Richardson Sr.,IND,26.0,14.6,179.0,1.0,1.0,8.4,45.7,0.5,0.4,16.6,-48.0,-0.5,-47.5,173.56112698935334,-42.56112698935334,-4.93887301064666,False,-5:0,0-175,52.752623496033685,rolling_5g,58.43372313998142,58.43372313998142,-0.7283658254565717,0.4675,0.5325,173.81632414242196,173.70383427739455,57.95697056064152,113.90374331550801,-113.90374331550801,-0.03249999999999997,0.03249999999999997,0.478875,0.521125,pass,True,"[0.45, 0.475)"
2024-12-22T17:30:00Z,2024-12-22T17:25:38Z,2024-12-22T17:20:38Z,2024-12-22T17:30:37Z,d9ace22fff68cd1916da62a70491e424,americanfootball_nfl,2024-12-22 18:00:00+00:00,New York Jets,Los Angeles Rams,fanduel,FanDuel,2024-12-22T17:24:59Z,player_pass_yds,2024-12-22T17:25:57Z,Matthew Stafford,240.5,-110.0,-110,2024-12-22,NYJ,LAR,matthew stafford,2024,16,Matthew Stafford,LAR,QB,110.0,-4.0,0.0,0.0,110.0,False,False,3.0,-3.0,47.0,False,True,-3.0,3.0,True,False,False,25.0,221.0,240.2,-32.166666666666664,-10.1,86.50433515148245,69.07025408958619,0.3333333333333333,0.4,246.3846153846154,2.269230769230769,13.0,matthew stafford,Matthew Stafford,LAR,32.9,21.6,242.0,1.6,0.5,1.3,3.9,0.1,0.2,15.8,-132.0,-1.5,-130.5,234.7457428848012,-124.74574288480122,-5.754257115198783,False,-10:-5,225-250,83.52232316389792,rolling_5g,69.07025408958619,69.07025408958619,-1.8060704210382983,0.46785,0.53215,234.8224666546275,234.76212759235125,69.41551806589091,113.74372127818746,-113.74372127818746,-0.03215000000000001,0.03215000000000001,0.4791025,0.5208975,pass,True,"[0.45, 0.475)"
2024-12-22T20:35:00Z,2024-12-22T20:30:38Z,2024-12-22T20:25:37Z,2024-12-22T20:35:37Z,87ed34522672eabe6cb5b85c34c4e8ce,americanfootball_nfl,2024-12-22 21:06:00+00:00,Seattle Seahawks,Minnesota Vikings,fanduel,FanDuel,2024-12-22T20:30:07Z,player_pass_yds,2024-12-22T20:30:20Z,Sam Darnold,238.5,-110.0,-110,2024-12-22,SEA,MIN,sam darnold,2024,16,Sam Darnold,MIN,QB,246.0,11.0,0.0,0.0,246.0,True,False,2.5,-2.5,43.0,False,True,-2.5,2.5,True,False,False,22.75,271.0,277.8,17.833333333333332,34.1,65.84831053261732,56.0062496512666,0.3333333333333333,0.6,252.1428571428572,11.857142857142858,14.0,sam darnold,Sam Darnold,SEA,32.1,21.8,249.0,1.6,0.6,4.0,14.4,0.1,0.2,17.4,-3.0,-10.5,7.5,241.544033539851,4.455966460149,3.044033539851,True,0:5,225-250,83.52232316389792,rolling_5g,56.0062496512666,56.0062496512666,0.0795619504590096,0.52215,0.47785,241.52279934662067,241.57688776340865,56.33409274773074,-109.27069163963587,109.27069163963587,0.022150000000000003,-0.022150000000000003,0.5143975,0.4856025,pass,False,"[0.5, 0.525)"
2024-12-22T20:35:00Z,2024-12-22T20:30:38Z,2024-12-22T20:25:37Z,2024-12-22T20:35:37Z,87ed34522672eabe6cb5b85c34c4e8ce,americanfootball_nfl,2024-12-22 21:06:00+00:00,Seattle Seahawks,Minnesota Vikings,fanduel,FanDuel,2024-12-22T20:30:07Z,player_pass_yds,2024-12-22T20:30:20Z,Geno Smith,238.5,-110.0,-110,2024-12-22,SEA,MIN,geno smith,2024,16,Geno Smith,SEA,QB,314.0,8.0,0.0,0.0,314.0,True,False,2.5,-2.5,43.0,True,False,2.5,-2.5,False,True,False,20.25,231.0,255.4,-15.833333333333334,8.3,24.062418831031867,62.660194701261496,0.3333333333333333,0.4,267.2307692307692,21.65384615384616,13.0,geno smith,Geno Smith,NYJ,32.7,22.1,232.5,1.2,0.8,3.2,12.6,0.1,0.2,14.9,81.5,6.0,75.5,225.5194912815194,88.48050871848059,-12.980508718480593,True,-15:-10,225-250,83.52232316389792,rolling_5g,62.660194701261496,62.660194701261496,1.4120688443487917,0.4243,0.5757,225.8333213331531,225.89984759604042,62.66436922655662,135.68230025925052,-135.68230025925052,-0.07569999999999999,0.07569999999999999,0.450795,0.5492049999999999,under,False,"[0.4, 0.45)"
2024-12-22T20:55:00Z,2024-12-22T20:50:37Z,2024-12-22T20:45:37Z,2024-12-22T20:55:37Z,d93e285150cc30bb71e930879219d26e,americanfootball_nfl,2024-12-22 21:26:00+00:00,Las Vegas Raiders,Jacksonville Jaguars,fanduel,FanDuel,2024-12-22T20:50:12Z,player_pass_yds,2024-12-22T20:50:36Z,Mac Jones,211.5,-110.0,-110,2024-12-22,LV,JAX,mac jones,2024,16,Mac Jones,JAX,QB,247.0,0.0,0.0,0.0,247.0,True,False,-2.5,2.5,41.5,False,True,2.5,-2.5,False,True,False,19.5,217.3333333333333,190.75,18.83333333333333,-9.25,78.03418054502355,82.98343208134983,0.6666666666666666,0.5,190.75,-9.25,4.0,mac jones,Mac Jones,SF,32.6,20.1,211.5,1.1,0.9,2.2,10.1,0.1,0.2,13.0,35.5,0.0,35.5,205.1246193163701,41.875380683629885,-6.375380683629885,True,-10:-5,200-225,69.4161154154068,rolling_3g,78.03418054502355,78.03418054502355,0.5366286977213657,0.4681,0.5319,204.37471799374464,204.8554908966039,78.26468837028949,113.62956633198036,-113.62956633198037,-0.031899999999999984,0.03190000000000004,0.479265,0.5207350000000001,pass,False,"[0.45, 0.475)"
2024-12-22T20:55:00Z,2024-12-22T20:50:37Z,2024-12-22T20:45:37Z,2024-12-22T20:55:37Z,d93e285150cc30bb71e930879219d26e,americanfootball_nfl,2024-12-22 21:26:00+00:00,Las Vegas Raiders,Jacksonville Jaguars,fanduel,FanDuel,2024-12-22T20:50:12Z,player_pass_yds,2024-12-22T20:50:36Z,Aidan O'Connell,243.5,-110.0,-110,2024-12-22,LV,JAX,aidan oconnell,2024,16,Aidan O'Connell,LV,QB,257.0,12.0,0.0,0.0,257.0,True,False,-2.5,2.5,41.5,True,False,-2.5,2.5,True,False,False,22.0,165.33333333333334,180.75,-59.16666666666666,-34.75,153.48398396358277,129.056512169411,0.3333333333333333,0.5,180.75,-34.75,4.0,aidan oconnell,Aidan O'Connell,LV,32.9,21.3,233.2,1.3,0.8,2.1,7.2,0.1,0.2,14.5,23.80000000000001,10.300000000000011,13.5,226.19932034702435,30.80067965297565,-17.300679652975646,True,-25:-15,225-250,83.52232316389792,rolling_3g,115.0,153.48398396358277,0.2678319969823969,0.4428,0.5572,226.22054111031255,226.73394074919682,114.13709077801661,125.8355916892502,-125.83559168925025,-0.05719999999999997,0.05720000000000003,0.46282,0.53718,under,False,"[0.4, 0.45)"
2024-12-22T20:55:00Z,2024-12-22T20:50:37Z,2024-12-22T20:45:37Z,2024-12-22T20:55:37Z,b0e2f4e7023b4f29ca1e1e64f93726f2,americanfootball_nfl,2024-12-22 21:25:00+00:00,Miami Dolphins,San Francisco 49ers,fanduel,FanDuel,2024-12-22T20:50:12Z,player_pass_yds,2024-12-22T20:49:47Z,Brock Purdy,243.5,-110.0,-110,2024-12-22,MIA,SF,brock purdy,2024,16,Brock Purdy,SF,QB,313.0,26.0,0.0,0.0,313.0,True,False,2.0,-2.0,44.0,False,True,-2.0,2.0,True,False,False,23.0,187.0,214.6,-47.5,-28.5,121.8974979234602,116.45728830777402,0.3333333333333333,0.4,244.15384615384616,-0.7307692307692307,13.0,brock purdy,Brock Purdy,SF,30.9,20.9,245.0,1.4,0.8,4.3,16.5,0.2,0.2,17.2,68.0,-1.5,69.5,237.65929602267968,75.34070397732032,-5.840703977320317,True,-10:-5,225-250,83.52232316389792,rolling_5g,115.0,116.45728830777402,0.6551365563245245,0.4738,0.5262,236.50632636148418,235.8149547494703,114.91989287399564,111.05951878429717,-111.05951878429717,-0.0262,0.0262,0.48297,0.51703,pass,False,"[0.45, 0.475)"
2024-12-22T20:55:00Z,2024-12-22T20:50:37Z,2024-12-22T20:45:37Z,2024-12-22T20:55:37Z,b0e2f4e7023b4f29ca1e1e64f93726f2,americanfootball_nfl,2024-12-22 21:25:00+00:00,Miami Dolphins,San Francisco 49ers,fanduel,FanDuel,2024-12-22T20:50:12Z,player_pass_yds,2024-12-22T20:49:47Z,Tua Tagovailoa,248.5,-110.0,-110,2024-12-22,MIA,SF,tua tagovailoa,2024,16,Tua Tagovailoa,MIA,QB,215.0,-1.0,0.0,0.0,215.0,False,False,2.0,-2.0,44.0,True,False,2.0,-2.0,False,True,False,21.0,297.3333333333333,299.4,44.5,51.3,89.38866445659276,64.09602171742017,0.6666666666666666,0.8,265.2,13.0,10.0,tua tagovailoa,Tua Tagovailoa,ATL,35.3,25.0,243.9,1.6,0.8,1.6,4.8,0.0,0.2,15.7,-28.90000000000001,4.599999999999994,-33.5,236.5909932054576,-21.590993205457607,-11.909006794542393,False,-15:-10,225-250,83.52232316389792,rolling_5g,64.09602171742017,64.09602171742017,-0.3368538737184925,0.4252,0.5748,236.64180535110674,236.81966045172624,63.98446296832591,135.18344308560677,-135.18344308560677,-0.07479999999999998,0.07479999999999998,0.45138,0.54862,under,True,"[0.4, 0.45)"
2024-12-23T00:50:00Z,2024-12-23T00:45:37Z,2024-12-23T00:40:37Z,2024-12-23T00:50:37Z,beea49da0ca78cc5636fa84188603fa0,americanfootball_nfl,2024-12-23 01:21:00+00:00,Dallas Cowboys,Tampa Bay Buccaneers,fanduel,FanDuel,2024-12-23T00:45:05Z,player_pass_yds,2024-12-23T00:43:54Z,Baker Mayfield,250.5,-110.0,-110,2024-12-22,DAL,TB,baker mayfield,2024,16,Baker Mayfield,TB,QB,303.0,42.0,0.0,0.0,303.0,True,False,4.5,-4.5,47.5,False,True,-4.5,4.5,True,False,False,26.0,272.6666666666667,245.6,33.166666666666664,7.3,32.80751946327763,76.63093370173692,0.6666666666666666,0.6,249.7692307692308,11.192307692307692,13.0,baker mayfield,Baker Mayfield,TB,32.3,22.4,254.9,1.7,0.9,3.7,14.7,0.1,0.2,18.0,48.1,-4.400000000000006,52.5,247.27402137767865,55.72597862232135,-3.2259786223213496,True,-5:0,225-250,83.52232316389792,rolling_5g,76.63093370173692,76.63093370173692,0.7271995254451435,0.4859,0.5141,247.05958693113746,247.4539801733207,76.27531947044663,105.80366330520683,-105.80366330520683,-0.014100000000000001,0.014100000000000001,0.490835,0.509165,pass,False,"[0.475, 0.5)"
2024-12-25T17:30:00Z,2024-12-25T17:25:38Z,2024-12-25T17:20:38Z,2024-12-25T17:30:38Z,ce94e5673c8b7a0834f1948f1c5f52c7,americanfootball_nfl,2024-12-25 18:00:00+00:00,Pittsburgh Steelers,Kansas City Chiefs,fanduel,FanDuel,2024-12-25T17:24:52Z,player_pass_yds,2024-12-25T17:25:17Z,Patrick Mahomes,253.5,-110.0,-110,2024-12-25,PIT,KC,patrick mahomes,2024,17,Patrick Mahomes,KC,QB,320.0,12.0,0.0,0.0,320.0,True,False,3.0,-3.0,43.5,False,True,-3.0,3.0,True,False,False,23.25,209.66666666666663,240.8,-30.166666666666668,-0.1,50.50082507576819,57.1288018428533,0.3333333333333333,0.6,236.92857142857144,-7.928571428571429,14.0,patrick mahomes,Patrick Mahomes II,KC,36.4,24.1,252.5,1.5,0.6,3.6,17.6,0.1,0.2,17.5,67.5,1.0,66.5,244.94317886737588,75.05682113262412,-8.556821132624123,True,-10:-5,225-250,83.52232316389792,rolling_5g,57.1288018428533,57.1288018428533,1.3138175265619296,0.43885,0.56115,244.52651576261417,244.53716491164488,57.24756735683807,127.86829212715051,-127.86829212715053,-0.06114999999999998,0.06115000000000004,0.4602525,0.5397475,under,False,"[0.4, 0.45)"
2024-12-27T00:45:00Z,2024-12-27T00:40:38Z,2024-12-27T00:35:38Z,2024-12-27T00:45:38Z,1cc92f3601760bad475efd70d52ca482,americanfootball_nfl,2024-12-27 01:16:00+00:00,Chicago Bears,Seattle Seahawks,fanduel,FanDuel,2024-12-27T00:40:35Z,player_pass_yds,2024-12-27T00:40:00Z,Geno Smith,248.5,-110.0,-110,2024-12-26,CHI,SEA,geno smith,2024,17,Geno Smith,SEA,QB,160.0,19.0,0.0,0.0,160.0,False,False,3.5,-3.5,43.5,False,True,-3.5,3.5,True,False,False,23.5,251.0,245.6,8.833333333333334,0.3,56.204981985585576,42.07493315502711,0.3333333333333333,0.4,270.57142857142856,25.5,14.0,geno smith,Geno Smith,NYJ,34.1,23.1,258.5,1.3,0.9,3.1,13.3,0.1,0.2,16.4,-98.5,-10.0,-88.5,250.7702851431328,-90.7702851431328,2.27028514313281,False,0:5,250-275,66.76327241271723,rolling_5g,50.0,42.07493315502711,-1.815405702862656,0.51565,0.48435,250.4644619361126,250.3739586217668,49.95000022288361,-106.46226902033655,106.46226902033654,0.015650000000000053,-0.015649999999999997,0.5101725,0.4898275,pass,True,"[0.5, 0.525)"
2024-12-27T00:45:00Z,2024-12-27T00:40:38Z,2024-12-27T00:35:38Z,2024-12-27T00:45:38Z,1cc92f3601760bad475efd70d52ca482,americanfootball_nfl,2024-12-27 01:16:00+00:00,Chicago Bears,Seattle Seahawks,fanduel,FanDuel,2024-12-27T00:40:35Z,player_pass_yds,2024-12-27T00:40:00Z,Caleb Williams,216.5,-110.0,-110,2024-12-26,CHI,SEA,caleb williams,2024,17,Caleb Williams,CHI,QB,122.0,37.0,0.0,0.0,122.0,False,False,3.5,-3.5,43.5,True,False,3.5,-3.5,False,True,False,20.0,219.66666666666663,251.0,-2.1666666666666665,32.7,103.03559255584123,89.61584681293817,0.3333333333333333,0.6,218.06666666666663,-0.0333333333333333,15.0,caleb williams,Caleb Williams,CHI,31.9,19.6,215.7,1.3,0.7,5.4,25.5,0.1,0.2,15.9,-93.7,0.8000000000000114,-94.5,209.2035937094,-87.20359370939997,-7.296406290600032,False,-10:-5,200-225,69.4161154154068,rolling_5g,89.61584681293817,89.61584681293817,-0.9730822930393834,0.47005,0.52995,209.55800741993477,209.65426551202142,90.80938024558685,112.74332517817251,-112.74332517817255,-0.029949999999999977,0.029950000000000032,0.48053250000000003,0.5194675,pass,True,"[0.45, 0.475)"
2024-12-29T17:30:00Z,2024-12-29T17:25:38Z,2024-12-29T17:20:38Z,2024-12-29T17:30:38Z,5f99b5d40cf65d48be81c3812cd1e95e,americanfootball_nfl,2024-12-30 01:21:00+00:00,Washington Commanders,Atlanta Falcons,fanduel,FanDuel,2024-12-29T17:25:10Z,player_pass_yds,2024-12-29T17:25:51Z,Jayden Daniels,221.5,-110.0,-110,2024-12-29,WAS,ATL,jayden daniels,2024,17,Jayden Daniels,WAS,QB,227.0,127.0,0.0,0.0,227.0,True,False,-3.5,3.5,46.5,True,False,-3.5,3.5,True,False,False,25.0,235.66666666666663,223.6,13.833333333333334,2.3,35.50117368951812,30.154601638887584,0.6666666666666666,0.4,205.3636363636364,-9.590909090909092,11.0,jayden daniels,Jayden Daniels,WSH,31.5,21.9,227.9,1.4,0.5,8.8,48.6,0.4,0.2,21.3,-0.9000000000000057,-6.400000000000006,5.5,221.05204313677245,5.947956863227574,-0.4479568632275743,True,-5:0,200-225,69.4161154154068,rolling_5g,50.0,30.154601638887584,0.1189591372645509,0.4978,0.5022,221.11795136636664,221.24314797409033,49.500739417358865,100.8838891120932,-100.8838891120932,-0.0021999999999999797,0.0021999999999999797,0.49857,0.50143,pass,False,"[0.475, 0.5)"
2024-12-29T17:30:00Z,2024-12-29T17:25:38Z,2024-12-29T17:20:38Z,2024-12-29T17:30:38Z,5f99b5d40cf65d48be81c3812cd1e95e,americanfootball_nfl,2024-12-30 01:21:00+00:00,Washington Commanders,Atlanta Falcons,fanduel,FanDuel,2024-12-29T17:25:10Z,player_pass_yds,2024-12-29T17:25:51Z,Michael Penix Jr.,202.5,-110.0,-110,2024-12-29,WAS,ATL,michael penix,2024,17,Michael Penix,ATL,QB,223.0,3.0,0.0,0.0,223.0,True,False,-3.5,3.5,46.5,False,True,3.5,-3.5,False,True,False,21.5,202.0,202.0,-18.5,-18.5,,,0.0,0.0,202.0,-18.5,1.0,michael penix,Michael Penix Jr.,ATL,33.5,20.5,221.0,1.2,0.9,2.7,10.2,0.1,0.2,14.0,2.0,-18.5,20.5,214.35087091965192,8.649129080348075,11.850870919651925,True,10:15,200-225,69.4161154154068,bucket_fallback,69.4161154154068,69.4161154154068,0.1245982871353301,0.5696,0.4304,214.83103200925146,214.59632359256437,69.33753985661609,-132.34200743494424,132.34200743494424,0.0696,-0.0696,0.54524,0.45476,over,False,"[0.55, 0.6)"
2024-12-29T17:30:00Z,2024-12-29T17:25:38Z,2024-12-29T17:20:38Z,2024-12-29T17:30:38Z,eb5a71180b3558fdc20a896e98c00385,americanfootball_nfl,2024-12-29 18:01:00+00:00,Buffalo Bills,New York Jets,fanduel,FanDuel,2024-12-29T17:25:10Z,player_pass_yds,2024-12-29T17:25:07Z,Josh Allen,212.5,-110.0,-110,2024-12-29,BUF,NYJ,josh allen,2024,17,Josh Allen,BUF,QB,182.0,17.0,0.0,0.0,182.0,False,False,-10.0,10.0,44.5,True,False,-10.0,10.0,True,False,False,27.25,286.0,253.6,39.5,13.3,114.7519063022484,100.88012688334604,0.6666666666666666,0.6,236.6,3.966666666666667,15.0,josh allen,Josh Allen,BUF,32.3,20.8,248.1,1.7,0.5,7.7,39.6,0.7,0.3,23.9,-66.1,-35.599999999999994,-30.5,240.66996759848743,-58.66996759848743,28.169967598487432,False,25+,225-250,83.52232316389792,rolling_5g,100.88012688334604,100.88012688334604,-0.5815810250351009,0.60835,0.39165,240.8379741765668,239.79966682590984,101.4819239044326,-155.33001404315073,155.33001404315075,0.10834999999999995,-0.10835,0.5704275,0.4295725,pass,True,"[0.6, 1.0)"
2024-12-29T17:30:00Z,2024-12-29T17:25:38Z,2024-12-29T17:20:38Z,2024-12-29T17:30:38Z,cb4060acc9d027ca0069619ef9983415,americanfootball_nfl,2024-12-29 18:00:00+00:00,Tampa Bay Buccaneers,Carolina Panthers,fanduel,FanDuel,2024-12-29T17:25:10Z,player_pass_yds,2024-12-29T17:25:20Z,Bryce Young,218.5,-110.0,-110,2024-12-29,TB,CAR,bryce young,2024,17,Bryce Young,CAR,QB,203.0,8.0,0.0,0.0,203.0,False,False,-9.5,9.5,47.5,False,True,9.5,-9.5,False,True,False,19.0,189.3333333333333,225.8,-13.833333333333334,27.5,30.534133905079624,55.79157642511995,0.3333333333333333,0.6,189.5,-0.7,10.0,bryce young,Bryce Young,CAR,34.5,21.2,223.2,1.2,0.9,4.5,19.7,0.2,0.2,15.5,-20.19999999999999,-4.699999999999989,-15.5,216.48747655409613,-13.487476554096132,-2.0125234459038666,False,-5:0,200-225,69.4161154154068,rolling_5g,55.79157642511995,55.79157642511995,-0.2417475435955498,0.48935,0.51065,216.22169752126112,216.87078470890557,56.242981806381486,104.35271278226219,-104.3527127822622,-0.010649999999999993,0.010650000000000048,0.4930775,0.5069225,pass,True,"[0.475, 0.5)"
2024-12-29T17:30:00Z,2024-12-29T17:25:38Z,2024-12-29T17:20:38Z,2024-12-29T17:30:38Z,cb4060acc9d027ca0069619ef9983415,americanfootball_nfl,2024-12-29 18:00:00+00:00,Tampa Bay Buccaneers,Carolina Panthers,fanduel,FanDuel,2024-12-29T17:25:10Z,player_pass_yds,2024-12-29T17:25:20Z,Baker Mayfield,244.5,-110.0,-110,2024-12-29,TB,CAR,baker mayfield,2024,17,Baker Mayfield,TB,QB,359.0,2.0,0.0,0.0,359.0,True,False,-9.5,9.5,47.5,True,False,-9.5,9.5,True,False,False,28.5,295.3333333333333,283.0,51.5,43.3,7.505553499465567,27.358728040608906,1.0,0.8,253.57142857142856,14.142857142857142,14.0,baker mayfield,Baker Mayfield,TB,32.1,21.9,251.6,1.9,0.9,3.2,14.4,0.1,0.2,18.6,107.4,-7.099999999999994,114.5,244.0691129260124,114.93088707398766,-0.4308870739876624,True,-5:0,225-250,83.52232316389792,rolling_5g,50.0,27.358728040608906,2.298617741479753,0.4985,0.5015,244.16045592103748,244.31683239726286,49.65194634534037,100.60180541624875,-100.60180541624872,-0.0015000000000000013,0.0014999999999999458,0.499025,0.500975,pass,False,"[0.475, 0.5)"
2024-12-29T17:30:00Z,2024-12-29T17:25:38Z,2024-12-29T17:20:38Z,2024-12-29T17:30:38Z,0ce683697325d7715a78889240d82cc7,americanfootball_nfl,2024-12-29 18:01:00+00:00,New York Giants,Indianapolis Colts,fanduel,FanDuel,2024-12-29T17:25:10Z,player_pass_yds,2024-12-29T17:25:43Z,Joe Flacco,230.5,-110.0,-110,2024-12-29,NYG,IND,joe flacco,2024,17,Joe Flacco,IND,QB,330.0,1.0,0.0,0.0,330.0,True,False,7.5,-7.5,40.5,False,True,-7.5,7.5,True,False,False,24.0,213.3333333333333,249.75,-24.5,11.0,51.05226080530944,83.91811485013233,0.3333333333333333,0.5,249.75,11.0,4.0,joe flacco,Joe Flacco,CIN,30.6,19.8,227.4,1.4,0.8,1.6,6.3,0.0,0.2,14.2,102.6,3.0999999999999943,99.5,220.566450947126,109.433549052874,-9.933549052873984,True,-10:-5,200-225,69.4161154154068,rolling_3g,51.05226080530944,51.05226080530944,2.143559312097946,0.4226,0.5774,220.53160279188268,220.67799837969002,51.06660888007569,136.63038334122103,-136.63038334122103,-0.07740000000000002,0.07740000000000002,0.44969,0.55031,under,False,"[0.4, 0.45)"
2024-12-29T17:30:00Z,2024-12-29T17:25:38Z,2024-12-29T17:20:38Z,2024-12-29T17:30:38Z,0ce683697325d7715a78889240d82cc7,americanfootball_nfl,2024-12-29 18:01:00+00:00,New York Giants,Indianapolis Colts,fanduel,FanDuel,2024-12-29T17:25:10Z,player_pass_yds,2024-12-29T17:25:43Z,Drew Lock,190.5,-110.0,-110,2024-12-29,NYG,IND,drew lock,2024,17,Drew Lock,NYG,QB,309.0,0.0,0.0,0.0,309.0,True,False,7.5,-7.5,40.5,True,False,7.5,-7.5,False,True,False,16.5,205.0,205.0,6.166666666666667,6.166666666666667,24.879710609249457,24.879710609249457,0.6666666666666666,0.6666666666666666,205.0,6.166666666666667,3.0,drew lock,Drew Lock,SEA,32.3,20.4,214.3,0.9,0.9,3.9,15.8,0.1,0.3,12.8,94.7,-23.80000000000001,118.5,207.84393557839,101.15606442160998,17.343935578390017,True,15:25,200-225,69.4161154154068,rolling_3g,50.0,24.879710609249457,2.0231212884322,0.63755,0.36245,208.01497461366225,208.293716348045,49.92460873220185,-175.90012415505583,175.9001241550559,0.13754999999999995,-0.13755,0.5894075,0.4105925,pass,False,"[0.6, 1.0)"
2024-12-29T17:30:00Z,2024-12-29T17:25:38Z,2024-12-29T17:20:38Z,2024-12-29T17:30:38Z,68e8e424d470fb6d60f1b2f0a3f3d1e3,americanfootball_nfl,2024-12-29 18:01:00+00:00,Jacksonville Jaguars,Tennessee Titans,fanduel,FanDuel,2024-12-29T17:25:10Z,player_pass_yds,2024-12-29T17:25:07Z,Mac Jones,202.5,-110.0,-110,2024-12-29,JAX,TEN,mac jones,2024,17,Mac Jones,JAX,QB,174.0,22.0,0.0,0.0,174.0,False,False,1.0,-1.0,38.0,True,False,1.0,-1.0,False,True,False,18.5,253.66666666666663,202.0,49.833333333333336,-0.3,37.44774136491187,76.14131598547533,1.0,0.6,202.0,-0.3,5.0,mac jones,Mac Jones,SF,32.7,20.7,219.9,1.2,1.0,1.9,8.7,0.1,0.3,13.5,-45.900000000000006,-17.400000000000006,-28.5,213.28256810242985,-39.28256810242982,10.78256810242982,False,10:15,200-225,69.4161154154068,rolling_5g,76.14131598547533,76.14131598547533,-0.5159165900143277,0.55195,0.44805,212.62544344825247,212.35678236260043,76.49049508911926,-123.18937618569359,123.18937618569355,0.05195000000000005,-0.051949999999999996,0.5337675000000001,0.4662325,over,True,"[0.55, 0.6)"
2024-12-29T17:30:00Z,2024-12-29T17:25:38Z,2024-12-29T17:20:38Z,2024-12-29T17:30:38Z,68e8e424d470fb6d60f1b2f0a3f3d1e3,americanfootball_nfl,2024-12-29 18:01:00+00:00,Jacksonville Jaguars,Tennessee Titans,fanduel,FanDuel,2024-12-29T17:25:10Z,player_pass_yds,2024-12-29T17:25:07Z,Mason Rudolph,204.5,-110.0,-110,2024-12-29,JAX,TEN,mason rudolph,2024,17,Mason Rudolph,TEN,QB,193.0,23.0,0.0,0.0,193.0,False,False,1.0,-1.0,38.0,False,True,-1.0,1.0,True,False,False,19.5,252.66666666666663,243.25,49.5,45.5,13.012814197295418,21.623675296612586,1.0,1.0,243.25,45.5,4.0,mason rudolph,Mason Rudolph,PIT,32.7,20.9,226.8,1.2,0.9,3.4,13.6,0.1,0.3,14.3,-33.80000000000001,-22.30000000000001,-11.5,219.98374031955032,-26.98374031955032,15.48374031955032,False,15:25,200-225,69.4161154154068,rolling_3g,50.0,13.012814197295418,-0.5396748063910064,0.6239,0.3761,220.12956999094118,220.4024722147617,49.789625385104074,-165.88673225206063,165.88673225206063,0.12390000000000001,-0.12390000000000001,0.580535,0.419465,pass,True,"[0.6, 1.0)"
2024-12-29T17:30:00Z,2024-12-29T17:25:38Z,2024-12-29T17:20:38Z,2024-12-29T17:30:38Z,398f58cef1cbb3c99805b52375104238,americanfootball_nfl,2024-12-29 18:00:00+00:00,New Orleans Saints,Las Vegas Raiders,fanduel,FanDuel,2024-12-29T17:25:10Z,player_pass_yds,2024-12-29T17:25:09Z,Aidan O'Connell,223.5,-110.0,-110,2024-12-29,NO,LV,aidan oconnell,2024,17,Aidan O'Connell,LV,QB,242.0,-1.0,0.0,0.0,242.0,True,False,2.0,-2.0,37.5,False,True,-2.0,2.0,True,False,False,19.75,233.66666666666663,196.0,0.1666666666666666,-25.1,119.71772355559278,116.85247109068769,0.6666666666666666,0.6,196.0,-25.1,5.0,aidan oconnell,Aidan O'Connell,LV,32.8,20.6,228.2,1.3,0.8,3.0,10.3,0.1,0.2,14.4,13.800000000000011,-4.699999999999989,18.5,221.34339845056024,20.65660154943976,-2.156601549439756,True,-5:0,200-225,69.4161154154068,rolling_5g,115.0,116.85247109068769,0.1796226221690413,0.4891,0.5109,220.21306681944765,220.52491466953924,114.01017022615882,104.45716622367615,-104.45716622367615,-0.01090000000000002,0.01090000000000002,0.492915,0.507085,pass,False,"[0.475, 0.5)"
2024-12-29T17:30:00Z,2024-12-29T17:25:38Z,2024-12-29T17:20:38Z,2024-12-29T17:30:38Z,398f58cef1cbb3c99805b52375104238,americanfootball_nfl,2024-12-29 18:00:00+00:00,New Orleans Saints,Las Vegas Raiders,fanduel,FanDuel,2024-12-29T17:25:10Z,player_pass_yds,2024-12-29T17:25:09Z,Spencer Rattler,181.5,-110.0,-110,2024-12-29,NO,LV,spencer rattler,2024,17,Spencer Rattler,NO,QB,218.0,46.0,0.0,0.0,218.0,True,False,2.0,-2.0,37.5,True,False,2.0,-2.0,False,True,False,17.75,190.3333333333333,190.3333333333333,8.833333333333334,8.833333333333334,46.30694692304097,46.30694692304097,0.3333333333333333,0.3333333333333333,190.3333333333333,8.833333333333334,3.0,spencer rattler,Spencer Rattler,NO,30.0,17.9,189.9,1.0,0.9,3.6,15.7,0.1,0.3,12.2,28.099999999999994,-8.400000000000006,36.5,184.1470367236452,33.85296327635487,2.647036723645129,True,0:5,175-200,63.59685830662887,rolling_3g,50.0,46.30694692304097,0.6770592655270968,0.5242,0.4758,184.58889848472538,184.71473876661983,50.26279248145904,-110.1723413198823,110.1723413198823,0.0242,-0.0242,0.51573,0.48427,pass,False,"[0.5, 0.525)"
2024-12-31T00:45:00Z,2024-12-31T00:40:38Z,2024-12-31T00:35:38Z,2024-12-31T00:45:38Z,987f7eb725e6a3937511b6c60dee5f18,americanfootball_nfl,2024-12-31 01:16:00+00:00,San Francisco 49ers,Detroit Lions,fanduel,FanDuel,2024-12-31T00:40:03Z,player_pass_yds,2024-12-31T00:40:52Z,Jared Goff,247.5,-110.0,-110,2024-12-30,SF,DET,jared goff,2024,17,Jared Goff,DET,QB,303.0,-3.0,0.0,0.0,303.0,True,False,4.0,-4.0,50.5,False,True,-4.0,4.0,True,False,False,27.25,371.0,320.6,118.83333333333331,69.5,109.76793703081056,105.23925123260804,1.0,0.8,282.1428571428572,32.285714285714285,14.0,jared goff,Jared Goff,DET,32.8,23.1,258.0,1.8,0.7,1.7,5.2,0.1,0.2,17.4,45.0,-10.5,55.5,250.2846929534864,52.7153070465136,2.784692953486399,True,0:5,250-275,66.76327241271723,rolling_5g,105.23925123260804,105.23925123260804,0.500909180073869,0.51725,0.48275,251.64161554142888,251.89960511279506,105.46914480989511,-107.14655618850337,107.14655618850337,0.017249999999999988,-0.017249999999999988,0.5112125,0.4887875,pass,False,"[0.5, 0.525)"
2024-12-31T00:45:00Z,2024-12-31T00:40:38Z,2024-12-31T00:35:38Z,2024-12-31T00:45:38Z,987f7eb725e6a3937511b6c60dee5f18,americanfootball_nfl,2024-12-31 01:16:00+00:00,San Francisco 49ers,Detroit Lions,fanduel,FanDuel,2024-12-31T00:40:03Z,player_pass_yds,2024-12-31T00:40:52Z,Brock Purdy,253.5,-110.0,-110,2024-12-30,SF,DET,brock purdy,2024,17,Brock Purdy,SF,QB,377.0,12.0,0.0,0.0,377.0,True,False,4.0,-4.0,50.5,True,False,4.0,-4.0,False,True,False,23.25,260.0,206.6,17.5,-33.9,102.36698686588367,105.42438048193596,0.6666666666666666,0.4,249.07142857142856,4.285714285714286,14.0,brock purdy,Brock Purdy,SF,33.8,22.4,267.9,1.5,0.8,4.3,17.5,0.2,0.2,18.5,109.10000000000002,-14.399999999999975,123.5,259.89941830848534,117.10058169151466,6.3994183084853375,True,5:10,250-275,66.76327241271723,rolling_5g,105.42438048193596,105.42438048193596,1.1107542786232392,0.5218,0.4782,258.8120235144149,259.44309439480776,105.63856645886165,-109.11752404851529,109.11752404851528,0.02180000000000004,-0.021799999999999986,0.51417,0.48583,pass,False,"[0.5, 0.525)"
2024-09-15T16:30:00Z,2024-09-15T16:25:38Z,2024-09-15T16:20:38Z,2024-09-15T16:30:38Z,5a2bfc721fb2300d4578743aee7ad891,americanfootball_nfl,2024-09-15 17:00:00+00:00,Baltimore Ravens,Las Vegas Raiders,fanduel,FanDuel,2024-09-15T16:25:14Z,player_pass_yds,2024-09-15T16:25:44Z,Lamar Jackson,213.5,-110.0,-110,2024-09-15,BAL,LV,lamar jackson,2024,2,Lamar Jackson,BAL,QB,247.0,45.0,0.0,0.0,247.0,True,False,-9.0,9.0,41.0,True,False,-9.0,9.0,True,False,False,25.0,,,,,,,,,,,0.0,lamar jackson,Lamar Jackson,BAL,30.9,20.0,230.4,1.5,0.7,10.1,58.1,0.4,0.3,22.0,16.599999999999994,-16.900000000000006,33.5,223.48000408500448,23.51999591499552,9.98000408500448,True,5:10,200-225,69.4161154154068,bucket_fallback,69.4161154154068,69.4161154154068,0.3388261612486499,0.55515,0.44485,223.80635696329233,223.7171084015,69.41003252416571,-124.79487467685738,124.79487467685736,0.05515000000000003,-0.05514999999999998,0.5358475,0.4641525,over,False,"[0.55, 0.6)"
2024-09-15T16:30:00Z,2024-09-15T16:25:38Z,2024-09-15T16:20:38Z,2024-09-15T16:30:38Z,5a2bfc721fb2300d4578743aee7ad891,americanfootball_nfl,2024-09-15 17:00:00+00:00,Baltimore Ravens,Las Vegas Raiders,fanduel,FanDuel,2024-09-15T16:25:14Z,player_pass_yds,2024-09-15T16:25:44Z,Gardner Minshew,200.5,-110.0,-110,2024-09-15,BAL,LV,gardner minshew,2024,2,Gardner Minshew,LV,QB,276.0,-1.0,0.0,0.0,276.0,True,False,-9.0,9.0,41.0,False,True,9.0,-9.0,False,True,False,16.0,257.0,257.0,38.5,38.5,,,1.0,1.0,257.0,38.5,1.0,gardner minshew,Gardner Minshew II,ARI,33.8,20.9,223.6,1.0,0.9,2.6,9.8,0.1,0.3,13.0,52.400000000000006,-23.099999999999994,75.5,216.8759503058133,59.12404969418674,16.375950305813262,True,15:25,200-225,69.4161154154068,bucket_fallback,69.4161154154068,69.4161154154068,0.8517337701824816,0.58905,0.41095,215.95365539923915,216.36046086735595,69.50472385292902,-143.33860566978947,143.33860566978953,0.08904999999999996,-0.08905000000000002,0.5578825,0.4421175,over,False,"[0.55, 0.6)"
2024-09-15T16:30:00Z,2024-09-15T16:25:38Z,2024-09-15T16:20:38Z,2024-09-15T16:30:38Z,b4769cda12183128858f49f475aabfce,americanfootball_nfl,2024-09-15 17:00:00+00:00,Carolina Panthers,Los Angeles Chargers,fanduel,FanDuel,2024-09-15T16:25:14Z,player_pass_yds,2024-09-15T16:25:13Z,Bryce Young,182.5,-110.0,-110,2024-09-15,CAR,LAC,bryce young,2024,2,Bryce Young,CAR,QB,84.0,6.0,0.0,0.0,84.0,False,False,5.0,-5.0,39.0,True,False,5.0,-5.0,False,True,False,17.0,161.0,161.0,-40.5,-40.5,,,0.0,0.0,161.0,-40.5,1.0,bryce young,Bryce Young,CAR,32.2,19.9,204.2,1.1,0.8,3.5,15.2,0.1,0.2,13.3,-120.2,-21.69999999999999,-98.5,198.03497334753249,-114.03497334753249,15.534973347532484,False,15:25,175-200,63.59685830662887,bucket_fallback,63.59685830662887,63.59685830662887,-1.793091300166416,0.60425,0.39575,198.62360304563126,198.7999793688575,63.35967532675017,-152.6847757422615,152.68477574226154,0.10424999999999995,-0.10425000000000001,0.5677625,0.4322375,pass,True,"[0.6, 1.0)"
2024-09-15T16:30:00Z,2024-09-15T16:25:38Z,2024-09-15T16:20:38Z,2024-09-15T16:30:38Z,b4769cda12183128858f49f475aabfce,americanfootball_nfl,2024-09-15 17:00:00+00:00,Carolina Panthers,Los Angeles Chargers,fanduel,FanDuel,2024-09-15T16:25:14Z,player_pass_yds,2024-09-15T16:25:13Z,Justin Herbert,203.5,-110.0,-110,2024-09-15,CAR,LAC,justin herbert,2024,2,Justin Herbert,LAC,QB,130.0,18.0,0.0,0.0,130.0,False,False,5.0,-5.0,39.0,False,True,-5.0,5.0,True,False,False,22.0,144.0,144.0,-84.5,-84.5,,,0.0,0.0,144.0,-84.5,1.0,justin herbert,Justin Herbert,LAC,33.0,21.3,229.9,1.4,0.5,3.8,14.2,0.1,0.2,16.1,-99.9,-26.40000000000001,-73.5,222.99441189535807,-92.99441189535808,19.49441189535807,False,15:25,200-225,69.4161154154068,bucket_fallback,69.4161154154068,69.4161154154068,-1.3396660319992224,0.60855,0.39145,222.47085226490168,222.69946321444866,70.35645867123135,-155.46046749265554,155.46046749265548,0.10855000000000004,-0.10854999999999998,0.5705575,0.4294425,pass,True,"[0.6, 1.0)"
2024-09-15T16:30:00Z,2024-09-15T16:25:38Z,2024-09-15T16:20:38Z,2024-09-15T16:30:38Z,111ac41e21c6f16a2d3d1511f07e2004,americanfootball_nfl,2024-09-15 17:00:00+00:00,Jacksonville Jaguars,Cleveland Browns,fanduel,FanDuel,2024-09-15T16:25:14Z,player_pass_yds,2024-09-15T16:25:03Z,Deshaun Watson,209.5,-110.0,-110,2024-09-15,JAX,CLE,deshaun watson,2024,2,Deshaun Watson,CLE,QB,186.0,20.0,0.0,0.0,186.0,False,False,-3.0,3.0,41.5,False,True,3.0,-3.0,False,True,False,19.25,169.0,169.0,-44.5,-44.5,,,0.0,0.0,169.0,-44.5,1.0,deshaun watson,Deshaun Watson,CLE,33.4,20.1,211.2,1.2,0.9,5.8,26.3,0.2,0.2,15.7,-25.19999999999999,-1.6999999999999886,-23.5,204.83326400258224,-18.83326400258224,-4.66673599741776,False,-5:0,200-225,69.4161154154068,bucket_fallback,69.4161154154068,69.4161154154068,-0.2713096791700076,0.4768,0.5232,205.67824679164636,205.6760778816979,68.73277685546583,109.73154362416108,-109.73154362416108,-0.0232,0.0232,0.48492,0.51508,pass,True,"[0.475, 0.5)"
2024-09-15T16:30:00Z,2024-09-15T16:25:38Z,2024-09-15T16:20:38Z,2024-09-15T16:30:38Z,111ac41e21c6f16a2d3d1511f07e2004,americanfootball_nfl,2024-09-15 17:00:00+00:00,Jacksonville Jaguars,Cleveland Browns,fanduel,FanDuel,2024-09-15T16:25:14Z,player_pass_yds,2024-09-15T16:25:03Z,Trevor Lawrence,220.5,-110.0,-110,2024-09-15,JAX,CLE,trevor lawrence,2024,2,Trevor Lawrence,JAX,QB,220.0,45.0,0.0,0.0,220.0,False,False,-3.0,3.0,41.5,True,False,-3.0,3.0,True,False,False,22.25,162.0,162.0,-91.5,-91.5,,,0.0,0.0,162.0,-91.5,1.0,trevor lawrence,Trevor Lawrence,JAX,34.7,21.9,237.5,1.4,0.8,3.7,17.1,0.2,0.3,16.3,-17.5,-17.0,-0.5,230.37541317798352,-10.375413177983518,9.875413177983518,False,5:10,225-250,83.52232316389792,bucket_fallback,83.52232316389792,83.52232316389792,-0.1242232349981883,0.5466,0.4534,230.1408893280961,230.39747708884437,83.5973378079184,-120.55580061755623,120.55580061755623,0.046599999999999975,-0.046599999999999975,0.5302899999999999,0.46971,pass,True,"[0.525, 0.55)"
2024-09-15T16:30:00Z,2024-09-15T16:25:38Z,2024-09-15T16:20:38Z,2024-09-15T16:30:38Z,5b05775b536cda3f2efab93935af4f54,americanfootball_nfl,2024-09-15 17:00:00+00:00,Dallas Cowboys,New Orleans Saints,fanduel,FanDuel,2024-09-15T16:25:14Z,player_pass_yds,2024-09-15T16:25:44Z,Dak Prescott,260.5,-110.0,-110,2024-09-15,DAL,NO,dak prescott,2024,2,Dak Prescott,DAL,QB,293.0,12.0,0.0,0.0,293.0,True,False,-6.5,6.5,47.0,True,False,-6.5,6.5,True,False,False,26.75,179.0,179.0,-69.5,-69.5,,,0.0,0.0,179.0,-69.5,1.0,dak prescott,Dak Prescott,DAL,35.2,23.3,258.9,1.8,0.8,2.6,11.7,0.1,0.2,18.3,34.10000000000002,1.6000000000000227,32.5,251.1587588948499,41.84124110515009,-9.34124110515009,True,-10:-5,250-275,66.76327241271723,bucket_fallback,66.76327241271723,66.76327241271723,0.6267104591053579,0.44175,0.55825,251.1775096324122,251.29955099028234,66.57250355475206,126.37238256932656,-126.37238256932656,-0.058250000000000024,0.058250000000000024,0.4621375,0.5378625,under,False,"[0.4, 0.45)"
2024-09-15T16:30:00Z,2024-09-15T16:25:38Z,2024-09-15T16:20:38Z,2024-09-15T16:30:38Z,787ae4144b2b45d7ef8a9c7b1ab6abd8,americanfootball_nfl,2024-09-15 17:00:00+00:00,Detroit Lions,Tampa Bay Buccaneers,fanduel,FanDuel,2024-09-15T16:25:14Z,player_pass_yds,2024-09-15T16:25:07Z,Jared Goff,270.5,-110.0,-110,2024-09-15,DET,TB,jared goff,2024,2,Jared Goff,DET,QB,307.0,5.0,0.0,0.0,307.0,True,False,-7.5,7.5,51.5,True,False,-7.5,7.5,True,False,False,29.5,217.0,217.0,-51.5,-51.5,,,0.0,0.0,217.0,-51.5,1.0,jared goff,Jared Goff,DET,34.6,23.2,263.3,1.9,0.8,1.5,4.4,0.1,0.2,17.6,43.69999999999999,7.199999999999989,36.5,255.4319701637384,51.568029836261616,-15.068029836261616,True,-25:-15,250-275,66.76327241271723,bucket_fallback,66.76327241271723,66.76327241271723,0.7724011716723278,0.4074,0.5926,255.01995963681213,254.61644420322762,67.15368894177828,145.4590083456063,-145.4590083456063,-0.09260000000000002,0.09260000000000002,0.43981,0.56019,under,False,"[0.4, 0.45)"
2024-09-15T16:30:00Z,2024-09-15T16:25:38Z,2024-09-15T16:20:38Z,2024-09-15T16:30:38Z,787ae4144b2b45d7ef8a9c7b1ab6abd8,americanfootball_nfl,2024-09-15 17:00:00+00:00,Detroit Lions,Tampa Bay Buccaneers,fanduel,FanDuel,2024-09-15T16:25:14Z,player_pass_yds,2024-09-15T16:25:07Z,Baker Mayfield,262.5,-110.0,-110,2024-09-15,DET,TB,baker mayfield,2024,2,Baker Mayfield,TB,QB,185.0,34.0,0.0,0.0,185.0,False,False,-7.5,7.5,51.5,False,True,7.5,-7.5,False,True,False,22.0,289.0,289.0,40.5,40.5,,,1.0,1.0,289.0,40.5,1.0,baker mayfield,Baker Mayfield,TB,35.7,23.1,263.2,1.6,0.9,3.1,11.1,0.1,0.2,17.3,-78.19999999999999,-0.6999999999999886,-77.5,255.33485172580907,-70.33485172580907,-7.165148274190926,False,-10:-5,250-275,66.76327241271723,bucket_fallback,66.76327241271723,66.76327241271723,-1.0534961691364235,0.4566,0.5434,255.55313035368476,255.06125045932862,66.90427361044807,119.01007446342531,-119.01007446342531,-0.043399999999999994,0.043399999999999994,0.47179,0.52821,pass,True,"[0.45, 0.475)"
2024-09-15T16:30:00Z,2024-09-15T16:25:38Z,2024-09-15T16:20:38Z,2024-09-15T16:30:38Z,c4e5642a8746f3e8fbb09d59a611ffe4,americanfootball_nfl,2024-09-15 17:00:00+00:00,Green Bay Packers,Indianapolis Colts,fanduel,FanDuel,2024-09-15T16:25:14Z,player_pass_yds,2024-09-15T16:25:36Z,Anthony Richardson,197.5,-110.0,-110,2024-09-15,GB,IND,anthony richardson,2024,2,Anthony Richardson,IND,QB,204.0,37.0,0.0,0.0,204.0,True,False,3.0,-3.0,41.5,False,True,-3.0,3.0,True,False,False,22.25,212.0,212.0,-15.5,-15.5,,,0.0,0.0,212.0,-15.5,1.0,anthony richardson,Anthony Richardson Sr.,IND,30.7,19.1,210.9,1.2,0.7,8.0,42.1,0.5,0.3,19.1,-6.900000000000006,-13.400000000000006,6.5,204.5419086887944,-0.5419086887944218,7.041908688794422,True,5:10,200-225,69.4161154154068,bucket_fallback,69.4161154154068,69.4161154154068,-0.0078066697560278,0.54175,0.45825,204.919976800222,204.55966477986027,69.3580288699913,-118.22149481723947,118.22149481723949,0.041749999999999954,-0.04175000000000001,0.5271374999999999,0.4728625,pass,False,"[0.525, 0.55)"
2024-09-15T16:30:00Z,2024-09-15T16:25:38Z,2024-09-15T16:20:38Z,2024-09-15T16:30:38Z,c4e5642a8746f3e8fbb09d59a611ffe4,americanfootball_nfl,2024-09-15 17:00:00+00:00,Green Bay Packers,Indianapolis Colts,fanduel,FanDuel,2024-09-15T16:25:14Z,player_pass_yds,2024-09-15T16:25:36Z,Malik Willis,166.5,-110.0,-110,2024-09-15,GB,IND,malik willis,2024,2,Malik Willis,GB,QB,122.0,41.0,0.0,0.0,122.0,False,False,3.0,-3.0,41.5,True,False,3.0,-3.0,False,True,False,19.25,,,,,,,,,,,0.0,malik willis,Malik Willis,MIA,32.3,19.7,180.0,1.2,1.0,5.8,28.4,0.2,0.4,14.2,-58.0,-13.5,-44.5,174.53231136864616,-52.53231136864616,8.032311368646162,False,5:10,0-175,52.752623496033685,bucket_fallback,52.752623496033685,52.752623496033685,-0.9958236744869364,0.55585,0.44415,174.02035985887764,173.72031955148174,52.93020977636268,-125.14916131937406,125.14916131937407,0.055849999999999955,-0.05585000000000001,0.5363025,0.4636975,over,True,"[0.55, 0.6)"
2024-09-15T16:30:00Z,2024-09-15T16:25:38Z,2024-09-15T16:20:38Z,2024-09-15T16:30:38Z,9d5dace601f10c135f5c03facf23fd22,americanfootball_nfl,2024-09-15 17:00:00+00:00,Minnesota Vikings,San Francisco 49ers,fanduel,FanDuel,2024-09-15T16:25:14Z,player_pass_yds,2024-09-15T16:25:36Z,Brock Purdy,250.5,-110.0,-110,2024-09-15,MIN,SF,brock purdy,2024,2,Brock Purdy,SF,QB,319.0,12.0,0.0,0.0,319.0,True,False,4.5,-4.5,46.5,False,True,-4.5,4.5,True,False,False,25.5,231.0,231.0,-9.5,-9.5,,,0.0,0.0,231.0,-9.5,1.0,brock purdy,Brock Purdy,SF,31.7,21.4,252.3,1.7,0.8,2.5,9.5,0.1,0.2,17.2,66.69999999999999,-1.8000000000000114,68.5,244.7489419915173,74.25105800848269,-5.751058008482687,True,-10:-5,225-250,83.52232316389792,bucket_fallback,83.52232316389792,83.52232316389792,0.888996560389945,0.4706,0.5294,244.1608216717113,244.53663850417428,82.73256182240621,112.49468763280917,-112.49468763280917,-0.02939999999999998,0.02939999999999998,0.48089000000000004,0.51911,pass,False,"[0.45, 0.475)"
2024-09-15T16:30:00Z,2024-09-15T16:25:38Z,2024-09-15T16:20:38Z,2024-09-15T16:30:38Z,9d5dace601f10c135f5c03facf23fd22,americanfootball_nfl,2024-09-15 17:00:00+00:00,Minnesota Vikings,San Francisco 49ers,fanduel,FanDuel,2024-09-15T16:25:14Z,player_pass_yds,2024-09-15T16:25:36Z,Sam Darnold,234.5,-110.0,-110,2024-09-15,MIN,SF,sam darnold,2024,2,Sam Darnold,MIN,QB,268.0,32.0,0.0,0.0,268.0,True,False,4.5,-4.5,46.5,True,False,4.5,-4.5,False,True,False,21.0,208.0,208.0,-21.5,-21.5,,,0.0,0.0,208.0,-21.5,1.0,sam darnold,Sam Darnold,SEA,34.8,21.8,232.0,1.3,1.0,2.8,9.3,0.1,0.4,14.4,36.0,2.5,33.5,225.033899091873,42.96610090812701,-9.466100908127004,True,-10:-5,225-250,83.52232316389792,bucket_fallback,83.52232316389792,83.52232316389792,0.5144265542496174,0.45655,0.54345,225.30819955642158,225.236804182684,84.04299631017989,119.03405979629832,-119.03405979629832,-0.04344999999999999,0.04344999999999999,0.4717575,0.5282425,pass,False,"[0.45, 0.475)"
2024-09-15T16:30:00Z,2024-09-15T16:25:38Z,2024-09-15T16:20:38Z,2024-09-15T16:30:38Z,42d27889b51ada96c20671b30129ce4e,americanfootball_nfl,2024-09-15 17:00:00+00:00,New England Patriots,Seattle Seahawks,fanduel,FanDuel,2024-09-15T16:25:14Z,player_pass_yds,2024-09-15T16:24:58Z,Geno Smith,218.5,-110.0,-110,2024-09-15,NE,SEA,geno smith,2024,2,Geno Smith,SEA,QB,327.0,8.0,0.0,0.0,327.0,True,False,3.5,-3.5,39.0,False,True,-3.5,3.5,True,False,False,21.25,171.0,171.0,-70.5,-70.5,,,0.0,0.0,171.0,-70.5,1.0,geno smith,Geno Smith,NYJ,33.2,21.7,235.9,1.4,0.8,4.0,14.0,0.1,0.2,16.0,91.1,-17.400000000000006,108.5,228.821518171115,98.178481828885,10.321518171115002,True,10:15,225-250,83.52232316389792,bucket_fallback,83.52232316389792,83.52232316389792,1.1754759459483295,0.55325,0.44675,229.45758681628774,229.13569443316283,82.90155615282922,-123.83883603805262,123.83883603805262,0.05325000000000002,-0.05325000000000002,0.5346125,0.4653875,over,False,"[0.55, 0.6)"
2024-09-15T16:30:00Z,2024-09-15T16:25:38Z,2024-09-15T16:20:38Z,2024-09-15T16:30:38Z,42d27889b51ada96c20671b30129ce4e,americanfootball_nfl,2024-09-15 17:00:00+00:00,New England Patriots,Seattle Seahawks,fanduel,FanDuel,2024-09-15T16:25:14Z,player_pass_yds,2024-09-15T16:24:58Z,Jacoby Brissett,186.5,-110.0,-110,2024-09-15,NE,SEA,jacoby brissett,2024,2,Jacoby Brissett,NE,QB,149.0,6.0,0.0,0.0,149.0,False,False,3.5,-3.5,39.0,True,False,3.5,-3.5,False,True,False,17.75,121.0,121.0,-84.5,-84.5,,,0.0,0.0,121.0,-84.5,1.0,jacoby brissett,Jacoby Brissett,ARI,31.1,19.9,207.9,1.1,0.8,4.1,14.9,0.1,0.3,13.2,-58.900000000000006,-21.40000000000001,-37.5,201.628355550916,-52.62835555091596,15.128355550915956,False,15:25,200-225,69.4161154154068,bucket_fallback,69.4161154154068,69.4161154154068,-0.7581576012424809,0.5848,0.4152,201.44287347739606,200.5241716881216,69.13387430405739,-140.84778420038535,140.84778420038535,0.08479999999999999,-0.08479999999999999,0.55512,0.44488,over,True,"[0.55, 0.6)"
2024-09-15T16:30:00Z,2024-09-15T16:25:38Z,2024-09-15T16:20:38Z,2024-09-15T16:30:38Z,495d9f2c316b05ef092099ef9401a180,americanfootball_nfl,2024-09-15 17:00:00+00:00,Washington Commanders,New York Giants,fanduel,FanDuel,2024-09-15T16:25:14Z,player_pass_yds,2024-09-15T16:25:50Z,Jayden Daniels,197.5,-110.0,-110,2024-09-15,WAS,NYG,jayden daniels,2024,2,Jayden Daniels,WAS,QB,226.0,44.0,0.0,0.0,226.0,True,False,-1.5,1.5,42.5,True,False,-1.5,1.5,True,False,False,22.0,184.0,184.0,-27.5,-27.5,,,0.0,0.0,184.0,-27.5,1.0,jayden daniels,Jayden Daniels,WSH,30.4,18.9,209.2,1.2,0.8,9.3,48.7,0.5,0.3,19.4,16.80000000000001,-11.699999999999989,28.5,202.8908952439966,23.109104756003404,5.390895243996596,True,5:10,200-225,69.4161154154068,bucket_fallback,69.4161154154068,69.4161154154068,0.3329069138731202,0.52915,0.47085,202.63019628186998,202.56766198380177,69.10441067310167,-112.38186258893491,112.38186258893491,0.02915000000000001,-0.02915000000000001,0.5189475,0.4810525,pass,False,"[0.525, 0.55)"
2024-09-15T16:30:00Z,2024-09-15T16:25:38Z,2024-09-15T16:20:38Z,2024-09-15T16:30:38Z,495d9f2c316b05ef092099ef9401a180,americanfootball_nfl,2024-09-15 17:00:00+00:00,Washington Commanders,New York Giants,fanduel,FanDuel,2024-09-15T16:25:14Z,player_pass_yds,2024-09-15T16:25:50Z,Daniel Jones,208.5,-110.0,-110,2024-09-15,WAS,NYG,daniel jones,2024,2,Daniel Jones,NYG,QB,178.0,32.0,0.0,0.0,178.0,False,False,-1.5,1.5,42.5,False,True,1.5,-1.5,False,True,False,20.5,186.0,186.0,-26.5,-26.5,,,0.0,0.0,186.0,-26.5,1.0,daniel jones,Daniel Jones,IND,32.9,21.2,218.5,1.2,0.8,6.0,28.9,0.2,0.3,16.2,-40.5,-10.0,-30.5,211.92290997141987,-33.92290997141987,3.4229099714198696,False,0:5,200-225,69.4161154154068,bucket_fallback,69.4161154154068,69.4161154154068,-0.4886892585160525,0.5238,0.4762,212.0897477660509,212.7287593266521,69.323347845633,-109.99580008399833,109.99580008399832,0.023800000000000043,-0.023799999999999988,0.51547,0.48453,pass,True,"[0.5, 0.525)"
2024-09-15T16:30:00Z,2024-09-15T16:25:38Z,2024-09-15T16:20:38Z,2024-09-15T16:30:38Z,17d4d840f9f4094d76c6e9b53b18ac05,americanfootball_nfl,2024-09-15 17:00:00+00:00,Tennessee Titans,New York Jets,fanduel,FanDuel,2024-09-15T16:25:14Z,player_pass_yds,2024-09-15T16:25:49Z,Will Levis,192.5,-110.0,-110,2024-09-15,TEN,NYJ,will levis,2024,2,Will Levis,TEN,QB,192.0,38.0,0.0,0.0,192.0,False,False,3.5,-3.5,41.5,True,False,3.5,-3.5,False,True,False,19.0,127.0,127.0,-106.5,-106.5,,,0.0,0.0,127.0,-106.5,1.0,will levis,Will Levis,TEN,32.3,20.0,217.3,1.2,0.9,3.8,12.9,0.1,0.3,13.8,-25.30000000000001,-24.80000000000001,-0.5,210.75748871626848,-18.757488716268483,18.257488716268483,False,15:25,200-225,69.4161154154068,bucket_fallback,69.4161154154068,69.4161154154068,-0.2702180697381013,0.60215,0.39785,210.55314208562797,210.05038628452698,68.90839540912512,-151.35101168782202,151.35101168782205,0.10214999999999996,-0.10215000000000002,0.5663975,0.4336025,pass,True,"[0.6, 1.0)"
2024-09-15T19:35:00Z,2024-09-15T19:30:37Z,2024-09-15T19:25:38Z,2024-09-15T19:35:38Z,db997fc1b5fe71f4960012f81c21a017,americanfootball_nfl,2024-09-15 20:05:00+00:00,Arizona Cardinals,Los Angeles Rams,fanduel,FanDuel,2024-09-15T19:29:29Z,player_pass_yds,2024-09-15T19:30:28Z,Kyler Murray,225.5,-110.0,-110,2024-09-15,ARI,LAR,kyler murray,2024,2,Kyler Murray,ARI,QB,266.0,59.0,0.0,0.0,266.0,True,False,1.0,-1.0,47.5,True,False,1.0,-1.0,False,True,False,23.25,162.0,162.0,-59.5,-59.5,,,0.0,0.0,162.0,-59.5,1.0,kyler murray,Kyler Murray,MIN,34.1,22.7,240.6,1.4,0.5,6.3,34.9,0.3,0.3,19.5,25.40000000000001,-15.099999999999994,40.5,233.38608475379127,32.613915246208734,7.886084753791266,True,5:10,225-250,83.52232316389792,bucket_fallback,83.52232316389792,83.52232316389792,0.39048141874849,0.5368,0.4632,233.61536092568656,232.94365414370876,83.77477286739723,-115.88946459412783,115.88946459412779,0.036800000000000055,-0.0368,0.52392,0.47608,pass,False,"[0.525, 0.55)"
2024-09-15T19:35:00Z,2024-09-15T19:30:37Z,2024-09-15T19:25:38Z,2024-09-15T19:35:38Z,db997fc1b5fe71f4960012f81c21a017,americanfootball_nfl,2024-09-15 20:05:00+00:00,Arizona Cardinals,Los Angeles Rams,fanduel,FanDuel,2024-09-15T19:29:29Z,player_pass_yds,2024-09-15T19:30:28Z,Matthew Stafford,250.5,-110.0,-110,2024-09-15,ARI,LAR,matthew stafford,2024,2,Matthew Stafford,LAR,QB,216.0,0.0,0.0,0.0,216.0,False,False,1.0,-1.0,47.5,False,True,-1.0,1.0,True,False,False,24.25,317.0,317.0,43.5,43.5,,,1.0,1.0,317.0,43.5,1.0,matthew stafford,Matthew Stafford,LAR,36.8,23.9,272.3,1.8,0.9,1.4,4.3,0.1,0.2,17.4,-56.30000000000001,-21.80000000000001,-34.5,264.1726295773737,-48.17262957737376,13.672629577373757,False,10:15,250-275,66.76327241271723,bucket_fallback,66.76327241271723,66.76327241271723,-0.7215438644106615,0.5788,0.4212,263.8189650640922,263.6845123505925,66.73827885636138,-137.41690408357073,137.41690408357073,0.07879999999999998,-0.07879999999999998,0.55122,0.44878,over,True,"[0.55, 0.6)"
2024-09-15T19:55:00Z,2024-09-15T19:50:37Z,2024-09-15T19:45:38Z,2024-09-15T19:55:37Z,faaeaab20409da65e7314cc1857ccfba,americanfootball_nfl,2024-09-15 20:25:00+00:00,Kansas City Chiefs,Cincinnati Bengals,fanduel,FanDuel,2024-09-15T19:50:05Z,player_pass_yds,2024-09-15T19:50:23Z,Patrick Mahomes,271.5,-110.0,-110,2024-09-15,KC,CIN,patrick mahomes,2024,2,Patrick Mahomes,KC,QB,151.0,29.0,0.0,0.0,151.0,False,False,-6.5,6.5,47.5,True,False,-6.5,6.5,True,False,False,27.0,,,,,,,,,,,0.0,patrick mahomes,Patrick Mahomes II,KC,36.7,24.4,277.9,2.1,0.5,4.3,22.3,0.1,0.2,21.6,-126.89999999999998,-6.399999999999977,-120.5,269.6112621014136,-118.61126210141356,-1.8887378985864416,False,-5:0,250-275,66.76327241271723,bucket_fallback,66.76327241271723,66.76327241271723,-1.776594492974857,0.4826,0.5174,269.05834702091806,268.6273912724391,66.81581870283594,107.21094073767097,-107.21094073767094,-0.017400000000000027,0.01739999999999997,0.48868999999999996,0.5113099999999999,pass,True,"[0.475, 0.5)"
2024-09-15T19:55:00Z,2024-09-15T19:50:37Z,2024-09-15T19:45:38Z,2024-09-15T19:55:37Z,faaeaab20409da65e7314cc1857ccfba,americanfootball_nfl,2024-09-15 20:25:00+00:00,Kansas City Chiefs,Cincinnati Bengals,fanduel,FanDuel,2024-09-15T19:50:05Z,player_pass_yds,2024-09-15T19:50:23Z,Joe Burrow,236.5,-110.0,-110,2024-09-15,KC,CIN,joe burrow,2024,2,Joe Burrow,CIN,QB,258.0,9.0,0.0,0.0,258.0,True,False,-6.5,6.5,47.5,False,True,6.5,-6.5,False,True,False,20.5,164.0,164.0,-81.5,-81.5,,,0.0,0.0,164.0,-81.5,1.0,joe burrow,Joe Burrow,CIN,35.5,23.6,257.5,1.6,0.5,3.7,12.6,0.1,0.2,17.4,0.5,-21.0,21.5,249.79910076384,8.200899236160012,13.299100763839988,True,10:15,225-250,83.52232316389792,bucket_fallback,83.52232316389792,83.52232316389792,0.098188112177713,0.56045,0.43955,249.2987992428284,249.06423991879126,83.4299820229688,-127.50540325332727,127.50540325332727,0.060450000000000004,-0.060450000000000004,0.5392925,0.4607075,over,False,"[0.55, 0.6)"
2024-09-15T19:55:00Z,2024-09-15T19:50:37Z,2024-09-15T19:45:38Z,2024-09-15T19:55:37Z,3a300e2fb659ca896b5e60252f13150c,americanfootball_nfl,2024-09-15 20:25:00+00:00,Denver Broncos,Pittsburgh Steelers,fanduel,FanDuel,2024-09-15T19:50:05Z,player_pass_yds,2024-09-15T19:50:04Z,Bo Nix,173.5,-110.0,-110,2024-09-15,DEN,PIT,bo nix,2024,2,Bo Nix,DEN,QB,246.0,25.0,0.0,0.0,246.0,True,False,3.0,-3.0,36.5,True,False,3.0,-3.0,False,True,False,16.75,138.0,138.0,-62.5,-62.5,,,0.0,0.0,138.0,-62.5,1.0,bo nix,Bo Nix,DEN,31.7,19.4,180.0,1.1,0.9,5.0,20.3,0.2,0.2,13.3,66.0,-6.5,72.5,174.53231136864616,71.46768863135384,1.0323113686461625,True,0:5,0-175,52.752623496033685,bucket_fallback,52.752623496033685,52.752623496033685,1.3547703203183303,0.5127,0.4873,174.8969682754972,175.02309139542638,53.00590552924357,-105.21239482864766,105.21239482864765,0.012700000000000045,-0.012699999999999989,0.508255,0.491745,pass,False,"[0.5, 0.525)"
2024-09-15T19:55:00Z,2024-09-15T19:50:37Z,2024-09-15T19:45:38Z,2024-09-15T19:55:37Z,3a300e2fb659ca896b5e60252f13150c,americanfootball_nfl,2024-09-15 20:25:00+00:00,Denver Broncos,Pittsburgh Steelers,fanduel,FanDuel,2024-09-15T19:50:05Z,player_pass_yds,2024-09-15T19:50:04Z,Justin Fields,162.5,-110.0,-110,2024-09-15,DEN,PIT,justin fields,2024,2,Justin Fields,PIT,QB,117.0,27.0,0.0,0.0,117.0,False,False,3.0,-3.0,36.5,False,True,-3.0,3.0,True,False,False,19.75,156.0,156.0,-35.5,-35.5,,,0.0,0.0,156.0,-35.5,1.0,justin fields,Justin Fields,KC,28.4,17.5,191.1,1.0,0.8,9.2,51.0,0.4,0.3,17.4,-74.1,-28.599999999999994,-45.5,185.3124579787965,-68.31245797879652,22.81245797879652,False,15:25,175-200,63.59685830662887,bucket_fallback,63.59685830662887,63.59685830662887,-1.0741483116891029,0.63705,0.36295,185.0576100991277,184.64007130396317,63.60705831061978,-175.52004408320704,175.52004408320704,0.13705,-0.13705,0.5890825,0.4109175,pass,True,"[0.6, 1.0)"
2024-09-15T23:50:00Z,2024-09-15T23:45:37Z,2024-09-15T23:40:38Z,2024-09-15T23:50:38Z,7533f0f2d5cfe270fa0ccdc32a98c7fd,americanfootball_nfl,2024-09-16 00:20:00+00:00,Houston Texans,Chicago Bears,fanduel,FanDuel,2024-09-15T23:45:00Z,player_pass_yds,2024-09-15T23:45:04Z,Caleb Williams,217.5,-110.0,-110,2024-09-15,HOU,CHI,caleb williams,2024,2,Caleb Williams,CHI,QB,174.0,44.0,0.0,0.0,174.0,False,False,-6.0,6.0,45.5,False,True,6.0,-6.0,False,True,False,19.75,93.0,93.0,-142.5,-142.5,,,0.0,0.0,93.0,-142.5,1.0,caleb williams,Caleb Williams,CHI,33.7,21.3,229.4,1.3,0.6,4.3,18.8,0.2,0.2,16.1,-55.400000000000006,-11.900000000000006,-43.5,222.5088197057117,-48.50881970571166,5.008819705711659,False,5:10,200-225,69.4161154154068,bucket_fallback,69.4161154154068,69.4161154154068,-0.698812075775494,0.5261,0.4739,221.74861034233737,221.8584757630588,69.2471256530454,-111.01498206372652,111.01498206372652,0.026100000000000012,-0.026100000000000012,0.516965,0.483035,pass,True,"[0.525, 0.55)"
2024-09-15T23:50:00Z,2024-09-15T23:45:37Z,2024-09-15T23:40:38Z,2024-09-15T23:50:38Z,7533f0f2d5cfe270fa0ccdc32a98c7fd,americanfootball_nfl,2024-09-16 00:20:00+00:00,Houston Texans,Chicago Bears,fanduel,FanDuel,2024-09-15T23:45:00Z,player_pass_yds,2024-09-15T23:45:04Z,C.J. Stroud,261.5,-110.0,-110,2024-09-15,HOU,CHI,cj stroud,2024,2,C.J. Stroud,HOU,QB,260.0,-1.0,0.0,0.0,260.0,False,False,-6.0,6.0,45.5,True,False,-6.0,6.0,True,False,False,25.75,234.0,234.0,-43.5,-43.5,,,0.0,0.0,234.0,-43.5,1.0,cj stroud,C.J. Stroud,HOU,34.8,22.8,270.4,1.9,0.4,3.0,11.9,0.1,0.2,19.1,-10.399999999999975,-8.899999999999977,-1.5,262.32737925671734,-2.327379256717336,0.8273792567173359,False,0:5,250-275,66.76327241271723,bucket_fallback,66.76327241271723,66.76327241271723,-0.0348601734547992,0.5055,0.4945,262.2842302575178,262.41831529935865,66.26604625459244,-102.22446916076844,102.22446916076846,0.005499999999999949,-0.005500000000000005,0.503575,0.496425,pass,True,"[0.5, 0.525)"
2024-09-16T23:45:00Z,2024-09-16T23:40:41Z,2024-09-16T23:35:38Z,2024-09-16T23:45:39Z,2cefb0f9bcf18ed3f64396174ece14ad,americanfootball_nfl,2024-09-17 00:15:00+00:00,Philadelphia Eagles,Atlanta Falcons,fanduel,FanDuel,2024-09-16T23:40:33Z,player_pass_yds,2024-09-16T23:40:27Z,Kirk Cousins,227.5,-110.0,-110,2024-09-16,PHI,ATL,kirk cousins,2024,2,Kirk Cousins,ATL,QB,241.0,-1.0,0.0,0.0,241.0,True,False,-5.5,5.5,46.5,False,True,5.5,-5.5,False,True,False,20.5,155.0,155.0,-88.5,-88.5,,,0.0,0.0,155.0,-88.5,1.0,kirk cousins,Kirk Cousins,LV,34.7,22.7,248.3,1.5,0.8,1.9,5.6,0.1,0.2,15.7,-7.300000000000011,-20.80000000000001,13.5,240.864204474346,0.1357955256539753,13.364204474346025,True,10:15,225-250,83.52232316389792,bucket_fallback,83.52232316389792,83.52232316389792,0.0016258590579135,0.56475,0.43525,241.41149219483881,241.1593536752547,83.64759964889079,-129.75301550832853,129.75301550832853,0.06474999999999997,-0.06474999999999997,0.5420874999999999,0.4579125,over,False,"[0.55, 0.6)"
2024-09-16T23:45:00Z,2024-09-16T23:40:41Z,2024-09-16T23:35:38Z,2024-09-16T23:45:39Z,2cefb0f9bcf18ed3f64396174ece14ad,americanfootball_nfl,2024-09-17 00:15:00+00:00,Philadelphia Eagles,Atlanta Falcons,fanduel,FanDuel,2024-09-16T23:40:33Z,player_pass_yds,2024-09-16T23:40:27Z,Jalen Hurts,224.5,-110.0,-110,2024-09-16,PHI,ATL,jalen hurts,2024,2,Jalen Hurts,PHI,QB,183.0,85.0,0.0,0.0,183.0,False,False,-5.5,5.5,46.5,True,False,-5.5,5.5,True,False,False,26.0,,,,,,,,,,,0.0,jalen hurts,Jalen Hurts,PHI,33.0,21.4,237.0,1.5,0.8,8.2,37.2,0.7,0.3,21.7,-54.0,-12.5,-41.5,229.8898209883371,-46.88982098833711,5.389820988337107,False,5:10,225-250,83.52232316389792,bucket_fallback,83.52232316389792,83.52232316389792,-0.5614046546134026,0.52225,0.47775,229.7290297142907,228.7166658190012,83.34588939392957,-109.31449502878074,109.31449502878074,0.022249999999999992,-0.022249999999999992,0.5144625,0.4855375,pass,True,"[0.5, 0.525)"
2024-09-19T23:45:00Z,2024-09-19T23:40:39Z,2024-09-19T23:35:39Z,2024-09-19T23:45:39Z,ff0f310a02a527f105b5b37dbd61c502,americanfootball_nfl,2024-09-20 00:15:00+00:00,New York Jets,New England Patriots,fanduel,FanDuel,2024-09-19T23:39:58Z,player_pass_yds,2024-09-19T23:40:23Z,Jacoby Brissett,163.5,-110.0,-110,2024-09-19,NYJ,NE,jacoby brissett,2024,3,Jacoby Brissett,NE,QB,98.0,0.0,0.0,0.0,98.0,False,False,-6.5,6.5,39.0,False,True,6.5,-6.5,False,True,False,16.25,135.0,135.0,-61.0,-61.0,19.79898987322333,19.79898987322333,0.0,0.0,135.0,-61.0,2.0,jacoby brissett,Jacoby Brissett,ARI,29.5,18.7,195.3,1.0,0.7,4.0,14.5,0.1,0.2,12.7,-97.3,-31.80000000000001,-65.5,189.3914323718264,-91.39143237182635,25.89143237182637,False,25+,175-200,63.59685830662887,bucket_fallback,63.59685830662887,63.59685830662887,-1.4370431937248769,0.6578,0.3422,189.26084182953014,188.90976120081052,63.59747785171719,-192.22676797194626,192.22676797194623,0.15780000000000005,-0.1578,0.60257,0.39743,pass,True,"[0.6, 1.0)"
2024-09-22T16:30:00Z,2024-09-22T16:25:38Z,2024-09-22T16:20:38Z,2024-09-22T16:30:38Z,e46e4c9f5d6884910657cd6581da3978,americanfootball_nfl,2024-09-22 17:00:00+00:00,Indianapolis Colts,Chicago Bears,fanduel,FanDuel,2024-09-22T16:24:22Z,player_pass_yds,2024-09-22T16:26:06Z,Anthony Richardson,199.5,-110.0,-110,2024-09-22,IND,CHI,anthony richardson,2024,3,Anthony Richardson,IND,QB,167.0,24.0,0.0,0.0,167.0,False,False,-1.5,1.5,43.0,True,False,-1.5,1.5,True,False,False,22.25,208.0,208.0,-4.5,-4.5,5.656854249492381,5.656854249492381,0.5,0.5,208.0,-4.5,2.0,anthony richardson,Anthony Richardson Sr.,IND,30.2,18.9,206.4,1.3,0.8,7.6,40.6,0.4,0.3,18.5,-39.400000000000006,-6.900000000000006,-32.5,200.17157898197672,-33.17157898197672,0.6715789819767224,False,0:5,200-225,69.4161154154068,bucket_fallback,69.4161154154068,69.4161154154068,-0.4778656769176447,0.5025,0.4975,199.87629783062735,199.90643005858863,69.0457338666106,-101.00502512562811,101.00502512562812,0.0024999999999999467,-0.0025000000000000022,0.501625,0.498375,pass,True,"[0.5, 0.525)"
2024-09-22T16:30:00Z,2024-09-22T16:25:38Z,2024-09-22T16:20:38Z,2024-09-22T16:30:38Z,e46e4c9f5d6884910657cd6581da3978,americanfootball_nfl,2024-09-22 17:00:00+00:00,Indianapolis Colts,Chicago Bears,fanduel,FanDuel,2024-09-22T16:24:22Z,player_pass_yds,2024-09-22T16:26:06Z,Caleb Williams,211.5,-110.0,-110,2024-09-22,IND,CHI,caleb williams,2024,3,Caleb Williams,CHI,QB,363.0,8.0,0.0,0.0,363.0,True,False,-1.5,1.5,43.0,False,True,1.5,-1.5,False,True,False,20.75,133.5,133.5,-93.0,-93.0,57.27564927611035,57.27564927611035,0.0,0.0,133.5,-93.0,2.0,caleb williams,Caleb Williams,CHI,32.1,20.6,220.9,1.2,0.6,5.1,21.8,0.2,0.2,15.6,142.1,-9.400000000000006,151.5,214.25375248172264,148.74624751827736,2.753752481722642,True,0:5,200-225,69.4161154154068,bucket_fallback,69.4161154154068,69.4161154154068,2.142820102048859,0.5194,0.4806,214.59405184048686,214.82080667108434,69.51914433802953,-108.07324178110694,108.07324178110694,0.019399999999999973,-0.019399999999999973,0.51261,0.48739,pass,False,"[0.5, 0.525)"
2024-09-22T16:30:00Z,2024-09-22T16:25:38Z,2024-09-22T16:20:38Z,2024-09-22T16:30:38Z,200c20527d1d6f44257155548cdac1e8,americanfootball_nfl,2024-09-22 17:00:00+00:00,Cleveland Browns,New York Giants,fanduel,FanDuel,2024-09-22T16:24:22Z,player_pass_yds,2024-09-22T16:26:03Z,Deshaun Watson,204.5,-110.0,-110,2024-09-22,CLE,NYG,deshaun watson,2024,3,Deshaun Watson,CLE,QB,196.0,26.0,0.0,0.0,196.0,False,False,-6.5,6.5,38.0,True,False,-6.5,6.5,True,False,False,22.25,177.5,177.5,-34.0,-34.0,12.020815280171307,12.020815280171307,0.0,0.0,177.5,-34.0,2.0,deshaun watson,Deshaun Watson,CLE,31.1,19.1,203.9,1.3,0.8,6.0,26.9,0.2,0.2,16.1,-7.900000000000006,0.5999999999999943,-8.5,197.74361803374467,-1.7436180337446672,-6.756381966255333,False,-10:-5,175-200,63.59685830662887,bucket_fallback,63.59685830662887,63.59685830662887,-0.0274167322124295,0.4528,0.5472,196.97355403911507,197.182467920713,63.14796236850551,120.84805653710248,-120.84805653710248,-0.04720000000000002,0.04720000000000002,0.46931999999999996,0.53068,pass,True,"[0.45, 0.475)"
2024-09-22T16:30:00Z,2024-09-22T16:25:38Z,2024-09-22T16:20:38Z,2024-09-22T16:30:38Z,200c20527d1d6f44257155548cdac1e8,americanfootball_nfl,2024-09-22 17:00:00+00:00,Cleveland Browns,New York Giants,fanduel,FanDuel,2024-09-22T16:24:22Z,player_pass_yds,2024-09-22T16:26:03Z,Daniel Jones,178.5,-110.0,-110,2024-09-22,CLE,NYG,daniel jones,2024,3,Daniel Jones,NYG,QB,236.0,20.0,0.0,0.0,236.0,True,False,-6.5,6.5,38.0,False,True,6.5,-6.5,False,True,False,15.75,182.0,182.0,-28.5,-28.5,5.656854249492381,5.656854249492381,0.0,0.0,182.0,-28.5,2.0,daniel jones,Daniel Jones,IND,31.4,19.3,197.5,0.9,0.8,6.0,28.1,0.2,0.3,14.1,38.5,-19.0,57.5,191.52803800627052,44.47196199372942,13.028038006270576,True,10:15,175-200,63.59685830662887,bucket_fallback,63.59685830662887,63.59685830662887,0.6992792282176936,0.578,0.422,191.70105877028075,191.26880890259235,63.531921171957094,-136.96682464454975,136.96682464454977,0.07799999999999996,-0.07800000000000001,0.5507,0.4493,over,False,"[0.55, 0.6)"
2024-09-22T16:30:00Z,2024-09-22T16:25:38Z,2024-09-22T16:20:38Z,2024-09-22T16:30:38Z,8b6897f314b84276526a4ba371d67e20,americanfootball_nfl,2024-09-22 17:00:00+00:00,Tampa Bay Buccaneers,Denver Broncos,fanduel,FanDuel,2024-09-22T16:24:22Z,player_pass_yds,2024-09-22T16:25:24Z,Baker Mayfield,228.5,-110.0,-110,2024-09-22,TB,DEN,baker mayfield,2024,3,Baker Mayfield,TB,QB,163.0,0.0,0.0,0.0,163.0,False,False,-6.0,6.0,40.5,True,False,-6.0,6.0,True,False,False,23.25,237.0,237.0,-18.5,-18.5,73.53910524340094,73.53910524340094,0.5,0.5,237.0,-18.5,2.0,baker mayfield,Baker Mayfield,TB,32.7,21.4,242.8,1.7,0.8,4.3,14.8,0.1,0.2,17.6,-79.80000000000001,-14.300000000000011,-65.5,235.5226903882355,-72.5226903882355,7.022690388235503,False,5:10,225-250,83.52232316389792,bucket_fallback,83.52232316389792,83.52232316389792,-0.8683030792369416,0.53505,0.46495,235.7137108121347,235.74348438029045,83.43933010028975,-115.07688998817078,115.07688998817078,0.035050000000000026,-0.035050000000000026,0.5227825,0.47721749999999996,pass,True,"[0.525, 0.55)"
2024-09-22T16:30:00Z,2024-09-22T16:25:38Z,2024-09-22T16:20:38Z,2024-09-22T16:30:38Z,8b6897f314b84276526a4ba371d67e20,americanfootball_nfl,2024-09-22 17:00:00+00:00,Tampa Bay Buccaneers,Denver Broncos,fanduel,FanDuel,2024-09-22T16:24:22Z,player_pass_yds,2024-09-22T16:25:24Z,Bo Nix,185.5,-110.0,-110,2024-09-22,TB,DEN,bo nix,2024,3,Bo Nix,DEN,QB,216.0,47.0,0.0,0.0,216.0,True,False,-6.0,6.0,40.5,False,True,6.0,-6.0,False,True,False,17.25,192.0,192.0,5.0,5.0,76.36753236814714,76.36753236814714,0.5,0.5,192.0,5.0,2.0,bo nix,Bo Nix,DEN,31.8,20.0,203.6,1.1,0.9,5.1,20.5,0.2,0.2,14.3,12.400000000000006,-18.099999999999994,30.5,197.4522627199568,18.547737280043208,11.952262719956792,True,10:15,175-200,63.59685830662887,bucket_fallback,63.59685830662887,63.59685830662887,0.2916454959239697,0.5689,0.4311,197.4328907753101,197.03855723396168,64.02216971515396,-131.96474135931336,131.96474135931336,0.06889999999999996,-0.06890000000000002,0.544785,0.455215,over,False,"[0.55, 0.6)"
2024-09-22T16:30:00Z,2024-09-22T16:25:38Z,2024-09-22T16:20:38Z,2024-09-22T16:30:38Z,81cee90c26bf0ec45c3bc946b8143e19,americanfootball_nfl,2024-09-22 17:00:00+00:00,Tennessee Titans,Green Bay Packers,fanduel,FanDuel,2024-09-22T16:24:22Z,player_pass_yds,2024-09-22T16:25:31Z,Malik Willis,144.5,-110.0,-110,2024-09-22,TEN,GB,malik willis,2024,3,Malik Willis,GB,QB,202.0,73.0,0.0,0.0,202.0,True,False,-3.0,3.0,37.0,False,True,3.0,-3.0,False,True,False,17.0,122.0,122.0,-44.5,-44.5,,,0.0,0.0,122.0,-44.5,1.0,malik willis,Malik Willis,MIA,24.8,15.2,160.2,1.0,0.8,5.1,30.0,0.2,0.3,12.9,41.80000000000001,-15.699999999999989,57.5,155.30286065864826,46.69713934135174,10.802860658648257,True,10:15,0-175,52.752623496033685,bucket_fallback,52.752623496033685,52.752623496033685,0.8852098008900499,0.584,0.416,155.28145983815793,155.6477221375424,52.541778307194406,-140.38461538461536,140.38461538461542,0.08399999999999996,-0.08400000000000002,0.5546,0.44539999999999996,over,False,"[0.55, 0.6)"
2024-09-22T16:30:00Z,2024-09-22T16:25:38Z,2024-09-22T16:20:38Z,2024-09-22T16:30:38Z,81cee90c26bf0ec45c3bc946b8143e19,americanfootball_nfl,2024-09-22 17:00:00+00:00,Tennessee Titans,Green Bay Packers,fanduel,FanDuel,2024-09-22T16:24:22Z,player_pass_yds,2024-09-22T16:25:31Z,Will Levis,194.5,-110.0,-110,2024-09-22,TEN,GB,will levis,2024,3,Will Levis,TEN,QB,260.0,12.0,0.0,0.0,260.0,True,False,-3.0,3.0,37.0,True,False,-3.0,3.0,True,False,False,20.0,159.5,159.5,-53.5,-53.5,45.96194077712559,45.96194077712559,0.0,0.0,159.5,-53.5,2.0,will levis,Will Levis,TEN,31.4,19.3,208.6,1.2,0.8,5.1,17.1,0.1,0.3,14.2,51.400000000000006,-14.099999999999994,65.5,202.3081846164209,57.6918153835791,7.808184616420903,True,5:10,200-225,69.4161154154068,bucket_fallback,69.4161154154068,69.4161154154068,0.8311011792914949,0.5412,0.4588,202.03852101256982,201.91103721430875,69.53660885965066,-117.95989537925023,117.95989537925023,0.041200000000000014,-0.041200000000000014,0.52678,0.47322,pass,False,"[0.525, 0.55)"
2024-09-22T16:30:00Z,2024-09-22T16:25:38Z,2024-09-22T16:20:38Z,2024-09-22T16:30:38Z,fc293a1ac914f24cb110ed2b8250292d,americanfootball_nfl,2024-09-22 17:00:00+00:00,Minnesota Vikings,Houston Texans,fanduel,FanDuel,2024-09-22T16:24:22Z,player_pass_yds,2024-09-22T16:25:36Z,C.J. Stroud,260.5,-110.0,-110,2024-09-22,MIN,HOU,cj stroud,2024,3,C.J. Stroud,HOU,QB,215.0,12.0,0.0,0.0,215.0,False,False,2.0,-2.0,46.0,False,True,-2.0,2.0,True,False,False,24.0,247.0,247.0,-22.5,-22.5,18.384776310850235,18.384776310850235,0.0,0.0,247.0,-22.5,2.0,cj stroud,C.J. Stroud,HOU,34.5,23.1,267.6,1.8,0.5,2.6,10.2,0.1,0.2,18.5,-52.60000000000002,-7.100000000000023,-45.5,259.60806299469755,-44.60806299469755,-0.8919370053024522,False,-5:0,250-275,66.76327241271723,bucket_fallback,66.76327241271723,66.76327241271723,-0.668152734020277,0.4954,0.5046,259.73000644569976,259.746407651259,66.63055127382873,101.85708518368993,-101.85708518368997,-0.004599999999999993,0.0046000000000000485,0.49701,0.50299,pass,True,"[0.475, 0.5)"
2024-09-22T16:30:00Z,2024-09-22T16:25:38Z,2024-09-22T16:20:38Z,2024-09-22T16:30:38Z,fc293a1ac914f24cb110ed2b8250292d,americanfootball_nfl,2024-09-22 17:00:00+00:00,Minnesota Vikings,Houston Texans,fanduel,FanDuel,2024-09-22T16:24:22Z,player_pass_yds,2024-09-22T16:25:36Z,Sam Darnold,236.5,-110.0,-110,2024-09-22,MIN,HOU,sam darnold,2024,3,Sam Darnold,MIN,QB,181.0,0.0,0.0,0.0,181.0,False,False,2.0,-2.0,46.0,True,False,2.0,-2.0,False,True,False,22.0,238.0,238.0,6.0,6.0,42.42640687119285,42.42640687119285,0.5,0.5,238.0,6.0,2.0,sam darnold,Sam Darnold,SEA,33.9,21.5,239.7,1.4,1.0,3.6,12.0,0.2,0.4,15.7,-58.69999999999999,-3.1999999999999886,-55.5,232.51201881242773,-51.512018812427726,-3.9879811875722737,False,-5:0,225-250,83.52232316389792,bucket_fallback,83.52232316389792,83.52232316389792,-0.6167455221683,0.477,0.523,231.7584681854852,231.6489605536094,83.12500116069823,109.64360587002098,-109.64360587002098,-0.02300000000000002,0.02300000000000002,0.48505,0.51495,pass,True,"[0.475, 0.5)"
2024-09-22T16:30:00Z,2024-09-22T16:25:38Z,2024-09-22T16:20:38Z,2024-09-22T16:30:38Z,2ee776f967540a404694111f27822004,americanfootball_nfl,2024-09-22 17:00:00+00:00,Pittsburgh Steelers,Los Angeles Chargers,fanduel,FanDuel,2024-09-22T16:24:22Z,player_pass_yds,2024-09-22T16:25:08Z,Justin Herbert,179.5,-110.0,-110,2024-09-22,PIT,LAC,justin herbert,2024,3,Justin Herbert,LAC,QB,125.0,0.0,0.0,0.0,125.0,False,False,-3.0,3.0,36.0,False,True,3.0,-3.0,False,True,False,16.5,137.0,137.0,-79.0,-79.0,9.899494936611664,9.899494936611664,0.0,0.0,137.0,-79.0,2.0,justin herbert,Justin Herbert,LAC,31.1,19.7,210.7,1.1,0.4,3.6,12.5,0.1,0.2,13.8,-85.69999999999999,-31.19999999999999,-54.5,204.34767181293583,-79.34767181293583,24.84767181293583,False,15:25,200-225,69.4161154154068,bucket_fallback,69.4161154154068,69.4161154154068,-1.143072776949497,0.63995,0.36005,204.9719729174487,204.3921309500671,69.25893908623372,-177.73920288848774,177.73920288848774,0.13995000000000002,-0.13995000000000002,0.5909675,0.40903249999999997,pass,True,"[0.6, 1.0)"
2024-09-22T16:30:00Z,2024-09-22T16:25:38Z,2024-09-22T16:20:38Z,2024-09-22T16:30:38Z,2ee776f967540a404694111f27822004,americanfootball_nfl,2024-09-22 17:00:00+00:00,Pittsburgh Steelers,Los Angeles Chargers,fanduel,FanDuel,2024-09-22T16:24:22Z,player_pass_yds,2024-09-22T16:25:08Z,Justin Fields,162.5,-110.0,-110,2024-09-22,PIT,LAC,justin fields,2024,3,Justin Fields,PIT,QB,245.0,6.0,0.0,0.0,245.0,True,False,-3.0,3.0,36.0,True,False,-3.0,3.0,True,False,False,19.5,136.5,136.5,-40.5,-40.5,27.577164466275352,27.577164466275352,0.0,0.0,136.5,-40.5,2.0,justin fields,Justin Fields,KC,27.6,17.4,175.4,0.9,0.8,8.3,42.9,0.3,0.3,15.4,69.6,-12.900000000000006,82.5,170.06486322389918,74.93513677610082,7.564863223899181,True,5:10,0-175,52.752623496033685,bucket_fallback,52.752623496033685,52.752623496033685,1.4205006653694667,0.55595,0.44405,170.2408203699838,170.14311424564758,53.36224953679932,-125.1998648800811,125.19986488008105,0.055950000000000055,-0.05595,0.5363675,0.4636325,over,False,"[0.55, 0.6)"
2024-09-22T16:30:00Z,2024-09-22T16:25:38Z,2024-09-22T16:20:38Z,2024-09-22T16:30:38Z,326301fd41fe90d64929b44a2e227b23,americanfootball_nfl,2024-09-22 17:00:00+00:00,New Orleans Saints,Philadelphia Eagles,fanduel,FanDuel,2024-09-22T16:24:22Z,player_pass_yds,2024-09-22T16:25:35Z,Jalen Hurts,221.5,-110.0,-110,2024-09-22,NO,PHI,jalen hurts,2024,3,Jalen Hurts,PHI,QB,311.0,25.0,0.0,0.0,311.0,True,False,-2.5,2.5,49.0,False,True,2.5,-2.5,False,True,False,23.25,183.0,183.0,-41.5,-41.5,,,0.0,0.0,183.0,-41.5,1.0,jalen hurts,Jalen Hurts,PHI,31.9,20.6,229.5,1.4,0.8,10.1,42.8,0.6,0.2,21.4,81.5,-8.0,89.5,222.6059381436409,88.39406185635906,1.105938143640941,True,0:5,200-225,69.4161154154068,bucket_fallback,69.4161154154068,69.4161154154068,1.2733939565385155,0.50615,0.49385,222.33989944588475,222.5505520865815,69.44986276044042,-102.49063480814013,102.49063480814013,0.006149999999999989,-0.006149999999999989,0.5039975,0.4960025,pass,False,"[0.5, 0.525)"
2024-09-22T19:35:00Z,2024-09-22T19:30:38Z,2024-09-22T19:25:37Z,2024-09-22T19:35:38Z,49397bc00cf6d5e50f0a943538f1b00d,americanfootball_nfl,2024-09-22 20:07:00+00:00,Las Vegas Raiders,Carolina Panthers,fanduel,FanDuel,2024-09-22T19:29:48Z,player_pass_yds,2024-09-22T19:30:30Z,Gardner Minshew,215.5,-110.0,-110,2024-09-22,LV,CAR,gardner minshew,2024,3,Gardner Minshew,LV,QB,214.0,14.0,0.0,0.0,214.0,False,False,-5.5,5.5,40.0,True,False,-5.5,5.5,True,False,False,22.75,266.5,266.5,57.0,57.0,13.435028842544405,13.435028842544405,1.0,1.0,266.5,57.0,2.0,gardner minshew,Gardner Minshew II,ARI,32.2,20.5,223.7,1.3,0.8,2.6,8.9,0.1,0.2,14.4,-9.699999999999989,-8.199999999999989,-1.5,216.9730687437425,-2.9730687437425445,1.4730687437425445,False,0:5,200-225,69.4161154154068,bucket_fallback,69.4161154154068,69.4161154154068,-0.0428296617572271,0.51445,0.48555,217.8669034018211,217.8792392263544,69.60904646894193,-105.95201318092882,105.95201318092886,0.014449999999999963,-0.014450000000000018,0.5093925,0.4906075,pass,True,"[0.5, 0.525)"
2024-09-22T19:35:00Z,2024-09-22T19:30:38Z,2024-09-22T19:25:37Z,2024-09-22T19:35:38Z,49397bc00cf6d5e50f0a943538f1b00d,americanfootball_nfl,2024-09-22 20:07:00+00:00,Las Vegas Raiders,Carolina Panthers,fanduel,FanDuel,2024-09-22T19:29:48Z,player_pass_yds,2024-09-22T19:30:30Z,Andy Dalton,202.5,-110.0,-110,2024-09-22,LV,CAR,andy dalton,2024,3,Andy Dalton,CAR,QB,319.0,-2.0,0.0,0.0,319.0,True,False,-5.5,5.5,40.0,False,True,5.5,-5.5,False,True,False,17.25,,,,,,,,,,,0.0,andy dalton,Andy Dalton,PHI,31.9,20.1,218.0,1.0,0.8,2.1,7.7,0.0,0.2,12.8,101.0,-15.5,116.5,211.43731778177343,107.56268221822654,8.937317781773459,True,5:10,200-225,69.4161154154068,bucket_fallback,69.4161154154068,69.4161154154068,1.5495347380725544,0.5497,0.4503,211.28901057891753,211.60836264421724,69.36912812003214,-122.07417277370641,122.07417277370644,0.049699999999999966,-0.04970000000000002,0.532305,0.46769499999999997,pass,False,"[0.525, 0.55)"
2024-09-22T19:35:00Z,2024-09-22T19:30:38Z,2024-09-22T19:25:37Z,2024-09-22T19:35:38Z,acc41dc7aeae8f8db0604c743213916c,americanfootball_nfl,2024-09-22 20:07:00+00:00,Seattle Seahawks,Miami Dolphins,fanduel,FanDuel,2024-09-22T19:29:48Z,player_pass_yds,2024-09-22T19:29:45Z,Geno Smith,234.5,-110.0,-110,2024-09-22,SEA,MIA,geno smith,2024,3,Geno Smith,SEA,QB,289.0,-2.0,0.0,0.0,289.0,True,False,-4.0,4.0,41.5,True,False,-4.0,4.0,True,False,False,22.75,249.0,249.0,19.0,19.0,110.3086578651014,110.3086578651014,0.5,0.5,249.0,19.0,2.0,geno smith,Geno Smith,NYJ,33.3,22.0,243.2,1.4,0.8,4.4,15.5,0.1,0.2,16.7,45.80000000000001,-8.699999999999989,54.5,235.9111641399526,53.0888358600474,1.4111641399526036,True,0:5,225-250,83.52232316389792,bucket_fallback,83.52232316389792,83.52232316389792,0.6356245114958052,0.5014,0.4986,235.54404167276505,234.78183917043248,83.44365119758393,-100.56157240272762,100.56157240272765,0.0013999999999999568,-0.0014000000000000123,0.50091,0.49909,pass,False,"[0.5, 0.525)"
2024-09-22T19:35:00Z,2024-09-22T19:30:38Z,2024-09-22T19:25:37Z,2024-09-22T19:35:38Z,acc41dc7aeae8f8db0604c743213916c,americanfootball_nfl,2024-09-22 20:07:00+00:00,Seattle Seahawks,Miami Dolphins,fanduel,FanDuel,2024-09-22T19:29:48Z,player_pass_yds,2024-09-22T19:29:45Z,Skylar Thompson,193.5,-110.0,-110,2024-09-22,SEA,MIA,skylar thompson,2024,3,Skylar Thompson,MIA,QB,107.0,0.0,0.0,0.0,107.0,False,False,-4.0,4.0,41.5,False,True,4.0,-4.0,False,True,False,18.75,,,,,,,,,,,0.0,skylar thompson,Skylar Thompson,BAL,32.3,20.6,214.5,1.0,1.0,3.2,11.1,0.1,0.3,12.7,-107.5,-21.0,-86.5,208.03817245424852,-101.03817245424858,14.53817245424858,False,10:15,200-225,69.4161154154068,bucket_fallback,69.4161154154068,69.4161154154068,-1.4555434548534718,0.5807,0.4193,207.1660430188869,207.55066932912484,68.92221327522473,-138.49272597185785,138.49272597185785,0.0807,-0.0807,0.552455,0.447545,over,True,"[0.55, 0.6)"
2024-09-22T19:55:00Z,2024-09-22T19:50:37Z,2024-09-22T19:45:38Z,2024-09-22T19:55:38Z,e61fbdc294fce579705fa0ed6de85ce2,americanfootball_nfl,2024-09-22 20:27:00+00:00,Arizona Cardinals,Detroit Lions,fanduel,FanDuel,2024-09-22T19:49:12Z,player_pass_yds,2024-09-22T19:50:00Z,Jared Goff,260.5,-110.0,-110,2024-09-22,ARI,DET,jared goff,2024,3,Jared Goff,DET,QB,199.0,6.0,0.0,0.0,199.0,False,False,3.0,-3.0,51.5,False,True,-3.0,3.0,True,False,False,27.25,262.0,262.0,-7.5,-7.5,63.63961030678928,63.63961030678928,0.5,0.5,262.0,-7.5,2.0,jared goff,Jared Goff,DET,35.3,23.9,267.2,1.8,0.8,1.6,4.5,0.1,0.2,17.3,-68.19999999999999,-6.699999999999989,-61.5,259.2195892429804,-60.21958924298042,-1.280410757019581,False,-5:0,250-275,66.76327241271723,bucket_fallback,66.76327241271723,66.76327241271723,-0.9019867820545844,0.4929,0.5071,259.07988557993446,259.2546617710789,67.08804908862506,102.8809089064719,-102.8809089064719,-0.007099999999999995,0.007099999999999995,0.495385,0.504615,pass,True,"[0.475, 0.5)"
2024-09-22T19:55:00Z,2024-09-22T19:50:37Z,2024-09-22T19:45:38Z,2024-09-22T19:55:38Z,e61fbdc294fce579705fa0ed6de85ce2,americanfootball_nfl,2024-09-22 20:27:00+00:00,Arizona Cardinals,Detroit Lions,fanduel,FanDuel,2024-09-22T19:49:12Z,player_pass_yds,2024-09-22T19:50:00Z,Kyler Murray,234.5,-110.0,-110,2024-09-22,ARI,DET,kyler murray,2024,3,Kyler Murray,ARI,QB,207.0,45.0,0.0,0.0,207.0,False,False,3.0,-3.0,51.5,True,False,3.0,-3.0,False,True,False,24.25,214.0,214.0,-9.5,-9.5,73.53910524340094,73.53910524340094,0.5,0.5,214.0,-9.5,2.0,kyler murray,Kyler Murray,MIN,33.8,22.5,241.6,1.6,0.5,6.1,34.5,0.3,0.2,20.1,-34.599999999999994,-7.099999999999994,-27.5,234.3572691330841,-27.35726913308409,-0.1427308669159117,False,-5:0,225-250,83.52232316389792,bucket_fallback,83.52232316389792,83.52232316389792,-0.3275443988716674,0.4999,0.5001,234.5973877167999,234.4864313982356,83.21097796842609,100.04000800160031,-100.04000800160031,-9.999999999998899e-05,9.999999999998899e-05,0.499935,0.500065,pass,True,"[0.475, 0.5)"
2024-09-22T19:55:00Z,2024-09-22T19:50:37Z,2024-09-22T19:45:38Z,2024-09-22T19:55:38Z,cd904fbb09c5130b857595217364bb07,americanfootball_nfl,2024-09-22 20:27:00+00:00,Dallas Cowboys,Baltimore Ravens,fanduel,FanDuel,2024-09-22T19:49:12Z,player_pass_yds,2024-09-22T19:50:05Z,Dak Prescott,257.5,-110.0,-110,2024-09-22,DAL,BAL,dak prescott,2024,3,Dak Prescott,DAL,QB,379.0,7.0,0.0,0.0,379.0,True,False,1.5,-1.5,47.5,True,False,1.5,-1.5,False,True,False,23.0,236.0,236.0,-18.5,-18.5,80.61017305526642,80.61017305526642,0.5,0.5,236.0,-18.5,2.0,dak prescott,Dak Prescott,DAL,35.3,23.8,258.8,1.7,0.8,2.6,11.1,0.1,0.2,17.6,120.2,-1.3000000000000114,121.5,251.06164045692068,127.93835954307932,-6.438359543079315,True,-10:-5,250-275,66.76327241271723,bucket_fallback,66.76327241271723,66.76327241271723,1.916298511435897,0.4661,0.5339,251.34952580249436,251.48571107192362,67.00534786053414,114.54623471358077,-114.54623471358079,-0.033899999999999986,0.03390000000000004,0.47796500000000003,0.522035,pass,False,"[0.45, 0.475)"
2024-09-22T19:55:00Z,2024-09-22T19:50:37Z,2024-09-22T19:45:38Z,2024-09-22T19:55:38Z,cd904fbb09c5130b857595217364bb07,americanfootball_nfl,2024-09-22 20:27:00+00:00,Dallas Cowboys,Baltimore Ravens,fanduel,FanDuel,2024-09-22T19:49:12Z,player_pass_yds,2024-09-22T19:50:05Z,Lamar Jackson,212.5,-110.0,-110,2024-09-22,DAL,BAL,lamar jackson,2024,3,Lamar Jackson,BAL,QB,182.0,87.0,0.0,0.0,182.0,False,False,1.5,-1.5,47.5,False,True,-1.5,1.5,True,False,False,24.5,247.0,247.0,33.5,33.5,,,1.0,1.0,247.0,33.5,1.0,lamar jackson,Lamar Jackson,BAL,31.2,20.1,233.1,1.4,0.7,9.3,54.5,0.3,0.2,21.1,-51.1,-20.599999999999994,-30.5,226.1022019090951,-44.1022019090951,13.6022019090951,False,10:15,225-250,83.52232316389792,bucket_fallback,83.52232316389792,83.52232316389792,-0.5280289177607316,0.57035,0.42965,226.9366802675446,227.2175836193151,82.8833723233102,-132.74758524380312,132.74758524380312,0.07035000000000002,-0.07035000000000002,0.5457275,0.45427249999999997,over,True,"[0.55, 0.6)"
2024-09-22T19:55:00Z,2024-09-22T19:50:37Z,2024-09-22T19:45:38Z,2024-09-22T19:55:38Z,f89d2da2d1b692de14ddf77e186cc5c7,americanfootball_nfl,2024-09-22 20:27:00+00:00,Los Angeles Rams,San Francisco 49ers,fanduel,FanDuel,2024-09-22T19:49:12Z,player_pass_yds,2024-09-22T19:50:34Z,Matthew Stafford,220.5,-110.0,-110,2024-09-22,LAR,SF,matthew stafford,2024,3,Matthew Stafford,LAR,QB,221.0,0.0,0.0,0.0,221.0,True,False,6.0,-6.0,44.5,True,False,6.0,-6.0,False,True,False,19.25,266.5,266.5,4.5,4.5,71.4177848998413,71.4177848998413,0.5,0.5,266.5,4.5,2.0,matthew stafford,Matthew Stafford,LAR,34.0,22.1,245.8,1.2,0.8,1.2,3.7,0.0,0.2,14.1,-24.80000000000001,-25.30000000000001,0.5,238.436243526114,-17.43624352611397,17.93624352611397,True,15:25,225-250,83.52232316389792,bucket_fallback,83.52232316389792,83.52232316389792,-0.2087614767599127,0.5803,0.4197,237.52699049112792,236.79004856280133,83.42982060842407,-138.2654276864427,138.2654276864427,0.08030000000000004,-0.08029999999999998,0.552195,0.447805,over,False,"[0.55, 0.6)"
2024-09-22T19:55:00Z,2024-09-22T19:50:37Z,2024-09-22T19:45:38Z,2024-09-22T19:55:38Z,f89d2da2d1b692de14ddf77e186cc5c7,americanfootball_nfl,2024-09-22 20:27:00+00:00,Los Angeles Rams,San Francisco 49ers,fanduel,FanDuel,2024-09-22T19:49:12Z,player_pass_yds,2024-09-22T19:50:34Z,Brock Purdy,230.5,-110.0,-110,2024-09-22,LAR,SF,brock purdy,2024,3,Brock Purdy,SF,QB,292.0,41.0,0.0,0.0,292.0,True,False,6.0,-6.0,44.5,False,True,-6.0,6.0,True,False,False,25.25,275.0,275.0,29.5,29.5,62.22539674441618,62.22539674441618,0.5,0.5,275.0,29.5,2.0,brock purdy,Brock Purdy,SF,30.6,20.8,252.2,1.6,0.7,2.7,10.6,0.1,0.2,17.2,39.80000000000001,-21.69999999999999,61.5,244.651823553588,47.348176446412,14.151823553588002,True,10:15,225-250,83.52232316389792,bucket_fallback,83.52232316389792,83.52232316389792,0.5668924744047109,0.5648,0.4352,244.69771776205897,244.0931640935988,83.86107011588318,-129.77941176470586,129.77941176470588,0.06479999999999997,-0.06480000000000002,0.5421199999999999,0.45787999999999995,over,False,"[0.55, 0.6)"
2024-09-22T23:50:00Z,2024-09-22T23:45:38Z,2024-09-22T23:40:38Z,2024-09-22T23:50:38Z,bd907bcbaaefa56a30c4fa2c57281a51,americanfootball_nfl,2024-09-23 00:20:00+00:00,Atlanta Falcons,Kansas City Chiefs,fanduel,FanDuel,2024-09-22T23:45:27Z,player_pass_yds,2024-09-22T23:45:37Z,Kirk Cousins,232.5,-110.0,-110,2024-09-22,ATL,KC,kirk cousins,2024,3,Kirk Cousins,ATL,QB,230.0,-1.0,0.0,0.0,230.0,False,False,3.0,-3.0,46.0,True,False,3.0,-3.0,False,True,False,21.5,198.0,198.0,-37.5,-37.5,60.81118318204309,60.81118318204309,0.5,0.5,198.0,-37.5,2.0,kirk cousins,Kirk Cousins,LV,33.5,21.7,236.7,1.5,0.7,1.9,5.2,0.1,0.2,15.3,-6.699999999999989,-4.199999999999989,-2.5,229.5984656745493,0.4015343254507399,-2.90153432545074,False,-5:0,225-250,83.52232316389792,bucket_fallback,83.52232316389792,83.52232316389792,0.0048075090615328,0.4925,0.5075,230.6460113941106,230.75123587101785,83.83347556653125,103.04568527918784,-103.0456852791878,-0.007500000000000007,0.007499999999999951,0.495125,0.504875,pass,True,"[0.475, 0.5)"
2024-09-22T23:50:00Z,2024-09-22T23:45:38Z,2024-09-22T23:40:38Z,2024-09-22T23:50:38Z,bd907bcbaaefa56a30c4fa2c57281a51,americanfootball_nfl,2024-09-23 00:20:00+00:00,Atlanta Falcons,Kansas City Chiefs,fanduel,FanDuel,2024-09-22T23:45:27Z,player_pass_yds,2024-09-22T23:45:37Z,Patrick Mahomes,268.5,-110.0,-110,2024-09-22,ATL,KC,patrick mahomes,2024,3,Patrick Mahomes,KC,QB,217.0,17.0,0.0,0.0,217.0,False,False,3.0,-3.0,46.0,False,True,-3.0,3.0,True,False,False,24.5,151.0,151.0,-120.5,-120.5,,,0.0,0.0,151.0,-120.5,1.0,patrick mahomes,Patrick Mahomes II,KC,35.4,23.9,264.3,2.0,0.6,4.3,22.7,0.1,0.2,20.5,-47.30000000000001,4.199999999999989,-51.5,256.4031545430312,-39.40315454303118,-12.096845456968822,False,-15:-10,250-275,66.76327241271723,bucket_fallback,66.76327241271723,66.76327241271723,-0.5901920789539605,0.42035,0.57965,255.5427795371063,254.65869148962665,66.30976993138219,137.89699060306887,-137.89699060306887,-0.07965,0.07965,0.4482275,0.5517725,under,True,"[0.4, 0.45)"
2024-09-23T23:00:00Z,2024-09-23T22:55:39Z,2024-09-23T22:50:38Z,2024-09-23T23:00:39Z,96be3ba73fc562e49a0120b5923c3213,americanfootball_nfl,2024-09-23 23:30:00+00:00,Buffalo Bills,Jacksonville Jaguars,fanduel,FanDuel,2024-09-23T22:54:51Z,player_pass_yds,2024-09-23T22:55:34Z,Josh Allen,232.5,-110.0,-110,2024-09-23,BUF,JAX,josh allen,2024,3,Josh Allen,BUF,QB,263.0,44.0,0.0,0.0,263.0,True,False,-4.0,4.0,46.5,True,False,-4.0,4.0,True,False,False,25.25,185.5,185.5,-57.5,-57.5,65.76093065034893,65.76093065034893,0.0,0.0,185.5,-57.5,2.0,josh allen,Josh Allen,BUF,33.4,21.8,245.6,1.7,0.9,6.5,34.1,0.6,0.3,22.1,17.400000000000006,-13.099999999999994,30.5,238.24200665025532,24.757993349744623,5.742006650255377,True,5:10,225-250,83.52232316389792,bucket_fallback,83.52232316389792,83.52232316389792,0.2964236674925987,0.5203,0.4797,237.08474892703248,236.46054539214236,83.1711984234143,-108.46362309776944,108.46362309776944,0.020299999999999985,-0.020299999999999985,0.513195,0.486805,pass,False,"[0.5, 0.525)"
2024-09-23T23:00:00Z,2024-09-23T22:55:39Z,2024-09-23T22:50:38Z,2024-09-23T23:00:39Z,96be3ba73fc562e49a0120b5923c3213,americanfootball_nfl,2024-09-23 23:30:00+00:00,Buffalo Bills,Jacksonville Jaguars,fanduel,FanDuel,2024-09-23T22:54:51Z,player_pass_yds,2024-09-23T22:55:34Z,Trevor Lawrence,222.5,-110.0,-110,2024-09-23,BUF,JAX,trevor lawrence,2024,3,Trevor Lawrence,JAX,QB,178.0,3.0,0.0,0.0,178.0,False,False,-4.0,4.0,46.5,False,True,4.0,-4.0,False,True,False,21.25,191.0,191.0,-46.0,-46.0,41.01219330881976,41.01219330881976,0.0,0.0,191.0,-46.0,2.0,trevor lawrence,Trevor Lawrence,JAX,34.5,22.1,234.6,1.2,0.8,3.9,18.4,0.2,0.3,15.7,-56.6,-12.099999999999994,-44.5,227.5589784780344,-49.558978478034334,5.058978478034334,False,5:10,225-250,83.52232316389792,bucket_fallback,83.52232316389792,83.52232316389792,-0.5933620689738665,0.52155,0.47845,227.1739359826335,227.24211743031213,83.934675173841,-109.00825582610511,109.00825582610513,0.021549999999999958,-0.021550000000000014,0.5140075,0.4859925,pass,True,"[0.5, 0.525)"
2024-09-23T23:45:00Z,2024-09-23T23:40:39Z,2024-09-23T23:35:40Z,2024-09-23T23:45:38Z,8e047915fdc9b7dc77d2276e740f55d2,americanfootball_nfl,2024-09-24 00:15:00+00:00,Cincinnati Bengals,Washington Commanders,fanduel,FanDuel,2024-09-23T23:39:30Z,player_pass_yds,2024-09-23T23:40:37Z,Jayden Daniels,194.5,-110.0,-110,2024-09-23,CIN,WAS,jayden daniels,2024,3,Jayden Daniels,WAS,QB,254.0,39.0,0.0,0.0,254.0,True,False,-7.5,7.5,46.0,False,True,7.5,-7.5,False,True,False,19.25,205.0,205.0,0.5,0.5,29.698484809834994,29.698484809834994,0.5,0.5,205.0,0.5,2.0,jayden daniels,Jayden Daniels,WSH,30.1,19.3,205.4,1.0,0.8,9.4,47.5,0.4,0.3,18.3,48.6,-10.900000000000006,59.5,199.2003946026839,54.7996053973161,4.7003946026839,True,0:5,175-200,63.59685830662887,bucket_fallback,63.59685830662887,63.59685830662887,0.8616715802705649,0.53255,0.46745,199.62572890747865,199.48563554430865,63.19342751813818,-113.92662316825327,113.92662316825331,0.03254999999999997,-0.03255000000000002,0.5211574999999999,0.4788425,pass,False,"[0.525, 0.55)"
2024-09-23T23:45:00Z,2024-09-23T23:40:39Z,2024-09-23T23:35:40Z,2024-09-23T23:45:38Z,8e047915fdc9b7dc77d2276e740f55d2,americanfootball_nfl,2024-09-24 00:15:00+00:00,Cincinnati Bengals,Washington Commanders,fanduel,FanDuel,2024-09-23T23:39:30Z,player_pass_yds,2024-09-23T23:40:37Z,Joe Burrow,261.5,-110.0,-110,2024-09-23,CIN,WAS,joe burrow,2024,3,Joe Burrow,CIN,QB,324.0,4.0,0.0,0.0,324.0,True,False,-7.5,7.5,46.0,True,False,-7.5,7.5,True,False,False,26.75,211.0,211.0,-30.0,-30.0,66.46803743153546,66.46803743153546,0.5,0.5,211.0,-30.0,2.0,joe burrow,Joe Burrow,CIN,34.4,23.2,263.5,1.9,0.5,3.9,13.6,0.1,0.2,19.4,60.5,-2.0,62.5,255.6262070395969,68.37379296040308,-5.87379296040308,True,-10:-5,250-275,66.76327241271723,bucket_fallback,66.76327241271723,66.76327241271723,1.0241228521233945,0.4621,0.5379,255.10925706989127,255.11898073927279,66.95980009382517,116.40337589266393,-116.40337589266395,-0.03789999999999999,0.037900000000000045,0.475365,0.5246350000000001,pass,False,"[0.45, 0.475)"
2024-09-26T23:45:00Z,2024-09-26T23:40:40Z,2024-09-26T23:35:39Z,2024-09-26T23:45:39Z,b08196b0745d9e2e0bebfe8627fc5a1f,americanfootball_nfl,2024-09-27 00:15:00+00:00,New York Giants,Dallas Cowboys,fanduel,FanDuel,2024-09-26T23:40:28Z,player_pass_yds,2024-09-26T23:41:04Z,Daniel Jones,201.5,-110.0,-110,2024-09-26,NYG,DAL,daniel jones,2024,4,Daniel Jones,NYG,QB,281.0,3.0,0.0,0.0,281.0,True,False,5.5,-5.5,45.0,True,False,5.5,-5.5,False,True,False,19.75,200.0,200.0,0.1666666666666666,0.1666666666666666,31.432467291003423,31.432467291003423,0.3333333333333333,0.3333333333333333,200.0,0.1666666666666666,3.0,daniel jones,Daniel Jones,IND,32.1,20.0,217.4,1.2,0.8,5.8,27.9,0.2,0.2,16.0,63.6,-15.900000000000006,79.5,210.85460715419777,70.14539284580223,9.354607154197764,True,5:10,200-225,69.4161154154068,rolling_3g,50.0,31.432467291003423,1.4029078569160447,0.56755,0.43245,210.13961030525292,210.2139851590673,49.83500968146577,-131.24060585038734,131.24060585038734,0.06755,-0.06755,0.5439075,0.4560925,over,False,"[0.55, 0.6)"
2024-09-26T23:45:00Z,2024-09-26T23:40:40Z,2024-09-26T23:35:39Z,2024-09-26T23:45:39Z,b08196b0745d9e2e0bebfe8627fc5a1f,americanfootball_nfl,2024-09-27 00:15:00+00:00,New York Giants,Dallas Cowboys,fanduel,FanDuel,2024-09-26T23:40:28Z,player_pass_yds,2024-09-26T23:41:04Z,Dak Prescott,259.5,-110.0,-110,2024-09-26,NYG,DAL,dak prescott,2024,4,Dak Prescott,DAL,QB,221.0,-1.0,0.0,0.0,221.0,False,False,5.5,-5.5,45.0,False,True,-5.5,5.5,True,False,False,25.25,283.6666666666667,283.6666666666667,28.166666666666668,28.166666666666668,100.3261348469746,100.3261348469746,0.6666666666666666,0.6666666666666666,283.6666666666667,28.166666666666668,3.0,dak prescott,Dak Prescott,DAL,35.1,23.5,258.8,1.7,0.8,2.8,12.4,0.1,0.2,17.9,-37.80000000000001,0.6999999999999886,-38.5,251.06164045692068,-30.061640456920685,-8.438359543079315,False,-10:-5,250-275,66.76327241271723,rolling_3g,100.3261348469746,100.3261348469746,-0.2996391767984792,0.46455,0.53545,250.83612150558102,250.23984331905655,100.85564554741086,115.26208158432893,-115.26208158432893,-0.03544999999999998,0.03544999999999998,0.47695750000000003,0.5230425,pass,True,"[0.45, 0.475)"
2024-09-29T16:30:00Z,2024-09-29T16:25:38Z,2024-09-29T16:20:38Z,2024-09-29T16:30:38Z,3858ab1dfdb4db4987218c709a51d1bf,americanfootball_nfl,2024-09-29 17:00:00+00:00,Atlanta Falcons,New Orleans Saints,fanduel,FanDuel,2024-09-29T16:24:41Z,player_pass_yds,2024-09-29T16:25:06Z,Kirk Cousins,220.5,-110.0,-110,2024-09-29,ATL,NO,kirk cousins,2024,4,Kirk Cousins,ATL,QB,238.0,0.0,0.0,0.0,238.0,True,False,-2.5,2.5,41.5,True,False,-2.5,2.5,True,False,False,22.0,208.66666666666663,208.66666666666663,-25.83333333333333,-25.83333333333333,46.800997140374406,46.800997140374406,0.3333333333333333,0.3333333333333333,208.66666666666663,-25.83333333333333,3.0,kirk cousins,Kirk Cousins,LV,32.3,20.9,236.4,1.5,0.8,1.6,5.3,0.1,0.2,14.9,1.5999999999999943,-15.900000000000006,17.5,229.3071103607614,8.692889639238587,8.807110360761413,True,5:10,225-250,83.52232316389792,rolling_3g,50.0,46.800997140374406,0.1738577927847717,0.57055,0.42945,229.19277762216223,229.1898028067954,50.14301262617348,-132.85597857724997,132.85597857724997,0.07055,-0.07055,0.5458575,0.4541425,over,False,"[0.55, 0.6)"
2024-09-29T16:30:00Z,2024-09-29T16:25:38Z,2024-09-29T16:20:38Z,2024-09-29T16:30:38Z,82483a4f1a2ae000d00778810d85d13c,americanfootball_nfl,2024-09-29 17:00:00+00:00,Carolina Panthers,Cincinnati Bengals,fanduel,FanDuel,2024-09-29T16:24:41Z,player_pass_yds,2024-09-29T16:25:44Z,Joe Burrow,255.5,-110.0,-110,2024-09-29,CAR,CIN,joe burrow,2024,4,Joe Burrow,CIN,QB,232.0,10.0,0.0,0.0,232.0,False,False,4.5,-4.5,47.0,False,True,-4.5,4.5,True,False,False,25.75,248.66666666666663,248.66666666666663,0.8333333333333334,0.8333333333333334,80.4072965179985,80.4072965179985,0.6666666666666666,0.6666666666666666,248.66666666666663,0.8333333333333334,3.0,joe burrow,Joe Burrow,CIN,35.1,23.8,260.1,1.8,0.5,3.8,12.6,0.1,0.3,18.7,-28.100000000000023,-4.600000000000023,-23.5,252.32418015000133,-20.32418015000136,-3.1758198499986463,False,-5:0,250-275,66.76327241271723,rolling_3g,80.4072965179985,80.4072965179985,-0.2527653711806107,0.48315,0.51685,252.78036405284857,252.53710712039856,80.3552388253806,106.97505950532961,-106.97505950532963,-0.016849999999999976,0.01685000000000003,0.4890475,0.5109525,pass,True,"[0.475, 0.5)"
2024-09-29T16:30:00Z,2024-09-29T16:25:38Z,2024-09-29T16:20:38Z,2024-09-29T16:30:38Z,82483a4f1a2ae000d00778810d85d13c,americanfootball_nfl,2024-09-29 17:00:00+00:00,Carolina Panthers,Cincinnati Bengals,fanduel,FanDuel,2024-09-29T16:24:41Z,player_pass_yds,2024-09-29T16:25:44Z,Andy Dalton,229.5,-110.0,-110,2024-09-29,CAR,CIN,andy dalton,2024,4,Andy Dalton,CAR,QB,220.0,9.0,0.0,0.0,220.0,False,False,4.5,-4.5,47.0,True,False,4.5,-4.5,False,True,False,21.25,319.0,319.0,116.5,116.5,,,1.0,1.0,319.0,116.5,1.0,andy dalton,Andy Dalton,PHI,34.0,22.0,239.7,1.3,0.9,2.1,7.5,0.1,0.1,15.1,-19.69999999999999,-10.199999999999989,-9.5,232.51201881242773,-12.512018812427726,3.0120188124277263,False,0:5,225-250,83.52232316389792,bucket_fallback,83.52232316389792,83.52232316389792,-0.1498044874527146,0.5098,0.4902,231.75079251802688,231.63532586091935,83.34050040813737,-103.99836801305591,103.9983680130559,0.009800000000000031,-0.009799999999999975,0.50637,0.49363,pass,True,"[0.5, 0.525)"
2024-09-29T16:30:00Z,2024-09-29T16:25:38Z,2024-09-29T16:20:38Z,2024-09-29T16:30:38Z,e603ee3c4035a8558b9bcb6aded87ff4,americanfootball_nfl,2024-09-29 17:00:00+00:00,Chicago Bears,Los Angeles Rams,fanduel,FanDuel,2024-09-29T16:24:41Z,player_pass_yds,2024-09-29T16:25:26Z,Matthew Stafford,207.5,-110.0,-110,2024-09-29,CHI,LAR,matthew stafford,2024,4,Matthew Stafford,LAR,QB,224.0,-1.0,0.0,0.0,224.0,True,False,-3.0,3.0,40.0,False,True,3.0,-3.0,False,True,False,18.5,251.3333333333333,251.3333333333333,3.1666666666666665,3.1666666666666665,56.92392584259569,56.92392584259569,0.6666666666666666,0.6666666666666666,251.3333333333333,3.1666666666666665,3.0,matthew stafford,Matthew Stafford,LAR,31.7,20.5,231.6,1.2,0.8,1.0,3.3,0.0,0.2,13.5,-7.599999999999994,-24.099999999999994,16.5,224.64542534015587,-0.6454253401558674,17.145425340155867,True,15:25,200-225,69.4161154154068,rolling_3g,56.92392584259569,56.92392584259569,-0.0113383841785715,0.61685,0.38315,224.8235477439105,224.49207998180347,56.720699248488025,-160.99438862064466,160.99438862064466,0.11685000000000001,-0.11685000000000001,0.5759525,0.4240475,pass,False,"[0.6, 1.0)"
2024-09-29T16:30:00Z,2024-09-29T16:25:38Z,2024-09-29T16:20:38Z,2024-09-29T16:30:38Z,e603ee3c4035a8558b9bcb6aded87ff4,americanfootball_nfl,2024-09-29 17:00:00+00:00,Chicago Bears,Los Angeles Rams,fanduel,FanDuel,2024-09-29T16:24:41Z,player_pass_yds,2024-09-29T16:25:26Z,Caleb Williams,223.5,-110.0,-110,2024-09-29,CHI,LAR,caleb williams,2024,4,Caleb Williams,CHI,QB,157.0,12.0,0.0,0.0,157.0,False,False,-3.0,3.0,40.0,True,False,-3.0,3.0,True,False,False,21.5,210.0,210.0,-11.5,-11.5,138.55323886506588,138.55323886506588,0.3333333333333333,0.3333333333333333,210.0,-11.5,3.0,caleb williams,Caleb Williams,CHI,33.4,21.1,234.4,1.3,0.8,4.1,19.4,0.1,0.2,16.1,-77.4,-10.900000000000006,-66.5,227.36474160217577,-70.36474160217577,3.864741602175769,False,0:5,225-250,83.52232316389792,rolling_3g,115.0,138.55323886506588,-0.6118673182797894,0.51625,0.48375,227.17196878548683,227.78471739466937,115.50945082816489,-106.71834625322997,106.71834625322997,0.016249999999999987,-0.016249999999999987,0.5105625,0.4894375,pass,True,"[0.5, 0.525)"
2024-09-29T16:30:00Z,2024-09-29T16:25:38Z,2024-09-29T16:20:38Z,2024-09-29T16:30:38Z,701d98795b391636de6d0860c6782f2d,americanfootball_nfl,2024-09-29 17:00:00+00:00,New York Jets,Denver Broncos,fanduel,FanDuel,2024-09-29T16:24:41Z,player_pass_yds,2024-09-29T16:23:58Z,Bo Nix,184.5,-110.0,-110,2024-09-29,NYJ,DEN,bo nix,2024,4,Bo Nix,DEN,QB,60.0,3.0,0.0,0.0,60.0,False,False,-7.5,7.5,39.5,False,True,7.5,-7.5,False,True,False,16.0,200.0,200.0,13.5,13.5,55.74943945906541,55.74943945906541,0.6666666666666666,0.6666666666666666,200.0,13.5,3.0,bo nix,Bo Nix,DEN,32.3,20.4,206.6,0.9,0.8,6.0,25.0,0.2,0.2,14.5,-146.6,-22.099999999999994,-124.5,200.3658158578353,-140.36581585783526,15.865815857835258,False,15:25,200-225,69.4161154154068,rolling_3g,55.74943945906541,55.74943945906541,-2.517797797068441,0.6097,0.3903,199.78667465328598,200.22374082208157,55.364086594578666,-156.21316935690496,156.21316935690496,0.10970000000000002,-0.10970000000000002,0.5713050000000001,0.428695,pass,True,"[0.6, 1.0)"
2024-09-29T16:30:00Z,2024-09-29T16:25:38Z,2024-09-29T16:20:38Z,2024-09-29T16:30:38Z,1f9f768db4ab5e36fad5080f8a338725,americanfootball_nfl,2024-09-29 17:00:00+00:00,Green Bay Packers,Minnesota Vikings,fanduel,FanDuel,2024-09-29T16:24:41Z,player_pass_yds,2024-09-29T16:26:06Z,Jordan Love,240.5,-110.0,-110,2024-09-29,GB,MIN,jordan love,2024,4,Jordan Love,GB,QB,389.0,6.0,0.0,0.0,389.0,True,False,-2.5,2.5,44.0,True,False,-2.5,2.5,True,False,False,23.25,,,,,,,,,,,0.0,jordan love,Jordan Love,GB,32.9,21.8,242.1,1.6,0.6,2.7,10.8,0.1,0.2,16.8,146.9,-1.5999999999999943,148.5,234.8428613227305,154.1571386772695,-5.657138677269501,True,-10:-5,225-250,83.52232316389792,bucket_fallback,83.52232316389792,83.52232316389792,1.8456998421220048,0.4728,0.5272,234.66168003730118,234.48009393571851,84.2204509553143,111.50592216582064,-111.50592216582064,-0.027200000000000002,0.027200000000000002,0.48231999999999997,0.51768,pass,False,"[0.45, 0.475)"
2024-09-29T16:30:00Z,2024-09-29T16:25:38Z,2024-09-29T16:20:38Z,2024-09-29T16:30:38Z,1f9f768db4ab5e36fad5080f8a338725,americanfootball_nfl,2024-09-29 17:00:00+00:00,Green Bay Packers,Minnesota Vikings,fanduel,FanDuel,2024-09-29T16:24:41Z,player_pass_yds,2024-09-29T16:26:06Z,Sam Darnold,226.5,-110.0,-110,2024-09-29,GB,MIN,sam darnold,2024,4,Sam Darnold,MIN,QB,275.0,15.0,0.0,0.0,275.0,True,False,-2.5,2.5,44.0,False,True,2.5,-2.5,False,True,False,20.75,219.0,219.0,-14.5,-14.5,44.53088815642464,44.53088815642464,0.3333333333333333,0.3333333333333333,219.0,-14.5,3.0,sam darnold,Sam Darnold,SEA,33.6,21.2,239.7,1.5,0.9,2.8,10.6,0.1,0.3,15.6,35.30000000000001,-13.199999999999989,48.5,232.51201881242773,42.487981187572274,6.012018812427726,True,5:10,225-250,83.52232316389792,rolling_3g,50.0,44.53088815642464,0.8497596237514454,0.54375,0.45625,232.18214889539425,231.95027350493592,49.559538206755825,-119.17808219178079,119.1780821917808,0.043749999999999956,-0.04375000000000001,0.5284375,0.4715625,pass,False,"[0.525, 0.55)"
2024-09-29T16:30:00Z,2024-09-29T16:25:38Z,2024-09-29T16:20:38Z,2024-09-29T16:30:38Z,3855431777952837560f29bff9d6b4e3,americanfootball_nfl,2024-09-29 17:00:00+00:00,Houston Texans,Jacksonville Jaguars,fanduel,FanDuel,2024-09-29T16:24:41Z,player_pass_yds,2024-09-29T16:25:32Z,C.J. Stroud,268.5,-110.0,-110,2024-09-29,HOU,JAX,cj stroud,2024,4,C.J. Stroud,HOU,QB,345.0,17.0,0.0,0.0,345.0,True,False,-5.5,5.5,44.5,True,False,-5.5,5.5,True,False,False,25.0,236.3333333333333,236.3333333333333,-30.166666666666668,-30.166666666666668,22.590558499809905,22.590558499809905,0.0,0.0,236.3333333333333,-30.166666666666668,3.0,cj stroud,C.J. Stroud,HOU,33.7,22.0,263.3,1.9,0.5,2.9,11.2,0.1,0.2,18.9,81.69999999999999,5.199999999999989,76.5,255.4319701637384,89.56802983626162,-13.068029836261616,True,-15:-10,250-275,66.76327241271723,rolling_3g,50.0,22.590558499809905,1.7913605967252315,0.3985,0.6015,255.94819053748995,256.1602968134458,50.31382403177409,150.9410288582183,-150.94102885821835,-0.10149999999999998,0.10150000000000003,0.434025,0.565975,pass,False,"[0.0, 0.4)"
2024-09-29T16:30:00Z,2024-09-29T16:25:38Z,2024-09-29T16:20:38Z,2024-09-29T16:30:38Z,3855431777952837560f29bff9d6b4e3,americanfootball_nfl,2024-09-29 17:00:00+00:00,Houston Texans,Jacksonville Jaguars,fanduel,FanDuel,2024-09-29T16:24:41Z,player_pass_yds,2024-09-29T16:25:32Z,Trevor Lawrence,224.5,-110.0,-110,2024-09-29,HOU,JAX,trevor lawrence,2024,4,Trevor Lawrence,JAX,QB,169.0,5.0,0.0,0.0,169.0,False,False,-5.5,5.5,44.5,False,True,5.5,-5.5,False,True,False,19.5,186.66666666666663,186.66666666666663,-45.5,-45.5,29.95552258488129,29.95552258488129,0.0,0.0,186.66666666666663,-45.5,3.0,trevor lawrence,Trevor Lawrence,JAX,34.6,21.3,231.1,1.2,0.8,3.7,17.0,0.1,0.3,15.2,-62.1,-6.599999999999994,-55.5,224.15983315050943,-55.159833150509456,-0.3401668494905436,False,-5:0,200-225,69.4161154154068,rolling_3g,50.0,29.95552258488129,-1.1031966630101886,0.4998,0.5002,224.2991576669732,224.46299801204088,49.70633852521409,100.0800320128051,-100.0800320128051,-0.00019999999999997797,0.00019999999999997797,0.49987000000000004,0.50013,pass,True,"[0.475, 0.5)"
2024-09-29T16:30:00Z,2024-09-29T16:25:38Z,2024-09-29T16:20:38Z,2024-09-29T16:30:38Z,a0a3ae18f5a26bdaa0e2f32aa8af7ce0,americanfootball_nfl,2024-09-29 17:00:00+00:00,Indianapolis Colts,Pittsburgh Steelers,fanduel,FanDuel,2024-09-29T16:24:41Z,player_pass_yds,2024-09-29T16:25:40Z,Justin Fields,182.5,-110.0,-110,2024-09-29,IND,PIT,justin fields,2024,4,Justin Fields,PIT,QB,312.0,55.0,0.0,0.0,312.0,True,False,2.5,-2.5,40.0,False,True,-2.5,2.5,True,False,False,21.25,172.66666666666666,172.66666666666666,0.5,0.5,65.60741827974435,65.60741827974435,0.3333333333333333,0.3333333333333333,172.66666666666666,0.5,3.0,justin fields,Justin Fields,KC,27.4,17.9,188.9,1.0,0.8,8.1,39.4,0.4,0.3,16.5,123.1,-6.400000000000006,129.5,183.1758523443523,128.8241476556477,0.6758523443523075,True,0:5,175-200,63.59685830662887,rolling_3g,65.60741827974435,65.60741827974435,1.963560692273436,0.50195,0.49805,183.0447173999512,182.7653275306142,65.12778953436626,-100.78305391024998,100.78305391024998,0.0019500000000000073,-0.0019500000000000073,0.5012675,0.4987325,pass,False,"[0.5, 0.525)"
2024-09-29T16:30:00Z,2024-09-29T16:25:38Z,2024-09-29T16:20:38Z,2024-09-29T16:30:38Z,a0a3ae18f5a26bdaa0e2f32aa8af7ce0,americanfootball_nfl,2024-09-29 17:00:00+00:00,Indianapolis Colts,Pittsburgh Steelers,fanduel,FanDuel,2024-09-29T16:24:41Z,player_pass_yds,2024-09-29T16:25:40Z,Anthony Richardson,183.5,-110.0,-110,2024-09-29,IND,PIT,anthony richardson,2024,4,Anthony Richardson,IND,QB,71.0,24.0,0.0,0.0,71.0,False,False,2.5,-2.5,40.0,True,False,2.5,-2.5,False,True,False,18.75,194.3333333333333,194.3333333333333,-13.833333333333334,-13.833333333333334,24.006943440041123,24.006943440041123,0.3333333333333333,0.3333333333333333,194.3333333333333,-13.833333333333334,3.0,anthony richardson,Anthony Richardson Sr.,IND,29.5,18.1,202.4,1.1,0.8,7.7,39.9,0.4,0.3,17.5,-131.4,-18.90000000000001,-112.5,196.2868414648054,-125.2868414648054,12.786841464805406,False,10:15,175-200,63.59685830662887,rolling_3g,50.0,24.006943440041123,-2.505736829296108,0.60015,0.39985,196.20269800117313,196.44996774775598,49.94040506304867,-150.09378516943852,150.09378516943852,0.10014999999999996,-0.10015000000000002,0.5650975,0.43490249999999997,pass,True,"[0.6, 1.0)"
2024-09-29T16:30:00Z,2024-09-29T16:25:38Z,2024-09-29T16:20:38Z,2024-09-29T16:30:38Z,6b08b0416089dbb0459c208f5c0c6d41,americanfootball_nfl,2024-09-29 17:00:00+00:00,Tampa Bay Buccaneers,Philadelphia Eagles,fanduel,FanDuel,2024-09-29T16:24:41Z,player_pass_yds,2024-09-29T16:25:07Z,Baker Mayfield,230.5,-110.0,-110,2024-09-29,TB,PHI,baker mayfield,2024,4,Baker Mayfield,TB,QB,347.0,10.0,0.0,0.0,347.0,True,False,1.0,-1.0,42.0,True,False,1.0,-1.0,False,True,False,20.5,212.3333333333333,212.3333333333333,-34.166666666666664,-34.166666666666664,67.3003219407852,67.3003219407852,0.3333333333333333,0.3333333333333333,212.3333333333333,-34.166666666666664,3.0,baker mayfield,Baker Mayfield,TB,32.9,21.3,235.9,1.5,0.8,3.5,12.6,0.1,0.2,16.2,111.1,-5.400000000000006,116.5,228.821518171115,118.178481828885,-1.6784818288849976,True,-5:0,225-250,83.52232316389792,rolling_3g,67.3003219407852,67.3003219407852,1.7559868722896366,0.4901,0.5099,228.73631635181192,228.65929545997994,67.06748951122809,104.03999183840034,-104.03999183840034,-0.00990000000000002,0.00990000000000002,0.493565,0.506435,pass,False,"[0.475, 0.5)"
2024-09-29T16:30:00Z,2024-09-29T16:25:38Z,2024-09-29T16:20:38Z,2024-09-29T16:30:38Z,6b08b0416089dbb0459c208f5c0c6d41,americanfootball_nfl,2024-09-29 17:00:00+00:00,Tampa Bay Buccaneers,Philadelphia Eagles,fanduel,FanDuel,2024-09-29T16:24:41Z,player_pass_yds,2024-09-29T16:25:07Z,Jalen Hurts,200.5,-110.0,-110,2024-09-29,TB,PHI,jalen hurts,2024,4,Jalen Hurts,PHI,QB,158.0,20.0,0.0,0.0,158.0,False,False,1.0,-1.0,42.0,False,True,-1.0,1.0,True,False,False,21.5,247.0,247.0,24.0,24.0,90.50966799187808,90.50966799187808,0.5,0.5,247.0,24.0,2.0,jalen hurts,Jalen Hurts,PHI,30.2,20.1,216.7,1.2,0.8,10.0,42.8,0.6,0.3,20.4,-58.69999999999999,-16.19999999999999,-42.5,210.1747780886928,-52.17477808869279,9.67477808869279,False,5:10,200-225,69.4161154154068,bucket_fallback,69.4161154154068,69.4161154154068,-0.7516234202456205,0.55175,0.44825,209.6861539318448,209.55480454975097,69.38663569078135,-123.08979364194086,123.08979364194089,0.05174999999999996,-0.05175000000000002,0.5336375,0.4663625,over,True,"[0.55, 0.6)"
2024-09-29T19:35:00Z,2024-09-29T19:30:38Z,2024-09-29T19:25:38Z,2024-09-29T19:35:38Z,b0461ea737b89685d0aee3050bca0cc5,americanfootball_nfl,2024-09-29 20:05:00+00:00,Arizona Cardinals,Washington Commanders,fanduel,FanDuel,2024-09-29T19:29:59Z,player_pass_yds,2024-09-29T19:29:51Z,Jayden Daniels,214.5,-110.0,-110,2024-09-29,ARI,WAS,jayden daniels,2024,4,Jayden Daniels,WAS,QB,233.0,47.0,0.0,0.0,233.0,True,False,-3.5,3.5,49.0,False,True,3.5,-3.5,False,True,False,22.75,221.3333333333333,221.3333333333333,20.166666666666668,20.166666666666668,35.23256069793016,35.23256069793016,0.6666666666666666,0.6666666666666666,221.3333333333333,20.166666666666668,3.0,jayden daniels,Jayden Daniels,WSH,29.0,20.1,220.5,1.1,0.7,10.5,49.7,0.6,0.3,20.5,12.5,-6.0,18.5,213.8652787300055,19.13472126999449,-0.6347212699944862,True,-5:0,200-225,69.4161154154068,rolling_3g,50.0,35.23256069793016,0.3826944253998897,0.49285,0.50715,214.02119398428817,213.49677203658757,50.07329207325314,102.90149132596123,-102.90149132596123,-0.00714999999999999,0.00714999999999999,0.49535250000000003,0.5046475,pass,False,"[0.475, 0.5)"
2024-09-29T19:35:00Z,2024-09-29T19:30:38Z,2024-09-29T19:25:38Z,2024-09-29T19:35:38Z,b0461ea737b89685d0aee3050bca0cc5,americanfootball_nfl,2024-09-29 20:05:00+00:00,Arizona Cardinals,Washington Commanders,fanduel,FanDuel,2024-09-29T19:29:59Z,player_pass_yds,2024-09-29T19:29:51Z,Kyler Murray,235.5,-110.0,-110,2024-09-29,ARI,WAS,kyler murray,2024,4,Kyler Murray,ARI,QB,142.0,3.0,0.0,0.0,142.0,False,False,-3.5,3.5,49.0,True,False,-3.5,3.5,True,False,False,26.25,211.66666666666663,211.66666666666663,-15.5,-15.5,52.15681483117363,52.15681483117363,0.3333333333333333,0.3333333333333333,211.66666666666663,-15.5,3.0,kyler murray,Kyler Murray,MIN,33.3,22.4,242.1,1.7,0.5,6.0,37.4,0.3,0.2,20.8,-100.1,-6.599999999999994,-93.5,234.8428613227305,-92.8428613227305,-0.6571386772695007,False,-5:0,225-250,83.52232316389792,rolling_3g,52.15681483117363,52.15681483117363,-1.780071532804553,0.49365,0.50635,234.45252558798035,234.6702655599218,52.657414206461304,102.57267294641954,-102.57267294641952,-0.006350000000000022,0.006349999999999967,0.4958725,0.5041275,pass,True,"[0.475, 0.5)"
2024-09-29T19:35:00Z,2024-09-29T19:30:38Z,2024-09-29T19:25:38Z,2024-09-29T19:35:38Z,2536f23add2224ed79c070c55af28bbf,americanfootball_nfl,2024-09-29 20:05:00+00:00,San Francisco 49ers,New England Patriots,fanduel,FanDuel,2024-09-29T19:29:59Z,player_pass_yds,2024-09-29T19:30:27Z,Jacoby Brissett,159.5,-110.0,-110,2024-09-29,SF,NE,jacoby brissett,2024,4,Jacoby Brissett,NE,QB,168.0,3.0,0.0,0.0,168.0,True,False,-10.5,10.5,41.5,False,True,10.5,-10.5,False,True,False,15.5,122.66666666666669,122.66666666666669,-62.5,-62.5,25.540817005987368,25.540817005987368,0.0,0.0,122.66666666666669,-62.5,3.0,jacoby brissett,Jacoby Brissett,ARI,29.8,19.0,197.6,1.0,0.7,3.4,13.1,0.1,0.2,12.4,-29.599999999999994,-38.1,8.5,191.62515644419983,-23.62515644419986,32.12515644419986,True,25+,175-200,63.59685830662887,rolling_3g,50.0,25.540817005987368,-0.4725031288839966,0.7404,0.2596,192.06881712361337,192.29736026775632,50.207611481529504,-285.20801232665633,285.2080123266564,0.24039999999999995,-0.2404,0.65626,0.34374,pass,False,"[0.6, 1.0)"
2024-09-29T19:35:00Z,2024-09-29T19:30:38Z,2024-09-29T19:25:38Z,2024-09-29T19:35:38Z,2536f23add2224ed79c070c55af28bbf,americanfootball_nfl,2024-09-29 20:05:00+00:00,San Francisco 49ers,New England Patriots,fanduel,FanDuel,2024-09-29T19:29:59Z,player_pass_yds,2024-09-29T19:30:27Z,Brock Purdy,242.5,-110.0,-110,2024-09-29,SF,NE,brock purdy,2024,4,Brock Purdy,SF,QB,288.0,11.0,0.0,0.0,288.0,True,False,-10.5,10.5,41.5,True,False,-10.5,10.5,True,False,False,26.0,280.6666666666667,280.6666666666667,40.16666666666666,40.16666666666666,45.08140784551136,45.08140784551136,0.6666666666666666,0.6666666666666666,280.6666666666667,40.16666666666666,3.0,brock purdy,Brock Purdy,SF,31.6,21.5,243.0,1.7,0.8,3.0,11.9,0.1,0.2,17.0,45.0,-0.5,45.5,235.71692726409404,52.28307273590596,-6.783072735905961,True,-10:-5,225-250,83.52232316389792,rolling_3g,50.0,45.08140784551136,1.045661454718119,0.45005,0.54995,236.00954313749332,235.96793304860705,49.91393647332543,122.19753360737694,-122.19753360737698,-0.049949999999999994,0.04995000000000005,0.4675325,0.5324675,pass,False,"[0.45, 0.475)"
2024-09-29T19:55:00Z,2024-09-29T19:50:38Z,2024-09-29T19:45:38Z,2024-09-29T19:55:38Z,3f180e883b429700dd32ff2133ac37ef,americanfootball_nfl,2024-09-29 20:25:00+00:00,Las Vegas Raiders,Cleveland Browns,fanduel,FanDuel,2024-09-29T19:49:55Z,player_pass_yds,2024-09-29T19:49:45Z,Deshaun Watson,199.5,-110.0,-110,2024-09-29,LV,CLE,deshaun watson,2024,4,Deshaun Watson,CLE,QB,176.0,32.0,0.0,0.0,176.0,False,False,2.5,-2.5,36.5,False,True,-2.5,2.5,True,False,False,19.5,183.66666666666663,183.66666666666663,-25.5,-25.5,13.65039681962885,13.65039681962885,0.0,0.0,183.66666666666663,-25.5,3.0,deshaun watson,Deshaun Watson,CLE,31.8,19.1,202.4,1.1,0.8,5.6,25.7,0.2,0.2,15.2,-26.40000000000001,-2.9000000000000057,-23.5,196.2868414648054,-20.28684146480541,-3.2131585351945944,False,-5:0,175-200,63.59685830662887,rolling_3g,50.0,13.65039681962885,-0.4057368292961081,0.47435,0.52565,196.6654084259403,196.22806466785903,49.736563691373114,110.81479919890376,-110.81479919890374,-0.025650000000000006,0.02564999999999995,0.4833275,0.5166725,pass,True,"[0.45, 0.475)"
2024-09-29T19:55:00Z,2024-09-29T19:50:38Z,2024-09-29T19:45:38Z,2024-09-29T19:55:38Z,3f180e883b429700dd32ff2133ac37ef,americanfootball_nfl,2024-09-29 20:25:00+00:00,Las Vegas Raiders,Cleveland Browns,fanduel,FanDuel,2024-09-29T19:49:55Z,player_pass_yds,2024-09-29T19:49:45Z,Gardner Minshew,194.5,-110.0,-110,2024-09-29,LV,CLE,gardner minshew,2024,4,Gardner Minshew,LV,QB,130.0,-2.0,0.0,0.0,130.0,False,False,2.5,-2.5,36.5,True,False,2.5,-2.5,False,True,False,17.0,249.0,249.0,37.5,37.5,31.76476034853718,31.76476034853718,0.6666666666666666,0.6666666666666666,249.0,37.5,3.0,gardner minshew,Gardner Minshew II,ARI,32.2,20.1,218.5,1.1,0.8,2.5,8.5,0.1,0.2,13.2,-88.5,-24.0,-64.5,211.92290997141987,-81.92290997141987,17.42290997141987,False,15:25,200-225,69.4161154154068,rolling_3g,50.0,31.76476034853718,-1.638458199428397,0.64035,0.35965,212.02916035929366,212.4847581830787,50.14752388064809,-178.04810232170163,178.04810232170163,0.14034999999999997,-0.14034999999999997,0.5912275,0.4087725,pass,True,"[0.6, 1.0)"
2024-09-29T19:55:00Z,2024-09-29T19:50:38Z,2024-09-29T19:45:38Z,2024-09-29T19:55:38Z,b839e959b4e28cdd96341dbcf99d4a42,americanfootball_nfl,2024-09-29 20:25:00+00:00,Los Angeles Chargers,Kansas City Chiefs,fanduel,FanDuel,2024-09-29T19:49:55Z,player_pass_yds,2024-09-29T19:50:24Z,Patrick Mahomes,247.5,-110.0,-110,2024-09-29,LAC,KC,patrick mahomes,2024,4,Patrick Mahomes,KC,QB,245.0,12.0,0.0,0.0,245.0,False,False,7.5,-7.5,41.5,False,True,-7.5,7.5,True,False,False,24.5,184.0,184.0,-86.0,-86.0,46.66904755831214,46.66904755831214,0.0,0.0,184.0,-86.0,2.0,patrick mahomes,Patrick Mahomes II,KC,35.1,23.9,259.3,1.8,0.6,4.4,21.5,0.1,0.2,19.5,-14.300000000000011,-11.800000000000011,-2.5,251.5472326465671,-6.547232646567096,4.047232646567096,False,0:5,250-275,66.76327241271723,bucket_fallback,66.76327241271723,66.76327241271723,-0.0980663830570408,0.5283,0.4717,251.51720511865537,252.2149524257746,66.86745532746482,-111.99915200339198,111.99915200339198,0.028299999999999992,-0.028299999999999992,0.5183949999999999,0.481605,pass,True,"[0.525, 0.55)"
2024-09-29T19:55:00Z,2024-09-29T19:50:38Z,2024-09-29T19:45:38Z,2024-09-29T19:55:38Z,b839e959b4e28cdd96341dbcf99d4a42,americanfootball_nfl,2024-09-29 20:25:00+00:00,Los Angeles Chargers,Kansas City Chiefs,fanduel,FanDuel,2024-09-29T19:49:55Z,player_pass_yds,2024-09-29T19:50:24Z,Justin Herbert,181.5,-110.0,-110,2024-09-29,LAC,KC,justin herbert,2024,4,Justin Herbert,LAC,QB,179.0,0.0,0.0,0.0,179.0,False,False,7.5,-7.5,41.5,True,False,7.5,-7.5,False,True,False,17.0,133.0,133.0,-70.83333333333333,-70.83333333333333,9.848857801796104,9.848857801796104,0.0,0.0,133.0,-70.83333333333333,3.0,justin herbert,Justin Herbert,LAC,30.3,19.8,204.4,1.3,0.4,2.7,10.5,0.1,0.2,14.0,-25.40000000000001,-22.90000000000001,-2.5,198.22921022339108,-19.22921022339108,16.729210223391078,False,15:25,175-200,63.59685830662887,rolling_3g,50.0,9.848857801796104,-0.3845842044678215,0.62465,0.37535,197.94337728987693,197.7759771695033,50.30837525126707,-166.4180098574664,166.41800985746633,0.12465000000000004,-0.12464999999999998,0.5810225,0.4189775,pass,True,"[0.6, 1.0)"
2024-09-29T23:45:00Z,2024-09-29T23:40:38Z,2024-09-29T23:35:38Z,2024-09-29T23:45:38Z,ce925c8cb892e1806399345e7885828d,americanfootball_nfl,2024-09-30 00:15:00+00:00,Baltimore Ravens,Buffalo Bills,fanduel,FanDuel,2024-09-29T23:40:10Z,player_pass_yds,2024-09-29T23:40:15Z,Lamar Jackson,204.5,-110.0,-110,2024-09-29,BAL,BUF,lamar jackson,2024,4,Lamar Jackson,BAL,QB,156.0,54.0,0.0,0.0,156.0,False,False,-2.5,2.5,46.5,True,False,-2.5,2.5,True,False,False,24.5,214.5,214.5,1.5,1.5,45.96194077712559,45.96194077712559,0.5,0.5,214.5,1.5,2.0,lamar jackson,Lamar Jackson,BAL,30.5,19.9,219.6,1.4,0.7,9.4,57.8,0.3,0.2,21.0,-63.6,-15.099999999999994,-48.5,212.991212788642,-56.99121278864197,8.491212788641974,False,5:10,200-225,69.4161154154068,bucket_fallback,69.4161154154068,69.4161154154068,-0.8210083846897733,0.5469,0.4531,212.95736071522114,212.612724330049,69.61567754214164,-120.70183182520418,120.70183182520414,0.04690000000000005,-0.0469,0.530485,0.469515,pass,True,"[0.525, 0.55)"
2024-09-29T23:45:00Z,2024-09-29T23:40:38Z,2024-09-29T23:35:38Z,2024-09-29T23:45:38Z,ce925c8cb892e1806399345e7885828d,americanfootball_nfl,2024-09-30 00:15:00+00:00,Baltimore Ravens,Buffalo Bills,fanduel,FanDuel,2024-09-29T23:40:10Z,player_pass_yds,2024-09-29T23:40:15Z,Josh Allen,231.5,-110.0,-110,2024-09-29,BAL,BUF,josh allen,2024,4,Josh Allen,BUF,QB,180.0,21.0,0.0,0.0,180.0,False,False,-2.5,2.5,46.5,False,True,2.5,-2.5,False,True,False,22.0,211.3333333333333,211.3333333333333,-28.166666666666668,-28.166666666666668,64.53164598345012,64.53164598345012,0.3333333333333333,0.3333333333333333,211.3333333333333,-28.166666666666668,3.0,josh allen,Josh Allen,BUF,33.8,22.2,245.2,1.6,0.9,6.6,34.1,0.6,0.3,21.6,-65.19999999999999,-13.699999999999989,-51.5,237.85353289853825,-57.85353289853825,6.353532898538248,False,5:10,225-250,83.52232316389792,rolling_3g,64.53164598345012,64.53164598345012,-0.8965141368527226,0.542,0.458,238.24411320146382,238.2356551812611,64.52299068735353,-118.34061135371181,118.3406113537118,0.04200000000000004,-0.04199999999999998,0.5273,0.4727,pass,True,"[0.525, 0.55)"
2024-09-30T23:00:00Z,2024-09-30T22:55:38Z,2024-09-30T22:50:39Z,2024-09-30T23:00:38Z,a207d1faa78a276de49cdebb7ef4fc0e,americanfootball_nfl,2024-09-30 23:30:00+00:00,Miami Dolphins,Tennessee Titans,fanduel,FanDuel,2024-09-30T22:54:18Z,player_pass_yds,2024-09-30T22:54:53Z,Will Levis,194.5,-110.0,-110,2024-09-30,MIA,TEN,will levis,2024,4,Will Levis,TEN,QB,25.0,5.0,0.0,0.0,25.0,False,False,-2.5,2.5,37.0,False,True,2.5,-2.5,False,True,False,17.25,193.0,193.0,-13.833333333333334,-13.833333333333334,66.50563885867122,66.50563885867122,0.3333333333333333,0.3333333333333333,193.0,-13.833333333333334,3.0,will levis,Will Levis,TEN,31.8,20.6,214.6,1.1,0.8,5.6,17.5,0.1,0.3,14.0,-189.6,-20.099999999999994,-169.5,208.13529089217784,-183.13529089217784,13.635290892177863,False,10:15,200-225,69.4161154154068,rolling_3g,66.50563885867122,66.50563885867122,-2.7536806507693607,0.58375,0.41625,208.10674358808006,209.0547651363849,66.41300364015595,-140.24024024024024,140.24024024024024,0.08374999999999999,-0.08374999999999999,0.5544375,0.44556250000000003,over,True,"[0.55, 0.6)"
2024-09-30T23:00:00Z,2024-09-30T22:55:38Z,2024-09-30T22:50:39Z,2024-09-30T23:00:38Z,a207d1faa78a276de49cdebb7ef4fc0e,americanfootball_nfl,2024-09-30 23:30:00+00:00,Miami Dolphins,Tennessee Titans,fanduel,FanDuel,2024-09-30T22:54:18Z,player_pass_yds,2024-09-30T22:54:53Z,Tyler Huntley,170.5,-110.0,-110,2024-09-30,MIA,TEN,tyler huntley,2024,4,Tyler Huntley,MIA,QB,96.0,40.0,0.0,0.0,96.0,False,False,-2.5,2.5,37.0,True,False,-2.5,2.5,True,False,False,19.75,,,,,,,,,,,0.0,tyler huntley,Tyler Huntley,BAL,29.3,19.0,201.9,1.0,0.6,5.5,29.8,0.1,0.1,15.0,-105.9,-31.40000000000001,-74.5,195.801249275159,-99.801249275159,25.301249275158995,False,25+,175-200,63.59685830662887,bucket_fallback,63.59685830662887,63.59685830662887,-1.5692795514201752,0.65885,0.34115,195.99649665159242,196.357624389499,63.13954208617957,-193.12619082515027,193.1261908251502,0.15885000000000005,-0.15885,0.6032525000000001,0.39674750000000003,pass,True,"[0.6, 1.0)"
2024-09-30T23:45:00Z,2024-09-30T23:40:39Z,2024-09-30T23:35:39Z,2024-09-30T23:45:39Z,2b7f812133cedc184625d7bc8362564a,americanfootball_nfl,2024-10-01 00:15:00+00:00,Detroit Lions,Seattle Seahawks,fanduel,FanDuel,2024-09-30T23:39:40Z,player_pass_yds,2024-09-30T23:39:47Z,Geno Smith,252.5,-110.0,-110,2024-09-30,DET,SEA,geno smith,2024,4,Geno Smith,SEA,QB,395.0,38.0,0.0,0.0,395.0,True,False,-3.5,3.5,46.5,False,True,3.5,-3.5,False,True,False,21.5,262.3333333333333,262.3333333333333,30.83333333333333,30.83333333333333,81.34699338840578,81.34699338840578,0.6666666666666666,0.6666666666666666,262.3333333333333,30.83333333333333,3.0,geno smith,Geno Smith,NYJ,35.6,23.8,253.4,1.4,0.9,3.8,12.9,0.1,0.2,16.3,141.6,-0.9000000000000057,142.5,245.81724480873945,149.18275519126058,-6.682755191260583,True,-10:-5,225-250,83.52232316389792,rolling_3g,81.34699338840578,81.34699338840578,1.8339061958806613,0.46425,0.53575,245.4008859610431,245.2535841035267,81.97716859383948,115.40118470651588,-115.40118470651586,-0.035750000000000004,0.03574999999999995,0.4767625,0.5232375,pass,False,"[0.45, 0.475)"
2024-09-30T23:45:00Z,2024-09-30T23:40:39Z,2024-09-30T23:35:39Z,2024-09-30T23:45:39Z,2b7f812133cedc184625d7bc8362564a,americanfootball_nfl,2024-10-01 00:15:00+00:00,Detroit Lions,Seattle Seahawks,fanduel,FanDuel,2024-09-30T23:39:40Z,player_pass_yds,2024-09-30T23:39:47Z,Jared Goff,244.5,-110.0,-110,2024-09-30,DET,SEA,jared goff,2024,4,Jared Goff,DET,QB,292.0,-2.0,7.0,1.0,292.0,True,False,-3.5,3.5,46.5,True,False,-3.5,3.5,True,False,False,25.0,241.0,241.0,-25.5,-25.5,57.86190456595773,57.86190456595773,0.3333333333333333,0.3333333333333333,241.0,-25.5,3.0,jared goff,Jared Goff,DET,33.5,22.3,244.4,1.5,0.8,1.6,4.8,0.1,0.2,15.5,47.6,0.0999999999999943,47.5,237.076585395104,54.92341460489598,-7.423414604895981,True,-10:-5,225-250,83.52232316389792,rolling_3g,57.86190456595773,57.86190456595773,0.9492154642488118,0.44935,0.55065,236.9778333024867,236.74573874457207,57.49769520081725,122.54367419606096,-122.54367419606096,-0.05064999999999997,0.05064999999999997,0.46707750000000003,0.5329225,under,False,"[0.4, 0.45)"
