item_type,path,size_bytes,apparent_purpose,imported_by,mentioned_in_docs,category,rationale,regenerable,git_tracked,git_ignored
script,scripts/00_config/market_config.py,13697,Market configuration,scripts/03_modeling/backtest_market_model.py; scripts/03_modeling/build_market_projection_engine.py; scripts/03_modeling/build_receiving_yds_projection_engine.py; scripts/03_modeling/build_rush_yds_projection_engine.py,docs/player_props_model_notes_updated.md,KEEP_ACTIVE,Active market configuration.,,,
script,scripts/01_build/archive_odds_snapshot.py,7425,Historical/source data collection,,,UNKNOWN_REVIEW_MANUALLY,No safe deletion conclusion from static inventory.,,,
script,scripts/01_build/backfill_closing_props.py,11040,Historical/source data collection,,,KEEP_ACTIVE,Current historical prop acquisition utility.,,,
script,scripts/01_build/backfill_fanduel_pass_yds_history.py,36836,Historical/source data collection,,docs/player_props_model_notes_updated.md,UNKNOWN_REVIEW_MANUALLY,No safe deletion conclusion from static inventory.,,,
script,scripts/01_build/backfill_fanduel_rec_yds_history.py,37607,Historical/source data collection,,,UNKNOWN_REVIEW_MANUALLY,No safe deletion conclusion from static inventory.,,,
script,scripts/01_build/backfill_fanduel_receptions_history.py,37598,Historical/source data collection,,docs/player_props_model_notes_updated.md,UNKNOWN_REVIEW_MANUALLY,No safe deletion conclusion from static inventory.,,,
script,scripts/01_build/build_game_context_from_nflverse.py,6761,Dataset preparation,,,KEEP_ACTIVE,Historical game-context preparation utility.,,,
script,scripts/01_build/build_pass_yds_dataset.py,4542,Dataset preparation,,,UNKNOWN_REVIEW_MANUALLY,No safe deletion conclusion from static inventory.,,,
script,scripts/01_build/build_pass_yds_dataset_fp.py,2574,Dataset preparation,,,UNKNOWN_REVIEW_MANUALLY,No safe deletion conclusion from static inventory.,,,
script,scripts/01_build/fp_api_test.py,1280,Build-layer utility,,,UNKNOWN_REVIEW_MANUALLY,No safe deletion conclusion from static inventory.,,,
script,scripts/01_build/ingest_fantasypros_projections.py,4861,Source data ingestion,,,UNKNOWN_REVIEW_MANUALLY,No safe deletion conclusion from static inventory.,,,
script,scripts/01_build/ingest_fantasypros_qb_web.py,7294,Source data ingestion,,,UNKNOWN_REVIEW_MANUALLY,No safe deletion conclusion from static inventory.,,,
script,scripts/01_build/ingest_fantasypros_receiving_web.py,8308,Source data ingestion,,,UNKNOWN_REVIEW_MANUALLY,No safe deletion conclusion from static inventory.,,,
script,scripts/01_build/ingest_fantasypros_weekly_projections_api.py,10844,Source data ingestion,,docs/player_props_model_notes_updated.md,KEEP_ACTIVE,Configured FantasyPros projection ingest.,,,
script,scripts/01_build/ingest_ffa_projections.py,3208,Source data ingestion,,,UNKNOWN_REVIEW_MANUALLY,No safe deletion conclusion from static inventory.,,,
script,scripts/01_build/ingest_pff.py,6862,Source data ingestion,,,KEEP_ACTIVE,Actual-stat ingestion utility.,,,
script,scripts/01_build/merge_game_context.py,12941,Dataset preparation,,,KEEP_ACTIVE,Historical props context preparation utility.,,,
script,scripts/01_build/merge_props_with_actuals.py,10124,Dataset preparation,,,KEEP_ACTIVE,Historical props actuals preparation utility.,,,
script,scripts/02_features/build_pass_yds_rolling_features.py,4641,Feature construction,,,UNKNOWN_REVIEW_MANUALLY,No safe deletion conclusion from static inventory.,,,
script,scripts/02_features/build_projection_ensemble.py,7176,Feature construction,,,UNKNOWN_REVIEW_MANUALLY,No safe deletion conclusion from static inventory.,,,
script,scripts/03_modeling/backtest_market_model.py,10130,Model backtest/simulation,,docs/player_props_model_notes_updated.md,KEEP_ACTIVE,Active generalized backtest workflow.,,,
script,scripts/03_modeling/backtest_receiving_yds_model.py,5261,Model backtest/simulation,,docs/player_props_model_notes_updated.md,KEEP_REFERENCE,Receiving-yards backtest parity reference.,,,
script,scripts/03_modeling/backtest_rush_yds_model.py,5839,Model backtest/simulation,,docs/player_props_model_notes_updated.md,KEEP_REFERENCE,Rushing-yards backtest parity reference.,,,
script,scripts/03_modeling/build_fp_debiased_projection.py,3705,Projection/model construction,,,UNKNOWN_REVIEW_MANUALLY,No safe deletion conclusion from static inventory.,,,
script,scripts/03_modeling/build_market_projection_engine.py,8891,Projection/model construction,,docs/player_props_model_notes_updated.md,KEEP_ACTIVE,Active generalized projection workflow.,,,
script,scripts/03_modeling/build_pass_yds_baseline.py,6770,Projection/model construction,,,UNKNOWN_REVIEW_MANUALLY,No safe deletion conclusion from static inventory.,,,
script,scripts/03_modeling/build_pass_yds_residual_model.py,9572,Projection/model construction,,,UNKNOWN_REVIEW_MANUALLY,No safe deletion conclusion from static inventory.,,,
script,scripts/03_modeling/build_pass_yds_sigma_model.py,3538,Projection/model construction,,,UNKNOWN_REVIEW_MANUALLY,No safe deletion conclusion from static inventory.,,,
script,scripts/03_modeling/build_projection_ensemble_engine.py,6209,Projection/model construction,scripts/03_modeling/build_market_projection_engine.py,docs/player_props_model_notes_updated.md,KEEP_REFERENCE,Passing-yards parity reference and imported implementation.,,,
script,scripts/03_modeling/build_receiving_yds_projection_engine.py,26954,Projection/model construction,scripts/03_modeling/build_market_projection_engine.py,docs/player_props_model_notes_updated.md; docs/receiving_yards_workflow.md,KEEP_REFERENCE,Receiving-yards parity reference and imported implementation.,,,
script,scripts/03_modeling/build_receptions_projection_engine.py,19087,Projection/model construction,scripts/03_modeling/build_market_projection_engine.py,docs/player_props_model_notes_updated.md; docs/receptions_workflow.md,KEEP_REFERENCE,Receptions parity reference and imported implementation.,,,
script,scripts/03_modeling/build_rush_yds_projection_engine.py,25682,Projection/model construction,scripts/03_modeling/build_market_projection_engine.py,docs/player_props_model_notes_updated.md,KEEP_REFERENCE,Rushing-yards parity reference and imported implementation.,,,
script,scripts/03_modeling/simulate_pass_yds.py,5485,Model backtest/simulation,scripts/03_modeling/backtest_market_model.py,docs/player_props_model_notes_updated.md,KEEP_REFERENCE,Passing-yards backtest parity reference and imported implementation.,,,
script,scripts/03_modeling/simulate_pass_yds_probs.py,5855,Model backtest/simulation,,,UNKNOWN_REVIEW_MANUALLY,No safe deletion conclusion from static inventory.,,,
script,scripts/04_analysis/analyze_fp_pass_yds_calibration.py,5953,Read-only analysis/diagnostic,,,KEEP_DIAGNOSTIC,Analysis output is reproducible; keep script while investigation remains active.,,,
script,scripts/04_analysis/analyze_market.py,56533,Read-only analysis/diagnostic,,docs/player_props_model_notes_updated.md,KEEP_DIAGNOSTIC,Analysis output is reproducible; keep script while investigation remains active.,,,
script,scripts/04_analysis/analyze_market_results.py,6413,Read-only analysis/diagnostic,,,KEEP_DIAGNOSTIC,Analysis output is reproducible; keep script while investigation remains active.,,,
script,scripts/04_analysis/analyze_pass_yards_context.py,6188,Read-only analysis/diagnostic,,,KEEP_DIAGNOSTIC,Analysis output is reproducible; keep script while investigation remains active.,,,
script,scripts/04_analysis/audit_actuals_sources.py,10166,Read-only analysis/diagnostic,,,KEEP_DIAGNOSTIC,Analysis output is reproducible; keep script while investigation remains active.,,,
script,scripts/04_analysis/audit_projection_sources.py,10481,Read-only analysis/diagnostic,,,KEEP_DIAGNOSTIC,Analysis output is reproducible; keep script while investigation remains active.,,,
script,scripts/04_analysis/diagnose_receiving_yds_interactions.py,13680,Read-only analysis/diagnostic,,,KEEP_DIAGNOSTIC,Analysis output is reproducible; keep script while investigation remains active.,,,
script,scripts/04_analysis/diagnose_receiving_yds_model.py,13487,Read-only analysis/diagnostic,,,KEEP_DIAGNOSTIC,Analysis output is reproducible; keep script while investigation remains active.,,,
script,scripts/04_analysis/eda_filtered.py,4085,Read-only analysis/diagnostic,,,KEEP_DIAGNOSTIC,Analysis output is reproducible; keep script while investigation remains active.,,,
script,scripts/04_analysis/eda_pff.py,10952,Read-only analysis/diagnostic,,,KEEP_DIAGNOSTIC,Analysis output is reproducible; keep script while investigation remains active.,,,
script,scripts/04_analysis/eda_plots.py,5613,Read-only analysis/diagnostic,,,KEEP_DIAGNOSTIC,Analysis output is reproducible; keep script while investigation remains active.,,,
script,scripts/04_analysis/inventory_player_props_cleanup.py,12799,Read-only analysis/diagnostic,,,KEEP_DIAGNOSTIC,Analysis output is reproducible; keep script while investigation remains active.,,,
script,scripts/04_analysis/test_receiving_yds_filters.py,9035,Read-only analysis/diagnostic,,,KEEP_DIAGNOSTIC,Analysis output is reproducible; keep script while investigation remains active.,,,
script,scripts/04_analysis/validate_receiving_yds_filters_by_season.py,12511,Read-only analysis/diagnostic,,,KEEP_DIAGNOSTIC,Analysis output is reproducible; keep script while investigation remains active.,,,
script,scripts/04_analysis/validate_receiving_yds_filters_chrono_split.py,14183,Read-only analysis/diagnostic,,,KEEP_DIAGNOSTIC,Analysis output is reproducible; keep script while investigation remains active.,,,
script,scripts/archive/calibrate_pass_yds_distribution.py,11283,Archived experiment/test utility,,,ARCHIVE_CANDIDATE,Already archived; retain only if past experiment provenance matters.,,,
script,scripts/archive/pass_yds_ev_thresholds.py,2867,Archived experiment/test utility,,,ARCHIVE_CANDIDATE,Already archived; retain only if past experiment provenance matters.,,,
script,scripts/archive/pass_yds_projection_error_penalty.py,3608,Archived experiment/test utility,,,ARCHIVE_CANDIDATE,Already archived; retain only if past experiment provenance matters.,,,
script,scripts/archive/probe_historical_pass_yds_cost.py,1101,Archived experiment/test utility,,,ARCHIVE_CANDIDATE,Already archived; retain only if past experiment provenance matters.,,,
script,scripts/archive/test_fantasypoints_request.py,453,Archived experiment/test utility,,,ARCHIVE_CANDIDATE,Already archived; retain only if past experiment provenance matters.,,,
script,scripts/archive/test_fantasypros_api.py,159,Archived experiment/test utility,,,ARCHIVE_CANDIDATE,Already archived; retain only if past experiment provenance matters.,,,
script,scripts/archive/test_fantasypros_request.py,539,Archived experiment/test utility,,,ARCHIVE_CANDIDATE,Already archived; retain only if past experiment provenance matters.,,,
script,scripts/archive/test_historical_h2h.py,2935,Archived experiment/test utility,,,ARCHIVE_CANDIDATE,Already archived; retain only if past experiment provenance matters.,,,
script,scripts/archive/test_historical_props.py,1689,Archived experiment/test utility,,,ARCHIVE_CANDIDATE,Already archived; retain only if past experiment provenance matters.,,,
script,scripts/archive/test_odds_api_usage.py,564,Archived experiment/test utility,,,ARCHIVE_CANDIDATE,Already archived; retain only if past experiment provenance matters.,,,
script,scripts/cleanup_project_dirs.py,2916,Project utility,,,ARCHIVE_CANDIDATE,One-time project layout utility.,,,
script,scripts/utils/name_utils.py,1366,Project utility,scripts/01_build/build_pass_yds_dataset.py; scripts/01_build/build_pass_yds_dataset_fp.py; scripts/01_build/ingest_fantasypros_projections.py; scripts/01_build/ingest_fantasypros_qb_web.py; scripts/01_build/ingest_fantasypros_receiving_web.py; scripts/01_build/ingest_ffa_projections.py,,UNKNOWN_REVIEW_MANUALLY,No safe deletion conclusion from static inventory.,,,
data_file,data/analysis/actuals_source_audit.csv,5390,Generated/output/cache data,,,UNKNOWN_REVIEW_MANUALLY,Processed/generated artifact; confirm dependency before cleanup.,true,true,false
data_file,data/analysis/backtests/override_min_line_60.csv,104632,Generated/output/cache data,,,ARCHIVE_CANDIDATE,One-off override experiment output.,true,true,false
data_file,data/analysis/backtests/parity_general_backtest/reception_yds_backtest_by_edge_bucket.csv,606,Generated/output/cache data,,,ARCHIVE_CANDIDATE,Validation/experiment evidence; retain outside working outputs if provenance is needed.,true,true,false
data_file,data/analysis/backtests/parity_general_backtest/reception_yds_backtest_by_ev_bucket.csv,287,Generated/output/cache data,,,ARCHIVE_CANDIDATE,Validation/experiment evidence; retain outside working outputs if provenance is needed.,true,true,false
data_file,data/analysis/backtests/parity_general_backtest/reception_yds_backtest_by_side.csv,186,Generated/output/cache data,,,ARCHIVE_CANDIDATE,Validation/experiment evidence; retain outside working outputs if provenance is needed.,true,true,false
data_file,data/analysis/backtests/parity_general_backtest/reception_yds_backtest_rows.csv,318307,Generated/output/cache data,,,ARCHIVE_CANDIDATE,Validation/experiment evidence; retain outside working outputs if provenance is needed.,true,true,false
data_file,data/analysis/backtests/parity_general_backtest/reception_yds_backtest_summary.csv,179,Generated/output/cache data,,,ARCHIVE_CANDIDATE,Validation/experiment evidence; retain outside working outputs if provenance is needed.,true,true,false
data_file,data/analysis/backtests/parity_general_pass_backtest/pass_yds_sim_results.csv,172047,Generated/output/cache data,,,ARCHIVE_CANDIDATE,Validation/experiment evidence; retain outside working outputs if provenance is needed.,true,true,false
data_file,data/analysis/backtests/parity_general_pass_yds_projection.csv,1071,Generated/output/cache data,,,ARCHIVE_CANDIDATE,Validation/experiment evidence; retain outside working outputs if provenance is needed.,true,true,false
data_file,data/analysis/backtests/parity_general_reception_yds_explicit.csv,792027,Generated/output/cache data,,,ARCHIVE_CANDIDATE,Validation/experiment evidence; retain outside working outputs if provenance is needed.,true,true,false
data_file,data/analysis/backtests/parity_general_reception_yds_model_bets.csv,792027,Generated/output/cache data,,,ARCHIVE_CANDIDATE,Generated model-candidate output; retain only selected validation evidence.,true,false,false
data_file,data/analysis/backtests/parity_general_receptions_model_bets.csv,36542675,Generated/output/cache data,,,ARCHIVE_CANDIDATE,Generated model-candidate output; retain only selected validation evidence.,true,false,false
data_file,data/analysis/backtests/parity_general_rush_backtest/rush_yds_backtest_by_edge_bucket.csv,388,Generated/output/cache data,,,ARCHIVE_CANDIDATE,Validation/experiment evidence; retain outside working outputs if provenance is needed.,true,true,false
data_file,data/analysis/backtests/parity_general_rush_backtest/rush_yds_backtest_by_ev_bucket.csv,280,Generated/output/cache data,,,ARCHIVE_CANDIDATE,Validation/experiment evidence; retain outside working outputs if provenance is needed.,true,true,false
data_file,data/analysis/backtests/parity_general_rush_backtest/rush_yds_backtest_by_side.csv,100,Generated/output/cache data,,,ARCHIVE_CANDIDATE,Validation/experiment evidence; retain outside working outputs if provenance is needed.,true,true,false
data_file,data/analysis/backtests/parity_general_rush_backtest/rush_yds_backtest_rows.csv,7917,Generated/output/cache data,,,ARCHIVE_CANDIDATE,Validation/experiment evidence; retain outside working outputs if provenance is needed.,true,true,false
data_file,data/analysis/backtests/parity_general_rush_backtest/rush_yds_backtest_summary.csv,147,Generated/output/cache data,,,ARCHIVE_CANDIDATE,Validation/experiment evidence; retain outside working outputs if provenance is needed.,true,true,false
data_file,data/analysis/backtests/parity_general_rush_override.csv,259707,Generated/output/cache data,,,ARCHIVE_CANDIDATE,Validation/experiment evidence; retain outside working outputs if provenance is needed.,true,true,false
data_file,data/analysis/backtests/parity_receiving_after_rush_backtest/reception_yds_backtest_by_edge_bucket.csv,606,Generated/output/cache data,,,ARCHIVE_CANDIDATE,Validation/experiment evidence; retain outside working outputs if provenance is needed.,true,true,false
data_file,data/analysis/backtests/parity_receiving_after_rush_backtest/reception_yds_backtest_by_ev_bucket.csv,287,Generated/output/cache data,,,ARCHIVE_CANDIDATE,Validation/experiment evidence; retain outside working outputs if provenance is needed.,true,true,false
data_file,data/analysis/backtests/parity_receiving_after_rush_backtest/reception_yds_backtest_by_side.csv,186,Generated/output/cache data,,,ARCHIVE_CANDIDATE,Validation/experiment evidence; retain outside working outputs if provenance is needed.,true,true,false
data_file,data/analysis/backtests/parity_receiving_after_rush_backtest/reception_yds_backtest_rows.csv,318307,Generated/output/cache data,,,ARCHIVE_CANDIDATE,Validation/experiment evidence; retain outside working outputs if provenance is needed.,true,true,false
data_file,data/analysis/backtests/parity_receiving_after_rush_backtest/reception_yds_backtest_summary.csv,179,Generated/output/cache data,,,ARCHIVE_CANDIDATE,Validation/experiment evidence; retain outside working outputs if provenance is needed.,true,true,false
data_file,data/analysis/backtests/parity_receiving_after_rush_general.csv,792027,Generated/output/cache data,,,ARCHIVE_CANDIDATE,Validation/experiment evidence; retain outside working outputs if provenance is needed.,true,true,false
data_file,data/analysis/backtests/parity_receiving_after_rush_reference.csv,792027,Generated/output/cache data,,,ARCHIVE_CANDIDATE,Validation/experiment evidence; retain outside working outputs if provenance is needed.,true,true,false
data_file,data/analysis/backtests/parity_receptions_projections.csv,2037033,Generated/output/cache data,,,ARCHIVE_CANDIDATE,Validation/experiment evidence; retain outside working outputs if provenance is needed.,true,true,false
data_file,data/analysis/backtests/parity_reference_backtest/reception_yds_backtest_by_edge_bucket.csv,606,Generated/output/cache data,,,ARCHIVE_CANDIDATE,Validation/experiment evidence; retain outside working outputs if provenance is needed.,true,true,false
data_file,data/analysis/backtests/parity_reference_backtest/reception_yds_backtest_by_ev_bucket.csv,287,Generated/output/cache data,,,ARCHIVE_CANDIDATE,Validation/experiment evidence; retain outside working outputs if provenance is needed.,true,true,false
data_file,data/analysis/backtests/parity_reference_backtest/reception_yds_backtest_by_side.csv,186,Generated/output/cache data,,,ARCHIVE_CANDIDATE,Validation/experiment evidence; retain outside working outputs if provenance is needed.,true,true,false
data_file,data/analysis/backtests/parity_reference_backtest/reception_yds_backtest_rows.csv,318307,Generated/output/cache data,,,ARCHIVE_CANDIDATE,Validation/experiment evidence; retain outside working outputs if provenance is needed.,true,true,false
data_file,data/analysis/backtests/parity_reference_backtest/reception_yds_backtest_summary.csv,179,Generated/output/cache data,,,ARCHIVE_CANDIDATE,Validation/experiment evidence; retain outside working outputs if provenance is needed.,true,true,false
data_file,data/analysis/backtests/parity_reference_pass_backtest/pass_yds_sim_results.csv,172047,Generated/output/cache data,,,ARCHIVE_CANDIDATE,Validation/experiment evidence; retain outside working outputs if provenance is needed.,true,true,false
data_file,data/analysis/backtests/parity_reference_pass_yds_projection.csv,1071,Generated/output/cache data,,,ARCHIVE_CANDIDATE,Validation/experiment evidence; retain outside working outputs if provenance is needed.,true,true,false
data_file,data/analysis/backtests/parity_reference_reception_yds_config_defaults.csv,806412,Generated/output/cache data,,,ARCHIVE_CANDIDATE,Validation/experiment evidence; retain outside working outputs if provenance is needed.,true,true,false
data_file,data/analysis/backtests/parity_reference_reception_yds_explicit.csv,792027,Generated/output/cache data,,,ARCHIVE_CANDIDATE,Validation/experiment evidence; retain outside working outputs if provenance is needed.,true,true,false
data_file,data/analysis/backtests/parity_reference_reception_yds_model_bets.csv,792027,Generated/output/cache data,,,ARCHIVE_CANDIDATE,Generated model-candidate output; retain only selected validation evidence.,true,false,false
data_file,data/analysis/backtests/parity_reference_receptions_model_bets.csv,36542675,Generated/output/cache data,,,ARCHIVE_CANDIDATE,Generated model-candidate output; retain only selected validation evidence.,true,false,false
data_file,data/analysis/backtests/parity_reference_rush_backtest/rush_yds_backtest_by_edge_bucket.csv,388,Generated/output/cache data,,,ARCHIVE_CANDIDATE,Validation/experiment evidence; retain outside working outputs if provenance is needed.,true,true,false
data_file,data/analysis/backtests/parity_reference_rush_backtest/rush_yds_backtest_by_ev_bucket.csv,280,Generated/output/cache data,,,ARCHIVE_CANDIDATE,Validation/experiment evidence; retain outside working outputs if provenance is needed.,true,true,false
data_file,data/analysis/backtests/parity_reference_rush_backtest/rush_yds_backtest_by_side.csv,100,Generated/output/cache data,,,ARCHIVE_CANDIDATE,Validation/experiment evidence; retain outside working outputs if provenance is needed.,true,true,false
data_file,data/analysis/backtests/parity_reference_rush_backtest/rush_yds_backtest_rows.csv,7917,Generated/output/cache data,,,ARCHIVE_CANDIDATE,Validation/experiment evidence; retain outside working outputs if provenance is needed.,true,true,false
data_file,data/analysis/backtests/parity_reference_rush_backtest/rush_yds_backtest_summary.csv,147,Generated/output/cache data,,,ARCHIVE_CANDIDATE,Validation/experiment evidence; retain outside working outputs if provenance is needed.,true,true,false
data_file,data/analysis/backtests/parity_reference_rush_override.csv,259707,Generated/output/cache data,,,ARCHIVE_CANDIDATE,Validation/experiment evidence; retain outside working outputs if provenance is needed.,true,true,false
data_file,data/analysis/backtests/parity_reference_rush_yds_model_bets.csv,314614,Generated/output/cache data,,,ARCHIVE_CANDIDATE,Generated model-candidate output; retain only selected validation evidence.,true,false,false
data_file,data/analysis/backtests/receiving_config_filter_general_backtest/reception_yds_backtest_by_edge_bucket.csv,595,Generated/output/cache data,,,ARCHIVE_CANDIDATE,Validation/experiment evidence; retain outside working outputs if provenance is needed.,true,true,false
data_file,data/analysis/backtests/receiving_config_filter_general_backtest/reception_yds_backtest_by_ev_bucket.csv,289,Generated/output/cache data,,,ARCHIVE_CANDIDATE,Validation/experiment evidence; retain outside working outputs if provenance is needed.,true,true,false
data_file,data/analysis/backtests/receiving_config_filter_general_backtest/reception_yds_backtest_by_side.csv,187,Generated/output/cache data,,,ARCHIVE_CANDIDATE,Validation/experiment evidence; retain outside working outputs if provenance is needed.,true,true,false
data_file,data/analysis/backtests/receiving_config_filter_general_backtest/reception_yds_backtest_rows.csv,274431,Generated/output/cache data,,,ARCHIVE_CANDIDATE,Validation/experiment evidence; retain outside working outputs if provenance is needed.,true,true,false
data_file,data/analysis/backtests/receiving_config_filter_general_backtest/reception_yds_backtest_summary.csv,179,Generated/output/cache data,,,ARCHIVE_CANDIDATE,Validation/experiment evidence; retain outside working outputs if provenance is needed.,true,true,false
data_file,data/analysis/backtests/receiving_config_filter_general_projection.csv,702901,Generated/output/cache data,,,ARCHIVE_CANDIDATE,Validation/experiment evidence; retain outside working outputs if provenance is needed.,true,false,false
data_file,data/analysis/backtests/receiving_config_filter_reference_projection.csv,702901,Generated/output/cache data,,,ARCHIVE_CANDIDATE,Validation/experiment evidence; retain outside working outputs if provenance is needed.,true,false,false
data_file,data/analysis/backtests/receiving_production_experiment_before/reception_yds_backtest_rows.csv,318307,Generated/output/cache data,,,ARCHIVE_CANDIDATE,Validation/experiment evidence; retain outside working outputs if provenance is needed.,true,true,false
data_file,data/analysis/backtests/receiving_production_experiment_before/reception_yds_backtest_summary.csv,179,Generated/output/cache data,,,ARCHIVE_CANDIDATE,Validation/experiment evidence; retain outside working outputs if provenance is needed.,true,true,false
data_file,data/analysis/backtests/receiving_production_experiment_before/test_reception_yds_model_bets_api.csv,792027,Generated/output/cache data,,,ARCHIVE_CANDIDATE,Validation/experiment evidence; retain outside working outputs if provenance is needed.,true,true,false
data_file,data/analysis/backtests/receiving_production_experiment_general_backtest/reception_yds_backtest_by_edge_bucket.csv,595,Generated/output/cache data,,,ARCHIVE_CANDIDATE,Validation/experiment evidence; retain outside working outputs if provenance is needed.,true,true,false
data_file,data/analysis/backtests/receiving_production_experiment_general_backtest/reception_yds_backtest_by_ev_bucket.csv,289,Generated/output/cache data,,,ARCHIVE_CANDIDATE,Validation/experiment evidence; retain outside working outputs if provenance is needed.,true,true,false
data_file,data/analysis/backtests/receiving_production_experiment_general_backtest/reception_yds_backtest_by_side.csv,187,Generated/output/cache data,,,ARCHIVE_CANDIDATE,Validation/experiment evidence; retain outside working outputs if provenance is needed.,true,true,false
data_file,data/analysis/backtests/receiving_production_experiment_general_backtest/reception_yds_backtest_rows.csv,274431,Generated/output/cache data,,,ARCHIVE_CANDIDATE,Validation/experiment evidence; retain outside working outputs if provenance is needed.,true,true,false
data_file,data/analysis/backtests/receiving_production_experiment_general_backtest/reception_yds_backtest_summary.csv,179,Generated/output/cache data,,,ARCHIVE_CANDIDATE,Validation/experiment evidence; retain outside working outputs if provenance is needed.,true,true,false
data_file,data/analysis/backtests/receiving_production_experiment_general_projection.csv,702901,Generated/output/cache data,,,ARCHIVE_CANDIDATE,Validation/experiment evidence; retain outside working outputs if provenance is needed.,true,false,false
data_file,data/analysis/backtests/receiving_production_experiment_reference_backtest/reception_yds_backtest_by_edge_bucket.csv,595,Generated/output/cache data,,,ARCHIVE_CANDIDATE,Validation/experiment evidence; retain outside working outputs if provenance is needed.,true,true,false
data_file,data/analysis/backtests/receiving_production_experiment_reference_backtest/reception_yds_backtest_by_ev_bucket.csv,289,Generated/output/cache data,,,ARCHIVE_CANDIDATE,Validation/experiment evidence; retain outside working outputs if provenance is needed.,true,true,false
data_file,data/analysis/backtests/receiving_production_experiment_reference_backtest/reception_yds_backtest_by_side.csv,187,Generated/output/cache data,,,ARCHIVE_CANDIDATE,Validation/experiment evidence; retain outside working outputs if provenance is needed.,true,true,false
data_file,data/analysis/backtests/receiving_production_experiment_reference_backtest/reception_yds_backtest_rows.csv,274431,Generated/output/cache data,,,ARCHIVE_CANDIDATE,Validation/experiment evidence; retain outside working outputs if provenance is needed.,true,true,false
data_file,data/analysis/backtests/receiving_production_experiment_reference_backtest/reception_yds_backtest_summary.csv,179,Generated/output/cache data,,,ARCHIVE_CANDIDATE,Validation/experiment evidence; retain outside working outputs if provenance is needed.,true,true,false
data_file,data/analysis/backtests/receiving_production_experiment_reference_projection.csv,702901,Generated/output/cache data,,,ARCHIVE_CANDIDATE,Validation/experiment evidence; retain outside working outputs if provenance is needed.,true,false,false
data_file,data/analysis/backtests/reception_yds_backtest_by_edge_bucket.csv,595,Generated/output/cache data,,,KEEP_ACTIVE,Current backtest output location; retain latest validated summaries/rows.,true,true,false
data_file,data/analysis/backtests/reception_yds_backtest_by_ev_bucket.csv,289,Generated/output/cache data,,,KEEP_ACTIVE,Current backtest output location; retain latest validated summaries/rows.,true,true,false
data_file,data/analysis/backtests/reception_yds_backtest_by_side.csv,187,Generated/output/cache data,,,KEEP_ACTIVE,Current backtest output location; retain latest validated summaries/rows.,true,true,false
data_file,data/analysis/backtests/reception_yds_backtest_rows.csv,274431,Generated/output/cache data,,,KEEP_ACTIVE,Current backtest output location; retain latest validated summaries/rows.,true,true,false
data_file,data/analysis/backtests/reception_yds_backtest_summary.csv,179,Generated/output/cache data,,,KEEP_ACTIVE,Current backtest output location; retain latest validated summaries/rows.,true,true,false
data_file,data/analysis/backtests/receptions_backtest_by_edge_bucket.csv,486,Generated/output/cache data,,,DELETE_CANDIDATE,Receptions generalized backtest was intentionally blocked as invalid without stable join keys.,true,true,false
data_file,data/analysis/backtests/receptions_backtest_by_ev_bucket.csv,286,Generated/output/cache data,,,DELETE_CANDIDATE,Receptions generalized backtest was intentionally blocked as invalid without stable join keys.,true,true,false
data_file,data/analysis/backtests/receptions_backtest_by_side.csv,177,Generated/output/cache data,,,DELETE_CANDIDATE,Receptions generalized backtest was intentionally blocked as invalid without stable join keys.,true,true,false
data_file,data/analysis/backtests/receptions_backtest_rows.csv,92992420,Generated/output/cache data,,,DELETE_CANDIDATE,Receptions generalized backtest was intentionally blocked as invalid without stable join keys.,true,false,false
data_file,data/analysis/backtests/receptions_backtest_summary.csv,185,Generated/output/cache data,,,DELETE_CANDIDATE,Receptions generalized backtest was intentionally blocked as invalid without stable join keys.,true,true,false
data_file,data/analysis/backtests/rush_yds_backtest_by_edge_bucket.csv,388,Generated/output/cache data,,,KEEP_ACTIVE,Current backtest output location; retain latest validated summaries/rows.,true,true,false
data_file,data/analysis/backtests/rush_yds_backtest_by_ev_bucket.csv,280,Generated/output/cache data,,,KEEP_ACTIVE,Current backtest output location; retain latest validated summaries/rows.,true,true,false
data_file,data/analysis/backtests/rush_yds_backtest_by_side.csv,100,Generated/output/cache data,,,KEEP_ACTIVE,Current backtest output location; retain latest validated summaries/rows.,true,true,false
data_file,data/analysis/backtests/rush_yds_backtest_rows.csv,7917,Generated/output/cache data,,,KEEP_ACTIVE,Current backtest output location; retain latest validated summaries/rows.,true,true,false
data_file,data/analysis/backtests/rush_yds_backtest_summary.csv,147,Generated/output/cache data,,,KEEP_ACTIVE,Current backtest output location; retain latest validated summaries/rows.,true,true,false
data_file,data/analysis/backtests/validation_after_pass_migration/reception_yds_backtest_by_edge_bucket.csv,606,Generated/output/cache data,,,ARCHIVE_CANDIDATE,Validation/experiment evidence; retain outside working outputs if provenance is needed.,true,true,false
data_file,data/analysis/backtests/validation_after_pass_migration/reception_yds_backtest_by_ev_bucket.csv,287,Generated/output/cache data,,,ARCHIVE_CANDIDATE,Validation/experiment evidence; retain outside working outputs if provenance is needed.,true,true,false
data_file,data/analysis/backtests/validation_after_pass_migration/reception_yds_backtest_by_side.csv,186,Generated/output/cache data,,,ARCHIVE_CANDIDATE,Validation/experiment evidence; retain outside working outputs if provenance is needed.,true,true,false
data_file,data/analysis/backtests/validation_after_pass_migration/reception_yds_backtest_rows.csv,318307,Generated/output/cache data,,,ARCHIVE_CANDIDATE,Validation/experiment evidence; retain outside working outputs if provenance is needed.,true,true,false
data_file,data/analysis/backtests/validation_after_pass_migration/reception_yds_backtest_summary.csv,179,Generated/output/cache data,,,ARCHIVE_CANDIDATE,Validation/experiment evidence; retain outside working outputs if provenance is needed.,true,true,false
data_file,data/analysis/backtests/validation_after_pass_migration/rush_yds_backtest_by_edge_bucket.csv,388,Generated/output/cache data,,,ARCHIVE_CANDIDATE,Validation/experiment evidence; retain outside working outputs if provenance is needed.,true,true,false
data_file,data/analysis/backtests/validation_after_pass_migration/rush_yds_backtest_by_ev_bucket.csv,280,Generated/output/cache data,,,ARCHIVE_CANDIDATE,Validation/experiment evidence; retain outside working outputs if provenance is needed.,true,true,false
data_file,data/analysis/backtests/validation_after_pass_migration/rush_yds_backtest_by_side.csv,100,Generated/output/cache data,,,ARCHIVE_CANDIDATE,Validation/experiment evidence; retain outside working outputs if provenance is needed.,true,true,false
data_file,data/analysis/backtests/validation_after_pass_migration/rush_yds_backtest_rows.csv,7917,Generated/output/cache data,,,ARCHIVE_CANDIDATE,Validation/experiment evidence; retain outside working outputs if provenance is needed.,true,true,false
data_file,data/analysis/backtests/validation_after_pass_migration/rush_yds_backtest_summary.csv,147,Generated/output/cache data,,,ARCHIVE_CANDIDATE,Validation/experiment evidence; retain outside working outputs if provenance is needed.,true,true,false
data_file,data/analysis/backtests/validation_after_receptions_block/reception_yds_backtest_by_edge_bucket.csv,606,Generated/output/cache data,,,ARCHIVE_CANDIDATE,Validation/experiment evidence; retain outside working outputs if provenance is needed.,true,true,false
data_file,data/analysis/backtests/validation_after_receptions_block/reception_yds_backtest_by_ev_bucket.csv,287,Generated/output/cache data,,,ARCHIVE_CANDIDATE,Validation/experiment evidence; retain outside working outputs if provenance is needed.,true,true,false
data_file,data/analysis/backtests/validation_after_receptions_block/reception_yds_backtest_by_side.csv,186,Generated/output/cache data,,,ARCHIVE_CANDIDATE,Validation/experiment evidence; retain outside working outputs if provenance is needed.,true,true,false
data_file,data/analysis/backtests/validation_after_receptions_block/reception_yds_backtest_rows.csv,318307,Generated/output/cache data,,,ARCHIVE_CANDIDATE,Validation/experiment evidence; retain outside working outputs if provenance is needed.,true,true,false
data_file,data/analysis/backtests/validation_after_receptions_block/reception_yds_backtest_summary.csv,179,Generated/output/cache data,,,ARCHIVE_CANDIDATE,Validation/experiment evidence; retain outside working outputs if provenance is needed.,true,true,false
data_file,data/analysis/backtests/validation_after_receptions_block/rush_yds_backtest_by_edge_bucket.csv,388,Generated/output/cache data,,,ARCHIVE_CANDIDATE,Validation/experiment evidence; retain outside working outputs if provenance is needed.,true,true,false
data_file,data/analysis/backtests/validation_after_receptions_block/rush_yds_backtest_by_ev_bucket.csv,280,Generated/output/cache data,,,ARCHIVE_CANDIDATE,Validation/experiment evidence; retain outside working outputs if provenance is needed.,true,true,false
data_file,data/analysis/backtests/validation_after_receptions_block/rush_yds_backtest_by_side.csv,100,Generated/output/cache data,,,ARCHIVE_CANDIDATE,Validation/experiment evidence; retain outside working outputs if provenance is needed.,true,true,false
data_file,data/analysis/backtests/validation_after_receptions_block/rush_yds_backtest_rows.csv,7917,Generated/output/cache data,,,ARCHIVE_CANDIDATE,Validation/experiment evidence; retain outside working outputs if provenance is needed.,true,true,false
data_file,data/analysis/backtests/validation_after_receptions_block/rush_yds_backtest_summary.csv,147,Generated/output/cache data,,,ARCHIVE_CANDIDATE,Validation/experiment evidence; retain outside working outputs if provenance is needed.,true,true,false
data_file,data/analysis/diagnostics/player_props_cleanup_inventory.csv,201148,Generated/output/cache data,,,KEEP_DIAGNOSTIC,Analysis evidence; archive later when conclusions are documented.,true,false,false
data_file,data/analysis/diagnostics/projection_source_inventory.csv,4049,Generated/output/cache data,,,KEEP_DIAGNOSTIC,Analysis evidence; archive later when conclusions are documented.,true,true,false
data_file,data/analysis/diagnostics/receiving_yds_best_interactions_min30.csv,39170,Generated/output/cache data,,,KEEP_DIAGNOSTIC,Analysis evidence; archive later when conclusions are documented.,true,true,false
data_file,data/analysis/diagnostics/receiving_yds_by_edge_bucket.csv,2172,Generated/output/cache data,,,KEEP_DIAGNOSTIC,Analysis evidence; archive later when conclusions are documented.,true,true,false
data_file,data/analysis/diagnostics/receiving_yds_by_ev_bucket.csv,1076,Generated/output/cache data,,,KEEP_DIAGNOSTIC,Analysis evidence; archive later when conclusions are documented.,true,true,false
data_file,data/analysis/diagnostics/receiving_yds_by_fav_status.csv,1090,Generated/output/cache data,,,KEEP_DIAGNOSTIC,Analysis evidence; archive later when conclusions are documented.,true,true,false
data_file,data/analysis/diagnostics/receiving_yds_by_line_bucket.csv,2474,Generated/output/cache data,,,KEEP_DIAGNOSTIC,Analysis evidence; archive later when conclusions are documented.,true,true,false
data_file,data/analysis/diagnostics/receiving_yds_by_line_size_bucket.csv,1730,Generated/output/cache data,,,KEEP_DIAGNOSTIC,Analysis evidence; archive later when conclusions are documented.,true,true,false
data_file,data/analysis/diagnostics/receiving_yds_by_position.csv,1437,Generated/output/cache data,,,KEEP_DIAGNOSTIC,Analysis evidence; archive later when conclusions are documented.,true,true,false
data_file,data/analysis/diagnostics/receiving_yds_by_side.csv,1012,Generated/output/cache data,,,KEEP_DIAGNOSTIC,Analysis evidence; archive later when conclusions are documented.,true,true,false
data_file,data/analysis/diagnostics/receiving_yds_by_spread_bucket.csv,2525,Generated/output/cache data,,,KEEP_DIAGNOSTIC,Analysis evidence; archive later when conclusions are documented.,true,true,false
data_file,data/analysis/diagnostics/receiving_yds_by_total_bucket.csv,1475,Generated/output/cache data,,,KEEP_DIAGNOSTIC,Analysis evidence; archive later when conclusions are documented.,true,true,false
data_file,data/analysis/diagnostics/receiving_yds_diagnostic_summary.csv,691,Generated/output/cache data,,,KEEP_DIAGNOSTIC,Analysis evidence; archive later when conclusions are documented.,true,true,false
data_file,data/analysis/diagnostics/receiving_yds_filter_chrono_split.csv,9837,Generated/output/cache data,,,KEEP_DIAGNOSTIC,Analysis evidence; archive later when conclusions are documented.,true,true,false
data_file,data/analysis/diagnostics/receiving_yds_filter_chrono_summary.csv,725,Generated/output/cache data,,,KEEP_DIAGNOSTIC,Analysis evidence; archive later when conclusions are documented.,true,true,false
data_file,data/analysis/diagnostics/receiving_yds_filter_experiments.csv,2602,Generated/output/cache data,,,KEEP_DIAGNOSTIC,Analysis evidence; archive later when conclusions are documented.,true,true,false
data_file,data/analysis/diagnostics/receiving_yds_filter_validation_by_season.csv,4931,Generated/output/cache data,,,KEEP_DIAGNOSTIC,Analysis evidence; archive later when conclusions are documented.,true,true,false
data_file,data/analysis/diagnostics/receiving_yds_filter_validation_summary.csv,2057,Generated/output/cache data,,,KEEP_DIAGNOSTIC,Analysis evidence; archive later when conclusions are documented.,true,true,false
data_file,data/analysis/diagnostics/receiving_yds_high_confidence_interactions_min50.csv,20917,Generated/output/cache data,,,KEEP_DIAGNOSTIC,Analysis evidence; archive later when conclusions are documented.,true,true,false
data_file,data/analysis/diagnostics/receiving_yds_interaction_diagnostics.csv,68254,Generated/output/cache data,,,KEEP_DIAGNOSTIC,Analysis evidence; archive later when conclusions are documented.,true,true,false
data_file,data/analysis/diagnostics/receiving_yds_interactions.csv,19668,Generated/output/cache data,,,KEEP_DIAGNOSTIC,Analysis evidence; archive later when conclusions are documented.,true,true,false
data_file,data/analysis/diagnostics/receiving_yds_worst_interactions_min30.csv,39170,Generated/output/cache data,,,KEEP_DIAGNOSTIC,Analysis evidence; archive later when conclusions are documented.,true,true,false
data_file,data/analysis/ffa_pass_yds_calibration_summary.csv,667,Generated/output/cache data,,,UNKNOWN_REVIEW_MANUALLY,Processed/generated artifact; confirm dependency before cleanup.,true,true,false
data_file,data/analysis/fp_pass_yds_calibration_summary.csv,1720,Generated/output/cache data,,,UNKNOWN_REVIEW_MANUALLY,Processed/generated artifact; confirm dependency before cleanup.,true,true,false
data_file,data/analysis/pass_yds_distribution_calibration.csv,550,Generated/output/cache data,,,UNKNOWN_REVIEW_MANUALLY,Processed/generated artifact; confirm dependency before cleanup.,true,true,false
data_file,data/analysis/pass_yds_distribution_fit_summary.csv,709,Generated/output/cache data,,,UNKNOWN_REVIEW_MANUALLY,Processed/generated artifact; confirm dependency before cleanup.,true,true,false
data_file,data/analysis/pass_yds_distribution_probability_bins.csv,1763,Generated/output/cache data,,,UNKNOWN_REVIEW_MANUALLY,Processed/generated artifact; confirm dependency before cleanup.,true,true,false
data_file,data/analysis/pass_yds_ev_thresholds.csv,42215,Generated/output/cache data,,,UNKNOWN_REVIEW_MANUALLY,Processed/generated artifact; confirm dependency before cleanup.,true,true,false
data_file,data/analysis/pass_yds_juice_buckets.csv,174,Generated/output/cache data,,,UNKNOWN_REVIEW_MANUALLY,Processed/generated artifact; confirm dependency before cleanup.,true,true,false
data_file,data/analysis/pass_yds_line_buckets.csv,443,Generated/output/cache data,,,UNKNOWN_REVIEW_MANUALLY,Processed/generated artifact; confirm dependency before cleanup.,true,true,false
data_file,data/analysis/pass_yds_market_analysis_rows.csv,724817,Generated/output/cache data,,,UNKNOWN_REVIEW_MANUALLY,Processed/generated artifact; confirm dependency before cleanup.,true,true,false
data_file,data/analysis/pass_yds_market_summary.csv,497,Generated/output/cache data,,,UNKNOWN_REVIEW_MANUALLY,Processed/generated artifact; confirm dependency before cleanup.,true,true,false
data_file,data/analysis/pass_yds_projection_error_penalty.csv,209198,Generated/output/cache data,,,UNKNOWN_REVIEW_MANUALLY,Processed/generated artifact; confirm dependency before cleanup.,true,true,false
data_file,data/analysis/pass_yds_residuals.csv,187,Generated/output/cache data,,,UNKNOWN_REVIEW_MANUALLY,Processed/generated artifact; confirm dependency before cleanup.,true,true,false
data_file,data/analysis/pass_yds_residuals_clean.csv,190,Generated/output/cache data,,,UNKNOWN_REVIEW_MANUALLY,Processed/generated artifact; confirm dependency before cleanup.,true,true,false
data_file,data/analysis/pass_yds_roi_by_juice_bucket.csv,259,Generated/output/cache data,,,UNKNOWN_REVIEW_MANUALLY,Processed/generated artifact; confirm dependency before cleanup.,true,true,false
data_file,data/analysis/pass_yds_roi_by_line_bucket.csv,686,Generated/output/cache data,,,UNKNOWN_REVIEW_MANUALLY,Processed/generated artifact; confirm dependency before cleanup.,true,true,false
data_file,data/analysis/plots/pass_yds_actual_minus_line_boxplot.png,11676,Generated/output/cache data,,,ARCHIVE_CANDIDATE,Generated visualization output.,true,false,false
data_file,data/analysis/plots/pass_yds_actual_minus_line_hist.png,14969,Generated/output/cache data,,,ARCHIVE_CANDIDATE,Generated visualization output.,true,false,false
data_file,data/analysis/plots/pass_yds_line_vs_actual_scatter.png,106178,Generated/output/cache data,,,ARCHIVE_CANDIDATE,Generated visualization output.,true,false,false
data_file,data/analysis/plots/pass_yds_projection_delta_to_p_over.png,27535,Generated/output/cache data,,,ARCHIVE_CANDIDATE,Generated visualization output.,true,false,false
data_file,data/analysis/plots/pass_yds_residual_distribution_fit.png,31217,Generated/output/cache data,,,ARCHIVE_CANDIDATE,Generated visualization output.,true,false,false
data_file,data/analysis/plots/pass_yds_residual_qq_normal.png,31407,Generated/output/cache data,,,ARCHIVE_CANDIDATE,Generated visualization output.,true,false,false
data_file,data/analysis/plots/reception_yds_actual_minus_line_boxplot.png,12693,Generated/output/cache data,,,ARCHIVE_CANDIDATE,Generated visualization output.,true,false,false
data_file,data/analysis/plots/reception_yds_actual_minus_line_hist.png,16271,Generated/output/cache data,,,ARCHIVE_CANDIDATE,Generated visualization output.,true,false,false
data_file,data/analysis/plots/reception_yds_line_vs_actual_scatter.png,103636,Generated/output/cache data,,,ARCHIVE_CANDIDATE,Generated visualization output.,true,false,false
data_file,data/analysis/plots/receptions_actual_minus_line_boxplot.png,11345,Generated/output/cache data,,,ARCHIVE_CANDIDATE,Generated visualization output.,true,false,false
data_file,data/analysis/plots/receptions_actual_minus_line_hist.png,17678,Generated/output/cache data,,,ARCHIVE_CANDIDATE,Generated visualization output.,true,false,false
data_file,data/analysis/plots/receptions_line_vs_actual_scatter.png,27426,Generated/output/cache data,,,ARCHIVE_CANDIDATE,Generated visualization output.,true,false,false
data_file,data/analysis/plots/rush_yds_actual_minus_line_boxplot.png,11895,Generated/output/cache data,,,ARCHIVE_CANDIDATE,Generated visualization output.,true,false,false
data_file,data/analysis/plots/rush_yds_actual_minus_line_hist.png,15640,Generated/output/cache data,,,ARCHIVE_CANDIDATE,Generated visualization output.,true,false,false
data_file,data/analysis/plots/rush_yds_line_vs_actual_scatter.png,80768,Generated/output/cache data,,,ARCHIVE_CANDIDATE,Generated visualization output.,true,false,false
data_file,data/analysis/projection_ensemble_thresholds.csv,1663,Generated/output/cache data,,,UNKNOWN_REVIEW_MANUALLY,Processed/generated artifact; confirm dependency before cleanup.,true,true,false
data_file,data/analysis/reception_yds_juice_buckets.csv,352,Generated/output/cache data,,,UNKNOWN_REVIEW_MANUALLY,Processed/generated artifact; confirm dependency before cleanup.,true,true,false
data_file,data/analysis/reception_yds_line_buckets.csv,666,Generated/output/cache data,,,UNKNOWN_REVIEW_MANUALLY,Processed/generated artifact; confirm dependency before cleanup.,true,true,false
data_file,data/analysis/reception_yds_market_analysis_rows.csv,1518437,Generated/output/cache data,,,UNKNOWN_REVIEW_MANUALLY,Processed/generated artifact; confirm dependency before cleanup.,true,true,false
data_file,data/analysis/reception_yds_market_summary.csv,494,Generated/output/cache data,,,UNKNOWN_REVIEW_MANUALLY,Processed/generated artifact; confirm dependency before cleanup.,true,true,false
data_file,data/analysis/reception_yds_model_bets.csv,712071,Generated/output/cache data,,,ARCHIVE_CANDIDATE,Generated model-candidate output; retain only selected validation evidence.,true,false,false
data_file,data/analysis/reception_yds_residuals.csv,184,Generated/output/cache data,,,UNKNOWN_REVIEW_MANUALLY,Processed/generated artifact; confirm dependency before cleanup.,true,true,false
data_file,data/analysis/reception_yds_residuals_clean.csv,185,Generated/output/cache data,,,UNKNOWN_REVIEW_MANUALLY,Processed/generated artifact; confirm dependency before cleanup.,true,true,false
data_file,data/analysis/reception_yds_roi_by_juice_bucket.csv,529,Generated/output/cache data,,,UNKNOWN_REVIEW_MANUALLY,Processed/generated artifact; confirm dependency before cleanup.,true,true,false
data_file,data/analysis/reception_yds_roi_by_line_bucket.csv,1076,Generated/output/cache data,,,UNKNOWN_REVIEW_MANUALLY,Processed/generated artifact; confirm dependency before cleanup.,true,true,false
data_file,data/analysis/reception_yds_roi_by_position.csv,596,Generated/output/cache data,,,UNKNOWN_REVIEW_MANUALLY,Processed/generated artifact; confirm dependency before cleanup.,true,true,false
data_file,data/analysis/reception_yds_roi_by_position_favorite_status.csv,1079,Generated/output/cache data,,,UNKNOWN_REVIEW_MANUALLY,Processed/generated artifact; confirm dependency before cleanup.,true,true,false
data_file,data/analysis/reception_yds_roi_by_position_favorite_total_bucket.csv,3059,Generated/output/cache data,,,UNKNOWN_REVIEW_MANUALLY,Processed/generated artifact; confirm dependency before cleanup.,true,true,false
data_file,data/analysis/reception_yds_roi_by_position_line_bucket.csv,2355,Generated/output/cache data,,,UNKNOWN_REVIEW_MANUALLY,Processed/generated artifact; confirm dependency before cleanup.,true,true,false
data_file,data/analysis/reception_yds_roi_by_position_line_bucket_favorite_status.csv,4334,Generated/output/cache data,,,UNKNOWN_REVIEW_MANUALLY,Processed/generated artifact; confirm dependency before cleanup.,true,true,false
data_file,data/analysis/reception_yds_roi_by_position_line_bucket_favorite_total_bucket.csv,12792,Generated/output/cache data,,,UNKNOWN_REVIEW_MANUALLY,Processed/generated artifact; confirm dependency before cleanup.,true,true,false
data_file,data/analysis/reception_yds_roi_by_position_spread_bucket.csv,2844,Generated/output/cache data,,,UNKNOWN_REVIEW_MANUALLY,Processed/generated artifact; confirm dependency before cleanup.,true,true,false
data_file,data/analysis/reception_yds_roi_by_position_total_bucket.csv,1754,Generated/output/cache data,,,UNKNOWN_REVIEW_MANUALLY,Processed/generated artifact; confirm dependency before cleanup.,true,true,false
data_file,data/analysis/reception_yds_roi_wr_underdog_high_total_by_juice.csv,957,Generated/output/cache data,,,UNKNOWN_REVIEW_MANUALLY,Processed/generated artifact; confirm dependency before cleanup.,true,true,false
data_file,data/analysis/receptions_juice_buckets.csv,558,Generated/output/cache data,,,UNKNOWN_REVIEW_MANUALLY,Processed/generated artifact; confirm dependency before cleanup.,true,true,false
data_file,data/analysis/receptions_line_buckets.csv,545,Generated/output/cache data,,,UNKNOWN_REVIEW_MANUALLY,Processed/generated artifact; confirm dependency before cleanup.,true,true,false
data_file,data/analysis/receptions_market_analysis_rows.csv,3919542,Generated/output/cache data,,,UNKNOWN_REVIEW_MANUALLY,Processed/generated artifact; confirm dependency before cleanup.,true,true,false
data_file,data/analysis/receptions_market_summary.csv,439,Generated/output/cache data,,,UNKNOWN_REVIEW_MANUALLY,Processed/generated artifact; confirm dependency before cleanup.,true,true,false
data_file,data/analysis/receptions_model_bets.csv,36542675,Generated/output/cache data,,,ARCHIVE_CANDIDATE,Generated model-candidate output; retain only selected validation evidence.,true,false,false
data_file,data/analysis/receptions_residuals.csv,166,Generated/output/cache data,,,UNKNOWN_REVIEW_MANUALLY,Processed/generated artifact; confirm dependency before cleanup.,true,true,false
data_file,data/analysis/receptions_residuals_clean.csv,182,Generated/output/cache data,,,UNKNOWN_REVIEW_MANUALLY,Processed/generated artifact; confirm dependency before cleanup.,true,true,false
data_file,data/analysis/receptions_roi_by_juice_bucket.csv,827,Generated/output/cache data,,,UNKNOWN_REVIEW_MANUALLY,Processed/generated artifact; confirm dependency before cleanup.,true,true,false
data_file,data/analysis/receptions_roi_by_line_bucket.csv,918,Generated/output/cache data,,,UNKNOWN_REVIEW_MANUALLY,Processed/generated artifact; confirm dependency before cleanup.,true,true,false
data_file,data/analysis/receptions_roi_by_position.csv,646,Generated/output/cache data,,,UNKNOWN_REVIEW_MANUALLY,Processed/generated artifact; confirm dependency before cleanup.,true,true,false
data_file,data/analysis/receptions_roi_by_position_favorite_status.csv,1149,Generated/output/cache data,,,UNKNOWN_REVIEW_MANUALLY,Processed/generated artifact; confirm dependency before cleanup.,true,true,false
data_file,data/analysis/receptions_roi_by_position_favorite_total_bucket.csv,3059,Generated/output/cache data,,,UNKNOWN_REVIEW_MANUALLY,Processed/generated artifact; confirm dependency before cleanup.,true,true,false
data_file,data/analysis/receptions_roi_by_position_line_bucket.csv,2619,Generated/output/cache data,,,UNKNOWN_REVIEW_MANUALLY,Processed/generated artifact; confirm dependency before cleanup.,true,true,false
data_file,data/analysis/receptions_roi_by_position_line_bucket_favorite_status.csv,4334,Generated/output/cache data,,,UNKNOWN_REVIEW_MANUALLY,Processed/generated artifact; confirm dependency before cleanup.,true,true,false
data_file,data/analysis/receptions_roi_by_position_line_bucket_favorite_total_bucket.csv,12792,Generated/output/cache data,,,UNKNOWN_REVIEW_MANUALLY,Processed/generated artifact; confirm dependency before cleanup.,true,true,false
data_file,data/analysis/receptions_roi_by_position_spread_bucket.csv,2844,Generated/output/cache data,,,UNKNOWN_REVIEW_MANUALLY,Processed/generated artifact; confirm dependency before cleanup.,true,true,false
data_file,data/analysis/receptions_roi_by_position_total_bucket.csv,1754,Generated/output/cache data,,,UNKNOWN_REVIEW_MANUALLY,Processed/generated artifact; confirm dependency before cleanup.,true,true,false
data_file,data/analysis/receptions_roi_wr_underdog_high_total_by_juice.csv,957,Generated/output/cache data,,,UNKNOWN_REVIEW_MANUALLY,Processed/generated artifact; confirm dependency before cleanup.,true,true,false
data_file,data/analysis/rush_yds_juice_buckets.csv,341,Generated/output/cache data,,,UNKNOWN_REVIEW_MANUALLY,Processed/generated artifact; confirm dependency before cleanup.,true,true,false
data_file,data/analysis/rush_yds_line_buckets.csv,503,Generated/output/cache data,,,UNKNOWN_REVIEW_MANUALLY,Processed/generated artifact; confirm dependency before cleanup.,true,true,false
data_file,data/analysis/rush_yds_market_analysis_rows.csv,706969,Generated/output/cache data,,,UNKNOWN_REVIEW_MANUALLY,Processed/generated artifact; confirm dependency before cleanup.,true,true,false
data_file,data/analysis/rush_yds_market_summary.csv,495,Generated/output/cache data,,,UNKNOWN_REVIEW_MANUALLY,Processed/generated artifact; confirm dependency before cleanup.,true,true,false
data_file,data/analysis/rush_yds_model_bets.csv,314614,Generated/output/cache data,,,ARCHIVE_CANDIDATE,Generated model-candidate output; retain only selected validation evidence.,true,false,false
data_file,data/analysis/rush_yds_residuals.csv,200,Generated/output/cache data,,,UNKNOWN_REVIEW_MANUALLY,Processed/generated artifact; confirm dependency before cleanup.,true,true,false
data_file,data/analysis/rush_yds_residuals_clean.csv,199,Generated/output/cache data,,,UNKNOWN_REVIEW_MANUALLY,Processed/generated artifact; confirm dependency before cleanup.,true,true,false
data_file,data/analysis/rush_yds_roi_by_juice_bucket.csv,478,Generated/output/cache data,,,UNKNOWN_REVIEW_MANUALLY,Processed/generated artifact; confirm dependency before cleanup.,true,true,false
data_file,data/analysis/rush_yds_roi_by_line_bucket.csv,769,Generated/output/cache data,,,UNKNOWN_REVIEW_MANUALLY,Processed/generated artifact; confirm dependency before cleanup.,true,true,false
data_file,data/analysis/rush_yds_roi_by_position.csv,566,Generated/output/cache data,,,UNKNOWN_REVIEW_MANUALLY,Processed/generated artifact; confirm dependency before cleanup.,true,true,false
data_file,data/analysis/rush_yds_roi_by_position_favorite_status.csv,1151,Generated/output/cache data,,,UNKNOWN_REVIEW_MANUALLY,Processed/generated artifact; confirm dependency before cleanup.,true,true,false
data_file,data/analysis/rush_yds_roi_by_position_favorite_total_bucket.csv,2852,Generated/output/cache data,,,UNKNOWN_REVIEW_MANUALLY,Processed/generated artifact; confirm dependency before cleanup.,true,true,false
data_file,data/analysis/rush_yds_roi_by_position_line_bucket.csv,1493,Generated/output/cache data,,,UNKNOWN_REVIEW_MANUALLY,Processed/generated artifact; confirm dependency before cleanup.,true,true,false
data_file,data/analysis/rush_yds_roi_by_position_line_bucket_favorite_status.csv,2908,Generated/output/cache data,,,UNKNOWN_REVIEW_MANUALLY,Processed/generated artifact; confirm dependency before cleanup.,true,true,false
data_file,data/analysis/rush_yds_roi_by_position_line_bucket_favorite_total_bucket.csv,7109,Generated/output/cache data,,,UNKNOWN_REVIEW_MANUALLY,Processed/generated artifact; confirm dependency before cleanup.,true,true,false
data_file,data/analysis/rush_yds_roi_by_position_spread_bucket.csv,2553,Generated/output/cache data,,,UNKNOWN_REVIEW_MANUALLY,Processed/generated artifact; confirm dependency before cleanup.,true,true,false
data_file,data/analysis/rush_yds_roi_by_position_total_bucket.csv,1530,Generated/output/cache data,,,UNKNOWN_REVIEW_MANUALLY,Processed/generated artifact; confirm dependency before cleanup.,true,true,false
data_file,data/analysis/rush_yds_roi_wr_underdog_high_total_by_juice.csv,284,Generated/output/cache data,,,UNKNOWN_REVIEW_MANUALLY,Processed/generated artifact; confirm dependency before cleanup.,true,true,false
data_file,data/analysis/test_reception_yds_model_bets.csv,674547,Generated/output/cache data,,,ARCHIVE_CANDIDATE,Generated model-candidate output; retain only selected validation evidence.,true,false,false
data_file,data/analysis/test_reception_yds_model_bets_api.csv,702901,Generated/output/cache data,,,UNKNOWN_REVIEW_MANUALLY,Processed/generated artifact; confirm dependency before cleanup.,true,true,false
data_file,data/analysis/week_pass_yds_ensemble_bets.csv,1071,Generated/output/cache data,,,UNKNOWN_REVIEW_MANUALLY,Processed/generated artifact; confirm dependency before cleanup.,true,true,false
data_file,data/analysis/{output_slug}_roi_by_position_favorite_total_bucket.csv,3059,Generated/output/cache data,,,UNKNOWN_REVIEW_MANUALLY,Processed/generated artifact; confirm dependency before cleanup.,true,true,false
data_file,data/analysis/{output_slug}_roi_by_position_line_bucket_favorite_status.csv,4334,Generated/output/cache data,,,UNKNOWN_REVIEW_MANUALLY,Processed/generated artifact; confirm dependency before cleanup.,true,true,false
data_file,data/analysis/{output_slug}_roi_by_position_line_bucket_favorite_total_bucket.csv,12792,Generated/output/cache data,,,UNKNOWN_REVIEW_MANUALLY,Processed/generated artifact; confirm dependency before cleanup.,true,true,false
data_file,data/analysis/{output_slug}_roi_by_position_spread_bucket.csv,2844,Generated/output/cache data,,,UNKNOWN_REVIEW_MANUALLY,Processed/generated artifact; confirm dependency before cleanup.,true,true,false
data_file,data/analysis/{output_slug}_roi_by_position_total_bucket.csv,1754,Generated/output/cache data,,,UNKNOWN_REVIEW_MANUALLY,Processed/generated artifact; confirm dependency before cleanup.,true,true,false
data_file,data/analysis/{output_slug}_roi_wr_underdog_high_total_by_juice.csv,957,Generated/output/cache data,,,UNKNOWN_REVIEW_MANUALLY,Processed/generated artifact; confirm dependency before cleanup.,true,true,false
data_file,data/processed/archive/fanduel_pass_yds_history_2023_2024_2025_v1.csv,454867,Generated/output/cache data,,,ARCHIVE_CANDIDATE,Generated intermediate/EDA output.,true,false,false
data_file,data/processed/archive/fanduel_pass_yds_history_2024_v1.csv,150114,Generated/output/cache data,,,ARCHIVE_CANDIDATE,Generated intermediate/EDA output.,true,false,false
data_file,data/processed/archive/fanduel_receptions_history_2023_2024_2025_v1.csv,2471370,Generated/output/cache data,,,ARCHIVE_CANDIDATE,Generated intermediate/EDA output.,true,false,false
data_file,data/processed/eda/archetype_summary.csv,6941,Generated/output/cache data,,,ARCHIVE_CANDIDATE,Generated intermediate/EDA output.,true,false,false
data_file,data/processed/eda/correlation_report.csv,558,Generated/output/cache data,,,ARCHIVE_CANDIDATE,Generated intermediate/EDA output.,true,false,false
data_file,data/processed/eda/duplicate_check.csv,49,Generated/output/cache data,,,ARCHIVE_CANDIDATE,Generated intermediate/EDA output.,true,false,false
data_file,data/processed/eda/missingness_report.csv,5822,Generated/output/cache data,,,ARCHIVE_CANDIDATE,Generated intermediate/EDA output.,true,false,false
data_file,data/processed/eda/player_volatility.csv,317872,Generated/output/cache data,,,ARCHIVE_CANDIDATE,Generated intermediate/EDA output.,true,false,false
data_file,data/processed/eda/stat_summary_by_position.csv,17089,Generated/output/cache data,,,ARCHIVE_CANDIDATE,Generated intermediate/EDA output.,true,false,false
data_file,data/processed/eda/stat_summary_overall.csv,2940,Generated/output/cache data,,,ARCHIVE_CANDIDATE,Generated intermediate/EDA output.,true,false,false
data_file,data/processed/eda_filtered/filtered_stat_summary.csv,3533,Generated/output/cache data,,,ARCHIVE_CANDIDATE,Generated intermediate/EDA output.,true,false,false
data_file,data/processed/eda_plots/boxplot_distribution_comparison.png,55037,Generated/output/cache data,,,ARCHIVE_CANDIDATE,Generated intermediate/EDA output.,true,false,false
data_file,data/processed/eda_plots/QB_pass_attempts_gte_20_passing_yards.png,71112,Generated/output/cache data,,,ARCHIVE_CANDIDATE,Generated intermediate/EDA output.,true,false,false
data_file,data/processed/eda_plots/QB_rush_attempts_gte_5_rushing_yards.png,71790,Generated/output/cache data,,,ARCHIVE_CANDIDATE,Generated intermediate/EDA output.,true,false,false
data_file,data/processed/eda_plots/RB_rush_attempts_gte_8_rushing_yards.png,69242,Generated/output/cache data,,,ARCHIVE_CANDIDATE,Generated intermediate/EDA output.,true,false,false
data_file,data/processed/eda_plots/WR_TE_routes_gte_15_receiving_yards.png,71883,Generated/output/cache data,,,ARCHIVE_CANDIDATE,Generated intermediate/EDA output.,true,false,false
data_file,data/processed/eda_plots/WR_TE_targets_gte_7_receiving_yards.png,69454,Generated/output/cache data,,,ARCHIVE_CANDIDATE,Generated intermediate/EDA output.,true,false,false
data_file,data/processed/fanduel_pass_yds_history.csv,454867,Generated/output/cache data,,,UNKNOWN_REVIEW_MANUALLY,Processed/generated artifact; confirm dependency before cleanup.,true,true,false
data_file,data/processed/fanduel_receptions_history.csv,2471370,Generated/output/cache data,,,UNKNOWN_REVIEW_MANUALLY,Processed/generated artifact; confirm dependency before cleanup.,true,true,false
data_file,data/processed/fantasypros_qb_weekly_projections.csv,531570,Generated/output/cache data,,,UNKNOWN_REVIEW_MANUALLY,Processed/generated artifact; confirm dependency before cleanup.,true,true,false
data_file,data/processed/fantasypros_receiving_weekly_projections.csv,2493613,Generated/output/cache data,,,ARCHIVE_CANDIDATE,Contains invalid hindsight-roster 2023 receiving projections; do not use for validation.,true,true,false
data_file,data/processed/fantasypros_weekly_projections_api.csv,2037026,Generated/output/cache data,,,KEEP_ACTIVE,Current configured input to active generalized workflow.,true,true,false
data_file,data/processed/ffa_weekly_projections.csv,6942856,Generated/output/cache data,,,UNKNOWN_REVIEW_MANUALLY,Processed/generated artifact; confirm dependency before cleanup.,true,true,false
data_file,data/processed/game_context.csv,19744,Generated/output/cache data,,,UNKNOWN_REVIEW_MANUALLY,Processed/generated artifact; confirm dependency before cleanup.,true,true,false
data_file,data/processed/game_context_2023.csv,6375,Generated/output/cache data,,,KEEP_DIAGNOSTIC,Current 2023 preparation pilot artifact.,true,true,false
data_file,data/processed/merged_props_with_actuals_2023.csv,288897,Generated/output/cache data,,,KEEP_DIAGNOSTIC,Current 2023 preparation pilot artifact.,true,true,false
data_file,data/processed/merged_props_with_context.csv,2795997,Generated/output/cache data,,,ARCHIVE_CANDIDATE,Duplicate generated processed artifact; active config uses the historical_props path.,true,true,false
data_file,data/processed/merged_props_with_context_2023.csv,330796,Generated/output/cache data,,,KEEP_DIAGNOSTIC,Current 2023 preparation pilot artifact.,true,true,false
data_file,data/processed/merged_props_with_rolling.csv,2936763,Generated/output/cache data,,,ARCHIVE_CANDIDATE,Duplicate generated processed artifact; active config uses the historical_props path.,true,true,false
data_file,data/processed/pass_yds_dataset.csv,283500,Generated/output/cache data,,,UNKNOWN_REVIEW_MANUALLY,Processed/generated artifact; confirm dependency before cleanup.,true,true,false
data_file,data/processed/pass_yds_dataset_fp.csv,291693,Generated/output/cache data,,,UNKNOWN_REVIEW_MANUALLY,Processed/generated artifact; confirm dependency before cleanup.,true,true,false
data_file,data/processed/pass_yds_dataset_fp_debiased.csv,288511,Generated/output/cache data,,,UNKNOWN_REVIEW_MANUALLY,Processed/generated artifact; confirm dependency before cleanup.,true,true,false
data_file,data/processed/pass_yds_dataset_sigma.csv,323659,Generated/output/cache data,,,UNKNOWN_REVIEW_MANUALLY,Processed/generated artifact; confirm dependency before cleanup.,true,true,false
data_file,data/processed/pass_yds_sim_probs.csv,403355,Generated/output/cache data,,,UNKNOWN_REVIEW_MANUALLY,Processed/generated artifact; confirm dependency before cleanup.,true,true,false
data_file,data/processed/pff/pff_passing_weekly.csv,643887,Generated/output/cache data,,,UNKNOWN_REVIEW_MANUALLY,Processed/generated artifact; confirm dependency before cleanup.,true,true,false
data_file,data/processed/pff/pff_player_weekly_master.csv,8368719,Generated/output/cache data,,,KEEP_ACTIVE,Current configured input to active generalized workflow.,true,true,false
data_file,data/processed/pff/pff_receiving_weekly.csv,4191732,Generated/output/cache data,,,UNKNOWN_REVIEW_MANUALLY,Processed/generated artifact; confirm dependency before cleanup.,true,true,false
data_file,data/processed/pff/pff_rushing_weekly.csv,2103120,Generated/output/cache data,,,UNKNOWN_REVIEW_MANUALLY,Processed/generated artifact; confirm dependency before cleanup.,true,true,false
data_file,data/processed/projections/2025/week_01/QB_ESPN_CBS.csv,6456,Generated/output/cache data,,,UNKNOWN_REVIEW_MANUALLY,Processed/generated artifact; confirm dependency before cleanup.,true,true,false
data_file,data/processed/projections/2025/week_01/QB_FantasyPros.csv,7697,Generated/output/cache data,,,UNKNOWN_REVIEW_MANUALLY,Processed/generated artifact; confirm dependency before cleanup.,true,true,false
data_file,data/processed/projections/2025/week_01/QB_NFL_FFToday.csv,2814,Generated/output/cache data,,,UNKNOWN_REVIEW_MANUALLY,Processed/generated artifact; confirm dependency before cleanup.,true,true,false
data_file,data/processed/projections/2025/week_01/qb_projection_ensemble.csv,29472,Generated/output/cache data,,,UNKNOWN_REVIEW_MANUALLY,Processed/generated artifact; confirm dependency before cleanup.,true,true,false
data_file,data/processed/projections/2025/week_01/qb_projection_sources_long.csv,15130,Generated/output/cache data,,,UNKNOWN_REVIEW_MANUALLY,Processed/generated artifact; confirm dependency before cleanup.,true,true,false
data_file,data/historical_props/bad_recent_team_matches.csv,3124,Generated/output/cache data,,,IGNORE_GIT_CANDIDATE,Historical input/output material already excluded from version control.,true,false,false
data_file,data/historical_props/game_context.csv,19744,Generated/output/cache data,,,IGNORE_GIT_CANDIDATE,Historical input/output material already excluded from version control.,true,false,false
data_file,data/historical_props/game_context_TEMPLATE.csv,6749,Generated/output/cache data,,,IGNORE_GIT_CANDIDATE,Historical input/output material already excluded from version control.,true,false,false
data_file,data/historical_props/historical_closing_props.csv,2262477,Generated/output/cache data,,,IGNORE_GIT_CANDIDATE,Historical input/output material already excluded from version control.,true,false,false
data_file,data/historical_props/historical_closing_props_backup_before_2023_full.csv,2262477,Generated/output/cache data,,,IGNORE_GIT_CANDIDATE,Historical input/output material already excluded from version control.,true,false,false
data_file,data/historical_props/market_results_summary.csv,547,Generated/output/cache data,,,IGNORE_GIT_CANDIDATE,Historical input/output material already excluded from version control.,true,false,false
data_file,data/historical_props/merged_props_actuals.csv,2444419,Generated/output/cache data,,,IGNORE_GIT_CANDIDATE,Historical input/output material already excluded from version control.,true,false,false
data_file,data/historical_props/merged_props_with_context.csv,2795997,Generated/output/cache data,,,IGNORE_GIT_CANDIDATE,Historical input/output material already excluded from version control.,true,false,false
data_file,data/historical_props/merged_props_with_rolling.csv,2936763,Generated/output/cache data,,,IGNORE_GIT_CANDIDATE,Historical input/output material already excluded from version control.,true,false,false
data_file,data/historical_props/pass_yds_baseline_model_meta.json,887,Generated/output/cache data,,,IGNORE_GIT_CANDIDATE,Historical input/output material already excluded from version control.,true,false,false
data_file,data/historical_props/pass_yds_baseline_predictions.csv,73750,Generated/output/cache data,,,IGNORE_GIT_CANDIDATE,Historical input/output material already excluded from version control.,true,false,false
data_file,data/historical_props/pass_yds_sim_results.csv,172047,Generated/output/cache data,,,IGNORE_GIT_CANDIDATE,Historical input/output material already excluded from version control.,true,false,false
data_file,data/historical_props/raw/2023-09-07_20230907T235000Z_42db668449664943833b5c04a583328a.json,5458,Generated/output/cache data,,,IGNORE_GIT_CANDIDATE,Raw/cache source artifact; large and reproducible from source requests where available.,false,false,false
data_file,data/historical_props/raw/2023-09-07_20230910T163000Z_1278f44be0d97920fd149f7cdfc9574d.json,4346,Generated/output/cache data,,,IGNORE_GIT_CANDIDATE,Raw/cache source artifact; large and reproducible from source requests where available.,false,false,false
data_file,data/historical_props/raw/2023-09-07_20230910T163000Z_175d9f07fc52d99b21bc772b1499c3d8.json,4350,Generated/output/cache data,,,IGNORE_GIT_CANDIDATE,Raw/cache source artifact; large and reproducible from source requests where available.,false,false,false
data_file,data/historical_props/raw/2023-09-07_20230910T163000Z_33368d4979d3475b77f5e9eb49648203.json,4343,Generated/output/cache data,,,IGNORE_GIT_CANDIDATE,Raw/cache source artifact; large and reproducible from source requests where available.,false,false,false
data_file,data/historical_props/raw/2023-09-07_20230910T163000Z_35294c242bcfdb30c9f58dc6f68da6b2.json,4336,Generated/output/cache data,,,IGNORE_GIT_CANDIDATE,Raw/cache source artifact; large and reproducible from source requests where available.,false,false,false
data_file,data/historical_props/raw/2023-09-07_20230910T163000Z_6c2d3077c50eece8e6a37742d1ac5756.json,4368,Generated/output/cache data,,,IGNORE_GIT_CANDIDATE,Raw/cache source artifact; large and reproducible from source requests where available.,false,false,false
data_file,data/historical_props/raw/2023-09-07_20230910T163000Z_741437df0e5c0350c32ce707161bd423.json,4380,Generated/output/cache data,,,IGNORE_GIT_CANDIDATE,Raw/cache source artifact; large and reproducible from source requests where available.,false,false,false
data_file,data/historical_props/raw/2023-09-07_20230910T163000Z_b3763a6d678b9787e27cec3272252e24.json,3991,Generated/output/cache data,,,IGNORE_GIT_CANDIDATE,Raw/cache source artifact; large and reproducible from source requests where available.,false,false,false
data_file,data/historical_props/raw/2023-09-07_20230910T163000Z_bbe791f371726d950a509d928f4c65cd.json,4007,Generated/output/cache data,,,IGNORE_GIT_CANDIDATE,Raw/cache source artifact; large and reproducible from source requests where available.,false,false,false
data_file,data/historical_props/raw/2023-09-07_20230910T195500Z_0a368c64b212ecbad4ec46f6ff6c1af2.json,4381,Generated/output/cache data,,,IGNORE_GIT_CANDIDATE,Raw/cache source artifact; large and reproducible from source requests where available.,false,false,false
data_file,data/historical_props/raw/2023-09-07_20230910T195500Z_4d18f524fdaa6d8d7f81f9803a43d5f0.json,3272,Generated/output/cache data,,,IGNORE_GIT_CANDIDATE,Raw/cache source artifact; large and reproducible from source requests where available.,false,false,false
data_file,data/historical_props/raw/2023-09-07_20230910T195500Z_54b900ff32cfc8ad40f4d856fc5a4985.json,4310,Generated/output/cache data,,,IGNORE_GIT_CANDIDATE,Raw/cache source artifact; large and reproducible from source requests where available.,false,false,false
data_file,data/historical_props/raw/2023-09-07_20230910T195500Z_d543cbc3d38bed6c7c727e3cabc1188e.json,4350,Generated/output/cache data,,,IGNORE_GIT_CANDIDATE,Raw/cache source artifact; large and reproducible from source requests where available.,false,false,false
data_file,data/historical_props/raw/2023-09-07_20230910T195500Z_d818062d65dfa411c269ee61943655cd.json,3612,Generated/output/cache data,,,IGNORE_GIT_CANDIDATE,Raw/cache source artifact; large and reproducible from source requests where available.,false,false,false
data_file,data/historical_props/raw/2023-09-07_20230910T235000Z_2dd1bc48e4929ba7ed2b38fc668b1609.json,4708,Generated/output/cache data,,,IGNORE_GIT_CANDIDATE,Raw/cache source artifact; large and reproducible from source requests where available.,false,false,false
data_file,data/historical_props/raw/2023-09-07_20230911T234500Z_87ca05f061855f8497a3a81d9942b5d1.json,5773,Generated/output/cache data,,,IGNORE_GIT_CANDIDATE,Raw/cache source artifact; large and reproducible from source requests where available.,false,false,false
data_file,data/historical_props/raw/2023-09-07_20230914T234500Z_217559949d3b88a1267c2c4c480eab51.json,4360,Generated/output/cache data,,,IGNORE_GIT_CANDIDATE,Raw/cache source artifact; large and reproducible from source requests where available.,false,false,false
data_file,data/historical_props/raw/2023-09-07_20230917T163000Z_1ed637f2ef1ae5f2f7184d38e94fe137.json,3975,Generated/output/cache data,,,IGNORE_GIT_CANDIDATE,Raw/cache source artifact; large and reproducible from source requests where available.,false,false,false
data_file,data/historical_props/raw/2023-09-07_20230917T163000Z_2ecfbe1dcf553f66dd34b4772c1c9b99.json,3981,Generated/output/cache data,,,IGNORE_GIT_CANDIDATE,Raw/cache source artifact; large and reproducible from source requests where available.,false,false,false
data_file,data/historical_props/raw/2023-09-07_20230917T163000Z_30e317800515c33d2635df2d05a6d14d.json,4728,Generated/output/cache data,,,IGNORE_GIT_CANDIDATE,Raw/cache source artifact; large and reproducible from source requests where available.,false,false,false
data_file,data/historical_props/raw/2023-09-07_20230917T163000Z_666546663407166ca824cc304f740dfe.json,3964,Generated/output/cache data,,,IGNORE_GIT_CANDIDATE,Raw/cache source artifact; large and reproducible from source requests where available.,false,false,false
data_file,data/historical_props/raw/2023-09-07_20230917T163000Z_b11493a11859c02a97dfa186c32a2b7a.json,3613,Generated/output/cache data,,,IGNORE_GIT_CANDIDATE,Raw/cache source artifact; large and reproducible from source requests where available.,false,false,false
data_file,data/historical_props/raw/2023-09-07_20230917T163000Z_eab3d772c3c8e4a6d3813ece55055529.json,4009,Generated/output/cache data,,,IGNORE_GIT_CANDIDATE,Raw/cache source artifact; large and reproducible from source requests where available.,false,false,false
data_file,data/historical_props/raw/2023-09-07_20230917T163000Z_ec238fc4bfd91d24ae566950edc120fe.json,3956,Generated/output/cache data,,,IGNORE_GIT_CANDIDATE,Raw/cache source artifact; large and reproducible from source requests where available.,false,false,false
data_file,data/historical_props/raw/2023-09-07_20230917T173000Z_450d0600bc30565494c6df8096e04976.json,5076,Generated/output/cache data,,,IGNORE_GIT_CANDIDATE,Raw/cache source artifact; large and reproducible from source requests where available.,false,false,false
data_file,data/historical_props/raw/2023-09-07_20230917T193500Z_6166ce062983d3566b0ef03d8fd2ab87.json,4354,Generated/output/cache data,,,IGNORE_GIT_CANDIDATE,Raw/cache source artifact; large and reproducible from source requests where available.,false,false,false
data_file,data/historical_props/raw/2023-09-07_20230917T193500Z_a6a30233e1ec7fb3b9f9a5e4444ff14b.json,3992,Generated/output/cache data,,,IGNORE_GIT_CANDIDATE,Raw/cache source artifact; large and reproducible from source requests where available.,false,false,false
data_file,data/historical_props/raw/2023-09-07_20230917T195500Z_7e881b03dcf88ddd4e9d1a3c609db6d3.json,4721,Generated/output/cache data,,,IGNORE_GIT_CANDIDATE,Raw/cache source artifact; large and reproducible from source requests where available.,false,false,false
data_file,data/historical_props/raw/2023-09-07_20230917T195500Z_8d0feb26abd99c7136450e434ba91173.json,3963,Generated/output/cache data,,,IGNORE_GIT_CANDIDATE,Raw/cache source artifact; large and reproducible from source requests where available.,false,false,false
data_file,data/historical_props/raw/2023-09-07_20230917T235000Z_9003a41d4bd320e1c437ea6dc5a2fec6.json,5467,Generated/output/cache data,,,IGNORE_GIT_CANDIDATE,Raw/cache source artifact; large and reproducible from source requests where available.,false,false,false
data_file,data/historical_props/raw/2023-09-07_20230918T224500Z_e1573fb36f89f2e295e128bf5ec13a6a.json,4726,Generated/output/cache data,,,IGNORE_GIT_CANDIDATE,Raw/cache source artifact; large and reproducible from source requests where available.,false,false,false
data_file,data/historical_props/raw/2023-09-07_20230918T234500Z_7ea45f55c7bb922c581f809166c0fab3.json,4375,Generated/output/cache data,,,IGNORE_GIT_CANDIDATE,Raw/cache source artifact; large and reproducible from source requests where available.,false,false,false
data_file,data/historical_props/raw/2023-09-07_20230921T234500Z_47b49faf45f8a39f9910f004a79ff360.json,4364,Generated/output/cache data,,,IGNORE_GIT_CANDIDATE,Raw/cache source artifact; large and reproducible from source requests where available.,false,false,false
data_file,data/historical_props/raw/2023-09-07_20230924T163000Z_1db441aef0ee06367729d9f1fc3e57b0.json,4365,Generated/output/cache data,,,IGNORE_GIT_CANDIDATE,Raw/cache source artifact; large and reproducible from source requests where available.,false,false,false
data_file,data/historical_props/raw/2023-09-07_20230924T163000Z_2c66bee99eec7cca649ecb6b249868fb.json,3983,Generated/output/cache data,,,IGNORE_GIT_CANDIDATE,Raw/cache source artifact; large and reproducible from source requests where available.,false,false,false
data_file,data/historical_props/raw/2023-09-07_20230924T163000Z_2ff30bbaf02729644dc5dd83dd02ab12.json,4723,Generated/output/cache data,,,IGNORE_GIT_CANDIDATE,Raw/cache source artifact; large and reproducible from source requests where available.,false,false,false
data_file,data/historical_props/raw/2023-09-07_20230924T163000Z_4609c9aaa9bc0b3a76b75f2f85f6a5f1.json,5062,Generated/output/cache data,,,IGNORE_GIT_CANDIDATE,Raw/cache source artifact; large and reproducible from source requests where available.,false,false,false
data_file,data/historical_props/raw/2023-09-07_20230924T163000Z_66edacbc3505803f401192da0fb09b49.json,5089,Generated/output/cache data,,,IGNORE_GIT_CANDIDATE,Raw/cache source artifact; large and reproducible from source requests where available.,false,false,false
data_file,data/historical_props/raw/2023-09-07_20230924T163000Z_c6aa32a2bdcc85e5d8b8ae2e570607e6.json,3981,Generated/output/cache data,,,IGNORE_GIT_CANDIDATE,Raw/cache source artifact; large and reproducible from source requests where available.,false,false,false
data_file,data/historical_props/raw/2023-09-07_20230924T163000Z_caae83ff4cadf6b1d63bc8a70af76865.json,3988,Generated/output/cache data,,,IGNORE_GIT_CANDIDATE,Raw/cache source artifact; large and reproducible from source requests where available.,false,false,false
data_file,data/historical_props/raw/2023-09-07_20230924T163000Z_f049d09c797baccf11023b4cb7bc9b0b.json,4698,Generated/output/cache data,,,IGNORE_GIT_CANDIDATE,Raw/cache source artifact; large and reproducible from source requests where available.,false,false,false
data_file,data/historical_props/raw/2023-09-07_20230924T163000Z_f72ef9b6be34818391c726a0cd690f48.json,4382,Generated/output/cache data,,,IGNORE_GIT_CANDIDATE,Raw/cache source artifact; large and reproducible from source requests where available.,false,false,false
data_file,data/historical_props/raw/2023-09-07_20230924T193500Z_4b3ed4ec08352199ff98bdf14b247c88.json,3994,Generated/output/cache data,,,IGNORE_GIT_CANDIDATE,Raw/cache source artifact; large and reproducible from source requests where available.,false,false,false
data_file,data/historical_props/raw/2023-09-07_20230924T195500Z_806b105d4be36f9d8ac4a782cb43c1f1.json,5784,Generated/output/cache data,,,IGNORE_GIT_CANDIDATE,Raw/cache source artifact; large and reproducible from source requests where available.,false,false,false
data_file,data/historical_props/raw/2023-09-07_20230924T195500Z_9541cadef6a637071b8588eb4938a5c8.json,4339,Generated/output/cache data,,,IGNORE_GIT_CANDIDATE,Raw/cache source artifact; large and reproducible from source requests where available.,false,false,false
data_file,data/historical_props/raw/2023-09-07_20230924T235000Z_abf76aa8adc82854d703518042be4452.json,4728,Generated/output/cache data,,,IGNORE_GIT_CANDIDATE,Raw/cache source artifact; large and reproducible from source requests where available.,false,false,false
data_file,data/historical_props/raw/2023-09-07_20230925T224500Z_1e006c91ca2e69c339ed517495a2f428.json,4343,Generated/output/cache data,,,IGNORE_GIT_CANDIDATE,Raw/cache source artifact; large and reproducible from source requests where available.,false,false,false
data_file,data/historical_props/raw/2023-09-07_20230925T234500Z_8251607b68015d2972e7f4b773149cb2.json,4320,Generated/output/cache data,,,IGNORE_GIT_CANDIDATE,Raw/cache source artifact; large and reproducible from source requests where available.,false,false,false
data_file,data/historical_props/raw/2023-09-07_20231001T130000Z_679ec2fdc4a6bc423cdc77759cc226b7.json,3623,Generated/output/cache data,,,IGNORE_GIT_CANDIDATE,Raw/cache source artifact; large and reproducible from source requests where available.,false,false,false
data_file,data/historical_props/raw/2023-09-07_20231008T130000Z_fdb93b64c39ea4a4312ffe74788b551b.json,4704,Generated/output/cache data,,,IGNORE_GIT_CANDIDATE,Raw/cache source artifact; large and reproducible from source requests where available.,false,false,false
data_file,data/historical_props/raw/2023-09-07_20231015T130000Z_0cd8d5597260f1a2c9692f4c54ffb91f.json,5094,Generated/output/cache data,,,IGNORE_GIT_CANDIDATE,Raw/cache source artifact; large and reproducible from source requests where available.,false,false,false
data_file,data/historical_props/raw/2023-09-07_20231112T140000Z_b5b610ddb0ca0f0bc3d51e07ecc4c520.json,5108,Generated/output/cache data,,,IGNORE_GIT_CANDIDATE,Raw/cache source artifact; large and reproducible from source requests where available.,false,false,false
data_file,data/historical_props/raw/2023-09-07_20231124T193000Z_32c414934534235b0885860a21180ddc.json,3629,Generated/output/cache data,,,IGNORE_GIT_CANDIDATE,Raw/cache source artifact; large and reproducible from source requests where available.,false,false,false
data_file,data/historical_props/raw/2023-09-07_20231203T205500Z_01d2c501c2836b50ef978f04c4673c6f.json,3640,Generated/output/cache data,,,IGNORE_GIT_CANDIDATE,Raw/cache source artifact; large and reproducible from source requests where available.,false,false,false
data_file,data/historical_props/raw/2023-09-07_20231215T005500Z_72a6214a3f806871b60e04ee1f977abe.json,4000,Generated/output/cache data,,,IGNORE_GIT_CANDIDATE,Raw/cache source artifact; large and reproducible from source requests where available.,false,false,false
data_file,data/historical_props/raw/2023-09-07_20231217T173000Z_269d93043744dc23028a0de89fbc3c14.json,3276,Generated/output/cache data,,,IGNORE_GIT_CANDIDATE,Raw/cache source artifact; large and reproducible from source requests where available.,false,false,false
data_file,data/historical_props/raw/2023-09-07_20231217T173000Z_3c35ab18ec14298b28d7881f50bb503d.json,4329,Generated/output/cache data,,,IGNORE_GIT_CANDIDATE,Raw/cache source artifact; large and reproducible from source requests where available.,false,false,false
data_file,data/historical_props/raw/2023-09-07_20231217T173000Z_89a76d31332effa87075701f164a8e0a.json,3977,Generated/output/cache data,,,IGNORE_GIT_CANDIDATE,Raw/cache source artifact; large and reproducible from source requests where available.,false,false,false
data_file,data/historical_props/raw/2023-09-07_20231217T173000Z_abf4a23e7c6b9dd94d13a3070a32a65f.json,3599,Generated/output/cache data,,,IGNORE_GIT_CANDIDATE,Raw/cache source artifact; large and reproducible from source requests where available.,false,false,false
data_file,data/historical_props/raw/2023-09-07_20231217T173000Z_de64df56de3a6998f152879e68fee61c.json,4351,Generated/output/cache data,,,IGNORE_GIT_CANDIDATE,Raw/cache source artifact; large and reproducible from source requests where available.,false,false,false
data_file,data/historical_props/raw/2023-09-07_20231217T173000Z_e3f50249e8a9b42484ad0922fca4f9f0.json,4371,Generated/output/cache data,,,IGNORE_GIT_CANDIDATE,Raw/cache source artifact; large and reproducible from source requests where available.,false,false,false
data_file,data/historical_props/raw/2023-09-07_20231217T203500Z_d2e02edc27163741a907439f1dafd4c2.json,4001,Generated/output/cache data,,,IGNORE_GIT_CANDIDATE,Raw/cache source artifact; large and reproducible from source requests where available.,false,false,false
data_file,data/historical_props/raw/2023-09-07_20231225T173000Z_25aea15aa16519945e654a0a5158ccf0.json,5440,Generated/output/cache data,,,IGNORE_GIT_CANDIDATE,Raw/cache source artifact; large and reproducible from source requests where available.,false,false,false
data_file,data/historical_props/raw/2023-09-07_20231225T210000Z_361a376a7fe6aa6a72a42331299683dc.json,3995,Generated/output/cache data,,,IGNORE_GIT_CANDIDATE,Raw/cache source artifact; large and reproducible from source requests where available.,false,false,false
data_file,data/historical_props/raw/2023-09-07_20231229T004500Z_856010af3973ce10b0dd20f7dfc50fb6.json,3615,Generated/output/cache data,,,IGNORE_GIT_CANDIDATE,Raw/cache source artifact; large and reproducible from source requests where available.,false,false,false
data_file,data/historical_props/raw/2023-09-07_20231231T004500Z_e282b9dedc7fbb32af43dcd2c0514ddf.json,5071,Generated/output/cache data,,,IGNORE_GIT_CANDIDATE,Raw/cache source artifact; large and reproducible from source requests where available.,false,false,false
data_file,data/historical_props/raw/2023-09-07_20231231T173000Z_04a8a0b984c5853cc74b3f7aa350169d.json,3246,Generated/output/cache data,,,IGNORE_GIT_CANDIDATE,Raw/cache source artifact; large and reproducible from source requests where available.,false,false,false
data_file,data/historical_props/raw/2023-09-07_20231231T173000Z_10c45d3ea3c7306b41f67688c09df290.json,4725,Generated/output/cache data,,,IGNORE_GIT_CANDIDATE,Raw/cache source artifact; large and reproducible from source requests where available.,false,false,false
data_file,data/historical_props/raw/2023-09-07_20231231T173000Z_1eefaa757efae485b1164d514ef95c72.json,4711,Generated/output/cache data,,,IGNORE_GIT_CANDIDATE,Raw/cache source artifact; large and reproducible from source requests where available.,false,false,false
data_file,data/historical_props/raw/2023-09-07_20231231T173000Z_51a3c6804628bc320376f1281759cd59.json,4708,Generated/output/cache data,,,IGNORE_GIT_CANDIDATE,Raw/cache source artifact; large and reproducible from source requests where available.,false,false,false
data_file,data/historical_props/raw/2023-09-07_20240107T173000Z_2b2da592b91fb61473aed5b4fe975254.json,3604,Generated/output/cache data,,,IGNORE_GIT_CANDIDATE,Raw/cache source artifact; large and reproducible from source requests where available.,false,false,false
data_file,data/historical_props/raw/2023-09-07_20240107T173000Z_50c6ec417a0a3cb00945bee203ecccad.json,3611,Generated/output/cache data,,,IGNORE_GIT_CANDIDATE,Raw/cache source artifact; large and reproducible from source requests where available.,false,false,false
data_file,data/historical_props/raw/2023-09-07_20240107T173000Z_66c7e39643ecae341addae9fff981d0b.json,2555,Generated/output/cache data,,,IGNORE_GIT_CANDIDATE,Raw/cache source artifact; large and reproducible from source requests where available.,false,false,false
data_file,data/historical_props/raw/2023-09-07_20240107T173000Z_794e49c4f03306ab9c79cb84fcc2b0ac.json,3978,Generated/output/cache data,,,IGNORE_GIT_CANDIDATE,Raw/cache source artifact; large and reproducible from source requests where available.,false,false,false
data_file,data/historical_props/raw/2023-09-07_20240107T173000Z_d7e8bbb2997c341248c04ec59abb94fb.json,3990,Generated/output/cache data,,,IGNORE_GIT_CANDIDATE,Raw/cache source artifact; large and reproducible from source requests where available.,false,false,false
data_file,data/historical_props/raw/2023-09-07_20240107T173000Z_fb5a05459a7e5616f95e2caa7732c20f.json,417,Generated/output/cache data,,,IGNORE_GIT_CANDIDATE,Raw/cache source artifact; large and reproducible from source requests where available.,false,false,false
data_file,data/historical_props/raw/2023-09-07_20240107T203000Z_52c6f0c38ee6458d03e5caffe56af385.json,419,Generated/output/cache data,,,IGNORE_GIT_CANDIDATE,Raw/cache source artifact; large and reproducible from source requests where available.,false,false,false
data_file,data/historical_props/raw/2024-09-08_20240908T163000Z_022add645ca37d612dbb69e8ef02f6b9.json,12405,Generated/output/cache data,,,IGNORE_GIT_CANDIDATE,Raw/cache source artifact; large and reproducible from source requests where available.,false,false,false
data_file,data/historical_props/raw/2024-09-08_20240908T163000Z_5f14ebd3a8f10d141a7f0c2dcf510368.json,13111,Generated/output/cache data,,,IGNORE_GIT_CANDIDATE,Raw/cache source artifact; large and reproducible from source requests where available.,false,false,false
data_file,data/historical_props/raw/2024-09-08_20240908T163000Z_60fdc65ee27ab7dbe07dc06ef35afadc.json,10221,Generated/output/cache data,,,IGNORE_GIT_CANDIDATE,Raw/cache source artifact; large and reproducible from source requests where available.,false,false,false
data_file,data/historical_props/raw/2024-09-08_20240908T163000Z_7a5e353202d40a844491fa5753bc3097.json,11267,Generated/output/cache data,,,IGNORE_GIT_CANDIDATE,Raw/cache source artifact; large and reproducible from source requests where available.,false,false,false
data_file,data/historical_props/raw/2024-09-08_20240908T163000Z_8c0e75b0a4ea07212e741acf25ad96b6.json,11331,Generated/output/cache data,,,IGNORE_GIT_CANDIDATE,Raw/cache source artifact; large and reproducible from source requests where available.,false,false,false
data_file,data/historical_props/raw/2024-09-08_20240908T163000Z_92665529cce6b8089e793d1e7d5e4b66.json,10235,Generated/output/cache data,,,IGNORE_GIT_CANDIDATE,Raw/cache source artifact; large and reproducible from source requests where available.,false,false,false
data_file,data/historical_props/raw/2024-09-08_20240908T163000Z_b5b9d07cdd5c7bd14e943ccd7973e6a2.json,12334,Generated/output/cache data,,,IGNORE_GIT_CANDIDATE,Raw/cache source artifact; large and reproducible from source requests where available.,false,false,false
data_file,data/historical_props/raw/2024-09-08_20240908T163000Z_c483f5c8e0ee5f1f5abdd75870eeeffc.json,12394,Generated/output/cache data,,,IGNORE_GIT_CANDIDATE,Raw/cache source artifact; large and reproducible from source requests where available.,false,false,false
data_file,data/historical_props/raw/2024-09-08_20240908T193500Z_a2f9dcdf49ccacf33036a0b795413a6e.json,12374,Generated/output/cache data,,,IGNORE_GIT_CANDIDATE,Raw/cache source artifact; large and reproducible from source requests where available.,false,false,false
data_file,data/historical_props/raw/2024-09-08_20240908T193500Z_afb7e137dbb2a3de38d2d3cb68897e3b.json,12426,Generated/output/cache data,,,IGNORE_GIT_CANDIDATE,Raw/cache source artifact; large and reproducible from source requests where available.,false,false,false
data_file,data/historical_props/raw/2024-09-08_20240908T195500Z_a1682ca5d9e0c4b14d19ed69d6299806.json,11977,Generated/output/cache data,,,IGNORE_GIT_CANDIDATE,Raw/cache source artifact; large and reproducible from source requests where available.,false,false,false
data_file,data/historical_props/raw/2024-09-08_20240908T195500Z_ba439e5505ce1ee745d2e48f2d2f31e6.json,12034,Generated/output/cache data,,,IGNORE_GIT_CANDIDATE,Raw/cache source artifact; large and reproducible from source requests where available.,false,false,false
data_file,data/historical_props/raw/2024-09-08_20240908T235000Z_fa20351fa9ca26c47f93abc8a9b2c941.json,12397,Generated/output/cache data,,,IGNORE_GIT_CANDIDATE,Raw/cache source artifact; large and reproducible from source requests where available.,false,false,false
data_file,data/historical_props/raw/2024-09-08_20240909T235000Z_d94f808523ced7460f7c88c758c481f5.json,12348,Generated/output/cache data,,,IGNORE_GIT_CANDIDATE,Raw/cache source artifact; large and reproducible from source requests where available.,false,false,false
data_file,data/historical_props/raw/2024-09-08_20240912T235000Z_ddd9b67cf1d68282e1e8652000c0d015.json,12320,Generated/output/cache data,,,IGNORE_GIT_CANDIDATE,Raw/cache source artifact; large and reproducible from source requests where available.,false,false,false
data_file,data/historical_props/raw/2024-09-08_20240915T163000Z_111ac41e21c6f16a2d3d1511f07e2004.json,10237,Generated/output/cache data,,,IGNORE_GIT_CANDIDATE,Raw/cache source artifact; large and reproducible from source requests where available.,false,false,false
data_file,data/historical_props/raw/2024-09-08_20240915T163000Z_17d4d840f9f4094d76c6e9b53b18ac05.json,10552,Generated/output/cache data,,,IGNORE_GIT_CANDIDATE,Raw/cache source artifact; large and reproducible from source requests where available.,false,false,false
data_file,data/historical_props/raw/2024-09-08_20240915T163000Z_42d27889b51ada96c20671b30129ce4e.json,12424,Generated/output/cache data,,,IGNORE_GIT_CANDIDATE,Raw/cache source artifact; large and reproducible from source requests where available.,false,false,false
data_file,data/historical_props/raw/2024-09-08_20240915T163000Z_495d9f2c316b05ef092099ef9401a180.json,10638,Generated/output/cache data,,,IGNORE_GIT_CANDIDATE,Raw/cache source artifact; large and reproducible from source requests where available.,false,false,false
data_file,data/historical_props/raw/2024-09-08_20240915T163000Z_5b05775b536cda3f2efab93935af4f54.json,13063,Generated/output/cache data,,,IGNORE_GIT_CANDIDATE,Raw/cache source artifact; large and reproducible from source requests where available.,false,false,false
data_file,data/historical_props/raw/2024-09-08_20240915T163000Z_787ae4144b2b45d7ef8a9c7b1ab6abd8.json,13083,Generated/output/cache data,,,IGNORE_GIT_CANDIDATE,Raw/cache source artifact; large and reproducible from source requests where available.,false,false,false
data_file,data/historical_props/raw/2024-09-08_20240915T163000Z_9d5dace601f10c135f5c03facf23fd22.json,13051,Generated/output/cache data,,,IGNORE_GIT_CANDIDATE,Raw/cache source artifact; large and reproducible from source requests where available.,false,false,false
data_file,data/historical_props/raw/2024-09-08_20240915T163000Z_b4769cda12183128858f49f475aabfce.json,12018,Generated/output/cache data,,,IGNORE_GIT_CANDIDATE,Raw/cache source artifact; large and reproducible from source requests where available.,false,false,false
data_file,data/historical_props/raw/2024-09-08_20240915T163100Z_5a2bfc721fb2300d4578743aee7ad891.json,12741,Generated/output/cache data,,,IGNORE_GIT_CANDIDATE,Raw/cache source artifact; large and reproducible from source requests where available.,false,false,false
data_file,data/historical_props/raw/2024-09-08_20240915T193500Z_db997fc1b5fe71f4960012f81c21a017.json,10259,Generated/output/cache data,,,IGNORE_GIT_CANDIDATE,Raw/cache source artifact; large and reproducible from source requests where available.,false,false,false
data_file,data/historical_props/raw/2024-09-08_20240915T195500Z_3a300e2fb659ca896b5e60252f13150c.json,10608,Generated/output/cache data,,,IGNORE_GIT_CANDIDATE,Raw/cache source artifact; large and reproducible from source requests where available.,false,false,false
data_file,data/historical_props/raw/2024-09-08_20240915T195600Z_faaeaab20409da65e7314cc1857ccfba.json,12318,Generated/output/cache data,,,IGNORE_GIT_CANDIDATE,Raw/cache source artifact; large and reproducible from source requests where available.,false,false,false
data_file,data/historical_props/raw/2024-09-08_20240915T235000Z_7533f0f2d5cfe270fa0ccdc32a98c7fd.json,10850,Generated/output/cache data,,,IGNORE_GIT_CANDIDATE,Raw/cache source artifact; large and reproducible from source requests where available.,false,false,false
data_file,data/historical_props/raw/2024-09-08_20240916T234600Z_2cefb0f9bcf18ed3f64396174ece14ad.json,11692,Generated/output/cache data,,,IGNORE_GIT_CANDIDATE,Raw/cache source artifact; large and reproducible from source requests where available.,false,false,false
data_file,data/historical_props/raw/2024-09-08_20240919T234500Z_ff0f310a02a527f105b5b37dbd61c502.json,13848,Generated/output/cache data,,,IGNORE_GIT_CANDIDATE,Raw/cache source artifact; large and reproducible from source requests where available.,false,false,false
data_file,data/historical_props/raw/2024-09-08_20240922T163000Z_200c20527d1d6f44257155548cdac1e8.json,10942,Generated/output/cache data,,,IGNORE_GIT_CANDIDATE,Raw/cache source artifact; large and reproducible from source requests where available.,false,false,false
data_file,data/historical_props/raw/2024-09-08_20240922T163000Z_2ee776f967540a404694111f27822004.json,9158,Generated/output/cache data,,,IGNORE_GIT_CANDIDATE,Raw/cache source artifact; large and reproducible from source requests where available.,false,false,false
data_file,data/historical_props/raw/2024-09-08_20240922T163000Z_8b6897f314b84276526a4ba371d67e20.json,12016,Generated/output/cache data,,,IGNORE_GIT_CANDIDATE,Raw/cache source artifact; large and reproducible from source requests where available.,false,false,false
data_file,data/historical_props/raw/2024-09-08_20240922T163000Z_e46e4c9f5d6884910657cd6581da3978.json,12751,Generated/output/cache data,,,IGNORE_GIT_CANDIDATE,Raw/cache source artifact; large and reproducible from source requests where available.,false,false,false
data_file,data/historical_props/raw/2024-09-08_20240922T163000Z_fc293a1ac914f24cb110ed2b8250292d.json,12289,Generated/output/cache data,,,IGNORE_GIT_CANDIDATE,Raw/cache source artifact; large and reproducible from source requests where available.,false,false,false
data_file,data/historical_props/raw/2024-09-08_20240922T193500Z_49397bc00cf6d5e50f0a943538f1b00d.json,13095,Generated/output/cache data,,,IGNORE_GIT_CANDIDATE,Raw/cache source artifact; large and reproducible from source requests where available.,false,false,false
data_file,data/historical_props/raw/2024-09-08_20240922T193500Z_acc41dc7aeae8f8db0604c743213916c.json,9840,Generated/output/cache data,,,IGNORE_GIT_CANDIDATE,Raw/cache source artifact; large and reproducible from source requests where available.,false,false,false
data_file,data/historical_props/raw/2024-09-08_20240922T195500Z_e61fbdc294fce579705fa0ed6de85ce2.json,12396,Generated/output/cache data,,,IGNORE_GIT_CANDIDATE,Raw/cache source artifact; large and reproducible from source requests where available.,false,false,false
data_file,data/historical_props/raw/2024-09-08_20240922T195500Z_f89d2da2d1b692de14ddf77e186cc5c7.json,10615,Generated/output/cache data,,,IGNORE_GIT_CANDIDATE,Raw/cache source artifact; large and reproducible from source requests where available.,false,false,false
data_file,data/historical_props/raw/2024-09-08_20240922T235000Z_bd907bcbaaefa56a30c4fa2c57281a51.json,12378,Generated/output/cache data,,,IGNORE_GIT_CANDIDATE,Raw/cache source artifact; large and reproducible from source requests where available.,false,false,false
data_file,data/historical_props/raw/2024-09-08_20240923T230000Z_96be3ba73fc562e49a0120b5923c3213.json,11668,Generated/output/cache data,,,IGNORE_GIT_CANDIDATE,Raw/cache source artifact; large and reproducible from source requests where available.,false,false,false
data_file,data/historical_props/raw/2024-09-08_20240923T234500Z_8e047915fdc9b7dc77d2276e740f55d2.json,13048,Generated/output/cache data,,,IGNORE_GIT_CANDIDATE,Raw/cache source artifact; large and reproducible from source requests where available.,false,false,false
data_file,data/historical_props/raw/2024-09-08_20240926T234500Z_b08196b0745d9e2e0bebfe8627fc5a1f.json,12398,Generated/output/cache data,,,IGNORE_GIT_CANDIDATE,Raw/cache source artifact; large and reproducible from source requests where available.,false,false,false
data_file,data/historical_props/raw/2024-09-08_20240929T163000Z_3855431777952837560f29bff9d6b4e3.json,9885,Generated/output/cache data,,,IGNORE_GIT_CANDIDATE,Raw/cache source artifact; large and reproducible from source requests where available.,false,false,false
data_file,data/historical_props/raw/2024-09-08_20240929T163000Z_3858ab1dfdb4db4987218c709a51d1bf.json,9863,Generated/output/cache data,,,IGNORE_GIT_CANDIDATE,Raw/cache source artifact; large and reproducible from source requests where available.,false,false,false
data_file,data/historical_props/raw/2024-09-08_20240929T163000Z_701d98795b391636de6d0860c6782f2d.json,12041,Generated/output/cache data,,,IGNORE_GIT_CANDIDATE,Raw/cache source artifact; large and reproducible from source requests where available.,false,false,false
data_file,data/historical_props/raw/2024-09-08_20240929T163000Z_82483a4f1a2ae000d00778810d85d13c.json,11618,Generated/output/cache data,,,IGNORE_GIT_CANDIDATE,Raw/cache source artifact; large and reproducible from source requests where available.,false,false,false
data_file,data/historical_props/raw/2024-09-08_20240929T163000Z_a0a3ae18f5a26bdaa0e2f32aa8af7ce0.json,9559,Generated/output/cache data,,,IGNORE_GIT_CANDIDATE,Raw/cache source artifact; large and reproducible from source requests where available.,false,false,false
data_file,data/historical_props/raw/2024-09-08_20240929T163000Z_e603ee3c4035a8558b9bcb6aded87ff4.json,12393,Generated/output/cache data,,,IGNORE_GIT_CANDIDATE,Raw/cache source artifact; large and reproducible from source requests where available.,false,false,false
data_file,data/historical_props/raw/2024-09-08_20240929T193500Z_2536f23add2224ed79c070c55af28bbf.json,11323,Generated/output/cache data,,,IGNORE_GIT_CANDIDATE,Raw/cache source artifact; large and reproducible from source requests where available.,false,false,false
data_file,data/historical_props/raw/2024-09-08_20240929T193500Z_b0461ea737b89685d0aee3050bca0cc5.json,11328,Generated/output/cache data,,,IGNORE_GIT_CANDIDATE,Raw/cache source artifact; large and reproducible from source requests where available.,false,false,false
data_file,data/historical_props/raw/2024-09-08_20240929T195500Z_3f180e883b429700dd32ff2133ac37ef.json,9467,Generated/output/cache data,,,IGNORE_GIT_CANDIDATE,Raw/cache source artifact; large and reproducible from source requests where available.,false,false,false
data_file,data/historical_props/raw/2024-09-08_20240929T195500Z_b839e959b4e28cdd96341dbcf99d4a42.json,10918,Generated/output/cache data,,,IGNORE_GIT_CANDIDATE,Raw/cache source artifact; large and reproducible from source requests where available.,false,false,false
data_file,data/historical_props/raw/2024-09-08_20240930T230000Z_a207d1faa78a276de49cdebb7ef4fc0e.json,11620,Generated/output/cache data,,,IGNORE_GIT_CANDIDATE,Raw/cache source artifact; large and reproducible from source requests where available.,false,false,false
data_file,data/historical_props/raw/2024-09-08_20240930T234500Z_2b7f812133cedc184625d7bc8362564a.json,12060,Generated/output/cache data,,,IGNORE_GIT_CANDIDATE,Raw/cache source artifact; large and reproducible from source requests where available.,false,false,false
data_file,data/historical_props/raw/2024-09-08_20241003T234500Z_b516611a4ade7c4d55fcde561ed71328.json,10948,Generated/output/cache data,,,IGNORE_GIT_CANDIDATE,Raw/cache source artifact; large and reproducible from source requests where available.,false,false,false
data_file,data/historical_props/raw/2024-09-08_20241006T130000Z_b782886bcc4874123d3bb50e5d1e88c3.json,12350,Generated/output/cache data,,,IGNORE_GIT_CANDIDATE,Raw/cache source artifact; large and reproducible from source requests where available.,false,false,false
data_file,data/historical_props/raw/2024-09-08_20241006T163000Z_2eb8e0798cb1b1f9d0f0d414253b4e37.json,12315,Generated/output/cache data,,,IGNORE_GIT_CANDIDATE,Raw/cache source artifact; large and reproducible from source requests where available.,false,false,false
data_file,data/historical_props/raw/2024-09-08_20241006T163000Z_43f21c8e455914cc71d00ca0001ae85b.json,12040,Generated/output/cache data,,,IGNORE_GIT_CANDIDATE,Raw/cache source artifact; large and reproducible from source requests where available.,false,false,false
data_file,data/historical_props/raw/2024-09-08_20241006T163000Z_5cb3b58ed90ecfac2acac9115e08c017.json,12432,Generated/output/cache data,,,IGNORE_GIT_CANDIDATE,Raw/cache source artifact; large and reproducible from source requests where available.,false,false,false
data_file,data/historical_props/raw/2024-09-08_20241006T163000Z_b727380f1b93218185ba53da28e0f6a7.json,11998,Generated/output/cache data,,,IGNORE_GIT_CANDIDATE,Raw/cache source artifact; large and reproducible from source requests where available.,false,false,false
data_file,data/historical_props/raw/2024-09-08_20241006T163000Z_dba45197b1cd2dbafe7f83ebffd2be90.json,10612,Generated/output/cache data,,,IGNORE_GIT_CANDIDATE,Raw/cache source artifact; large and reproducible from source requests where available.,false,false,false
data_file,data/historical_props/raw/2024-09-08_20241006T193500Z_9a9219cd7180fe6481e6bd9e460a7622.json,10292,Generated/output/cache data,,,IGNORE_GIT_CANDIDATE,Raw/cache source artifact; large and reproducible from source requests where available.,false,false,false
data_file,data/historical_props/raw/2024-09-08_20241006T193500Z_a0877d6a0f0a97e5790884008b9974c9.json,11296,Generated/output/cache data,,,IGNORE_GIT_CANDIDATE,Raw/cache source artifact; large and reproducible from source requests where available.,false,false,false
data_file,data/historical_props/raw/2024-09-08_20241006T195500Z_777e65cf50b4517465cea9ac9d686227.json,11702,Generated/output/cache data,,,IGNORE_GIT_CANDIDATE,Raw/cache source artifact; large and reproducible from source requests where available.,false,false,false
data_file,data/historical_props/raw/2024-09-08_20241006T235000Z_504a7b09264059083346ab086141da30.json,10583,Generated/output/cache data,,,IGNORE_GIT_CANDIDATE,Raw/cache source artifact; large and reproducible from source requests where available.,false,false,false
data_file,data/historical_props/raw/2024-09-08_20241007T234500Z_5e0d59f75b7f9056461e2970aca2a6cb.json,12731,Generated/output/cache data,,,IGNORE_GIT_CANDIDATE,Raw/cache source artifact; large and reproducible from source requests where available.,false,false,false
data_file,data/historical_props/raw/2024-09-08_20241010T234500Z_0dac14546d6008893a8b3b6c417472a6.json,12390,Generated/output/cache data,,,IGNORE_GIT_CANDIDATE,Raw/cache source artifact; large and reproducible from source requests where available.,false,false,false
data_file,data/historical_props/raw/2024-09-08_20241013T130000Z_c1bcc8bbec33008ae587584b1b3de2d0.json,11287,Generated/output/cache data,,,IGNORE_GIT_CANDIDATE,Raw/cache source artifact; large and reproducible from source requests where available.,false,false,false
data_file,data/historical_props/raw/2024-09-08_20241013T163000Z_ba1097486d1edb57bfe2bc22f5c4573e.json,9117,Generated/output/cache data,,,IGNORE_GIT_CANDIDATE,Raw/cache source artifact; large and reproducible from source requests where available.,false,false,false
data_file,data/historical_props/raw/2024-09-08_20241013T163000Z_bdc58f80a5a9b4515ee631fddc63a2c8.json,10910,Generated/output/cache data,,,IGNORE_GIT_CANDIDATE,Raw/cache source artifact; large and reproducible from source requests where available.,false,false,false
data_file,data/historical_props/raw/2024-09-08_20241013T163000Z_febb2d674e85a32c8636ff900fffb5d2.json,10177,Generated/output/cache data,,,IGNORE_GIT_CANDIDATE,Raw/cache source artifact; large and reproducible from source requests where available.,false,false,false
data_file,data/historical_props/raw/2024-09-08_20241013T193500Z_76fbc0191f917329bad82f76a9a22a2e.json,9186,Generated/output/cache data,,,IGNORE_GIT_CANDIDATE,Raw/cache source artifact; large and reproducible from source requests where available.,false,false,false
data_file,data/historical_props/raw/2024-09-08_20241013T193500Z_81df9672b5e68bc84e98641d5de2505b.json,6992,Generated/output/cache data,,,IGNORE_GIT_CANDIDATE,Raw/cache source artifact; large and reproducible from source requests where available.,false,false,false
data_file,data/historical_props/raw/2024-09-08_20241013T195500Z_67c389265b00a40407a23054e45d8e45.json,10989,Generated/output/cache data,,,IGNORE_GIT_CANDIDATE,Raw/cache source artifact; large and reproducible from source requests where available.,false,false,false
data_file,data/historical_props/raw/2024-09-08_20241013T195500Z_d4d2902446e120ea6f1afafdc0b3d55d.json,12017,Generated/output/cache data,,,IGNORE_GIT_CANDIDATE,Raw/cache source artifact; large and reproducible from source requests where available.,false,false,false
data_file,data/historical_props/raw/2024-09-08_20241013T235000Z_245c50e05349966d749c7e3f05699647.json,13384,Generated/output/cache data,,,IGNORE_GIT_CANDIDATE,Raw/cache source artifact; large and reproducible from source requests where available.,false,false,false
data_file,data/historical_props/raw/2024-09-08_20241014T234500Z_79b5655b7342104f50bc735a5d838b71.json,13374,Generated/output/cache data,,,IGNORE_GIT_CANDIDATE,Raw/cache source artifact; large and reproducible from source requests where available.,false,false,false
data_file,data/historical_props/raw/2024-09-08_20241017T234500Z_cc1d6e0125f5444f70609ce9e0829fa9.json,12024,Generated/output/cache data,,,IGNORE_GIT_CANDIDATE,Raw/cache source artifact; large and reproducible from source requests where available.,false,false,false
data_file,data/historical_props/raw/2024-09-08_20241020T130000Z_964d089b9bbbf792a705da3b3f355312.json,12802,Generated/output/cache data,,,IGNORE_GIT_CANDIDATE,Raw/cache source artifact; large and reproducible from source requests where available.,false,false,false
data_file,data/historical_props/raw/2024-09-08_20241020T163000Z_3d634649562df7c3b2b22d626162a9c9.json,10582,Generated/output/cache data,,,IGNORE_GIT_CANDIDATE,Raw/cache source artifact; large and reproducible from source requests where available.,false,false,false
data_file,data/historical_props/raw/2024-09-08_20241020T163000Z_4084732a953c2a15d46aca93da86fe87.json,10189,Generated/output/cache data,,,IGNORE_GIT_CANDIDATE,Raw/cache source artifact; large and reproducible from source requests where available.,false,false,false
data_file,data/historical_props/raw/2024-09-08_20241020T163000Z_497242e77fc7f2e1fa4cc70a2bd37b20.json,10587,Generated/output/cache data,,,IGNORE_GIT_CANDIDATE,Raw/cache source artifact; large and reproducible from source requests where available.,false,false,false
data_file,data/historical_props/raw/2024-09-08_20241020T163000Z_514ad4e46861e2aa51571079d75856b5.json,10610,Generated/output/cache data,,,IGNORE_GIT_CANDIDATE,Raw/cache source artifact; large and reproducible from source requests where available.,false,false,false
data_file,data/historical_props/raw/2024-09-08_20241020T163000Z_63e9b5302666e36b47431100bcb22973.json,13040,Generated/output/cache data,,,IGNORE_GIT_CANDIDATE,Raw/cache source artifact; large and reproducible from source requests where available.,false,false,false
data_file,data/historical_props/raw/2024-09-08_20241020T193500Z_205e5260b14ecb55558ddb85f419edaf.json,9902,Generated/output/cache data,,,IGNORE_GIT_CANDIDATE,Raw/cache source artifact; large and reproducible from source requests where available.,false,false,false
data_file,data/historical_props/raw/2024-09-08_20241020T193500Z_2bc06cb4fb03e96b39448675c1943487.json,9548,Generated/output/cache data,,,IGNORE_GIT_CANDIDATE,Raw/cache source artifact; large and reproducible from source requests where available.,false,false,false
data_file,data/historical_props/raw/2024-09-08_20241020T195500Z_a0b429ad5863438f4550ced4f368d2e2.json,12724,Generated/output/cache data,,,IGNORE_GIT_CANDIDATE,Raw/cache source artifact; large and reproducible from source requests where available.,false,false,false
data_file,data/historical_props/raw/2024-09-08_20241020T235000Z_6103604599da91e8a44ce683292242ec.json,11671,Generated/output/cache data,,,IGNORE_GIT_CANDIDATE,Raw/cache source artifact; large and reproducible from source requests where available.,false,false,false
data_file,data/historical_props/raw/2024-09-08_20241022T003000Z_c38d6ebf21ca6194da4757c090eac3a2.json,10931,Generated/output/cache data,,,IGNORE_GIT_CANDIDATE,Raw/cache source artifact; large and reproducible from source requests where available.,false,false,false
data_file,data/historical_props/raw/2024-09-08_20241024T234500Z_1f22f5d9de70779ac521b9c1de59162f.json,12365,Generated/output/cache data,,,IGNORE_GIT_CANDIDATE,Raw/cache source artifact; large and reproducible from source requests where available.,false,false,false
data_file,data/historical_props/raw/2024-09-08_20241027T163000Z_2883af924ad72a75da65e3257b9284e7.json,9854,Generated/output/cache data,,,IGNORE_GIT_CANDIDATE,Raw/cache source artifact; large and reproducible from source requests where available.,false,false,false
data_file,data/historical_props/raw/2024-09-08_20241027T163000Z_5fd9657af1356ec2a567b07d75a8e6a3.json,11325,Generated/output/cache data,,,IGNORE_GIT_CANDIDATE,Raw/cache source artifact; large and reproducible from source requests where available.,false,false,false
data_file,data/historical_props/raw/2024-09-08_20241027T163000Z_7679451910267ad5cd8620cf63870aaa.json,11699,Generated/output/cache data,,,IGNORE_GIT_CANDIDATE,Raw/cache source artifact; large and reproducible from source requests where available.,false,false,false
data_file,data/historical_props/raw/2024-09-08_20241027T163000Z_9693ad2122e496b05f7efd56f0ef03d0.json,11322,Generated/output/cache data,,,IGNORE_GIT_CANDIDATE,Raw/cache source artifact; large and reproducible from source requests where available.,false,false,false
data_file,data/historical_props/raw/2024-09-08_20241027T163000Z_e07e64de78a6095754d2a048255dadac.json,9849,Generated/output/cache data,,,IGNORE_GIT_CANDIDATE,Raw/cache source artifact; large and reproducible from source requests where available.,false,false,false
data_file,data/historical_props/raw/2024-09-08_20241027T163000Z_fb5217800ed73d9cae485efbba37ba96.json,9092,Generated/output/cache data,,,IGNORE_GIT_CANDIDATE,Raw/cache source artifact; large and reproducible from source requests where available.,false,false,false
data_file,data/historical_props/raw/2024-09-08_20241027T193500Z_70c540bd6e70676319e44a7dd02cbd38.json,11628,Generated/output/cache data,,,IGNORE_GIT_CANDIDATE,Raw/cache source artifact; large and reproducible from source requests where available.,false,false,false
data_file,data/historical_props/raw/2024-09-08_20241027T193500Z_9a263061dd1c784a20f393971744d176.json,11996,Generated/output/cache data,,,IGNORE_GIT_CANDIDATE,Raw/cache source artifact; large and reproducible from source requests where available.,false,false,false
data_file,data/historical_props/raw/2024-09-08_20241027T195500Z_bba53e1026b6121c0255771479517a2f.json,11300,Generated/output/cache data,,,IGNORE_GIT_CANDIDATE,Raw/cache source artifact; large and reproducible from source requests where available.,false,false,false
data_file,data/historical_props/raw/2024-09-08_20241027T195500Z_ccc621108fb48382b825128007dc8120.json,10585,Generated/output/cache data,,,IGNORE_GIT_CANDIDATE,Raw/cache source artifact; large and reproducible from source requests where available.,false,false,false
data_file,data/historical_props/raw/2024-09-08_20241027T235000Z_ef27be93158f43d94f94035d2af7096f.json,10199,Generated/output/cache data,,,IGNORE_GIT_CANDIDATE,Raw/cache source artifact; large and reproducible from source requests where available.,false,false,false
data_file,data/historical_props/raw/2024-09-08_20241028T235000Z_86278ec4bbdcadd945d79df6c695c2ec.json,13178,Generated/output/cache data,,,IGNORE_GIT_CANDIDATE,Raw/cache source artifact; large and reproducible from source requests where available.,false,false,false
data_file,data/historical_props/raw/2024-09-08_20241031T234500Z_edde9aeb8a9114f38b30b45c7cffbfa8.json,11981,Generated/output/cache data,,,IGNORE_GIT_CANDIDATE,Raw/cache source artifact; large and reproducible from source requests where available.,false,false,false
data_file,data/historical_props/raw/2024-09-08_20241103T173000Z_31f1bb5fbbc8c3d9b8719357fa40941e.json,9546,Generated/output/cache data,,,IGNORE_GIT_CANDIDATE,Raw/cache source artifact; large and reproducible from source requests where available.,false,false,false
data_file,data/historical_props/raw/2024-09-08_20241103T173000Z_3d24ae93125568c136d57ff911a4d2e4.json,9131,Generated/output/cache data,,,IGNORE_GIT_CANDIDATE,Raw/cache source artifact; large and reproducible from source requests where available.,false,false,false
data_file,data/historical_props/raw/2024-09-08_20241103T173000Z_3de2d54334c462aa393418b75994fee1.json,9839,Generated/output/cache data,,,IGNORE_GIT_CANDIDATE,Raw/cache source artifact; large and reproducible from source requests where available.,false,false,false
data_file,data/historical_props/raw/2024-09-08_20241103T173000Z_5791e31f6f4b95476889c4854b508faf.json,10973,Generated/output/cache data,,,IGNORE_GIT_CANDIDATE,Raw/cache source artifact; large and reproducible from source requests where available.,false,false,false
data_file,data/historical_props/raw/2024-09-08_20241103T173000Z_7c2d09c53f3c271b20f53db0b21f1498.json,9804,Generated/output/cache data,,,IGNORE_GIT_CANDIDATE,Raw/cache source artifact; large and reproducible from source requests where available.,false,false,false
data_file,data/historical_props/raw/2024-09-08_20241103T173000Z_d555bf749139691c613e4aec350592c1.json,6286,Generated/output/cache data,,,IGNORE_GIT_CANDIDATE,Raw/cache source artifact; large and reproducible from source requests where available.,false,false,false
data_file,data/historical_props/raw/2024-09-08_20241103T173000Z_db18946165af62532b19d4c509d7ba56.json,10224,Generated/output/cache data,,,IGNORE_GIT_CANDIDATE,Raw/cache source artifact; large and reproducible from source requests where available.,false,false,false
data_file,data/historical_props/raw/2024-09-08_20241103T173000Z_fc022a0b74f3182e2da491dfe4276301.json,11269,Generated/output/cache data,,,IGNORE_GIT_CANDIDATE,Raw/cache source artifact; large and reproducible from source requests where available.,false,false,false
data_file,data/historical_props/raw/2024-09-08_20241103T203500Z_597e7fb5542c56bda7f1a73402cd47e0.json,9831,Generated/output/cache data,,,IGNORE_GIT_CANDIDATE,Raw/cache source artifact; large and reproducible from source requests where available.,false,false,false
data_file,data/historical_props/raw/2024-09-08_20241103T205500Z_8baadfa082af81fe72b1cfd941d96edf.json,10246,Generated/output/cache data,,,IGNORE_GIT_CANDIDATE,Raw/cache source artifact; large and reproducible from source requests where available.,false,false,false
data_file,data/historical_props/raw/2024-09-08_20241105T004500Z_8f751d18969af50ec341e0b282e5b4d6.json,15233,Generated/output/cache data,,,IGNORE_GIT_CANDIDATE,Raw/cache source artifact; large and reproducible from source requests where available.,false,false,false
data_file,data/historical_props/raw/2024-09-08_20241110T140000Z_9016850451d9e4190ec1bd178dac4849.json,9879,Generated/output/cache data,,,IGNORE_GIT_CANDIDATE,Raw/cache source artifact; large and reproducible from source requests where available.,false,false,false
data_file,data/historical_props/raw/2024-09-08_20241110T173000Z_80899c1a82df27832eff9206d9c2ab1b.json,10526,Generated/output/cache data,,,IGNORE_GIT_CANDIDATE,Raw/cache source artifact; large and reproducible from source requests where available.,false,false,false
data_file,data/historical_props/raw/2024-09-08_20241110T173000Z_853cc3b59ffe65a55a55d799789bc726.json,12056,Generated/output/cache data,,,IGNORE_GIT_CANDIDATE,Raw/cache source artifact; large and reproducible from source requests where available.,false,false,false
data_file,data/historical_props/raw/2024-09-08_20241110T173000Z_928f8f873c2bf276d0b2a63a8f8941b4.json,10968,Generated/output/cache data,,,IGNORE_GIT_CANDIDATE,Raw/cache source artifact; large and reproducible from source requests where available.,false,false,false
data_file,data/historical_props/raw/2024-09-08_20241110T173000Z_a59741270a5f21dfb288838acf98537b.json,11315,Generated/output/cache data,,,IGNORE_GIT_CANDIDATE,Raw/cache source artifact; large and reproducible from source requests where available.,false,false,false
data_file,data/historical_props/raw/2024-09-08_20241110T173000Z_a6383a73f7e6937fcdc376b50d4dc510.json,11336,Generated/output/cache data,,,IGNORE_GIT_CANDIDATE,Raw/cache source artifact; large and reproducible from source requests where available.,false,false,false
data_file,data/historical_props/raw/2024-09-08_20241110T173000Z_c885c70be6b073f94096eb0db2a27c3c.json,11297,Generated/output/cache data,,,IGNORE_GIT_CANDIDATE,Raw/cache source artifact; large and reproducible from source requests where available.,false,false,false
data_file,data/historical_props/raw/2024-09-08_20241110T173000Z_d4901034c9f4ee931bc6971a4b089209.json,10953,Generated/output/cache data,,,IGNORE_GIT_CANDIDATE,Raw/cache source artifact; large and reproducible from source requests where available.,false,false,false
data_file,data/historical_props/raw/2024-09-08_20241110T203500Z_6214d50d3a5b442078f670ff8e08945e.json,12036,Generated/output/cache data,,,IGNORE_GIT_CANDIDATE,Raw/cache source artifact; large and reproducible from source requests where available.,false,false,false
data_file,data/historical_props/raw/2024-09-08_20241110T205500Z_1c2195dfc898e85136f4d40b4ac512fb.json,9505,Generated/output/cache data,,,IGNORE_GIT_CANDIDATE,Raw/cache source artifact; large and reproducible from source requests where available.,false,false,false
data_file,data/historical_props/raw/2024-09-08_20241111T005000Z_e27b5c11ba461a77a8e7773b2ea30238.json,12380,Generated/output/cache data,,,IGNORE_GIT_CANDIDATE,Raw/cache source artifact; large and reproducible from source requests where available.,false,false,false
data_file,data/historical_props/raw/2024-09-08_20241112T005000Z_d6eab9011bd146fdbb2639f6e8c07056.json,9887,Generated/output/cache data,,,IGNORE_GIT_CANDIDATE,Raw/cache source artifact; large and reproducible from source requests where available.,false,false,false
data_file,data/historical_props/raw/2024-09-08_20241117T173000Z_6aa05bdde84274ea82472f0bc79baaad.json,12384,Generated/output/cache data,,,IGNORE_GIT_CANDIDATE,Raw/cache source artifact; large and reproducible from source requests where available.,false,false,false
data_file,data/historical_props/raw/2024-09-08_20241117T173000Z_73f1d28c0bfe32a1ff292b688bb85df3.json,10257,Generated/output/cache data,,,IGNORE_GIT_CANDIDATE,Raw/cache source artifact; large and reproducible from source requests where available.,false,false,false
data_file,data/historical_props/raw/2024-09-08_20241117T173000Z_7614724acc0987e643d0a60e73167b2e.json,11319,Generated/output/cache data,,,IGNORE_GIT_CANDIDATE,Raw/cache source artifact; large and reproducible from source requests where available.,false,false,false
data_file,data/historical_props/raw/2024-09-08_20241117T173000Z_ca63340028583e516e8053ee36318425.json,11313,Generated/output/cache data,,,IGNORE_GIT_CANDIDATE,Raw/cache source artifact; large and reproducible from source requests where available.,false,false,false
data_file,data/historical_props/raw/2024-09-08_20241117T173000Z_d0f73537e153be7455c87ae97864ef7d.json,11340,Generated/output/cache data,,,IGNORE_GIT_CANDIDATE,Raw/cache source artifact; large and reproducible from source requests where available.,false,false,false
data_file,data/historical_props/raw/2024-09-08_20241117T203500Z_4baedb2bf9b85f9b9ec40e88bacc1792.json,12416,Generated/output/cache data,,,IGNORE_GIT_CANDIDATE,Raw/cache source artifact; large and reproducible from source requests where available.,false,false,false
data_file,data/historical_props/raw/2024-09-08_20241117T203500Z_cc4a0f06f87d64f4a02816ca7da514fa.json,11363,Generated/output/cache data,,,IGNORE_GIT_CANDIDATE,Raw/cache source artifact; large and reproducible from source requests where available.,false,false,false
data_file,data/historical_props/raw/2024-09-08_20241117T205500Z_2ac4732d168fd3fd0958719e2b11aad1.json,12333,Generated/output/cache data,,,IGNORE_GIT_CANDIDATE,Raw/cache source artifact; large and reproducible from source requests where available.,false,false,false
data_file,data/historical_props/raw/2024-09-08_20241117T205500Z_a2b3fd60eede2230285512b8c3b4eed3.json,11274,Generated/output/cache data,,,IGNORE_GIT_CANDIDATE,Raw/cache source artifact; large and reproducible from source requests where available.,false,false,false
data_file,data/historical_props/raw/2024-09-08_20241119T004500Z_81c2170ca58c6a837e5c0f1528e8513c.json,10157,Generated/output/cache data,,,IGNORE_GIT_CANDIDATE,Raw/cache source artifact; large and reproducible from source requests where available.,false,false,false
data_file,data/historical_props/raw/2024-09-08_20241122T004500Z_3544bdfabe61cc6d4389984a5ca83955.json,12390,Generated/output/cache data,,,IGNORE_GIT_CANDIDATE,Raw/cache source artifact; large and reproducible from source requests where available.,false,false,false
data_file,data/historical_props/raw/2024-09-08_20241124T173000Z_28c6ab7cb99a26666b9c7d649bbd46f3.json,12048,Generated/output/cache data,,,IGNORE_GIT_CANDIDATE,Raw/cache source artifact; large and reproducible from source requests where available.,false,false,false
data_file,data/historical_props/raw/2024-09-08_20241124T173000Z_2c895731f7e3bd3effe4e87779fbdcc2.json,11672,Generated/output/cache data,,,IGNORE_GIT_CANDIDATE,Raw/cache source artifact; large and reproducible from source requests where available.,false,false,false
data_file,data/historical_props/raw/2024-09-08_20241124T173000Z_2f2541411e68f807dc47d527f5dd4cba.json,11360,Generated/output/cache data,,,IGNORE_GIT_CANDIDATE,Raw/cache source artifact; large and reproducible from source requests where available.,false,false,false
data_file,data/historical_props/raw/2024-09-08_20241124T173000Z_366a8618003ac848eac5144aebbeace4.json,11705,Generated/output/cache data,,,IGNORE_GIT_CANDIDATE,Raw/cache source artifact; large and reproducible from source requests where available.,false,false,false
data_file,data/historical_props/raw/2024-09-08_20241124T173000Z_3c833a498591fa8934c84aa7f3215b7f.json,11674,Generated/output/cache data,,,IGNORE_GIT_CANDIDATE,Raw/cache source artifact; large and reproducible from source requests where available.,false,false,false
data_file,data/historical_props/raw/2024-09-08_20241124T173000Z_56f4bfb8e21ec6003f31a080be045fc3.json,10559,Generated/output/cache data,,,IGNORE_GIT_CANDIDATE,Raw/cache source artifact; large and reproducible from source requests where available.,false,false,false
data_file,data/historical_props/raw/2024-09-08_20241124T173000Z_bc6d508d57f822879df4dbc3c4465226.json,11246,Generated/output/cache data,,,IGNORE_GIT_CANDIDATE,Raw/cache source artifact; large and reproducible from source requests where available.,false,false,false
data_file,data/historical_props/raw/2024-09-08_20241124T203500Z_19d5cf9ece71b4671440a3b9e03942c4.json,10968,Generated/output/cache data,,,IGNORE_GIT_CANDIDATE,Raw/cache source artifact; large and reproducible from source requests where available.,false,false,false
data_file,data/historical_props/raw/2024-09-08_20241124T205500Z_d9a2e1ead2367a3b0f46d247ed5b2906.json,11695,Generated/output/cache data,,,IGNORE_GIT_CANDIDATE,Raw/cache source artifact; large and reproducible from source requests where available.,false,false,false
data_file,data/historical_props/raw/2024-09-08_20241128T170000Z_818a0f592da4fc2dea2a8caa3170bd6f.json,11268,Generated/output/cache data,,,IGNORE_GIT_CANDIDATE,Raw/cache source artifact; large and reproducible from source requests where available.,false,false,false
data_file,data/historical_props/raw/2024-09-08_20241128T210000Z_1c53fc0f9537ba80e2c121bb58979a24.json,10231,Generated/output/cache data,,,IGNORE_GIT_CANDIDATE,Raw/cache source artifact; large and reproducible from source requests where available.,false,false,false
data_file,data/historical_props/raw/2024-09-08_20241129T193000Z_d703217fef577dba3f2d0c38881dd7d3.json,11980,Generated/output/cache data,,,IGNORE_GIT_CANDIDATE,Raw/cache source artifact; large and reproducible from source requests where available.,false,false,false
data_file,data/historical_props/raw/2024-09-08_20241201T173000Z_041764a17c3ecb1fccd45fc75b7a2b49.json,11315,Generated/output/cache data,,,IGNORE_GIT_CANDIDATE,Raw/cache source artifact; large and reproducible from source requests where available.,false,false,false
data_file,data/historical_props/raw/2024-09-08_20241201T173000Z_0693d63a0af985e361e21fa59fdd8bed.json,10239,Generated/output/cache data,,,IGNORE_GIT_CANDIDATE,Raw/cache source artifact; large and reproducible from source requests where available.,false,false,false
data_file,data/historical_props/raw/2024-09-08_20241201T173000Z_2be5371e838993958fd7eb2eda6fc412.json,10230,Generated/output/cache data,,,IGNORE_GIT_CANDIDATE,Raw/cache source artifact; large and reproducible from source requests where available.,false,false,false
data_file,data/historical_props/raw/2024-09-08_20241201T173000Z_45b543405582d30cef04650884f45c6d.json,9887,Generated/output/cache data,,,IGNORE_GIT_CANDIDATE,Raw/cache source artifact; large and reproducible from source requests where available.,false,false,false
data_file,data/historical_props/raw/2024-09-08_20241201T173000Z_63057e9eb2da9cc89ac93911769b9a3e.json,10951,Generated/output/cache data,,,IGNORE_GIT_CANDIDATE,Raw/cache source artifact; large and reproducible from source requests where available.,false,false,false
data_file,data/historical_props/raw/2024-09-08_20241201T173000Z_8b7a76ee61f07cddbb60fc1e079bfeed.json,10685,Generated/output/cache data,,,IGNORE_GIT_CANDIDATE,Raw/cache source artifact; large and reproducible from source requests where available.,false,false,false
data_file,data/historical_props/raw/2024-09-08_20241201T173000Z_cea1abe8ef88e4105f4cd505b45cd781.json,11706,Generated/output/cache data,,,IGNORE_GIT_CANDIDATE,Raw/cache source artifact; large and reproducible from source requests where available.,false,false,false
data_file,data/historical_props/raw/2024-09-08_20241201T203500Z_59ffd762ad2b5d96196f4f58037ab670.json,11646,Generated/output/cache data,,,IGNORE_GIT_CANDIDATE,Raw/cache source artifact; large and reproducible from source requests where available.,false,false,false
data_file,data/historical_props/raw/2024-09-08_20241201T203500Z_9dcbd3e2d022d7ed1ef1e0e7f8b08f2b.json,9531,Generated/output/cache data,,,IGNORE_GIT_CANDIDATE,Raw/cache source artifact; large and reproducible from source requests where available.,false,false,false
data_file,data/historical_props/raw/2024-09-08_20241202T005000Z_31557235498f42eeba725001c12c97ff.json,11288,Generated/output/cache data,,,IGNORE_GIT_CANDIDATE,Raw/cache source artifact; large and reproducible from source requests where available.,false,false,false
data_file,data/historical_props/raw/2024-09-08_20241202T234500Z_e73de417d2fd01292ed12cea2a906903.json,13468,Generated/output/cache data,,,IGNORE_GIT_CANDIDATE,Raw/cache source artifact; large and reproducible from source requests where available.,false,false,false
data_file,data/historical_props/raw/2024-09-08_20241208T173000Z_20f2d85ab93463d3c7dbe2573da7f892.json,11016,Generated/output/cache data,,,IGNORE_GIT_CANDIDATE,Raw/cache source artifact; large and reproducible from source requests where available.,false,false,false
data_file,data/historical_props/raw/2024-09-08_20241208T173000Z_48859a2a659fe2dd71db168127a01b13.json,10574,Generated/output/cache data,,,IGNORE_GIT_CANDIDATE,Raw/cache source artifact; large and reproducible from source requests where available.,false,false,false
data_file,data/historical_props/raw/2024-09-08_20241208T173000Z_7ae6be20a581839e77dd6b3f4eab564b.json,11660,Generated/output/cache data,,,IGNORE_GIT_CANDIDATE,Raw/cache source artifact; large and reproducible from source requests where available.,false,false,false
data_file,data/historical_props/raw/2024-09-08_20241208T173000Z_7d1198f17462901352e686d8d9515232.json,11353,Generated/output/cache data,,,IGNORE_GIT_CANDIDATE,Raw/cache source artifact; large and reproducible from source requests where available.,false,false,false
data_file,data/historical_props/raw/2024-09-08_20241208T173000Z_b8419de1f0e84d8b18da62151ab69596.json,9490,Generated/output/cache data,,,IGNORE_GIT_CANDIDATE,Raw/cache source artifact; large and reproducible from source requests where available.,false,false,false
data_file,data/historical_props/raw/2024-09-08_20241208T173000Z_c14dd2e8bf469a6736f73be3c28706e8.json,11658,Generated/output/cache data,,,IGNORE_GIT_CANDIDATE,Raw/cache source artifact; large and reproducible from source requests where available.,false,false,false
data_file,data/historical_props/raw/2024-09-08_20241208T203500Z_8c7efb50e0c8c9be94e7b969c58da045.json,9503,Generated/output/cache data,,,IGNORE_GIT_CANDIDATE,Raw/cache source artifact; large and reproducible from source requests where available.,false,false,false
data_file,data/historical_props/raw/2024-09-08_20241208T205500Z_5188cb03fd7577d7448874486c26dccb.json,11251,Generated/output/cache data,,,IGNORE_GIT_CANDIDATE,Raw/cache source artifact; large and reproducible from source requests where available.,false,false,false
data_file,data/historical_props/raw/2024-09-08_20241208T205500Z_57e91ca052d9484f67f83308f3fb7f65.json,10898,Generated/output/cache data,,,IGNORE_GIT_CANDIDATE,Raw/cache source artifact; large and reproducible from source requests where available.,false,false,false
data_file,data/historical_props/raw/2024-09-08_20241209T005000Z_c70e1ecbef22c98419d4707199d050af.json,12748,Generated/output/cache data,,,IGNORE_GIT_CANDIDATE,Raw/cache source artifact; large and reproducible from source requests where available.,false,false,false
data_file,data/historical_props/raw/2024-09-08_20241210T004500Z_2fd335893dbb8ab9c0e1aea6c98a969c.json,11245,Generated/output/cache data,,,IGNORE_GIT_CANDIDATE,Raw/cache source artifact; large and reproducible from source requests where available.,false,false,false
data_file,data/historical_props/raw/2024-09-08_20241213T004500Z_b89ffb3a984d693fd6e69cdc3f2d585a.json,11319,Generated/output/cache data,,,IGNORE_GIT_CANDIDATE,Raw/cache source artifact; large and reproducible from source requests where available.,false,false,false
data_file,data/historical_props/raw/2024-09-08_20241215T173000Z_3b7db9e7d8af9f357fa301fb43f2e6af.json,11005,Generated/output/cache data,,,IGNORE_GIT_CANDIDATE,Raw/cache source artifact; large and reproducible from source requests where available.,false,false,false
data_file,data/historical_props/raw/2024-09-08_20241215T173000Z_5e028b3e2019613c56d3431d4e04e46d.json,8384,Generated/output/cache data,,,IGNORE_GIT_CANDIDATE,Raw/cache source artifact; large and reproducible from source requests where available.,false,false,false
data_file,data/historical_props/raw/2024-09-08_20241215T173000Z_79eb6a96467e443fcd884f1aab38fb40.json,10182,Generated/output/cache data,,,IGNORE_GIT_CANDIDATE,Raw/cache source artifact; large and reproducible from source requests where available.,false,false,false
data_file,data/historical_props/raw/2024-09-08_20241215T173000Z_7b58ba499776572737bf4335349ee5ca.json,10974,Generated/output/cache data,,,IGNORE_GIT_CANDIDATE,Raw/cache source artifact; large and reproducible from source requests where available.,false,false,false
data_file,data/historical_props/raw/2024-09-08_20241215T173000Z_9db2aef33225a4bda04bbc7c33e50e63.json,12021,Generated/output/cache data,,,IGNORE_GIT_CANDIDATE,Raw/cache source artifact; large and reproducible from source requests where available.,false,false,false
data_file,data/historical_props/raw/2024-09-08_20241215T173000Z_f6d5d91ea4480042265698647a6120f6.json,10930,Generated/output/cache data,,,IGNORE_GIT_CANDIDATE,Raw/cache source artifact; large and reproducible from source requests where available.,false,false,false
data_file,data/historical_props/raw/2024-09-08_20241215T205500Z_531a7692ed7474109ad7d6e331751234.json,11307,Generated/output/cache data,,,IGNORE_GIT_CANDIDATE,Raw/cache source artifact; large and reproducible from source requests where available.,false,false,false
data_file,data/historical_props/raw/2024-09-08_20241215T205500Z_c562ac548944fe897e62f4a142de4d54.json,10990,Generated/output/cache data,,,IGNORE_GIT_CANDIDATE,Raw/cache source artifact; large and reproducible from source requests where available.,false,false,false
data_file,data/historical_props/raw/2024-09-08_20241215T205500Z_f3d85c6f4152c6f9c28df5332d7d01ae.json,11631,Generated/output/cache data,,,IGNORE_GIT_CANDIDATE,Raw/cache source artifact; large and reproducible from source requests where available.,false,false,false
data_file,data/historical_props/raw/2024-09-08_20241215T205500Z_f3f5d87420f5bc34d3affc8f44a1c934.json,10307,Generated/output/cache data,,,IGNORE_GIT_CANDIDATE,Raw/cache source artifact; large and reproducible from source requests where available.,false,false,false
data_file,data/historical_props/raw/2024-09-08_20241217T003000Z_307cc09543c511d894a76fef99e429bb.json,10524,Generated/output/cache data,,,IGNORE_GIT_CANDIDATE,Raw/cache source artifact; large and reproducible from source requests where available.,false,false,false
data_file,data/historical_props/raw/2024-09-08_20241217T010000Z_b72078945287a94944a0ffefcd09c42c.json,10248,Generated/output/cache data,,,IGNORE_GIT_CANDIDATE,Raw/cache source artifact; large and reproducible from source requests where available.,false,false,false
data_file,data/historical_props/raw/2024-09-08_20241221T173000Z_5000078dc935bf60015a51c01eaee016.json,11599,Generated/output/cache data,,,IGNORE_GIT_CANDIDATE,Raw/cache source artifact; large and reproducible from source requests where available.,false,false,false
data_file,data/historical_props/raw/2024-09-08_20241222T173000Z_36091a3b07686b0c7c912d4d4a244474.json,8421,Generated/output/cache data,,,IGNORE_GIT_CANDIDATE,Raw/cache source artifact; large and reproducible from source requests where available.,false,false,false
data_file,data/historical_props/raw/2024-09-08_20241222T173000Z_534fd9bc355dbfa4d35156e6d59e3913.json,10899,Generated/output/cache data,,,IGNORE_GIT_CANDIDATE,Raw/cache source artifact; large and reproducible from source requests where available.,false,false,false
data_file,data/historical_props/raw/2024-09-08_20241222T173000Z_987be0b1af962f068e2928a9067998c9.json,11665,Generated/output/cache data,,,IGNORE_GIT_CANDIDATE,Raw/cache source artifact; large and reproducible from source requests where available.,false,false,false
data_file,data/historical_props/raw/2024-09-08_20241222T173000Z_9c6ae1f00e07b696e2dd19a0efb7be8f.json,11373,Generated/output/cache data,,,IGNORE_GIT_CANDIDATE,Raw/cache source artifact; large and reproducible from source requests where available.,false,false,false
data_file,data/historical_props/raw/2024-09-08_20241222T173000Z_d9ace22fff68cd1916da62a70491e424.json,9130,Generated/output/cache data,,,IGNORE_GIT_CANDIDATE,Raw/cache source artifact; large and reproducible from source requests where available.,false,false,false
data_file,data/historical_props/raw/2024-09-08_20241222T173000Z_f03bb31e9ff7b81ad1e18e36b7cdddb7.json,10662,Generated/output/cache data,,,IGNORE_GIT_CANDIDATE,Raw/cache source artifact; large and reproducible from source requests where available.,false,false,false
data_file,data/historical_props/raw/2024-09-08_20241222T203500Z_87ed34522672eabe6cb5b85c34c4e8ce.json,10944,Generated/output/cache data,,,IGNORE_GIT_CANDIDATE,Raw/cache source artifact; large and reproducible from source requests where available.,false,false,false
data_file,data/historical_props/raw/2024-09-08_20241222T205500Z_b0e2f4e7023b4f29ca1e1e64f93726f2.json,10583,Generated/output/cache data,,,IGNORE_GIT_CANDIDATE,Raw/cache source artifact; large and reproducible from source requests where available.,false,false,false
data_file,data/historical_props/raw/2024-09-08_20241222T205500Z_d93e285150cc30bb71e930879219d26e.json,10285,Generated/output/cache data,,,IGNORE_GIT_CANDIDATE,Raw/cache source artifact; large and reproducible from source requests where available.,false,false,false
data_file,data/historical_props/raw/2024-09-08_20241223T005000Z_beea49da0ca78cc5636fa84188603fa0.json,12003,Generated/output/cache data,,,IGNORE_GIT_CANDIDATE,Raw/cache source artifact; large and reproducible from source requests where available.,false,false,false
data_file,data/historical_props/raw/2024-09-08_20241225T173000Z_ce94e5673c8b7a0834f1948f1c5f52c7.json,13477,Generated/output/cache data,,,IGNORE_GIT_CANDIDATE,Raw/cache source artifact; large and reproducible from source requests where available.,false,false,false
data_file,data/historical_props/raw/2024-09-08_20241227T004500Z_1cc92f3601760bad475efd70d52ca482.json,11228,Generated/output/cache data,,,IGNORE_GIT_CANDIDATE,Raw/cache source artifact; large and reproducible from source requests where available.,false,false,false
data_file,data/historical_props/raw/2024-09-08_20241229T173000Z_0ce683697325d7715a78889240d82cc7.json,10637,Generated/output/cache data,,,IGNORE_GIT_CANDIDATE,Raw/cache source artifact; large and reproducible from source requests where available.,false,false,false
data_file,data/historical_props/raw/2024-09-08_20241229T173000Z_398f58cef1cbb3c99805b52375104238.json,11734,Generated/output/cache data,,,IGNORE_GIT_CANDIDATE,Raw/cache source artifact; large and reproducible from source requests where available.,false,false,false
data_file,data/historical_props/raw/2024-09-08_20241229T173000Z_5f99b5d40cf65d48be81c3812cd1e95e.json,11025,Generated/output/cache data,,,IGNORE_GIT_CANDIDATE,Raw/cache source artifact; large and reproducible from source requests where available.,false,false,false
data_file,data/historical_props/raw/2024-09-08_20241229T173000Z_68e8e424d470fb6d60f1b2f0a3f3d1e3.json,10297,Generated/output/cache data,,,IGNORE_GIT_CANDIDATE,Raw/cache source artifact; large and reproducible from source requests where available.,false,false,false
data_file,data/historical_props/raw/2024-09-08_20241229T173000Z_cb4060acc9d027ca0069619ef9983415.json,10916,Generated/output/cache data,,,IGNORE_GIT_CANDIDATE,Raw/cache source artifact; large and reproducible from source requests where available.,false,false,false
data_file,data/historical_props/raw/2024-09-08_20241229T173000Z_eb5a71180b3558fdc20a896e98c00385.json,10532,Generated/output/cache data,,,IGNORE_GIT_CANDIDATE,Raw/cache source artifact; large and reproducible from source requests where available.,false,false,false
data_file,data/historical_props/raw/2024-09-08_20241231T004500Z_987f7eb725e6a3937511b6c60dee5f18.json,10935,Generated/output/cache data,,,IGNORE_GIT_CANDIDATE,Raw/cache source artifact; large and reproducible from source requests where available.,false,false,false
data_file,data/historical_props/raw/2024-09-08_20250105T173000Z_09d8388d4ccba7ddafec2e400b5c013f.json,10215,Generated/output/cache data,,,IGNORE_GIT_CANDIDATE,Raw/cache source artifact; large and reproducible from source requests where available.,false,false,false
data_file,data/historical_props/raw/2024-09-08_20250105T173000Z_4da44c8ba4e595d3fe313cbeb1fe797b.json,9147,Generated/output/cache data,,,IGNORE_GIT_CANDIDATE,Raw/cache source artifact; large and reproducible from source requests where available.,false,false,false
data_file,data/historical_props/raw/2024-09-08_20250105T173000Z_704a4d59f3dd729fbf089bbe0b6ae27d.json,9112,Generated/output/cache data,,,IGNORE_GIT_CANDIDATE,Raw/cache source artifact; large and reproducible from source requests where available.,false,false,false
data_file,data/historical_props/raw/2024-09-08_20250105T173000Z_983cd3ee325119e16969d4797a6d94f2.json,12857,Generated/output/cache data,,,IGNORE_GIT_CANDIDATE,Raw/cache source artifact; large and reproducible from source requests where available.,false,false,false
data_file,data/historical_props/raw/2024-09-08_20250105T173000Z_a578e4a27a55666b1043c20dbb3d74cd.json,417,Generated/output/cache data,,,IGNORE_GIT_CANDIDATE,Raw/cache source artifact; large and reproducible from source requests where available.,false,false,false
data_file,data/historical_props/raw/2024-09-08_20250105T173000Z_b1d966863dd3f4c8fc78180f63a20a2f.json,913,Generated/output/cache data,,,IGNORE_GIT_CANDIDATE,Raw/cache source artifact; large and reproducible from source requests where available.,false,false,false
data_file,data/historical_props/raw/2024-09-08_20250105T173000Z_e1ba96b7e56eba655eafcf8249b1d3df.json,5577,Generated/output/cache data,,,IGNORE_GIT_CANDIDATE,Raw/cache source artifact; large and reproducible from source requests where available.,false,false,false
data_file,data/historical_props/raw/2024-09-08_20250105T173000Z_ec3a43f544c27aba390eea6b4f1bb55a.json,1453,Generated/output/cache data,,,IGNORE_GIT_CANDIDATE,Raw/cache source artifact; large and reproducible from source requests where available.,false,false,false
data_file,data/historical_props/raw/2024-09-08_20250105T205500Z_2cf5abcfe39f3ac0d82ffb5a90b49e93.json,6261,Generated/output/cache data,,,IGNORE_GIT_CANDIDATE,Raw/cache source artifact; large and reproducible from source requests where available.,false,false,false
data_file,data/historical_props/raw/2024-09-08_20250105T205500Z_6b14461632df941a9ea60ff83ddca897.json,7350,Generated/output/cache data,,,IGNORE_GIT_CANDIDATE,Raw/cache source artifact; large and reproducible from source requests where available.,false,false,false
data_file,data/historical_props/raw/2024-09-08_20250105T205500Z_d0a37e977bf675c070587b2e13a37e17.json,5555,Generated/output/cache data,,,IGNORE_GIT_CANDIDATE,Raw/cache source artifact; large and reproducible from source requests where available.,false,false,false
data_file,data/historical_props/raw/2024-09-08_20250105T205500Z_ebda13c375e6e6bb69822f91bce86756.json,5213,Generated/output/cache data,,,IGNORE_GIT_CANDIDATE,Raw/cache source artifact; large and reproducible from source requests where available.,false,false,false
data_file,data/historical_props/raw/2024-09-15_20240915T163000Z_111ac41e21c6f16a2d3d1511f07e2004.json,10237,Generated/output/cache data,,,IGNORE_GIT_CANDIDATE,Raw/cache source artifact; large and reproducible from source requests where available.,false,false,false
data_file,data/historical_props/raw/2024-09-15_20240915T163000Z_17d4d840f9f4094d76c6e9b53b18ac05.json,10552,Generated/output/cache data,,,IGNORE_GIT_CANDIDATE,Raw/cache source artifact; large and reproducible from source requests where available.,false,false,false
data_file,data/historical_props/raw/2024-09-15_20240915T163000Z_42d27889b51ada96c20671b30129ce4e.json,12424,Generated/output/cache data,,,IGNORE_GIT_CANDIDATE,Raw/cache source artifact; large and reproducible from source requests where available.,false,false,false
data_file,data/historical_props/raw/2024-09-15_20240915T163000Z_495d9f2c316b05ef092099ef9401a180.json,10638,Generated/output/cache data,,,IGNORE_GIT_CANDIDATE,Raw/cache source artifact; large and reproducible from source requests where available.,false,false,false
data_file,data/historical_props/raw/2024-09-15_20240915T163000Z_5a2bfc721fb2300d4578743aee7ad891.json,12741,Generated/output/cache data,,,IGNORE_GIT_CANDIDATE,Raw/cache source artifact; large and reproducible from source requests where available.,false,false,false
data_file,data/historical_props/raw/2024-09-15_20240915T163000Z_5b05775b536cda3f2efab93935af4f54.json,13063,Generated/output/cache data,,,IGNORE_GIT_CANDIDATE,Raw/cache source artifact; large and reproducible from source requests where available.,false,false,false
data_file,data/historical_props/raw/2024-09-15_20240915T163000Z_787ae4144b2b45d7ef8a9c7b1ab6abd8.json,13083,Generated/output/cache data,,,IGNORE_GIT_CANDIDATE,Raw/cache source artifact; large and reproducible from source requests where available.,false,false,false
data_file,data/historical_props/raw/2024-09-15_20240915T163000Z_9d5dace601f10c135f5c03facf23fd22.json,13051,Generated/output/cache data,,,IGNORE_GIT_CANDIDATE,Raw/cache source artifact; large and reproducible from source requests where available.,false,false,false
data_file,data/historical_props/raw/2024-09-15_20240915T163000Z_b4769cda12183128858f49f475aabfce.json,12018,Generated/output/cache data,,,IGNORE_GIT_CANDIDATE,Raw/cache source artifact; large and reproducible from source requests where available.,false,false,false
data_file,data/historical_props/raw/2024-09-15_20240915T163000Z_c4e5642a8746f3e8fbb09d59a611ffe4.json,9553,Generated/output/cache data,,,IGNORE_GIT_CANDIDATE,Raw/cache source artifact; large and reproducible from source requests where available.,false,false,false
data_file,data/historical_props/raw/2024-09-15_20240915T193500Z_db997fc1b5fe71f4960012f81c21a017.json,10259,Generated/output/cache data,,,IGNORE_GIT_CANDIDATE,Raw/cache source artifact; large and reproducible from source requests where available.,false,false,false
data_file,data/historical_props/raw/2024-09-15_20240915T195500Z_3a300e2fb659ca896b5e60252f13150c.json,10608,Generated/output/cache data,,,IGNORE_GIT_CANDIDATE,Raw/cache source artifact; large and reproducible from source requests where available.,false,false,false
data_file,data/historical_props/raw/2024-09-15_20240915T195500Z_faaeaab20409da65e7314cc1857ccfba.json,12318,Generated/output/cache data,,,IGNORE_GIT_CANDIDATE,Raw/cache source artifact; large and reproducible from source requests where available.,false,false,false
data_file,data/historical_props/raw/2024-09-15_20240915T235000Z_7533f0f2d5cfe270fa0ccdc32a98c7fd.json,10850,Generated/output/cache data,,,IGNORE_GIT_CANDIDATE,Raw/cache source artifact; large and reproducible from source requests where available.,false,false,false
data_file,data/historical_props/raw/2024-09-15_20240916T234500Z_2cefb0f9bcf18ed3f64396174ece14ad.json,11692,Generated/output/cache data,,,IGNORE_GIT_CANDIDATE,Raw/cache source artifact; large and reproducible from source requests where available.,false,false,false
data_file,data/historical_props/raw/2024-09-15_20240919T234500Z_ff0f310a02a527f105b5b37dbd61c502.json,13848,Generated/output/cache data,,,IGNORE_GIT_CANDIDATE,Raw/cache source artifact; large and reproducible from source requests where available.,false,false,false
data_file,data/historical_props/raw/2024-09-15_20240922T163000Z_200c20527d1d6f44257155548cdac1e8.json,10942,Generated/output/cache data,,,IGNORE_GIT_CANDIDATE,Raw/cache source artifact; large and reproducible from source requests where available.,false,false,false
data_file,data/historical_props/raw/2024-09-15_20240922T163000Z_2ee776f967540a404694111f27822004.json,9158,Generated/output/cache data,,,IGNORE_GIT_CANDIDATE,Raw/cache source artifact; large and reproducible from source requests where available.,false,false,false
data_file,data/historical_props/raw/2024-09-15_20240922T163000Z_326301fd41fe90d64929b44a2e227b23.json,9854,Generated/output/cache data,,,IGNORE_GIT_CANDIDATE,Raw/cache source artifact; large and reproducible from source requests where available.,false,false,false
data_file,data/historical_props/raw/2024-09-15_20240922T163000Z_8b6897f314b84276526a4ba371d67e20.json,12016,Generated/output/cache data,,,IGNORE_GIT_CANDIDATE,Raw/cache source artifact; large and reproducible from source requests where available.,false,false,false
data_file,data/historical_props/raw/2024-09-15_20240922T163000Z_e46e4c9f5d6884910657cd6581da3978.json,12751,Generated/output/cache data,,,IGNORE_GIT_CANDIDATE,Raw/cache source artifact; large and reproducible from source requests where available.,false,false,false
data_file,data/historical_props/raw/2024-09-15_20240922T163000Z_fc293a1ac914f24cb110ed2b8250292d.json,12289,Generated/output/cache data,,,IGNORE_GIT_CANDIDATE,Raw/cache source artifact; large and reproducible from source requests where available.,false,false,false
data_file,data/historical_props/raw/2024-09-15_20240922T163100Z_81cee90c26bf0ec45c3bc946b8143e19.json,12720,Generated/output/cache data,,,IGNORE_GIT_CANDIDATE,Raw/cache source artifact; large and reproducible from source requests where available.,false,false,false
data_file,data/historical_props/raw/2024-09-15_20240922T193500Z_49397bc00cf6d5e50f0a943538f1b00d.json,13095,Generated/output/cache data,,,IGNORE_GIT_CANDIDATE,Raw/cache source artifact; large and reproducible from source requests where available.,false,false,false
data_file,data/historical_props/raw/2024-09-15_20240922T195500Z_cd904fbb09c5130b857595217364bb07.json,13431,Generated/output/cache data,,,IGNORE_GIT_CANDIDATE,Raw/cache source artifact; large and reproducible from source requests where available.,false,false,false
data_file,data/historical_props/raw/2024-09-15_20240922T195500Z_e61fbdc294fce579705fa0ed6de85ce2.json,12396,Generated/output/cache data,,,IGNORE_GIT_CANDIDATE,Raw/cache source artifact; large and reproducible from source requests where available.,false,false,false
data_file,data/historical_props/raw/2024-09-15_20240922T195500Z_f89d2da2d1b692de14ddf77e186cc5c7.json,10615,Generated/output/cache data,,,IGNORE_GIT_CANDIDATE,Raw/cache source artifact; large and reproducible from source requests where available.,false,false,false
data_file,data/historical_props/raw/2024-09-15_20240922T235000Z_bd907bcbaaefa56a30c4fa2c57281a51.json,12378,Generated/output/cache data,,,IGNORE_GIT_CANDIDATE,Raw/cache source artifact; large and reproducible from source requests where available.,false,false,false
data_file,data/historical_props/raw/2024-09-15_20240923T230100Z_96be3ba73fc562e49a0120b5923c3213.json,11668,Generated/output/cache data,,,IGNORE_GIT_CANDIDATE,Raw/cache source artifact; large and reproducible from source requests where available.,false,false,false
data_file,data/historical_props/raw/2024-09-15_20240923T234500Z_8e047915fdc9b7dc77d2276e740f55d2.json,13048,Generated/output/cache data,,,IGNORE_GIT_CANDIDATE,Raw/cache source artifact; large and reproducible from source requests where available.,false,false,false
data_file,data/historical_props/raw/2024-09-22_20240922T163000Z_200c20527d1d6f44257155548cdac1e8.json,10942,Generated/output/cache data,,,IGNORE_GIT_CANDIDATE,Raw/cache source artifact; large and reproducible from source requests where available.,false,false,false
data_file,data/historical_props/raw/2024-09-22_20240922T163000Z_2ee776f967540a404694111f27822004.json,9158,Generated/output/cache data,,,IGNORE_GIT_CANDIDATE,Raw/cache source artifact; large and reproducible from source requests where available.,false,false,false
data_file,data/historical_props/raw/2024-09-22_20240922T163000Z_326301fd41fe90d64929b44a2e227b23.json,9854,Generated/output/cache data,,,IGNORE_GIT_CANDIDATE,Raw/cache source artifact; large and reproducible from source requests where available.,false,false,false
data_file,data/historical_props/raw/2024-09-22_20240922T163000Z_81cee90c26bf0ec45c3bc946b8143e19.json,12720,Generated/output/cache data,,,IGNORE_GIT_CANDIDATE,Raw/cache source artifact; large and reproducible from source requests where available.,false,false,false
data_file,data/historical_props/raw/2024-09-22_20240922T163000Z_8b6897f314b84276526a4ba371d67e20.json,12016,Generated/output/cache data,,,IGNORE_GIT_CANDIDATE,Raw/cache source artifact; large and reproducible from source requests where available.,false,false,false
data_file,data/historical_props/raw/2024-09-22_20240922T163000Z_e46e4c9f5d6884910657cd6581da3978.json,12751,Generated/output/cache data,,,IGNORE_GIT_CANDIDATE,Raw/cache source artifact; large and reproducible from source requests where available.,false,false,false
data_file,data/historical_props/raw/2024-09-22_20240922T163000Z_fc293a1ac914f24cb110ed2b8250292d.json,12289,Generated/output/cache data,,,IGNORE_GIT_CANDIDATE,Raw/cache source artifact; large and reproducible from source requests where available.,false,false,false
data_file,data/historical_props/raw/2024-09-22_20240922T193500Z_49397bc00cf6d5e50f0a943538f1b00d.json,13095,Generated/output/cache data,,,IGNORE_GIT_CANDIDATE,Raw/cache source artifact; large and reproducible from source requests where available.,false,false,false
data_file,data/historical_props/raw/2024-09-22_20240922T193500Z_acc41dc7aeae8f8db0604c743213916c.json,9840,Generated/output/cache data,,,IGNORE_GIT_CANDIDATE,Raw/cache source artifact; large and reproducible from source requests where available.,false,false,false
data_file,data/historical_props/raw/2024-09-22_20240922T195500Z_cd904fbb09c5130b857595217364bb07.json,13431,Generated/output/cache data,,,IGNORE_GIT_CANDIDATE,Raw/cache source artifact; large and reproducible from source requests where available.,false,false,false
data_file,data/historical_props/raw/2024-09-22_20240922T195500Z_e61fbdc294fce579705fa0ed6de85ce2.json,12396,Generated/output/cache data,,,IGNORE_GIT_CANDIDATE,Raw/cache source artifact; large and reproducible from source requests where available.,false,false,false
data_file,data/historical_props/raw/2024-09-22_20240922T195500Z_f89d2da2d1b692de14ddf77e186cc5c7.json,10615,Generated/output/cache data,,,IGNORE_GIT_CANDIDATE,Raw/cache source artifact; large and reproducible from source requests where available.,false,false,false
data_file,data/historical_props/raw/2024-09-22_20240922T235000Z_bd907bcbaaefa56a30c4fa2c57281a51.json,12378,Generated/output/cache data,,,IGNORE_GIT_CANDIDATE,Raw/cache source artifact; large and reproducible from source requests where available.,false,false,false
data_file,data/historical_props/raw/2024-09-22_20240923T230000Z_96be3ba73fc562e49a0120b5923c3213.json,11668,Generated/output/cache data,,,IGNORE_GIT_CANDIDATE,Raw/cache source artifact; large and reproducible from source requests where available.,false,false,false
data_file,data/historical_props/raw/2024-09-22_20240923T234500Z_8e047915fdc9b7dc77d2276e740f55d2.json,13048,Generated/output/cache data,,,IGNORE_GIT_CANDIDATE,Raw/cache source artifact; large and reproducible from source requests where available.,false,false,false
data_file,data/historical_props/raw/2024-09-22_20240926T234500Z_b08196b0745d9e2e0bebfe8627fc5a1f.json,12398,Generated/output/cache data,,,IGNORE_GIT_CANDIDATE,Raw/cache source artifact; large and reproducible from source requests where available.,false,false,false
data_file,data/historical_props/raw/2024-09-22_20240929T163000Z_1f9f768db4ab5e36fad5080f8a338725.json,11976,Generated/output/cache data,,,IGNORE_GIT_CANDIDATE,Raw/cache source artifact; large and reproducible from source requests where available.,false,false,false
data_file,data/historical_props/raw/2024-09-22_20240929T163000Z_3855431777952837560f29bff9d6b4e3.json,9885,Generated/output/cache data,,,IGNORE_GIT_CANDIDATE,Raw/cache source artifact; large and reproducible from source requests where available.,false,false,false
data_file,data/historical_props/raw/2024-09-22_20240929T163000Z_3858ab1dfdb4db4987218c709a51d1bf.json,9863,Generated/output/cache data,,,IGNORE_GIT_CANDIDATE,Raw/cache source artifact; large and reproducible from source requests where available.,false,false,false
data_file,data/historical_props/raw/2024-09-22_20240929T163000Z_6b08b0416089dbb0459c208f5c0c6d41.json,11278,Generated/output/cache data,,,IGNORE_GIT_CANDIDATE,Raw/cache source artifact; large and reproducible from source requests where available.,false,false,false
data_file,data/historical_props/raw/2024-09-22_20240929T163000Z_701d98795b391636de6d0860c6782f2d.json,12041,Generated/output/cache data,,,IGNORE_GIT_CANDIDATE,Raw/cache source artifact; large and reproducible from source requests where available.,false,false,false
data_file,data/historical_props/raw/2024-09-22_20240929T163000Z_82483a4f1a2ae000d00778810d85d13c.json,11618,Generated/output/cache data,,,IGNORE_GIT_CANDIDATE,Raw/cache source artifact; large and reproducible from source requests where available.,false,false,false
data_file,data/historical_props/raw/2024-09-22_20240929T163000Z_a0a3ae18f5a26bdaa0e2f32aa8af7ce0.json,9559,Generated/output/cache data,,,IGNORE_GIT_CANDIDATE,Raw/cache source artifact; large and reproducible from source requests where available.,false,false,false
data_file,data/historical_props/raw/2024-09-22_20240929T163000Z_e603ee3c4035a8558b9bcb6aded87ff4.json,12393,Generated/output/cache data,,,IGNORE_GIT_CANDIDATE,Raw/cache source artifact; large and reproducible from source requests where available.,false,false,false
data_file,data/historical_props/raw/2024-09-22_20240929T193500Z_2536f23add2224ed79c070c55af28bbf.json,11323,Generated/output/cache data,,,IGNORE_GIT_CANDIDATE,Raw/cache source artifact; large and reproducible from source requests where available.,false,false,false
data_file,data/historical_props/raw/2024-09-22_20240929T193500Z_b0461ea737b89685d0aee3050bca0cc5.json,11328,Generated/output/cache data,,,IGNORE_GIT_CANDIDATE,Raw/cache source artifact; large and reproducible from source requests where available.,false,false,false
data_file,data/historical_props/raw/2024-09-22_20240929T195500Z_3f180e883b429700dd32ff2133ac37ef.json,9467,Generated/output/cache data,,,IGNORE_GIT_CANDIDATE,Raw/cache source artifact; large and reproducible from source requests where available.,false,false,false
data_file,data/historical_props/raw/2024-09-22_20240929T195500Z_b839e959b4e28cdd96341dbcf99d4a42.json,10918,Generated/output/cache data,,,IGNORE_GIT_CANDIDATE,Raw/cache source artifact; large and reproducible from source requests where available.,false,false,false
data_file,data/historical_props/raw/2024-09-22_20240929T234500Z_ce925c8cb892e1806399345e7885828d.json,14111,Generated/output/cache data,,,IGNORE_GIT_CANDIDATE,Raw/cache source artifact; large and reproducible from source requests where available.,false,false,false
data_file,data/historical_props/raw/2024-09-22_20240930T230000Z_a207d1faa78a276de49cdebb7ef4fc0e.json,11620,Generated/output/cache data,,,IGNORE_GIT_CANDIDATE,Raw/cache source artifact; large and reproducible from source requests where available.,false,false,false
data_file,data/historical_props/raw/2024-09-22_20240930T234500Z_2b7f812133cedc184625d7bc8362564a.json,12060,Generated/output/cache data,,,IGNORE_GIT_CANDIDATE,Raw/cache source artifact; large and reproducible from source requests where available.,false,false,false
data_file,data/historical_props/raw/2024-11-17_20241117T173000Z_1e5feffbcc2b9c122727b45963203298.json,13860,Generated/output/cache data,,,IGNORE_GIT_CANDIDATE,Raw/cache source artifact; large and reproducible from source requests where available.,false,false,false
data_file,data/historical_props/raw/2024-11-17_20241117T173000Z_6aa05bdde84274ea82472f0bc79baaad.json,12384,Generated/output/cache data,,,IGNORE_GIT_CANDIDATE,Raw/cache source artifact; large and reproducible from source requests where available.,false,false,false
data_file,data/historical_props/raw/2024-11-17_20241117T173000Z_73f1d28c0bfe32a1ff292b688bb85df3.json,10257,Generated/output/cache data,,,IGNORE_GIT_CANDIDATE,Raw/cache source artifact; large and reproducible from source requests where available.,false,false,false
data_file,data/historical_props/raw/2024-11-17_20241117T173000Z_7614724acc0987e643d0a60e73167b2e.json,11319,Generated/output/cache data,,,IGNORE_GIT_CANDIDATE,Raw/cache source artifact; large and reproducible from source requests where available.,false,false,false
data_file,data/historical_props/raw/2024-11-17_20241117T173000Z_7c742858a76089990395c3179731744b.json,11602,Generated/output/cache data,,,IGNORE_GIT_CANDIDATE,Raw/cache source artifact; large and reproducible from source requests where available.,false,false,false
data_file,data/historical_props/raw/2024-11-17_20241117T173000Z_ca63340028583e516e8053ee36318425.json,11313,Generated/output/cache data,,,IGNORE_GIT_CANDIDATE,Raw/cache source artifact; large and reproducible from source requests where available.,false,false,false
data_file,data/historical_props/raw/2024-11-17_20241117T173000Z_d0f73537e153be7455c87ae97864ef7d.json,11340,Generated/output/cache data,,,IGNORE_GIT_CANDIDATE,Raw/cache source artifact; large and reproducible from source requests where available.,false,false,false
data_file,data/historical_props/raw/2024-11-17_20241117T173000Z_e552bfd99b12a0acd319b922f7a9fa7c.json,10256,Generated/output/cache data,,,IGNORE_GIT_CANDIDATE,Raw/cache source artifact; large and reproducible from source requests where available.,false,false,false
data_file,data/historical_props/raw/2024-11-17_20241117T203500Z_4baedb2bf9b85f9b9ec40e88bacc1792.json,12416,Generated/output/cache data,,,IGNORE_GIT_CANDIDATE,Raw/cache source artifact; large and reproducible from source requests where available.,false,false,false
data_file,data/historical_props/raw/2024-11-17_20241117T203500Z_cc4a0f06f87d64f4a02816ca7da514fa.json,11363,Generated/output/cache data,,,IGNORE_GIT_CANDIDATE,Raw/cache source artifact; large and reproducible from source requests where available.,false,false,false
data_file,data/historical_props/raw/2024-11-17_20241117T205500Z_2ac4732d168fd3fd0958719e2b11aad1.json,12333,Generated/output/cache data,,,IGNORE_GIT_CANDIDATE,Raw/cache source artifact; large and reproducible from source requests where available.,false,false,false
data_file,data/historical_props/raw/2024-11-17_20241118T004500Z_a2b3fd60eede2230285512b8c3b4eed3.json,12348,Generated/output/cache data,,,IGNORE_GIT_CANDIDATE,Raw/cache source artifact; large and reproducible from source requests where available.,false,false,false
data_file,data/historical_props/raw/2024-11-17_20241119T004500Z_81c2170ca58c6a837e5c0f1528e8513c.json,10157,Generated/output/cache data,,,IGNORE_GIT_CANDIDATE,Raw/cache source artifact; large and reproducible from source requests where available.,false,false,false
data_file,data/historical_props/raw/2024-11-17_20241122T004500Z_3544bdfabe61cc6d4389984a5ca83955.json,12390,Generated/output/cache data,,,IGNORE_GIT_CANDIDATE,Raw/cache source artifact; large and reproducible from source requests where available.,false,false,false
data_file,data/historical_props/raw/2024-11-17_20241124T173000Z_28c6ab7cb99a26666b9c7d649bbd46f3.json,12048,Generated/output/cache data,,,IGNORE_GIT_CANDIDATE,Raw/cache source artifact; large and reproducible from source requests where available.,false,false,false
data_file,data/historical_props/raw/2024-11-17_20241124T173000Z_2c895731f7e3bd3effe4e87779fbdcc2.json,11672,Generated/output/cache data,,,IGNORE_GIT_CANDIDATE,Raw/cache source artifact; large and reproducible from source requests where available.,false,false,false
data_file,data/historical_props/raw/2024-11-17_20241124T173000Z_2f2541411e68f807dc47d527f5dd4cba.json,11360,Generated/output/cache data,,,IGNORE_GIT_CANDIDATE,Raw/cache source artifact; large and reproducible from source requests where available.,false,false,false
data_file,data/historical_props/raw/2024-11-17_20241124T173000Z_366a8618003ac848eac5144aebbeace4.json,11705,Generated/output/cache data,,,IGNORE_GIT_CANDIDATE,Raw/cache source artifact; large and reproducible from source requests where available.,false,false,false
data_file,data/historical_props/raw/2024-11-17_20241124T173000Z_56f4bfb8e21ec6003f31a080be045fc3.json,10559,Generated/output/cache data,,,IGNORE_GIT_CANDIDATE,Raw/cache source artifact; large and reproducible from source requests where available.,false,false,false
data_file,data/historical_props/raw/2024-11-17_20241124T173000Z_bc6d508d57f822879df4dbc3c4465226.json,11246,Generated/output/cache data,,,IGNORE_GIT_CANDIDATE,Raw/cache source artifact; large and reproducible from source requests where available.,false,false,false
data_file,data/historical_props/raw/2024-11-17_20241124T173100Z_3c833a498591fa8934c84aa7f3215b7f.json,11674,Generated/output/cache data,,,IGNORE_GIT_CANDIDATE,Raw/cache source artifact; large and reproducible from source requests where available.,false,false,false
data_file,data/historical_props/raw/2024-11-17_20241124T203500Z_19d5cf9ece71b4671440a3b9e03942c4.json,10968,Generated/output/cache data,,,IGNORE_GIT_CANDIDATE,Raw/cache source artifact; large and reproducible from source requests where available.,false,false,false
data_file,data/historical_props/raw/2024-11-17_20241124T205500Z_b26e961510947a770532c902ceb27e75.json,11685,Generated/output/cache data,,,IGNORE_GIT_CANDIDATE,Raw/cache source artifact; large and reproducible from source requests where available.,false,false,false
data_file,data/historical_props/raw/2024-11-17_20241124T205500Z_d9a2e1ead2367a3b0f46d247ed5b2906.json,11695,Generated/output/cache data,,,IGNORE_GIT_CANDIDATE,Raw/cache source artifact; large and reproducible from source requests where available.,false,false,false
data_file,data/historical_props/raw/2024-11-17_20241125T005100Z_40c0ee76eb698fbd5d42139045c27c3e.json,10569,Generated/output/cache data,,,IGNORE_GIT_CANDIDATE,Raw/cache source artifact; large and reproducible from source requests where available.,false,false,false
data_file,data/historical_props/raw/2024-11-17_20241126T004500Z_887b10368f0b3f33a8c47e955736da89.json,12009,Generated/output/cache data,,,IGNORE_GIT_CANDIDATE,Raw/cache source artifact; large and reproducible from source requests where available.,false,false,false
data_file,data/historical_props/raw/2024-11-24_20241124T173000Z_28c6ab7cb99a26666b9c7d649bbd46f3.json,12048,Generated/output/cache data,,,IGNORE_GIT_CANDIDATE,Raw/cache source artifact; large and reproducible from source requests where available.,false,false,false
data_file,data/historical_props/raw/2024-11-24_20241124T173000Z_2c895731f7e3bd3effe4e87779fbdcc2.json,11672,Generated/output/cache data,,,IGNORE_GIT_CANDIDATE,Raw/cache source artifact; large and reproducible from source requests where available.,false,false,false
data_file,data/historical_props/raw/2024-11-24_20241124T173000Z_2f2541411e68f807dc47d527f5dd4cba.json,11360,Generated/output/cache data,,,IGNORE_GIT_CANDIDATE,Raw/cache source artifact; large and reproducible from source requests where available.,false,false,false
data_file,data/historical_props/raw/2024-11-24_20241124T173000Z_366a8618003ac848eac5144aebbeace4.json,11705,Generated/output/cache data,,,IGNORE_GIT_CANDIDATE,Raw/cache source artifact; large and reproducible from source requests where available.,false,false,false
data_file,data/historical_props/raw/2024-11-24_20241124T173000Z_3c833a498591fa8934c84aa7f3215b7f.json,11674,Generated/output/cache data,,,IGNORE_GIT_CANDIDATE,Raw/cache source artifact; large and reproducible from source requests where available.,false,false,false
data_file,data/historical_props/raw/2024-11-24_20241124T173000Z_56f4bfb8e21ec6003f31a080be045fc3.json,10559,Generated/output/cache data,,,IGNORE_GIT_CANDIDATE,Raw/cache source artifact; large and reproducible from source requests where available.,false,false,false
data_file,data/historical_props/raw/2024-11-24_20241124T173000Z_bc6d508d57f822879df4dbc3c4465226.json,11246,Generated/output/cache data,,,IGNORE_GIT_CANDIDATE,Raw/cache source artifact; large and reproducible from source requests where available.,false,false,false
data_file,data/historical_props/raw/2024-11-24_20241124T203500Z_19d5cf9ece71b4671440a3b9e03942c4.json,10968,Generated/output/cache data,,,IGNORE_GIT_CANDIDATE,Raw/cache source artifact; large and reproducible from source requests where available.,false,false,false
data_file,data/historical_props/raw/2024-11-24_20241124T205500Z_b26e961510947a770532c902ceb27e75.json,11685,Generated/output/cache data,,,IGNORE_GIT_CANDIDATE,Raw/cache source artifact; large and reproducible from source requests where available.,false,false,false
data_file,data/historical_props/raw/2024-11-24_20241124T205500Z_d9a2e1ead2367a3b0f46d247ed5b2906.json,11695,Generated/output/cache data,,,IGNORE_GIT_CANDIDATE,Raw/cache source artifact; large and reproducible from source requests where available.,false,false,false
data_file,data/historical_props/raw/2024-11-24_20241125T005000Z_40c0ee76eb698fbd5d42139045c27c3e.json,10569,Generated/output/cache data,,,IGNORE_GIT_CANDIDATE,Raw/cache source artifact; large and reproducible from source requests where available.,false,false,false
data_file,data/historical_props/raw/2024-11-24_20241126T004500Z_887b10368f0b3f33a8c47e955736da89.json,12009,Generated/output/cache data,,,IGNORE_GIT_CANDIDATE,Raw/cache source artifact; large and reproducible from source requests where available.,false,false,false
data_file,data/historical_props/raw/2024-11-24_20241128T170000Z_818a0f592da4fc2dea2a8caa3170bd6f.json,11268,Generated/output/cache data,,,IGNORE_GIT_CANDIDATE,Raw/cache source artifact; large and reproducible from source requests where available.,false,false,false
data_file,data/historical_props/raw/2024-11-24_20241128T210000Z_1c53fc0f9537ba80e2c121bb58979a24.json,10231,Generated/output/cache data,,,IGNORE_GIT_CANDIDATE,Raw/cache source artifact; large and reproducible from source requests where available.,false,false,false
data_file,data/historical_props/raw/2024-11-24_20241129T005000Z_e6b414e1b7a012e57d1a0746769f28a2.json,14156,Generated/output/cache data,,,IGNORE_GIT_CANDIDATE,Raw/cache source artifact; large and reproducible from source requests where available.,false,false,false
data_file,data/historical_props/raw/2024-11-24_20241129T193000Z_d703217fef577dba3f2d0c38881dd7d3.json,11980,Generated/output/cache data,,,IGNORE_GIT_CANDIDATE,Raw/cache source artifact; large and reproducible from source requests where available.,false,false,false
data_file,data/historical_props/raw/2024-11-24_20241201T173000Z_0693d63a0af985e361e21fa59fdd8bed.json,10239,Generated/output/cache data,,,IGNORE_GIT_CANDIDATE,Raw/cache source artifact; large and reproducible from source requests where available.,false,false,false
data_file,data/historical_props/raw/2024-11-24_20241201T173000Z_2be5371e838993958fd7eb2eda6fc412.json,10230,Generated/output/cache data,,,IGNORE_GIT_CANDIDATE,Raw/cache source artifact; large and reproducible from source requests where available.,false,false,false
data_file,data/historical_props/raw/2024-11-24_20241201T173000Z_45b543405582d30cef04650884f45c6d.json,9887,Generated/output/cache data,,,IGNORE_GIT_CANDIDATE,Raw/cache source artifact; large and reproducible from source requests where available.,false,false,false
data_file,data/historical_props/raw/2024-11-24_20241201T173000Z_63057e9eb2da9cc89ac93911769b9a3e.json,10951,Generated/output/cache data,,,IGNORE_GIT_CANDIDATE,Raw/cache source artifact; large and reproducible from source requests where available.,false,false,false
data_file,data/historical_props/raw/2024-11-24_20241201T173000Z_8b7a76ee61f07cddbb60fc1e079bfeed.json,10685,Generated/output/cache data,,,IGNORE_GIT_CANDIDATE,Raw/cache source artifact; large and reproducible from source requests where available.,false,false,false
data_file,data/historical_props/raw/2024-11-24_20241201T173000Z_cea1abe8ef88e4105f4cd505b45cd781.json,11706,Generated/output/cache data,,,IGNORE_GIT_CANDIDATE,Raw/cache source artifact; large and reproducible from source requests where available.,false,false,false
data_file,data/historical_props/raw/2024-11-24_20241201T173100Z_041764a17c3ecb1fccd45fc75b7a2b49.json,11315,Generated/output/cache data,,,IGNORE_GIT_CANDIDATE,Raw/cache source artifact; large and reproducible from source requests where available.,false,false,false
data_file,data/historical_props/raw/2024-11-24_20241201T203500Z_59ffd762ad2b5d96196f4f58037ab670.json,11646,Generated/output/cache data,,,IGNORE_GIT_CANDIDATE,Raw/cache source artifact; large and reproducible from source requests where available.,false,false,false
data_file,data/historical_props/raw/2024-11-24_20241201T203500Z_9dcbd3e2d022d7ed1ef1e0e7f8b08f2b.json,9531,Generated/output/cache data,,,IGNORE_GIT_CANDIDATE,Raw/cache source artifact; large and reproducible from source requests where available.,false,false,false
data_file,data/historical_props/raw/2024-11-24_20241201T205500Z_afa7eb720baa94269de839965e41b8b3.json,10918,Generated/output/cache data,,,IGNORE_GIT_CANDIDATE,Raw/cache source artifact; large and reproducible from source requests where available.,false,false,false
data_file,data/historical_props/raw/2024-11-24_20241203T004600Z_e73de417d2fd01292ed12cea2a906903.json,13826,Generated/output/cache data,,,IGNORE_GIT_CANDIDATE,Raw/cache source artifact; large and reproducible from source requests where available.,false,false,false
data_file,data/historical_props/raw/2024-12-01_20241201T173000Z_041764a17c3ecb1fccd45fc75b7a2b49.json,11315,Generated/output/cache data,,,IGNORE_GIT_CANDIDATE,Raw/cache source artifact; large and reproducible from source requests where available.,false,false,false
data_file,data/historical_props/raw/2024-12-01_20241201T173000Z_0693d63a0af985e361e21fa59fdd8bed.json,10239,Generated/output/cache data,,,IGNORE_GIT_CANDIDATE,Raw/cache source artifact; large and reproducible from source requests where available.,false,false,false
data_file,data/historical_props/raw/2024-12-01_20241201T173000Z_2be5371e838993958fd7eb2eda6fc412.json,10230,Generated/output/cache data,,,IGNORE_GIT_CANDIDATE,Raw/cache source artifact; large and reproducible from source requests where available.,false,false,false
data_file,data/historical_props/raw/2024-12-01_20241201T173000Z_45b543405582d30cef04650884f45c6d.json,9887,Generated/output/cache data,,,IGNORE_GIT_CANDIDATE,Raw/cache source artifact; large and reproducible from source requests where available.,false,false,false
data_file,data/historical_props/raw/2024-12-01_20241201T173000Z_63057e9eb2da9cc89ac93911769b9a3e.json,10951,Generated/output/cache data,,,IGNORE_GIT_CANDIDATE,Raw/cache source artifact; large and reproducible from source requests where available.,false,false,false
data_file,data/historical_props/raw/2024-12-01_20241201T173000Z_8b7a76ee61f07cddbb60fc1e079bfeed.json,10685,Generated/output/cache data,,,IGNORE_GIT_CANDIDATE,Raw/cache source artifact; large and reproducible from source requests where available.,false,false,false
data_file,data/historical_props/raw/2024-12-01_20241201T173000Z_cea1abe8ef88e4105f4cd505b45cd781.json,11706,Generated/output/cache data,,,IGNORE_GIT_CANDIDATE,Raw/cache source artifact; large and reproducible from source requests where available.,false,false,false
data_file,data/historical_props/raw/2024-12-01_20241201T203500Z_59ffd762ad2b5d96196f4f58037ab670.json,11646,Generated/output/cache data,,,IGNORE_GIT_CANDIDATE,Raw/cache source artifact; large and reproducible from source requests where available.,false,false,false
data_file,data/historical_props/raw/2024-12-01_20241201T203500Z_9dcbd3e2d022d7ed1ef1e0e7f8b08f2b.json,9531,Generated/output/cache data,,,IGNORE_GIT_CANDIDATE,Raw/cache source artifact; large and reproducible from source requests where available.,false,false,false
data_file,data/historical_props/raw/2024-12-01_20241201T205500Z_afa7eb720baa94269de839965e41b8b3.json,10918,Generated/output/cache data,,,IGNORE_GIT_CANDIDATE,Raw/cache source artifact; large and reproducible from source requests where available.,false,false,false
data_file,data/historical_props/raw/2024-12-01_20241202T005000Z_31557235498f42eeba725001c12c97ff.json,11288,Generated/output/cache data,,,IGNORE_GIT_CANDIDATE,Raw/cache source artifact; large and reproducible from source requests where available.,false,false,false
data_file,data/historical_props/raw/2024-12-01_20241203T004500Z_e73de417d2fd01292ed12cea2a906903.json,13826,Generated/output/cache data,,,IGNORE_GIT_CANDIDATE,Raw/cache source artifact; large and reproducible from source requests where available.,false,false,false
data_file,data/historical_props/raw/2024-12-01_20241206T004500Z_e0b1a11b515324fa603bb16ff278dcbf.json,11308,Generated/output/cache data,,,IGNORE_GIT_CANDIDATE,Raw/cache source artifact; large and reproducible from source requests where available.,false,false,false
data_file,data/historical_props/raw/2024-12-01_20241208T173000Z_20f2d85ab93463d3c7dbe2573da7f892.json,11016,Generated/output/cache data,,,IGNORE_GIT_CANDIDATE,Raw/cache source artifact; large and reproducible from source requests where available.,false,false,false
data_file,data/historical_props/raw/2024-12-01_20241208T173000Z_48859a2a659fe2dd71db168127a01b13.json,10574,Generated/output/cache data,,,IGNORE_GIT_CANDIDATE,Raw/cache source artifact; large and reproducible from source requests where available.,false,false,false
data_file,data/historical_props/raw/2024-12-01_20241208T173000Z_757ca79be58cadb6fece7718e6e260a2.json,11672,Generated/output/cache data,,,IGNORE_GIT_CANDIDATE,Raw/cache source artifact; large and reproducible from source requests where available.,false,false,false
data_file,data/historical_props/raw/2024-12-01_20241208T173000Z_7ae6be20a581839e77dd6b3f4eab564b.json,11660,Generated/output/cache data,,,IGNORE_GIT_CANDIDATE,Raw/cache source artifact; large and reproducible from source requests where available.,false,false,false
data_file,data/historical_props/raw/2024-12-01_20241208T173000Z_7d1198f17462901352e686d8d9515232.json,11353,Generated/output/cache data,,,IGNORE_GIT_CANDIDATE,Raw/cache source artifact; large and reproducible from source requests where available.,false,false,false
data_file,data/historical_props/raw/2024-12-01_20241208T173000Z_b8419de1f0e84d8b18da62151ab69596.json,9490,Generated/output/cache data,,,IGNORE_GIT_CANDIDATE,Raw/cache source artifact; large and reproducible from source requests where available.,false,false,false
data_file,data/historical_props/raw/2024-12-01_20241208T173000Z_c14dd2e8bf469a6736f73be3c28706e8.json,11658,Generated/output/cache data,,,IGNORE_GIT_CANDIDATE,Raw/cache source artifact; large and reproducible from source requests where available.,false,false,false
data_file,data/historical_props/raw/2024-12-01_20241208T203500Z_8c7efb50e0c8c9be94e7b969c58da045.json,9503,Generated/output/cache data,,,IGNORE_GIT_CANDIDATE,Raw/cache source artifact; large and reproducible from source requests where available.,false,false,false
data_file,data/historical_props/raw/2024-12-01_20241208T205500Z_5188cb03fd7577d7448874486c26dccb.json,11251,Generated/output/cache data,,,IGNORE_GIT_CANDIDATE,Raw/cache source artifact; large and reproducible from source requests where available.,false,false,false
data_file,data/historical_props/raw/2024-12-01_20241208T205500Z_57e91ca052d9484f67f83308f3fb7f65.json,10898,Generated/output/cache data,,,IGNORE_GIT_CANDIDATE,Raw/cache source artifact; large and reproducible from source requests where available.,false,false,false
data_file,data/historical_props/raw/2024-12-01_20241209T005000Z_c70e1ecbef22c98419d4707199d050af.json,12748,Generated/output/cache data,,,IGNORE_GIT_CANDIDATE,Raw/cache source artifact; large and reproducible from source requests where available.,false,false,false
data_file,data/historical_props/raw/2024-12-01_20241210T004500Z_2fd335893dbb8ab9c0e1aea6c98a969c.json,11245,Generated/output/cache data,,,IGNORE_GIT_CANDIDATE,Raw/cache source artifact; large and reproducible from source requests where available.,false,false,false
data_file,data/historical_props/raw/2024-12-08_20241208T173000Z_20f2d85ab93463d3c7dbe2573da7f892.json,4393,Generated/output/cache data,,,IGNORE_GIT_CANDIDATE,Raw/cache source artifact; large and reproducible from source requests where available.,false,false,false
data_file,data/historical_props/raw/2024-12-08_20241208T173000Z_48859a2a659fe2dd71db168127a01b13.json,4341,Generated/output/cache data,,,IGNORE_GIT_CANDIDATE,Raw/cache source artifact; large and reproducible from source requests where available.,false,false,false
data_file,data/historical_props/raw/2024-12-08_20241208T173000Z_757ca79be58cadb6fece7718e6e260a2.json,4719,Generated/output/cache data,,,IGNORE_GIT_CANDIDATE,Raw/cache source artifact; large and reproducible from source requests where available.,false,false,false
data_file,data/historical_props/raw/2024-12-08_20241208T173000Z_7ae6be20a581839e77dd6b3f4eab564b.json,4716,Generated/output/cache data,,,IGNORE_GIT_CANDIDATE,Raw/cache source artifact; large and reproducible from source requests where available.,false,false,false
data_file,data/historical_props/raw/2024-12-08_20241208T173000Z_7d1198f17462901352e686d8d9515232.json,4747,Generated/output/cache data,,,IGNORE_GIT_CANDIDATE,Raw/cache source artifact; large and reproducible from source requests where available.,false,false,false
data_file,data/historical_props/raw/2024-12-08_20241208T173000Z_b8419de1f0e84d8b18da62151ab69596.json,4343,Generated/output/cache data,,,IGNORE_GIT_CANDIDATE,Raw/cache source artifact; large and reproducible from source requests where available.,false,false,false
data_file,data/historical_props/raw/2024-12-08_20241208T173000Z_c14dd2e8bf469a6736f73be3c28706e8.json,4719,Generated/output/cache data,,,IGNORE_GIT_CANDIDATE,Raw/cache source artifact; large and reproducible from source requests where available.,false,false,false
data_file,data/historical_props/raw/2024-12-08_20241208T203500Z_8c7efb50e0c8c9be94e7b969c58da045.json,4706,Generated/output/cache data,,,IGNORE_GIT_CANDIDATE,Raw/cache source artifact; large and reproducible from source requests where available.,false,false,false
data_file,data/historical_props/raw/2024-12-08_20241208T205500Z_5188cb03fd7577d7448874486c26dccb.json,5053,Generated/output/cache data,,,IGNORE_GIT_CANDIDATE,Raw/cache source artifact; large and reproducible from source requests where available.,false,false,false
data_file,data/historical_props/raw/2024-12-08_20241208T205500Z_57e91ca052d9484f67f83308f3fb7f65.json,4330,Generated/output/cache data,,,IGNORE_GIT_CANDIDATE,Raw/cache source artifact; large and reproducible from source requests where available.,false,false,false
data_file,data/historical_props/raw/2024-12-08_20241209T005000Z_c70e1ecbef22c98419d4707199d050af.json,5429,Generated/output/cache data,,,IGNORE_GIT_CANDIDATE,Raw/cache source artifact; large and reproducible from source requests where available.,false,false,false
data_file,data/historical_props/raw/2024-12-08_20241210T004500Z_2fd335893dbb8ab9c0e1aea6c98a969c.json,5060,Generated/output/cache data,,,IGNORE_GIT_CANDIDATE,Raw/cache source artifact; large and reproducible from source requests where available.,false,false,false
data_file,data/historical_props/raw/2024-12-08_20241213T004500Z_b89ffb3a984d693fd6e69cdc3f2d585a.json,4720,Generated/output/cache data,,,IGNORE_GIT_CANDIDATE,Raw/cache source artifact; large and reproducible from source requests where available.,false,false,false
data_file,data/historical_props/raw/2024-12-08_20241215T173100Z_3b7db9e7d8af9f357fa301fb43f2e6af.json,4381,Generated/output/cache data,,,IGNORE_GIT_CANDIDATE,Raw/cache source artifact; large and reproducible from source requests where available.,false,false,false
data_file,data/historical_props/raw/2024-12-08_20241215T173100Z_5b0eca40563ea0d05181677441c3c0bc.json,4363,Generated/output/cache data,,,IGNORE_GIT_CANDIDATE,Raw/cache source artifact; large and reproducible from source requests where available.,false,false,false
data_file,data/historical_props/raw/2024-12-08_20241215T173100Z_5e028b3e2019613c56d3431d4e04e46d.json,3258,Generated/output/cache data,,,IGNORE_GIT_CANDIDATE,Raw/cache source artifact; large and reproducible from source requests where available.,false,false,false
data_file,data/historical_props/raw/2024-12-08_20241215T173100Z_79eb6a96467e443fcd884f1aab38fb40.json,4334,Generated/output/cache data,,,IGNORE_GIT_CANDIDATE,Raw/cache source artifact; large and reproducible from source requests where available.,false,false,false
data_file,data/historical_props/raw/2024-12-08_20241215T173100Z_7b58ba499776572737bf4335349ee5ca.json,4373,Generated/output/cache data,,,IGNORE_GIT_CANDIDATE,Raw/cache source artifact; large and reproducible from source requests where available.,false,false,false
data_file,data/historical_props/raw/2024-12-08_20241215T173100Z_9db2aef33225a4bda04bbc7c33e50e63.json,4713,Generated/output/cache data,,,IGNORE_GIT_CANDIDATE,Raw/cache source artifact; large and reproducible from source requests where available.,false,false,false
data_file,data/historical_props/raw/2024-12-08_20241215T173100Z_f6d5d91ea4480042265698647a6120f6.json,4721,Generated/output/cache data,,,IGNORE_GIT_CANDIDATE,Raw/cache source artifact; large and reproducible from source requests where available.,false,false,false
data_file,data/historical_props/raw/2024-12-08_20241215T205600Z_531a7692ed7474109ad7d6e331751234.json,4356,Generated/output/cache data,,,IGNORE_GIT_CANDIDATE,Raw/cache source artifact; large and reproducible from source requests where available.,false,false,false
data_file,data/historical_props/raw/2024-12-08_20241215T205600Z_9cec3324e93aa4ece67f4ed4447bc212.json,5090,Generated/output/cache data,,,IGNORE_GIT_CANDIDATE,Raw/cache source artifact; large and reproducible from source requests where available.,false,false,false
data_file,data/historical_props/raw/2024-12-08_20241215T205600Z_c562ac548944fe897e62f4a142de4d54.json,4385,Generated/output/cache data,,,IGNORE_GIT_CANDIDATE,Raw/cache source artifact; large and reproducible from source requests where available.,false,false,false
data_file,data/historical_props/raw/2024-12-08_20241215T205600Z_f3d85c6f4152c6f9c28df5332d7d01ae.json,4707,Generated/output/cache data,,,IGNORE_GIT_CANDIDATE,Raw/cache source artifact; large and reproducible from source requests where available.,false,false,false
data_file,data/historical_props/raw/2024-12-08_20241215T205600Z_f3f5d87420f5bc34d3affc8f44a1c934.json,4382,Generated/output/cache data,,,IGNORE_GIT_CANDIDATE,Raw/cache source artifact; large and reproducible from source requests where available.,false,false,false
data_file,data/historical_props/raw/2024-12-08_20241216T005100Z_d6e49bbdc498fb1113b86f472f93d8af.json,4710,Generated/output/cache data,,,IGNORE_GIT_CANDIDATE,Raw/cache source artifact; large and reproducible from source requests where available.,false,false,false
data_file,data/historical_props/raw/2024-12-08_20241217T003100Z_307cc09543c511d894a76fef99e429bb.json,4683,Generated/output/cache data,,,IGNORE_GIT_CANDIDATE,Raw/cache source artifact; large and reproducible from source requests where available.,false,false,false
data_file,data/historical_props/raw/2024-12-08_20241217T010100Z_b72078945287a94944a0ffefcd09c42c.json,3989,Generated/output/cache data,,,IGNORE_GIT_CANDIDATE,Raw/cache source artifact; large and reproducible from source requests where available.,false,false,false
data_file,data/historical_props/raw/2025-11-23_20251123T173000Z_0ff4e68cf39cc57ca7cf1276e4a44d2f.json,12733,Generated/output/cache data,,,IGNORE_GIT_CANDIDATE,Raw/cache source artifact; large and reproducible from source requests where available.,false,false,false
data_file,data/historical_props/raw/2025-11-23_20251123T173000Z_1a8f3d70399a5cad83c95196795ed77b.json,13112,Generated/output/cache data,,,IGNORE_GIT_CANDIDATE,Raw/cache source artifact; large and reproducible from source requests where available.,false,false,false
data_file,data/historical_props/raw/2025-11-23_20251123T173000Z_535bbe97d4e56494b039ade88459c338.json,12441,Generated/output/cache data,,,IGNORE_GIT_CANDIDATE,Raw/cache source artifact; large and reproducible from source requests where available.,false,false,false
data_file,data/historical_props/raw/2025-11-23_20251123T173000Z_7159d60c7a31c7d593167637723d7663.json,11661,Generated/output/cache data,,,IGNORE_GIT_CANDIDATE,Raw/cache source artifact; large and reproducible from source requests where available.,false,false,false
data_file,data/historical_props/raw/2025-11-23_20251123T173000Z_8b39d8dc550ced94f9faa91878ebf6b6.json,12748,Generated/output/cache data,,,IGNORE_GIT_CANDIDATE,Raw/cache source artifact; large and reproducible from source requests where available.,false,false,false
data_file,data/historical_props/raw/2025-11-23_20251123T173000Z_91019a528f43cd28965fdc68a3f3ef85.json,10236,Generated/output/cache data,,,IGNORE_GIT_CANDIDATE,Raw/cache source artifact; large and reproducible from source requests where available.,false,false,false
data_file,data/historical_props/raw/2025-11-23_20251123T173000Z_c8913b70b63ae247f23a4e1dec08c668.json,13839,Generated/output/cache data,,,IGNORE_GIT_CANDIDATE,Raw/cache source artifact; large and reproducible from source requests where available.,false,false,false
data_file,data/historical_props/raw/2025-11-23_20251123T203500Z_27f50ddbc4c3fbad10398c5187a28dc7.json,10581,Generated/output/cache data,,,IGNORE_GIT_CANDIDATE,Raw/cache source artifact; large and reproducible from source requests where available.,false,false,false
data_file,data/historical_props/raw/2025-11-23_20251123T203500Z_e32e0030899c06fdf2c74745ca27d85a.json,11353,Generated/output/cache data,,,IGNORE_GIT_CANDIDATE,Raw/cache source artifact; large and reproducible from source requests where available.,false,false,false
data_file,data/historical_props/raw/2025-11-23_20251123T205500Z_4553ba763cb3cfcfc33fd62672a2057f.json,10937,Generated/output/cache data,,,IGNORE_GIT_CANDIDATE,Raw/cache source artifact; large and reproducible from source requests where available.,false,false,false
data_file,data/historical_props/raw/2025-11-23_20251123T205500Z_8c2d6a56aa63f42227f18a18fc3d2146.json,9114,Generated/output/cache data,,,IGNORE_GIT_CANDIDATE,Raw/cache source artifact; large and reproducible from source requests where available.,false,false,false
data_file,data/historical_props/raw/2025-11-23_20251124T005000Z_9e7119f5a24471c39145663b84f100b2.json,12725,Generated/output/cache data,,,IGNORE_GIT_CANDIDATE,Raw/cache source artifact; large and reproducible from source requests where available.,false,false,false
data_file,data/historical_props/raw/2025-11-23_20251125T004500Z_90391be251d876bb41d36978a43c7ac2.json,11374,Generated/output/cache data,,,IGNORE_GIT_CANDIDATE,Raw/cache source artifact; large and reproducible from source requests where available.,false,false,false
data_file,data/historical_props/raw/2025-11-23_20251127T173000Z_fe2eb07797580740af78037ab498198e.json,12047,Generated/output/cache data,,,IGNORE_GIT_CANDIDATE,Raw/cache source artifact; large and reproducible from source requests where available.,false,false,false
data_file,data/historical_props/raw/2025-11-23_20251127T210000Z_de53b8a594fe830c5fd56484705cd756.json,12761,Generated/output/cache data,,,IGNORE_GIT_CANDIDATE,Raw/cache source artifact; large and reproducible from source requests where available.,false,false,false
data_file,data/historical_props/raw/2025-11-23_20251128T005000Z_883a79a306b312fad75ebf04b441b4da.json,14513,Generated/output/cache data,,,IGNORE_GIT_CANDIDATE,Raw/cache source artifact; large and reproducible from source requests where available.,false,false,false
data_file,data/historical_props/raw/2025-11-23_20251128T193000Z_52f539d9d080618aa8830a0b03846a80.json,12707,Generated/output/cache data,,,IGNORE_GIT_CANDIDATE,Raw/cache source artifact; large and reproducible from source requests where available.,false,false,false
data_file,data/historical_props/raw/2025-11-23_20251130T173000Z_36fcf5ca155a5dcd2f7a87fd2a985b02.json,10659,Generated/output/cache data,,,IGNORE_GIT_CANDIDATE,Raw/cache source artifact; large and reproducible from source requests where available.,false,false,false
data_file,data/historical_props/raw/2025-11-23_20251130T173000Z_61e1e459b2ddafd43e8808d4f40c01d9.json,12071,Generated/output/cache data,,,IGNORE_GIT_CANDIDATE,Raw/cache source artifact; large and reproducible from source requests where available.,false,false,false
data_file,data/historical_props/raw/2025-11-23_20251130T173000Z_67e51d17848485bed8737bd7043a275a.json,12763,Generated/output/cache data,,,IGNORE_GIT_CANDIDATE,Raw/cache source artifact; large and reproducible from source requests where available.,false,false,false
data_file,data/historical_props/raw/2025-11-23_20251130T173000Z_9da608f5bdae527b280abd61e47a110b.json,9493,Generated/output/cache data,,,IGNORE_GIT_CANDIDATE,Raw/cache source artifact; large and reproducible from source requests where available.,false,false,false
data_file,data/historical_props/raw/2025-11-23_20251130T173000Z_c0d324e29ce58b36bdc77564f7aae56f.json,13090,Generated/output/cache data,,,IGNORE_GIT_CANDIDATE,Raw/cache source artifact; large and reproducible from source requests where available.,false,false,false
data_file,data/historical_props/raw/2025-11-23_20251130T173000Z_e3c9bfba57bbe784481d881ea3b4519d.json,11278,Generated/output/cache data,,,IGNORE_GIT_CANDIDATE,Raw/cache source artifact; large and reproducible from source requests where available.,false,false,false
data_file,data/historical_props/raw/2025-11-23_20251130T173000Z_fa46c661007f5f0cbbf6abf939ac9d51.json,10931,Generated/output/cache data,,,IGNORE_GIT_CANDIDATE,Raw/cache source artifact; large and reproducible from source requests where available.,false,false,false
data_file,data/historical_props/raw/2025-11-23_20251130T203500Z_6f956074c4df48e7b07a3286a6c6ed2a.json,12038,Generated/output/cache data,,,IGNORE_GIT_CANDIDATE,Raw/cache source artifact; large and reproducible from source requests where available.,false,false,false
data_file,data/historical_props/raw/2025-11-23_20251130T205500Z_365a766a3862bc47a5455dc3b097421e.json,13425,Generated/output/cache data,,,IGNORE_GIT_CANDIDATE,Raw/cache source artifact; large and reproducible from source requests where available.,false,false,false
data_file,data/historical_props/raw/2025-11-23_20251130T205500Z_76ac5a8d2c8679ae6ea8861114791bd8.json,10565,Generated/output/cache data,,,IGNORE_GIT_CANDIDATE,Raw/cache source artifact; large and reproducible from source requests where available.,false,false,false
data_file,data/historical_props/raw/2025-11-23_20251201T005000Z_9c040de8f1dfc3ddee20e0d65c9402de.json,12747,Generated/output/cache data,,,IGNORE_GIT_CANDIDATE,Raw/cache source artifact; large and reproducible from source requests where available.,false,false,false
data_file,data/historical_props/raw/2025-11-23_20251202T004500Z_3e65786eddd4c7aee9e7f2504f6fdedc.json,13552,Generated/output/cache data,,,IGNORE_GIT_CANDIDATE,Raw/cache source artifact; large and reproducible from source requests where available.,false,false,true
