projection_error_sigma,total_sigma,decimal_odds,breakeven_prob,projection_minus_line,p_over,edge_prob,ev_per_1_unit,ev_percent
0,68.488252,1.83,0.5464480874316939,0,0.5,-0.04644808743169393,-0.08499999999999996,-8.499999999999996
0,68.488252,1.83,0.5464480874316939,1,0.5058247669357622,-0.04062332049593176,-0.07434067650755521,-7.434067650755521
0,68.488252,1.83,0.5464480874316939,2,0.5116482922409993,-0.03479979519069465,-0.0636836251989713,-6.368362519897131
0,68.488252,1.83,0.5464480874316939,3,0.5174693350791425,-0.02897875235255143,-0.0530311168051692,-5.30311168051692
0,68.488252,1.83,0.5464480874316939,4,0.5232866562006897,-0.023161431231004226,-0.0423854191527378,-4.23854191527378
0,68.488252,1.83,0.5464480874316939,5,0.5290990187346243,-0.017349068697069647,-0.031748795715637546,-3.1748795715637543
0,68.488252,1.83,0.5464480874316939,6,0.5349051889773018,-0.011542898454392159,-0.021123504171537744,-2.1123504171537744
0,68.488252,1.83,0.5464480874316939,7,0.5407039371779638,-0.005744150253730096,-0.010511794964326138,-1.0511794964326138
0,68.488252,1.83,0.5464480874316939,8,0.5464940383200472,4.5950888353241126e-05,8.409012568638685e-05,0.008409012568638685
0,68.488252,1.83,0.5464480874316939,9,0.5522742728974601,0.005826185465766187,0.01066191940235206,1.066191940235206
0,68.488252,1.83,0.5464480874316939,10,0.5580434276850068,0.01159534025331288,0.0212194726635625,2.12194726635625
0,68.488252,1.83,0.5464480874316939,11,0.5638002965021484,0.017352209070454427,0.03175454259893151,3.175454259893151
0,68.488252,1.83,0.5464480874316939,12,0.5695436809692986,0.02309559353760471,0.04226493617381655,4.226493617381655
0,68.488252,1.83,0.5464480874316939,13,0.5752723912558668,0.028824303824172892,0.052748475998236344,5.274847599823635
0,68.488252,1.83,0.5464480874316939,14,0.5809852468192658,0.03453715938757185,0.06320300167925641,6.320300167925641
0,68.488252,1.83,0.5464480874316939,15,0.5866810771341253,0.04023298970243139,0.0736263711554494,7.36263711554494
0,68.488252,1.83,0.5464480874316939,16,0.5923587224109577,0.04591063497926373,0.08401646201205254,8.401646201205255
0,68.488252,1.83,0.5464480874316939,17,0.5980170343035403,0.05156894687184632,0.09437117277547868,9.437117277547868
0,68.488252,1.83,0.5464480874316939,18,0.603654876604302,0.05720678917260802,0.10468842418587265,10.468842418587265
0,68.488252,1.83,0.5464480874316939,19,0.6092711259270067,0.06282303849531279,0.11496616044642238,11.496616044642238
0,68.488252,1.83,0.5464480874316939,20,0.614864672376058,0.06841658494436409,0.12520235044818617,12.520235044818618
0,68.488252,1.83,0.5464480874316939,21,0.6204344202017582,0.07398633277006428,0.13539498896921753,13.539498896921753
0,68.488252,1.83,0.5464480874316939,22,0.6259792884408845,0.07953120100919053,0.1455420978468186,14.55420978468186
0,68.488252,1.83,0.5464480874316939,23,0.6314982115419572,0.08505012411026325,0.1556417271217817,15.56417271217817
0,68.488252,1.83,0.5464480874316939,24,0.6369901399746066,0.0905420525429127,0.16569195615353016,16.569195615353017
0,68.488252,1.83,0.5464480874316939,25,0.6424540408224595,0.09600595339076556,0.1756908947051009,17.56908947051009
0,68.488252,1.83,0.5464480874316939,26,0.6478888983589953,0.1014408109273014,0.18563668399696154,18.563668399696155
0,68.488252,1.83,0.5464480874316939,27,0.6532937146058462,0.10684562717415225,0.1955274977286986,19.55274977286986
0,68.488252,1.83,0.5464480874316939,28,0.6586675098730354,0.11221942244134142,0.20536154306765475,20.536154306765475
0,68.488252,1.83,0.5464480874316939,29,0.6640093232806821,0.11756123584898814,0.2151370616036482,21.51370616036482
0,68.488252,1.83,0.5464480874316939,30,0.6693182132617195,0.12287012583002554,0.2248523302689467,22.48523302689467
0,68.488252,1.83,0.5464480874316939,31,0.6745932580452039,0.12814517061350994,0.23450566222272318,23.450566222272318
0,68.488252,1.83,0.5464480874316939,32,0.6798335561198192,0.13338546868812529,0.24409540769926918,24.40954076992692
0,68.488252,1.83,0.5464480874316939,33,0.6850382266772079,0.138590139245514,0.25361995481929056,25.361995481929057
0,68.488252,1.83,0.5464480874316939,34,0.6902064100347889,0.14375832260309496,0.26307773036366366,26.307773036366367
0,68.488252,1.83,0.5464480874316939,35,0.6953372680377502,0.14888918060605627,0.2724672005090829,27.24672005090829
0,68.488252,1.83,0.5464480874316939,36,0.7004299844399333,0.1539818970082394,0.281786871525078,28.1786871525078
0,68.488252,1.83,0.5464480874316939,37,0.7054837652633545,0.15903567783166062,0.2910352904319389,29.103529043193888
0,68.488252,1.83,0.5464480874316939,38,0.7104978391361388,0.1640497517044449,0.30021104561913414,30.021104561913415
0,68.488252,1.83,0.5464480874316939,39,0.71547145760867,0.1690233701769761,0.30931276742386626,30.931276742386626
0,68.488252,1.83,0.5464480874316939,40,0.72040389544779,0.17395580801609611,0.3183391286694558,31.833912866945578
0,68.488252,1.87,0.53475935828877,0,0.5,-0.03475935828876997,-0.06499999999999995,-6.499999999999995
0,68.488252,1.87,0.53475935828877,1,0.5058247669357622,-0.0289345913530078,-0.05410768583012471,-5.410768583012471
0,68.488252,1.87,0.53475935828877,2,0.5116482922409993,-0.02311106604777069,-0.0432176935093313,-4.32176935093313
0,68.488252,1.87,0.53475935828877,3,0.5174693350791425,-0.01729002320962747,-0.03233234340200347,-3.2332343402003474
0,68.488252,1.87,0.53475935828877,4,0.5232866562006897,-0.011472702088080267,-0.021453952904710194,-2.1453952904710194
0,68.488252,1.87,0.53475935828877,5,0.5290990187346243,-0.005660339554145688,-0.01058483496625251,-1.058483496625251
0,68.488252,1.87,0.53475935828877,6,0.5349051889773018,0.0001458306885318006,0.00027270338755436274,0.027270338755436274
0,68.488252,1.87,0.53475935828877,7,0.5407039371779638,0.005944578889193863,0.011116362522792411,1.1116362522792411
0,68.488252,1.87,0.53475935828877,8,0.5464940383200472,0.0117346800312772,0.021943851658488278,2.1943851658488276
0,68.488252,1.87,0.53475935828877,9,0.5522742728974601,0.017514914608690146,0.03275289031825046,3.275289031825046
0,68.488252,1.87,0.53475935828877,10,0.5580434276850068,0.02328406939623684,0.04354120977096282,4.354120977096282
0,68.488252,1.87,0.53475935828877,11,0.5638002965021484,0.029040938213378387,0.0543065544590175,5.43065544590175
0,68.488252,1.87,0.53475935828877,12,0.5695436809692986,0.03478432268052867,0.06504668341258851,6.504668341258851
0,68.488252,1.87,0.53475935828877,13,0.5752723912558668,0.04051303296709685,0.07575937164847102,7.575937164847102
0,68.488252,1.87,0.53475935828877,14,0.5809852468192658,0.04622588853049581,0.08644241155202703,8.644241155202703
0,68.488252,1.87,0.53475935828877,15,0.5866810771341253,0.05192171884535535,0.09709361424081442,9.709361424081441
0,68.488252,1.87,0.53475935828877,16,0.5923587224109577,0.05759936412218769,0.10771081090849088,10.771081090849089
0,68.488252,1.87,0.53475935828877,17,0.5980170343035403,0.06325767601477028,0.11829185414762033,11.829185414762033
0,68.488252,1.87,0.53475935828877,18,0.603654876604302,0.06889551831553198,0.1288346192500447,12.883461925004468
0,68.488252,1.87,0.53475935828877,19,0.6092711259270067,0.07451176763823675,0.13933700548350259,13.93370054835026
0,68.488252,1.87,0.53475935828877,20,0.614864672376058,0.08010531408728805,0.14979693734322852,14.979693734322852
0,68.488252,1.87,0.53475935828877,21,0.6204344202017582,0.08567506191298824,0.16021236577728792,16.021236577728793
0,68.488252,1.87,0.53475935828877,22,0.6259792884408845,0.09121993015211449,0.17058126938445406,17.058126938445405
0,68.488252,1.87,0.53475935828877,23,0.6314982115419572,0.09673885325318721,0.18090165558345994,18.090165558345994
0,68.488252,1.87,0.53475935828877,24,0.6369901399746066,0.10223078168583666,0.19117156175251449,19.11715617525145
0,68.488252,1.87,0.53475935828877,25,0.6424540408224595,0.10769468253368952,0.2013890563379993,20.13890563379993
0,68.488252,1.87,0.53475935828877,26,0.6478888983589953,0.11312954007022535,0.21155223993132133,21.155223993132132
0,68.488252,1.87,0.53475935828877,27,0.6532937146058462,0.1185343563170762,0.22165924631293243,22.165924631293244
0,68.488252,1.87,0.53475935828877,28,0.6586675098730354,0.12390815158426538,0.23170824346257612,23.17082434625761
0,68.488252,1.87,0.53475935828877,29,0.6640093232806821,0.1292499649919121,0.24169743453487558,24.16974345348756
0,68.488252,1.87,0.53475935828877,30,0.6693182132617195,0.1345588549729495,0.25162505879941544,25.162505879941545
0,68.488252,1.87,0.53475935828877,31,0.6745932580452039,0.1398338997564339,0.2614893925445313,26.14893925445313
0,68.488252,1.87,0.53475935828877,32,0.6798335561198192,0.14507419783104925,0.27128874994406205,27.128874994406203
0,68.488252,1.87,0.53475935828877,33,0.6850382266772079,0.15027886838843796,0.28102148388637893,28.102148388637893
0,68.488252,1.87,0.53475935828877,34,0.6902064100347889,0.15544705174601892,0.2906859867650553,29.06859867650553
0,68.488252,1.87,0.53475935828877,35,0.6953372680377502,0.16057790974898023,0.300280691230593,30.028069123059296
0,68.488252,1.87,0.53475935828877,36,0.7004299844399333,0.16567062615116335,0.30980407090267537,30.980407090267537
0,68.488252,1.87,0.53475935828877,37,0.7054837652633545,0.17072440697458457,0.31925464104247303,31.925464104247304
0,68.488252,1.87,0.53475935828877,38,0.7104978391361388,0.17573848084736887,0.32863095918457974,32.86309591845797
0,68.488252,1.87,0.53475935828877,39,0.71547145760867,0.18071209931990007,0.337931625728213,33.7931625728213
0,68.488252,1.87,0.53475935828877,40,0.72040389544779,0.18564453715902007,0.34715528448736743,34.71552844873674
0,68.488252,1.9,0.5263157894736842,0,0.5,-0.02631578947368418,-0.050000000000000044,-5.000000000000004
0,68.488252,1.9,0.5263157894736842,1,0.5058247669357622,-0.02049102253792201,-0.0389329428220519,-3.89329428220519
0,68.488252,1.9,0.5263157894736842,2,0.5116482922409993,-0.0146674972326849,-0.027868244742101422,-2.7868244742101425
0,68.488252,1.9,0.5263157894736842,3,0.5174693350791425,-0.00884645439454168,-0.016808263349629315,-1.6808263349629315
0,68.488252,1.9,0.5263157894736842,4,0.5232866562006897,-0.0030291332729944775,-0.005755353218689585,-0.5755353218689585
0,68.488252,1.9,0.5263157894736842,5,0.5290990187346243,0.002783229260940101,0.005288135595786114,0.5288135595786114
0,68.488252,1.9,0.5263157894736842,6,0.5349051889773018,0.00858939950361759,0.01631985905687333,1.6319859056873331
0,68.488252,1.9,0.5263157894736842,7,0.5407039371779638,0.014388147704279652,0.02733748063813124,2.733748063813124
0,68.488252,1.9,0.5263157894736842,8,0.5464940383200472,0.02017824884636299,0.03833867280808956,3.833867280808956
0,68.488252,1.9,0.5263157894736842,9,0.5522742728974601,0.025958483423775935,0.04932111850517418,4.932111850517417
0,68.488252,1.9,0.5263157894736842,10,0.5580434276850068,0.03172763821132263,0.06028251260151285,6.0282512601512845
0,68.488252,1.9,0.5263157894736842,11,0.5638002965021484,0.037484507028464176,0.07122056335408178,7.122056335408178
0,68.488252,1.9,0.5263157894736842,12,0.5695436809692986,0.04322789149561446,0.08213299384166739,8.213299384166739
0,68.488252,1.9,0.5263157894736842,13,0.5752723912558668,0.04895660178218264,0.09301754338614687,9.301754338614687
0,68.488252,1.9,0.5263157894736842,14,0.5809852468192658,0.054669457345581596,0.10387196895660489,10.38719689566049
0,68.488252,1.9,0.5263157894736842,15,0.5866810771341253,0.060365287660441136,0.11469404655483806,11.469404655483807
0,68.488252,1.9,0.5263157894736842,16,0.5923587224109577,0.06604293293727348,0.1254815725808195,12.548157258081948
0,68.488252,1.9,0.5263157894736842,17,0.5980170343035403,0.07170124482985607,0.13623236517672643,13.623236517672643
0,68.488252,1.9,0.5263157894736842,18,0.603654876604302,0.07733908713061777,0.14694426554817364,14.694426554817364
0,68.488252,1.9,0.5263157894736842,19,0.6092711259270067,0.08295533645332254,0.15761513926131276,15.761513926131276
0,68.488252,1.9,0.5263157894736842,20,0.614864672376058,0.08854888290237384,0.16824287751451017,16.824287751451017
0,68.488252,1.9,0.5263157894736842,21,0.6204344202017582,0.09411863072807403,0.17882539838334055,17.882539838334054
0,68.488252,1.9,0.5263157894736842,22,0.6259792884408845,0.09966349896720028,0.18936064803768038,18.936064803768037
0,68.488252,1.9,0.5263157894736842,23,0.6314982115419572,0.105182422068273,0.1998466019297186,19.98466019297186
0,68.488252,1.9,0.5263157894736842,24,0.6369901399746066,0.11067435050092245,0.21028126595175256,21.028126595175255
0,68.488252,1.9,0.5263157894736842,25,0.6424540408224595,0.11613825134877531,0.220662677562673,22.0662677562673
0,68.488252,1.9,0.5263157894736842,26,0.6478888983589953,0.12157310888531114,0.23098890688209106,23.098890688209107
0,68.488252,1.9,0.5263157894736842,27,0.6532937146058462,0.126977925132162,0.24125805775110765,24.125805775110763
0,68.488252,1.9,0.5263157894736842,28,0.6586675098730354,0.13235172039935117,0.25146826875876716,25.146826875876716
0,68.488252,1.9,0.5263157894736842,29,0.6640093232806821,0.1376935338069979,0.26161771423329583,26.161771423329583
0,68.488252,1.9,0.5263157894736842,30,0.6693182132617195,0.1430024237880353,0.2717046051972669,27.170460519726692
0,68.488252,1.9,0.5263157894736842,31,0.6745932580452039,0.1482774685715197,0.28172719028588733,28.172719028588734
0,68.488252,1.9,0.5263157894736842,32,0.6798335561198192,0.15351776664613503,0.29168375662765644,29.168375662765644
0,68.488252,1.9,0.5263157894736842,33,0.6850382266772079,0.15872243720352375,0.30157263068669504,30.157263068669504
0,68.488252,1.9,0.5263157894736842,34,0.6902064100347889,0.1638906205611047,0.31139217906609884,31.139217906609883
0,68.488252,1.9,0.5263157894736842,35,0.6953372680377502,0.16902147856406602,0.3211408092717253,32.11408092717253
0,68.488252,1.9,0.5263157894736842,36,0.7004299844399333,0.17411419496624914,0.3308169704358732,33.08169704358732
0,68.488252,1.9,0.5263157894736842,37,0.7054837652633545,0.17916797578967036,0.3404191540003736,34.04191540003736
0,68.488252,1.9,0.5263157894736842,38,0.7104978391361388,0.18418204966245466,0.34994589435866374,34.994589435866374
0,68.488252,1.9,0.5263157894736842,39,0.71547145760867,0.18915566813498585,0.359395769456473,35.9395769456473
0,68.488252,1.9,0.5263157894736842,40,0.72040389544779,0.19408810597410586,0.368767401350801,36.8767401350801
0,68.488252,1.91,0.5235602094240838,0,0.5,-0.023560209424083767,-0.04500000000000004,-4.5000000000000036
0,68.488252,1.91,0.5235602094240838,1,0.5058247669357622,-0.017735442488321596,-0.03387469515269431,-3.387469515269431
0,68.488252,1.91,0.5235602094240838,2,0.5116482922409993,-0.011911917183084486,-0.022751761819691407,-2.2751761819691407
0,68.488252,1.91,0.5235602094240838,3,0.5174693350791425,-0.006090874344941266,-0.011633569998837856,-1.1633569998837856
0,68.488252,1.91,0.5235602094240838,4,0.5232866562006897,-0.00027355322339406296,-0.0005224866566826969,-0.05224866566826969
0,68.488252,1.91,0.5235602094240838,5,0.5290990187346243,0.005538809310540516,0.01057912578313236,1.057912578313236
0,68.488252,1.91,0.5235602094240838,6,0.5349051889773018,0.011344979553218004,0.021668910946646358,2.166891094664636
0,68.488252,1.91,0.5235602094240838,7,0.5407039371779638,0.017143727753880067,0.032744520009910905,3.2744520009910905
0,68.488252,1.91,0.5235602094240838,8,0.5464940383200472,0.022933828895963404,0.04380361319129006,4.380361319129006
0,68.488252,1.91,0.5235602094240838,9,0.5522742728974601,0.02871406347337635,0.05484386123414875,5.484386123414875
0,68.488252,1.91,0.5235602094240838,10,0.5580434276850068,0.03448321826092304,0.06586294687836292,6.586294687836292
0,68.488252,1.91,0.5235602094240838,11,0.5638002965021484,0.04024008707806459,0.07685856631910337,7.685856631910337
0,68.488252,1.91,0.5235602094240838,12,0.5695436809692986,0.04598347154521487,0.08782843065136037,8.782843065136037
0,68.488252,1.91,0.5235602094240838,13,0.5752723912558668,0.051712181831783055,0.09877026729870564,9.877026729870565
0,68.488252,1.91,0.5235602094240838,14,0.5809852468192658,0.05742503739518201,0.10968182142479754,10.968182142479755
0,68.488252,1.91,0.5235602094240838,15,0.5866810771341253,0.06312086771004155,0.12056085732617927,12.056085732617927
0,68.488252,1.91,0.5235602094240838,16,0.5923587224109577,0.0687985129868739,0.13140515980492906,13.140515980492907
0,68.488252,1.91,0.5235602094240838,17,0.5980170343035403,0.07445682487945648,0.14221253551976187,14.221253551976186
0,68.488252,1.91,0.5235602094240838,18,0.603654876604302,0.08009466718021818,0.15298081431421673,15.298081431421673
0,68.488252,1.91,0.5235602094240838,19,0.6092711259270067,0.08571091650292295,0.1637078505205828,16.370785052058277
0,68.488252,1.91,0.5235602094240838,20,0.614864672376058,0.09130446295197425,0.17439152423827076,17.439152423827075
0,68.488252,1.91,0.5235602094240838,21,0.6204344202017582,0.09687421077767444,0.1850297425853581,18.502974258535808
0,68.488252,1.91,0.5235602094240838,22,0.6259792884408845,0.1024190790168007,0.1956204409220893,19.56204409220893
0,68.488252,1.91,0.5235602094240838,23,0.6314982115419572,0.10793800211787341,0.20616158404513818,20.61615840451382
0,68.488252,1.91,0.5235602094240838,24,0.6369901399746066,0.11342993055052286,0.21665116735149859,21.66511673514986
0,68.488252,1.91,0.5235602094240838,25,0.6424540408224595,0.11889383139837573,0.2270872179708976,22.70872179708976
0,68.488252,1.91,0.5235602094240838,26,0.6478888983589953,0.12432868893491156,0.237467795865681,23.746779586568103
0,68.488252,1.91,0.5235602094240838,27,0.6532937146058462,0.1297335051817624,0.24779099489716616,24.779099489716614
0,68.488252,1.91,0.5235602094240838,28,0.6586675098730354,0.13510730044895158,0.2580549438574975,25.80549438574975
0,68.488252,1.91,0.5235602094240838,29,0.6640093232806821,0.1404491138565983,0.2682578074661027,26.825780746610274
0,68.488252,1.91,0.5235602094240838,30,0.6693182132617195,0.1457580038376357,0.2783977873298842,27.839778732988417
0,68.488252,1.91,0.5235602094240838,31,0.6745932580452039,0.1510330486211201,0.2884731228663393,28.84731228663393
0,68.488252,1.91,0.5235602094240838,32,0.6798335561198192,0.15627334669573545,0.2984820921888547,29.84820921888547
0,68.488252,1.91,0.5235602094240838,33,0.6850382266772079,0.16147801725312416,0.3084230129534671,30.842301295346708
0,68.488252,1.91,0.5235602094240838,34,0.6902064100347889,0.16664620061070512,0.3182942431664467,31.829424316644673
0,68.488252,1.91,0.5235602094240838,35,0.6953372680377502,0.17177705861366643,0.3280941819521028,32.809418195210284
0,68.488252,1.91,0.5235602094240838,36,0.7004299844399333,0.17686977501584955,0.33782127028027253,33.782127028027254
0,68.488252,1.91,0.5235602094240838,37,0.7054837652633545,0.18192355583927078,0.3474739916530071,34.747399165300706
0,68.488252,1.91,0.5235602094240838,38,0.7104978391361388,0.18693762971205508,0.3570508727500251,35.70508727500251
0,68.488252,1.91,0.5235602094240838,39,0.71547145760867,0.19191124818458627,0.36655048403255974,36.655048403255975
0,68.488252,1.91,0.5235602094240838,40,0.72040389544779,0.19684368602370628,0.37597144030527896,37.59714403052789
0,68.488252,1.95,0.5128205128205129,0,0.5,-0.012820512820512886,-0.025000000000000022,-2.500000000000002
0,68.488252,1.95,0.5128205128205129,1,0.5058247669357622,-0.006995745884750715,-0.013641704475263805,-1.3641704475263805
0,68.488252,1.95,0.5128205128205129,2,0.5116482922409993,-0.0011722205795136054,-0.002285830130051403,-0.22858301300514028
0,68.488252,1.95,0.5128205128205129,3,0.5174693350791425,0.004648822258629615,0.00906520340432787,0.9065203404327871
0,68.488252,1.95,0.5128205128205129,4,0.5232866562006897,0.010466143380176818,0.02040897959134491,2.040897959134491
0,68.488252,1.95,0.5128205128205129,5,0.5290990187346243,0.016278505914111396,0.03174308653251734,3.174308653251734
0,68.488252,1.95,0.5128205128205129,6,0.5349051889773018,0.022084676156788885,0.043065118505738464,4.3065118505738464
0,68.488252,1.95,0.5128205128205129,7,0.5407039371779638,0.027883424357450948,0.054372677497029454,5.437267749702945
0,68.488252,1.95,0.5128205128205129,8,0.5464940383200472,0.033673525499534285,0.065663374724092,6.5663374724092005
0,68.488252,1.95,0.5128205128205129,9,0.5522742728974601,0.03945376007694723,0.07693483215004715,7.693483215004715
0,68.488252,1.95,0.5128205128205129,10,0.5580434276850068,0.045222914864493924,0.08818468398576329,8.818468398576329
0,68.488252,1.95,0.5128205128205129,11,0.5638002965021484,0.05097978368163547,0.0994105781791893,9.94105781791893
0,68.488252,1.95,0.5128205128205129,12,0.5695436809692986,0.05672316814878575,0.11061017789013228,11.061017789013228
0,68.488252,1.95,0.5128205128205129,13,0.5752723912558668,0.062451878435353936,0.12178116294894026,12.178116294894025
0,68.488252,1.95,0.5128205128205129,14,0.5809852468192658,0.06816473399875289,0.13292123129756828,13.292123129756828
0,68.488252,1.95,0.5128205128205129,15,0.5866810771341253,0.07386056431361243,0.14402810041154435,14.402810041154435
0,68.488252,1.95,0.5128205128205129,16,0.5923587224109577,0.07953820959044478,0.15509950870136746,15.509950870136747
0,68.488252,1.95,0.5128205128205129,17,0.5980170343035403,0.08519652148302737,0.1661332168919034,16.613321689190343
0,68.488252,1.95,0.5128205128205129,18,0.603654876604302,0.09083436378378906,0.17712700937838877,17.712700937838875
0,68.488252,1.95,0.5128205128205129,19,0.6092711259270067,0.09645061310649383,0.1880786955576631,18.80786955576631
0,68.488252,1.95,0.5128205128205129,20,0.614864672376058,0.10204415955554513,0.1989861111333131,19.89861111333131
0,68.488252,1.95,0.5128205128205129,21,0.6204344202017582,0.10761390738124532,0.20984711939342848,20.984711939342848
0,68.488252,1.95,0.5128205128205129,22,0.6259792884408845,0.11315877562037158,0.22065961245972465,22.065961245972467
0,68.488252,1.95,0.5128205128205129,23,0.6314982115419572,0.11867769872144429,0.23142151250681642,23.142151250681643
0,68.488252,1.95,0.5128205128205129,24,0.6369901399746066,0.12416962715409374,0.2421307729504829,24.21307729504829
0,68.488252,1.95,0.5128205128205129,25,0.6424540408224595,0.1296335280019466,0.252785379603796,25.278537960379598
0,68.488252,1.95,0.5128205128205129,26,0.6478888983589953,0.13506838553848244,0.2633833518000408,26.33833518000408
0,68.488252,1.95,0.5128205128205129,27,0.6532937146058462,0.1404732017853333,0.2739227434814,27.39227434814
0,68.488252,1.95,0.5128205128205129,28,0.6586675098730354,0.14584699705252246,0.2844016442524189,28.44016442524189
0,68.488252,1.95,0.5128205128205129,29,0.6640093232806821,0.1511888104601692,0.29481818039733,29.481818039733
0,68.488252,1.95,0.5128205128205129,30,0.6693182132617195,0.1564977004412066,0.30517051586035293,30.517051586035294
0,68.488252,1.95,0.5128205128205129,31,0.6745932580452039,0.16177274522469098,0.31545685318814753,31.545685318814755
0,68.488252,1.95,0.5128205128205129,32,0.6798335561198192,0.16701304329930633,0.32567543443364744,32.56754344336474
0,68.488252,1.95,0.5128205128205129,33,0.6850382266772079,0.17221771385669504,0.33582454202055545,33.582454202055544
0,68.488252,1.95,0.5128205128205129,34,0.6902064100347889,0.177385897214276,0.34590249956783825,34.59024995678382
0,68.488252,1.95,0.5128205128205129,35,0.6953372680377502,0.18251675521723731,0.3559076726736129,35.59076726736129
0,68.488252,1.95,0.5128205128205129,36,0.7004299844399333,0.18760947161942043,0.3658384696578699,36.58384696578699
0,68.488252,1.95,0.5128205128205129,37,0.7054837652633545,0.19266325244284166,0.37569334226354134,37.56933422635414
0,68.488252,1.95,0.5128205128205129,38,0.7104978391361388,0.19767732631562596,0.3854707863154707,38.54707863154707
0,68.488252,1.95,0.5128205128205129,39,0.71547145760867,0.20265094478815715,0.3951693423369066,39.51693423369066
0,68.488252,1.95,0.5128205128205129,40,0.72040389544779,0.20758338262727716,0.4047875961231906,40.47875961231906
0,68.488252,2.0,0.5,0,0.5,0.0,0.0,0.0
0,68.488252,2.0,0.5,1,0.5058247669357622,0.005824766935762171,0.011649533871524342,1.1649533871524342
0,68.488252,2.0,0.5,2,0.5116482922409993,0.01164829224099928,0.02329658448199856,2.329658448199856
0,68.488252,2.0,0.5,3,0.5174693350791425,0.0174693350791425,0.034938670158285,3.4938670158285
0,68.488252,2.0,0.5,4,0.5232866562006897,0.023286656200689704,0.04657331240137941,4.657331240137941
0,68.488252,2.0,0.5,5,0.5290990187346243,0.029099018734624282,0.058198037469248565,5.8198037469248565
0,68.488252,2.0,0.5,6,0.5349051889773018,0.03490518897730177,0.06981037795460354,6.981037795460354
0,68.488252,2.0,0.5,7,0.5407039371779638,0.040703937177963834,0.08140787435592767,8.140787435592767
0,68.488252,2.0,0.5,8,0.5464940383200472,0.04649403832004717,0.09298807664009434,9.298807664009434
0,68.488252,2.0,0.5,9,0.5522742728974601,0.05227427289746012,0.10454854579492023,10.454854579492023
0,68.488252,2.0,0.5,10,0.5580434276850068,0.05804342768500681,0.11608685537001362,11.608685537001362
0,68.488252,2.0,0.5,11,0.5638002965021484,0.06380029650214836,0.12760059300429671,12.76005930042967
0,68.488252,2.0,0.5,12,0.5695436809692986,0.06954368096929864,0.13908736193859728,13.908736193859728
0,68.488252,2.0,0.5,13,0.5752723912558668,0.07527239125586682,0.15054478251173364,15.054478251173364
0,68.488252,2.0,0.5,14,0.5809852468192658,0.08098524681926578,0.16197049363853155,16.197049363853154
0,68.488252,2.0,0.5,15,0.5866810771341253,0.08668107713412532,0.17336215426825063,17.336215426825063
0,68.488252,2.0,0.5,16,0.5923587224109577,0.09235872241095766,0.18471744482191532,18.471744482191532
0,68.488252,2.0,0.5,17,0.5980170343035403,0.09801703430354025,0.1960340686070805,19.60340686070805
0,68.488252,2.0,0.5,18,0.603654876604302,0.10365487660430195,0.2073097532086039,20.730975320860388
0,68.488252,2.0,0.5,19,0.6092711259270067,0.10927112592700672,0.21854225185401344,21.854225185401344
0,68.488252,2.0,0.5,20,0.614864672376058,0.11486467237605802,0.22972934475211604,22.972934475211602
0,68.488252,2.0,0.5,21,0.6204344202017582,0.12043442020175821,0.24086884040351642,24.08688404035164
0,68.488252,2.0,0.5,22,0.6259792884408845,0.12597928844088446,0.2519585768817689,25.195857688176893
0,68.488252,2.0,0.5,23,0.6314982115419572,0.13149821154195718,0.26299642308391435,26.299642308391434
0,68.488252,2.0,0.5,24,0.6369901399746066,0.13699013997460663,0.27398027994921326,27.398027994921325
0,68.488252,2.0,0.5,25,0.6424540408224595,0.1424540408224595,0.284908081644919,28.4908081644919
0,68.488252,2.0,0.5,26,0.6478888983589953,0.14788889835899532,0.29577779671799065,29.577779671799064
0,68.488252,2.0,0.5,27,0.6532937146058462,0.15329371460584618,0.30658742921169235,30.658742921169235
0,68.488252,2.0,0.5,28,0.6586675098730354,0.15866750987303535,0.3173350197460707,31.73350197460707
0,68.488252,2.0,0.5,29,0.6640093232806821,0.16400932328068207,0.32801864656136415,32.801864656136416
0,68.488252,2.0,0.5,30,0.6693182132617195,0.16931821326171947,0.33863642652343895,33.8636426523439
0,68.488252,2.0,0.5,31,0.6745932580452039,0.17459325804520387,0.34918651609040774,34.91865160904077
0,68.488252,2.0,0.5,32,0.6798335561198192,0.17983355611981922,0.35966711223963843,35.96671122396384
0,68.488252,2.0,0.5,33,0.6850382266772079,0.18503822667720793,0.37007645335441586,37.00764533544159
0,68.488252,2.0,0.5,34,0.6902064100347889,0.1902064100347889,0.3804128200695778,38.04128200695778
0,68.488252,2.0,0.5,35,0.6953372680377502,0.1953372680377502,0.3906745360755004,39.06745360755004
0,68.488252,2.0,0.5,36,0.7004299844399333,0.20042998443993332,0.40085996887986663,40.08599688798667
0,68.488252,2.0,0.5,37,0.7054837652633545,0.20548376526335455,0.4109675305267091,41.096753052670906
0,68.488252,2.0,0.5,38,0.7104978391361388,0.21049783913613884,0.4209956782722777,42.099567827227766
0,68.488252,2.0,0.5,39,0.71547145760867,0.21547145760867004,0.4309429152173401,43.09429152173401
0,68.488252,2.0,0.5,40,0.72040389544779,0.22040389544779004,0.4408077908955801,44.08077908955801
10,69.21445414084766,1.83,0.5464480874316939,0,0.5,-0.04644808743169393,-0.08499999999999996,-8.499999999999996
10,69.21445414084766,1.83,0.5464480874316939,1,0.5057636574117756,-0.04068443001991828,-0.07445250693645056,-7.445250693645056
10,69.21445414084766,1.83,0.5464480874316939,2,0.5115261118621797,-0.03492197556951426,-0.06390721529221116,-6.390721529221116
10,69.21445414084766,1.83,0.5464480874316939,3,0.5172861611430157,-0.029161926288678197,-0.053366325108281154,-5.336632510828116
10,69.21445414084766,1.83,0.5464480874316939,4,0.5230426045516531,-0.02340548288004085,-0.042832033670474834,-4.283203367047483
10,69.21445414084766,1.83,0.5464480874316939,5,0.5287942436418454,-0.017653843789848578,-0.03230653413542295,-3.230653413542295
10,69.21445414084766,1.83,0.5464480874316939,6,0.5345398829721963,-0.011908204459497584,-0.02179201416088067,-2.179201416088067
10,69.21445414084766,1.83,0.5464480874316939,7,0.5402783308514949,-0.006169756580199026,-0.011290654541764311,-1.1290654541764311
10,69.21445414084766,1.83,0.5464480874316939,8,0.546008400080141,-0.00043968735155297534,-0.0008046278533420104,-0.08046278533420104
10,69.21445414084766,1.83,0.5464480874316939,9,0.5517289086868988,0.005280821255204904,0.0096639028970249,0.9663902897024901
10,69.21445414084766,1.83,0.5464480874316939,10,0.5574386806602121,0.010990593228518142,0.020112785608188133,2.0112785608188135
10,69.21445414084766,1.83,0.5464480874316939,11,0.5631365466733265,0.016688459241632536,0.03053988041218747,3.053988041218747
10,69.21445414084766,1.83,0.5464480874316939,12,0.5688213448024786,0.02237325737078466,0.04094306098853584,4.094306098853584
10,69.21445414084766,1.83,0.5464480874316939,13,0.5744919212374118,0.028043833805717844,0.05132021586446356,5.132021586446356
10,69.21445414084766,1.83,0.5464480874316939,14,0.5801471309834976,0.03369904355180364,0.06166924969980059,6.166924969980059
10,69.21445414084766,1.83,0.5464480874316939,15,0.585785838554751,0.03933775112305704,0.07198808455519434,7.198808455519434
10,69.21445414084766,1.83,0.5464480874316939,16,0.5914069186570399,0.04495883122534594,0.08227466114238302,8.227466114238302
10,69.21445414084766,1.83,0.5464480874316939,17,0.5970092568608055,0.050561169429111597,0.09252694005527418,9.252694005527417
10,69.21445414084766,1.83,0.5464480874316939,18,0.6025917502626243,0.05614366283093042,0.10274290298060262,10.274290298060262
10,69.21445414084766,1.83,0.5464480874316939,19,0.6081533081349582,0.06170522070326423,0.11292055388697353,11.292055388697353
10,69.21445414084766,1.83,0.5464480874316939,20,0.6136928525634558,0.06724476513176192,0.12305792019112427,12.305792019112427
10,69.21445414084766,1.83,0.5464480874316939,21,0.619209319071189,0.0727612316394951,0.13315305390027599,13.315305390027598
10,69.21445414084766,1.83,0.5464480874316939,22,0.6247016572292214,0.07825356979752751,0.14320403272947524,14.320403272947523
10,69.21445414084766,1.83,0.5464480874316939,23,0.6301688312529315,0.08372074382123762,0.15320896119286476,15.320896119286475
10,69.21445414084766,1.83,0.5464480874316939,24,0.6356098205835289,0.08916173315183495,0.16316597166785796,16.316597166785797
10,69.21445414084766,1.83,0.5464480874316939,25,0.6410236204542245,0.09457553302253052,0.17307322543123083,17.30732254312308
10,69.21445414084766,1.83,0.5464480874316939,26,0.6464092424405379,0.09996115500884395,0.18292891366618436,18.292891366618434
10,69.21445414084766,1.83,0.5464480874316939,27,0.651765714994246,0.10531762756255203,0.19273125843947014,19.273125843947014
10,69.21445414084766,1.83,0.5464480874316939,28,0.6570920839605009,0.11064399652880696,0.20247851364771663,20.247851364771662
10,69.21445414084766,1.83,0.5464480874316939,29,0.6623874130776678,0.11593932564597387,0.21216896593213208,21.216896593213207
10,69.21445414084766,1.83,0.5464480874316939,30,0.6676507844594592,0.12120269702776532,0.22180093556081049,22.180093556081047
10,69.21445414084766,1.83,0.5464480874316939,31,0.6728812990589637,0.12643321162726973,0.2313727772779035,23.13727772779035
10,69.21445414084766,1.83,0.5464480874316939,32,0.6780780771141949,0.13162998968250095,0.2408828811189767,24.088288111897672
10,69.21445414084766,1.83,0.5464480874316939,33,0.6832402585748101,0.13679217114311615,0.25032967319190247,25.03296731919025
10,69.21445414084766,1.83,0.5464480874316939,34,0.688367003509674,0.14191891607798002,0.25971161642270335,25.971161642270335
10,69.21445414084766,1.83,0.5464480874316939,35,0.6934574924949699,0.14700940506327598,0.269027211265795,26.9027211265795
10,69.21445414084766,1.83,0.5464480874316939,36,0.6985109269825863,0.1520628395508924,0.278274996378133,27.827499637813304
10,69.21445414084766,1.83,0.5464480874316939,37,0.7035265296485308,0.15707844221683687,0.28745354925681144,28.745354925681145
10,69.21445414084766,1.83,0.5464480874316939,38,0.708503544721157,0.16205545728946302,0.2965614868397173,29.65614868397173
10,69.21445414084766,1.83,0.5464480874316939,39,0.7134412382890074,0.16699315085731348,0.3055974660688836,30.55974660688836
10,69.21445414084766,1.83,0.5464480874316939,40,0.7183388985881105,0.17189081115641658,0.31456018441624223,31.456018441624224
10,69.21445414084766,1.87,0.53475935828877,0,0.5,-0.03475935828876997,-0.06499999999999995,-6.499999999999995
10,69.21445414084766,1.87,0.53475935828877,1,0.5057636574117756,-0.028995700876994324,-0.05422196063997947,-5.422196063997947
10,69.21445414084766,1.87,0.53475935828877,2,0.5115261118621797,-0.023233246426590304,-0.04344617081772395,-4.344617081772395
10,69.21445414084766,1.87,0.53475935828877,3,0.5172861611430157,-0.017473197145754238,-0.032674878662560525,-3.2674878662560527
10,69.21445414084766,1.87,0.53475935828877,4,0.5230426045516531,-0.011716753737116892,-0.02191032948840871,-2.1910329488408706
10,69.21445414084766,1.87,0.53475935828877,5,0.5287942436418454,-0.005965114646924619,-0.011154764389749161,-1.115476438974916
10,69.21445414084766,1.87,0.53475935828877,6,0.5345398829721963,-0.00021947531657362518,-0.0004104188419927768,-0.04104188419927768
10,69.21445414084766,1.87,0.53475935828877,7,0.5402783308514949,0.005518972562724933,0.01032047869229552,1.032047869229552
10,69.21445414084766,1.87,0.53475935828877,8,0.546008400080141,0.011249041791370984,0.021035708149863663,2.1035708149863663
10,69.21445414084766,1.87,0.53475935828877,9,0.5517289086868988,0.016969550398128863,0.03173305924450087,3.173305924450087
10,69.21445414084766,1.87,0.53475935828877,10,0.5574386806602121,0.0226793223714421,0.04241033283459661,4.241033283459661
10,69.21445414084766,1.87,0.53475935828877,11,0.5631365466733265,0.028377188384556495,0.053065342279120575,5.306534227912057
10,69.21445414084766,1.87,0.53475935828877,12,0.5688213448024786,0.03406198651370862,0.06369591478063502,6.369591478063502
10,69.21445414084766,1.87,0.53475935828877,13,0.5744919212374118,0.0397325629486418,0.07429989271396009,7.429989271396009
10,69.21445414084766,1.87,0.53475935828877,14,0.5801471309834976,0.0453877726947276,0.08487513493914056,8.487513493914056
10,69.21445414084766,1.87,0.53475935828877,15,0.585785838554751,0.051026480265981,0.09541951809738436,9.541951809738435
10,69.21445414084766,1.87,0.53475935828877,16,0.5914069186570399,0.0566475603682699,0.10593093788866459,10.593093788866458
10,69.21445414084766,1.87,0.53475935828877,17,0.5970092568608055,0.062249898572035556,0.11640731032970641,11.640731032970642
10,69.21445414084766,1.87,0.53475935828877,18,0.6025917502626243,0.06783239197385438,0.12684657299110758,12.684657299110757
10,69.21445414084766,1.87,0.53475935828877,19,0.6081533081349582,0.07339394984618819,0.1372466862123718,13.724668621237178
10,69.21445414084766,1.87,0.53475935828877,20,0.6136928525634558,0.07893349427468588,0.14760563429366247,14.760563429366247
10,69.21445414084766,1.87,0.53475935828877,21,0.619209319071189,0.08444996078241906,0.1579214266631236,15.792142666312358
10,69.21445414084766,1.87,0.53475935828877,22,0.6247016572292214,0.08994229894045147,0.16819209901864418,16.81920990186442
10,69.21445414084766,1.87,0.53475935828877,23,0.6301688312529315,0.09540947296416158,0.1784157144429821,17.84157144429821
10,69.21445414084766,1.87,0.53475935828877,24,0.6356098205835289,0.10085046229475891,0.18859036449119904,18.859036449119905
10,69.21445414084766,1.87,0.53475935828877,25,0.6410236204542245,0.10626426216545448,0.19871417024939975,19.871417024939973
10,69.21445414084766,1.87,0.53475935828877,26,0.6464092424405379,0.11164988415176791,0.20878528336380586,20.878528336380587
10,69.21445414084766,1.87,0.53475935828877,27,0.651765714994246,0.11700635670547599,0.21880188703923997,21.880188703924
10,69.21445414084766,1.87,0.53475935828877,28,0.6570920839605009,0.12233272567173092,0.22876219700613676,22.876219700613674
10,69.21445414084766,1.87,0.53475935828877,29,0.6623874130776678,0.12762805478889783,0.23866446245523887,23.866446245523885
10,69.21445414084766,1.87,0.53475935828877,30,0.6676507844594592,0.13289142617068928,0.24850696693918883,24.850696693918884
10,69.21445414084766,1.87,0.53475935828877,31,0.6728812990589637,0.13812194077019369,0.25828802924026206,25.828802924026206
10,69.21445414084766,1.87,0.53475935828877,32,0.6780780771141949,0.1433187188254249,0.2680060042035445,26.80060042035445
10,69.21445414084766,1.87,0.53475935828877,33,0.6832402585748101,0.1484809002860401,0.2776592835348949,27.76592835348949
10,69.21445414084766,1.87,0.53475935828877,34,0.688367003509674,0.15360764522090398,0.2872462965630903,28.72462965630903
10,69.21445414084766,1.87,0.53475935828877,35,0.6934574924949699,0.15869813420619994,0.2967655109655938,29.67655109655938
10,69.21445414084766,1.87,0.53475935828877,36,0.6985109269825863,0.16375156869381635,0.3062154334574365,30.621543345743653
10,69.21445414084766,1.87,0.53475935828877,37,0.7035265296485308,0.16876717135976083,0.3155946104427526,31.55946104427526
10,69.21445414084766,1.87,0.53475935828877,38,0.708503544721157,0.17374418643238698,0.32490162862856353,32.49016286285635
10,69.21445414084766,1.87,0.53475935828877,39,0.7134412382890074,0.17868188000023744,0.33413511560044395,33.4135115600444
10,69.21445414084766,1.87,0.53475935828877,40,0.7183388985881105,0.18357954029934054,0.3432937403597667,34.32937403597667
10,69.21445414084766,1.9,0.5263157894736842,0,0.5,-0.02631578947368418,-0.050000000000000044,-5.000000000000004
10,69.21445414084766,1.9,0.5263157894736842,1,0.5057636574117756,-0.020552132061908535,-0.03904905091762634,-3.904905091762634
10,69.21445414084766,1.9,0.5263157894736842,2,0.5115261118621797,-0.014789677611504515,-0.028100387461858667,-2.8100387461858665
10,69.21445414084766,1.9,0.5263157894736842,3,0.5172861611430157,-0.009029628330668449,-0.017156293828270164,-1.7156293828270164
10,69.21445414084766,1.9,0.5263157894736842,4,0.5230426045516531,-0.0032731849220311027,-0.006219051351859184,-0.6219051351859184
10,69.21445414084766,1.9,0.5263157894736842,5,0.5287942436418454,0.0024784541681611705,0.004709062919506124,0.4709062919506124
10,69.21445414084766,1.9,0.5263157894736842,6,0.5345398829721963,0.008224093498512164,0.01562577764717299,1.562577764717299
10,69.21445414084766,1.9,0.5263157894736842,7,0.5402783308514949,0.013962541377810722,0.026528828617840283,2.652882861784028
10,69.21445414084766,1.9,0.5263157894736842,8,0.546008400080141,0.019692610606456773,0.03741596015226778,3.741596015226778
10,69.21445414084766,1.9,0.5263157894736842,9,0.5517289086868988,0.025413119213214652,0.04828492650510774,4.828492650510774
10,69.21445414084766,1.9,0.5263157894736842,10,0.5574386806602121,0.03112289118652789,0.05913349325440287,5.9133493254402865
10,69.21445414084766,1.9,0.5263157894736842,11,0.5631365466733265,0.036820757199642284,0.0699594386793202,6.99594386793202
10,69.21445414084766,1.9,0.5263157894736842,12,0.5688213448024786,0.04250555532879441,0.08076055512470925,8.076055512470926
10,69.21445414084766,1.9,0.5263157894736842,13,0.5744919212374118,0.04817613176372759,0.09153465035108233,9.153465035108233
10,69.21445414084766,1.9,0.5263157894736842,14,0.5801471309834976,0.05383134150981339,0.10227954886864532,10.227954886864532
10,69.21445414084766,1.9,0.5263157894736842,15,0.585785838554751,0.05947004908106679,0.11299309325402684,11.299309325402685
10,69.21445414084766,1.9,0.5263157894736842,16,0.5914069186570399,0.06509112918335569,0.12367314544837571,12.367314544837571
10,69.21445414084766,1.9,0.5263157894736842,17,0.5970092568608055,0.07069346738712134,0.1343175880355304,13.43175880355304
10,69.21445414084766,1.9,0.5263157894736842,18,0.6025917502626243,0.07627596078894017,0.14492432549898626,14.492432549898627
10,69.21445414084766,1.9,0.5263157894736842,19,0.6081533081349582,0.08183751866127398,0.15549128545642044,15.549128545642043
10,69.21445414084766,1.9,0.5263157894736842,20,0.6136928525634558,0.08737706308977167,0.16601641987056603,16.601641987056603
10,69.21445414084766,1.9,0.5263157894736842,21,0.619209319071189,0.09289352959750485,0.17649770623525907,17.649770623525907
10,69.21445414084766,1.9,0.5263157894736842,22,0.6247016572292214,0.09838586775553726,0.1869331487355207,18.69331487355207
10,69.21445414084766,1.9,0.5263157894736842,23,0.6301688312529315,0.10385304177924737,0.1973207793805699,19.732077938056992
10,69.21445414084766,1.9,0.5263157894736842,24,0.6356098205835289,0.1092940311098447,0.20765865910870485,20.765865910870485
10,69.21445414084766,1.9,0.5263157894736842,25,0.6410236204542245,0.11470783098054027,0.21794487886302638,21.794487886302637
10,69.21445414084766,1.9,0.5263157894736842,26,0.6464092424405379,0.1200934529668537,0.22817756063702188,22.817756063702188
10,69.21445414084766,1.9,0.5263157894736842,27,0.651765714994246,0.12544992552056178,0.23835485848906723,23.835485848906725
10,69.21445414084766,1.9,0.5263157894736842,28,0.6570920839605009,0.1307762944868167,0.2484749595249517,24.84749595249517
10,69.21445414084766,1.9,0.5263157894736842,29,0.6623874130776678,0.13607162360398362,0.25853608484756874,25.853608484756872
10,69.21445414084766,1.9,0.5263157894736842,30,0.6676507844594592,0.14133499498577506,0.26853649047297246,26.853649047297246
10,69.21445414084766,1.9,0.5263157894736842,31,0.6728812990589637,0.14656550958527947,0.2784744682120309,27.847446821203093
10,69.21445414084766,1.9,0.5263157894736842,32,0.6780780771141949,0.1517622876405107,0.28834834651697017,28.834834651697015
10,69.21445414084766,1.9,0.5263157894736842,33,0.6832402585748101,0.1569244691011259,0.29815649129213906,29.815649129213906
10,69.21445414084766,1.9,0.5263157894736842,34,0.688367003509674,0.16205121403598977,0.30789730666838044,30.789730666838043
10,69.21445414084766,1.9,0.5263157894736842,35,0.6934574924949699,0.16714170302128573,0.3175692357404427,31.756923574044272
10,69.21445414084766,1.9,0.5263157894736842,36,0.6985109269825863,0.17219513750890214,0.3271707612669139,32.71707612669139
10,69.21445414084766,1.9,0.5263157894736842,37,0.7035265296485308,0.17721074017484661,0.33670040633220844,33.67004063322084
10,69.21445414084766,1.9,0.5263157894736842,38,0.708503544721157,0.18218775524747277,0.34615673497019817,34.61567349701981
10,69.21445414084766,1.9,0.5263157894736842,39,0.7134412382890074,0.18712544881532323,0.35553835274911405,35.55383527491141
10,69.21445414084766,1.9,0.5263157894736842,40,0.7183388985881105,0.19202310911442633,0.3648439073174099,36.48439073174099
10,69.21445414084766,1.91,0.5235602094240838,0,0.5,-0.023560209424083767,-0.04500000000000004,-4.5000000000000036
10,69.21445414084766,1.91,0.5235602094240838,1,0.5057636574117756,-0.01779655201230812,-0.03399141434350855,-3.399141434350855
10,69.21445414084766,1.91,0.5235602094240838,2,0.5115261118621797,-0.0120340975619041,-0.02298512634323685,-2.298512634323685
10,69.21445414084766,1.91,0.5235602094240838,3,0.5172861611430157,-0.006274048281068034,-0.011983432216840006,-1.1983432216840006
10,69.21445414084766,1.91,0.5235602094240838,4,0.5230426045516531,-0.0005176048724306881,-0.0009886253063426387,-0.09886253063426387
10,69.21445414084766,1.91,0.5235602094240838,5,0.5287942436418454,0.005234034217761585,0.00999700535592457,0.9997005355924571
10,69.21445414084766,1.91,0.5235602094240838,6,0.5345398829721963,0.010979673548112578,0.020971176476895004,2.0971176476895
10,69.21445414084766,1.91,0.5235602094240838,7,0.5402783308514949,0.016718121427411137,0.03193161192635524,3.1931611926355243
10,69.21445414084766,1.91,0.5235602094240838,8,0.546008400080141,0.022448190656057188,0.04287604415306917,4.287604415306917
10,69.21445414084766,1.91,0.5235602094240838,9,0.5517289086868988,0.028168699262815067,0.05380221559197673,5.380221559197674
10,69.21445414084766,1.91,0.5235602094240838,10,0.5574386806602121,0.033878471236128305,0.06470788006100503,6.470788006100503
10,69.21445414084766,1.91,0.5235602094240838,11,0.5631365466733265,0.0395763372492427,0.07559080414605346,7.559080414605345
10,69.21445414084766,1.91,0.5235602094240838,12,0.5688213448024786,0.04526113537839482,0.08644876857273409,8.64487685727341
10,69.21445414084766,1.91,0.5235602094240838,13,0.5744919212374118,0.05093171181332801,0.0972795695634564,9.72795695634564
10,69.21445414084766,1.91,0.5235602094240838,14,0.5801471309834976,0.056586921559413805,0.10808102017848031,10.808102017848032
10,69.21445414084766,1.91,0.5235602094240838,15,0.585785838554751,0.062225629130667204,0.11885095163957426,11.885095163957427
10,69.21445414084766,1.91,0.5235602094240838,16,0.5914069186570399,0.0678467092329561,0.12958721463494616,12.958721463494616
10,69.21445414084766,1.91,0.5235602094240838,17,0.5970092568608055,0.07344904743672176,0.14028768060413854,14.028768060413855
10,69.21445414084766,1.91,0.5235602094240838,18,0.6025917502626243,0.07903154083854058,0.15095024300161242,15.095024300161242
10,69.21445414084766,1.91,0.5235602094240838,19,0.6081533081349582,0.08459309871087439,0.16157281853777006,16.157281853777008
10,69.21445414084766,1.91,0.5235602094240838,20,0.6136928525634558,0.09013264313937208,0.17215334839620067,17.215334839620066
10,69.21445414084766,1.91,0.5235602094240838,21,0.619209319071189,0.09564910964710527,0.18268979942597097,18.268979942597095
10,69.21445414084766,1.91,0.5235602094240838,22,0.6247016572292214,0.10114144780513767,0.1931801653078129,19.31801653078129
10,69.21445414084766,1.91,0.5235602094240838,23,0.6301688312529315,0.10660862182884778,0.20362246769309922,20.362246769309923
10,69.21445414084766,1.91,0.5235602094240838,24,0.6356098205835289,0.11204961115944512,0.21401475731454012,21.401475731454013
10,69.21445414084766,1.91,0.5235602094240838,25,0.6410236204542245,0.11746341103014069,0.22435511506756867,22.435511506756868
10,69.21445414084766,1.91,0.5235602094240838,26,0.6464092424405379,0.12284903301645411,0.23464165306142726,23.464165306142725
10,69.21445414084766,1.91,0.5235602094240838,27,0.651765714994246,0.1282055055701622,0.2448725156390097,24.48725156390097
10,69.21445414084766,1.91,0.5235602094240838,28,0.6570920839605009,0.13353187453641713,0.25504588036455667,25.504588036455665
10,69.21445414084766,1.91,0.5235602094240838,29,0.6623874130776678,0.13882720365358403,0.26515995897834543,26.515995897834543
10,69.21445414084766,1.91,0.5235602094240838,30,0.6676507844594592,0.14409057503537548,0.27521299831756707,27.521299831756707
10,69.21445414084766,1.91,0.5235602094240838,31,0.6728812990589637,0.1493210896348799,0.2852032812026205,28.52032812026205
10,69.21445414084766,1.91,0.5235602094240838,32,0.6780780771141949,0.1545178676901111,0.29512912728811214,29.512912728811212
10,69.21445414084766,1.91,0.5235602094240838,33,0.6832402585748101,0.1596800491507263,0.3049888938778872,30.49888938778872
10,69.21445414084766,1.91,0.5235602094240838,34,0.688367003509674,0.16480679408559018,0.31478097670347716,31.478097670347715
10,69.21445414084766,1.91,0.5235602094240838,35,0.6934574924949699,0.16989728307088614,0.32450381066539247,32.450381066539244
10,69.21445414084766,1.91,0.5235602094240838,36,0.6985109269825863,0.17495071755850256,0.3341558705367398,33.41558705367398
10,69.21445414084766,1.91,0.5235602094240838,37,0.7035265296485308,0.17996632022444703,0.3437356716286938,34.37356716286938
10,69.21445414084766,1.91,0.5235602094240838,38,0.708503544721157,0.18494333529707319,0.3532417704174097,35.32417704174097
10,69.21445414084766,1.91,0.5235602094240838,39,0.7134412382890074,0.18988102886492364,0.3626727651320041,36.26727651320041
10,69.21445414084766,1.91,0.5235602094240838,40,0.7183388985881105,0.19477868916402674,0.372027296303291,37.2027296303291
10,69.21445414084766,1.95,0.5128205128205129,0,0.5,-0.012820512820512886,-0.025000000000000022,-2.500000000000002
10,69.21445414084766,1.95,0.5128205128205129,1,0.5057636574117756,-0.007056855408737239,-0.013760868047037522,-1.3760868047037522
10,69.21445414084766,1.95,0.5128205128205129,2,0.5115261118621797,-0.0012944009583332194,-0.0025240818687496946,-0.25240818687496946
10,69.21445414084766,1.95,0.5128205128205129,3,0.5172861611430157,0.0044656483225028465,0.008708014228880678,0.8708014228880678
10,69.21445414084766,1.95,0.5128205128205129,4,0.5230426045516531,0.010222091731140193,0.019933078875723487,1.9933078875723487
10,69.21445414084766,1.95,0.5128205128205129,5,0.5287942436418454,0.015973730821332466,0.031148775101598414,3.1148775101598414
10,69.21445414084766,1.95,0.5128205128205129,6,0.5345398829721963,0.02171937015168346,0.042352771795782895,4.23527717957829
10,69.21445414084766,1.95,0.5128205128205129,7,0.5402783308514949,0.027457818030982017,0.05354274516041502,5.354274516041501
10,69.21445414084766,1.95,0.5128205128205129,8,0.546008400080141,0.03318788725962807,0.06471638015627479,6.471638015627478
10,69.21445414084766,1.95,0.5128205128205129,9,0.5517289086868988,0.03890839586638595,0.0758713719394527,7.587137193945271
10,69.21445414084766,1.95,0.5128205128205129,10,0.5574386806602121,0.044618167839699185,0.08700542728741356,8.700542728741356
10,69.21445414084766,1.95,0.5128205128205129,11,0.5631365466733265,0.05031603385281358,0.09811626601298662,9.811626601298663
10,69.21445414084766,1.95,0.5128205128205129,12,0.5688213448024786,0.056000831981965704,0.10920162236483322,10.920162236483321
10,69.21445414084766,1.95,0.5128205128205129,13,0.5744919212374118,0.06167140841689889,0.12025924641295294,12.025924641295294
10,69.21445414084766,1.95,0.5128205128205129,14,0.5801471309834976,0.06732661816298469,0.1312869054178203,13.128690541782028
10,69.21445414084766,1.95,0.5128205128205129,15,0.585785838554751,0.07296532573423808,0.1422823851817644,14.22823851817644
10,69.21445414084766,1.95,0.5128205128205129,16,0.5914069186570399,0.07858640583652698,0.15324349138122773,15.324349138122773
10,69.21445414084766,1.95,0.5128205128205129,17,0.5970092568608055,0.08418874404029264,0.16416805087857078,16.416805087857078
10,69.21445414084766,1.95,0.5128205128205129,18,0.6025917502626243,0.08977123744211146,0.17505391301211748,17.50539130121175
10,69.21445414084766,1.95,0.5128205128205129,19,0.6081533081349582,0.09533279531444527,0.18589895086316843,18.589895086316844
10,69.21445414084766,1.95,0.5128205128205129,20,0.6136928525634558,0.10087233974294296,0.19670106249873887,19.670106249873886
10,69.21445414084766,1.95,0.5128205128205129,21,0.619209319071189,0.10638880625067615,0.20745817218881857,20.745817218881857
10,69.21445414084766,1.95,0.5128205128205129,22,0.6247016572292214,0.11188114440870855,0.21816823159698173,21.816823159698174
10,69.21445414084766,1.95,0.5128205128205129,23,0.6301688312529315,0.11734831843241866,0.22882922094321645,22.882922094321646
10,69.21445414084766,1.95,0.5128205128205129,24,0.6356098205835289,0.122789307763016,0.2394391501378813,23.943915013788132
10,69.21445414084766,1.95,0.5128205128205129,25,0.6410236204542245,0.12820310763371157,0.2499960598857377,24.99960598857377
10,69.21445414084766,1.95,0.5128205128205129,26,0.6464092424405379,0.133588729620025,0.2604980227590489,26.049802275904888
10,69.21445414084766,1.95,0.5128205128205129,27,0.651765714994246,0.13894520217373307,0.27094314423877963,27.094314423877965
10,69.21445414084766,1.95,0.5128205128205129,28,0.6570920839605009,0.144271571139988,0.2813295637229767,28.13295637229767
10,69.21445414084766,1.95,0.5128205128205129,29,0.6623874130776678,0.1495669002571549,0.2916554555014522,29.16554555014522
10,69.21445414084766,1.95,0.5128205128205129,30,0.6676507844594592,0.15483027163894636,0.30191902969594553,30.19190296959455
10,69.21445414084766,1.95,0.5128205128205129,31,0.6728812990589637,0.16006078623845077,0.31211853316497906,31.211853316497905
10,69.21445414084766,1.95,0.5128205128205129,32,0.6780780771141949,0.165257564293682,0.32225225037268,32.225225037268004
10,69.21445414084766,1.95,0.5128205128205129,33,0.6832402585748101,0.1704197457542972,0.3323185042208796,33.23185042208796
10,69.21445414084766,1.95,0.5128205128205129,34,0.688367003509674,0.17554649068916106,0.3423156568438641,34.23156568438641
10,69.21445414084766,1.95,0.5128205128205129,35,0.6934574924949699,0.18063697967445702,0.35224211036519126,35.22421103651913
10,69.21445414084766,1.95,0.5128205128205129,36,0.6985109269825863,0.18569041416207344,0.3620963076160433,36.20963076160433
10,69.21445414084766,1.95,0.5128205128205129,37,0.7035265296485308,0.1907060168280179,0.37187673281463507,37.1876732814635
10,69.21445414084766,1.95,0.5128205128205129,38,0.708503544721157,0.19568303190064407,0.38158191220625604,38.1581912206256
10,69.21445414084766,1.95,0.5128205128205129,39,0.7134412382890074,0.20062072546849452,0.39121041466356443,39.121041466356445
10,69.21445414084766,1.95,0.5128205128205129,40,0.7183388985881105,0.20551838576759762,0.40076085224681546,40.07608522468155
10,69.21445414084766,2.0,0.5,0,0.5,0.0,0.0,0.0
10,69.21445414084766,2.0,0.5,1,0.5057636574117756,0.005763657411775647,0.011527314823551293,1.1527314823551293
10,69.21445414084766,2.0,0.5,2,0.5115261118621797,0.011526111862179667,0.023052223724359333,2.3052223724359333
10,69.21445414084766,2.0,0.5,3,0.5172861611430157,0.017286161143015732,0.034572322286031465,3.4572322286031465
10,69.21445414084766,2.0,0.5,4,0.5230426045516531,0.02304260455165308,0.04608520910330616,4.608520910330616
10,69.21445414084766,2.0,0.5,5,0.5287942436418454,0.028794243641845352,0.057588487283690704,5.75884872836907
10,69.21445414084766,2.0,0.5,6,0.5345398829721963,0.034539882972196345,0.06907976594439269,6.907976594439269
10,69.21445414084766,2.0,0.5,7,0.5402783308514949,0.0402783308514949,0.0805566617029898,8.05566617029898
10,69.21445414084766,2.0,0.5,8,0.546008400080141,0.046008400080140954,0.09201680016028191,9.201680016028192
10,69.21445414084766,2.0,0.5,9,0.5517289086868988,0.051728908686898833,0.10345781737379767,10.345781737379767
10,69.21445414084766,2.0,0.5,10,0.5574386806602121,0.05743868066021207,0.11487736132042414,11.487736132042414
10,69.21445414084766,2.0,0.5,11,0.5631365466733265,0.06313654667332647,0.12627309334665293,12.627309334665293
10,69.21445414084766,2.0,0.5,12,0.5688213448024786,0.06882134480247859,0.13764268960495718,13.764268960495718
10,69.21445414084766,2.0,0.5,13,0.5744919212374118,0.07449192123741177,0.14898384247482355,14.898384247482355
10,69.21445414084766,2.0,0.5,14,0.5801471309834976,0.08014713098349757,0.16029426196699514,16.029426196699514
10,69.21445414084766,2.0,0.5,15,0.585785838554751,0.08578583855475097,0.17157167710950194,17.157167710950194
10,69.21445414084766,2.0,0.5,16,0.5914069186570399,0.09140691865703987,0.18281383731407974,18.281383731407974
10,69.21445414084766,2.0,0.5,17,0.5970092568608055,0.09700925686080553,0.19401851372161105,19.401851372161104
10,69.21445414084766,2.0,0.5,18,0.6025917502626243,0.10259175026262435,0.2051835005252487,20.51835005252487
10,69.21445414084766,2.0,0.5,19,0.6081533081349582,0.10815330813495816,0.21630661626991632,21.630661626991632
10,69.21445414084766,2.0,0.5,20,0.6136928525634558,0.11369285256345585,0.2273857051269117,22.73857051269117
10,69.21445414084766,2.0,0.5,21,0.619209319071189,0.11920931907118903,0.23841863814237807,23.841863814237808
10,69.21445414084766,2.0,0.5,22,0.6247016572292214,0.12470165722922144,0.24940331445844288,24.940331445844286
10,69.21445414084766,2.0,0.5,23,0.6301688312529315,0.13016883125293155,0.2603376625058631,26.03376625058631
10,69.21445414084766,2.0,0.5,24,0.6356098205835289,0.13560982058352888,0.27121964116705777,27.121964116705776
10,69.21445414084766,2.0,0.5,25,0.6410236204542245,0.14102362045422445,0.2820472409084489,28.20472409084489
10,69.21445414084766,2.0,0.5,26,0.6464092424405379,0.14640924244053788,0.29281848488107576,29.281848488107578
10,69.21445414084766,2.0,0.5,27,0.651765714994246,0.15176571499424596,0.3035314299884919,30.353142998849194
10,69.21445414084766,2.0,0.5,28,0.6570920839605009,0.1570920839605009,0.3141841679210018,31.418416792100178
10,69.21445414084766,2.0,0.5,29,0.6623874130776678,0.1623874130776678,0.3247748261553356,32.47748261553356
10,69.21445414084766,2.0,0.5,30,0.6676507844594592,0.16765078445945925,0.3353015689189185,33.53015689189185
10,69.21445414084766,2.0,0.5,31,0.6728812990589637,0.17288129905896366,0.3457625981179273,34.57625981179273
10,69.21445414084766,2.0,0.5,32,0.6780780771141949,0.17807807711419488,0.35615615422838975,35.61561542283898
10,69.21445414084766,2.0,0.5,33,0.6832402585748101,0.18324025857481008,0.36648051714962016,36.648051714962016
10,69.21445414084766,2.0,0.5,34,0.688367003509674,0.18836700350967395,0.3767340070193479,37.67340070193479
10,69.21445414084766,2.0,0.5,35,0.6934574924949699,0.1934574924949699,0.3869149849899398,38.69149849899398
10,69.21445414084766,2.0,0.5,36,0.6985109269825863,0.19851092698258632,0.39702185396517264,39.702185396517265
10,69.21445414084766,2.0,0.5,37,0.7035265296485308,0.2035265296485308,0.4070530592970616,40.70530592970616
10,69.21445414084766,2.0,0.5,38,0.708503544721157,0.20850354472115695,0.4170070894423139,41.700708944231394
10,69.21445414084766,2.0,0.5,39,0.7134412382890074,0.2134412382890074,0.4268824765780148,42.68824765780148
10,69.21445414084766,2.0,0.5,40,0.7183388985881105,0.2183388985881105,0.436677797176221,43.6677797176221
15,70.11163000540998,1.83,0.5464480874316939,0,0.5,-0.04644808743169393,-0.08499999999999996,-8.499999999999996
15,70.11163000540998,1.83,0.5464480874316939,1,0.5056899084287958,-0.04075817900289813,-0.07458746757530366,-7.458746757530365
15,70.11163000540998,1.83,0.5464480874316939,2,0.5113786594838807,-0.0350694279478132,-0.06417705314449823,-6.417705314449823
15,70.11163000540998,1.83,0.5464480874316939,3,0.5170650964977542,-0.0293829909339397,-0.05377087340910974,-5.3770873409109745
15,70.11163000540998,1.83,0.5464480874316939,4,0.5227480642146167,-0.023700023217077204,-0.04337104248725138,-4.3371042487251374
15,70.11163000540998,1.83,0.5464480874316939,5,0.5284264094944267,-0.018021677937267278,-0.03297967062519919,-3.297967062519919
15,70.11163000540998,1.83,0.5464480874316939,6,0.5340989820148068,-0.012349105416887163,-0.022598862912903583,-2.2598862912903583
15,70.11163000540998,1.83,0.5464480874316939,7,0.5397646349700872,-0.0066834524616067315,-0.012230718004740404,-1.2230718004740404
15,70.11163000540998,1.83,0.5464480874316939,8,0.545422225766779,-0.0010258616649149177,-0.0018773268467943693,-0.18773268467943693
15,70.11163000540998,1.83,0.5464480874316939,9,0.5510706167147745,0.004622529283080601,0.008459228588037437,0.8459228588037437
15,70.11163000540998,1.83,0.5464480874316939,10,0.5567086757135775,0.010260588281883587,0.018776876555846922,1.8776876555846922
15,70.11163000540998,1.83,0.5464480874316939,11,0.5623352769328733,0.0158871895011794,0.029073556787158228,2.907355678715823
15,70.11163000540998,1.83,0.5464480874316939,12,0.5679493014867578,0.02150121405506389,0.03934722172076682,3.9347221720766825
15,70.11163000540998,1.83,0.5464480874316939,13,0.5735496381009518,0.0271015506692579,0.04959583772474191,4.959583772474191
15,70.11163000540998,1.83,0.5464480874316939,14,0.5791351837723392,0.03268709634064526,0.05981738630338074,5.981738630338073
15,70.11163000540998,1.83,0.5464480874316939,15,0.5847048444201748,0.038256756988480856,0.07000986528891989,7.000986528891989
15,70.11163000540998,1.83,0.5464480874316939,16,0.5902575355283234,0.043809448096629455,0.08017129001683182,8.017129001683182
15,70.11163000540998,1.83,0.5464480874316939,17,0.5957921827779022,0.049344095346208316,0.09029969448356118,9.029969448356118
15,70.11163000540998,1.83,0.5464480874316939,18,0.6013077226697119,0.054859635238017956,0.1003931324855728,10.03931324855728
15,70.11163000540998,1.83,0.5464480874316939,19,0.6068031031358557,0.060355015704161796,0.110449678738616,11.0449678738616
15,70.11163000540998,1.83,0.5464480874316939,20,0.6122772841399647,0.06582919670827081,0.12046742997613546,12.046742997613546
15,70.11163000540998,1.83,0.5464480874316939,21,0.617729238265457,0.07128115083376307,0.1304445060257864,13.044450602578639
15,70.11163000540998,1.83,0.5464480874316939,22,0.6231579512912806,0.07670986385958667,0.1403790508630436,14.03790508630436
15,70.11163000540998,1.83,0.5464480874316939,23,0.6285624227546056,0.08211433532291168,0.15026923364092826,15.026923364092825
15,70.11163000540998,1.83,0.5464480874316939,24,0.6339416664999467,0.08749357906825272,0.16011324969490237,16.011324969490236
15,70.11163000540998,1.83,0.5464480874316939,25,0.6392947112142207,0.09284662378252673,0.16990932152202387,16.990932152202387
15,70.11163000540998,1.83,0.5464480874316939,26,0.6446206009472585,0.09817251351556455,0.17965569973348305,17.965569973348305
15,70.11163000540998,1.83,0.5464480874316939,27,0.6499183956173139,0.10347030818561997,0.18935066397968447,18.93506639796845
15,70.11163000540998,1.83,0.5464480874316939,28,0.6551871715011304,0.10873908406943644,0.19899252384706867,19.899252384706866
15,70.11163000540998,1.83,0.5464480874316939,29,0.6604260217081483,0.11397793427645442,0.20857961972591155,20.857961972591156
15,70.11163000540998,1.83,0.5464480874316939,30,0.6656340566384588,0.11918596920676483,0.21811032364837957,21.811032364837956
15,70.11163000540998,1.83,0.5464480874316939,31,0.6708104044241276,0.12436231699243372,0.2275830400961536,22.758304009615358
15,70.11163000540998,1.83,0.5464480874316939,32,0.6759542113535405,0.12950612392184657,0.2369962067769792,23.69962067769792
15,70.11163000540998,1.83,0.5464480874316939,33,0.681064642278439,0.13461655484674506,0.2463482953695434,24.63482953695434
15,70.11163000540998,1.83,0.5464480874316939,34,0.6861408810033428,0.13969279357164888,0.25563781223611737,25.563781223611738
15,70.11163000540998,1.83,0.5464480874316939,35,0.6911821306570757,0.14473404322538175,0.26486329910244855,26.486329910244855
15,70.11163000540998,1.83,0.5464480874316939,36,0.696187614046136,0.14973952661444212,0.274023333704429,27.4023333704429
15,70.11163000540998,1.83,0.5464480874316939,37,0.7011565739896779,0.15470848655798397,0.2831165304011106,28.31165304011106
15,70.11163000540998,1.83,0.5464480874316939,38,0.7060882736358913,0.1596401862041974,0.29214154075368115,29.214154075368114
15,70.11163000540998,1.83,0.5464480874316939,39,0.7109819967595947,0.1645339093279008,0.3010970540700584,30.109705407005837
15,70.11163000540998,1.83,0.5464480874316939,40,0.7158370480408776,0.16938896060918363,0.30998179791480596,30.998179791480595
15,70.11163000540998,1.87,0.53475935828877,0,0.5,-0.03475935828876997,-0.06499999999999995,-6.499999999999995
15,70.11163000540998,1.87,0.53475935828877,1,0.5056899084287958,-0.029069449859974172,-0.05435987123815178,-5.435987123815178
15,70.11163000540998,1.87,0.53475935828877,2,0.5113786594838807,-0.023380698804889244,-0.04372190676514298,-4.372190676514299
15,70.11163000540998,1.87,0.53475935828877,3,0.5170650964977542,-0.017694261791015742,-0.03308826954919952,-3.3088269549199523
15,70.11163000540998,1.87,0.53475935828877,4,0.5227480642146167,-0.012011294074153245,-0.022461119918666672,-2.246111991866667
15,70.11163000540998,1.87,0.53475935828877,5,0.5284264094944267,-0.006332948794343318,-0.0118426142454221,-1.18426142454221
15,70.11163000540998,1.87,0.53475935828877,6,0.5340989820148068,-0.0006603762739632035,-0.0012349036323112683,-0.12349036323112683
15,70.11163000540998,1.87,0.53475935828877,7,0.5397646349700872,0.005005276681317228,0.009359867394063137,0.9359867394063137
15,70.11163000540998,1.87,0.53475935828877,8,0.545422225766779,0.010662867478009042,0.019939562183876824,1.9939562183876824
15,70.11163000540998,1.87,0.53475935828877,9,0.5510706167147745,0.01631125842600456,0.030502053256628414,3.0502053256628416
15,70.11163000540998,1.87,0.53475935828877,10,0.5567086757135775,0.021949317424807546,0.04104522358439,4.1045223584390005
15,70.11163000540998,1.87,0.53475935828877,11,0.5623352769328733,0.02757591864410336,0.05156696786447318,5.156696786447318
15,70.11163000540998,1.87,0.53475935828877,12,0.5679493014867578,0.03318994319798785,0.06206519378023717,6.206519378023717
15,70.11163000540998,1.87,0.53475935828877,13,0.5735496381009518,0.03879027981218186,0.07253782324878,7.253782324877999
15,70.11163000540998,1.87,0.53475935828877,14,0.5791351837723392,0.04437582548356922,0.0829827936542743,8.29827936542743
15,70.11163000540998,1.87,0.53475935828877,15,0.5847048444201748,0.049945486131404815,0.09339805906572696,9.339805906572696
15,70.11163000540998,1.87,0.53475935828877,16,0.5902575355283234,0.055498177239553415,0.10378159143796484,10.378159143796484
15,70.11163000540998,1.87,0.53475935828877,17,0.5957921827779022,0.061032824489132276,0.1141313817946773,11.41313817946773
15,70.11163000540998,1.87,0.53475935828877,18,0.6013077226697119,0.06654836438094192,0.12444544139236124,12.444544139236125
15,70.11163000540998,1.87,0.53475935828877,19,0.6068031031358557,0.07204374484708576,0.13472180286405022,13.472180286405022
15,70.11163000540998,1.87,0.53475935828877,20,0.6122772841399647,0.07751792585119477,0.14495852134173415,14.495852134173415
15,70.11163000540998,1.87,0.53475935828877,21,0.617729238265457,0.08296987997668703,0.1551536755564047,15.51536755564047
15,70.11163000540998,1.87,0.53475935828877,22,0.6231579512912806,0.08839859300251063,0.16530536891469483,16.53053689146948
15,70.11163000540998,1.87,0.53475935828877,23,0.6285624227546056,0.09380306446583564,0.1754117305511126,17.54117305511126
15,70.11163000540998,1.87,0.53475935828877,24,0.6339416664999467,0.09918230821117668,0.18547091635490032,18.54709163549003
15,70.11163000540998,1.87,0.53475935828877,25,0.6392947112142207,0.10453535292545069,0.19548110997059265,19.548110997059265
15,70.11163000540998,1.87,0.53475935828877,26,0.6446206009472585,0.10986124265848851,0.20544052377137345,20.544052377137344
15,70.11163000540998,1.87,0.53475935828877,27,0.6499183956173139,0.11515903732854393,0.21534739980437712,21.534739980437713
15,70.11163000540998,1.87,0.53475935828877,28,0.6551871715011304,0.1204278132123604,0.22520001070711382,22.52000107071138
15,70.11163000540998,1.87,0.53475935828877,29,0.6604260217081483,0.12566666341937838,0.23499666059423752,23.499666059423753
15,70.11163000540998,1.87,0.53475935828877,30,0.6656340566384588,0.1308746983496888,0.24473568591391792,24.473568591391793
15,70.11163000540998,1.87,0.53475935828877,31,0.6708104044241276,0.13605104613535768,0.2544154562731188,25.44154562731188
15,70.11163000540998,1.87,0.53475935828877,32,0.6759542113535405,0.14119485306477053,0.26403437523112083,26.403437523112082
15,70.11163000540998,1.87,0.53475935828877,33,0.681064642278439,0.14630528398966902,0.27359088106068097,27.359088106068096
15,70.11163000540998,1.87,0.53475935828877,34,0.6861408810033428,0.15138152271457284,0.28308344747625114,28.308344747625114
15,70.11163000540998,1.87,0.53475935828877,35,0.6911821306570757,0.1564227723683057,0.29251058432873156,29.251058432873155
15,70.11163000540998,1.87,0.53475935828877,36,0.696187614046136,0.16142825575736608,0.3018708382662745,30.187083826627447
15,70.11163000540998,1.87,0.53475935828877,37,0.7011565739896779,0.16639721570090793,0.31116279336069774,31.116279336069773
15,70.11163000540998,1.87,0.53475935828877,38,0.7060882736358913,0.17132891534712136,0.3203850716991169,32.03850716991169
15,70.11163000540998,1.87,0.53475935828877,39,0.7109819967595947,0.17622263847082476,0.32953633394044224,32.953633394044225
15,70.11163000540998,1.87,0.53475935828877,40,0.7158370480408776,0.18107768975210758,0.33861527983644113,33.861527983644116
15,70.11163000540998,1.9,0.5263157894736842,0,0.5,-0.02631578947368418,-0.050000000000000044,-5.000000000000004
15,70.11163000540998,1.9,0.5263157894736842,1,0.5056899084287958,-0.020625881044888383,-0.03918917398528804,-3.918917398528804
15,70.11163000540998,1.9,0.5263157894736842,2,0.5113786594838807,-0.014937129989803455,-0.028380546980626642,-2.838054698062664
15,70.11163000540998,1.9,0.5263157894736842,3,0.5170650964977542,-0.009250692975929953,-0.01757631665426701,-1.757631665426701
15,70.11163000540998,1.9,0.5263157894736842,4,0.5227480642146167,-0.0035677252590674557,-0.006778677992228255,-0.6778677992228255
15,70.11163000540998,1.9,0.5263157894736842,5,0.5284264094944267,0.002110620020742471,0.004010178039410617,0.4010178039410617
15,70.11163000540998,1.9,0.5263157894736842,6,0.5340989820148068,0.0077831925411225855,0.014788065828132801,1.4788065828132801
15,70.11163000540998,1.9,0.5263157894736842,7,0.5397646349700872,0.013448845496403017,0.025552806443165654,2.555280644316565
15,70.11163000540998,1.9,0.5263157894736842,8,0.545422225766779,0.01910643629309483,0.03630222895688007,3.6302228956880067
15,70.11163000540998,1.9,0.5263157894736842,9,0.5510706167147745,0.02475482724109035,0.047034171758071563,4.703417175807156
15,70.11163000540998,1.9,0.5263157894736842,10,0.5567086757135775,0.030392886239893335,0.05774648385579728,5.774648385579728
15,70.11163000540998,1.9,0.5263157894736842,11,0.5623352769328733,0.03601948745918915,0.06843702617245928,6.843702617245928
15,70.11163000540998,1.9,0.5263157894736842,12,0.5679493014867578,0.04163351201307364,0.07910367282483977,7.910367282483977
15,70.11163000540998,1.9,0.5263157894736842,13,0.5735496381009518,0.04723384862726765,0.08974431239180847,8.974431239180847
15,70.11163000540998,1.9,0.5263157894736842,14,0.5791351837723392,0.05281939429865501,0.10035684916744436,10.035684916744437
15,70.11163000540998,1.9,0.5263157894736842,15,0.5847048444201748,0.058389054946490604,0.11093920439833205,11.093920439833205
15,70.11163000540998,1.9,0.5263157894736842,16,0.5902575355283234,0.0639417460546392,0.12148931750381442,12.148931750381442
15,70.11163000540998,1.9,0.5263157894736842,17,0.5957921827779022,0.06947639330421806,0.13200514727801427,13.200514727801426
15,70.11163000540998,1.9,0.5263157894736842,18,0.6013077226697119,0.0749919331960277,0.1424846730724525,14.24846730724525
15,70.11163000540998,1.9,0.5263157894736842,19,0.6068031031358557,0.08048731366217154,0.15292589595812578,15.292589595812577
15,70.11163000540998,1.9,0.5263157894736842,20,0.6122772841399647,0.08596149466628056,0.163326839865933,16.3326839865933
15,70.11163000540998,1.9,0.5263157894736842,21,0.617729238265457,0.09141344879177282,0.17368555270436825,17.368555270436826
15,70.11163000540998,1.9,0.5263157894736842,22,0.6231579512912806,0.09684216181759642,0.1840001074534331,18.40001074534331
15,70.11163000540998,1.9,0.5263157894736842,23,0.6285624227546056,0.10224663328092143,0.19426860323375061,19.42686032337506
15,70.11163000540998,1.9,0.5263157894736842,24,0.6339416664999467,0.10762587702626247,0.20448916634989855,20.448916634989857
15,70.11163000540998,1.9,0.5263157894736842,25,0.6392947112142207,0.11297892174053648,0.2146599513070192,21.46599513070192
15,70.11163000540998,1.9,0.5263157894736842,26,0.6446206009472585,0.1183048114735743,0.22477914179979108,22.47791417997911
15,70.11163000540998,1.9,0.5263157894736842,27,0.6499183956173139,0.12360260614362972,0.23484495167289632,23.48449516728963
15,70.11163000540998,1.9,0.5263157894736842,28,0.6551871715011304,0.1288713820274462,0.2448556258521476,24.48556258521476
15,70.11163000540998,1.9,0.5263157894736842,29,0.6604260217081483,0.13411023223446417,0.25480944124548177,25.480944124548177
15,70.11163000540998,1.9,0.5263157894736842,30,0.6656340566384588,0.13931826716477458,0.26470470761307163,26.470470761307162
15,70.11163000540998,1.9,0.5263157894736842,31,0.6708104044241276,0.14449461495044347,0.2745397684058425,27.45397684058425
15,70.11163000540998,1.9,0.5263157894736842,32,0.6759542113535405,0.14963842187985632,0.2843130015717269,28.43130015717269
15,70.11163000540998,1.9,0.5263157894736842,33,0.681064642278439,0.1547488528047548,0.29402282032903404,29.402282032903404
15,70.11163000540998,1.9,0.5263157894736842,34,0.6861408810033428,0.15982509152965862,0.3036676739063513,30.36676739063513
15,70.11163000540998,1.9,0.5263157894736842,35,0.6911821306570757,0.1648663411833915,0.3132460482484437,31.32460482484437
15,70.11163000540998,1.9,0.5263157894736842,36,0.696187614046136,0.16987182457245187,0.32275646668765845,32.275646668765845
15,70.11163000540998,1.9,0.5263157894736842,37,0.7011565739896779,0.17484078451599372,0.33219749058038794,33.21974905803879
15,70.11163000540998,1.9,0.5263157894736842,38,0.7060882736358913,0.17977248416220715,0.34156771990819346,34.156771990819344
15,70.11163000540998,1.9,0.5263157894736842,39,0.7109819967595947,0.18466620728591054,0.3508657938432299,35.08657938432299
15,70.11163000540998,1.9,0.5263157894736842,40,0.7158370480408776,0.18952125856719337,0.3600903912776673,36.00903912776673
15,70.11163000540998,1.91,0.5235602094240838,0,0.5,-0.023560209424083767,-0.04500000000000004,-4.5000000000000036
15,70.11163000540998,1.91,0.5235602094240838,1,0.5056899084287958,-0.01787030099528797,-0.03413227490100007,-3.413227490100007
15,70.11163000540998,1.91,0.5235602094240838,2,0.5113786594838807,-0.01218154994020304,-0.023266760385787844,-2.3266760385787846
15,70.11163000540998,1.91,0.5235602094240838,3,0.5170650964977542,-0.006495112926329538,-0.012405665689289469,-1.240566568928947
15,70.11163000540998,1.91,0.5235602094240838,4,0.5227480642146167,-0.0008121452094670412,-0.0015511973500820786,-0.15511973500820786
15,70.11163000540998,1.91,0.5235602094240838,5,0.5284264094944267,0.004866200070342885,0.009294442134354874,0.9294442134354874
15,70.11163000540998,1.91,0.5235602094240838,6,0.5340989820148068,0.010538772590723,0.02012905564828088,2.0129055648280882
15,70.11163000540998,1.91,0.5235602094240838,7,0.5397646349700872,0.01620442554600343,0.030950452792866512,3.0950452792866514
15,70.11163000540998,1.91,0.5235602094240838,8,0.545422225766779,0.021862016342695245,0.04175645121454785,4.175645121454785
15,70.11163000540998,1.91,0.5235602094240838,9,0.5510706167147745,0.027510407290690764,0.052544877925219335,5.2544877925219335
15,70.11163000540998,1.91,0.5235602094240838,10,0.5567086757135775,0.03314846628949375,0.06331357061293297,6.331357061293296
15,70.11163000540998,1.91,0.5235602094240838,11,0.5623352769328733,0.03877506750878956,0.07406037894178796,7.406037894178796
15,70.11163000540998,1.91,0.5235602094240838,12,0.5679493014867578,0.04438909206267405,0.08478316583970735,8.478316583970734
15,70.11163000540998,1.91,0.5235602094240838,13,0.5735496381009518,0.049989428676868064,0.09547980877281792,9.547980877281791
15,70.11163000540998,1.91,0.5235602094240838,14,0.5791351837723392,0.055574974348255424,0.10614820100516775,10.614820100516775
15,70.11163000540998,1.91,0.5235602094240838,15,0.5847048444201748,0.06114463499609102,0.11678625284253374,11.678625284253375
15,70.11163000540998,1.91,0.5235602094240838,16,0.5902575355283234,0.06669732610423962,0.12739189285909758,12.739189285909758
15,70.11163000540998,1.91,0.5235602094240838,17,0.5957921827779022,0.07223197335381848,0.13796306910579326,13.796306910579325
15,70.11163000540998,1.91,0.5235602094240838,18,0.6013077226697119,0.07774751324562812,0.1484977502991497,14.84977502991497
15,70.11163000540998,1.91,0.5235602094240838,19,0.6068031031358557,0.08324289371177196,0.15899392698948434,15.899392698948434
15,70.11163000540998,1.91,0.5235602094240838,20,0.6122772841399647,0.08871707471588097,0.1694496127073326,16.94496127073326
15,70.11163000540998,1.91,0.5235602094240838,21,0.617729238265457,0.09416902884137324,0.17986284508702288,17.986284508702287
15,70.11163000540998,1.91,0.5235602094240838,22,0.6231579512912806,0.09959774186719683,0.19023168696634585,19.023168696634585
15,70.11163000540998,1.91,0.5235602094240838,23,0.6285624227546056,0.10500221333052184,0.2005542274612967,20.05542274612967
15,70.11163000540998,1.91,0.5235602094240838,24,0.6339416664999467,0.11038145707586289,0.21082858301489804,21.082858301489804
15,70.11163000540998,1.91,0.5235602094240838,25,0.6392947112142207,0.11573450179013689,0.22105289841916143,22.105289841916143
15,70.11163000540998,1.91,0.5235602094240838,26,0.6446206009472585,0.12106039152317472,0.23122534780926363,23.12253478092636
15,70.11163000540998,1.91,0.5235602094240838,27,0.6499183956173139,0.12635818619323014,0.24134413562906953,24.134413562906953
15,70.11163000540998,1.91,0.5235602094240838,28,0.6551871715011304,0.1316269620770466,0.25140749756715897,25.1407497567159
15,70.11163000540998,1.91,0.5235602094240838,29,0.6604260217081483,0.13686581228406458,0.26141370146256326,26.141370146256328
15,70.11163000540998,1.91,0.5235602094240838,30,0.6656340566384588,0.142073847214375,0.27136104817945617,27.136104817945615
15,70.11163000540998,1.91,0.5235602094240838,31,0.6708104044241276,0.14725019500004388,0.28124787245008376,28.124787245008378
15,70.11163000540998,1.91,0.5235602094240838,32,0.6759542113535405,0.15239400192945673,0.29107254368526225,29.107254368526224
15,70.11163000540998,1.91,0.5235602094240838,33,0.681064642278439,0.15750443285435523,0.30083346675181843,30.083346675181843
15,70.11163000540998,1.91,0.5235602094240838,34,0.6861408810033428,0.16258067157925904,0.3105290827163847,31.05290827163847
15,70.11163000540998,1.91,0.5235602094240838,35,0.6911821306570757,0.1676219212329919,0.32015786955501446,32.01578695550145
15,70.11163000540998,1.91,0.5235602094240838,36,0.696187614046136,0.17262740462205228,0.32971834282811985,32.97183428281198
15,70.11163000540998,1.91,0.5235602094240838,37,0.7011565739896779,0.17759636456559413,0.33920905632028475,33.92090563202848
15,70.11163000540998,1.91,0.5235602094240838,38,0.7060882736358913,0.18252806421180756,0.3486286026445524,34.86286026445524
15,70.11163000540998,1.91,0.5235602094240838,39,0.7109819967595947,0.18742178733551096,0.3579756138108259,35.79756138108259
15,70.11163000540998,1.91,0.5235602094240838,40,0.7158370480408776,0.1922768386167938,0.3672487617580761,36.72487617580761
15,70.11163000540998,1.95,0.5128205128205129,0,0.5,-0.012820512820512886,-0.025000000000000022,-2.500000000000002
15,70.11163000540998,1.95,0.5128205128205129,1,0.5056899084287958,-0.007130604391717088,-0.013904678563848194,-1.3904678563848194
15,70.11163000540998,1.95,0.5128205128205129,2,0.5113786594838807,-0.0014418533366321595,-0.0028116140064325945,-0.28116140064325945
15,70.11163000540998,1.95,0.5128205128205129,3,0.5170650964977542,0.0042445836772413426,0.008276938170620696,0.8276938170620696
15,70.11163000540998,1.95,0.5128205128205129,4,0.5227480642146167,0.00992755139410384,0.01935872521850257,1.935872521850257
15,70.11163000540998,1.95,0.5128205128205129,5,0.5284264094944267,0.015605896673913766,0.03043149851413196,3.043149851413196
15,70.11163000540998,1.95,0.5128205128205129,6,0.5340989820148068,0.02127846919429388,0.04149301492887314,4.149301492887314
15,70.11163000540998,1.95,0.5128205128205129,7,0.5397646349700872,0.026944122149574312,0.05254103819167,5.254103819167
15,70.11163000540998,1.95,0.5128205128205129,8,0.545422225766779,0.032601712946266126,0.0635733402452191,6.35733402452191
15,70.11163000540998,1.95,0.5128205128205129,9,0.5510706167147745,0.038250103894261644,0.07458770259381031,7.458770259381032
15,70.11163000540998,1.95,0.5128205128205129,10,0.5567086757135775,0.04388816289306463,0.08558191764147616,8.558191764147615
15,70.11163000540998,1.95,0.5128205128205129,11,0.5623352769328733,0.04951476411236044,0.09655379001910291,9.65537900191029
15,70.11163000540998,1.95,0.5128205128205129,12,0.5679493014867578,0.05512878866624493,0.1075011378991777,10.75011378991777
15,70.11163000540998,1.95,0.5128205128205129,13,0.5735496381009518,0.060729125280438945,0.11842179429685606,11.842179429685606
15,70.11163000540998,1.95,0.5128205128205129,14,0.5791351837723392,0.0663146709518263,0.12931360835606143,12.931360835606142
15,70.11163000540998,1.95,0.5128205128205129,15,0.5847048444201748,0.0718843315996619,0.14017444661934075,14.017444661934075
15,70.11163000540998,1.95,0.5128205128205129,16,0.5902575355283234,0.0774370227078105,0.15100219428023054,15.100219428023054
15,70.11163000540998,1.95,0.5128205128205129,17,0.5957921827779022,0.08297166995738936,0.16179475641690932,16.17947564169093
15,70.11163000540998,1.95,0.5128205128205129,18,0.6013077226697119,0.088487209849199,0.17255005920593813,17.255005920593813
15,70.11163000540998,1.95,0.5128205128205129,19,0.6068031031358557,0.09398259031534284,0.18326605111491867,18.326605111491865
15,70.11163000540998,1.95,0.5128205128205129,20,0.6122772841399647,0.09945677131945185,0.19394070407293118,19.394070407293118
15,70.11163000540998,1.95,0.5128205128205129,21,0.617729238265457,0.10490872544494412,0.20457201461764118,20.457201461764118
15,70.11163000540998,1.95,0.5128205128205129,22,0.6231579512912806,0.11033743847076771,0.2151580050179971,21.51580050179971
15,70.11163000540998,1.95,0.5128205128205129,23,0.6285624227546056,0.11574190993409272,0.22569672437148092,22.569672437148093
15,70.11163000540998,1.95,0.5128205128205129,24,0.6339416664999467,0.12112115367943377,0.236186249674896,23.6186249674896
15,70.11163000540998,1.95,0.5128205128205129,25,0.6392947112142207,0.12647419839370777,0.2466246868677302,24.66246868677302
15,70.11163000540998,1.95,0.5128205128205129,26,0.6446206009472585,0.1318000881267456,0.257010171847154,25.701017184715404
15,70.11163000540998,1.95,0.5128205128205129,27,0.6499183956173139,0.13709788279680102,0.26734087145376206,26.734087145376208
15,70.11163000540998,1.95,0.5128205128205129,28,0.6551871715011304,0.14236665868061749,0.2776149844272042,27.761498442720423
15,70.11163000540998,1.95,0.5128205128205129,29,0.6604260217081483,0.14760550888763546,0.28783074233088923,28.783074233088925
15,70.11163000540998,1.95,0.5128205128205129,30,0.6656340566384588,0.15281354381794587,0.2979864104449945,29.79864104449945
15,70.11163000540998,1.95,0.5128205128205129,31,0.6708104044241276,0.15798989160361476,0.30808028862704884,30.808028862704884
15,70.11163000540998,1.95,0.5128205128205129,32,0.6759542113535405,0.16313369853302762,0.3181107121394039,31.81107121394039
15,70.11163000540998,1.95,0.5128205128205129,33,0.681064642278439,0.1682441294579261,0.328076052442956,32.8076052442956
15,70.11163000540998,1.95,0.5128205128205129,34,0.6861408810033428,0.17332036818282992,0.33797471795651846,33.797471795651845
15,70.11163000540998,1.95,0.5128205128205129,35,0.6911821306570757,0.1783616178365628,0.3478051547812976,34.78051547812976
15,70.11163000540998,1.95,0.5128205128205129,36,0.696187614046136,0.18336710122562316,0.3575658473899652,35.75658473899652
15,70.11163000540998,1.95,0.5128205128205129,37,0.7011565739896779,0.18833606116916501,0.3672553192798719,36.725531927987184
15,70.11163000540998,1.95,0.5128205128205129,38,0.7060882736358913,0.19326776081537844,0.37687213358998806,37.687213358998804
15,70.11163000540998,1.95,0.5128205128205129,39,0.7109819967595947,0.19816148393908184,0.38641489368120974,38.64148936812097
15,70.11163000540998,1.95,0.5128205128205129,40,0.7158370480408776,0.20301653522036467,0.39588224367971125,39.58822436797112
15,70.11163000540998,2.0,0.5,0,0.5,0.0,0.0,0.0
15,70.11163000540998,2.0,0.5,1,0.5056899084287958,0.005689908428795798,0.011379816857591596,1.1379816857591596
15,70.11163000540998,2.0,0.5,2,0.5113786594838807,0.011378659483880726,0.022757318967761453,2.2757318967761453
15,70.11163000540998,2.0,0.5,3,0.5170650964977542,0.01706509649775423,0.03413019299550846,3.4130192995508457
15,70.11163000540998,2.0,0.5,4,0.5227480642146167,0.022748064214616726,0.04549612842923345,4.549612842923345
15,70.11163000540998,2.0,0.5,5,0.5284264094944267,0.028426409494426652,0.056852818988853304,5.68528189888533
15,70.11163000540998,2.0,0.5,6,0.5340989820148068,0.03409898201480677,0.06819796402961353,6.819796402961353
15,70.11163000540998,2.0,0.5,7,0.5397646349700872,0.0397646349700872,0.0795292699401744,7.95292699401744
15,70.11163000540998,2.0,0.5,8,0.545422225766779,0.04542222576677901,0.09084445153355802,9.084445153355801
15,70.11163000540998,2.0,0.5,9,0.5510706167147745,0.05107061671477453,0.10214123342954906,10.214123342954906
15,70.11163000540998,2.0,0.5,10,0.5567086757135775,0.05670867571357752,0.11341735142715503,11.341735142715503
15,70.11163000540998,2.0,0.5,11,0.5623352769328733,0.06233527693287333,0.12467055386574666,12.467055386574666
15,70.11163000540998,2.0,0.5,12,0.5679493014867578,0.06794930148675782,0.13589860297351564,13.589860297351564
15,70.11163000540998,2.0,0.5,13,0.5735496381009518,0.07354963810095183,0.14709927620190366,14.709927620190367
15,70.11163000540998,2.0,0.5,14,0.5791351837723392,0.07913518377233919,0.15827036754467838,15.827036754467837
15,70.11163000540998,2.0,0.5,15,0.5847048444201748,0.08470484442017479,0.16940968884034957,16.94096888403496
15,70.11163000540998,2.0,0.5,16,0.5902575355283234,0.09025753552832338,0.18051507105664677,18.051507105664676
15,70.11163000540998,2.0,0.5,17,0.5957921827779022,0.09579218277790225,0.1915843655558045,19.15843655558045
15,70.11163000540998,2.0,0.5,18,0.6013077226697119,0.10130772266971189,0.20261544533942377,20.261544533942377
15,70.11163000540998,2.0,0.5,19,0.6068031031358557,0.10680310313585573,0.21360620627171145,21.360620627171144
15,70.11163000540998,2.0,0.5,20,0.6122772841399647,0.11227728413996474,0.22455456827992948,22.455456827992947
15,70.11163000540998,2.0,0.5,21,0.617729238265457,0.117729238265457,0.235458476530914,23.5458476530914
15,70.11163000540998,2.0,0.5,22,0.6231579512912806,0.1231579512912806,0.2463159025825612,24.631590258256118
15,70.11163000540998,2.0,0.5,23,0.6285624227546056,0.1285624227546056,0.2571248455092112,25.712484550921122
15,70.11163000540998,2.0,0.5,24,0.6339416664999467,0.13394166649994665,0.2678833329998933,26.788333299989333
15,70.11163000540998,2.0,0.5,25,0.6392947112142207,0.13929471121422066,0.2785894224284413,27.85894224284413
15,70.11163000540998,2.0,0.5,26,0.6446206009472585,0.14462060094725848,0.28924120189451696,28.924120189451695
15,70.11163000540998,2.0,0.5,27,0.6499183956173139,0.1499183956173139,0.2998367912346278,29.98367912346278
15,70.11163000540998,2.0,0.5,28,0.6551871715011304,0.15518717150113037,0.31037434300226074,31.037434300226074
15,70.11163000540998,2.0,0.5,29,0.6604260217081483,0.16042602170814835,0.3208520434162967,32.08520434162967
15,70.11163000540998,2.0,0.5,30,0.6656340566384588,0.16563405663845876,0.3312681132769175,33.126811327691755
15,70.11163000540998,2.0,0.5,31,0.6708104044241276,0.17081040442412765,0.3416208088482553,34.16208088482553
15,70.11163000540998,2.0,0.5,32,0.6759542113535405,0.1759542113535405,0.351908422707081,35.1908422707081
15,70.11163000540998,2.0,0.5,33,0.681064642278439,0.181064642278439,0.362129284556878,36.2129284556878
15,70.11163000540998,2.0,0.5,34,0.6861408810033428,0.1861408810033428,0.3722817620066856,37.228176200668564
15,70.11163000540998,2.0,0.5,35,0.6911821306570757,0.19118213065707568,0.38236426131415135,38.236426131415136
15,70.11163000540998,2.0,0.5,36,0.696187614046136,0.19618761404613605,0.3923752280922721,39.23752280922721
15,70.11163000540998,2.0,0.5,37,0.7011565739896779,0.2011565739896779,0.4023131479793558,40.23131479793558
15,70.11163000540998,2.0,0.5,38,0.7060882736358913,0.20608827363589133,0.41217654727178266,41.217654727178264
15,70.11163000540998,2.0,0.5,39,0.7109819967595947,0.21098199675959473,0.42196399351918945,42.19639935191894
15,70.11163000540998,2.0,0.5,40,0.7158370480408776,0.21583704804087755,0.4316740960817551,43.16740960817551
20,71.34872572103515,1.83,0.5464480874316939,0,0.5,-0.04644808743169393,-0.08499999999999996,-8.499999999999996
20,71.34872572103515,1.83,0.5464480874316939,1,0.5055912592054832,-0.04085682822621073,-0.07476799565396569,-7.476799565396569
20,71.34872572103515,1.83,0.5464480874316939,2,0.5111814201958433,-0.03526666723585059,-0.06453800104160667,-6.453800104160667
20,71.34872572103515,1.83,0.5464480874316939,3,0.5167693854030373,-0.029678702028656634,-0.05431202471244173,-5.431202471244173
20,71.34872572103515,1.83,0.5464480874316939,4,0.522354058552547,-0.02409402887914691,-0.044092072848838926,-4.409207284883893
20,71.34872572103515,1.83,0.5464480874316939,5,0.5279343453085539,-0.018513742123140053,-0.033880148085346395,-3.3880148085346393
20,71.34872572103515,1.83,0.5464480874316939,6,0.5335091539172105,-0.012938933514483386,-0.02367824833150467,-2.367824833150467
20,71.34872572103515,1.83,0.5464480874316939,7,0.5390773958473807,-0.007370691584313249,-0.01348836559929334,-1.348836559929334
20,71.34872572103515,1.83,0.5464480874316939,8,0.5446379864282181,-0.0018101010034757836,-0.003312484836360763,-0.3312484836360763
20,71.34872572103515,1.83,0.5464480874316939,9,0.5501898454829645,0.0037417580512705273,0.006847417233824982,0.6847417233824982
20,71.34872572103515,1.83,0.5464480874316939,10,0.555731897958348,0.009283810526654057,0.016989373263776864,1.6989373263776864
20,71.34872572103515,1.83,0.5464480874316939,11,0.5612630745489717,0.0148149871172778,0.02711142642461828,2.711142642461828
20,71.34872572103515,1.83,0.5464480874316939,12,0.5667823123160869,0.02033422488439296,0.03721163153843904,3.7211631538439036
20,71.34872572103515,1.83,0.5464480874316939,13,0.5722885553001565,0.025840467868462613,0.0472880561992865,4.72880561992865
20,71.34872572103515,1.83,0.5464480874316939,14,0.5777807551266179,0.03133266769492393,0.05733878188171071,5.7338781881710705
20,71.34872572103515,1.83,0.5464480874316939,15,0.5832578716042681,0.03680978417257419,0.06736190503581069,6.736190503581069
20,71.34872572103515,1.83,0.5464480874316939,16,0.5887188733157032,0.04227078588400923,0.07735553816773683,7.735553816773683
20,71.34872572103515,1.83,0.5464480874316939,17,0.5941627381992504,0.04771465076755643,0.0873178109046282,8.731781090462821
20,71.34872572103515,1.83,0.5464480874316939,18,0.5995884541218517,0.05314036669015776,0.09724687104298863,9.724687104298862
20,71.34872572103515,1.83,0.5464480874316939,19,0.6049950194423597,0.05854693201066574,0.10714088557951829,10.714088557951829
20,71.34872572103515,1.83,0.5464480874316939,20,0.6103814435647272,0.0639333561330333,0.11699804172345085,11.699804172345086
20,71.34872572103515,1.83,0.5464480874316939,21,0.6157467474805837,0.06929866004888974,0.12681654788946817,12.681654788946817
20,71.34872572103515,1.83,0.5464480874316939,22,0.6210899643007015,0.07464187686900758,0.13659463467028377,13.659463467028377
20,71.34872572103515,1.83,0.5464480874316939,23,0.626410139774879,0.0799620523431851,0.14633055578802867,14.633055578802868
20,71.34872572103515,1.83,0.5464480874316939,24,0.6317063327997713,0.08525824536807736,0.15602258902358146,15.602258902358146
20,71.34872572103515,1.83,0.5464480874316939,25,0.6369776159142273,0.09052952848253337,0.16566903712303604,16.566903712303606
20,71.34872572103515,1.83,0.5464480874316939,26,0.6422230757817001,0.0957749883500062,0.17526822868051128,17.526822868051127
20,71.34872572103515,1.83,0.5464480874316939,27,0.647441813659317,0.10099372622762304,0.1848185189965501,18.481851899655013
20,71.34872572103515,1.83,0.5464480874316939,28,0.6526329458532156,0.1061848584215217,0.19431829091138464,19.431829091138464
20,71.34872572103515,1.83,0.5464480874316939,29,0.6577956041597676,0.11134751672807364,0.20376595561237465,20.376595561237465
20,71.34872572103515,1.83,0.5464480874316939,30,0.6629289362923312,0.11648084886063725,0.21315995341496607,21.315995341496606
20,71.34872572103515,1.83,0.5464480874316939,31,0.668032106293192,0.12158401886149806,0.22249875451654133,22.249875451654134
20,71.34872572103515,1.83,0.5464480874316939,32,0.6731042949303735,0.12665620749867956,0.23178085972258355,23.178085972258355
20,71.34872572103515,1.83,0.5464480874316939,33,0.6781447000790126,0.1316966126473187,0.2410048011445931,24.10048011445931
20,71.34872572103515,1.83,0.5464480874316939,34,0.6831525370870231,0.13670444965532913,0.2501691428692523,25.01691428692523
20,71.34872572103515,1.83,0.5464480874316939,35,0.6881270391247816,0.14167895169308764,0.25927248159835037,25.927248159835038
20,71.34872572103515,1.83,0.5464480874316939,36,0.6930674575186,0.14661937008690606,0.26831344725903805,26.831344725903804
20,71.34872572103515,1.83,0.5464480874316939,37,0.6979730620677606,0.15152497463606662,0.2772907035840019,27.729070358400186
20,71.34872572103515,1.83,0.5464480874316939,38,0.7028431413449159,0.15639505391322195,0.2862029486611961,28.62029486611961
20,71.34872572103515,1.83,0.5464480874316939,39,0.707677002979676,0.16122891554798202,0.2950489154528071,29.50489154528071
20,71.34872572103515,1.83,0.5464480874316939,40,0.7124739739252239,0.16602588649353,0.3038273722831598,30.382737228315982
20,71.34872572103515,1.87,0.53475935828877,0,0.5,-0.03475935828876997,-0.06499999999999995,-6.499999999999995
20,71.34872572103515,1.87,0.53475935828877,1,0.5055912592054832,-0.02916809908328677,-0.054544345285746365,-5.4544345285746365
20,71.34872572103515,1.87,0.53475935828877,2,0.5111814201958433,-0.02357793809292663,-0.044090744233772905,-4.409074423377291
20,71.34872572103515,1.87,0.53475935828877,3,0.5167693854030373,-0.017989972885732675,-0.033641249296320175,-3.3641249296320175
20,71.34872572103515,1.87,0.53475935828877,4,0.522354058552547,-0.012405299736222952,-0.02319791050673703,-2.319791050673703
20,71.34872572103515,1.87,0.53475935828877,5,0.5279343453085539,-0.006825012980216094,-0.012762774273004207,-1.2762774273004207
20,71.34872572103515,1.87,0.53475935828877,6,0.5335091539172105,-0.0012502043715594269,-0.0023378821748162304,-0.23378821748162304
20,71.34872572103515,1.87,0.53475935828877,7,0.5390773958473807,0.00431803755861071,0.008074730234601923,0.8074730234601923
20,71.34872572103515,1.87,0.53475935828877,8,0.5446379864282181,0.009878628139448176,0.018473034620767992,1.8473034620767992
20,71.34872572103515,1.87,0.53475935828877,9,0.5501898454829645,0.015430487194194487,0.028855011053143587,2.8855011053143587
20,71.34872572103515,1.87,0.53475935828877,10,0.555731897958348,0.020972539669578016,0.03921864918211082,3.921864918211082
20,71.34872572103515,1.87,0.53475935828877,11,0.5612630745489717,0.02650371626020176,0.04956194940657721,4.956194940657721
20,71.34872572103515,1.87,0.53475935828877,12,0.5667823123160869,0.03202295402731692,0.05988292403108253,5.988292403108253
20,71.34872572103515,1.87,0.53475935828877,13,0.5722885553001565,0.03752919701138657,0.07017959841129279,7.0179598411292785
20,71.34872572103515,1.87,0.53475935828877,14,0.5777807551266179,0.04302139683784789,0.08045001208677549,8.045001208677549
20,71.34872572103515,1.87,0.53475935828877,15,0.5832578716042681,0.04849851331549815,0.09069221989998144,9.069221989998145
20,71.34872572103515,1.87,0.53475935828877,16,0.5887188733157032,0.05395951502693319,0.10090429310036497,10.090429310036498
20,71.34872572103515,1.87,0.53475935828877,17,0.5941627381992504,0.05940337991048039,0.1110843204325982,11.10843204325982
20,71.34872572103515,1.87,0.53475935828877,18,0.5995884541218517,0.06482909583308172,0.12123040920786277,12.123040920786277
20,71.34872572103515,1.87,0.53475935828877,19,0.6049950194423597,0.0702356611535897,0.13134068635721263,13.134068635721263
20,71.34872572103515,1.87,0.53475935828877,20,0.6103814435647272,0.07562208527595726,0.14141329946603998,14.141329946603998
20,71.34872572103515,1.87,0.53475935828877,21,0.6157467474805837,0.0809873891918137,0.1514464177886915,15.14464177886915
20,71.34872572103515,1.87,0.53475935828877,22,0.6210899643007015,0.08633060601193154,0.16143823324231188,16.14382332423119
20,71.34872572103515,1.87,0.53475935828877,23,0.626410139774879,0.09165078148610906,0.17138696137902387,17.138696137902386
20,71.34872572103515,1.87,0.53475935828877,24,0.6317063327997713,0.09694697451100132,0.18129084233557236,18.129084233557236
20,71.34872572103515,1.87,0.53475935828877,25,0.6369776159142273,0.10221825762545733,0.19114814175960515,19.114814175960515
20,71.34872572103515,1.87,0.53475935828877,26,0.6422230757817001,0.10746371749293016,0.2009571517117793,20.09571517117793
20,71.34872572103515,1.87,0.53475935828877,27,0.647441813659317,0.112682455370547,0.21071619154292276,21.071619154292275
20,71.34872572103515,1.87,0.53475935828877,28,0.6526329458532156,0.11787358756444566,0.22042360874551326,22.042360874551324
20,71.34872572103515,1.87,0.53475935828877,29,0.6577956041597676,0.1230362458709976,0.23007777977876542,23.007777977876543
20,71.34872572103515,1.87,0.53475935828877,30,0.6629289362923312,0.1281695780035612,0.23967711086665944,23.967711086665943
20,71.34872572103515,1.87,0.53475935828877,31,0.668032106293192,0.13327274800442201,0.24922003876826904,24.922003876826903
20,71.34872572103515,1.87,0.53475935828877,32,0.6731042949303735,0.13834493664160352,0.2587050315197985,25.87050315197985
20,71.34872572103515,1.87,0.53475935828877,33,0.6781447000790126,0.14338534179024265,0.2681305891477537,26.813058914775368
20,71.34872572103515,1.87,0.53475935828877,34,0.6831525370870231,0.1483931787982531,0.2774952443527332,27.749524435273322
20,71.34872572103515,1.87,0.53475935828877,35,0.6881270391247816,0.1533676808360116,0.2867975631633416,28.67975631633416
20,71.34872572103515,1.87,0.53475935828877,36,0.6930674575186,0.15830809922983002,0.2960361455597821,29.603614555978208
20,71.34872572103515,1.87,0.53475935828877,37,0.6979730620677606,0.16321370377899058,0.3052096260667123,30.520962606671233
20,71.34872572103515,1.87,0.53475935828877,38,0.7028431413449159,0.1680837830561459,0.31431667431499277,31.431667431499278
20,71.34872572103515,1.87,0.53475935828877,39,0.707677002979676,0.17291764469090598,0.3233559955719941,32.335599557199416
20,71.34872572103515,1.87,0.53475935828877,40,0.7124739739252239,0.17771461563645397,0.33232633124016886,33.232633124016886
20,71.34872572103515,1.9,0.5263157894736842,0,0.5,-0.02631578947368418,-0.050000000000000044,-5.000000000000004
20,71.34872572103515,1.9,0.5263157894736842,1,0.5055912592054832,-0.02072453026820098,-0.03937660750958194,-3.937660750958194
20,71.34872572103515,1.9,0.5263157894736842,2,0.5111814201958433,-0.015134369277840842,-0.02875530162789769,-2.8755301627897687
20,71.34872572103515,1.9,0.5263157894736842,3,0.5167693854030373,-0.009546404070646886,-0.01813816773422916,-1.813816773422916
20,71.34872572103515,1.9,0.5263157894736842,4,0.522354058552547,-0.003961730921137163,-0.007527288750160732,-0.7527288750160732
20,71.34872572103515,1.9,0.5263157894736842,5,0.5279343453085539,0.001618555834869695,0.0030752560862523093,0.30752560862523093
20,71.34872572103515,1.9,0.5263157894736842,6,0.5335091539172105,0.007193364443526362,0.013667392442699988,1.3667392442699988
20,71.34872572103515,1.9,0.5263157894736842,7,0.5390773958473807,0.012761606373696499,0.02424705211002326,2.424705211002326
20,71.34872572103515,1.9,0.5263157894736842,8,0.5446379864282181,0.018322196954533965,0.03481217421361443,3.4812174213614435
20,71.34872572103515,1.9,0.5263157894736842,9,0.5501898454829645,0.023874056009280276,0.0453607064176324,4.53607064176324
20,71.34872572103515,1.9,0.5263157894736842,10,0.555731897958348,0.029416108484663805,0.055890606120861164,5.589060612086117
20,71.34872572103515,1.9,0.5263157894736842,11,0.5612630745489717,0.03494728507528755,0.06639984164304624,6.639984164304624
20,71.34872572103515,1.9,0.5263157894736842,12,0.5667823123160869,0.04046652284240271,0.07688639340056502,7.688639340056502
20,71.34872572103515,1.9,0.5263157894736842,13,0.5722885553001565,0.04597276582647236,0.08734825507029742,8.734825507029742
20,71.34872572103515,1.9,0.5263157894736842,14,0.5777807551266179,0.05146496565293368,0.09778343474057394,9.778343474057394
20,71.34872572103515,1.9,0.5263157894736842,15,0.5832578716042681,0.05694208213058394,0.10818995604810933,10.818995604810933
20,71.34872572103515,1.9,0.5263157894736842,16,0.5887188733157032,0.06240308384201898,0.11856585929983599,11.856585929983599
20,71.34872572103515,1.9,0.5263157894736842,17,0.5941627381992504,0.06784694872556618,0.12890920257857563,12.890920257857562
20,71.34872572103515,1.9,0.5263157894736842,18,0.5995884541218517,0.07327266464816751,0.13921806283151816,13.921806283151817
20,71.34872572103515,1.9,0.5263157894736842,19,0.6049950194423597,0.07867922996867549,0.1494905369404833,14.949053694048331
20,71.34872572103515,1.9,0.5263157894736842,20,0.6103814435647272,0.08406565409104305,0.15972474277298165,15.972474277298165
20,71.34872572103515,1.9,0.5263157894736842,21,0.6157467474805837,0.08943095800689949,0.1699188202131089,16.99188202131089
20,71.34872572103515,1.9,0.5263157894736842,22,0.6210899643007015,0.09477417482701733,0.18007093217133285,18.007093217133285
20,71.34872572103515,1.9,0.5263157894736842,23,0.626410139774879,0.10009435030119485,0.19017926557227005,19.017926557227007
20,71.34872572103515,1.9,0.5263157894736842,24,0.6317063327997713,0.1053905433260871,0.2002420323195654,20.024203231956538
20,71.34872572103515,1.9,0.5263157894736842,25,0.6369776159142273,0.11066182644054312,0.21025747023703178,21.02574702370318
20,71.34872572103515,1.9,0.5263157894736842,26,0.6422230757817001,0.11590728630801594,0.2202238439852302,22.02238439852302
20,71.34872572103515,1.9,0.5263157894736842,27,0.647441813659317,0.12112602418563279,0.2301394459527022,23.013944595270218
20,71.34872572103515,1.9,0.5263157894736842,28,0.6526329458532156,0.12631715637953145,0.2400025971211096,24.00025971211096
20,71.34872572103515,1.9,0.5263157894736842,29,0.6577956041597676,0.13147981468608338,0.24981164790355836,24.981164790355837
20,71.34872572103515,1.9,0.5263157894736842,30,0.6629289362923312,0.136613146818647,0.2595649789554292,25.956497895542917
20,71.34872572103515,1.9,0.5263157894736842,31,0.668032106293192,0.1417163168195078,0.2692610019570647,26.92610019570647
20,71.34872572103515,1.9,0.5263157894736842,32,0.6731042949303735,0.1467885054566893,0.27889816036770954,27.889816036770952
20,71.34872572103515,1.9,0.5263157894736842,33,0.6781447000790126,0.15182891060532844,0.28847493015012393,28.847493015012393
20,71.34872572103515,1.9,0.5263157894736842,34,0.6831525370870231,0.15683674761333888,0.2979898204653437,29.798982046534373
20,71.34872572103515,1.9,0.5263157894736842,35,0.6881270391247816,0.1618112496510974,0.30744137433708496,30.744137433708495
20,71.34872572103515,1.9,0.5263157894736842,36,0.6930674575186,0.1667516680449158,0.31682816928533997,31.682816928533995
20,71.34872572103515,1.9,0.5263157894736842,37,0.6979730620677606,0.17165727259407637,0.32614881792874495,32.61488179287449
20,71.34872572103515,1.9,0.5263157894736842,38,0.7028431413449159,0.1765273518712317,0.3354019685553401,33.54019685553401
20,71.34872572103515,1.9,0.5263157894736842,39,0.707677002979676,0.18136121350599177,0.34458630566138426,34.458630566138424
20,71.34872572103515,1.9,0.5263157894736842,40,0.7124739739252239,0.18615818445153975,0.35370055045792537,35.37005504579254
20,71.34872572103515,1.91,0.5235602094240838,0,0.5,-0.023560209424083767,-0.04500000000000004,-4.5000000000000036
20,71.34872572103515,1.91,0.5235602094240838,1,0.5055912592054832,-0.017968950218600566,-0.03432069491752715,-3.4320694917527153
20,71.34872572103515,1.91,0.5235602094240838,2,0.5111814201958433,-0.012378789228240428,-0.023643487425939247,-2.3643487425939247
20,71.34872572103515,1.91,0.5235602094240838,3,0.5167693854030373,-0.006790824021046471,-0.012970473880198785,-1.2970473880198785
20,71.34872572103515,1.91,0.5235602094240838,4,0.522354058552547,-0.0012061508715367486,-0.0023037481646352442,-0.23037481646352442
20,71.34872572103515,1.91,0.5235602094240838,5,0.5279343453085539,0.0043741358844701095,0.00835459953933787,0.835459953933787
20,71.34872572103515,1.91,0.5235602094240838,6,0.5335091539172105,0.009948944493126777,0.019002483981872098,1.9002483981872098
20,71.34872572103515,1.91,0.5235602094240838,7,0.5390773958473807,0.015517186423296914,0.029637826068497075,2.9637826068497075
20,71.34872572103515,1.91,0.5235602094240838,8,0.5446379864282181,0.02107777700413438,0.040258554077896636,4.025855407789663
20,71.34872572103515,1.91,0.5235602094240838,9,0.5501898454829645,0.02662963605888069,0.05086260487246208,5.086260487246208
20,71.34872572103515,1.91,0.5235602094240838,10,0.555731897958348,0.03217168853426422,0.06144792510044461,6.144792510044461
20,71.34872572103515,1.91,0.5235602094240838,11,0.5612630745489717,0.03770286512488796,0.07201247238853592,7.2012472388535915
20,71.34872572103515,1.91,0.5235602094240838,12,0.5667823123160869,0.04322210289200312,0.08255421652372597,8.255421652372597
20,71.34872572103515,1.91,0.5235602094240838,13,0.5722885553001565,0.048728345876072776,0.09307114062329891,9.307114062329891
20,71.34872572103515,1.91,0.5235602094240838,14,0.5777807551266179,0.054220545702534095,0.10356124229184005,10.356124229184005
20,71.34872572103515,1.91,0.5235602094240838,15,0.5832578716042681,0.05969766218018435,0.11402253476415203,11.402253476415202
20,71.34872572103515,1.91,0.5235602094240838,16,0.5887188733157032,0.0651586638916194,0.12445304803299295,12.445304803299296
20,71.34872572103515,1.91,0.5235602094240838,17,0.5941627381992504,0.0706025287751666,0.13485082996056819,13.485082996056818
20,71.34872572103515,1.91,0.5235602094240838,18,0.5995884541218517,0.07602824469776792,0.14521394737273663,14.521394737273663
20,71.34872572103515,1.91,0.5235602094240838,19,0.6049950194423597,0.0814348100182759,0.15554048713490698,15.554048713490698
20,71.34872572103515,1.91,0.5235602094240838,20,0.6103814435647272,0.08682123414064347,0.165828557208629,16.5828557208629
20,71.34872572103515,1.91,0.5235602094240838,21,0.6157467474805837,0.0921865380564999,0.17607628768791472,17.60762876879147
20,71.34872572103515,1.91,0.5235602094240838,22,0.6210899643007015,0.09752975487661775,0.18628183181433988,18.62818318143399
20,71.34872572103515,1.91,0.5235602094240838,23,0.626410139774879,0.10284993035079526,0.19644336697001885,19.644336697001886
20,71.34872572103515,1.91,0.5235602094240838,24,0.6317063327997713,0.10814612337568752,0.20655909564756314,20.655909564756314
20,71.34872572103515,1.91,0.5235602094240838,25,0.6369776159142273,0.11341740649014354,0.21662724639617414,21.662724639617416
20,71.34872572103515,1.91,0.5235602094240838,26,0.6422230757817001,0.11866286635761636,0.2266460747430472,22.66460747430472
20,71.34872572103515,1.91,0.5235602094240838,27,0.647441813659317,0.1238816042352332,0.2366138640892953,23.66138640892953
20,71.34872572103515,1.91,0.5235602094240838,28,0.6526329458532156,0.12907273642913186,0.24652892657964176,24.652892657964177
20,71.34872572103515,1.91,0.5235602094240838,29,0.6577956041597676,0.1342353947356838,0.256389603945156,25.638960394515596
20,71.34872572103515,1.91,0.5235602094240838,30,0.6629289362923312,0.13936872686824742,0.26619426831835247,26.61942683183525
20,71.34872572103515,1.91,0.5235602094240838,31,0.668032106293192,0.14447189686910822,0.27594132301999663,27.594132301999664
20,71.34872572103515,1.91,0.5235602094240838,32,0.6731042949303735,0.14954408550628973,0.28562920331701336,28.562920331701335
20,71.34872572103515,1.91,0.5235602094240838,33,0.6781447000790126,0.15458449065492885,0.295256377150914,29.525637715091403
20,71.34872572103515,1.91,0.5235602094240838,34,0.6831525370870231,0.1595923276629393,0.304821345836214,30.482134583621402
20,71.34872572103515,1.91,0.5235602094240838,35,0.6881270391247816,0.1645668297006978,0.3143226447283327,31.43226447283327
20,71.34872572103515,1.91,0.5235602094240838,36,0.6930674575186,0.16950724809451623,0.3237588438605259,32.37588438605259
20,71.34872572103515,1.91,0.5235602094240838,37,0.6979730620677606,0.17441285264367679,0.33312854854942264,33.312854854942266
20,71.34872572103515,1.91,0.5235602094240838,38,0.7028431413449159,0.1792829319208321,0.3424303999687893,34.243039996878935
20,71.34872572103515,1.91,0.5235602094240838,39,0.707677002979676,0.18411679355559218,0.35166307569118105,35.1663075691181
20,71.34872572103515,1.91,0.5235602094240838,40,0.7124739739252239,0.18891376450114017,0.3608252901971777,36.08252901971777
20,71.34872572103515,1.95,0.5128205128205129,0,0.5,-0.012820512820512886,-0.025000000000000022,-2.500000000000002
20,71.34872572103515,1.95,0.5128205128205129,1,0.5055912592054832,-0.007229253615029685,-0.014097044549307769,-1.409704454930777
20,71.34872572103515,1.95,0.5128205128205129,2,0.5111814201958433,-0.001639092624669547,-0.0031962306181055333,-0.31962306181055333
20,71.34872572103515,1.95,0.5128205128205129,3,0.5167693854030373,0.00394887258252441,0.007700301535922716,0.7700301535922716
20,71.34872572103515,1.95,0.5128205128205129,4,0.522354058552547,0.009533545732034132,0.018590414177466652,1.8590414177466652
20,71.34872572103515,1.95,0.5128205128205129,5,0.5279343453085539,0.01511383248804099,0.02947197335168006,2.947197335168006
20,71.34872572103515,1.95,0.5128205128205129,6,0.5335091539172105,0.020688641096697657,0.04034285013856054,4.034285013856054
20,71.34872572103515,1.95,0.5128205128205129,7,0.5390773958473807,0.026256883026867794,0.05120092190239234,5.120092190239234
20,71.34872572103515,1.95,0.5128205128205129,8,0.5446379864282181,0.03181747360770526,0.06204407353502539,6.204407353502539
20,71.34872572103515,1.95,0.5128205128205129,9,0.5501898454829645,0.03736933266245157,0.07287019869178069,7.287019869178069
20,71.34872572103515,1.95,0.5128205128205129,10,0.555731897958348,0.0429113851378351,0.08367720101877851,8.36772010187785
20,71.34872572103515,1.95,0.5128205128205129,11,0.5612630745489717,0.048442561728458844,0.09446299537049485,9.446299537049486
20,71.34872572103515,1.95,0.5128205128205129,12,0.5667823123160869,0.053961799495574,0.1052255090163694,10.52255090163694
20,71.34872572103515,1.95,0.5128205128205129,13,0.5722885553001565,0.05946804247964366,0.1159626828353052,11.59626828353052
20,71.34872572103515,1.95,0.5128205128205129,14,0.5777807551266179,0.06496024230610498,0.12667247249690483,12.667247249690483
20,71.34872572103515,1.95,0.5128205128205129,15,0.5832578716042681,0.07043735878375523,0.13735284962832284,13.735284962832283
20,71.34872572103515,1.95,0.5128205128205129,16,0.5887188733157032,0.07589836049519028,0.14800180296562115,14.800180296562115
20,71.34872572103515,1.95,0.5128205128205129,17,0.5941627381992504,0.08134222537873748,0.15861733948853818,15.861733948853818
20,71.34872572103515,1.95,0.5128205128205129,18,0.5995884541218517,0.0867679413013388,0.16919748553761071,16.91974855376107
20,71.34872572103515,1.95,0.5128205128205129,19,0.6049950194423597,0.09217450662184679,0.17974028791260133,17.97402879126013
20,71.34872572103515,1.95,0.5128205128205129,20,0.6103814435647272,0.09756093074421435,0.19024381495121812,19.024381495121812
20,71.34872572103515,1.95,0.5128205128205129,21,0.6157467474805837,0.10292623466007078,0.20070615758713817,20.070615758713817
20,71.34872572103515,1.95,0.5128205128205129,22,0.6210899643007015,0.10826945148018863,0.21112543038636788,21.112543038636787
20,71.34872572103515,1.95,0.5128205128205129,23,0.626410139774879,0.11358962695436614,0.22149977256101405,22.149977256101405
20,71.34872572103515,1.95,0.5128205128205129,24,0.6317063327997713,0.1188858199792584,0.23182734895955392,23.18273489595539
20,71.34872572103515,1.95,0.5128205128205129,25,0.6369776159142273,0.12415710309371442,0.24210635103274325,24.210635103274324
20,71.34872572103515,1.95,0.5128205128205129,26,0.6422230757817001,0.12940256296118724,0.25233499777431523,25.233499777431522
20,71.34872572103515,1.95,0.5128205128205129,27,0.647441813659317,0.13462130083880408,0.26251153663566806,26.251153663566807
20,71.34872572103515,1.95,0.5128205128205129,28,0.6526329458532156,0.13981243303270274,0.2726342444137705,27.263424441377047
20,71.34872572103515,1.95,0.5128205128205129,29,0.6577956041597676,0.14497509133925468,0.28270142811154675,28.270142811154674
20,71.34872572103515,1.95,0.5128205128205129,30,0.6629289362923312,0.1501084234718183,0.29271142577004583,29.271142577004582
20,71.34872572103515,1.95,0.5128205128205129,31,0.668032106293192,0.1552115934726791,0.30266260727172434,30.266260727172433
20,71.34872572103515,1.95,0.5128205128205129,32,0.6731042949303735,0.1602837821098606,0.3125533751142283,31.25533751142283
20,71.34872572103515,1.95,0.5128205128205129,33,0.6781447000790126,0.16532418725849973,0.3223821651540746,32.23821651540746
20,71.34872572103515,1.95,0.5128205128205129,34,0.6831525370870231,0.17033202426651017,0.3321474473196949,33.21474473196949
20,71.34872572103515,1.95,0.5128205128205129,35,0.6881270391247816,0.17530652630426868,0.34184772629332405,34.18477262933241
20,71.34872572103515,1.95,0.5128205128205129,36,0.6930674575186,0.1802469446980871,0.3514815421612699,35.14815421612699
20,71.34872572103515,1.95,0.5128205128205129,37,0.6979730620677606,0.18515254924724767,0.3610474710321331,36.104747103213306
20,71.34872572103515,1.95,0.5128205128205129,38,0.7028431413449159,0.190022628524403,0.370544125622586,37.0544125622586
20,71.34872572103515,1.95,0.5128205128205129,39,0.707677002979676,0.19485649015916306,0.3799701558103681,37.997015581036806
20,71.34872572103515,1.95,0.5128205128205129,40,0.7124739739252239,0.19965346110471105,0.3893242491541866,38.932424915418665
20,71.34872572103515,2.0,0.5,0,0.5,0.0,0.0,0.0
20,71.34872572103515,2.0,0.5,1,0.5055912592054832,0.005591259205483201,0.011182518410966402,1.1182518410966402
20,71.34872572103515,2.0,0.5,2,0.5111814201958433,0.011181420195843339,0.022362840391686678,2.236284039168668
20,71.34872572103515,2.0,0.5,3,0.5167693854030373,0.016769385403037296,0.03353877080607459,3.353877080607459
20,71.34872572103515,2.0,0.5,4,0.522354058552547,0.022354058552547018,0.044708117105094036,4.470811710509404
20,71.34872572103515,2.0,0.5,5,0.5279343453085539,0.027934345308553876,0.05586869061710775,5.586869061710775
20,71.34872572103515,2.0,0.5,6,0.5335091539172105,0.033509153917210543,0.06701830783442109,6.701830783442109
20,71.34872572103515,2.0,0.5,7,0.5390773958473807,0.03907739584738068,0.07815479169476136,7.815479169476136
20,71.34872572103515,2.0,0.5,8,0.5446379864282181,0.044637986428218146,0.08927597285643629,8.927597285643628
20,71.34872572103515,2.0,0.5,9,0.5501898454829645,0.05018984548296446,0.10037969096592891,10.037969096592892
20,71.34872572103515,2.0,0.5,10,0.555731897958348,0.05573189795834799,0.11146379591669597,11.146379591669596
20,71.34872572103515,2.0,0.5,11,0.5612630745489717,0.06126307454897173,0.12252614909794346,12.252614909794346
20,71.34872572103515,2.0,0.5,12,0.5667823123160869,0.06678231231608689,0.13356462463217378,13.356462463217378
20,71.34872572103515,2.0,0.5,13,0.5722885553001565,0.07228855530015654,0.14457711060031309,14.457711060031308
20,71.34872572103515,2.0,0.5,14,0.5777807551266179,0.07778075512661786,0.15556151025323572,15.556151025323572
20,71.34872572103515,2.0,0.5,15,0.5832578716042681,0.08325787160426812,0.16651574320853624,16.651574320853623
20,71.34872572103515,2.0,0.5,16,0.5887188733157032,0.08871887331570316,0.17743774663140632,17.743774663140634
20,71.34872572103515,2.0,0.5,17,0.5941627381992504,0.09416273819925036,0.18832547639850072,18.832547639850073
20,71.34872572103515,2.0,0.5,18,0.5995884541218517,0.09958845412185169,0.19917690824370338,19.91769082437034
20,71.34872572103515,2.0,0.5,19,0.6049950194423597,0.10499501944235967,0.20999003888471934,20.999003888471933
20,71.34872572103515,2.0,0.5,20,0.6103814435647272,0.11038144356472723,0.22076288712945447,22.07628871294545
20,71.34872572103515,2.0,0.5,21,0.6157467474805837,0.11574674748058367,0.23149349496116733,23.149349496116734
20,71.34872572103515,2.0,0.5,22,0.6210899643007015,0.12108996430070151,0.24217992860140303,24.217992860140303
20,71.34872572103515,2.0,0.5,23,0.626410139774879,0.12641013977487903,0.25282027954975805,25.282027954975806
20,71.34872572103515,2.0,0.5,24,0.6317063327997713,0.1317063327997713,0.2634126655995426,26.341266559954256
20,71.34872572103515,2.0,0.5,25,0.6369776159142273,0.1369776159142273,0.2739552318284546,27.39552318284546
20,71.34872572103515,2.0,0.5,26,0.6422230757817001,0.14222307578170013,0.28444615156340025,28.444615156340024
20,71.34872572103515,2.0,0.5,27,0.647441813659317,0.14744181365931697,0.29488362731863393,29.488362731863393
20,71.34872572103515,2.0,0.5,28,0.6526329458532156,0.15263294585321563,0.30526589170643126,30.526589170643128
20,71.34872572103515,2.0,0.5,29,0.6577956041597676,0.15779560415976757,0.31559120831953513,31.559120831953514
20,71.34872572103515,2.0,0.5,30,0.6629289362923312,0.16292893629233118,0.32585787258466237,32.58578725846624
20,71.34872572103515,2.0,0.5,31,0.668032106293192,0.16803210629319199,0.33606421258638397,33.6064212586384
20,71.34872572103515,2.0,0.5,32,0.6731042949303735,0.1731042949303735,0.346208589860747,34.6208589860747
20,71.34872572103515,2.0,0.5,33,0.6781447000790126,0.17814470007901262,0.35628940015802524,35.62894001580253
20,71.34872572103515,2.0,0.5,34,0.6831525370870231,0.18315253708702306,0.3663050741740461,36.630507417404615
20,71.34872572103515,2.0,0.5,35,0.6881270391247816,0.18812703912478157,0.37625407824956314,37.62540782495631
20,71.34872572103515,2.0,0.5,36,0.6930674575186,0.1930674575186,0.3861349150372,38.61349150372
20,71.34872572103515,2.0,0.5,37,0.6979730620677606,0.19797306206776055,0.3959461241355211,39.59461241355211
20,71.34872572103515,2.0,0.5,38,0.7028431413449159,0.20284314134491588,0.40568628268983176,40.568628268983176
20,71.34872572103515,2.0,0.5,39,0.707677002979676,0.20767700297967595,0.4153540059593519,41.53540059593519
20,71.34872572103515,2.0,0.5,40,0.7124739739252239,0.21247397392522394,0.42494794785044787,42.49479478504479
25,72.90844026596307,1.83,0.5464480874316939,0,0.5,-0.04644808743169393,-0.08499999999999996,-8.499999999999996
25,72.90844026596307,1.83,0.5464480874316939,1,0.5054716541851352,-0.04097643324655875,-0.07498687284120259,-7.498687284120259
25,72.90844026596307,1.83,0.5464480874316939,2,0.5109422791333207,-0.03550580829837324,-0.06497562918602312,-6.497562918602312
25,72.90844026596307,1.83,0.5464480874316939,3,0.5164108461883797,-0.030037241243314194,-0.05496815147526507,-5.496815147526507
25,72.90844026596307,1.83,0.5464480874316939,4,0.5218763278551343,-0.02457175957655966,-0.044966320025104256,-4.496632002510426
25,72.90844026596307,1.83,0.5464480874316939,5,0.5273376983785403,-0.019110389053153654,-0.03497201196727123,-3.497201196727123
25,72.90844026596307,1.83,0.5464480874316939,6,0.5327939343211869,-0.013654153110506995,-0.024987100192227885,-2.4987100192227887
25,72.90844026596307,1.83,0.5464480874316939,7,0.5382440151386183,-0.008204072293075626,-0.015013452296328444,-1.5013452296328444
25,72.90844026596307,1.83,0.5464480874316939,8,0.5436869237519386,-0.0027611636797553185,-0.005052929533952311,-0.5052929533952311
25,72.90844026596307,1.83,0.5464480874316939,9,0.5491216471171659,0.0026735596854720045,0.004892614224413672,0.48926142244136717
25,72.90844026596307,1.83,0.5464480874316939,10,0.5545471767908028,0.008099089359108858,0.014821333527169134,1.4821333527169134
25,72.90844026596307,1.83,0.5464480874316939,11,0.5599625094910972,0.01351442205940323,0.02473139236870786,2.473139236870786
25,72.90844026596307,1.83,0.5464480874316939,12,0.5653666476544746,0.01891856022278071,0.03462096520768865,3.4620965207688648
25,72.90844026596307,1.83,0.5464480874316939,13,0.5707585999866254,0.02431051255493144,0.04448823797552448,4.448823797552448
25,72.90844026596307,1.83,0.5464480874316939,14,0.5761373820077416,0.02968929457604763,0.054331409074167114,5.433140907416711
25,72.90844026596307,1.83,0.5464480874316939,15,0.5815020165914027,0.03505392915970873,0.06414869036226689,6.414869036226689
25,72.90844026596307,1.83,0.5464480874316939,16,0.5868515344966199,0.040403447064925935,0.07393830812881441,7.393830812881442
25,72.90844026596307,1.83,0.5464480874316939,17,0.5921849748925554,0.045736887460861464,0.08369850405337642,8.369850405337642
25,72.90844026596307,1.83,0.5464480874316939,18,0.5975013858754452,0.05105329844375128,0.09342753615206478,9.342753615206478
25,72.90844026596307,1.83,0.5464480874316939,19,0.6027998249772615,0.05635173754556755,0.10312367970838854,10.312367970838853
25,72.90844026596307,1.83,0.5464480874316939,20,0.6080793596656631,0.06163127223396914,0.1127852281881635,11.27852281881635
25,72.90844026596307,1.83,0.5464480874316939,21,0.6133390678347934,0.06689098040309949,0.12241049413767202,12.241049413767202
25,72.90844026596307,1.83,0.5464480874316939,22,0.618578038286497,0.07212995085480312,0.13199781006428968,13.199781006428967
25,72.90844026596307,1.83,0.5464480874316939,23,0.6237953712015374,0.07734728376984346,0.14154552929881348,14.154552929881348
25,72.90844026596307,1.83,0.5464480874316939,24,0.6289901786004121,0.08254209116871813,0.15105202683875407,15.105202683875408
25,72.90844026596307,1.83,0.5464480874316939,25,0.6341615847933768,0.08771349736168288,0.16051570017187966,16.051570017187966
25,72.90844026596307,1.83,0.5464480874316939,26,0.6393087268192985,0.09286063938760458,0.16993497007931635,16.993497007931634
25,72.90844026596307,1.83,0.5464480874316939,27,0.6444307548729771,0.09798266744128314,0.17930828141754807,17.930828141754805
25,72.90844026596307,1.83,0.5464480874316939,28,0.6495268327205876,0.10307874528889371,0.1886341038786754,18.86341038786754
25,72.90844026596307,1.83,0.5464480874316939,29,0.6545961381029095,0.10814805067121558,0.1979109327283245,19.79109327283245
25,72.90844026596307,1.83,0.5464480874316939,30,0.6596378631260247,0.11318977569433075,0.20713728952062527,20.713728952062528
25,72.90844026596307,1.83,0.5464480874316939,31,0.6646512146391852,0.11820312720749127,0.216311722789709,21.6311722789709
25,72.90844026596307,1.83,0.5464480874316939,32,0.6696354145995608,0.12318732716786684,0.2254328087171963,22.543280871719627
25,72.90844026596307,1.83,0.5464480874316939,33,0.6745897004236012,0.1281416129919073,0.23449915177519032,23.44991517751903
25,72.90844026596307,1.83,0.5464480874316939,34,0.6795133253247564,0.13306523789306246,0.24350938534430422,24.350938534430423
25,72.90844026596307,1.83,0.5464480874316939,35,0.6844055586373212,0.1379574712056273,0.25246217230629786,25.246217230629785
25,72.90844026596307,1.83,0.5464480874316939,36,0.6892656861261844,0.1428175986944905,0.26135620561091755,26.135620561091756
25,72.90844026596307,1.83,0.5464480874316939,37,0.6940930102822804,0.1476449228505865,0.2701902088165732,27.01902088165732
25,72.90844026596307,1.83,0.5464480874316939,38,0.698886850603559,0.1524387631718651,0.2789629366045131,27.89629366045131
25,72.90844026596307,1.83,0.5464480874316939,39,0.7036465438613067,0.15719845642961272,0.2876731752661912,28.767317526619117
25,72.90844026596307,1.83,0.5464480874316939,40,0.7083714443516692,0.16192335691997528,0.2963197431635547,29.631974316355468
25,72.90844026596307,1.87,0.53475935828877,0,0.5,-0.03475935828876997,-0.06499999999999995,-6.499999999999995
25,72.90844026596307,1.87,0.53475935828877,1,0.5054716541851352,-0.029287704103634793,-0.054768006673797165,-5.476800667379717
25,72.90844026596307,1.87,0.53475935828877,2,0.5109422791333207,-0.023817079155449283,-0.04453793802069028,-4.453793802069028
25,72.90844026596307,1.87,0.53475935828877,3,0.5164108461883797,-0.018348512100390235,-0.03431171762772983,-3.4311717627729834
25,72.90844026596307,1.87,0.53475935828877,4,0.5218763278551343,-0.0128830304336357,-0.024091266910898856,-2.4091266910898854
25,72.90844026596307,1.87,0.53475935828877,5,0.5273376983785403,-0.007421659910229694,-0.013878504032129646,-1.3878504032129646
25,72.90844026596307,1.87,0.53475935828877,6,0.5327939343211869,-0.0019654239675830354,-0.0036753428193803672,-0.3675342819380367
25,72.90844026596307,1.87,0.53475935828877,7,0.5382440151386183,0.0034846568498483332,0.00651630830921629,0.651630830921629
25,72.90844026596307,1.87,0.53475935828877,8,0.5436869237519386,0.00892756546316864,0.01669454741612525,1.669454741612525
25,72.90844026596307,1.87,0.53475935828877,9,0.5491216471171659,0.014362288828395964,0.02685748010910033,2.685748010910033
25,72.90844026596307,1.87,0.53475935828877,10,0.5545471767908028,0.019787818502032817,0.03700322059880129,3.700322059880129
25,72.90844026596307,1.87,0.53475935828877,11,0.5599625094910972,0.02520315120232719,0.047129892748351776,4.712989274835177
25,72.90844026596307,1.87,0.53475935828877,12,0.5653666476544746,0.03060728936570467,0.05723563111386765,5.723563111386765
25,72.90844026596307,1.87,0.53475935828877,13,0.5707585999866254,0.0359992416978554,0.06731858197498952,6.731858197498952
25,72.90844026596307,1.87,0.53475935828877,14,0.5761373820077416,0.04137802371897159,0.07737690435447675,7.737690435447675
25,72.90844026596307,1.87,0.53475935828877,15,0.5815020165914027,0.04674265830263269,0.08740877102592304,8.740877102592304
25,72.90844026596307,1.87,0.53475935828877,16,0.5868515344966199,0.052092176207849894,0.09741236950867926,9.741236950867926
25,72.90844026596307,1.87,0.53475935828877,17,0.5921849748925554,0.05742561660378542,0.10738590304907869,10.73859030490787
25,72.90844026596307,1.87,0.53475935828877,18,0.5975013858754452,0.06274202758667524,0.11732759158708261,11.732759158708262
25,72.90844026596307,1.87,0.53475935828877,19,0.6027998249772615,0.06804046668849151,0.12723567270747904,12.723567270747903
25,72.90844026596307,1.87,0.53475935828877,20,0.6080793596656631,0.0733200013768931,0.13710840257478996,13.710840257478996
25,72.90844026596307,1.87,0.53475935828877,21,0.6133390678347934,0.07857970954602345,0.1469440568510637,14.694405685106371
25,72.90844026596307,1.87,0.53475935828877,22,0.618578038286497,0.08381867999772707,0.15674093159574953,15.674093159574953
25,72.90844026596307,1.87,0.53475935828877,23,0.6237953712015374,0.08903601291276741,0.166497344146875,16.6497344146875
25,72.90844026596307,1.87,0.53475935828877,24,0.6289901786004121,0.0942308203116421,0.17621163398277062,17.621163398277062
25,72.90844026596307,1.87,0.53475935828877,25,0.6341615847933768,0.09940222650460684,0.18588216356361476,18.588216356361475
25,72.90844026596307,1.87,0.53475935828877,26,0.6393087268192985,0.10454936853052854,0.1955073191520883,19.55073191520883
25,72.90844026596307,1.87,0.53475935828877,27,0.6444307548729771,0.1096713965842071,0.20508551161246724,20.508551161246725
25,72.90844026596307,1.87,0.53475935828877,28,0.6495268327205876,0.11476747443181767,0.214615177187499,21.4615177187499
25,72.90844026596307,1.87,0.53475935828877,29,0.6545961381029095,0.11983677981413954,0.22409477825244084,22.409477825244085
25,72.90844026596307,1.87,0.53475935828877,30,0.6596378631260247,0.12487850483725471,0.23352280404566628,23.352280404566628
25,72.90844026596307,1.87,0.53475935828877,31,0.6646512146391852,0.12989185635041522,0.24289777137527635,24.289777137527636
25,72.90844026596307,1.87,0.53475935828877,32,0.6696354145995608,0.1348760563107908,0.25221822530117877,25.221822530117876
25,72.90844026596307,1.87,0.53475935828877,33,0.6745897004236012,0.13983034213483125,0.2614827397921343,26.14827397921343
25,72.90844026596307,1.87,0.53475935828877,34,0.6795133253247564,0.14475396703598642,0.2706899183572945,27.06899183572945
25,72.90844026596307,1.87,0.53475935828877,35,0.6844055586373212,0.14964620034855125,0.2798383946517907,27.983839465179074
25,72.90844026596307,1.87,0.53475935828877,36,0.6892656861261844,0.15450632783741447,0.288926833055965,28.8926833055965
25,72.90844026596307,1.87,0.53475935828877,37,0.6940930102822804,0.15933365199351046,0.29795392922786446,29.795392922786444
25,72.90844026596307,1.87,0.53475935828877,38,0.698886850603559,0.16412749231478907,0.30691841062865544,30.691841062865542
25,72.90844026596307,1.87,0.53475935828877,39,0.7036465438613067,0.16888718557253668,0.3158190370206435,31.581903702064352
25,72.90844026596307,1.87,0.53475935828877,40,0.7083714443516692,0.17361208606289924,0.32465460093762155,32.465460093762154
25,72.90844026596307,1.9,0.5263157894736842,0,0.5,-0.02631578947368418,-0.050000000000000044,-5.000000000000004
25,72.90844026596307,1.9,0.5263157894736842,1,0.5054716541851352,-0.020844135288549004,-0.03960385704824321,-3.9603857048243207
25,72.90844026596307,1.9,0.5263157894736842,2,0.5109422791333207,-0.015373510340363494,-0.02920966964669075,-2.9209669646690752
25,72.90844026596307,1.9,0.5263157894736842,3,0.5164108461883797,-0.009904943285304446,-0.01881939224207857,-1.881939224207857
25,72.90844026596307,1.9,0.5263157894736842,4,0.5218763278551343,-0.004439461618549911,-0.008434977075244932,-0.8434977075244932
25,72.90844026596307,1.9,0.5263157894736842,5,0.5273376983785403,0.0010219089048560948,0.0019416269192265023,0.19416269192265023
25,72.90844026596307,1.9,0.5263157894736842,6,0.5327939343211869,0.006478144847502754,0.012308475210255132,1.2308475210255132
25,72.90844026596307,1.9,0.5263157894736842,7,0.5382440151386183,0.011928225664934122,0.022663628763374744,2.2663628763374746
25,72.90844026596307,1.9,0.5263157894736842,8,0.5436869237519386,0.01737113427825443,0.033005155128683294,3.3005155128683294
25,72.90844026596307,1.9,0.5263157894736842,9,0.5491216471171659,0.022805857643481753,0.04333112952261525,4.3331129522615255
25,72.90844026596307,1.9,0.5263157894736842,10,0.5545471767908028,0.028231387317118606,0.05363963590252524,5.363963590252524
25,72.90844026596307,1.9,0.5263157894736842,11,0.5599625094910972,0.03364672001741298,0.06392876803308456,6.3928768033084555
25,72.90844026596307,1.9,0.5263157894736842,12,0.5653666476544746,0.03905085818079046,0.07419663054350178,7.4196630543501785
25,72.90844026596307,1.9,0.5263157894736842,13,0.5707585999866254,0.04444281051294119,0.08444133997458814,8.444133997458813
25,72.90844026596307,1.9,0.5263157894736842,14,0.5761373820077416,0.04982159253405738,0.09466102581470892,9.466102581470892
25,72.90844026596307,1.9,0.5263157894736842,15,0.5815020165914027,0.05518622711771848,0.10485383152366501,10.4853831523665
25,72.90844026596307,1.9,0.5263157894736842,16,0.5868515344966199,0.06053574502293568,0.11501791554357765,11.501791554357766
25,72.90844026596307,1.9,0.5263157894736842,17,0.5921849748925554,0.06586918541887121,0.12515145229585523,12.515145229585523
25,72.90844026596307,1.9,0.5263157894736842,18,0.5975013858754452,0.07118559640176103,0.1352526331633459,13.525263316334591
25,72.90844026596307,1.9,0.5263157894736842,19,0.6027998249772615,0.0764840355035773,0.1453196674567968,14.53196674567968
25,72.90844026596307,1.9,0.5263157894736842,20,0.6080793596656631,0.08176357019197888,0.15535078336475983,15.535078336475983
25,72.90844026596307,1.9,0.5263157894736842,21,0.6133390678347934,0.08702327836110924,0.16534422888610745,16.534422888610745
25,72.90844026596307,1.9,0.5263157894736842,22,0.618578038286497,0.09226224881281286,0.17529827274434429,17.529827274434428
25,72.90844026596307,1.9,0.5263157894736842,23,0.6237953712015374,0.0974795817278532,0.185211205282921,18.5211205282921
25,72.90844026596307,1.9,0.5263157894736842,24,0.6289901786004121,0.10267438912672788,0.19508133934078287,19.508133934078288
25,72.90844026596307,1.9,0.5263157894736842,25,0.6341615847933768,0.10784579531969263,0.20490701110741583,20.490701110741583
25,72.90844026596307,1.9,0.5263157894736842,26,0.6393087268192985,0.11299293734561433,0.21468658095666715,21.468658095666715
25,72.90844026596307,1.9,0.5263157894736842,27,0.6444307548729771,0.11811496539929289,0.22441843425865637,22.44184342586564
25,72.90844026596307,1.9,0.5263157894736842,28,0.6495268327205876,0.12321104324690346,0.23410098216911646,23.410098216911646
25,72.90844026596307,1.9,0.5263157894736842,29,0.6545961381029095,0.12828034862922533,0.24373266239552804,24.373266239552805
25,72.90844026596307,1.9,0.5263157894736842,30,0.6596378631260247,0.1333220736523405,0.2533119399394468,25.33119399394468
25,72.90844026596307,1.9,0.5263157894736842,31,0.6646512146391852,0.138335425165501,0.2628373078144518,26.28373078144518
25,72.90844026596307,1.9,0.5263157894736842,32,0.6696354145995608,0.1433196251258766,0.27230728773916546,27.230728773916546
25,72.90844026596307,1.9,0.5263157894736842,33,0.6745897004236012,0.14827391094991704,0.2817204308048422,28.172043080484222
25,72.90844026596307,1.9,0.5263157894736842,34,0.6795133253247564,0.1531975358510722,0.29107531811703713,29.107531811703712
25,72.90844026596307,1.9,0.5263157894736842,35,0.6844055586373212,0.15808976916363704,0.30037056141091023,30.03705614109102
25,72.90844026596307,1.9,0.5263157894736842,36,0.6892656861261844,0.16294989665250026,0.3096048036397504,30.96048036397504
25,72.90844026596307,1.9,0.5263157894736842,37,0.6940930102822804,0.16777722080859625,0.3187767195363328,31.87767195363328
25,72.90844026596307,1.9,0.5263157894736842,38,0.698886850603559,0.17257106112987486,0.32788501614676213,32.788501614676214
25,72.90844026596307,1.9,0.5263157894736842,39,0.7036465438613067,0.17733075438762247,0.3369284333364826,33.692843333648256
25,72.90844026596307,1.9,0.5263157894736842,40,0.7083714443516692,0.18205565487798503,0.34590574426817144,34.59057442681714
25,72.90844026596307,1.91,0.5235602094240838,0,0.5,-0.023560209424083767,-0.04500000000000004,-4.5000000000000036
25,72.90844026596307,1.91,0.5235602094240838,1,0.5054716541851352,-0.01808855523894859,-0.03454914050639185,-3.454914050639185
25,72.90844026596307,1.91,0.5235602094240838,2,0.5109422791333207,-0.01261793029076308,-0.024100246855357554,-2.410024685535755
25,72.90844026596307,1.91,0.5235602094240838,3,0.5164108461883797,-0.0071493632357040315,-0.01365528378019476,-1.365528378019476
25,72.90844026596307,1.91,0.5235602094240838,4,0.5218763278551343,-0.0016838815689494968,-0.0032162137966935678,-0.3216213796693568
25,72.90844026596307,1.91,0.5235602094240838,5,0.5273376983785403,0.0037774889544565093,0.007215003903011885,0.7215003903011885
25,72.90844026596307,1.91,0.5235602094240838,6,0.5327939343211869,0.009233724897103168,0.017636414553466984,1.7636414553466984
25,72.90844026596307,1.91,0.5235602094240838,7,0.5382440151386183,0.014683805714534537,0.028046068914760913,2.8046068914760913
25,72.90844026596307,1.91,0.5235602094240838,8,0.5436869237519386,0.020126714327854844,0.0384420243662027,3.84420243662027
25,72.90844026596307,1.91,0.5235602094240838,9,0.5491216471171659,0.025561437693082167,0.048822345993786875,4.8822345993786875
25,72.90844026596307,1.91,0.5235602094240838,10,0.5545471767908028,0.03098696736671902,0.05918510767043328,5.918510767043328
25,72.90844026596307,1.91,0.5235602094240838,11,0.5599625094910972,0.03640230006701339,0.06952839312799552,6.9528393127995525
25,72.90844026596307,1.91,0.5235602094240838,12,0.5653666476544746,0.041806438230390874,0.07985029702004653,7.9850297020046535
25,72.90844026596307,1.91,0.5235602094240838,13,0.5707585999866254,0.0471983905625416,0.09014892597445445,9.014892597445446
25,72.90844026596307,1.91,0.5235602094240838,14,0.5761373820077416,0.052577172583657794,0.10042239963478639,10.04223996347864
25,72.90844026596307,1.91,0.5235602094240838,15,0.5815020165914027,0.05794180716731889,0.11066885168957907,11.066885168957906
25,72.90844026596307,1.91,0.5235602094240838,16,0.5868515344966199,0.0632913250725361,0.1208864308885439,12.08864308885439
25,72.90844026596307,1.91,0.5235602094240838,17,0.5921849748925554,0.06862476546847163,0.13107330204478074,13.107330204478075
25,72.90844026596307,1.91,0.5235602094240838,18,0.5975013858754452,0.07394117645136145,0.14122764702210033,14.122764702210034
25,72.90844026596307,1.91,0.5235602094240838,19,0.6027998249772615,0.07923961555317771,0.15134766570656932,15.134766570656932
25,72.90844026596307,1.91,0.5235602094240838,20,0.6080793596656631,0.0845191502415793,0.1614315769614164,16.143157696141643
25,72.90844026596307,1.91,0.5235602094240838,21,0.6133390678347934,0.08977885841070965,0.1714776195644554,17.14776195644554
25,72.90844026596307,1.91,0.5235602094240838,22,0.618578038286497,0.09501782886241328,0.18148405312720928,18.14840531272093
25,72.90844026596307,1.91,0.5235602094240838,23,0.6237953712015374,0.10023516177745362,0.1914491589949363,19.144915899493633
25,72.90844026596307,1.91,0.5235602094240838,24,0.6289901786004121,0.1054299691763283,0.20137124112678695,20.137124112678695
25,72.90844026596307,1.91,0.5235602094240838,25,0.6341615847933768,0.11060137536929304,0.21124862695534963,21.12486269553496
25,72.90844026596307,1.91,0.5235602094240838,26,0.6393087268192985,0.11574851739521475,0.22107966822486014,22.107966822486013
25,72.90844026596307,1.91,0.5235602094240838,27,0.6444307548729771,0.12087054544889331,0.2308627418073862,23.08627418073862
25,72.90844026596307,1.91,0.5235602094240838,28,0.6495268327205876,0.12596662329650388,0.24059625049632238,24.05962504963224
25,72.90844026596307,1.91,0.5235602094240838,29,0.6545961381029095,0.13103592867882574,0.2502786237765571,25.02786237765571
25,72.90844026596307,1.91,0.5235602094240838,30,0.6596378631260247,0.13607765370194091,0.25990831857070706,25.990831857070706
25,72.90844026596307,1.91,0.5235602094240838,31,0.6646512146391852,0.14109100521510143,0.2694838199608437,26.94838199608437
25,72.90844026596307,1.91,0.5235602094240838,32,0.6696354145995608,0.146075205175477,0.279003641885161,27.900364188516104
25,72.90844026596307,1.91,0.5235602094240838,33,0.6745897004236012,0.15102949099951746,0.2884663278090783,28.846632780907832
25,72.90844026596307,1.91,0.5235602094240838,34,0.6795133253247564,0.15595311590067262,0.2978704513702847,29.787045137028468
25,72.90844026596307,1.91,0.5235602094240838,35,0.6844055586373212,0.16084534921323745,0.3072146169972835,30.721461699728348
25,72.90844026596307,1.91,0.5235602094240838,36,0.6892656861261844,0.16570547670210067,0.31649746050101224,31.649746050101225
25,72.90844026596307,1.91,0.5235602094240838,37,0.6940930102822804,0.17053280085819666,0.3257176496391556,32.57176496391556
25,72.90844026596307,1.91,0.5235602094240838,38,0.698886850603559,0.17532664117947527,0.33487388465279766,33.487388465279764
25,72.90844026596307,1.91,0.5235602094240838,39,0.7036465438613067,0.18008633443722288,0.3439648987750956,34.39648987750956
25,72.90844026596307,1.91,0.5235602094240838,40,0.7083714443516692,0.18481123492758544,0.3529894587116882,35.29894587116882
25,72.90844026596307,1.95,0.5128205128205129,0,0.5,-0.012820512820512886,-0.025000000000000022,-2.500000000000002
25,72.90844026596307,1.95,0.5128205128205129,1,0.5054716541851352,-0.0073488586353777086,-0.014330274338986426,-1.4330274338986426
25,72.90844026596307,1.95,0.5128205128205129,2,0.5109422791333207,-0.001878233687192199,-0.0036625556900246603,-0.36625556900246603
25,72.90844026596307,1.95,0.5128205128205129,3,0.5164108461883797,0.003590333367866849,0.007001150067340478,0.7001150067340478
25,72.90844026596307,1.95,0.5128205128205129,4,0.5218763278551343,0.009055815034621384,0.017658839317511776,1.7658839317511776
25,72.90844026596307,1.95,0.5128205128205129,5,0.5273376983785403,0.01451718555802739,0.028308511838153527,2.8308511838153527
25,72.90844026596307,1.95,0.5128205128205129,6,0.5327939343211869,0.01997342150067405,0.0389481719263145,3.89481719263145
25,72.90844026596307,1.95,0.5128205128205129,7,0.5382440151386183,0.025423502318105418,0.0495758295203057,4.95758295203057
25,72.90844026596307,1.95,0.5128205128205129,8,0.5436869237519386,0.030866410931425725,0.060189501316280314,6.018950131628031
25,72.90844026596307,1.95,0.5128205128205129,9,0.5491216471171659,0.03630113429665305,0.07078721187847359,7.078721187847359
25,72.90844026596307,1.95,0.5128205128205129,10,0.5545471767908028,0.0417266639702899,0.08136699474206543,8.136699474206544
25,72.90844026596307,1.95,0.5128205128205129,11,0.5599625094910972,0.047141996670584274,0.09192689350763938,9.192689350763938
25,72.90844026596307,1.95,0.5128205128205129,12,0.5653666476544746,0.052546134833961755,0.10246496292622553,10.246496292622552
25,72.90844026596307,1.95,0.5128205128205129,13,0.5707585999866254,0.057938087166112484,0.1129792699739195,11.297926997391949
25,72.90844026596307,1.95,0.5128205128205129,14,0.5761373820077416,0.06331686918722867,0.12346789491509602,12.346789491509602
25,72.90844026596307,1.95,0.5128205128205129,15,0.5815020165914027,0.06868150377088977,0.1339289323532351,13.39289323532351
25,72.90844026596307,1.95,0.5128205128205129,16,0.5868515344966199,0.07403102167610698,0.14436049226840875,14.436049226840876
25,72.90844026596307,1.95,0.5128205128205129,17,0.5921849748925554,0.07936446207204251,0.154760701040483,15.4760701040483
25,72.90844026596307,1.95,0.5128205128205129,18,0.5975013858754452,0.08468087305493233,0.16512770245711816,16.512770245711817
25,72.90844026596307,1.95,0.5128205128205129,19,0.6027998249772615,0.08997931215674859,0.17545965870565983,17.545965870565983
25,72.90844026596307,1.95,0.5128205128205129,20,0.6080793596656631,0.09525884684515018,0.18575475134804298,18.575475134804297
25,72.90844026596307,1.95,0.5128205128205129,21,0.6133390678347934,0.10051855501428053,0.19601118227784708,19.60111822778471
25,72.90844026596307,1.95,0.5128205128205129,22,0.618578038286497,0.10575752546598416,0.20622717465866924,20.622717465866923
25,72.90844026596307,1.95,0.5128205128205129,23,0.6237953712015374,0.1109748583810245,0.21640097384299783,21.640097384299782
25,72.90844026596307,1.95,0.5128205128205129,24,0.6289901786004121,0.11616966577989918,0.2265308482708035,22.65308482708035
25,72.90844026596307,1.95,0.5128205128205129,25,0.6341615847933768,0.12134107197286392,0.23661509034708472,23.661509034708473
25,72.90844026596307,1.95,0.5128205128205129,26,0.6393087268192985,0.12648821399878563,0.2466520172976321,24.665201729763208
25,72.90844026596307,1.95,0.5128205128205129,27,0.6444307548729771,0.1316102420524642,0.25663997200230526,25.663997200230526
25,72.90844026596307,1.95,0.5128205128205129,28,0.6495268327205876,0.13670631990007476,0.26657732380514587,26.657732380514588
25,72.90844026596307,1.95,0.5128205128205129,29,0.6545961381029095,0.14177562528239662,0.27646246930067353,27.646246930067353
25,72.90844026596307,1.95,0.5128205128205129,30,0.6596378631260247,0.1468173503055118,0.2862938330957481,28.629383309574806
25,72.90844026596307,1.95,0.5128205128205129,31,0.6646512146391852,0.1518307018186723,0.29606986854641115,29.606986854641114
25,72.90844026596307,1.95,0.5128205128205129,32,0.6696354145995608,0.1568149017790479,0.3057890584691435,30.57890584691435
25,72.90844026596307,1.95,0.5128205128205129,33,0.6745897004236012,0.16176918760308834,0.31544991582602233,31.544991582602233
25,72.90844026596307,1.95,0.5128205128205129,34,0.6795133253247564,0.1666928125042435,0.32505098438327495,32.505098438327494
25,72.90844026596307,1.95,0.5128205128205129,35,0.6844055586373212,0.17158504581680833,0.33459083934277634,33.459083934277636
25,72.90844026596307,1.95,0.5128205128205129,36,0.6892656861261844,0.17644517330567155,0.3440680879460596,34.40680879460596
25,72.90844026596307,1.95,0.5128205128205129,37,0.6940930102822804,0.18127249746176755,0.3534813700504468,35.34813700504468
25,72.90844026596307,1.95,0.5128205128205129,38,0.698886850603559,0.18606633778304615,0.3628293586769401,36.28293586769401
25,72.90844026596307,1.95,0.5128205128205129,39,0.7036465438613067,0.19082603104079376,0.37211076052954795,37.211076052954795
25,72.90844026596307,1.95,0.5128205128205129,40,0.7083714443516692,0.19555093153115632,0.38132431648575493,38.13243164857549
25,72.90844026596307,2.0,0.5,0,0.5,0.0,0.0,0.0
25,72.90844026596307,2.0,0.5,1,0.5054716541851352,0.005471654185135177,0.010943308370270355,1.0943308370270355
25,72.90844026596307,2.0,0.5,2,0.5109422791333207,0.010942279133320687,0.021884558266641374,2.1884558266641374
25,72.90844026596307,2.0,0.5,3,0.5164108461883797,0.016410846188379735,0.03282169237675947,3.282169237675947
25,72.90844026596307,2.0,0.5,4,0.5218763278551343,0.02187632785513427,0.04375265571026854,4.375265571026854
25,72.90844026596307,2.0,0.5,5,0.5273376983785403,0.027337698378540276,0.05467539675708055,5.467539675708055
25,72.90844026596307,2.0,0.5,6,0.5327939343211869,0.032793934321186935,0.06558786864237387,6.558786864237387
25,72.90844026596307,2.0,0.5,7,0.5382440151386183,0.038244015138618304,0.07648803027723661,7.648803027723661
25,72.90844026596307,2.0,0.5,8,0.5436869237519386,0.04368692375193861,0.08737384750387722,8.737384750387722
25,72.90844026596307,2.0,0.5,9,0.5491216471171659,0.049121647117165934,0.09824329423433187,9.824329423433188
25,72.90844026596307,2.0,0.5,10,0.5545471767908028,0.05454717679080279,0.10909435358160557,10.909435358160557
25,72.90844026596307,2.0,0.5,11,0.5599625094910972,0.05996250949109716,0.11992501898219432,11.992501898219432
25,72.90844026596307,2.0,0.5,12,0.5653666476544746,0.06536664765447464,0.13073329530894928,13.073329530894927
25,72.90844026596307,2.0,0.5,13,0.5707585999866254,0.07075859998662537,0.14151719997325074,14.151719997325074
25,72.90844026596307,2.0,0.5,14,0.5761373820077416,0.07613738200774156,0.15227476401548312,15.227476401548312
25,72.90844026596307,2.0,0.5,15,0.5815020165914027,0.08150201659140266,0.16300403318280532,16.30040331828053
25,72.90844026596307,2.0,0.5,16,0.5868515344966199,0.08685153449661986,0.17370306899323973,17.37030689932397
25,72.90844026596307,2.0,0.5,17,0.5921849748925554,0.0921849748925554,0.1843699497851108,18.43699497851108
25,72.90844026596307,2.0,0.5,18,0.5975013858754452,0.09750138587544521,0.19500277175089042,19.500277175089042
25,72.90844026596307,2.0,0.5,19,0.6027998249772615,0.10279982497726148,0.20559964995452296,20.559964995452297
25,72.90844026596307,2.0,0.5,20,0.6080793596656631,0.10807935966566307,0.21615871933132613,21.615871933132613
25,72.90844026596307,2.0,0.5,21,0.6133390678347934,0.11333906783479342,0.22667813566958683,22.667813566958685
25,72.90844026596307,2.0,0.5,22,0.618578038286497,0.11857803828649705,0.2371560765729941,23.715607657299408
25,72.90844026596307,2.0,0.5,23,0.6237953712015374,0.12379537120153739,0.24759074240307477,24.759074240307477
25,72.90844026596307,2.0,0.5,24,0.6289901786004121,0.12899017860041206,0.25798035720082413,25.798035720082414
25,72.90844026596307,2.0,0.5,25,0.6341615847933768,0.1341615847933768,0.2683231695867536,26.832316958675364
25,72.90844026596307,2.0,0.5,26,0.6393087268192985,0.1393087268192985,0.278617453638597,27.861745363859704
25,72.90844026596307,2.0,0.5,27,0.6444307548729771,0.14443075487297707,0.28886150974595415,28.886150974595417
25,72.90844026596307,2.0,0.5,28,0.6495268327205876,0.14952683272058764,0.2990536654411753,29.905366544117527
25,72.90844026596307,2.0,0.5,29,0.6545961381029095,0.1545961381029095,0.309192276205819,30.9192276205819
25,72.90844026596307,2.0,0.5,30,0.6596378631260247,0.15963786312602468,0.31927572625204936,31.927572625204938
25,72.90844026596307,2.0,0.5,31,0.6646512146391852,0.1646512146391852,0.3293024292783704,32.93024292783704
25,72.90844026596307,2.0,0.5,32,0.6696354145995608,0.16963541459956077,0.33927082919912155,33.92708291991215
25,72.90844026596307,2.0,0.5,33,0.6745897004236012,0.17458970042360122,0.34917940084720245,34.91794008472024
25,72.90844026596307,2.0,0.5,34,0.6795133253247564,0.1795133253247564,0.3590266506495128,35.90266506495128
25,72.90844026596307,2.0,0.5,35,0.6844055586373212,0.18440555863732122,0.36881111727464244,36.881111727464244
25,72.90844026596307,2.0,0.5,36,0.6892656861261844,0.18926568612618444,0.3785313722523689,37.853137225236885
25,72.90844026596307,2.0,0.5,37,0.6940930102822804,0.19409301028228043,0.38818602056456086,38.818602056456086
25,72.90844026596307,2.0,0.5,38,0.698886850603559,0.19888685060355904,0.3977737012071181,39.77737012071181
25,72.90844026596307,2.0,0.5,39,0.7036465438613067,0.20364654386130665,0.4072930877226133,40.729308772261334
25,72.90844026596307,2.0,0.5,40,0.7083714443516692,0.2083714443516692,0.4167428887033384,41.67428887033384
30,74.77058687756505,1.83,0.5464480874316939,0,0.5,-0.04644808743169393,-0.08499999999999996,-8.499999999999996
30,74.77058687756505,1.83,0.5464480874316939,1,0.5053353919531813,-0.041112695478512595,-0.07523623272567814,-7.523623272567814
30,74.77058687756505,1.83,0.5464480874316939,2,0.5106698296623648,-0.03577825776932908,-0.06547421171787227,-6.547421171787226
30,74.77058687756505,1.83,0.5464480874316939,3,0.5160023593955267,-0.030445728036167186,-0.05571568230618601,-5.571568230618601
30,74.77058687756505,1.83,0.5464480874316939,4,0.5213320284441332,-0.025116058987560752,-0.04596238794723623,-4.5962387947236225
30,74.77058687756505,1.83,0.5464480874316939,5,0.526657885633742,-0.01979020179795188,-0.036216069290252006,-3.6216069290252006
30,74.77058687756505,1.83,0.5464480874316939,6,0.5319789818332329,-0.01446910559846104,-0.02647846324518377,-2.647846324518377
30,74.77058687756505,1.83,0.5464480874316939,7,0.5372943704622113,-0.00915371696948264,-0.016751302054153316,-1.6751302054153316
30,74.77058687756505,1.83,0.5464480874316939,8,0.5426031079961369,-0.003844979435557061,-0.007036312367069475,-0.7036312367069475
30,74.77058687756505,1.83,0.5464480874316939,9,0.5479042544687234,0.0014561670370294433,0.0026647856777637924,0.26647856777637924
30,74.77058687756505,1.83,0.5464480874316939,10,0.5531968739711668,0.006748786539472862,0.012350279367235262,1.2350279367235262
30,74.77058687756505,1.83,0.5464480874316939,11,0.5584800351477593,0.012031947716065416,0.022018464320399667,2.2018464320399667
30,74.77058687756505,1.83,0.5464480874316939,12,0.5637528116874515,0.017304724255757575,0.03166764538803629,3.166764538803629
30,74.77058687756505,1.83,0.5464480874316939,13,0.5690142828109297,0.022566195379235765,0.041296137544001355,4.129613754400135
30,74.77058687756505,1.83,0.5464480874316939,14,0.574263533752784,0.02781544632109012,0.05090226676759485,5.090226676759485
30,74.77058687756505,1.83,0.5464480874316939,15,0.5794996562383439,0.033051568806649945,0.06048437091616932,6.048437091616932
30,74.77058687756505,1.83,0.5464480874316939,16,0.5847217489547689,0.03827366152307499,0.07004080058722717,7.004080058722717
30,74.77058687756505,1.83,0.5464480874316939,17,0.5899289180159868,0.04348083058429286,0.07956991996925589,7.956991996925589
30,74.77058687756505,1.83,0.5464480874316939,18,0.5951202774210811,0.04867218998938716,0.08907010768057844,8.907010768057845
30,74.77058687756505,1.83,0.5464480874316939,19,0.6002949495057349,0.05384686207404099,0.09853975759549494,9.853975759549494
30,74.77058687756505,1.83,0.5464480874316939,20,0.6054520653863495,0.05900397795465562,0.10797727965701975,10.797727965701975
30,74.77058687756505,1.83,0.5464480874316939,21,0.6105907653964653,0.06414267796477136,0.11738110067553154,11.738110067553153
30,74.77058687756505,1.83,0.5464480874316939,22,0.6157101995151177,0.06926211208342381,0.1267496651126655,12.67496651126655
30,74.77058687756505,1.83,0.5464480874316939,23,0.6208095277867774,0.07436144035508352,0.1360814358498028,13.608143584980281
30,74.77058687756505,1.83,0.5464480874316939,24,0.6258879207325285,0.0794398333008346,0.14537489494052724,14.537489494052725
30,74.77058687756505,1.83,0.5464480874316939,25,0.6309445597521515,0.08449647232045754,0.15462854434643725,15.462854434643724
30,74.77058687756505,1.83,0.5464480874316939,26,0.6359786375167901,0.08953055008509614,0.16384090665572582,16.384090665572582
30,74.77058687756505,1.83,0.5464480874316939,27,0.6409893583518899,0.09454127092019593,0.17301052578395848,17.301052578395847
30,74.77058687756505,1.83,0.5464480874316939,28,0.6459759386101094,0.09952785117841545,0.1821359676565002,18.21359676565002
30,74.77058687756505,1.83,0.5464480874316939,29,0.6509376070339177,0.10448951960222375,0.19121582087206934,19.121582087206935
30,74.77058687756505,1.83,0.5464480874316939,30,0.6558736051076032,0.10942551767590925,0.20024869734691386,20.024869734691386
30,74.77058687756505,1.83,0.5464480874316939,31,0.6607831873984307,0.11433509996673674,0.2092332329391282,20.923323293912823
30,74.77058687756505,1.83,0.5464480874316939,32,0.6656656218867001,0.11921753445500616,0.2181680880526612,21.81680880526612
30,74.77058687756505,1.83,0.5464480874316939,33,0.6705201902844673,0.12407210285277337,0.22705194822057517,22.705194822057518
30,74.77058687756505,1.83,0.5464480874316939,34,0.6753461883427084,0.1288981009110145,0.23588352466715645,23.588352466715644
30,74.77058687756505,1.83,0.5464480874316939,35,0.6801429261467155,0.13369483871502152,0.24466155484848928,24.46615548484893
30,74.77058687756505,1.83,0.5464480874316939,36,0.6849097283995295,0.13846164096783553,0.25338480297113897,25.338480297113897
30,74.77058687756505,1.83,0.5464480874316939,37,0.6896459346932308,0.14319784726153684,0.2620520604886124,26.20520604886124
30,74.77058687756505,1.83,0.5464480874316939,38,0.6943508997679169,0.14790281233622293,0.27066214657528787,27.066214657528786
30,74.77058687756505,1.83,0.5464480874316939,39,0.6990239937582181,0.15257590632652418,0.27921390857753914,27.921390857753913
30,74.77058687756505,1.83,0.5464480874316939,40,0.7036646024272094,0.15721651499551548,0.2877062224417932,28.77062224417932
30,74.77058687756505,1.87,0.53475935828877,0,0.5,-0.03475935828876997,-0.06499999999999995,-6.499999999999995
30,74.77058687756505,1.87,0.53475935828877,1,0.5053353919531813,-0.029423966335588636,-0.055022817047550854,-5.502281704755085
30,74.77058687756505,1.87,0.53475935828877,2,0.5106698296623648,-0.02408952862640512,-0.04504741853137767,-4.504741853137767
30,74.77058687756505,1.87,0.53475935828877,3,0.5160023593955267,-0.018756998893243226,-0.035075587930364915,-3.5075587930364915
30,74.77058687756505,1.87,0.53475935828877,4,0.5213320284441332,-0.013427329844636793,-0.025109106809470927,-2.5109106809470925
30,74.77058687756505,1.87,0.53475935828877,5,0.526657885633742,-0.00810147265502792,-0.015149753864902304,-1.5149753864902304
30,74.77058687756505,1.87,0.53475935828877,6,0.5319789818332329,-0.0027803764555370813,-0.005199303971854419,-0.5199303971854419
30,74.77058687756505,1.87,0.53475935828877,7,0.5372943704622113,0.00253501217344132,0.004740472764335146,0.47404727643351463
30,74.77058687756505,1.87,0.53475935828877,8,0.5426031079961369,0.007843749707366898,0.014667811952776,1.4667811952776
30,74.77058687756505,1.87,0.53475935828877,9,0.5479042544687234,0.013144896179953403,0.024580955856512765,2.4580955856512765
30,74.77058687756505,1.87,0.53475935828877,10,0.5531968739711668,0.01843751568239682,0.03447815432608198,3.4478154326081976
30,74.77058687756505,1.87,0.53475935828877,11,0.5584800351477593,0.023720676858989376,0.04435766572631006,4.435766572631006
30,74.77058687756505,1.87,0.53475935828877,12,0.5637528116874515,0.028993453398681535,0.0542177578555344,5.421775785553439
30,74.77058687756505,1.87,0.53475935828877,13,0.5690142828109297,0.034254924522159724,0.0640567088564386,6.40567088564386
30,74.77058687756505,1.87,0.53475935828877,14,0.574263533752784,0.03950417546401408,0.07387280811770625,7.387280811770625
30,74.77058687756505,1.87,0.53475935828877,15,0.5794996562383439,0.044740297949573904,0.08366435716570308,8.366435716570308
30,74.77058687756505,1.87,0.53475935828877,16,0.5847217489547689,0.049962390665998946,0.09342967054541795,9.342967054541795
30,74.77058687756505,1.87,0.53475935828877,17,0.5899289180159868,0.05516955972721682,0.10316707668989533,10.316707668989533
30,74.77058687756505,1.87,0.53475935828877,18,0.5951202774210811,0.06036091913231112,0.11287491877742173,11.287491877742173
30,74.77058687756505,1.87,0.53475935828877,19,0.6002949495057349,0.06553559121696495,0.12255155557572439,12.25515555757244
30,74.77058687756505,1.87,0.53475935828877,20,0.6054520653863495,0.07069270709757958,0.13219536227247375,13.219536227247374
30,74.77058687756505,1.87,0.53475935828877,21,0.6105907653964653,0.07583140710769531,0.14180473129139015,14.180473129139015
30,74.77058687756505,1.87,0.53475935828877,22,0.6157101995151177,0.08095084122634777,0.15137807309327023,15.137807309327023
30,74.77058687756505,1.87,0.53475935828877,23,0.6208095277867774,0.08605016949800748,0.16091381696127394,16.091381696127392
30,74.77058687756505,1.87,0.53475935828877,24,0.6258879207325285,0.09112856244375855,0.1704104117698284,17.04104117698284
30,74.77058687756505,1.87,0.53475935828877,25,0.6309445597521515,0.0961852014633815,0.17986632673652336,17.986632673652338
30,74.77058687756505,1.87,0.53475935828877,26,0.6359786375167901,0.1012192792280201,0.18928005215639754,18.928005215639754
30,74.77058687756505,1.87,0.53475935828877,27,0.6409893583518899,0.10623000006311989,0.19865010011803408,19.865010011803406
30,74.77058687756505,1.87,0.53475935828877,28,0.6459759386101094,0.11121658032133941,0.20797500520090462,20.797500520090463
30,74.77058687756505,1.87,0.53475935828877,29,0.6509376070339177,0.1161782487451477,0.2172533251534261,21.72533251534261
30,74.77058687756505,1.87,0.53475935828877,30,0.6558736051076032,0.1211142468188332,0.22648364155121803,22.648364155121804
30,74.77058687756505,1.87,0.53475935828877,31,0.6607831873984307,0.1260238291096607,0.23566456043506545,23.566456043506545
30,74.77058687756505,1.87,0.53475935828877,32,0.6656656218867001,0.13090626359793012,0.24479471292812927,24.479471292812928
30,74.77058687756505,1.87,0.53475935828877,33,0.6705201902844673,0.13576083199569733,0.2538727558319539,25.38727558319539
30,74.77058687756505,1.87,0.53475935828877,34,0.6753461883427084,0.14058683005393846,0.26289737220086484,26.289737220086483
30,74.77058687756505,1.87,0.53475935828877,35,0.6801429261467155,0.14538356785794548,0.271867271894358,27.1867271894358
30,74.77058687756505,1.87,0.53475935828877,36,0.6849097283995295,0.1501503701107595,0.28078119210712016,28.078119210712018
30,74.77058687756505,1.87,0.53475935828877,37,0.6896459346932308,0.1548865764044608,0.28963789787634164,28.963789787634163
30,74.77058687756505,1.87,0.53475935828877,38,0.6943508997679169,0.1595915414791469,0.29843618256600457,29.843618256600458
30,74.77058687756505,1.87,0.53475935828877,39,0.6990239937582181,0.16426463546944814,0.3071748683278679,30.71748683278679
30,74.77058687756505,1.87,0.53475935828877,40,0.7036646024272094,0.16890524413843944,0.3158528065388817,31.58528065388817
30,74.77058687756505,1.9,0.5263157894736842,0,0.5,-0.02631578947368418,-0.050000000000000044,-5.000000000000004
30,74.77058687756505,1.9,0.5263157894736842,1,0.5053353919531813,-0.020980397520502847,-0.0398627552889555,-3.9862755288955496
30,74.77058687756505,1.9,0.5263157894736842,2,0.5106698296623648,-0.015645959811319332,-0.02972732364150682,-2.9727323641506818
30,74.77058687756505,1.9,0.5263157894736842,3,0.5160023593955267,-0.010313430078157437,-0.01959551714849922,-1.959551714849922
30,74.77058687756505,1.9,0.5263157894736842,4,0.5213320284441332,-0.004983761029551004,-0.009469145956147007,-0.9469145956147007
30,74.77058687756505,1.9,0.5263157894736842,5,0.526657885633742,0.0003420961600578698,0.0006499827041098749,0.06499827041098749
30,74.77058687756505,1.9,0.5263157894736842,6,0.5319789818332329,0.005663192359548708,0.010760065483142456,1.0760065483142456
30,74.77058687756505,1.9,0.5263157894736842,7,0.5372943704622113,0.010978580988527109,0.020859303878201396,2.08593038782014
30,74.77058687756505,1.9,0.5263157894736842,8,0.5426031079961369,0.016287318522452687,0.030945905192659995,3.0945905192659993
30,74.77058687756505,1.9,0.5263157894736842,9,0.5479042544687234,0.02158846499503919,0.04101808349057434,4.101808349057434
30,74.77058687756505,1.9,0.5263157894736842,10,0.5531968739711668,0.02688108449748261,0.05107406054521685,5.107406054521685
30,74.77058687756505,1.9,0.5263157894736842,11,0.5584800351477593,0.032164245674075165,0.06111206678074266,6.111206678074266
30,74.77058687756505,1.9,0.5263157894736842,12,0.5637528116874515,0.037437022213767324,0.07113034220615777,7.113034220615777
30,74.77058687756505,1.9,0.5263157894736842,13,0.5690142828109297,0.04269849333724551,0.08112713734076638,8.112713734076637
30,74.77058687756505,1.9,0.5263157894736842,14,0.574263533752784,0.04794774427909987,0.09110071413028964,9.110071413028964
30,74.77058687756505,1.9,0.5263157894736842,15,0.5794996562383439,0.05318386676465969,0.10104934685285327,10.104934685285327
30,74.77058687756505,1.9,0.5263157894736842,16,0.5847217489547689,0.058405959481084735,0.11097132301406087,11.097132301406088
30,74.77058687756505,1.9,0.5263157894736842,17,0.5899289180159868,0.06361312854230261,0.12086494423037486,12.086494423037486
30,74.77058687756505,1.9,0.5263157894736842,18,0.5951202774210811,0.06880448794739691,0.130728527100054,13.0728527100054
30,74.77058687756505,1.9,0.5263157894736842,19,0.6002949495057349,0.07397916003205074,0.14056040406089632,14.056040406089632
30,74.77058687756505,1.9,0.5263157894736842,20,0.6054520653863495,0.07913627591266537,0.15035892423406405,15.035892423406406
30,74.77058687756505,1.9,0.5263157894736842,21,0.6105907653964653,0.0842749759227811,0.16012245425328397,16.0122454253284
30,74.77058687756505,1.9,0.5263157894736842,22,0.6157101995151177,0.08939441004143356,0.16984937907872366,16.984937907872364
30,74.77058687756505,1.9,0.5263157894736842,23,0.6208095277867774,0.09449373831309327,0.17953810279487714,17.953810279487715
30,74.77058687756505,1.9,0.5263157894736842,24,0.6258879207325285,0.09957213125884434,0.18918704939180409,18.918704939180408
30,74.77058687756505,1.9,0.5263157894736842,25,0.6309445597521515,0.10462877027846729,0.1987946635290877,19.87946635290877
30,74.77058687756505,1.9,0.5263157894736842,26,0.6359786375167901,0.10966284804310589,0.20835941128190105,20.835941128190104
30,74.77058687756505,1.9,0.5263157894736842,27,0.6409893583518899,0.11467356887820568,0.21787978086859072,21.787978086859074
30,74.77058687756505,1.9,0.5263157894736842,28,0.6459759386101094,0.1196601491364252,0.2273542833592077,22.735428335920773
30,74.77058687756505,1.9,0.5263157894736842,29,0.6509376070339177,0.1246218175602335,0.23678145336444356,23.678145336444356
30,74.77058687756505,1.9,0.5263157894736842,30,0.6558736051076032,0.129557815633919,0.24615984970444593,24.615984970444593
30,74.77058687756505,1.9,0.5263157894736842,31,0.6607831873984307,0.1344673979247465,0.2554880560570182,25.54880560570182
30,74.77058687756505,1.9,0.5263157894736842,32,0.6656656218867001,0.1393498324130159,0.2647646815847301,26.47646815847301
30,74.77058687756505,1.9,0.5263157894736842,33,0.6705201902844673,0.14420440081078312,0.2739883615404878,27.398836154048777
30,74.77058687756505,1.9,0.5263157894736842,34,0.6753461883427084,0.14903039886902425,0.28315775785114594,28.315775785114596
30,74.77058687756505,1.9,0.5263157894736842,35,0.6801429261467155,0.15382713667303127,0.2922715596787593,29.22715596787593
30,74.77058687756505,1.9,0.5263157894736842,36,0.6849097283995295,0.15859393892584528,0.30132848395910594,30.132848395910592
30,74.77058687756505,1.9,0.5263157894736842,37,0.6896459346932308,0.16333014521954659,0.3103272759171384,31.032727591713837
30,74.77058687756505,1.9,0.5263157894736842,38,0.6943508997679169,0.16803511029423268,0.319266709559042,31.9266709559042
30,74.77058687756505,1.9,0.5263157894736842,39,0.6990239937582181,0.17270820428453393,0.32814558814061434,32.814558814061435
30,74.77058687756505,1.9,0.5263157894736842,40,0.7036646024272094,0.17734881295352523,0.33696274461169784,33.696274461169786
30,74.77058687756505,1.91,0.5235602094240838,0,0.5,-0.023560209424083767,-0.04500000000000004,-4.5000000000000036
30,74.77058687756505,1.91,0.5235602094240838,1,0.5053353919531813,-0.018224817470902432,-0.034809401369423676,-3.4809401369423676
30,74.77058687756505,1.91,0.5235602094240838,2,0.5106698296623648,-0.012890379761718918,-0.024620625344883185,-2.4620625344883185
30,74.77058687756505,1.91,0.5235602094240838,3,0.5160023593955267,-0.007557850028557023,-0.014435493554543988,-1.4435493554543988
30,74.77058687756505,1.91,0.5235602094240838,4,0.5213320284441332,-0.002228180979950589,-0.004255825671705682,-0.4255825671705682
30,74.77058687756505,1.91,0.5235602094240838,5,0.526657885633742,0.0030976762096582844,0.0059165615604472865,0.5916561560447287
30,74.77058687756505,1.91,0.5235602094240838,6,0.5319789818332329,0.008418772409149122,0.016079855301474766,1.6079855301474766
30,74.77058687756505,1.91,0.5235602094240838,7,0.5372943704622113,0.013734161038127524,0.026232247582823498,2.62322475828235
30,74.77058687756505,1.91,0.5235602094240838,8,0.5426031079961369,0.019042898572053102,0.036371936272621364,3.6371936272621364
30,74.77058687756505,1.91,0.5235602094240838,9,0.5479042544687234,0.024344045044639606,0.04649712603526157,4.649712603526157
30,74.77058687756505,1.91,0.5235602094240838,10,0.5531968739711668,0.029636664547083025,0.05660602928492853,5.660602928492853
30,74.77058687756505,1.91,0.5235602094240838,11,0.5584800351477593,0.03491982572367558,0.06669686713222034,6.669686713222034
30,74.77058687756505,1.91,0.5235602094240838,12,0.5637528116874515,0.04019260226336774,0.07676787032303234,7.676787032303234
30,74.77058687756505,1.91,0.5235602094240838,13,0.5690142828109297,0.04545407338684593,0.08681728016887569,8.681728016887568
30,74.77058687756505,1.91,0.5235602094240838,14,0.574263533752784,0.05070332432870028,0.09684334946781747,9.684334946781748
30,74.77058687756505,1.91,0.5235602094240838,15,0.5794996562383439,0.05593944681426011,0.10684434341523674,10.684434341523675
30,74.77058687756505,1.91,0.5235602094240838,16,0.5847217489547689,0.06116153953068515,0.11681854050360863,11.681854050360862
30,74.77058687756505,1.91,0.5235602094240838,17,0.5899289180159868,0.06636870859190303,0.12676423341053478,12.676423341053479
30,74.77058687756505,1.91,0.5235602094240838,18,0.5951202774210811,0.07156006799699732,0.1366797298742648,13.66797298742648
30,74.77058687756505,1.91,0.5235602094240838,19,0.6002949495057349,0.07673474008165115,0.14656335355595362,14.656335355595363
30,74.77058687756505,1.91,0.5235602094240838,20,0.6054520653863495,0.08189185596226578,0.15641344488792763,15.641344488792763
30,74.77058687756505,1.91,0.5235602094240838,21,0.6105907653964653,0.08703055597238152,0.16622836190724866,16.622836190724865
30,74.77058687756505,1.91,0.5235602094240838,22,0.6157101995151177,0.09214999009103397,0.17600648107387484,17.600648107387485
30,74.77058687756505,1.91,0.5235602094240838,23,0.6208095277867774,0.09724931836269368,0.18574619807274484,18.574619807274484
30,74.77058687756505,1.91,0.5235602094240838,24,0.6258879207325285,0.10232771130844476,0.19544592859912946,19.544592859912946
30,74.77058687756505,1.91,0.5235602094240838,25,0.6309445597521515,0.1073843503280677,0.20510410912660926,20.510410912660927
30,74.77058687756505,1.91,0.5235602094240838,26,0.6359786375167901,0.1124184280927063,0.21471919765706893,21.471919765706893
30,74.77058687756505,1.91,0.5235602094240838,27,0.6409893583518899,0.11742914892780609,0.22428967445210957,22.428967445210958
30,74.77058687756505,1.91,0.5235602094240838,28,0.6459759386101094,0.12241572918602561,0.23381404274530881,23.38140427453088
30,74.77058687756505,1.91,0.5235602094240838,29,0.6509376070339177,0.1273773976098339,0.24329082943478275,24.329082943478276
30,74.77058687756505,1.91,0.5235602094240838,30,0.6558736051076032,0.1323133956835194,0.252718585755522,25.271858575552198
30,74.77058687756505,1.91,0.5235602094240838,31,0.6607831873984307,0.1372229779743469,0.2620958879310026,26.20958879310026
30,74.77058687756505,1.91,0.5235602094240838,32,0.6656656218867001,0.14210541246261632,0.2714213378035971,27.14213378035971
30,74.77058687756505,1.91,0.5235602094240838,33,0.6705201902844673,0.14695998086038353,0.2806935634433325,28.06935634433325
30,74.77058687756505,1.91,0.5235602094240838,34,0.6753461883427084,0.15178597891862466,0.289911219734573,28.9911219734573
30,74.77058687756505,1.91,0.5235602094240838,35,0.6801429261467155,0.1565827167226317,0.2990729889402265,29.90729889402265
30,74.77058687756505,1.91,0.5235602094240838,36,0.6849097283995295,0.1613495189754457,0.30817758124310124,30.817758124310124
30,74.77058687756505,1.91,0.5235602094240838,37,0.6896459346932308,0.166085725269147,0.31722373526407066,31.722373526407065
30,74.77058687756505,1.91,0.5235602094240838,38,0.6943508997679169,0.1707906903438331,0.32621021855672117,32.62102185567212
30,74.77058687756505,1.91,0.5235602094240838,39,0.6990239937582181,0.17546378433413434,0.33513582807819653,33.51358280781965
30,74.77058687756505,1.91,0.5235602094240838,40,0.7036646024272094,0.18010439300312564,0.34399939063596996,34.399939063596996
30,74.77058687756505,1.95,0.5128205128205129,0,0.5,-0.012820512820512886,-0.025000000000000022,-2.500000000000002
30,74.77058687756505,1.95,0.5128205128205129,1,0.5053353919531813,-0.007485120867331552,-0.014595985691296443,-1.4595985691296443
30,74.77058687756505,1.95,0.5128205128205129,2,0.5106698296623648,-0.002150683158148037,-0.0041938321583885885,-0.41938321583885885
30,74.77058687756505,1.95,0.5128205128205129,3,0.5160023593955267,0.003181846575013858,0.0062046008212771064,0.6204600821277106
30,74.77058687756505,1.95,0.5128205128205129,4,0.5213320284441332,0.008511515623620292,0.016597455466059674,1.6597455466059674
30,74.77058687756505,1.95,0.5128205128205129,5,0.526657885633742,0.013837372813229165,0.026982876985796933,2.6982876985796933
30,74.77058687756505,1.95,0.5128205128205129,6,0.5319789818332329,0.019158469012720003,0.03735901457480406,3.735901457480406
30,74.77058687756505,1.95,0.5128205128205129,7,0.5372943704622113,0.024473857641698404,0.047724022401312016,4.772402240131202
30,74.77058687756505,1.95,0.5128205128205129,8,0.5426031079961369,0.029782595175623983,0.05807606059246684,5.807606059246684
30,74.77058687756505,1.95,0.5128205128205129,9,0.5479042544687234,0.03508374164821049,0.0684132962140106,6.84132962140106
30,74.77058687756505,1.95,0.5128205128205129,10,0.5531968739711668,0.040376361150653906,0.07873390424377524,7.873390424377524
30,74.77058687756505,1.95,0.5128205128205129,11,0.5584800351477593,0.04565952232724646,0.08903606853813073,8.903606853813073
30,74.77058687756505,1.95,0.5128205128205129,12,0.5637528116874515,0.05093229886693862,0.09931798279053039,9.931798279053039
30,74.77058687756505,1.95,0.5128205128205129,13,0.5690142828109297,0.05619376999041681,0.10957785148131283,10.957785148131283
30,74.77058687756505,1.95,0.5128205128205129,14,0.574263533752784,0.061443020932271164,0.11981389081792893,11.981389081792893
30,74.77058687756505,1.95,0.5128205128205129,15,0.5794996562383439,0.06667914341783099,0.1300243296647705,13.002432966477052
30,74.77058687756505,1.95,0.5128205128205129,16,0.5847217489547689,0.07190123613425603,0.1402074104617994,14.02074104617994
30,74.77058687756505,1.95,0.5128205128205129,17,0.5899289180159868,0.0771084051954739,0.15036139013117422,15.036139013117422
30,74.77058687756505,1.95,0.5128205128205129,18,0.5951202774210811,0.0822997646005682,0.1604845409711081,16.04845409711081
30,74.77058687756505,1.95,0.5128205128205129,19,0.6002949495057349,0.08747443668522203,0.17057515153618308,17.057515153618308
30,74.77058687756505,1.95,0.5128205128205129,20,0.6054520653863495,0.09263155256583666,0.18063152750338163,18.063152750338162
30,74.77058687756505,1.95,0.5128205128205129,21,0.6105907653964653,0.0977702525759524,0.19065199252310727,19.065199252310727
30,74.77058687756505,1.95,0.5128205128205129,22,0.6157101995151177,0.10288968669460485,0.20063488905447957,20.063488905447958
30,74.77058687756505,1.95,0.5128205128205129,23,0.6208095277867774,0.10798901496626456,0.21057857918421596,21.057857918421597
30,74.77058687756505,1.95,0.5128205128205129,24,0.6258879207325285,0.11306740791201564,0.22048144542843062,22.048144542843062
30,74.77058687756505,1.95,0.5128205128205129,25,0.6309445597521515,0.11812404693163858,0.23034189151669537,23.034189151669537
30,74.77058687756505,1.95,0.5128205128205129,26,0.6359786375167901,0.12315812469627718,0.24015834315774065,24.015834315774065
30,74.77058687756505,1.95,0.5128205128205129,27,0.6409893583518899,0.12816884553137697,0.24992924878618517,24.992924878618517
30,74.77058687756505,1.95,0.5128205128205129,28,0.6459759386101094,0.1331554257895965,0.25965308028971323,25.96530802897132
30,74.77058687756505,1.95,0.5128205128205129,29,0.6509376070339177,0.1381170942134048,0.2693283337161394,26.93283337161394
30,74.77058687756505,1.95,0.5128205128205129,30,0.6558736051076032,0.1430530922870903,0.27895352995982614,27.895352995982613
30,74.77058687756505,1.95,0.5128205128205129,31,0.6607831873984307,0.14796267457791779,0.2885272154269398,28.85272154269398
30,74.77058687756505,1.95,0.5128205128205129,32,0.6656656218867001,0.1528451090661872,0.2980479626790652,29.804796267906518
30,74.77058687756505,1.95,0.5128205128205129,33,0.6705201902844673,0.1576996774639544,0.30751437105471124,30.751437105471126
30,74.77058687756505,1.95,0.5128205128205129,34,0.6753461883427084,0.16252567552219555,0.3169250672682814,31.69250672682814
30,74.77058687756505,1.95,0.5128205128205129,35,0.6801429261467155,0.16732241332620257,0.3262787059860951,32.62787059860951
30,74.77058687756505,1.95,0.5128205128205129,36,0.6849097283995295,0.17208921557901657,0.33557397037908243,33.557397037908245
30,74.77058687756505,1.95,0.5128205128205129,37,0.6896459346932308,0.17682542187271788,0.3448095726518,34.48095726518
30,74.77058687756505,1.95,0.5128205128205129,38,0.6943508997679169,0.18153038694740398,0.35398425454743787,35.39842545474379
30,74.77058687756505,1.95,0.5128205128205129,39,0.6990239937582181,0.18620348093770522,0.3630967878285253,36.30967878285253
30,74.77058687756505,1.95,0.5128205128205129,40,0.7036646024272094,0.19084408960669652,0.3721459747330583,37.21459747330583
30,74.77058687756505,2.0,0.5,0,0.5,0.0,0.0,0.0
30,74.77058687756505,2.0,0.5,1,0.5053353919531813,0.005335391953181334,0.010670783906362669,1.0670783906362669
30,74.77058687756505,2.0,0.5,2,0.5106698296623648,0.01066982966236485,0.0213396593247297,2.13396593247297
30,74.77058687756505,2.0,0.5,3,0.5160023593955267,0.016002359395526744,0.03200471879105349,3.200471879105349
30,74.77058687756505,2.0,0.5,4,0.5213320284441332,0.021332028444133178,0.042664056888266355,4.2664056888266355
30,74.77058687756505,2.0,0.5,5,0.526657885633742,0.02665788563374205,0.0533157712674841,5.33157712674841
30,74.77058687756505,2.0,0.5,6,0.5319789818332329,0.03197898183323289,0.06395796366646578,6.395796366646578
30,74.77058687756505,2.0,0.5,7,0.5372943704622113,0.03729437046221129,0.07458874092442258,7.458874092442258
30,74.77058687756505,2.0,0.5,8,0.5426031079961369,0.04260310799613687,0.08520621599227374,8.520621599227374
30,74.77058687756505,2.0,0.5,9,0.5479042544687234,0.04790425446872337,0.09580850893744675,9.580850893744675
30,74.77058687756505,2.0,0.5,10,0.5531968739711668,0.05319687397116679,0.10639374794233358,10.639374794233358
30,74.77058687756505,2.0,0.5,11,0.5584800351477593,0.058480035147759346,0.11696007029551869,11.696007029551868
30,74.77058687756505,2.0,0.5,12,0.5637528116874515,0.0637528116874515,0.127505623374903,12.750562337490301
30,74.77058687756505,2.0,0.5,13,0.5690142828109297,0.0690142828109297,0.1380285656218594,13.802856562185939
30,74.77058687756505,2.0,0.5,14,0.574263533752784,0.07426353375278405,0.1485270675055681,14.85270675055681
30,74.77058687756505,2.0,0.5,15,0.5794996562383439,0.07949965623834387,0.15899931247668775,15.899931247668775
30,74.77058687756505,2.0,0.5,16,0.5847217489547689,0.08472174895476892,0.16944349790953783,16.944349790953783
30,74.77058687756505,2.0,0.5,17,0.5899289180159868,0.08992891801598679,0.17985783603197358,17.98578360319736
30,74.77058687756505,2.0,0.5,18,0.5951202774210811,0.09512027742108109,0.19024055484216218,19.02405548421622
30,74.77058687756505,2.0,0.5,19,0.6002949495057349,0.10029494950573492,0.20058989901146984,20.058989901146983
30,74.77058687756505,2.0,0.5,20,0.6054520653863495,0.10545206538634955,0.2109041307726991,21.090413077269908
30,74.77058687756505,2.0,0.5,21,0.6105907653964653,0.11059076539646528,0.22118153079293057,22.11815307929306
30,74.77058687756505,2.0,0.5,22,0.6157101995151177,0.11571019951511774,0.23142039903023548,23.142039903023548
30,74.77058687756505,2.0,0.5,23,0.6208095277867774,0.12080952778677745,0.2416190555735549,24.16190555735549
30,74.77058687756505,2.0,0.5,24,0.6258879207325285,0.12588792073252852,0.25177584146505705,25.177584146505705
30,74.77058687756505,2.0,0.5,25,0.6309445597521515,0.13094455975215147,0.26188911950430294,26.188911950430295
30,74.77058687756505,2.0,0.5,26,0.6359786375167901,0.13597863751679007,0.27195727503358014,27.195727503358015
30,74.77058687756505,2.0,0.5,27,0.6409893583518899,0.14098935835188986,0.2819787167037797,28.19787167037797
30,74.77058687756505,2.0,0.5,28,0.6459759386101094,0.14597593861010938,0.29195187722021876,29.195187722021878
30,74.77058687756505,2.0,0.5,29,0.6509376070339177,0.15093760703391768,0.30187521406783535,30.187521406783535
30,74.77058687756505,2.0,0.5,30,0.6558736051076032,0.15587360510760317,0.31174721021520635,31.174721021520636
30,74.77058687756505,2.0,0.5,31,0.6607831873984307,0.16078318739843067,0.32156637479686134,32.15663747968613
30,74.77058687756505,2.0,0.5,32,0.6656656218867001,0.1656656218867001,0.3313312437734002,33.13312437734002
30,74.77058687756505,2.0,0.5,33,0.6705201902844673,0.1705201902844673,0.3410403805689346,34.10403805689346
30,74.77058687756505,2.0,0.5,34,0.6753461883427084,0.17534618834270843,0.35069237668541686,35.06923766854169
30,74.77058687756505,2.0,0.5,35,0.6801429261467155,0.18014292614671545,0.3602858522934309,36.02858522934309
30,74.77058687756505,2.0,0.5,36,0.6849097283995295,0.18490972839952946,0.3698194567990589,36.98194567990589
30,74.77058687756505,2.0,0.5,37,0.6896459346932308,0.18964593469323077,0.37929186938646153,37.929186938646154
30,74.77058687756505,2.0,0.5,38,0.6943508997679169,0.19435089976791686,0.3887017995358337,38.870179953583374
30,74.77058687756505,2.0,0.5,39,0.6990239937582181,0.1990239937582181,0.3980479875164362,39.804798751643624
30,74.77058687756505,2.0,0.5,40,0.7036646024272094,0.2036646024272094,0.4073292048544188,40.73292048544188
40,79.31355913092983,1.83,0.5464480874316939,0,0.5,-0.04644808743169393,-0.08499999999999996,-8.499999999999996
40,79.31355913092983,1.83,0.5464480874316939,1,0.5050298046802293,-0.04141828275146464,-0.07579545743518035,-7.579545743518034
40,79.31355913092983,1.83,0.5464480874316939,2,0.5100588098650547,-0.03638927756663923,-0.06659237794694989,-6.659237794694989
40,79.31355913092983,1.83,0.5464480874316939,3,0.5150862164402952,-0.031361870991398755,-0.0573922239142598,-5.7392223914259795
40,79.31355913092983,1.83,0.5464480874316939,4,0.520111226053913,-0.026336861377780907,-0.04819645632133912,-4.819645632133912
40,79.31355913092983,1.83,0.5464480874316939,5,0.5251330414963278,-0.02131504593536615,-0.03900653406172011,-3.900653406172011
40,79.31355913092983,1.83,0.5464480874316939,6,0.5301508670798233,-0.016297220351870645,-0.02982391324392336,-2.982391324392336
40,79.31355913092983,1.83,0.5464480874316939,7,0.5351639090167467,-0.011284178414947221,-0.02065004649935348,-2.0650046499353483
40,79.31355913092983,1.83,0.5464480874316939,8,0.5401713757961983,-0.006276711635495591,-0.01148638229295701,-1.148638229295701
40,79.31355913092983,1.83,0.5464480874316939,9,0.5451724785589172,-0.001275608872776779,-0.0023343642371815854,-0.23343642371815854
40,79.31355913092983,1.83,0.5464480874316939,10,0.5501664314700625,0.0037183440383685706,0.006804569590214415,0.6804569590214415
40,79.31355913092983,1.83,0.5464480874316939,11,0.5551524520896024,0.00870436465790847,0.01592898732397241,1.592898732397241
40,79.31355913092983,1.83,0.5464480874316939,12,0.5601297617400144,0.013681674308320457,0.02503746398422635,2.503746398422635
40,79.31355913092983,1.83,0.5464480874316939,13,0.565097585871012,0.01864949843931807,0.03412858214395198,3.412858214395198
40,79.31355913092983,1.83,0.5464480874316939,14,0.5700551544210133,0.02360706698931936,0.04320093259045438,4.3200932590454375
40,79.31355913092983,1.83,0.5464480874316939,15,0.5750017021750683,0.028553614743374367,0.05225311498037505,5.225311498037505
40,79.31355913092983,1.83,0.5464480874316939,16,0.5799364691189706,0.033488381687276636,0.06128373848771618,6.128373848771618
40,79.31355913092983,1.83,0.5464480874316939,17,0.5848587007892772,0.03841061335758322,0.07029142244437725,7.029142244437725
40,79.31355913092983,1.83,0.5464480874316939,18,0.5897676486189724,0.04331956118727842,0.07927479697271944,7.927479697271944
40,79.31355913092983,1.83,0.5464480874316939,19,0.5946625702785067,0.048214482846812734,0.08823250360966722,8.823250360966723
40,79.31355913092983,1.83,0.5464480874316939,20,0.5995427300119578,0.05309464258026386,0.09716319592188283,9.716319592188283
40,79.31355913092983,1.83,0.5464480874316939,21,0.6044073989680556,0.05795931153636169,0.10606554011154179,10.606554011154179
40,79.31355913092983,1.83,0.5464480874316939,22,0.6092558555258271,0.06280776809413313,0.11493821561226358,11.493821561226358
40,79.31355913092983,1.83,0.5464480874316939,23,0.6140873856146174,0.06763929818292347,0.12377991567474989,12.37799156747499
40,79.31355913092983,1.83,0.5464480874316939,24,0.6189012830282523,0.07245319559655838,0.13258934794170174,13.258934794170173
40,79.31355913092983,1.83,0.5464480874316939,25,0.6236968497331123,0.07724876230141842,0.1413652350115956,14.136523501159559
40,79.31355913092983,1.83,0.5464480874316939,26,0.6284733961698966,0.08202530873820268,0.15010631499091087,15.010631499091087
40,79.31355913092983,1.83,0.5464480874316939,27,0.6332302415488598,0.08678215411716583,0.15881134203441338,15.881134203441338
40,79.31355913092983,1.83,0.5464480874316939,28,0.6379667141383134,0.09151862670661948,0.16747908687311353,16.74790868731135
40,79.31355913092983,1.83,0.5464480874316939,29,0.6426821515461913,0.09623406411449742,0.17610833732953024,17.610833732953026
40,79.31355913092983,1.83,0.5464480874316939,30,0.6473759009944827,0.10092781356278879,0.1846978988199034,18.46978988199034
40,79.31355913092983,1.83,0.5464480874316939,31,0.6520473195863485,0.10559923215465461,0.19324659484301787,19.324659484301787
40,79.31355913092983,1.83,0.5464480874316939,32,0.6566957745657414,0.11024768713404742,0.20175326745530675,20.175326745530676
40,79.31355913092983,1.83,0.5464480874316939,33,0.6613206435693576,0.11487255613766367,0.2102167777319245,21.021677773192447
40,79.31355913092983,1.83,0.5464480874316939,34,0.6659213148707611,0.11947322743906719,0.21863600621349288,21.86360062134929
40,79.31355913092983,1.83,0.5464480874316939,35,0.6704971876165218,0.12404910018482784,0.22700985333823487,22.700985333823485
40,79.31355913092983,1.83,0.5464480874316939,36,0.6750476720542242,0.1285995846225303,0.23533723985923038,23.53372398592304
40,79.31355913092983,1.83,0.5464480874316939,37,0.6795721897522083,0.13312410232051441,0.2436171072465413,24.361710724654127
40,79.31355913092983,1.83,0.5464480874316939,38,0.6840701738109144,0.13762208637922047,0.2518484180739734,25.18484180739734
40,79.31355913092983,1.83,0.5464480874316939,39,0.6885410690657097,0.14209298163401574,0.26003015639024873,26.003015639024873
40,79.31355913092983,1.83,0.5464480874316939,40,0.6929843322810878,0.14653624484939387,0.26816132807439075,26.816132807439075
40,79.31355913092983,1.87,0.53475935828877,0,0.5,-0.03475935828876997,-0.06499999999999995,-6.499999999999995
40,79.31355913092983,1.87,0.53475935828877,1,0.5050298046802293,-0.029729553608540682,-0.055594265247971175,-5.559426524797118
40,79.31355913092983,1.87,0.53475935828877,2,0.5100588098650547,-0.024700548423715274,-0.04619002555234769,-4.619002555234769
40,79.31355913092983,1.87,0.53475935828877,3,0.5150862164402952,-0.019673141848474796,-0.036788775256647976,-3.678877525664798
40,79.31355913092983,1.87,0.53475935828877,4,0.520111226053913,-0.014648132234856948,-0.027392007279182617,-2.739200727918262
40,79.31355913092983,1.87,0.53475935828877,5,0.5251330414963278,-0.009626316792442191,-0.018001212401866973,-1.8001212401866973
40,79.31355913092983,1.87,0.53475935828877,6,0.5301508670798233,-0.004608491208946686,-0.008617878560730374,-0.8617878560730374
40,79.31355913092983,1.87,0.53475935828877,7,0.5351639090167467,0.00040455072797673797,0.0007565098613164234,0.07565098613164234
40,79.31355913092983,1.87,0.53475935828877,8,0.5401713757961983,0.005412017507428368,0.01012047273889094,1.012047273889094
40,79.31355913092983,1.87,0.53475935828877,9,0.5451724785589172,0.01041312027014718,0.019472534905175143,1.9472534905175143
40,79.31355913092983,1.87,0.53475935828877,10,0.5501664314700625,0.01540707318129253,0.028811226849016935,2.8811226849016935
40,79.31355913092983,1.87,0.53475935828877,11,0.5551524520896024,0.02039309380083243,0.03813508540755656,3.813508540755656
40,79.31355913092983,1.87,0.53475935828877,12,0.5601297617400144,0.025370403451244417,0.04744265445382695,4.744265445382695
40,79.31355913092983,1.87,0.53475935828877,13,0.565097585871012,0.030338227582242028,0.05673248557879251,5.673248557879251
40,79.31355913092983,1.87,0.53475935828877,14,0.5700551544210133,0.03529579613224332,0.06600313876729491,6.600313876729491
40,79.31355913092983,1.87,0.53475935828877,15,0.5750017021750683,0.040242343886298326,0.07525318306737783,7.525318306737782
40,79.31355913092983,1.87,0.53475935828877,16,0.5799364691189706,0.045177110830200595,0.08448119725247505,8.448119725247505
40,79.31355913092983,1.87,0.53475935828877,17,0.5848587007892772,0.05009934250050718,0.0936857704759484,9.36857704759484
40,79.31355913092983,1.87,0.53475935828877,18,0.5897676486189724,0.05500829033020238,0.10286550291747831,10.286550291747831
40,79.31355913092983,1.87,0.53475935828877,19,0.5946625702785067,0.05990321198973669,0.11201900642080753,11.201900642080753
40,79.31355913092983,1.87,0.53475935828877,20,0.5995427300119578,0.06478337172318782,0.12114490512236109,12.11449051223611
40,79.31355913092983,1.87,0.53475935828877,21,0.6044073989680556,0.06964804067928565,0.13024183607026407,13.024183607026407
40,79.31355913092983,1.87,0.53475935828877,22,0.6092558555258271,0.07449649723705709,0.1393084498332967,13.93084498332967
40,79.31355913092983,1.87,0.53475935828877,23,0.6140873856146174,0.07932802732584743,0.14834341109933458,14.834341109933458
40,79.31355913092983,1.87,0.53475935828877,24,0.6189012830282523,0.08414192473948234,0.15734539926283186,15.734539926283187
40,79.31355913092983,1.87,0.53475935828877,25,0.6236968497331123,0.08893749144434238,0.1663131090009201,16.63131090009201
40,79.31355913092983,1.87,0.53475935828877,26,0.6284733961698966,0.09371403788112664,0.1752452508377067,17.52452508377067
40,79.31355913092983,1.87,0.53475935828877,27,0.6332302415488598,0.09847088326008979,0.18414055169636778,18.41405516963678
40,79.31355913092983,1.87,0.53475935828877,28,0.6379667141383134,0.10320735584954344,0.19299775543864617,19.299775543864616
40,79.31355913092983,1.87,0.53475935828877,29,0.6426821515461913,0.10792279325742138,0.20181562339137793,20.18156233913779
40,79.31355913092983,1.87,0.53475935828877,30,0.6473759009944827,0.11261654270571275,0.21059293485968278,21.05929348596828
40,79.31355913092983,1.87,0.53475935828877,31,0.6520473195863485,0.11728796129757857,0.21932848762647184,21.932848762647183
40,79.31355913092983,1.87,0.53475935828877,32,0.6566957745657414,0.12193641627697138,0.2280210984379364,22.802109843793637
40,79.31355913092983,1.87,0.53475935828877,33,0.6613206435693576,0.12656128528058763,0.2366696034746988,23.666960347469878
40,79.31355913092983,1.87,0.53475935828877,34,0.6659213148707611,0.13116195658199115,0.2452728588083234,24.527285880832338
40,79.31355913092983,1.87,0.53475935828877,35,0.6704971876165218,0.1357378293277518,0.2538297408428958,25.38297408428958
40,79.31355913092983,1.87,0.53475935828877,36,0.6750476720542242,0.14028831376545425,0.26233914674139935,26.233914674139935
40,79.31355913092983,1.87,0.53475935828877,37,0.6795721897522083,0.14481283146343837,0.27079999483662964,27.079999483662963
40,79.31355913092983,1.87,0.53475935828877,38,0.6840701738109144,0.14931081552214442,0.27921122502640994,27.921122502640994
40,79.31355913092983,1.87,0.53475935828877,39,0.6885410690657097,0.1537817107769397,0.2875717991528771,28.75717991528771
40,79.31355913092983,1.87,0.53475935828877,40,0.6929843322810878,0.15822497399231783,0.29588070136563427,29.588070136563427
40,79.31355913092983,1.9,0.5263157894736842,0,0.5,-0.02631578947368418,-0.050000000000000044,-5.000000000000004
40,79.31355913092983,1.9,0.5263157894736842,1,0.5050298046802293,-0.021285984793454893,-0.04044337110756441,-4.044337110756441
40,79.31355913092983,1.9,0.5263157894736842,2,0.5100588098650547,-0.016256979608629485,-0.0308882612563961,-3.08882612563961
40,79.31355913092983,1.9,0.5263157894736842,3,0.5150862164402952,-0.011229573033389006,-0.021336188763439234,-2.1336188763439234
40,79.31355913092983,1.9,0.5263157894736842,4,0.520111226053913,-0.0062045634197711586,-0.011788670497565323,-1.1788670497565323
40,79.31355913092983,1.9,0.5263157894736842,5,0.5251330414963278,-0.001182747977356402,-0.002247221156977286,-0.2247221156977286
40,79.31355913092983,1.9,0.5263157894736842,6,0.5301508670798233,0.0038350776061391034,0.0072866474516641855,0.7286647451664185
40,79.31355913092983,1.9,0.5263157894736842,7,0.5351639090167467,0.008848119543062527,0.016811427131818713,1.6811427131818713
40,79.31355913092983,1.9,0.5263157894736842,8,0.5401713757961983,0.013855586322514157,0.026325614012776777,2.6325614012776777
40,79.31355913092983,1.9,0.5263157894736842,9,0.5451724785589172,0.01885668908523297,0.035827709261942564,3.5827709261942564
40,79.31355913092983,1.9,0.5263157894736842,10,0.5501664314700625,0.02385064199637832,0.04531621979311873,4.531621979311873
40,79.31355913092983,1.9,0.5263157894736842,11,0.5551524520896024,0.028836662615918218,0.054789658970244515,5.478965897024452
40,79.31355913092983,1.9,0.5263157894736842,12,0.5601297617400144,0.033813972266330206,0.0642465473060273,6.424654730602731
40,79.31355913092983,1.9,0.5263157894736842,13,0.565097585871012,0.03878179639732782,0.07368541315492272,7.368541315492272
40,79.31355913092983,1.9,0.5263157894736842,14,0.5700551544210133,0.04373936494732911,0.08310479339992516,8.310479339992515
40,79.31355913092983,1.9,0.5263157894736842,15,0.5750017021750683,0.048685912701384115,0.09250323413262973,9.250323413262972
40,79.31355913092983,1.9,0.5263157894736842,16,0.5799364691189706,0.053620679645286384,0.10187929132604401,10.1879291326044
40,79.31355913092983,1.9,0.5263157894736842,17,0.5848587007892772,0.05854291131559297,0.1112315314996265,11.12315314996265
40,79.31355913092983,1.9,0.5263157894736842,18,0.5897676486189724,0.06345185914528817,0.12055853237604741,12.05585323760474
40,79.31355913092983,1.9,0.5263157894736842,19,0.5946625702785067,0.06834678080482248,0.12985888352916264,12.985888352916264
40,79.31355913092983,1.9,0.5263157894736842,20,0.5995427300119578,0.07322694053827361,0.13913118702271976,13.913118702271976
40,79.31355913092983,1.9,0.5263157894736842,21,0.6044073989680556,0.07809160949437144,0.1483740580393056,14.837405803930558
40,79.31355913092983,1.9,0.5263157894736842,22,0.6092558555258271,0.08294006605214288,0.15758612549907136,15.758612549907136
40,79.31355913092983,1.9,0.5263157894736842,23,0.6140873856146174,0.08777159614093322,0.166766032667773,16.676603266777303
40,79.31355913092983,1.9,0.5263157894736842,24,0.6189012830282523,0.09258549355456813,0.17591243775367937,17.591243775367936
40,79.31355913092983,1.9,0.5263157894736842,25,0.6236968497331123,0.09738106025942816,0.1850240144929134,18.50240144929134
40,79.31355913092983,1.9,0.5263157894736842,26,0.6284733961698966,0.10215760669621243,0.1940994527228035,19.40994527228035
40,79.31355913092983,1.9,0.5263157894736842,27,0.6332302415488598,0.10691445207517558,0.20313745894283353,20.313745894283354
40,79.31355913092983,1.9,0.5263157894736842,28,0.6379667141383134,0.11165092466462923,0.21213675686279543,21.213675686279544
40,79.31355913092983,1.9,0.5263157894736842,29,0.6426821515461913,0.11636636207250717,0.22109608793776347,22.109608793776346
40,79.31355913092983,1.9,0.5263157894736842,30,0.6473759009944827,0.12106011152079854,0.2300142118895171,23.00142118895171
40,79.31355913092983,1.9,0.5263157894736842,31,0.6520473195863485,0.12573153011266436,0.2388899072140621,23.888990721406213
40,79.31355913092983,1.9,0.5263157894736842,32,0.6566957745657414,0.13037998509205717,0.2477219716749085,24.77219716749085
40,79.31355913092983,1.9,0.5263157894736842,33,0.6613206435693576,0.13500485409567342,0.25650922278177934,25.650922278177934
40,79.31355913092983,1.9,0.5263157894736842,34,0.6659213148707611,0.13960552539707693,0.265250498254446,26.5250498254446
40,79.31355913092983,1.9,0.5263157894736842,35,0.6704971876165218,0.1441813981428376,0.2739446564713913,27.394465647139132
40,79.31355913092983,1.9,0.5263157894736842,36,0.6750476720542242,0.14873188258054004,0.2825905769030259,28.25905769030259
40,79.31355913092983,1.9,0.5263157894736842,37,0.6795721897522083,0.15325640027852416,0.2911871605291958,29.11871605291958
40,79.31355913092983,1.9,0.5263157894736842,38,0.6840701738109144,0.1577543843372302,0.29973333024073734,29.973333024073735
40,79.31355913092983,1.9,0.5263157894736842,39,0.6885410690657097,0.16222527959202548,0.3082280312248483,30.82280312248483
40,79.31355913092983,1.9,0.5263157894736842,40,0.6929843322810878,0.16666854280740362,0.3166702313340668,31.66702313340668
40,79.31355913092983,1.91,0.5235602094240838,0,0.5,-0.023560209424083767,-0.04500000000000004,-4.5000000000000036
40,79.31355913092983,1.91,0.5235602094240838,1,0.5050298046802293,-0.01853040474385448,-0.035393073060762115,-3.5393073060762115
40,79.31355913092983,1.91,0.5235602094240838,2,0.5100588098650547,-0.01350139955902907,-0.02578767315774555,-2.578767315774555
40,79.31355913092983,1.91,0.5235602094240838,3,0.5150862164402952,-0.008473992983788592,-0.016185326599036265,-1.6185326599036265
40,79.31355913092983,1.91,0.5235602094240838,4,0.520111226053913,-0.003448983370170744,-0.00658755823702617,-0.658755823702617
40,79.31355913092983,1.91,0.5235602094240838,5,0.5251330414963278,0.0015728320722440126,0.0030041092579859985,0.30041092579859985
40,79.31355913092983,1.91,0.5235602094240838,6,0.5301508670798233,0.006590657655739518,0.012588156122462446,1.2588156122462446
40,79.31355913092983,1.91,0.5235602094240838,7,0.5351639090167467,0.011603699592662942,0.02216306622198616,2.216306622198616
40,79.31355913092983,1.91,0.5235602094240838,8,0.5401713757961983,0.016611166372114572,0.03172732777073878,3.172732777073878
40,79.31355913092983,1.91,0.5235602094240838,9,0.5451724785589172,0.021612269134833384,0.041279434047531705,4.127943404753171
40,79.31355913092983,1.91,0.5235602094240838,10,0.5501664314700625,0.026606222045978734,0.05081788410781929,5.081788410781929
40,79.31355913092983,1.91,0.5235602094240838,11,0.5551524520896024,0.03159224266551863,0.06034118349114059,6.03411834911406
40,79.31355913092983,1.91,0.5235602094240838,12,0.5601297617400144,0.03656955231593062,0.06984784492342744,6.984784492342744
40,79.31355913092983,1.91,0.5235602094240838,13,0.565097585871012,0.04153737644692823,0.07933638901363282,7.933638901363283
40,79.31355913092983,1.91,0.5235602094240838,14,0.5700551544210133,0.04649494499692952,0.08880534494413539,8.880534494413538
40,79.31355913092983,1.91,0.5235602094240838,15,0.5750017021750683,0.05144149275098453,0.09825325115438044,9.825325115438044
40,79.31355913092983,1.91,0.5235602094240838,16,0.5799364691189706,0.0563762596948868,0.1076786560172337,10.76786560172337
40,79.31355913092983,1.91,0.5235602094240838,17,0.5848587007892772,0.061298491365193386,0.11708011850751932,11.708011850751932
40,79.31355913092983,1.91,0.5235602094240838,18,0.5897676486189724,0.06620743919488858,0.12645620886223718,12.645620886223718
40,79.31355913092983,1.91,0.5235602094240838,19,0.5946625702785067,0.0711023608544229,0.13580550923194767,13.580550923194767
40,79.31355913092983,1.91,0.5235602094240838,20,0.5995427300119578,0.07598252058787403,0.14512661432283935,14.512661432283934
40,79.31355913092983,1.91,0.5235602094240838,21,0.6044073989680556,0.08084718954397185,0.15441813202898613,15.441813202898613
40,79.31355913092983,1.91,0.5235602094240838,22,0.6092558555258271,0.0856956461017433,0.16367868405432962,16.36786840543296
40,79.31355913092983,1.91,0.5235602094240838,23,0.6140873856146174,0.09052717619053363,0.17290690652391916,17.290690652391916
40,79.31355913092983,1.91,0.5235602094240838,24,0.6189012830282523,0.09534107360416855,0.18210145058396188,18.210145058396186
40,79.31355913092983,1.91,0.5235602094240838,25,0.6236968497331123,0.10013664030902858,0.19126098299024452,19.126098299024452
40,79.31355913092983,1.91,0.5235602094240838,26,0.6284733961698966,0.10491318674581285,0.20038418668450253,20.03841866845025
40,79.31355913092983,1.91,0.5235602094240838,27,0.6332302415488598,0.109670032124776,0.20946976135832207,20.94697613583221
40,79.31355913092983,1.91,0.5235602094240838,28,0.6379667141383134,0.11440650471422964,0.2185164240041786,21.85164240041786
40,79.31355913092983,1.91,0.5235602094240838,29,0.6426821515461913,0.11912194212210758,0.2275229094532254,22.75229094532254
40,79.31355913092983,1.91,0.5235602094240838,30,0.6473759009944827,0.12381569157039896,0.23648797089946194,23.648797089946193
40,79.31355913092983,1.91,0.5235602094240838,31,0.6520473195863485,0.12848711016226477,0.2454103804099257,24.541038040992568
40,79.31355913092983,1.91,0.5235602094240838,32,0.6566957745657414,0.13313556514165759,0.2542889294205659,25.428892942056592
40,79.31355913092983,1.91,0.5235602094240838,33,0.6613206435693576,0.13776043414527384,0.263122429217473,26.3122429217473
40,79.31355913092983,1.91,0.5235602094240838,34,0.6659213148707611,0.14236110544667735,0.2719097114031537,27.19097114031537
40,79.31355913092983,1.91,0.5235602094240838,35,0.6704971876165218,0.146936978192438,0.2806496283475566,28.064962834755658
40,79.31355913092983,1.91,0.5235602094240838,36,0.6750476720542242,0.15148746263014046,0.2893410536235682,28.93410536235682
40,79.31355913092983,1.91,0.5235602094240838,37,0.6795721897522083,0.15601198032812458,0.2979828824267179,29.798288242671788
40,79.31355913092983,1.91,0.5235602094240838,38,0.6840701738109144,0.16050996438683063,0.3065740319788465,30.657403197884648
40,79.31355913092983,1.91,0.5235602094240838,39,0.6885410690657097,0.1649808596416259,0.3151134419155054,31.51134419155054
40,79.31355913092983,1.91,0.5235602094240838,40,0.6929843322810878,0.16942412285700403,0.3236000746568777,32.360007465687765
40,79.31355913092983,1.95,0.5128205128205129,0,0.5,-0.012820512820512886,-0.025000000000000022,-2.500000000000002
40,79.31355913092983,1.95,0.5128205128205129,1,0.5050298046802293,-0.007790708140283598,-0.015191880873552888,-1.5191880873552888
40,79.31355913092983,1.95,0.5128205128205129,2,0.5100588098650547,-0.0027617029554581896,-0.005385320763143353,-0.5385320763143353
40,79.31355913092983,1.95,0.5128205128205129,3,0.5150862164402952,0.002265703619782289,0.004418122058575558,0.44181220585755576
40,79.31355913092983,1.95,0.5128205128205129,4,0.520111226053913,0.007290713233400137,0.014216890805130389,1.4216890805130389
40,79.31355913092983,1.95,0.5128205128205129,5,0.5251330414963278,0.012312528675814893,0.024009430917839136,2.4009430917839136
40,79.31355913092983,1.95,0.5128205128205129,6,0.5301508670798233,0.0173303542593104,0.03379419080565538,3.3794190805655377
40,79.31355913092983,1.95,0.5128205128205129,7,0.5351639090167467,0.022343396196233822,0.043569622582656065,4.3569622582656065
40,79.31355913092983,1.95,0.5128205128205129,8,0.5401713757961983,0.027350862975685453,0.05333418280258673,5.333418280258673
40,79.31355913092983,1.95,0.5128205128205129,9,0.5451724785589172,0.032351965738404265,0.06308633318988843,6.308633318988843
40,79.31355913092983,1.95,0.5128205128205129,10,0.5501664314700625,0.037345918649549614,0.07282454136662186,7.282454136662187
40,79.31355913092983,1.95,0.5128205128205129,11,0.5551524520896024,0.042331939269089514,0.08254728157472468,8.254728157472469
40,79.31355913092983,1.95,0.5128205128205129,12,0.5601297617400144,0.0473092489195015,0.09225303539302798,9.225303539302798
40,79.31355913092983,1.95,0.5128205128205129,13,0.565097585871012,0.05227707305049911,0.10194029244847336,10.194029244847336
40,79.31355913092983,1.95,0.5128205128205129,14,0.5700551544210133,0.0572346416005004,0.11160755112097587,11.160755112097586
40,79.31355913092983,1.95,0.5128205128205129,15,0.5750017021750683,0.06218118935455541,0.12125331924138316,12.125331924138315
40,79.31355913092983,1.95,0.5128205128205129,16,0.5799364691189706,0.06711595629845768,0.13087611478199257,13.087611478199257
40,79.31355913092983,1.95,0.5128205128205129,17,0.5848587007892772,0.07203818796876427,0.14047446653909046,14.047446653909045
40,79.31355913092983,1.95,0.5128205128205129,18,0.5897676486189724,0.07694713579845947,0.15004691480699606,15.004691480699606
40,79.31355913092983,1.95,0.5128205128205129,19,0.5946625702785067,0.08184205745799378,0.15959201204308793,15.959201204308792
40,79.31355913092983,1.95,0.5128205128205129,20,0.5995427300119578,0.0867222171914449,0.16910832352331762,16.910832352331763
40,79.31355913092983,1.95,0.5128205128205129,21,0.6044073989680556,0.09158688614754273,0.17859442798770842,17.859442798770843
40,79.31355913092983,1.95,0.5128205128205129,22,0.6092558555258271,0.09643534270531418,0.18804891827536274,18.804891827536274
40,79.31355913092983,1.95,0.5128205128205129,23,0.6140873856146174,0.10126687279410451,0.19747040194850385,19.747040194850385
40,79.31355913092983,1.95,0.5128205128205129,24,0.6189012830282523,0.10608077020773943,0.206857501905092,20.6857501905092
40,79.31355913092983,1.95,0.5128205128205129,25,0.6236968497331123,0.11087633691259946,0.21620885697956904,21.620885697956904
40,79.31355913092983,1.95,0.5128205128205129,26,0.6284733961698966,0.11565288334938373,0.22552312253129836,22.552312253129834
40,79.31355913092983,1.95,0.5128205128205129,27,0.6332302415488598,0.12040972872834688,0.23479897102027647,23.479897102027646
40,79.31355913092983,1.95,0.5128205128205129,28,0.6379667141383134,0.12514620131780052,0.24403509256971112,24.403509256971113
40,79.31355913092983,1.95,0.5128205128205129,29,0.6426821515461913,0.12986163872567846,0.2532301955150731,25.323019551507308
40,79.31355913092983,1.95,0.5128205128205129,30,0.6473759009944827,0.13455538817396984,0.2623830069392413,26.23830069392413
40,79.31355913092983,1.95,0.5128205128205129,31,0.6520473195863485,0.13922680676583565,0.27149227319337965,27.149227319337964
40,79.31355913092983,1.95,0.5128205128205129,32,0.6566957745657414,0.14387526174522847,0.28055676040319566,28.055676040319565
40,79.31355913092983,1.95,0.5128205128205129,33,0.6613206435693576,0.14850013074884472,0.2895752549602473,28.95752549602473
40,79.31355913092983,1.95,0.5128205128205129,34,0.6659213148707611,0.15310080205024823,0.2985465639979842,29.85465639979842
40,79.31355913092983,1.95,0.5128205128205129,35,0.6704971876165218,0.1576766747960089,0.3074695158522174,30.746951585221737
40,79.31355913092983,1.95,0.5128205128205129,36,0.6750476720542242,0.16222715923371134,0.3163429605057372,31.634296050573717
40,79.31355913092983,1.95,0.5128205128205129,37,0.6795721897522083,0.16675167693169546,0.32516577001680624,32.51657700168062
40,79.31355913092983,1.95,0.5128205128205129,38,0.6840701738109144,0.1712496609904015,0.333936838931283,33.3936838931283
40,79.31355913092983,1.95,0.5128205128205129,39,0.6885410690657097,0.17572055624519678,0.34265508467813377,34.265508467813376
40,79.31355913092983,1.95,0.5128205128205129,40,0.6929843322810878,0.18016381946057491,0.3513194479481212,35.13194479481212
40,79.31355913092983,2.0,0.5,0,0.5,0.0,0.0,0.0
40,79.31355913092983,2.0,0.5,1,0.5050298046802293,0.005029804680229288,0.010059609360458577,1.0059609360458577
40,79.31355913092983,2.0,0.5,2,0.5100588098650547,0.010058809865054696,0.020117619730109393,2.0117619730109393
40,79.31355913092983,2.0,0.5,3,0.5150862164402952,0.015086216440295175,0.03017243288059035,3.017243288059035
40,79.31355913092983,2.0,0.5,4,0.520111226053913,0.020111226053913023,0.040222452107826046,4.0222452107826046
40,79.31355913092983,2.0,0.5,5,0.5251330414963278,0.02513304149632778,0.05026608299265556,5.026608299265556
40,79.31355913092983,2.0,0.5,6,0.5301508670798233,0.030150867079823285,0.06030173415964657,6.030173415964657
40,79.31355913092983,2.0,0.5,7,0.5351639090167467,0.03516390901674671,0.07032781803349342,7.032781803349342
40,79.31355913092983,2.0,0.5,8,0.5401713757961983,0.04017137579619834,0.08034275159239668,8.034275159239668
40,79.31355913092983,2.0,0.5,9,0.5451724785589172,0.04517247855891715,0.0903449571178343,9.03449571178343
40,79.31355913092983,2.0,0.5,10,0.5501664314700625,0.0501664314700625,0.100332862940125,10.0332862940125
40,79.31355913092983,2.0,0.5,11,0.5551524520896024,0.0551524520896024,0.1103049041792048,11.030490417920479
40,79.31355913092983,2.0,0.5,12,0.5601297617400144,0.06012976174001439,0.12025952348002877,12.025952348002878
40,79.31355913092983,2.0,0.5,13,0.565097585871012,0.065097585871012,0.130195171742024,13.019517174202399
40,79.31355913092983,2.0,0.5,14,0.5700551544210133,0.07005515442101329,0.14011030884202658,14.011030884202658
40,79.31355913092983,2.0,0.5,15,0.5750017021750683,0.0750017021750683,0.1500034043501366,15.000340435013658
40,79.31355913092983,2.0,0.5,16,0.5799364691189706,0.07993646911897057,0.15987293823794113,15.987293823794113
40,79.31355913092983,2.0,0.5,17,0.5848587007892772,0.08485870078927715,0.1697174015785543,16.97174015785543
40,79.31355913092983,2.0,0.5,18,0.5897676486189724,0.08976764861897235,0.1795352972379447,17.95352972379447
40,79.31355913092983,2.0,0.5,19,0.5946625702785067,0.09466257027850666,0.18932514055701333,18.932514055701333
40,79.31355913092983,2.0,0.5,20,0.5995427300119578,0.09954273001195779,0.19908546002391558,19.90854600239156
40,79.31355913092983,2.0,0.5,21,0.6044073989680556,0.10440739896805562,0.20881479793611124,20.881479793611124
40,79.31355913092983,2.0,0.5,22,0.6092558555258271,0.10925585552582706,0.21851171105165412,21.851171105165413
40,79.31355913092983,2.0,0.5,23,0.6140873856146174,0.1140873856146174,0.2281747712292348,22.817477122923478
40,79.31355913092983,2.0,0.5,24,0.6189012830282523,0.11890128302825231,0.23780256605650463,23.780256605650465
40,79.31355913092983,2.0,0.5,25,0.6236968497331123,0.12369684973311235,0.2473936994662247,24.739369946622467
40,79.31355913092983,2.0,0.5,26,0.6284733961698966,0.12847339616989661,0.25694679233979323,25.694679233979322
40,79.31355913092983,2.0,0.5,27,0.6332302415488598,0.13323024154885976,0.2664604830977195,26.646048309771952
40,79.31355913092983,2.0,0.5,28,0.6379667141383134,0.1379667141383134,0.2759334282766268,27.59334282766268
40,79.31355913092983,2.0,0.5,29,0.6426821515461913,0.14268215154619135,0.2853643030923827,28.53643030923827
40,79.31355913092983,2.0,0.5,30,0.6473759009944827,0.14737590099448272,0.29475180198896545,29.475180198896545
40,79.31355913092983,2.0,0.5,31,0.6520473195863485,0.15204731958634854,0.3040946391726971,30.409463917269708
40,79.31355913092983,2.0,0.5,32,0.6566957745657414,0.15669577456574135,0.3133915491314827,31.33915491314827
40,79.31355913092983,2.0,0.5,33,0.6613206435693576,0.1613206435693576,0.3226412871387152,32.26412871387152
40,79.31355913092983,2.0,0.5,34,0.6659213148707611,0.16592131487076112,0.33184262974152223,33.184262974152226
40,79.31355913092983,2.0,0.5,35,0.6704971876165218,0.17049718761652177,0.34099437523304355,34.09943752330435
40,79.31355913092983,2.0,0.5,36,0.6750476720542242,0.17504767205422422,0.35009534410844845,35.00953441084484
40,79.31355913092983,2.0,0.5,37,0.6795721897522083,0.17957218975220834,0.3591443795044167,35.914437950441666
40,79.31355913092983,2.0,0.5,38,0.6840701738109144,0.1840701738109144,0.3681403476218288,36.81403476218288
40,79.31355913092983,2.0,0.5,39,0.6885410690657097,0.18854106906570967,0.37708213813141933,37.70821381314193
40,79.31355913092983,2.0,0.5,40,0.6929843322810878,0.1929843322810878,0.3859686645621756,38.59686645621756
