market_key,player,player_norm,position_market,line,over_price,under_price,season,week,game_total,team_spread,is_favorite,is_underdog,position,projection,team,line_bucket,rows,hist_mean_actual,std_for_sim,var_for_sim,projection_minus_line,p_over,p_under,p_push,fair_over_price,fair_under_price,over_price_decimal,under_price_decimal,ev_over,ev_under,ev_over_percent,ev_under_percent,recommended_side,recommended_prob,recommended_ev,recommended_ev_percent,recommendation,n_sims
player_reception_yds,Xavier Legette,xavier legette,WR,16.5,-110.0,-110,2024,3,40.0,5.5,False,True,WR,35.62,CAR,<20,194,20.84536082474227,23.784379500884214,565.6967082420812,19.119999999999997,0.7894,0.2106,0.0,-374.83380816714146,374.83380816714146,1.9090909090909092,1.9090909090909092,0.5070363636363637,-0.5979454545454546,50.70363636363637,-59.79454545454546,over,0.7894,0.5070363636363637,50.70363636363637,over,20000
player_reception_yds,K.J. Osborn,kj osborn,WR,17.5,-110.0,-110,2024,2,39.0,3.5,False,True,WR,31.95,TEN,<20,194,20.84536082474227,23.784379500884214,565.6967082420812,14.45,0.73365,0.26635,0.0,-275.4458419373006,275.4458419373006,1.9090909090909092,1.9090909090909092,0.4006045454545456,-0.4915136363636364,40.06045454545456,-49.15136363636364,over,0.73365,0.4006045454545456,40.06045454545456,over,20000
player_reception_yds,Dontayvion Wicks,dontayvion wicks,WR,16.5,-110.0,-110,2024,11,41.0,-6.0,True,False,WR,30.69,PHI,<20,194,20.84536082474227,23.784379500884214,565.6967082420812,14.190000000000001,0.72575,0.27425,0.0,-264.63081130355516,264.63081130355516,1.9090909090909092,1.9090909090909092,0.3855227272727273,-0.4764318181818182,38.55227272727273,-47.643181818181816,over,0.72575,0.3855227272727273,38.55227272727273,over,20000
player_reception_yds,Demarcus Robinson,demarcus robinson,WR,15.5,-110.0,-110,2024,15,48.5,3.0,False,True,WR,29.6,SF,<20,194,20.84536082474227,23.784379500884214,565.6967082420812,14.100000000000001,0.721,0.279,0.0,-258.42293906810033,258.42293906810033,1.9090909090909092,1.9090909090909092,0.3764545454545455,-0.4673636363636363,37.64545454545455,-46.736363636363635,over,0.721,0.3764545454545455,37.64545454545455,over,20000
player_reception_yds,Jayden Reed,jayden reed,WR,22.5,-110.0,-110,2024,3,37.0,3.0,False,True,WR,41.87,GB,20-30,224,33.88392857142857,33.6177959681703,1130.1562057575272,19.369999999999997,0.717,0.283,0.0,-253.35689045936394,253.356890459364,1.9090909090909092,1.9090909090909092,0.3688181818181818,-0.4597272727272728,36.88181818181818,-45.97272727272728,over,0.717,0.3688181818181818,36.88181818181818,over,20000
player_reception_yds,George Kittle,george kittle,TE,45.5,-110.0,-110,2024,13,45.0,6.5,False,True,TE,62.17,SF,40-50,77,42.8051948051948,30.604649640714655,936.6445796308957,16.67,0.7096,0.2904,0.0,-244.35261707988985,244.35261707988985,1.9090909090909092,1.9090909090909092,0.35469090909090917,-0.4456,35.469090909090916,-44.56,over,0.7096,0.35469090909090917,35.469090909090916,over,20000
player_reception_yds,K.J. Osborn,kj osborn,,17.5,-110.0,-110,2024,3,39.0,,False,False,WR,30.1,TEN,<20,194,20.84536082474227,23.784379500884214,565.6967082420812,12.600000000000001,0.70335,0.29665,0.0,-237.09758975223332,237.09758975223323,1.9090909090909092,1.9090909090909092,0.34275909090909107,-0.4336681818181817,34.27590909090911,-43.36681818181817,over,0.70335,0.34275909090909107,34.27590909090911,over,20000
player_reception_yds,Keon Coleman,keon coleman,WR,28.5,-110.0,-110,2024,16,48.0,-14.0,True,False,WR,46.22,BUF,20-30,224,33.88392857142857,33.6177959681703,1130.1562057575272,17.72,0.7024,0.2976,0.0,-236.02150537634412,236.02150537634412,1.9090909090909092,1.9090909090909092,0.34094545454545466,-0.4318545454545455,34.09454545454547,-43.18545454545455,over,0.7024,0.34094545454545466,34.09454545454547,over,20000
player_reception_yds,Nick Westbrook-Ikhine,nick westbrook-ikhine,WR,19.5,-110.0,-110,2024,8,45.0,12.5,False,True,WR,32.48,IND,<20,194,20.84536082474227,23.784379500884214,565.6967082420812,12.979999999999997,0.701,0.299,0.0,-234.448160535117,234.4481605351171,1.9090909090909092,1.9090909090909092,0.3382727272727273,-0.4291818181818182,33.82727272727273,-42.91818181818182,over,0.701,0.3382727272727273,33.82727272727273,over,20000
player_reception_yds,Ricky Pearsall,ricky pearsall,WR,17.5,-110.0,-110,2024,14,43.5,-3.0,True,False,WR,29.46,SF,<20,194,20.84536082474227,23.784379500884214,565.6967082420812,11.96,0.69465,0.30535,0.0,-227.49304077288357,227.49304077288357,1.9090909090909092,1.9090909090909092,0.32615000000000005,-0.4170590909090909,32.615,-41.70590909090909,over,0.69465,0.32615000000000005,32.615,over,20000
player_reception_yds,Curtis Samuel,curtis samuel,WR,16.5,-110.0,-110,2024,3,46.5,-4.0,True,False,WR,28.15,FA,<20,194,20.84536082474227,23.784379500884214,565.6967082420812,11.649999999999999,0.69305,0.30695,0.0,-225.78595862518333,225.78595862518324,1.9090909090909092,1.9090909090909092,0.32309545454545474,-0.41400454545454535,32.30954545454547,-41.40045454545454,over,0.69305,0.32309545454545474,32.30954545454547,over,20000
player_reception_yds,Justin Watson,justin watson,WR,16.5,-105.0,-115,2024,3,46.0,-3.0,True,False,WR,27.45,HOU,<20,194,20.84536082474227,23.784379500884214,565.6967082420812,10.95,0.67445,0.32555,0.0,-207.17247734602978,207.17247734602978,1.9523809523809523,1.8695652173913042,0.3167833333333333,-0.3913630434782609,31.67833333333333,-39.13630434782609,over,0.67445,0.3167833333333333,31.67833333333333,over,20000
player_reception_yds,Joe Mixon,joe mixon,RB,15.5,-110.0,-110,2024,8,45.0,-5.0,True,False,RB,24.67,FA,<20,432,17.046296296296298,19.125546894078457,365.78654399759415,9.170000000000002,0.68905,0.31095,0.0,-221.59511175430137,221.59511175430134,1.9090909090909092,1.9090909090909092,0.3154590909090911,-0.40636818181818174,31.545909090909106,-40.63681818181817,over,0.68905,0.3154590909090911,31.545909090909106,over,20000
player_reception_yds,Trey Palmer,trey palmer,WR,16.5,-110.0,-110,2024,4,42.0,1.0,False,True,WR,27.96,NO,<20,194,20.84536082474227,23.784379500884214,565.6967082420812,11.46,0.6872,0.3128,0.0,-219.69309462915604,219.69309462915598,1.9090909090909092,1.9090909090909092,0.31192727272727283,-0.4028363636363636,31.192727272727282,-40.28363636363636,over,0.6872,0.31192727272727283,31.192727272727282,over,20000
player_reception_yds,Ja'Lynn Polk,jalynn polk,WR,29.5,-110.0,-110,2024,1,40.5,8.0,False,True,WR,45.97,NO,20-30,224,33.88392857142857,33.6177959681703,1130.1562057575272,16.47,0.6872,0.3128,0.0,-219.69309462915604,219.69309462915598,1.9090909090909092,1.9090909090909092,0.31192727272727283,-0.4028363636363636,31.192727272727282,-40.28363636363636,over,0.6872,0.31192727272727283,31.192727272727282,over,20000
player_reception_yds,Keon Coleman,keon coleman,WR,28.5,-110.0,-110,2024,15,55.5,2.5,False,True,WR,44.86,BUF,20-30,224,33.88392857142857,33.6177959681703,1130.1562057575272,16.36,0.6864,0.3136,0.0,-218.87755102040816,218.87755102040816,1.9090909090909092,1.9090909090909092,0.3104000000000001,-0.4013090909090909,31.040000000000013,-40.13090909090909,over,0.6864,0.3104000000000001,31.040000000000013,over,20000
player_reception_yds,Christian Watson,christian watson,,24.5,-110.0,-110,2024,2,41.5,,False,False,WR,40.38,GB,20-30,224,33.88392857142857,33.6177959681703,1130.1562057575272,15.880000000000003,0.6862,0.3138,0.0,-218.6743148502231,218.67431485022303,1.9090909090909092,1.9090909090909092,0.31001818181818197,-0.4009272727272726,31.001818181818198,-40.09272727272726,over,0.6862,0.31001818181818197,31.001818181818198,over,20000
player_reception_yds,Xavier Legette,xavier legette,,20.5,-110.0,-110,2024,2,39.0,,False,False,WR,36.7,CAR,20-30,224,33.88392857142857,33.6177959681703,1130.1562057575272,16.200000000000003,0.6853,0.3147,0.0,-217.76294884016525,217.76294884016525,1.9090909090909092,1.9090909090909092,0.30830000000000013,-0.3992090909090909,30.830000000000013,-39.92090909090909,over,0.6853,0.30830000000000013,30.830000000000013,over,20000
player_reception_yds,George Kittle,george kittle,TE,42.5,-110.0,-110,2024,5,48.5,-7.0,True,False,TE,57.23,SF,40-50,77,42.8051948051948,30.604649640714655,936.6445796308957,14.729999999999997,0.68385,0.31615,0.0,-216.30555116242283,216.30555116242292,1.9090909090909092,1.9090909090909092,0.3055318181818182,-0.3964409090909091,30.55318181818182,-39.64409090909091,over,0.68385,0.3055318181818182,30.55318181818182,over,20000
player_reception_yds,Keon Coleman,keon coleman,WR,22.5,-110.0,-110,2024,17,44.5,-10.0,True,False,WR,38.07,BUF,20-30,224,33.88392857142857,33.6177959681703,1130.1562057575272,15.57,0.68285,0.31715,0.0,-215.3082137789689,215.30821377896893,1.9090909090909092,1.9090909090909092,0.3036227272727272,-0.39453181818181815,30.36227272727272,-39.45318181818182,over,0.68285,0.3036227272727272,30.36227272727272,over,20000
player_reception_yds,Olamide Zaccheaus,olamide zaccheaus,WR,19.5,-110.0,-110,2024,15,44.5,-7.5,True,False,WR,30.77,ATL,<20,194,20.84536082474227,23.784379500884214,565.6967082420812,11.27,0.68235,0.31765,0.0,-214.81189988981583,214.81189988981583,1.9090909090909092,1.9090909090909092,0.3026681818181819,-0.3935772727272727,30.266818181818188,-39.357727272727274,over,0.68235,0.3026681818181819,30.266818181818188,over,20000
player_reception_yds,Jayden Reed,jayden reed,WR,31.5,-110.0,-110,2024,2,41.5,3.0,False,True,WR,48.64,GB,30-40,222,39.810810810810814,35.42174131599695,1254.699757857405,17.14,0.6807,0.3193,0.0,-213.1850923896022,213.1850923896023,1.9090909090909092,1.9090909090909092,0.2995181818181818,-0.3904272727272728,29.95181818181818,-39.04272727272728,over,0.6807,0.2995181818181818,29.95181818181818,over,20000
player_reception_yds,Kayshon Boutte,kayshon boutte,WR,26.5,-110.0,-110,2024,16,48.0,14.0,False,True,WR,42.36,NE,20-30,224,33.88392857142857,33.6177959681703,1130.1562057575272,15.86,0.68065,0.31935,0.0,-213.13605761703457,213.13605761703457,1.9090909090909092,1.9090909090909092,0.29942272727272723,-0.3903318181818181,29.942272727272723,-39.03318181818181,over,0.68065,0.29942272727272723,29.942272727272723,over,20000
player_reception_yds,Amari Cooper,amari cooper,WR,36.5,-110.0,-110,2024,14,49.5,-3.5,True,False,WR,52.96,FA,30-40,222,39.810810810810814,35.42174131599695,1254.699757857405,16.46,0.6803,0.3197,0.0,-212.79324366593684,212.79324366593684,1.9090909090909092,1.9090909090909092,0.2987545454545455,-0.3896636363636364,29.87545454545455,-38.96636363636364,over,0.6803,0.2987545454545455,29.87545454545455,over,20000
player_reception_yds,Tyler Johnson,tyler johnson,WR,21.5,-110.0,-110,2024,4,40.0,3.0,False,True,WR,37.05,DAL,20-30,224,33.88392857142857,33.6177959681703,1130.1562057575272,15.549999999999997,0.67835,0.32165,0.0,-210.89693766516402,210.89693766516402,1.9090909090909092,1.9090909090909092,0.29503181818181823,-0.38594090909090906,29.503181818181822,-38.59409090909091,over,0.67835,0.29503181818181823,29.503181818181822,over,20000
player_reception_yds,Darius Slayton,darius slayton,WR,22.5,-110.0,-110,2024,13,39.0,4.5,False,True,WR,37.73,NYG,20-30,224,33.88392857142857,33.6177959681703,1130.1562057575272,15.229999999999997,0.6783,0.3217,0.0,-210.8486167236556,210.8486167236556,1.9090909090909092,1.9090909090909092,0.29493636363636366,-0.38584545454545455,29.493636363636366,-38.584545454545456,over,0.6783,0.29493636363636366,29.493636363636366,over,20000
player_reception_yds,Jalen Tolbert,jalen tolbert,WR,18.5,-110.0,-110,2024,1,42.0,2.5,False,True,WR,29.33,MIA,<20,194,20.84536082474227,23.784379500884214,565.6967082420812,10.829999999999998,0.67815,0.32185,0.0,-210.70374398011498,210.70374398011495,1.9090909090909092,1.9090909090909092,0.2946500000000001,-0.3855590909090909,29.465000000000007,-38.55590909090909,over,0.67815,0.2946500000000001,29.465000000000007,over,20000
player_reception_yds,Joshua Palmer,joshua palmer,,34.5,-110.0,-110,2024,2,39.0,,False,False,WR,50.78,BUF,30-40,222,39.810810810810814,35.42174131599695,1254.699757857405,16.28,0.67765,0.32235,0.0,-210.2218085931441,210.2218085931441,1.9090909090909092,1.9090909090909092,0.29369545454545454,-0.38460454545454537,29.369545454545452,-38.46045454545454,over,0.67765,0.29369545454545454,29.369545454545452,over,20000
player_reception_yds,Mike Williams,mike williams,,23.5,-110.0,-110,2024,1,43.0,,False,False,WR,38.86,FA,20-30,224,33.88392857142857,33.6177959681703,1130.1562057575272,15.36,0.67635,0.32365,0.0,-208.9757454039858,208.9757454039858,1.9090909090909092,1.9090909090909092,0.2912136363636364,-0.3821227272727273,29.12136363636364,-38.212272727272726,over,0.67635,0.2912136363636364,29.12136363636364,over,20000
player_reception_yds,Cedric Tillman,cedric tillman,WR,16.5,-110.0,-110,2024,7,42.0,5.5,False,True,WR,27.31,CLE,<20,194,20.84536082474227,23.784379500884214,565.6967082420812,10.809999999999999,0.6755,0.3245,0.0,-208.1664098613251,208.1664098613251,1.9090909090909092,1.9090909090909092,0.2895909090909091,-0.38049999999999995,28.95909090909091,-38.05,over,0.6755,0.2895909090909091,28.95909090909091,over,20000
player_reception_yds,Puka Nacua,puka nacua,WR,28.5,-110.0,-110,2024,8,47.5,3.0,False,True,WR,43.98,LAR,20-30,224,33.88392857142857,33.6177959681703,1130.1562057575272,15.479999999999997,0.67465,0.32535,0.0,-207.36130321192562,207.36130321192564,1.9090909090909092,1.9090909090909092,0.28796818181818185,-0.3788772727272727,28.796818181818185,-37.88772727272727,over,0.67465,0.28796818181818185,28.796818181818185,over,20000
player_reception_yds,Brock Wright,brock wright,TE,16.5,-110.0,-110,2024,11,47.5,-14.0,True,False,TE,27.18,DET,<20,149,20.28187919463087,23.469612040364684,550.822689325231,10.68,0.6742,0.3258,0.0,-206.93677102516884,206.93677102516884,1.9090909090909092,1.9090909090909092,0.287109090909091,-0.3780181818181818,28.710909090909098,-37.80181818181818,over,0.6742,0.287109090909091,28.710909090909098,over,20000
player_reception_yds,Kyle Pitts,kyle pitts,TE,40.5,-110.0,-110,2024,2,46.5,5.5,False,True,TE,54.51,ATL,40-50,77,42.8051948051948,30.604649640714655,936.6445796308957,14.009999999999998,0.674,0.326,0.0,-206.74846625766875,206.74846625766867,1.9090909090909092,1.9090909090909092,0.28672727272727283,-0.37763636363636355,28.672727272727283,-37.76363636363635,over,0.674,0.28672727272727283,28.672727272727283,over,20000
player_reception_yds,Bub Means,bub means,WR,19.5,-110.0,-110,2024,8,41.5,7.0,False,True,WR,30.28,NO,<20,194,20.84536082474227,23.784379500884214,565.6967082420812,10.780000000000001,0.6721,0.3279,0.0,-204.97102775236357,204.97102775236348,1.9090909090909092,1.9090909090909092,0.28310000000000013,-0.3740090909090908,28.310000000000013,-37.40090909090908,over,0.6721,0.28310000000000013,28.310000000000013,over,20000
player_reception_yds,James Cook,james cook,RB,15.5,-110.0,-110,2024,10,46.5,-4.5,True,False,RB,23.9,BUF,<20,432,17.046296296296298,19.125546894078457,365.78654399759415,8.399999999999999,0.66995,0.33005,0.0,-202.98439630359042,202.9843963035904,1.9090909090909092,1.9090909090909092,0.2789954545454547,-0.3699045454545455,27.89954545454547,-36.99045454545455,over,0.66995,0.2789954545454547,27.89954545454547,over,20000
player_reception_yds,Marvin Mims Jr.,marvin mims,WR,18.5,-110.0,-110,2024,1,42.0,6.5,False,True,WR,28.75,DEN,<20,194,20.84536082474227,23.784379500884214,565.6967082420812,10.25,0.6676,0.3324,0.0,-200.8423586040914,200.84235860409146,1.9090909090909092,1.9090909090909092,0.2745090909090909,-0.3654181818181818,27.450909090909093,-36.54181818181818,over,0.6676,0.2745090909090909,27.450909090909093,over,20000
player_reception_yds,Olamide Zaccheaus,olamide zaccheaus,WR,17.5,-110.0,-110,2024,9,44.5,-4.5,True,False,WR,28.03,ATL,<20,194,20.84536082474227,23.784379500884214,565.6967082420812,10.530000000000001,0.667,0.333,0.0,-200.30030030030034,200.3003003003003,1.9090909090909092,1.9090909090909092,0.2733636363636365,-0.36427272727272725,27.336363636363647,-36.42727272727272,over,0.667,0.2733636363636365,27.336363636363647,over,20000
player_reception_yds,Rachaad White,rachaad white,RB,16.5,-110.0,-110,2024,17,47.5,-9.5,True,False,RB,24.62,WAS,<20,432,17.046296296296298,19.125546894078457,365.78654399759415,8.120000000000001,0.6665,0.3335,0.0,-199.8500749625187,199.8500749625187,1.9090909090909092,1.9090909090909092,0.27240909090909093,-0.36331818181818176,27.240909090909092,-36.33181818181818,over,0.6665,0.27240909090909093,27.240909090909092,over,20000
player_reception_yds,Gabe Davis,gabe davis,WR,27.5,-110.0,-110,2024,10,42.5,7.0,False,True,WR,41.37,FA,20-30,224,33.88392857142857,33.6177959681703,1130.1562057575272,13.869999999999997,0.66545,0.33455,0.0,-198.90898221491557,198.90898221491557,1.9090909090909092,1.9090909090909092,0.2704045454545455,-0.36131363636363634,27.04045454545455,-36.13136363636363,over,0.66545,0.2704045454545455,27.04045454545455,over,20000
player_reception_yds,George Kittle,george kittle,TE,38.5,-110.0,-110,2024,12,44.5,6.5,False,True,TE,53.96,SF,30-40,83,44.18072289156626,36.40127601114409,1325.0528952394943,15.46,0.6654,0.3346,0.0,-198.86431560071725,198.86431560071725,1.9090909090909092,1.9090909090909092,0.27030909090909094,-0.36121818181818177,27.030909090909095,-36.12181818181818,over,0.6654,0.27030909090909094,27.030909090909095,over,20000
player_reception_yds,Adonai Mitchell,adonai mitchell,WR,16.5,-110.0,-110,2024,3,43.0,-1.5,True,False,WR,26.66,NYJ,<20,194,20.84536082474227,23.784379500884214,565.6967082420812,10.16,0.6639,0.3361,0.0,-197.5304968759298,197.53049687592974,1.9090909090909092,1.9090909090909092,0.26744545454545465,-0.35835454545454537,26.744545454545467,-35.83545454545454,over,0.6639,0.26744545454545465,26.744545454545467,over,20000
player_reception_yds,Jahmyr Gibbs,jahmyr gibbs,RB,15.5,-110.0,-110,2024,10,49.0,-4.5,True,False,RB,23.46,DET,<20,432,17.046296296296298,19.125546894078457,365.78654399759415,7.960000000000001,0.66275,0.33725,0.0,-196.51593773165303,196.51593773165305,1.9090909090909092,1.9090909090909092,0.26525,-0.3561590909090908,26.525,-35.615909090909085,over,0.66275,0.26525,26.525,over,20000
player_reception_yds,Cole Kmet,cole kmet,TE,17.5,-110.0,-110,2024,2,45.5,6.0,False,True,TE,27.28,CHI,<20,149,20.28187919463087,23.469612040364684,550.822689325231,9.780000000000001,0.66235,0.33765,0.0,-196.16466755516066,196.16466755516066,1.9090909090909092,1.9090909090909092,0.2644863636363637,-0.3553954545454545,26.448636363636368,-35.539545454545454,over,0.66235,0.2644863636363637,26.448636363636368,over,20000
player_reception_yds,Xavier Worthy,xavier worthy,WR,22.5,-110.0,-110,2024,11,46.5,2.5,False,True,WR,36.91,KC,20-30,224,33.88392857142857,33.6177959681703,1130.1562057575272,14.409999999999997,0.6623,0.3377,0.0,-196.12081729345573,196.12081729345573,1.9090909090909092,1.9090909090909092,0.2643909090909091,-0.35529999999999995,26.43909090909091,-35.529999999999994,over,0.6623,0.2643909090909091,26.43909090909091,over,20000
player_reception_yds,Kendrick Bourne,kendrick bourne,WR,21.5,-110.0,-110,2024,16,48.0,14.0,False,True,WR,35.73,ARI,20-30,224,33.88392857142857,33.6177959681703,1130.1562057575272,14.229999999999997,0.6623,0.3377,0.0,-196.12081729345573,196.12081729345573,1.9090909090909092,1.9090909090909092,0.2643909090909091,-0.35529999999999995,26.43909090909091,-35.529999999999994,over,0.6623,0.2643909090909091,26.43909090909091,over,20000
player_reception_yds,Olamide Zaccheaus,olamide zaccheaus,WR,15.5,-110.0,-110,2024,10,45.0,-1.5,True,False,WR,25.59,ATL,<20,194,20.84536082474227,23.784379500884214,565.6967082420812,10.09,0.66225,0.33775,0.0,-196.07698001480384,196.07698001480384,1.9090909090909092,1.9090909090909092,0.26429545454545456,-0.35520454545454544,26.429545454545455,-35.52045454545454,over,0.66225,0.26429545454545456,26.429545454545455,over,20000
player_reception_yds,Keon Coleman,keon coleman,WR,32.5,-110.0,-110,2024,1,46.0,-6.5,True,False,WR,47.5,BUF,30-40,222,39.810810810810814,35.42174131599695,1254.699757857405,15.0,0.66175,0.33825,0.0,-195.6393200295639,195.63932002956398,1.9090909090909092,1.9090909090909092,0.263340909090909,-0.35425000000000006,26.3340909090909,-35.425000000000004,over,0.66175,0.263340909090909,26.3340909090909,over,20000
player_reception_yds,Jonathan Mingo,jonathan mingo,WR,17.5,-110.0,-110,2024,1,41.5,3.5,False,True,WR,27.61,DAL,<20,194,20.84536082474227,23.784379500884214,565.6967082420812,10.11,0.66115,0.33885,0.0,-195.11583296443854,195.11583296443854,1.9090909090909092,1.9090909090909092,0.2621954545454547,-0.35310454545454545,26.219545454545468,-35.31045454545455,over,0.66115,0.2621954545454547,26.219545454545468,over,20000
player_reception_yds,Austin Ekeler,austin ekeler,RB,16.5,-110.0,-110,2024,7,51.0,-10.0,True,False,RB,24.45,FA,<20,432,17.046296296296298,19.125546894078457,365.78654399759415,7.949999999999999,0.66,0.34,0.0,-194.11764705882354,194.11764705882348,1.9090909090909092,1.9090909090909092,0.2600000000000001,-0.3509090909090908,26.00000000000001,-35.09090909090908,over,0.66,0.2600000000000001,26.00000000000001,over,20000
player_reception_yds,DeAndre Hopkins,deandre hopkins,WR,31.5,-110.0,-110,2024,2,41.5,3.5,False,True,WR,46.02,BAL,30-40,222,39.810810810810814,35.42174131599695,1254.699757857405,14.520000000000003,0.6595,0.3405,0.0,-193.68575624082231,193.68575624082231,1.9090909090909092,1.9090909090909092,0.2590454545454546,-0.3499545454545454,25.904545454545456,-34.99545454545454,over,0.6595,0.2590454545454546,25.904545454545456,over,20000
player_reception_yds,Troy Franklin,troy franklin,WR,17.5,-110.0,-110,2024,15,43.5,-4.5,True,False,WR,26.98,DEN,<20,194,20.84536082474227,23.784379500884214,565.6967082420812,9.48,0.65755,0.34245,0.0,-192.0134326179004,192.01343261790046,1.9090909090909092,1.9090909090909092,0.2553227272727273,-0.34623181818181825,25.53227272727273,-34.62318181818183,over,0.65755,0.2553227272727273,25.53227272727273,over,20000
player_reception_yds,Jalen McMillan,jalen mcmillan,,27.5,-110.0,-110,2024,10,50.5,,False,False,WR,41.27,TB,20-30,224,33.88392857142857,33.6177959681703,1130.1562057575272,13.770000000000003,0.6575,0.3425,0.0,-191.970802919708,191.970802919708,1.9090909090909092,1.9090909090909092,0.25522727272727275,-0.3461363636363636,25.522727272727273,-34.61363636363636,over,0.6575,0.25522727272727275,25.522727272727273,over,20000
player_reception_yds,George Pickens,george pickens,WR,47.5,-110.0,-110,2024,3,36.0,-3.0,True,False,WR,62.98,DAL,40-50,197,52.34517766497462,39.519382558680384,1561.7815978193314,15.479999999999997,0.6567,0.3433,0.0,-191.29041654529564,191.29041654529567,1.9090909090909092,1.9090909090909092,0.2536999999999999,-0.344609090909091,25.369999999999994,-34.4609090909091,over,0.6567,0.2536999999999999,25.369999999999994,over,20000
player_reception_yds,Xavier Legette,xavier legette,WR,34.5,-110.0,-110,2024,9,43.5,7.0,False,True,WR,48.15,CAR,30-40,222,39.810810810810814,35.42174131599695,1254.699757857405,13.649999999999999,0.65585,0.34415,0.0,-190.57097195990124,190.57097195990121,1.9090909090909092,1.9090909090909092,0.25207727272727287,-0.34298636363636364,25.207727272727286,-34.29863636363636,over,0.65585,0.25207727272727287,25.207727272727286,over,20000
player_reception_yds,Mike Williams,mike williams,,18.5,-110.0,-110,2024,11,48.0,,False,False,WR,28.35,FA,<20,194,20.84536082474227,23.784379500884214,565.6967082420812,9.850000000000001,0.6558,0.3442,0.0,-190.52876234747242,190.5287623474724,1.9090909090909092,1.9090909090909092,0.2519818181818183,-0.34289090909090897,25.19818181818183,-34.289090909090895,over,0.6558,0.2519818181818183,25.19818181818183,over,20000
player_reception_yds,Quentin Johnston,quentin johnston,WR,34.5,-110.0,-110,2024,13,47.0,-1.0,True,False,WR,49.09,LAC,30-40,222,39.810810810810814,35.42174131599695,1254.699757857405,14.590000000000003,0.65545,0.34455,0.0,-190.2336380786533,190.2336380786533,1.9090909090909092,1.9090909090909092,0.25131363636363635,-0.3422227272727272,25.131363636363634,-34.22227272727272,over,0.65545,0.25131363636363635,25.131363636363634,over,20000
player_reception_yds,Rachaad White,rachaad white,RB,16.5,-110.0,-110,2024,14,47.0,-7.0,True,False,RB,23.99,WAS,<20,432,17.046296296296298,19.125546894078457,365.78654399759415,7.489999999999998,0.65495,0.34505,0.0,-189.8130705694827,189.81307056948265,1.9090909090909092,1.9090909090909092,0.25035909090909103,-0.3412681818181817,25.035909090909104,-34.126818181818166,over,0.65495,0.25035909090909103,25.035909090909104,over,20000
player_reception_yds,George Kittle,george kittle,TE,48.5,-110.0,-110,2024,6,49.0,-3.5,True,False,TE,60.16,SF,40-50,77,42.8051948051948,30.604649640714655,936.6445796308957,11.659999999999997,0.6548,0.3452,0.0,-189.68713789107767,189.68713789107764,1.9090909090909092,1.9090909090909092,0.25007272727272745,-0.3409818181818182,25.007272727272746,-34.09818181818182,over,0.6548,0.25007272727272745,25.007272727272746,over,20000
player_reception_yds,Brandin Cooks,brandin cooks,WR,21.5,-110.0,-110,2024,13,39.0,-4.5,True,False,WR,34.94,FA,20-30,224,33.88392857142857,33.6177959681703,1130.1562057575272,13.439999999999998,0.6547,0.3453,0.0,-189.6032435563278,189.60324355632784,1.9090909090909092,1.9090909090909092,0.2498818181818181,-0.34079090909090914,24.988181818181808,-34.079090909090915,over,0.6547,0.2498818181818181,24.988181818181808,over,20000
player_reception_yds,Kyle Pitts,kyle pitts,TE,44.5,-110.0,-110,2024,1,43.0,-4.0,True,False,TE,56.3,ATL,40-50,77,42.8051948051948,30.604649640714655,936.6445796308957,11.799999999999997,0.6537,0.3463,0.0,-188.76696505919716,188.7669650591972,1.9090909090909092,1.9090909090909092,0.24797272727272723,-0.3388818181818181,24.797272727272723,-33.88818181818181,over,0.6537,0.24797272727272723,24.797272727272723,over,20000
player_reception_yds,Quentin Johnston,quentin johnston,WR,34.5,-110.0,-110,2024,3,36.0,3.0,False,True,WR,49.38,LAC,30-40,222,39.810810810810814,35.42174131599695,1254.699757857405,14.880000000000003,0.6537,0.3463,0.0,-188.76696505919716,188.7669650591972,1.9090909090909092,1.9090909090909092,0.24797272727272723,-0.3388818181818181,24.797272727272723,-33.88818181818181,over,0.6537,0.24797272727272723,24.797272727272723,over,20000
player_reception_yds,Cade Otton,cade otton,TE,18.5,-110.0,-110,2024,3,40.5,-6.0,True,False,TE,27.79,TB,<20,149,20.28187919463087,23.469612040364684,550.822689325231,9.29,0.6526,0.3474,0.0,-187.85261945883704,187.8526194588371,1.9090909090909092,1.9090909090909092,0.24587272727272724,-0.33678181818181824,24.587272727272726,-33.67818181818183,over,0.6526,0.24587272727272724,24.587272727272726,over,20000
player_reception_yds,Jahmyr Gibbs,jahmyr gibbs,RB,18.5,-110.0,-110,2024,12,50.5,-7.0,True,False,RB,25.85,DET,<20,432,17.046296296296298,19.125546894078457,365.78654399759415,7.350000000000001,0.65255,0.34745,0.0,-187.81119585551875,187.81119585551878,1.9090909090909092,1.9090909090909092,0.24577727272727268,-0.33668636363636356,24.577727272727266,-33.66863636363636,over,0.65255,0.24577727272727268,24.577727272727266,over,20000
player_reception_yds,Rome Odunze,rome odunze,WR,35.5,-110.0,-110,2024,4,40.0,-3.0,True,False,WR,49.28,CHI,30-40,222,39.810810810810814,35.42174131599695,1254.699757857405,13.780000000000001,0.65165,0.34835,0.0,-187.06760442084106,187.06760442084112,1.9090909090909092,1.9090909090909092,0.24405909090909084,-0.33496818181818183,24.405909090909084,-33.496818181818185,over,0.65165,0.24405909090909084,24.405909090909084,over,20000
player_reception_yds,Khalil Shakir,khalil shakir,WR,34.5,-110.0,-110,2024,6,42.0,-1.0,True,False,WR,48.71,BUF,30-40,222,39.810810810810814,35.42174131599695,1254.699757857405,14.21,0.65105,0.34895,0.0,-186.57400773749822,186.57400773749822,1.9090909090909092,1.9090909090909092,0.2429136363636365,-0.33382272727272727,24.29136363636365,-33.38227272727273,over,0.65105,0.2429136363636365,24.29136363636365,over,20000
player_reception_yds,Alec Pierce,alec pierce,WR,22.5,-110.0,-110,2024,11,43.0,4.0,False,True,WR,35.58,IND,20-30,224,33.88392857142857,33.6177959681703,1130.1562057575272,13.079999999999998,0.6509,0.3491,0.0,-186.45087367516473,186.4508736751647,1.9090909090909092,1.9090909090909092,0.2426272727272728,-0.33353636363636363,24.26272727272728,-33.35363636363636,over,0.6509,0.2426272727272728,24.26272727272728,over,20000
player_reception_yds,Luke Schoonmaker,luke schoonmaker,TE,18.5,-110.0,-110,2024,2,47.0,-6.5,True,False,TE,27.51,DAL,<20,149,20.28187919463087,23.469612040364684,550.822689325231,9.010000000000002,0.65075,0.34925,0.0,-186.32784538296352,186.32784538296346,1.9090909090909092,1.9090909090909092,0.24234090909090922,-0.3332499999999999,24.234090909090924,-33.32499999999999,over,0.65075,0.24234090909090922,24.234090909090924,over,20000
player_reception_yds,Darius Slayton,darius slayton,WR,22.5,-110.0,-110,2024,1,42.5,1.0,False,True,WR,35.61,NYG,20-30,224,33.88392857142857,33.6177959681703,1130.1562057575272,13.11,0.6505,0.3495,0.0,-186.12303290414877,186.12303290414883,1.9090909090909092,1.9090909090909092,0.2418636363636364,-0.33277272727272733,24.186363636363637,-33.27727272727273,over,0.6505,0.2418636363636364,24.186363636363637,over,20000
player_reception_yds,Gabe Davis,gabe davis,WR,35.5,-110.0,-110,2024,4,44.5,5.5,False,True,WR,49.19,FA,30-40,222,39.810810810810814,35.42174131599695,1254.699757857405,13.689999999999998,0.6504,0.3496,0.0,-186.0411899313501,186.0411899313501,1.9090909090909092,1.9090909090909092,0.24167272727272726,-0.3325818181818181,24.167272727272724,-33.25818181818181,over,0.6504,0.24167272727272726,24.167272727272724,over,20000
player_reception_yds,Lil'Jordan Humphrey,liljordan humphrey,,16.5,-110.0,-110,2024,13,41.5,,False,False,WR,25.47,DEN,<20,194,20.84536082474227,23.784379500884214,565.6967082420812,8.969999999999999,0.65035,0.34965,0.0,-186.00028600028597,186.00028600028597,1.9090909090909092,1.9090909090909092,0.2415772727272727,-0.3324863636363636,24.15772727272727,-33.24863636363636,over,0.65035,0.2415772727272727,24.15772727272727,over,20000
player_reception_yds,Tyler Conklin,tyler conklin,TE,17.5,-110.0,-110,2024,7,40.0,-3.0,True,False,TE,26.57,DET,<20,149,20.28187919463087,23.469612040364684,550.822689325231,9.07,0.6493,0.3507,0.0,-185.143997718848,185.143997718848,1.9090909090909092,1.9090909090909092,0.23957272727272727,-0.33048181818181815,23.957272727272727,-33.04818181818182,over,0.6493,0.23957272727272727,23.957272727272727,over,20000
player_reception_yds,Cole Kmet,cole kmet,TE,20.5,-110.0,-110,2024,3,43.0,1.5,False,True,TE,31.18,CHI,20-30,155,32.535483870967745,27.73479503577737,769.218855676581,10.68,0.6492,0.3508,0.0,-185.06271379703534,185.06271379703534,1.9090909090909092,1.9090909090909092,0.23938181818181825,-0.3302909090909091,23.938181818181825,-33.02909090909091,over,0.6492,0.23938181818181825,23.938181818181825,over,20000
player_reception_yds,Robert Woods,robert woods,WR,15.5,-110.0,-110,2024,9,43.5,2.5,False,True,WR,24.44,FA,<20,194,20.84536082474227,23.784379500884214,565.6967082420812,8.940000000000001,0.6492,0.3508,0.0,-185.06271379703534,185.06271379703534,1.9090909090909092,1.9090909090909092,0.23938181818181825,-0.3302909090909091,23.938181818181825,-33.02909090909091,over,0.6492,0.23938181818181825,23.938181818181825,over,20000
player_reception_yds,Jauan Jennings,jauan jennings,WR,31.5,-110.0,-110,2024,4,41.5,-10.5,True,False,WR,44.83,MIN,30-40,222,39.810810810810814,35.42174131599695,1254.699757857405,13.329999999999998,0.64755,0.35245,0.0,-183.72818839551707,183.72818839551712,1.9090909090909092,1.9090909090909092,0.23623181818181815,-0.32714090909090915,23.623181818181816,-32.71409090909091,over,0.64755,0.23623181818181815,23.623181818181816,over,20000
player_reception_yds,Dyami Brown,dyami brown,,19.5,-110.0,-110,2024,1,42.0,,False,False,WR,28.93,WAS,<20,194,20.84536082474227,23.784379500884214,565.6967082420812,9.43,0.6474,0.3526,0.0,-183.60748723766304,183.60748723766304,1.9090909090909092,1.9090909090909092,0.23594545454545457,-0.3268545454545454,23.594545454545457,-32.68545454545454,over,0.6474,0.23594545454545457,23.594545454545457,over,20000
player_reception_yds,Ja'Tavion Sanders,jatavion sanders,TE,15.5,-110.0,-110,2024,14,44.5,14.0,False,True,TE,24.09,CAR,<20,149,20.28187919463087,23.469612040364684,550.822689325231,8.59,0.647,0.353,0.0,-183.28611898017,183.28611898017,1.9090909090909092,1.9090909090909092,0.23518181818181827,-0.3260909090909091,23.518181818181827,-32.60909090909091,over,0.647,0.23518181818181827,23.518181818181827,over,20000
player_reception_yds,Pat Freiermuth,pat freiermuth,TE,24.5,-110.0,-110,2024,10,45.0,1.5,False,True,TE,35.09,PIT,20-30,155,32.535483870967745,27.73479503577737,769.218855676581,10.590000000000003,0.647,0.353,0.0,-183.28611898017,183.28611898017,1.9090909090909092,1.9090909090909092,0.23518181818181827,-0.3260909090909091,23.518181818181827,-32.60909090909091,over,0.647,0.23518181818181827,23.518181818181827,over,20000
player_reception_yds,Rachaad White,rachaad white,RB,17.5,-110.0,-110,2024,13,46.0,-6.5,True,False,RB,24.83,WAS,<20,432,17.046296296296298,19.125546894078457,365.78654399759415,7.329999999999998,0.6463,0.3537,0.0,-182.72547356516822,182.72547356516822,1.9090909090909092,1.9090909090909092,0.23384545454545458,-0.3247545454545454,23.384545454545457,-32.47545454545454,over,0.6463,0.23384545454545458,23.384545454545457,over,20000
player_reception_yds,Brock Bowers,brock bowers,TE,33.5,-110.0,-110,2024,2,41.0,9.0,False,True,TE,47.51,LV,30-40,83,44.18072289156626,36.40127601114409,1325.0528952394943,14.009999999999998,0.6463,0.3537,0.0,-182.72547356516822,182.72547356516822,1.9090909090909092,1.9090909090909092,0.23384545454545458,-0.3247545454545454,23.384545454545457,-32.47545454545454,over,0.6463,0.23384545454545458,23.384545454545457,over,20000
player_reception_yds,Tyreek Hill,tyreek hill,WR,47.5,-110.0,-110,2024,5,37.0,-2.0,True,False,WR,62.22,FA,40-50,197,52.34517766497462,39.519382558680384,1561.7815978193314,14.719999999999999,0.64605,0.35395,0.0,-182.5257804774686,182.5257804774686,1.9090909090909092,1.9090909090909092,0.23336818181818186,-0.32427727272727275,23.336818181818188,-32.427727272727275,over,0.64605,0.23336818181818186,23.336818181818188,over,20000
player_reception_yds,Jalen Nailor,jalen nailor,WR,16.5,-115.0,-105,2024,1,42.5,-1.0,True,False,WR,25.94,LV,<20,194,20.84536082474227,23.784379500884214,565.6967082420812,9.440000000000001,0.6595,0.3405,0.0,-193.68575624082231,193.68575624082231,1.8695652173913042,1.9523809523809523,0.23297826086956508,-0.3352142857142857,23.29782608695651,-33.52142857142857,over,0.6595,0.23297826086956508,23.29782608695651,over,20000
player_reception_yds,Jonnu Smith,jonnu smith,TE,24.5,-110.0,-110,2024,8,46.5,-4.0,True,False,TE,34.88,FA,20-30,155,32.535483870967745,27.73479503577737,769.218855676581,10.380000000000003,0.6458,0.3542,0.0,-182.32636928289105,182.32636928289102,1.9090909090909092,1.9090909090909092,0.23289090909090926,-0.32379999999999987,23.289090909090927,-32.37999999999999,over,0.6458,0.23289090909090926,23.289090909090927,over,20000
player_reception_yds,Ja'Lynn Polk,jalynn polk,WR,17.5,-110.0,-110,2024,3,39.0,6.5,False,True,WR,26.78,NO,<20,194,20.84536082474227,23.784379500884214,565.6967082420812,9.280000000000001,0.64535,0.35465,0.0,-181.96813760045112,181.96813760045112,1.9090909090909092,1.9090909090909092,0.23203181818181817,-0.322940909090909,23.203181818181818,-32.2940909090909,over,0.64535,0.23203181818181817,23.203181818181818,over,20000
player_reception_yds,Luke Schoonmaker,luke schoonmaker,TE,27.5,-110.0,-110,2024,13,39.0,-4.5,True,False,TE,37.87,DAL,20-30,155,32.535483870967745,27.73479503577737,769.218855676581,10.369999999999997,0.6444,0.3556,0.0,-181.21484814398198,181.21484814398198,1.9090909090909092,1.9090909090909092,0.23021818181818177,-0.32112727272727265,23.021818181818176,-32.11272727272726,over,0.6444,0.23021818181818177,23.021818181818176,over,20000
player_reception_yds,Lil'Jordan Humphrey,liljordan humphrey,WR,18.5,-110.0,-110,2024,12,41.5,-6.5,True,False,WR,26.63,DEN,<20,194,20.84536082474227,23.784379500884214,565.6967082420812,8.129999999999999,0.6438,0.3562,0.0,-180.74115665356547,180.74115665356538,1.9090909090909092,1.9090909090909092,0.22907272727272743,-0.3199818181818181,22.907272727272744,-31.99818181818181,over,0.6438,0.22907272727272743,22.907272727272744,over,20000
player_reception_yds,Calvin Ridley,calvin ridley,WR,43.5,-110.0,-110,2024,2,41.5,3.5,False,True,WR,57.89,TEN,40-50,197,52.34517766497462,39.519382558680384,1561.7815978193314,14.39,0.6429,0.3571,0.0,-180.03360403248394,180.03360403248394,1.9090909090909092,1.9090909090909092,0.2273545454545456,-0.31826363636363636,22.73545454545456,-31.826363636363634,over,0.6429,0.2273545454545456,22.73545454545456,over,20000
player_reception_yds,Amari Cooper,amari cooper,WR,35.5,-110.0,-110,2024,7,41.0,-9.5,True,False,WR,48.36,FA,30-40,222,39.810810810810814,35.42174131599695,1254.699757857405,12.86,0.6428,0.3572,0.0,-179.9552071668533,179.95520716685328,1.9090909090909092,1.9090909090909092,0.22716363636363646,-0.3180727272727273,22.716363636363646,-31.80727272727273,over,0.6428,0.22716363636363646,22.716363636363646,over,20000
player_reception_yds,Tutu Atwell,tutu atwell,WR,21.5,-110.0,-110,2024,3,44.5,6.0,False,True,WR,33.47,MIA,20-30,224,33.88392857142857,33.6177959681703,1130.1562057575272,11.969999999999999,0.64265,0.35735,0.0,-179.83769413740035,179.83769413740032,1.9090909090909092,1.9090909090909092,0.22687727272727287,-0.31778636363636353,22.687727272727287,-31.778636363636352,over,0.64265,0.22687727272727287,22.687727272727287,over,20000
player_reception_yds,Alec Pierce,alec pierce,WR,35.5,-110.0,-110,2024,13,41.5,-2.5,True,False,WR,48.72,IND,30-40,222,39.810810810810814,35.42174131599695,1254.699757857405,13.219999999999999,0.64235,0.35765,0.0,-179.6029637914162,179.6029637914162,1.9090909090909092,1.9090909090909092,0.22630454545454548,-0.3172136363636363,22.630454545454548,-31.72136363636363,over,0.64235,0.22630454545454548,22.630454545454548,over,20000
player_reception_yds,Tyquan Thornton,tyquan thornton,,17.5,-110.0,-110,2024,2,39.0,,False,False,WR,26.37,KC,<20,194,20.84536082474227,23.784379500884214,565.6967082420812,8.870000000000001,0.64215,0.35785,0.0,-179.4466955428252,179.4466955428252,1.9090909090909092,1.9090909090909092,0.22592272727272733,-0.31683181818181816,22.592272727272732,-31.683181818181815,over,0.64215,0.22592272727272733,22.592272727272732,over,20000
player_reception_yds,Ricky Pearsall,ricky pearsall,,17.5,-110.0,-110,2024,12,44.5,,False,False,WR,26.43,SF,<20,194,20.84536082474227,23.784379500884214,565.6967082420812,8.93,0.6421,0.3579,0.0,-179.40765576976807,179.40765576976807,1.9090909090909092,1.9090909090909092,0.22582727272727277,-0.3167363636363636,22.582727272727276,-31.67363636363636,over,0.6421,0.22582727272727277,22.582727272727276,over,20000
player_reception_yds,Rome Odunze,rome odunze,WR,38.5,-110.0,-110,2024,16,47.5,7.0,False,True,WR,51.18,CHI,30-40,222,39.810810810810814,35.42174131599695,1254.699757857405,12.68,0.64205,0.35795,0.0,-179.36862690319876,179.36862690319876,1.9090909090909092,1.9090909090909092,0.2257318181818182,-0.3166409090909091,22.57318181818182,-31.66409090909091,over,0.64205,0.2257318181818182,22.57318181818182,over,20000
player_reception_yds,Luke Schoonmaker,luke schoonmaker,TE,26.5,-110.0,-110,2024,12,45.0,10.5,False,True,TE,36.67,DAL,20-30,155,32.535483870967745,27.73479503577737,769.218855676581,10.170000000000002,0.64205,0.35795,0.0,-179.36862690319876,179.36862690319876,1.9090909090909092,1.9090909090909092,0.2257318181818182,-0.3166409090909091,22.57318181818182,-31.66409090909091,over,0.64205,0.2257318181818182,22.57318181818182,over,20000
player_reception_yds,Christian Watson,christian watson,WR,32.5,-110.0,-110,2024,11,41.0,-6.0,True,False,WR,45.4,GB,30-40,222,39.810810810810814,35.42174131599695,1254.699757857405,12.899999999999999,0.6418,0.3582,0.0,-179.1736460078169,179.17364600781684,1.9090909090909092,1.9090909090909092,0.2252545454545456,-0.31616363636363626,22.525454545454558,-31.616363636363626,over,0.6418,0.2252545454545456,22.525454545454558,over,20000
player_reception_yds,George Pickens,george pickens,WR,48.5,-110.0,-110,2024,6,36.5,-3.5,True,False,WR,62.65,DAL,40-50,197,52.34517766497462,39.519382558680384,1561.7815978193314,14.149999999999999,0.64035,0.35965,0.0,-178.04810232170163,178.04810232170163,1.9090909090909092,1.9090909090909092,0.22248636363636365,-0.3133954545454545,22.248636363636365,-31.339545454545448,over,0.64035,0.22248636363636365,22.248636363636365,over,20000
player_reception_yds,Jonathan Mingo,jonathan mingo,WR,17.5,-110.0,-110,2024,3,40.0,5.5,False,True,WR,26.48,DAL,<20,194,20.84536082474227,23.784379500884214,565.6967082420812,8.98,0.6402,0.3598,0.0,-177.93218454697052,177.93218454697052,1.9090909090909092,1.9090909090909092,0.22220000000000006,-0.31310909090909084,22.220000000000006,-31.310909090909085,over,0.6402,0.22220000000000006,22.220000000000006,over,20000
player_reception_yds,Amari Cooper,amari cooper,WR,32.5,-110.0,-110,2024,16,48.0,-14.0,True,False,WR,45.66,FA,30-40,222,39.810810810810814,35.42174131599695,1254.699757857405,13.159999999999997,0.63995,0.36005,0.0,-177.73920288848774,177.73920288848774,1.9090909090909092,1.9090909090909092,0.22172272727272735,-0.3126318181818182,22.172272727272734,-31.263181818181817,over,0.63995,0.22172272727272735,22.172272727272734,over,20000
player_reception_yds,DeMario Douglas,demario douglas,,30.5,-110.0,-110,2024,2,39.0,,False,False,WR,42.83,NE,30-40,222,39.810810810810814,35.42174131599695,1254.699757857405,12.329999999999998,0.6388,0.3612,0.0,-176.85492801771875,176.85492801771872,1.9090909090909092,1.9090909090909092,0.2195272727272728,-0.3104363636363636,21.95272727272728,-31.043636363636363,over,0.6388,0.2195272727272728,21.95272727272728,over,20000
player_reception_yds,Sam LaPorta,sam laporta,TE,47.5,-110.0,-110,2024,2,51.5,-7.5,True,False,TE,58.6,DET,40-50,77,42.8051948051948,30.604649640714655,936.6445796308957,11.100000000000001,0.6386,0.3614,0.0,-176.70171555063638,176.70171555063644,1.9090909090909092,1.9090909090909092,0.21914545454545453,-0.31005454545454547,21.914545454545454,-31.005454545454548,over,0.6386,0.21914545454545453,21.914545454545454,over,20000
player_reception_yds,Dawson Knox,dawson knox,TE,25.5,-110.0,-110,2024,13,45.0,-6.5,True,False,TE,35.44,BUF,20-30,155,32.535483870967745,27.73479503577737,769.218855676581,9.939999999999998,0.6381,0.3619,0.0,-176.31942525559546,176.31942525559546,1.9090909090909092,1.9090909090909092,0.2181909090909091,-0.3091,21.81909090909091,-30.91,over,0.6381,0.2181909090909091,21.81909090909091,over,20000
player_reception_yds,Hunter Henry,hunter henry,TE,27.5,-110.0,-110,2024,4,41.5,10.5,False,True,TE,37.63,NE,20-30,155,32.535483870967745,27.73479503577737,769.218855676581,10.130000000000003,0.638,0.362,0.0,-176.24309392265195,176.24309392265195,1.9090909090909092,1.9090909090909092,0.21800000000000008,-0.3089090909090909,21.800000000000008,-30.89090909090909,over,0.638,0.21800000000000008,21.800000000000008,over,20000
player_reception_yds,Dalton Kincaid,dalton kincaid,TE,34.5,-110.0,-110,2024,3,46.5,-4.0,True,False,TE,47.02,BUF,30-40,83,44.18072289156626,36.40127601114409,1325.0528952394943,12.520000000000003,0.63795,0.36205,0.0,-176.20494406849883,176.20494406849883,1.9090909090909092,1.9090909090909092,0.21790454545454552,-0.30881363636363635,21.79045454545455,-30.881363636363634,over,0.63795,0.21790454545454552,21.79045454545455,over,20000
player_reception_yds,Theo Johnson,theo johnson,TE,21.5,-110.0,-110,2024,12,40.5,6.5,False,True,TE,31.67,NYG,20-30,155,32.535483870967745,27.73479503577737,769.218855676581,10.170000000000002,0.63745,0.36255,0.0,-175.82402427251412,175.82402427251415,1.9090909090909092,1.9090909090909092,0.21694999999999998,-0.30785909090909097,21.694999999999997,-30.785909090909097,over,0.63745,0.21694999999999998,21.694999999999997,over,20000
player_reception_yds,Darius Slayton,darius slayton,WR,19.5,-110.0,-110,2024,17,40.5,7.5,False,True,WR,28.15,NYG,<20,194,20.84536082474227,23.784379500884214,565.6967082420812,8.649999999999999,0.63675,0.36325,0.0,-175.29249827942192,175.29249827942186,1.9090909090909092,1.9090909090909092,0.2156136363636365,-0.30652272727272717,21.56136363636365,-30.652272727272717,over,0.63675,0.2156136363636365,21.56136363636365,over,20000
player_reception_yds,Cedrick Wilson Jr.,cedrick wilson,WR,19.5,-110.0,-110,2024,7,37.0,2.5,False,True,WR,27.57,DET,<20,194,20.84536082474227,23.784379500884214,565.6967082420812,8.07,0.6361,0.3639,0.0,-174.80076944215443,174.80076944215443,1.9090909090909092,1.9090909090909092,0.21437272727272727,-0.30528181818181815,21.437272727272727,-30.528181818181814,over,0.6361,0.21437272727272727,21.437272727272727,over,20000
player_reception_yds,Calvin Austin III,calvin austin,WR,15.5,-110.0,-110,2024,12,36.5,-3.5,True,False,WR,23.91,NYG,<20,194,20.84536082474227,23.784379500884214,565.6967082420812,8.41,0.63545,0.36455,0.0,-174.31079412974898,174.31079412974904,1.9090909090909092,1.9090909090909092,0.21313181818181814,-0.30404090909090914,21.313181818181814,-30.404090909090915,over,0.63545,0.21313181818181814,21.313181818181814,over,20000
player_reception_yds,Rome Odunze,rome odunze,WR,32.5,-110.0,-110,2024,8,46.5,1.5,False,True,WR,44.59,CHI,30-40,222,39.810810810810814,35.42174131599695,1254.699757857405,12.090000000000003,0.63535,0.36465,0.0,-174.2355683532154,174.23556835321546,1.9090909090909092,1.9090909090909092,0.21294090909090913,-0.30385000000000006,21.29409090909091,-30.385000000000005,over,0.63535,0.21294090909090913,21.29409090909091,over,20000
player_reception_yds,Calvin Austin III,calvin austin,WR,15.5,-110.0,-110,2024,7,40.0,3.0,False,True,WR,23.75,NYG,<20,194,20.84536082474227,23.784379500884214,565.6967082420812,8.25,0.6353,0.3647,0.0,-174.19797093501506,174.19797093501506,1.9090909090909092,1.9090909090909092,0.21284545454545456,-0.3037545454545454,21.284545454545455,-30.375454545454538,over,0.6353,0.21284545454545456,21.284545454545455,over,20000
player_reception_yds,Ladd McConkey,ladd mcconkey,WR,38.5,-110.0,-110,2024,3,36.0,3.0,False,True,WR,51.12,LAC,30-40,222,39.810810810810814,35.42174131599695,1254.699757857405,12.619999999999997,0.6353,0.3647,0.0,-174.19797093501506,174.19797093501506,1.9090909090909092,1.9090909090909092,0.21284545454545456,-0.3037545454545454,21.284545454545455,-30.375454545454538,over,0.6353,0.21284545454545456,21.284545454545455,over,20000
player_reception_yds,Mark Andrews,mark andrews,TE,37.5,-110.0,-110,2024,3,47.5,-1.5,True,False,TE,50.3,BAL,30-40,83,44.18072289156626,36.40127601114409,1325.0528952394943,12.799999999999997,0.6352,0.3648,0.0,-174.12280701754383,174.12280701754383,1.9090909090909092,1.9090909090909092,0.21265454545454543,-0.3035636363636363,21.265454545454542,-30.356363636363632,over,0.6352,0.21265454545454543,21.265454545454542,over,20000
player_reception_yds,Jerry Jeudy,jerry jeudy,WR,38.5,-110.0,-110,2024,1,42.0,-2.5,True,False,WR,50.32,CLE,30-40,222,39.810810810810814,35.42174131599695,1254.699757857405,11.82,0.63505,0.36495,0.0,-174.01013837511988,174.01013837511988,1.9090909090909092,1.9090909090909092,0.21236818181818184,-0.30327727272727273,21.236818181818183,-30.327727272727273,over,0.63505,0.21236818181818184,21.236818181818183,over,20000
player_reception_yds,Tucker Kraft,tucker kraft,TE,18.5,-110.0,-110,2024,2,41.5,3.0,False,True,TE,26.35,GB,<20,149,20.28187919463087,23.469612040364684,550.822689325231,7.850000000000001,0.6347,0.3653,0.0,-173.74760470845882,173.74760470845882,1.9090909090909092,1.9090909090909092,0.2117000000000001,-0.3026090909090909,21.170000000000012,-30.260909090909088,over,0.6347,0.2117000000000001,21.170000000000012,over,20000
player_reception_yds,Brandon Aiyuk,brandon aiyuk,WR,49.5,-110.0,-110,2024,1,43.0,-3.5,True,False,WR,63.38,SF,40-50,197,52.34517766497462,39.519382558680384,1561.7815978193314,13.880000000000003,0.63455,0.36545,0.0,-173.63524421945544,173.63524421945547,1.9090909090909092,1.9090909090909092,0.2114136363636363,-0.3023227272727272,21.14136363636363,-30.23227272727272,over,0.63455,0.2114136363636363,21.14136363636363,over,20000
player_reception_yds,Luke McCaffrey,luke mccaffrey,WR,19.5,-110.0,-110,2024,4,49.0,3.5,False,True,WR,27.47,WAS,<20,194,20.84536082474227,23.784379500884214,565.6967082420812,7.969999999999999,0.6344,0.3656,0.0,-173.5229759299781,173.52297592997814,1.9090909090909092,1.9090909090909092,0.21112727272727272,-0.3020363636363637,21.112727272727273,-30.20363636363637,over,0.6344,0.21112727272727272,21.112727272727273,over,20000
player_reception_yds,Pat Freiermuth,pat freiermuth,TE,23.5,-110.0,-110,2024,2,36.5,-3.0,True,False,TE,32.9,PIT,20-30,155,32.535483870967745,27.73479503577737,769.218855676581,9.399999999999999,0.6339,0.3661,0.0,-173.14941272876266,173.14941272876266,1.9090909090909092,1.9090909090909092,0.2101727272727274,-0.3010818181818182,21.01727272727274,-30.108181818181816,over,0.6339,0.2101727272727274,21.01727272727274,over,20000
player_reception_yds,Jonathan Mingo,jonathan mingo,WR,29.5,-110.0,-110,2024,4,47.0,4.5,False,True,WR,40.93,DAL,20-30,224,33.88392857142857,33.6177959681703,1130.1562057575272,11.43,0.63365,0.36635,0.0,-172.9630135116692,172.96301351166917,1.9090909090909092,1.9090909090909092,0.20969545454545468,-0.30060454545454546,20.969545454545468,-30.060454545454547,over,0.63365,0.20969545454545468,20.969545454545468,over,20000
player_reception_yds,Breece Hall,breece hall,RB,19.5,-105.0,-115,2024,16,47.0,3.0,False,True,RB,25.23,NYJ,<20,432,17.046296296296298,19.125546894078457,365.78654399759415,5.73,0.6194,0.3806,0.0,-162.74303730951127,162.7430373095113,1.9523809523809523,1.8695652173913042,0.20930476190476177,-0.2884434782608696,20.930476190476178,-28.84434782608696,over,0.6194,0.20930476190476177,20.930476190476178,over,20000
player_reception_yds,Zach Ertz,zach ertz,TE,27.5,-122.0,100,2024,12,45.0,-10.5,True,False,TE,39.28,FA,20-30,155,32.535483870967745,27.73479503577737,769.218855676581,11.780000000000001,0.66455,0.33545,0.0,-198.10702042033088,198.10702042033088,1.819672131147541,2.0,0.2092631147540983,-0.32909999999999995,20.926311475409832,-32.91,over,0.66455,0.2092631147540983,20.926311475409832,over,20000
player_reception_yds,Jordan Addison,jordan addison,WR,38.5,-110.0,-110,2024,4,44.0,2.5,False,True,WR,50.71,MIN,30-40,222,39.810810810810814,35.42174131599695,1254.699757857405,12.21,0.6331,0.3669,0.0,-172.55382938130282,172.55382938130282,1.9090909090909092,1.9090909090909092,0.20864545454545458,-0.2995545454545454,20.864545454545457,-29.95545454545454,over,0.6331,0.20864545454545458,20.864545454545457,over,20000
player_reception_yds,Dallas Goedert,dallas goedert,TE,41.5,-110.0,-110,2024,2,46.5,-5.5,True,False,TE,52.22,PHI,40-50,77,42.8051948051948,30.604649640714655,936.6445796308957,10.719999999999999,0.633,0.367,0.0,-172.47956403269754,172.47956403269754,1.9090909090909092,1.9090909090909092,0.20845454545454556,-0.29936363636363633,20.845454545454555,-29.936363636363634,over,0.633,0.20845454545454556,20.845454545454555,over,20000
player_reception_yds,Davis Allen,davis allen,,19.5,-110.0,-110,2024,11,42.5,,False,False,TE,27.52,LAR,<20,149,20.28187919463087,23.469612040364684,550.822689325231,8.02,0.6329,0.3671,0.0,-172.40533914464723,172.40533914464723,1.9090909090909092,1.9090909090909092,0.20826363636363643,-0.29917272727272726,20.82636363636364,-29.917272727272724,over,0.6329,0.20826363636363643,20.82636363636364,over,20000
player_reception_yds,Kyle Pitts,kyle pitts,TE,26.5,-110.0,-110,2024,16,42.5,-9.5,True,False,TE,35.32,ATL,20-30,155,32.535483870967745,27.73479503577737,769.218855676581,8.82,0.6329,0.3671,0.0,-172.40533914464723,172.40533914464723,1.9090909090909092,1.9090909090909092,0.20826363636363643,-0.29917272727272726,20.82636363636364,-29.917272727272724,over,0.6329,0.20826363636363643,20.82636363636364,over,20000
player_reception_yds,Sterling Shepard,sterling shepard,WR,17.5,-110.0,-110,2024,12,40.5,-6.5,True,False,WR,25.61,FA,<20,194,20.84536082474227,23.784379500884214,565.6967082420812,8.11,0.63285,0.36715,0.0,-172.3682418629988,172.3682418629988,1.9090909090909092,1.9090909090909092,0.20816818181818186,-0.29907727272727275,20.816818181818185,-29.907727272727275,over,0.63285,0.20816818181818186,20.816818181818185,over,20000
player_reception_yds,Jalin Hyatt,jalin hyatt,,22.5,-110.0,-110,2024,5,42.5,,False,False,WR,34.1,NYG,20-30,224,33.88392857142857,33.6177959681703,1130.1562057575272,11.600000000000001,0.6324,0.3676,0.0,-172.03482045701847,172.03482045701853,1.9090909090909092,1.9090909090909092,0.2073090909090909,-0.2982181818181819,20.730909090909087,-29.821818181818188,over,0.6324,0.2073090909090909,20.730909090909087,over,20000
player_reception_yds,Kendrick Bourne,kendrick bourne,WR,22.5,-110.0,-110,2024,15,46.5,6.0,False,True,WR,33.91,ARI,20-30,224,33.88392857142857,33.6177959681703,1130.1562057575272,11.409999999999997,0.63215,0.36785,0.0,-171.84993883376376,171.84993883376376,1.9090909090909092,1.9090909090909092,0.20683181818181817,-0.29774090909090906,20.68318181818182,-29.774090909090905,over,0.63215,0.20683181818181817,20.68318181818182,over,20000
player_reception_yds,Tyler Conklin,tyler conklin,TE,25.5,-110.0,-110,2024,6,42.0,1.0,False,True,TE,35.15,DET,20-30,155,32.535483870967745,27.73479503577737,769.218855676581,9.649999999999999,0.6319,0.3681,0.0,-171.665308340125,171.665308340125,1.9090909090909092,1.9090909090909092,0.20635454545454557,-0.29726363636363634,20.635454545454557,-29.726363636363633,over,0.6319,0.20635454545454557,20.635454545454557,over,20000
player_reception_yds,Courtland Sutton,courtland sutton,WR,44.5,-110.0,-110,2024,10,42.5,7.5,False,True,WR,57.7,DEN,40-50,197,52.34517766497462,39.519382558680384,1561.7815978193314,13.200000000000003,0.63185,0.36815,0.0,-171.62841233192992,171.62841233192992,1.9090909090909092,1.9090909090909092,0.206259090909091,-0.29716818181818183,20.6259090909091,-29.716818181818184,over,0.63185,0.206259090909091,20.6259090909091,over,20000
player_reception_yds,Cole Kmet,cole kmet,TE,27.5,-110.0,-110,2024,4,40.0,-3.0,True,False,TE,36.71,CHI,20-30,155,32.535483870967745,27.73479503577737,769.218855676581,9.21,0.63175,0.36825,0.0,-171.55465037338766,171.55465037338766,1.9090909090909092,1.9090909090909092,0.20606818181818198,-0.2969772727272727,20.6068181818182,-29.69772727272727,over,0.63175,0.20606818181818198,20.6068181818182,over,20000
player_reception_yds,Travis Kelce,travis kelce,TE,49.5,-110.0,-110,2024,2,47.5,-6.5,True,False,TE,59.41,KC,40-50,77,42.8051948051948,30.604649640714655,936.6445796308957,9.909999999999997,0.6315,0.3685,0.0,-171.37042062415193,171.37042062415193,1.9090909090909092,1.9090909090909092,0.20559090909090905,-0.29649999999999993,20.559090909090905,-29.64999999999999,over,0.6315,0.20559090909090905,20.559090909090905,over,20000
player_reception_yds,Van Jefferson,van jefferson,,15.5,-110.0,-110,2024,3,36.0,,False,False,WR,23.5,WAS,<20,194,20.84536082474227,23.784379500884214,565.6967082420812,8.0,0.6315,0.3685,0.0,-171.37042062415193,171.37042062415193,1.9090909090909092,1.9090909090909092,0.20559090909090905,-0.29649999999999993,20.559090909090905,-29.64999999999999,over,0.6315,0.20559090909090905,20.559090909090905,over,20000
player_reception_yds,Gerald Everett,gerald everett,TE,15.5,-110.0,-110,2024,2,45.5,6.0,False,True,TE,23.28,FA,<20,149,20.28187919463087,23.469612040364684,550.822689325231,7.780000000000001,0.63145,0.36855,0.0,-171.33360466693796,171.33360466693804,1.9090909090909092,1.9090909090909092,0.20549545454545448,-0.2964045454545455,20.54954545454545,-29.64045454545455,over,0.63145,0.20549545454545448,20.54954545454545,over,20000
player_reception_yds,Josh Reynolds,josh reynolds,WR,23.5,-110.0,-110,2024,4,39.5,7.5,False,True,WR,34.68,FA,20-30,224,33.88392857142857,33.6177959681703,1130.1562057575272,11.18,0.6311,0.3689,0.0,-171.07617240444566,171.07617240444566,1.9090909090909092,1.9090909090909092,0.20482727272727275,-0.2957363636363636,20.482727272727274,-29.573636363636357,over,0.6311,0.20482727272727275,20.482727272727274,over,20000
player_reception_yds,Saquon Barkley,saquon barkley,RB,16.5,-110.0,-110,2024,14,44.5,-14.0,True,False,RB,22.84,PHI,<20,432,17.046296296296298,19.125546894078457,365.78654399759415,6.34,0.6305,0.3695,0.0,-170.63599458728007,170.63599458728012,1.9090909090909092,1.9090909090909092,0.20368181818181819,-0.2945909090909091,20.368181818181817,-29.45909090909091,over,0.6305,0.20368181818181819,20.368181818181817,over,20000
player_reception_yds,DeMario Douglas,demario douglas,WR,36.5,-110.0,-110,2024,1,40.5,8.0,False,True,WR,48.29,NE,30-40,222,39.810810810810814,35.42174131599695,1254.699757857405,11.79,0.63045,0.36955,0.0,-170.59937762143144,170.59937762143147,1.9090909090909092,1.9090909090909092,0.20358636363636362,-0.2944954545454545,20.35863636363636,-29.44954545454545,over,0.63045,0.20358636363636362,20.35863636363636,over,20000
player_reception_yds,Calvin Ridley,calvin ridley,WR,42.5,-110.0,-110,2024,4,37.0,2.5,False,True,WR,55.5,TEN,40-50,197,52.34517766497462,39.519382558680384,1561.7815978193314,13.0,0.6302,0.3698,0.0,-170.4164413196322,170.4164413196322,1.9090909090909092,1.9090909090909092,0.2031090909090909,-0.29401818181818173,20.310909090909092,-29.40181818181817,over,0.6302,0.2031090909090909,20.310909090909092,over,20000
player_reception_yds,Alvin Kamara,alvin kamara,RB,38.5,-110.0,-110,2024,11,44.0,1.0,False,True,RB,45.53,NO,30-40,24,36.0,21.178703511203796,448.537482415476,7.030000000000001,0.6302,0.3698,0.0,-170.4164413196322,170.4164413196322,1.9090909090909092,1.9090909090909092,0.2031090909090909,-0.29401818181818173,20.310909090909092,-29.40181818181817,over,0.6302,0.2031090909090909,20.310909090909092,over,20000
player_reception_yds,Ja'Lynn Polk,jalynn polk,WR,26.5,-110.0,-110,2024,6,38.5,6.5,False,True,WR,37.69,NO,20-30,224,33.88392857142857,33.6177959681703,1130.1562057575272,11.189999999999998,0.629,0.371,0.0,-169.54177897574124,169.54177897574124,1.9090909090909092,1.9090909090909092,0.2008181818181819,-0.2917272727272727,20.08181818181819,-29.172727272727272,over,0.629,0.2008181818181819,20.08181818181819,over,20000
player_reception_yds,Calvin Austin III,calvin austin,WR,15.5,-110.0,-110,2024,4,40.0,-2.5,True,False,WR,23.16,NYG,<20,194,20.84536082474227,23.784379500884214,565.6967082420812,7.66,0.62855,0.37145,0.0,-169.2152375824472,169.21523758244714,1.9090909090909092,1.9090909090909092,0.19995909090909103,-0.29086818181818175,19.9959090909091,-29.086818181818174,over,0.62855,0.19995909090909103,19.9959090909091,over,20000
player_reception_yds,Darius Slayton,darius slayton,WR,28.5,-110.0,-110,2024,12,40.5,6.5,False,True,WR,38.96,NYG,20-30,224,33.88392857142857,33.6177959681703,1130.1562057575272,10.46,0.62845,0.37155,0.0,-169.14278024491992,169.14278024491992,1.9090909090909092,1.9090909090909092,0.1997681818181818,-0.2906772727272727,19.976818181818178,-29.067727272727268,over,0.62845,0.1997681818181818,19.976818181818178,over,20000
player_reception_yds,Tyreek Hill,tyreek hill,WR,51.5,-110.0,-110,2024,4,37.0,-2.5,True,False,WR,66.24,FA,50-60,175,60.77142857142857,45.23883799407526,2046.5524630541875,14.739999999999995,0.6283,0.3717,0.0,-169.03416733925206,169.03416733925212,1.9090909090909092,1.9090909090909092,0.1994818181818182,-0.29039090909090914,19.94818181818182,-29.039090909090916,over,0.6283,0.1994818181818182,19.94818181818182,over,20000
player_reception_yds,Luke McCaffrey,luke mccaffrey,WR,18.5,-110.0,-110,2024,5,44.0,-3.0,True,False,WR,26.08,WAS,<20,194,20.84536082474227,23.784379500884214,565.6967082420812,7.579999999999998,0.62815,0.37185,0.0,-168.92564205997041,168.92564205997041,1.9090909090909092,1.9090909090909092,0.19919545454545462,-0.2901045454545454,19.919545454545464,-29.01045454545454,over,0.62815,0.19919545454545462,19.919545454545464,over,20000
player_reception_yds,Jonathan Mingo,jonathan mingo,WR,16.5,-110.0,-110,2024,2,39.0,5.0,False,True,WR,24.19,DAL,<20,194,20.84536082474227,23.784379500884214,565.6967082420812,7.690000000000001,0.62775,0.37225,0.0,-168.6366689053056,168.63666890530558,1.9090909090909092,1.9090909090909092,0.19843181818181832,-0.2893409090909091,19.843181818181833,-28.93409090909091,over,0.62775,0.19843181818181832,19.843181818181833,over,20000
player_reception_yds,Cole Kmet,cole kmet,TE,22.5,-110.0,-110,2024,1,43.0,-4.0,True,False,TE,31.36,CHI,20-30,155,32.535483870967745,27.73479503577737,769.218855676581,8.86,0.62705,0.37295,0.0,-168.13245743397238,168.13245743397238,1.9090909090909092,1.9090909090909092,0.19709545454545463,-0.2880045454545454,19.709545454545463,-28.80045454545454,over,0.62705,0.19709545454545463,19.709545454545463,over,20000
player_reception_yds,George Pickens,george pickens,WR,50.5,-110.0,-110,2024,2,36.5,-3.0,True,False,WR,64.77,DAL,50-60,175,60.77142857142857,45.23883799407526,2046.5524630541875,14.269999999999996,0.62705,0.37295,0.0,-168.13245743397238,168.13245743397238,1.9090909090909092,1.9090909090909092,0.19709545454545463,-0.2880045454545454,19.709545454545463,-28.80045454545454,over,0.62705,0.19709545454545463,19.709545454545463,over,20000
player_reception_yds,Wan'Dale Robinson,wandale robinson,WR,28.5,-110.0,-110,2024,3,38.0,6.5,False,True,WR,39.66,TEN,20-30,224,33.88392857142857,33.6177959681703,1130.1562057575272,11.159999999999997,0.627,0.373,0.0,-168.09651474530833,168.09651474530833,1.9090909090909092,1.9090909090909092,0.19700000000000006,-0.2879090909090909,19.700000000000006,-28.79090909090909,over,0.627,0.19700000000000006,19.700000000000006,over,20000
player_reception_yds,Mike Williams,mike williams,WR,27.5,-110.0,-110,2024,3,39.0,-6.5,True,False,WR,37.66,FA,20-30,224,33.88392857142857,33.6177959681703,1130.1562057575272,10.159999999999997,0.6269,0.3731,0.0,-168.0246582685607,168.0246582685607,1.9090909090909092,1.9090909090909092,0.19680909090909093,-0.2877181818181818,19.680909090909093,-28.771818181818183,over,0.6269,0.19680909090909093,19.680909090909093,over,20000
player_reception_yds,Davante Adams,davante adams,WR,63.5,-110.0,-110,2024,17,44.5,10.0,False,True,WR,77.35,LAR,60+,244,72.20491803278688,43.97076702840401,1933.4283530661814,13.849999999999994,0.62675,0.37325,0.0,-167.9169457468185,167.91694574681844,1.9090909090909092,1.9090909090909092,0.19652272727272735,-0.28743181818181807,19.652272727272734,-28.743181818181807,over,0.62675,0.19652272727272735,19.652272727272734,over,20000
player_reception_yds,Dontayvion Wicks,dontayvion wicks,WR,16.5,-110.0,-110,2024,12,44.5,-6.5,True,False,WR,24.42,PHI,<20,194,20.84536082474227,23.784379500884214,565.6967082420812,7.920000000000002,0.62675,0.37325,0.0,-167.9169457468185,167.91694574681844,1.9090909090909092,1.9090909090909092,0.19652272727272735,-0.28743181818181807,19.652272727272734,-28.743181818181807,over,0.62675,0.19652272727272735,19.652272727272734,over,20000
player_reception_yds,Quentin Johnston,quentin johnston,WR,23.5,-110.0,-110,2024,1,41.0,-3.0,True,False,WR,34.15,LAC,20-30,224,33.88392857142857,33.6177959681703,1130.1562057575272,10.649999999999999,0.6267,0.3733,0.0,-167.88106080900081,167.8810608090008,1.9090909090909092,1.9090909090909092,0.1964272727272729,-0.2873363636363636,19.64272727272729,-28.73363636363636,over,0.6267,0.1964272727272729,19.64272727272729,over,20000
player_reception_yds,Jahmyr Gibbs,jahmyr gibbs,RB,18.5,-110.0,-110,2024,11,47.5,-14.0,True,False,RB,24.64,DET,<20,432,17.046296296296298,19.125546894078457,365.78654399759415,6.140000000000001,0.6266,0.3734,0.0,-167.80931976432782,167.8093197643278,1.9090909090909092,1.9090909090909092,0.19623636363636376,-0.28714545454545454,19.623636363636376,-28.714545454545455,over,0.6266,0.19623636363636376,19.623636363636376,over,20000
player_reception_yds,Troy Franklin,troy franklin,WR,16.5,-110.0,-110,2024,13,41.5,-6.5,True,False,WR,24.37,DEN,<20,194,20.84536082474227,23.784379500884214,565.6967082420812,7.870000000000001,0.6263,0.3737,0.0,-167.59432700026755,167.59432700026764,1.9090909090909092,1.9090909090909092,0.19566363636363637,-0.28657272727272737,19.566363636363636,-28.657272727272737,over,0.6263,0.19566363636363637,19.566363636363636,over,20000
player_reception_yds,Jauan Jennings,jauan jennings,WR,23.5,-110.0,-110,2024,2,46.5,-4.5,True,False,WR,34.05,MIN,20-30,224,33.88392857142857,33.6177959681703,1130.1562057575272,10.549999999999997,0.6262,0.3738,0.0,-167.52273943285178,167.52273943285178,1.9090909090909092,1.9090909090909092,0.19547272727272724,-0.2863818181818181,19.547272727272723,-28.638181818181813,over,0.6262,0.19547272727272724,19.547272727272723,over,20000
player_reception_yds,DK Metcalf,dk metcalf,WR,56.5,-110.0,-110,2024,13,41.5,1.0,False,True,WR,70.75,PIT,50-60,175,60.77142857142857,45.23883799407526,2046.5524630541875,14.25,0.6259,0.3741,0.0,-167.30820636193533,167.30820636193533,1.9090909090909092,1.9090909090909092,0.19490000000000007,-0.2858090909090909,19.49000000000001,-28.58090909090909,over,0.6259,0.19490000000000007,19.49000000000001,over,20000
player_reception_yds,Jaxon Smith-Njigba,jaxon smith-njigba,WR,39.5,-110.0,-110,2024,2,39.0,-3.5,True,False,WR,50.71,SEA,30-40,222,39.810810810810814,35.42174131599695,1254.699757857405,11.21,0.62585,0.37415,0.0,-167.27248429774156,167.27248429774156,1.9090909090909092,1.9090909090909092,0.1948045454545455,-0.2857136363636364,19.48045454545455,-28.57136363636364,over,0.62585,0.1948045454545455,19.48045454545455,over,20000
player_reception_yds,Mike Evans,mike evans,WR,54.5,-110.0,-110,2024,12,40.5,-6.5,True,False,WR,68.86,SF,50-60,175,60.77142857142857,45.23883799407526,2046.5524630541875,14.36,0.6257,0.3743,0.0,-167.1653753673524,167.16537536735237,1.9090909090909092,1.9090909090909092,0.19451818181818192,-0.2854272727272726,19.451818181818194,-28.54272727272726,over,0.6257,0.19451818181818192,19.451818181818194,over,20000
player_reception_yds,DK Metcalf,dk metcalf,WR,59.5,-110.0,-110,2024,11,49.0,6.0,False,True,WR,73.55,PIT,50-60,175,60.77142857142857,45.23883799407526,2046.5524630541875,14.049999999999997,0.6252,0.3748,0.0,-166.80896478121662,166.80896478121662,1.9090909090909092,1.9090909090909092,0.19356363636363638,-0.2844727272727272,19.35636363636364,-28.447272727272722,over,0.6252,0.19356363636363638,19.35636363636364,over,20000
player_reception_yds,Jahan Dotson,jahan dotson,WR,21.5,-110.0,-110,2024,3,49.0,2.5,False,True,WR,32.02,ATL,20-30,224,33.88392857142857,33.6177959681703,1130.1562057575272,10.520000000000003,0.62505,0.37495,0.0,-166.70222696359514,166.70222696359514,1.9090909090909092,1.9090909090909092,0.1932772727272728,-0.28418636363636357,19.32772727272728,-28.418636363636356,over,0.62505,0.1932772727272728,19.32772727272728,over,20000
player_reception_yds,Dalton Schultz,dalton schultz,TE,26.5,-110.0,-110,2024,2,45.5,-6.0,True,False,TE,35.22,HOU,20-30,155,32.535483870967745,27.73479503577737,769.218855676581,8.719999999999999,0.62485,0.37515,0.0,-166.56004264960683,166.56004264960683,1.9090909090909092,1.9090909090909092,0.19289545454545465,-0.2838045454545455,19.289545454545465,-28.380454545454548,over,0.62485,0.19289545454545465,19.289545454545465,over,20000
player_reception_yds,Van Jefferson,van jefferson,WR,17.5,-110.0,-110,2024,1,43.0,4.0,False,True,WR,24.87,WAS,<20,194,20.84536082474227,23.784379500884214,565.6967082420812,7.370000000000001,0.62455,0.37545,0.0,-166.347050206419,166.34705020641894,1.9090909090909092,1.9090909090909092,0.19232272727272737,-0.2832318181818181,19.232272727272736,-28.32318181818181,over,0.62455,0.19232272727272737,19.232272727272736,over,20000
player_reception_yds,Noah Fant,noah fant,TE,20.5,-110.0,-110,2024,5,42.5,-7.0,True,False,TE,28.81,NO,20-30,155,32.535483870967745,27.73479503577737,769.218855676581,8.309999999999999,0.62455,0.37545,0.0,-166.347050206419,166.34705020641894,1.9090909090909092,1.9090909090909092,0.19232272727272737,-0.2832318181818181,19.232272727272736,-28.32318181818181,over,0.62455,0.19232272727272737,19.232272727272736,over,20000
player_reception_yds,Courtland Sutton,courtland sutton,WR,42.5,-110.0,-110,2024,2,36.5,3.0,False,True,WR,54.53,DEN,40-50,197,52.34517766497462,39.519382558680384,1561.7815978193314,12.030000000000001,0.6243,0.3757,0.0,-166.16981634282672,166.16981634282675,1.9090909090909092,1.9090909090909092,0.19184545454545454,-0.28275454545454554,19.184545454545454,-28.275454545454554,over,0.6243,0.19184545454545454,19.184545454545454,over,20000
player_reception_yds,Calvin Austin III,calvin austin,WR,18.5,-110.0,-110,2024,8,37.5,-6.0,True,False,WR,25.83,NYG,<20,194,20.84536082474227,23.784379500884214,565.6967082420812,7.329999999999998,0.6242,0.3758,0.0,-166.09898882384243,166.09898882384243,1.9090909090909092,1.9090909090909092,0.1916545454545454,-0.2825636363636363,19.16545454545454,-28.25636363636363,over,0.6242,0.1916545454545454,19.16545454545454,over,20000
player_reception_yds,Rachaad White,rachaad white,RB,19.5,-110.0,-110,2024,3,40.5,-6.0,True,False,RB,25.49,WAS,<20,432,17.046296296296298,19.125546894078457,365.78654399759415,5.989999999999998,0.62405,0.37595,0.0,-165.99281819390876,165.99281819390876,1.9090909090909092,1.9090909090909092,0.19136818181818183,-0.2822772727272727,19.13681818181818,-28.22772727272727,over,0.62405,0.19136818181818183,19.13681818181818,over,20000
player_reception_yds,Wan'Dale Robinson,wandale robinson,WR,34.5,-110.0,-110,2024,13,39.0,4.5,False,True,WR,45.33,TEN,30-40,222,39.810810810810814,35.42174131599695,1254.699757857405,10.829999999999998,0.62395,0.37605,0.0,-165.92208482914506,165.92208482914506,1.9090909090909092,1.9090909090909092,0.1911772727272728,-0.28208636363636364,19.11772727272728,-28.208636363636362,over,0.62395,0.1911772727272728,19.11772727272728,over,20000
player_reception_yds,Tre Tucker,tre tucker,WR,24.5,-110.0,-110,2024,15,44.5,6.5,False,True,WR,35.04,LV,20-30,224,33.88392857142857,33.6177959681703,1130.1562057575272,10.54,0.6238,0.3762,0.0,-165.81605528973952,165.81605528973952,1.9090909090909092,1.9090909090909092,0.19089090909090922,-0.2818,19.08909090909092,-28.18,over,0.6238,0.19089090909090922,19.08909090909092,over,20000
player_reception_yds,Michael Pittman Jr.,michael pittman,WR,45.5,-110.0,-110,2024,3,43.0,-1.5,True,False,WR,58.44,PIT,40-50,197,52.34517766497462,39.519382558680384,1561.7815978193314,12.939999999999998,0.6237,0.3763,0.0,-165.7454158915759,165.74541589157585,1.9090909090909092,1.9090909090909092,0.1907000000000001,-0.28160909090909075,19.070000000000007,-28.160909090909076,over,0.6237,0.1907000000000001,19.070000000000007,over,20000
player_reception_yds,Khalil Shakir,khalil shakir,WR,46.5,-110.0,-110,2024,17,44.5,-10.0,True,False,WR,58.58,BUF,40-50,197,52.34517766497462,39.519382558680384,1561.7815978193314,12.079999999999998,0.62295,0.37705,0.0,-165.2168147460549,165.2168147460549,1.9090909090909092,1.9090909090909092,0.18926818181818184,-0.2801772727272727,18.926818181818184,-28.01772727272727,over,0.62295,0.18926818181818184,18.926818181818184,over,20000
player_reception_yds,Jordan Addison,jordan addison,WR,37.5,-110.0,-110,2024,5,42.0,-2.5,True,False,WR,49.03,MIN,30-40,222,39.810810810810814,35.42174131599695,1254.699757857405,11.530000000000001,0.62265,0.37735,0.0,-165.0059626341593,165.00596263415923,1.9090909090909092,1.9090909090909092,0.18869545454545467,-0.27960454545454533,18.869545454545467,-27.96045454545453,over,0.62265,0.18869545454545467,18.869545454545467,over,20000
player_reception_yds,Keon Coleman,keon coleman,WR,39.5,-110.0,-110,2024,5,48.0,1.0,False,True,WR,50.46,BUF,30-40,222,39.810810810810814,35.42174131599695,1254.699757857405,10.96,0.62225,0.37775,0.0,-164.7253474520185,164.72534745201853,1.9090909090909092,1.9090909090909092,0.18793181818181814,-0.27884090909090903,18.793181818181814,-27.884090909090904,over,0.62225,0.18793181818181814,18.793181818181814,over,20000
player_reception_yds,Dalton Schultz,dalton schultz,TE,27.5,-110.0,-110,2024,11,41.5,-7.5,True,False,TE,36.09,HOU,20-30,155,32.535483870967745,27.73479503577737,769.218855676581,8.590000000000003,0.62175,0.37825,0.0,-164.37541308658297,164.37541308658297,1.9090909090909092,1.9090909090909092,0.18697727272727283,-0.27788636363636365,18.69772727272728,-27.788636363636364,over,0.62175,0.18697727272727283,18.69772727272728,over,20000
player_reception_yds,Xavier Worthy,xavier worthy,WR,37.5,-110.0,-110,2024,3,46.0,-3.0,True,False,WR,48.56,KC,30-40,222,39.810810810810814,35.42174131599695,1254.699757857405,11.060000000000002,0.62115,0.37885,0.0,-163.95671109937967,163.95671109937967,1.9090909090909092,1.9090909090909092,0.18583181818181815,-0.27674090909090904,18.583181818181814,-27.674090909090904,over,0.62115,0.18583181818181815,18.583181818181814,over,20000
player_reception_yds,Ladd McConkey,ladd mcconkey,WR,39.5,-110.0,-110,2024,4,41.5,7.5,False,True,WR,50.36,LAC,30-40,222,39.810810810810814,35.42174131599695,1254.699757857405,10.86,0.6208,0.3792,0.0,-163.71308016877637,163.71308016877637,1.9090909090909092,1.9090909090909092,0.18516363636363642,-0.2760727272727273,18.516363636363643,-27.60727272727273,over,0.6208,0.18516363636363642,18.516363636363643,over,20000
player_reception_yds,Austin Ekeler,austin ekeler,RB,17.5,-110.0,-110,2024,2,42.5,-1.5,True,False,RB,23.67,FA,<20,432,17.046296296296298,19.125546894078457,365.78654399759415,6.170000000000002,0.6208,0.3792,0.0,-163.71308016877637,163.71308016877637,1.9090909090909092,1.9090909090909092,0.18516363636363642,-0.2760727272727273,18.516363636363643,-27.60727272727273,over,0.6208,0.18516363636363642,18.516363636363643,over,20000
player_reception_yds,Jordan Addison,jordan addison,WR,35.5,-110.0,-110,2024,12,39.5,-3.0,True,False,WR,46.97,MIN,30-40,222,39.810810810810814,35.42174131599695,1254.699757857405,11.469999999999999,0.62065,0.37935,0.0,-163.60880453407145,163.6088045340714,1.9090909090909092,1.9090909090909092,0.18487727272727283,-0.2757863636363635,18.487727272727284,-27.57863636363635,over,0.62065,0.18487727272727283,18.487727272727284,over,20000
player_reception_yds,Demarcus Robinson,demarcus robinson,WR,23.5,-110.0,-110,2024,14,49.5,3.5,False,True,WR,33.56,SF,20-30,224,33.88392857142857,33.6177959681703,1130.1562057575272,10.060000000000002,0.62065,0.37935,0.0,-163.60880453407145,163.6088045340714,1.9090909090909092,1.9090909090909092,0.18487727272727283,-0.2757863636363635,18.487727272727284,-27.57863636363635,over,0.62065,0.18487727272727283,18.487727272727284,over,20000
player_reception_yds,DeAndre Hopkins,deandre hopkins,WR,48.5,-110.0,-110,2024,11,46.5,2.5,False,True,WR,60.03,BAL,40-50,197,52.34517766497462,39.519382558680384,1561.7815978193314,11.530000000000001,0.6206,0.3794,0.0,-163.57406431207173,163.5740643120717,1.9090909090909092,1.9090909090909092,0.18478181818181827,-0.2756909090909091,18.478181818181827,-27.56909090909091,over,0.6206,0.18478181818181827,18.478181818181827,over,20000
player_reception_yds,Kendrick Bourne,kendrick bourne,WR,19.5,-110.0,-110,2024,5,37.0,2.0,False,True,WR,26.66,ARI,<20,194,20.84536082474227,23.784379500884214,565.6967082420812,7.16,0.6205,0.3795,0.0,-163.5046113306983,163.5046113306983,1.9090909090909092,1.9090909090909092,0.18459090909090925,-0.2755,18.459090909090925,-27.55,over,0.6205,0.18459090909090925,18.459090909090925,over,20000
player_reception_yds,Tyler Johnson,tyler johnson,WR,36.5,-110.0,-110,2024,3,44.5,6.0,False,True,WR,47.23,DAL,30-40,222,39.810810810810814,35.42174131599695,1254.699757857405,10.729999999999997,0.62045,0.37955,0.0,-163.46989856408902,163.46989856408905,1.9090909090909092,1.9090909090909092,0.18449545454545446,-0.27540454545454535,18.449545454545447,-27.540454545454534,over,0.62045,0.18449545454545446,18.449545454545447,over,20000
player_reception_yds,Curtis Samuel,curtis samuel,WR,18.5,-110.0,-110,2024,4,46.5,2.5,False,True,WR,26.05,FA,<20,194,20.84536082474227,23.784379500884214,565.6967082420812,7.550000000000001,0.62025,0.37975,0.0,-163.33113890717576,163.33113890717578,1.9090909090909092,1.9090909090909092,0.1841136363636363,-0.27502272727272725,18.41136363636363,-27.502272727272725,over,0.62025,0.1841136363636363,18.41136363636363,over,20000
player_reception_yds,Ladd McConkey,ladd mcconkey,WR,41.5,-110.0,-110,2024,2,39.0,-5.0,True,False,WR,53.46,LAC,40-50,197,52.34517766497462,39.519382558680384,1561.7815978193314,11.96,0.62015,0.37985,0.0,-163.26181387389758,163.26181387389758,1.9090909090909092,1.9090909090909092,0.1839227272727273,-0.2748318181818181,18.39227272727273,-27.483181818181812,over,0.62015,0.1839227272727273,18.39227272727273,over,20000
player_reception_yds,Pat Freiermuth,pat freiermuth,TE,27.5,-110.0,-110,2024,8,37.5,-6.0,True,False,TE,35.94,PIT,20-30,155,32.535483870967745,27.73479503577737,769.218855676581,8.439999999999998,0.61975,0.38025,0.0,-162.98487836949377,162.98487836949377,1.9090909090909092,1.9090909090909092,0.183159090909091,-0.2740681818181818,18.3159090909091,-27.40681818181818,over,0.61975,0.183159090909091,18.3159090909091,over,20000
player_reception_yds,Terry McLaurin,terry mclaurin,WR,46.5,-110.0,-110,2024,2,42.5,-1.5,True,False,WR,58.64,WAS,40-50,197,52.34517766497462,39.519382558680384,1561.7815978193314,12.14,0.6197,0.3803,0.0,-162.9503023928478,162.95030239284773,1.9090909090909092,1.9090909090909092,0.18306363636363643,-0.27397272727272715,18.306363636363642,-27.397272727272714,over,0.6197,0.18306363636363643,18.306363636363642,over,20000
player_reception_yds,Jalen McMillan,jalen mcmillan,WR,38.5,-110.0,-110,2024,8,47.0,1.5,False,True,WR,49.59,TB,30-40,222,39.810810810810814,35.42174131599695,1254.699757857405,11.090000000000003,0.6195,0.3805,0.0,-162.81208935611042,162.81208935611036,1.9090909090909092,1.9090909090909092,0.18268181818181828,-0.273590909090909,18.268181818181827,-27.3590909090909,over,0.6195,0.18268181818181828,18.268181818181827,over,20000
player_reception_yds,Josh Jacobs,josh jacobs,RB,15.5,-110.0,-110,2024,14,53.0,3.0,False,True,RB,21.35,GB,<20,432,17.046296296296298,19.125546894078457,365.78654399759415,5.850000000000001,0.6191,0.3809,0.0,-162.5360987135731,162.5360987135731,1.9090909090909092,1.9090909090909092,0.18191818181818187,-0.27282727272727264,18.191818181818185,-27.282727272727264,over,0.6191,0.18191818181818187,18.191818181818185,over,20000
player_reception_yds,Troy Franklin,troy franklin,WR,18.5,-110.0,-110,2024,10,42.5,7.5,False,True,WR,26.01,DEN,<20,194,20.84536082474227,23.784379500884214,565.6967082420812,7.510000000000002,0.619,0.381,0.0,-162.46719160104988,162.46719160104988,1.9090909090909092,1.9090909090909092,0.18172727272727274,-0.2726363636363636,18.172727272727272,-27.263636363636362,over,0.619,0.18172727272727274,18.172727272727272,over,20000
player_reception_yds,George Kittle,george kittle,TE,46.5,-110.0,-110,2024,4,41.5,-10.5,True,False,TE,55.59,SF,40-50,77,42.8051948051948,30.604649640714655,936.6445796308957,9.090000000000003,0.61875,0.38125,0.0,-162.29508196721312,162.29508196721312,1.9090909090909092,1.9090909090909092,0.18125000000000013,-0.2721590909090909,18.125000000000014,-27.21590909090909,over,0.61875,0.18125000000000013,18.125000000000014,over,20000
player_reception_yds,Romeo Doubs,romeo doubs,WR,27.5,-110.0,-110,2024,2,41.5,3.0,False,True,WR,37.95,NE,20-30,224,33.88392857142857,33.6177959681703,1130.1562057575272,10.450000000000003,0.61835,0.38165,0.0,-162.0201755535176,162.02017555351762,1.9090909090909092,1.9090909090909092,0.1804863636363636,-0.2713954545454545,18.048636363636362,-27.13954545454545,over,0.61835,0.1804863636363636,18.048636363636362,over,20000
player_reception_yds,Rome Odunze,rome odunze,WR,33.5,-110.0,-110,2024,11,41.0,6.0,False,True,WR,43.96,CHI,30-40,222,39.810810810810814,35.42174131599695,1254.699757857405,10.46,0.61815,0.38185,0.0,-161.882938326568,161.882938326568,1.9090909090909092,1.9090909090909092,0.18010454545454546,-0.2710136363636363,18.010454545454547,-27.10136363636363,over,0.61815,0.18010454545454546,18.010454545454547,over,20000
player_reception_yds,Cole Kmet,cole kmet,TE,20.5,-110.0,-110,2024,16,47.5,7.0,False,True,TE,28.62,CHI,20-30,155,32.535483870967745,27.73479503577737,769.218855676581,8.120000000000001,0.6178,0.3822,0.0,-161.64311878597593,161.64311878597593,1.9090909090909092,1.9090909090909092,0.17943636363636373,-0.27034545454545456,17.943636363636372,-27.034545454545455,over,0.6178,0.17943636363636373,17.943636363636372,over,20000
player_reception_yds,Brian Thomas Jr,brian thomas,WR,42.5,-110.0,-110,2024,2,41.5,-3.0,True,False,WR,53.87,JAC,40-50,197,52.34517766497462,39.519382558680384,1561.7815978193314,11.369999999999997,0.6178,0.3822,0.0,-161.64311878597593,161.64311878597593,1.9090909090909092,1.9090909090909092,0.17943636363636373,-0.27034545454545456,17.943636363636372,-27.034545454545455,over,0.6178,0.17943636363636373,17.943636363636372,over,20000
player_reception_yds,DeMario Douglas,demario douglas,WR,32.5,-110.0,-110,2024,4,41.5,10.5,False,True,WR,43.29,NE,30-40,222,39.810810810810814,35.42174131599695,1254.699757857405,10.79,0.61775,0.38225,0.0,-161.60889470241992,161.60889470241992,1.9090909090909092,1.9090909090909092,0.17934090909090916,-0.27025,17.934090909090916,-27.025,over,0.61775,0.17934090909090916,17.934090909090916,over,20000
player_reception_yds,George Kittle,george kittle,TE,47.5,-110.0,-110,2024,2,46.5,-4.5,True,False,TE,56.79,SF,40-50,77,42.8051948051948,30.604649640714655,936.6445796308957,9.29,0.61775,0.38225,0.0,-161.60889470241992,161.60889470241992,1.9090909090909092,1.9090909090909092,0.17934090909090916,-0.27025,17.934090909090916,-27.025,over,0.61775,0.17934090909090916,17.934090909090916,over,20000
player_reception_yds,Alvin Kamara,alvin kamara,RB,33.5,-110.0,-110,2024,9,43.5,-7.0,True,False,RB,39.85,NO,30-40,24,36.0,21.178703511203796,448.537482415476,6.350000000000001,0.61765,0.38235,0.0,-161.54047338825686,161.54047338825683,1.9090909090909092,1.9090909090909092,0.17915000000000014,-0.2700590909090909,17.915000000000013,-27.005909090909093,over,0.61765,0.17915000000000014,17.915000000000013,over,20000
player_reception_yds,Curtis Samuel,curtis samuel,WR,29.5,-110.0,-110,2024,1,46.0,-6.5,True,False,WR,39.87,FA,20-30,224,33.88392857142857,33.6177959681703,1130.1562057575272,10.369999999999997,0.6176,0.3824,0.0,-161.50627615062766,161.50627615062757,1.9090909090909092,1.9090909090909092,0.17905454545454558,-0.26996363636363624,17.905454545454557,-26.996363636363625,over,0.6176,0.17905454545454558,17.905454545454557,over,20000
player_reception_yds,Ladd McConkey,ladd mcconkey,WR,40.5,-110.0,-110,2024,1,41.0,-3.0,True,False,WR,52.12,LAC,40-50,197,52.34517766497462,39.519382558680384,1561.7815978193314,11.619999999999997,0.6175,0.3825,0.0,-161.43790849673206,161.437908496732,1.9090909090909092,1.9090909090909092,0.17886363636363656,-0.26977272727272716,17.886363636363654,-26.977272727272716,over,0.6175,0.17886363636363656,17.886363636363654,over,20000
player_reception_yds,Darius Slayton,darius slayton,WR,24.5,-110.0,-110,2024,2,42.5,1.5,False,True,WR,34.88,NYG,20-30,224,33.88392857142857,33.6177959681703,1130.1562057575272,10.380000000000003,0.61725,0.38275,0.0,-161.26714565643368,161.26714565643374,1.9090909090909092,1.9090909090909092,0.17838636363636362,-0.2692954545454546,17.83863636363636,-26.929545454545462,over,0.61725,0.17838636363636362,17.83863636363636,over,20000
player_reception_yds,Darius Slayton,darius slayton,WR,29.5,-110.0,-110,2024,14,41.0,5.5,False,True,WR,39.48,NYG,20-30,224,33.88392857142857,33.6177959681703,1130.1562057575272,9.979999999999997,0.6172,0.3828,0.0,-161.2330198537095,161.23301985370952,1.9090909090909092,1.9090909090909092,0.17829090909090906,-0.26919999999999994,17.829090909090905,-26.919999999999995,over,0.6172,0.17829090909090906,17.829090909090905,over,20000
player_reception_yds,Dalton Schultz,dalton schultz,TE,27.5,-110.0,-110,2024,13,44.5,-3.5,True,False,TE,35.87,HOU,20-30,155,32.535483870967745,27.73479503577737,769.218855676581,8.369999999999997,0.6172,0.3828,0.0,-161.2330198537095,161.23301985370952,1.9090909090909092,1.9090909090909092,0.17829090909090906,-0.26919999999999994,17.829090909090905,-26.919999999999995,over,0.6172,0.17829090909090906,17.829090909090905,over,20000
player_reception_yds,Cole Kmet,cole kmet,,28.5,-110.0,-110,2024,9,44.5,,False,False,TE,36.73,CHI,20-30,155,32.535483870967745,27.73479503577737,769.218855676581,8.229999999999997,0.6172,0.3828,0.0,-161.2330198537095,161.23301985370952,1.9090909090909092,1.9090909090909092,0.17829090909090906,-0.26919999999999994,17.829090909090905,-26.919999999999995,over,0.6172,0.17829090909090906,17.829090909090905,over,20000
player_reception_yds,Nick Westbrook-Ikhine,nick westbrook-ikhine,WR,27.5,-110.0,-110,2024,12,40.5,8.0,False,True,WR,37.28,IND,20-30,224,33.88392857142857,33.6177959681703,1130.1562057575272,9.780000000000001,0.6171,0.3829,0.0,-161.16479498563592,161.16479498563592,1.9090909090909092,1.9090909090909092,0.17810000000000004,-0.26900909090909086,17.810000000000002,-26.900909090909085,over,0.6171,0.17810000000000004,17.810000000000002,over,20000
player_reception_yds,Lil'Jordan Humphrey,liljordan humphrey,WR,20.5,-110.0,-110,2024,4,39.5,7.5,False,True,WR,30.21,DEN,20-30,224,33.88392857142857,33.6177959681703,1130.1562057575272,9.71,0.61685,0.38315,0.0,-160.99438862064466,160.99438862064466,1.9090909090909092,1.9090909090909092,0.17762272727272732,-0.26853181818181815,17.76227272727273,-26.853181818181817,over,0.61685,0.17762272727272732,17.76227272727273,over,20000
player_reception_yds,Bijan Robinson,bijan robinson,RB,18.5,-110.0,-110,2024,17,46.5,3.5,False,True,RB,24.02,ATL,<20,432,17.046296296296298,19.125546894078457,365.78654399759415,5.52,0.6168,0.3832,0.0,-160.96033402922757,160.96033402922757,1.9090909090909092,1.9090909090909092,0.17752727272727276,-0.26843636363636364,17.752727272727277,-26.843636363636364,over,0.6168,0.17752727272727276,17.752727272727277,over,20000
player_reception_yds,Mark Andrews,mark andrews,TE,41.5,-110.0,-110,2024,2,41.0,-9.0,True,False,TE,49.99,BAL,40-50,77,42.8051948051948,30.604649640714655,936.6445796308957,8.490000000000002,0.61655,0.38345,0.0,-160.79019428869478,160.79019428869472,1.9090909090909092,1.9090909090909092,0.17705000000000015,-0.2679590909090908,17.705000000000016,-26.79590909090908,over,0.61655,0.17705000000000015,17.705000000000016,over,20000
player_reception_yds,Tucker Kraft,tucker kraft,TE,20.5,-110.0,-110,2024,4,44.0,-2.5,True,False,TE,28.43,GB,20-30,155,32.535483870967745,27.73479503577737,769.218855676581,7.93,0.61655,0.38345,0.0,-160.79019428869478,160.79019428869472,1.9090909090909092,1.9090909090909092,0.17705000000000015,-0.2679590909090908,17.705000000000016,-26.79590909090908,over,0.61655,0.17705000000000015,17.705000000000016,over,20000
player_reception_yds,Jalen Tolbert,jalen tolbert,WR,18.5,-110.0,-110,2024,16,47.5,4.5,False,True,WR,25.43,MIA,<20,194,20.84536082474227,23.784379500884214,565.6967082420812,6.93,0.6165,0.3835,0.0,-160.75619295958282,160.7561929595828,1.9090909090909092,1.9090909090909092,0.1769545454545456,-0.26786363636363636,17.69545454545456,-26.786363636363635,over,0.6165,0.1769545454545456,17.69545454545456,over,20000
player_reception_yds,Darius Slayton,darius slayton,WR,24.5,-110.0,-110,2024,16,42.5,9.5,False,True,WR,34.54,NYG,20-30,224,33.88392857142857,33.6177959681703,1130.1562057575272,10.04,0.6163,0.3837,0.0,-160.6202762574928,160.62027625749286,1.9090909090909092,1.9090909090909092,0.17657272727272721,-0.2674818181818182,17.657272727272723,-26.74818181818182,over,0.6163,0.17657272727272721,17.657272727272723,over,20000
player_reception_yds,Michael Woods II,michael woods,,20.5,-110.0,-110,2024,15,41.5,,False,False,WR,31.07,DEN,20-30,224,33.88392857142857,33.6177959681703,1130.1562057575272,10.57,0.61605,0.38395,0.0,-160.45057950253937,160.45057950253937,1.9090909090909092,1.9090909090909092,0.1760954545454546,-0.2670045454545454,17.60954545454546,-26.700454545454537,over,0.61605,0.1760954545454546,17.60954545454546,over,20000
player_reception_yds,Xavier Worthy,xavier worthy,WR,37.5,-110.0,-110,2024,15,41.5,-4.5,True,False,WR,47.57,KC,30-40,222,39.810810810810814,35.42174131599695,1254.699757857405,10.07,0.6156,0.3844,0.0,-160.14568158168578,160.14568158168572,1.9090909090909092,1.9090909090909092,0.17523636363636375,-0.2661454545454544,17.523636363636374,-26.61454545454544,over,0.6156,0.17523636363636375,17.523636363636374,over,20000
player_reception_yds,Jaylen Waddle,jaylen waddle,WR,43.5,-110.0,-110,2024,3,41.5,4.0,False,True,WR,54.96,DEN,40-50,197,52.34517766497462,39.519382558680384,1561.7815978193314,11.46,0.6154,0.3846,0.0,-160.0104004160166,160.0104004160166,1.9090909090909092,1.9090909090909092,0.17485454545454537,-0.26576363636363626,17.485454545454537,-26.576363636363627,over,0.6154,0.17485454545454537,17.485454545454537,over,20000
player_reception_yds,Jaylen Waddle,jaylen waddle,WR,37.5,-110.0,-110,2024,4,37.0,-2.5,True,False,WR,47.96,DEN,30-40,222,39.810810810810814,35.42174131599695,1254.699757857405,10.46,0.61525,0.38475,0.0,-159.90903183885638,159.90903183885644,1.9090909090909092,1.9090909090909092,0.1745681818181818,-0.2654772727272728,17.45681818181818,-26.54772727272728,over,0.61525,0.1745681818181818,17.45681818181818,over,20000
player_reception_yds,Breece Hall,breece hall,RB,20.5,-110.0,-110,2024,15,41.5,-3.5,True,False,RB,27.91,NYJ,20-30,101,28.26732673267327,24.221026388386825,586.658119306931,7.41,0.615,0.385,0.0,-159.74025974025975,159.74025974025975,1.9090909090909092,1.9090909090909092,0.17409090909090907,-0.26499999999999996,17.409090909090907,-26.499999999999996,over,0.615,0.17409090909090907,17.409090909090907,over,20000
player_reception_yds,Michael Woods II,michael woods,,20.5,-110.0,-110,2024,14,43.0,,False,False,WR,29.91,DEN,20-30,224,33.88392857142857,33.6177959681703,1130.1562057575272,9.41,0.61475,0.38525,0.0,-159.57170668397146,159.57170668397146,1.9090909090909092,1.9090909090909092,0.17361363636363647,-0.2645227272727273,17.36136363636365,-26.452272727272728,over,0.61475,0.17361363636363647,17.36136363636365,over,20000
player_reception_yds,Jalen Nailor,jalen nailor,WR,16.5,-110.0,-110,2024,4,44.0,2.5,False,True,WR,23.23,LV,<20,194,20.84536082474227,23.784379500884214,565.6967082420812,6.73,0.6147,0.3853,0.0,-159.53802232026993,159.53802232026993,1.9090909090909092,1.9090909090909092,0.1735181818181819,-0.26442727272727273,17.35181818181819,-26.442727272727275,over,0.6147,0.1735181818181819,17.35181818181819,over,20000
player_reception_yds,Greg Dortch,greg dortch,WR,15.5,-110.0,-110,2024,8,46.5,4.0,False,True,WR,22.32,DET,<20,194,20.84536082474227,23.784379500884214,565.6967082420812,6.82,0.61455,0.38545,0.0,-159.43702166299133,159.43702166299127,1.9090909090909092,1.9090909090909092,0.17323181818181832,-0.264140909090909,17.323181818181833,-26.4140909090909,over,0.61455,0.17323181818181832,17.323181818181833,over,20000
player_reception_yds,Theo Johnson,theo johnson,TE,15.5,-110.0,-110,2024,4,45.0,5.5,False,True,TE,22.23,NYG,<20,149,20.28187919463087,23.469612040364684,550.822689325231,6.73,0.6145,0.3855,0.0,-159.4033722438392,159.4033722438392,1.9090909090909092,1.9090909090909092,0.17313636363636375,-0.2640454545454545,17.313636363636377,-26.404545454545453,over,0.6145,0.17313636363636375,17.313636363636377,over,20000
player_reception_yds,Jonnu Smith,jonnu smith,TE,28.5,-110.0,-110,2024,9,49.0,6.5,False,True,TE,36.61,FA,20-30,155,32.535483870967745,27.73479503577737,769.218855676581,8.11,0.61445,0.38555,0.0,-159.3697315523279,159.36973155232783,1.9090909090909092,1.9090909090909092,0.1730409090909092,-0.2639499999999999,17.30409090909092,-26.39499999999999,over,0.61445,0.1730409090909092,17.30409090909092,over,20000
player_reception_yds,AJ Barner,aj barner,TE,23.5,-110.0,-110,2024,9,48.5,1.5,False,True,TE,31.63,SEA,20-30,155,32.535483870967745,27.73479503577737,769.218855676581,8.129999999999999,0.61435,0.38565,0.0,-159.302476338649,159.30247633864903,1.9090909090909092,1.9090909090909092,0.17284999999999995,-0.26375909090909083,17.284999999999997,-26.375909090909083,over,0.61435,0.17284999999999995,17.284999999999997,over,20000
player_reception_yds,Kendrick Bourne,kendrick bourne,,20.5,-110.0,-110,2024,10,37.5,,False,False,WR,30.0,ARI,20-30,224,33.88392857142857,33.6177959681703,1130.1562057575272,9.5,0.61425,0.38575,0.0,-159.23525599481528,159.2352559948153,1.9090909090909092,1.9090909090909092,0.17265909090909093,-0.26356818181818176,17.265909090909094,-26.356818181818177,over,0.61425,0.17265909090909093,17.265909090909094,over,20000
player_reception_yds,Brandin Cooks,brandin cooks,WR,27.5,-110.0,-110,2024,14,51.0,5.0,False,True,WR,37.7,FA,20-30,224,33.88392857142857,33.6177959681703,1130.1562057575272,10.200000000000003,0.6142,0.3858,0.0,-159.20165889061687,159.20165889061693,1.9090909090909092,1.9090909090909092,0.17256363636363636,-0.26347272727272736,17.256363636363638,-26.347272727272735,over,0.6142,0.17256363636363636,17.256363636363638,over,20000
player_reception_yds,Brandin Cooks,brandin cooks,WR,22.5,-110.0,-110,2024,15,42.0,2.5,False,True,WR,32.37,FA,20-30,224,33.88392857142857,33.6177959681703,1130.1562057575272,9.869999999999997,0.6141,0.3859,0.0,-159.13449080072556,159.13449080072556,1.9090909090909092,1.9090909090909092,0.17237272727272723,-0.2632818181818181,17.237272727272725,-26.32818181818181,over,0.6141,0.17237272727272723,17.237272727272725,over,20000
player_reception_yds,Greg Dulcich,greg dulcich,TE,18.5,-110.0,-110,2024,2,36.5,3.0,False,True,TE,25.37,MIA,<20,149,20.28187919463087,23.469612040364684,550.822689325231,6.870000000000001,0.614,0.386,0.0,-159.06735751295335,159.06735751295335,1.9090909090909092,1.9090909090909092,0.1721818181818182,-0.26309090909090904,17.218181818181822,-26.309090909090905,over,0.614,0.1721818181818182,17.218181818181822,over,20000
player_reception_yds,Calvin Austin III,calvin austin,WR,15.5,-110.0,-110,2024,5,43.5,-2.5,True,False,WR,21.89,NYG,<20,194,20.84536082474227,23.784379500884214,565.6967082420812,6.390000000000001,0.6139,0.3861,0.0,-159.000259000259,159.000259000259,1.9090909090909092,1.9090909090909092,0.1719909090909092,-0.26289999999999997,17.19909090909092,-26.289999999999996,over,0.6139,0.1719909090909092,17.19909090909092,over,20000
player_reception_yds,Adonai Mitchell,adonai mitchell,WR,31.5,-110.0,-110,2024,2,41.5,-3.0,True,False,WR,41.77,NYJ,30-40,222,39.810810810810814,35.42174131599695,1254.699757857405,10.270000000000003,0.6138,0.3862,0.0,-158.93319523562923,158.93319523562923,1.9090909090909092,1.9090909090909092,0.17180000000000006,-0.2627090909090909,17.180000000000007,-26.27090909090909,over,0.6138,0.17180000000000006,17.180000000000007,over,20000
player_reception_yds,Jalen Nailor,jalen nailor,WR,16.5,-110.0,-110,2024,13,45.5,-3.5,True,False,WR,23.04,LV,<20,194,20.84536082474227,23.784379500884214,565.6967082420812,6.539999999999999,0.6138,0.3862,0.0,-158.93319523562923,158.93319523562923,1.9090909090909092,1.9090909090909092,0.17180000000000006,-0.2627090909090909,17.180000000000007,-26.27090909090909,over,0.6138,0.17180000000000006,17.180000000000007,over,20000
player_reception_yds,Tre Tucker,tre tucker,WR,17.5,-110.0,-110,2024,1,41.0,3.0,False,True,WR,24.79,LV,<20,194,20.84536082474227,23.784379500884214,565.6967082420812,7.289999999999999,0.6136,0.3864,0.0,-158.79917184265014,158.79917184265008,1.9090909090909092,1.9090909090909092,0.17141818181818191,-0.2623272727272726,17.14181818181819,-26.232727272727256,over,0.6136,0.17141818181818191,17.14181818181819,over,20000
player_reception_yds,George Pickens,george pickens,WR,52.5,-110.0,-110,2024,1,43.0,4.0,False,True,WR,65.23,DAL,50-60,175,60.77142857142857,45.23883799407526,2046.5524630541875,12.730000000000004,0.6134,0.3866,0.0,-158.66528711846868,158.66528711846868,1.9090909090909092,1.9090909090909092,0.17103636363636354,-0.2619454545454545,17.103636363636355,-26.194545454545448,over,0.6134,0.17103636363636354,17.103636363636355,over,20000
player_reception_yds,Calvin Ridley,calvin ridley,WR,46.5,-110.0,-110,2024,3,37.0,-3.0,True,False,WR,57.54,TEN,40-50,197,52.34517766497462,39.519382558680384,1561.7815978193314,11.04,0.6133,0.3867,0.0,-158.5983966899405,158.59839668994053,1.9090909090909092,1.9090909090909092,0.17084545454545452,-0.2617545454545454,17.084545454545452,-26.175454545454542,over,0.6133,0.17084545454545452,17.084545454545452,over,20000
player_reception_yds,Romeo Doubs,romeo doubs,WR,25.5,-110.0,-110,2024,3,37.0,3.0,False,True,WR,35.09,NE,20-30,224,33.88392857142857,33.6177959681703,1130.1562057575272,9.590000000000003,0.6132,0.3868,0.0,-158.53154084798342,158.53154084798345,1.9090909090909092,1.9090909090909092,0.1706545454545454,-0.26156363636363633,17.06545454545454,-26.156363636363633,over,0.6132,0.1706545454545454,17.06545454545454,over,20000
player_reception_yds,Christian Watson,christian watson,WR,38.5,-110.0,-110,2024,12,44.5,-6.5,True,False,WR,48.67,GB,30-40,222,39.810810810810814,35.42174131599695,1254.699757857405,10.170000000000002,0.61305,0.38695,0.0,-158.4313218762114,158.4313218762114,1.9090909090909092,1.9090909090909092,0.1703681818181818,-0.2612772727272727,17.03681818181818,-26.12772727272727,over,0.61305,0.1703681818181818,17.03681818181818,over,20000
player_reception_yds,Rashid Shaheed,rashid shaheed,WR,40.5,-110.0,-110,2024,2,47.0,6.5,False,True,WR,52.4,SEA,40-50,197,52.34517766497462,39.519382558680384,1561.7815978193314,11.899999999999999,0.613,0.387,0.0,-158.39793281653746,158.39793281653746,1.9090909090909092,1.9090909090909092,0.17027272727272735,-0.2611818181818181,17.027272727272734,-26.118181818181814,over,0.613,0.17027272727272735,17.027272727272734,over,20000
player_reception_yds,Deebo Samuel,deebo samuel,WR,42.5,-110.0,-110,2024,13,45.0,6.5,False,True,WR,53.4,FA,40-50,197,52.34517766497462,39.519382558680384,1561.7815978193314,10.899999999999999,0.6128,0.3872,0.0,-158.26446280991738,158.26446280991738,1.9090909090909092,1.9090909090909092,0.1698909090909092,-0.2608,16.98909090909092,-26.08,over,0.6128,0.1698909090909092,16.98909090909092,over,20000
player_reception_yds,Dalton Kincaid,dalton kincaid,TE,31.5,-110.0,-110,2024,15,55.5,2.5,False,True,TE,41.57,BUF,30-40,83,44.18072289156626,36.40127601114409,1325.0528952394943,10.07,0.61275,0.38725,0.0,-158.2311168495804,158.2311168495804,1.9090909090909092,1.9090909090909092,0.16979545454545464,-0.26070454545454547,16.979545454545462,-26.070454545454545,over,0.61275,0.16979545454545464,16.979545454545462,over,20000
player_reception_yds,Colby Parkinson,colby parkinson,TE,29.5,-110.0,-110,2024,3,44.5,6.0,False,True,TE,37.37,LAR,20-30,155,32.535483870967745,27.73479503577737,769.218855676581,7.869999999999997,0.6125,0.3875,0.0,-158.06451612903228,158.06451612903228,1.9090909090909092,1.9090909090909092,0.16931818181818192,-0.26022727272727275,16.931818181818194,-26.022727272727273,over,0.6125,0.16931818181818192,16.931818181818194,over,20000
player_reception_yds,Mike Williams,mike williams,WR,25.5,-110.0,-110,2024,6,42.0,1.0,False,True,WR,35.13,FA,20-30,224,33.88392857142857,33.6177959681703,1130.1562057575272,9.630000000000003,0.6124,0.3876,0.0,-157.99793601651191,157.9979360165119,1.9090909090909092,1.9090909090909092,0.1691272727272729,-0.2600363636363637,16.91272727272729,-26.003636363636367,over,0.6124,0.1691272727272729,16.91272727272729,over,20000
player_reception_yds,Jauan Jennings,jauan jennings,WR,31.5,-110.0,-110,2024,6,49.0,-3.5,True,False,WR,41.59,MIN,30-40,222,39.810810810810814,35.42174131599695,1254.699757857405,10.090000000000003,0.6123,0.3877,0.0,-157.93139025019343,157.93139025019346,1.9090909090909092,1.9090909090909092,0.16893636363636355,-0.2598454545454546,16.893636363636354,-25.98454545454546,over,0.6123,0.16893636363636355,16.893636363636354,over,20000
player_reception_yds,Mack Hollins,mack hollins,WR,25.5,-110.0,-110,2024,10,46.5,-4.5,True,False,WR,35.27,NE,20-30,224,33.88392857142857,33.6177959681703,1130.1562057575272,9.770000000000003,0.6121,0.3879,0.0,-157.79840164990978,157.79840164990978,1.9090909090909092,1.9090909090909092,0.1685545454545455,-0.2594636363636363,16.855454545454553,-25.94636363636363,over,0.6121,0.1685545454545455,16.855454545454553,over,20000
player_reception_yds,Quentin Johnston,quentin johnston,WR,29.5,-110.0,-110,2024,6,37.0,-3.0,True,False,WR,39.11,LAC,20-30,224,33.88392857142857,33.6177959681703,1130.1562057575272,9.61,0.61195,0.38805,0.0,-157.69875016106172,157.69875016106172,1.9090909090909092,1.9090909090909092,0.16826818181818182,-0.2591772727272727,16.826818181818183,-25.91772727272727,over,0.61195,0.16826818181818182,16.826818181818183,over,20000
player_reception_yds,Rachaad White,rachaad white,RB,19.5,-110.0,-110,2024,4,42.0,1.0,False,True,RB,24.98,WAS,<20,432,17.046296296296298,19.125546894078457,365.78654399759415,5.48,0.6119,0.3881,0.0,-157.6655501159495,157.6655501159495,1.9090909090909092,1.9090909090909092,0.16817272727272736,-0.25908181818181814,16.817272727272737,-25.908181818181813,over,0.6119,0.16817272727272736,16.817272727272737,over,20000
player_reception_yds,Gabe Davis,gabe davis,WR,29.5,-110.0,-110,2024,6,44.5,-1.5,True,False,WR,39.12,FA,20-30,224,33.88392857142857,33.6177959681703,1130.1562057575272,9.619999999999997,0.6118,0.3882,0.0,-157.59917568263782,157.59917568263782,1.9090909090909092,1.9090909090909092,0.16798181818181823,-0.25889090909090906,16.798181818181824,-25.889090909090907,over,0.6118,0.16798181818181823,16.798181818181824,over,20000
player_reception_yds,Jalin Hyatt,jalin hyatt,WR,21.5,-110.0,-110,2024,1,42.5,1.0,False,True,WR,31.12,NYG,20-30,224,33.88392857142857,33.6177959681703,1130.1562057575272,9.620000000000001,0.61175,0.38825,0.0,-157.56600128783003,157.56600128783003,1.9090909090909092,1.9090909090909092,0.16788636363636367,-0.25879545454545455,16.788636363636368,-25.879545454545454,over,0.61175,0.16788636363636367,16.788636363636368,over,20000
player_reception_yds,Quentin Johnston,quentin johnston,WR,31.5,-110.0,-110,2024,9,42.5,-2.0,True,False,WR,41.88,LAC,30-40,222,39.810810810810814,35.42174131599695,1254.699757857405,10.380000000000003,0.61175,0.38825,0.0,-157.56600128783003,157.56600128783003,1.9090909090909092,1.9090909090909092,0.16788636363636367,-0.25879545454545455,16.788636363636368,-25.879545454545454,over,0.61175,0.16788636363636367,16.788636363636368,over,20000
player_reception_yds,Brock Bowers,brock bowers,TE,60.5,-110.0,-110,2024,15,44.5,6.5,False,True,TE,69.98,LV,60+,20,68.4,33.57799988255154,1127.4820761126311,9.480000000000004,0.6116,0.3884,0.0,-157.46652935118436,157.4665293511843,1.9090909090909092,1.9090909090909092,0.16760000000000008,-0.2585090909090908,16.76000000000001,-25.85090909090908,over,0.6116,0.16760000000000008,16.76000000000001,over,20000
player_reception_yds,Tim Patrick,tim patrick,WR,29.5,-110.0,-110,2024,16,47.5,-7.0,True,False,WR,39.07,NYJ,20-30,224,33.88392857142857,33.6177959681703,1130.1562057575272,9.57,0.61155,0.38845,0.0,-157.43338911056765,157.43338911056765,1.9090909090909092,1.9090909090909092,0.16750454545454563,-0.25841363636363635,16.750454545454563,-25.841363636363635,over,0.61155,0.16750454545454563,16.750454545454563,over,20000
player_reception_yds,Demarcus Robinson,demarcus robinson,WR,25.5,-110.0,-110,2024,11,42.5,-4.0,True,False,WR,35.43,SF,20-30,224,33.88392857142857,33.6177959681703,1130.1562057575272,9.93,0.6114,0.3886,0.0,-157.33401955738552,157.33401955738546,1.9090909090909092,1.9090909090909092,0.16721818181818193,-0.25812727272727265,16.721818181818193,-25.812727272727265,over,0.6114,0.16721818181818193,16.721818181818193,over,20000
player_reception_yds,Tre Tucker,tre tucker,WR,38.5,-110.0,-110,2024,6,36.5,3.5,False,True,WR,48.08,LV,30-40,222,39.810810810810814,35.42174131599695,1254.699757857405,9.579999999999998,0.61135,0.38865,0.0,-157.3009134182426,157.30091341824266,1.9090909090909092,1.9090909090909092,0.16712272727272726,-0.2580318181818182,16.712272727272726,-25.80318181818182,over,0.61135,0.16712272727272726,16.712272727272726,over,20000
player_reception_yds,Demarcus Robinson,demarcus robinson,WR,20.5,-110.0,-110,2024,16,47.0,-3.0,True,False,WR,30.33,SF,20-30,224,33.88392857142857,33.6177959681703,1130.1562057575272,9.829999999999998,0.61125,0.38875,0.0,-157.23472668810285,157.2347266881029,1.9090909090909092,1.9090909090909092,0.16693181818181813,-0.2578409090909091,16.693181818181813,-25.784090909090914,over,0.61125,0.16693181818181813,16.693181818181813,over,20000
player_reception_yds,Pat Freiermuth,pat freiermuth,TE,27.5,-110.0,-110,2024,1,43.0,4.0,False,True,TE,35.51,PIT,20-30,155,32.535483870967745,27.73479503577737,769.218855676581,8.009999999999998,0.61125,0.38875,0.0,-157.23472668810285,157.2347266881029,1.9090909090909092,1.9090909090909092,0.16693181818181813,-0.2578409090909091,16.693181818181813,-25.784090909090914,over,0.61125,0.16693181818181813,16.693181818181813,over,20000
player_reception_yds,Juwan Johnson,juwan johnson,TE,20.5,-110.0,-110,2024,8,41.5,7.0,False,True,TE,28.3,NO,20-30,155,32.535483870967745,27.73479503577737,769.218855676581,7.800000000000001,0.61105,0.38895,0.0,-157.10245532844837,157.10245532844837,1.9090909090909092,1.9090909090909092,0.16654999999999998,-0.25745909090909086,16.654999999999998,-25.745909090909088,over,0.61105,0.16654999999999998,16.654999999999998,over,20000
player_reception_yds,Kyle Pitts,kyle pitts,TE,39.5,-110.0,-110,2024,3,46.0,3.0,False,True,TE,49.87,ATL,30-40,83,44.18072289156626,36.40127601114409,1325.0528952394943,10.369999999999997,0.61095,0.38905,0.0,-157.03637064644647,157.03637064644647,1.9090909090909092,1.9090909090909092,0.16635909090909096,-0.2572681818181818,16.635909090909095,-25.726818181818178,over,0.61095,0.16635909090909096,16.635909090909095,over,20000
player_reception_yds,Noah Fant,noah fant,TE,21.5,-110.0,-110,2024,13,41.5,1.0,False,True,TE,29.64,NO,20-30,155,32.535483870967745,27.73479503577737,769.218855676581,8.14,0.61085,0.38915,0.0,-156.97031992804833,156.97031992804833,1.9090909090909092,1.9090909090909092,0.16616818181818183,-0.2570772727272727,16.616818181818182,-25.707727272727272,over,0.61085,0.16616818181818183,16.616818181818182,over,20000
player_reception_yds,George Pickens,george pickens,WR,54.5,-110.0,-110,2024,5,43.5,-2.5,True,False,WR,66.33,DAL,50-60,175,60.77142857142857,45.23883799407526,2046.5524630541875,11.829999999999998,0.6107,0.3893,0.0,-156.87130747495505,156.87130747495505,1.9090909090909092,1.9090909090909092,0.16588181818181824,-0.2567909090909091,16.588181818181823,-25.679090909090913,over,0.6107,0.16588181818181824,16.588181818181823,over,20000
player_reception_yds,Bijan Robinson,bijan robinson,RB,22.5,-110.0,-110,2024,7,51.5,-3.0,True,False,RB,29.17,ATL,20-30,101,28.26732673267327,24.221026388386825,586.658119306931,6.670000000000002,0.61065,0.38935,0.0,-156.8383202773854,156.8383202773854,1.9090909090909092,1.9090909090909092,0.1657863636363638,-0.25669545454545456,16.578636363636377,-25.669545454545457,over,0.61065,0.1657863636363638,16.578636363636377,over,20000
player_reception_yds,Calvin Austin III,calvin austin,WR,34.5,-110.0,-110,2024,14,43.0,-6.0,True,False,WR,44.46,NYG,30-40,222,39.810810810810814,35.42174131599695,1254.699757857405,9.96,0.61065,0.38935,0.0,-156.8383202773854,156.8383202773854,1.9090909090909092,1.9090909090909092,0.1657863636363638,-0.25669545454545456,16.578636363636377,-25.669545454545457,over,0.61065,0.1657863636363638,16.578636363636377,over,20000
player_reception_yds,Ja'Marr Chase,jamarr chase,WR,75.5,-110.0,-110,2024,11,48.0,1.0,False,True,WR,87.37,CIN,60+,244,72.20491803278688,43.97076702840401,1933.4283530661814,11.870000000000005,0.61065,0.38935,0.0,-156.8383202773854,156.8383202773854,1.9090909090909092,1.9090909090909092,0.1657863636363638,-0.25669545454545456,16.578636363636377,-25.669545454545457,over,0.61065,0.1657863636363638,16.578636363636377,over,20000
player_reception_yds,Ja'Marr Chase,jamarr chase,WR,70.5,-110.0,-110,2024,2,47.5,6.5,False,True,WR,83.18,CIN,60+,244,72.20491803278688,43.97076702840401,1933.4283530661814,12.680000000000007,0.6106,0.3894,0.0,-156.80534155110428,156.80534155110425,1.9090909090909092,1.9090909090909092,0.16569090909090922,-0.2566,16.56909090909092,-25.66,over,0.6106,0.16569090909090922,16.56909090909092,over,20000
player_reception_yds,Andrei Iosivas,andrei iosivas,WR,20.5,-110.0,-110,2024,7,42.0,-5.5,True,False,WR,30.2,CIN,20-30,224,33.88392857142857,33.6177959681703,1130.1562057575272,9.7,0.6105,0.3895,0.0,-156.73940949935817,156.73940949935815,1.9090909090909092,1.9090909090909092,0.1655000000000001,-0.2564090909090909,16.550000000000008,-25.64090909090909,over,0.6105,0.1655000000000001,16.550000000000008,over,20000
player_reception_yds,Marvin Harrison Jr.,marvin harrison,WR,58.5,-110.0,-110,2024,5,48.5,7.0,False,True,WR,71.33,ARI,50-60,175,60.77142857142857,45.23883799407526,2046.5524630541875,12.829999999999998,0.61035,0.38965,0.0,-156.64057487488768,156.6405748748877,1.9090909090909092,1.9090909090909092,0.16521363636363628,-0.25612272727272717,16.521363636363628,-25.612272727272718,over,0.61035,0.16521363636363628,16.521363636363628,over,20000
player_reception_yds,Amari Cooper,amari cooper,WR,27.5,-110.0,-110,2024,17,44.5,-10.0,True,False,WR,36.35,FA,20-30,224,33.88392857142857,33.6177959681703,1130.1562057575272,8.850000000000001,0.6103,0.3897,0.0,-156.6076469078778,156.6076469078779,1.9090909090909092,1.9090909090909092,0.16511818181818183,-0.25602727272727277,16.51181818181818,-25.60272727272728,over,0.6103,0.16511818181818183,16.51181818181818,over,20000
player_reception_yds,Olamide Zaccheaus,olamide zaccheaus,WR,19.5,-110.0,-110,2024,5,44.0,-3.0,True,False,WR,26.16,ATL,<20,194,20.84536082474227,23.784379500884214,565.6967082420812,6.66,0.6102,0.3898,0.0,-156.54181631605948,156.54181631605954,1.9090909090909092,1.9090909090909092,0.1649272727272727,-0.2558363636363637,16.49272727272727,-25.58363636363637,over,0.6102,0.1649272727272727,16.49272727272727,over,20000
player_reception_yds,DK Metcalf,dk metcalf,WR,51.5,-110.0,-110,2024,2,39.0,-3.5,True,False,WR,64.07,PIT,50-60,175,60.77142857142857,45.23883799407526,2046.5524630541875,12.569999999999993,0.6102,0.3898,0.0,-156.54181631605948,156.54181631605954,1.9090909090909092,1.9090909090909092,0.1649272727272727,-0.2558363636363637,16.49272727272727,-25.58363636363637,over,0.6102,0.1649272727272727,16.49272727272727,over,20000
player_reception_yds,Johnny Mundt,johnny mundt,TE,16.5,-110.0,-110,2024,8,47.5,-3.0,True,False,TE,22.75,PHI,<20,149,20.28187919463087,23.469612040364684,550.822689325231,6.25,0.61015,0.38985,0.0,-156.50891368475052,156.50891368475055,1.9090909090909092,1.9090909090909092,0.16483181818181813,-0.2557409090909091,16.483181818181812,-25.574090909090906,over,0.61015,0.16483181818181813,16.483181818181812,over,20000
player_reception_yds,Wan'Dale Robinson,wandale robinson,WR,36.5,-110.0,-110,2024,9,44.5,4.5,False,True,WR,46.11,TEN,30-40,222,39.810810810810814,35.42174131599695,1254.699757857405,9.61,0.6101,0.3899,0.0,-156.47601949217747,156.47601949217747,1.9090909090909092,1.9090909090909092,0.16473636363636368,-0.25564545454545445,16.473636363636366,-25.564545454545446,over,0.6101,0.16473636363636368,16.473636363636366,over,20000
player_reception_yds,DeMario Douglas,demario douglas,WR,34.5,-110.0,-110,2024,10,37.5,6.5,False,True,WR,44.04,NE,30-40,222,39.810810810810814,35.42174131599695,1254.699757857405,9.54,0.61,0.39,0.0,-156.4102564102564,156.4102564102564,1.9090909090909092,1.9090909090909092,0.16454545454545455,-0.2554545454545454,16.454545454545453,-25.54545454545454,over,0.61,0.16454545454545455,16.454545454545453,over,20000
player_reception_yds,James Conner,james conner,RB,17.5,-110.0,-110,2024,14,45.5,-3.0,True,False,RB,22.59,ARI,<20,432,17.046296296296298,19.125546894078457,365.78654399759415,5.09,0.6092,0.3908,0.0,-155.88536335721594,155.88536335721597,1.9090909090909092,1.9090909090909092,0.16301818181818184,-0.25392727272727267,16.301818181818184,-25.392727272727267,over,0.6092,0.16301818181818184,16.301818181818184,over,20000
player_reception_yds,Marvin Harrison Jr.,marvin harrison,WR,46.5,-110.0,-110,2024,8,46.5,4.0,False,True,WR,57.55,ARI,40-50,197,52.34517766497462,39.519382558680384,1561.7815978193314,11.049999999999997,0.6091,0.3909,0.0,-155.81990278843693,155.81990278843693,1.9090909090909092,1.9090909090909092,0.1628272727272727,-0.25373636363636354,16.28272727272727,-25.373636363636354,over,0.6091,0.1628272727272727,16.28272727272727,over,20000
player_reception_yds,Noah Fant,noah fant,TE,20.5,-110.0,-110,2024,6,49.0,3.5,False,True,TE,28.15,NO,20-30,155,32.535483870967745,27.73479503577737,769.218855676581,7.649999999999999,0.609,0.391,0.0,-155.7544757033248,155.7544757033248,1.9090909090909092,1.9090909090909092,0.1626363636363637,-0.25354545454545446,16.26363636363637,-25.354545454545445,over,0.609,0.1626363636363637,16.26363636363637,over,20000
player_reception_yds,Ricky Pearsall,ricky pearsall,WR,25.5,-110.0,-110,2024,10,50.5,-6.5,True,False,WR,34.43,SF,20-30,224,33.88392857142857,33.6177959681703,1130.1562057575272,8.93,0.60895,0.39105,0.0,-155.72177470911646,155.72177470911646,1.9090909090909092,1.9090909090909092,0.16254090909090912,-0.25344999999999995,16.254090909090912,-25.344999999999995,over,0.60895,0.16254090909090912,16.254090909090912,over,20000
player_reception_yds,George Kittle,george kittle,TE,56.5,-110.0,-110,2024,8,48.0,-5.5,True,False,TE,65.84,SF,50-60,28,62.82142857142857,33.57799988255154,1127.4820761126311,9.340000000000003,0.6089,0.3911,0.0,-155.68908207619535,155.68908207619535,1.9090909090909092,1.9090909090909092,0.16244545454545456,-0.25335454545454544,16.244545454545456,-25.335454545454546,over,0.6089,0.16244545454545456,16.244545454545456,over,20000
player_reception_yds,Xavier Legette,xavier legette,WR,35.5,-110.0,-110,2024,4,47.0,4.5,False,True,WR,45.02,CAR,30-40,222,39.810810810810814,35.42174131599695,1254.699757857405,9.520000000000003,0.60865,0.39135,0.0,-155.52574421873004,155.52574421873004,1.9090909090909092,1.9090909090909092,0.16196818181818196,-0.25287727272727273,16.196818181818195,-25.287727272727274,over,0.60865,0.16196818181818196,16.196818181818195,over,20000
player_reception_yds,Quentin Johnston,quentin johnston,WR,36.5,-110.0,-110,2024,10,40.0,-8.0,True,False,WR,45.85,LAC,30-40,222,39.810810810810814,35.42174131599695,1254.699757857405,9.350000000000001,0.6084,0.3916,0.0,-155.36261491317674,155.3626149131767,1.9090909090909092,1.9090909090909092,0.16149090909090924,-0.2524,16.149090909090923,-25.240000000000002,over,0.6084,0.16149090909090924,16.149090909090923,over,20000
player_reception_yds,Jalen Tolbert,jalen tolbert,WR,23.5,-110.0,-110,2024,12,45.0,10.5,False,True,WR,32.3,MIA,20-30,224,33.88392857142857,33.6177959681703,1130.1562057575272,8.799999999999997,0.60805,0.39195,0.0,-155.13458349279244,155.13458349279244,1.9090909090909092,1.9090909090909092,0.16082272727272728,-0.2517318181818181,16.082272727272727,-25.17318181818181,over,0.60805,0.16082272727272728,16.082272727272727,over,20000
player_reception_yds,Kyle Pitts,kyle pitts,TE,36.5,-110.0,-110,2024,4,41.5,-2.5,True,False,TE,45.97,ATL,30-40,83,44.18072289156626,36.40127601114409,1325.0528952394943,9.469999999999999,0.6079,0.3921,0.0,-155.03698036215252,155.03698036215252,1.9090909090909092,1.9090909090909092,0.1605363636363637,-0.2514454545454545,16.05363636363637,-25.14454545454545,over,0.6079,0.1605363636363637,16.05363636363637,over,20000
player_reception_yds,Rome Odunze,rome odunze,WR,39.5,-110.0,-110,2024,1,43.0,-4.0,True,False,WR,49.35,CHI,30-40,222,39.810810810810814,35.42174131599695,1254.699757857405,9.850000000000001,0.6078,0.3922,0.0,-154.97195308516064,154.97195308516064,1.9090909090909092,1.9090909090909092,0.16034545454545457,-0.25125454545454545,16.03454545454546,-25.125454545454545,over,0.6078,0.16034545454545457,16.03454545454546,over,20000
player_reception_yds,Theo Johnson,theo johnson,,17.5,-110.0,-110,2024,2,42.5,,False,False,TE,24.13,NYG,<20,149,20.28187919463087,23.469612040364684,550.822689325231,6.629999999999999,0.6077,0.3923,0.0,-154.90695895997962,154.90695895997962,1.9090909090909092,1.9090909090909092,0.16015454545454555,-0.2510636363636364,16.015454545454556,-25.10636363636364,over,0.6077,0.16015454545454555,16.015454545454556,over,20000
player_reception_yds,Bucky Irving,bucky irving,RB,17.5,-110.0,-110,2024,6,42.5,-3.5,True,False,RB,23.11,TB,<20,432,17.046296296296298,19.125546894078457,365.78654399759415,5.609999999999999,0.60765,0.39235,0.0,-154.87447432139672,154.87447432139672,1.9090909090909092,1.9090909090909092,0.16005909090909098,-0.2509681818181818,16.0059090909091,-25.096818181818183,over,0.60765,0.16005909090909098,16.0059090909091,over,20000
player_reception_yds,Trey McBride,trey mcbride,TE,49.5,-110.0,-110,2024,2,47.5,1.0,False,True,TE,57.75,ARI,40-50,77,42.8051948051948,30.604649640714655,936.6445796308957,8.25,0.6076,0.3924,0.0,-154.84199796126404,154.84199796126398,1.9090909090909092,1.9090909090909092,0.15996363636363642,-0.25087272727272714,15.996363636363641,-25.087272727272712,over,0.6076,0.15996363636363642,15.996363636363641,over,20000
player_reception_yds,Jaylen Waddle,jaylen waddle,WR,45.5,-110.0,-110,2024,13,47.5,3.5,False,True,WR,56.18,DEN,40-50,197,52.34517766497462,39.519382558680384,1561.7815978193314,10.68,0.6075,0.3925,0.0,-154.7770700636943,154.77707006369425,1.9090909090909092,1.9090909090909092,0.1597727272727274,-0.25068181818181806,15.97727272727274,-25.068181818181806,over,0.6075,0.1597727272727274,15.97727272727274,over,20000
player_reception_yds,Keon Coleman,keon coleman,WR,31.5,-105.0,-115,2024,8,45.5,-3.0,True,False,WR,40.06,BUF,30-40,222,39.810810810810814,35.42174131599695,1254.699757857405,8.560000000000002,0.594,0.406,0.0,-146.30541871921181,146.30541871921181,1.9523809523809523,1.8695652173913042,0.1597142857142856,-0.24095652173913046,15.971428571428559,-24.095652173913045,over,0.594,0.1597142857142856,15.971428571428559,over,20000
player_reception_yds,Isaiah Likely,isaiah likely,TE,25.5,-110.0,-110,2024,4,46.5,-2.5,True,False,TE,32.93,NYG,20-30,155,32.535483870967745,27.73479503577737,769.218855676581,7.43,0.60745,0.39255,0.0,-154.7446185199338,154.74461851993377,1.9090909090909092,1.9090909090909092,0.15967727272727283,-0.25058636363636366,15.967727272727284,-25.058636363636367,over,0.60745,0.15967727272727283,15.967727272727284,over,20000
player_reception_yds,Parker Washington,parker washington,,21.5,-110.0,-110,2024,10,42.5,,False,False,WR,30.98,JAC,20-30,224,33.88392857142857,33.6177959681703,1130.1562057575272,9.48,0.60735,0.39265,0.0,-154.67974022666493,154.679740226665,1.9090909090909092,1.9090909090909092,0.1594863636363636,-0.2503954545454546,15.948636363636359,-25.039545454545458,over,0.60735,0.1594863636363636,15.948636363636359,over,20000
player_reception_yds,Stefon Diggs,stefon diggs,WR,47.5,-110.0,-110,2024,3,46.0,-2.0,True,False,WR,58.18,FA,40-50,197,52.34517766497462,39.519382558680384,1561.7815978193314,10.68,0.60725,0.39275,0.0,-154.6148949713558,154.61489497135585,1.9090909090909092,1.9090909090909092,0.15929545454545446,-0.2502045454545455,15.929545454545446,-25.02045454545455,over,0.60725,0.15929545454545446,15.929545454545446,over,20000
player_reception_yds,Jonnu Smith,jonnu smith,TE,29.5,-110.0,-110,2024,11,43.5,-8.0,True,False,TE,37.17,FA,20-30,155,32.535483870967745,27.73479503577737,769.218855676581,7.670000000000002,0.6071,0.3929,0.0,-154.51768897938405,154.51768897938405,1.9090909090909092,1.9090909090909092,0.15900909090909088,-0.24991818181818176,15.900909090909089,-24.991818181818175,over,0.6071,0.15900909090909088,15.900909090909089,over,20000
player_reception_yds,Pat Freiermuth,pat freiermuth,TE,25.5,-110.0,-110,2024,3,36.0,-3.0,True,False,TE,33.02,PIT,20-30,155,32.535483870967745,27.73479503577737,769.218855676581,7.520000000000003,0.6071,0.3929,0.0,-154.51768897938405,154.51768897938405,1.9090909090909092,1.9090909090909092,0.15900909090909088,-0.24991818181818176,15.900909090909089,-24.991818181818175,over,0.6071,0.15900909090909088,15.900909090909089,over,20000
player_reception_yds,Jameson Williams,jameson williams,WR,44.5,-110.0,-110,2024,6,52.5,-3.5,True,False,WR,55.6,DET,40-50,197,52.34517766497462,39.519382558680384,1561.7815978193314,11.100000000000001,0.607,0.393,0.0,-154.45292620865138,154.45292620865138,1.9090909090909092,1.9090909090909092,0.15881818181818186,-0.2497272727272727,15.881818181818186,-24.97272727272727,over,0.607,0.15881818181818186,15.881818181818186,over,20000
player_reception_yds,Josh Reynolds,josh reynolds,WR,23.5,-110.0,-110,2024,5,36.0,-3.0,True,False,WR,32.49,FA,20-30,224,33.88392857142857,33.6177959681703,1130.1562057575272,8.990000000000002,0.607,0.393,0.0,-154.45292620865138,154.45292620865138,1.9090909090909092,1.9090909090909092,0.15881818181818186,-0.2497272727272727,15.881818181818186,-24.97272727272727,over,0.607,0.15881818181818186,15.881818181818186,over,20000
player_reception_yds,Isaiah Likely,isaiah likely,TE,28.5,-110.0,-110,2024,3,47.5,-1.5,True,False,TE,36.05,NYG,20-30,155,32.535483870967745,27.73479503577737,769.218855676581,7.549999999999997,0.60695,0.39305,0.0,-154.42055718102023,154.42055718102023,1.9090909090909092,1.9090909090909092,0.1587227272727273,-0.24963181818181812,15.87227272727273,-24.963181818181813,over,0.60695,0.1587227272727273,15.87227272727273,over,20000
player_reception_yds,Tyler Conklin,tyler conklin,TE,19.5,-110.0,-110,2024,14,45.0,6.5,False,True,TE,25.65,DET,<20,149,20.28187919463087,23.469612040364684,550.822689325231,6.149999999999999,0.60695,0.39305,0.0,-154.42055718102023,154.42055718102023,1.9090909090909092,1.9090909090909092,0.1587227272727273,-0.24963181818181812,15.87227272727273,-24.963181818181813,over,0.60695,0.1587227272727273,15.87227272727273,over,20000
player_reception_yds,Wan'Dale Robinson,wandale robinson,WR,34.5,-110.0,-110,2024,12,40.5,6.5,False,True,WR,43.67,TEN,30-40,222,39.810810810810814,35.42174131599695,1254.699757857405,9.170000000000002,0.6067,0.3933,0.0,-154.25883549453346,154.25883549453346,1.9090909090909092,1.9090909090909092,0.15824545454545458,-0.24915454545454546,15.824545454545458,-24.915454545454548,over,0.6067,0.15824545454545458,15.824545454545458,over,20000
player_reception_yds,Jonnu Smith,jonnu smith,TE,31.5,-110.0,-110,2024,10,49.5,2.5,False,True,TE,41.11,FA,30-40,83,44.18072289156626,36.40127601114409,1325.0528952394943,9.61,0.60655,0.39345,0.0,-154.16190113102047,154.16190113102044,1.9090909090909092,1.9090909090909092,0.157959090909091,-0.2488681818181817,15.795909090909099,-24.88681818181817,over,0.60655,0.157959090909091,15.795909090909099,over,20000
player_reception_yds,Kenneth Walker III,kenneth walker,RB,16.5,-110.0,-110,2024,16,43.0,2.5,False,True,RB,21.58,KC,<20,432,17.046296296296298,19.125546894078457,365.78654399759415,5.079999999999998,0.60645,0.39355,0.0,-154.0973192732817,154.09731927328164,1.9090909090909092,1.9090909090909092,0.15776818181818197,-0.24867727272727264,15.776818181818197,-24.867727272727265,over,0.60645,0.15776818181818197,15.776818181818197,over,20000
player_reception_yds,Amon-Ra St. Brown,amon-ra st brown,WR,67.5,-110.0,-110,2024,13,47.5,-9.5,True,False,WR,79.63,DET,60+,244,72.20491803278688,43.97076702840401,1933.4283530661814,12.129999999999995,0.60645,0.39355,0.0,-154.0973192732817,154.09731927328164,1.9090909090909092,1.9090909090909092,0.15776818181818197,-0.24867727272727264,15.776818181818197,-24.867727272727265,over,0.60645,0.15776818181818197,15.776818181818197,over,20000
player_reception_yds,Demarcus Robinson,demarcus robinson,WR,24.5,-110.0,-110,2024,12,49.0,3.0,False,True,WR,33.38,SF,20-30,224,33.88392857142857,33.6177959681703,1130.1562057575272,8.880000000000003,0.60645,0.39355,0.0,-154.0973192732817,154.09731927328164,1.9090909090909092,1.9090909090909092,0.15776818181818197,-0.24867727272727264,15.776818181818197,-24.867727272727265,over,0.60645,0.15776818181818197,15.776818181818197,over,20000
player_reception_yds,Adonai Mitchell,adonai mitchell,WR,24.5,-110.0,-110,2024,16,42.5,-4.0,True,False,WR,33.52,NYJ,20-30,224,33.88392857142857,33.6177959681703,1130.1562057575272,9.020000000000003,0.60625,0.39375,0.0,-153.96825396825395,153.96825396825395,1.9090909090909092,1.9090909090909092,0.1573863636363636,-0.24829545454545449,15.73863636363636,-24.82954545454545,over,0.60625,0.1573863636363636,15.73863636363636,over,20000
player_reception_yds,Elijah Moore,elijah moore,WR,18.5,-110.0,-110,2024,1,42.0,-2.5,True,False,WR,24.53,PHI,<20,194,20.84536082474227,23.784379500884214,565.6967082420812,6.030000000000001,0.60625,0.39375,0.0,-153.96825396825395,153.96825396825395,1.9090909090909092,1.9090909090909092,0.1573863636363636,-0.24829545454545449,15.73863636363636,-24.82954545454545,over,0.60625,0.1573863636363636,15.73863636363636,over,20000
player_reception_yds,Breece Hall,breece hall,RB,27.5,-110.0,-110,2024,2,41.5,-3.5,True,False,RB,33.78,NYJ,20-30,101,28.26732673267327,24.221026388386825,586.658119306931,6.280000000000001,0.6062,0.3938,0.0,-153.93600812595224,153.93600812595227,1.9090909090909092,1.9090909090909092,0.15729090909090904,-0.24820000000000003,15.729090909090903,-24.820000000000004,over,0.6062,0.15729090909090904,15.729090909090903,over,20000
player_reception_yds,Brian Thomas Jr,brian thomas,WR,48.5,-110.0,-110,2024,10,42.5,7.0,False,True,WR,59.34,JAC,40-50,197,52.34517766497462,39.519382558680384,1561.7815978193314,10.840000000000003,0.6061,0.3939,0.0,-153.87154100025387,153.8715410002539,1.9090909090909092,1.9090909090909092,0.15710000000000002,-0.248009090909091,15.71,-24.8009090909091,over,0.6061,0.15710000000000002,15.71,over,20000
player_reception_yds,Michael Pittman Jr.,michael pittman,WR,31.5,-110.0,-110,2024,11,43.0,4.0,False,True,WR,41.3,PIT,30-40,222,39.810810810810814,35.42174131599695,1254.699757857405,9.799999999999997,0.60595,0.39405,0.0,-153.7749016622256,153.7749016622256,1.9090909090909092,1.9090909090909092,0.15681363636363643,-0.2477227272727272,15.681363636363644,-24.77227272727272,over,0.60595,0.15681363636363643,15.681363636363644,over,20000
player_reception_yds,Demarcus Robinson,demarcus robinson,WR,21.5,-110.0,-110,2024,8,47.5,3.0,False,True,WR,30.22,SF,20-30,224,33.88392857142857,33.6177959681703,1130.1562057575272,8.719999999999999,0.60595,0.39405,0.0,-153.7749016622256,153.7749016622256,1.9090909090909092,1.9090909090909092,0.15681363636363643,-0.2477227272727272,15.681363636363644,-24.77227272727272,over,0.60595,0.15681363636363643,15.681363636363644,over,20000
player_reception_yds,Josh Reynolds,josh reynolds,WR,29.5,-110.0,-110,2024,2,36.5,3.0,False,True,WR,38.22,FA,20-30,224,33.88392857142857,33.6177959681703,1130.1562057575272,8.719999999999999,0.6058,0.3942,0.0,-153.67833587011668,153.67833587011668,1.9090909090909092,1.9090909090909092,0.15652727272727274,-0.24743636363636362,15.652727272727274,-24.743636363636362,over,0.6058,0.15652727272727274,15.652727272727274,over,20000
player_reception_yds,Xavier Worthy,xavier worthy,WR,31.5,-110.0,-110,2024,10,42.5,-7.5,True,False,WR,40.65,KC,30-40,222,39.810810810810814,35.42174131599695,1254.699757857405,9.149999999999999,0.60535,0.39465,0.0,-153.3890789306981,153.3890789306981,1.9090909090909092,1.9090909090909092,0.15566818181818198,-0.24657727272727276,15.5668181818182,-24.657727272727275,over,0.60535,0.15566818181818198,15.5668181818182,over,20000
player_reception_yds,Jordan Addison,jordan addison,WR,31.5,-110.0,-110,2024,11,40.0,-6.0,True,False,WR,41.06,MIN,30-40,222,39.810810810810814,35.42174131599695,1254.699757857405,9.560000000000002,0.60535,0.39465,0.0,-153.3890789306981,153.3890789306981,1.9090909090909092,1.9090909090909092,0.15566818181818198,-0.24657727272727276,15.5668181818182,-24.657727272727275,over,0.60535,0.15566818181818198,15.5668181818182,over,20000
player_reception_yds,Tyler Lockett,tyler lockett,WR,18.5,-110.0,-110,2024,17,43.5,-3.5,True,False,WR,24.73,LV,<20,194,20.84536082474227,23.784379500884214,565.6967082420812,6.23,0.60505,0.39495,0.0,-153.19660716546397,153.19660716546397,1.9090909090909092,1.9090909090909092,0.1550954545454546,-0.24600454545454536,15.50954545454546,-24.600454545454536,over,0.60505,0.1550954545454546,15.50954545454546,over,20000
player_reception_yds,Tyreek Hill,tyreek hill,WR,63.5,-110.0,-110,2024,3,41.5,4.0,False,True,WR,75.05,FA,60+,244,72.20491803278688,43.97076702840401,1933.4283530661814,11.549999999999997,0.605,0.395,0.0,-153.1645569620253,153.1645569620253,1.9090909090909092,1.9090909090909092,0.15500000000000003,-0.24590909090909085,15.500000000000004,-24.590909090909086,over,0.605,0.15500000000000003,15.500000000000004,over,20000
player_reception_yds,Xavier Worthy,xavier worthy,WR,42.5,-110.0,-110,2024,2,47.5,-6.5,True,False,WR,52.78,KC,40-50,197,52.34517766497462,39.519382558680384,1561.7815978193314,10.280000000000001,0.6046,0.3954,0.0,-152.90844714213455,152.90844714213455,1.9090909090909092,1.9090909090909092,0.15423636363636373,-0.24514545454545456,15.423636363636373,-24.514545454545456,over,0.6046,0.15423636363636373,15.423636363636373,over,20000
player_reception_yds,Alec Pierce,alec pierce,WR,33.5,-110.0,-110,2024,10,46.5,4.5,False,True,WR,43.15,IND,30-40,222,39.810810810810814,35.42174131599695,1254.699757857405,9.649999999999999,0.6046,0.3954,0.0,-152.90844714213455,152.90844714213455,1.9090909090909092,1.9090909090909092,0.15423636363636373,-0.24514545454545456,15.423636363636373,-24.514545454545456,over,0.6046,0.15423636363636373,15.423636363636373,over,20000
player_reception_yds,Theo Johnson,theo johnson,TE,24.5,-110.0,-110,2024,10,40.5,-6.5,True,False,TE,31.65,NYG,20-30,155,32.535483870967745,27.73479503577737,769.218855676581,7.149999999999999,0.60435,0.39565,0.0,-152.7486414760521,152.74864147605206,1.9090909090909092,1.9090909090909092,0.153759090909091,-0.24466818181818173,15.3759090909091,-24.466818181818173,over,0.60435,0.153759090909091,15.3759090909091,over,20000
player_reception_yds,Xavier Legette,xavier legette,WR,29.5,-110.0,-110,2024,12,43.0,11.0,False,True,WR,38.55,CAR,20-30,224,33.88392857142857,33.6177959681703,1130.1562057575272,9.049999999999997,0.60425,0.39575,0.0,-152.6847757422615,152.68477574226154,1.9090909090909092,1.9090909090909092,0.15356818181818177,-0.24447727272727265,15.356818181818177,-24.447727272727267,over,0.60425,0.15356818181818177,15.356818181818177,over,20000
player_reception_yds,Trey McBride,trey mcbride,TE,43.5,-110.0,-110,2024,5,48.5,7.0,False,True,TE,51.78,ARI,40-50,77,42.8051948051948,30.604649640714655,936.6445796308957,8.280000000000001,0.6041,0.3959,0.0,-152.5890376357666,152.58903763576666,1.9090909090909092,1.9090909090909092,0.15328181818181819,-0.24419090909090918,15.328181818181818,-24.41909090909092,over,0.6041,0.15328181818181819,15.328181818181818,over,20000
player_reception_yds,Rashod Bateman,rashod bateman,WR,24.5,-110.0,-110,2024,2,41.0,-9.0,True,False,WR,33.28,BAL,20-30,224,33.88392857142857,33.6177959681703,1130.1562057575272,8.780000000000001,0.604,0.396,0.0,-152.5252525252525,152.5252525252525,1.9090909090909092,1.9090909090909092,0.15309090909090906,-0.24399999999999994,15.309090909090905,-24.399999999999995,over,0.604,0.15309090909090906,15.309090909090905,over,20000
player_reception_yds,Keon Coleman,keon coleman,WR,26.5,-110.0,-110,2024,4,46.5,2.5,False,True,WR,34.78,BUF,20-30,224,33.88392857142857,33.6177959681703,1130.1562057575272,8.280000000000001,0.6039,0.3961,0.0,-152.46149962130775,152.46149962130775,1.9090909090909092,1.9090909090909092,0.15290000000000004,-0.24380909090909086,15.290000000000003,-24.380909090909086,over,0.6039,0.15290000000000004,15.290000000000003,over,20000
player_reception_yds,Mason Tipton,mason tipton,,30.5,-105.0,-115,2024,10,46.5,,False,False,WR,38.22,NO,30-40,222,39.810810810810814,35.42174131599695,1254.699757857405,7.719999999999999,0.5904,0.4096,0.0,-144.14062500000003,144.140625,1.9523809523809523,1.8695652173913042,0.1526857142857143,-0.2342260869565218,15.26857142857143,-23.42260869565218,over,0.5904,0.1526857142857143,15.26857142857143,over,20000
player_reception_yds,Erick All,erick all,TE,17.5,-110.0,-110,2024,7,42.0,-5.5,True,False,TE,23.51,CIN,<20,149,20.28187919463087,23.469612040364684,550.822689325231,6.010000000000002,0.60355,0.39645,0.0,-152.23861773237485,152.23861773237482,1.9090909090909092,1.9090909090909092,0.1522318181818183,-0.24314090909090907,15.22318181818183,-24.314090909090908,over,0.60355,0.1522318181818183,15.22318181818183,over,20000
player_reception_yds,Darnell Mooney,darnell mooney,WR,40.5,-110.0,-110,2024,4,41.5,-2.5,True,False,WR,51.44,NYG,40-50,197,52.34517766497462,39.519382558680384,1561.7815978193314,10.939999999999998,0.60325,0.39675,0.0,-152.04788909892878,152.0478890989288,1.9090909090909092,1.9090909090909092,0.1516590909090909,-0.24256818181818185,15.165909090909091,-24.256818181818186,over,0.60325,0.1516590909090909,15.165909090909091,over,20000
player_reception_yds,Quentin Johnston,quentin johnston,WR,38.5,-110.0,-110,2024,15,46.0,-3.0,True,False,WR,47.79,LAC,30-40,222,39.810810810810814,35.42174131599695,1254.699757857405,9.29,0.60325,0.39675,0.0,-152.04788909892878,152.0478890989288,1.9090909090909092,1.9090909090909092,0.1516590909090909,-0.24256818181818185,15.165909090909091,-24.256818181818186,over,0.60325,0.1516590909090909,15.165909090909091,over,20000
player_reception_yds,Bijan Robinson,bijan robinson,RB,30.5,-110.0,-110,2024,2,46.5,5.5,False,True,RB,35.96,ATL,30-40,24,36.0,21.178703511203796,448.537482415476,5.460000000000001,0.6032,0.3968,0.0,-152.01612903225802,152.01612903225805,1.9090909090909092,1.9090909090909092,0.15156363636363634,-0.24247272727272723,15.156363636363634,-24.247272727272723,over,0.6032,0.15156363636363634,15.156363636363634,over,20000
player_reception_yds,James Conner,james conner,RB,19.5,-110.0,-110,2024,15,46.5,-6.0,True,False,RB,24.48,ARI,<20,432,17.046296296296298,19.125546894078457,365.78654399759415,4.98,0.60315,0.39685,0.0,-151.9843769686279,151.98437696862797,1.9090909090909092,1.9090909090909092,0.15146818181818178,-0.24237727272727277,15.146818181818178,-24.237727272727277,over,0.60315,0.15146818181818178,15.146818181818178,over,20000
player_reception_yds,Travis Etienne Jr.,travis etienne,RB,17.5,-110.0,-110,2024,6,44.5,-1.5,True,False,RB,22.52,NO,<20,432,17.046296296296298,19.125546894078457,365.78654399759415,5.02,0.60305,0.39695,0.0,-151.92089683839274,151.92089683839274,1.9090909090909092,1.9090909090909092,0.15127727272727276,-0.24218636363636353,15.127727272727276,-24.218636363636353,over,0.60305,0.15127727272727276,15.127727272727276,over,20000
player_reception_yds,Hayden Hurst,hayden hurst,TE,19.5,-110.0,-110,2024,1,41.0,-3.0,True,False,TE,25.56,FA,<20,149,20.28187919463087,23.469612040364684,550.822689325231,6.059999999999999,0.60305,0.39695,0.0,-151.92089683839274,151.92089683839274,1.9090909090909092,1.9090909090909092,0.15127727272727276,-0.24218636363636353,15.127727272727276,-24.218636363636353,over,0.60305,0.15127727272727276,15.127727272727276,over,20000
player_reception_yds,Trenton Irwin,trenton irwin,WR,24.5,-110.0,-110,2024,2,47.5,6.5,False,True,WR,33.55,FA,20-30,224,33.88392857142857,33.6177959681703,1130.1562057575272,9.049999999999997,0.603,0.397,0.0,-151.88916876574305,151.88916876574305,1.9090909090909092,1.9090909090909092,0.1511818181818182,-0.24209090909090902,15.118181818181819,-24.209090909090904,over,0.603,0.1511818181818182,15.118181818181819,over,20000
player_reception_yds,Ja'Lynn Polk,jalynn polk,WR,19.5,-110.0,-110,2024,2,39.0,3.5,False,True,WR,25.58,NO,<20,194,20.84536082474227,23.784379500884214,565.6967082420812,6.079999999999998,0.6027,0.3973,0.0,-151.6989680342311,151.6989680342311,1.9090909090909092,1.9090909090909092,0.15060909090909103,-0.2415181818181818,15.060909090909103,-24.15181818181818,over,0.6027,0.15060909090909103,15.060909090909103,over,20000
player_reception_yds,Stefon Diggs,stefon diggs,WR,51.5,-110.0,-110,2024,2,45.5,-6.0,True,False,WR,64.13,FA,50-60,175,60.77142857142857,45.23883799407526,2046.5524630541875,12.629999999999995,0.6026,0.3974,0.0,-151.63563160543535,151.63563160543535,1.9090909090909092,1.9090909090909092,0.1504181818181819,-0.24132727272727272,15.04181818181819,-24.132727272727273,over,0.6026,0.1504181818181819,15.04181818181819,over,20000
player_reception_yds,Wan'Dale Robinson,wandale robinson,WR,38.5,-110.0,-110,2024,8,37.5,6.0,False,True,WR,47.9,TEN,30-40,222,39.810810810810814,35.42174131599695,1254.699757857405,9.399999999999999,0.60255,0.39745,0.0,-151.60397534281043,151.6039753428104,1.9090909090909092,1.9090909090909092,0.15032272727272733,-0.24123181818181805,15.032272727272733,-24.123181818181806,over,0.60255,0.15032272727272733,15.032272727272733,over,20000
player_reception_yds,Tyler Conklin,tyler conklin,TE,19.5,-110.0,-110,2024,3,39.0,-6.5,True,False,TE,25.64,DET,<20,149,20.28187919463087,23.469612040364684,550.822689325231,6.140000000000001,0.60235,0.39765,0.0,-151.47742990066646,151.4774299006664,1.9090909090909092,1.9090909090909092,0.1499409090909093,-0.2408499999999999,14.994090909090929,-24.08499999999999,over,0.60235,0.1499409090909093,14.994090909090929,over,20000
player_reception_yds,Drake London,drake london,WR,61.5,-110.0,-110,2024,10,46.5,-3.5,True,False,WR,71.98,ATL,60+,244,72.20491803278688,43.97076702840401,1933.4283530661814,10.480000000000004,0.60225,0.39775,0.0,-151.41420490257696,151.41420490257698,1.9090909090909092,1.9090909090909092,0.14974999999999994,-0.24065909090909082,14.974999999999994,-24.06590909090908,over,0.60225,0.14974999999999994,14.974999999999994,over,20000
player_reception_yds,Luke McCaffrey,luke mccaffrey,,21.5,-110.0,-110,2024,2,42.5,,False,False,WR,30.01,WAS,20-30,224,33.88392857142857,33.6177959681703,1130.1562057575272,8.510000000000002,0.6022,0.3978,0.0,-151.38260432378078,151.3826043237808,1.9090909090909092,1.9090909090909092,0.14965454545454537,-0.24056363636363642,14.965454545454538,-24.056363636363642,over,0.6022,0.14965454545454537,14.965454545454538,over,20000
player_reception_yds,JuJu Smith-Schuster,juju smith-schuster,,38.5,-110.0,-110,2024,7,47.5,,False,False,WR,47.17,FA,30-40,222,39.810810810810814,35.42174131599695,1254.699757857405,8.670000000000002,0.6022,0.3978,0.0,-151.38260432378078,151.3826043237808,1.9090909090909092,1.9090909090909092,0.14965454545454537,-0.24056363636363642,14.965454545454538,-24.056363636363642,over,0.6022,0.14965454545454537,14.965454545454538,over,20000
player_reception_yds,Adam Thielen,adam thielen,WR,30.5,-110.0,-110,2024,12,43.0,11.0,False,True,WR,40.12,FA,30-40,222,39.810810810810814,35.42174131599695,1254.699757857405,9.619999999999997,0.60215,0.39785,0.0,-151.35101168782202,151.35101168782205,1.9090909090909092,1.9090909090909092,0.14955909090909092,-0.24046818181818175,14.955909090909092,-24.046818181818175,over,0.60215,0.14955909090909092,14.955909090909092,over,20000
player_reception_yds,Courtland Sutton,courtland sutton,,45.5,-110.0,-110,2024,7,37.0,,False,False,WR,55.96,DEN,40-50,197,52.34517766497462,39.519382558680384,1561.7815978193314,10.46,0.60185,0.39815,0.0,-151.16162250408138,151.16162250408138,1.9090909090909092,1.9090909090909092,0.14898636363636364,-0.23989545454545452,14.898636363636363,-23.989545454545453,over,0.60185,0.14898636363636364,14.898636363636363,over,20000
player_reception_yds,Ja'Marr Chase,jamarr chase,WR,71.5,-110.0,-110,2024,4,47.0,-4.5,True,False,WR,82.88,CIN,60+,244,72.20491803278688,43.97076702840401,1933.4283530661814,11.379999999999995,0.6018,0.3982,0.0,-151.13008538422903,151.13008538422903,1.9090909090909092,1.9090909090909092,0.14889090909090918,-0.23979999999999996,14.889090909090918,-23.979999999999997,over,0.6018,0.14889090909090918,14.889090909090918,over,20000
player_reception_yds,Christian Kirk,christian kirk,WR,45.5,-110.0,-110,2024,6,44.5,-1.5,True,False,WR,55.44,SF,40-50,197,52.34517766497462,39.519382558680384,1561.7815978193314,9.939999999999998,0.60175,0.39825,0.0,-151.09855618330195,151.09855618330195,1.9090909090909092,1.9090909090909092,0.14879545454545462,-0.23970454545454545,14.879545454545461,-23.970454545454544,over,0.60175,0.14879545454545462,14.879545454545461,over,20000
player_reception_yds,Rachaad White,rachaad white,RB,21.5,-110.0,-110,2024,12,40.5,-6.5,True,False,RB,27.88,WAS,20-30,101,28.26732673267327,24.221026388386825,586.658119306931,6.379999999999999,0.6017,0.3983,0.0,-151.06703489831787,151.06703489831787,1.9090909090909092,1.9090909090909092,0.14870000000000005,-0.23960909090909088,14.870000000000005,-23.960909090909087,over,0.6017,0.14870000000000005,14.870000000000005,over,20000
player_reception_yds,Deebo Samuel,deebo samuel,WR,48.5,-110.0,-110,2024,17,50.5,4.0,False,True,WR,58.4,FA,40-50,197,52.34517766497462,39.519382558680384,1561.7815978193314,9.899999999999999,0.6015,0.3985,0.0,-150.94102885821835,150.9410288582183,1.9090909090909092,1.9090909090909092,0.1483181818181819,-0.23922727272727262,14.831818181818191,-23.92272727272726,over,0.6015,0.1483181818181819,14.831818181818191,over,20000
player_reception_yds,Jameson Williams,jameson williams,WR,36.5,-110.0,-110,2024,10,49.0,-4.5,True,False,WR,45.29,DET,30-40,222,39.810810810810814,35.42174131599695,1254.699757857405,8.79,0.60145,0.39855,0.0,-150.9095471082675,150.90954710826747,1.9090909090909092,1.9090909090909092,0.14822272727272745,-0.23913181818181817,14.822272727272745,-23.913181818181815,over,0.60145,0.14822272727272745,14.822272727272745,over,20000
player_reception_yds,T.J. Hockenson,tj hockenson,TE,38.5,-110.0,-110,2024,14,46.5,-6.0,True,False,TE,48.01,MIN,30-40,83,44.18072289156626,36.40127601114409,1325.0528952394943,9.509999999999998,0.6014,0.3986,0.0,-150.8780732563974,150.87807325639736,1.9090909090909092,1.9090909090909092,0.14812727272727289,-0.23903636363636355,14.812727272727289,-23.903636363636355,over,0.6014,0.14812727272727289,14.812727272727289,over,20000
player_reception_yds,Ray-Ray McCloud III,ray-ray mccloud,WR,26.5,-110.0,-110,2024,17,46.5,3.5,False,True,WR,35.11,FA,20-30,224,33.88392857142857,33.6177959681703,1130.1562057575272,8.61,0.60135,0.39865,0.0,-150.8466072996363,150.84660729963628,1.9090909090909092,1.9090909090909092,0.14803181818181832,-0.2389409090909091,14.803181818181832,-23.89409090909091,over,0.60135,0.14803181818181832,14.803181818181832,over,20000
player_reception_yds,Jaxon Smith-Njigba,jaxon smith-njigba,WR,46.5,-110.0,-110,2024,5,42.5,-7.0,True,False,WR,56.23,SEA,40-50,197,52.34517766497462,39.519382558680384,1561.7815978193314,9.729999999999997,0.60135,0.39865,0.0,-150.8466072996363,150.84660729963628,1.9090909090909092,1.9090909090909092,0.14803181818181832,-0.2389409090909091,14.803181818181832,-23.89409090909091,over,0.60135,0.14803181818181832,14.803181818181832,over,20000
player_reception_yds,Kendrick Bourne,kendrick bourne,WR,23.5,-110.0,-110,2024,13,41.5,2.5,False,True,WR,32.22,ARI,20-30,224,33.88392857142857,33.6177959681703,1130.1562057575272,8.719999999999999,0.60125,0.39875,0.0,-150.7836990595611,150.78369905956114,1.9090909090909092,1.9090909090909092,0.14784090909090908,-0.23875000000000002,14.784090909090908,-23.875,over,0.60125,0.14784090909090908,14.784090909090908,over,20000
player_reception_yds,Javonte Williams,javonte williams,RB,15.5,-110.0,-110,2024,13,41.5,-6.5,True,False,RB,20.34,DAL,<20,432,17.046296296296298,19.125546894078457,365.78654399759415,4.84,0.6012,0.3988,0.0,-150.7522567703109,150.75225677031094,1.9090909090909092,1.9090909090909092,0.1477454545454545,-0.2386545454545454,14.774545454545452,-23.86545454545454,over,0.6012,0.1477454545454545,14.774545454545452,over,20000
player_reception_yds,Rachaad White,rachaad white,RB,18.5,-110.0,-110,2024,5,44.0,2.5,False,True,RB,23.3,WAS,<20,432,17.046296296296298,19.125546894078457,365.78654399759415,4.800000000000001,0.6012,0.3988,0.0,-150.7522567703109,150.75225677031094,1.9090909090909092,1.9090909090909092,0.1477454545454545,-0.2386545454545454,14.774545454545452,-23.86545454545454,over,0.6012,0.1477454545454545,14.774545454545452,over,20000
player_reception_yds,Wan'Dale Robinson,wandale robinson,WR,36.5,-110.0,-110,2024,17,40.5,7.5,False,True,WR,45.58,TEN,30-40,222,39.810810810810814,35.42174131599695,1254.699757857405,9.079999999999998,0.60115,0.39885,0.0,-150.72082236429733,150.7208223642974,1.9090909090909092,1.9090909090909092,0.14764999999999995,-0.23855909090909094,14.764999999999995,-23.855909090909094,over,0.60115,0.14764999999999995,14.764999999999995,over,20000
player_reception_yds,Juwan Johnson,juwan johnson,,19.5,-110.0,-110,2024,2,47.0,,False,False,TE,25.42,NO,<20,149,20.28187919463087,23.469612040364684,550.822689325231,5.920000000000002,0.6011,0.3989,0.0,-150.689395838556,150.68939583855604,1.9090909090909092,1.9090909090909092,0.1475545454545455,-0.23846363636363632,14.75545454545455,-23.846363636363634,over,0.6011,0.1475545454545455,14.75545454545455,over,20000
player_reception_yds,Rachaad White,rachaad white,RB,17.5,-110.0,-110,2024,16,47.5,-4.5,True,False,RB,22.26,WAS,<20,432,17.046296296296298,19.125546894078457,365.78654399759415,4.760000000000002,0.6011,0.3989,0.0,-150.689395838556,150.68939583855604,1.9090909090909092,1.9090909090909092,0.1475545454545455,-0.23846363636363632,14.75545454545455,-23.846363636363634,over,0.6011,0.1475545454545455,14.75545454545455,over,20000
player_reception_yds,Zach Ertz,zach ertz,TE,29.5,-110.0,-110,2024,10,45.0,-1.5,True,False,TE,36.55,FA,20-30,155,32.535483870967745,27.73479503577737,769.218855676581,7.049999999999997,0.601,0.399,0.0,-150.62656641604008,150.62656641604008,1.9090909090909092,1.9090909090909092,0.14736363636363636,-0.2382727272727272,14.736363636363636,-23.82727272727272,over,0.601,0.14736363636363636,14.736363636363636,over,20000
player_reception_yds,Darius Slayton,darius slayton,WR,39.5,-110.0,-110,2024,5,42.5,7.0,False,True,WR,48.66,NYG,30-40,222,39.810810810810814,35.42174131599695,1254.699757857405,9.159999999999997,0.60095,0.39905,0.0,-150.59516351334418,150.59516351334418,1.9090909090909092,1.9090909090909092,0.1472681818181818,-0.23817727272727268,14.72681818181818,-23.817727272727268,over,0.60095,0.1472681818181818,14.72681818181818,over,20000
player_reception_yds,Rhamondre Stevenson,rhamondre stevenson,RB,15.5,-110.0,-110,2024,2,39.0,3.5,False,True,RB,20.19,NE,<20,432,17.046296296296298,19.125546894078457,365.78654399759415,4.690000000000001,0.6008,0.3992,0.0,-150.501002004008,150.501002004008,1.9090909090909092,1.9090909090909092,0.1469818181818182,-0.23789090909090904,14.698181818181821,-23.789090909090906,over,0.6008,0.1469818181818182,14.698181818181821,over,20000
player_reception_yds,Erick All,erick all,TE,16.5,-110.0,-110,2024,6,46.0,-4.5,True,False,TE,22.39,CIN,<20,149,20.28187919463087,23.469612040364684,550.822689325231,5.890000000000001,0.6008,0.3992,0.0,-150.501002004008,150.501002004008,1.9090909090909092,1.9090909090909092,0.1469818181818182,-0.23789090909090904,14.698181818181821,-23.789090909090906,over,0.6008,0.1469818181818182,14.698181818181821,over,20000
player_reception_yds,D'Andre Swift,dandre swift,RB,16.5,-110.0,-110,2024,10,37.5,-6.5,True,False,RB,21.05,CHI,<20,432,17.046296296296298,19.125546894078457,365.78654399759415,4.550000000000001,0.6008,0.3992,0.0,-150.501002004008,150.501002004008,1.9090909090909092,1.9090909090909092,0.1469818181818182,-0.23789090909090904,14.698181818181821,-23.789090909090906,over,0.6008,0.1469818181818182,14.698181818181821,over,20000
player_reception_yds,Elijah Higgins,elijah higgins,TE,23.5,-110.0,-110,2024,4,49.0,-3.5,True,False,TE,30.84,ARI,20-30,155,32.535483870967745,27.73479503577737,769.218855676581,7.34,0.60075,0.39925,0.0,-150.46963055729495,150.46963055729495,1.9090909090909092,1.9090909090909092,0.14688636363636365,-0.23779545454545453,14.688636363636364,-23.779545454545453,over,0.60075,0.14688636363636365,14.688636363636364,over,20000
player_reception_yds,Gabe Davis,gabe davis,WR,39.5,-110.0,-110,2024,3,46.5,4.0,False,True,WR,48.64,FA,30-40,222,39.810810810810814,35.42174131599695,1254.699757857405,9.14,0.60075,0.39925,0.0,-150.46963055729495,150.46963055729495,1.9090909090909092,1.9090909090909092,0.14688636363636365,-0.23779545454545453,14.688636363636364,-23.779545454545453,over,0.60075,0.14688636363636365,14.688636363636364,over,20000
player_reception_yds,Khalil Shakir,khalil shakir,WR,52.5,-110.0,-110,2024,16,48.0,-14.0,True,False,WR,63.7,BUF,50-60,175,60.77142857142857,45.23883799407526,2046.5524630541875,11.200000000000003,0.60065,0.39935,0.0,-150.40691123074998,150.40691123074998,1.9090909090909092,1.9090909090909092,0.14669545454545463,-0.23760454545454546,14.669545454545464,-23.760454545454547,over,0.60065,0.14669545454545463,14.669545454545464,over,20000
player_reception_yds,DeAndre Hopkins,deandre hopkins,WR,42.5,-110.0,-110,2024,12,43.0,-11.0,True,False,WR,52.18,BAL,40-50,197,52.34517766497462,39.519382558680384,1561.7815978193314,9.68,0.6005,0.3995,0.0,-150.3128911138924,150.31289111389236,1.9090909090909092,1.9090909090909092,0.14640909090909104,-0.23731818181818182,14.640909090909105,-23.73181818181818,over,0.6005,0.14640909090909104,14.640909090909105,over,20000
player_reception_yds,Adonai Mitchell,adonai mitchell,WR,16.5,-110.0,-110,2024,17,40.5,-7.5,True,False,WR,22.42,NYJ,<20,194,20.84536082474227,23.784379500884214,565.6967082420812,5.920000000000002,0.6004,0.3996,0.0,-150.25025025025028,150.25025025025028,1.9090909090909092,1.9090909090909092,0.1462181818181819,-0.23712727272727274,14.621818181818192,-23.712727272727275,over,0.6004,0.1462181818181819,14.621818181818192,over,20000
player_reception_yds,Nick Westbrook-Ikhine,nick westbrook-ikhine,WR,27.5,-110.0,-110,2024,17,38.0,-1.0,True,False,WR,36.59,IND,20-30,224,33.88392857142857,33.6177959681703,1130.1562057575272,9.090000000000003,0.6004,0.3996,0.0,-150.25025025025028,150.25025025025028,1.9090909090909092,1.9090909090909092,0.1462181818181819,-0.23712727272727274,14.621818181818192,-23.712727272727275,over,0.6004,0.1462181818181819,14.621818181818192,over,20000
player_reception_yds,Mason Tipton,mason tipton,WR,24.5,-105.0,-115,2024,9,43.5,-7.0,True,False,WR,32.09,NO,20-30,224,33.88392857142857,33.6177959681703,1130.1562057575272,7.590000000000003,0.58705,0.41295,0.0,-142.16006780481896,142.160067804819,1.9523809523809523,1.8695652173913042,0.14614523809523794,-0.22796304347826102,14.614523809523794,-22.7963043478261,over,0.58705,0.14614523809523794,14.614523809523794,over,20000
player_reception_yds,Marquez Valdes-Scantling,marquez valdes-scantling,WR,24.5,-110.0,-110,2024,10,46.5,3.5,False,True,WR,32.1,DAL,20-30,224,33.88392857142857,33.6177959681703,1130.1562057575272,7.600000000000001,0.6003,0.3997,0.0,-150.18764073054788,150.18764073054794,1.9090909090909092,1.9090909090909092,0.14602727272727267,-0.23693636363636367,14.602727272727268,-23.693636363636365,over,0.6003,0.14602727272727267,14.602727272727268,over,20000
player_reception_yds,Mason Tipton,mason tipton,WR,17.5,-110.0,-110,2024,8,41.5,7.0,False,True,WR,23.24,NO,<20,194,20.84536082474227,23.784379500884214,565.6967082420812,5.739999999999998,0.60015,0.39985,0.0,-150.09378516943852,150.09378516943852,1.9090909090909092,1.9090909090909092,0.1457409090909091,-0.23664999999999997,14.57409090909091,-23.664999999999996,over,0.60015,0.1457409090909091,14.57409090909091,over,20000
player_reception_yds,Bijan Robinson,bijan robinson,RB,27.5,-110.0,-110,2024,1,43.0,-4.0,True,False,RB,33.34,ATL,20-30,101,28.26732673267327,24.221026388386825,586.658119306931,5.840000000000003,0.60005,0.39995,0.0,-150.03125390673833,150.03125390673833,1.9090909090909092,1.9090909090909092,0.14554999999999996,-0.23645909090909084,14.554999999999996,-23.645909090909083,over,0.60005,0.14554999999999996,14.554999999999996,over,20000
player_reception_yds,Keon Coleman,keon coleman,WR,31.5,-110.0,-110,2024,6,42.0,-1.0,True,False,WR,40.86,BUF,30-40,222,39.810810810810814,35.42174131599695,1254.699757857405,9.36,0.6,0.4,0.0,-150.0,150.0,1.9090909090909092,1.9090909090909092,0.1454545454545455,-0.23636363636363628,14.54545454545455,-23.636363636363626,over,0.6,0.1454545454545455,14.54545454545455,over,20000
player_reception_yds,Jaxon Smith-Njigba,jaxon smith-njigba,WR,46.5,-110.0,-110,2024,6,49.0,3.5,False,True,WR,56.93,SEA,40-50,197,52.34517766497462,39.519382558680384,1561.7815978193314,10.43,0.59995,0.40005,0.0,-149.96875390576176,149.96875390576176,1.9090909090909092,1.9090909090909092,0.14535909090909094,-0.23626818181818177,14.535909090909094,-23.626818181818177,over,0.59995,0.14535909090909094,14.535909090909094,over,20000
player_reception_yds,Noah Fant,noah fant,TE,25.5,-110.0,-110,2024,4,46.5,3.5,False,True,TE,32.23,NO,20-30,155,32.535483870967745,27.73479503577737,769.218855676581,6.729999999999997,0.59985,0.40015,0.0,-149.90628514307136,149.90628514307136,1.9090909090909092,1.9090909090909092,0.1451681818181818,-0.2360772727272727,14.51681818181818,-23.60772727272727,over,0.59985,0.1451681818181818,14.51681818181818,over,20000
player_reception_yds,Rashid Shaheed,rashid shaheed,WR,36.5,-110.0,-110,2024,1,41.5,-3.5,True,False,WR,45.38,SEA,30-40,222,39.810810810810814,35.42174131599695,1254.699757857405,8.880000000000003,0.5998,0.4002,0.0,-149.8750624687656,149.8750624687656,1.9090909090909092,1.9090909090909092,0.14507272727272735,-0.23598181818181813,14.507272727272735,-23.598181818181814,over,0.5998,0.14507272727272735,14.507272727272735,over,20000
player_reception_yds,DeAndre Hopkins,deandre hopkins,WR,43.5,-110.0,-110,2024,1,43.0,4.0,False,True,WR,52.8,BAL,40-50,197,52.34517766497462,39.519382558680384,1561.7815978193314,9.299999999999997,0.5996,0.4004,0.0,-149.75024975024976,149.75024975024976,1.9090909090909092,1.9090909090909092,0.1446909090909092,-0.23560000000000003,14.46909090909092,-23.560000000000002,over,0.5996,0.1446909090909092,14.46909090909092,over,20000
player_reception_yds,Zay Flowers,zay flowers,WR,49.5,-110.0,-110,2024,2,41.0,-9.0,True,False,WR,60.12,BAL,40-50,197,52.34517766497462,39.519382558680384,1561.7815978193314,10.619999999999997,0.59945,0.40055,0.0,-149.6567220072401,149.65672200724006,1.9090909090909092,1.9090909090909092,0.14440454545454562,-0.23531363636363634,14.440454545454562,-23.531363636363633,over,0.59945,0.14440454545454562,14.440454545454562,over,20000
player_reception_yds,Tre Tucker,tre tucker,WR,27.5,-110.0,-110,2024,16,41.5,-2.5,True,False,WR,35.46,LV,20-30,224,33.88392857142857,33.6177959681703,1130.1562057575272,7.960000000000001,0.5993,0.4007,0.0,-149.5632642874969,149.56326428749685,1.9090909090909092,1.9090909090909092,0.14411818181818192,-0.23502727272727264,14.411818181818193,-23.502727272727263,over,0.5993,0.14411818181818192,14.411818181818193,over,20000
player_reception_yds,Jahmyr Gibbs,jahmyr gibbs,RB,19.5,-110.0,-110,2024,8,45.0,-12.5,True,False,RB,24.3,DET,<20,432,17.046296296296298,19.125546894078457,365.78654399759415,4.800000000000001,0.5988,0.4012,0.0,-149.25224327018944,149.25224327018944,1.9090909090909092,1.9090909090909092,0.14316363636363638,-0.23407272727272727,14.316363636363638,-23.407272727272726,over,0.5988,0.14316363636363638,14.316363636363638,over,20000
player_reception_yds,Keenan Allen,keenan allen,WR,40.5,-110.0,-110,2024,4,40.0,-3.0,True,False,WR,49.89,LAC,40-50,197,52.34517766497462,39.519382558680384,1561.7815978193314,9.39,0.5988,0.4012,0.0,-149.25224327018944,149.25224327018944,1.9090909090909092,1.9090909090909092,0.14316363636363638,-0.23407272727272727,14.316363636363638,-23.407272727272726,over,0.5988,0.14316363636363638,14.316363636363638,over,20000
player_reception_yds,Jalin Hyatt,jalin hyatt,WR,18.5,-110.0,-110,2024,6,46.0,4.5,False,True,WR,24.35,NYG,<20,194,20.84536082474227,23.784379500884214,565.6967082420812,5.850000000000001,0.5986,0.4014,0.0,-149.1280518186348,149.1280518186348,1.9090909090909092,1.9090909090909092,0.14278181818181823,-0.23369090909090912,14.278181818181823,-23.36909090909091,over,0.5986,0.14278181818181823,14.278181818181823,over,20000
player_reception_yds,Jakobi Meyers,jakobi meyers,WR,57.5,-110.0,-110,2024,15,44.5,6.5,False,True,WR,68.71,JAC,50-60,175,60.77142857142857,45.23883799407526,2046.5524630541875,11.209999999999994,0.59855,0.40145,0.0,-149.09702329057168,149.09702329057168,1.9090909090909092,1.9090909090909092,0.14268636363636378,-0.23359545454545455,14.268636363636379,-23.359545454545454,over,0.59855,0.14268636363636378,14.268636363636379,over,20000
player_reception_yds,Courtland Sutton,courtland sutton,WR,47.5,-110.0,-110,2024,6,37.0,3.0,False,True,WR,57.68,DEN,40-50,197,52.34517766497462,39.519382558680384,1561.7815978193314,10.18,0.59845,0.40155,0.0,-149.034989416013,149.03498941601293,1.9090909090909092,1.9090909090909092,0.14249545454545465,-0.2334045454545453,14.249545454545466,-23.34045454545453,over,0.59845,0.14249545454545465,14.249545454545466,over,20000
player_reception_yds,Marvin Harrison Jr.,marvin harrison,WR,61.5,-110.0,-110,2024,3,51.5,3.0,False,True,WR,72.25,ARI,60+,244,72.20491803278688,43.97076702840401,1933.4283530661814,10.75,0.5984,0.4016,0.0,-149.00398406374504,149.00398406374504,1.9090909090909092,1.9090909090909092,0.14240000000000008,-0.2333090909090909,14.240000000000009,-23.330909090909092,over,0.5984,0.14240000000000008,14.240000000000009,over,20000
player_reception_yds,Joe Mixon,joe mixon,RB,18.5,-110.0,-110,2024,10,49.0,4.5,False,True,RB,22.98,FA,<20,432,17.046296296296298,19.125546894078457,365.78654399759415,4.48,0.5983,0.4017,0.0,-148.94199651481208,148.94199651481208,1.9090909090909092,1.9090909090909092,0.14220909090909106,-0.23311818181818184,14.220909090909107,-23.311818181818182,over,0.5983,0.14220909090909106,14.220909090909107,over,20000
player_reception_yds,Rashod Bateman,rashod bateman,WR,27.5,-110.0,-110,2024,4,46.5,-2.5,True,False,WR,35.59,BAL,20-30,224,33.88392857142857,33.6177959681703,1130.1562057575272,8.090000000000003,0.59825,0.40175,0.0,-148.9110143123833,148.91101431238332,1.9090909090909092,1.9090909090909092,0.14211363636363628,-0.23302272727272721,14.211363636363627,-23.302272727272722,over,0.59825,0.14211363636363628,14.211363636363627,over,20000
player_reception_yds,Garrett Wilson,garrett wilson,WR,54.5,-110.0,-110,2024,7,40.0,-3.0,True,False,WR,65.15,NYJ,50-60,175,60.77142857142857,45.23883799407526,2046.5524630541875,10.650000000000006,0.59805,0.40195,0.0,-148.78716258241073,148.78716258241076,1.9090909090909092,1.9090909090909092,0.14173181818181813,-0.23264090909090906,14.173181818181813,-23.264090909090907,over,0.59805,0.14173181818181813,14.173181818181813,over,20000
player_reception_yds,Austin Ekeler,austin ekeler,RB,18.5,-110.0,-110,2024,1,42.0,4.0,False,True,RB,23.19,FA,<20,432,17.046296296296298,19.125546894078457,365.78654399759415,4.690000000000001,0.59795,0.40205,0.0,-148.72528292500934,148.72528292500934,1.9090909090909092,1.9090909090909092,0.1415409090909091,-0.23244999999999993,14.154090909090911,-23.244999999999994,over,0.59795,0.1415409090909091,14.154090909090911,over,20000
player_reception_yds,Amon-Ra St. Brown,amon-ra st brown,WR,73.5,-110.0,-110,2024,3,51.5,-3.0,True,False,WR,84.94,DET,60+,244,72.20491803278688,43.97076702840401,1933.4283530661814,11.439999999999998,0.5978,0.4022,0.0,-148.6325211337643,148.6325211337643,1.9090909090909092,1.9090909090909092,0.14125454545454552,-0.23216363636363635,14.125454545454552,-23.216363636363635,over,0.5978,0.14125454545454552,14.125454545454552,over,20000
player_reception_yds,Kayshon Boutte,kayshon boutte,WR,18.5,-110.0,-110,2024,8,41.0,7.0,False,True,WR,23.71,NE,<20,194,20.84536082474227,23.784379500884214,565.6967082420812,5.210000000000001,0.59765,0.40235,0.0,-148.53982850751834,148.53982850751834,1.9090909090909092,1.9090909090909092,0.14096818181818194,-0.2318772727272727,14.096818181818193,-23.187727272727273,over,0.59765,0.14096818181818194,14.096818181818193,over,20000
player_reception_yds,Jameson Williams,jameson williams,WR,43.5,-110.0,-110,2024,12,50.5,-7.0,True,False,WR,52.72,DET,40-50,197,52.34517766497462,39.519382558680384,1561.7815978193314,9.219999999999999,0.5972,0.4028,0.0,-148.26216484607744,148.26216484607747,1.9090909090909092,1.9090909090909092,0.14010909090909085,-0.23101818181818173,14.010909090909085,-23.101818181818174,over,0.5972,0.14010909090909085,14.010909090909085,over,20000
player_reception_yds,De'Von Achane,devon achane,RB,38.5,-110.0,-110,2024,9,49.0,6.5,False,True,RB,33.45,MIA,30-40,24,36.0,21.178703511203796,448.537482415476,-5.049999999999997,0.40295,0.59705,0.0,148.1697481077057,-148.16974810770566,1.9090909090909092,1.9090909090909092,-0.23073181818181826,0.13982272727272727,-23.073181818181826,13.982272727272726,under,0.59705,0.13982272727272727,13.982272727272726,under,20000
player_reception_yds,Davante Adams,davante adams,WR,56.5,-110.0,-110,2024,2,41.0,9.0,False,True,WR,67.49,LAR,50-60,175,60.77142857142857,45.23883799407526,2046.5524630541875,10.989999999999995,0.59705,0.40295,0.0,-148.16974810770566,148.1697481077057,1.9090909090909092,1.9090909090909092,0.13982272727272727,-0.23073181818181826,13.982272727272726,-23.073181818181826,over,0.59705,0.13982272727272727,13.982272727272726,over,20000
player_reception_yds,Mack Hollins,mack hollins,WR,16.5,-110.0,-110,2024,2,48.5,2.5,False,True,WR,22.27,NE,<20,194,20.84536082474227,23.784379500884214,565.6967082420812,5.77,0.59705,0.40295,0.0,-148.16974810770566,148.1697481077057,1.9090909090909092,1.9090909090909092,0.13982272727272727,-0.23073181818181826,13.982272727272726,-23.073181818181826,over,0.59705,0.13982272727272727,13.982272727272726,over,20000
player_reception_yds,Amari Cooper,amari cooper,WR,56.5,-110.0,-110,2024,1,42.0,-2.5,True,False,WR,67.46,FA,50-60,175,60.77142857142857,45.23883799407526,2046.5524630541875,10.959999999999994,0.59695,0.40305,0.0,-148.10817516437166,148.10817516437166,1.9090909090909092,1.9090909090909092,0.13963181818181825,-0.23054090909090902,13.963181818181825,-23.054090909090903,over,0.59695,0.13963181818181825,13.963181818181825,over,20000
player_reception_yds,Puka Nacua,puka nacua,WR,65.5,-110.0,-110,2024,10,49.5,-2.5,True,False,WR,77.22,LAR,60+,244,72.20491803278688,43.97076702840401,1933.4283530661814,11.719999999999999,0.59665,0.40335,0.0,-147.92363951902814,147.92363951902814,1.9090909090909092,1.9090909090909092,0.13905909090909097,-0.2299681818181818,13.905909090909097,-22.996818181818178,over,0.59665,0.13905909090909097,13.905909090909097,over,20000
player_reception_yds,Christian Kirk,christian kirk,WR,50.5,-110.0,-110,2024,2,41.5,-3.0,True,False,WR,61.07,SF,50-60,175,60.77142857142857,45.23883799407526,2046.5524630541875,10.57,0.59655,0.40345,0.0,-147.86218862312555,147.86218862312555,1.9090909090909092,1.9090909090909092,0.13886818181818195,-0.22977727272727272,13.886818181818194,-22.97772727272727,over,0.59655,0.13886818181818195,13.886818181818194,over,20000
player_reception_yds,Xavier Legette,xavier legette,WR,37.5,-110.0,-110,2024,7,51.0,10.0,False,True,WR,46.4,CAR,30-40,222,39.810810810810814,35.42174131599695,1254.699757857405,8.899999999999999,0.59655,0.40345,0.0,-147.86218862312555,147.86218862312555,1.9090909090909092,1.9090909090909092,0.13886818181818195,-0.22977727272727272,13.886818181818194,-22.97772727272727,over,0.59655,0.13886818181818195,13.886818181818194,over,20000
player_reception_yds,Cedric Tillman,cedric tillman,WR,42.5,-110.0,-110,2024,12,36.5,3.5,False,True,WR,51.94,CLE,40-50,197,52.34517766497462,39.519382558680384,1561.7815978193314,9.439999999999998,0.59655,0.40345,0.0,-147.86218862312555,147.86218862312555,1.9090909090909092,1.9090909090909092,0.13886818181818195,-0.22977727272727272,13.886818181818194,-22.97772727272727,over,0.59655,0.13886818181818195,13.886818181818194,over,20000
player_reception_yds,Dalton Kincaid,dalton kincaid,TE,41.5,-110.0,-110,2024,2,48.5,2.5,False,True,TE,48.88,BUF,40-50,77,42.8051948051948,30.604649640714655,936.6445796308957,7.380000000000003,0.5965,0.4035,0.0,-147.83147459727388,147.83147459727385,1.9090909090909092,1.9090909090909092,0.13877272727272738,-0.22968181818181815,13.877272727272738,-22.968181818181815,over,0.5965,0.13877272727272738,13.877272727272738,over,20000
player_reception_yds,Jake Ferguson,jake ferguson,TE,40.5,-110.0,-110,2024,4,45.0,-5.5,True,False,TE,47.89,DAL,40-50,77,42.8051948051948,30.604649640714655,936.6445796308957,7.390000000000001,0.5965,0.4035,0.0,-147.83147459727388,147.83147459727385,1.9090909090909092,1.9090909090909092,0.13877272727272738,-0.22968181818181815,13.877272727272738,-22.968181818181815,over,0.5965,0.13877272727272738,13.877272727272738,over,20000
player_reception_yds,Sterling Shepard,sterling shepard,WR,29.5,-110.0,-110,2024,10,50.5,6.5,False,True,WR,38.01,FA,20-30,224,33.88392857142857,33.6177959681703,1130.1562057575272,8.509999999999998,0.5963,0.4037,0.0,-147.7086945751796,147.7086945751796,1.9090909090909092,1.9090909090909092,0.13839090909090923,-0.2293,13.839090909090924,-22.93,over,0.5963,0.13839090909090923,13.839090909090924,over,20000
player_reception_yds,Joe Mixon,joe mixon,RB,16.5,-110.0,-110,2024,12,40.5,-8.0,True,False,RB,21.37,FA,<20,432,17.046296296296298,19.125546894078457,365.78654399759415,4.870000000000001,0.5963,0.4037,0.0,-147.7086945751796,147.7086945751796,1.9090909090909092,1.9090909090909092,0.13839090909090923,-0.2293,13.839090909090924,-22.93,over,0.5963,0.13839090909090923,13.839090909090924,over,20000
player_reception_yds,Chuba Hubbard,chuba hubbard,RB,16.5,-110.0,-110,2024,6,45.5,6.0,False,True,RB,21.38,CAR,<20,432,17.046296296296298,19.125546894078457,365.78654399759415,4.879999999999999,0.59625,0.40375,0.0,-147.67801857585135,147.67801857585138,1.9090909090909092,1.9090909090909092,0.13829545454545444,-0.22920454545454538,13.829545454545444,-22.92045454545454,over,0.59625,0.13829545454545444,13.829545454545444,over,20000
player_reception_yds,Demarcus Robinson,demarcus robinson,WR,40.5,-110.0,-110,2024,2,47.5,-1.0,True,False,WR,49.54,SF,40-50,197,52.34517766497462,39.519382558680384,1561.7815978193314,9.04,0.59605,0.40395,0.0,-147.5553905186285,147.55539051862854,1.9090909090909092,1.9090909090909092,0.1379136363636364,-0.22882272727272723,13.791363636363641,-22.882272727272724,over,0.59605,0.1379136363636364,13.791363636363641,over,20000
player_reception_yds,Zach Ertz,zach ertz,TE,23.5,-110.0,-110,2024,5,44.0,-3.0,True,False,TE,30.06,FA,20-30,155,32.535483870967745,27.73479503577737,769.218855676581,6.559999999999999,0.596,0.404,0.0,-147.5247524752475,147.5247524752475,1.9090909090909092,1.9090909090909092,0.13781818181818184,-0.22872727272727267,13.781818181818185,-22.872727272727268,over,0.596,0.13781818181818184,13.781818181818185,over,20000
player_reception_yds,Demarcus Robinson,demarcus robinson,WR,27.5,-110.0,-110,2024,10,49.5,-2.5,True,False,WR,35.79,SF,20-30,224,33.88392857142857,33.6177959681703,1130.1562057575272,8.29,0.59595,0.40405,0.0,-147.49412201460214,147.49412201460214,1.9090909090909092,1.9090909090909092,0.13772272727272727,-0.2286318181818181,13.772272727272728,-22.86318181818181,over,0.59595,0.13772272727272727,13.772272727272728,over,20000
player_reception_yds,Sterling Shepard,sterling shepard,WR,21.5,-110.0,-110,2024,13,46.0,-6.5,True,False,WR,29.54,FA,20-30,224,33.88392857142857,33.6177959681703,1130.1562057575272,8.04,0.59585,0.40415,0.0,-147.43288383026103,147.43288383026103,1.9090909090909092,1.9090909090909092,0.13753181818181826,-0.22844090909090903,13.753181818181826,-22.8440909090909,over,0.59585,0.13753181818181826,13.753181818181826,over,20000
player_reception_yds,Allen Lazard,allen lazard,WR,18.5,-110.0,-110,2024,1,43.0,3.5,False,True,WR,24.35,FA,<20,194,20.84536082474227,23.784379500884214,565.6967082420812,5.850000000000001,0.59575,0.40425,0.0,-147.37167594310452,147.37167594310452,1.9090909090909092,1.9090909090909092,0.13734090909090912,-0.22824999999999995,13.734090909090913,-22.824999999999996,over,0.59575,0.13734090909090912,13.734090909090913,over,20000
player_reception_yds,Brandon Aiyuk,brandon aiyuk,WR,57.5,-110.0,-110,2024,4,41.5,-10.5,True,False,WR,68.34,SF,50-60,175,60.77142857142857,45.23883799407526,2046.5524630541875,10.840000000000003,0.59575,0.40425,0.0,-147.37167594310452,147.37167594310452,1.9090909090909092,1.9090909090909092,0.13734090909090912,-0.22824999999999995,13.734090909090913,-22.824999999999996,over,0.59575,0.13734090909090912,13.734090909090913,over,20000
player_reception_yds,Jonnu Smith,jonnu smith,TE,35.5,-110.0,-110,2024,12,46.0,-7.5,True,False,TE,44.32,FA,30-40,83,44.18072289156626,36.40127601114409,1325.0528952394943,8.82,0.59565,0.40435,0.0,-147.31049833065413,147.31049833065413,1.9090909090909092,1.9090909090909092,0.1371500000000001,-0.22805909090909088,13.71500000000001,-22.805909090909086,over,0.59565,0.1371500000000001,13.71500000000001,over,20000
player_reception_yds,Mack Hollins,mack hollins,WR,23.5,-110.0,-110,2024,5,48.0,1.0,False,True,WR,31.49,NE,20-30,224,33.88392857142857,33.6177959681703,1130.1562057575272,7.989999999999998,0.5953,0.4047,0.0,-147.0966147763776,147.09661477637755,1.9090909090909092,1.9090909090909092,0.13648181818181837,-0.22739090909090898,13.648181818181836,-22.739090909090898,over,0.5953,0.13648181818181837,13.648181818181836,over,20000
player_reception_yds,Quentin Johnston,quentin johnston,WR,35.5,-110.0,-110,2024,4,41.5,7.5,False,True,WR,43.99,LAC,30-40,222,39.810810810810814,35.42174131599695,1254.699757857405,8.490000000000002,0.59525,0.40475,0.0,-147.06609017912288,147.06609017912294,1.9090909090909092,1.9090909090909092,0.13638636363636358,-0.22729545454545458,13.638636363636358,-22.72954545454546,over,0.59525,0.13638636363636358,13.638636363636358,over,20000
player_reception_yds,Juwan Johnson,juwan johnson,TE,24.5,-110.0,-110,2024,9,43.5,-7.0,True,False,TE,30.91,NO,20-30,155,32.535483870967745,27.73479503577737,769.218855676581,6.41,0.59525,0.40475,0.0,-147.06609017912288,147.06609017912294,1.9090909090909092,1.9090909090909092,0.13638636363636358,-0.22729545454545458,13.638636363636358,-22.72954545454546,over,0.59525,0.13638636363636358,13.638636363636358,over,20000
player_reception_yds,Michael Wilson,michael wilson,WR,29.5,-110.0,-110,2024,1,46.0,6.5,False,True,WR,37.22,ARI,20-30,224,33.88392857142857,33.6177959681703,1130.1562057575272,7.719999999999999,0.59515,0.40485,0.0,-147.00506360380385,147.0050636038039,1.9090909090909092,1.9090909090909092,0.13619545454545456,-0.2271045454545455,13.619545454545456,-22.71045454545455,over,0.59515,0.13619545454545456,13.619545454545456,over,20000
player_reception_yds,Evan Engram,evan engram,TE,44.5,-110.0,-110,2024,1,49.5,3.5,False,True,TE,52.19,DEN,40-50,77,42.8051948051948,30.604649640714655,936.6445796308957,7.689999999999998,0.59515,0.40485,0.0,-147.00506360380385,147.0050636038039,1.9090909090909092,1.9090909090909092,0.13619545454545456,-0.2271045454545455,13.619545454545456,-22.71045454545455,over,0.59515,0.13619545454545456,13.619545454545456,over,20000
player_reception_yds,Jaylen Warren,jaylen warren,RB,15.5,-110.0,-110,2024,13,46.0,3.0,False,True,RB,19.91,PIT,<20,432,17.046296296296298,19.125546894078457,365.78654399759415,4.41,0.59505,0.40495,0.0,-146.94406716878623,146.9440671687863,1.9090909090909092,1.9090909090909092,0.13600454545454543,-0.22691363636363643,13.600454545454543,-22.691363636363644,over,0.59505,0.13600454545454543,13.600454545454543,over,20000
player_reception_yds,Aaron Jones,aaron jones,RB,16.5,-110.0,-110,2024,16,43.0,-2.5,True,False,RB,21.13,MIN,<20,432,17.046296296296298,19.125546894078457,365.78654399759415,4.629999999999999,0.595,0.405,0.0,-146.91358024691357,146.91358024691357,1.9090909090909092,1.9090909090909092,0.13590909090909087,-0.22681818181818175,13.590909090909086,-22.681818181818176,over,0.595,0.13590909090909087,13.590909090909086,over,20000
player_reception_yds,Michael Pittman Jr.,michael pittman,WR,43.5,-110.0,-110,2024,7,44.0,-3.0,True,False,WR,53.15,PIT,40-50,197,52.34517766497462,39.519382558680384,1561.7815978193314,9.649999999999999,0.595,0.405,0.0,-146.91358024691357,146.91358024691357,1.9090909090909092,1.9090909090909092,0.13590909090909087,-0.22681818181818175,13.590909090909086,-22.681818181818176,over,0.595,0.13590909090909087,13.590909090909086,over,20000
player_reception_yds,Tucker Kraft,tucker kraft,TE,34.5,-110.0,-110,2024,14,53.0,3.0,False,True,TE,42.96,GB,30-40,83,44.18072289156626,36.40127601114409,1325.0528952394943,8.46,0.595,0.405,0.0,-146.91358024691357,146.91358024691357,1.9090909090909092,1.9090909090909092,0.13590909090909087,-0.22681818181818175,13.590909090909086,-22.681818181818176,over,0.595,0.13590909090909087,13.590909090909086,over,20000
player_reception_yds,Ray-Ray McCloud III,ray-ray mccloud,WR,16.5,-110.0,-110,2024,1,43.0,-4.0,True,False,WR,22.49,FA,<20,194,20.84536082474227,23.784379500884214,565.6967082420812,5.989999999999998,0.59495,0.40505,0.0,-146.8831008517467,146.8831008517467,1.9090909090909092,1.9090909090909092,0.13581363636363641,-0.2267227272727272,13.58136363636364,-22.67227272727272,over,0.59495,0.13581363636363641,13.58136363636364,over,20000
player_reception_yds,DeMario Douglas,demario douglas,WR,34.5,-110.0,-110,2024,9,38.5,3.0,False,True,WR,43.18,NE,30-40,222,39.810810810810814,35.42174131599695,1254.699757857405,8.68,0.59495,0.40505,0.0,-146.8831008517467,146.8831008517467,1.9090909090909092,1.9090909090909092,0.13581363636363641,-0.2267227272727272,13.58136363636364,-22.67227272727272,over,0.59495,0.13581363636363641,13.58136363636364,over,20000
player_reception_yds,Jake Bobo,jake bobo,WR,28.5,-110.0,-110,2024,9,48.5,1.5,False,True,WR,36.19,SEA,20-30,224,33.88392857142857,33.6177959681703,1130.1562057575272,7.689999999999998,0.59495,0.40505,0.0,-146.8831008517467,146.8831008517467,1.9090909090909092,1.9090909090909092,0.13581363636363641,-0.2267227272727272,13.58136363636364,-22.67227272727272,over,0.59495,0.13581363636363641,13.58136363636364,over,20000
player_reception_yds,Xavier Worthy,xavier worthy,WR,37.5,-110.0,-110,2024,4,41.5,-7.5,True,False,WR,46.15,KC,30-40,222,39.810810810810814,35.42174131599695,1254.699757857405,8.649999999999999,0.59495,0.40505,0.0,-146.8831008517467,146.8831008517467,1.9090909090909092,1.9090909090909092,0.13581363636363641,-0.2267227272727272,13.58136363636364,-22.67227272727272,over,0.59495,0.13581363636363641,13.58136363636364,over,20000
player_reception_yds,Joe Mixon,joe mixon,RB,20.5,-110.0,-110,2024,15,46.5,-2.5,True,False,RB,26.42,FA,20-30,101,28.26732673267327,24.221026388386825,586.658119306931,5.920000000000002,0.59485,0.40515,0.0,-146.8221646303838,146.8221646303838,1.9090909090909092,1.9090909090909092,0.13562272727272728,-0.2265318181818181,13.562272727272727,-22.65318181818181,over,0.59485,0.13562272727272728,13.562272727272727,over,20000
player_reception_yds,Keon Coleman,keon coleman,WR,44.5,-110.0,-110,2024,2,48.5,2.5,False,True,WR,53.54,BUF,40-50,197,52.34517766497462,39.519382558680384,1561.7815978193314,9.04,0.59475,0.40525,0.0,-146.76125848241827,146.76125848241827,1.9090909090909092,1.9090909090909092,0.13543181818181826,-0.22634090909090904,13.543181818181827,-22.634090909090904,over,0.59475,0.13543181818181826,13.543181818181827,over,20000
player_reception_yds,Amari Cooper,amari cooper,,46.5,-110.0,-110,2024,15,55.5,,False,False,WR,56.54,FA,40-50,197,52.34517766497462,39.519382558680384,1561.7815978193314,10.04,0.59455,0.40545,0.0,-146.63953631767174,146.63953631767174,1.9090909090909092,1.9090909090909092,0.13505000000000011,-0.22595909090909094,13.505000000000011,-22.595909090909096,over,0.59455,0.13505000000000011,13.505000000000011,over,20000
player_reception_yds,James Cook,james cook,RB,19.5,-110.0,-110,2024,1,46.0,-6.5,True,False,RB,24.06,BUF,<20,432,17.046296296296298,19.125546894078457,365.78654399759415,4.559999999999999,0.59445,0.40555,0.0,-146.57872025644187,146.57872025644184,1.9090909090909092,1.9090909090909092,0.13485909090909098,-0.2257681818181817,13.485909090909098,-22.57681818181817,over,0.59445,0.13485909090909098,13.485909090909098,over,20000
player_reception_yds,Nick Westbrook-Ikhine,nick westbrook-ikhine,WR,32.5,-110.0,-110,2024,13,45.0,6.0,False,True,WR,41.22,IND,30-40,222,39.810810810810814,35.42174131599695,1254.699757857405,8.719999999999999,0.5941,0.4059,0.0,-146.36610002463658,146.36610002463664,1.9090909090909092,1.9090909090909092,0.13419090909090903,-0.22510000000000008,13.419090909090903,-22.51000000000001,over,0.5941,0.13419090909090903,13.419090909090903,over,20000
player_reception_yds,Travis Etienne Jr.,travis etienne,RB,17.5,-110.0,-110,2024,5,45.0,-3.5,True,False,RB,21.84,NO,<20,432,17.046296296296298,19.125546894078457,365.78654399759415,4.34,0.5941,0.4059,0.0,-146.36610002463658,146.36610002463664,1.9090909090909092,1.9090909090909092,0.13419090909090903,-0.22510000000000008,13.419090909090903,-22.51000000000001,over,0.5941,0.13419090909090903,13.419090909090903,over,20000
player_reception_yds,Tyler Lockett,tyler lockett,WR,42.5,-110.0,-110,2024,2,39.0,-3.5,True,False,WR,51.7,LV,40-50,197,52.34517766497462,39.519382558680384,1561.7815978193314,9.200000000000003,0.59405,0.40595,0.0,-146.3357556349304,146.3357556349304,1.9090909090909092,1.9090909090909092,0.13409545454545457,-0.2250045454545454,13.409545454545457,-22.50045454545454,over,0.59405,0.13409545454545457,13.409545454545457,over,20000
player_reception_yds,Rashod Bateman,rashod bateman,WR,34.5,-110.0,-110,2024,11,48.0,-3.0,True,False,WR,43.03,BAL,30-40,222,39.810810810810814,35.42174131599695,1254.699757857405,8.530000000000001,0.59405,0.40595,0.0,-146.3357556349304,146.3357556349304,1.9090909090909092,1.9090909090909092,0.13409545454545457,-0.2250045454545454,13.409545454545457,-22.50045454545454,over,0.59405,0.13409545454545457,13.409545454545457,over,20000
player_reception_yds,Xavier Worthy,xavier worthy,WR,34.5,-110.0,-110,2024,12,43.0,-11.0,True,False,WR,42.47,KC,30-40,222,39.810810810810814,35.42174131599695,1254.699757857405,7.969999999999999,0.59385,0.40615,0.0,-146.21445278837868,146.21445278837868,1.9090909090909092,1.9090909090909092,0.13371363636363642,-0.2246227272727272,13.371363636363643,-22.46227272727272,over,0.59385,0.13371363636363642,13.371363636363643,over,20000
player_reception_yds,Troy Franklin,troy franklin,WR,16.5,-110.0,-110,2024,11,44.5,-2.0,True,False,WR,21.93,DEN,<20,194,20.84536082474227,23.784379500884214,565.6967082420812,5.43,0.5938,0.4062,0.0,-146.18414574101428,146.18414574101428,1.9090909090909092,1.9090909090909092,0.13361818181818186,-0.2245272727272727,13.361818181818187,-22.45272727272727,over,0.5938,0.13361818181818186,13.361818181818187,over,20000
player_reception_yds,Rome Odunze,rome odunze,WR,32.5,-110.0,-110,2024,5,40.0,-4.0,True,False,WR,41.27,CHI,30-40,222,39.810810810810814,35.42174131599695,1254.699757857405,8.770000000000003,0.5936,0.4064,0.0,-146.06299212598427,146.06299212598427,1.9090909090909092,1.9090909090909092,0.1332363636363637,-0.22414545454545454,13.323636363636371,-22.414545454545454,over,0.5936,0.1332363636363637,13.323636363636371,over,20000
player_reception_yds,Foster Moreau,foster moreau,TE,17.5,-110.0,-110,2024,3,49.0,-2.5,True,False,TE,23.11,HOU,<20,149,20.28187919463087,23.469612040364684,550.822689325231,5.609999999999999,0.59325,0.40675,0.0,-145.85125998770746,145.85125998770744,1.9090909090909092,1.9090909090909092,0.13256818181818197,-0.22347727272727275,13.256818181818197,-22.347727272727276,over,0.59325,0.13256818181818197,13.256818181818197,over,20000
player_reception_yds,Michael Wilson,michael wilson,WR,29.5,-110.0,-110,2024,2,47.5,1.0,False,True,WR,37.36,ARI,20-30,224,33.88392857142857,33.6177959681703,1130.1562057575272,7.859999999999999,0.59305,0.40695,0.0,-145.73043371421548,145.73043371421554,1.9090909090909092,1.9090909090909092,0.1321863636363636,-0.2230954545454546,13.21863636363636,-22.30954545454546,over,0.59305,0.1321863636363636,13.21863636363636,over,20000
player_reception_yds,Noah Gray,noah gray,TE,20.5,-110.0,-110,2024,17,43.5,-3.0,True,False,TE,27.41,KC,20-30,155,32.535483870967745,27.73479503577737,769.218855676581,6.91,0.593,0.407,0.0,-145.7002457002457,145.70024570024572,1.9090909090909092,1.9090909090909092,0.13209090909090904,-0.22299999999999998,13.209090909090904,-22.299999999999997,over,0.593,0.13209090909090904,13.209090909090904,over,20000
player_reception_yds,Tre Tucker,tre tucker,WR,26.5,-110.0,-110,2024,11,43.5,8.0,False,True,WR,34.51,LV,20-30,224,33.88392857142857,33.6177959681703,1130.1562057575272,8.009999999999998,0.59295,0.40705,0.0,-145.67006510256724,145.67006510256724,1.9090909090909092,1.9090909090909092,0.13199545454545458,-0.22290454545454536,13.199545454545458,-22.290454545454537,over,0.59295,0.13199545454545458,13.199545454545458,over,20000
player_reception_yds,Jaxon Smith-Njigba,jaxon smith-njigba,WR,50.5,-110.0,-110,2024,8,45.5,3.0,False,True,WR,60.66,SEA,50-60,175,60.77142857142857,45.23883799407526,2046.5524630541875,10.159999999999997,0.59285,0.40715,0.0,-145.60972614515535,145.60972614515535,1.9090909090909092,1.9090909090909092,0.13180454545454545,-0.22271363636363628,13.180454545454545,-22.271363636363628,over,0.59285,0.13180454545454545,13.180454545454545,over,20000
player_reception_yds,Xavier Worthy,xavier worthy,WR,36.5,-110.0,-110,2024,14,43.5,-5.0,True,False,WR,44.23,KC,30-40,222,39.810810810810814,35.42174131599695,1254.699757857405,7.729999999999997,0.59285,0.40715,0.0,-145.60972614515535,145.60972614515535,1.9090909090909092,1.9090909090909092,0.13180454545454545,-0.22271363636363628,13.180454545454545,-22.271363636363628,over,0.59285,0.13180454545454545,13.180454545454545,over,20000
player_reception_yds,Tyler Lockett,tyler lockett,WR,27.5,-110.0,-110,2024,14,45.5,3.0,False,True,WR,35.05,LV,20-30,224,33.88392857142857,33.6177959681703,1130.1562057575272,7.549999999999997,0.59255,0.40745,0.0,-145.42888697999757,145.42888697999757,1.9090909090909092,1.9090909090909092,0.13123181818181828,-0.2221409090909091,13.123181818181829,-22.21409090909091,over,0.59255,0.13123181818181828,13.123181818181829,over,20000
player_reception_yds,Courtland Sutton,courtland sutton,WR,42.5,-110.0,-110,2024,4,39.5,7.5,False,True,WR,52.0,DEN,40-50,197,52.34517766497462,39.519382558680384,1561.7815978193314,9.5,0.59255,0.40745,0.0,-145.42888697999757,145.42888697999757,1.9090909090909092,1.9090909090909092,0.13123181818181828,-0.2221409090909091,13.123181818181829,-22.21409090909091,over,0.59255,0.13123181818181828,13.123181818181829,over,20000
player_reception_yds,Keon Coleman,keon coleman,WR,35.5,-110.0,-110,2024,3,46.5,-4.0,True,False,WR,43.84,BUF,30-40,222,39.810810810810814,35.42174131599695,1254.699757857405,8.340000000000003,0.5925,0.4075,0.0,-145.39877300613497,145.39877300613497,1.9090909090909092,1.9090909090909092,0.13113636363636372,-0.22204545454545455,13.113636363636372,-22.204545454545453,over,0.5925,0.13113636363636372,13.113636363636372,over,20000
player_reception_yds,Xavier Hutchinson,xavier hutchinson,WR,20.5,-110.0,-110,2024,9,43.5,2.5,False,True,WR,28.26,HOU,20-30,224,33.88392857142857,33.6177959681703,1130.1562057575272,7.760000000000002,0.59235,0.40765,0.0,-145.30847540782537,145.3084754078253,1.9090909090909092,1.9090909090909092,0.13085000000000013,-0.2217590909090908,13.085000000000013,-22.17590909090908,over,0.59235,0.13085000000000013,13.085000000000013,over,20000
player_reception_yds,Zay Flowers,zay flowers,WR,54.5,-110.0,-110,2024,3,47.5,-1.5,True,False,WR,65.14,BAL,50-60,175,60.77142857142857,45.23883799407526,2046.5524630541875,10.64,0.59225,0.40775,0.0,-145.24831391784184,145.2483139178418,1.9090909090909092,1.9090909090909092,0.1306590909090911,-0.22156818181818172,13.065909090909111,-22.15681818181817,over,0.59225,0.1306590909090911,13.065909090909111,over,20000
player_reception_yds,Brock Bowers,brock bowers,TE,47.5,-110.0,-110,2024,3,40.0,-5.5,True,False,TE,54.71,LV,40-50,77,42.8051948051948,30.604649640714655,936.6445796308957,7.210000000000001,0.59225,0.40775,0.0,-145.24831391784184,145.2483139178418,1.9090909090909092,1.9090909090909092,0.1306590909090911,-0.22156818181818172,13.065909090909111,-22.15681818181817,over,0.59225,0.1306590909090911,13.065909090909111,over,20000
player_reception_yds,Diontae Johnson,diontae johnson,WR,64.5,-110.0,-110,2024,7,51.0,10.0,False,True,WR,74.58,FA,60+,244,72.20491803278688,43.97076702840401,1933.4283530661814,10.079999999999998,0.592,0.408,0.0,-145.09803921568624,145.0980392156863,1.9090909090909092,1.9090909090909092,0.13018181818181818,-0.22109090909090917,13.018181818181818,-22.109090909090916,over,0.592,0.13018181818181818,13.018181818181818,over,20000
player_reception_yds,Xavier Legette,xavier legette,WR,33.5,-110.0,-110,2024,8,40.5,13.0,False,True,WR,42.12,CAR,30-40,222,39.810810810810814,35.42174131599695,1254.699757857405,8.619999999999997,0.5919,0.4081,0.0,-145.0379808870375,145.0379808870375,1.9090909090909092,1.9090909090909092,0.12999090909090916,-0.22089999999999993,12.999090909090915,-22.089999999999993,over,0.5919,0.12999090909090916,12.999090909090915,over,20000
player_reception_yds,Tucker Kraft,tucker kraft,TE,28.5,-110.0,-110,2024,12,44.5,-6.5,True,False,TE,34.71,GB,20-30,155,32.535483870967745,27.73479503577737,769.218855676581,6.210000000000001,0.5919,0.4081,0.0,-145.0379808870375,145.0379808870375,1.9090909090909092,1.9090909090909092,0.12999090909090916,-0.22089999999999993,12.999090909090915,-22.089999999999993,over,0.5919,0.12999090909090916,12.999090909090915,over,20000
player_reception_yds,Bijan Robinson,bijan robinson,RB,25.5,-110.0,-110,2024,9,52.0,-3.0,True,False,RB,30.96,ATL,20-30,101,28.26732673267327,24.221026388386825,586.658119306931,5.460000000000001,0.59175,0.40825,0.0,-144.9479485609308,144.9479485609308,1.9090909090909092,1.9090909090909092,0.12970454545454546,-0.22061363636363635,12.970454545454546,-22.061363636363634,over,0.59175,0.12970454545454546,12.970454545454546,over,20000
player_reception_yds,Jahmyr Gibbs,jahmyr gibbs,RB,20.5,-110.0,-110,2024,13,47.5,-9.5,True,False,RB,26.03,DET,20-30,101,28.26732673267327,24.221026388386825,586.658119306931,5.530000000000001,0.59175,0.40825,0.0,-144.9479485609308,144.9479485609308,1.9090909090909092,1.9090909090909092,0.12970454545454546,-0.22061363636363635,12.970454545454546,-22.061363636363634,over,0.59175,0.12970454545454546,12.970454545454546,over,20000
player_reception_yds,Christian Kirk,christian kirk,WR,41.5,-110.0,-110,2024,7,42.0,-6.5,True,False,WR,50.29,SF,40-50,197,52.34517766497462,39.519382558680384,1561.7815978193314,8.79,0.59175,0.40825,0.0,-144.9479485609308,144.9479485609308,1.9090909090909092,1.9090909090909092,0.12970454545454546,-0.22061363636363635,12.970454545454546,-22.061363636363634,over,0.59175,0.12970454545454546,12.970454545454546,over,20000
player_reception_yds,Mike Evans,mike evans,WR,56.5,-110.0,-110,2024,6,42.5,-3.5,True,False,WR,67.76,SF,50-60,175,60.77142857142857,45.23883799407526,2046.5524630541875,11.260000000000005,0.5917,0.4083,0.0,-144.91795248591723,144.91795248591723,1.9090909090909092,1.9090909090909092,0.129609090909091,-0.22051818181818178,12.960909090909102,-22.051818181818177,over,0.5917,0.129609090909091,12.960909090909102,over,20000
player_reception_yds,Tyreek Hill,tyreek hill,WR,90.5,-110.0,-110,2024,2,48.5,-2.5,True,False,WR,100.67,FA,60+,244,72.20491803278688,43.97076702840401,1933.4283530661814,10.170000000000002,0.59165,0.40835,0.0,-144.88796375658137,144.88796375658137,1.9090909090909092,1.9090909090909092,0.12951363636363644,-0.22042272727272727,12.951363636363645,-22.042272727272728,over,0.59165,0.12951363636363644,12.951363636363645,over,20000
player_reception_yds,Terry McLaurin,terry mclaurin,WR,54.5,-110.0,-110,2024,8,46.5,-1.5,True,False,WR,65.29,WAS,50-60,175,60.77142857142857,45.23883799407526,2046.5524630541875,10.790000000000006,0.59165,0.40835,0.0,-144.88796375658137,144.88796375658137,1.9090909090909092,1.9090909090909092,0.12951363636363644,-0.22042272727272727,12.951363636363645,-22.042272727272728,over,0.59165,0.12951363636363644,12.951363636363645,over,20000
player_reception_yds,Pat Freiermuth,pat freiermuth,TE,20.5,-110.0,-110,2024,12,36.5,-3.5,True,False,TE,26.97,PIT,20-30,155,32.535483870967745,27.73479503577737,769.218855676581,6.469999999999999,0.59155,0.40845,0.0,-144.82800832415228,144.82800832415228,1.9090909090909092,1.9090909090909092,0.1293227272727273,-0.2202318181818182,12.932272727272732,-22.02318181818182,over,0.59155,0.1293227272727273,12.932272727272732,over,20000
player_reception_yds,George Pickens,george pickens,WR,62.5,-110.0,-110,2024,17,43.5,3.0,False,True,WR,72.6,DAL,60+,244,72.20491803278688,43.97076702840401,1933.4283530661814,10.099999999999994,0.59155,0.40845,0.0,-144.82800832415228,144.82800832415228,1.9090909090909092,1.9090909090909092,0.1293227272727273,-0.2202318181818182,12.932272727272732,-22.02318181818182,over,0.59155,0.1293227272727273,12.932272727272732,over,20000
player_reception_yds,Amari Cooper,amari cooper,WR,41.5,-110.0,-110,2024,11,46.5,-2.5,True,False,WR,50.51,FA,40-50,197,52.34517766497462,39.519382558680384,1561.7815978193314,9.009999999999998,0.59145,0.40855,0.0,-144.76808224207565,144.76808224207562,1.9090909090909092,1.9090909090909092,0.1291318181818183,-0.22004090909090906,12.91318181818183,-22.004090909090905,over,0.59145,0.1291318181818183,12.91318181818183,over,20000
player_reception_yds,Travis Etienne Jr.,travis etienne,RB,17.5,-110.0,-110,2024,2,41.5,-3.0,True,False,RB,22.19,NO,<20,432,17.046296296296298,19.125546894078457,365.78654399759415,4.690000000000001,0.5914,0.4086,0.0,-144.73813020068528,144.73813020068525,1.9090909090909092,1.9090909090909092,0.12903636363636373,-0.21994545454545444,12.903636363636373,-21.994545454545445,over,0.5914,0.12903636363636373,12.903636363636373,over,20000
player_reception_yds,DeAndre Hopkins,deandre hopkins,WR,37.5,-110.0,-110,2024,13,42.0,-13.5,True,False,WR,45.22,BAL,30-40,222,39.810810810810814,35.42174131599695,1254.699757857405,7.719999999999999,0.59125,0.40875,0.0,-144.6483180428135,144.6483180428135,1.9090909090909092,1.9090909090909092,0.12875000000000014,-0.21965909090909091,12.875000000000014,-21.96590909090909,over,0.59125,0.12875000000000014,12.875000000000014,over,20000
player_reception_yds,Jalen McMillan,jalen mcmillan,WR,18.5,-110.0,-110,2024,13,46.0,-6.5,True,False,WR,23.94,TB,<20,194,20.84536082474227,23.784379500884214,565.6967082420812,5.440000000000001,0.59125,0.40875,0.0,-144.6483180428135,144.6483180428135,1.9090909090909092,1.9090909090909092,0.12875000000000014,-0.21965909090909091,12.875000000000014,-21.96590909090909,over,0.59125,0.12875000000000014,12.875000000000014,over,20000
player_reception_yds,Chase Brown,chase brown,RB,16.5,-105.0,-115,2024,1,40.5,-8.0,True,False,RB,20.11,CIN,<20,432,17.046296296296298,19.125546894078457,365.78654399759415,3.6099999999999994,0.5781,0.4219,0.0,-137.0229912301493,137.02299123014933,1.9523809523809523,1.8695652173913042,0.12867142857142844,-0.21123043478260883,12.867142857142843,-21.123043478260882,over,0.5781,0.12867142857142844,12.867142857142843,over,20000
player_reception_yds,Puka Nacua,puka nacua,WR,73.5,-110.0,-110,2024,1,54.0,5.0,False,True,WR,83.87,LAR,60+,244,72.20491803278688,43.97076702840401,1933.4283530661814,10.370000000000005,0.5911,0.4089,0.0,-144.5585717779408,144.5585717779408,1.9090909090909092,1.9090909090909092,0.12846363636363634,-0.21937272727272722,12.846363636363634,-21.93727272727272,over,0.5911,0.12846363636363634,12.846363636363634,over,20000
player_reception_yds,Rashod Bateman,rashod bateman,,34.5,-110.0,-110,2024,13,50.0,,False,False,WR,42.95,BAL,30-40,222,39.810810810810814,35.42174131599695,1254.699757857405,8.450000000000003,0.591,0.409,0.0,-144.49877750611245,144.49877750611248,1.9090909090909092,1.9090909090909092,0.12827272727272732,-0.21918181818181814,12.827272727272732,-21.918181818181814,over,0.591,0.12827272727272732,12.827272727272732,over,20000
player_reception_yds,Xavier Legette,xavier legette,WR,39.5,-110.0,-110,2024,10,40.5,6.5,False,True,WR,47.75,CAR,30-40,222,39.810810810810814,35.42174131599695,1254.699757857405,8.25,0.591,0.409,0.0,-144.49877750611245,144.49877750611248,1.9090909090909092,1.9090909090909092,0.12827272727272732,-0.21918181818181814,12.827272727272732,-21.918181818181814,over,0.591,0.12827272727272732,12.827272727272732,over,20000
player_reception_yds,Kayshon Boutte,kayshon boutte,WR,31.5,-110.0,-110,2024,15,46.5,6.0,False,True,WR,39.72,NE,30-40,222,39.810810810810814,35.42174131599695,1254.699757857405,8.219999999999999,0.591,0.409,0.0,-144.49877750611245,144.49877750611248,1.9090909090909092,1.9090909090909092,0.12827272727272732,-0.21918181818181814,12.827272727272732,-21.918181818181814,over,0.591,0.12827272727272732,12.827272727272732,over,20000
player_reception_yds,Demarcus Robinson,demarcus robinson,WR,38.5,-110.0,-110,2024,4,40.0,3.0,False,True,WR,46.46,SF,30-40,222,39.810810810810814,35.42174131599695,1254.699757857405,7.960000000000001,0.59095,0.40905,0.0,-144.4688913335778,144.4688913335778,1.9090909090909092,1.9090909090909092,0.12817727272727275,-0.21908636363636358,12.817727272727275,-21.908636363636358,over,0.59095,0.12817727272727275,12.817727272727275,over,20000
player_reception_yds,Terry McLaurin,terry mclaurin,WR,57.5,-110.0,-110,2024,10,45.0,-1.5,True,False,WR,67.98,WAS,50-60,175,60.77142857142857,45.23883799407526,2046.5524630541875,10.480000000000004,0.5908,0.4092,0.0,-144.37927663734115,144.37927663734115,1.9090909090909092,1.9090909090909092,0.12789090909090917,-0.21879999999999994,12.789090909090916,-21.879999999999995,over,0.5908,0.12789090909090917,12.789090909090916,over,20000
player_reception_yds,Christian Watson,christian watson,WR,33.5,-110.0,-110,2024,4,44.0,-2.5,True,False,WR,41.86,GB,30-40,222,39.810810810810814,35.42174131599695,1254.699757857405,8.36,0.59065,0.40935,0.0,-144.2897276169537,144.2897276169537,1.9090909090909092,1.9090909090909092,0.12760454545454547,-0.21851363636363635,12.760454545454547,-21.851363636363637,over,0.59065,0.12760454545454547,12.760454545454547,over,20000
player_reception_yds,Jakobi Meyers,jakobi meyers,WR,30.5,-110.0,-110,2024,3,40.0,-5.5,True,False,WR,38.42,JAC,30-40,222,39.810810810810814,35.42174131599695,1254.699757857405,7.920000000000002,0.59065,0.40935,0.0,-144.2897276169537,144.2897276169537,1.9090909090909092,1.9090909090909092,0.12760454545454547,-0.21851363636363635,12.760454545454547,-21.851363636363637,over,0.59065,0.12760454545454547,12.760454545454547,over,20000
player_reception_yds,Demarcus Robinson,demarcus robinson,WR,24.5,-110.0,-110,2024,9,48.5,-1.5,True,False,WR,32.55,SF,20-30,224,33.88392857142857,33.6177959681703,1130.1562057575272,8.049999999999997,0.5905,0.4095,0.0,-144.2002442002442,144.2002442002442,1.9090909090909092,1.9090909090909092,0.12731818181818189,-0.21822727272727271,12.731818181818188,-21.82272727272727,over,0.5905,0.12731818181818189,12.731818181818188,over,20000
player_reception_yds,Bijan Robinson,bijan robinson,RB,21.5,-110.0,-110,2024,16,42.5,-9.5,True,False,RB,27.0,ATL,20-30,101,28.26732673267327,24.221026388386825,586.658119306931,5.5,0.5904,0.4096,0.0,-144.14062500000003,144.140625,1.9090909090909092,1.9090909090909092,0.12712727272727287,-0.21803636363636364,12.712727272727287,-21.803636363636365,over,0.5904,0.12712727272727287,12.712727272727287,over,20000
player_reception_yds,Joshua Palmer,joshua palmer,,28.5,-110.0,-110,2024,9,42.5,,False,False,WR,36.18,BUF,20-30,224,33.88392857142857,33.6177959681703,1130.1562057575272,7.68,0.5904,0.4096,0.0,-144.14062500000003,144.140625,1.9090909090909092,1.9090909090909092,0.12712727272727287,-0.21803636363636364,12.712727272727287,-21.803636363636365,over,0.5904,0.12712727272727287,12.712727272727287,over,20000
player_reception_yds,Dalton Kincaid,dalton kincaid,TE,34.5,-110.0,-110,2024,17,44.5,-10.0,True,False,TE,42.95,BUF,30-40,83,44.18072289156626,36.40127601114409,1325.0528952394943,8.450000000000003,0.5904,0.4096,0.0,-144.14062500000003,144.140625,1.9090909090909092,1.9090909090909092,0.12712727272727287,-0.21803636363636364,12.712727272727287,-21.803636363636365,over,0.5904,0.12712727272727287,12.712727272727287,over,20000
player_reception_yds,Malik Washington,malik washington,WR,29.5,-110.0,-110,2024,16,44.0,2.0,False,True,WR,37.11,MIA,20-30,224,33.88392857142857,33.6177959681703,1130.1562057575272,7.609999999999999,0.5902,0.4098,0.0,-144.02147388970226,144.0214738897023,1.9090909090909092,1.9090909090909092,0.1267454545454545,-0.2176545454545455,12.674545454545449,-21.76545454545455,over,0.5902,0.1267454545454545,12.674545454545449,over,20000
player_reception_yds,Garrett Wilson,garrett wilson,WR,58.5,-110.0,-110,2024,6,42.0,1.0,False,True,WR,68.71,NYJ,50-60,175,60.77142857142857,45.23883799407526,2046.5524630541875,10.209999999999994,0.5901,0.4099,0.0,-143.9619419370578,143.96194193705784,1.9090909090909092,1.9090909090909092,0.12655454545454548,-0.21746363636363641,12.655454545454548,-21.74636363636364,over,0.5901,0.12655454545454548,12.655454545454548,over,20000
player_reception_yds,Johnny Mundt,johnny mundt,TE,15.5,-110.0,-110,2024,4,44.0,2.5,False,True,TE,20.27,PHI,<20,149,20.28187919463087,23.469612040364684,550.822689325231,4.77,0.59005,0.40995,0.0,-143.9321868520551,143.9321868520551,1.9090909090909092,1.9090909090909092,0.1264590909090909,-0.21736818181818174,12.645909090909091,-21.736818181818172,over,0.59005,0.1264590909090909,12.645909090909091,over,20000
player_reception_yds,Curtis Samuel,curtis samuel,WR,19.5,-110.0,-110,2024,10,46.5,-4.5,True,False,WR,25.06,FA,<20,194,20.84536082474227,23.784379500884214,565.6967082420812,5.559999999999999,0.59,0.41,0.0,-143.90243902439022,143.90243902439028,1.9090909090909092,1.9090909090909092,0.12636363636363634,-0.21727272727272734,12.636363636363635,-21.727272727272734,over,0.59,0.12636363636363634,12.636363636363635,over,20000
player_reception_yds,Jaxon Smith-Njigba,jaxon smith-njigba,WR,55.5,-110.0,-110,2024,13,41.5,1.0,False,True,WR,65.56,SEA,50-60,175,60.77142857142857,45.23883799407526,2046.5524630541875,10.060000000000002,0.5899,0.4101,0.0,-143.84296513045598,143.84296513045598,1.9090909090909092,1.9090909090909092,0.12617272727272733,-0.2170818181818181,12.617272727272733,-21.70818181818181,over,0.5899,0.12617272727272733,12.617272727272733,over,20000
player_reception_yds,Sam LaPorta,sam laporta,TE,44.5,-110.0,-110,2024,3,51.5,-3.0,True,False,TE,51.02,DET,40-50,77,42.8051948051948,30.604649640714655,936.6445796308957,6.520000000000003,0.58975,0.41025,0.0,-143.75380865326022,143.75380865326022,1.9090909090909092,1.9090909090909092,0.12588636363636363,-0.2167954545454545,12.588636363636363,-21.67954545454545,over,0.58975,0.12588636363636363,12.588636363636363,over,20000
player_reception_yds,Alec Pierce,alec pierce,WR,25.5,-110.0,-110,2024,4,40.0,2.5,False,True,WR,33.19,IND,20-30,224,33.88392857142857,33.6177959681703,1130.1562057575272,7.689999999999998,0.58975,0.41025,0.0,-143.75380865326022,143.75380865326022,1.9090909090909092,1.9090909090909092,0.12588636363636363,-0.2167954545454545,12.588636363636363,-21.67954545454545,over,0.58975,0.12588636363636363,12.588636363636363,over,20000
player_reception_yds,David Njoku,david njoku,TE,41.5,-110.0,-110,2024,12,36.5,3.5,False,True,TE,48.07,LAC,40-50,77,42.8051948051948,30.604649640714655,936.6445796308957,6.57,0.5896,0.4104,0.0,-143.6647173489279,143.6647173489279,1.9090909090909092,1.9090909090909092,0.12560000000000004,-0.21650909090909087,12.560000000000004,-21.65090909090909,over,0.5896,0.12560000000000004,12.560000000000004,over,20000
player_reception_yds,Travis Etienne Jr.,travis etienne,RB,15.5,-110.0,-110,2024,11,47.5,14.0,False,True,RB,19.7,NO,<20,432,17.046296296296298,19.125546894078457,365.78654399759415,4.199999999999999,0.5896,0.4104,0.0,-143.6647173489279,143.6647173489279,1.9090909090909092,1.9090909090909092,0.12560000000000004,-0.21650909090909087,12.560000000000004,-21.65090909090909,over,0.5896,0.12560000000000004,12.560000000000004,over,20000
player_reception_yds,Jordan Whittington,jordan whittington,WR,22.5,-110.0,-110,2024,4,40.0,3.0,False,True,WR,30.04,LAR,20-30,224,33.88392857142857,33.6177959681703,1130.1562057575272,7.539999999999999,0.5895,0.4105,0.0,-143.605359317905,143.605359317905,1.9090909090909092,1.9090909090909092,0.12540909090909103,-0.21631818181818185,12.540909090909103,-21.631818181818186,over,0.5895,0.12540909090909103,12.540909090909103,over,20000
player_reception_yds,Mike Evans,mike evans,WR,59.5,-110.0,-110,2024,5,44.0,2.5,False,True,WR,69.76,SF,50-60,175,60.77142857142857,45.23883799407526,2046.5524630541875,10.260000000000005,0.58945,0.41055,0.0,-143.57569114602364,143.57569114602362,1.9090909090909092,1.9090909090909092,0.12531363636363646,-0.21622272727272723,12.531363636363647,-21.622272727272723,over,0.58945,0.12531363636363646,12.531363636363647,over,20000
player_reception_yds,Mack Hollins,mack hollins,WR,19.5,-110.0,-110,2024,6,42.0,-1.0,True,False,WR,24.73,NE,<20,194,20.84536082474227,23.784379500884214,565.6967082420812,5.23,0.58945,0.41055,0.0,-143.57569114602364,143.57569114602362,1.9090909090909092,1.9090909090909092,0.12531363636363646,-0.21622272727272723,12.531363636363647,-21.622272727272723,over,0.58945,0.12531363636363646,12.531363636363647,over,20000
player_reception_yds,Gabe Davis,gabe davis,WR,34.5,-110.0,-110,2024,5,45.0,-3.5,True,False,WR,42.43,FA,30-40,222,39.810810810810814,35.42174131599695,1254.699757857405,7.93,0.5894,0.4106,0.0,-143.54603019970776,143.5460301997077,1.9090909090909092,1.9090909090909092,0.1252181818181819,-0.2161272727272726,12.52181818181819,-21.612727272727263,over,0.5894,0.1252181818181819,12.52181818181819,over,20000
player_reception_yds,Allen Lazard,allen lazard,WR,20.5,-110.0,-110,2024,17,44.5,10.0,False,True,WR,27.84,FA,20-30,224,33.88392857142857,33.6177959681703,1130.1562057575272,7.34,0.5893,0.4107,0.0,-143.48672997321648,143.48672997321643,1.9090909090909092,1.9090909090909092,0.12502727272727288,-0.21593636363636354,12.502727272727288,-21.593636363636353,over,0.5893,0.12502727272727288,12.502727272727288,over,20000
player_reception_yds,Jameson Williams,jameson williams,WR,44.5,-110.0,-110,2024,4,46.5,-3.5,True,False,WR,53.53,DET,40-50,197,52.34517766497462,39.519382558680384,1561.7815978193314,9.030000000000001,0.5892,0.4108,0.0,-143.427458617332,143.42745861733204,1.9090909090909092,1.9090909090909092,0.12483636363636363,-0.21574545454545446,12.483636363636364,-21.574545454545447,over,0.5892,0.12483636363636363,12.483636363636364,over,20000
player_reception_yds,Kyle Pitts,kyle pitts,TE,22.5,-110.0,-110,2024,17,46.5,3.5,False,True,TE,28.57,ATL,20-30,155,32.535483870967745,27.73479503577737,769.218855676581,6.07,0.5891,0.4109,0.0,-143.36821611097588,143.3682161109759,1.9090909090909092,1.9090909090909092,0.1246454545454545,-0.2155545454545454,12.464545454545451,-21.555454545454538,over,0.5891,0.1246454545454545,12.464545454545451,over,20000
player_reception_yds,Noah Fant,noah fant,TE,24.5,-110.0,-110,2024,14,45.5,3.0,False,True,TE,30.7,NO,20-30,155,32.535483870967745,27.73479503577737,769.218855676581,6.199999999999999,0.58905,0.41095,0.0,-143.33860566978947,143.33860566978953,1.9090909090909092,1.9090909090909092,0.12454999999999994,-0.215459090909091,12.454999999999995,-21.5459090909091,over,0.58905,0.12454999999999994,12.454999999999995,over,20000
player_reception_yds,Malik Nabers,malik nabers,WR,62.5,-110.0,-110,2024,17,40.5,7.5,False,True,WR,71.78,NYG,60+,244,72.20491803278688,43.97076702840401,1933.4283530661814,9.280000000000001,0.589,0.411,0.0,-143.30900243309,143.30900243309003,1.9090909090909092,1.9090909090909092,0.12445454545454548,-0.2153636363636363,12.445454545454549,-21.53636363636363,over,0.589,0.12445454545454548,12.445454545454549,over,20000
player_reception_yds,David Njoku,david njoku,TE,41.5,-110.0,-110,2024,1,42.0,-2.5,True,False,TE,48.19,LAC,40-50,77,42.8051948051948,30.604649640714655,936.6445796308957,6.689999999999998,0.58895,0.41105,0.0,-143.27940639824837,143.27940639824837,1.9090909090909092,1.9090909090909092,0.12435909090909092,-0.21526818181818175,12.435909090909092,-21.526818181818175,over,0.58895,0.12435909090909092,12.435909090909092,over,20000
player_reception_yds,Aaron Jones,aaron jones,RB,17.5,-110.0,-110,2024,14,46.5,-6.0,True,False,RB,21.68,MIN,<20,432,17.046296296296298,19.125546894078457,365.78654399759415,4.18,0.58875,0.41125,0.0,-143.161094224924,143.161094224924,1.9090909090909092,1.9090909090909092,0.12397727272727277,-0.2148863636363636,12.397727272727277,-21.48863636363636,over,0.58875,0.12397727272727277,12.397727272727277,over,20000
player_reception_yds,Jakobi Meyers,jakobi meyers,WR,41.5,-110.0,-110,2024,8,42.0,9.0,False,True,WR,49.85,JAC,40-50,197,52.34517766497462,39.519382558680384,1561.7815978193314,8.350000000000001,0.5887,0.4113,0.0,-143.13153415998053,143.13153415998053,1.9090909090909092,1.9090909090909092,0.1238818181818182,-0.21479090909090903,12.38818181818182,-21.479090909090903,over,0.5887,0.1238818181818182,12.38818181818182,over,20000
player_reception_yds,Bucky Irving,bucky irving,RB,15.5,-110.0,-110,2024,17,47.5,-9.5,True,False,RB,19.62,TB,<20,432,17.046296296296298,19.125546894078457,365.78654399759415,4.120000000000001,0.58865,0.41135,0.0,-143.10198128114746,143.10198128114746,1.9090909090909092,1.9090909090909092,0.12378636363636375,-0.21469545454545452,12.378636363636375,-21.469545454545454,over,0.58865,0.12378636363636375,12.378636363636375,over,20000
player_reception_yds,Stefon Diggs,stefon diggs,WR,62.5,-110.0,-110,2024,6,38.5,-6.5,True,False,WR,72.44,FA,60+,244,72.20491803278688,43.97076702840401,1933.4283530661814,9.939999999999998,0.5886,0.4114,0.0,-143.07243558580458,143.07243558580458,1.9090909090909092,1.9090909090909092,0.12369090909090918,-0.2146,12.369090909090918,-21.46,over,0.5886,0.12369090909090918,12.369090909090918,over,20000
player_reception_yds,Dyami Brown,dyami brown,WR,25.5,-110.0,-110,2024,15,44.5,-7.5,True,False,WR,33.21,WAS,20-30,224,33.88392857142857,33.6177959681703,1130.1562057575272,7.710000000000001,0.5885,0.4115,0.0,-143.01336573511546,143.01336573511546,1.9090909090909092,1.9090909090909092,0.12350000000000005,-0.21440909090909094,12.350000000000005,-21.440909090909095,over,0.5885,0.12350000000000005,12.350000000000005,over,20000
player_reception_yds,Jameson Williams,jameson williams,WR,49.5,-110.0,-110,2024,13,47.5,-9.5,True,False,WR,57.84,DET,40-50,197,52.34517766497462,39.519382558680384,1561.7815978193314,8.340000000000003,0.58845,0.41155,0.0,-142.98384157453532,142.98384157453526,1.9090909090909092,1.9090909090909092,0.1234045454545456,-0.2143136363636362,12.340454545454559,-21.43136363636362,over,0.58845,0.1234045454545456,12.340454545454559,over,20000
player_reception_yds,Zay Flowers,zay flowers,WR,51.5,-110.0,-110,2024,4,46.5,-2.5,True,False,WR,61.31,BAL,50-60,175,60.77142857142857,45.23883799407526,2046.5524630541875,9.810000000000002,0.58845,0.41155,0.0,-142.98384157453532,142.98384157453526,1.9090909090909092,1.9090909090909092,0.1234045454545456,-0.2143136363636362,12.340454545454559,-21.43136363636362,over,0.58845,0.1234045454545456,12.340454545454559,over,20000
player_reception_yds,Christian Kirk,christian kirk,WR,52.5,-110.0,-110,2024,5,45.0,-3.5,True,False,WR,62.68,SF,50-60,175,60.77142857142857,45.23883799407526,2046.5524630541875,10.18,0.5883,0.4117,0.0,-142.8953121204761,142.8953121204761,1.9090909090909092,1.9090909090909092,0.1231181818181819,-0.21402727272727273,12.31181818181819,-21.402727272727272,over,0.5883,0.1231181818181819,12.31181818181819,over,20000
player_reception_yds,Rome Odunze,rome odunze,WR,38.5,-110.0,-110,2024,10,37.5,-6.5,True,False,WR,46.11,CHI,30-40,222,39.810810810810814,35.42174131599695,1254.699757857405,7.609999999999999,0.58805,0.41195,0.0,-142.74790629930814,142.74790629930817,1.9090909090909092,1.9090909090909092,0.12264090909090908,-0.21354999999999996,12.264090909090907,-21.354999999999997,over,0.58805,0.12264090909090908,12.264090909090907,over,20000
player_reception_yds,Jameson Williams,jameson williams,WR,48.5,-110.0,-110,2024,2,51.5,-7.5,True,False,WR,56.38,DET,40-50,197,52.34517766497462,39.519382558680384,1561.7815978193314,7.880000000000003,0.58785,0.41215,0.0,-142.63011039670022,142.63011039670022,1.9090909090909092,1.9090909090909092,0.12225909090909093,-0.21316818181818176,12.225909090909093,-21.316818181818174,over,0.58785,0.12225909090909093,12.225909090909093,over,20000
player_reception_yds,Wan'Dale Robinson,wandale robinson,WR,38.5,-110.0,-110,2024,10,40.5,-6.5,True,False,WR,46.3,TEN,30-40,222,39.810810810810814,35.42174131599695,1254.699757857405,7.799999999999997,0.5878,0.4122,0.0,-142.600679281902,142.600679281902,1.9090909090909092,1.9090909090909092,0.12216363636363636,-0.2130727272727272,12.216363636363637,-21.307272727272718,over,0.5878,0.12216363636363636,12.216363636363637,over,20000
player_reception_yds,DJ Moore,dj moore,WR,51.5,-110.0,-110,2024,5,40.0,-4.0,True,False,WR,61.47,BUF,50-60,175,60.77142857142857,45.23883799407526,2046.5524630541875,9.969999999999999,0.5877,0.4123,0.0,-142.5418384671356,142.5418384671356,1.9090909090909092,1.9090909090909092,0.12197272727272734,-0.21288181818181817,12.197272727272734,-21.28818181818182,over,0.5877,0.12197272727272734,12.197272727272734,over,20000
player_reception_yds,Jalen Tolbert,jalen tolbert,WR,22.5,-110.0,-110,2024,2,47.0,-6.5,True,False,WR,30.0,MIA,20-30,224,33.88392857142857,33.6177959681703,1130.1562057575272,7.5,0.5876,0.4124,0.0,-142.48302618816683,142.48302618816683,1.9090909090909092,1.9090909090909092,0.12178181818181821,-0.2126909090909091,12.178181818181821,-21.26909090909091,over,0.5876,0.12178181818181821,12.178181818181821,over,20000
player_reception_yds,Kayshon Boutte,kayshon boutte,WR,19.5,-110.0,-110,2024,7,42.0,6.5,False,True,WR,24.66,NE,<20,194,20.84536082474227,23.784379500884214,565.6967082420812,5.16,0.5876,0.4124,0.0,-142.48302618816683,142.48302618816683,1.9090909090909092,1.9090909090909092,0.12178181818181821,-0.2126909090909091,12.178181818181821,-21.26909090909091,over,0.5876,0.12178181818181821,12.178181818181821,over,20000
player_reception_yds,Rashod Bateman,rashod bateman,WR,27.5,-110.0,-110,2024,3,47.5,-1.5,True,False,WR,34.96,BAL,20-30,224,33.88392857142857,33.6177959681703,1130.1562057575272,7.460000000000001,0.5875,0.4125,0.0,-142.42424242424244,142.42424242424244,1.9090909090909092,1.9090909090909092,0.1215909090909092,-0.21250000000000002,12.159090909090919,-21.250000000000004,over,0.5875,0.1215909090909092,12.159090909090919,over,20000
player_reception_yds,D'Andre Swift,dandre swift,RB,19.5,-110.0,-110,2024,8,46.5,1.5,False,True,RB,23.81,CHI,<20,432,17.046296296296298,19.125546894078457,365.78654399759415,4.309999999999999,0.5874,0.4126,0.0,-142.3654871546292,142.36548715462916,1.9090909090909092,1.9090909090909092,0.12140000000000006,-0.21230909090909078,12.140000000000006,-21.23090909090908,over,0.5874,0.12140000000000006,12.140000000000006,over,20000
player_reception_yds,Chris Olave,chris olave,WR,64.5,-110.0,-110,2024,1,41.5,-3.5,True,False,WR,74.51,NO,60+,244,72.20491803278688,43.97076702840401,1933.4283530661814,10.010000000000005,0.5873,0.4127,0.0,-142.30676035861404,142.30676035861399,1.9090909090909092,1.9090909090909092,0.12120909090909104,-0.2121181818181817,12.120909090909105,-21.21181818181817,over,0.5873,0.12120909090909104,12.120909090909105,over,20000
player_reception_yds,DK Metcalf,dk metcalf,WR,64.5,-110.0,-110,2024,12,46.5,1.0,False,True,WR,74.86,PIT,60+,244,72.20491803278688,43.97076702840401,1933.4283530661814,10.36,0.5873,0.4127,0.0,-142.30676035861404,142.30676035861399,1.9090909090909092,1.9090909090909092,0.12120909090909104,-0.2121181818181817,12.120909090909105,-21.21181818181817,over,0.5873,0.12120909090909104,12.120909090909105,over,20000
player_reception_yds,Hunter Henry,hunter henry,TE,26.5,-110.0,-110,2024,1,40.5,8.0,False,True,TE,32.45,NE,20-30,155,32.535483870967745,27.73479503577737,769.218855676581,5.950000000000003,0.5873,0.4127,0.0,-142.30676035861404,142.30676035861399,1.9090909090909092,1.9090909090909092,0.12120909090909104,-0.2121181818181817,12.120909090909105,-21.21181818181817,over,0.5873,0.12120909090909104,12.120909090909105,over,20000
player_reception_yds,Ameer Abdullah,ameer abdullah,RB,16.5,-110.0,-110,2024,16,41.5,-2.5,True,False,RB,20.9,JAC,<20,432,17.046296296296298,19.125546894078457,365.78654399759415,4.399999999999999,0.58725,0.41275,0.0,-142.27740763173838,142.27740763173836,1.9090909090909092,1.9090909090909092,0.12111363636363648,-0.2120227272727273,12.111363636363649,-21.20227272727273,over,0.58725,0.12111363636363648,12.111363636363649,over,20000
player_reception_yds,Bijan Robinson,bijan robinson,RB,23.5,-110.0,-110,2024,6,45.5,-6.0,True,False,RB,29.21,ATL,20-30,101,28.26732673267327,24.221026388386825,586.658119306931,5.710000000000001,0.58715,0.41285,0.0,-142.2187235073271,142.21872350732713,1.9090909090909092,1.9090909090909092,0.12092272727272724,-0.21183181818181823,12.092272727272723,-21.183181818181822,over,0.58715,0.12092272727272724,12.092272727272723,over,20000
player_reception_yds,Austin Hooper,austin hooper,TE,20.5,-110.0,-110,2024,15,46.5,6.0,False,True,TE,26.18,ATL,20-30,155,32.535483870967745,27.73479503577737,769.218855676581,5.68,0.5871,0.4129,0.0,-142.1893921046258,142.1893921046258,1.9090909090909092,1.9090909090909092,0.12082727272727267,-0.21173636363636356,12.082727272727267,-21.173636363636355,over,0.5871,0.12082727272727267,12.082727272727267,over,20000
player_reception_yds,Garrett Wilson,garrett wilson,WR,57.5,-110.0,-110,2024,8,41.0,-7.0,True,False,WR,67.01,NYJ,50-60,175,60.77142857142857,45.23883799407526,2046.5524630541875,9.510000000000005,0.5871,0.4129,0.0,-142.1893921046258,142.1893921046258,1.9090909090909092,1.9090909090909092,0.12082727272727267,-0.21173636363636356,12.082727272727267,-21.173636363636355,over,0.5871,0.12082727272727267,12.082727272727267,over,20000
player_reception_yds,Chris Olave,chris olave,WR,49.5,-110.0,-110,2024,8,41.5,7.0,False,True,WR,58.27,NO,40-50,197,52.34517766497462,39.519382558680384,1561.7815978193314,8.770000000000003,0.5871,0.4129,0.0,-142.1893921046258,142.1893921046258,1.9090909090909092,1.9090909090909092,0.12082727272727267,-0.21173636363636356,12.082727272727267,-21.173636363636355,over,0.5871,0.12082727272727267,12.082727272727267,over,20000
player_reception_yds,Mike Evans,mike evans,WR,85.5,-110.0,-110,2024,17,47.5,-9.5,True,False,WR,75.74,SF,60+,244,72.20491803278688,43.97076702840401,1933.4283530661814,-9.760000000000005,0.41315,0.58685,0.0,142.04284158296016,-142.04284158296016,1.9090909090909092,1.9090909090909092,-0.21125909090909084,0.12035000000000007,-21.125909090909083,12.035000000000007,under,0.58685,0.12035000000000007,12.035000000000007,under,20000
player_reception_yds,Michael Wilson,michael wilson,WR,26.5,-110.0,-110,2024,3,51.5,3.0,False,True,WR,34.04,ARI,20-30,224,33.88392857142857,33.6177959681703,1130.1562057575272,7.539999999999999,0.58665,0.41335,0.0,-141.925728801258,141.925728801258,1.9090909090909092,1.9090909090909092,0.11996818181818192,-0.2108772727272727,11.996818181818192,-21.087727272727268,over,0.58665,0.11996818181818192,11.996818181818192,over,20000
player_reception_yds,Jordan Addison,jordan addison,WR,46.5,-110.0,-110,2024,13,45.5,-3.5,True,False,WR,55.17,MIN,40-50,197,52.34517766497462,39.519382558680384,1561.7815978193314,8.670000000000002,0.58655,0.41345,0.0,-141.86721489902044,141.86721489902044,1.9090909090909092,1.9090909090909092,0.11977727272727279,-0.21068636363636362,11.977727272727279,-21.06863636363636,over,0.58655,0.11977727272727279,11.977727272727279,over,20000
player_reception_yds,DeAndre Hopkins,deandre hopkins,WR,29.5,-110.0,-110,2024,3,37.0,-3.0,True,False,WR,37.12,BAL,20-30,224,33.88392857142857,33.6177959681703,1130.1562057575272,7.619999999999997,0.5865,0.4135,0.0,-141.83796856106412,141.83796856106412,1.9090909090909092,1.9090909090909092,0.11968181818181822,-0.2105909090909091,11.968181818181822,-21.059090909090912,over,0.5865,0.11968181818181822,11.968181818181822,over,20000
player_reception_yds,CeeDee Lamb,ceedee lamb,WR,75.5,-110.0,-110,2024,5,43.5,2.5,False,True,WR,85.04,DAL,60+,244,72.20491803278688,43.97076702840401,1933.4283530661814,9.540000000000006,0.58635,0.41365,0.0,-141.750271969056,141.75027196905594,1.9090909090909092,1.9090909090909092,0.11939545454545464,-0.21030454545454536,11.939545454545463,-21.030454545454536,over,0.58635,0.11939545454545464,11.939545454545463,over,20000
player_reception_yds,Marquez Valdes-Scantling,marquez valdes-scantling,WR,39.5,-110.0,-110,2024,13,48.5,2.5,False,True,WR,47.51,DAL,30-40,222,39.810810810810814,35.42174131599695,1254.699757857405,8.009999999999998,0.58625,0.41375,0.0,-141.69184290030216,141.6918429003021,1.9090909090909092,1.9090909090909092,0.11920454545454562,-0.21011363636363628,11.920454545454561,-21.01136363636363,over,0.58625,0.11920454545454562,11.920454545454561,over,20000
player_reception_yds,Terry McLaurin,terry mclaurin,WR,52.5,-110.0,-110,2024,4,49.0,3.5,False,True,WR,62.23,WAS,50-60,175,60.77142857142857,45.23883799407526,2046.5524630541875,9.729999999999997,0.58625,0.41375,0.0,-141.69184290030216,141.6918429003021,1.9090909090909092,1.9090909090909092,0.11920454545454562,-0.21011363636363628,11.920454545454561,-21.01136363636363,over,0.58625,0.11920454545454562,11.920454545454561,over,20000
player_reception_yds,DJ Moore,dj moore,WR,47.5,-110.0,-110,2024,10,37.5,-6.5,True,False,WR,56.38,BUF,40-50,197,52.34517766497462,39.519382558680384,1561.7815978193314,8.880000000000003,0.5862,0.4138,0.0,-141.66263895601742,141.66263895601742,1.9090909090909092,1.9090909090909092,0.11910909090909105,-0.21001818181818183,11.910909090909104,-21.001818181818184,over,0.5862,0.11910909090909105,11.910909090909104,over,20000
player_reception_yds,Darnell Mooney,darnell mooney,WR,52.5,-110.0,-110,2024,9,52.0,-3.0,True,False,WR,62.25,NYG,50-60,175,60.77142857142857,45.23883799407526,2046.5524630541875,9.75,0.58615,0.41385,0.0,-141.63344206838224,141.63344206838227,1.9090909090909092,1.9090909090909092,0.11901363636363627,-0.2099227272727272,11.901363636363627,-20.99227272727272,over,0.58615,0.11901363636363627,11.901363636363627,over,20000
player_reception_yds,Colby Parkinson,colby parkinson,TE,29.5,-110.0,-110,2024,4,40.0,3.0,False,True,TE,35.31,LAR,20-30,155,32.535483870967745,27.73479503577737,769.218855676581,5.810000000000002,0.58615,0.41385,0.0,-141.63344206838224,141.63344206838227,1.9090909090909092,1.9090909090909092,0.11901363636363627,-0.2099227272727272,11.901363636363627,-20.99227272727272,over,0.58615,0.11901363636363627,11.901363636363627,over,20000
player_reception_yds,Deebo Samuel,deebo samuel,WR,56.5,-110.0,-110,2024,8,48.0,-5.5,True,False,WR,66.31,FA,50-60,175,60.77142857142857,45.23883799407526,2046.5524630541875,9.810000000000002,0.58615,0.41385,0.0,-141.63344206838224,141.63344206838227,1.9090909090909092,1.9090909090909092,0.11901363636363627,-0.2099227272727272,11.901363636363627,-20.99227272727272,over,0.58615,0.11901363636363627,11.901363636363627,over,20000
player_reception_yds,Greg Dulcich,greg dulcich,TE,18.5,-110.0,-110,2024,1,42.0,6.5,False,True,TE,24.08,MIA,<20,149,20.28187919463087,23.469612040364684,550.822689325231,5.579999999999998,0.5861,0.4139,0.0,-141.6042522348393,141.60425223483935,1.9090909090909092,1.9090909090909092,0.11891818181818181,-0.20982727272727275,11.89181818181818,-20.982727272727274,over,0.5861,0.11891818181818181,11.89181818181818,over,20000
player_reception_yds,Jordan Addison,jordan addison,WR,55.5,-110.0,-110,2024,16,43.0,-2.5,True,False,WR,65.65,MIN,50-60,175,60.77142857142857,45.23883799407526,2046.5524630541875,10.150000000000006,0.5861,0.4139,0.0,-141.6042522348393,141.60425223483935,1.9090909090909092,1.9090909090909092,0.11891818181818181,-0.20982727272727275,11.89181818181818,-20.982727272727274,over,0.5861,0.11891818181818181,11.89181818181818,over,20000
player_reception_yds,T.J. Hockenson,tj hockenson,TE,36.5,-110.0,-110,2024,10,42.5,-7.0,True,False,TE,44.62,MIN,30-40,83,44.18072289156626,36.40127601114409,1325.0528952394943,8.119999999999997,0.5861,0.4139,0.0,-141.6042522348393,141.60425223483935,1.9090909090909092,1.9090909090909092,0.11891818181818181,-0.20982727272727275,11.89181818181818,-20.982727272727274,over,0.5861,0.11891818181818181,11.89181818181818,over,20000
player_reception_yds,Demarcus Robinson,demarcus robinson,WR,33.5,-110.0,-110,2024,7,43.0,-7.0,True,False,WR,40.94,SF,30-40,222,39.810810810810814,35.42174131599695,1254.699757857405,7.439999999999998,0.58605,0.41395,0.0,-141.57506945283245,141.57506945283245,1.9090909090909092,1.9090909090909092,0.11882272727272725,-0.20973181818181813,11.882272727272724,-20.973181818181814,over,0.58605,0.11882272727272725,11.882272727272724,over,20000
player_reception_yds,Tank Dell,tank dell,WR,51.5,-110.0,-110,2024,1,49.0,-3.0,True,False,WR,61.05,HOU,50-60,175,60.77142857142857,45.23883799407526,2046.5524630541875,9.549999999999997,0.5859,0.4141,0.0,-141.48756339048538,141.48756339048538,1.9090909090909092,1.9090909090909092,0.11853636363636366,-0.2094454545454545,11.853636363636365,-20.944545454545448,over,0.5859,0.11853636363636366,11.853636363636365,over,20000
player_reception_yds,Rico Dowdle,rico dowdle,RB,18.5,-110.0,-110,2024,16,47.5,4.5,False,True,RB,14.36,PIT,<20,432,17.046296296296298,19.125546894078457,365.78654399759415,-4.140000000000001,0.41415,0.58585,0.0,141.45840878908606,-141.45840878908606,1.9090909090909092,1.9090909090909092,-0.20934999999999993,0.1184409090909091,-20.93499999999999,11.844090909090909,under,0.58585,0.1184409090909091,11.844090909090909,under,20000
player_reception_yds,Cade Otton,cade otton,TE,25.5,-110.0,-110,2024,1,42.0,-4.0,True,False,TE,31.65,TB,20-30,155,32.535483870967745,27.73479503577737,769.218855676581,6.149999999999999,0.58575,0.41425,0.0,-141.40012070006034,141.40012070006034,1.9090909090909092,1.9090909090909092,0.11825000000000008,-0.20915909090909085,11.825000000000008,-20.915909090909086,over,0.58575,0.11825000000000008,11.825000000000008,over,20000
player_reception_yds,Sam LaPorta,sam laporta,TE,37.5,-110.0,-110,2024,15,55.5,-2.5,True,False,TE,44.96,DET,30-40,83,44.18072289156626,36.40127601114409,1325.0528952394943,7.460000000000001,0.58575,0.41425,0.0,-141.40012070006034,141.40012070006034,1.9090909090909092,1.9090909090909092,0.11825000000000008,-0.20915909090909085,11.825000000000008,-20.915909090909086,over,0.58575,0.11825000000000008,11.825000000000008,over,20000
player_reception_yds,Ja'Tavion Sanders,jatavion sanders,TE,21.5,-110.0,-110,2024,12,43.0,11.0,False,True,TE,27.23,CAR,20-30,155,32.535483870967745,27.73479503577737,769.218855676581,5.73,0.58565,0.41435,0.0,-141.34186074574635,141.34186074574635,1.9090909090909092,1.9090909090909092,0.11805909090909095,-0.20896818181818178,11.805909090909095,-20.896818181818176,over,0.58565,0.11805909090909095,11.805909090909095,over,20000
player_reception_yds,Tre Tucker,tre tucker,WR,24.5,-110.0,-110,2024,12,41.5,6.5,False,True,WR,31.43,LV,20-30,224,33.88392857142857,33.6177959681703,1130.1562057575272,6.93,0.58565,0.41435,0.0,-141.34186074574635,141.34186074574635,1.9090909090909092,1.9090909090909092,0.11805909090909095,-0.20896818181818178,11.805909090909095,-20.896818181818176,over,0.58565,0.11805909090909095,11.805909090909095,over,20000
player_reception_yds,Parris Campbell,parris campbell,WR,23.5,-110.0,-110,2024,4,42.0,-1.0,True,False,WR,30.96,DAL,20-30,224,33.88392857142857,33.6177959681703,1130.1562057575272,7.460000000000001,0.5856,0.4144,0.0,-141.3127413127413,141.3127413127413,1.9090909090909092,1.9090909090909092,0.11796363636363638,-0.20887272727272727,11.796363636363639,-20.887272727272727,over,0.5856,0.11796363636363638,11.796363636363639,over,20000
player_reception_yds,Dawson Knox,dawson knox,TE,29.5,-110.0,-110,2024,11,46.5,-2.5,True,False,TE,35.71,BUF,20-30,155,32.535483870967745,27.73479503577737,769.218855676581,6.210000000000001,0.5856,0.4144,0.0,-141.3127413127413,141.3127413127413,1.9090909090909092,1.9090909090909092,0.11796363636363638,-0.20887272727272727,11.796363636363639,-20.887272727272727,over,0.5856,0.11796363636363638,11.796363636363639,over,20000
player_reception_yds,Dalton Kincaid,dalton kincaid,TE,35.5,-110.0,-110,2024,16,48.0,-14.0,True,False,TE,43.02,BUF,30-40,83,44.18072289156626,36.40127601114409,1325.0528952394943,7.520000000000003,0.5855,0.4145,0.0,-141.25452352231605,141.25452352231605,1.9090909090909092,1.9090909090909092,0.11777272727272736,-0.2086818181818182,11.777272727272736,-20.868181818181817,over,0.5855,0.11777272727272736,11.777272727272736,over,20000
player_reception_yds,Mike Gesicki,mike gesicki,TE,26.5,-110.0,-110,2024,3,46.0,-7.5,True,False,TE,32.2,CIN,20-30,155,32.535483870967745,27.73479503577737,769.218855676581,5.700000000000003,0.58545,0.41455,0.0,-141.22542515981186,141.22542515981186,1.9090909090909092,1.9090909090909092,0.1176772727272728,-0.20858636363636363,11.76772727272728,-20.858636363636364,over,0.58545,0.1176772727272728,11.76772727272728,over,20000
player_reception_yds,Nick Westbrook-Ikhine,nick westbrook-ikhine,WR,25.5,-110.0,-110,2024,10,40.0,8.0,False,True,WR,32.91,IND,20-30,224,33.88392857142857,33.6177959681703,1130.1562057575272,7.409999999999997,0.58535,0.41465,0.0,-141.16724948751963,141.1672494875196,1.9090909090909092,1.9090909090909092,0.11748636363636378,-0.20839545454545455,11.748636363636377,-20.839545454545455,over,0.58535,0.11748636363636378,11.748636363636377,over,20000
player_reception_yds,Deebo Samuel,deebo samuel,WR,46.5,-110.0,-110,2024,4,41.5,-10.5,True,False,WR,54.73,FA,40-50,197,52.34517766497462,39.519382558680384,1561.7815978193314,8.229999999999997,0.5852,0.4148,0.0,-141.0800385728062,141.08003857280616,1.9090909090909092,1.9090909090909092,0.11720000000000019,-0.2081090909090908,11.72000000000002,-20.810909090909078,over,0.5852,0.11720000000000019,11.72000000000002,over,20000
player_reception_yds,Jahan Dotson,jahan dotson,WR,30.5,-110.0,-110,2024,2,46.5,-5.5,True,False,WR,38.17,ATL,30-40,222,39.810810810810814,35.42174131599695,1254.699757857405,7.670000000000002,0.5852,0.4148,0.0,-141.0800385728062,141.08003857280616,1.9090909090909092,1.9090909090909092,0.11720000000000019,-0.2081090909090908,11.72000000000002,-20.810909090909078,over,0.5852,0.11720000000000019,11.72000000000002,over,20000
player_reception_yds,Joe Mixon,joe mixon,RB,21.5,-110.0,-110,2024,13,44.5,-3.5,True,False,RB,26.42,FA,20-30,101,28.26732673267327,24.221026388386825,586.658119306931,4.920000000000002,0.5852,0.4148,0.0,-141.0800385728062,141.08003857280616,1.9090909090909092,1.9090909090909092,0.11720000000000019,-0.2081090909090908,11.72000000000002,-20.810909090909078,over,0.5852,0.11720000000000019,11.72000000000002,over,20000
player_reception_yds,Jordan Addison,jordan addison,WR,39.5,-110.0,-110,2024,10,42.5,-7.0,True,False,WR,47.15,MIN,30-40,222,39.810810810810814,35.42174131599695,1254.699757857405,7.649999999999999,0.58515,0.41485,0.0,-141.05098228275276,141.0509822827528,1.9090909090909092,1.9090909090909092,0.1171045454545454,-0.2080136363636364,11.71045454545454,-20.80136363636364,over,0.58515,0.1171045454545454,11.71045454545454,over,20000
player_reception_yds,Tutu Atwell,tutu atwell,WR,39.5,-110.0,-110,2024,4,40.0,3.0,False,True,WR,46.99,MIA,30-40,222,39.810810810810814,35.42174131599695,1254.699757857405,7.490000000000002,0.58495,0.41505,0.0,-140.93482712926152,140.93482712926155,1.9090909090909092,1.9090909090909092,0.11672272727272726,-0.20763181818181825,11.672272727272725,-20.763181818181824,over,0.58495,0.11672272727272726,11.672272727272725,over,20000
player_reception_yds,Garrett Wilson,garrett wilson,WR,59.5,-110.0,-110,2024,15,41.5,-3.5,True,False,WR,69.26,NYJ,50-60,175,60.77142857142857,45.23883799407526,2046.5524630541875,9.760000000000005,0.5849,0.4151,0.0,-140.90580582992047,140.90580582992047,1.9090909090909092,1.9090909090909092,0.11662727272727269,-0.20753636363636357,11.662727272727269,-20.753636363636357,over,0.5849,0.11662727272727269,11.662727272727269,over,20000
player_reception_yds,Foster Moreau,foster moreau,TE,18.5,-110.0,-110,2024,13,48.5,2.5,False,True,TE,23.12,HOU,<20,149,20.28187919463087,23.469612040364684,550.822689325231,4.620000000000001,0.58475,0.41525,0.0,-140.81878386514148,140.81878386514148,1.9090909090909092,1.9090909090909092,0.1163409090909091,-0.20724999999999993,11.634090909090911,-20.724999999999994,over,0.58475,0.1163409090909091,11.634090909090911,over,20000
player_reception_yds,Xavier Worthy,xavier worthy,WR,39.5,-110.0,-110,2024,7,47.5,2.5,False,True,WR,47.01,KC,30-40,222,39.810810810810814,35.42174131599695,1254.699757857405,7.509999999999998,0.5846,0.4154,0.0,-140.7318247472316,140.7318247472316,1.9090909090909092,1.9090909090909092,0.11605454545454552,-0.20696363636363635,11.605454545454553,-20.696363636363635,over,0.5846,0.11605454545454552,11.605454545454553,over,20000
player_reception_yds,Mark Andrews,mark andrews,TE,30.5,-110.0,-110,2024,13,50.0,-3.0,True,False,TE,37.85,BAL,30-40,83,44.18072289156626,36.40127601114409,1325.0528952394943,7.350000000000001,0.5846,0.4154,0.0,-140.7318247472316,140.7318247472316,1.9090909090909092,1.9090909090909092,0.11605454545454552,-0.20696363636363635,11.605454545454553,-20.696363636363635,over,0.5846,0.11605454545454552,11.605454545454553,over,20000
player_reception_yds,Mack Hollins,mack hollins,WR,15.5,-110.0,-110,2024,3,46.5,-4.0,True,False,WR,20.41,NE,<20,194,20.84536082474227,23.784379500884214,565.6967082420812,4.91,0.58455,0.41545,0.0,-140.7028523288001,140.7028523288001,1.9090909090909092,1.9090909090909092,0.11595909090909096,-0.20686818181818178,11.595909090909096,-20.68681818181818,over,0.58455,0.11595909090909096,11.595909090909096,over,20000
player_reception_yds,Brenton Strange,brenton strange,TE,27.5,-110.0,-110,2024,17,38.0,1.0,False,True,TE,33.15,JAC,20-30,155,32.535483870967745,27.73479503577737,769.218855676581,5.649999999999999,0.58445,0.41555,0.0,-140.6449284081338,140.6449284081338,1.9090909090909092,1.9090909090909092,0.11576818181818194,-0.20667727272727276,11.576818181818194,-20.667727272727276,over,0.58445,0.11576818181818194,11.576818181818194,over,20000
player_reception_yds,Keenan Allen,keenan allen,WR,39.5,-110.0,-110,2024,11,41.0,6.0,False,True,WR,47.07,LAC,30-40,222,39.810810810810814,35.42174131599695,1254.699757857405,7.57,0.5844,0.4156,0.0,-140.61597690086623,140.61597690086623,1.9090909090909092,1.9090909090909092,0.11567272727272737,-0.20658181818181814,11.567272727272737,-20.658181818181813,over,0.5844,0.11567272727272737,11.567272727272737,over,20000
player_reception_yds,De'Von Achane,devon achane,RB,27.5,-110.0,-110,2024,2,48.5,-2.5,True,False,RB,32.66,MIA,20-30,101,28.26732673267327,24.221026388386825,586.658119306931,5.159999999999997,0.5844,0.4156,0.0,-140.61597690086623,140.61597690086623,1.9090909090909092,1.9090909090909092,0.11567272727272737,-0.20658181818181814,11.567272727272737,-20.658181818181813,over,0.5844,0.11567272727272737,11.567272727272737,over,20000
player_reception_yds,Jakobi Meyers,jakobi meyers,WR,35.5,-110.0,-110,2024,2,41.0,9.0,False,True,WR,42.88,JAC,30-40,222,39.810810810810814,35.42174131599695,1254.699757857405,7.380000000000003,0.58435,0.41565,0.0,-140.58703235895587,140.58703235895584,1.9090909090909092,1.9090909090909092,0.1155772727272728,-0.20648636363636352,11.55772727272728,-20.648636363636353,over,0.58435,0.1155772727272728,11.55772727272728,over,20000
player_reception_yds,Jalen Tolbert,jalen tolbert,WR,33.5,-110.0,-110,2024,5,43.5,2.5,False,True,WR,41.17,MIA,30-40,222,39.810810810810814,35.42174131599695,1254.699757857405,7.670000000000002,0.5843,0.4157,0.0,-140.5580947798894,140.55809477988936,1.9090909090909092,1.9090909090909092,0.11548181818181835,-0.20639090909090907,11.548181818181835,-20.639090909090907,over,0.5843,0.11548181818181835,11.548181818181835,over,20000
player_reception_yds,Darnell Mooney,darnell mooney,WR,45.5,-110.0,-110,2024,17,46.5,3.5,False,True,WR,54.28,NYG,40-50,197,52.34517766497462,39.519382558680384,1561.7815978193314,8.780000000000001,0.58425,0.41575,0.0,-140.52916416115457,140.52916416115454,1.9090909090909092,1.9090909090909092,0.11538636363636379,-0.20629545454545445,11.538636363636378,-20.629545454545443,over,0.58425,0.11538636363636379,11.538636363636378,over,20000
player_reception_yds,Robert Woods,robert woods,WR,24.5,-110.0,-110,2024,10,49.0,4.5,False,True,WR,17.83,FA,20-30,224,33.88392857142857,33.6177959681703,1130.1562057575272,-6.670000000000002,0.41575,0.58425,0.0,140.52916416115454,-140.52916416115457,1.9090909090909092,1.9090909090909092,-0.20629545454545445,0.11538636363636379,-20.629545454545443,11.538636363636378,under,0.58425,0.11538636363636379,11.538636363636378,under,20000
player_reception_yds,Drake London,drake london,WR,66.5,-110.0,-110,2024,9,52.0,-3.0,True,False,WR,76.29,ATL,60+,244,72.20491803278688,43.97076702840401,1933.4283530661814,9.790000000000006,0.58425,0.41575,0.0,-140.52916416115457,140.52916416115454,1.9090909090909092,1.9090909090909092,0.11538636363636379,-0.20629545454545445,11.538636363636378,-20.629545454545443,over,0.58425,0.11538636363636379,11.538636363636378,over,20000
player_reception_yds,Jameson Williams,jameson williams,WR,39.5,-110.0,-110,2024,1,54.0,-5.0,True,False,WR,46.95,DET,30-40,222,39.810810810810814,35.42174131599695,1254.699757857405,7.450000000000003,0.58425,0.41575,0.0,-140.52916416115457,140.52916416115454,1.9090909090909092,1.9090909090909092,0.11538636363636379,-0.20629545454545445,11.538636363636378,-20.629545454545443,over,0.58425,0.11538636363636379,11.538636363636378,over,20000
player_reception_yds,Jaylen Waddle,jaylen waddle,WR,55.5,-110.0,-110,2024,8,46.5,-4.0,True,False,WR,65.07,DEN,50-60,175,60.77142857142857,45.23883799407526,2046.5524630541875,9.569999999999993,0.5842,0.4158,0.0,-140.50024050024052,140.5002405002405,1.9090909090909092,1.9090909090909092,0.11529090909090922,-0.2062,11.529090909090922,-20.62,over,0.5842,0.11529090909090922,11.529090909090922,over,20000
player_reception_yds,Jonathan Mingo,jonathan mingo,WR,25.5,-110.0,-110,2024,5,40.0,4.0,False,True,WR,32.69,DAL,20-30,224,33.88392857142857,33.6177959681703,1130.1562057575272,7.189999999999998,0.5842,0.4158,0.0,-140.50024050024052,140.5002405002405,1.9090909090909092,1.9090909090909092,0.11529090909090922,-0.2062,11.529090909090922,-20.62,over,0.5842,0.11529090909090922,11.529090909090922,over,20000
player_reception_yds,Mason Tipton,mason tipton,WR,20.5,-110.0,-110,2024,7,37.0,2.5,False,True,WR,27.47,NO,20-30,224,33.88392857142857,33.6177959681703,1130.1562057575272,6.969999999999999,0.5842,0.4158,0.0,-140.50024050024052,140.5002405002405,1.9090909090909092,1.9090909090909092,0.11529090909090922,-0.2062,11.529090909090922,-20.62,over,0.5842,0.11529090909090922,11.529090909090922,over,20000
player_reception_yds,Jake Ferguson,jake ferguson,TE,33.5,-110.0,-110,2024,11,41.5,7.5,False,True,TE,41.14,DAL,30-40,83,44.18072289156626,36.40127601114409,1325.0528952394943,7.640000000000001,0.5842,0.4158,0.0,-140.50024050024052,140.5002405002405,1.9090909090909092,1.9090909090909092,0.11529090909090922,-0.2062,11.529090909090922,-20.62,over,0.5842,0.11529090909090922,11.529090909090922,over,20000
player_reception_yds,Mike Gesicki,mike gesicki,TE,26.5,-110.0,-110,2024,4,47.0,-4.5,True,False,TE,31.92,CIN,20-30,155,32.535483870967745,27.73479503577737,769.218855676581,5.420000000000002,0.5842,0.4158,0.0,-140.50024050024052,140.5002405002405,1.9090909090909092,1.9090909090909092,0.11529090909090922,-0.2062,11.529090909090922,-20.62,over,0.5842,0.11529090909090922,11.529090909090922,over,20000
player_reception_yds,Juwan Johnson,juwan johnson,TE,23.5,-110.0,-110,2024,1,41.5,-3.5,True,False,TE,29.6,NO,20-30,155,32.535483870967745,27.73479503577737,769.218855676581,6.100000000000001,0.58415,0.41585,0.0,-140.47132379463744,140.47132379463747,1.9090909090909092,1.9090909090909092,0.11519545454545455,-0.20610454545454537,11.519545454545455,-20.610454545454537,over,0.58415,0.11519545454545455,11.519545454545455,over,20000
player_reception_yds,Foster Moreau,foster moreau,TE,16.5,-110.0,-110,2024,15,44.5,7.5,False,True,TE,21.38,HOU,<20,149,20.28187919463087,23.469612040364684,550.822689325231,4.879999999999999,0.5841,0.4159,0.0,-140.44241404183697,140.442414041837,1.9090909090909092,1.9090909090909092,0.11509999999999998,-0.20600909090909092,11.509999999999998,-20.60090909090909,over,0.5841,0.11509999999999998,11.509999999999998,over,20000
player_reception_yds,T.J. Hockenson,tj hockenson,TE,37.5,-110.0,-110,2024,12,39.5,-3.0,True,False,TE,44.89,MIN,30-40,83,44.18072289156626,36.40127601114409,1325.0528952394943,7.390000000000001,0.5841,0.4159,0.0,-140.44241404183697,140.442414041837,1.9090909090909092,1.9090909090909092,0.11509999999999998,-0.20600909090909092,11.509999999999998,-20.60090909090909,over,0.5841,0.11509999999999998,11.509999999999998,over,20000
player_reception_yds,Jake Ferguson,jake ferguson,TE,36.5,-110.0,-110,2024,3,47.5,1.5,False,True,TE,43.72,DAL,30-40,83,44.18072289156626,36.40127601114409,1325.0528952394943,7.219999999999999,0.58385,0.41615,0.0,-140.29796948215787,140.29796948215787,1.9090909090909092,1.9090909090909092,0.11462272727272727,-0.2055318181818181,11.462272727272726,-20.55318181818181,over,0.58385,0.11462272727272727,11.462272727272726,over,20000
player_reception_yds,Dallas Goedert,dallas goedert,TE,38.5,-110.0,-110,2024,3,49.0,2.5,False,True,TE,46.08,PHI,30-40,83,44.18072289156626,36.40127601114409,1325.0528952394943,7.579999999999998,0.5837,0.4163,0.0,-140.21138601969733,140.21138601969733,1.9090909090909092,1.9090909090909092,0.11433636363636368,-0.2052454545454545,11.433636363636367,-20.52454545454545,over,0.5837,0.11433636363636368,11.433636363636367,over,20000
player_reception_yds,Cooper Kupp,cooper kupp,WR,82.5,-110.0,-110,2024,2,47.5,-1.0,True,False,WR,91.26,SEA,60+,244,72.20491803278688,43.97076702840401,1933.4283530661814,8.760000000000005,0.5837,0.4163,0.0,-140.21138601969733,140.21138601969733,1.9090909090909092,1.9090909090909092,0.11433636363636368,-0.2052454545454545,11.433636363636367,-20.52454545454545,over,0.5837,0.11433636363636368,11.433636363636367,over,20000
player_reception_yds,James Conner,james conner,RB,18.5,-110.0,-110,2024,13,45.5,3.5,False,True,RB,22.49,ARI,<20,432,17.046296296296298,19.125546894078457,365.78654399759415,3.9899999999999984,0.5836,0.4164,0.0,-140.15369836695484,140.15369836695484,1.9090909090909092,1.9090909090909092,0.11414545454545466,-0.20505454545454543,11.414545454545467,-20.505454545454544,over,0.5836,0.11414545454545466,11.414545454545467,over,20000
player_reception_yds,Jahmyr Gibbs,jahmyr gibbs,RB,20.5,-110.0,-110,2024,15,55.5,-2.5,True,False,RB,25.78,DET,20-30,101,28.26732673267327,24.221026388386825,586.658119306931,5.280000000000001,0.5835,0.4165,0.0,-140.09603841536617,140.09603841536617,1.9090909090909092,1.9090909090909092,0.11395454545454553,-0.20486363636363636,11.395454545454553,-20.486363636363635,over,0.5835,0.11395454545454553,11.395454545454553,over,20000
player_reception_yds,Joshua Palmer,joshua palmer,,27.5,-110.0,-110,2024,10,40.0,,False,False,WR,34.47,BUF,20-30,224,33.88392857142857,33.6177959681703,1130.1562057575272,6.969999999999999,0.5834,0.4166,0.0,-140.0384061449832,140.03840614498316,1.9090909090909092,1.9090909090909092,0.11376363636363651,-0.20467272727272712,11.376363636363651,-20.46727272727271,over,0.5834,0.11376363636363651,11.376363636363651,over,20000
player_reception_yds,Gabe Davis,gabe davis,WR,34.5,-110.0,-110,2024,7,42.0,-6.5,True,False,WR,42.19,FA,30-40,222,39.810810810810814,35.42174131599695,1254.699757857405,7.689999999999998,0.58315,0.41685,0.0,-139.89444644356482,139.89444644356485,1.9090909090909092,1.9090909090909092,0.11328636363636357,-0.20419545454545457,11.328636363636358,-20.419545454545457,over,0.58315,0.11328636363636357,11.328636363636358,over,20000
player_reception_yds,Theo Johnson,theo johnson,TE,26.5,-110.0,-110,2024,6,46.0,4.5,False,True,TE,32.22,NYG,20-30,155,32.535483870967745,27.73479503577737,769.218855676581,5.719999999999999,0.583,0.417,0.0,-139.8081534772182,139.8081534772182,1.9090909090909092,1.9090909090909092,0.11299999999999999,-0.20390909090909087,11.299999999999999,-20.390909090909087,over,0.583,0.11299999999999999,11.299999999999999,over,20000
player_reception_yds,Marvin Harrison Jr.,marvin harrison,WR,56.5,-110.0,-110,2024,2,47.5,1.0,False,True,WR,65.67,ARI,50-60,175,60.77142857142857,45.23883799407526,2046.5524630541875,9.170000000000002,0.5828,0.4172,0.0,-139.69319271332694,139.69319271332694,1.9090909090909092,1.9090909090909092,0.11261818181818184,-0.20352727272727267,11.261818181818184,-20.352727272727268,over,0.5828,0.11261818181818184,11.261818181818184,over,20000
player_reception_yds,Brian Thomas Jr,brian thomas,WR,44.5,-110.0,-110,2024,1,49.5,3.5,False,True,WR,52.53,JAC,40-50,197,52.34517766497462,39.519382558680384,1561.7815978193314,8.030000000000001,0.5828,0.4172,0.0,-139.69319271332694,139.69319271332694,1.9090909090909092,1.9090909090909092,0.11261818181818184,-0.20352727272727267,11.261818181818184,-20.352727272727268,over,0.5828,0.11261818181818184,11.261818181818184,over,20000
player_reception_yds,Khalil Shakir,khalil shakir,WR,40.5,-110.0,-110,2024,8,45.5,-3.0,True,False,WR,48.35,BUF,40-50,197,52.34517766497462,39.519382558680384,1561.7815978193314,7.850000000000001,0.58275,0.41725,0.0,-139.6644697423607,139.6644697423607,1.9090909090909092,1.9090909090909092,0.11252272727272727,-0.2034318181818181,11.252272727272727,-20.34318181818181,over,0.58275,0.11252272727272727,11.252272727272727,over,20000
player_reception_yds,Allen Lazard,allen lazard,WR,24.5,-110.0,-110,2024,15,41.5,-3.5,True,False,WR,31.34,FA,20-30,224,33.88392857142857,33.6177959681703,1130.1562057575272,6.84,0.58265,0.41735,0.0,-139.60704444710674,139.60704444710674,1.9090909090909092,1.9090909090909092,0.11233181818181825,-0.20324090909090908,11.233181818181826,-20.32409090909091,over,0.58265,0.11233181818181825,11.233181818181826,over,20000
player_reception_yds,Mike Gesicki,mike gesicki,TE,22.5,-110.0,-110,2024,15,46.5,-6.0,True,False,TE,27.89,CIN,20-30,155,32.535483870967745,27.73479503577737,769.218855676581,5.390000000000001,0.58265,0.41735,0.0,-139.60704444710674,139.60704444710674,1.9090909090909092,1.9090909090909092,0.11233181818181825,-0.20324090909090908,11.233181818181826,-20.32409090909091,over,0.58265,0.11233181818181825,11.233181818181826,over,20000
player_reception_yds,Breece Hall,breece hall,RB,26.5,-110.0,-110,2024,13,41.5,-1.0,True,False,RB,31.51,NYJ,20-30,101,28.26732673267327,24.221026388386825,586.658119306931,5.010000000000002,0.58265,0.41735,0.0,-139.60704444710674,139.60704444710674,1.9090909090909092,1.9090909090909092,0.11233181818181825,-0.20324090909090908,11.233181818181826,-20.32409090909091,over,0.58265,0.11233181818181825,11.233181818181826,over,20000
player_reception_yds,George Pickens,george pickens,WR,53.5,-110.0,-110,2024,4,40.0,-2.5,True,False,WR,62.84,DAL,50-60,175,60.77142857142857,45.23883799407526,2046.5524630541875,9.340000000000003,0.58255,0.41745,0.0,-139.5496466642712,139.5496466642712,1.9090909090909092,1.9090909090909092,0.11214090909090912,-0.20305,11.214090909090913,-20.305,over,0.58255,0.11214090909090912,11.214090909090913,over,20000
player_reception_yds,Wan'Dale Robinson,wandale robinson,WR,48.5,-110.0,-110,2024,5,42.5,7.0,False,True,WR,56.49,TEN,40-50,197,52.34517766497462,39.519382558680384,1561.7815978193314,7.990000000000002,0.5825,0.4175,0.0,-139.52095808383234,139.52095808383234,1.9090909090909092,1.9090909090909092,0.11204545454545467,-0.20295454545454544,11.204545454545467,-20.295454545454543,over,0.5825,0.11204545454545467,11.204545454545467,over,20000
player_reception_yds,Hayden Hurst,hayden hurst,TE,21.5,-110.0,-110,2024,2,39.0,-5.0,True,False,TE,27.29,FA,20-30,155,32.535483870967745,27.73479503577737,769.218855676581,5.789999999999999,0.58235,0.41765,0.0,-139.43493355680596,139.4349335568059,1.9090909090909092,1.9090909090909092,0.11175909090909097,-0.2026681818181817,11.175909090909098,-20.26681818181817,over,0.58235,0.11175909090909097,11.175909090909098,over,20000
player_reception_yds,Mike Gesicki,mike gesicki,TE,25.5,-110.0,-110,2024,11,48.0,1.0,False,True,TE,31.62,CIN,20-30,155,32.535483870967745,27.73479503577737,769.218855676581,6.120000000000001,0.58235,0.41765,0.0,-139.43493355680596,139.4349335568059,1.9090909090909092,1.9090909090909092,0.11175909090909097,-0.2026681818181817,11.175909090909098,-20.26681818181817,over,0.58235,0.11175909090909097,11.175909090909098,over,20000
player_reception_yds,DeMario Douglas,demario douglas,WR,25.5,-110.0,-110,2024,5,37.0,2.0,False,True,WR,32.41,NE,20-30,224,33.88392857142857,33.6177959681703,1130.1562057575272,6.909999999999997,0.58235,0.41765,0.0,-139.43493355680596,139.4349335568059,1.9090909090909092,1.9090909090909092,0.11175909090909097,-0.2026681818181817,11.175909090909098,-20.26681818181817,over,0.58235,0.11175909090909097,11.175909090909098,over,20000
player_reception_yds,Darnell Mooney,darnell mooney,WR,35.5,-110.0,-110,2024,3,46.0,3.0,False,True,WR,43.14,NYG,30-40,222,39.810810810810814,35.42174131599695,1254.699757857405,7.640000000000001,0.5823,0.4177,0.0,-139.40627244433807,139.40627244433804,1.9090909090909092,1.9090909090909092,0.11166363636363652,-0.20257272727272724,11.166363636363652,-20.257272727272724,over,0.5823,0.11166363636363652,11.166363636363652,over,20000
player_reception_yds,Keenan Allen,keenan allen,WR,46.5,-110.0,-110,2024,1,43.0,-4.0,True,False,WR,54.78,LAC,40-50,197,52.34517766497462,39.519382558680384,1561.7815978193314,8.280000000000001,0.5823,0.4177,0.0,-139.40627244433807,139.40627244433804,1.9090909090909092,1.9090909090909092,0.11166363636363652,-0.20257272727272724,11.166363636363652,-20.257272727272724,over,0.5823,0.11166363636363652,11.166363636363652,over,20000
player_reception_yds,John Metchie III,john metchie,WR,17.5,-110.0,-110,2024,15,46.5,-2.5,True,False,WR,22.39,CAR,<20,194,20.84536082474227,23.784379500884214,565.6967082420812,4.890000000000001,0.58225,0.41775,0.0,-139.377618192699,139.37761819269898,1.9090909090909092,1.9090909090909092,0.11156818181818196,-0.20247727272727262,11.156818181818196,-20.24772727272726,over,0.58225,0.11156818181818196,11.156818181818196,over,20000
player_reception_yds,Malik Nabers,malik nabers,WR,56.5,-110.0,-110,2024,12,40.5,6.5,False,True,WR,66.45,NYG,50-60,175,60.77142857142857,45.23883799407526,2046.5524630541875,9.950000000000003,0.58225,0.41775,0.0,-139.377618192699,139.37761819269898,1.9090909090909092,1.9090909090909092,0.11156818181818196,-0.20247727272727262,11.156818181818196,-20.24772727272726,over,0.58225,0.11156818181818196,11.156818181818196,over,20000
player_reception_yds,Rachaad White,rachaad white,RB,20.5,-110.0,-110,2024,8,47.0,1.5,False,True,RB,25.45,WAS,20-30,101,28.26732673267327,24.221026388386825,586.658119306931,4.949999999999999,0.5822,0.4178,0.0,-139.3489707994256,139.3489707994256,1.9090909090909092,1.9090909090909092,0.11147272727272739,-0.20238181818181822,11.147272727272739,-20.238181818181822,over,0.5822,0.11147272727272739,11.147272727272739,over,20000
player_reception_yds,Jalen McMillan,jalen mcmillan,WR,21.5,-110.0,-110,2024,12,40.5,-6.5,True,False,WR,28.4,TB,20-30,224,33.88392857142857,33.6177959681703,1130.1562057575272,6.899999999999999,0.58205,0.41795,0.0,-139.26306974518482,139.26306974518482,1.9090909090909092,1.9090909090909092,0.11118636363636358,-0.20209545454545447,11.118636363636359,-20.209545454545445,over,0.58205,0.11118636363636358,11.118636363636359,over,20000
player_reception_yds,Wan'Dale Robinson,wandale robinson,WR,35.5,-110.0,-110,2024,4,45.0,5.5,False,True,WR,42.84,TEN,30-40,222,39.810810810810814,35.42174131599695,1254.699757857405,7.340000000000003,0.58205,0.41795,0.0,-139.26306974518482,139.26306974518482,1.9090909090909092,1.9090909090909092,0.11118636363636358,-0.20209545454545447,11.118636363636359,-20.209545454545445,over,0.58205,0.11118636363636358,11.118636363636359,over,20000
player_reception_yds,Alec Pierce,alec pierce,WR,23.5,-110.0,-110,2024,7,44.0,-3.0,True,False,WR,30.37,IND,20-30,224,33.88392857142857,33.6177959681703,1130.1562057575272,6.870000000000001,0.582,0.418,0.0,-139.23444976076553,139.23444976076559,1.9090909090909092,1.9090909090909092,0.11109090909090902,-0.20200000000000007,11.109090909090902,-20.200000000000006,over,0.582,0.11109090909090902,11.109090909090902,over,20000
player_reception_yds,DeVonta Smith,devonta smith,WR,46.5,-110.0,-110,2024,14,44.5,-14.0,True,False,WR,55.36,PHI,40-50,197,52.34517766497462,39.519382558680384,1561.7815978193314,8.86,0.58195,0.41805,0.0,-139.20583662241356,139.20583662241359,1.9090909090909092,1.9090909090909092,0.11099545454545456,-0.2019045454545454,11.099545454545456,-20.19045454545454,over,0.58195,0.11099545454545456,11.099545454545456,over,20000
player_reception_yds,Rashid Shaheed,rashid shaheed,WR,48.5,-110.0,-110,2024,5,43.0,5.5,False,True,WR,56.59,SEA,40-50,197,52.34517766497462,39.519382558680384,1561.7815978193314,8.090000000000003,0.5817,0.4183,0.0,-139.0628735357399,139.0628735357399,1.9090909090909092,1.9090909090909092,0.11051818181818185,-0.20142727272727268,11.051818181818184,-20.142727272727267,over,0.5817,0.11051818181818185,11.051818181818184,over,20000
player_reception_yds,Jauan Jennings,jauan jennings,WR,41.5,-110.0,-110,2024,3,44.5,-6.0,True,False,WR,50.07,MIN,40-50,197,52.34517766497462,39.519382558680384,1561.7815978193314,8.57,0.58165,0.41835,0.0,-139.0343014222541,139.0343014222541,1.9090909090909092,1.9090909090909092,0.11042272727272728,-0.20133181818181817,11.042272727272728,-20.133181818181818,over,0.58165,0.11042272727272728,11.042272727272728,over,20000
player_reception_yds,Aaron Jones,aaron jones,RB,16.5,-110.0,-110,2024,11,40.0,-6.0,True,False,RB,20.56,MIN,<20,432,17.046296296296298,19.125546894078457,365.78654399759415,4.059999999999999,0.58165,0.41835,0.0,-139.0343014222541,139.0343014222541,1.9090909090909092,1.9090909090909092,0.11042272727272728,-0.20133181818181817,11.042272727272728,-20.133181818181818,over,0.58165,0.11042272727272728,11.042272727272728,over,20000
player_reception_yds,Hunter Henry,hunter henry,TE,24.5,-110.0,-110,2024,6,38.5,6.5,False,True,TE,30.19,NE,20-30,155,32.535483870967745,27.73479503577737,769.218855676581,5.690000000000001,0.5816,0.4184,0.0,-139.00573613766733,139.00573613766733,1.9090909090909092,1.9090909090909092,0.11032727272727283,-0.2012363636363636,11.032727272727282,-20.12363636363636,over,0.5816,0.11032727272727283,11.032727272727282,over,20000
player_reception_yds,Jalen McMillan,jalen mcmillan,WR,40.5,-110.0,-110,2024,16,47.5,-4.5,True,False,WR,49.44,TB,40-50,197,52.34517766497462,39.519382558680384,1561.7815978193314,8.939999999999998,0.58155,0.41845,0.0,-138.97717767953162,138.97717767953162,1.9090909090909092,1.9090909090909092,0.11023181818181826,-0.2011409090909091,11.023181818181826,-20.11409090909091,over,0.58155,0.11023181818181826,11.023181818181826,over,20000
player_reception_yds,Rome Odunze,rome odunze,WR,41.5,-110.0,-110,2024,2,45.5,6.0,False,True,WR,50.13,CHI,40-50,197,52.34517766497462,39.519382558680384,1561.7815978193314,8.630000000000003,0.58155,0.41845,0.0,-138.97717767953162,138.97717767953162,1.9090909090909092,1.9090909090909092,0.11023181818181826,-0.2011409090909091,11.023181818181826,-20.11409090909091,over,0.58155,0.11023181818181826,11.023181818181826,over,20000
player_reception_yds,Tre Tucker,tre tucker,WR,28.5,-110.0,-110,2024,14,47.0,7.0,False,True,WR,35.66,LV,20-30,224,33.88392857142857,33.6177959681703,1130.1562057575272,7.159999999999997,0.5815,0.4185,0.0,-138.94862604540023,138.94862604540023,1.9090909090909092,1.9090909090909092,0.1101363636363637,-0.20104545454545453,11.013636363636369,-20.104545454545452,over,0.5815,0.1101363636363637,11.013636363636369,over,20000
player_reception_yds,Keenan Allen,keenan allen,WR,38.5,-110.0,-110,2024,12,39.5,3.0,False,True,WR,45.98,LAC,30-40,222,39.810810810810814,35.42174131599695,1254.699757857405,7.479999999999997,0.5813,0.4187,0.0,-138.8344877000239,138.83448770002386,1.9090909090909092,1.9090909090909092,0.10975454545454555,-0.20066363636363627,10.975454545454555,-20.066363636363626,over,0.5813,0.10975454545454555,10.975454545454555,over,20000
player_reception_yds,Jameson Williams,jameson williams,WR,49.5,-110.0,-110,2024,16,47.5,-7.0,True,False,WR,58.34,DET,40-50,197,52.34517766497462,39.519382558680384,1561.7815978193314,8.840000000000003,0.5812,0.4188,0.0,-138.77745940783194,138.77745940783188,1.9090909090909092,1.9090909090909092,0.10956363636363653,-0.2004727272727272,10.956363636363653,-20.04727272727272,over,0.5812,0.10956363636363653,10.956363636363653,over,20000
player_reception_yds,DeAndre Hopkins,deandre hopkins,WR,35.5,-110.0,-110,2024,17,43.5,-3.0,True,False,WR,42.81,BAL,30-40,222,39.810810810810814,35.42174131599695,1254.699757857405,7.310000000000002,0.5812,0.4188,0.0,-138.77745940783194,138.77745940783188,1.9090909090909092,1.9090909090909092,0.10956363636363653,-0.2004727272727272,10.956363636363653,-20.04727272727272,over,0.5812,0.10956363636363653,10.956363636363653,over,20000
player_reception_yds,Travis Etienne Jr.,travis etienne,RB,15.5,-110.0,-110,2024,16,41.5,2.5,False,True,RB,19.65,NO,<20,432,17.046296296296298,19.125546894078457,365.78654399759415,4.149999999999999,0.58115,0.41885,0.0,-138.74895547331985,138.74895547331982,1.9090909090909092,1.9090909090909092,0.10946818181818196,-0.20037727272727274,10.946818181818196,-20.037727272727274,over,0.58115,0.10946818181818196,10.946818181818196,over,20000
player_reception_yds,Jalen McMillan,jalen mcmillan,WR,42.5,-110.0,-110,2024,17,47.5,-9.5,True,False,WR,50.48,TB,40-50,197,52.34517766497462,39.519382558680384,1561.7815978193314,7.979999999999997,0.58115,0.41885,0.0,-138.74895547331985,138.74895547331982,1.9090909090909092,1.9090909090909092,0.10946818181818196,-0.20037727272727274,10.946818181818196,-20.037727272727274,over,0.58115,0.10946818181818196,10.946818181818196,over,20000
player_reception_yds,Tee Higgins,tee higgins,WR,68.5,-110.0,-110,2024,13,46.0,-3.0,True,False,WR,77.05,CIN,60+,244,72.20491803278688,43.97076702840401,1933.4283530661814,8.549999999999997,0.58105,0.41895,0.0,-138.69196801527627,138.6919680152763,1.9090909090909092,1.9090909090909092,0.10927727272727272,-0.20018636363636366,10.927727272727273,-20.018636363636368,over,0.58105,0.10927727272727272,10.927727272727273,over,20000
player_reception_yds,Michael Pittman Jr.,michael pittman,WR,50.5,-110.0,-110,2024,13,41.5,-2.5,True,False,WR,59.17,PIT,50-60,175,60.77142857142857,45.23883799407526,2046.5524630541875,8.670000000000002,0.58095,0.41905,0.0,-138.63500775563773,138.6350077556378,1.9090909090909092,1.9090909090909092,0.10908636363636359,-0.1999954545454546,10.90863636363636,-19.99954545454546,over,0.58095,0.10908636363636359,10.90863636363636,over,20000
player_reception_yds,Cade Otton,cade otton,TE,55.5,-110.0,-110,2024,9,45.5,9.0,False,True,TE,48.58,TB,50-60,28,62.82142857142857,33.57799988255154,1127.4820761126311,-6.920000000000002,0.41915,0.58085,0.0,138.57807467493737,-138.57807467493737,1.9090909090909092,1.9090909090909092,-0.1998045454545454,0.10889545454545457,-19.980454545454542,10.889545454545457,under,0.58085,0.10889545454545457,10.889545454545457,under,20000
player_reception_yds,Michael Wilson,michael wilson,WR,32.5,-110.0,-110,2024,7,44.0,1.0,False,True,WR,39.57,ARI,30-40,222,39.810810810810814,35.42174131599695,1254.699757857405,7.07,0.58075,0.41925,0.0,-138.52116875372687,138.52116875372687,1.9090909090909092,1.9090909090909092,0.10870454545454544,-0.19961363636363633,10.870454545454544,-19.961363636363632,over,0.58075,0.10870454545454544,10.870454545454544,over,20000
player_reception_yds,Jordan Addison,jordan addison,WR,55.5,-110.0,-110,2024,15,43.5,-7.0,True,False,WR,65.47,MIN,50-60,175,60.77142857142857,45.23883799407526,2046.5524630541875,9.969999999999999,0.58055,0.41945,0.0,-138.40743831207533,138.40743831207533,1.9090909090909092,1.9090909090909092,0.10832272727272729,-0.19923181818181818,10.832272727272729,-19.923181818181817,over,0.58055,0.10832272727272729,10.832272727272729,over,20000
player_reception_yds,Jonathan Mingo,jonathan mingo,WR,25.5,-110.0,-110,2024,6,45.5,6.0,False,True,WR,31.86,DAL,20-30,224,33.88392857142857,33.6177959681703,1130.1562057575272,6.359999999999999,0.5805,0.4195,0.0,-138.37902264600717,138.37902264600717,1.9090909090909092,1.9090909090909092,0.10822727272727284,-0.1991363636363636,10.822727272727285,-19.91363636363636,over,0.5805,0.10822727272727284,10.822727272727285,over,20000
player_reception_yds,Hunter Henry,hunter henry,TE,26.5,-110.0,-110,2024,5,37.0,2.0,False,True,TE,32.01,NE,20-30,155,32.535483870967745,27.73479503577737,769.218855676581,5.509999999999998,0.5804,0.4196,0.0,-138.32221163012395,138.32221163012395,1.9090909090909092,1.9090909090909092,0.10803636363636371,-0.19894545454545454,10.803636363636372,-19.894545454545455,over,0.5804,0.10803636363636371,10.803636363636372,over,20000
player_reception_yds,Marquez Valdes-Scantling,marquez valdes-scantling,WR,36.5,-110.0,-110,2024,14,41.0,-5.5,True,False,WR,43.89,DAL,30-40,222,39.810810810810814,35.42174131599695,1254.699757857405,7.390000000000001,0.5804,0.4196,0.0,-138.32221163012395,138.32221163012395,1.9090909090909092,1.9090909090909092,0.10803636363636371,-0.19894545454545454,10.803636363636372,-19.894545454545455,over,0.5804,0.10803636363636371,10.803636363636372,over,20000
player_reception_yds,DeMario Douglas,demario douglas,WR,39.5,-110.0,-110,2024,13,41.5,2.5,False,True,WR,46.68,NE,30-40,222,39.810810810810814,35.42174131599695,1254.699757857405,7.18,0.5804,0.4196,0.0,-138.32221163012395,138.32221163012395,1.9090909090909092,1.9090909090909092,0.10803636363636371,-0.19894545454545454,10.803636363636372,-19.894545454545455,over,0.5804,0.10803636363636371,10.803636363636372,over,20000
player_reception_yds,Mark Andrews,mark andrews,TE,32.5,-110.0,-110,2024,11,48.0,-3.0,True,False,TE,39.63,BAL,30-40,83,44.18072289156626,36.40127601114409,1325.0528952394943,7.130000000000003,0.5803,0.4197,0.0,-138.2654276864427,138.2654276864427,1.9090909090909092,1.9090909090909092,0.10784545454545469,-0.19875454545454546,10.78454545454547,-19.875454545454545,over,0.5803,0.10784545454545469,10.78454545454547,over,20000
player_reception_yds,AJ Barner,aj barner,TE,25.5,-110.0,-110,2024,12,46.5,1.0,False,True,TE,20.19,SEA,20-30,155,32.535483870967745,27.73479503577737,769.218855676581,-5.309999999999999,0.4197,0.5803,0.0,138.2654276864427,-138.2654276864427,1.9090909090909092,1.9090909090909092,-0.19875454545454546,0.10784545454545469,-19.875454545454545,10.78454545454547,under,0.5803,0.10784545454545469,10.78454545454547,under,20000
player_reception_yds,Rome Odunze,rome odunze,WR,37.5,-110.0,-110,2024,3,43.0,1.5,False,True,WR,44.91,CHI,30-40,222,39.810810810810814,35.42174131599695,1254.699757857405,7.409999999999997,0.58025,0.41975,0.0,-138.23704586063135,138.2370458606313,1.9090909090909092,1.9090909090909092,0.10775000000000012,-0.19865909090909079,10.775000000000013,-19.865909090909078,over,0.58025,0.10775000000000012,10.775000000000013,over,20000
player_reception_yds,Zack Moss,zack moss,RB,16.5,-110.0,-110,2024,6,46.0,-4.5,True,False,RB,19.98,FA,<20,432,17.046296296296298,19.125546894078457,365.78654399759415,3.4800000000000004,0.5802,0.4198,0.0,-138.208670795617,138.20867079561697,1.9090909090909092,1.9090909090909092,0.10765454545454556,-0.1985636363636364,10.765454545454556,-19.85636363636364,over,0.5802,0.10765454545454556,10.765454545454556,over,20000
player_reception_yds,Dalton Schultz,dalton schultz,TE,27.5,-110.0,-110,2024,3,46.0,-2.0,True,False,TE,32.74,HOU,20-30,155,32.535483870967745,27.73479503577737,769.218855676581,5.240000000000002,0.5801,0.4199,0.0,-138.15194093831863,138.15194093831866,1.9090909090909092,1.9090909090909092,0.10746363636363632,-0.1983727272727273,10.746363636363633,-19.83727272727273,over,0.5801,0.10746363636363632,10.746363636363633,over,20000
player_reception_yds,Jayden Reed,jayden reed,WR,48.5,-110.0,-110,2024,11,41.0,-6.0,True,False,WR,56.36,GB,40-50,197,52.34517766497462,39.519382558680384,1561.7815978193314,7.859999999999999,0.57995,0.42005,0.0,-138.06689679800022,138.06689679800024,1.9090909090909092,1.9090909090909092,0.10717727272727273,-0.19808636363636356,10.717727272727274,-19.808636363636356,over,0.57995,0.10717727272727273,10.717727272727274,over,20000
player_reception_yds,Travis Kelce,travis kelce,TE,48.5,-110.0,-110,2024,4,41.5,-7.5,True,False,TE,54.43,KC,40-50,77,42.8051948051948,30.604649640714655,936.6445796308957,5.93,0.5799,0.4201,0.0,-138.038562247084,138.03856224708406,1.9090909090909092,1.9090909090909092,0.10708181818181817,-0.19799090909090916,10.708181818181817,-19.799090909090918,over,0.5799,0.10708181818181817,10.708181818181817,over,20000
player_reception_yds,Marvin Harrison Jr.,marvin harrison,WR,46.5,-110.0,-110,2024,10,45.5,2.0,False,True,WR,54.16,ARI,40-50,197,52.34517766497462,39.519382558680384,1561.7815978193314,7.659999999999997,0.5798,0.4202,0.0,-137.9819133745835,137.9819133745835,1.9090909090909092,1.9090909090909092,0.10689090909090915,-0.19779999999999992,10.689090909090915,-19.77999999999999,over,0.5798,0.10689090909090915,10.689090909090915,over,20000
player_reception_yds,Jake Ferguson,jake ferguson,TE,41.5,-110.0,-110,2024,8,48.0,5.5,False,True,TE,47.57,DAL,40-50,77,42.8051948051948,30.604649640714655,936.6445796308957,6.07,0.57975,0.42025,0.0,-137.9535990481856,137.9535990481856,1.9090909090909092,1.9090909090909092,0.10679545454545458,-0.1977045454545454,10.679545454545458,-19.77045454545454,over,0.57975,0.10679545454545458,10.679545454545458,over,20000
player_reception_yds,Sam LaPorta,sam laporta,TE,53.5,-110.0,-110,2024,1,54.0,-5.0,True,False,TE,59.31,DET,50-60,28,62.82142857142857,33.57799988255154,1127.4820761126311,5.810000000000002,0.57965,0.42035,0.0,-137.89699060306887,137.89699060306887,1.9090909090909092,1.9090909090909092,0.10660454545454545,-0.19751363636363634,10.660454545454545,-19.751363636363635,over,0.57965,0.10660454545454545,10.660454545454545,over,20000
player_reception_yds,DJ Moore,dj moore,WR,57.5,-110.0,-110,2024,4,40.0,-3.0,True,False,WR,66.56,BUF,50-60,175,60.77142857142857,45.23883799407526,2046.5524630541875,9.060000000000002,0.57965,0.42035,0.0,-137.89699060306887,137.89699060306887,1.9090909090909092,1.9090909090909092,0.10660454545454545,-0.19751363636363634,10.660454545454545,-19.751363636363635,over,0.57965,0.10660454545454545,10.660454545454545,over,20000
player_reception_yds,Dalton Schultz,dalton schultz,TE,27.5,-110.0,-110,2024,12,40.5,-8.0,True,False,TE,33.28,HOU,20-30,155,32.535483870967745,27.73479503577737,769.218855676581,5.780000000000001,0.5796,0.4204,0.0,-137.8686964795433,137.8686964795433,1.9090909090909092,1.9090909090909092,0.106509090909091,-0.19741818181818177,10.6509090909091,-19.74181818181818,over,0.5796,0.106509090909091,10.6509090909091,over,20000
player_reception_yds,Tee Higgins,tee higgins,WR,57.5,-110.0,-110,2024,11,48.0,1.0,False,True,WR,66.09,CIN,50-60,175,60.77142857142857,45.23883799407526,2046.5524630541875,8.590000000000003,0.5796,0.4204,0.0,-137.8686964795433,137.8686964795433,1.9090909090909092,1.9090909090909092,0.106509090909091,-0.19741818181818177,10.6509090909091,-19.74181818181818,over,0.5796,0.106509090909091,10.6509090909091,over,20000
player_reception_yds,Rashid Shaheed,rashid shaheed,WR,45.5,-110.0,-110,2024,4,41.5,2.5,False,True,WR,53.29,SEA,40-50,197,52.34517766497462,39.519382558680384,1561.7815978193314,7.789999999999999,0.57955,0.42045,0.0,-137.84040908550364,137.84040908550364,1.9090909090909092,1.9090909090909092,0.10641363636363643,-0.19732272727272726,10.641363636363643,-19.732272727272726,over,0.57955,0.10641363636363643,10.641363636363643,over,20000
player_reception_yds,Hunter Henry,hunter henry,TE,25.5,-110.0,-110,2024,2,39.0,3.5,False,True,TE,31.08,NE,20-30,155,32.535483870967745,27.73479503577737,769.218855676581,5.579999999999998,0.57955,0.42045,0.0,-137.84040908550364,137.84040908550364,1.9090909090909092,1.9090909090909092,0.10641363636363643,-0.19732272727272726,10.641363636363643,-19.732272727272726,over,0.57955,0.10641363636363643,10.641363636363643,over,20000
player_reception_yds,Michael Pittman Jr.,michael pittman,WR,42.5,-110.0,-110,2024,15,43.5,4.5,False,True,WR,50.85,PIT,40-50,197,52.34517766497462,39.519382558680384,1561.7815978193314,8.350000000000001,0.57955,0.42045,0.0,-137.84040908550364,137.84040908550364,1.9090909090909092,1.9090909090909092,0.10641363636363643,-0.19732272727272726,10.641363636363643,-19.732272727272726,over,0.57955,0.10641363636363643,10.641363636363643,over,20000
player_reception_yds,Tyler Boyd,tyler boyd,WR,23.5,-110.0,-110,2024,4,37.0,2.5,False,True,WR,30.71,FA,20-30,224,33.88392857142857,33.6177959681703,1130.1562057575272,7.210000000000001,0.57955,0.42045,0.0,-137.84040908550364,137.84040908550364,1.9090909090909092,1.9090909090909092,0.10641363636363643,-0.19732272727272726,10.641363636363643,-19.732272727272726,over,0.57955,0.10641363636363643,10.641363636363643,over,20000
player_reception_yds,Demarcus Robinson,demarcus robinson,WR,45.5,-110.0,-110,2024,3,44.5,6.0,False,True,WR,53.93,SF,40-50,197,52.34517766497462,39.519382558680384,1561.7815978193314,8.43,0.5795,0.4205,0.0,-137.81212841854935,137.81212841854935,1.9090909090909092,1.9090909090909092,0.10631818181818187,-0.1972272727272727,10.631818181818186,-19.72272727272727,over,0.5795,0.10631818181818187,10.631818181818186,over,20000
player_reception_yds,Nico Collins,nico collins,WR,74.5,-110.0,-110,2024,3,46.0,-2.0,True,False,WR,83.4,HOU,60+,244,72.20491803278688,43.97076702840401,1933.4283530661814,8.900000000000006,0.5793,0.4207,0.0,-137.69907297361544,137.6990729736154,1.9090909090909092,1.9090909090909092,0.10593636363636372,-0.19684545454545443,10.59363636363637,-19.684545454545443,over,0.5793,0.10593636363636372,10.59363636363637,over,20000
player_reception_yds,Chris Olave,chris olave,WR,59.5,-110.0,-110,2024,2,47.0,6.5,False,True,WR,69.2,NO,50-60,175,60.77142857142857,45.23883799407526,2046.5524630541875,9.700000000000003,0.57925,0.42075,0.0,-137.67082590612006,137.67082590612003,1.9090909090909092,1.9090909090909092,0.10584090909090926,-0.19674999999999998,10.584090909090927,-19.674999999999997,over,0.57925,0.10584090909090926,10.584090909090927,over,20000
player_reception_yds,Jauan Jennings,jauan jennings,WR,52.5,-110.0,-110,2024,13,45.0,6.5,False,True,WR,61.38,MIN,50-60,175,60.77142857142857,45.23883799407526,2046.5524630541875,8.880000000000003,0.57915,0.42085,0.0,-137.6143519068552,137.61435190685518,1.9090909090909092,1.9090909090909092,0.10565000000000013,-0.1965590909090909,10.565000000000014,-19.65590909090909,over,0.57915,0.10565000000000013,10.565000000000014,over,20000
player_reception_yds,Terry McLaurin,terry mclaurin,WR,58.5,-110.0,-110,2024,13,45.0,-6.0,True,False,WR,67.49,WAS,50-60,175,60.77142857142857,45.23883799407526,2046.5524630541875,8.989999999999995,0.579,0.421,0.0,-137.5296912114014,137.52969121140143,1.9090909090909092,1.9090909090909092,0.10536363636363633,-0.1962727272727272,10.536363636363632,-19.62727272727272,over,0.579,0.10536363636363633,10.536363636363632,over,20000
player_reception_yds,Jonnu Smith,jonnu smith,TE,18.5,-110.0,-110,2024,7,44.0,3.0,False,True,TE,23.05,FA,<20,149,20.28187919463087,23.469612040364684,550.822689325231,4.550000000000001,0.579,0.421,0.0,-137.5296912114014,137.52969121140143,1.9090909090909092,1.9090909090909092,0.10536363636363633,-0.1962727272727272,10.536363636363632,-19.62727272727272,over,0.579,0.10536363636363633,10.536363636363632,over,20000
player_reception_yds,Jahmyr Gibbs,jahmyr gibbs,RB,23.5,-110.0,-110,2024,2,51.5,-7.5,True,False,RB,28.28,DET,20-30,101,28.26732673267327,24.221026388386825,586.658119306931,4.780000000000001,0.57895,0.42105,0.0,-137.50148438427738,137.50148438427743,1.9090909090909092,1.9090909090909092,0.10526818181818176,-0.1961772727272728,10.526818181818175,-19.61772727272728,over,0.57895,0.10526818181818176,10.526818181818175,over,20000
player_reception_yds,Darius Slayton,darius slayton,WR,25.5,-110.0,-110,2024,3,38.0,6.5,False,True,WR,31.99,NYG,20-30,224,33.88392857142857,33.6177959681703,1130.1562057575272,6.489999999999998,0.5789,0.4211,0.0,-137.47328425552124,137.47328425552126,1.9090909090909092,1.9090909090909092,0.1051727272727273,-0.19608181818181813,10.517272727272731,-19.608181818181812,over,0.5789,0.1051727272727273,10.517272727272731,over,20000
player_reception_yds,Deebo Samuel,deebo samuel,WR,55.5,-110.0,-110,2024,2,46.5,-4.5,True,False,WR,63.92,FA,50-60,175,60.77142857142857,45.23883799407526,2046.5524630541875,8.420000000000002,0.5788,0.4212,0.0,-137.41690408357073,137.41690408357073,1.9090909090909092,1.9090909090909092,0.10498181818181818,-0.195890909090909,10.498181818181818,-19.5890909090909,over,0.5788,0.10498181818181818,10.498181818181818,over,20000
player_reception_yds,Justin Watson,justin watson,WR,22.5,-110.0,-110,2024,7,47.5,2.5,False,True,WR,16.25,HOU,20-30,224,33.88392857142857,33.6177959681703,1130.1562057575272,-6.25,0.42125,0.57875,0.0,137.3887240356083,-137.3887240356083,1.9090909090909092,1.9090909090909092,-0.1957954545454545,0.10488636363636361,-19.57954545454545,10.488636363636362,under,0.57875,0.10488636363636361,10.488636363636362,under,20000
player_reception_yds,DJ Moore,dj moore,WR,59.5,-110.0,-110,2024,8,46.5,1.5,False,True,WR,68.48,BUF,50-60,175,60.77142857142857,45.23883799407526,2046.5524630541875,8.980000000000004,0.57875,0.42125,0.0,-137.3887240356083,137.3887240356083,1.9090909090909092,1.9090909090909092,0.10488636363636361,-0.1957954545454545,10.488636363636362,-19.57954545454545,over,0.57875,0.10488636363636361,10.488636363636362,over,20000
player_reception_yds,JuJu Smith-Schuster,juju smith-schuster,WR,20.5,-110.0,-110,2024,5,43.0,-5.5,True,False,WR,27.36,FA,20-30,224,33.88392857142857,33.6177959681703,1130.1562057575272,6.859999999999999,0.5787,0.4213,0.0,-137.36055067647757,137.36055067647757,1.9090909090909092,1.9090909090909092,0.10479090909090916,-0.19569999999999993,10.479090909090916,-19.569999999999993,over,0.5787,0.10479090909090916,10.479090909090916,over,20000
player_reception_yds,Greg Dulcich,greg dulcich,,21.5,-110.0,-110,2024,3,40.5,,False,False,TE,27.35,MIA,20-30,155,32.535483870967745,27.73479503577737,769.218855676581,5.850000000000001,0.5787,0.4213,0.0,-137.36055067647757,137.36055067647757,1.9090909090909092,1.9090909090909092,0.10479090909090916,-0.19569999999999993,10.479090909090916,-19.569999999999993,over,0.5787,0.10479090909090916,10.479090909090916,over,20000
player_reception_yds,Xavier Worthy,xavier worthy,WR,36.5,-110.0,-110,2024,8,42.0,-9.0,True,False,WR,43.64,KC,30-40,222,39.810810810810814,35.42174131599695,1254.699757857405,7.140000000000001,0.5786,0.4214,0.0,-137.30422401518746,137.30422401518746,1.9090909090909092,1.9090909090909092,0.10460000000000003,-0.19550909090909085,10.460000000000003,-19.550909090909087,over,0.5786,0.10460000000000003,10.460000000000003,over,20000
player_reception_yds,Darius Slayton,darius slayton,WR,35.5,-110.0,-110,2024,9,44.5,4.5,False,True,WR,43.34,NYG,30-40,222,39.810810810810814,35.42174131599695,1254.699757857405,7.840000000000003,0.5786,0.4214,0.0,-137.30422401518746,137.30422401518746,1.9090909090909092,1.9090909090909092,0.10460000000000003,-0.19550909090909085,10.460000000000003,-19.550909090909087,over,0.5786,0.10460000000000003,10.460000000000003,over,20000
player_reception_yds,Cade Otton,cade otton,TE,22.5,-110.0,-110,2024,4,42.0,1.0,False,True,TE,28.53,TB,20-30,155,32.535483870967745,27.73479503577737,769.218855676581,6.030000000000001,0.57845,0.42155,0.0,-137.21978412999644,137.21978412999644,1.9090909090909092,1.9090909090909092,0.10431363636363644,-0.19522272727272727,10.431363636363644,-19.52227272727273,over,0.57845,0.10431363636363644,10.431363636363644,over,20000
player_reception_yds,Dontayvion Wicks,dontayvion wicks,WR,38.5,-110.0,-110,2024,14,53.0,3.0,False,True,WR,45.69,PHI,30-40,222,39.810810810810814,35.42174131599695,1254.699757857405,7.189999999999998,0.57845,0.42155,0.0,-137.21978412999644,137.21978412999644,1.9090909090909092,1.9090909090909092,0.10431363636363644,-0.19522272727272727,10.431363636363644,-19.52227272727273,over,0.57845,0.10431363636363644,10.431363636363644,over,20000
player_reception_yds,Tyler Conklin,tyler conklin,TE,23.5,-110.0,-110,2024,10,45.5,-2.0,True,False,TE,28.92,DET,20-30,155,32.535483870967745,27.73479503577737,769.218855676581,5.420000000000002,0.57845,0.42155,0.0,-137.21978412999644,137.21978412999644,1.9090909090909092,1.9090909090909092,0.10431363636363644,-0.19522272727272727,10.431363636363644,-19.52227272727273,over,0.57845,0.10431363636363644,10.431363636363644,over,20000
player_reception_yds,James Cook,james cook,RB,18.5,-110.0,-110,2024,2,48.5,2.5,False,True,RB,22.25,BUF,<20,432,17.046296296296298,19.125546894078457,365.78654399759415,3.75,0.5783,0.4217,0.0,-137.13540431586438,137.13540431586438,1.9090909090909092,1.9090909090909092,0.10402727272727286,-0.19493636363636363,10.402727272727287,-19.493636363636362,over,0.5783,0.10402727272727286,10.402727272727287,over,20000
player_reception_yds,Brock Bowers,brock bowers,TE,35.5,-110.0,-110,2024,1,41.0,3.0,False,True,TE,42.96,LV,30-40,83,44.18072289156626,36.40127601114409,1325.0528952394943,7.460000000000001,0.57815,0.42185,0.0,-137.05108450871165,137.05108450871163,1.9090909090909092,1.9090909090909092,0.10374090909090927,-0.19464999999999988,10.374090909090928,-19.46499999999999,over,0.57815,0.10374090909090927,10.374090909090928,over,20000
player_reception_yds,Jalen McMillan,jalen mcmillan,WR,22.5,-110.0,-110,2024,3,40.5,-6.0,True,False,WR,28.45,TB,20-30,224,33.88392857142857,33.6177959681703,1130.1562057575272,5.949999999999999,0.5781,0.4219,0.0,-137.0229912301493,137.02299123014933,1.9090909090909092,1.9090909090909092,0.10364545454545449,-0.19455454545454548,10.364545454545448,-19.455454545454547,over,0.5781,0.10364545454545449,10.364545454545448,over,20000
player_reception_yds,Tucker Kraft,tucker kraft,TE,31.5,-110.0,-110,2024,13,47.5,-3.5,True,False,TE,38.12,GB,30-40,83,44.18072289156626,36.40127601114409,1325.0528952394943,6.619999999999997,0.578,0.422,0.0,-136.96682464454975,136.96682464454977,1.9090909090909092,1.9090909090909092,0.10345454545454547,-0.1943636363636364,10.345454545454547,-19.43636363636364,over,0.578,0.10345454545454547,10.345454545454547,over,20000
player_reception_yds,Evan Engram,evan engram,TE,47.5,-110.0,-110,2024,10,42.5,7.0,False,True,TE,53.24,DEN,40-50,77,42.8051948051948,30.604649640714655,936.6445796308957,5.740000000000002,0.5779,0.4221,0.0,-136.9106846718787,136.91068467187873,1.9090909090909092,1.9090909090909092,0.10326363636363634,-0.19417272727272733,10.326363636363634,-19.41727272727273,over,0.5779,0.10326363636363634,10.326363636363634,over,20000
player_reception_yds,Tank Dell,tank dell,WR,44.5,-110.0,-110,2024,15,46.5,-2.5,True,False,WR,51.68,HOU,40-50,197,52.34517766497462,39.519382558680384,1561.7815978193314,7.18,0.5778,0.4222,0.0,-136.85457129322594,136.85457129322594,1.9090909090909092,1.9090909090909092,0.10307272727272732,-0.1939818181818181,10.307272727272732,-19.398181818181808,over,0.5778,0.10307272727272732,10.307272727272732,over,20000
player_reception_yds,Jaylen Waddle,jaylen waddle,WR,37.5,-110.0,-110,2024,5,37.0,-2.0,True,False,WR,44.31,DEN,30-40,222,39.810810810810814,35.42174131599695,1254.699757857405,6.810000000000002,0.5778,0.4222,0.0,-136.85457129322594,136.85457129322594,1.9090909090909092,1.9090909090909092,0.10307272727272732,-0.1939818181818181,10.307272727272732,-19.398181818181808,over,0.5778,0.10307272727272732,10.307272727272732,over,20000
player_reception_yds,Van Jefferson,van jefferson,WR,17.5,-110.0,-110,2024,5,43.5,-2.5,True,False,WR,22.22,WAS,<20,194,20.84536082474227,23.784379500884214,565.6967082420812,4.719999999999999,0.57755,0.42245,0.0,-136.71440407148776,136.71440407148776,1.9090909090909092,1.9090909090909092,0.1025954545454546,-0.19350454545454543,10.25954545454546,-19.350454545454543,over,0.57755,0.1025954545454546,10.25954545454546,over,20000
player_reception_yds,Ja'Tavion Sanders,jatavion sanders,TE,18.5,-110.0,-110,2024,1,41.5,3.5,False,True,TE,23.06,CAR,<20,149,20.28187919463087,23.469612040364684,550.822689325231,4.559999999999999,0.5775,0.4225,0.0,-136.68639053254438,136.68639053254438,1.9090909090909092,1.9090909090909092,0.10250000000000004,-0.19340909090909092,10.250000000000004,-19.340909090909093,over,0.5775,0.10250000000000004,10.250000000000004,over,20000
player_reception_yds,Jalen Tolbert,jalen tolbert,WR,24.5,-110.0,-110,2024,14,51.0,5.0,False,True,WR,31.35,MIA,20-30,224,33.88392857142857,33.6177959681703,1130.1562057575272,6.850000000000001,0.57745,0.42255,0.0,-136.65838362323987,136.65838362323987,1.9090909090909092,1.9090909090909092,0.10240454545454558,-0.19331363636363635,10.240454545454558,-19.331363636363637,over,0.57745,0.10240454545454558,10.240454545454558,over,20000
player_reception_yds,Cole Kmet,cole kmet,TE,26.5,-110.0,-110,2024,10,37.5,-6.5,True,False,TE,31.78,CHI,20-30,155,32.535483870967745,27.73479503577737,769.218855676581,5.280000000000001,0.57745,0.42255,0.0,-136.65838362323987,136.65838362323987,1.9090909090909092,1.9090909090909092,0.10240454545454558,-0.19331363636363635,10.240454545454558,-19.331363636363637,over,0.57745,0.10240454545454558,10.240454545454558,over,20000
player_reception_yds,Andrei Iosivas,andrei iosivas,WR,23.5,-110.0,-110,2024,3,46.0,-7.5,True,False,WR,29.99,CIN,20-30,224,33.88392857142857,33.6177959681703,1130.1562057575272,6.489999999999998,0.5774,0.4226,0.0,-136.63038334122103,136.63038334122103,1.9090909090909092,1.9090909090909092,0.10230909090909102,-0.19321818181818184,10.230909090909101,-19.321818181818184,over,0.5774,0.10230909090909102,10.230909090909101,over,20000
player_reception_yds,Brandon Powell,brandon powell,WR,16.5,-110.0,-110,2024,3,46.0,2.0,False,True,WR,21.42,FA,<20,194,20.84536082474227,23.784379500884214,565.6967082420812,4.920000000000002,0.5774,0.4226,0.0,-136.63038334122103,136.63038334122103,1.9090909090909092,1.9090909090909092,0.10230909090909102,-0.19321818181818184,10.230909090909101,-19.321818181818184,over,0.5774,0.10230909090909102,10.230909090909101,over,20000
player_reception_yds,Joshua Palmer,joshua palmer,,46.5,-110.0,-110,2024,14,43.5,,False,False,WR,38.8,BUF,40-50,197,52.34517766497462,39.519382558680384,1561.7815978193314,-7.700000000000003,0.4226,0.5774,0.0,136.63038334122103,-136.63038334122103,1.9090909090909092,1.9090909090909092,-0.19321818181818184,0.10230909090909102,-19.321818181818184,10.230909090909101,under,0.5774,0.10230909090909102,10.230909090909101,under,20000
player_reception_yds,CeeDee Lamb,ceedee lamb,WR,60.5,-110.0,-110,2024,11,41.5,7.5,False,True,WR,68.73,DAL,60+,244,72.20491803278688,43.97076702840401,1933.4283530661814,8.230000000000004,0.57735,0.42265,0.0,-136.60238968413583,136.6023896841358,1.9090909090909092,1.9090909090909092,0.10221363636363645,-0.19312272727272722,10.221363636363645,-19.312272727272724,over,0.57735,0.10221363636363645,10.221363636363645,over,20000
player_reception_yds,Brian Thomas Jr,brian thomas,WR,44.5,-110.0,-110,2024,3,46.5,4.0,False,True,WR,51.8,JAC,40-50,197,52.34517766497462,39.519382558680384,1561.7815978193314,7.299999999999997,0.5773,0.4227,0.0,-136.57440264963333,136.57440264963327,1.9090909090909092,1.9090909090909092,0.10211818181818189,-0.1930272727272726,10.211818181818188,-19.30272727272726,over,0.5773,0.10211818181818189,10.211818181818188,over,20000
player_reception_yds,Puka Nacua,puka nacua,WR,66.5,-110.0,-110,2024,9,48.5,-1.5,True,False,WR,75.49,LAR,60+,244,72.20491803278688,43.97076702840401,1933.4283530661814,8.989999999999995,0.5773,0.4227,0.0,-136.57440264963333,136.57440264963327,1.9090909090909092,1.9090909090909092,0.10211818181818189,-0.1930272727272726,10.211818181818188,-19.30272727272726,over,0.5773,0.10211818181818189,10.211818181818188,over,20000
player_reception_yds,Tank Dell,tank dell,WR,50.5,-110.0,-110,2024,6,38.5,-6.5,True,False,WR,58.69,HOU,50-60,175,60.77142857142857,45.23883799407526,2046.5524630541875,8.189999999999998,0.57715,0.42285,0.0,-136.4904812581294,136.49048125812936,1.9090909090909092,1.9090909090909092,0.1018318181818183,-0.19274090909090913,10.18318181818183,-19.274090909090912,over,0.57715,0.1018318181818183,10.18318181818183,over,20000
player_reception_yds,Zach Ertz,zach ertz,TE,24.5,-110.0,-110,2024,3,46.0,7.5,False,True,TE,29.97,FA,20-30,155,32.535483870967745,27.73479503577737,769.218855676581,5.469999999999999,0.57715,0.42285,0.0,-136.4904812581294,136.49048125812936,1.9090909090909092,1.9090909090909092,0.1018318181818183,-0.19274090909090913,10.18318181818183,-19.274090909090912,over,0.57715,0.1018318181818183,10.18318181818183,over,20000
player_reception_yds,Deebo Samuel,deebo samuel,WR,41.5,-110.0,-110,2024,12,44.5,6.5,False,True,WR,49.14,FA,40-50,197,52.34517766497462,39.519382558680384,1561.7815978193314,7.640000000000001,0.57715,0.42285,0.0,-136.4904812581294,136.49048125812936,1.9090909090909092,1.9090909090909092,0.1018318181818183,-0.19274090909090913,10.18318181818183,-19.274090909090912,over,0.57715,0.1018318181818183,10.18318181818183,over,20000
player_reception_yds,Brock Bowers,brock bowers,TE,73.5,-110.0,-110,2024,17,37.5,-2.0,True,False,TE,67.2,LV,60+,20,68.4,33.57799988255154,1127.4820761126311,-6.299999999999997,0.423,0.577,0.0,136.4066193853428,-136.40661938534276,1.9090909090909092,1.9090909090909092,-0.19245454545454538,0.1015454545454545,-19.24545454545454,10.154545454545449,under,0.577,0.1015454545454545,10.154545454545449,under,20000
player_reception_yds,Rhamondre Stevenson,rhamondre stevenson,RB,16.5,100.0,-122,2024,3,39.0,6.5,False,True,RB,19.18,NE,<20,432,17.046296296296298,19.125546894078457,365.78654399759415,2.6799999999999997,0.55075,0.44925,0.0,-122.59321090706732,122.59321090706736,2.0,1.819672131147541,0.10149999999999992,-0.1825122950819673,10.149999999999991,-18.25122950819673,over,0.55075,0.10149999999999992,10.149999999999991,over,20000
player_reception_yds,Saquon Barkley,saquon barkley,RB,21.5,-110.0,-110,2024,13,50.0,3.0,False,True,RB,25.95,PHI,20-30,101,28.26732673267327,24.221026388386825,586.658119306931,4.449999999999999,0.57685,0.42315,0.0,-136.32281696797824,136.32281696797824,1.9090909090909092,1.9090909090909092,0.10125909090909091,-0.19216818181818174,10.12590909090909,-19.216818181818173,over,0.57685,0.10125909090909091,10.12590909090909,over,20000
player_reception_yds,James Conner,james conner,RB,16.5,-110.0,-110,2024,12,46.5,-1.0,True,False,RB,20.22,ARI,<20,432,17.046296296296298,19.125546894078457,365.78654399759415,3.719999999999999,0.57685,0.42315,0.0,-136.32281696797824,136.32281696797824,1.9090909090909092,1.9090909090909092,0.10125909090909091,-0.19216818181818174,10.12590909090909,-19.216818181818173,over,0.57685,0.10125909090909091,10.12590909090909,over,20000
player_reception_yds,Brian Thomas Jr,brian thomas,WR,49.5,-110.0,-110,2024,11,47.5,14.0,False,True,WR,56.98,JAC,40-50,197,52.34517766497462,39.519382558680384,1561.7815978193314,7.479999999999997,0.57685,0.42315,0.0,-136.32281696797824,136.32281696797824,1.9090909090909092,1.9090909090909092,0.10125909090909091,-0.19216818181818174,10.12590909090909,-19.216818181818173,over,0.57685,0.10125909090909091,10.12590909090909,over,20000
player_reception_yds,Jonnu Smith,jonnu smith,TE,45.5,-110.0,-110,2024,15,46.5,2.5,False,True,TE,51.23,FA,40-50,77,42.8051948051948,30.604649640714655,936.6445796308957,5.729999999999997,0.57685,0.42315,0.0,-136.32281696797824,136.32281696797824,1.9090909090909092,1.9090909090909092,0.10125909090909091,-0.19216818181818174,10.12590909090909,-19.216818181818173,over,0.57685,0.10125909090909091,10.12590909090909,over,20000
player_reception_yds,James Cook,james cook,RB,15.5,-110.0,-110,2024,9,49.0,-6.5,True,False,RB,19.21,BUF,<20,432,17.046296296296298,19.125546894078457,365.78654399759415,3.710000000000001,0.5768,0.4232,0.0,-136.29489603024575,136.29489603024575,1.9090909090909092,1.9090909090909092,0.10116363636363634,-0.19207272727272717,10.116363636363634,-19.207272727272716,over,0.5768,0.10116363636363634,10.116363636363634,over,20000
player_reception_yds,Justin Jefferson,justin jefferson,WR,85.5,-110.0,-110,2024,9,47.0,-6.5,True,False,WR,94.36,MIN,60+,244,72.20491803278688,43.97076702840401,1933.4283530661814,8.86,0.5768,0.4232,0.0,-136.29489603024575,136.29489603024575,1.9090909090909092,1.9090909090909092,0.10116363636363634,-0.19207272727272717,10.116363636363634,-19.207272727272716,over,0.5768,0.10116363636363634,10.116363636363634,over,20000
player_reception_yds,Kendrick Bourne,kendrick bourne,WR,17.5,-110.0,-110,2024,7,42.0,6.5,False,True,WR,22.42,ARI,<20,194,20.84536082474227,23.784379500884214,565.6967082420812,4.920000000000002,0.5767,0.4233,0.0,-136.23907394283015,136.23907394283015,1.9090909090909092,1.9090909090909092,0.10097272727272733,-0.19188181818181815,10.097272727272733,-19.188181818181814,over,0.5767,0.10097272727272733,10.097272727272733,over,20000
player_reception_yds,D'Andre Swift,dandre swift,RB,15.5,-110.0,-110,2024,5,40.0,-4.0,True,False,RB,19.18,CHI,<20,432,17.046296296296298,19.125546894078457,365.78654399759415,3.6799999999999997,0.57665,0.42335,0.0,-136.21117278847288,136.21117278847288,1.9090909090909092,1.9090909090909092,0.10087727272727276,-0.1917863636363636,10.087727272727276,-19.178636363636357,over,0.57665,0.10087727272727276,10.087727272727276,over,20000
player_reception_yds,Kayshon Boutte,kayshon boutte,WR,33.5,-110.0,-110,2024,11,42.5,4.0,False,True,WR,40.36,NE,30-40,222,39.810810810810814,35.42174131599695,1254.699757857405,6.859999999999999,0.5766,0.4234,0.0,-136.18327822390174,136.18327822390174,1.9090909090909092,1.9090909090909092,0.1007818181818182,-0.19169090909090908,10.07818181818182,-19.169090909090908,over,0.5766,0.1007818181818182,10.07818181818182,over,20000
player_reception_yds,Jahmyr Gibbs,jahmyr gibbs,RB,23.5,-110.0,-110,2024,3,51.5,-3.0,True,False,RB,27.95,DET,20-30,101,28.26732673267327,24.221026388386825,586.658119306931,4.449999999999999,0.57645,0.42355,0.0,-136.09963404556726,136.09963404556726,1.9090909090909092,1.9090909090909092,0.10049545454545461,-0.19140454545454544,10.049545454545461,-19.140454545454546,over,0.57645,0.10049545454545461,10.049545454545461,over,20000
player_reception_yds,Drake London,drake london,WR,63.5,-110.0,-110,2024,1,43.0,-4.0,True,False,WR,71.77,ATL,60+,244,72.20491803278688,43.97076702840401,1933.4283530661814,8.269999999999996,0.57645,0.42355,0.0,-136.09963404556726,136.09963404556726,1.9090909090909092,1.9090909090909092,0.10049545454545461,-0.19140454545454544,10.049545454545461,-19.140454545454546,over,0.57645,0.10049545454545461,10.049545454545461,over,20000
player_reception_yds,Jahan Dotson,jahan dotson,WR,31.5,-110.0,-110,2024,4,42.0,-1.0,True,False,WR,38.39,ATL,30-40,222,39.810810810810814,35.42174131599695,1254.699757857405,6.890000000000001,0.57645,0.42355,0.0,-136.09963404556726,136.09963404556726,1.9090909090909092,1.9090909090909092,0.10049545454545461,-0.19140454545454544,10.049545454545461,-19.140454545454546,over,0.57645,0.10049545454545461,10.049545454545461,over,20000
player_reception_yds,Jalen Coker,jalen coker,WR,32.5,-110.0,-110,2024,10,40.5,6.5,False,True,WR,39.84,CAR,30-40,222,39.810810810810814,35.42174131599695,1254.699757857405,7.340000000000003,0.5764,0.4236,0.0,-136.07176581680832,136.07176581680832,1.9090909090909092,1.9090909090909092,0.10040000000000004,-0.19130909090909093,10.040000000000004,-19.130909090909093,over,0.5764,0.10040000000000004,10.040000000000004,over,20000
player_reception_yds,Kyle Pitts,kyle pitts,TE,34.5,-110.0,-110,2024,6,45.5,-6.0,True,False,TE,41.69,ATL,30-40,83,44.18072289156626,36.40127601114409,1325.0528952394943,7.189999999999998,0.5764,0.4236,0.0,-136.07176581680832,136.07176581680832,1.9090909090909092,1.9090909090909092,0.10040000000000004,-0.19130909090909093,10.040000000000004,-19.130909090909093,over,0.5764,0.10040000000000004,10.040000000000004,over,20000
player_reception_yds,Tim Patrick,tim patrick,WR,15.5,-110.0,-110,2024,12,50.5,-7.0,True,False,WR,19.97,NYJ,<20,194,20.84536082474227,23.784379500884214,565.6967082420812,4.469999999999999,0.57625,0.42375,0.0,-135.98820058997052,135.9882005899705,1.9090909090909092,1.9090909090909092,0.10011363636363646,-0.19102272727272718,10.011363636363646,-19.10227272727272,over,0.57625,0.10011363636363646,10.011363636363646,over,20000
player_reception_yds,Amari Cooper,amari cooper,WR,41.5,-110.0,-110,2024,13,45.0,-6.5,True,False,WR,49.74,FA,40-50,197,52.34517766497462,39.519382558680384,1561.7815978193314,8.240000000000002,0.57615,0.42385,0.0,-135.9325232983367,135.93252329833666,1.9090909090909092,1.9090909090909092,0.09992272727272744,-0.1908318181818181,9.992272727272745,-19.08318181818181,over,0.57615,0.09992272727272744,9.992272727272745,over,20000
player_reception_yds,Xavier Worthy,xavier worthy,WR,39.5,-110.0,-110,2024,9,45.5,-9.0,True,False,WR,46.65,KC,30-40,222,39.810810810810814,35.42174131599695,1254.699757857405,7.149999999999999,0.5761,0.4239,0.0,-135.9046945034206,135.90469450342064,1.9090909090909092,1.9090909090909092,0.09982727272727265,-0.19073636363636365,9.982727272727265,-19.073636363636364,over,0.5761,0.09982727272727265,9.982727272727265,over,20000
player_reception_yds,Juwan Johnson,juwan johnson,TE,20.5,-110.0,-110,2024,6,42.5,3.5,False,True,TE,26.02,NO,20-30,155,32.535483870967745,27.73479503577737,769.218855676581,5.52,0.576,0.424,0.0,-135.84905660377356,135.84905660377362,1.9090909090909092,1.9090909090909092,0.09963636363636363,-0.19054545454545457,9.963636363636363,-19.05454545454546,over,0.576,0.09963636363636363,9.963636363636363,over,20000
player_reception_yds,Tre Tucker,tre tucker,WR,31.5,-110.0,-110,2024,8,42.0,9.0,False,True,WR,38.15,LV,30-40,222,39.810810810810814,35.42174131599695,1254.699757857405,6.649999999999999,0.576,0.424,0.0,-135.84905660377356,135.84905660377362,1.9090909090909092,1.9090909090909092,0.09963636363636363,-0.19054545454545457,9.963636363636363,-19.05454545454546,over,0.576,0.09963636363636363,9.963636363636363,over,20000
player_reception_yds,Tyler Conklin,tyler conklin,TE,24.5,-110.0,-110,2024,2,41.5,-3.5,True,False,TE,29.78,DET,20-30,155,32.535483870967745,27.73479503577737,769.218855676581,5.280000000000001,0.57595,0.42405,0.0,-135.82124749439924,135.82124749439924,1.9090909090909092,1.9090909090909092,0.09954090909090907,-0.19044999999999995,9.954090909090906,-19.044999999999995,over,0.57595,0.09954090909090907,9.954090909090906,over,20000
player_reception_yds,Alvin Kamara,alvin kamara,RB,38.5,-110.0,-110,2024,13,48.5,2.5,False,True,RB,42.45,NO,30-40,24,36.0,21.178703511203796,448.537482415476,3.950000000000003,0.5759,0.4241,0.0,-135.7934449422306,135.79344494223065,1.9090909090909092,1.9090909090909092,0.0994454545454545,-0.1903545454545455,9.94454545454545,-19.03545454545455,over,0.5759,0.0994454545454545,9.94454545454545,over,20000
player_reception_yds,Deebo Samuel,deebo samuel,,53.5,-110.0,-110,2024,7,47.5,,False,False,WR,61.76,FA,50-60,175,60.77142857142857,45.23883799407526,2046.5524630541875,8.259999999999998,0.5757,0.4243,0.0,-135.68230025925052,135.68230025925052,1.9090909090909092,1.9090909090909092,0.09906363636363635,-0.18997272727272724,9.906363636363636,-18.997272727272723,over,0.5757,0.09906363636363635,9.906363636363636,over,20000
player_reception_yds,Dante Pettis,dante pettis,WR,18.5,-110.0,-110,2024,17,37.5,2.0,False,True,WR,23.01,NO,<20,194,20.84536082474227,23.784379500884214,565.6967082420812,4.510000000000002,0.5755,0.4245,0.0,-135.57126030624266,135.57126030624266,1.9090909090909092,1.9090909090909092,0.0986818181818182,-0.1895909090909091,9.86818181818182,-18.959090909090907,over,0.5755,0.0986818181818182,9.86818181818182,over,20000
player_reception_yds,Justin Jefferson,justin jefferson,WR,80.5,-110.0,-110,2024,3,46.0,2.0,False,True,WR,89.01,MIN,60+,244,72.20491803278688,43.97076702840401,1933.4283530661814,8.510000000000005,0.57545,0.42455,0.0,-135.54351666470382,135.54351666470382,1.9090909090909092,1.9090909090909092,0.09858636363636375,-0.18949545454545452,9.858636363636375,-18.94954545454545,over,0.57545,0.09858636363636375,9.858636363636375,over,20000
player_reception_yds,Jordan Addison,jordan addison,WR,44.5,-110.0,-110,2024,1,42.5,-1.0,True,False,WR,51.5,MIN,40-50,197,52.34517766497462,39.519382558680384,1561.7815978193314,7.0,0.57545,0.42455,0.0,-135.54351666470382,135.54351666470382,1.9090909090909092,1.9090909090909092,0.09858636363636375,-0.18949545454545452,9.858636363636375,-18.94954545454545,over,0.57545,0.09858636363636375,9.858636363636375,over,20000
player_reception_yds,DJ Moore,dj moore,WR,56.5,-110.0,-110,2024,17,43.5,3.5,False,True,WR,65.3,BUF,50-60,175,60.77142857142857,45.23883799407526,2046.5524630541875,8.799999999999997,0.5754,0.4246,0.0,-135.51577955723033,135.51577955723033,1.9090909090909092,1.9090909090909092,0.09849090909090918,-0.1894,9.849090909090918,-18.94,over,0.5754,0.09849090909090918,9.849090909090918,over,20000
player_reception_yds,Bijan Robinson,bijan robinson,RB,22.5,-110.0,-110,2024,8,47.0,-1.5,True,False,RB,27.36,ATL,20-30,101,28.26732673267327,24.221026388386825,586.658119306931,4.859999999999999,0.57535,0.42465,0.0,-135.4880489815142,135.4880489815142,1.9090909090909092,1.9090909090909092,0.09839545454545462,-0.18930454545454545,9.839545454545462,-18.930454545454545,over,0.57535,0.09839545454545462,9.839545454545462,over,20000
player_reception_yds,Nick Westbrook-Ikhine,nick westbrook-ikhine,WR,29.5,-110.0,-110,2024,16,42.5,4.0,False,True,WR,36.06,IND,20-30,224,33.88392857142857,33.6177959681703,1130.1562057575272,6.560000000000002,0.5752,0.4248,0.0,-135.4048964218456,135.40489642184556,1.9090909090909092,1.9090909090909092,0.09810909090909103,-0.1890181818181817,9.810909090909103,-18.901818181818168,over,0.5752,0.09810909090909103,9.810909090909103,over,20000
player_reception_yds,Brock Bowers,brock bowers,TE,51.5,-110.0,-110,2024,6,36.5,3.5,False,True,TE,58.0,LV,50-60,28,62.82142857142857,33.57799988255154,1127.4820761126311,6.5,0.5752,0.4248,0.0,-135.4048964218456,135.40489642184556,1.9090909090909092,1.9090909090909092,0.09810909090909103,-0.1890181818181817,9.810909090909103,-18.901818181818168,over,0.5752,0.09810909090909103,9.810909090909103,over,20000
player_reception_yds,DeMario Douglas,demario douglas,WR,39.5,-110.0,-110,2024,11,42.5,4.0,False,True,WR,46.35,NE,30-40,222,39.810810810810814,35.42174131599695,1254.699757857405,6.850000000000001,0.575,0.425,0.0,-135.29411764705878,135.2941176470588,1.9090909090909092,1.9090909090909092,0.09772727272727266,-0.18863636363636355,9.772727272727266,-18.863636363636356,over,0.575,0.09772727272727266,9.772727272727266,over,20000
player_reception_yds,DJ Moore,dj moore,WR,56.5,-110.0,-110,2024,16,47.5,7.0,False,True,WR,65.51,BUF,50-60,175,60.77142857142857,45.23883799407526,2046.5524630541875,9.010000000000005,0.5749,0.4251,0.0,-135.23876734885906,135.23876734885908,1.9090909090909092,1.9090909090909092,0.09753636363636364,-0.18844545454545447,9.753636363636364,-18.844545454545447,over,0.5749,0.09753636363636364,9.753636363636364,over,20000
player_reception_yds,Travis Etienne Jr.,travis etienne,RB,18.5,-110.0,-110,2024,4,44.5,5.5,False,True,RB,22.22,NO,<20,432,17.046296296296298,19.125546894078457,365.78654399759415,3.719999999999999,0.5749,0.4251,0.0,-135.23876734885906,135.23876734885908,1.9090909090909092,1.9090909090909092,0.09753636363636364,-0.18844545454545447,9.753636363636364,-18.844545454545447,over,0.5749,0.09753636363636364,9.753636363636364,over,20000
player_reception_yds,Darnell Mooney,darnell mooney,WR,36.5,-110.0,-110,2024,2,46.5,5.5,False,True,WR,42.96,NYG,30-40,222,39.810810810810814,35.42174131599695,1254.699757857405,6.460000000000001,0.5748,0.4252,0.0,-135.18344308560677,135.18344308560677,1.9090909090909092,1.9090909090909092,0.09734545454545451,-0.1882545454545454,9.73454545454545,-18.82545454545454,over,0.5748,0.09734545454545451,9.73454545454545,over,20000
player_reception_yds,Tyrone Tracy Jr.,tyrone tracy,RB,16.5,-110.0,-110,2024,16,42.5,9.5,False,True,RB,19.83,NYG,<20,432,17.046296296296298,19.125546894078457,365.78654399759415,3.3299999999999983,0.5748,0.4252,0.0,-135.18344308560677,135.18344308560677,1.9090909090909092,1.9090909090909092,0.09734545454545451,-0.1882545454545454,9.73454545454545,-18.82545454545454,over,0.5748,0.09734545454545451,9.73454545454545,over,20000
player_reception_yds,Diontae Johnson,diontae johnson,WR,17.5,-110.0,-110,2024,11,48.0,-3.0,True,False,WR,21.95,FA,<20,194,20.84536082474227,23.784379500884214,565.6967082420812,4.449999999999999,0.57475,0.42525,0.0,-135.15579071134627,135.15579071134627,1.9090909090909092,1.9090909090909092,0.09725000000000006,-0.18815909090909083,9.725000000000005,-18.815909090909084,over,0.57475,0.09725000000000006,9.725000000000005,over,20000
player_reception_yds,Demarcus Robinson,demarcus robinson,WR,26.5,-110.0,-110,2024,13,48.5,-2.5,True,False,WR,32.79,SF,20-30,224,33.88392857142857,33.6177959681703,1130.1562057575272,6.289999999999999,0.57475,0.42525,0.0,-135.15579071134627,135.15579071134627,1.9090909090909092,1.9090909090909092,0.09725000000000006,-0.18815909090909083,9.725000000000005,-18.815909090909084,over,0.57475,0.09725000000000006,9.725000000000005,over,20000
player_reception_yds,Mike Gesicki,mike gesicki,TE,25.5,-110.0,-110,2024,14,51.0,-5.0,True,False,TE,30.43,CIN,20-30,155,32.535483870967745,27.73479503577737,769.218855676581,4.93,0.5747,0.4253,0.0,-135.1281448389372,135.1281448389372,1.9090909090909092,1.9090909090909092,0.0971545454545455,-0.18806363636363632,9.715454545454548,-18.80636363636363,over,0.5747,0.0971545454545455,9.715454545454548,over,20000
player_reception_yds,Alec Pierce,alec pierce,WR,29.5,-110.0,-110,2024,15,43.5,4.5,False,True,WR,36.5,IND,20-30,224,33.88392857142857,33.6177959681703,1130.1562057575272,7.0,0.57465,0.42535,0.0,-135.10050546608673,135.10050546608673,1.9090909090909092,1.9090909090909092,0.09705909090909093,-0.18796818181818176,9.705909090909092,-18.796818181818175,over,0.57465,0.09705909090909093,9.705909090909092,over,20000
player_reception_yds,Cade Otton,cade otton,TE,39.5,-110.0,-110,2024,13,46.0,-6.5,True,False,TE,46.21,TB,30-40,83,44.18072289156626,36.40127601114409,1325.0528952394943,6.710000000000001,0.5746,0.4254,0.0,-135.07287259050307,135.07287259050307,1.9090909090909092,1.9090909090909092,0.09696363636363636,-0.18787272727272725,9.696363636363635,-18.787272727272725,over,0.5746,0.09696363636363636,9.696363636363635,over,20000
player_reception_yds,Rome Odunze,rome odunze,WR,37.5,-110.0,-110,2024,9,44.5,1.5,False,True,WR,44.16,CHI,30-40,222,39.810810810810814,35.42174131599695,1254.699757857405,6.659999999999997,0.5746,0.4254,0.0,-135.07287259050307,135.07287259050307,1.9090909090909092,1.9090909090909092,0.09696363636363636,-0.18787272727272725,9.696363636363635,-18.787272727272725,over,0.5746,0.09696363636363636,9.696363636363635,over,20000
player_reception_yds,Xavier Hutchinson,xavier hutchinson,WR,20.5,-110.0,-110,2024,10,49.0,4.5,False,True,WR,26.64,HOU,20-30,224,33.88392857142857,33.6177959681703,1130.1562057575272,6.140000000000001,0.57455,0.42545,0.0,-135.0452462098954,135.0452462098954,1.9090909090909092,1.9090909090909092,0.09686818181818191,-0.18777727272727268,9.686818181818191,-18.77772727272727,over,0.57455,0.09686818181818191,9.686818181818191,over,20000
player_reception_yds,Tyreek Hill,tyreek hill,WR,75.5,-110.0,-110,2024,9,49.0,6.5,False,True,WR,83.74,FA,60+,244,72.20491803278688,43.97076702840401,1933.4283530661814,8.239999999999995,0.57455,0.42545,0.0,-135.0452462098954,135.0452462098954,1.9090909090909092,1.9090909090909092,0.09686818181818191,-0.18777727272727268,9.686818181818191,-18.77772727272727,over,0.57455,0.09686818181818191,9.686818181818191,over,20000
player_reception_yds,Calvin Ridley,calvin ridley,WR,47.5,-110.0,-110,2024,6,42.0,-2.5,True,False,WR,54.69,TEN,40-50,197,52.34517766497462,39.519382558680384,1561.7815978193314,7.189999999999998,0.5744,0.4256,0.0,-134.9624060150376,134.9624060150376,1.9090909090909092,1.9090909090909092,0.09658181818181832,-0.1874909090909091,9.658181818181832,-18.74909090909091,over,0.5744,0.09658181818181832,9.658181818181832,over,20000
player_reception_yds,Jalen Coker,jalen coker,WR,24.5,-110.0,-110,2024,8,40.5,13.0,False,True,WR,30.65,CAR,20-30,224,33.88392857142857,33.6177959681703,1130.1562057575272,6.149999999999999,0.57425,0.42575,0.0,-134.8796241926013,134.87962419260126,1.9090909090909092,1.9090909090909092,0.09629545454545463,-0.18720454545454535,9.629545454545463,-18.720454545454533,over,0.57425,0.09629545454545463,9.629545454545463,over,20000
player_reception_yds,Rome Odunze,rome odunze,WR,45.5,-110.0,-110,2024,13,47.5,9.5,False,True,WR,52.35,CHI,40-50,197,52.34517766497462,39.519382558680384,1561.7815978193314,6.850000000000001,0.57415,0.42585,0.0,-134.82446870963958,134.82446870963952,1.9090909090909092,1.9090909090909092,0.09610454545454561,-0.18701363636363627,9.61045454545456,-18.701363636363627,over,0.57415,0.09610454545454561,9.61045454545456,over,20000
player_reception_yds,Aaron Jones,aaron jones,RB,18.5,-110.0,-110,2024,13,45.5,-3.5,True,False,RB,22.02,MIN,<20,432,17.046296296296298,19.125546894078457,365.78654399759415,3.5199999999999996,0.5741,0.4259,0.0,-134.79690068091105,134.79690068091102,1.9090909090909092,1.9090909090909092,0.09600909090909104,-0.18691818181818182,9.600909090909104,-18.69181818181818,over,0.5741,0.09600909090909104,9.600909090909104,over,20000
player_reception_yds,Curtis Samuel,curtis samuel,WR,16.5,-110.0,-110,2024,2,48.5,2.5,False,True,WR,21.3,FA,<20,194,20.84536082474227,23.784379500884214,565.6967082420812,4.800000000000001,0.57405,0.42595,0.0,-134.76933912431033,134.76933912431036,1.9090909090909092,1.9090909090909092,0.09591363636363637,-0.1868227272727272,9.591363636363637,-18.682272727272718,over,0.57405,0.09591363636363637,9.591363636363637,over,20000
player_reception_yds,Tank Dell,tank dell,WR,55.5,-110.0,-110,2024,2,45.5,-6.0,True,False,WR,64.39,HOU,50-60,175,60.77142857142857,45.23883799407526,2046.5524630541875,8.89,0.57405,0.42595,0.0,-134.76933912431033,134.76933912431036,1.9090909090909092,1.9090909090909092,0.09591363636363637,-0.1868227272727272,9.591363636363637,-18.682272727272718,over,0.57405,0.09591363636363637,9.591363636363637,over,20000
player_reception_yds,Pat Freiermuth,pat freiermuth,TE,28.5,-110.0,-110,2024,4,40.0,-2.5,True,False,TE,33.51,PIT,20-30,155,32.535483870967745,27.73479503577737,769.218855676581,5.009999999999998,0.57405,0.42595,0.0,-134.76933912431033,134.76933912431036,1.9090909090909092,1.9090909090909092,0.09591363636363637,-0.1868227272727272,9.591363636363637,-18.682272727272718,over,0.57405,0.09591363636363637,9.591363636363637,over,20000
player_reception_yds,Adonai Mitchell,adonai mitchell,WR,31.5,-110.0,-110,2024,10,46.5,4.5,False,True,WR,38.26,NYJ,30-40,222,39.810810810810814,35.42174131599695,1254.699757857405,6.759999999999998,0.574,0.426,0.0,-134.74178403755866,134.74178403755872,1.9090909090909092,1.9090909090909092,0.0958181818181818,-0.18672727272727274,9.58181818181818,-18.672727272727276,over,0.574,0.0958181818181818,9.58181818181818,over,20000
player_reception_yds,Justin Jefferson,justin jefferson,WR,81.5,-110.0,-110,2024,15,43.5,-7.0,True,False,WR,89.64,MIN,60+,244,72.20491803278688,43.97076702840401,1933.4283530661814,8.14,0.574,0.426,0.0,-134.74178403755866,134.74178403755872,1.9090909090909092,1.9090909090909092,0.0958181818181818,-0.18672727272727274,9.58181818181818,-18.672727272727276,over,0.574,0.0958181818181818,9.58181818181818,over,20000
player_reception_yds,DeAndre Hopkins,deandre hopkins,WR,40.5,-110.0,-110,2024,7,41.0,9.5,False,True,WR,48.12,BAL,40-50,197,52.34517766497462,39.519382558680384,1561.7815978193314,7.619999999999997,0.57395,0.42605,0.0,-134.7142354183781,134.7142354183781,1.9090909090909092,1.9090909090909092,0.09572272727272724,-0.18663181818181812,9.572272727272724,-18.663181818181812,over,0.57395,0.09572272727272724,9.572272727272724,over,20000
player_reception_yds,Brandon Aiyuk,brandon aiyuk,WR,60.5,-110.0,-110,2024,2,46.5,-4.5,True,False,WR,68.04,SF,60+,244,72.20491803278688,43.97076702840401,1933.4283530661814,7.540000000000006,0.57395,0.42605,0.0,-134.7142354183781,134.7142354183781,1.9090909090909092,1.9090909090909092,0.09572272727272724,-0.18663181818181812,9.572272727272724,-18.663181818181812,over,0.57395,0.09572272727272724,9.572272727272724,over,20000
player_reception_yds,Bijan Robinson,bijan robinson,RB,30.5,-110.0,-110,2024,10,46.5,-3.5,True,False,RB,33.92,ATL,30-40,24,36.0,21.178703511203796,448.537482415476,3.4200000000000017,0.5739,0.4261,0.0,-134.68669326449188,134.68669326449194,1.9090909090909092,1.9090909090909092,0.09562727272727267,-0.18653636363636372,9.562727272727267,-18.653636363636373,over,0.5739,0.09562727272727267,9.562727272727267,over,20000
player_reception_yds,Adam Thielen,adam thielen,WR,33.5,-110.0,-110,2024,2,39.0,5.0,False,True,WR,40.0,FA,30-40,222,39.810810810810814,35.42174131599695,1254.699757857405,6.5,0.57385,0.42615,0.0,-134.6591575736243,134.65915757362433,1.9090909090909092,1.9090909090909092,0.09553181818181822,-0.18644090909090905,9.553181818181821,-18.644090909090906,over,0.57385,0.09553181818181822,9.553181818181821,over,20000
player_reception_yds,Amari Cooper,amari cooper,WR,50.5,-110.0,-110,2024,8,45.5,-3.0,True,False,WR,59.54,FA,50-60,175,60.77142857142857,45.23883799407526,2046.5524630541875,9.04,0.57375,0.42625,0.0,-134.6041055718475,134.6041055718475,1.9090909090909092,1.9090909090909092,0.09534090909090909,-0.18624999999999992,9.534090909090908,-18.624999999999993,over,0.57375,0.09534090909090909,9.534090909090908,over,20000
player_reception_yds,CeeDee Lamb,ceedee lamb,WR,62.5,-110.0,-110,2024,15,42.0,2.5,False,True,WR,70.59,DAL,60+,244,72.20491803278688,43.97076702840401,1933.4283530661814,8.090000000000003,0.5736,0.4264,0.0,-134.52157598499062,134.52157598499062,1.9090909090909092,1.9090909090909092,0.0950545454545455,-0.18596363636363633,9.505454545454551,-18.596363636363634,over,0.5736,0.0950545454545455,9.505454545454551,over,20000
player_reception_yds,Ja'Marr Chase,jamarr chase,WR,78.5,-110.0,-110,2024,13,46.0,-3.0,True,False,WR,87.86,CIN,60+,244,72.20491803278688,43.97076702840401,1933.4283530661814,9.36,0.57355,0.42645,0.0,-134.49407902450463,134.49407902450463,1.9090909090909092,1.9090909090909092,0.09495909090909094,-0.18586818181818177,9.495909090909095,-18.586818181818177,over,0.57355,0.09495909090909094,9.495909090909095,over,20000
player_reception_yds,Nico Collins,nico collins,WR,77.5,-110.0,-110,2024,5,48.0,-1.0,True,False,WR,85.7,HOU,60+,244,72.20491803278688,43.97076702840401,1933.4283530661814,8.200000000000003,0.5735,0.4265,0.0,-134.46658851113716,134.46658851113716,1.9090909090909092,1.9090909090909092,0.09486363636363648,-0.18577272727272726,9.486363636363649,-18.577272727272724,over,0.5735,0.09486363636363648,9.486363636363649,over,20000
player_reception_yds,Joshua Palmer,joshua palmer,,32.5,-110.0,-110,2024,4,41.5,,False,False,WR,38.78,BUF,30-40,222,39.810810810810814,35.42174131599695,1254.699757857405,6.280000000000001,0.57345,0.42655,0.0,-134.43910444262104,134.43910444262104,1.9090909090909092,1.9090909090909092,0.09476818181818192,-0.18567727272727275,9.476818181818192,-18.567727272727275,over,0.57345,0.09476818181818192,9.476818181818192,over,20000
player_reception_yds,Alec Pierce,alec pierce,WR,30.5,-110.0,-110,2024,12,50.5,7.0,False,True,WR,37.72,IND,30-40,222,39.810810810810814,35.42174131599695,1254.699757857405,7.219999999999999,0.57345,0.42655,0.0,-134.43910444262104,134.43910444262104,1.9090909090909092,1.9090909090909092,0.09476818181818192,-0.18567727272727275,9.476818181818192,-18.567727272727275,over,0.57345,0.09476818181818192,9.476818181818192,over,20000
player_reception_yds,Amari Cooper,amari cooper,WR,51.5,-110.0,-110,2024,4,36.5,-2.5,True,False,WR,59.95,FA,50-60,175,60.77142857142857,45.23883799407526,2046.5524630541875,8.450000000000003,0.5731,0.4269,0.0,-134.246896228625,134.24689622862496,1.9090909090909092,1.9090909090909092,0.09410000000000018,-0.1850090909090908,9.410000000000018,-18.50090909090908,over,0.5731,0.09410000000000018,9.410000000000018,over,20000
player_reception_yds,David Njoku,david njoku,TE,46.5,-110.0,-110,2024,14,43.0,6.0,False,True,TE,51.81,LAC,40-50,77,42.8051948051948,30.604649640714655,936.6445796308957,5.310000000000002,0.5731,0.4269,0.0,-134.246896228625,134.24689622862496,1.9090909090909092,1.9090909090909092,0.09410000000000018,-0.1850090909090908,9.410000000000018,-18.50090909090908,over,0.5731,0.09410000000000018,9.410000000000018,over,20000
player_reception_yds,Dalton Schultz,dalton schultz,TE,32.5,-110.0,-110,2024,1,49.0,-3.0,True,False,TE,39.48,HOU,30-40,83,44.18072289156626,36.40127601114409,1325.0528952394943,6.979999999999997,0.5731,0.4269,0.0,-134.246896228625,134.24689622862496,1.9090909090909092,1.9090909090909092,0.09410000000000018,-0.1850090909090908,9.410000000000018,-18.50090909090908,over,0.5731,0.09410000000000018,9.410000000000018,over,20000
player_reception_yds,Michael Wilson,michael wilson,WR,29.5,-110.0,-110,2024,13,45.5,3.5,False,True,WR,35.05,ARI,20-30,224,33.88392857142857,33.6177959681703,1130.1562057575272,5.549999999999997,0.5731,0.4269,0.0,-134.246896228625,134.24689622862496,1.9090909090909092,1.9090909090909092,0.09410000000000018,-0.1850090909090908,9.410000000000018,-18.50090909090908,over,0.5731,0.09410000000000018,9.410000000000018,over,20000
player_reception_yds,Courtland Sutton,courtland sutton,WR,49.5,-110.0,-110,2024,5,36.0,-3.0,True,False,WR,56.74,DEN,40-50,197,52.34517766497462,39.519382558680384,1561.7815978193314,7.240000000000002,0.57295,0.42705,0.0,-134.16461772626153,134.16461772626158,1.9090909090909092,1.9090909090909092,0.09381363636363638,-0.18472272727272732,9.381363636363638,-18.47227272727273,over,0.57295,0.09381363636363638,9.381363636363638,over,20000
player_reception_yds,DJ Moore,dj moore,WR,52.5,-110.0,-110,2024,13,47.5,9.5,False,True,WR,60.71,BUF,50-60,175,60.77142857142857,45.23883799407526,2046.5524630541875,8.21,0.5729,0.4271,0.0,-134.13720440177943,134.13720440177946,1.9090909090909092,1.9090909090909092,0.09371818181818181,-0.1846272727272727,9.371818181818181,-18.46272727272727,over,0.5729,0.09371818181818181,9.371818181818181,over,20000
player_reception_yds,James Cook,james cook,RB,15.5,-110.0,-110,2024,14,49.5,-3.5,True,False,RB,19.17,BUF,<20,432,17.046296296296298,19.125546894078457,365.78654399759415,3.6700000000000017,0.5729,0.4271,0.0,-134.13720440177943,134.13720440177946,1.9090909090909092,1.9090909090909092,0.09371818181818181,-0.1846272727272727,9.371818181818181,-18.46272727272727,over,0.5729,0.09371818181818181,9.371818181818181,over,20000
player_reception_yds,George Kittle,george kittle,TE,57.5,-110.0,-110,2024,14,43.5,-3.0,True,False,TE,63.53,SF,50-60,28,62.82142857142857,33.57799988255154,1127.4820761126311,6.030000000000001,0.5728,0.4272,0.0,-134.0823970037453,134.0823970037453,1.9090909090909092,1.9090909090909092,0.09352727272727268,-0.18443636363636357,9.352727272727268,-18.443636363636358,over,0.5728,0.09352727272727268,9.352727272727268,over,20000
player_reception_yds,Justin Jefferson,justin jefferson,WR,81.5,-110.0,-110,2024,1,42.5,-1.0,True,False,WR,89.35,MIN,60+,244,72.20491803278688,43.97076702840401,1933.4283530661814,7.849999999999994,0.57265,0.42735,0.0,-134.000234000234,134.000234000234,1.9090909090909092,1.9090909090909092,0.0932409090909091,-0.18414999999999992,9.32409090909091,-18.414999999999992,over,0.57265,0.0932409090909091,9.32409090909091,over,20000
player_reception_yds,Zach Ertz,zach ertz,TE,23.5,-110.0,-110,2024,2,42.5,-1.5,True,False,TE,28.63,FA,20-30,155,32.535483870967745,27.73479503577737,769.218855676581,5.129999999999999,0.5726,0.4274,0.0,-133.97285914833878,133.97285914833878,1.9090909090909092,1.9090909090909092,0.09314545454545464,-0.18405454545454542,9.314545454545463,-18.405454545454543,over,0.5726,0.09314545454545464,9.314545454545463,over,20000
player_reception_yds,Travis Kelce,travis kelce,TE,47.5,-110.0,-110,2024,3,46.0,-3.0,True,False,TE,53.13,KC,40-50,77,42.8051948051948,30.604649640714655,936.6445796308957,5.630000000000003,0.5722,0.4278,0.0,-133.7540906965872,133.7540906965872,1.9090909090909092,1.9090909090909092,0.09238181818181834,-0.18329090909090906,9.238181818181834,-18.329090909090905,over,0.5722,0.09238181818181834,9.238181818181834,over,20000
player_reception_yds,Ja'Marr Chase,jamarr chase,WR,63.5,-122.0,100,2024,1,40.5,-8.0,True,False,WR,74.25,CIN,60+,244,72.20491803278688,43.97076702840401,1933.4283530661814,10.75,0.60015,0.39985,0.0,-150.09378516943852,150.09378516943852,1.819672131147541,2.0,0.09207622950819666,-0.20029999999999998,9.207622950819665,-20.029999999999998,over,0.60015,0.09207622950819666,9.207622950819665,over,20000
player_reception_yds,CeeDee Lamb,ceedee lamb,WR,81.5,-110.0,-110,2024,3,47.5,1.5,False,True,WR,89.53,DAL,60+,244,72.20491803278688,43.97076702840401,1933.4283530661814,8.030000000000001,0.57195,0.42805,0.0,-133.61756804111667,133.61756804111667,1.9090909090909092,1.9090909090909092,0.0919045454545454,-0.1828136363636363,9.190454545454541,-18.28136363636363,over,0.57195,0.0919045454545454,9.190454545454541,over,20000
player_reception_yds,Noah Fant,noah fant,TE,26.5,-110.0,-110,2024,2,39.0,-3.5,True,False,TE,31.71,NO,20-30,155,32.535483870967745,27.73479503577737,769.218855676581,5.210000000000001,0.57195,0.42805,0.0,-133.61756804111667,133.61756804111667,1.9090909090909092,1.9090909090909092,0.0919045454545454,-0.1828136363636363,9.190454545454541,-18.28136363636363,over,0.57195,0.0919045454545454,9.190454545454541,over,20000
player_reception_yds,Taysom Hill,taysom hill,TE,19.5,-110.0,-110,2024,10,46.5,3.5,False,True,TE,23.52,FA,<20,149,20.28187919463087,23.469612040364684,550.822689325231,4.02,0.57185,0.42815,0.0,-133.56300362022654,133.56300362022654,1.9090909090909092,1.9090909090909092,0.09171363636363639,-0.18262272727272721,9.171363636363639,-18.262272727272723,over,0.57185,0.09171363636363639,9.171363636363639,over,20000
player_reception_yds,Kayshon Boutte,kayshon boutte,WR,31.5,-110.0,-110,2024,13,41.5,2.5,False,True,WR,38.05,NE,30-40,222,39.810810810810814,35.42174131599695,1254.699757857405,6.549999999999997,0.57185,0.42815,0.0,-133.56300362022654,133.56300362022654,1.9090909090909092,1.9090909090909092,0.09171363636363639,-0.18262272727272721,9.171363636363639,-18.262272727272723,over,0.57185,0.09171363636363639,9.171363636363639,over,20000
player_reception_yds,Gabe Davis,gabe davis,WR,39.5,-110.0,-110,2024,2,41.5,-3.0,True,False,WR,45.85,FA,30-40,222,39.810810810810814,35.42174131599695,1254.699757857405,6.350000000000001,0.57185,0.42815,0.0,-133.56300362022654,133.56300362022654,1.9090909090909092,1.9090909090909092,0.09171363636363639,-0.18262272727272721,9.171363636363639,-18.262272727272723,over,0.57185,0.09171363636363639,9.171363636363639,over,20000
player_reception_yds,DK Metcalf,dk metcalf,WR,65.5,-110.0,-110,2024,6,49.0,3.5,False,True,WR,74.0,PIT,60+,244,72.20491803278688,43.97076702840401,1933.4283530661814,8.5,0.57165,0.42835,0.0,-133.45395120812418,133.45395120812418,1.9090909090909092,1.9090909090909092,0.09133181818181824,-0.18224090909090906,9.133181818181823,-18.224090909090908,over,0.57165,0.09133181818181824,9.133181818181823,over,20000
player_reception_yds,Cedrick Wilson Jr.,cedrick wilson,,16.5,-110.0,-110,2024,1,41.5,,False,False,WR,21.07,DET,<20,194,20.84536082474227,23.784379500884214,565.6967082420812,4.57,0.57165,0.42835,0.0,-133.45395120812418,133.45395120812418,1.9090909090909092,1.9090909090909092,0.09133181818181824,-0.18224090909090906,9.133181818181823,-18.224090909090908,over,0.57165,0.09133181818181824,9.133181818181823,over,20000
player_reception_yds,Tyler Conklin,tyler conklin,TE,19.5,-110.0,-110,2024,13,41.5,-1.0,True,False,TE,23.22,DET,<20,149,20.28187919463087,23.469612040364684,550.822689325231,3.719999999999999,0.57155,0.42845,0.0,-133.3994631812347,133.3994631812347,1.9090909090909092,1.9090909090909092,0.0911409090909091,-0.18205,9.11409090909091,-18.205,over,0.57155,0.0911409090909091,9.11409090909091,over,20000
player_reception_yds,Jameson Williams,jameson williams,WR,52.5,-110.0,-110,2024,17,50.5,-4.0,True,False,WR,60.81,DET,50-60,175,60.77142857142857,45.23883799407526,2046.5524630541875,8.310000000000002,0.57145,0.42855,0.0,-133.34500058336252,133.34500058336252,1.9090909090909092,1.9090909090909092,0.09095000000000009,-0.18185909090909091,9.09500000000001,-18.185909090909092,over,0.57145,0.09095000000000009,9.09500000000001,over,20000
player_reception_yds,Darius Slayton,darius slayton,WR,27.5,-110.0,-110,2024,8,37.5,6.0,False,True,WR,33.49,NYG,20-30,224,33.88392857142857,33.6177959681703,1130.1562057575272,5.990000000000002,0.5714,0.4286,0.0,-133.31777881474568,133.31777881474568,1.9090909090909092,1.9090909090909092,0.09085454545454552,-0.18176363636363635,9.085454545454553,-18.176363636363636,over,0.5714,0.09085454545454552,9.085454545454553,over,20000
player_reception_yds,Tee Higgins,tee higgins,WR,49.5,-110.0,-110,2024,3,46.0,-7.5,True,False,WR,56.56,CIN,40-50,197,52.34517766497462,39.519382558680384,1561.7815978193314,7.060000000000002,0.57135,0.42865,0.0,-133.2905633967106,133.2905633967106,1.9090909090909092,1.9090909090909092,0.09075909090909096,-0.18166818181818184,9.075909090909096,-18.166818181818183,over,0.57135,0.09075909090909096,9.075909090909096,over,20000
player_reception_yds,Wan'Dale Robinson,wandale robinson,WR,31.5,-110.0,-110,2024,14,41.0,5.5,False,True,WR,38.07,TEN,30-40,222,39.810810810810814,35.42174131599695,1254.699757857405,6.57,0.57115,0.42885,0.0,-133.1817651859625,133.18176518596246,1.9090909090909092,1.9090909090909092,0.09037727272727292,-0.18128636363636363,9.037727272727292,-18.128636363636364,over,0.57115,0.09037727272727292,9.037727272727292,over,20000
player_reception_yds,Christian McCaffrey,christian mccaffrey,RB,28.5,-110.0,-110,2024,12,44.5,6.5,False,True,RB,32.82,SF,20-30,101,28.26732673267327,24.221026388386825,586.658119306931,4.32,0.5711,0.4289,0.0,-133.15458148752626,133.1545814875262,1.9090909090909092,1.9090909090909092,0.09028181818181835,-0.181190909090909,9.028181818181835,-18.1190909090909,over,0.5711,0.09028181818181835,9.028181818181835,over,20000
player_reception_yds,Michael Wilson,michael wilson,WR,30.5,-110.0,-110,2024,8,46.5,4.0,False,True,WR,37.26,ARI,30-40,222,39.810810810810814,35.42174131599695,1254.699757857405,6.759999999999998,0.57105,0.42895,0.0,-133.12740412635503,133.12740412635506,1.9090909090909092,1.9090909090909092,0.09018636363636356,-0.18109545454545456,9.018636363636357,-18.109545454545454,over,0.57105,0.09018636363636356,9.018636363636357,over,20000
player_reception_yds,Noah Brown,noah brown,WR,29.5,-110.0,-110,2024,9,44.5,-4.5,True,False,WR,35.06,FA,20-30,224,33.88392857142857,33.6177959681703,1130.1562057575272,5.560000000000002,0.571,0.429,0.0,-133.10023310023308,133.10023310023308,1.9090909090909092,1.9090909090909092,0.090090909090909,-0.18099999999999994,9.0090909090909,-18.099999999999994,over,0.571,0.090090909090909,9.0090909090909,over,20000
player_reception_yds,Calvin Austin III,calvin austin,WR,25.5,-110.0,-110,2024,11,48.0,3.0,False,True,WR,31.23,NYG,20-30,224,33.88392857142857,33.6177959681703,1130.1562057575272,5.73,0.571,0.429,0.0,-133.10023310023308,133.10023310023308,1.9090909090909092,1.9090909090909092,0.090090909090909,-0.18099999999999994,9.0090909090909,-18.099999999999994,over,0.571,0.090090909090909,9.0090909090909,over,20000
player_reception_yds,Kyren Williams,kyren williams,RB,16.5,-110.0,-110,2024,4,40.0,3.0,False,True,RB,19.7,LAR,<20,432,17.046296296296298,19.125546894078457,365.78654399759415,3.1999999999999993,0.57095,0.42905,0.0,-133.07306840694557,133.0730684069456,1.9090909090909092,1.9090909090909092,0.08999545454545455,-0.18090454545454548,8.999545454545455,-18.09045454545455,over,0.57095,0.08999545454545455,8.999545454545455,over,20000
player_reception_yds,Keenan Allen,keenan allen,WR,50.5,-110.0,-110,2024,16,47.5,7.0,False,True,WR,58.37,LAC,50-60,175,60.77142857142857,45.23883799407526,2046.5524630541875,7.869999999999997,0.5709,0.4291,0.0,-133.0459100442787,133.0459100442787,1.9090909090909092,1.9090909090909092,0.08989999999999998,-0.18080909090909086,8.989999999999998,-18.080909090909085,over,0.5709,0.08989999999999998,8.989999999999998,over,20000
player_reception_yds,Jameson Williams,jameson williams,WR,47.5,-110.0,-110,2024,7,50.5,1.0,False,True,WR,54.31,DET,40-50,197,52.34517766497462,39.519382558680384,1561.7815978193314,6.810000000000002,0.5709,0.4291,0.0,-133.0459100442787,133.0459100442787,1.9090909090909092,1.9090909090909092,0.08989999999999998,-0.18080909090909086,8.989999999999998,-18.080909090909085,over,0.5709,0.08989999999999998,8.989999999999998,over,20000
player_reception_yds,DeAndre Hopkins,deandre hopkins,WR,39.5,-110.0,-110,2024,6,42.0,-2.5,True,False,WR,45.32,BAL,30-40,222,39.810810810810814,35.42174131599695,1254.699757857405,5.82,0.57055,0.42945,0.0,-132.85597857724997,132.85597857724997,1.9090909090909092,1.9090909090909092,0.08923181818181825,-0.18014090909090907,8.923181818181824,-18.014090909090907,over,0.57055,0.08923181818181825,8.923181818181824,over,20000
player_reception_yds,Jameson Williams,jameson williams,WR,52.5,-110.0,-110,2024,3,51.5,-3.0,True,False,WR,61.33,DET,50-60,175,60.77142857142857,45.23883799407526,2046.5524630541875,8.829999999999998,0.5705,0.4295,0.0,-132.8288707799767,132.8288707799767,1.9090909090909092,1.9090909090909092,0.08913636363636368,-0.1800454545454545,8.913636363636368,-18.00454545454545,over,0.5705,0.08913636363636368,8.913636363636368,over,20000
player_reception_yds,Wan'Dale Robinson,wandale robinson,WR,29.5,-110.0,-110,2024,1,42.5,1.0,False,True,WR,35.09,TEN,20-30,224,33.88392857142857,33.6177959681703,1130.1562057575272,5.590000000000003,0.5705,0.4295,0.0,-132.8288707799767,132.8288707799767,1.9090909090909092,1.9090909090909092,0.08913636363636368,-0.1800454545454545,8.913636363636368,-18.00454545454545,over,0.5705,0.08913636363636368,8.913636363636368,over,20000
player_reception_yds,Bijan Robinson,bijan robinson,RB,26.5,-110.0,-110,2024,4,41.5,-2.5,True,False,RB,30.56,ATL,20-30,101,28.26732673267327,24.221026388386825,586.658119306931,4.059999999999999,0.57045,0.42955,0.0,-132.80176929344663,132.80176929344663,1.9090909090909092,1.9090909090909092,0.08904090909090911,-0.17995,8.904090909090911,-17.995,over,0.57045,0.08904090909090911,8.904090909090911,over,20000
player_reception_yds,Davante Adams,davante adams,WR,60.5,-110.0,-110,2024,11,43.0,-4.0,True,False,WR,68.43,LAR,60+,244,72.20491803278688,43.97076702840401,1933.4283530661814,7.930000000000007,0.5704,0.4296,0.0,-132.77467411545624,132.77467411545624,1.9090909090909092,1.9090909090909092,0.08894545454545466,-0.17985454545454543,8.894545454545465,-17.985454545454544,over,0.5704,0.08894545454545466,8.894545454545465,over,20000
player_reception_yds,Noah Gray,noah gray,TE,25.5,-110.0,-110,2024,15,41.5,-4.5,True,False,TE,30.59,KC,20-30,155,32.535483870967745,27.73479503577737,769.218855676581,5.09,0.5703,0.4297,0.0,-132.7205026762858,132.72050267628578,1.9090909090909092,1.9090909090909092,0.08875454545454553,-0.17966363636363636,8.875454545454552,-17.966363636363635,over,0.5703,0.08875454545454553,8.875454545454552,over,20000
player_reception_yds,Jakobi Meyers,jakobi meyers,WR,45.5,-110.0,-110,2024,5,36.0,3.0,False,True,WR,52.64,JAC,40-50,197,52.34517766497462,39.519382558680384,1561.7815978193314,7.140000000000001,0.5703,0.4297,0.0,-132.7205026762858,132.72050267628578,1.9090909090909092,1.9090909090909092,0.08875454545454553,-0.17966363636363636,8.875454545454552,-17.966363636363635,over,0.5703,0.08875454545454553,8.875454545454552,over,20000
player_reception_yds,Jauan Jennings,jauan jennings,WR,39.5,-110.0,-110,2024,5,48.5,-7.0,True,False,WR,46.03,MIN,30-40,222,39.810810810810814,35.42174131599695,1254.699757857405,6.530000000000001,0.5702,0.4298,0.0,-132.66635644485808,132.66635644485808,1.9090909090909092,1.9090909090909092,0.08856363636363651,-0.17947272727272728,8.856363636363652,-17.94727272727273,over,0.5702,0.08856363636363651,8.856363636363652,over,20000
player_reception_yds,Brandin Cooks,brandin cooks,WR,29.5,-110.0,-110,2024,16,47.5,4.5,False,True,WR,35.62,FA,20-30,224,33.88392857142857,33.6177959681703,1130.1562057575272,6.119999999999997,0.57015,0.42985,0.0,-132.63929277654998,132.63929277654995,1.9090909090909092,1.9090909090909092,0.08846818181818195,-0.1793772727272726,8.846818181818195,-17.937727272727262,over,0.57015,0.08846818181818195,8.846818181818195,over,20000
player_reception_yds,CeeDee Lamb,ceedee lamb,WR,65.5,-110.0,-110,2024,12,45.0,10.5,False,True,WR,73.17,DAL,60+,244,72.20491803278688,43.97076702840401,1933.4283530661814,7.670000000000002,0.5701,0.4299,0.0,-132.61223540358225,132.61223540358225,1.9090909090909092,1.9090909090909092,0.08837272727272738,-0.1792818181818182,8.837272727272738,-17.92818181818182,over,0.5701,0.08837272727272738,8.837272727272738,over,20000
player_reception_yds,Jordan Addison,jordan addison,WR,48.5,-110.0,-110,2024,14,46.5,-6.0,True,False,WR,55.27,MIN,40-50,197,52.34517766497462,39.519382558680384,1561.7815978193314,6.770000000000003,0.5699,0.4301,0.0,-132.50406882120436,132.50406882120438,1.9090909090909092,1.9090909090909092,0.08799090909090912,-0.17890000000000006,8.799090909090912,-17.890000000000008,over,0.5699,0.08799090909090912,8.799090909090912,over,20000
player_reception_yds,Trey McBride,trey mcbride,TE,49.5,-110.0,-110,2024,1,46.0,6.5,False,True,TE,54.94,ARI,40-50,77,42.8051948051948,30.604649640714655,936.6445796308957,5.439999999999998,0.56985,0.43015,0.0,-132.4770428920144,132.47704289201442,1.9090909090909092,1.9090909090909092,0.08789545454545455,-0.17880454545454538,8.789545454545456,-17.880454545454537,over,0.56985,0.08789545454545455,8.789545454545456,over,20000
player_reception_yds,Jalen Tolbert,jalen tolbert,WR,24.5,-110.0,-110,2024,11,41.5,7.5,False,True,WR,30.27,MIA,20-30,224,33.88392857142857,33.6177959681703,1130.1562057575272,5.77,0.56975,0.43025,0.0,-132.4230098779779,132.4230098779779,1.9090909090909092,1.9090909090909092,0.08770454545454542,-0.1786136363636363,8.770454545454543,-17.86136363636363,over,0.56975,0.08770454545454542,8.770454545454543,over,20000
player_reception_yds,Greg Dortch,greg dortch,WR,30.5,-110.0,-110,2024,2,47.5,1.0,False,True,WR,36.23,DET,30-40,222,39.810810810810814,35.42174131599695,1254.699757857405,5.729999999999997,0.56975,0.43025,0.0,-132.4230098779779,132.4230098779779,1.9090909090909092,1.9090909090909092,0.08770454545454542,-0.1786136363636363,8.770454545454543,-17.86136363636363,over,0.56975,0.08770454545454542,8.770454545454543,over,20000
player_reception_yds,DJ Moore,dj moore,WR,44.5,-110.0,-110,2024,11,41.0,6.0,False,True,WR,51.45,BUF,40-50,197,52.34517766497462,39.519382558680384,1561.7815978193314,6.950000000000003,0.5697,0.4303,0.0,-132.396002788752,132.396002788752,1.9090909090909092,1.9090909090909092,0.08760909090909097,-0.17851818181818174,8.760909090909097,-17.851818181818174,over,0.5697,0.08760909090909097,8.760909090909097,over,20000
player_reception_yds,Keenan Allen,keenan allen,WR,43.5,-110.0,-110,2024,8,46.5,1.5,False,True,WR,50.1,LAC,40-50,197,52.34517766497462,39.519382558680384,1561.7815978193314,6.600000000000001,0.5696,0.4304,0.0,-132.34200743494424,132.34200743494424,1.9090909090909092,1.9090909090909092,0.08741818181818184,-0.17832727272727267,8.741818181818184,-17.83272727272727,over,0.5696,0.08741818181818184,8.741818181818184,over,20000
player_reception_yds,Cole Kmet,cole kmet,TE,29.5,-110.0,-110,2024,13,47.5,9.5,False,True,TE,34.46,CHI,20-30,155,32.535483870967745,27.73479503577737,769.218855676581,4.960000000000001,0.56955,0.43045,0.0,-132.31501916598907,132.31501916598907,1.9090909090909092,1.9090909090909092,0.08732272727272727,-0.17823181818181816,8.732272727272727,-17.823181818181816,over,0.56955,0.08732272727272727,8.732272727272727,over,20000
player_reception_yds,Diontae Johnson,diontae johnson,WR,44.5,-110.0,-110,2024,2,39.0,5.0,False,True,WR,51.32,FA,40-50,197,52.34517766497462,39.519382558680384,1561.7815978193314,6.82,0.56945,0.43055,0.0,-132.26106143305074,132.26106143305074,1.9090909090909092,1.9090909090909092,0.08713181818181825,-0.17804090909090908,8.713181818181825,-17.80409090909091,over,0.56945,0.08713181818181825,8.713181818181825,over,20000
player_reception_yds,Sterling Shepard,sterling shepard,WR,31.5,-110.0,-110,2024,9,45.5,9.0,False,True,WR,25.16,FA,30-40,222,39.810810810810814,35.42174131599695,1254.699757857405,-6.34,0.43065,0.56935,0.0,132.20712875885292,-132.20712875885292,1.9090909090909092,1.9090909090909092,-0.17785,0.08694090909090924,-17.785,8.694090909090924,under,0.56935,0.08694090909090924,8.694090909090924,under,20000
player_reception_yds,Terry McLaurin,terry mclaurin,WR,63.5,-110.0,-110,2024,7,51.0,-10.0,True,False,WR,71.2,WAS,60+,244,72.20491803278688,43.97076702840401,1933.4283530661814,7.700000000000003,0.56935,0.43065,0.0,-132.20712875885292,132.20712875885292,1.9090909090909092,1.9090909090909092,0.08694090909090924,-0.17785,8.694090909090924,-17.785,over,0.56935,0.08694090909090924,8.694090909090924,over,20000
player_reception_yds,Kayshon Boutte,kayshon boutte,WR,22.5,-110.0,-110,2024,9,38.5,3.0,False,True,WR,28.19,NE,20-30,224,33.88392857142857,33.6177959681703,1130.1562057575272,5.690000000000001,0.5693,0.4307,0.0,-132.18017181332715,132.18017181332712,1.9090909090909092,1.9090909090909092,0.08684545454545467,-0.17775454545454533,8.684545454545468,-17.775454545454533,over,0.5693,0.08684545454545467,8.684545454545468,over,20000
player_reception_yds,Justin Jefferson,justin jefferson,WR,80.5,-110.0,-110,2024,12,39.5,-3.0,True,False,WR,88.34,MIN,60+,244,72.20491803278688,43.97076702840401,1933.4283530661814,7.840000000000003,0.5693,0.4307,0.0,-132.18017181332715,132.18017181332712,1.9090909090909092,1.9090909090909092,0.08684545454545467,-0.17775454545454533,8.684545454545468,-17.775454545454533,over,0.5693,0.08684545454545467,8.684545454545468,over,20000
player_reception_yds,Tyler Boyd,tyler boyd,WR,16.5,-110.0,-110,2024,12,40.5,8.0,False,True,WR,21.01,FA,<20,194,20.84536082474227,23.784379500884214,565.6967082420812,4.510000000000002,0.5693,0.4307,0.0,-132.18017181332715,132.18017181332712,1.9090909090909092,1.9090909090909092,0.08684545454545467,-0.17775454545454533,8.684545454545468,-17.775454545454533,over,0.5693,0.08684545454545467,8.684545454545468,over,20000
player_reception_yds,George Pickens,george pickens,WR,60.5,-110.0,-110,2024,12,36.5,-3.5,True,False,WR,68.62,DAL,60+,244,72.20491803278688,43.97076702840401,1933.4283530661814,8.120000000000005,0.56925,0.43075,0.0,-132.15322112594313,132.15322112594313,1.9090909090909092,1.9090909090909092,0.0867500000000001,-0.17765909090909088,8.675000000000011,-17.765909090909087,over,0.56925,0.0867500000000001,8.675000000000011,over,20000
player_reception_yds,Zach Ertz,zach ertz,TE,29.5,-110.0,-110,2024,4,49.0,3.5,False,True,TE,34.53,FA,20-30,155,32.535483870967745,27.73479503577737,769.218855676581,5.030000000000001,0.5692,0.4308,0.0,-132.12627669452183,132.1262766945218,1.9090909090909092,1.9090909090909092,0.08665454545454554,-0.17756363636363626,8.665454545454555,-17.756363636363627,over,0.5692,0.08665454545454554,8.665454545454555,over,20000
player_reception_yds,Jaxon Smith-Njigba,jaxon smith-njigba,WR,50.5,-110.0,-110,2024,3,41.5,-4.0,True,False,WR,58.41,SEA,50-60,175,60.77142857142857,45.23883799407526,2046.5524630541875,7.909999999999997,0.5692,0.4308,0.0,-132.12627669452183,132.1262766945218,1.9090909090909092,1.9090909090909092,0.08665454545454554,-0.17756363636363626,8.665454545454555,-17.756363636363627,over,0.5692,0.08665454545454554,8.665454545454555,over,20000
player_reception_yds,Jaleel McLaughlin,jaleel mclaughlin,RB,15.5,-110.0,-110,2024,2,36.5,3.0,False,True,RB,18.78,DEN,<20,432,17.046296296296298,19.125546894078457,365.78654399759415,3.280000000000001,0.56915,0.43085,0.0,-132.09933851688527,132.09933851688524,1.9090909090909092,1.9090909090909092,0.08655909090909109,-0.1774681818181818,8.655909090909109,-17.74681818181818,over,0.56915,0.08655909090909109,8.655909090909109,over,20000
player_reception_yds,Colby Parkinson,colby parkinson,TE,25.5,-110.0,-110,2024,1,54.0,5.0,False,True,TE,30.23,LAR,20-30,155,32.535483870967745,27.73479503577737,769.218855676581,4.73,0.56915,0.43085,0.0,-132.09933851688527,132.09933851688524,1.9090909090909092,1.9090909090909092,0.08655909090909109,-0.1774681818181818,8.655909090909109,-17.74681818181818,over,0.56915,0.08655909090909109,8.655909090909109,over,20000
player_reception_yds,Juwan Johnson,juwan johnson,TE,28.5,-110.0,-110,2024,7,37.0,2.5,False,True,TE,33.14,NO,20-30,155,32.535483870967745,27.73479503577737,769.218855676581,4.640000000000001,0.5691,0.4309,0.0,-132.07240659085636,132.07240659085633,1.9090909090909092,1.9090909090909092,0.08646363636363652,-0.17737272727272718,8.646363636363652,-17.737272727272718,over,0.5691,0.08646363636363652,8.646363636363652,over,20000
player_reception_yds,Andrei Iosivas,andrei iosivas,WR,20.5,-110.0,-110,2024,14,51.0,-5.0,True,False,WR,26.4,CIN,20-30,224,33.88392857142857,33.6177959681703,1130.1562057575272,5.899999999999999,0.5691,0.4309,0.0,-132.07240659085636,132.07240659085633,1.9090909090909092,1.9090909090909092,0.08646363636363652,-0.17737272727272718,8.646363636363652,-17.737272727272718,over,0.5691,0.08646363636363652,8.646363636363652,over,20000
player_reception_yds,DK Metcalf,dk metcalf,WR,63.5,-110.0,-110,2024,14,45.5,3.0,False,True,WR,71.07,PIT,60+,244,72.20491803278688,43.97076702840401,1933.4283530661814,7.569999999999993,0.56905,0.43095,0.0,-132.04548091425917,132.0454809142592,1.9090909090909092,1.9090909090909092,0.08636818181818173,-0.17727727272727273,8.636818181818173,-17.72772727272727,over,0.56905,0.08636818181818173,8.636818181818173,over,20000
player_reception_yds,Marvin Harrison Jr.,marvin harrison,WR,51.5,-110.0,-110,2024,12,46.5,-1.0,True,False,WR,59.2,ARI,50-60,175,60.77142857142857,45.23883799407526,2046.5524630541875,7.700000000000003,0.569,0.431,0.0,-132.01856148491876,132.01856148491876,1.9090909090909092,1.9090909090909092,0.08627272727272728,-0.1771818181818181,8.627272727272729,-17.71818181818181,over,0.569,0.08627272727272728,8.627272727272729,over,20000
player_reception_yds,Bub Means,bub means,WR,35.5,-110.0,-110,2024,7,37.0,2.5,False,True,WR,41.97,NO,30-40,222,39.810810810810814,35.42174131599695,1254.699757857405,6.469999999999999,0.569,0.431,0.0,-132.01856148491876,132.01856148491876,1.9090909090909092,1.9090909090909092,0.08627272727272728,-0.1771818181818181,8.627272727272729,-17.71818181818181,over,0.569,0.08627272727272728,8.627272727272729,over,20000
player_reception_yds,Tyrone Tracy Jr.,tyrone tracy,RB,18.5,-110.0,-110,2024,17,40.5,7.5,False,True,RB,21.68,NYG,<20,432,17.046296296296298,19.125546894078457,365.78654399759415,3.1799999999999997,0.56895,0.43105,0.0,-131.99164830066115,131.9916483006612,1.9090909090909092,1.9090909090909092,0.08617727272727271,-0.17708636363636365,8.617727272727272,-17.708636363636366,over,0.56895,0.08617727272727271,8.617727272727272,over,20000
player_reception_yds,Xavier Legette,xavier legette,WR,39.5,-110.0,-110,2024,13,46.0,6.5,False,True,WR,45.61,CAR,30-40,222,39.810810810810814,35.42174131599695,1254.699757857405,6.109999999999999,0.56895,0.43105,0.0,-131.99164830066115,131.9916483006612,1.9090909090909092,1.9090909090909092,0.08617727272727271,-0.17708636363636365,8.617727272727272,-17.708636363636366,over,0.56895,0.08617727272727271,8.617727272727272,over,20000
player_reception_yds,Khalil Shakir,khalil shakir,WR,48.5,-110.0,-110,2024,4,46.5,2.5,False,True,WR,55.3,BUF,40-50,197,52.34517766497462,39.519382558680384,1561.7815978193314,6.799999999999997,0.5689,0.4311,0.0,-131.96474135931336,131.96474135931336,1.9090909090909092,1.9090909090909092,0.08608181818181815,-0.17699090909090903,8.608181818181816,-17.699090909090902,over,0.5689,0.08608181818181815,8.608181818181816,over,20000
player_reception_yds,Drake London,drake london,WR,66.5,-110.0,-110,2024,6,45.5,-6.0,True,False,WR,73.99,ATL,60+,244,72.20491803278688,43.97076702840401,1933.4283530661814,7.489999999999995,0.5689,0.4311,0.0,-131.96474135931336,131.96474135931336,1.9090909090909092,1.9090909090909092,0.08608181818181815,-0.17699090909090903,8.608181818181816,-17.699090909090902,over,0.5689,0.08608181818181815,8.608181818181816,over,20000
player_reception_yds,Noah Fant,noah fant,TE,27.5,-110.0,-110,2024,1,42.0,-6.5,True,False,TE,32.63,NO,20-30,155,32.535483870967745,27.73479503577737,769.218855676581,5.130000000000003,0.5689,0.4311,0.0,-131.96474135931336,131.96474135931336,1.9090909090909092,1.9090909090909092,0.08608181818181815,-0.17699090909090903,8.608181818181816,-17.699090909090902,over,0.5689,0.08608181818181815,8.608181818181816,over,20000
player_reception_yds,Deebo Samuel,deebo samuel,WR,54.5,-110.0,-110,2024,6,49.0,-3.5,True,False,WR,62.86,FA,50-60,175,60.77142857142857,45.23883799407526,2046.5524630541875,8.36,0.5689,0.4311,0.0,-131.96474135931336,131.96474135931336,1.9090909090909092,1.9090909090909092,0.08608181818181815,-0.17699090909090903,8.608181818181816,-17.699090909090902,over,0.5689,0.08608181818181815,8.608181818181816,over,20000
player_reception_yds,DeVonta Smith,devonta smith,WR,72.5,-110.0,-110,2024,2,46.5,-5.5,True,False,WR,80.17,PHI,60+,244,72.20491803278688,43.97076702840401,1933.4283530661814,7.670000000000002,0.5688,0.4312,0.0,-131.91094619666046,131.91094619666046,1.9090909090909092,1.9090909090909092,0.08589090909090913,-0.1767999999999999,8.589090909090913,-17.67999999999999,over,0.5688,0.08589090909090913,8.589090909090913,over,20000
player_reception_yds,Terry McLaurin,terry mclaurin,WR,53.5,-110.0,-110,2024,5,44.0,-3.0,True,False,WR,62.11,WAS,50-60,175,60.77142857142857,45.23883799407526,2046.5524630541875,8.61,0.5688,0.4312,0.0,-131.91094619666046,131.91094619666046,1.9090909090909092,1.9090909090909092,0.08589090909090913,-0.1767999999999999,8.589090909090913,-17.67999999999999,over,0.5688,0.08589090909090913,8.589090909090913,over,20000
player_reception_yds,Stefon Diggs,stefon diggs,WR,55.5,-110.0,-110,2024,5,48.0,-1.0,True,False,WR,63.13,FA,50-60,175,60.77142857142857,45.23883799407526,2046.5524630541875,7.630000000000003,0.56875,0.43125,0.0,-131.8840579710145,131.8840579710145,1.9090909090909092,1.9090909090909092,0.08579545454545456,-0.1767045454545454,8.579545454545457,-17.67045454545454,over,0.56875,0.08579545454545456,8.579545454545457,over,20000
player_reception_yds,Evan Engram,evan engram,TE,46.5,-110.0,-110,2024,11,47.5,14.0,False,True,TE,52.06,DEN,40-50,77,42.8051948051948,30.604649640714655,936.6445796308957,5.560000000000002,0.5687,0.4313,0.0,-131.85717597959655,131.85717597959655,1.9090909090909092,1.9090909090909092,0.0857,-0.17660909090909083,8.57,-17.660909090909083,over,0.5687,0.0857,8.57,over,20000
player_reception_yds,Michael Wilson,michael wilson,WR,27.5,-110.0,-110,2024,10,45.5,2.0,False,True,WR,33.28,ARI,20-30,224,33.88392857142857,33.6177959681703,1130.1562057575272,5.780000000000001,0.5687,0.4313,0.0,-131.85717597959655,131.85717597959655,1.9090909090909092,1.9090909090909092,0.0857,-0.17660909090909083,8.57,-17.660909090909083,over,0.5687,0.0857,8.57,over,20000
player_reception_yds,Keenan Allen,keenan allen,WR,41.5,-110.0,-110,2024,5,40.0,-4.0,True,False,WR,47.97,LAC,40-50,197,52.34517766497462,39.519382558680384,1561.7815978193314,6.469999999999999,0.56865,0.43135,0.0,-131.8303002202388,131.8303002202388,1.9090909090909092,1.9090909090909092,0.08560454545454543,-0.17651363636363632,8.560454545454544,-17.65136363636363,over,0.56865,0.08560454545454543,8.560454545454544,over,20000
player_reception_yds,Courtland Sutton,courtland sutton,WR,43.5,-110.0,-110,2024,8,40.5,-13.0,True,False,WR,49.97,DEN,40-50,197,52.34517766497462,39.519382558680384,1561.7815978193314,6.469999999999999,0.56865,0.43135,0.0,-131.8303002202388,131.8303002202388,1.9090909090909092,1.9090909090909092,0.08560454545454543,-0.17651363636363632,8.560454545454544,-17.65136363636363,over,0.56865,0.08560454545454543,8.560454545454544,over,20000
player_reception_yds,Joshua Palmer,joshua palmer,,36.5,-110.0,-110,2024,7,44.0,,False,False,WR,43.02,BUF,30-40,222,39.810810810810814,35.42174131599695,1254.699757857405,6.520000000000003,0.5686,0.4314,0.0,-131.8034306907742,131.8034306907742,1.9090909090909092,1.9090909090909092,0.08550909090909098,-0.17641818181818175,8.550909090909098,-17.641818181818174,over,0.5686,0.08550909090909098,8.550909090909098,over,20000
player_reception_yds,Tyjae Spears,tyjae spears,RB,15.5,-110.0,-110,2024,2,41.5,3.5,False,True,RB,18.72,TEN,<20,432,17.046296296296298,19.125546894078457,365.78654399759415,3.219999999999999,0.5686,0.4314,0.0,-131.8034306907742,131.8034306907742,1.9090909090909092,1.9090909090909092,0.08550909090909098,-0.17641818181818175,8.550909090909098,-17.641818181818174,over,0.5686,0.08550909090909098,8.550909090909098,over,20000
player_reception_yds,Juwan Johnson,juwan johnson,TE,25.5,-110.0,-110,2024,13,48.5,2.5,False,True,TE,30.18,NO,20-30,155,32.535483870967745,27.73479503577737,769.218855676581,4.68,0.56845,0.43155,0.0,-131.72285946008574,131.72285946008574,1.9090909090909092,1.9090909090909092,0.0852227272727274,-0.17613181818181817,8.522272727272739,-17.61318181818182,over,0.56845,0.0852227272727274,8.522272727272739,over,20000
player_reception_yds,Jake Bobo,jake bobo,WR,25.5,-110.0,-110,2024,8,45.5,3.0,False,True,WR,31.31,SEA,20-30,224,33.88392857142857,33.6177959681703,1130.1562057575272,5.809999999999999,0.56835,0.43165,0.0,-131.66917641607785,131.66917641607785,1.9090909090909092,1.9090909090909092,0.08503181818181826,-0.1759409090909091,8.503181818181826,-17.59409090909091,over,0.56835,0.08503181818181826,8.503181818181826,over,20000
player_reception_yds,Tyler Lockett,tyler lockett,WR,36.5,-110.0,-110,2024,12,46.5,1.0,False,True,WR,42.55,LV,30-40,222,39.810810810810814,35.42174131599695,1254.699757857405,6.049999999999997,0.5683,0.4317,0.0,-131.64234422052354,131.64234422052354,1.9090909090909092,1.9090909090909092,0.0849363636363637,-0.17584545454545458,8.49363636363637,-17.58454545454546,over,0.5683,0.0849363636363637,8.49363636363637,over,20000
player_reception_yds,Deebo Samuel,deebo samuel,WR,55.5,-110.0,-110,2024,5,48.5,-7.0,True,False,WR,63.1,FA,50-60,175,60.77142857142857,45.23883799407526,2046.5524630541875,7.600000000000001,0.56825,0.43175,0.0,-131.61551823972206,131.61551823972204,1.9090909090909092,1.9090909090909092,0.08484090909090924,-0.17574999999999985,8.484090909090924,-17.574999999999985,over,0.56825,0.08484090909090924,8.484090909090924,over,20000
player_reception_yds,Xavier Worthy,xavier worthy,WR,45.5,-110.0,-110,2024,5,43.0,-5.5,True,False,WR,52.56,KC,40-50,197,52.34517766497462,39.519382558680384,1561.7815978193314,7.060000000000002,0.5682,0.4318,0.0,-131.58869847151462,131.5886984715146,1.9090909090909092,1.9090909090909092,0.08474545454545468,-0.17565454545454545,8.474545454545467,-17.565454545454546,over,0.5682,0.08474545454545468,8.474545454545467,over,20000
player_reception_yds,Zay Flowers,zay flowers,WR,58.5,-110.0,-110,2024,13,50.0,-3.0,True,False,WR,66.16,BAL,50-60,175,60.77142857142857,45.23883799407526,2046.5524630541875,7.659999999999997,0.56805,0.43195,0.0,-131.50827642088208,131.50827642088203,1.9090909090909092,1.9090909090909092,0.0844590909090911,-0.1753681818181817,8.44590909090911,-17.53681818181817,over,0.56805,0.0844590909090911,8.44590909090911,over,20000
player_reception_yds,Tyreek Hill,tyreek hill,WR,71.5,-110.0,-110,2024,10,49.5,2.5,False,True,WR,79.13,FA,60+,244,72.20491803278688,43.97076702840401,1933.4283530661814,7.6299999999999955,0.568,0.432,0.0,-131.48148148148147,131.4814814814815,1.9090909090909092,1.9090909090909092,0.08436363636363631,-0.1752727272727273,8.43636363636363,-17.52727272727273,over,0.568,0.08436363636363631,8.43636363636363,over,20000
player_reception_yds,Jonnu Smith,jonnu smith,TE,23.5,-110.0,-110,2024,1,49.5,-3.5,True,False,TE,27.87,FA,20-30,155,32.535483870967745,27.73479503577737,769.218855676581,4.370000000000001,0.568,0.432,0.0,-131.48148148148147,131.4814814814815,1.9090909090909092,1.9090909090909092,0.08436363636363631,-0.1752727272727273,8.43636363636363,-17.52727272727273,over,0.568,0.08436363636363631,8.43636363636363,over,20000
player_reception_yds,Christian Kirk,christian kirk,WR,55.5,-110.0,-110,2024,1,49.5,3.5,False,True,WR,63.19,SF,50-60,175,60.77142857142857,45.23883799407526,2046.5524630541875,7.689999999999998,0.5679,0.4321,0.0,-131.42791020597082,131.42791020597085,1.9090909090909092,1.9090909090909092,0.08417272727272729,-0.17508181818181823,8.417272727272728,-17.50818181818182,over,0.5679,0.08417272727272729,8.417272727272728,over,20000
player_reception_yds,Jaylen Waddle,jaylen waddle,WR,46.5,-110.0,-110,2024,14,45.0,-6.5,True,False,WR,52.26,DEN,40-50,197,52.34517766497462,39.519382558680384,1561.7815978193314,5.759999999999998,0.56775,0.43225,0.0,-131.3475997686524,131.3475997686524,1.9090909090909092,1.9090909090909092,0.08388636363636359,-0.17479545454545448,8.388636363636358,-17.47954545454545,over,0.56775,0.08388636363636359,8.388636363636358,over,20000
player_reception_yds,Rashee Rice,rashee rice,WR,66.5,-110.0,-110,2024,2,47.5,-6.5,True,False,WR,74.6,KC,60+,244,72.20491803278688,43.97076702840401,1933.4283530661814,8.099999999999994,0.56775,0.43225,0.0,-131.3475997686524,131.3475997686524,1.9090909090909092,1.9090909090909092,0.08388636363636359,-0.17479545454545448,8.388636363636358,-17.47954545454545,over,0.56775,0.08388636363636359,8.388636363636358,over,20000
player_reception_yds,Lil'Jordan Humphrey,liljordan humphrey,WR,24.5,-110.0,-110,2024,6,37.0,3.0,False,True,WR,30.44,DEN,20-30,224,33.88392857142857,33.6177959681703,1130.1562057575272,5.940000000000001,0.56765,0.43235,0.0,-131.29409043598935,131.29409043598935,1.9090909090909092,1.9090909090909092,0.08369545454545457,-0.1746045454545454,8.369545454545458,-17.46045454545454,over,0.56765,0.08369545454545457,8.369545454545458,over,20000
player_reception_yds,Noah Gray,noah gray,TE,25.5,-110.0,-110,2024,16,42.5,-3.5,True,False,TE,30.61,KC,20-30,155,32.535483870967745,27.73479503577737,769.218855676581,5.109999999999999,0.56765,0.43235,0.0,-131.29409043598935,131.29409043598935,1.9090909090909092,1.9090909090909092,0.08369545454545457,-0.1746045454545454,8.369545454545458,-17.46045454545454,over,0.56765,0.08369545454545457,8.369545454545458,over,20000
player_reception_yds,Aaron Jones,aaron jones,RB,16.5,-110.0,-110,2024,2,46.5,4.5,False,True,RB,19.79,MIN,<20,432,17.046296296296298,19.125546894078457,365.78654399759415,3.289999999999999,0.5676,0.4324,0.0,-131.26734505087882,131.26734505087882,1.9090909090909092,1.9090909090909092,0.08360000000000001,-0.17450909090909084,8.360000000000001,-17.450909090909082,over,0.5676,0.08360000000000001,8.360000000000001,over,20000
player_reception_yds,Jonnu Smith,jonnu smith,TE,20.5,-110.0,-110,2024,3,41.5,4.0,False,True,TE,25.63,FA,20-30,155,32.535483870967745,27.73479503577737,769.218855676581,5.129999999999999,0.5676,0.4324,0.0,-131.26734505087882,131.26734505087882,1.9090909090909092,1.9090909090909092,0.08360000000000001,-0.17450909090909084,8.360000000000001,-17.450909090909082,over,0.5676,0.08360000000000001,8.360000000000001,over,20000
player_reception_yds,Malik Nabers,malik nabers,WR,68.5,-110.0,-110,2024,8,37.5,6.0,False,True,WR,76.01,NYG,60+,244,72.20491803278688,43.97076702840401,1933.4283530661814,7.510000000000005,0.56745,0.43255,0.0,-131.1871459946827,131.1871459946827,1.9090909090909092,1.9090909090909092,0.08331363636363642,-0.17422272727272725,8.331363636363642,-17.422272727272727,over,0.56745,0.08331363636363642,8.331363636363642,over,20000
player_reception_yds,Sterling Shepard,sterling shepard,WR,29.5,-110.0,-110,2024,14,47.0,-7.0,True,False,WR,35.06,FA,20-30,224,33.88392857142857,33.6177959681703,1130.1562057575272,5.560000000000002,0.56745,0.43255,0.0,-131.1871459946827,131.1871459946827,1.9090909090909092,1.9090909090909092,0.08331363636363642,-0.17422272727272725,8.331363636363642,-17.422272727272727,over,0.56745,0.08331363636363642,8.331363636363642,over,20000
player_reception_yds,Zach Ertz,zach ertz,TE,34.5,-110.0,-110,2024,13,45.0,-6.0,True,False,TE,40.18,FA,30-40,83,44.18072289156626,36.40127601114409,1325.0528952394943,5.68,0.5674,0.4326,0.0,-131.16042533518262,131.16042533518262,1.9090909090909092,1.9090909090909092,0.08321818181818186,-0.17412727272727274,8.321818181818186,-17.412727272727274,over,0.5674,0.08321818181818186,8.321818181818186,over,20000
player_reception_yds,Jaxon Smith-Njigba,jaxon smith-njigba,WR,56.5,-110.0,-110,2024,9,48.5,1.5,False,True,WR,63.98,SEA,50-60,175,60.77142857142857,45.23883799407526,2046.5524630541875,7.479999999999997,0.5673,0.4327,0.0,-131.10700254217704,131.10700254217704,1.9090909090909092,1.9090909090909092,0.08302727272727284,-0.17393636363636367,8.302727272727283,-17.393636363636368,over,0.5673,0.08302727272727284,8.302727272727283,over,20000
player_reception_yds,Kalif Raymond,kalif raymond,WR,24.5,-110.0,-110,2024,8,45.0,-12.5,True,False,WR,29.94,CHI,20-30,224,33.88392857142857,33.6177959681703,1130.1562057575272,5.440000000000001,0.56725,0.43275,0.0,-131.08030040439053,131.08030040439053,1.9090909090909092,1.9090909090909092,0.08293181818181827,-0.17384090909090905,8.293181818181827,-17.384090909090904,over,0.56725,0.08293181818181827,8.293181818181827,over,20000
player_reception_yds,Kyle Pitts,kyle pitts,TE,40.5,-110.0,-110,2024,10,46.5,-3.5,True,False,TE,45.79,ATL,40-50,77,42.8051948051948,30.604649640714655,936.6445796308957,5.289999999999999,0.567,0.433,0.0,-130.94688221709004,130.94688221709006,1.9090909090909092,1.9090909090909092,0.08245454545454545,-0.17336363636363628,8.245454545454544,-17.33636363636363,over,0.567,0.08245454545454545,8.245454545454544,over,20000
player_reception_yds,Tyler Conklin,tyler conklin,TE,24.5,-110.0,-110,2024,4,39.5,-7.5,True,False,TE,29.62,DET,20-30,155,32.535483870967745,27.73479503577737,769.218855676581,5.120000000000001,0.56695,0.43305,0.0,-130.920217065004,130.92021706500407,1.9090909090909092,1.9090909090909092,0.08235909090909088,-0.17326818181818188,8.235909090909088,-17.326818181818187,over,0.56695,0.08235909090909088,8.235909090909088,over,20000
player_reception_yds,Xavier Worthy,xavier worthy,WR,39.5,-110.0,-110,2024,16,42.5,-3.5,True,False,WR,45.29,KC,30-40,222,39.810810810810814,35.42174131599695,1254.699757857405,5.789999999999999,0.5669,0.4331,0.0,-130.89355806972983,130.89355806972986,1.9090909090909092,1.9090909090909092,0.08226363636363632,-0.1731727272727272,8.226363636363631,-17.31727272727272,over,0.5669,0.08226363636363632,8.226363636363631,over,20000
player_reception_yds,Tyler Boyd,tyler boyd,WR,27.5,-110.0,-110,2024,3,37.0,-3.0,True,False,WR,32.88,FA,20-30,224,33.88392857142857,33.6177959681703,1130.1562057575272,5.380000000000003,0.5668,0.4332,0.0,-130.84025854108955,130.84025854108958,1.9090909090909092,1.9090909090909092,0.0820727272727273,-0.17298181818181813,8.20727272727273,-17.298181818181813,over,0.5668,0.0820727272727273,8.20727272727273,over,20000
player_reception_yds,Drake London,drake london,WR,66.5,-110.0,-110,2024,8,47.0,-1.5,True,False,WR,74.34,ATL,60+,244,72.20491803278688,43.97076702840401,1933.4283530661814,7.840000000000003,0.5667,0.4333,0.0,-130.78698361412415,130.78698361412415,1.9090909090909092,1.9090909090909092,0.08188181818181817,-0.172790909090909,8.188181818181818,-17.2790909090909,over,0.5667,0.08188181818181817,8.188181818181818,over,20000
player_reception_yds,Khalil Shakir,khalil shakir,WR,58.5,-110.0,-110,2024,15,55.5,2.5,False,True,WR,65.98,BUF,50-60,175,60.77142857142857,45.23883799407526,2046.5524630541875,7.480000000000004,0.5667,0.4333,0.0,-130.78698361412415,130.78698361412415,1.9090909090909092,1.9090909090909092,0.08188181818181817,-0.172790909090909,8.188181818181818,-17.2790909090909,over,0.5667,0.08188181818181817,8.188181818181818,over,20000
player_reception_yds,Diontae Johnson,diontae johnson,WR,61.5,-110.0,-110,2024,5,40.0,4.0,False,True,WR,68.64,FA,60+,244,72.20491803278688,43.97076702840401,1933.4283530661814,7.140000000000001,0.56665,0.43335,0.0,-130.76035537094725,130.76035537094725,1.9090909090909092,1.9090909090909092,0.08178636363636371,-0.17269545454545449,8.178636363636372,-17.269545454545447,over,0.56665,0.08178636363636371,8.178636363636372,over,20000
player_reception_yds,DeVonta Smith,devonta smith,WR,72.5,-110.0,-110,2024,3,49.0,2.5,False,True,WR,79.41,PHI,60+,244,72.20491803278688,43.97076702840401,1933.4283530661814,6.909999999999997,0.56665,0.43335,0.0,-130.76035537094725,130.76035537094725,1.9090909090909092,1.9090909090909092,0.08178636363636371,-0.17269545454545449,8.178636363636372,-17.269545454545447,over,0.56665,0.08178636363636371,8.178636363636372,over,20000
player_reception_yds,Jake Ferguson,jake ferguson,TE,35.5,-110.0,-110,2024,15,42.0,2.5,False,True,TE,41.95,DAL,30-40,83,44.18072289156626,36.40127601114409,1325.0528952394943,6.450000000000003,0.5666,0.4334,0.0,-130.73373327180434,130.73373327180434,1.9090909090909092,1.9090909090909092,0.08169090909090915,-0.17259999999999998,8.169090909090915,-17.259999999999998,over,0.5666,0.08169090909090915,8.169090909090915,over,20000
player_reception_yds,Juwan Johnson,juwan johnson,TE,25.5,-110.0,-110,2024,17,37.5,2.0,False,True,TE,30.43,NO,20-30,155,32.535483870967745,27.73479503577737,769.218855676581,4.93,0.56655,0.43345,0.0,-130.70711731456916,130.70711731456916,1.9090909090909092,1.9090909090909092,0.08159545454545458,-0.1725045454545454,8.159545454545459,-17.25045454545454,over,0.56655,0.08159545454545458,8.159545454545459,over,20000
player_reception_yds,Tee Higgins,tee higgins,WR,58.5,-110.0,-110,2024,6,46.0,-4.5,True,False,WR,67.06,CIN,50-60,175,60.77142857142857,45.23883799407526,2046.5524630541875,8.560000000000002,0.56645,0.43355,0.0,-130.65390381732212,130.65390381732212,1.9090909090909092,1.9090909090909092,0.08140454545454556,-0.17231363636363634,8.140454545454556,-17.231363636363632,over,0.56645,0.08140454545454556,8.140454545454556,over,20000
player_reception_yds,Terry McLaurin,terry mclaurin,WR,61.5,-110.0,-110,2024,9,44.5,-4.5,True,False,WR,69.21,WAS,60+,244,72.20491803278688,43.97076702840401,1933.4283530661814,7.709999999999994,0.56635,0.43365,0.0,-130.60071486221608,130.60071486221608,1.9090909090909092,1.9090909090909092,0.08121363636363643,-0.17212272727272726,8.121363636363643,-17.212272727272726,over,0.56635,0.08121363636363643,8.121363636363643,over,20000
player_reception_yds,Jordan Akins,jordan akins,TE,25.5,-110.0,-110,2024,15,41.5,4.5,False,True,TE,30.19,FA,20-30,155,32.535483870967745,27.73479503577737,769.218855676581,4.690000000000001,0.56635,0.43365,0.0,-130.60071486221608,130.60071486221608,1.9090909090909092,1.9090909090909092,0.08121363636363643,-0.17212272727272726,8.121363636363643,-17.212272727272726,over,0.56635,0.08121363636363643,8.121363636363643,over,20000
player_reception_yds,Calvin Ridley,calvin ridley,WR,41.5,-110.0,-110,2024,7,41.0,9.5,False,True,WR,47.78,TEN,40-50,197,52.34517766497462,39.519382558680384,1561.7815978193314,6.280000000000001,0.5663,0.4337,0.0,-130.57412958266085,130.57412958266085,1.9090909090909092,1.9090909090909092,0.08111818181818187,-0.17202727272727275,8.111818181818187,-17.202727272727277,over,0.5663,0.08111818181818187,8.111818181818187,over,20000
player_reception_yds,Quentin Johnston,quentin johnston,WR,31.5,-110.0,-110,2024,2,39.0,-5.0,True,False,WR,37.59,LAC,30-40,222,39.810810810810814,35.42174131599695,1254.699757857405,6.090000000000003,0.5663,0.4337,0.0,-130.57412958266085,130.57412958266085,1.9090909090909092,1.9090909090909092,0.08111818181818187,-0.17202727272727275,8.111818181818187,-17.202727272727277,over,0.5663,0.08111818181818187,8.111818181818187,over,20000
player_reception_yds,Hunter Henry,hunter henry,TE,35.5,-110.0,-110,2024,8,41.0,7.0,False,True,TE,41.15,NE,30-40,83,44.18072289156626,36.40127601114409,1325.0528952394943,5.649999999999999,0.56625,0.43375,0.0,-130.54755043227667,130.54755043227664,1.9090909090909092,1.9090909090909092,0.08102272727272741,-0.17193181818181802,8.10227272727274,-17.193181818181802,over,0.56625,0.08102272727272741,8.10227272727274,over,20000
player_reception_yds,Cole Kmet,cole kmet,TE,36.5,-110.0,-110,2024,8,46.5,1.5,False,True,TE,41.84,CHI,30-40,83,44.18072289156626,36.40127601114409,1325.0528952394943,5.340000000000003,0.5662,0.4338,0.0,-130.52097740894425,130.52097740894422,1.9090909090909092,1.9090909090909092,0.08092727272727285,-0.17183636363636362,8.092727272727284,-17.183636363636364,over,0.5662,0.08092727272727285,8.092727272727284,over,20000
player_reception_yds,De'Von Achane,devon achane,RB,30.5,-110.0,-110,2024,13,47.5,3.5,False,True,RB,33.54,MIA,30-40,24,36.0,21.178703511203796,448.537482415476,3.039999999999999,0.5662,0.4338,0.0,-130.52097740894425,130.52097740894422,1.9090909090909092,1.9090909090909092,0.08092727272727285,-0.17183636363636362,8.092727272727284,-17.183636363636364,over,0.5662,0.08092727272727285,8.092727272727284,over,20000
player_reception_yds,Van Jefferson,van jefferson,,19.5,-110.0,-110,2024,6,36.5,,False,False,WR,23.24,WAS,<20,194,20.84536082474227,23.784379500884214,565.6967082420812,3.7399999999999984,0.56615,0.43385,0.0,-130.49441051054512,130.4944105105451,1.9090909090909092,1.9090909090909092,0.08083181818181828,-0.171740909090909,8.083181818181828,-17.1740909090909,over,0.56615,0.08083181818181828,8.083181818181828,over,20000
player_reception_yds,T.J. Hockenson,tj hockenson,TE,42.5,-110.0,-110,2024,11,40.0,-6.0,True,False,TE,47.88,MIN,40-50,77,42.8051948051948,30.604649640714655,936.6445796308957,5.380000000000003,0.56615,0.43385,0.0,-130.49441051054512,130.4944105105451,1.9090909090909092,1.9090909090909092,0.08083181818181828,-0.171740909090909,8.083181818181828,-17.1740909090909,over,0.56615,0.08083181818181828,8.083181818181828,over,20000
player_reception_yds,Breece Hall,breece hall,RB,24.5,-110.0,-110,2024,17,44.5,10.0,False,True,RB,28.13,NYJ,20-30,101,28.26732673267327,24.221026388386825,586.658119306931,3.629999999999999,0.56585,0.43415,0.0,-130.3351376252447,130.33513762524473,1.9090909090909092,1.9090909090909092,0.08025909090909089,-0.17116818181818177,8.025909090909089,-17.11681818181818,over,0.56585,0.08025909090909089,8.025909090909089,over,20000
player_reception_yds,Jakobi Meyers,jakobi meyers,WR,46.5,-110.0,-110,2024,4,36.5,2.5,False,True,WR,53.58,JAC,40-50,197,52.34517766497462,39.519382558680384,1561.7815978193314,7.079999999999998,0.5658,0.4342,0.0,-130.30861354214647,130.3086135421465,1.9090909090909092,1.9090909090909092,0.08016363636363633,-0.17107272727272732,8.016363636363632,-17.107272727272733,over,0.5658,0.08016363636363633,8.016363636363632,over,20000
player_reception_yds,Davante Adams,davante adams,WR,59.5,-110.0,-110,2024,8,41.0,-7.0,True,False,WR,66.78,LAR,50-60,175,60.77142857142857,45.23883799407526,2046.5524630541875,7.280000000000001,0.56575,0.43425,0.0,-130.28209556706963,130.28209556706963,1.9090909090909092,1.9090909090909092,0.08006818181818187,-0.17097727272727264,8.006818181818186,-17.097727272727266,over,0.56575,0.08006818181818187,8.006818181818186,over,20000
player_reception_yds,Van Jefferson,van jefferson,WR,17.5,-110.0,-110,2024,8,37.5,-6.0,True,False,WR,21.54,WAS,<20,194,20.84536082474227,23.784379500884214,565.6967082420812,4.039999999999999,0.5657,0.4343,0.0,-130.25558369790468,130.25558369790468,1.9090909090909092,1.9090909090909092,0.0799727272727273,-0.17088181818181813,7.997272727272731,-17.088181818181813,over,0.5657,0.0799727272727273,7.997272727272731,over,20000
player_reception_yds,Brandon Powell,brandon powell,WR,16.5,-110.0,-110,2024,2,46.5,4.5,False,True,WR,20.56,FA,<20,194,20.84536082474227,23.784379500884214,565.6967082420812,4.059999999999999,0.5657,0.4343,0.0,-130.25558369790468,130.25558369790468,1.9090909090909092,1.9090909090909092,0.0799727272727273,-0.17088181818181813,7.997272727272731,-17.088181818181813,over,0.5657,0.0799727272727273,7.997272727272731,over,20000
player_reception_yds,George Kittle,george kittle,TE,61.5,-110.0,-110,2024,15,48.5,-3.0,True,False,TE,66.8,SF,60+,20,68.4,33.57799988255154,1127.4820761126311,5.299999999999997,0.5657,0.4343,0.0,-130.25558369790468,130.25558369790468,1.9090909090909092,1.9090909090909092,0.0799727272727273,-0.17088181818181813,7.997272727272731,-17.088181818181813,over,0.5657,0.0799727272727273,7.997272727272731,over,20000
player_reception_yds,Michael Wilson,michael wilson,WR,27.5,-110.0,-110,2024,12,46.5,-1.0,True,False,WR,33.02,ARI,20-30,224,33.88392857142857,33.6177959681703,1130.1562057575272,5.520000000000003,0.56555,0.43445,0.0,-130.17608470479917,130.17608470479917,1.9090909090909092,1.9090909090909092,0.07968636363636372,-0.1705954545454545,7.968636363636373,-17.05954545454545,over,0.56555,0.07968636363636372,7.968636363636373,over,20000
player_reception_yds,Jordan Addison,jordan addison,WR,48.5,-110.0,-110,2024,7,50.5,-1.0,True,False,WR,54.6,MIN,40-50,197,52.34517766497462,39.519382558680384,1561.7815978193314,6.100000000000001,0.56555,0.43445,0.0,-130.17608470479917,130.17608470479917,1.9090909090909092,1.9090909090909092,0.07968636363636372,-0.1705954545454545,7.968636363636373,-17.05954545454545,over,0.56555,0.07968636363636372,7.968636363636373,over,20000
player_reception_yds,Elijah Moore,elijah moore,WR,25.5,-110.0,-110,2024,7,42.0,5.5,False,True,WR,30.88,PHI,20-30,224,33.88392857142857,33.6177959681703,1130.1562057575272,5.379999999999999,0.5655,0.4345,0.0,-130.14959723820482,130.14959723820482,1.9090909090909092,1.9090909090909092,0.07959090909090916,-0.17049999999999998,7.959090909090916,-17.049999999999997,over,0.5655,0.07959090909090916,7.959090909090916,over,20000
player_reception_yds,Michael Pittman Jr.,michael pittman,WR,56.5,-110.0,-110,2024,2,41.5,-3.0,True,False,WR,64.12,PIT,50-60,175,60.77142857142857,45.23883799407526,2046.5524630541875,7.6200000000000045,0.56535,0.43465,0.0,-130.0701714022777,130.0701714022777,1.9090909090909092,1.9090909090909092,0.07930454545454557,-0.17021363636363634,7.930454545454557,-17.021363636363635,over,0.56535,0.07930454545454557,7.930454545454557,over,20000
player_reception_yds,Tyreek Hill,tyreek hill,WR,57.5,-110.0,-110,2024,7,44.0,3.0,False,True,WR,65.4,FA,50-60,175,60.77142857142857,45.23883799407526,2046.5524630541875,7.900000000000006,0.56535,0.43465,0.0,-130.0701714022777,130.0701714022777,1.9090909090909092,1.9090909090909092,0.07930454545454557,-0.17021363636363634,7.930454545454557,-17.021363636363635,over,0.56535,0.07930454545454557,7.930454545454557,over,20000
player_reception_yds,Trenton Irwin,trenton irwin,WR,30.5,100.0,-122,2024,1,40.5,-8.0,True,False,WR,33.88,FA,30-40,222,39.810810810810814,35.42174131599695,1254.699757857405,3.3800000000000026,0.53955,0.46045,0.0,-117.17884678032358,117.17884678032358,2.0,1.819672131147541,0.07909999999999995,-0.16213196721311468,7.909999999999995,-16.21319672131147,over,0.53955,0.07909999999999995,7.909999999999995,over,20000
player_reception_yds,Darnell Mooney,darnell mooney,WR,52.5,-110.0,-110,2024,13,47.0,1.0,False,True,WR,59.88,NYG,50-60,175,60.77142857142857,45.23883799407526,2046.5524630541875,7.380000000000003,0.5652,0.4348,0.0,-129.9908003679853,129.99080036798526,1.9090909090909092,1.9090909090909092,0.07901818181818199,-0.1699272727272726,7.901818181818198,-16.992727272727258,over,0.5652,0.07901818181818199,7.901818181818198,over,20000
player_reception_yds,Tim Patrick,tim patrick,WR,27.5,-110.0,-110,2024,15,55.5,-2.5,True,False,WR,32.95,NYJ,20-30,224,33.88392857142857,33.6177959681703,1130.1562057575272,5.450000000000003,0.56515,0.43485,0.0,-129.96435552489365,129.96435552489365,1.9090909090909092,1.9090909090909092,0.07892272727272742,-0.1698318181818182,7.892272727272742,-16.98318181818182,over,0.56515,0.07892272727272742,7.892272727272742,over,20000
player_reception_yds,Cole Kmet,cole kmet,TE,27.5,-110.0,-110,2024,5,40.0,-4.0,True,False,TE,32.2,CHI,20-30,155,32.535483870967745,27.73479503577737,769.218855676581,4.700000000000003,0.5651,0.4349,0.0,-129.93791676247415,129.93791676247412,1.9090909090909092,1.9090909090909092,0.07882727272727286,-0.16973636363636352,7.882727272727285,-16.973636363636352,over,0.5651,0.07882727272727286,7.882727272727285,over,20000
player_reception_yds,DK Metcalf,dk metcalf,WR,59.5,-110.0,-110,2024,3,41.5,-4.0,True,False,WR,67.26,PIT,50-60,175,60.77142857142857,45.23883799407526,2046.5524630541875,7.760000000000005,0.56505,0.43495,0.0,-129.91148407862974,129.91148407862974,1.9090909090909092,1.9090909090909092,0.07873181818181829,-0.16964090909090912,7.873181818181829,-16.964090909090913,over,0.56505,0.07873181818181829,7.873181818181829,over,20000
player_reception_yds,DeMario Douglas,demario douglas,WR,31.5,-110.0,-110,2024,6,38.5,6.5,False,True,WR,37.45,NE,30-40,222,39.810810810810814,35.42174131599695,1254.699757857405,5.950000000000003,0.56495,0.43505,0.0,-129.85863693828293,129.85863693828296,1.9090909090909092,1.9090909090909092,0.07854090909090905,-0.16945000000000005,7.854090909090905,-16.945000000000004,over,0.56495,0.07854090909090905,7.854090909090905,over,20000
player_reception_yds,Ja'Marr Chase,jamarr chase,WR,75.5,-110.0,-110,2024,7,42.0,-5.5,True,False,WR,82.5,CIN,60+,244,72.20491803278688,43.97076702840401,1933.4283530661814,7.0,0.5649,0.4351,0.0,-129.83222247759133,129.83222247759136,1.9090909090909092,1.9090909090909092,0.07844545454545448,-0.16935454545454537,7.8445454545454485,-16.935454545454537,over,0.5649,0.07844545454545448,7.8445454545454485,over,20000
player_reception_yds,Rome Odunze,rome odunze,WR,44.5,-110.0,-110,2024,15,43.5,7.0,False,True,WR,50.65,CHI,40-50,197,52.34517766497462,39.519382558680384,1561.7815978193314,6.149999999999999,0.5649,0.4351,0.0,-129.83222247759133,129.83222247759136,1.9090909090909092,1.9090909090909092,0.07844545454545448,-0.16935454545454537,7.8445454545454485,-16.935454545454537,over,0.5649,0.07844545454545448,7.8445454545454485,over,20000
player_reception_yds,Nico Collins,nico collins,WR,66.5,-110.0,-110,2024,2,45.5,-6.0,True,False,WR,73.9,HOU,60+,244,72.20491803278688,43.97076702840401,1933.4283530661814,7.400000000000006,0.56485,0.43515,0.0,-129.8058140870964,129.80581408709642,1.9090909090909092,1.9090909090909092,0.07835000000000003,-0.16925909090909097,7.835000000000003,-16.925909090909098,over,0.56485,0.07835000000000003,7.835000000000003,over,20000
player_reception_yds,Rachaad White,rachaad white,RB,22.5,-110.0,-110,2024,1,42.0,-4.0,True,False,RB,26.52,WAS,20-30,101,28.26732673267327,24.221026388386825,586.658119306931,4.02,0.5648,0.4352,0.0,-129.77941176470586,129.77941176470588,1.9090909090909092,1.9090909090909092,0.07825454545454547,-0.1691636363636363,7.825454545454546,-16.91636363636363,over,0.5648,0.07825454545454547,7.825454545454546,over,20000
player_reception_yds,Darius Slayton,darius slayton,WR,51.5,-110.0,-110,2024,6,46.0,4.5,False,True,WR,59.06,NYG,50-60,175,60.77142857142857,45.23883799407526,2046.5524630541875,7.560000000000002,0.56475,0.43525,0.0,-129.75301550832853,129.75301550832853,1.9090909090909092,1.9090909090909092,0.0781590909090909,-0.16906818181818173,7.81590909090909,-16.906818181818174,over,0.56475,0.0781590909090909,7.81590909090909,over,20000
player_reception_yds,Tyler Boyd,tyler boyd,WR,22.5,-110.0,-110,2024,7,41.0,9.5,False,True,WR,28.41,FA,20-30,224,33.88392857142857,33.6177959681703,1130.1562057575272,5.91,0.56465,0.43535,0.0,-129.70024118525322,129.70024118525322,1.9090909090909092,1.9090909090909092,0.07796818181818188,-0.16887727272727265,7.796818181818188,-16.887727272727265,over,0.56465,0.07796818181818188,7.796818181818188,over,20000
player_reception_yds,Jaylen Waddle,jaylen waddle,WR,52.5,-110.0,-110,2024,9,49.0,6.5,False,True,WR,60.04,DEN,50-60,175,60.77142857142857,45.23883799407526,2046.5524630541875,7.539999999999999,0.56465,0.43535,0.0,-129.70024118525322,129.70024118525322,1.9090909090909092,1.9090909090909092,0.07796818181818188,-0.16887727272727265,7.796818181818188,-16.887727272727265,over,0.56465,0.07796818181818188,7.796818181818188,over,20000
player_reception_yds,Justin Watson,justin watson,WR,16.5,-110.0,-110,2024,9,45.5,-9.0,True,False,WR,20.4,HOU,<20,194,20.84536082474227,23.784379500884214,565.6967082420812,3.8999999999999986,0.56465,0.43535,0.0,-129.70024118525322,129.70024118525322,1.9090909090909092,1.9090909090909092,0.07796818181818188,-0.16887727272727265,7.796818181818188,-16.887727272727265,over,0.56465,0.07796818181818188,7.796818181818188,over,20000
player_reception_yds,Hayden Hurst,hayden hurst,TE,18.5,-110.0,-110,2024,4,41.5,7.5,False,True,TE,22.35,FA,<20,149,20.28187919463087,23.469612040364684,550.822689325231,3.8500000000000014,0.56465,0.43535,0.0,-129.70024118525322,129.70024118525322,1.9090909090909092,1.9090909090909092,0.07796818181818188,-0.16887727272727265,7.796818181818188,-16.887727272727265,over,0.56465,0.07796818181818188,7.796818181818188,over,20000
player_reception_yds,Tyler Boyd,tyler boyd,WR,19.5,-110.0,-110,2024,17,38.0,-1.0,True,False,WR,23.09,FA,<20,194,20.84536082474227,23.784379500884214,565.6967082420812,3.59,0.56465,0.43535,0.0,-129.70024118525322,129.70024118525322,1.9090909090909092,1.9090909090909092,0.07796818181818188,-0.16887727272727265,7.796818181818188,-16.887727272727265,over,0.56465,0.07796818181818188,7.796818181818188,over,20000
player_reception_yds,Isiah Pacheco,isiah pacheco,RB,15.5,-110.0,-110,2024,2,47.5,-6.5,True,False,RB,18.84,DET,<20,432,17.046296296296298,19.125546894078457,365.78654399759415,3.34,0.56435,0.43565,0.0,-129.54206358315162,129.54206358315162,1.9090909090909092,1.9090909090909092,0.0773954545454546,-0.16830454545454543,7.7395454545454605,-16.830454545454543,over,0.56435,0.0773954545454546,7.7395454545454605,over,20000
player_reception_yds,Jaxon Smith-Njigba,jaxon smith-njigba,WR,50.5,-110.0,-110,2024,11,49.0,6.0,False,True,WR,58.16,SEA,50-60,175,60.77142857142857,45.23883799407526,2046.5524630541875,7.659999999999997,0.5643,0.4357,0.0,-129.51572182694514,129.51572182694514,1.9090909090909092,1.9090909090909092,0.07730000000000015,-0.16820909090909092,7.730000000000015,-16.82090909090909,over,0.5643,0.07730000000000015,7.730000000000015,over,20000
player_reception_yds,Noah Fant,noah fant,TE,24.5,-110.0,-110,2024,3,41.5,-4.0,True,False,TE,28.84,NO,20-30,155,32.535483870967745,27.73479503577737,769.218855676581,4.34,0.56425,0.43575,0.0,-129.48938611589216,129.4893861158921,1.9090909090909092,1.9090909090909092,0.07720454545454558,-0.16811363636363624,7.720454545454558,-16.811363636363623,over,0.56425,0.07720454545454558,7.720454545454558,over,20000
player_reception_yds,Adonai Mitchell,adonai mitchell,WR,35.5,-110.0,-110,2024,1,49.0,3.0,False,True,WR,41.5,NYJ,30-40,222,39.810810810810814,35.42174131599695,1254.699757857405,6.0,0.56425,0.43575,0.0,-129.48938611589216,129.4893861158921,1.9090909090909092,1.9090909090909092,0.07720454545454558,-0.16811363636363624,7.720454545454558,-16.811363636363623,over,0.56425,0.07720454545454558,7.720454545454558,over,20000
player_reception_yds,Kendrick Bourne,kendrick bourne,WR,23.5,-110.0,-110,2024,12,46.0,7.5,False,True,WR,28.99,ARI,20-30,224,33.88392857142857,33.6177959681703,1130.1562057575272,5.489999999999998,0.56425,0.43575,0.0,-129.48938611589216,129.4893861158921,1.9090909090909092,1.9090909090909092,0.07720454545454558,-0.16811363636363624,7.720454545454558,-16.811363636363623,over,0.56425,0.07720454545454558,7.720454545454558,over,20000
player_reception_yds,Deebo Samuel,deebo samuel,WR,46.5,-110.0,-110,2024,14,43.5,-3.0,True,False,WR,52.52,FA,40-50,197,52.34517766497462,39.519382558680384,1561.7815978193314,6.020000000000003,0.5642,0.4358,0.0,-129.4630564479119,129.4630564479119,1.9090909090909092,1.9090909090909092,0.07710909090909102,-0.1680181818181818,7.710909090909102,-16.801818181818177,over,0.5642,0.07710909090909102,7.710909090909102,over,20000
player_reception_yds,Khalil Shakir,khalil shakir,WR,35.5,-110.0,-110,2024,7,41.0,-9.5,True,False,WR,41.34,BUF,30-40,222,39.810810810810814,35.42174131599695,1254.699757857405,5.840000000000003,0.5642,0.4358,0.0,-129.4630564479119,129.4630564479119,1.9090909090909092,1.9090909090909092,0.07710909090909102,-0.1680181818181818,7.710909090909102,-16.801818181818177,over,0.5642,0.07710909090909102,7.710909090909102,over,20000
player_reception_yds,Jalen Nailor,jalen nailor,WR,15.5,-110.0,-110,2024,10,42.5,-7.0,True,False,WR,19.37,LV,<20,194,20.84536082474227,23.784379500884214,565.6967082420812,3.870000000000001,0.56405,0.43595,0.0,-129.3841036816149,129.38410368161485,1.9090909090909092,1.9090909090909092,0.07682272727272743,-0.1677318181818181,7.682272727272743,-16.773181818181808,over,0.56405,0.07682272727272743,7.682272727272743,over,20000
player_reception_yds,DJ Moore,dj moore,WR,54.5,-110.0,-110,2024,9,44.5,1.5,False,True,WR,61.93,BUF,50-60,175,60.77142857142857,45.23883799407526,2046.5524630541875,7.43,0.56385,0.43615,0.0,-129.27891780350797,129.27891780350797,1.9090909090909092,1.9090909090909092,0.07644090909090906,-0.16734999999999994,7.644090909090906,-16.734999999999996,over,0.56385,0.07644090909090906,7.644090909090906,over,20000
player_reception_yds,Colby Parkinson,colby parkinson,TE,30.5,-110.0,-110,2024,2,47.5,-1.0,True,False,TE,36.46,LAR,30-40,83,44.18072289156626,36.40127601114409,1325.0528952394943,5.960000000000001,0.5637,0.4363,0.0,-129.20009168003665,129.20009168003665,1.9090909090909092,1.9090909090909092,0.07615454545454547,-0.1670636363636363,7.615454545454547,-16.70636363636363,over,0.5637,0.07615454545454547,7.615454545454547,over,20000
player_reception_yds,Ameer Abdullah,ameer abdullah,RB,18.5,-110.0,-110,2024,17,37.5,-2.0,True,False,RB,21.73,JAC,<20,432,17.046296296296298,19.125546894078457,365.78654399759415,3.2300000000000004,0.56365,0.43635,0.0,-129.17382834880254,129.17382834880254,1.9090909090909092,1.9090909090909092,0.07605909090909091,-0.16696818181818174,7.6059090909090905,-16.696818181818173,over,0.56365,0.07605909090909091,7.6059090909090905,over,20000
player_reception_yds,Romeo Doubs,romeo doubs,WR,39.5,-110.0,-110,2024,12,44.5,-6.5,True,False,WR,45.08,NE,30-40,222,39.810810810810814,35.42174131599695,1254.699757857405,5.579999999999998,0.56355,0.43645,0.0,-129.12131973880167,129.12131973880167,1.9090909090909092,1.9090909090909092,0.07586818181818189,-0.16677727272727266,7.586818181818189,-16.677727272727267,over,0.56355,0.07586818181818189,7.586818181818189,over,20000
player_reception_yds,Xavier Legette,xavier legette,WR,32.5,-110.0,-110,2024,17,47.5,9.5,False,True,WR,38.18,CAR,30-40,222,39.810810810810814,35.42174131599695,1254.699757857405,5.68,0.56355,0.43645,0.0,-129.12131973880167,129.12131973880167,1.9090909090909092,1.9090909090909092,0.07586818181818189,-0.16677727272727266,7.586818181818189,-16.677727272727267,over,0.56355,0.07586818181818189,7.586818181818189,over,20000
player_reception_yds,Kyle Pitts,kyle pitts,TE,46.5,-110.0,-110,2024,9,52.0,-3.0,True,False,TE,51.16,ATL,40-50,77,42.8051948051948,30.604649640714655,936.6445796308957,4.659999999999997,0.5635,0.4365,0.0,-129.0950744558992,129.0950744558992,1.9090909090909092,1.9090909090909092,0.07577272727272732,-0.16668181818181815,7.5772727272727325,-16.668181818181814,over,0.5635,0.07577272727272732,7.5772727272727325,over,20000
player_reception_yds,Juwan Johnson,juwan johnson,,22.5,-110.0,-110,2024,3,49.0,,False,False,TE,27.0,NO,20-30,155,32.535483870967745,27.73479503577737,769.218855676581,4.5,0.56345,0.43655,0.0,-129.0688351849731,129.0688351849731,1.9090909090909092,1.9090909090909092,0.07567727272727276,-0.1665863636363636,7.567727272727276,-16.658636363636358,over,0.56345,0.07567727272727276,7.567727272727276,over,20000
player_reception_yds,Tyreek Hill,tyreek hill,WR,81.5,-110.0,-110,2024,8,46.5,-4.0,True,False,WR,88.27,FA,60+,244,72.20491803278688,43.97076702840401,1933.4283530661814,6.769999999999996,0.56325,0.43675,0.0,-128.96393817973672,128.9639381797367,1.9090909090909092,1.9090909090909092,0.07529545454545461,-0.16620454545454544,7.529545454545461,-16.620454545454542,over,0.56325,0.07529545454545461,7.529545454545461,over,20000
player_reception_yds,George Kittle,george kittle,TE,61.5,-110.0,-110,2024,10,50.5,-6.5,True,False,TE,66.78,SF,60+,20,68.4,33.57799988255154,1127.4820761126311,5.280000000000001,0.56315,0.43685,0.0,-128.91152569531877,128.91152569531877,1.9090909090909092,1.9090909090909092,0.07510454545454559,-0.16601363636363636,7.510454545454559,-16.601363636363637,over,0.56315,0.07510454545454559,7.510454545454559,over,20000
player_reception_yds,Jonnu Smith,jonnu smith,TE,51.5,-110.0,-110,2024,16,44.0,2.0,False,True,TE,57.13,FA,50-60,28,62.82142857142857,33.57799988255154,1127.4820761126311,5.630000000000003,0.5631,0.4369,0.0,-128.88532845044634,128.8853284504463,1.9090909090909092,1.9090909090909092,0.07500909090909103,-0.1659181818181817,7.5009090909091025,-16.59181818181817,over,0.5631,0.07500909090909103,7.5009090909091025,over,20000
player_reception_yds,Jaylen Waddle,jaylen waddle,WR,64.5,-110.0,-110,2024,1,49.5,-3.5,True,False,WR,71.58,DEN,60+,244,72.20491803278688,43.97076702840401,1933.4283530661814,7.079999999999998,0.563,0.437,0.0,-128.83295194508005,128.83295194508008,1.9090909090909092,1.9090909090909092,0.07481818181818178,-0.1657272727272726,7.481818181818179,-16.57272727272726,over,0.563,0.07481818181818178,7.481818181818179,over,20000
player_reception_yds,Isaiah Likely,isaiah likely,TE,22.5,-110.0,-110,2024,13,50.0,-3.0,True,False,TE,27.42,NYG,20-30,155,32.535483870967745,27.73479503577737,769.218855676581,4.920000000000002,0.56295,0.43705,0.0,-128.8067726804713,128.80677268047137,1.9090909090909092,1.9090909090909092,0.07472272727272722,-0.1656318181818182,7.472272727272722,-16.56318181818182,over,0.56295,0.07472272727272722,7.472272727272722,over,20000
player_reception_yds,Puka Nacua,puka nacua,WR,68.5,-110.0,-110,2024,11,42.5,-4.0,True,False,WR,75.39,LAR,60+,244,72.20491803278688,43.97076702840401,1933.4283530661814,6.890000000000001,0.56295,0.43705,0.0,-128.8067726804713,128.80677268047137,1.9090909090909092,1.9090909090909092,0.07472272727272722,-0.1656318181818182,7.472272727272722,-16.56318181818182,over,0.56295,0.07472272727272722,7.472272727272722,over,20000
player_reception_yds,Brandon Aiyuk,brandon aiyuk,WR,58.5,-110.0,-110,2024,5,48.5,-7.0,True,False,WR,65.51,SF,50-60,175,60.77142857142857,45.23883799407526,2046.5524630541875,7.010000000000005,0.56295,0.43705,0.0,-128.8067726804713,128.80677268047137,1.9090909090909092,1.9090909090909092,0.07472272727272722,-0.1656318181818182,7.472272727272722,-16.56318181818182,over,0.56295,0.07472272727272722,7.472272727272722,over,20000
player_reception_yds,Xavier Legette,xavier legette,WR,35.5,-110.0,-110,2024,14,44.5,14.0,False,True,WR,40.6,CAR,30-40,222,39.810810810810814,35.42174131599695,1254.699757857405,5.100000000000001,0.56285,0.43715,0.0,-128.75443211712226,128.7544321171223,1.9090909090909092,1.9090909090909092,0.0745318181818182,-0.16544090909090914,7.45318181818182,-16.544090909090915,over,0.56285,0.0745318181818182,7.45318181818182,over,20000
player_reception_yds,DeAndre Hopkins,deandre hopkins,WR,39.5,-110.0,-110,2024,16,42.5,-3.5,True,False,WR,45.09,BAL,30-40,222,39.810810810810814,35.42174131599695,1254.699757857405,5.590000000000003,0.5627,0.4373,0.0,-128.67596615595698,128.67596615595698,1.9090909090909092,1.9090909090909092,0.0742454545454545,-0.1651545454545454,7.42454545454545,-16.51545454545454,over,0.5627,0.0742454545454545,7.42454545454545,over,20000
player_reception_yds,Drake London,drake london,WR,61.5,-110.0,-110,2024,11,44.5,2.0,False,True,WR,68.24,ATL,60+,244,72.20491803278688,43.97076702840401,1933.4283530661814,6.739999999999995,0.5625,0.4375,0.0,-128.57142857142858,128.57142857142858,1.9090909090909092,1.9090909090909092,0.07386363636363646,-0.16477272727272724,7.3863636363636465,-16.477272727272723,over,0.5625,0.07386363636363646,7.3863636363636465,over,20000
player_reception_yds,DK Metcalf,dk metcalf,WR,66.5,-110.0,-110,2024,5,42.5,-7.0,True,False,WR,73.54,PIT,60+,244,72.20491803278688,43.97076702840401,1933.4283530661814,7.040000000000006,0.56245,0.43755,0.0,-128.54530910753056,128.54530910753056,1.9090909090909092,1.9090909090909092,0.0737681818181819,-0.16467727272727273,7.37681818181819,-16.467727272727274,over,0.56245,0.0737681818181819,7.37681818181819,over,20000
player_reception_yds,Wan'Dale Robinson,wandale robinson,WR,36.5,-110.0,-110,2024,16,42.5,9.5,False,True,WR,41.55,TEN,30-40,222,39.810810810810814,35.42174131599695,1254.699757857405,5.049999999999997,0.5623,0.4377,0.0,-128.46698652044782,128.46698652044782,1.9090909090909092,1.9090909090909092,0.07348181818181831,-0.1643909090909091,7.348181818181832,-16.439090909090908,over,0.5623,0.07348181818181831,7.348181818181832,over,20000
player_reception_yds,Calvin Austin III,calvin austin,WR,29.5,-110.0,-110,2024,17,43.5,3.0,False,True,WR,34.73,NYG,20-30,224,33.88392857142857,33.6177959681703,1130.1562057575272,5.229999999999997,0.56225,0.43775,0.0,-128.44089091947458,128.44089091947458,1.9090909090909092,1.9090909090909092,0.07338636363636375,-0.16429545454545458,7.338636363636375,-16.42954545454546,over,0.56225,0.07338636363636375,7.338636363636375,over,20000
player_reception_yds,Malik Nabers,malik nabers,WR,61.5,-110.0,-110,2024,1,42.5,1.0,False,True,WR,68.37,NYG,60+,244,72.20491803278688,43.97076702840401,1933.4283530661814,6.8700000000000045,0.56225,0.43775,0.0,-128.44089091947458,128.44089091947458,1.9090909090909092,1.9090909090909092,0.07338636363636375,-0.16429545454545458,7.338636363636375,-16.42954545454546,over,0.56225,0.07338636363636375,7.338636363636375,over,20000
player_reception_yds,Calvin Ridley,calvin ridley,WR,51.5,-110.0,-110,2024,1,43.0,4.0,False,True,WR,58.61,TEN,50-60,175,60.77142857142857,45.23883799407526,2046.5524630541875,7.109999999999999,0.56225,0.43775,0.0,-128.44089091947458,128.44089091947458,1.9090909090909092,1.9090909090909092,0.07338636363636375,-0.16429545454545458,7.338636363636375,-16.42954545454546,over,0.56225,0.07338636363636375,7.338636363636375,over,20000
player_reception_yds,Jonnu Smith,jonnu smith,TE,48.5,-110.0,-110,2024,13,47.5,3.5,False,True,TE,53.26,FA,40-50,77,42.8051948051948,30.604649640714655,936.6445796308957,4.759999999999998,0.5622,0.4378,0.0,-128.4148012791229,128.41480127912288,1.9090909090909092,1.9090909090909092,0.07329090909090918,-0.16419999999999996,7.329090909090919,-16.419999999999995,over,0.5622,0.07329090909090918,7.329090909090919,over,20000
player_reception_yds,Davante Adams,davante adams,WR,70.5,-110.0,-110,2024,16,47.0,3.0,False,True,WR,77.07,LAR,60+,244,72.20491803278688,43.97076702840401,1933.4283530661814,6.569999999999993,0.5622,0.4378,0.0,-128.4148012791229,128.41480127912288,1.9090909090909092,1.9090909090909092,0.07329090909090918,-0.16419999999999996,7.329090909090919,-16.419999999999995,over,0.5622,0.07329090909090918,7.329090909090919,over,20000
player_reception_yds,Travis Kelce,travis kelce,TE,57.5,-110.0,-110,2024,12,43.0,-11.0,True,False,TE,62.69,KC,50-60,28,62.82142857142857,33.57799988255154,1127.4820761126311,5.189999999999998,0.56215,0.43785,0.0,-128.3887175973507,128.38871759735065,1.9090909090909092,1.9090909090909092,0.07319545454545462,-0.16410454545454534,7.319545454545462,-16.410454545454535,over,0.56215,0.07319545454545462,7.319545454545462,over,20000
player_reception_yds,Allen Lazard,allen lazard,WR,22.5,-110.0,-110,2024,16,47.0,3.0,False,True,WR,27.96,FA,20-30,224,33.88392857142857,33.6177959681703,1130.1562057575272,5.460000000000001,0.5621,0.4379,0.0,-128.36263987211694,128.36263987211694,1.9090909090909092,1.9090909090909092,0.07310000000000016,-0.16400909090909088,7.3100000000000165,-16.40090909090909,over,0.5621,0.07310000000000016,7.3100000000000165,over,20000
player_reception_yds,Dalton Kincaid,dalton kincaid,TE,39.5,-110.0,-110,2024,4,46.5,2.5,False,True,TE,45.47,BUF,30-40,83,44.18072289156626,36.40127601114409,1325.0528952394943,5.969999999999999,0.562,0.438,0.0,-128.31050228310505,128.31050228310502,1.9090909090909092,1.9090909090909092,0.07290909090909103,-0.16381818181818186,7.290909090909103,-16.381818181818186,over,0.562,0.07290909090909103,7.290909090909103,over,20000
player_reception_yds,Travis Kelce,travis kelce,TE,55.5,-110.0,-110,2024,14,43.5,-5.0,True,False,TE,60.29,KC,50-60,28,62.82142857142857,33.57799988255154,1127.4820761126311,4.789999999999999,0.56195,0.43805,0.0,-128.28444241524937,128.28444241524937,1.9090909090909092,1.9090909090909092,0.07281363636363636,-0.1637227272727272,7.281363636363636,-16.37227272727272,over,0.56195,0.07281363636363636,7.281363636363636,over,20000
player_reception_yds,Brandin Cooks,brandin cooks,WR,36.5,-110.0,-110,2024,1,42.0,2.5,False,True,WR,41.7,FA,30-40,222,39.810810810810814,35.42174131599695,1254.699757857405,5.200000000000003,0.56195,0.43805,0.0,-128.28444241524937,128.28444241524937,1.9090909090909092,1.9090909090909092,0.07281363636363636,-0.1637227272727272,7.281363636363636,-16.37227272727272,over,0.56195,0.07281363636363636,7.281363636363636,over,20000
player_reception_yds,Noah Brown,noah brown,WR,36.5,-110.0,-110,2024,12,45.0,-10.5,True,False,WR,42.05,FA,30-40,222,39.810810810810814,35.42174131599695,1254.699757857405,5.549999999999997,0.5619,0.4381,0.0,-128.2583884957772,128.25838849577724,1.9090909090909092,1.9090909090909092,0.07271818181818179,-0.1636272727272728,7.27181818181818,-16.36272727272728,over,0.5619,0.07271818181818179,7.27181818181818,over,20000
player_reception_yds,Jerry Jeudy,jerry jeudy,WR,40.5,-110.0,-110,2024,2,41.5,3.0,False,True,WR,46.23,CLE,40-50,197,52.34517766497462,39.519382558680384,1561.7815978193314,5.729999999999997,0.5619,0.4381,0.0,-128.2583884957772,128.25838849577724,1.9090909090909092,1.9090909090909092,0.07271818181818179,-0.1636272727272728,7.27181818181818,-16.36272727272728,over,0.5619,0.07271818181818179,7.27181818181818,over,20000
player_reception_yds,Mike Gesicki,mike gesicki,TE,24.5,-110.0,-110,2024,2,47.5,6.5,False,True,TE,29.05,CIN,20-30,155,32.535483870967745,27.73479503577737,769.218855676581,4.550000000000001,0.5618,0.4382,0.0,-128.20629849383843,128.20629849383846,1.9090909090909092,1.9090909090909092,0.07252727272727266,-0.1634363636363637,7.252727272727267,-16.34363636363637,over,0.5618,0.07252727272727266,7.252727272727267,over,20000
player_reception_yds,Mike Williams,mike williams,WR,28.5,-110.0,-110,2024,4,39.5,-7.5,True,False,WR,33.96,FA,20-30,224,33.88392857142857,33.6177959681703,1130.1562057575272,5.460000000000001,0.56175,0.43825,0.0,-128.18026240730174,128.18026240730177,1.9090909090909092,1.9090909090909092,0.07243181818181821,-0.16334090909090904,7.243181818181821,-16.334090909090904,over,0.56175,0.07243181818181821,7.243181818181821,over,20000
player_reception_yds,Austin Hooper,austin hooper,TE,23.5,-110.0,-110,2024,16,48.0,14.0,False,True,TE,27.74,ATL,20-30,155,32.535483870967745,27.73479503577737,769.218855676581,4.239999999999998,0.5617,0.4383,0.0,-128.15423226100842,128.15423226100842,1.9090909090909092,1.9090909090909092,0.07233636363636364,-0.16324545454545447,7.233636363636364,-16.324545454545447,over,0.5617,0.07233636363636364,7.233636363636364,over,20000
player_reception_yds,Hunter Henry,hunter henry,TE,40.5,-110.0,-110,2024,11,42.5,4.0,False,True,TE,45.27,NE,40-50,77,42.8051948051948,30.604649640714655,936.6445796308957,4.770000000000003,0.5617,0.4383,0.0,-128.15423226100842,128.15423226100842,1.9090909090909092,1.9090909090909092,0.07233636363636364,-0.16324545454545447,7.233636363636364,-16.324545454545447,over,0.5617,0.07233636363636364,7.233636363636364,over,20000
player_reception_yds,George Pickens,george pickens,WR,65.5,-110.0,-110,2024,10,45.0,1.5,False,True,WR,72.9,DAL,60+,244,72.20491803278688,43.97076702840401,1933.4283530661814,7.400000000000006,0.5617,0.4383,0.0,-128.15423226100842,128.15423226100842,1.9090909090909092,1.9090909090909092,0.07233636363636364,-0.16324545454545447,7.233636363636364,-16.324545454545447,over,0.5617,0.07233636363636364,7.233636363636364,over,20000
player_reception_yds,Zach Ertz,zach ertz,TE,28.5,-110.0,-110,2024,8,46.5,-1.5,True,False,TE,32.8,FA,20-30,155,32.535483870967745,27.73479503577737,769.218855676581,4.299999999999997,0.56155,0.43845,0.0,-128.07617744326606,128.07617744326606,1.9090909090909092,1.9090909090909092,0.07205000000000006,-0.1629590909090909,7.205000000000005,-16.29590909090909,over,0.56155,0.07205000000000006,7.205000000000005,over,20000
player_reception_yds,Chuba Hubbard,chuba hubbard,RB,16.5,-110.0,-110,2024,4,47.0,4.5,False,True,RB,19.12,CAR,<20,432,17.046296296296298,19.125546894078457,365.78654399759415,2.620000000000001,0.56155,0.43845,0.0,-128.07617744326606,128.07617744326606,1.9090909090909092,1.9090909090909092,0.07205000000000006,-0.1629590909090909,7.205000000000005,-16.29590909090909,over,0.56155,0.07205000000000006,7.205000000000005,over,20000
player_reception_yds,D'Andre Swift,dandre swift,RB,18.5,-110.0,-110,2024,6,44.5,1.5,False,True,RB,21.62,CHI,<20,432,17.046296296296298,19.125546894078457,365.78654399759415,3.120000000000001,0.5615,0.4385,0.0,-128.05017103762827,128.05017103762827,1.9090909090909092,1.9090909090909092,0.0719545454545455,-0.16286363636363632,7.195454545454549,-16.28636363636363,over,0.5615,0.0719545454545455,7.195454545454549,over,20000
player_reception_yds,Courtland Sutton,courtland sutton,WR,48.5,-110.0,-110,2024,1,42.0,6.5,False,True,WR,54.15,DEN,40-50,197,52.34517766497462,39.519382558680384,1561.7815978193314,5.649999999999999,0.56135,0.43865,0.0,-127.97218739313806,127.97218739313806,1.9090909090909092,1.9090909090909092,0.07166818181818191,-0.16257727272727274,7.166818181818191,-16.257727272727273,over,0.56135,0.07166818181818191,7.166818181818191,over,20000
player_reception_yds,Rashee Rice,rashee rice,,75.5,-110.0,-110,2024,4,41.5,,False,False,WR,81.86,KC,60+,244,72.20491803278688,43.97076702840401,1933.4283530661814,6.359999999999999,0.56135,0.43865,0.0,-127.97218739313806,127.97218739313806,1.9090909090909092,1.9090909090909092,0.07166818181818191,-0.16257727272727274,7.166818181818191,-16.257727272727273,over,0.56135,0.07166818181818191,7.166818181818191,over,20000
player_reception_yds,Cade Otton,cade otton,TE,27.5,-110.0,-110,2024,2,51.5,7.5,False,True,TE,32.11,TB,20-30,155,32.535483870967745,27.73479503577737,769.218855676581,4.609999999999999,0.5613,0.4387,0.0,-127.94620469569183,127.94620469569183,1.9090909090909092,1.9090909090909092,0.07157272727272734,-0.16248181818181817,7.157272727272734,-16.248181818181816,over,0.5613,0.07157272727272734,7.157272727272734,over,20000
player_reception_yds,Marquez Valdes-Scantling,marquez valdes-scantling,WR,33.5,-110.0,-110,2024,17,37.5,2.0,False,True,WR,38.85,DAL,30-40,222,39.810810810810814,35.42174131599695,1254.699757857405,5.350000000000001,0.5613,0.4387,0.0,-127.94620469569183,127.94620469569183,1.9090909090909092,1.9090909090909092,0.07157272727272734,-0.16248181818181817,7.157272727272734,-16.248181818181816,over,0.5613,0.07157272727272734,7.157272727272734,over,20000
player_reception_yds,DJ Moore,dj moore,WR,56.5,-110.0,-110,2024,15,43.5,7.0,False,True,WR,63.61,BUF,50-60,175,60.77142857142857,45.23883799407526,2046.5524630541875,7.109999999999999,0.5612,0.4388,0.0,-127.89425706472198,127.89425706472194,1.9090909090909092,1.9090909090909092,0.07138181818181832,-0.16229090909090893,7.138181818181833,-16.229090909090893,over,0.5612,0.07138181818181832,7.138181818181833,over,20000
player_reception_yds,Kalif Raymond,kalif raymond,WR,19.5,-110.0,-110,2024,1,54.0,-5.0,True,False,WR,23.36,CHI,<20,194,20.84536082474227,23.784379500884214,565.6967082420812,3.8599999999999994,0.56105,0.43895,0.0,-127.81637999772185,127.81637999772184,1.9090909090909092,1.9090909090909092,0.07109545454545463,-0.16200454545454546,7.109545454545463,-16.200454545454544,over,0.56105,0.07109545454545463,7.109545454545463,over,20000
player_reception_yds,Tim Patrick,tim patrick,WR,31.5,-110.0,-110,2024,8,45.0,-12.5,True,False,WR,36.53,NYJ,30-40,222,39.810810810810814,35.42174131599695,1254.699757857405,5.030000000000001,0.561,0.439,0.0,-127.79043280182236,127.7904328018223,1.9090909090909092,1.9090909090909092,0.07100000000000017,-0.16190909090909084,7.100000000000017,-16.190909090909084,over,0.561,0.07100000000000017,7.100000000000017,over,20000
player_reception_yds,Mark Andrews,mark andrews,TE,33.5,-110.0,-110,2024,4,46.5,-2.5,True,False,TE,39.31,BAL,30-40,83,44.18072289156626,36.40127601114409,1325.0528952394943,5.810000000000002,0.56095,0.43905,0.0,-127.76449151577266,127.7644915157727,1.9090909090909092,1.9090909090909092,0.07090454545454539,-0.16181363636363638,7.090454545454539,-16.18136363636364,over,0.56095,0.07090454545454539,7.090454545454539,over,20000
player_reception_yds,Javonte Williams,javonte williams,RB,17.5,-110.0,-110,2024,6,37.0,3.0,False,True,RB,20.41,DAL,<20,432,17.046296296296298,19.125546894078457,365.78654399759415,2.91,0.56095,0.43905,0.0,-127.76449151577266,127.7644915157727,1.9090909090909092,1.9090909090909092,0.07090454545454539,-0.16181363636363638,7.090454545454539,-16.18136363636364,over,0.56095,0.07090454545454539,7.090454545454539,over,20000
player_reception_yds,Ladd McConkey,ladd mcconkey,WR,46.5,-110.0,-110,2024,6,37.0,-3.0,True,False,WR,52.25,LAC,40-50,197,52.34517766497462,39.519382558680384,1561.7815978193314,5.75,0.5609,0.4391,0.0,-127.73855613755407,127.73855613755408,1.9090909090909092,1.9090909090909092,0.07080909090909082,-0.16171818181818176,7.080909090909082,-16.171818181818175,over,0.5609,0.07080909090909082,7.080909090909082,over,20000
player_reception_yds,Drake London,drake london,WR,64.5,-110.0,-110,2024,15,44.5,-6.5,True,False,WR,70.78,ATL,60+,244,72.20491803278688,43.97076702840401,1933.4283530661814,6.280000000000001,0.5609,0.4391,0.0,-127.73855613755407,127.73855613755408,1.9090909090909092,1.9090909090909092,0.07080909090909082,-0.16171818181818176,7.080909090909082,-16.171818181818175,over,0.5609,0.07080909090909082,7.080909090909082,over,20000
player_reception_yds,Deebo Samuel,deebo samuel,WR,59.5,-110.0,-110,2024,10,50.5,-6.5,True,False,WR,65.66,FA,50-60,175,60.77142857142857,45.23883799407526,2046.5524630541875,6.159999999999997,0.56085,0.43915,0.0,-127.71262666514856,127.7126266651486,1.9090909090909092,1.9090909090909092,0.07071363636363637,-0.1616227272727273,7.071363636363637,-16.16227272727273,over,0.56085,0.07071363636363637,7.071363636363637,over,20000
player_reception_yds,Keon Coleman,keon coleman,WR,21.5,-110.0,-110,2024,7,41.0,-9.5,True,False,WR,26.48,BUF,20-30,224,33.88392857142857,33.6177959681703,1130.1562057575272,4.98,0.5606,0.4394,0.0,-127.5830678197542,127.5830678197542,1.9090909090909092,1.9090909090909092,0.07023636363636365,-0.16114545454545448,7.023636363636365,-16.11454545454545,over,0.5606,0.07023636363636365,7.023636363636365,over,20000
player_reception_yds,Joe Mixon,joe mixon,RB,18.5,-110.0,-110,2024,11,41.5,-7.5,True,False,RB,21.74,FA,<20,432,17.046296296296298,19.125546894078457,365.78654399759415,3.2399999999999984,0.56055,0.43945,0.0,-127.55717373990215,127.55717373990215,1.9090909090909092,1.9090909090909092,0.07014090909090909,-0.16104999999999997,7.014090909090909,-16.104999999999997,over,0.56055,0.07014090909090909,7.014090909090909,over,20000
player_reception_yds,Ja'Marr Chase,jamarr chase,WR,76.5,-110.0,-110,2024,6,46.0,-4.5,True,False,WR,83.3,CIN,60+,244,72.20491803278688,43.97076702840401,1933.4283530661814,6.799999999999997,0.5605,0.4395,0.0,-127.53128555176336,127.53128555176336,1.9090909090909092,1.9090909090909092,0.07004545454545463,-0.1609545454545454,7.004545454545463,-16.09545454545454,over,0.5605,0.07004545454545463,7.004545454545463,over,20000
player_reception_yds,Cole Kmet,cole kmet,TE,25.5,-110.0,-110,2024,11,41.0,6.0,False,True,TE,29.97,CHI,20-30,155,32.535483870967745,27.73479503577737,769.218855676581,4.469999999999999,0.5605,0.4395,0.0,-127.53128555176336,127.53128555176336,1.9090909090909092,1.9090909090909092,0.07004545454545463,-0.1609545454545454,7.004545454545463,-16.09545454545454,over,0.5605,0.07004545454545463,7.004545454545463,over,20000
player_reception_yds,Rashod Bateman,rashod bateman,WR,37.5,-110.0,-110,2024,12,51.0,-3.0,True,False,WR,42.91,BAL,30-40,222,39.810810810810814,35.42174131599695,1254.699757857405,5.409999999999997,0.5604,0.4396,0.0,-127.47952684258416,127.47952684258416,1.9090909090909092,1.9090909090909092,0.0698545454545455,-0.16076363636363633,6.98545454545455,-16.076363636363634,over,0.5604,0.0698545454545455,6.98545454545455,over,20000
player_reception_yds,Elijah Moore,elijah moore,WR,38.5,-110.0,-110,2024,11,44.0,-1.0,True,False,WR,44.05,PHI,30-40,222,39.810810810810814,35.42174131599695,1254.699757857405,5.549999999999997,0.56035,0.43965,0.0,-127.45365631752531,127.45365631752531,1.9090909090909092,1.9090909090909092,0.06975909090909094,-0.16066818181818182,6.975909090909093,-16.06681818181818,over,0.56035,0.06975909090909094,6.975909090909093,over,20000
player_reception_yds,Tony Pollard,tony pollard,RB,17.5,-110.0,-110,2024,14,40.0,-3.0,True,False,RB,20.38,TEN,<20,432,17.046296296296298,19.125546894078457,365.78654399759415,2.879999999999999,0.5603,0.4397,0.0,-127.42779167614283,127.42779167614283,1.9090909090909092,1.9090909090909092,0.06966363636363648,-0.16057272727272726,6.966363636363648,-16.057272727272725,over,0.5603,0.06966363636363648,6.966363636363648,over,20000
player_reception_yds,Kevin Austin,kevin austin,WR,22.5,-110.0,-110,2024,17,37.5,2.0,False,True,WR,17.48,NO,20-30,224,33.88392857142857,33.6177959681703,1130.1562057575272,-5.02,0.43975,0.56025,0.0,127.40193291642981,-127.40193291642981,1.9090909090909092,1.9090909090909092,-0.16047727272727275,0.06956818181818192,-16.047727272727276,6.956818181818192,under,0.56025,0.06956818181818192,6.956818181818192,under,20000
player_reception_yds,Josh Downs,josh downs,WR,37.5,-110.0,-110,2024,8,45.0,5.0,False,True,WR,42.92,IND,30-40,222,39.810810810810814,35.42174131599695,1254.699757857405,5.420000000000002,0.56025,0.43975,0.0,-127.40193291642981,127.40193291642981,1.9090909090909092,1.9090909090909092,0.06956818181818192,-0.16047727272727275,6.956818181818192,-16.047727272727276,over,0.56025,0.06956818181818192,6.956818181818192,over,20000
player_reception_yds,Marvin Harrison Jr.,marvin harrison,WR,53.5,-110.0,-110,2024,7,44.0,1.0,False,True,WR,59.89,ARI,50-60,175,60.77142857142857,45.23883799407526,2046.5524630541875,6.390000000000001,0.5602,0.4398,0.0,-127.37608003638019,127.37608003638017,1.9090909090909092,1.9090909090909092,0.06947272727272735,-0.16038181818181818,6.947272727272735,-16.03818181818182,over,0.5602,0.06947272727272735,6.947272727272735,over,20000
player_reception_yds,Tyler Conklin,tyler conklin,TE,28.5,-110.0,-110,2024,5,42.0,2.5,False,True,TE,32.52,DET,20-30,155,32.535483870967745,27.73479503577737,769.218855676581,4.020000000000003,0.5602,0.4398,0.0,-127.37608003638019,127.37608003638017,1.9090909090909092,1.9090909090909092,0.06947272727272735,-0.16038181818181818,6.947272727272735,-16.03818181818182,over,0.5602,0.06947272727272735,6.947272727272735,over,20000
player_reception_yds,Josh Downs,josh downs,WR,45.5,-110.0,-110,2024,15,43.5,4.5,False,True,WR,51.43,IND,40-50,197,52.34517766497462,39.519382558680384,1561.7815978193314,5.93,0.5602,0.4398,0.0,-127.37608003638019,127.37608003638017,1.9090909090909092,1.9090909090909092,0.06947272727272735,-0.16038181818181818,6.947272727272735,-16.03818181818182,over,0.5602,0.06947272727272735,6.947272727272735,over,20000
player_reception_yds,Jaylen Waddle,jaylen waddle,WR,40.5,-110.0,-110,2024,12,46.0,-7.5,True,False,WR,46.12,DEN,40-50,197,52.34517766497462,39.519382558680384,1561.7815978193314,5.619999999999997,0.56015,0.43985,0.0,-127.35023303398887,127.35023303398884,1.9090909090909092,1.9090909090909092,0.06937727272727279,-0.1602863636363635,6.937727272727279,-16.028636363636352,over,0.56015,0.06937727272727279,6.937727272727279,over,20000
player_reception_yds,DeMario Douglas,demario douglas,WR,40.5,-110.0,-110,2024,12,46.0,7.5,False,True,WR,46.15,NE,40-50,197,52.34517766497462,39.519382558680384,1561.7815978193314,5.649999999999999,0.56015,0.43985,0.0,-127.35023303398887,127.35023303398884,1.9090909090909092,1.9090909090909092,0.06937727272727279,-0.1602863636363635,6.937727272727279,-16.028636363636352,over,0.56015,0.06937727272727279,6.937727272727279,over,20000
player_reception_yds,Justin Jefferson,justin jefferson,WR,75.5,-110.0,-110,2024,5,42.0,-2.5,True,False,WR,81.87,MIN,60+,244,72.20491803278688,43.97076702840401,1933.4283530661814,6.3700000000000045,0.56005,0.43995,0.0,-127.29855665416527,127.29855665416524,1.9090909090909092,1.9090909090909092,0.06918636363636377,-0.16009545454545443,6.918636363636377,-16.009545454545442,over,0.56005,0.06918636363636377,6.918636363636377,over,20000
player_reception_yds,Cole Kmet,cole kmet,TE,24.5,-110.0,-110,2024,15,43.5,7.0,False,True,TE,28.61,CHI,20-30,155,32.535483870967745,27.73479503577737,769.218855676581,4.109999999999999,0.56005,0.43995,0.0,-127.29855665416527,127.29855665416524,1.9090909090909092,1.9090909090909092,0.06918636363636377,-0.16009545454545443,6.918636363636377,-16.009545454545442,over,0.56005,0.06918636363636377,6.918636363636377,over,20000
player_reception_yds,Tim Patrick,tim patrick,,17.5,-110.0,-110,2024,10,49.0,,False,False,WR,21.13,NYJ,<20,194,20.84536082474227,23.784379500884214,565.6967082420812,3.629999999999999,0.5599,0.4401,0.0,-127.22108611679161,127.22108611679167,1.9090909090909092,1.9090909090909092,0.06889999999999996,-0.15980909090909096,6.889999999999996,-15.980909090909096,over,0.5599,0.06889999999999996,6.889999999999996,over,20000
player_reception_yds,Sam LaPorta,sam laporta,TE,35.5,-110.0,-110,2024,12,50.5,-7.0,True,False,TE,40.77,DET,30-40,83,44.18072289156626,36.40127601114409,1325.0528952394943,5.270000000000003,0.5598,0.4402,0.0,-127.16946842344387,127.1694684234439,1.9090909090909092,1.9090909090909092,0.06870909090909083,-0.15961818181818188,6.870909090909083,-15.961818181818188,over,0.5598,0.06870909090909083,6.870909090909083,over,20000
player_reception_yds,Amon-Ra St. Brown,amon-ra st brown,WR,71.5,-110.0,-110,2024,8,45.0,-12.5,True,False,WR,78.34,DET,60+,244,72.20491803278688,43.97076702840401,1933.4283530661814,6.840000000000003,0.5597,0.4403,0.0,-127.1178741766977,127.1178741766977,1.9090909090909092,1.9090909090909092,0.06851818181818181,-0.15942727272727264,6.851818181818182,-15.942727272727264,over,0.5597,0.06851818181818181,6.851818181818182,over,20000
player_reception_yds,Austin Ekeler,austin ekeler,RB,19.5,-110.0,-110,2024,8,46.5,-1.5,True,False,RB,22.32,FA,<20,432,17.046296296296298,19.125546894078457,365.78654399759415,2.8200000000000003,0.55965,0.44035,0.0,-127.09208584080844,127.09208584080844,1.9090909090909092,1.9090909090909092,0.06842272727272725,-0.15933181818181813,6.842272727272725,-15.933181818181813,over,0.55965,0.06842272727272725,6.842272727272725,over,20000
player_reception_yds,Josh Jacobs,josh jacobs,RB,16.5,-105.0,-115,2024,12,44.5,-6.5,True,False,RB,18.8,GB,<20,432,17.046296296296298,19.125546894078457,365.78654399759415,2.3000000000000007,0.54715,0.45285,0.0,-120.82367229767033,120.82367229767033,1.9523809523809523,1.8695652173913042,0.06824523809523808,-0.15336739130434796,6.824523809523808,-15.336739130434795,over,0.54715,0.06824523809523808,6.824523809523808,over,20000
player_reception_yds,De'Von Achane,devon achane,RB,20.5,-110.0,-110,2024,5,37.0,-2.0,True,False,RB,24.15,MIA,20-30,101,28.26732673267327,24.221026388386825,586.658119306931,3.6499999999999986,0.5595,0.4405,0.0,-127.01475595913735,127.01475595913735,1.9090909090909092,1.9090909090909092,0.06813636363636366,-0.1590454545454545,6.813636363636366,-15.904545454545449,over,0.5595,0.06813636363636366,6.813636363636366,over,20000
player_reception_yds,Davante Adams,davante adams,WR,65.5,-110.0,-110,2024,15,41.5,-3.5,True,False,WR,71.72,LAR,60+,244,72.20491803278688,43.97076702840401,1933.4283530661814,6.219999999999999,0.55945,0.44055,0.0,-126.98899103393485,126.98899103393485,1.9090909090909092,1.9090909090909092,0.0680409090909091,-0.15894999999999998,6.80409090909091,-15.894999999999998,over,0.55945,0.0680409090909091,6.80409090909091,over,20000
player_reception_yds,Ray-Ray McCloud III,ray-ray mccloud,WR,30.5,-110.0,-110,2024,16,42.5,-9.5,True,False,WR,36.17,FA,30-40,222,39.810810810810814,35.42174131599695,1254.699757857405,5.670000000000002,0.55945,0.44055,0.0,-126.98899103393485,126.98899103393485,1.9090909090909092,1.9090909090909092,0.0680409090909091,-0.15894999999999998,6.80409090909091,-15.894999999999998,over,0.55945,0.0680409090909091,6.80409090909091,over,20000
player_reception_yds,Jerry Jeudy,jerry jeudy,WR,44.5,-110.0,-110,2024,5,44.0,3.0,False,True,WR,49.82,CLE,40-50,197,52.34517766497462,39.519382558680384,1561.7815978193314,5.32,0.55935,0.44065,0.0,-126.93747872461138,126.93747872461138,1.9090909090909092,1.9090909090909092,0.06785000000000008,-0.1587590909090909,6.785000000000007,-15.87590909090909,over,0.55935,0.06785000000000008,6.785000000000007,over,20000
player_reception_yds,Tucker Kraft,tucker kraft,TE,34.5,-110.0,-110,2024,11,41.0,-6.0,True,False,TE,39.98,GB,30-40,83,44.18072289156626,36.40127601114409,1325.0528952394943,5.479999999999997,0.5593,0.4407,0.0,-126.9117313365101,126.9117313365101,1.9090909090909092,1.9090909090909092,0.06775454545454551,-0.15866363636363634,6.775454545454551,-15.866363636363634,over,0.5593,0.06775454545454551,6.775454545454551,over,20000
player_reception_yds,Stefon Diggs,stefon diggs,WR,58.5,-110.0,-110,2024,1,49.0,-3.0,True,False,WR,65.18,FA,50-60,175,60.77142857142857,45.23883799407526,2046.5524630541875,6.680000000000007,0.5593,0.4407,0.0,-126.9117313365101,126.9117313365101,1.9090909090909092,1.9090909090909092,0.06775454545454551,-0.15866363636363634,6.775454545454551,-15.866363636363634,over,0.5593,0.06775454545454551,6.775454545454551,over,20000
player_reception_yds,Puka Nacua,puka nacua,WR,71.5,-110.0,-110,2024,12,49.0,3.0,False,True,WR,78.1,LAR,60+,244,72.20491803278688,43.97076702840401,1933.4283530661814,6.599999999999994,0.5593,0.4407,0.0,-126.9117313365101,126.9117313365101,1.9090909090909092,1.9090909090909092,0.06775454545454551,-0.15866363636363634,6.775454545454551,-15.866363636363634,over,0.5593,0.06775454545454551,6.775454545454551,over,20000
player_reception_yds,Sam LaPorta,sam laporta,TE,40.5,-110.0,-110,2024,4,46.5,-3.5,True,False,TE,45.08,DET,40-50,77,42.8051948051948,30.604649640714655,936.6445796308957,4.579999999999998,0.55915,0.44085,0.0,-126.83452421458549,126.83452421458547,1.9090909090909092,1.9090909090909092,0.06746818181818193,-0.1583772727272727,6.746818181818193,-15.83772727272727,over,0.55915,0.06746818181818193,6.746818181818193,over,20000
player_reception_yds,Diontae Johnson,diontae johnson,WR,47.5,-110.0,-110,2024,3,40.0,5.5,False,True,WR,53.63,FA,40-50,197,52.34517766497462,39.519382558680384,1561.7815978193314,6.130000000000003,0.55915,0.44085,0.0,-126.83452421458549,126.83452421458547,1.9090909090909092,1.9090909090909092,0.06746818181818193,-0.1583772727272727,6.746818181818193,-15.83772727272727,over,0.55915,0.06746818181818193,6.746818181818193,over,20000
player_reception_yds,Noah Brown,noah brown,WR,40.5,-110.0,-110,2024,13,45.0,-6.0,True,False,WR,46.09,FA,40-50,197,52.34517766497462,39.519382558680384,1561.7815978193314,5.590000000000003,0.55905,0.44095,0.0,-126.78308198208416,126.78308198208414,1.9090909090909092,1.9090909090909092,0.06727727272727291,-0.15818636363636362,6.727727272727291,-15.818636363636362,over,0.55905,0.06727727272727291,6.727727272727291,over,20000
player_reception_yds,Andrei Iosivas,andrei iosivas,WR,21.5,-110.0,-110,2024,6,46.0,-4.5,True,False,WR,26.98,CIN,20-30,224,33.88392857142857,33.6177959681703,1130.1562057575272,5.48,0.55905,0.44095,0.0,-126.78308198208416,126.78308198208414,1.9090909090909092,1.9090909090909092,0.06727727272727291,-0.15818636363636362,6.727727272727291,-15.818636363636362,over,0.55905,0.06727727272727291,6.727727272727291,over,20000
player_reception_yds,KaVontae Turpin,kavontae turpin,WR,17.5,-110.0,-110,2024,9,52.0,3.0,False,True,WR,20.89,DAL,<20,194,20.84536082474227,23.784379500884214,565.6967082420812,3.3900000000000006,0.559,0.441,0.0,-126.7573696145125,126.75736961451246,1.9090909090909092,1.9090909090909092,0.06718181818181834,-0.158090909090909,6.718181818181835,-15.8090909090909,over,0.559,0.06718181818181834,6.718181818181835,over,20000
player_reception_yds,Parker Washington,parker washington,WR,32.5,-110.0,-110,2024,14,40.0,3.0,False,True,WR,37.52,JAC,30-40,222,39.810810810810814,35.42174131599695,1254.699757857405,5.020000000000003,0.55895,0.44105,0.0,-126.73166307674865,126.73166307674867,1.9090909090909092,1.9090909090909092,0.06708636363636356,-0.15799545454545455,6.708636363636355,-15.799545454545456,over,0.55895,0.06708636363636356,6.708636363636355,over,20000
player_reception_yds,Tyler Boyd,tyler boyd,WR,15.5,-110.0,-110,2024,11,40.0,6.0,False,True,WR,19.03,FA,<20,194,20.84536082474227,23.784379500884214,565.6967082420812,3.530000000000001,0.55865,0.44135,0.0,-126.57754616517501,126.57754616517501,1.9090909090909092,1.9090909090909092,0.06651363636363639,-0.15742272727272721,6.651363636363639,-15.742272727272722,over,0.55865,0.06651363636363639,6.651363636363639,over,20000
player_reception_yds,Ray-Ray McCloud III,ray-ray mccloud,WR,34.5,-110.0,-110,2024,15,44.5,-6.5,True,False,WR,39.74,FA,30-40,222,39.810810810810814,35.42174131599695,1254.699757857405,5.240000000000002,0.5586,0.4414,0.0,-126.55188038060716,126.55188038060716,1.9090909090909092,1.9090909090909092,0.06641818181818182,-0.15732727272727265,6.6418181818181825,-15.732727272727265,over,0.5586,0.06641818181818182,6.6418181818181825,over,20000
player_reception_yds,James Conner,james conner,RB,20.5,-110.0,-110,2024,16,47.0,-5.5,True,False,RB,24.04,ARI,20-30,101,28.26732673267327,24.221026388386825,586.658119306931,3.539999999999999,0.55855,0.44145,0.0,-126.52622041001246,126.52622041001246,1.9090909090909092,1.9090909090909092,0.06632272727272726,-0.15723181818181814,6.632272727272726,-15.723181818181814,over,0.55855,0.06632272727272726,6.632272727272726,over,20000
player_reception_yds,Dalton Kincaid,dalton kincaid,TE,42.5,-110.0,-110,2024,5,48.0,1.0,False,True,TE,46.65,BUF,40-50,77,42.8051948051948,30.604649640714655,936.6445796308957,4.149999999999999,0.5585,0.4415,0.0,-126.50056625141563,126.50056625141563,1.9090909090909092,1.9090909090909092,0.0662272727272728,-0.15713636363636357,6.62272727272728,-15.713636363636358,over,0.5585,0.0662272727272728,6.62272727272728,over,20000
player_reception_yds,George Pickens,george pickens,WR,54.5,-110.0,-110,2024,7,40.0,3.0,False,True,WR,61.11,DAL,50-60,175,60.77142857142857,45.23883799407526,2046.5524630541875,6.609999999999999,0.5585,0.4415,0.0,-126.50056625141563,126.50056625141563,1.9090909090909092,1.9090909090909092,0.0662272727272728,-0.15713636363636357,6.62272727272728,-15.713636363636358,over,0.5585,0.0662272727272728,6.62272727272728,over,20000
player_reception_yds,Alvin Kamara,alvin kamara,RB,28.5,-110.0,-110,2024,8,41.5,7.0,False,True,RB,31.92,NO,20-30,101,28.26732673267327,24.221026388386825,586.658119306931,3.4200000000000017,0.55845,0.44155,0.0,-126.47491790284226,126.47491790284226,1.9090909090909092,1.9090909090909092,0.06613181818181824,-0.15704090909090906,6.613181818181824,-15.704090909090906,over,0.55845,0.06613181818181824,6.613181818181824,over,20000
player_reception_yds,Michael Pittman Jr.,michael pittman,WR,45.5,-110.0,-110,2024,4,40.0,2.5,False,True,WR,51.23,PIT,40-50,197,52.34517766497462,39.519382558680384,1561.7815978193314,5.729999999999997,0.55835,0.44165,0.0,-126.42363862787276,126.42363862787276,1.9090909090909092,1.9090909090909092,0.0659409090909091,-0.15685,6.594090909090911,-15.684999999999999,over,0.55835,0.0659409090909091,6.594090909090911,over,20000
player_reception_yds,Hayden Hurst,hayden hurst,,17.5,-110.0,-110,2024,6,37.0,,False,False,TE,21.05,FA,<20,149,20.28187919463087,23.469612040364684,550.822689325231,3.5500000000000007,0.55815,0.44185,0.0,-126.32114971144055,126.32114971144051,1.9090909090909092,1.9090909090909092,0.06555909090909107,-0.15646818181818167,6.555909090909107,-15.646818181818167,over,0.55815,0.06555909090909107,6.555909090909107,over,20000
player_reception_yds,Garrett Wilson,garrett wilson,WR,56.5,-110.0,-110,2024,17,44.5,10.0,False,True,WR,63.93,NYJ,50-60,175,60.77142857142857,45.23883799407526,2046.5524630541875,7.43,0.5581,0.4419,0.0,-126.29554197782305,126.29554197782304,1.9090909090909092,1.9090909090909092,0.0654636363636365,-0.15637272727272727,6.54636363636365,-15.637272727272727,over,0.5581,0.0654636363636365,6.54636363636365,over,20000
player_reception_yds,Juwan Johnson,juwan johnson,TE,26.5,-110.0,-110,2024,11,44.0,1.0,False,True,TE,30.72,NO,20-30,155,32.535483870967745,27.73479503577737,769.218855676581,4.219999999999999,0.5581,0.4419,0.0,-126.29554197782305,126.29554197782304,1.9090909090909092,1.9090909090909092,0.0654636363636365,-0.15637272727272727,6.54636363636365,-15.637272727272727,over,0.5581,0.0654636363636365,6.54636363636365,over,20000
player_reception_yds,Zay Flowers,zay flowers,WR,59.5,-110.0,-110,2024,12,51.0,-3.0,True,False,WR,65.5,BAL,50-60,175,60.77142857142857,45.23883799407526,2046.5524630541875,6.0,0.55805,0.44195,0.0,-126.26994003846592,126.26994003846588,1.9090909090909092,1.9090909090909092,0.06536818181818194,-0.1562772727272726,6.536818181818194,-15.62772727272726,over,0.55805,0.06536818181818194,6.536818181818194,over,20000
player_reception_yds,Jake Ferguson,jake ferguson,TE,40.5,-110.0,-110,2024,1,42.0,2.5,False,True,TE,44.94,DAL,40-50,77,42.8051948051948,30.604649640714655,936.6445796308957,4.439999999999998,0.55805,0.44195,0.0,-126.26994003846592,126.26994003846588,1.9090909090909092,1.9090909090909092,0.06536818181818194,-0.1562772727272726,6.536818181818194,-15.62772727272726,over,0.55805,0.06536818181818194,6.536818181818194,over,20000
player_reception_yds,Amari Cooper,amari cooper,WR,55.5,-110.0,-110,2024,5,44.0,3.0,False,True,WR,63.15,FA,50-60,175,60.77142857142857,45.23883799407526,2046.5524630541875,7.649999999999999,0.558,0.442,0.0,-126.24434389140274,126.24434389140272,1.9090909090909092,1.9090909090909092,0.06527272727272737,-0.1561818181818182,6.527272727272737,-15.61818181818182,over,0.558,0.06527272727272737,6.527272727272737,over,20000
player_reception_yds,Tyler Conklin,tyler conklin,TE,22.5,-110.0,-110,2024,11,43.0,-4.0,True,False,TE,26.8,DET,20-30,155,32.535483870967745,27.73479503577737,769.218855676581,4.300000000000001,0.558,0.442,0.0,-126.24434389140274,126.24434389140272,1.9090909090909092,1.9090909090909092,0.06527272727272737,-0.1561818181818182,6.527272727272737,-15.61818181818182,over,0.558,0.06527272727272737,6.527272727272737,over,20000
player_reception_yds,Ladd McConkey,ladd mcconkey,WR,49.5,-110.0,-110,2024,8,41.5,-7.0,True,False,WR,54.84,LAC,40-50,197,52.34517766497462,39.519382558680384,1561.7815978193314,5.340000000000003,0.5579,0.4421,0.0,-126.19316896629718,126.19316896629724,1.9090909090909092,1.9090909090909092,0.06508181818181813,-0.15599090909090912,6.5081818181818125,-15.599090909090913,over,0.5579,0.06508181818181813,6.5081818181818125,over,20000
player_reception_yds,Darnell Mooney,darnell mooney,WR,51.5,-110.0,-110,2024,15,44.5,-6.5,True,False,WR,58.32,NYG,50-60,175,60.77142857142857,45.23883799407526,2046.5524630541875,6.82,0.5578,0.4422,0.0,-126.14201718679328,126.14201718679332,1.9090909090909092,1.9090909090909092,0.06489090909090911,-0.15580000000000005,6.489090909090911,-15.580000000000005,over,0.5578,0.06489090909090911,6.489090909090911,over,20000
player_reception_yds,Josh Downs,josh downs,WR,46.5,-110.0,-110,2024,11,43.0,4.0,False,True,WR,52.38,IND,40-50,197,52.34517766497462,39.519382558680384,1561.7815978193314,5.880000000000003,0.5578,0.4422,0.0,-126.14201718679328,126.14201718679332,1.9090909090909092,1.9090909090909092,0.06489090909090911,-0.15580000000000005,6.489090909090911,-15.580000000000005,over,0.5578,0.06489090909090911,6.489090909090911,over,20000
player_reception_yds,DK Metcalf,dk metcalf,WR,60.5,-110.0,-110,2024,1,42.0,-6.5,True,False,WR,66.58,PIT,60+,244,72.20491803278688,43.97076702840401,1933.4283530661814,6.079999999999998,0.5578,0.4422,0.0,-126.14201718679328,126.14201718679332,1.9090909090909092,1.9090909090909092,0.06489090909090911,-0.15580000000000005,6.489090909090911,-15.580000000000005,over,0.5578,0.06489090909090911,6.489090909090911,over,20000
player_reception_yds,Ameer Abdullah,ameer abdullah,RB,23.5,-110.0,-110,2024,13,42.0,13.5,False,True,RB,20.11,JAC,20-30,101,28.26732673267327,24.221026388386825,586.658119306931,-3.3900000000000006,0.4423,0.5577,0.0,126.09088853719193,-126.09088853719193,1.9090909090909092,1.9090909090909092,-0.1556090909090908,0.06469999999999998,-15.560909090909082,6.469999999999998,under,0.5577,0.06469999999999998,6.469999999999998,under,20000
player_reception_yds,Sam LaPorta,sam laporta,TE,30.5,-110.0,-110,2024,10,49.0,-4.5,True,False,TE,35.96,DET,30-40,83,44.18072289156626,36.40127601114409,1325.0528952394943,5.460000000000001,0.5577,0.4423,0.0,-126.09088853719193,126.09088853719193,1.9090909090909092,1.9090909090909092,0.06469999999999998,-0.1556090909090908,6.469999999999998,-15.560909090909082,over,0.5577,0.06469999999999998,6.469999999999998,over,20000
player_reception_yds,Darnell Mooney,darnell mooney,WR,50.5,-110.0,-110,2024,8,47.0,-1.5,True,False,WR,57.54,NYG,50-60,175,60.77142857142857,45.23883799407526,2046.5524630541875,7.039999999999999,0.5577,0.4423,0.0,-126.09088853719193,126.09088853719193,1.9090909090909092,1.9090909090909092,0.06469999999999998,-0.1556090909090908,6.469999999999998,-15.560909090909082,over,0.5577,0.06469999999999998,6.469999999999998,over,20000
player_reception_yds,Mack Hollins,mack hollins,WR,19.5,-110.0,-110,2024,14,49.5,-3.5,True,False,WR,22.47,NE,<20,194,20.84536082474227,23.784379500884214,565.6967082420812,2.969999999999999,0.55765,0.44235,0.0,-126.06533288120266,126.06533288120266,1.9090909090909092,1.9090909090909092,0.06460454545454541,-0.1555136363636363,6.4604545454545415,-15.55136363636363,over,0.55765,0.06460454545454541,6.4604545454545415,over,20000
player_reception_yds,Greg Dortch,greg dortch,WR,21.5,-110.0,-110,2024,7,44.0,1.0,False,True,WR,26.43,DET,20-30,224,33.88392857142857,33.6177959681703,1130.1562057575272,4.93,0.55745,0.44255,0.0,-125.96316800361541,125.96316800361541,1.9090909090909092,1.9090909090909092,0.06422272727272726,-0.15513181818181815,6.422272727272727,-15.513181818181815,over,0.55745,0.06422272727272726,6.422272727272727,over,20000
player_reception_yds,Adonai Mitchell,adonai mitchell,WR,38.5,-110.0,-110,2024,13,41.5,-2.5,True,False,WR,43.88,NYJ,30-40,222,39.810810810810814,35.42174131599695,1254.699757857405,5.380000000000003,0.55735,0.44265,0.0,-125.91212018524794,125.91212018524794,1.9090909090909092,1.9090909090909092,0.06403181818181825,-0.15494090909090907,6.4031818181818245,-15.494090909090907,over,0.55735,0.06403181818181825,6.4031818181818245,over,20000
player_reception_yds,Tre Tucker,tre tucker,WR,40.5,-110.0,-110,2024,5,36.0,3.0,False,True,WR,46.14,LV,40-50,197,52.34517766497462,39.519382558680384,1561.7815978193314,5.640000000000001,0.55725,0.44275,0.0,-125.86109542631283,125.86109542631283,1.9090909090909092,1.9090909090909092,0.06384090909090923,-0.15475,6.384090909090922,-15.475,over,0.55725,0.06384090909090923,6.384090909090922,over,20000
player_reception_yds,Jayden Reed,jayden reed,WR,49.5,-110.0,-110,2024,4,44.0,-2.5,True,False,WR,55.42,GB,40-50,197,52.34517766497462,39.519382558680384,1561.7815978193314,5.920000000000002,0.5571,0.4429,0.0,-125.78460149017839,125.78460149017835,1.9090909090909092,1.9090909090909092,0.06355454545454553,-0.15446363636363625,6.355454545454553,-15.446363636363625,over,0.5571,0.06355454545454553,6.355454545454553,over,20000
player_reception_yds,Saquon Barkley,saquon barkley,RB,19.5,-110.0,-110,2024,2,46.5,-5.5,True,False,RB,22.37,PHI,<20,432,17.046296296296298,19.125546894078457,365.78654399759415,2.870000000000001,0.55705,0.44295,0.0,-125.75911502426914,125.75911502426911,1.9090909090909092,1.9090909090909092,0.06345909090909108,-0.1543681818181818,6.345909090909108,-15.436818181818179,over,0.55705,0.06345909090909108,6.345909090909108,over,20000
player_reception_yds,Tank Dell,tank dell,WR,49.5,-110.0,-110,2024,11,41.5,-7.5,True,False,WR,55.01,HOU,40-50,197,52.34517766497462,39.519382558680384,1561.7815978193314,5.509999999999998,0.55705,0.44295,0.0,-125.75911502426914,125.75911502426911,1.9090909090909092,1.9090909090909092,0.06345909090909108,-0.1543681818181818,6.345909090909108,-15.436818181818179,over,0.55705,0.06345909090909108,6.345909090909108,over,20000
player_reception_yds,Sterling Shepard,sterling shepard,WR,32.5,-110.0,-110,2024,15,46.0,3.0,False,True,WR,37.54,FA,30-40,222,39.810810810810814,35.42174131599695,1254.699757857405,5.039999999999999,0.5569,0.4431,0.0,-125.68269013766643,125.68269013766644,1.9090909090909092,1.9090909090909092,0.06317272727272727,-0.1540818181818181,6.3172727272727265,-15.40818181818181,over,0.5569,0.06317272727272727,6.3172727272727265,over,20000
player_reception_yds,Austin Ekeler,austin ekeler,RB,21.5,-110.0,-110,2024,12,45.0,-10.5,True,False,RB,25.37,FA,20-30,101,28.26732673267327,24.221026388386825,586.658119306931,3.870000000000001,0.5569,0.4431,0.0,-125.68269013766643,125.68269013766644,1.9090909090909092,1.9090909090909092,0.06317272727272727,-0.1540818181818181,6.3172727272727265,-15.40818181818181,over,0.5569,0.06317272727272727,6.3172727272727265,over,20000
player_reception_yds,Calvin Ridley,calvin ridley,WR,50.5,-110.0,-110,2024,10,40.0,8.0,False,True,WR,56.79,TEN,50-60,175,60.77142857142857,45.23883799407526,2046.5524630541875,6.289999999999999,0.55685,0.44315,0.0,-125.65722667268417,125.65722667268422,1.9090909090909092,1.9090909090909092,0.0630772727272727,-0.1539863636363637,6.30772727272727,-15.39863636363637,over,0.55685,0.0630772727272727,6.30772727272727,over,20000
player_reception_yds,Jaxon Smith-Njigba,jaxon smith-njigba,WR,47.5,-110.0,-110,2024,1,42.0,-6.5,True,False,WR,53.21,SEA,40-50,197,52.34517766497462,39.519382558680384,1561.7815978193314,5.710000000000001,0.5568,0.4432,0.0,-125.63176895306856,125.63176895306859,1.9090909090909092,1.9090909090909092,0.06298181818181814,-0.15389090909090902,6.298181818181813,-15.389090909090902,over,0.5568,0.06298181818181814,6.298181818181813,over,20000
player_reception_yds,Jakobi Meyers,jakobi meyers,WR,53.5,-110.0,-110,2024,13,42.0,13.5,False,True,WR,59.77,JAC,50-60,175,60.77142857142857,45.23883799407526,2046.5524630541875,6.270000000000003,0.55675,0.44325,0.0,-125.60631697687533,125.60631697687539,1.9090909090909092,1.9090909090909092,0.06288636363636357,-0.15379545454545462,6.288636363636357,-15.379545454545463,over,0.55675,0.06288636363636357,6.288636363636357,over,20000
player_reception_yds,Brock Bowers,brock bowers,TE,51.5,-110.0,-110,2024,4,36.5,2.5,False,True,TE,56.08,LV,50-60,28,62.82142857142857,33.57799988255154,1127.4820761126311,4.579999999999998,0.5567,0.4433,0.0,-125.58087074216104,125.58087074216104,1.9090909090909092,1.9090909090909092,0.06279090909090912,-0.1536999999999999,6.279090909090912,-15.369999999999989,over,0.5567,0.06279090909090912,6.279090909090912,over,20000
player_reception_yds,Tee Higgins,tee higgins,WR,60.5,-110.0,-110,2024,7,42.0,-5.5,True,False,WR,66.33,CIN,60+,244,72.20491803278688,43.97076702840401,1933.4283530661814,5.829999999999998,0.55665,0.44335,0.0,-125.55543024698319,125.55543024698319,1.9090909090909092,1.9090909090909092,0.06269545454545455,-0.15360454545454538,6.269545454545455,-15.360454545454537,over,0.55665,0.06269545454545455,6.269545454545455,over,20000
player_reception_yds,Payne Durham,payne durham,TE,25.5,-110.0,-110,2024,17,47.5,-9.5,True,False,TE,29.26,TB,20-30,155,32.535483870967745,27.73479503577737,769.218855676581,3.7600000000000016,0.5566,0.4434,0.0,-125.52999548940008,125.52999548940008,1.9090909090909092,1.9090909090909092,0.06259999999999999,-0.15350909090909082,6.259999999999999,-15.35090909090908,over,0.5566,0.06259999999999999,6.259999999999999,over,20000
player_reception_yds,Jalen McMillan,jalen mcmillan,WR,28.5,-110.0,-110,2024,2,51.5,7.5,False,True,WR,33.05,TB,20-30,224,33.88392857142857,33.6177959681703,1130.1562057575272,4.549999999999997,0.55655,0.44345,0.0,-125.50456646747097,125.50456646747097,1.9090909090909092,1.9090909090909092,0.06250454545454542,-0.1534136363636363,6.250454545454542,-15.341363636363631,over,0.55655,0.06250454545454542,6.250454545454542,over,20000
player_reception_yds,David Njoku,david njoku,TE,46.5,-110.0,-110,2024,13,41.5,6.5,False,True,TE,50.55,LAC,40-50,77,42.8051948051948,30.604649640714655,936.6445796308957,4.049999999999997,0.55655,0.44345,0.0,-125.50456646747097,125.50456646747097,1.9090909090909092,1.9090909090909092,0.06250454545454542,-0.1534136363636363,6.250454545454542,-15.341363636363631,over,0.55655,0.06250454545454542,6.250454545454542,over,20000
player_reception_yds,Jaylen Waddle,jaylen waddle,WR,42.5,-110.0,-110,2024,7,44.0,3.0,False,True,WR,48.53,DEN,40-50,197,52.34517766497462,39.519382558680384,1561.7815978193314,6.030000000000001,0.5565,0.4435,0.0,-125.47914317925591,125.47914317925591,1.9090909090909092,1.9090909090909092,0.06240909090909097,-0.1533181818181818,6.240909090909097,-15.33181818181818,over,0.5565,0.06240909090909097,6.240909090909097,over,20000
player_reception_yds,Lil'Jordan Humphrey,liljordan humphrey,WR,23.5,-110.0,-110,2024,5,36.0,-3.0,True,False,WR,28.04,DEN,20-30,224,33.88392857142857,33.6177959681703,1130.1562057575272,4.539999999999999,0.55645,0.44355,0.0,-125.45372562281592,125.45372562281592,1.9090909090909092,1.9090909090909092,0.062313636363636404,-0.15322272727272723,6.231363636363641,-15.322272727272724,over,0.55645,0.062313636363636404,6.231363636363641,over,20000
player_reception_yds,Rico Dowdle,rico dowdle,RB,16.5,-110.0,-110,2024,11,41.5,7.5,False,True,RB,19.17,PIT,<20,432,17.046296296296298,19.125546894078457,365.78654399759415,2.6700000000000017,0.55645,0.44355,0.0,-125.45372562281592,125.45372562281592,1.9090909090909092,1.9090909090909092,0.062313636363636404,-0.15322272727272723,6.231363636363641,-15.322272727272724,over,0.55645,0.062313636363636404,6.231363636363641,over,20000
player_reception_yds,Alvin Kamara,alvin kamara,RB,30.5,-110.0,-110,2024,15,44.5,7.5,False,True,RB,33.36,NO,30-40,24,36.0,21.178703511203796,448.537482415476,2.8599999999999994,0.55645,0.44355,0.0,-125.45372562281592,125.45372562281592,1.9090909090909092,1.9090909090909092,0.062313636363636404,-0.15322272727272723,6.231363636363641,-15.322272727272724,over,0.55645,0.062313636363636404,6.231363636363641,over,20000
player_reception_yds,Wan'Dale Robinson,wandale robinson,WR,51.5,-110.0,-110,2024,6,46.0,4.5,False,True,WR,58.78,TEN,50-60,175,60.77142857142857,45.23883799407526,2046.5524630541875,7.280000000000001,0.5564,0.4436,0.0,-125.4283137962128,125.4283137962128,1.9090909090909092,1.9090909090909092,0.06221818181818184,-0.15312727272727272,6.221818181818184,-15.312727272727273,over,0.5564,0.06221818181818184,6.221818181818184,over,20000
player_reception_yds,Alvin Kamara,alvin kamara,RB,29.5,-110.0,-110,2024,6,42.5,3.5,False,True,RB,32.81,NO,20-30,101,28.26732673267327,24.221026388386825,586.658119306931,3.3100000000000023,0.5564,0.4436,0.0,-125.4283137962128,125.4283137962128,1.9090909090909092,1.9090909090909092,0.06221818181818184,-0.15312727272727272,6.221818181818184,-15.312727272727273,over,0.5564,0.06221818181818184,6.221818181818184,over,20000
player_reception_yds,Pat Freiermuth,pat freiermuth,TE,30.5,-110.0,-110,2024,17,43.5,3.0,False,True,TE,36.15,PIT,30-40,83,44.18072289156626,36.40127601114409,1325.0528952394943,5.649999999999999,0.55625,0.44375,0.0,-125.35211267605635,125.35211267605635,1.9090909090909092,1.9090909090909092,0.061931818181818254,-0.15284090909090908,6.1931818181818254,-15.284090909090908,over,0.55625,0.061931818181818254,6.1931818181818254,over,20000
player_reception_yds,Rome Odunze,rome odunze,WR,42.5,-110.0,-110,2024,17,43.5,3.5,False,True,WR,47.84,CHI,40-50,197,52.34517766497462,39.519382558680384,1561.7815978193314,5.340000000000003,0.5562,0.4438,0.0,-125.3267237494367,125.3267237494367,1.9090909090909092,1.9090909090909092,0.06183636363636369,-0.15274545454545457,6.183636363636369,-15.274545454545457,over,0.5562,0.06183636363636369,6.183636363636369,over,20000
player_reception_yds,David Moore,david moore,WR,33.5,-110.0,-110,2024,14,44.5,14.0,False,True,WR,38.48,CAR,30-40,222,39.810810810810814,35.42174131599695,1254.699757857405,4.979999999999997,0.55615,0.44385,0.0,-125.30134054297625,125.3013405429762,1.9090909090909092,1.9090909090909092,0.061740909090909235,-0.15264999999999984,6.174090909090923,-15.264999999999985,over,0.55615,0.061740909090909235,6.174090909090923,over,20000
player_reception_yds,Joshua Palmer,joshua palmer,,28.5,-110.0,-110,2024,11,48.0,,False,False,WR,33.3,BUF,20-30,224,33.88392857142857,33.6177959681703,1130.1562057575272,4.799999999999997,0.55595,0.44405,0.0,-125.1998648800811,125.19986488008105,1.9090909090909092,1.9090909090909092,0.061359090909091085,-0.15226818181818175,6.1359090909091085,-15.226818181818174,over,0.55595,0.061359090909091085,6.1359090909091085,over,20000
player_reception_yds,Jordan Addison,jordan addison,WR,44.5,-110.0,-110,2024,8,47.5,-3.0,True,False,WR,50.24,MIN,40-50,197,52.34517766497462,39.519382558680384,1561.7815978193314,5.740000000000002,0.5558,0.4442,0.0,-125.12381809995496,125.12381809995499,1.9090909090909092,1.9090909090909092,0.06107272727272728,-0.15198181818181822,6.107272727272727,-15.198181818181823,over,0.5558,0.06107272727272728,6.107272727272727,over,20000
player_reception_yds,Garrett Wilson,garrett wilson,WR,67.5,-110.0,-110,2024,1,43.0,3.5,False,True,WR,73.12,NYJ,60+,244,72.20491803278688,43.97076702840401,1933.4283530661814,5.6200000000000045,0.5558,0.4442,0.0,-125.12381809995496,125.12381809995499,1.9090909090909092,1.9090909090909092,0.06107272727272728,-0.15198181818181822,6.107272727272727,-15.198181818181823,over,0.5558,0.06107272727272728,6.107272727272727,over,20000
player_reception_yds,Christian Watson,christian watson,WR,44.5,-110.0,-110,2024,13,47.5,-3.5,True,False,WR,50.15,GB,40-50,197,52.34517766497462,39.519382558680384,1561.7815978193314,5.649999999999999,0.55575,0.44425,0.0,-125.09848058525603,125.09848058525604,1.9090909090909092,1.9090909090909092,0.06097727272727271,-0.1518863636363636,6.097727272727271,-15.188636363636359,over,0.55575,0.06097727272727271,6.097727272727271,over,20000
player_reception_yds,Amon-Ra St. Brown,amon-ra st brown,WR,73.5,-110.0,-110,2024,12,50.5,-7.0,True,False,WR,78.94,DET,60+,244,72.20491803278688,43.97076702840401,1933.4283530661814,5.439999999999998,0.55575,0.44425,0.0,-125.09848058525603,125.09848058525604,1.9090909090909092,1.9090909090909092,0.06097727272727271,-0.1518863636363636,6.097727272727271,-15.188636363636359,over,0.55575,0.06097727272727271,6.097727272727271,over,20000
player_reception_yds,Amon-Ra St. Brown,amon-ra st brown,WR,68.5,-110.0,-110,2024,10,49.0,-4.5,True,False,WR,74.56,DET,60+,244,72.20491803278688,43.97076702840401,1933.4283530661814,6.060000000000002,0.55565,0.44435,0.0,-125.04782266231572,125.04782266231572,1.9090909090909092,1.9090909090909092,0.06078636363636358,-0.15169545454545447,6.078636363636358,-15.169545454545446,over,0.55565,0.06078636363636358,6.078636363636358,over,20000
player_reception_yds,Ricky Pearsall,ricky pearsall,WR,35.5,-110.0,-110,2024,8,48.0,-5.5,True,False,WR,40.29,SF,30-40,222,39.810810810810814,35.42174131599695,1254.699757857405,4.789999999999999,0.55555,0.44445,0.0,-124.9971875351558,124.9971875351558,1.9090909090909092,1.9090909090909092,0.06059545454545456,-0.1515045454545454,6.059545454545456,-15.15045454545454,over,0.55555,0.06059545454545456,6.059545454545456,over,20000
player_reception_yds,Will Dissly,will dissly,TE,24.5,-122.0,100,2024,9,42.5,-2.0,True,False,TE,30.01,FA,20-30,155,32.535483870967745,27.73479503577737,769.218855676581,5.510000000000002,0.58275,0.41725,0.0,-139.6644697423607,139.6644697423607,1.819672131147541,2.0,0.0604139344262295,-0.16549999999999998,6.04139344262295,-16.549999999999997,over,0.58275,0.0604139344262295,6.04139344262295,over,20000
player_reception_yds,Michael Pittman Jr.,michael pittman,WR,49.5,-110.0,-110,2024,6,42.0,2.5,False,True,WR,55.22,PIT,40-50,197,52.34517766497462,39.519382558680384,1561.7815978193314,5.719999999999999,0.55545,0.44455,0.0,-124.94657518839276,124.94657518839276,1.9090909090909092,1.9090909090909092,0.060404545454545544,-0.15131363636363632,6.040454545454555,-15.131363636363632,over,0.55545,0.060404545454545544,6.040454545454555,over,20000
player_reception_yds,Jerry Jeudy,jerry jeudy,WR,48.5,-110.0,-110,2024,11,44.0,-1.0,True,False,WR,54.57,CLE,40-50,197,52.34517766497462,39.519382558680384,1561.7815978193314,6.07,0.55535,0.44465,0.0,-124.89598560665694,124.89598560665694,1.9090909090909092,1.9090909090909092,0.060213636363636414,-0.15112272727272724,6.021363636363642,-15.112272727272725,over,0.55535,0.060213636363636414,6.021363636363642,over,20000
player_reception_yds,Garrett Wilson,garrett wilson,WR,57.5,-110.0,-110,2024,5,42.0,2.5,False,True,WR,63.16,NYJ,50-60,175,60.77142857142857,45.23883799407526,2046.5524630541875,5.659999999999997,0.55525,0.44475,0.0,-124.84541877459249,124.84541877459249,1.9090909090909092,1.9090909090909092,0.060022727272727394,-0.15093181818181817,6.002272727272739,-15.093181818181817,over,0.55525,0.060022727272727394,6.002272727272739,over,20000
player_reception_yds,Austin Ekeler,austin ekeler,RB,19.5,-110.0,-110,2024,3,46.0,7.5,False,True,RB,22.06,FA,<20,432,17.046296296296298,19.125546894078457,365.78654399759415,2.5599999999999987,0.55525,0.44475,0.0,-124.84541877459249,124.84541877459249,1.9090909090909092,1.9090909090909092,0.060022727272727394,-0.15093181818181817,6.002272727272739,-15.093181818181817,over,0.55525,0.060022727272727394,6.002272727272739,over,20000
player_reception_yds,Alvin Kamara,alvin kamara,RB,27.5,-110.0,-110,2024,1,41.5,-3.5,True,False,RB,30.9,NO,20-30,101,28.26732673267327,24.221026388386825,586.658119306931,3.3999999999999986,0.5552,0.4448,0.0,-124.8201438848921,124.8201438848921,1.9090909090909092,1.9090909090909092,0.05992727272727283,-0.15083636363636366,5.992727272727283,-15.083636363636366,over,0.5552,0.05992727272727283,5.992727272727283,over,20000
player_reception_yds,Samaje Perine,samaje perine,RB,17.5,-115.0,-105,2024,3,46.0,-3.0,True,False,RB,20.54,CIN,<20,432,17.046296296296298,19.125546894078457,365.78654399759415,3.039999999999999,0.56685,0.43315,0.0,-130.86690522913537,130.86690522913543,1.8695652173913042,1.9523809523809523,0.059763043478260724,-0.15432619047619062,5.976304347826073,-15.432619047619061,over,0.56685,0.059763043478260724,5.976304347826073,over,20000
player_reception_yds,Justin Jefferson,justin jefferson,WR,81.5,-110.0,-110,2024,16,43.0,-2.5,True,False,WR,88.22,MIN,60+,244,72.20491803278688,43.97076702840401,1933.4283530661814,6.719999999999999,0.5551,0.4449,0.0,-124.76961114857274,124.7696111485727,1.9090909090909092,1.9090909090909092,0.0597363636363637,-0.15064545454545442,5.97363636363637,-15.064545454545442,over,0.5551,0.0597363636363637,5.97363636363637,over,20000
player_reception_yds,Jalen Nailor,jalen nailor,WR,29.5,-110.0,-110,2024,2,46.5,4.5,False,True,WR,34.06,LV,20-30,224,33.88392857142857,33.6177959681703,1130.1562057575272,4.560000000000002,0.55505,0.44495,0.0,-124.7443532981234,124.74435329812339,1.9090909090909092,1.9090909090909092,0.059640909090909244,-0.15055000000000002,5.964090909090924,-15.055000000000001,over,0.55505,0.059640909090909244,5.964090909090924,over,20000
player_reception_yds,David Njoku,david njoku,TE,50.5,-110.0,-110,2024,9,42.5,2.0,False,True,TE,54.72,LAC,50-60,28,62.82142857142857,33.57799988255154,1127.4820761126311,4.219999999999999,0.555,0.445,0.0,-124.71910112359554,124.7191011235955,1.9090909090909092,1.9090909090909092,0.05954545454545468,-0.15045454545454534,5.9545454545454675,-15.045454545454534,over,0.555,0.05954545454545468,5.9545454545454675,over,20000
player_reception_yds,Isaiah Likely,isaiah likely,TE,18.5,-110.0,-110,2024,11,48.0,-3.0,True,False,TE,21.7,NYG,<20,149,20.28187919463087,23.469612040364684,550.822689325231,3.1999999999999993,0.55475,0.44525,0.0,-124.59292532285231,124.59292532285235,1.9090909090909092,1.9090909090909092,0.05906818181818174,-0.1499772727272728,5.906818181818174,-14.997727272727278,over,0.55475,0.05906818181818174,5.906818181818174,over,20000
player_reception_yds,DJ Turner,dj turner,WR,26.5,-110.0,-110,2024,7,43.0,7.0,False,True,WR,31.38,FA,20-30,224,33.88392857142857,33.6177959681703,1130.1562057575272,4.879999999999999,0.55475,0.44525,0.0,-124.59292532285231,124.59292532285235,1.9090909090909092,1.9090909090909092,0.05906818181818174,-0.1499772727272728,5.906818181818174,-14.997727272727278,over,0.55475,0.05906818181818174,5.906818181818174,over,20000
player_reception_yds,Mike Williams,mike williams,WR,31.5,-110.0,-110,2024,5,42.0,2.5,False,True,WR,36.07,FA,30-40,222,39.810810810810814,35.42174131599695,1254.699757857405,4.57,0.5546,0.4454,0.0,-124.517287831163,124.517287831163,1.9090909090909092,1.9090909090909092,0.05878181818181816,-0.14969090909090904,5.878181818181815,-14.969090909090903,over,0.5546,0.05878181818181816,5.878181818181815,over,20000
player_reception_yds,Brock Bowers,brock bowers,TE,54.5,-110.0,-110,2024,11,43.5,8.0,False,True,TE,59.67,LV,50-60,28,62.82142857142857,33.57799988255154,1127.4820761126311,5.170000000000002,0.5546,0.4454,0.0,-124.517287831163,124.517287831163,1.9090909090909092,1.9090909090909092,0.05878181818181816,-0.14969090909090904,5.878181818181815,-14.969090909090903,over,0.5546,0.05878181818181816,5.878181818181815,over,20000
player_reception_yds,Austin Hooper,austin hooper,TE,18.5,-110.0,-110,2024,13,41.5,2.5,False,True,TE,21.69,ATL,<20,149,20.28187919463087,23.469612040364684,550.822689325231,3.1900000000000013,0.55455,0.44545,0.0,-124.49208665394544,124.49208665394544,1.9090909090909092,1.9090909090909092,0.0586863636363637,-0.14959545454545448,5.86863636363637,-14.959545454545447,over,0.55455,0.0586863636363637,5.86863636363637,over,20000
player_reception_yds,Amon-Ra St. Brown,amon-ra st brown,WR,70.5,-110.0,-110,2024,14,53.0,-3.0,True,False,WR,76.3,DET,60+,244,72.20491803278688,43.97076702840401,1933.4283530661814,5.799999999999997,0.5545,0.4455,0.0,-124.46689113355781,124.46689113355781,1.9090909090909092,1.9090909090909092,0.05859090909090914,-0.14949999999999997,5.859090909090914,-14.949999999999996,over,0.5545,0.05859090909090914,5.859090909090914,over,20000
player_reception_yds,Daniel Bellinger,daniel bellinger,TE,21.5,-115.0,-105,2024,16,42.5,9.5,False,True,TE,25.48,TEN,20-30,155,32.535483870967745,27.73479503577737,769.218855676581,3.9800000000000004,0.56615,0.43385,0.0,-130.49441051054512,130.4944105105451,1.8695652173913042,1.9523809523809523,0.05845434782608694,-0.15295952380952377,5.845434782608693,-15.295952380952377,over,0.56615,0.05845434782608694,5.845434782608693,over,20000
player_reception_yds,Brian Thomas Jr,brian thomas,WR,54.5,-110.0,-110,2024,5,45.0,-3.5,True,False,WR,61.11,JAC,50-60,175,60.77142857142857,45.23883799407526,2046.5524630541875,6.609999999999999,0.5544,0.4456,0.0,-124.41651705565529,124.41651705565529,1.9090909090909092,1.9090909090909092,0.05840000000000001,-0.1493090909090909,5.840000000000001,-14.93090909090909,over,0.5544,0.05840000000000001,5.840000000000001,over,20000
player_reception_yds,Johnny Mundt,johnny mundt,TE,24.5,-110.0,-110,2024,3,46.0,2.0,False,True,TE,20.58,PHI,20-30,155,32.535483870967745,27.73479503577737,769.218855676581,-3.9200000000000017,0.4457,0.5543,0.0,124.36616558223021,-124.36616558223021,1.9090909090909092,1.9090909090909092,-0.14911818181818182,0.05820909090909099,-14.911818181818182,5.820909090909099,under,0.5543,0.05820909090909099,5.820909090909099,under,20000
player_reception_yds,Jahmyr Gibbs,jahmyr gibbs,RB,25.5,-110.0,-110,2024,17,50.5,-4.0,True,False,RB,29.03,DET,20-30,101,28.26732673267327,24.221026388386825,586.658119306931,3.530000000000001,0.5542,0.4458,0.0,-124.3158366980709,124.3158366980709,1.9090909090909092,1.9090909090909092,0.05801818181818186,-0.14892727272727274,5.801818181818186,-14.892727272727274,over,0.5542,0.05801818181818186,5.801818181818186,over,20000
player_reception_yds,Dalton Kincaid,dalton kincaid,TE,49.5,-105.0,-115,2024,1,46.0,-6.5,True,False,TE,52.89,BUF,40-50,77,42.8051948051948,30.604649640714655,936.6445796308957,3.3900000000000006,0.5419,0.4581,0.0,-118.29294913774288,118.29294913774287,1.9523809523809523,1.8695652173913042,0.05799523809523821,-0.1435521739130436,5.799523809523821,-14.35521739130436,over,0.5419,0.05799523809523821,5.799523809523821,over,20000
player_reception_yds,Trey McBride,trey mcbride,TE,52.5,-110.0,-110,2024,12,46.5,-1.0,True,False,TE,57.06,ARI,50-60,28,62.82142857142857,33.57799988255154,1127.4820761126311,4.560000000000002,0.55415,0.44585,0.0,-124.29068072221601,124.29068072221597,1.9090909090909092,1.9090909090909092,0.0579227272727274,-0.14883181818181807,5.79227272727274,-14.883181818181807,over,0.55415,0.0579227272727274,5.79227272727274,over,20000
player_reception_yds,Jauan Jennings,jauan jennings,WR,58.5,-110.0,-110,2024,14,43.5,-3.0,True,False,WR,65.37,MIN,50-60,175,60.77142857142857,45.23883799407526,2046.5524630541875,6.8700000000000045,0.55415,0.44585,0.0,-124.29068072221601,124.29068072221597,1.9090909090909092,1.9090909090909092,0.0579227272727274,-0.14883181818181807,5.79227272727274,-14.883181818181807,over,0.55415,0.0579227272727274,5.79227272727274,over,20000
player_reception_yds,Tyler Conklin,tyler conklin,TE,23.5,-110.0,-110,2024,8,41.0,-7.0,True,False,TE,26.95,DET,20-30,155,32.535483870967745,27.73479503577737,769.218855676581,3.4499999999999993,0.5541,0.4459,0.0,-124.26553038797938,124.26553038797937,1.9090909090909092,1.9090909090909092,0.05782727272727284,-0.1487363636363636,5.782727272727284,-14.873636363636361,over,0.5541,0.05782727272727284,5.782727272727284,over,20000
player_reception_yds,J.K. Dobbins,jk dobbins,RB,15.5,-110.0,-110,2024,9,42.5,-2.0,True,False,RB,18.45,DEN,<20,432,17.046296296296298,19.125546894078457,365.78654399759415,2.9499999999999993,0.554,0.446,0.0,-124.21524663677133,124.21524663677131,1.9090909090909092,1.9090909090909092,0.05763636363636382,-0.14854545454545454,5.763636363636381,-14.854545454545454,over,0.554,0.05763636363636382,5.763636363636381,over,20000
player_reception_yds,Troy Franklin,troy franklin,WR,30.5,-110.0,-110,2024,8,40.5,-13.0,True,False,WR,35.43,DEN,30-40,222,39.810810810810814,35.42174131599695,1254.699757857405,4.93,0.55395,0.44605,0.0,-124.19011321600719,124.19011321600716,1.9090909090909092,1.9090909090909092,0.057540909090909254,-0.14844999999999992,5.754090909090925,-14.844999999999992,over,0.55395,0.057540909090909254,5.754090909090925,over,20000
player_reception_yds,Garrett Wilson,garrett wilson,WR,59.5,-110.0,-110,2024,9,43.5,-2.5,True,False,WR,66.24,NYJ,50-60,175,60.77142857142857,45.23883799407526,2046.5524630541875,6.739999999999995,0.55385,0.44615,0.0,-124.13986327468338,124.1398632746834,1.9090909090909092,1.9090909090909092,0.0573499999999999,-0.14825909090909084,5.7349999999999905,-14.825909090909084,over,0.55385,0.0573499999999999,5.7349999999999905,over,20000
player_reception_yds,Tank Dell,tank dell,WR,56.5,-110.0,-110,2024,9,43.5,2.5,False,True,WR,62.39,HOU,50-60,175,60.77142857142857,45.23883799407526,2046.5524630541875,5.890000000000001,0.5538,0.4462,0.0,-124.11474675033615,124.1147467503362,1.9090909090909092,1.9090909090909092,0.05725454545454545,-0.1481636363636364,5.725454545454545,-14.816363636363638,over,0.5538,0.05725454545454545,5.725454545454545,over,20000
player_reception_yds,Tyler Boyd,tyler boyd,WR,23.5,-110.0,-110,2024,6,42.0,-2.5,True,False,WR,28.55,FA,20-30,224,33.88392857142857,33.6177959681703,1130.1562057575272,5.050000000000001,0.5538,0.4462,0.0,-124.11474675033615,124.1147467503362,1.9090909090909092,1.9090909090909092,0.05725454545454545,-0.1481636363636364,5.725454545454545,-14.816363636363638,over,0.5538,0.05725454545454545,5.725454545454545,over,20000
player_reception_yds,Brandon Aiyuk,brandon aiyuk,WR,66.5,-110.0,-110,2024,6,49.0,-3.5,True,False,WR,72.79,SF,60+,244,72.20491803278688,43.97076702840401,1933.4283530661814,6.290000000000006,0.55375,0.44625,0.0,-124.08963585434172,124.08963585434174,1.9090909090909092,1.9090909090909092,0.05715909090909088,-0.14806818181818177,5.715909090909088,-14.806818181818176,over,0.55375,0.05715909090909088,5.715909090909088,over,20000
player_reception_yds,Cooper Kupp,cooper kupp,WR,57.5,-110.0,-110,2024,16,47.0,-3.0,True,False,WR,64.08,SEA,50-60,175,60.77142857142857,45.23883799407526,2046.5524630541875,6.579999999999998,0.55375,0.44625,0.0,-124.08963585434172,124.08963585434174,1.9090909090909092,1.9090909090909092,0.05715909090909088,-0.14806818181818177,5.715909090909088,-14.806818181818176,over,0.55375,0.05715909090909088,5.715909090909088,over,20000
player_reception_yds,Tommy Tremble,tommy tremble,,15.5,-110.0,-110,2024,17,47.5,,False,False,TE,18.58,CAR,<20,149,20.28187919463087,23.469612040364684,550.822689325231,3.0799999999999983,0.5537,0.4463,0.0,-124.06453058480841,124.06453058480844,1.9090909090909092,1.9090909090909092,0.057063636363636316,-0.14797272727272737,5.706363636363632,-14.797272727272738,over,0.5537,0.057063636363636316,5.706363636363632,over,20000
player_reception_yds,Trey McBride,trey mcbride,TE,61.5,-110.0,-110,2024,15,46.5,-6.0,True,False,TE,66.52,ARI,60+,20,68.4,33.57799988255154,1127.4820761126311,5.019999999999996,0.55365,0.44635,0.0,-124.03943093984539,124.03943093984539,1.9090909090909092,1.9090909090909092,0.05696818181818186,-0.14787727272727264,5.696818181818186,-14.787727272727263,over,0.55365,0.05696818181818186,5.696818181818186,over,20000
player_reception_yds,Garrett Wilson,garrett wilson,WR,54.5,-110.0,-110,2024,4,39.5,-7.5,True,False,WR,60.46,NYJ,50-60,175,60.77142857142857,45.23883799407526,2046.5524630541875,5.960000000000001,0.55355,0.44645,0.0,-123.98924851607121,123.98924851607121,1.9090909090909092,1.9090909090909092,0.05677727272727273,-0.14768636363636356,5.677727272727273,-14.768636363636356,over,0.55355,0.05677727272727273,5.677727272727273,over,20000
player_reception_yds,Breece Hall,breece hall,RB,28.5,-110.0,-110,2024,1,43.0,3.5,False,True,RB,31.88,NYJ,20-30,101,28.26732673267327,24.221026388386825,586.658119306931,3.379999999999999,0.55355,0.44645,0.0,-123.98924851607121,123.98924851607121,1.9090909090909092,1.9090909090909092,0.05677727272727273,-0.14768636363636356,5.677727272727273,-14.768636363636356,over,0.55355,0.05677727272727273,5.677727272727273,over,20000
player_reception_yds,Tony Pollard,tony pollard,RB,17.5,-110.0,-110,2024,12,40.5,8.0,False,True,RB,19.96,TEN,<20,432,17.046296296296298,19.125546894078457,365.78654399759415,2.460000000000001,0.55355,0.44645,0.0,-123.98924851607121,123.98924851607121,1.9090909090909092,1.9090909090909092,0.05677727272727273,-0.14768636363636356,5.677727272727273,-14.768636363636356,over,0.55355,0.05677727272727273,5.677727272727273,over,20000
player_reception_yds,Jalen Tolbert,jalen tolbert,WR,37.5,-110.0,-110,2024,8,48.0,5.5,False,True,WR,42.35,MIA,30-40,222,39.810810810810814,35.42174131599695,1254.699757857405,4.850000000000001,0.5535,0.4465,0.0,-123.96416573348264,123.96416573348264,1.9090909090909092,1.9090909090909092,0.05668181818181817,-0.14759090909090905,5.668181818181816,-14.759090909090904,over,0.5535,0.05668181818181817,5.668181818181816,over,20000
player_reception_yds,J.K. Dobbins,jk dobbins,RB,15.5,-110.0,-110,2024,11,48.0,-1.0,True,False,RB,18.1,DEN,<20,432,17.046296296296298,19.125546894078457,365.78654399759415,2.6000000000000014,0.5535,0.4465,0.0,-123.96416573348264,123.96416573348264,1.9090909090909092,1.9090909090909092,0.05668181818181817,-0.14759090909090905,5.668181818181816,-14.759090909090904,over,0.5535,0.05668181818181817,5.668181818181816,over,20000
player_reception_yds,Malik Nabers,malik nabers,WR,67.5,-110.0,-110,2024,16,42.5,9.5,False,True,WR,73.45,NYG,60+,244,72.20491803278688,43.97076702840401,1933.4283530661814,5.950000000000003,0.55345,0.44655,0.0,-123.93908856790952,123.93908856790952,1.9090909090909092,1.9090909090909092,0.05658636363636371,-0.14749545454545449,5.658636363636371,-14.749545454545448,over,0.55345,0.05658636363636371,5.658636363636371,over,20000
player_reception_yds,Pat Freiermuth,pat freiermuth,TE,32.5,-110.0,-110,2024,5,43.5,-2.5,True,False,TE,37.82,PIT,30-40,83,44.18072289156626,36.40127601114409,1325.0528952394943,5.32,0.5534,0.4466,0.0,-123.9140170174653,123.9140170174653,1.9090909090909092,1.9090909090909092,0.05649090909090915,-0.14739999999999998,5.649090909090915,-14.739999999999998,over,0.5534,0.05649090909090915,5.649090909090915,over,20000
player_reception_yds,Tyler Lockett,tyler lockett,WR,42.5,-110.0,-110,2024,6,49.0,3.5,False,True,WR,47.84,LV,40-50,197,52.34517766497462,39.519382558680384,1561.7815978193314,5.340000000000003,0.55335,0.44665,0.0,-123.88895108026419,123.88895108026419,1.9090909090909092,1.9090909090909092,0.05639545454545458,-0.1473045454545454,5.639545454545458,-14.730454545454542,over,0.55335,0.05639545454545458,5.639545454545458,over,20000
player_reception_yds,Allen Lazard,allen lazard,WR,34.5,-110.0,-110,2024,6,42.0,1.0,False,True,WR,39.3,FA,30-40,222,39.810810810810814,35.42174131599695,1254.699757857405,4.799999999999997,0.55335,0.44665,0.0,-123.88895108026419,123.88895108026419,1.9090909090909092,1.9090909090909092,0.05639545454545458,-0.1473045454545454,5.639545454545458,-14.730454545454542,over,0.55335,0.05639545454545458,5.639545454545458,over,20000
player_reception_yds,Chuba Hubbard,chuba hubbard,RB,15.5,-110.0,-110,2024,13,46.0,6.5,False,True,RB,17.86,CAR,<20,432,17.046296296296298,19.125546894078457,365.78654399759415,2.3599999999999994,0.55325,0.44675,0.0,-123.83883603805262,123.83883603805262,1.9090909090909092,1.9090909090909092,0.05620454545454556,-0.1471136363636364,5.620454545454557,-14.71136363636364,over,0.55325,0.05620454545454556,5.620454545454557,over,20000
player_reception_yds,Andrei Iosivas,andrei iosivas,WR,21.5,-110.0,-110,2024,15,46.5,-6.0,True,False,WR,26.39,CIN,20-30,224,33.88392857142857,33.6177959681703,1130.1562057575272,4.890000000000001,0.55315,0.44685,0.0,-123.78874342620568,123.78874342620567,1.9090909090909092,1.9090909090909092,0.05601363636363643,-0.14692272727272726,5.601363636363644,-14.692272727272726,over,0.55315,0.05601363636363643,5.601363636363644,over,20000
player_reception_yds,Tee Higgins,tee higgins,WR,68.5,-110.0,-110,2024,15,46.5,-6.0,True,False,WR,74.81,CIN,60+,244,72.20491803278688,43.97076702840401,1933.4283530661814,6.310000000000002,0.55305,0.44695,0.0,-123.73867322966777,123.73867322966775,1.9090909090909092,1.9090909090909092,0.05582272727272741,-0.14673181818181819,5.582272727272741,-14.673181818181819,over,0.55305,0.05582272727272741,5.582272727272741,over,20000
player_reception_yds,Malik Nabers,malik nabers,WR,59.5,-110.0,-110,2024,14,41.0,5.5,False,True,WR,66.07,NYG,50-60,175,60.77142857142857,45.23883799407526,2046.5524630541875,6.569999999999993,0.55305,0.44695,0.0,-123.73867322966777,123.73867322966775,1.9090909090909092,1.9090909090909092,0.05582272727272741,-0.14673181818181819,5.582272727272741,-14.673181818181819,over,0.55305,0.05582272727272741,5.582272727272741,over,20000
player_reception_yds,Sam LaPorta,sam laporta,TE,45.5,-110.0,-110,2024,16,47.5,-7.0,True,False,TE,49.57,DET,40-50,77,42.8051948051948,30.604649640714655,936.6445796308957,4.07,0.55305,0.44695,0.0,-123.73867322966777,123.73867322966775,1.9090909090909092,1.9090909090909092,0.05582272727272741,-0.14673181818181819,5.582272727272741,-14.673181818181819,over,0.55305,0.05582272727272741,5.582272727272741,over,20000
player_reception_yds,Chris Olave,chris olave,WR,59.5,-110.0,-110,2024,4,41.5,2.5,False,True,WR,65.61,NO,50-60,175,60.77142857142857,45.23883799407526,2046.5524630541875,6.109999999999999,0.553,0.447,0.0,-123.7136465324385,123.71364653243847,1.9090909090909092,1.9090909090909092,0.05572727272727285,-0.1466363636363635,5.572727272727285,-14.663636363636352,over,0.553,0.05572727272727285,5.572727272727285,over,20000
player_reception_yds,Marquez Valdes-Scantling,marquez valdes-scantling,WR,37.5,-110.0,-110,2024,15,44.5,7.5,False,True,WR,42.54,DAL,30-40,222,39.810810810810814,35.42174131599695,1254.699757857405,5.039999999999999,0.553,0.447,0.0,-123.7136465324385,123.71364653243847,1.9090909090909092,1.9090909090909092,0.05572727272727285,-0.1466363636363635,5.572727272727285,-14.663636363636352,over,0.553,0.05572727272727285,5.572727272727285,over,20000
player_reception_yds,CeeDee Lamb,ceedee lamb,WR,66.5,-110.0,-110,2024,14,51.0,5.0,False,True,WR,72.08,DAL,60+,244,72.20491803278688,43.97076702840401,1933.4283530661814,5.579999999999998,0.553,0.447,0.0,-123.7136465324385,123.71364653243847,1.9090909090909092,1.9090909090909092,0.05572727272727285,-0.1466363636363635,5.572727272727285,-14.663636363636352,over,0.553,0.05572727272727285,5.572727272727285,over,20000
player_reception_yds,Robert Woods,robert woods,WR,15.5,-110.0,-110,2024,16,42.5,3.5,False,True,WR,18.69,FA,<20,194,20.84536082474227,23.784379500884214,565.6967082420812,3.1900000000000013,0.5529,0.4471,0.0,-123.66360993066425,123.66360993066426,1.9090909090909092,1.9090909090909092,0.055536363636363606,-0.14644545454545443,5.553636363636361,-14.644545454545444,over,0.5529,0.055536363636363606,5.553636363636361,over,20000
player_reception_yds,Ray-Ray McCloud III,ray-ray mccloud,WR,29.5,-110.0,-110,2024,10,46.5,-3.5,True,False,WR,33.9,FA,20-30,224,33.88392857142857,33.6177959681703,1130.1562057575272,4.399999999999999,0.5528,0.4472,0.0,-123.61359570661894,123.61359570661895,1.9090909090909092,1.9090909090909092,0.055345454545454476,-0.14625454545454541,5.534545454545448,-14.625454545454541,over,0.5528,0.055345454545454476,5.534545454545448,over,20000
player_reception_yds,Rakim Jarrett,rakim jarrett,WR,17.5,-110.0,-110,2024,9,45.5,9.0,False,True,WR,14.23,FA,<20,194,20.84536082474227,23.784379500884214,565.6967082420812,-3.2699999999999996,0.4472,0.5528,0.0,123.61359570661895,-123.61359570661894,1.9090909090909092,1.9090909090909092,-0.14625454545454541,0.055345454545454476,-14.625454545454541,5.534545454545448,under,0.5528,0.055345454545454476,5.534545454545448,under,20000
player_reception_yds,Tyler Conklin,tyler conklin,TE,29.5,-110.0,-110,2024,1,43.0,3.5,False,True,TE,33.4,DET,20-30,155,32.535483870967745,27.73479503577737,769.218855676581,3.8999999999999986,0.5526,0.4474,0.0,-123.51363433169422,123.51363433169422,1.9090909090909092,1.9090909090909092,0.054963636363636326,-0.1458727272727272,5.496363636363633,-14.58727272727272,over,0.5526,0.054963636363636326,5.496363636363633,over,20000
player_reception_yds,Brenton Strange,brenton strange,TE,27.5,-110.0,-110,2024,3,46.5,4.0,False,True,TE,30.97,JAC,20-30,155,32.535483870967745,27.73479503577737,769.218855676581,3.469999999999999,0.5525,0.4475,0.0,-123.46368715083798,123.46368715083798,1.9090909090909092,1.9090909090909092,0.054772727272727306,-0.14568181818181813,5.47727272727273,-14.568181818181813,over,0.5525,0.054772727272727306,5.47727272727273,over,20000
player_reception_yds,Andrei Iosivas,andrei iosivas,WR,30.5,-110.0,-110,2024,9,45.0,-8.0,True,False,WR,34.73,CIN,30-40,222,39.810810810810814,35.42174131599695,1254.699757857405,4.229999999999997,0.5524,0.4476,0.0,-123.41376228775692,123.41376228775692,1.9090909090909092,1.9090909090909092,0.054581818181818176,-0.14549090909090906,5.458181818181817,-14.549090909090905,over,0.5524,0.054581818181818176,5.458181818181817,over,20000
player_reception_yds,Tank Dell,tank dell,WR,45.5,-110.0,-110,2024,5,48.0,-1.0,True,False,WR,50.81,HOU,40-50,197,52.34517766497462,39.519382558680384,1561.7815978193314,5.310000000000002,0.5524,0.4476,0.0,-123.41376228775692,123.41376228775692,1.9090909090909092,1.9090909090909092,0.054581818181818176,-0.14549090909090906,5.458181818181817,-14.549090909090905,over,0.5524,0.054581818181818176,5.458181818181817,over,20000
player_reception_yds,Tyler Johnson,tyler johnson,WR,34.5,-110.0,-110,2024,2,47.5,-1.0,True,False,WR,38.59,DAL,30-40,222,39.810810810810814,35.42174131599695,1254.699757857405,4.090000000000003,0.5523,0.4477,0.0,-123.3638597274961,123.3638597274961,1.9090909090909092,1.9090909090909092,0.054390909090909156,-0.14529999999999998,5.439090909090916,-14.529999999999998,over,0.5523,0.054390909090909156,5.439090909090916,over,20000
player_reception_yds,Kayshon Boutte,kayshon boutte,WR,24.5,-110.0,-110,2024,10,37.5,6.5,False,True,WR,29.55,NE,20-30,224,33.88392857142857,33.6177959681703,1130.1562057575272,5.050000000000001,0.5522,0.4478,0.0,-123.3139794551139,123.3139794551139,1.9090909090909092,1.9090909090909092,0.05420000000000014,-0.1451090909090909,5.420000000000014,-14.510909090909092,over,0.5522,0.05420000000000014,5.420000000000014,over,20000
player_reception_yds,Jahmyr Gibbs,jahmyr gibbs,RB,20.5,-110.0,-110,2024,14,53.0,-3.0,True,False,RB,23.8,DET,20-30,101,28.26732673267327,24.221026388386825,586.658119306931,3.3000000000000007,0.55215,0.44785,0.0,-123.2890476722117,123.28904767221165,1.9090909090909092,1.9090909090909092,0.05410454545454557,-0.14501363636363623,5.410454545454558,-14.501363636363623,over,0.55215,0.05410454545454557,5.410454545454558,over,20000
player_reception_yds,Jaxon Smith-Njigba,jaxon smith-njigba,WR,57.5,-110.0,-110,2024,12,46.5,1.0,False,True,WR,63.8,SEA,50-60,175,60.77142857142857,45.23883799407526,2046.5524630541875,6.299999999999997,0.55215,0.44785,0.0,-123.2890476722117,123.28904767221165,1.9090909090909092,1.9090909090909092,0.05410454545454557,-0.14501363636363623,5.410454545454558,-14.501363636363623,over,0.55215,0.05410454545454557,5.410454545454558,over,20000
player_reception_yds,Garrett Wilson,garrett wilson,WR,58.5,-110.0,-110,2024,13,41.5,-1.0,True,False,WR,64.71,NYJ,50-60,175,60.77142857142857,45.23883799407526,2046.5524630541875,6.209999999999994,0.55215,0.44785,0.0,-123.2890476722117,123.28904767221165,1.9090909090909092,1.9090909090909092,0.05410454545454557,-0.14501363636363623,5.410454545454558,-14.501363636363623,over,0.55215,0.05410454545454557,5.410454545454558,over,20000
player_reception_yds,Marquez Valdes-Scantling,marquez valdes-scantling,WR,33.5,-110.0,-110,2024,11,44.0,1.0,False,True,WR,38.46,DAL,30-40,222,39.810810810810814,35.42174131599695,1254.699757857405,4.960000000000001,0.55205,0.44795,0.0,-123.23920080366115,123.2392008036611,1.9090909090909092,1.9090909090909092,0.05391363636363644,-0.14482272727272716,5.391363636363645,-14.482272727272715,over,0.55205,0.05391363636363644,5.391363636363645,over,20000
player_reception_yds,George Kittle,george kittle,TE,48.5,-110.0,-110,2024,1,43.0,-3.5,True,False,TE,52.8,SF,40-50,77,42.8051948051948,30.604649640714655,936.6445796308957,4.299999999999997,0.55205,0.44795,0.0,-123.23920080366115,123.2392008036611,1.9090909090909092,1.9090909090909092,0.05391363636363644,-0.14482272727272716,5.391363636363645,-14.482272727272715,over,0.55205,0.05391363636363644,5.391363636363645,over,20000
player_reception_yds,Jake Ferguson,jake ferguson,TE,46.5,-110.0,-110,2024,5,43.5,2.5,False,True,TE,50.33,DAL,40-50,77,42.8051948051948,30.604649640714655,936.6445796308957,3.8299999999999983,0.55205,0.44795,0.0,-123.23920080366115,123.2392008036611,1.9090909090909092,1.9090909090909092,0.05391363636363644,-0.14482272727272716,5.391363636363645,-14.482272727272715,over,0.55205,0.05391363636363644,5.391363636363645,over,20000
player_reception_yds,Van Jefferson,van jefferson,WR,16.5,-110.0,-110,2024,7,40.0,3.0,False,True,WR,19.62,WAS,<20,194,20.84536082474227,23.784379500884214,565.6967082420812,3.120000000000001,0.55205,0.44795,0.0,-123.23920080366115,123.2392008036611,1.9090909090909092,1.9090909090909092,0.05391363636363644,-0.14482272727272716,5.391363636363645,-14.482272727272715,over,0.55205,0.05391363636363644,5.391363636363645,over,20000
player_reception_yds,James Cook,james cook,RB,18.5,-110.0,-110,2024,3,46.5,-4.0,True,False,RB,20.8,BUF,<20,432,17.046296296296298,19.125546894078457,365.78654399759415,2.3000000000000007,0.552,0.448,0.0,-123.21428571428574,123.21428571428572,1.9090909090909092,1.9090909090909092,0.05381818181818199,-0.1447272727272727,5.381818181818199,-14.47272727272727,over,0.552,0.05381818181818199,5.381818181818199,over,20000
player_reception_yds,Travis Kelce,travis kelce,TE,45.5,-110.0,-110,2024,17,43.5,-3.0,True,False,TE,49.33,KC,40-50,77,42.8051948051948,30.604649640714655,936.6445796308957,3.8299999999999983,0.55195,0.44805,0.0,-123.18937618569359,123.18937618569355,1.9090909090909092,1.9090909090909092,0.05372272727272742,-0.14463181818181808,5.372272727272742,-14.463181818181809,over,0.55195,0.05372272727272742,5.372272727272742,over,20000
player_reception_yds,Darnell Mooney,darnell mooney,WR,52.5,-110.0,-110,2024,6,45.5,-6.0,True,False,WR,58.05,NYG,50-60,175,60.77142857142857,45.23883799407526,2046.5524630541875,5.549999999999997,0.55195,0.44805,0.0,-123.18937618569359,123.18937618569355,1.9090909090909092,1.9090909090909092,0.05372272727272742,-0.14463181818181808,5.372272727272742,-14.463181818181809,over,0.55195,0.05372272727272742,5.372272727272742,over,20000
player_reception_yds,Jaylen Waddle,jaylen waddle,WR,46.5,-110.0,-110,2024,10,49.5,2.5,False,True,WR,51.49,DEN,40-50,197,52.34517766497462,39.519382558680384,1561.7815978193314,4.990000000000002,0.55195,0.44805,0.0,-123.18937618569359,123.18937618569355,1.9090909090909092,1.9090909090909092,0.05372272727272742,-0.14463181818181808,5.372272727272742,-14.463181818181809,over,0.55195,0.05372272727272742,5.372272727272742,over,20000
player_reception_yds,Jayden Reed,jayden reed,WR,50.5,-110.0,-110,2024,13,47.5,-3.5,True,False,WR,56.02,GB,50-60,175,60.77142857142857,45.23883799407526,2046.5524630541875,5.520000000000003,0.55195,0.44805,0.0,-123.18937618569359,123.18937618569355,1.9090909090909092,1.9090909090909092,0.05372272727272742,-0.14463181818181808,5.372272727272742,-14.463181818181809,over,0.55195,0.05372272727272742,5.372272727272742,over,20000
player_reception_yds,Nick Westbrook-Ikhine,nick westbrook-ikhine,WR,37.5,-110.0,-110,2024,15,46.5,6.0,False,True,WR,41.91,IND,30-40,222,39.810810810810814,35.42174131599695,1254.699757857405,4.409999999999997,0.5519,0.4481,0.0,-123.16447221602319,123.16447221602321,1.9090909090909092,1.9090909090909092,0.053627272727272635,-0.14453636363636369,5.3627272727272635,-14.453636363636369,over,0.5519,0.053627272727272635,5.3627272727272635,over,20000
player_reception_yds,Adam Thielen,adam thielen,WR,42.5,-110.0,-110,2024,14,44.5,14.0,False,True,WR,47.95,FA,40-50,197,52.34517766497462,39.519382558680384,1561.7815978193314,5.450000000000003,0.55185,0.44815,0.0,-123.13957380341401,123.13957380341402,1.9090909090909092,1.9090909090909092,0.05353181818181818,-0.144440909090909,5.3531818181818185,-14.444090909090901,over,0.55185,0.05353181818181818,5.3531818181818185,over,20000
player_reception_yds,Tyler Lockett,tyler lockett,WR,41.5,-110.0,-110,2024,3,41.5,-4.0,True,False,WR,45.84,LV,40-50,197,52.34517766497462,39.519382558680384,1561.7815978193314,4.340000000000003,0.5518,0.4482,0.0,-123.11468094600622,123.11468094600626,1.9090909090909092,1.9090909090909092,0.053436363636363615,-0.1443454545454546,5.343636363636362,-14.43454545454546,over,0.5518,0.053436363636363615,5.343636363636362,over,20000
player_reception_yds,DeAndre Hopkins,deandre hopkins,WR,37.5,-110.0,-110,2024,4,37.0,2.5,False,True,WR,41.88,BAL,30-40,222,39.810810810810814,35.42174131599695,1254.699757857405,4.380000000000003,0.5518,0.4482,0.0,-123.11468094600622,123.11468094600626,1.9090909090909092,1.9090909090909092,0.053436363636363615,-0.1443454545454546,5.343636363636362,-14.43454545454546,over,0.5518,0.053436363636363615,5.343636363636362,over,20000
player_reception_yds,D'Andre Swift,dandre swift,RB,17.5,-110.0,-110,2024,9,44.5,1.5,False,True,RB,20.15,CHI,<20,432,17.046296296296298,19.125546894078457,365.78654399759415,2.6499999999999986,0.5516,0.4484,0.0,-123.01516503122211,123.01516503122211,1.9090909090909092,1.9090909090909092,0.053054545454545465,-0.1439636363636363,5.3054545454545465,-14.39636363636363,over,0.5516,0.053054545454545465,5.3054545454545465,over,20000
player_reception_yds,Jameson Williams,jameson williams,WR,50.5,-110.0,-110,2024,14,53.0,-3.0,True,False,WR,56.77,DET,50-60,175,60.77142857142857,45.23883799407526,2046.5524630541875,6.270000000000003,0.55155,0.44845,0.0,-122.9902999219534,122.9902999219534,1.9090909090909092,1.9090909090909092,0.0529590909090909,-0.14386818181818173,5.29590909090909,-14.386818181818173,over,0.55155,0.0529590909090909,5.29590909090909,over,20000
player_reception_yds,Tony Pollard,tony pollard,RB,17.5,-110.0,-110,2024,6,42.0,-2.5,True,False,RB,19.71,TEN,<20,432,17.046296296296298,19.125546894078457,365.78654399759415,2.210000000000001,0.55155,0.44845,0.0,-122.9902999219534,122.9902999219534,1.9090909090909092,1.9090909090909092,0.0529590909090909,-0.14386818181818173,5.29590909090909,-14.386818181818173,over,0.55155,0.0529590909090909,5.29590909090909,over,20000
player_reception_yds,Greg Dortch,greg dortch,WR,24.5,-110.0,-110,2024,1,46.0,6.5,False,True,WR,28.44,DET,20-30,224,33.88392857142857,33.6177959681703,1130.1562057575272,3.9400000000000013,0.55145,0.44855,0.0,-122.94058633374205,122.94058633374205,1.9090909090909092,1.9090909090909092,0.05276818181818188,-0.1436772727272727,5.276818181818188,-14.36772727272727,over,0.55145,0.05276818181818188,5.276818181818188,over,20000
player_reception_yds,Josh Downs,josh downs,WR,33.5,-110.0,-110,2024,4,40.0,2.5,False,True,WR,38.26,IND,30-40,222,39.810810810810814,35.42174131599695,1254.699757857405,4.759999999999998,0.5514,0.4486,0.0,-122.91573785109229,122.91573785109229,1.9090909090909092,1.9090909090909092,0.052672727272727315,-0.14358181818181814,5.267272727272731,-14.358181818181814,over,0.5514,0.052672727272727315,5.267272727272731,over,20000
player_reception_yds,Dalton Kincaid,dalton kincaid,TE,47.5,-110.0,-110,2024,10,46.5,-4.5,True,False,TE,51.58,BUF,40-50,77,42.8051948051948,30.604649640714655,936.6445796308957,4.079999999999998,0.55125,0.44875,0.0,-122.84122562674095,122.84122562674095,1.9090909090909092,1.9090909090909092,0.05238636363636373,-0.14329545454545456,5.238636363636373,-14.329545454545457,over,0.55125,0.05238636363636373,5.238636363636373,over,20000
player_reception_yds,De'Von Achane,devon achane,RB,37.5,-110.0,-110,2024,16,44.0,2.0,False,True,RB,34.94,MIA,30-40,24,36.0,21.178703511203796,448.537482415476,-2.5600000000000023,0.44885,0.55115,0.0,122.79157847833352,-122.79157847833353,1.9090909090909092,1.9090909090909092,-0.14310454545454543,0.0521954545454546,-14.310454545454544,5.21954545454546,under,0.55115,0.0521954545454546,5.21954545454546,under,20000
player_reception_yds,Sterling Shepard,sterling shepard,WR,31.5,-110.0,-110,2024,8,47.0,1.5,False,True,WR,35.98,FA,30-40,222,39.810810810810814,35.42174131599695,1254.699757857405,4.479999999999997,0.55115,0.44885,0.0,-122.79157847833353,122.79157847833352,1.9090909090909092,1.9090909090909092,0.0521954545454546,-0.14310454545454543,5.21954545454546,-14.310454545454544,over,0.55115,0.0521954545454546,5.21954545454546,over,20000
player_reception_yds,Noah Brown,noah brown,WR,27.5,-110.0,-110,2024,4,49.0,3.5,False,True,WR,31.28,FA,20-30,224,33.88392857142857,33.6177959681703,1130.1562057575272,3.780000000000001,0.5511,0.4489,0.0,-122.76676319893075,122.76676319893069,1.9090909090909092,1.9090909090909092,0.052100000000000146,-0.14300909090909075,5.210000000000015,-14.300909090909075,over,0.5511,0.052100000000000146,5.210000000000015,over,20000
player_reception_yds,Ja'Lynn Polk,jalynn polk,WR,19.5,-110.0,-110,2024,4,41.5,10.5,False,True,WR,22.58,NO,<20,194,20.84536082474227,23.784379500884214,565.6967082420812,3.0799999999999983,0.551,0.449,0.0,-122.71714922048999,122.71714922048996,1.9090909090909092,1.9090909090909092,0.051909090909091016,-0.14281818181818173,5.190909090909102,-14.281818181818174,over,0.551,0.051909090909091016,5.190909090909102,over,20000
player_reception_yds,Chase Brown,chase brown,RB,19.5,-110.0,-110,2024,9,45.0,-8.0,True,False,RB,22.1,CIN,<20,432,17.046296296296298,19.125546894078457,365.78654399759415,2.6000000000000014,0.55085,0.44915,0.0,-122.64276967605474,122.64276967605478,1.9090909090909092,1.9090909090909092,0.05162272727272721,-0.1425318181818182,5.162272727272721,-14.25318181818182,over,0.55085,0.05162272727272721,5.162272727272721,over,20000
player_reception_yds,Jauan Jennings,jauan jennings,WR,47.5,-110.0,-110,2024,12,44.5,6.5,False,True,WR,52.63,MIN,40-50,197,52.34517766497462,39.519382558680384,1561.7815978193314,5.130000000000003,0.55085,0.44915,0.0,-122.64276967605474,122.64276967605478,1.9090909090909092,1.9090909090909092,0.05162272727272721,-0.1425318181818182,5.162272727272721,-14.25318181818182,over,0.55085,0.05162272727272721,5.162272727272721,over,20000
player_reception_yds,Parker Washington,parker washington,WR,24.5,-110.0,-110,2024,13,44.5,3.5,False,True,WR,29.04,JAC,20-30,224,33.88392857142857,33.6177959681703,1130.1562057575272,4.539999999999999,0.5508,0.4492,0.0,-122.61798753339268,122.6179875333927,1.9090909090909092,1.9090909090909092,0.051527272727272644,-0.14243636363636358,5.152727272727264,-14.243636363636359,over,0.5508,0.051527272727272644,5.152727272727264,over,20000
player_reception_yds,Sterling Shepard,sterling shepard,WR,30.5,-110.0,-110,2024,16,47.5,-4.5,True,False,WR,35.1,FA,30-40,222,39.810810810810814,35.42174131599695,1254.699757857405,4.600000000000001,0.55075,0.44925,0.0,-122.59321090706732,122.59321090706736,1.9090909090909092,1.9090909090909092,0.05143181818181819,-0.14234090909090913,5.143181818181819,-14.234090909090913,over,0.55075,0.05143181818181819,5.143181818181819,over,20000
player_reception_yds,Romeo Doubs,romeo doubs,WR,43.5,-110.0,-110,2024,11,41.0,-6.0,True,False,WR,48.62,NE,40-50,197,52.34517766497462,39.519382558680384,1561.7815978193314,5.119999999999997,0.55075,0.44925,0.0,-122.59321090706732,122.59321090706736,1.9090909090909092,1.9090909090909092,0.05143181818181819,-0.14234090909090913,5.143181818181819,-14.234090909090913,over,0.55075,0.05143181818181819,5.143181818181819,over,20000
player_reception_yds,Josh Downs,josh downs,WR,63.5,-110.0,-110,2024,17,40.5,-7.5,True,False,WR,57.78,IND,60+,244,72.20491803278688,43.97076702840401,1933.4283530661814,-5.719999999999999,0.4493,0.5507,0.0,122.56843979523703,-122.56843979523701,1.9090909090909092,1.9090909090909092,-0.1422454545454545,0.051336363636363624,-14.224545454545451,5.133636363636363,under,0.5507,0.051336363636363624,5.133636363636363,under,20000
player_reception_yds,Brandon Aiyuk,brandon aiyuk,WR,76.5,-110.0,-110,2024,3,44.5,-6.0,True,False,WR,82.09,SF,60+,244,72.20491803278688,43.97076702840401,1933.4283530661814,5.590000000000003,0.5507,0.4493,0.0,-122.56843979523701,122.56843979523703,1.9090909090909092,1.9090909090909092,0.051336363636363624,-0.1422454545454545,5.133636363636363,-14.224545454545451,over,0.5507,0.051336363636363624,5.133636363636363,over,20000
player_reception_yds,Khalil Shakir,khalil shakir,WR,40.5,-110.0,-110,2024,2,48.5,2.5,False,True,WR,45.43,BUF,40-50,197,52.34517766497462,39.519382558680384,1561.7815978193314,4.93,0.55065,0.44935,0.0,-122.54367419606096,122.54367419606096,1.9090909090909092,1.9090909090909092,0.05124090909090906,-0.1421499999999999,5.124090909090906,-14.21499999999999,over,0.55065,0.05124090909090906,5.124090909090906,over,20000
player_reception_yds,Tyler Lockett,tyler lockett,WR,30.5,-110.0,-110,2024,13,41.5,1.0,False,True,WR,34.79,LV,30-40,222,39.810810810810814,35.42174131599695,1254.699757857405,4.289999999999999,0.55065,0.44935,0.0,-122.54367419606096,122.54367419606096,1.9090909090909092,1.9090909090909092,0.05124090909090906,-0.1421499999999999,5.124090909090906,-14.21499999999999,over,0.55065,0.05124090909090906,5.124090909090906,over,20000
player_reception_yds,Josh Downs,josh downs,WR,29.5,-110.0,-110,2024,3,43.0,-1.5,True,False,WR,33.56,IND,20-30,224,33.88392857142857,33.6177959681703,1130.1562057575272,4.060000000000002,0.55055,0.44945,0.0,-122.49415952831238,122.49415952831238,1.9090909090909092,1.9090909090909092,0.05105000000000004,-0.14195909090909087,5.105000000000004,-14.195909090909087,over,0.55055,0.05105000000000004,5.105000000000004,over,20000
player_reception_yds,Tyjae Spears,tyjae spears,RB,22.5,-110.0,-110,2024,17,38.0,-1.0,True,False,RB,25.83,TEN,20-30,101,28.26732673267327,24.221026388386825,586.658119306931,3.3299999999999983,0.5505,0.4495,0.0,-122.46941045606228,122.46941045606228,1.9090909090909092,1.9090909090909092,0.050954545454545475,-0.1418636363636363,5.0954545454545475,-14.18636363636363,over,0.5505,0.050954545454545475,5.0954545454545475,over,20000
player_reception_yds,Lil'Jordan Humphrey,liljordan humphrey,WR,20.5,-110.0,-110,2024,11,44.5,-2.0,True,False,WR,24.99,DEN,20-30,224,33.88392857142857,33.6177959681703,1130.1562057575272,4.489999999999998,0.55045,0.44955,0.0,-122.44466688911133,122.44466688911133,1.9090909090909092,1.9090909090909092,0.05085909090909091,-0.1417681818181818,5.085909090909091,-14.176818181818179,over,0.55045,0.05085909090909091,5.085909090909091,over,20000
player_reception_yds,Chuba Hubbard,chuba hubbard,RB,18.5,-122.0,100,2024,16,47.0,5.5,False,True,RB,17.34,CAR,<20,432,17.046296296296298,19.125546894078457,365.78654399759415,-1.1600000000000001,0.47465,0.52535,0.0,110.68155482987463,-110.68155482987463,1.819672131147541,2.0,-0.13629262295081962,0.05069999999999997,-13.629262295081961,5.069999999999997,under,0.52535,0.05069999999999997,5.069999999999997,under,20000
player_reception_yds,Tyler Lockett,tyler lockett,WR,23.5,-110.0,-110,2024,16,43.0,2.5,False,True,WR,27.32,LV,20-30,224,33.88392857142857,33.6177959681703,1130.1562057575272,3.8200000000000003,0.55035,0.44965,0.0,-122.39519626376071,122.39519626376071,1.9090909090909092,1.9090909090909092,0.05066818181818189,-0.14157727272727272,5.0668181818181885,-14.157727272727271,over,0.55035,0.05066818181818189,5.0668181818181885,over,20000
player_reception_yds,George Kittle,george kittle,TE,55.5,-110.0,-110,2024,7,47.5,-2.5,True,False,TE,59.63,SF,50-60,28,62.82142857142857,33.57799988255154,1127.4820761126311,4.130000000000003,0.5503,0.4497,0.0,-122.37046920169003,122.37046920169003,1.9090909090909092,1.9090909090909092,0.050572727272727325,-0.14148181818181815,5.057272727272732,-14.148181818181815,over,0.5503,0.050572727272727325,5.057272727272732,over,20000
player_reception_yds,Davante Adams,davante adams,WR,67.5,-110.0,-110,2024,1,41.0,3.0,False,True,WR,73.29,LAR,60+,244,72.20491803278688,43.97076702840401,1933.4283530661814,5.790000000000006,0.5502,0.4498,0.0,-122.3210315695865,122.3210315695865,1.9090909090909092,1.9090909090909092,0.050381818181818305,-0.14129090909090908,5.0381818181818305,-14.129090909090907,over,0.5502,0.050381818181818305,5.0381818181818305,over,20000
player_reception_yds,Isaiah Likely,isaiah likely,TE,35.5,-110.0,-110,2024,2,41.0,-9.0,True,False,TE,39.93,NYG,30-40,83,44.18072289156626,36.40127601114409,1325.0528952394943,4.43,0.5502,0.4498,0.0,-122.3210315695865,122.3210315695865,1.9090909090909092,1.9090909090909092,0.050381818181818305,-0.14129090909090908,5.0381818181818305,-14.129090909090907,over,0.5502,0.050381818181818305,5.0381818181818305,over,20000
player_reception_yds,Chris Olave,chris olave,WR,50.5,-110.0,-110,2024,6,42.5,3.5,False,True,WR,56.67,NO,50-60,175,60.77142857142857,45.23883799407526,2046.5524630541875,6.170000000000002,0.5502,0.4498,0.0,-122.3210315695865,122.3210315695865,1.9090909090909092,1.9090909090909092,0.050381818181818305,-0.14129090909090908,5.0381818181818305,-14.129090909090907,over,0.5502,0.050381818181818305,5.0381818181818305,over,20000
player_reception_yds,Jalen Coker,jalen coker,WR,39.5,-110.0,-110,2024,9,43.5,7.0,False,True,WR,43.97,CAR,30-40,222,39.810810810810814,35.42174131599695,1254.699757857405,4.469999999999999,0.5502,0.4498,0.0,-122.3210315695865,122.3210315695865,1.9090909090909092,1.9090909090909092,0.050381818181818305,-0.14129090909090908,5.0381818181818305,-14.129090909090907,over,0.5502,0.050381818181818305,5.0381818181818305,over,20000
player_reception_yds,Elijah Moore,elijah moore,WR,26.5,-110.0,-110,2024,2,41.5,3.0,False,True,WR,31.35,PHI,20-30,224,33.88392857142857,33.6177959681703,1130.1562057575272,4.850000000000001,0.5502,0.4498,0.0,-122.3210315695865,122.3210315695865,1.9090909090909092,1.9090909090909092,0.050381818181818305,-0.14129090909090908,5.0381818181818305,-14.129090909090907,over,0.5502,0.050381818181818305,5.0381818181818305,over,20000
player_reception_yds,Jameson Williams,jameson williams,WR,53.5,-114.0,-106,2024,15,55.5,-2.5,True,False,WR,59.98,DET,50-60,175,60.77142857142857,45.23883799407526,2046.5524630541875,6.479999999999997,0.55945,0.44055,0.0,-126.98899103393485,126.98899103393485,1.8771929824561404,1.9433962264150944,0.050195614035087766,-0.1438367924528302,5.019561403508776,-14.383679245283021,over,0.55945,0.050195614035087766,5.019561403508776,over,20000
player_reception_yds,DeMario Douglas,demario douglas,WR,36.5,-110.0,-110,2024,16,48.0,14.0,False,True,WR,41.01,NE,30-40,222,39.810810810810814,35.42174131599695,1254.699757857405,4.509999999999998,0.5501,0.4499,0.0,-122.27161591464773,122.27161591464771,1.9090909090909092,1.9090909090909092,0.050190909090909175,-0.1411,5.0190909090909175,-14.11,over,0.5501,0.050190909090909175,5.0190909090909175,over,20000
player_reception_yds,Amon-Ra St. Brown,amon-ra st brown,WR,72.5,-110.0,-110,2024,16,47.5,-7.0,True,False,WR,78.72,DET,60+,244,72.20491803278688,43.97076702840401,1933.4283530661814,6.219999999999999,0.55005,0.44995,0.0,-122.24691632403602,122.246916324036,1.9090909090909092,1.9090909090909092,0.05009545454545461,-0.14100454545454533,5.009545454545461,-14.100454545454532,over,0.55005,0.05009545454545461,5.009545454545461,over,20000
player_reception_yds,Chris Godwin,chris godwin,WR,63.5,-110.0,-110,2024,6,42.5,-3.5,True,False,WR,69.35,TB,60+,244,72.20491803278688,43.97076702840401,1933.4283530661814,5.849999999999994,0.55,0.45,0.0,-122.22222222222226,122.22222222222223,1.9090909090909092,1.9090909090909092,0.050000000000000155,-0.14090909090909093,5.000000000000016,-14.090909090909093,over,0.55,0.050000000000000155,5.000000000000016,over,20000
player_reception_yds,Chuba Hubbard,chuba hubbard,RB,20.5,-110.0,-110,2024,7,51.0,10.0,False,True,RB,23.83,CAR,20-30,101,28.26732673267327,24.221026388386825,586.658119306931,3.3299999999999983,0.5499,0.4501,0.0,-122.17285047767166,122.17285047767164,1.9090909090909092,1.9090909090909092,0.04980909090909108,-0.14071818181818185,4.980909090909108,-14.071818181818186,over,0.5499,0.04980909090909108,4.980909090909108,over,20000
player_reception_yds,Cooper Kupp,cooper kupp,WR,66.5,-110.0,-110,2024,1,54.0,5.0,False,True,WR,72.01,SEA,60+,244,72.20491803278688,43.97076702840401,1933.4283530661814,5.510000000000005,0.54985,0.45015,0.0,-122.14817283127843,122.14817283127844,1.9090909090909092,1.9090909090909092,0.04971363636363629,-0.14062272727272718,4.9713636363636295,-14.062272727272717,over,0.54985,0.04971363636363629,4.9713636363636295,over,20000
player_reception_yds,Chuba Hubbard,chuba hubbard,RB,17.5,-110.0,-110,2024,5,40.0,4.0,False,True,RB,20.11,CAR,<20,432,17.046296296296298,19.125546894078457,365.78654399759415,2.6099999999999994,0.54975,0.45025,0.0,-122.09883398112157,122.09883398112159,1.9090909090909092,1.9090909090909092,0.04952272727272722,-0.1404318181818181,4.952272727272722,-14.04318181818181,over,0.54975,0.04952272727272722,4.952272727272722,over,20000
player_reception_yds,Xavier Legette,xavier legette,WR,36.5,-110.0,-110,2024,15,42.0,-2.5,True,False,WR,40.28,CAR,30-40,222,39.810810810810814,35.42174131599695,1254.699757857405,3.780000000000001,0.54975,0.45025,0.0,-122.09883398112157,122.09883398112159,1.9090909090909092,1.9090909090909092,0.04952272727272722,-0.1404318181818181,4.952272727272722,-14.04318181818181,over,0.54975,0.04952272727272722,4.952272727272722,over,20000
player_reception_yds,Chris Godwin,chris godwin,WR,60.5,-110.0,-110,2024,2,51.5,7.5,False,True,WR,66.06,TB,60+,244,72.20491803278688,43.97076702840401,1933.4283530661814,5.560000000000002,0.54965,0.45035,0.0,-122.04951704230042,122.04951704230044,1.9090909090909092,1.9090909090909092,0.0493318181818182,-0.14024090909090903,4.93318181818182,-14.024090909090903,over,0.54965,0.0493318181818182,4.93318181818182,over,20000
player_reception_yds,DeMario Douglas,demario douglas,WR,41.5,-110.0,-110,2024,8,41.0,7.0,False,True,WR,47.06,NE,40-50,197,52.34517766497462,39.519382558680384,1561.7815978193314,5.560000000000002,0.5496,0.4504,0.0,-122.02486678507992,122.02486678507992,1.9090909090909092,1.9090909090909092,0.049236363636363634,-0.14014545454545446,4.923636363636364,-14.014545454545447,over,0.5496,0.049236363636363634,4.923636363636364,over,20000
player_reception_yds,De'Von Achane,devon achane,RB,20.5,-110.0,-110,2024,7,44.0,3.0,False,True,RB,23.29,MIA,20-30,101,28.26732673267327,24.221026388386825,586.658119306931,2.789999999999999,0.54935,0.45065,0.0,-121.90169754798625,121.90169754798625,1.9090909090909092,1.9090909090909092,0.048759090909090974,-0.1396681818181818,4.875909090909097,-13.96681818181818,over,0.54935,0.048759090909090974,4.875909090909097,over,20000
player_reception_yds,Michael Wilson,michael wilson,WR,36.5,-110.0,-110,2024,5,48.5,7.0,False,True,WR,41.19,ARI,30-40,222,39.810810810810814,35.42174131599695,1254.699757857405,4.689999999999998,0.5492,0.4508,0.0,-121.82786157941439,121.82786157941439,1.9090909090909092,1.9090909090909092,0.048472727272727334,-0.13938181818181816,4.847272727272733,-13.938181818181816,over,0.5492,0.048472727272727334,4.847272727272733,over,20000
player_reception_yds,Calvin Ridley,calvin ridley,WR,53.5,-110.0,-110,2024,9,38.5,-3.0,True,False,WR,59.05,TEN,50-60,175,60.77142857142857,45.23883799407526,2046.5524630541875,5.549999999999997,0.5492,0.4508,0.0,-121.82786157941439,121.82786157941439,1.9090909090909092,1.9090909090909092,0.048472727272727334,-0.13938181818181816,4.847272727272733,-13.938181818181816,over,0.5492,0.048472727272727334,4.847272727272733,over,20000
player_reception_yds,Ja'Tavion Sanders,jatavion sanders,TE,27.5,-110.0,-110,2024,7,51.0,10.0,False,True,TE,24.0,CAR,20-30,155,32.535483870967745,27.73479503577737,769.218855676581,-3.5,0.4508,0.5492,0.0,121.82786157941439,-121.82786157941439,1.9090909090909092,1.9090909090909092,-0.13938181818181816,0.048472727272727334,-13.938181818181816,4.847272727272733,under,0.5492,0.048472727272727334,4.847272727272733,under,20000
player_reception_yds,Jalen Coker,jalen coker,WR,41.5,-110.0,-110,2024,16,47.0,5.5,False,True,WR,46.4,CAR,40-50,197,52.34517766497462,39.519382558680384,1561.7815978193314,4.899999999999999,0.5491,0.4509,0.0,-121.77866489243736,121.77866489243732,1.9090909090909092,1.9090909090909092,0.048281818181818315,-0.13919090909090898,4.8281818181818315,-13.919090909090897,over,0.5491,0.048281818181818315,4.8281818181818315,over,20000
player_reception_yds,Noah Fant,noah fant,TE,30.5,-110.0,-110,2024,17,43.5,-3.5,True,False,TE,35.51,NO,30-40,83,44.18072289156626,36.40127601114409,1325.0528952394943,5.009999999999998,0.54905,0.45095,0.0,-121.7540747311232,121.75407473112318,1.9090909090909092,1.9090909090909092,0.04818636363636375,-0.13909545454545452,4.818636363636375,-13.909545454545452,over,0.54905,0.04818636363636375,4.818636363636375,over,20000
player_reception_yds,DeAndre Hopkins,deandre hopkins,WR,46.5,-110.0,-110,2024,15,41.5,-4.5,True,False,WR,51.52,BAL,40-50,197,52.34517766497462,39.519382558680384,1561.7815978193314,5.020000000000003,0.54905,0.45095,0.0,-121.7540747311232,121.75407473112318,1.9090909090909092,1.9090909090909092,0.04818636363636375,-0.13909545454545452,4.818636363636375,-13.909545454545452,over,0.54905,0.04818636363636375,4.818636363636375,over,20000
player_reception_yds,Ricky Pearsall,ricky pearsall,WR,19.5,-110.0,-110,2024,13,45.0,6.5,False,True,WR,22.21,SF,<20,194,20.84536082474227,23.784379500884214,565.6967082420812,2.710000000000001,0.54905,0.45095,0.0,-121.7540747311232,121.75407473112318,1.9090909090909092,1.9090909090909092,0.04818636363636375,-0.13909545454545452,4.818636363636375,-13.909545454545452,over,0.54905,0.04818636363636375,4.818636363636375,over,20000
player_reception_yds,Johnny Wilson,johnny wilson,WR,22.5,-110.0,-110,2024,4,42.0,-1.0,True,False,WR,26.33,PHI,20-30,224,33.88392857142857,33.6177959681703,1130.1562057575272,3.8299999999999983,0.54905,0.45095,0.0,-121.7540747311232,121.75407473112318,1.9090909090909092,1.9090909090909092,0.04818636363636375,-0.13909545454545452,4.818636363636375,-13.909545454545452,over,0.54905,0.04818636363636375,4.818636363636375,over,20000
player_reception_yds,Jerry Jeudy,jerry jeudy,WR,48.5,-110.0,-110,2024,9,42.5,2.0,False,True,WR,53.39,CLE,40-50,197,52.34517766497462,39.519382558680384,1561.7815978193314,4.890000000000001,0.549,0.451,0.0,-121.72949002217297,121.72949002217293,1.9090909090909092,1.9090909090909092,0.04809090909090924,-0.1389999999999999,4.809090909090924,-13.89999999999999,over,0.549,0.04809090909090924,4.809090909090924,over,20000
player_reception_yds,Kyle Pitts,kyle pitts,TE,40.5,-110.0,-110,2024,11,44.5,2.0,False,True,TE,44.18,ATL,40-50,77,42.8051948051948,30.604649640714655,936.6445796308957,3.6799999999999997,0.549,0.451,0.0,-121.72949002217297,121.72949002217293,1.9090909090909092,1.9090909090909092,0.04809090909090924,-0.1389999999999999,4.809090909090924,-13.89999999999999,over,0.549,0.04809090909090924,4.809090909090924,over,20000
player_reception_yds,Amon-Ra St. Brown,amon-ra st brown,WR,70.5,-110.0,-110,2024,17,50.5,-4.0,True,False,WR,75.92,DET,60+,244,72.20491803278688,43.97076702840401,1933.4283530661814,5.420000000000002,0.54895,0.45105,0.0,-121.70491076377344,121.70491076377343,1.9090909090909092,1.9090909090909092,0.047995454545454674,-0.13890454545454545,4.799545454545467,-13.890454545454546,over,0.54895,0.047995454545454674,4.799545454545467,over,20000
player_reception_yds,Foster Moreau,foster moreau,TE,19.5,-110.0,-110,2024,17,37.5,2.0,False,True,TE,22.22,HOU,<20,149,20.28187919463087,23.469612040364684,550.822689325231,2.719999999999999,0.54895,0.45105,0.0,-121.70491076377344,121.70491076377343,1.9090909090909092,1.9090909090909092,0.047995454545454674,-0.13890454545454545,4.799545454545467,-13.890454545454546,over,0.54895,0.047995454545454674,4.799545454545467,over,20000
player_reception_yds,Jaylen Waddle,jaylen waddle,WR,43.5,-110.0,-110,2024,11,43.5,-8.0,True,False,WR,47.74,DEN,40-50,197,52.34517766497462,39.519382558680384,1561.7815978193314,4.240000000000002,0.5489,0.4511,0.0,-121.6803369541122,121.68033695411215,1.9090909090909092,1.9090909090909092,0.047900000000000165,-0.13880909090909083,4.790000000000017,-13.880909090909082,over,0.5489,0.047900000000000165,4.790000000000017,over,20000
player_reception_yds,Jerry Jeudy,jerry jeudy,WR,41.5,-110.0,-110,2024,3,38.0,-6.5,True,False,WR,46.31,CLE,40-50,197,52.34517766497462,39.519382558680384,1561.7815978193314,4.810000000000002,0.54885,0.45115,0.0,-121.65576859137757,121.65576859137761,1.9090909090909092,1.9090909090909092,0.04780454545454538,-0.13871363636363637,4.780454545454537,-13.871363636363638,over,0.54885,0.04780454545454538,4.780454545454537,over,20000
player_reception_yds,Amari Cooper,amari cooper,WR,51.5,-110.0,-110,2024,3,38.0,-6.5,True,False,WR,57.17,FA,50-60,175,60.77142857142857,45.23883799407526,2046.5524630541875,5.670000000000002,0.54885,0.45115,0.0,-121.65576859137757,121.65576859137761,1.9090909090909092,1.9090909090909092,0.04780454545454538,-0.13871363636363637,4.780454545454537,-13.871363636363638,over,0.54885,0.04780454545454538,4.780454545454537,over,20000
player_reception_yds,Nico Collins,nico collins,WR,74.5,-110.0,-110,2024,11,41.5,-7.5,True,False,WR,80.15,HOU,60+,244,72.20491803278688,43.97076702840401,1933.4283530661814,5.650000000000006,0.54875,0.45125,0.0,-121.60664819944596,121.606648199446,1.9090909090909092,1.9090909090909092,0.04761363636363636,-0.1385227272727273,4.761363636363636,-13.85227272727273,over,0.54875,0.04761363636363636,4.761363636363636,over,20000
player_reception_yds,Deebo Samuel,deebo samuel,WR,52.5,-110.0,-110,2024,1,43.0,-3.5,True,False,WR,58.35,FA,50-60,175,60.77142857142857,45.23883799407526,2046.5524630541875,5.850000000000001,0.54875,0.45125,0.0,-121.60664819944596,121.606648199446,1.9090909090909092,1.9090909090909092,0.04761363636363636,-0.1385227272727273,4.761363636363636,-13.85227272727273,over,0.54875,0.04761363636363636,4.761363636363636,over,20000
player_reception_yds,Devaughn Vele,devaughn vele,WR,32.5,-110.0,-110,2024,7,37.0,-2.5,True,False,WR,36.92,NO,30-40,222,39.810810810810814,35.42174131599695,1254.699757857405,4.420000000000002,0.54875,0.45125,0.0,-121.60664819944596,121.606648199446,1.9090909090909092,1.9090909090909092,0.04761363636363636,-0.1385227272727273,4.761363636363636,-13.85227272727273,over,0.54875,0.04761363636363636,4.761363636363636,over,20000
player_reception_yds,Tre Tucker,tre tucker,WR,18.5,-110.0,-110,2024,2,41.0,9.0,False,True,WR,21.18,LV,<20,194,20.84536082474227,23.784379500884214,565.6967082420812,2.6799999999999997,0.54865,0.45135,0.0,-121.5575495735017,121.55754957350175,1.9090909090909092,1.9090909090909092,0.04742272727272728,-0.13833181818181828,4.742272727272728,-13.833181818181828,over,0.54865,0.04742272727272728,4.742272727272728,over,20000
player_reception_yds,Noah Gray,noah gray,TE,16.5,-105.0,-115,2024,11,46.5,2.5,False,True,TE,18.71,KC,<20,149,20.28187919463087,23.469612040364684,550.822689325231,2.210000000000001,0.53645,0.46355,0.0,-115.72645885017796,115.72645885017796,1.9523809523809523,1.8695652173913042,0.047354761904761844,-0.1333630434782609,4.735476190476184,-13.33630434782609,over,0.53645,0.047354761904761844,4.735476190476184,over,20000
player_reception_yds,Marvin Harrison Jr.,marvin harrison,WR,65.5,-110.0,-110,2024,1,46.0,6.5,False,True,WR,71.07,ARI,60+,244,72.20491803278688,43.97076702840401,1933.4283530661814,5.569999999999993,0.5486,0.4514,0.0,-121.53300841825431,121.53300841825431,1.9090909090909092,1.9090909090909092,0.04732727272727272,-0.13823636363636355,4.732727272727272,-13.823636363636355,over,0.5486,0.04732727272727272,4.732727272727272,over,20000
player_reception_yds,Diontae Johnson,diontae johnson,WR,52.5,-110.0,-110,2024,1,41.5,3.5,False,True,WR,57.19,FA,50-60,175,60.77142857142857,45.23883799407526,2046.5524630541875,4.689999999999998,0.5486,0.4514,0.0,-121.53300841825431,121.53300841825431,1.9090909090909092,1.9090909090909092,0.04732727272727272,-0.13823636363636355,4.732727272727272,-13.823636363636355,over,0.5486,0.04732727272727272,4.732727272727272,over,20000
player_reception_yds,Rico Dowdle,rico dowdle,RB,15.5,-110.0,-110,2024,9,52.0,3.0,False,True,RB,17.86,PIT,<20,432,17.046296296296298,19.125546894078457,365.78654399759415,2.3599999999999994,0.54855,0.45145,0.0,-121.50847269908073,121.50847269908073,1.9090909090909092,1.9090909090909092,0.04723181818181821,-0.13814090909090904,4.723181818181821,-13.814090909090904,over,0.54855,0.04723181818181821,4.723181818181821,over,20000
player_reception_yds,Marvin Harrison Jr.,marvin harrison,WR,53.5,-110.0,-110,2024,9,44.5,-1.5,True,False,WR,59.78,ARI,50-60,175,60.77142857142857,45.23883799407526,2046.5524630541875,6.280000000000001,0.5485,0.4515,0.0,-121.48394241417498,121.48394241417498,1.9090909090909092,1.9090909090909092,0.04713636363636364,-0.13804545454545447,4.713636363636365,-13.804545454545448,over,0.5485,0.04713636363636364,4.713636363636365,over,20000
player_reception_yds,Chris Olave,chris olave,WR,67.5,-110.0,-110,2024,9,43.5,-7.0,True,False,WR,72.55,NO,60+,244,72.20491803278688,43.97076702840401,1933.4283530661814,5.049999999999997,0.5485,0.4515,0.0,-121.48394241417498,121.48394241417498,1.9090909090909092,1.9090909090909092,0.04713636363636364,-0.13804545454545447,4.713636363636365,-13.804545454545448,over,0.5485,0.04713636363636364,4.713636363636365,over,20000
player_reception_yds,DeAndre Hopkins,deandre hopkins,WR,42.5,-110.0,-110,2024,14,43.5,-5.0,True,False,WR,47.69,BAL,40-50,197,52.34517766497462,39.519382558680384,1561.7815978193314,5.189999999999998,0.5483,0.4517,0.0,-121.38587558113792,121.38587558113792,1.9090909090909092,1.9090909090909092,0.04675454545454549,-0.13766363636363632,4.675454545454549,-13.766363636363632,over,0.5483,0.04675454545454549,4.675454545454549,over,20000
player_reception_yds,Tee Higgins,tee higgins,WR,53.5,-110.0,-110,2024,4,47.0,-4.5,True,False,WR,58.68,CIN,50-60,175,60.77142857142857,45.23883799407526,2046.5524630541875,5.18,0.54825,0.45175,0.0,-121.36137244050914,121.36137244050914,1.9090909090909092,1.9090909090909092,0.04665909090909098,-0.1375681818181818,4.665909090909098,-13.756818181818181,over,0.54825,0.04665909090909098,4.665909090909098,over,20000
player_reception_yds,Andrei Iosivas,andrei iosivas,WR,17.5,-110.0,-110,2024,11,48.0,1.0,False,True,WR,20.43,CIN,<20,194,20.84536082474227,23.784379500884214,565.6967082420812,2.9299999999999997,0.54825,0.45175,0.0,-121.36137244050914,121.36137244050914,1.9090909090909092,1.9090909090909092,0.04665909090909098,-0.1375681818181818,4.665909090909098,-13.756818181818181,over,0.54825,0.04665909090909098,4.665909090909098,over,20000
player_reception_yds,Mike Evans,mike evans,WR,62.5,-110.0,-110,2024,3,40.5,-6.0,True,False,WR,67.64,SF,60+,244,72.20491803278688,43.97076702840401,1933.4283530661814,5.140000000000001,0.5482,0.4518,0.0,-121.33687472332892,121.33687472332892,1.9090909090909092,1.9090909090909092,0.046563636363636474,-0.1374727272727273,4.656363636363647,-13.74727272727273,over,0.5482,0.046563636363636474,4.656363636363647,over,20000
player_reception_yds,Mike Gesicki,mike gesicki,,20.5,-110.0,-110,2024,6,46.0,,False,False,TE,24.33,CIN,20-30,155,32.535483870967745,27.73479503577737,769.218855676581,3.8299999999999983,0.5482,0.4518,0.0,-121.33687472332892,121.33687472332892,1.9090909090909092,1.9090909090909092,0.046563636363636474,-0.1374727272727273,4.656363636363647,-13.74727272727273,over,0.5482,0.046563636363636474,4.656363636363647,over,20000
player_reception_yds,Aaron Jones,aaron jones,RB,22.5,-110.0,-110,2024,9,47.0,-6.5,True,False,RB,25.41,MIN,20-30,101,28.26732673267327,24.221026388386825,586.658119306931,2.91,0.5482,0.4518,0.0,-121.33687472332892,121.33687472332892,1.9090909090909092,1.9090909090909092,0.046563636363636474,-0.1374727272727273,4.656363636363647,-13.74727272727273,over,0.5482,0.046563636363636474,4.656363636363647,over,20000
player_reception_yds,Jahmyr Gibbs,jahmyr gibbs,RB,23.5,-110.0,-110,2024,1,54.0,-5.0,True,False,RB,26.25,DET,20-30,101,28.26732673267327,24.221026388386825,586.658119306931,2.75,0.5482,0.4518,0.0,-121.33687472332892,121.33687472332892,1.9090909090909092,1.9090909090909092,0.046563636363636474,-0.1374727272727273,4.656363636363647,-13.74727272727273,over,0.5482,0.046563636363636474,4.656363636363647,over,20000
player_reception_yds,Gabe Davis,gabe davis,WR,37.5,-122.0,100,2024,1,49.5,3.5,False,True,WR,44.07,FA,30-40,222,39.810810810810814,35.42174131599695,1254.699757857405,6.57,0.5751,0.4249,0.0,-135.34949399858786,135.3494939985879,1.819672131147541,2.0,0.04649344262295074,-0.15019999999999994,4.649344262295074,-15.019999999999994,over,0.5751,0.04649344262295074,4.649344262295074,over,20000
player_reception_yds,DJ Moore,dj moore,WR,63.5,-110.0,-110,2024,3,43.0,1.5,False,True,WR,68.84,BUF,60+,244,72.20491803278688,43.97076702840401,1933.4283530661814,5.340000000000003,0.54805,0.45195,0.0,-121.2634140944795,121.26341409447946,1.9090909090909092,1.9090909090909092,0.046277272727272833,-0.1371863636363635,4.627727272727284,-13.71863636363635,over,0.54805,0.046277272727272833,4.627727272727284,over,20000
player_reception_yds,David Njoku,david njoku,TE,36.5,-110.0,-110,2024,5,44.0,3.0,False,True,TE,31.59,LAC,30-40,83,44.18072289156626,36.40127601114409,1325.0528952394943,-4.91,0.4521,0.5479,0.0,121.19000221190004,-121.19000221190005,1.9090909090909092,1.9090909090909092,-0.13690000000000002,0.04599090909090925,-13.690000000000001,4.599090909090925,under,0.5479,0.04599090909090925,4.599090909090925,under,20000
player_reception_yds,Quentin Johnston,quentin johnston,WR,44.5,-110.0,-110,2024,14,43.5,5.0,False,True,WR,48.89,LAC,40-50,197,52.34517766497462,39.519382558680384,1561.7815978193314,4.390000000000001,0.54785,0.45215,0.0,-121.16554240849274,121.16554240849275,1.9090909090909092,1.9090909090909092,0.04589545454545452,-0.13680454545454535,4.589545454545451,-13.680454545454534,over,0.54785,0.04589545454545452,4.589545454545451,over,20000
player_reception_yds,Dalton Schultz,dalton schultz,TE,34.5,-110.0,-110,2024,15,46.5,-2.5,True,False,TE,38.91,HOU,30-40,83,44.18072289156626,36.40127601114409,1325.0528952394943,4.409999999999997,0.54765,0.45235,0.0,-121.06775726760252,121.06775726760253,1.9090909090909092,1.9090909090909092,0.04551363636363637,-0.13642272727272725,4.551363636363637,-13.642272727272726,over,0.54765,0.04551363636363637,4.551363636363637,over,20000
player_reception_yds,CeeDee Lamb,ceedee lamb,WR,81.5,-110.0,-110,2024,4,45.0,-5.5,True,False,WR,86.85,DAL,60+,244,72.20491803278688,43.97076702840401,1933.4283530661814,5.349999999999994,0.54755,0.45245,0.0,-121.01889711570338,121.01889711570338,1.9090909090909092,1.9090909090909092,0.04532272727272729,-0.13623181818181812,4.532272727272729,-13.623181818181813,over,0.54755,0.04532272727272729,4.532272727272729,over,20000
player_reception_yds,Khalil Shakir,khalil shakir,WR,45.5,-110.0,-110,2024,1,46.0,-6.5,True,False,WR,50.31,BUF,40-50,197,52.34517766497462,39.519382558680384,1561.7815978193314,4.810000000000002,0.54755,0.45245,0.0,-121.01889711570338,121.01889711570338,1.9090909090909092,1.9090909090909092,0.04532272727272729,-0.13623181818181812,4.532272727272729,-13.623181818181813,over,0.54755,0.04532272727272729,4.532272727272729,over,20000
player_reception_yds,Marvin Harrison Jr.,marvin harrison,WR,50.5,-110.0,-110,2024,16,47.0,-5.5,True,False,WR,56.01,ARI,50-60,175,60.77142857142857,45.23883799407526,2046.5524630541875,5.509999999999998,0.54745,0.45255,0.0,-120.97005855706551,120.97005855706551,1.9090909090909092,1.9090909090909092,0.04513181818181822,-0.13604090909090905,4.513181818181822,-13.604090909090905,over,0.54745,0.04513181818181822,4.513181818181822,over,20000
player_reception_yds,James Cook,james cook,RB,18.5,-110.0,-110,2024,11,46.5,-2.5,True,False,RB,20.7,BUF,<20,432,17.046296296296298,19.125546894078457,365.78654399759415,2.1999999999999993,0.54735,0.45265,0.0,-120.92124157737767,120.92124157737767,1.9090909090909092,1.9090909090909092,0.04494090909090914,-0.13584999999999997,4.4940909090909145,-13.584999999999997,over,0.54735,0.04494090909090914,4.4940909090909145,over,20000
player_reception_yds,Devaughn Vele,devaughn vele,WR,34.5,-110.0,-110,2024,15,43.5,-4.5,True,False,WR,38.51,NO,30-40,222,39.810810810810814,35.42174131599695,1254.699757857405,4.009999999999998,0.5473,0.4527,0.0,-120.8968411751712,120.8968411751712,1.9090909090909092,1.9090909090909092,0.04484545454545463,-0.13575454545454546,4.484545454545463,-13.575454545454546,over,0.5473,0.04484545454545463,4.484545454545463,over,20000
player_reception_yds,Chris Godwin,chris godwin,WR,63.5,-110.0,-110,2024,3,40.5,-6.0,True,False,WR,68.22,TB,60+,244,72.20491803278688,43.97076702840401,1933.4283530661814,4.719999999999999,0.54715,0.45285,0.0,-120.82367229767033,120.82367229767033,1.9090909090909092,1.9090909090909092,0.04455909090909099,-0.13546818181818182,4.455909090909099,-13.546818181818182,over,0.54715,0.04455909090909099,4.455909090909099,over,20000
player_reception_yds,Joshua Palmer,joshua palmer,,29.5,-110.0,-110,2024,6,37.0,,False,False,WR,33.32,BUF,20-30,224,33.88392857142857,33.6177959681703,1130.1562057575272,3.8200000000000003,0.54705,0.45295,0.0,-120.77491996909153,120.77491996909151,1.9090909090909092,1.9090909090909092,0.04436818181818192,-0.1352772727272727,4.436818181818191,-13.527727272727269,over,0.54705,0.04436818181818192,4.436818181818191,over,20000
player_reception_yds,Diontae Johnson,diontae johnson,WR,62.5,-110.0,-110,2024,4,47.0,4.5,False,True,WR,67.91,FA,60+,244,72.20491803278688,43.97076702840401,1933.4283530661814,5.409999999999997,0.547,0.453,0.0,-120.7505518763797,120.75055187637967,1.9090909090909092,1.9090909090909092,0.04427272727272741,-0.13518181818181807,4.427272727272741,-13.518181818181807,over,0.547,0.04427272727272741,4.427272727272741,over,20000
player_reception_yds,Courtland Sutton,courtland sutton,WR,43.5,-110.0,-110,2024,3,40.5,6.0,False,True,WR,48.47,DEN,40-50,197,52.34517766497462,39.519382558680384,1561.7815978193314,4.969999999999999,0.5469,0.4531,0.0,-120.70183182520418,120.70183182520414,1.9090909090909092,1.9090909090909092,0.04408181818181833,-0.134990909090909,4.408181818181833,-13.4990909090909,over,0.5469,0.04408181818181833,4.408181818181833,over,20000
player_reception_yds,Stefon Diggs,stefon diggs,WR,60.5,-110.0,-110,2024,4,44.5,-5.5,True,False,WR,65.77,FA,60+,244,72.20491803278688,43.97076702840401,1933.4283530661814,5.269999999999996,0.54685,0.45315,0.0,-120.67747986317994,120.67747986317997,1.9090909090909092,1.9090909090909092,0.0439863636363636,-0.1348954545454546,4.39863636363636,-13.48954545454546,over,0.54685,0.0439863636363636,4.39863636363636,over,20000
player_reception_yds,DeAndre Hopkins,deandre hopkins,WR,51.5,-110.0,-110,2024,10,42.5,-7.5,True,False,WR,56.47,BAL,50-60,175,60.77142857142857,45.23883799407526,2046.5524630541875,4.969999999999999,0.5467,0.4533,0.0,-120.60445621001541,120.60445621001544,1.9090909090909092,1.9090909090909092,0.04369999999999996,-0.13460909090909084,4.369999999999996,-13.460909090909084,over,0.5467,0.04369999999999996,4.369999999999996,over,20000
player_reception_yds,Tank Dell,tank dell,WR,70.5,-110.0,-110,2024,10,49.0,4.5,False,True,WR,65.51,HOU,60+,244,72.20491803278688,43.97076702840401,1933.4283530661814,-4.989999999999995,0.4534,0.5466,0.0,120.55580061755623,-120.55580061755623,1.9090909090909092,1.9090909090909092,-0.13441818181818171,0.043509090909090886,-13.44181818181817,4.350909090909089,under,0.5466,0.043509090909090886,4.350909090909089,under,20000
player_reception_yds,Foster Moreau,foster moreau,TE,21.5,-110.0,-110,2024,14,41.0,-5.5,True,False,TE,25.12,HOU,20-30,155,32.535483870967745,27.73479503577737,769.218855676581,3.620000000000001,0.5465,0.4535,0.0,-120.50716648291069,120.50716648291069,1.9090909090909092,1.9090909090909092,0.04331818181818181,-0.13422727272727264,4.331818181818181,-13.422727272727265,over,0.5465,0.04331818181818181,4.331818181818181,over,20000
player_reception_yds,Ladd McConkey,ladd mcconkey,WR,51.5,-110.0,-110,2024,7,44.0,-1.0,True,False,WR,56.77,LAC,50-60,175,60.77142857142857,45.23883799407526,2046.5524630541875,5.270000000000003,0.54625,0.45375,0.0,-120.38567493112949,120.38567493112949,1.9090909090909092,1.9090909090909092,0.04284090909090915,-0.13374999999999998,4.284090909090915,-13.374999999999998,over,0.54625,0.04284090909090915,4.284090909090915,over,20000
player_reception_yds,Drake London,drake london,WR,61.5,-110.0,-110,2024,2,46.5,5.5,False,True,WR,66.75,ATL,60+,244,72.20491803278688,43.97076702840401,1933.4283530661814,5.25,0.54625,0.45375,0.0,-120.38567493112949,120.38567493112949,1.9090909090909092,1.9090909090909092,0.04284090909090915,-0.13374999999999998,4.284090909090915,-13.374999999999998,over,0.54625,0.04284090909090915,4.284090909090915,over,20000
player_reception_yds,Darnell Mooney,darnell mooney,WR,52.5,-110.0,-110,2024,7,51.5,-3.0,True,False,WR,57.34,NYG,50-60,175,60.77142857142857,45.23883799407526,2046.5524630541875,4.840000000000003,0.5462,0.4538,0.0,-120.36139268400177,120.36139268400177,1.9090909090909092,1.9090909090909092,0.04274545454545464,-0.13365454545454547,4.274545454545464,-13.365454545454547,over,0.5462,0.04274545454545464,4.274545454545464,over,20000
player_reception_yds,Jahmyr Gibbs,jahmyr gibbs,RB,27.5,-110.0,-110,2024,16,47.5,-7.0,True,False,RB,30.33,DET,20-30,101,28.26732673267327,24.221026388386825,586.658119306931,2.8299999999999983,0.5462,0.4538,0.0,-120.36139268400177,120.36139268400177,1.9090909090909092,1.9090909090909092,0.04274545454545464,-0.13365454545454547,4.274545454545464,-13.365454545454547,over,0.5462,0.04274545454545464,4.274545454545464,over,20000
player_reception_yds,Malik Nabers,malik nabers,WR,72.5,-110.0,-110,2024,4,45.0,5.5,False,True,WR,77.67,NYG,60+,244,72.20491803278688,43.97076702840401,1933.4283530661814,5.170000000000002,0.54615,0.45385,0.0,-120.33711578715436,120.33711578715436,1.9090909090909092,1.9090909090909092,0.04265000000000008,-0.1335590909090909,4.265000000000008,-13.35590909090909,over,0.54615,0.04265000000000008,4.265000000000008,over,20000
player_reception_yds,Travis Kelce,travis kelce,TE,52.5,-110.0,-110,2024,15,41.5,-4.5,True,False,TE,56.76,KC,50-60,28,62.82142857142857,33.57799988255154,1127.4820761126311,4.259999999999998,0.54605,0.45395,0.0,-120.28857803722879,120.28857803722875,1.9090909090909092,1.9090909090909092,0.042459090909091,-0.13336818181818166,4.2459090909091,-13.336818181818167,over,0.54605,0.042459090909091,4.2459090909091,over,20000
player_reception_yds,Kayshon Boutte,kayshon boutte,WR,35.5,-110.0,-110,2024,12,46.0,7.5,False,True,WR,40.1,NE,30-40,222,39.810810810810814,35.42174131599695,1254.699757857405,4.600000000000001,0.54605,0.45395,0.0,-120.28857803722879,120.28857803722875,1.9090909090909092,1.9090909090909092,0.042459090909091,-0.13336818181818166,4.2459090909091,-13.336818181818167,over,0.54605,0.042459090909091,4.2459090909091,over,20000
player_reception_yds,Alvin Kamara,alvin kamara,RB,35.5,-110.0,-110,2024,7,37.0,2.5,False,True,RB,33.0,NO,30-40,24,36.0,21.178703511203796,448.537482415476,-2.5,0.454,0.546,0.0,120.26431718061674,-120.26431718061676,1.9090909090909092,1.9090909090909092,-0.13327272727272726,0.04236363636363649,-13.327272727272726,4.236363636363649,under,0.546,0.04236363636363649,4.236363636363649,under,20000
player_reception_yds,Rome Odunze,rome odunze,WR,42.5,-110.0,-110,2024,14,43.5,3.0,False,True,WR,46.66,CHI,40-50,197,52.34517766497462,39.519382558680384,1561.7815978193314,4.159999999999997,0.546,0.454,0.0,-120.26431718061676,120.26431718061674,1.9090909090909092,1.9090909090909092,0.04236363636363649,-0.13327272727272726,4.236363636363649,-13.327272727272726,over,0.546,0.04236363636363649,4.236363636363649,over,20000
player_reception_yds,Breece Hall,breece hall,RB,30.5,-110.0,-110,2024,8,41.0,-7.0,True,False,RB,32.84,NYJ,30-40,24,36.0,21.178703511203796,448.537482415476,2.3400000000000034,0.54595,0.45405,0.0,-120.24006166721729,120.24006166721725,1.9090909090909092,1.9090909090909092,0.04226818181818193,-0.13317727272727264,4.226818181818192,-13.317727272727264,over,0.54595,0.04226818181818193,4.226818181818192,over,20000
player_reception_yds,Aaron Jones,aaron jones,RB,19.5,-110.0,-110,2024,3,46.0,2.0,False,True,RB,21.81,MIN,<20,432,17.046296296296298,19.125546894078457,365.78654399759415,2.3099999999999987,0.5459,0.4541,0.0,-120.21581149526538,120.21581149526537,1.9090909090909092,1.9090909090909092,0.04217272727272742,-0.1330818181818182,4.217272727272742,-13.308181818181819,over,0.5459,0.04217272727272742,4.217272727272742,over,20000
player_reception_yds,Xavier Legette,xavier legette,WR,44.5,-110.0,-110,2024,5,40.0,4.0,False,True,WR,48.73,CAR,40-50,197,52.34517766497462,39.519382558680384,1561.7815978193314,4.229999999999997,0.54585,0.45415,0.0,-120.19156666299678,120.19156666299679,1.9090909090909092,1.9090909090909092,0.042077272727272685,-0.13298636363636357,4.2077272727272685,-13.298636363636357,over,0.54585,0.042077272727272685,4.2077272727272685,over,20000
player_reception_yds,Darius Slayton,darius slayton,WR,25.5,-110.0,-110,2024,4,45.0,5.5,False,True,WR,29.64,NYG,20-30,224,33.88392857142857,33.6177959681703,1130.1562057575272,4.140000000000001,0.54585,0.45415,0.0,-120.19156666299678,120.19156666299679,1.9090909090909092,1.9090909090909092,0.042077272727272685,-0.13298636363636357,4.2077272727272685,-13.298636363636357,over,0.54585,0.042077272727272685,4.2077272727272685,over,20000
player_reception_yds,Justin Watson,justin watson,,25.5,-110.0,-110,2024,5,43.0,,False,False,WR,29.5,HOU,20-30,224,33.88392857142857,33.6177959681703,1130.1562057575272,4.0,0.5457,0.4543,0.0,-120.11886418666077,120.11886418666082,1.9090909090909092,1.9090909090909092,0.041790909090909045,-0.13270000000000004,4.179090909090904,-13.270000000000003,over,0.5457,0.041790909090909045,4.179090909090904,over,20000
player_reception_yds,Rachaad White,rachaad white,RB,22.5,-110.0,-110,2024,15,46.0,3.0,False,True,RB,19.56,WAS,20-30,101,28.26732673267327,24.221026388386825,586.658119306931,-2.9400000000000013,0.4543,0.5457,0.0,120.11886418666082,-120.11886418666077,1.9090909090909092,1.9090909090909092,-0.13270000000000004,0.041790909090909045,-13.270000000000003,4.179090909090904,under,0.5457,0.041790909090909045,4.179090909090904,under,20000
player_reception_yds,Colby Parkinson,colby parkinson,TE,29.5,-110.0,-110,2024,8,47.5,3.0,False,True,TE,32.54,LAR,20-30,155,32.535483870967745,27.73479503577737,769.218855676581,3.039999999999999,0.54565,0.45435,0.0,-120.09464069549905,120.09464069549907,1.9090909090909092,1.9090909090909092,0.041695454545454536,-0.13260454545454542,4.169545454545453,-13.260454545454541,over,0.54565,0.041695454545454536,4.169545454545453,over,20000
player_reception_yds,Mark Andrews,mark andrews,TE,31.5,-110.0,-110,2024,12,51.0,-3.0,True,False,TE,36.17,BAL,30-40,83,44.18072289156626,36.40127601114409,1325.0528952394943,4.670000000000002,0.54555,0.45445,0.0,-120.04620970403784,120.04620970403784,1.9090909090909092,1.9090909090909092,0.04150454545454546,-0.1324136363636363,4.150454545454546,-13.241363636363628,over,0.54555,0.04150454545454546,4.150454545454546,over,20000
player_reception_yds,Will Dissly,will dissly,TE,24.5,-110.0,-110,2024,10,40.0,-8.0,True,False,TE,27.76,FA,20-30,155,32.535483870967745,27.73479503577737,769.218855676581,3.2600000000000016,0.5454,0.4546,0.0,-119.97360316761988,119.97360316761988,1.9090909090909092,1.9090909090909092,0.041218181818181876,-0.1321272727272727,4.121818181818187,-13.212727272727271,over,0.5454,0.041218181818181876,4.121818181818187,over,20000
player_reception_yds,Austin Hooper,austin hooper,TE,17.5,-110.0,-110,2024,11,42.5,4.0,False,True,TE,20.34,ATL,<20,149,20.28187919463087,23.469612040364684,550.822689325231,2.84,0.54535,0.45465,0.0,-119.94941163532387,119.94941163532387,1.9090909090909092,1.9090909090909092,0.04112272727272731,-0.13203181818181814,4.112272727272731,-13.203181818181815,over,0.54535,0.04112272727272731,4.112272727272731,over,20000
player_reception_yds,Andrei Iosivas,andrei iosivas,WR,28.5,-110.0,-110,2024,4,47.0,-4.5,True,False,WR,32.34,CIN,20-30,224,33.88392857142857,33.6177959681703,1130.1562057575272,3.8400000000000034,0.5451,0.4549,0.0,-119.82853374367996,119.8285337436799,1.9090909090909092,1.9090909090909092,0.04064545454545465,-0.1315545454545453,4.064545454545465,-13.155454545454532,over,0.5451,0.04064545454545465,4.064545454545465,over,20000
player_reception_yds,Justin Jefferson,justin jefferson,WR,86.5,-110.0,-110,2024,8,47.5,-3.0,True,False,WR,91.51,MIN,60+,244,72.20491803278688,43.97076702840401,1933.4283530661814,5.010000000000005,0.54505,0.45495,0.0,-119.80437410704475,119.80437410704474,1.9090909090909092,1.9090909090909092,0.040550000000000086,-0.13145909090909091,4.055000000000009,-13.145909090909091,over,0.54505,0.040550000000000086,4.055000000000009,over,20000
player_reception_yds,Ray-Ray McCloud III,ray-ray mccloud,WR,29.5,-110.0,-110,2024,9,52.0,-3.0,True,False,WR,33.41,FA,20-30,224,33.88392857142857,33.6177959681703,1130.1562057575272,3.9099999999999966,0.54505,0.45495,0.0,-119.80437410704475,119.80437410704474,1.9090909090909092,1.9090909090909092,0.040550000000000086,-0.13145909090909091,4.055000000000009,-13.145909090909091,over,0.54505,0.040550000000000086,4.055000000000009,over,20000
player_reception_yds,Calvin Austin III,calvin austin,WR,21.5,-110.0,-110,2024,10,45.0,1.5,False,True,WR,25.39,NYG,20-30,224,33.88392857142857,33.6177959681703,1130.1562057575272,3.8900000000000006,0.545,0.455,0.0,-119.78021978021981,119.78021978021977,1.9090909090909092,1.9090909090909092,0.040454545454545576,-0.13136363636363624,4.045454545454557,-13.136363636363624,over,0.545,0.040454545454545576,4.045454545454557,over,20000
player_reception_yds,D'Andre Swift,dandre swift,RB,16.5,-110.0,-110,2024,11,41.0,6.0,False,True,RB,18.47,CHI,<20,432,17.046296296296298,19.125546894078457,365.78654399759415,1.9699999999999989,0.545,0.455,0.0,-119.78021978021981,119.78021978021977,1.9090909090909092,1.9090909090909092,0.040454545454545576,-0.13136363636363624,4.045454545454557,-13.136363636363624,over,0.545,0.040454545454545576,4.045454545454557,over,20000
player_reception_yds,Parker Washington,parker washington,WR,29.5,-110.0,-110,2024,16,41.5,2.5,False,True,WR,33.25,JAC,20-30,224,33.88392857142857,33.6177959681703,1130.1562057575272,3.75,0.545,0.455,0.0,-119.78021978021981,119.78021978021977,1.9090909090909092,1.9090909090909092,0.040454545454545576,-0.13136363636363624,4.045454545454557,-13.136363636363624,over,0.545,0.040454545454545576,4.045454545454557,over,20000
player_reception_yds,Terry McLaurin,terry mclaurin,WR,65.5,-110.0,-110,2024,17,46.5,-3.5,True,False,WR,71.16,WAS,60+,244,72.20491803278688,43.97076702840401,1933.4283530661814,5.659999999999997,0.54495,0.45505,0.0,-119.75607076145481,119.7560707614548,1.9090909090909092,1.9090909090909092,0.04035909090909107,-0.13126818181818184,4.035909090909106,-13.126818181818184,over,0.54495,0.04035909090909107,4.035909090909106,over,20000
player_reception_yds,Xavier Legette,xavier legette,WR,39.5,-110.0,-110,2024,6,45.5,6.0,False,True,WR,43.72,CAR,30-40,222,39.810810810810814,35.42174131599695,1254.699757857405,4.219999999999999,0.54495,0.45505,0.0,-119.75607076145481,119.7560707614548,1.9090909090909092,1.9090909090909092,0.04035909090909107,-0.13126818181818184,4.035909090909106,-13.126818181818184,over,0.54495,0.04035909090909107,4.035909090909106,over,20000
player_reception_yds,De'Von Achane,devon achane,RB,32.5,-110.0,-110,2024,14,45.0,-6.5,True,False,RB,34.68,MIA,30-40,24,36.0,21.178703511203796,448.537482415476,2.1799999999999997,0.5449,0.4551,0.0,-119.73192704900023,119.7319270490002,1.9090909090909092,1.9090909090909092,0.0402636363636365,-0.13117272727272716,4.02636363636365,-13.117272727272717,over,0.5449,0.0402636363636365,4.02636363636365,over,20000
player_reception_yds,Trey McBride,trey mcbride,TE,52.5,-110.0,-110,2024,3,51.5,3.0,False,True,TE,56.46,ARI,50-60,28,62.82142857142857,33.57799988255154,1127.4820761126311,3.960000000000001,0.5449,0.4551,0.0,-119.73192704900023,119.7319270490002,1.9090909090909092,1.9090909090909092,0.0402636363636365,-0.13117272727272716,4.02636363636365,-13.117272727272717,over,0.5449,0.0402636363636365,4.02636363636365,over,20000
player_reception_yds,Adam Thielen,adam thielen,WR,37.5,-110.0,-110,2024,1,41.5,3.5,False,True,WR,42.02,FA,30-40,222,39.810810810810814,35.42174131599695,1254.699757857405,4.520000000000003,0.54485,0.45515,0.0,-119.7077886411073,119.70778864110734,1.9090909090909092,1.9090909090909092,0.04016818181818177,-0.13107727272727276,4.016818181818177,-13.107727272727276,over,0.54485,0.04016818181818177,4.016818181818177,over,20000
player_reception_yds,Tyler Boyd,tyler boyd,WR,24.5,-110.0,-110,2024,1,43.0,4.0,False,True,WR,28.19,FA,20-30,224,33.88392857142857,33.6177959681703,1130.1562057575272,3.6900000000000013,0.5448,0.4552,0.0,-119.6836555360281,119.68365553602811,1.9090909090909092,1.9090909090909092,0.040072727272727204,-0.1309818181818181,4.007272727272721,-13.098181818181809,over,0.5448,0.040072727272727204,4.007272727272721,over,20000
player_reception_yds,Hunter Henry,hunter henry,TE,42.5,-110.0,-110,2024,15,46.5,6.0,False,True,TE,45.73,NE,40-50,77,42.8051948051948,30.604649640714655,936.6445796308957,3.229999999999997,0.5446,0.4554,0.0,-119.58717610891522,119.58717610891522,1.9090909090909092,1.9090909090909092,0.03969090909090911,-0.13059999999999994,3.969090909090911,-13.059999999999993,over,0.5446,0.03969090909090911,3.969090909090911,over,20000
player_reception_yds,Will Dissly,will dissly,TE,40.5,-110.0,-110,2024,12,51.0,3.0,False,True,TE,44.07,FA,40-50,77,42.8051948051948,30.604649640714655,936.6445796308957,3.5700000000000003,0.54455,0.45545,0.0,-119.56306949171149,119.56306949171149,1.9090909090909092,1.9090909090909092,0.039595454545454545,-0.13050454545454537,3.9595454545454545,-13.050454545454537,over,0.54455,0.039595454545454545,3.9595454545454545,over,20000
player_reception_yds,Dalton Schultz,dalton schultz,TE,25.5,-110.0,-110,2024,5,48.0,-1.0,True,False,TE,28.35,HOU,20-30,155,32.535483870967745,27.73479503577737,769.218855676581,2.8500000000000014,0.54455,0.45545,0.0,-119.56306949171149,119.56306949171149,1.9090909090909092,1.9090909090909092,0.039595454545454545,-0.13050454545454537,3.9595454545454545,-13.050454545454537,over,0.54455,0.039595454545454545,3.9595454545454545,over,20000
player_reception_yds,Josh Downs,josh downs,WR,67.5,-110.0,-110,2024,10,46.5,4.5,False,True,WR,62.41,IND,60+,244,72.20491803278688,43.97076702840401,1933.4283530661814,-5.090000000000003,0.4555,0.5445,0.0,119.5389681668496,-119.5389681668496,1.9090909090909092,1.9090909090909092,-0.13040909090909086,0.039500000000000035,-13.040909090909086,3.9500000000000037,under,0.5445,0.039500000000000035,3.9500000000000037,under,20000
player_reception_yds,Rachaad White,rachaad white,RB,25.5,-110.0,-110,2024,2,51.5,7.5,False,True,RB,28.19,WAS,20-30,101,28.26732673267327,24.221026388386825,586.658119306931,2.6900000000000013,0.5445,0.4555,0.0,-119.5389681668496,119.5389681668496,1.9090909090909092,1.9090909090909092,0.039500000000000035,-0.13040909090909086,3.9500000000000037,-13.040909090909086,over,0.5445,0.039500000000000035,3.9500000000000037,over,20000
player_reception_yds,Zach Ertz,zach ertz,TE,24.5,-110.0,-110,2024,1,42.0,4.0,False,True,TE,27.01,FA,20-30,155,32.535483870967745,27.73479503577737,769.218855676581,2.5100000000000016,0.5445,0.4555,0.0,-119.5389681668496,119.5389681668496,1.9090909090909092,1.9090909090909092,0.039500000000000035,-0.13040909090909086,3.9500000000000037,-13.040909090909086,over,0.5445,0.039500000000000035,3.9500000000000037,over,20000
player_reception_yds,Brock Bowers,brock bowers,TE,60.5,-110.0,-110,2024,7,43.0,7.0,False,True,TE,64.18,LV,60+,20,68.4,33.57799988255154,1127.4820761126311,3.680000000000007,0.5444,0.4556,0.0,-119.49078138718173,119.49078138718173,1.9090909090909092,1.9090909090909092,0.03930909090909096,-0.1302181818181818,3.930909090909096,-13.02181818181818,over,0.5444,0.03930909090909096,3.930909090909096,over,20000
player_reception_yds,Hunter Henry,hunter henry,TE,33.5,-110.0,-110,2024,3,39.0,6.5,False,True,TE,38.01,NE,30-40,83,44.18072289156626,36.40127601114409,1325.0528952394943,4.509999999999998,0.54435,0.45565,0.0,-119.46669592889279,119.46669592889279,1.9090909090909092,1.9090909090909092,0.039213636363636395,-0.13012272727272722,3.9213636363636395,-13.012272727272723,over,0.54435,0.039213636363636395,3.9213636363636395,over,20000
player_reception_yds,Sam LaPorta,sam laporta,TE,43.5,-110.0,-110,2024,17,50.5,-4.0,True,False,TE,47.03,DET,40-50,77,42.8051948051948,30.604649640714655,936.6445796308957,3.530000000000001,0.54435,0.45565,0.0,-119.46669592889279,119.46669592889279,1.9090909090909092,1.9090909090909092,0.039213636363636395,-0.13012272727272722,3.9213636363636395,-13.012272727272723,over,0.54435,0.039213636363636395,3.9213636363636395,over,20000
player_reception_yds,Calvin Ridley,calvin ridley,WR,47.5,-110.0,-110,2024,8,45.0,12.5,False,True,WR,52.32,TEN,40-50,197,52.34517766497462,39.519382558680384,1561.7815978193314,4.82,0.5443,0.4557,0.0,-119.44261575597982,119.44261575597982,1.9090909090909092,1.9090909090909092,0.039118181818181885,-0.1300272727272727,3.9118181818181883,-13.002727272727272,over,0.5443,0.039118181818181885,3.9118181818181883,over,20000
player_reception_yds,Travis Etienne Jr.,travis etienne,RB,20.5,-110.0,-110,2024,3,46.5,4.0,False,True,RB,23.16,NO,20-30,101,28.26732673267327,24.221026388386825,586.658119306931,2.66,0.5443,0.4557,0.0,-119.44261575597982,119.44261575597982,1.9090909090909092,1.9090909090909092,0.039118181818181885,-0.1300272727272727,3.9118181818181883,-13.002727272727272,over,0.5443,0.039118181818181885,3.9118181818181883,over,20000
player_reception_yds,Chris Olave,chris olave,WR,59.5,-110.0,-110,2024,5,43.0,5.5,False,True,WR,64.64,NO,50-60,175,60.77142857142857,45.23883799407526,2046.5524630541875,5.140000000000001,0.5442,0.4558,0.0,-119.39447125932428,119.39447125932428,1.9090909090909092,1.9090909090909092,0.03892727272727281,-0.12983636363636364,3.892727272727281,-12.983636363636364,over,0.5442,0.03892727272727281,3.892727272727281,over,20000
player_reception_yds,Darnell Mooney,darnell mooney,WR,56.5,-110.0,-110,2024,11,44.5,2.0,False,True,WR,62.21,NYG,50-60,175,60.77142857142857,45.23883799407526,2046.5524630541875,5.710000000000001,0.5442,0.4558,0.0,-119.39447125932428,119.39447125932428,1.9090909090909092,1.9090909090909092,0.03892727272727281,-0.12983636363636364,3.892727272727281,-12.983636363636364,over,0.5442,0.03892727272727281,3.892727272727281,over,20000
player_reception_yds,Tim Patrick,tim patrick,WR,21.5,-110.0,-110,2024,7,50.5,1.0,False,True,WR,25.07,NYJ,20-30,224,33.88392857142857,33.6177959681703,1130.1562057575272,3.5700000000000003,0.54415,0.45585,0.0,-119.37040693210486,119.37040693210486,1.9090909090909092,1.9090909090909092,0.038831818181818245,-0.12974090909090907,3.8831818181818245,-12.974090909090908,over,0.54415,0.038831818181818245,3.8831818181818245,over,20000
player_reception_yds,Noah Gray,noah gray,TE,23.5,-110.0,-110,2024,13,42.0,-13.5,True,False,TE,26.83,KC,20-30,155,32.535483870967745,27.73479503577737,769.218855676581,3.3299999999999983,0.5441,0.4559,0.0,-119.34634788330776,119.34634788330774,1.9090909090909092,1.9090909090909092,0.038736363636363735,-0.1296454545454545,3.8736363636363738,-12.964545454545451,over,0.5441,0.038736363636363735,3.8736363636363738,over,20000
player_reception_yds,Tyler Lockett,tyler lockett,WR,40.5,-110.0,-110,2024,5,42.5,-7.0,True,False,WR,45.18,LV,40-50,197,52.34517766497462,39.519382558680384,1561.7815978193314,4.68,0.5441,0.4559,0.0,-119.34634788330776,119.34634788330774,1.9090909090909092,1.9090909090909092,0.038736363636363735,-0.1296454545454545,3.8736363636363738,-12.964545454545451,over,0.5441,0.038736363636363735,3.8736363636363738,over,20000
player_reception_yds,Allen Lazard,allen lazard,WR,29.5,-110.0,-110,2024,7,40.0,-3.0,True,False,WR,33.1,FA,20-30,224,33.88392857142857,33.6177959681703,1130.1562057575272,3.6000000000000014,0.54405,0.45595,0.0,-119.32229411119641,119.32229411119638,1.9090909090909092,1.9090909090909092,0.038640909090909226,-0.1295499999999999,3.8640909090909226,-12.95499999999999,over,0.54405,0.038640909090909226,3.8640909090909226,over,20000
player_reception_yds,Hunter Henry,hunter henry,TE,29.5,-110.0,-110,2024,7,42.0,6.5,False,True,TE,32.81,NE,20-30,155,32.535483870967745,27.73479503577737,769.218855676581,3.3100000000000023,0.5439,0.4561,0.0,-119.25016443762335,119.25016443762334,1.9090909090909092,1.9090909090909092,0.038354545454545586,-0.12926363636363636,3.8354545454545583,-12.926363636363636,over,0.5439,0.038354545454545586,3.8354545454545583,over,20000
player_reception_yds,Brandin Cooks,brandin cooks,WR,34.5,-110.0,-110,2024,4,45.0,-5.5,True,False,WR,38.59,FA,30-40,222,39.810810810810814,35.42174131599695,1254.699757857405,4.090000000000003,0.5439,0.4561,0.0,-119.25016443762335,119.25016443762334,1.9090909090909092,1.9090909090909092,0.038354545454545586,-0.12926363636363636,3.8354545454545583,-12.926363636363636,over,0.5439,0.038354545454545586,3.8354545454545583,over,20000
player_reception_yds,Mack Hollins,mack hollins,WR,23.5,-110.0,-110,2024,11,46.5,-2.5,True,False,WR,27.09,NE,20-30,224,33.88392857142857,33.6177959681703,1130.1562057575272,3.59,0.5439,0.4561,0.0,-119.25016443762335,119.25016443762334,1.9090909090909092,1.9090909090909092,0.038354545454545586,-0.12926363636363636,3.8354545454545583,-12.926363636363636,over,0.5439,0.038354545454545586,3.8354545454545583,over,20000
player_reception_yds,Tommy Tremble,tommy tremble,TE,20.5,-110.0,-110,2024,13,46.0,6.5,False,True,TE,23.43,CAR,20-30,155,32.535483870967745,27.73479503577737,769.218855676581,2.9299999999999997,0.5438,0.4562,0.0,-119.20210434020164,119.20210434020169,1.9090909090909092,1.9090909090909092,0.03816363636363629,-0.12907272727272728,3.816363636363629,-12.907272727272728,over,0.5438,0.03816363636363629,3.816363636363629,over,20000
player_reception_yds,Brian Thomas Jr,brian thomas,WR,45.5,-110.0,-110,2024,4,44.5,5.5,False,True,WR,49.5,JAC,40-50,197,52.34517766497462,39.519382558680384,1561.7815978193314,4.0,0.5437,0.4563,0.0,-119.15406530791145,119.15406530791148,1.9090909090909092,1.9090909090909092,0.03797272727272727,-0.1288818181818182,3.797272727272727,-12.88818181818182,over,0.5437,0.03797272727272727,3.797272727272727,over,20000
player_reception_yds,Noah Brown,noah brown,WR,34.5,-110.0,-110,2024,7,51.0,-10.0,True,False,WR,38.63,FA,30-40,222,39.810810810810814,35.42174131599695,1254.699757857405,4.130000000000003,0.5437,0.4563,0.0,-119.15406530791145,119.15406530791148,1.9090909090909092,1.9090909090909092,0.03797272727272727,-0.1288818181818182,3.797272727272727,-12.88818181818182,over,0.5437,0.03797272727272727,3.797272727272727,over,20000
player_reception_yds,Tyreek Hill,tyreek hill,WR,66.5,-110.0,-110,2024,16,44.0,2.0,False,True,WR,70.91,FA,60+,244,72.20491803278688,43.97076702840401,1933.4283530661814,4.409999999999997,0.54365,0.45635,0.0,-119.13005368686314,119.13005368686315,1.9090909090909092,1.9090909090909092,0.037877272727272704,-0.1287863636363636,3.7877272727272704,-12.878636363636359,over,0.54365,0.037877272727272704,3.7877272727272704,over,20000
player_reception_yds,Drake London,drake london,WR,61.5,-110.0,-110,2024,17,46.5,3.5,False,True,WR,66.69,ATL,60+,244,72.20491803278688,43.97076702840401,1933.4283530661814,5.189999999999998,0.54365,0.45635,0.0,-119.13005368686314,119.13005368686315,1.9090909090909092,1.9090909090909092,0.037877272727272704,-0.1287863636363636,3.7877272727272704,-12.878636363636359,over,0.54365,0.037877272727272704,3.7877272727272704,over,20000
player_reception_yds,Noah Fant,noah fant,TE,26.5,-110.0,-110,2024,16,43.0,2.5,False,True,TE,29.37,NO,20-30,155,32.535483870967745,27.73479503577737,769.218855676581,2.870000000000001,0.5436,0.4564,0.0,-119.10604732690621,119.10604732690625,1.9090909090909092,1.9090909090909092,0.037781818181818194,-0.1286909090909092,3.778181818181819,-12.869090909090918,over,0.5436,0.037781818181818194,3.778181818181819,over,20000
player_reception_yds,Ricky Pearsall,ricky pearsall,WR,19.5,-110.0,-110,2024,16,44.0,-2.0,True,False,WR,22.33,SF,<20,194,20.84536082474227,23.784379500884214,565.6967082420812,2.8299999999999983,0.5435,0.4565,0.0,-119.05805038335158,119.05805038335158,1.9090909090909092,1.9090909090909092,0.03759090909090912,-0.12849999999999995,3.759090909090912,-12.849999999999994,over,0.5435,0.03759090909090912,3.759090909090912,over,20000
player_reception_yds,Drake London,drake london,WR,63.5,-110.0,-110,2024,13,47.0,1.0,False,True,WR,68.88,ATL,60+,244,72.20491803278688,43.97076702840401,1933.4283530661814,5.3799999999999955,0.5434,0.4566,0.0,-119.01007446342531,119.01007446342531,1.9090909090909092,1.9090909090909092,0.037400000000000044,-0.12830909090909087,3.7400000000000047,-12.830909090909087,over,0.5434,0.037400000000000044,3.7400000000000047,over,20000
player_reception_yds,Xavier Worthy,xavier worthy,WR,38.5,-110.0,-110,2024,13,42.0,-13.5,True,False,WR,41.8,KC,30-40,222,39.810810810810814,35.42174131599695,1254.699757857405,3.299999999999997,0.5434,0.4566,0.0,-119.01007446342531,119.01007446342531,1.9090909090909092,1.9090909090909092,0.037400000000000044,-0.12830909090909087,3.7400000000000047,-12.830909090909087,over,0.5434,0.037400000000000044,3.7400000000000047,over,20000
player_reception_yds,Malik Nabers,malik nabers,WR,72.5,-110.0,-110,2024,9,44.5,4.5,False,True,WR,77.24,NYG,60+,244,72.20491803278688,43.97076702840401,1933.4283530661814,4.739999999999995,0.5433,0.4567,0.0,-118.96211955331728,118.96211955331728,1.9090909090909092,1.9090909090909092,0.03720909090909097,-0.1281181818181818,3.720909090909097,-12.811818181818179,over,0.5433,0.03720909090909097,3.720909090909097,over,20000
player_reception_yds,Joshua Palmer,joshua palmer,,51.5,-122.0,100,2024,1,41.0,,False,False,WR,59.28,BUF,50-60,175,60.77142857142857,45.23883799407526,2046.5524630541875,7.780000000000001,0.5699,0.4301,0.0,-132.50406882120436,132.50406882120438,1.819672131147541,2.0,0.03703114754098358,-0.1398000000000001,3.7031147540983578,-13.98000000000001,over,0.5699,0.03703114754098358,3.7031147540983578,over,20000
player_reception_yds,Brandin Cooks,brandin cooks,WR,37.5,-110.0,-110,2024,3,47.5,1.5,False,True,WR,41.54,FA,30-40,222,39.810810810810814,35.42174131599695,1254.699757857405,4.039999999999999,0.5432,0.4568,0.0,-118.91418563922943,118.91418563922943,1.9090909090909092,1.9090909090909092,0.037018181818181894,-0.12792727272727272,3.7018181818181892,-12.792727272727273,over,0.5432,0.037018181818181894,3.7018181818181892,over,20000
player_reception_yds,Brian Robinson Jr.,brian robinson,RB,15.5,-110.0,-110,2024,4,49.0,3.5,False,True,RB,17.6,ATL,<20,432,17.046296296296298,19.125546894078457,365.78654399759415,2.1000000000000014,0.54295,0.45705,0.0,-118.79444262115744,118.79444262115743,1.9090909090909092,1.9090909090909092,0.036540909090909235,-0.12745,3.6540909090909235,-12.745000000000001,over,0.54295,0.036540909090909235,3.6540909090909235,over,20000
player_reception_yds,Elijah Moore,elijah moore,WR,35.5,-110.0,-110,2024,12,36.5,3.5,False,True,WR,39.2,PHI,30-40,222,39.810810810810814,35.42174131599695,1254.699757857405,3.700000000000003,0.5429,0.4571,0.0,-118.7705097352877,118.77050973528766,1.9090909090909092,1.9090909090909092,0.03644545454545467,-0.12735454545454533,3.644545454545467,-12.735454545454534,over,0.5429,0.03644545454545467,3.644545454545467,over,20000
player_reception_yds,CeeDee Lamb,ceedee lamb,WR,68.5,-110.0,-110,2024,13,39.0,-4.5,True,False,WR,73.11,DAL,60+,244,72.20491803278688,43.97076702840401,1933.4283530661814,4.609999999999999,0.54285,0.45715,0.0,-118.74658208465495,118.74658208465493,1.9090909090909092,1.9090909090909092,0.03635000000000016,-0.12725909090909093,3.6350000000000158,-12.725909090909093,over,0.54285,0.03635000000000016,3.6350000000000158,over,20000
player_reception_yds,Bijan Robinson,bijan robinson,RB,30.5,-110.0,-110,2024,3,46.0,3.0,False,True,RB,32.64,ATL,30-40,24,36.0,21.178703511203796,448.537482415476,2.1400000000000006,0.54285,0.45715,0.0,-118.74658208465495,118.74658208465493,1.9090909090909092,1.9090909090909092,0.03635000000000016,-0.12725909090909093,3.6350000000000158,-12.725909090909093,over,0.54285,0.03635000000000016,3.6350000000000158,over,20000
player_reception_yds,Darnell Mooney,darnell mooney,WR,46.5,-110.0,-110,2024,5,44.0,-2.5,True,False,WR,50.42,NYG,40-50,197,52.34517766497462,39.519382558680384,1561.7815978193314,3.9200000000000017,0.54285,0.45715,0.0,-118.74658208465495,118.74658208465493,1.9090909090909092,1.9090909090909092,0.03635000000000016,-0.12725909090909093,3.6350000000000158,-12.725909090909093,over,0.54285,0.03635000000000016,3.6350000000000158,over,20000
player_reception_yds,Justin Watson,justin watson,WR,16.5,-110.0,-110,2024,2,47.5,-6.5,True,False,WR,18.87,HOU,<20,194,20.84536082474227,23.784379500884214,565.6967082420812,2.370000000000001,0.54285,0.45715,0.0,-118.74658208465495,118.74658208465493,1.9090909090909092,1.9090909090909092,0.03635000000000016,-0.12725909090909093,3.6350000000000158,-12.725909090909093,over,0.54285,0.03635000000000016,3.6350000000000158,over,20000
player_reception_yds,Allen Lazard,allen lazard,WR,33.5,-110.0,-110,2024,2,41.5,-3.5,True,False,WR,37.26,FA,30-40,222,39.810810810810814,35.42174131599695,1254.699757857405,3.759999999999998,0.5428,0.4572,0.0,-118.72265966754154,118.72265966754155,1.9090909090909092,1.9090909090909092,0.03625454545454543,-0.12716363636363626,3.625454545454543,-12.716363636363626,over,0.5428,0.03625454545454543,3.625454545454543,over,20000
player_reception_yds,Jalen Coker,jalen coker,WR,38.5,-110.0,-110,2024,17,47.5,9.5,False,True,WR,42.55,CAR,30-40,222,39.810810810810814,35.42174131599695,1254.699757857405,4.049999999999997,0.5427,0.4573,0.0,-118.67483052700632,118.67483052700634,1.9090909090909092,1.9090909090909092,0.03606363636363635,-0.12697272727272724,3.6063636363636355,-12.697272727272724,over,0.5427,0.03606363636363635,3.6063636363636355,over,20000
player_reception_yds,Christian McCaffrey,christian mccaffrey,RB,29.5,-110.0,-110,2024,10,50.5,-6.5,True,False,RB,32.29,SF,20-30,101,28.26732673267327,24.221026388386825,586.658119306931,2.789999999999999,0.54255,0.45745,0.0,-118.60312602470214,118.60312602470214,1.9090909090909092,1.9090909090909092,0.03577727272727271,-0.12668636363636354,3.5777272727272713,-12.668636363636354,over,0.54255,0.03577727272727271,3.5777272727272713,over,20000
player_reception_yds,Drake London,drake london,WR,72.5,-110.0,-110,2024,7,51.5,-3.0,True,False,WR,77.86,ATL,60+,244,72.20491803278688,43.97076702840401,1933.4283530661814,5.359999999999999,0.5425,0.4575,0.0,-118.5792349726776,118.5792349726776,1.9090909090909092,1.9090909090909092,0.0356818181818182,-0.12659090909090903,3.56818181818182,-12.659090909090903,over,0.5425,0.0356818181818182,3.56818181818182,over,20000
player_reception_yds,D'Andre Swift,dandre swift,RB,15.5,-110.0,-110,2024,16,47.5,7.0,False,True,RB,17.41,CHI,<20,432,17.046296296296298,19.125546894078457,365.78654399759415,1.9100000000000001,0.5425,0.4575,0.0,-118.5792349726776,118.5792349726776,1.9090909090909092,1.9090909090909092,0.0356818181818182,-0.12659090909090903,3.56818181818182,-12.659090909090903,over,0.5425,0.0356818181818182,3.56818181818182,over,20000
player_reception_yds,Pat Freiermuth,pat freiermuth,TE,25.5,-110.0,-110,2024,13,46.0,3.0,False,True,TE,28.56,PIT,20-30,155,32.535483870967745,27.73479503577737,769.218855676581,3.0599999999999987,0.54245,0.45755,0.0,-118.55534914217024,118.55534914217024,1.9090909090909092,1.9090909090909092,0.03558636363636364,-0.12649545454545447,3.5586363636363636,-12.649545454545446,over,0.54245,0.03558636363636364,3.5586363636363636,over,20000
player_reception_yds,Marvin Mims Jr.,marvin mims,WR,23.5,-110.0,-110,2024,15,43.5,-4.5,True,False,WR,26.89,DEN,20-30,224,33.88392857142857,33.6177959681703,1130.1562057575272,3.3900000000000006,0.5424,0.4576,0.0,-118.53146853146853,118.53146853146853,1.9090909090909092,1.9090909090909092,0.03549090909090913,-0.12639999999999996,3.549090909090913,-12.639999999999995,over,0.5424,0.03549090909090913,3.549090909090913,over,20000
player_reception_yds,Terry McLaurin,terry mclaurin,WR,51.5,-110.0,-110,2024,3,46.0,7.5,False,True,WR,56.23,WAS,50-60,175,60.77142857142857,45.23883799407526,2046.5524630541875,4.729999999999997,0.5424,0.4576,0.0,-118.53146853146853,118.53146853146853,1.9090909090909092,1.9090909090909092,0.03549090909090913,-0.12639999999999996,3.549090909090913,-12.639999999999995,over,0.5424,0.03549090909090913,3.549090909090913,over,20000
player_reception_yds,Aaron Jones,aaron jones,RB,21.5,-110.0,-110,2024,4,44.0,2.5,False,True,RB,24.14,MIN,20-30,101,28.26732673267327,24.221026388386825,586.658119306931,2.6400000000000006,0.5422,0.4578,0.0,-118.43599825251202,118.43599825251202,1.9090909090909092,1.9090909090909092,0.03510909090909098,-0.1260181818181818,3.510909090909098,-12.601818181818182,over,0.5422,0.03510909090909098,3.510909090909098,over,20000
player_reception_yds,Quentin Johnston,quentin johnston,WR,50.5,-110.0,-110,2024,12,51.0,3.0,False,True,WR,54.94,LAC,50-60,175,60.77142857142857,45.23883799407526,2046.5524630541875,4.439999999999998,0.5421,0.4579,0.0,-118.38829438742084,118.38829438742084,1.9090909090909092,1.9090909090909092,0.034918181818181904,-0.12582727272727273,3.49181818181819,-12.582727272727274,over,0.5421,0.034918181818181904,3.49181818181819,over,20000
player_reception_yds,Davante Adams,davante adams,WR,64.5,-110.0,-110,2024,3,40.0,-5.5,True,False,WR,69.82,LAR,60+,244,72.20491803278688,43.97076702840401,1933.4283530661814,5.319999999999993,0.54205,0.45795,0.0,-118.36445026749647,118.36445026749642,1.9090909090909092,1.9090909090909092,0.034822727272727394,-0.12573181818181806,3.4822727272727394,-12.573181818181805,over,0.54205,0.034822727272727394,3.4822727272727394,over,20000
player_reception_yds,Jaxon Smith-Njigba,jaxon smith-njigba,WR,50.5,-110.0,-110,2024,4,46.5,3.5,False,True,WR,55.27,SEA,50-60,175,60.77142857142857,45.23883799407526,2046.5524630541875,4.770000000000003,0.54205,0.45795,0.0,-118.36445026749647,118.36445026749642,1.9090909090909092,1.9090909090909092,0.034822727272727394,-0.12573181818181806,3.4822727272727394,-12.573181818181805,over,0.54205,0.034822727272727394,3.4822727272727394,over,20000
player_reception_yds,Ladd McConkey,ladd mcconkey,WR,70.5,-110.0,-110,2024,15,46.0,-3.0,True,False,WR,65.42,LAC,60+,244,72.20491803278688,43.97076702840401,1933.4283530661814,-5.079999999999998,0.458,0.542,0.0,118.3406113537118,-118.34061135371181,1.9090909090909092,1.9090909090909092,-0.1256363636363636,0.03472727272727283,-12.56363636363636,3.472727272727283,under,0.542,0.03472727272727283,3.472727272727283,under,20000
player_reception_yds,Johnny Mundt,johnny mundt,TE,23.5,-110.0,-110,2024,2,46.5,4.5,False,True,TE,21.02,PHI,20-30,155,32.535483870967745,27.73479503577737,769.218855676581,-2.4800000000000004,0.4581,0.5419,0.0,118.29294913774287,-118.29294913774288,1.9090909090909092,1.9090909090909092,-0.12544545454545453,0.034536363636363754,-12.544545454545453,3.4536363636363756,under,0.5419,0.034536363636363754,3.4536363636363756,under,20000
player_reception_yds,Jalen McMillan,jalen mcmillan,WR,25.5,-110.0,-110,2024,1,42.0,-4.0,True,False,WR,29.58,TB,20-30,224,33.88392857142857,33.6177959681703,1130.1562057575272,4.079999999999998,0.5419,0.4581,0.0,-118.29294913774288,118.29294913774287,1.9090909090909092,1.9090909090909092,0.034536363636363754,-0.12544545454545453,3.4536363636363756,-12.544545454545453,over,0.5419,0.034536363636363754,3.4536363636363756,over,20000
player_reception_yds,Chris Olave,chris olave,WR,67.5,-110.0,-110,2024,3,49.0,-2.5,True,False,WR,71.45,NO,60+,244,72.20491803278688,43.97076702840401,1933.4283530661814,3.950000000000003,0.54185,0.45815,0.0,-118.26912583215106,118.26912583215103,1.9090909090909092,1.9090909090909092,0.034440909090909244,-0.1253499999999999,3.4440909090909244,-12.534999999999991,over,0.54185,0.034440909090909244,3.4440909090909244,over,20000
player_reception_yds,George Pickens,george pickens,WR,72.5,-110.0,-110,2024,11,48.0,3.0,False,True,WR,76.69,DAL,60+,244,72.20491803278688,43.97076702840401,1933.4283530661814,4.189999999999998,0.54185,0.45815,0.0,-118.26912583215106,118.26912583215103,1.9090909090909092,1.9090909090909092,0.034440909090909244,-0.1253499999999999,3.4440909090909244,-12.534999999999991,over,0.54185,0.034440909090909244,3.4440909090909244,over,20000
player_reception_yds,Rome Odunze,rome odunze,WR,44.5,-110.0,-110,2024,12,39.5,3.0,False,True,WR,48.32,CHI,40-50,197,52.34517766497462,39.519382558680384,1561.7815978193314,3.8200000000000003,0.54175,0.45825,0.0,-118.22149481723947,118.22149481723949,1.9090909090909092,1.9090909090909092,0.03424999999999995,-0.12515909090909083,3.4249999999999945,-12.515909090909084,over,0.54175,0.03424999999999995,3.4249999999999945,over,20000
player_reception_yds,Bucky Irving,bucky irving,RB,16.5,-110.0,-110,2024,9,45.5,9.0,False,True,RB,18.58,TB,<20,432,17.046296296296298,19.125546894078457,365.78654399759415,2.0799999999999983,0.54175,0.45825,0.0,-118.22149481723947,118.22149481723949,1.9090909090909092,1.9090909090909092,0.03424999999999995,-0.12515909090909083,3.4249999999999945,-12.515909090909084,over,0.54175,0.03424999999999995,3.4249999999999945,over,20000
player_reception_yds,Jerry Jeudy,jerry jeudy,WR,67.5,-110.0,-110,2024,15,41.5,4.5,False,True,WR,72.92,CLE,60+,244,72.20491803278688,43.97076702840401,1933.4283530661814,5.420000000000002,0.5417,0.4583,0.0,-118.19768710451667,118.19768710451672,1.9090909090909092,1.9090909090909092,0.03415454545454544,-0.12506363636363643,3.4154545454545437,-12.506363636363643,over,0.5417,0.03415454545454544,3.4154545454545437,over,20000
player_reception_yds,Ladd McConkey,ladd mcconkey,WR,63.5,-110.0,-110,2024,12,51.0,3.0,False,True,WR,67.45,LAC,60+,244,72.20491803278688,43.97076702840401,1933.4283530661814,3.950000000000003,0.54165,0.45835,0.0,-118.17388458601505,118.17388458601506,1.9090909090909092,1.9090909090909092,0.03405909090909087,-0.12496818181818176,3.4059090909090872,-12.496818181818176,over,0.54165,0.03405909090909087,3.4059090909090872,over,20000
player_reception_yds,Jordan Addison,jordan addison,WR,40.5,-110.0,-110,2024,9,47.0,-6.5,True,False,WR,44.98,MIN,40-50,197,52.34517766497462,39.519382558680384,1561.7815978193314,4.479999999999997,0.5415,0.4585,0.0,-118.10250817884405,118.10250817884405,1.9090909090909092,1.9090909090909092,0.03377272727272729,-0.12468181818181812,3.3772727272727288,-12.468181818181812,over,0.5415,0.03377272727272729,3.3772727272727288,over,20000
player_reception_yds,Michael Mayer,michael mayer,TE,21.5,-110.0,-110,2024,16,41.5,-2.5,True,False,TE,24.19,LV,20-30,155,32.535483870967745,27.73479503577737,769.218855676581,2.6900000000000013,0.54135,0.45865,0.0,-118.03117845851956,118.03117845851956,1.9090909090909092,1.9090909090909092,0.0334863636363637,-0.12439545454545453,3.3486363636363703,-12.439545454545453,over,0.54135,0.0334863636363637,3.3486363636363703,over,20000
player_reception_yds,Tank Dell,tank dell,WR,51.5,-110.0,-110,2024,13,44.5,-3.5,True,False,WR,56.08,HOU,50-60,175,60.77142857142857,45.23883799407526,2046.5524630541875,4.579999999999998,0.5413,0.4587,0.0,-118.00741225201658,118.00741225201658,1.9090909090909092,1.9090909090909092,0.03339090909090914,-0.12429999999999997,3.3390909090909138,-12.429999999999996,over,0.5413,0.03339090909090914,3.3390909090909138,over,20000
player_reception_yds,Mike Williams,mike williams,WR,24.5,-110.0,-110,2024,14,43.0,-6.0,True,False,WR,27.67,FA,20-30,224,33.88392857142857,33.6177959681703,1130.1562057575272,3.1700000000000017,0.54125,0.45875,0.0,-117.98365122615805,117.98365122615805,1.9090909090909092,1.9090909090909092,0.03329545454545463,-0.12420454545454546,3.329545454545463,-12.420454545454545,over,0.54125,0.03329545454545463,3.329545454545463,over,20000
player_reception_yds,Pat Freiermuth,pat freiermuth,TE,31.5,-110.0,-110,2024,6,36.5,-3.5,True,False,TE,35.26,PIT,30-40,83,44.18072289156626,36.40127601114409,1325.0528952394943,3.759999999999998,0.54125,0.45875,0.0,-117.98365122615805,117.98365122615805,1.9090909090909092,1.9090909090909092,0.03329545454545463,-0.12420454545454546,3.329545454545463,-12.420454545454545,over,0.54125,0.03329545454545463,3.329545454545463,over,20000
player_reception_yds,Kyle Pitts,kyle pitts,TE,33.5,-110.0,-110,2024,14,46.5,6.0,False,True,TE,37.25,ATL,30-40,83,44.18072289156626,36.40127601114409,1325.0528952394943,3.75,0.5412,0.4588,0.0,-117.95989537925023,117.95989537925023,1.9090909090909092,1.9090909090909092,0.03320000000000006,-0.12410909090909089,3.3200000000000065,-12.410909090909088,over,0.5412,0.03320000000000006,3.3200000000000065,over,20000
player_reception_yds,Amon-Ra St. Brown,amon-ra st brown,WR,73.5,-110.0,-110,2024,4,46.5,-3.5,True,False,WR,77.68,DET,60+,244,72.20491803278688,43.97076702840401,1933.4283530661814,4.180000000000007,0.54115,0.45885,0.0,-117.9361447096001,117.9361447096001,1.9090909090909092,1.9090909090909092,0.03310454545454555,-0.12401363636363638,3.3104545454545553,-12.401363636363637,over,0.54115,0.03310454545454555,3.3104545454545553,over,20000
player_reception_yds,John Metchie III,john metchie,WR,15.5,-110.0,-110,2024,11,41.5,-7.5,True,False,WR,13.2,CAR,<20,194,20.84536082474227,23.784379500884214,565.6967082420812,-2.3000000000000007,0.45885,0.54115,0.0,117.9361447096001,-117.9361447096001,1.9090909090909092,1.9090909090909092,-0.12401363636363638,0.03310454545454555,-12.401363636363637,3.3104545454545553,under,0.54115,0.03310454545454555,3.3104545454545553,under,20000
player_reception_yds,Travis Etienne Jr.,travis etienne,RB,20.5,-110.0,-110,2024,1,49.5,3.5,False,True,RB,22.99,NO,20-30,101,28.26732673267327,24.221026388386825,586.658119306931,2.4899999999999984,0.5411,0.4589,0.0,-117.91239921551536,117.91239921551536,1.9090909090909092,1.9090909090909092,0.03300909090909099,-0.12391818181818182,3.300909090909099,-12.39181818181818,over,0.5411,0.03300909090909099,3.300909090909099,over,20000
player_reception_yds,Allen Lazard,allen lazard,WR,28.5,-110.0,-110,2024,3,39.0,-6.5,True,False,WR,32.33,FA,20-30,224,33.88392857142857,33.6177959681703,1130.1562057575272,3.8299999999999983,0.5411,0.4589,0.0,-117.91239921551536,117.91239921551536,1.9090909090909092,1.9090909090909092,0.03300909090909099,-0.12391818181818182,3.300909090909099,-12.39181818181818,over,0.5411,0.03300909090909099,3.300909090909099,over,20000
player_reception_yds,DK Metcalf,dk metcalf,WR,66.5,-110.0,-110,2024,4,46.5,3.5,False,True,WR,70.79,PIT,60+,244,72.20491803278688,43.97076702840401,1933.4283530661814,4.290000000000006,0.54095,0.45905,0.0,-117.84119376974188,117.84119376974186,1.9090909090909092,1.9090909090909092,0.0327227272727274,-0.12363181818181818,3.2722727272727403,-12.363181818181818,over,0.54095,0.0327227272727274,3.2722727272727403,over,20000
player_reception_yds,Tre Tucker,tre tucker,WR,28.5,-110.0,-110,2024,17,37.5,-2.0,True,False,WR,32.55,LV,20-30,224,33.88392857142857,33.6177959681703,1130.1562057575272,4.049999999999997,0.54075,0.45925,0.0,-117.74632553075665,117.74632553075668,1.9090909090909092,1.9090909090909092,0.03234090909090903,-0.12325000000000003,3.234090909090903,-12.325000000000003,over,0.54075,0.03234090909090903,3.234090909090903,over,20000
player_reception_yds,Pat Freiermuth,pat freiermuth,TE,31.5,-110.0,-110,2024,7,40.0,3.0,False,True,TE,35.4,PIT,30-40,83,44.18072289156626,36.40127601114409,1325.0528952394943,3.8999999999999986,0.5407,0.4593,0.0,-117.72262138036139,117.7226213803614,1.9090909090909092,1.9090909090909092,0.03224545454545452,-0.1231545454545454,3.224545454545452,-12.315454545454541,over,0.5407,0.03224545454545452,3.224545454545452,over,20000
player_reception_yds,De'Von Achane,devon achane,RB,40.5,-110.0,-110,2024,10,49.5,2.5,False,True,RB,38.46,MIA,40-50,2,34.5,21.178703511203796,448.537482415476,-2.039999999999999,0.4593,0.5407,0.0,117.7226213803614,-117.72262138036139,1.9090909090909092,1.9090909090909092,-0.1231545454545454,0.03224545454545452,-12.315454545454541,3.224545454545452,under,0.5407,0.03224545454545452,3.224545454545452,under,20000
player_reception_yds,Jalen Nailor,jalen nailor,WR,26.5,-110.0,-110,2024,8,47.5,-3.0,True,False,WR,30.18,LV,20-30,224,33.88392857142857,33.6177959681703,1130.1562057575272,3.6799999999999997,0.54065,0.45935,0.0,-117.69892239033415,117.69892239033419,1.9090909090909092,1.9090909090909092,0.032149999999999956,-0.12305909090909095,3.2149999999999954,-12.305909090909095,over,0.54065,0.032149999999999956,3.2149999999999954,over,20000
player_reception_yds,Garrett Wilson,garrett wilson,WR,62.5,-110.0,-110,2024,16,47.0,3.0,False,True,WR,67.41,NYJ,60+,244,72.20491803278688,43.97076702840401,1933.4283530661814,4.909999999999997,0.54065,0.45935,0.0,-117.69892239033415,117.69892239033419,1.9090909090909092,1.9090909090909092,0.032149999999999956,-0.12305909090909095,3.2149999999999954,-12.305909090909095,over,0.54065,0.032149999999999956,3.2149999999999954,over,20000
player_reception_yds,Grant Calcaterra,grant calcaterra,TE,26.5,-110.0,-110,2024,14,44.5,-14.0,True,False,TE,23.83,PHI,20-30,155,32.535483870967745,27.73479503577737,769.218855676581,-2.6700000000000017,0.4594,0.5406,0.0,117.67522855898999,-117.67522855898997,1.9090909090909092,1.9090909090909092,-0.12296363636363633,0.03205454545454545,-12.296363636363633,3.2054545454545447,under,0.5406,0.03205454545454545,3.2054545454545447,under,20000
player_reception_yds,Jake Ferguson,jake ferguson,TE,49.5,-110.0,-110,2024,6,52.5,3.5,False,True,TE,52.17,DAL,40-50,77,42.8051948051948,30.604649640714655,936.6445796308957,2.6700000000000017,0.54055,0.45945,0.0,-117.65153988464468,117.65153988464468,1.9090909090909092,1.9090909090909092,0.03195909090909088,-0.12286818181818171,3.195909090909088,-12.286818181818171,over,0.54055,0.03195909090909088,3.195909090909088,over,20000
player_reception_yds,Justin Jefferson,justin jefferson,WR,80.5,-110.0,-110,2024,2,46.5,4.5,False,True,WR,85.2,MIN,60+,244,72.20491803278688,43.97076702840401,1933.4283530661814,4.700000000000003,0.5405,0.4595,0.0,-117.62785636561479,117.62785636561479,1.9090909090909092,1.9090909090909092,0.03186363636363637,-0.1227727272727272,3.1863636363636374,-12.27727272727272,over,0.5405,0.03186363636363637,3.1863636363636374,over,20000
player_reception_yds,Jordan Akins,jordan akins,TE,24.5,-110.0,-110,2024,2,41.5,3.0,False,True,TE,27.28,FA,20-30,155,32.535483870967745,27.73479503577737,769.218855676581,2.780000000000001,0.54035,0.45965,0.0,-117.55683672359403,117.55683672359403,1.9090909090909092,1.9090909090909092,0.03157727272727279,-0.12248636363636362,3.1577272727272785,-12.248636363636361,over,0.54035,0.03157727272727279,3.1577272727272785,over,20000
player_reception_yds,Michael Pittman Jr.,michael pittman,WR,46.5,-110.0,-110,2024,16,42.5,-4.0,True,False,WR,50.55,PIT,40-50,197,52.34517766497462,39.519382558680384,1561.7815978193314,4.049999999999997,0.54035,0.45965,0.0,-117.55683672359403,117.55683672359403,1.9090909090909092,1.9090909090909092,0.03157727272727279,-0.12248636363636362,3.1577272727272785,-12.248636363636361,over,0.54035,0.03157727272727279,3.1577272727272785,over,20000
player_reception_yds,Breece Hall,breece hall,RB,27.5,-110.0,-110,2024,6,42.0,1.0,False,True,RB,29.62,NYJ,20-30,101,28.26732673267327,24.221026388386825,586.658119306931,2.120000000000001,0.5402,0.4598,0.0,-117.48586341887778,117.48586341887778,1.9090909090909092,1.9090909090909092,0.03129090909090915,-0.12219999999999998,3.1290909090909147,-12.219999999999997,over,0.5402,0.03129090909090915,3.1290909090909147,over,20000
player_reception_yds,Greg Dortch,greg dortch,WR,29.5,-110.0,-110,2024,5,48.5,7.0,False,True,WR,32.82,DET,20-30,224,33.88392857142857,33.6177959681703,1130.1562057575272,3.3200000000000003,0.5402,0.4598,0.0,-117.48586341887778,117.48586341887778,1.9090909090909092,1.9090909090909092,0.03129090909090915,-0.12219999999999998,3.1290909090909147,-12.219999999999997,over,0.5402,0.03129090909090915,3.1290909090909147,over,20000
player_reception_yds,Khalil Shakir,khalil shakir,WR,61.5,-110.0,-110,2024,10,46.5,-4.5,True,False,WR,65.86,BUF,60+,244,72.20491803278688,43.97076702840401,1933.4283530661814,4.359999999999999,0.54015,0.45985,0.0,-117.46221593998044,117.46221593998044,1.9090909090909092,1.9090909090909092,0.031195454545454637,-0.12210454545454547,3.119545454545464,-12.210454545454546,over,0.54015,0.031195454545454637,3.119545454545464,over,20000
player_reception_yds,Christian Kirk,christian kirk,WR,49.5,-110.0,-110,2024,4,44.5,5.5,False,True,WR,53.57,SF,40-50,197,52.34517766497462,39.519382558680384,1561.7815978193314,4.07,0.54015,0.45985,0.0,-117.46221593998044,117.46221593998044,1.9090909090909092,1.9090909090909092,0.031195454545454637,-0.12210454545454547,3.119545454545464,-12.210454545454546,over,0.54015,0.031195454545454637,3.119545454545464,over,20000
player_reception_yds,Alec Pierce,alec pierce,WR,25.5,-110.0,-110,2024,5,45.0,3.5,False,True,WR,28.82,IND,20-30,224,33.88392857142857,33.6177959681703,1130.1562057575272,3.3200000000000003,0.54015,0.45985,0.0,-117.46221593998044,117.46221593998044,1.9090909090909092,1.9090909090909092,0.031195454545454637,-0.12210454545454547,3.119545454545464,-12.210454545454546,over,0.54015,0.031195454545454637,3.119545454545464,over,20000
player_reception_yds,John Metchie III,john metchie,WR,19.5,-110.0,-110,2024,10,49.0,4.5,False,True,WR,17.17,CAR,<20,194,20.84536082474227,23.784379500884214,565.6967082420812,-2.3299999999999983,0.4599,0.5401,0.0,117.43857360295718,-117.43857360295718,1.9090909090909092,1.9090909090909092,-0.1220090909090909,0.031100000000000072,-12.20090909090909,3.1100000000000074,under,0.5401,0.031100000000000072,3.1100000000000074,under,20000
player_reception_yds,Michael Pittman Jr.,michael pittman,WR,45.5,-110.0,-110,2024,8,45.0,5.0,False,True,WR,49.86,PIT,40-50,197,52.34517766497462,39.519382558680384,1561.7815978193314,4.359999999999999,0.54005,0.45995,0.0,-117.41493640613112,117.41493640613109,1.9090909090909092,1.9090909090909092,0.031004545454545562,-0.12191363636363622,3.1004545454545562,-12.191363636363622,over,0.54005,0.031004545454545562,3.1004545454545562,over,20000
player_reception_yds,Zay Flowers,zay flowers,WR,62.5,-110.0,-110,2024,11,48.0,-3.0,True,False,WR,67.5,BAL,60+,244,72.20491803278688,43.97076702840401,1933.4283530661814,5.0,0.53995,0.46005,0.0,-117.36767742636673,117.36767742636667,1.9090909090909092,1.9090909090909092,0.030813636363636487,-0.12172272727272715,3.0813636363636485,-12.172272727272714,over,0.53995,0.030813636363636487,3.0813636363636485,over,20000
player_reception_yds,Ja'Marr Chase,jamarr chase,WR,84.5,-110.0,-110,2024,14,51.0,-5.0,True,False,WR,89.27,CIN,60+,244,72.20491803278688,43.97076702840401,1933.4283530661814,4.769999999999996,0.5398,0.4602,0.0,-117.29682746631897,117.296827466319,1.9090909090909092,1.9090909090909092,0.03052727272727268,-0.12143636363636368,3.0527272727272683,-12.143636363636368,over,0.5398,0.03052727272727268,3.0527272727272683,over,20000
player_reception_yds,DJ Moore,dj moore,WR,59.5,-110.0,-110,2024,1,43.0,-4.0,True,False,WR,64.51,BUF,50-60,175,60.77142857142857,45.23883799407526,2046.5524630541875,5.010000000000005,0.5398,0.4602,0.0,-117.29682746631897,117.296827466319,1.9090909090909092,1.9090909090909092,0.03052727272727268,-0.12143636363636368,3.0527272727272683,-12.143636363636368,over,0.5398,0.03052727272727268,3.0527272727272683,over,20000
player_reception_yds,Josh Downs,josh downs,WR,49.5,-110.0,-110,2024,6,42.0,2.5,False,True,WR,52.89,IND,40-50,197,52.34517766497462,39.519382558680384,1561.7815978193314,3.3900000000000006,0.53975,0.46025,0.0,-117.27322107550242,117.27322107550243,1.9090909090909092,1.9090909090909092,0.030431818181818115,-0.121340909090909,3.0431818181818118,-12.1340909090909,over,0.53975,0.030431818181818115,3.0431818181818118,over,20000
player_reception_yds,Marvin Harrison Jr.,marvin harrison,WR,51.5,-110.0,-110,2024,14,45.5,-3.0,True,False,WR,55.76,ARI,50-60,175,60.77142857142857,45.23883799407526,2046.5524630541875,4.259999999999998,0.5397,0.4603,0.0,-117.24961981316531,117.24961981316534,1.9090909090909092,1.9090909090909092,0.030336363636363606,-0.1212454545454546,3.0336363636363606,-12.12454545454546,over,0.5397,0.030336363636363606,3.0336363636363606,over,20000
player_reception_yds,Cole Kmet,cole kmet,TE,24.5,-110.0,-110,2024,12,39.5,3.0,False,True,TE,26.87,CHI,20-30,155,32.535483870967745,27.73479503577737,769.218855676581,2.370000000000001,0.5395,0.4605,0.0,-117.15526601520085,117.15526601520085,1.9090909090909092,1.9090909090909092,0.029954545454545456,-0.12086363636363628,2.9954545454545456,-12.086363636363629,over,0.5395,0.029954545454545456,2.9954545454545456,over,20000
player_reception_yds,James Cook,james cook,RB,20.5,-110.0,-110,2024,4,46.5,2.5,False,True,RB,23.2,BUF,20-30,101,28.26732673267327,24.221026388386825,586.658119306931,2.6999999999999993,0.53945,0.46055,0.0,-117.13169037020953,117.13169037020953,1.9090909090909092,1.9090909090909092,0.029859090909090946,-0.12076818181818177,2.985909090909095,-12.076818181818178,over,0.53945,0.029859090909090946,2.985909090909095,over,20000
player_reception_yds,Rhamondre Stevenson,rhamondre stevenson,RB,15.5,-110.0,-110,2024,10,37.5,6.5,False,True,RB,17.2,NE,<20,432,17.046296296296298,19.125546894078457,365.78654399759415,1.6999999999999993,0.53945,0.46055,0.0,-117.13169037020953,117.13169037020953,1.9090909090909092,1.9090909090909092,0.029859090909090946,-0.12076818181818177,2.985909090909095,-12.076818181818178,over,0.53945,0.029859090909090946,2.985909090909095,over,20000
player_reception_yds,Joshua Palmer,joshua palmer,,35.5,-110.0,-110,2024,12,51.0,,False,False,WR,38.74,BUF,30-40,222,39.810810810810814,35.42174131599695,1254.699757857405,3.240000000000002,0.5394,0.4606,0.0,-117.10811984368215,117.10811984368215,1.9090909090909092,1.9090909090909092,0.02976363636363638,-0.12067272727272721,2.9763636363636383,-12.067272727272721,over,0.5394,0.02976363636363638,2.9763636363636383,over,20000
player_reception_yds,Calvin Ridley,calvin ridley,WR,61.5,-110.0,-110,2024,13,45.0,6.0,False,True,WR,65.35,TEN,60+,244,72.20491803278688,43.97076702840401,1933.4283530661814,3.8499999999999943,0.53935,0.46065,0.0,-117.08455443395202,117.08455443395202,1.9090909090909092,1.9090909090909092,0.02966818181818187,-0.1205772727272727,2.966818181818187,-12.05772727272727,over,0.53935,0.02966818181818187,2.966818181818187,over,20000
player_reception_yds,Javonte Williams,javonte williams,RB,15.5,-110.0,-110,2024,12,41.5,-6.5,True,False,RB,17.67,DAL,<20,432,17.046296296296298,19.125546894078457,365.78654399759415,2.1700000000000017,0.5393,0.4607,0.0,-117.06099413935316,117.06099413935316,1.9090909090909092,1.9090909090909092,0.029572727272727306,-0.12048181818181813,2.9572727272727306,-12.048181818181813,over,0.5393,0.029572727272727306,2.9572727272727306,over,20000
player_reception_yds,Tyler Boyd,tyler boyd,WR,34.5,-110.0,-110,2024,8,45.0,12.5,False,True,WR,37.82,FA,30-40,222,39.810810810810814,35.42174131599695,1254.699757857405,3.3200000000000003,0.5392,0.4608,0.0,-117.0138888888889,117.0138888888889,1.9090909090909092,1.9090909090909092,0.02938181818181823,-0.12029090909090906,2.938181818181823,-12.029090909090906,over,0.5392,0.02938181818181823,2.938181818181823,over,20000
player_reception_yds,Darnell Mooney,darnell mooney,WR,55.5,-110.0,-110,2024,10,46.5,-3.5,True,False,WR,59.84,NYG,50-60,175,60.77142857142857,45.23883799407526,2046.5524630541875,4.340000000000003,0.53915,0.46085,0.0,-116.99034392969513,116.99034392969513,1.9090909090909092,1.9090909090909092,0.02928636363636372,-0.12019545454545455,2.928636363636372,-12.019545454545455,over,0.53915,0.02928636363636372,2.928636363636372,over,20000
player_reception_yds,CeeDee Lamb,ceedee lamb,WR,77.5,-110.0,-110,2024,8,48.0,5.5,False,True,WR,82.19,DAL,60+,244,72.20491803278688,43.97076702840401,1933.4283530661814,4.689999999999998,0.5391,0.4609,0.0,-116.96680407897593,116.96680407897593,1.9090909090909092,1.9090909090909092,0.029190909090909156,-0.12009999999999998,2.9190909090909156,-12.009999999999998,over,0.5391,0.029190909090909156,2.9190909090909156,over,20000
player_reception_yds,Breece Hall,breece hall,RB,29.5,-110.0,-110,2024,4,39.5,-7.5,True,False,RB,31.92,NYJ,20-30,101,28.26732673267327,24.221026388386825,586.658119306931,2.4200000000000017,0.53905,0.46095,0.0,-116.94326933506889,116.94326933506888,1.9090909090909092,1.9090909090909092,0.029095454545454646,-0.12000454545454542,2.909545454545465,-12.000454545454541,over,0.53905,0.029095454545454646,2.909545454545465,over,20000
player_reception_yds,Amon-Ra St. Brown,amon-ra st brown,WR,76.5,-110.0,-110,2024,6,52.5,-3.5,True,False,WR,81.19,DET,60+,244,72.20491803278688,43.97076702840401,1933.4283530661814,4.689999999999998,0.53905,0.46095,0.0,-116.94326933506889,116.94326933506888,1.9090909090909092,1.9090909090909092,0.029095454545454646,-0.12000454545454542,2.909545454545465,-12.000454545454541,over,0.53905,0.029095454545454646,2.909545454545465,over,20000
player_reception_yds,Brian Thomas Jr,brian thomas,WR,63.5,-110.0,-110,2024,13,44.5,3.5,False,True,WR,58.81,JAC,60+,244,72.20491803278688,43.97076702840401,1933.4283530661814,-4.689999999999998,0.46105,0.53895,0.0,116.89621516104545,-116.89621516104546,1.9090909090909092,1.9090909090909092,-0.11981363636363634,0.02890454545454557,-11.981363636363634,2.890454545454557,under,0.53895,0.02890454545454557,2.890454545454557,under,20000
player_reception_yds,Mike Evans,mike evans,WR,68.5,-110.0,-110,2024,2,51.5,7.5,False,True,WR,72.84,SF,60+,244,72.20491803278688,43.97076702840401,1933.4283530661814,4.340000000000003,0.5389,0.4611,0.0,-116.87269572760792,116.87269572760788,1.9090909090909092,1.9090909090909092,0.028809090909091062,-0.11971818181818172,2.880909090909106,-11.971818181818172,over,0.5389,0.028809090909091062,2.880909090909106,over,20000
player_reception_yds,Sam LaPorta,sam laporta,TE,39.5,-110.0,-110,2024,14,53.0,-3.0,True,False,TE,42.83,DET,30-40,83,44.18072289156626,36.40127601114409,1325.0528952394943,3.3299999999999983,0.5389,0.4611,0.0,-116.87269572760792,116.87269572760788,1.9090909090909092,1.9090909090909092,0.028809090909091062,-0.11971818181818172,2.880909090909106,-11.971818181818172,over,0.5389,0.028809090909091062,2.880909090909106,over,20000
player_reception_yds,George Pickens,george pickens,WR,63.5,-110.0,-110,2024,8,37.5,-6.0,True,False,WR,68.38,DAL,60+,244,72.20491803278688,43.97076702840401,1933.4283530661814,4.8799999999999955,0.53875,0.46125,0.0,-116.80216802168019,116.80216802168023,1.9090909090909092,1.9090909090909092,0.0285227272727272,-0.1194318181818182,2.85227272727272,-11.94318181818182,over,0.53875,0.0285227272727272,2.85227272727272,over,20000
player_reception_yds,Jauan Jennings,jauan jennings,WR,64.5,-110.0,-110,2024,17,50.5,4.0,False,True,WR,68.75,MIN,60+,244,72.20491803278688,43.97076702840401,1933.4283530661814,4.25,0.53875,0.46125,0.0,-116.80216802168019,116.80216802168023,1.9090909090909092,1.9090909090909092,0.0285227272727272,-0.1194318181818182,2.85227272727272,-11.94318181818182,over,0.53875,0.0285227272727272,2.85227272727272,over,20000
player_reception_yds,Xavier Worthy,xavier worthy,WR,49.5,-110.0,-110,2024,17,43.5,-3.0,True,False,WR,52.85,KC,40-50,197,52.34517766497462,39.519382558680384,1561.7815978193314,3.3500000000000014,0.5387,0.4613,0.0,-116.77866897897245,116.77866897897246,1.9090909090909092,1.9090909090909092,0.02842727272727269,-0.11933636363636357,2.842727272727269,-11.933636363636356,over,0.5387,0.02842727272727269,2.842727272727269,over,20000
player_reception_yds,Davante Adams,davante adams,WR,61.5,-110.0,-110,2024,14,45.0,6.5,False,True,WR,64.97,LAR,60+,244,72.20491803278688,43.97076702840401,1933.4283530661814,3.469999999999999,0.5386,0.4614,0.0,-116.73168617251841,116.73168617251842,1.9090909090909092,1.9090909090909092,0.028236363636363615,-0.1191454545454545,2.8236363636363615,-11.91454545454545,over,0.5386,0.028236363636363615,2.8236363636363615,over,20000
player_reception_yds,De'Von Achane,devon achane,RB,25.5,-110.0,-110,2024,4,37.0,-2.5,True,False,RB,28.01,MIA,20-30,101,28.26732673267327,24.221026388386825,586.658119306931,2.5100000000000016,0.53855,0.46145,0.0,-116.70820240546104,116.70820240546104,1.9090909090909092,1.9090909090909092,0.028140909090909105,-0.11904999999999993,2.8140909090909103,-11.904999999999994,over,0.53855,0.028140909090909105,2.8140909090909103,over,20000
player_reception_yds,Tre Tucker,tre tucker,WR,30.5,-110.0,-110,2024,9,45.0,8.0,False,True,WR,33.88,LV,30-40,222,39.810810810810814,35.42174131599695,1254.699757857405,3.3800000000000026,0.53855,0.46145,0.0,-116.70820240546104,116.70820240546104,1.9090909090909092,1.9090909090909092,0.028140909090909105,-0.11904999999999993,2.8140909090909103,-11.904999999999994,over,0.53855,0.028140909090909105,2.8140909090909103,over,20000
player_reception_yds,Pat Freiermuth,pat freiermuth,TE,28.5,-110.0,-110,2024,11,48.0,3.0,False,True,TE,31.4,PIT,20-30,155,32.535483870967745,27.73479503577737,769.218855676581,2.8999999999999986,0.5385,0.4615,0.0,-116.68472372697723,116.68472372697723,1.9090909090909092,1.9090909090909092,0.02804545454545454,-0.11895454545454537,2.804545454545454,-11.895454545454538,over,0.5385,0.02804545454545454,2.804545454545454,over,20000
player_reception_yds,Josh Reynolds,josh reynolds,WR,29.5,-110.0,-110,2024,1,42.0,6.5,False,True,WR,32.86,FA,20-30,224,33.88392857142857,33.6177959681703,1130.1562057575272,3.3599999999999994,0.53845,0.46155,0.0,-116.66125013541327,116.66125013541327,1.9090909090909092,1.9090909090909092,0.02795000000000003,-0.11885909090909086,2.795000000000003,-11.885909090909086,over,0.53845,0.02795000000000003,2.795000000000003,over,20000
player_reception_yds,Mike Evans,mike evans,WR,84.5,-110.0,-110,2024,16,47.5,-4.5,True,False,WR,80.77,SF,60+,244,72.20491803278688,43.97076702840401,1933.4283530661814,-3.730000000000004,0.4616,0.5384,0.0,116.6377816291161,-116.6377816291161,1.9090909090909092,1.9090909090909092,-0.1187636363636363,0.027854545454545465,-11.87636363636363,2.7854545454545465,under,0.5384,0.027854545454545465,2.7854545454545465,under,20000
player_reception_yds,Chris Godwin,chris godwin,WR,57.5,-110.0,-110,2024,1,42.0,-4.0,True,False,WR,61.9,TB,50-60,175,60.77142857142857,45.23883799407526,2046.5524630541875,4.399999999999999,0.5384,0.4616,0.0,-116.6377816291161,116.6377816291161,1.9090909090909092,1.9090909090909092,0.027854545454545465,-0.1187636363636363,2.7854545454545465,-11.87636363636363,over,0.5384,0.027854545454545465,2.7854545454545465,over,20000
player_reception_yds,Ja'Marr Chase,jamarr chase,WR,80.5,-110.0,-110,2024,3,46.0,-7.5,True,False,WR,84.2,CIN,60+,244,72.20491803278688,43.97076702840401,1933.4283530661814,3.700000000000003,0.5383,0.4617,0.0,-116.59085986571367,116.59085986571367,1.9090909090909092,1.9090909090909092,0.02766363636363639,-0.11857272727272722,2.7663636363636392,-11.857272727272722,over,0.5383,0.02766363636363639,2.7663636363636392,over,20000
player_reception_yds,Keenan Allen,keenan allen,WR,50.5,-110.0,-110,2024,15,43.5,7.0,False,True,WR,54.41,LAC,50-60,175,60.77142857142857,45.23883799407526,2046.5524630541875,3.9099999999999966,0.53825,0.46175,0.0,-116.5674066053059,116.5674066053059,1.9090909090909092,1.9090909090909092,0.02756818181818188,-0.11847727272727271,2.756818181818188,-11.84772727272727,over,0.53825,0.02756818181818188,2.756818181818188,over,20000
player_reception_yds,Isaac Guerendo,isaac guerendo,RB,15.5,-110.0,-110,2024,17,50.5,4.0,False,True,RB,17.32,SF,<20,432,17.046296296296298,19.125546894078457,365.78654399759415,1.8200000000000003,0.5382,0.4618,0.0,-116.54395842355999,116.54395842355999,1.9090909090909092,1.9090909090909092,0.027472727272727315,-0.11838181818181814,2.7472727272727315,-11.838181818181814,over,0.5382,0.027472727272727315,2.7472727272727315,over,20000
player_reception_yds,Zach Ertz,zach ertz,TE,35.5,-110.0,-110,2024,9,44.5,-4.5,True,False,TE,38.97,FA,30-40,83,44.18072289156626,36.40127601114409,1325.0528952394943,3.469999999999999,0.53815,0.46185,0.0,-116.52051531882647,116.52051531882647,1.9090909090909092,1.9090909090909092,0.027377272727272806,-0.11828636363636363,2.7377272727272803,-11.828636363636363,over,0.53815,0.027377272727272806,2.7377272727272803,over,20000
player_reception_yds,Tyreek Hill,tyreek hill,WR,61.5,-110.0,-110,2024,13,47.5,3.5,False,True,WR,65.66,FA,60+,244,72.20491803278688,43.97076702840401,1933.4283530661814,4.159999999999997,0.5381,0.4619,0.0,-116.4970772894566,116.4970772894566,1.9090909090909092,1.9090909090909092,0.027281818181818296,-0.11819090909090912,2.7281818181818296,-11.819090909090912,over,0.5381,0.027281818181818296,2.7281818181818296,over,20000
player_reception_yds,Courtland Sutton,courtland sutton,WR,57.5,-110.0,-110,2024,12,41.5,-6.5,True,False,WR,61.8,DEN,50-60,175,60.77142857142857,45.23883799407526,2046.5524630541875,4.299999999999997,0.53805,0.46195,0.0,-116.47364433380237,116.47364433380234,1.9090909090909092,1.9090909090909092,0.02718636363636373,-0.11809545454545439,2.718636363636373,-11.80954545454544,over,0.53805,0.02718636363636373,2.718636363636373,over,20000
player_reception_yds,Keenan Allen,keenan allen,WR,50.5,-110.0,-110,2024,14,43.5,3.0,False,True,WR,55.4,LAC,50-60,175,60.77142857142857,45.23883799407526,2046.5524630541875,4.899999999999999,0.53795,0.46205,0.0,-116.42679363705228,116.42679363705226,1.9090909090909092,1.9090909090909092,0.026995454545454656,-0.11790454545454532,2.699545454545466,-11.790454545454532,over,0.53795,0.026995454545454656,2.699545454545466,over,20000
player_reception_yds,Simi Fehoko,simi fehoko,WR,23.5,-110.0,-110,2024,7,44.0,-1.0,True,False,WR,20.52,ARI,20-30,224,33.88392857142857,33.6177959681703,1130.1562057575272,-2.9800000000000004,0.46225,0.53775,0.0,116.33315305570576,-116.33315305570575,1.9090909090909092,1.9090909090909092,-0.11752272727272717,0.02661363636363634,-11.752272727272716,2.661363636363634,under,0.53775,0.02661363636363634,2.661363636363634,under,20000
player_reception_yds,Justin Jefferson,justin jefferson,WR,80.5,-110.0,-110,2024,4,44.0,2.5,False,True,WR,84.7,MIN,60+,244,72.20491803278688,43.97076702840401,1933.4283530661814,4.200000000000003,0.53775,0.46225,0.0,-116.33315305570575,116.33315305570576,1.9090909090909092,1.9090909090909092,0.02661363636363634,-0.11752272727272717,2.661363636363634,-11.752272727272716,over,0.53775,0.02661363636363634,2.661363636363634,over,20000
player_reception_yds,Wan'Dale Robinson,wandale robinson,WR,40.5,-110.0,-110,2024,2,42.5,1.5,False,True,WR,44.09,TEN,40-50,197,52.34517766497462,39.519382558680384,1561.7815978193314,3.5900000000000034,0.5377,0.4623,0.0,-116.30975556997619,116.30975556997623,1.9090909090909092,1.9090909090909092,0.026518181818181774,-0.11742727272727277,2.6518181818181774,-11.742727272727278,over,0.5377,0.026518181818181774,2.6518181818181774,over,20000
player_reception_yds,Tyler Boyd,tyler boyd,WR,25.5,-110.0,-110,2024,2,41.5,3.5,False,True,WR,28.49,FA,20-30,224,33.88392857142857,33.6177959681703,1130.1562057575272,2.9899999999999984,0.53765,0.46235,0.0,-116.2863631448037,116.28636314480372,1.9090909090909092,1.9090909090909092,0.026422727272727264,-0.11733181818181815,2.6422727272727267,-11.733181818181816,over,0.53765,0.026422727272727264,2.6422727272727267,over,20000
player_reception_yds,DeMario Douglas,demario douglas,WR,28.5,-110.0,-110,2024,3,39.0,6.5,False,True,WR,31.94,NE,20-30,224,33.88392857142857,33.6177959681703,1130.1562057575272,3.4400000000000013,0.5376,0.4624,0.0,-116.2629757785467,116.26297577854673,1.9090909090909092,1.9090909090909092,0.0263272727272727,-0.1172363636363637,2.63272727272727,-11.72363636363637,over,0.5376,0.0263272727272727,2.63272727272727,over,20000
player_reception_yds,Jakobi Meyers,jakobi meyers,WR,42.5,-110.0,-110,2024,1,41.0,3.0,False,True,WR,45.31,JAC,40-50,197,52.34517766497462,39.519382558680384,1561.7815978193314,2.8100000000000023,0.5376,0.4624,0.0,-116.2629757785467,116.26297577854673,1.9090909090909092,1.9090909090909092,0.0263272727272727,-0.1172363636363637,2.63272727272727,-11.72363636363637,over,0.5376,0.0263272727272727,2.63272727272727,over,20000
player_reception_yds,Mike Gesicki,mike gesicki,TE,21.5,-110.0,-110,2024,1,40.5,-8.0,True,False,TE,24.45,CIN,20-30,155,32.535483870967745,27.73479503577737,769.218855676581,2.9499999999999993,0.5376,0.4624,0.0,-116.2629757785467,116.26297577854673,1.9090909090909092,1.9090909090909092,0.0263272727272727,-0.1172363636363637,2.63272727272727,-11.72363636363637,over,0.5376,0.0263272727272727,2.63272727272727,over,20000
player_reception_yds,Cedric Tillman,cedric tillman,WR,49.5,-110.0,-110,2024,9,42.5,2.0,False,True,WR,52.86,CLE,40-50,197,52.34517766497462,39.519382558680384,1561.7815978193314,3.3599999999999994,0.53755,0.46245,0.0,-116.23959346956426,116.23959346956426,1.9090909090909092,1.9090909090909092,0.02623181818181819,-0.11714090909090902,2.623181818181819,-11.714090909090903,over,0.53755,0.02623181818181819,2.623181818181819,over,20000
player_reception_yds,Terry McLaurin,terry mclaurin,WR,66.5,-110.0,-110,2024,15,44.5,-7.5,True,False,WR,71.44,WAS,60+,244,72.20491803278688,43.97076702840401,1933.4283530661814,4.939999999999998,0.5375,0.4625,0.0,-116.21621621621621,116.21621621621621,1.9090909090909092,1.9090909090909092,0.026136363636363624,-0.11704545454545445,2.6136363636363624,-11.704545454545446,over,0.5375,0.026136363636363624,2.6136363636363624,over,20000
player_reception_yds,Zach Ertz,zach ertz,TE,36.5,-110.0,-110,2024,15,44.5,-7.5,True,False,TE,39.99,FA,30-40,83,44.18072289156626,36.40127601114409,1325.0528952394943,3.490000000000002,0.53745,0.46255,0.0,-116.19284401686303,116.19284401686303,1.9090909090909092,1.9090909090909092,0.026040909090909115,-0.11694999999999994,2.6040909090909112,-11.694999999999995,over,0.53745,0.026040909090909115,2.6040909090909112,over,20000
player_reception_yds,Tyreek Hill,tyreek hill,WR,60.5,-110.0,-110,2024,14,45.0,-6.5,True,False,WR,64.22,FA,60+,244,72.20491803278688,43.97076702840401,1933.4283530661814,3.719999999999999,0.5374,0.4626,0.0,-116.16947686986597,116.16947686986597,1.9090909090909092,1.9090909090909092,0.02594545454545455,-0.11685454545454538,2.5945454545454547,-11.685454545454538,over,0.5374,0.02594545454545455,2.5945454545454547,over,20000
player_reception_yds,Troy Franklin,troy franklin,WR,23.5,-110.0,-110,2024,7,37.0,-2.5,True,False,WR,26.64,DEN,20-30,224,33.88392857142857,33.6177959681703,1130.1562057575272,3.1400000000000006,0.53735,0.46265,0.0,-116.14611477358694,116.14611477358694,1.9090909090909092,1.9090909090909092,0.02585000000000004,-0.11675909090909087,2.585000000000004,-11.675909090909087,over,0.53735,0.02585000000000004,2.585000000000004,over,20000
player_reception_yds,Alec Pierce,alec pierce,WR,27.5,-110.0,-110,2024,17,40.5,-7.5,True,False,WR,30.94,IND,20-30,224,33.88392857142857,33.6177959681703,1130.1562057575272,3.4400000000000013,0.53725,0.46275,0.0,-116.09940572663426,116.09940572663426,1.9090909090909092,1.9090909090909092,0.025659090909090965,-0.11656818181818179,2.5659090909090967,-11.65681818181818,over,0.53725,0.025659090909090965,2.5659090909090967,over,20000
player_reception_yds,Jerome Ford,jerome ford,RB,18.5,-110.0,-110,2024,5,44.0,3.0,False,True,RB,20.17,WAS,<20,432,17.046296296296298,19.125546894078457,365.78654399759415,1.6700000000000017,0.5372,0.4628,0.0,-116.07605877268799,116.07605877268799,1.9090909090909092,1.9090909090909092,0.025563636363636455,-0.11647272727272728,2.5563636363636455,-11.647272727272728,over,0.5372,0.025563636363636455,2.5563636363636455,over,20000
player_reception_yds,Sam LaPorta,sam laporta,TE,41.5,-110.0,-110,2024,7,50.5,1.0,False,True,TE,38.82,DET,40-50,77,42.8051948051948,30.604649640714655,936.6445796308957,-2.6799999999999997,0.4628,0.5372,0.0,116.07605877268799,-116.07605877268799,1.9090909090909092,1.9090909090909092,-0.11647272727272728,0.025563636363636455,-11.647272727272728,2.5563636363636455,under,0.5372,0.025563636363636455,2.5563636363636455,under,20000
player_reception_yds,Jerry Jeudy,jerry jeudy,WR,41.5,-110.0,-110,2024,4,36.5,-2.5,True,False,WR,45.27,CLE,40-50,197,52.34517766497462,39.519382558680384,1561.7815978193314,3.770000000000003,0.53715,0.46285,0.0,-116.05271686291456,116.05271686291456,1.9090909090909092,1.9090909090909092,0.02546818181818189,-0.11637727272727272,2.546818181818189,-11.637727272727272,over,0.53715,0.02546818181818189,2.546818181818189,over,20000
player_reception_yds,Trey McBride,trey mcbride,TE,48.5,-110.0,-110,2024,8,46.5,4.0,False,True,TE,51.73,ARI,40-50,77,42.8051948051948,30.604649640714655,936.6445796308957,3.229999999999997,0.53715,0.46285,0.0,-116.05271686291456,116.05271686291456,1.9090909090909092,1.9090909090909092,0.02546818181818189,-0.11637727272727272,2.546818181818189,-11.637727272727272,over,0.53715,0.02546818181818189,2.546818181818189,over,20000
player_reception_yds,Kyle Pitts,kyle pitts,TE,43.5,-110.0,-110,2024,8,47.0,-1.5,True,False,TE,46.36,ATL,40-50,77,42.8051948051948,30.604649640714655,936.6445796308957,2.8599999999999994,0.5371,0.4629,0.0,-116.02937999567942,116.02937999567942,1.9090909090909092,1.9090909090909092,0.02537272727272738,-0.11628181818181821,2.537272727272738,-11.62818181818182,over,0.5371,0.02537272727272738,2.537272727272738,over,20000
player_reception_yds,Noah Gray,noah gray,TE,25.5,-105.0,-115,2024,14,43.5,-5.0,True,False,TE,27.63,KC,20-30,155,32.535483870967745,27.73479503577737,769.218855676581,2.129999999999999,0.52515,0.47485,0.0,-110.59281878487944,110.59281878487944,1.9523809523809523,1.8695652173913042,0.025292857142857117,-0.1122369565217392,2.5292857142857117,-11.223695652173921,over,0.52515,0.025292857142857117,2.5292857142857117,over,20000
player_reception_yds,Michael Wilson,michael wilson,WR,29.5,-110.0,-110,2024,16,47.0,-5.5,True,False,WR,32.93,ARI,20-30,224,33.88392857142857,33.6177959681703,1130.1562057575272,3.4299999999999997,0.53685,0.46315,0.0,-115.91277124041889,115.91277124041888,1.9090909090909092,1.9090909090909092,0.024895454545454665,-0.11580454545454544,2.4895454545454667,-11.580454545454543,over,0.53685,0.024895454545454665,2.4895454545454667,over,20000
player_reception_yds,Calvin Austin III,calvin austin,WR,25.5,-110.0,-110,2024,13,46.0,3.0,False,True,WR,28.47,NYG,20-30,224,33.88392857142857,33.6177959681703,1130.1562057575272,2.969999999999999,0.5368,0.4632,0.0,-115.88946459412783,115.88946459412779,1.9090909090909092,1.9090909090909092,0.024800000000000155,-0.11570909090909082,2.4800000000000155,-11.570909090909081,over,0.5368,0.024800000000000155,2.4800000000000155,over,20000
player_reception_yds,DeAndre Carter,deandre carter,WR,20.5,-110.0,-110,2024,3,43.0,1.5,False,True,WR,24.05,FA,20-30,224,33.88392857142857,33.6177959681703,1130.1562057575272,3.5500000000000007,0.53675,0.46325,0.0,-115.86616297895303,115.86616297895306,1.9090909090909092,1.9090909090909092,0.024704545454545423,-0.11561363636363642,2.470454545454542,-11.561363636363641,over,0.53675,0.024704545454545423,2.470454545454542,over,20000
player_reception_yds,Jaylen Waddle,jaylen waddle,WR,67.5,-110.0,-110,2024,2,48.5,-2.5,True,False,WR,71.98,DEN,60+,244,72.20491803278688,43.97076702840401,1933.4283530661814,4.480000000000004,0.53665,0.46335,0.0,-115.81957483543756,115.81957483543759,1.9090909090909092,1.9090909090909092,0.02451363636363635,-0.11542272727272734,2.451363636363635,-11.542272727272735,over,0.53665,0.02451363636363635,2.451363636363635,over,20000
player_reception_yds,Bijan Robinson,bijan robinson,RB,28.5,-110.0,-110,2024,11,44.5,2.0,False,True,RB,30.58,ATL,20-30,101,28.26732673267327,24.221026388386825,586.658119306931,2.0799999999999983,0.5366,0.4634,0.0,-115.79628830384115,115.79628830384117,1.9090909090909092,1.9090909090909092,0.024418181818181783,-0.11532727272727267,2.4418181818181783,-11.532727272727266,over,0.5366,0.024418181818181783,2.4418181818181783,over,20000
player_reception_yds,Will Dissly,will dissly,TE,43.5,-110.0,-110,2024,14,43.5,5.0,False,True,TE,40.16,FA,40-50,77,42.8051948051948,30.604649640714655,936.6445796308957,-3.3400000000000034,0.4635,0.5365,0.0,115.7497303128371,-115.7497303128371,1.9090909090909092,1.9090909090909092,-0.11513636363636354,0.02422727272727271,-11.513636363636353,2.422727272727271,under,0.5365,0.02422727272727271,2.422727272727271,under,20000
player_reception_yds,Noah Fant,noah fant,TE,32.5,-110.0,-110,2024,8,45.5,3.0,False,True,TE,35.61,NO,30-40,83,44.18072289156626,36.40127601114409,1325.0528952394943,3.1099999999999994,0.53645,0.46355,0.0,-115.72645885017796,115.72645885017796,1.9090909090909092,1.9090909090909092,0.0241318181818182,-0.11504090909090903,2.41318181818182,-11.504090909090902,over,0.53645,0.0241318181818182,2.41318181818182,over,20000
player_reception_yds,Amari Cooper,amari cooper,WR,57.5,-110.0,-110,2024,2,41.5,3.0,False,True,WR,61.47,FA,50-60,175,60.77142857142857,45.23883799407526,2046.5524630541875,3.969999999999999,0.53645,0.46355,0.0,-115.72645885017796,115.72645885017796,1.9090909090909092,1.9090909090909092,0.0241318181818182,-0.11504090909090903,2.41318181818182,-11.504090909090902,over,0.53645,0.0241318181818182,2.41318181818182,over,20000
player_reception_yds,Jauan Jennings,jauan jennings,WR,18.5,-110.0,-110,2024,1,43.0,-3.5,True,False,WR,20.62,MIN,<20,194,20.84536082474227,23.784379500884214,565.6967082420812,2.120000000000001,0.5364,0.4636,0.0,-115.70319240724763,115.70319240724763,1.9090909090909092,1.9090909090909092,0.024036363636363633,-0.11494545454545446,2.4036363636363633,-11.494545454545445,over,0.5364,0.024036363636363633,2.4036363636363633,over,20000
player_reception_yds,Jordan Whittington,jordan whittington,WR,34.5,-110.0,-110,2024,3,44.5,6.0,False,True,WR,37.26,LAR,30-40,222,39.810810810810814,35.42174131599695,1254.699757857405,2.759999999999998,0.53635,0.46365,0.0,-115.67993098242208,115.67993098242208,1.9090909090909092,1.9090909090909092,0.023940909090909124,-0.11484999999999995,2.394090909090912,-11.484999999999996,over,0.53635,0.023940909090909124,2.394090909090912,over,20000
player_reception_yds,Justin Jefferson,justin jefferson,WR,92.5,-110.0,-110,2024,10,42.5,-7.0,True,False,WR,96.98,MIN,60+,244,72.20491803278688,43.97076702840401,1933.4283530661814,4.480000000000004,0.53635,0.46365,0.0,-115.67993098242208,115.67993098242208,1.9090909090909092,1.9090909090909092,0.023940909090909124,-0.11484999999999995,2.394090909090912,-11.484999999999996,over,0.53635,0.023940909090909124,2.394090909090912,over,20000
player_reception_yds,Davante Adams,davante adams,WR,58.5,-110.0,-110,2024,9,43.5,-2.5,True,False,WR,62.35,LAR,50-60,175,60.77142857142857,45.23883799407526,2046.5524630541875,3.8500000000000014,0.5363,0.4637,0.0,-115.65667457407807,115.65667457407807,1.9090909090909092,1.9090909090909092,0.023845454545454614,-0.11475454545454544,2.3845454545454614,-11.475454545454545,over,0.5363,0.023845454545454614,2.3845454545454614,over,20000
player_reception_yds,Terry McLaurin,terry mclaurin,WR,60.5,-110.0,-110,2024,1,42.0,4.0,False,True,WR,64.71,WAS,60+,244,72.20491803278688,43.97076702840401,1933.4283530661814,4.209999999999994,0.53625,0.46375,0.0,-115.633423180593,115.633423180593,1.9090909090909092,1.9090909090909092,0.02375000000000005,-0.11465909090909088,2.375000000000005,-11.465909090909088,over,0.53625,0.02375000000000005,2.375000000000005,over,20000
player_reception_yds,Garrett Wilson,garrett wilson,WR,69.5,-110.0,-110,2024,2,41.5,-3.5,True,False,WR,72.98,NYJ,60+,244,72.20491803278688,43.97076702840401,1933.4283530661814,3.480000000000004,0.536,0.464,0.0,-115.51724137931035,115.51724137931035,1.9090909090909092,1.9090909090909092,0.02327272727272739,-0.11418181818181816,2.3272727272727387,-11.418181818181816,over,0.536,0.02327272727272739,2.3272727272727387,over,20000
player_reception_yds,Tony Pollard,tony pollard,RB,22.5,-110.0,-110,2024,7,41.0,9.5,False,True,RB,20.54,TEN,20-30,101,28.26732673267327,24.221026388386825,586.658119306931,-1.9600000000000009,0.46415,0.53585,0.0,115.44759237315522,-115.44759237315526,1.9090909090909092,1.9090909090909092,-0.11389545454545447,0.02298636363636375,-11.389545454545447,2.298636363636375,under,0.53585,0.02298636363636375,2.298636363636375,under,20000
player_reception_yds,Bijan Robinson,bijan robinson,RB,28.5,-110.0,-110,2024,14,46.5,6.0,False,True,RB,30.7,ATL,20-30,101,28.26732673267327,24.221026388386825,586.658119306931,2.1999999999999993,0.5357,0.4643,0.0,-115.3779883695886,115.37798836958865,1.9090909090909092,1.9090909090909092,0.022699999999999942,-0.11360909090909094,2.2699999999999942,-11.360909090909093,over,0.5357,0.022699999999999942,2.2699999999999942,over,20000
player_reception_yds,Ryan Miller,ryan miller,WR,26.5,-110.0,-110,2024,9,45.5,9.0,False,True,WR,29.7,NYG,20-30,224,33.88392857142857,33.6177959681703,1130.1562057575272,3.1999999999999993,0.53555,0.46445,0.0,-115.30842932500806,115.30842932500808,1.9090909090909092,1.9090909090909092,0.022413636363636358,-0.11332272727272724,2.241363636363636,-11.332272727272724,over,0.53555,0.022413636363636358,2.241363636363636,over,20000
player_reception_yds,Juwan Johnson,juwan johnson,TE,31.5,-110.0,-110,2024,10,46.5,3.5,False,True,TE,34.38,NO,30-40,83,44.18072289156626,36.40127601114409,1325.0528952394943,2.8800000000000026,0.53555,0.46445,0.0,-115.30842932500806,115.30842932500808,1.9090909090909092,1.9090909090909092,0.022413636363636358,-0.11332272727272724,2.241363636363636,-11.332272727272724,over,0.53555,0.022413636363636358,2.241363636363636,over,20000
player_reception_yds,Tyler Lockett,tyler lockett,WR,44.5,-110.0,-110,2024,1,42.0,-6.5,True,False,WR,48.36,LV,40-50,197,52.34517766497462,39.519382558680384,1561.7815978193314,3.8599999999999994,0.5355,0.4645,0.0,-115.28525296017222,115.28525296017222,1.9090909090909092,1.9090909090909092,0.022318181818181793,-0.11322727272727262,2.2318181818181793,-11.322727272727262,over,0.5355,0.022318181818181793,2.2318181818181793,over,20000
player_reception_yds,Brian Thomas Jr,brian thomas,WR,57.5,-110.0,-110,2024,6,44.5,-1.5,True,False,WR,61.99,JAC,50-60,175,60.77142857142857,45.23883799407526,2046.5524630541875,4.490000000000002,0.5355,0.4645,0.0,-115.28525296017222,115.28525296017222,1.9090909090909092,1.9090909090909092,0.022318181818181793,-0.11322727272727262,2.2318181818181793,-11.322727272727262,over,0.5355,0.022318181818181793,2.2318181818181793,over,20000
player_reception_yds,Tyler Lockett,tyler lockett,WR,54.5,-110.0,-110,2024,8,45.5,3.0,False,True,WR,58.66,LV,50-60,175,60.77142857142857,45.23883799407526,2046.5524630541875,4.159999999999997,0.53545,0.46455,0.0,-115.26208158432893,115.26208158432893,1.9090909090909092,1.9090909090909092,0.022222727272727283,-0.11313181818181811,2.2222727272727285,-11.31318181818181,over,0.53545,0.022222727272727283,2.2222727272727285,over,20000
player_reception_yds,Kyle Pitts,kyle pitts,TE,39.5,-110.0,-110,2024,13,47.0,1.0,False,True,TE,42.18,ATL,30-40,83,44.18072289156626,36.40127601114409,1325.0528952394943,2.6799999999999997,0.5354,0.4646,0.0,-115.2389151958674,115.2389151958674,1.9090909090909092,1.9090909090909092,0.022127272727272773,-0.1130363636363636,2.2127272727272773,-11.303636363636361,over,0.5354,0.022127272727272773,2.2127272727272773,over,20000
player_reception_yds,Kenneth Walker III,kenneth walker,RB,21.5,-110.0,-110,2024,12,46.5,1.0,False,True,RB,23.23,KC,20-30,101,28.26732673267327,24.221026388386825,586.658119306931,1.7300000000000004,0.53535,0.46465,0.0,-115.21575379317765,115.21575379317765,1.9090909090909092,1.9090909090909092,0.022031818181818208,-0.11294090909090904,2.203181818181821,-11.294090909090905,over,0.53535,0.022031818181818208,2.203181818181821,over,20000
player_reception_yds,Jake Ferguson,jake ferguson,TE,39.5,-110.0,-110,2024,14,51.0,5.0,False,True,TE,43.22,DAL,30-40,83,44.18072289156626,36.40127601114409,1325.0528952394943,3.719999999999999,0.53535,0.46465,0.0,-115.21575379317765,115.21575379317765,1.9090909090909092,1.9090909090909092,0.022031818181818208,-0.11294090909090904,2.203181818181821,-11.294090909090905,over,0.53535,0.022031818181818208,2.203181818181821,over,20000
player_reception_yds,Puka Nacua,puka nacua,WR,78.5,-110.0,-110,2024,14,49.5,3.5,False,True,WR,82.38,LAR,60+,244,72.20491803278688,43.97076702840401,1933.4283530661814,3.8799999999999955,0.53535,0.46465,0.0,-115.21575379317765,115.21575379317765,1.9090909090909092,1.9090909090909092,0.022031818181818208,-0.11294090909090904,2.203181818181821,-11.294090909090905,over,0.53535,0.022031818181818208,2.203181818181821,over,20000
player_reception_yds,Tre Tucker,tre tucker,WR,39.5,-110.0,-110,2024,4,36.5,2.5,False,True,WR,43.13,LV,30-40,222,39.810810810810814,35.42174131599695,1254.699757857405,3.6300000000000026,0.53535,0.46465,0.0,-115.21575379317765,115.21575379317765,1.9090909090909092,1.9090909090909092,0.022031818181818208,-0.11294090909090904,2.203181818181821,-11.294090909090905,over,0.53535,0.022031818181818208,2.203181818181821,over,20000
player_reception_yds,Jerome Ford,jerome ford,RB,15.5,-110.0,-110,2024,4,36.5,-2.5,True,False,RB,17.1,WAS,<20,432,17.046296296296298,19.125546894078457,365.78654399759415,1.6000000000000014,0.5353,0.4647,0.0,-115.19259737465032,115.19259737465032,1.9090909090909092,1.9090909090909092,0.021936363636363698,-0.11284545454545453,2.1936363636363696,-11.284545454545453,over,0.5353,0.021936363636363698,2.1936363636363696,over,20000
player_reception_yds,Quentin Johnston,quentin johnston,WR,42.5,-110.0,-110,2024,11,48.0,-1.0,True,False,WR,46.07,LAC,40-50,197,52.34517766497462,39.519382558680384,1561.7815978193314,3.5700000000000003,0.5353,0.4647,0.0,-115.19259737465032,115.19259737465032,1.9090909090909092,1.9090909090909092,0.021936363636363698,-0.11284545454545453,2.1936363636363696,-11.284545454545453,over,0.5353,0.021936363636363698,2.1936363636363696,over,20000
player_reception_yds,Sam LaPorta,sam laporta,TE,41.5,-110.0,-110,2024,6,52.5,-3.5,True,False,TE,44.35,DET,40-50,77,42.8051948051948,30.604649640714655,936.6445796308957,2.8500000000000014,0.53525,0.46475,0.0,-115.1694459386767,115.1694459386767,1.9090909090909092,1.9090909090909092,0.021840909090909133,-0.11274999999999996,2.184090909090913,-11.274999999999997,over,0.53525,0.021840909090909133,2.184090909090913,over,20000
player_reception_yds,Bijan Robinson,bijan robinson,RB,29.5,-110.0,-110,2024,13,47.0,1.0,False,True,RB,31.4,ATL,20-30,101,28.26732673267327,24.221026388386825,586.658119306931,1.8999999999999986,0.5351,0.4649,0.0,-115.10002151000216,115.10002151000216,1.9090909090909092,1.9090909090909092,0.02155454545454555,-0.11246363636363638,2.155454545454555,-11.246363636363638,over,0.5351,0.02155454545454555,2.155454545454555,over,20000
player_reception_yds,Cooper Kupp,cooper kupp,WR,65.5,-110.0,-110,2024,12,49.0,3.0,False,True,WR,69.15,SEA,60+,244,72.20491803278688,43.97076702840401,1933.4283530661814,3.6500000000000057,0.535,0.465,0.0,-115.05376344086022,115.0537634408602,1.9090909090909092,1.9090909090909092,0.021363636363636473,-0.11227272727272714,2.1363636363636473,-11.227272727272714,over,0.535,0.021363636363636473,2.1363636363636473,over,20000
player_reception_yds,Nico Collins,nico collins,WR,70.5,-110.0,-110,2024,1,49.0,-3.0,True,False,WR,74.39,HOU,60+,244,72.20491803278688,43.97076702840401,1933.4283530661814,3.8900000000000006,0.535,0.465,0.0,-115.05376344086022,115.0537634408602,1.9090909090909092,1.9090909090909092,0.021363636363636473,-0.11227272727272714,2.1363636363636473,-11.227272727272714,over,0.535,0.021363636363636473,2.1363636363636473,over,20000
player_reception_yds,Drake London,drake london,WR,61.5,-110.0,-110,2024,5,44.0,-2.5,True,False,WR,64.78,ATL,60+,244,72.20491803278688,43.97076702840401,1933.4283530661814,3.280000000000001,0.53495,0.46505,0.0,-115.03064186646598,115.03064186646597,1.9090909090909092,1.9090909090909092,0.021268181818181908,-0.11217727272727274,2.126818181818191,-11.217727272727274,over,0.53495,0.021268181818181908,2.126818181818191,over,20000
player_reception_yds,Brock Bowers,brock bowers,TE,45.5,-110.0,-110,2024,5,36.0,3.0,False,True,TE,47.74,LV,40-50,77,42.8051948051948,30.604649640714655,936.6445796308957,2.240000000000002,0.5349,0.4651,0.0,-115.00752526338424,115.00752526338421,1.9090909090909092,1.9090909090909092,0.0211727272727274,-0.11208181818181806,2.1172727272727396,-11.208181818181806,over,0.5349,0.0211727272727274,2.1172727272727396,over,20000
player_reception_yds,Theo Johnson,theo johnson,TE,18.5,-110.0,-110,2024,1,42.5,1.0,False,True,TE,20.3,NYG,<20,149,20.28187919463087,23.469612040364684,550.822689325231,1.8000000000000007,0.53485,0.46515,0.0,-114.98441363001184,114.98441363001183,1.9090909090909092,1.9090909090909092,0.02107727272727289,-0.11198636363636366,2.107727272727289,-11.198636363636366,over,0.53485,0.02107727272727289,2.107727272727289,over,20000
player_reception_yds,Sam LaPorta,sam laporta,TE,34.5,-110.0,-110,2024,8,45.0,-12.5,True,False,TE,37.74,DET,30-40,83,44.18072289156626,36.40127601114409,1325.0528952394943,3.240000000000002,0.5348,0.4652,0.0,-114.96130696474637,114.96130696474634,1.9090909090909092,1.9090909090909092,0.020981818181818324,-0.11189090909090899,2.0981818181818324,-11.189090909090899,over,0.5348,0.020981818181818324,2.0981818181818324,over,20000
player_reception_yds,Cade Otton,cade otton,TE,30.5,-110.0,-110,2024,5,44.0,2.5,False,True,TE,33.58,TB,30-40,83,44.18072289156626,36.40127601114409,1325.0528952394943,3.0799999999999983,0.53475,0.46525,0.0,-114.938205265986,114.93820526598604,1.9090909090909092,1.9090909090909092,0.020886363636363592,-0.11179545454545459,2.0886363636363594,-11.179545454545458,over,0.53475,0.020886363636363592,2.0886363636363594,over,20000
player_reception_yds,Lil'Jordan Humphrey,liljordan humphrey,WR,20.5,-110.0,-110,2024,10,42.5,7.5,False,True,WR,23.41,DEN,20-30,224,33.88392857142857,33.6177959681703,1130.1562057575272,2.91,0.53475,0.46525,0.0,-114.938205265986,114.93820526598604,1.9090909090909092,1.9090909090909092,0.020886363636363592,-0.11179545454545459,2.0886363636363594,-11.179545454545458,over,0.53475,0.020886363636363592,2.0886363636363594,over,20000
player_reception_yds,Keon Coleman,keon coleman,WR,50.5,-110.0,-110,2024,9,49.0,-6.5,True,False,WR,54.54,BUF,50-60,175,60.77142857142857,45.23883799407526,2046.5524630541875,4.039999999999999,0.5347,0.4653,0.0,-114.91510853212979,114.9151085321298,1.9090909090909092,1.9090909090909092,0.020790909090909027,-0.11169999999999991,2.079090909090903,-11.169999999999991,over,0.5347,0.020790909090909027,2.079090909090903,over,20000
player_reception_yds,Rome Odunze,rome odunze,WR,40.5,-110.0,-110,2024,6,44.5,1.5,False,True,WR,44.13,CHI,40-50,197,52.34517766497462,39.519382558680384,1561.7815978193314,3.6300000000000026,0.5347,0.4653,0.0,-114.91510853212979,114.9151085321298,1.9090909090909092,1.9090909090909092,0.020790909090909027,-0.11169999999999991,2.079090909090903,-11.169999999999991,over,0.5347,0.020790909090909027,2.079090909090903,over,20000
player_reception_yds,AJ Brown,aj brown,WR,89.5,-110.0,-110,2024,12,49.0,-3.0,True,False,WR,85.89,PHI,60+,244,72.20491803278688,43.97076702840401,1933.4283530661814,-3.6099999999999994,0.46535,0.53465,0.0,114.89201676157732,-114.8920167615773,1.9090909090909092,1.9090909090909092,-0.11160454545454551,0.020695454545454517,-11.16045454545455,2.0695454545454517,under,0.53465,0.020695454545454517,2.0695454545454517,under,20000
player_reception_yds,Jayden Reed,jayden reed,WR,50.5,-110.0,-110,2024,12,44.5,-6.5,True,False,WR,54.2,GB,50-60,175,60.77142857142857,45.23883799407526,2046.5524630541875,3.700000000000003,0.5346,0.4654,0.0,-114.86892995272882,114.86892995272882,1.9090909090909092,1.9090909090909092,0.02059999999999995,-0.11150909090909084,2.059999999999995,-11.150909090909083,over,0.5346,0.02059999999999995,2.059999999999995,over,20000
player_reception_yds,Elijah Moore,elijah moore,WR,28.5,-110.0,-110,2024,3,38.0,-6.5,True,False,WR,32.19,PHI,20-30,224,33.88392857142857,33.6177959681703,1130.1562057575272,3.6899999999999977,0.5345,0.4655,0.0,-114.82277121374864,114.82277121374864,1.9090909090909092,1.9090909090909092,0.020409090909090932,-0.11131818181818176,2.0409090909090932,-11.131818181818176,over,0.5345,0.020409090909090932,2.0409090909090932,over,20000
player_reception_yds,Keenan Allen,keenan allen,WR,40.5,-110.0,-110,2024,10,37.5,-6.5,True,False,WR,44.15,LAC,40-50,197,52.34517766497462,39.519382558680384,1561.7815978193314,3.6499999999999986,0.53445,0.46555,0.0,-114.79969928042101,114.79969928042101,1.9090909090909092,1.9090909090909092,0.020313636363636367,-0.1112227272727272,2.0313636363636367,-11.122272727272719,over,0.53445,0.020313636363636367,2.0313636363636367,over,20000
player_reception_yds,Tyler Lockett,tyler lockett,WR,44.5,-110.0,-110,2024,4,46.5,3.5,False,True,WR,47.86,LV,40-50,197,52.34517766497462,39.519382558680384,1561.7815978193314,3.3599999999999994,0.53445,0.46555,0.0,-114.79969928042101,114.79969928042101,1.9090909090909092,1.9090909090909092,0.020313636363636367,-0.1112227272727272,2.0313636363636367,-11.122272727272719,over,0.53445,0.020313636363636367,2.0313636363636367,over,20000
player_reception_yds,Jayden Reed,jayden reed,WR,62.5,-110.0,-110,2024,14,53.0,3.0,False,True,WR,57.84,GB,60+,244,72.20491803278688,43.97076702840401,1933.4283530661814,-4.659999999999997,0.46565,0.53435,0.0,114.75357027810588,-114.75357027810588,1.9090909090909092,1.9090909090909092,-0.11103181818181812,0.020122727272727292,-11.103181818181811,2.0122727272727294,under,0.53435,0.020122727272727292,2.0122727272727294,under,20000
player_reception_yds,Jahmyr Gibbs,jahmyr gibbs,RB,21.5,-110.0,-110,2024,4,46.5,-3.5,True,False,RB,23.58,DET,20-30,101,28.26732673267327,24.221026388386825,586.658119306931,2.0799999999999983,0.5343,0.4657,0.0,-114.73051320592656,114.73051320592656,1.9090909090909092,1.9090909090909092,0.020027272727272782,-0.11093636363636361,2.0027272727272782,-11.09363636363636,over,0.5343,0.020027272727272782,2.0027272727272782,over,20000
player_reception_yds,Mike Evans,mike evans,WR,66.5,-110.0,-110,2024,13,46.0,-6.5,True,False,WR,70.43,SF,60+,244,72.20491803278688,43.97076702840401,1933.4283530661814,3.930000000000007,0.53415,0.46585,0.0,-114.66137168616508,114.66137168616508,1.9090909090909092,1.9090909090909092,0.019740909090909142,-0.11064999999999997,1.9740909090909142,-11.064999999999998,over,0.53415,0.019740909090909142,1.9740909090909142,pass,20000
player_reception_yds,Kyle Juszczyk,kyle juszczyk,FB,18.5,-110.0,-110,2024,3,44.5,-6.0,True,False,FB,17.08,SF,<20,6,13.5,16.58154848016312,274.9477499999999,-1.4200000000000017,0.46595,0.53405,0.0,114.61530207103768,-114.61530207103768,1.9090909090909092,1.9090909090909092,-0.1104590909090909,0.019550000000000067,-11.04590909090909,1.9550000000000067,under,0.53405,0.019550000000000067,1.9550000000000067,pass,20000
player_reception_yds,DK Metcalf,dk metcalf,WR,68.5,-110.0,-110,2024,7,51.5,3.0,False,True,WR,72.42,PIT,60+,244,72.20491803278688,43.97076702840401,1933.4283530661814,3.9200000000000017,0.5339,0.4661,0.0,-114.54623471358079,114.54623471358077,1.9090909090909092,1.9090909090909092,0.019263636363636483,-0.11017272727272726,1.9263636363636483,-11.017272727272726,over,0.5339,0.019263636363636483,1.9263636363636483,pass,20000
player_reception_yds,Allen Lazard,allen lazard,WR,35.5,-110.0,-110,2024,5,42.0,2.5,False,True,WR,38.6,FA,30-40,222,39.810810810810814,35.42174131599695,1254.699757857405,3.1000000000000014,0.5338,0.4662,0.0,-114.50021450021453,114.50021450021451,1.9090909090909092,1.9090909090909092,0.019072727272727408,-0.10998181818181818,1.9072727272727408,-10.998181818181818,over,0.5338,0.019072727272727408,1.9072727272727408,pass,20000
player_reception_yds,Jaxon Smith-Njigba,jaxon smith-njigba,WR,50.5,-110.0,-110,2024,7,51.5,3.0,False,True,WR,53.98,SEA,50-60,175,60.77142857142857,45.23883799407526,2046.5524630541875,3.479999999999997,0.5337,0.4663,0.0,-114.45421402530557,114.4542140253056,1.9090909090909092,1.9090909090909092,0.01888181818181811,-0.1097909090909091,1.888181818181811,-10.97909090909091,over,0.5337,0.01888181818181811,1.888181818181811,pass,20000
player_reception_yds,Tony Pollard,tony pollard,RB,15.5,-110.0,-110,2024,11,40.0,6.0,False,True,RB,17.15,TEN,<20,432,17.046296296296298,19.125546894078457,365.78654399759415,1.6499999999999986,0.5337,0.4663,0.0,-114.45421402530557,114.4542140253056,1.9090909090909092,1.9090909090909092,0.01888181818181811,-0.1097909090909091,1.888181818181811,-10.97909090909091,over,0.5337,0.01888181818181811,1.888181818181811,pass,20000
player_reception_yds,Nick Westbrook-Ikhine,nick westbrook-ikhine,WR,39.5,-110.0,-110,2024,14,40.0,-3.0,True,False,WR,43.2,IND,30-40,222,39.810810810810814,35.42174131599695,1254.699757857405,3.700000000000003,0.53365,0.46635,0.0,-114.43122118580463,114.43122118580465,1.9090909090909092,1.9090909090909092,0.0187863636363636,-0.10969545454545448,1.87863636363636,-10.969545454545448,over,0.53365,0.0187863636363636,1.87863636363636,pass,20000
player_reception_yds,Travis Kelce,travis kelce,TE,56.5,-110.0,-110,2024,13,42.0,-13.5,True,False,TE,59.58,KC,50-60,28,62.82142857142857,33.57799988255154,1127.4820761126311,3.0799999999999983,0.53365,0.46635,0.0,-114.43122118580463,114.43122118580465,1.9090909090909092,1.9090909090909092,0.0187863636363636,-0.10969545454545448,1.87863636363636,-10.969545454545448,over,0.53365,0.0187863636363636,1.87863636363636,pass,20000
player_reception_yds,KaVontae Turpin,kavontae turpin,WR,16.5,-110.0,-110,2024,5,43.5,2.5,False,True,WR,18.59,DAL,<20,194,20.84536082474227,23.784379500884214,565.6967082420812,2.09,0.5336,0.4664,0.0,-114.40823327615779,114.40823327615783,1.9090909090909092,1.9090909090909092,0.01869090909090909,-0.10960000000000003,1.8690909090909091,-10.960000000000003,over,0.5336,0.01869090909090909,1.8690909090909091,pass,20000
player_reception_yds,Tyler Lockett,tyler lockett,WR,55.5,-110.0,-110,2024,9,48.5,1.5,False,True,WR,59.65,LV,50-60,175,60.77142857142857,45.23883799407526,2046.5524630541875,4.149999999999999,0.53355,0.46645,0.0,-114.38525029477971,114.38525029477972,1.9090909090909092,1.9090909090909092,0.018595454545454526,-0.10950454545454541,1.8595454545454526,-10.95045454545454,over,0.53355,0.018595454545454526,1.8595454545454526,pass,20000
player_reception_yds,DJ Moore,dj moore,WR,56.5,-110.0,-110,2024,14,43.5,3.0,False,True,WR,60.21,BUF,50-60,175,60.77142857142857,45.23883799407526,2046.5524630541875,3.710000000000001,0.53355,0.46645,0.0,-114.38525029477971,114.38525029477972,1.9090909090909092,1.9090909090909092,0.018595454545454526,-0.10950454545454541,1.8595454545454526,-10.95045454545454,over,0.53355,0.018595454545454526,1.8595454545454526,pass,20000
player_reception_yds,Jalen Tolbert,jalen tolbert,WR,28.5,-110.0,-110,2024,3,47.5,1.5,False,True,WR,31.53,MIA,20-30,224,33.88392857142857,33.6177959681703,1130.1562057575272,3.030000000000001,0.5335,0.4665,0.0,-114.36227224008573,114.36227224008573,1.9090909090909092,1.9090909090909092,0.018500000000000016,-0.10940909090909084,1.8500000000000016,-10.940909090909084,over,0.5335,0.018500000000000016,1.8500000000000016,pass,20000
player_reception_yds,Jerome Ford,jerome ford,RB,16.5,-110.0,-110,2024,15,41.5,4.5,False,True,RB,14.82,WAS,<20,432,17.046296296296298,19.125546894078457,365.78654399759415,-1.6799999999999997,0.4665,0.5335,0.0,114.36227224008573,-114.36227224008573,1.9090909090909092,1.9090909090909092,-0.10940909090909084,0.018500000000000016,-10.940909090909084,1.8500000000000016,under,0.5335,0.018500000000000016,1.8500000000000016,pass,20000
player_reception_yds,Bijan Robinson,bijan robinson,RB,27.5,-110.0,-110,2024,15,44.5,-6.5,True,False,RB,29.98,ATL,20-30,101,28.26732673267327,24.221026388386825,586.658119306931,2.4800000000000004,0.53345,0.46655,0.0,-114.33929911049191,114.33929911049191,1.9090909090909092,1.9090909090909092,0.01840454545454545,-0.10931363636363628,1.8404545454545451,-10.931363636363628,over,0.53345,0.01840454545454545,1.8404545454545451,pass,20000
player_reception_yds,Dalton Schultz,dalton schultz,TE,33.5,-110.0,-110,2024,6,38.5,-6.5,True,False,TE,36.74,HOU,30-40,83,44.18072289156626,36.40127601114409,1325.0528952394943,3.240000000000002,0.5334,0.4666,0.0,-114.31633090441491,114.31633090441491,1.9090909090909092,1.9090909090909092,0.01830909090909094,-0.10921818181818177,1.8309090909090942,-10.921818181818177,over,0.5334,0.01830909090909094,1.8309090909090942,pass,20000
player_reception_yds,Khalil Shakir,khalil shakir,WR,54.5,-110.0,-110,2024,9,49.0,-6.5,True,False,WR,58.11,BUF,50-60,175,60.77142857142857,45.23883799407526,2046.5524630541875,3.6099999999999994,0.5333,0.4667,0.0,-114.27040925648167,114.27040925648167,1.9090909090909092,1.9090909090909092,0.018118181818181867,-0.1090272727272727,1.8118181818181867,-10.902727272727269,over,0.5333,0.018118181818181867,1.8118181818181867,pass,20000
player_reception_yds,Tank Dell,tank dell,WR,50.5,-110.0,-110,2024,3,46.0,-2.0,True,False,WR,54.17,HOU,50-60,175,60.77142857142857,45.23883799407526,2046.5524630541875,3.6700000000000017,0.5333,0.4667,0.0,-114.27040925648167,114.27040925648167,1.9090909090909092,1.9090909090909092,0.018118181818181867,-0.1090272727272727,1.8118181818181867,-10.902727272727269,over,0.5333,0.018118181818181867,1.8118181818181867,pass,20000
player_reception_yds,Adam Thielen,adam thielen,WR,41.5,-110.0,-110,2024,13,46.0,6.5,False,True,WR,45.42,FA,40-50,197,52.34517766497462,39.519382558680384,1561.7815978193314,3.9200000000000017,0.53325,0.46675,0.0,-114.24745581146225,114.24745581146225,1.9090909090909092,1.9090909090909092,0.0180227272727273,-0.10893181818181813,1.8022727272727301,-10.893181818181812,over,0.53325,0.0180227272727273,1.8022727272727301,pass,20000
player_reception_yds,Jalen Tolbert,jalen tolbert,WR,23.5,-110.0,-110,2024,13,39.0,-4.5,True,False,WR,26.27,MIA,20-30,224,33.88392857142857,33.6177959681703,1130.1562057575272,2.7699999999999996,0.53305,0.46695,0.0,-114.15569118749332,114.15569118749332,1.9090909090909092,1.9090909090909092,0.017640909090909207,-0.10855000000000004,1.7640909090909207,-10.855000000000004,over,0.53305,0.017640909090909207,1.7640909090909207,pass,20000
player_reception_yds,Ladd McConkey,ladd mcconkey,WR,53.5,-110.0,-110,2024,10,40.0,-8.0,True,False,WR,57.5,LAC,50-60,175,60.77142857142857,45.23883799407526,2046.5524630541875,4.0,0.53305,0.46695,0.0,-114.15569118749332,114.15569118749332,1.9090909090909092,1.9090909090909092,0.017640909090909207,-0.10855000000000004,1.7640909090909207,-10.855000000000004,over,0.53305,0.017640909090909207,1.7640909090909207,pass,20000
player_reception_yds,DK Metcalf,dk metcalf,WR,66.5,-110.0,-110,2024,16,43.0,2.5,False,True,WR,62.82,PIT,60+,244,72.20491803278688,43.97076702840401,1933.4283530661814,-3.6799999999999997,0.46705,0.53295,0.0,114.10983834707204,-114.10983834707206,1.9090909090909092,1.9090909090909092,-0.1083590909090909,0.017450000000000132,-10.835909090909091,1.7450000000000132,under,0.53295,0.017450000000000132,1.7450000000000132,pass,20000
player_reception_yds,Nico Collins,nico collins,WR,84.5,-110.0,-110,2024,16,42.5,3.5,False,True,WR,81.04,HOU,60+,244,72.20491803278688,43.97076702840401,1933.4283530661814,-3.4599999999999937,0.4671,0.5329,0.0,114.0869192892314,-114.08691928923145,1.9090909090909092,1.9090909090909092,-0.10826363636363623,0.017354545454545567,-10.826363636363624,1.7354545454545567,under,0.5329,0.017354545454545567,1.7354545454545567,pass,20000
player_reception_yds,Noah Fant,noah fant,TE,27.5,-110.0,-110,2024,7,51.5,3.0,False,True,TE,29.88,NO,20-30,155,32.535483870967745,27.73479503577737,769.218855676581,2.379999999999999,0.5329,0.4671,0.0,-114.08691928923145,114.0869192892314,1.9090909090909092,1.9090909090909092,0.017354545454545567,-0.10826363636363623,1.7354545454545567,-10.826363636363624,over,0.5329,0.017354545454545567,1.7354545454545567,pass,20000
player_reception_yds,Nico Collins,nico collins,WR,87.5,-110.0,-110,2024,15,46.5,-2.5,True,False,WR,90.89,HOU,60+,244,72.20491803278688,43.97076702840401,1933.4283530661814,3.3900000000000006,0.5328,0.4672,0.0,-114.04109589041099,114.04109589041094,1.9090909090909092,1.9090909090909092,0.017163636363636492,-0.10807272727272715,1.7163636363636492,-10.807272727272716,over,0.5328,0.017163636363636492,1.7163636363636492,pass,20000
player_reception_yds,Jalen McMillan,jalen mcmillan,WR,29.5,-110.0,-110,2024,15,46.0,3.0,False,True,WR,32.17,TB,20-30,224,33.88392857142857,33.6177959681703,1130.1562057575272,2.6700000000000017,0.5328,0.4672,0.0,-114.04109589041099,114.04109589041094,1.9090909090909092,1.9090909090909092,0.017163636363636492,-0.10807272727272715,1.7163636363636492,-10.807272727272716,over,0.5328,0.017163636363636492,1.7163636363636492,pass,20000
player_reception_yds,Alec Pierce,alec pierce,WR,29.5,-110.0,-110,2024,3,43.0,-1.5,True,False,WR,32.27,IND,20-30,224,33.88392857142857,33.6177959681703,1130.1562057575272,2.770000000000003,0.5327,0.4673,0.0,-113.9952921035737,113.99529210357372,1.9090909090909092,1.9090909090909092,0.01697272727272725,-0.10788181818181808,1.697272727272725,-10.788181818181808,over,0.5327,0.01697272727272725,1.697272727272725,pass,20000
player_reception_yds,Jordan Akins,jordan akins,TE,21.5,-110.0,-110,2024,4,36.5,-2.5,True,False,TE,23.77,FA,20-30,155,32.535483870967745,27.73479503577737,769.218855676581,2.2699999999999996,0.5326,0.4674,0.0,-113.94950791613178,113.9495079161318,1.9090909090909092,1.9090909090909092,0.016781818181818176,-0.10769090909090906,1.6781818181818176,-10.769090909090906,over,0.5326,0.016781818181818176,1.6781818181818176,pass,20000
player_reception_yds,Saquon Barkley,saquon barkley,RB,20.5,-110.0,-110,2024,2,46.5,-5.5,True,False,RB,22.37,PHI,20-30,101,28.26732673267327,24.221026388386825,586.658119306931,1.870000000000001,0.5326,0.4674,0.0,-113.94950791613178,113.9495079161318,1.9090909090909092,1.9090909090909092,0.016781818181818176,-0.10769090909090906,1.6781818181818176,-10.769090909090906,over,0.5326,0.016781818181818176,1.6781818181818176,pass,20000
player_reception_yds,Jerry Jeudy,jerry jeudy,WR,47.5,-110.0,-110,2024,7,42.0,5.5,False,True,WR,50.87,CLE,40-50,197,52.34517766497462,39.519382558680384,1561.7815978193314,3.3699999999999974,0.53255,0.46745,0.0,-113.92662316825327,113.92662316825331,1.9090909090909092,1.9090909090909092,0.01668636363636361,-0.1075954545454546,1.668636363636361,-10.75954545454546,over,0.53255,0.01668636363636361,1.668636363636361,pass,20000
player_reception_yds,Justin Jefferson,justin jefferson,WR,83.5,-110.0,-110,2024,14,46.5,-6.0,True,False,WR,87.25,MIN,60+,244,72.20491803278688,43.97076702840401,1933.4283530661814,3.75,0.5324,0.4676,0.0,-113.85799828913599,113.85799828913599,1.9090909090909092,1.9090909090909092,0.016400000000000026,-0.10730909090909085,1.6400000000000026,-10.730909090909085,over,0.5324,0.016400000000000026,1.6400000000000026,pass,20000
player_reception_yds,Dalton Kincaid,dalton kincaid,TE,44.5,-110.0,-110,2024,9,49.0,-6.5,True,False,TE,46.83,BUF,40-50,77,42.8051948051948,30.604649640714655,936.6445796308957,2.3299999999999983,0.5322,0.4678,0.0,-113.76656690893545,113.76656690893545,1.9090909090909092,1.9090909090909092,0.016018181818181876,-0.1069272727272727,1.6018181818181876,-10.69272727272727,over,0.5322,0.016018181818181876,1.6018181818181876,pass,20000
player_reception_yds,Rashid Shaheed,rashid shaheed,WR,54.5,-110.0,-110,2024,3,49.0,-2.5,True,False,WR,57.93,SEA,50-60,175,60.77142857142857,45.23883799407526,2046.5524630541875,3.4299999999999997,0.53215,0.46785,0.0,-113.74372127818746,113.74372127818746,1.9090909090909092,1.9090909090909092,0.015922727272727366,-0.1068318181818182,1.5922727272727366,-10.683181818181819,over,0.53215,0.015922727272727366,1.5922727272727366,pass,20000
player_reception_yds,Jauan Jennings,jauan jennings,WR,43.5,-110.0,-110,2024,10,50.5,-6.5,True,False,WR,47.23,MIN,40-50,197,52.34517766497462,39.519382558680384,1561.7815978193314,3.729999999999997,0.5321,0.4679,0.0,-113.72088053002778,113.72088053002778,1.9090909090909092,1.9090909090909092,0.0158272727272728,-0.10673636363636363,1.58272727272728,-10.673636363636362,over,0.5321,0.0158272727272728,1.58272727272728,pass,20000
player_reception_yds,CeeDee Lamb,ceedee lamb,WR,82.5,-110.0,-110,2024,1,42.0,2.5,False,True,WR,85.99,DAL,60+,244,72.20491803278688,43.97076702840401,1933.4283530661814,3.489999999999995,0.5321,0.4679,0.0,-113.72088053002778,113.72088053002778,1.9090909090909092,1.9090909090909092,0.0158272727272728,-0.10673636363636363,1.58272727272728,-10.673636363636362,over,0.5321,0.0158272727272728,1.58272727272728,pass,20000
player_reception_yds,Travis Kelce,travis kelce,TE,63.5,-110.0,-110,2024,11,46.5,2.5,False,True,TE,66.13,KC,60+,20,68.4,33.57799988255154,1127.4820761126311,2.6299999999999955,0.53195,0.46805,0.0,-113.65238756543106,113.65238756543103,1.9090909090909092,1.9090909090909092,0.015540909090909216,-0.10644999999999988,1.5540909090909216,-10.644999999999987,over,0.53195,0.015540909090909216,1.5540909090909216,pass,20000
player_reception_yds,Joshua Palmer,joshua palmer,,38.5,-110.0,-110,2024,13,47.0,,False,False,WR,35.54,BUF,30-40,222,39.810810810810814,35.42174131599695,1254.699757857405,-2.960000000000001,0.46805,0.53195,0.0,113.65238756543103,-113.65238756543106,1.9090909090909092,1.9090909090909092,-0.10644999999999988,0.015540909090909216,-10.644999999999987,1.5540909090909216,under,0.53195,0.015540909090909216,1.5540909090909216,pass,20000
player_reception_yds,Cooper Kupp,cooper kupp,WR,66.5,-110.0,-110,2024,10,49.5,-2.5,True,False,WR,69.62,SEA,60+,244,72.20491803278688,43.97076702840401,1933.4283530661814,3.1200000000000045,0.53195,0.46805,0.0,-113.65238756543106,113.65238756543103,1.9090909090909092,1.9090909090909092,0.015540909090909216,-0.10644999999999988,1.5540909090909216,-10.644999999999987,over,0.53195,0.015540909090909216,1.5540909090909216,pass,20000
player_reception_yds,Kareem Hunt,kareem hunt,RB,15.5,-110.0,-110,2024,11,46.5,2.5,False,True,RB,13.81,FA,<20,432,17.046296296296298,19.125546894078457,365.78654399759415,-1.6899999999999995,0.4681,0.5319,0.0,113.62956633198036,-113.62956633198037,1.9090909090909092,1.9090909090909092,-0.10635454545454542,0.015445454545454651,-10.635454545454543,1.544545454545465,under,0.5319,0.015445454545454651,1.544545454545465,pass,20000
player_reception_yds,Jameson Williams,jameson williams,WR,44.5,-110.0,-110,2024,11,47.5,-14.0,True,False,WR,47.54,DET,40-50,197,52.34517766497462,39.519382558680384,1561.7815978193314,3.039999999999999,0.53185,0.46815,0.0,-113.60674997329917,113.60674997329915,1.9090909090909092,1.9090909090909092,0.015350000000000141,-0.1062590909090908,1.5350000000000141,-10.62590909090908,over,0.53185,0.015350000000000141,1.5350000000000141,pass,20000
player_reception_yds,Khalil Shakir,khalil shakir,WR,62.5,-110.0,-110,2024,14,49.5,-3.5,True,False,WR,66.32,BUF,60+,244,72.20491803278688,43.97076702840401,1933.4283530661814,3.819999999999993,0.5318,0.4682,0.0,-113.58393848782575,113.58393848782573,1.9090909090909092,1.9090909090909092,0.015254545454545576,-0.10616363636363635,1.5254545454545576,-10.616363636363635,over,0.5318,0.015254545454545576,1.5254545454545576,pass,20000
player_reception_yds,Noah Brown,noah brown,WR,38.5,-110.0,-110,2024,10,45.0,-1.5,True,False,WR,41.36,FA,30-40,222,39.810810810810814,35.42174131599695,1254.699757857405,2.8599999999999994,0.5318,0.4682,0.0,-113.58393848782575,113.58393848782573,1.9090909090909092,1.9090909090909092,0.015254545454545576,-0.10616363636363635,1.5254545454545576,-10.616363636363635,over,0.5318,0.015254545454545576,1.5254545454545576,pass,20000
player_reception_yds,Michael Pittman Jr.,michael pittman,WR,52.5,-110.0,-110,2024,9,47.0,6.5,False,True,WR,56.5,PIT,50-60,175,60.77142857142857,45.23883799407526,2046.5524630541875,4.0,0.5316,0.4684,0.0,-113.49274124679759,113.49274124679764,1.9090909090909092,1.9090909090909092,0.01487272727272726,-0.10578181818181825,1.487272727272726,-10.578181818181825,over,0.5316,0.01487272727272726,1.487272727272726,pass,20000
player_reception_yds,Cooper Kupp,cooper kupp,WR,65.5,-110.0,-110,2024,9,48.5,-1.5,True,False,WR,68.98,SEA,60+,244,72.20491803278688,43.97076702840401,1933.4283530661814,3.480000000000004,0.53155,0.46845,0.0,-113.46995410395985,113.46995410395986,1.9090909090909092,1.9090909090909092,0.014777272727272694,-0.10568636363636358,1.4777272727272694,-10.568636363636358,over,0.53155,0.014777272727272694,1.4777272727272694,pass,20000
player_reception_yds,Jakobi Meyers,jakobi meyers,WR,51.5,-110.0,-110,2024,12,41.5,6.5,False,True,WR,55.32,JAC,50-60,175,60.77142857142857,45.23883799407526,2046.5524630541875,3.8200000000000003,0.5315,0.4685,0.0,-113.44717182497331,113.44717182497331,1.9090909090909092,1.9090909090909092,0.014681818181818185,-0.10559090909090901,1.4681818181818185,-10.559090909090902,over,0.5315,0.014681818181818185,1.4681818181818185,pass,20000
player_reception_yds,Kyle Pitts,kyle pitts,TE,32.5,-110.0,-110,2024,15,44.5,-6.5,True,False,TE,35.38,ATL,30-40,83,44.18072289156626,36.40127601114409,1325.0528952394943,2.8800000000000026,0.5315,0.4685,0.0,-113.44717182497331,113.44717182497331,1.9090909090909092,1.9090909090909092,0.014681818181818185,-0.10559090909090901,1.4681818181818185,-10.559090909090902,over,0.5315,0.014681818181818185,1.4681818181818185,pass,20000
player_reception_yds,Tyreek Hill,tyreek hill,WR,64.5,-110.0,-110,2024,12,46.0,-7.5,True,False,WR,68.11,FA,60+,244,72.20491803278688,43.97076702840401,1933.4283530661814,3.6099999999999994,0.5314,0.4686,0.0,-113.40162185232607,113.40162185232607,1.9090909090909092,1.9090909090909092,0.01449090909090911,-0.10539999999999994,1.449090909090911,-10.539999999999994,over,0.5314,0.01449090909090911,1.449090909090911,pass,20000
player_reception_yds,Alvin Kamara,alvin kamara,RB,27.5,-110.0,-110,2024,4,41.5,2.5,False,True,RB,29.25,NO,20-30,101,28.26732673267327,24.221026388386825,586.658119306931,1.75,0.5314,0.4686,0.0,-113.40162185232607,113.40162185232607,1.9090909090909092,1.9090909090909092,0.01449090909090911,-0.10539999999999994,1.449090909090911,-10.539999999999994,over,0.5314,0.01449090909090911,1.449090909090911,pass,20000
player_reception_yds,Zach Charbonnet,zach charbonnet,RB,21.5,-110.0,-110,2024,3,41.5,-4.0,True,False,RB,23.3,SEA,20-30,101,28.26732673267327,24.221026388386825,586.658119306931,1.8000000000000007,0.5314,0.4686,0.0,-113.40162185232607,113.40162185232607,1.9090909090909092,1.9090909090909092,0.01449090909090911,-0.10539999999999994,1.449090909090911,-10.539999999999994,over,0.5314,0.01449090909090911,1.449090909090911,pass,20000
player_reception_yds,Ja'Lynn Polk,jalynn polk,WR,26.5,-110.0,-110,2024,5,37.0,2.0,False,True,WR,28.8,NO,20-30,224,33.88392857142857,33.6177959681703,1130.1562057575272,2.3000000000000007,0.5311,0.4689,0.0,-113.26508850501173,113.26508850501173,1.9090909090909092,1.9090909090909092,0.013918181818181885,-0.10482727272727271,1.3918181818181885,-10.48272727272727,over,0.5311,0.013918181818181885,1.3918181818181885,pass,20000
player_reception_yds,Josh Downs,josh downs,WR,49.5,-110.0,-110,2024,7,44.0,-3.0,True,False,WR,52.58,IND,40-50,197,52.34517766497462,39.519382558680384,1561.7815978193314,3.0799999999999983,0.53095,0.46905,0.0,-113.19688732544508,113.19688732544506,1.9090909090909092,1.9090909090909092,0.0136318181818183,-0.10454090909090907,1.36318181818183,-10.454090909090908,over,0.53095,0.0136318181818183,1.36318181818183,pass,20000
player_reception_yds,Kyren Williams,kyren williams,RB,15.5,-104.0,-118,2024,9,48.5,-1.5,True,False,RB,16.35,LAR,<20,432,17.046296296296298,19.125546894078457,365.78654399759415,0.8500000000000014,0.51675,0.48325,0.0,-106.93222969477497,106.93222969477496,1.9615384615384617,1.847457627118644,0.013625000000000165,-0.1072161016949153,1.3625000000000165,-10.72161016949153,over,0.51675,0.013625000000000165,1.3625000000000165,pass,20000
player_reception_yds,Will Dissly,will dissly,TE,24.5,-110.0,-110,2024,7,44.0,-1.0,True,False,TE,26.83,FA,20-30,155,32.535483870967745,27.73479503577737,769.218855676581,2.3299999999999983,0.53085,0.46915,0.0,-113.15144410103382,113.1514441010338,1.9090909090909092,1.9090909090909092,0.013440909090909225,-0.10435,1.3440909090909225,-10.435,over,0.53085,0.013440909090909225,1.3440909090909225,pass,20000
player_reception_yds,Brock Bowers,brock bowers,TE,70.5,-110.0,-110,2024,16,41.5,-2.5,True,False,TE,67.83,LV,60+,20,68.4,33.57799988255154,1127.4820761126311,-2.6700000000000017,0.4692,0.5308,0.0,113.12872975277065,-113.1287297527707,1.9090909090909092,1.9090909090909092,-0.10425454545454532,0.01334545454545466,-10.425454545454532,1.334545454545466,under,0.5308,0.01334545454545466,1.334545454545466,pass,20000
player_reception_yds,Johnny Mundt,johnny mundt,TE,16.5,-110.0,-110,2024,7,50.5,-1.0,True,False,TE,18.28,PHI,<20,149,20.28187919463087,23.469612040364684,550.822689325231,1.7800000000000011,0.53075,0.46925,0.0,-113.10602024507195,113.10602024507193,1.9090909090909092,1.9090909090909092,0.01325000000000015,-0.10415909090909092,1.325000000000015,-10.415909090909093,over,0.53075,0.01325000000000015,1.325000000000015,pass,20000
player_reception_yds,Tyler Lockett,tyler lockett,WR,47.5,-110.0,-110,2024,7,51.5,3.0,False,True,WR,50.0,LV,40-50,197,52.34517766497462,39.519382558680384,1561.7815978193314,2.5,0.53065,0.46935,0.0,-113.06061574517949,113.06061574517952,1.9090909090909092,1.9090909090909092,0.013059090909090854,-0.10396818181818185,1.3059090909090854,-10.396818181818185,over,0.53065,0.013059090909090854,1.3059090909090854,pass,20000
player_reception_yds,Ray-Ray McCloud III,ray-ray mccloud,WR,31.5,-110.0,-110,2024,14,46.5,6.0,False,True,WR,34.54,FA,30-40,222,39.810810810810814,35.42174131599695,1254.699757857405,3.039999999999999,0.5306,0.4694,0.0,-113.03792074989346,113.03792074989347,1.9090909090909092,1.9090909090909092,0.012963636363636344,-0.10387272727272723,1.2963636363636344,-10.387272727272723,over,0.5306,0.012963636363636344,1.2963636363636344,pass,20000
player_reception_yds,Jerome Ford,jerome ford,RB,15.5,-118.0,-104,2024,3,38.0,-6.5,True,False,RB,17.65,WAS,<20,432,17.046296296296298,19.125546894078457,365.78654399759415,2.1499999999999986,0.54825,0.45175,0.0,-121.36137244050914,121.36137244050914,1.847457627118644,1.9615384615384617,0.012868644067796642,-0.11387499999999995,1.2868644067796642,-11.387499999999996,over,0.54825,0.012868644067796642,1.2868644067796642,pass,20000
player_reception_yds,Jerry Jeudy,jerry jeudy,WR,59.5,-110.0,-110,2024,13,41.5,6.5,False,True,WR,62.59,CLE,50-60,175,60.77142857142857,45.23883799407526,2046.5524630541875,3.0900000000000034,0.5305,0.4695,0.0,-112.99254526091586,112.99254526091588,1.9090909090909092,1.9090909090909092,0.012772727272727269,-0.10368181818181815,1.277272727272727,-10.368181818181816,over,0.5305,0.012772727272727269,1.277272727272727,pass,20000
player_reception_yds,Kendrick Bourne,kendrick bourne,WR,21.5,-110.0,-110,2024,8,41.0,7.0,False,True,WR,24.1,ARI,20-30,224,33.88392857142857,33.6177959681703,1130.1562057575272,2.6000000000000014,0.53045,0.46955,0.0,-112.96986476413586,112.96986476413586,1.9090909090909092,1.9090909090909092,0.012677272727272704,-0.10358636363636353,1.2677272727272704,-10.358636363636354,over,0.53045,0.012677272727272704,1.2677272727272704,pass,20000
player_reception_yds,Kenneth Walker III,kenneth walker,RB,24.5,-110.0,-110,2024,11,49.0,6.0,False,True,RB,22.6,KC,20-30,101,28.26732673267327,24.221026388386825,586.658119306931,-1.8999999999999986,0.46955,0.53045,0.0,112.96986476413586,-112.96986476413586,1.9090909090909092,1.9090909090909092,-0.10358636363636353,0.012677272727272704,-10.358636363636354,1.2677272727272704,under,0.53045,0.012677272727272704,1.2677272727272704,pass,20000
player_reception_yds,Austin Hooper,austin hooper,TE,17.5,-110.0,-110,2024,12,46.0,7.5,False,True,TE,19.44,ATL,<20,149,20.28187919463087,23.469612040364684,550.822689325231,1.9400000000000013,0.53035,0.46965,0.0,-112.92451825827743,112.92451825827743,1.9090909090909092,1.9090909090909092,0.012486363636363629,-0.10339545454545446,1.2486363636363629,-10.339545454545446,over,0.53035,0.012486363636363629,1.2486363636363629,pass,20000
player_reception_yds,Zach Ertz,zach ertz,TE,33.5,-110.0,-110,2024,17,46.5,-3.5,True,False,TE,36.81,FA,30-40,83,44.18072289156626,36.40127601114409,1325.0528952394943,3.3100000000000023,0.5303,0.4697,0.0,-112.90185224611454,112.90185224611454,1.9090909090909092,1.9090909090909092,0.012390909090909119,-0.10329999999999995,1.239090909090912,-10.329999999999995,over,0.5303,0.012390909090909119,1.239090909090912,pass,20000
player_reception_yds,Josh Downs,josh downs,WR,48.5,-110.0,-110,2024,5,45.0,3.5,False,True,WR,50.89,IND,40-50,197,52.34517766497462,39.519382558680384,1561.7815978193314,2.3900000000000006,0.53025,0.46975,0.0,-112.87919105907397,112.87919105907397,1.9090909090909092,1.9090909090909092,0.01229545454545461,-0.10320454545454544,1.229545454545461,-10.320454545454544,over,0.53025,0.01229545454545461,1.229545454545461,pass,20000
player_reception_yds,Breece Hall,breece hall,RB,29.5,-110.0,-110,2024,11,43.0,-4.0,True,False,RB,31.7,NYJ,20-30,101,28.26732673267327,24.221026388386825,586.658119306931,2.1999999999999993,0.53025,0.46975,0.0,-112.87919105907397,112.87919105907397,1.9090909090909092,1.9090909090909092,0.01229545454545461,-0.10320454545454544,1.229545454545461,-10.320454545454544,over,0.53025,0.01229545454545461,1.229545454545461,pass,20000
player_reception_yds,Jordan Akins,jordan akins,TE,19.5,-110.0,-110,2024,3,38.0,-6.5,True,False,TE,21.05,FA,<20,149,20.28187919463087,23.469612040364684,550.822689325231,1.5500000000000007,0.5302,0.4698,0.0,-112.85653469561517,112.85653469561517,1.9090909090909092,1.9090909090909092,0.012200000000000044,-0.10310909090909087,1.2200000000000044,-10.310909090909087,over,0.5302,0.012200000000000044,1.2200000000000044,pass,20000
player_reception_yds,Deebo Samuel,deebo samuel,WR,62.5,-110.0,-110,2024,11,49.0,-6.0,True,False,WR,65.41,FA,60+,244,72.20491803278688,43.97076702840401,1933.4283530661814,2.9099999999999966,0.5302,0.4698,0.0,-112.85653469561517,112.85653469561517,1.9090909090909092,1.9090909090909092,0.012200000000000044,-0.10310909090909087,1.2200000000000044,-10.310909090909087,over,0.5302,0.012200000000000044,1.2200000000000044,pass,20000
player_reception_yds,Tyler Lockett,tyler lockett,WR,41.5,-110.0,-110,2024,11,49.0,6.0,False,True,WR,44.73,LV,40-50,197,52.34517766497462,39.519382558680384,1561.7815978193314,3.229999999999997,0.53005,0.46995,0.0,-112.78859453133313,112.78859453133313,1.9090909090909092,1.9090909090909092,0.01191363636363646,-0.10282272727272729,1.191363636363646,-10.282272727272728,over,0.53005,0.01191363636363646,1.191363636363646,pass,20000
player_reception_yds,Jerry Jeudy,jerry jeudy,WR,46.5,-110.0,-110,2024,12,36.5,3.5,False,True,WR,50.45,CLE,40-50,197,52.34517766497462,39.519382558680384,1561.7815978193314,3.950000000000003,0.53005,0.46995,0.0,-112.78859453133313,112.78859453133313,1.9090909090909092,1.9090909090909092,0.01191363636363646,-0.10282272727272729,1.191363636363646,-10.282272727272728,over,0.53005,0.01191363636363646,1.191363636363646,pass,20000
player_reception_yds,Michael Wilson,michael wilson,WR,30.5,-110.0,-110,2024,14,45.5,-3.0,True,False,WR,32.85,ARI,30-40,222,39.810810810810814,35.42174131599695,1254.699757857405,2.3500000000000014,0.53005,0.46995,0.0,-112.78859453133313,112.78859453133313,1.9090909090909092,1.9090909090909092,0.01191363636363646,-0.10282272727272729,1.191363636363646,-10.282272727272728,over,0.53005,0.01191363636363646,1.191363636363646,pass,20000
player_reception_yds,Breece Hall,breece hall,RB,28.5,-110.0,-110,2024,5,42.0,2.5,False,True,RB,30.6,NYJ,20-30,101,28.26732673267327,24.221026388386825,586.658119306931,2.1000000000000014,0.53,0.47,0.0,-112.76595744680851,112.76595744680851,1.9090909090909092,1.9090909090909092,0.011818181818181894,-0.10272727272727272,1.1818181818181894,-10.272727272727272,over,0.53,0.011818181818181894,1.1818181818181894,pass,20000
player_reception_yds,Rico Dowdle,rico dowdle,RB,15.5,-110.0,-110,2024,5,43.5,2.5,False,True,RB,16.92,PIT,<20,432,17.046296296296298,19.125546894078457,365.78654399759415,1.4200000000000017,0.53,0.47,0.0,-112.76595744680851,112.76595744680851,1.9090909090909092,1.9090909090909092,0.011818181818181894,-0.10272727272727272,1.1818181818181894,-10.272727272727272,over,0.53,0.011818181818181894,1.1818181818181894,pass,20000
player_reception_yds,Kenneth Walker III,kenneth walker,RB,23.5,-110.0,-110,2024,13,41.5,1.0,False,True,RB,24.92,KC,20-30,101,28.26732673267327,24.221026388386825,586.658119306931,1.4200000000000017,0.52995,0.47005,0.0,-112.74332517817255,112.74332517817251,1.9090909090909092,1.9090909090909092,0.011722727272727385,-0.10263181818181805,1.1722727272727385,-10.263181818181804,over,0.52995,0.011722727272727385,1.1722727272727385,pass,20000
player_reception_yds,Aaron Jones,aaron jones,RB,23.5,-110.0,-110,2024,7,50.5,-1.0,True,False,RB,25.33,MIN,20-30,101,28.26732673267327,24.221026388386825,586.658119306931,1.8299999999999983,0.5299,0.4701,0.0,-112.72069772388855,112.72069772388853,1.9090909090909092,1.9090909090909092,0.01162727272727282,-0.10253636363636359,1.162727272727282,-10.253636363636359,over,0.5299,0.01162727272727282,1.162727272727282,pass,20000
player_reception_yds,Jaylen Waddle,jaylen waddle,WR,54.5,-110.0,-110,2024,15,46.5,2.5,False,True,WR,58.08,DEN,50-60,175,60.77142857142857,45.23883799407526,2046.5524630541875,3.5799999999999983,0.5299,0.4701,0.0,-112.72069772388855,112.72069772388853,1.9090909090909092,1.9090909090909092,0.01162727272727282,-0.10253636363636359,1.162727272727282,-10.253636363636359,over,0.5299,0.01162727272727282,1.162727272727282,pass,20000
player_reception_yds,Tyreek Hill,tyreek hill,WR,74.5,-110.0,-110,2024,15,46.5,2.5,False,True,WR,70.93,FA,60+,244,72.20491803278688,43.97076702840401,1933.4283530661814,-3.569999999999993,0.4701,0.5299,0.0,112.72069772388853,-112.72069772388855,1.9090909090909092,1.9090909090909092,-0.10253636363636359,0.01162727272727282,-10.253636363636359,1.162727272727282,under,0.5299,0.01162727272727282,1.162727272727282,pass,20000
player_reception_yds,Jaxon Smith-Njigba,jaxon smith-njigba,WR,65.5,-110.0,-110,2024,16,43.0,2.5,False,True,WR,68.75,SEA,60+,244,72.20491803278688,43.97076702840401,1933.4283530661814,3.25,0.52985,0.47015,0.0,-112.69807508242053,112.69807508242049,1.9090909090909092,1.9090909090909092,0.01153181818181831,-0.10244090909090897,1.153181818181831,-10.244090909090897,over,0.52985,0.01153181818181831,1.153181818181831,pass,20000
player_reception_yds,Cade Otton,cade otton,TE,47.5,-110.0,-110,2024,8,47.0,1.5,False,True,TE,45.03,TB,40-50,77,42.8051948051948,30.604649640714655,936.6445796308957,-2.469999999999999,0.47015,0.52985,0.0,112.69807508242049,-112.69807508242053,1.9090909090909092,1.9090909090909092,-0.10244090909090897,0.01153181818181831,-10.244090909090897,1.153181818181831,under,0.52985,0.01153181818181831,1.153181818181831,pass,20000
player_reception_yds,Kyle Pitts,kyle pitts,TE,41.5,-110.0,-110,2024,7,51.5,-3.0,True,False,TE,44.21,ATL,40-50,77,42.8051948051948,30.604649640714655,936.6445796308957,2.710000000000001,0.5298,0.4702,0.0,-112.67545725223312,112.6754572522331,1.9090909090909092,1.9090909090909092,0.011436363636363744,-0.10234545454545457,1.1436363636363744,-10.234545454545458,over,0.5298,0.011436363636363744,1.1436363636363744,pass,20000
player_reception_yds,Jakobi Meyers,jakobi meyers,WR,63.5,-110.0,-110,2024,14,47.0,7.0,False,True,WR,67.03,JAC,60+,244,72.20491803278688,43.97076702840401,1933.4283530661814,3.530000000000001,0.5298,0.4702,0.0,-112.67545725223312,112.6754572522331,1.9090909090909092,1.9090909090909092,0.011436363636363744,-0.10234545454545457,1.1436363636363744,-10.234545454545458,over,0.5298,0.011436363636363744,1.1436363636363744,pass,20000
player_reception_yds,Jonnu Smith,jonnu smith,TE,50.5,-110.0,-110,2024,14,45.0,-6.5,True,False,TE,53.35,FA,50-60,28,62.82142857142857,33.57799988255154,1127.4820761126311,2.8500000000000014,0.5297,0.4703,0.0,-112.63023601956195,112.63023601956199,1.9090909090909092,1.9090909090909092,0.011245454545454503,-0.1021545454545455,1.1245454545454503,-10.21545454545455,over,0.5297,0.011245454545454503,1.1245454545454503,pass,20000
player_reception_yds,DJ Moore,dj moore,WR,63.5,-110.0,-110,2024,6,44.5,1.5,False,True,WR,66.38,BUF,60+,244,72.20491803278688,43.97076702840401,1933.4283530661814,2.8799999999999955,0.5297,0.4703,0.0,-112.63023601956195,112.63023601956199,1.9090909090909092,1.9090909090909092,0.011245454545454503,-0.1021545454545455,1.1245454545454503,-10.21545454545455,over,0.5297,0.011245454545454503,1.1245454545454503,pass,20000
player_reception_yds,Trey McBride,trey mcbride,TE,66.5,-110.0,-110,2024,14,45.5,-3.0,True,False,TE,64.3,ARI,60+,20,68.4,33.57799988255154,1127.4820761126311,-2.200000000000003,0.47035,0.52965,0.0,112.60763261401084,-112.60763261401083,1.9090909090909092,1.9090909090909092,-0.10205909090909082,0.011149999999999938,-10.205909090909081,1.1149999999999938,under,0.52965,0.011149999999999938,1.1149999999999938,pass,20000
player_reception_yds,James Cook,james cook,RB,20.5,-110.0,-110,2024,5,48.0,1.0,False,True,RB,22.39,BUF,20-30,101,28.26732673267327,24.221026388386825,586.658119306931,1.8900000000000006,0.5295,0.4705,0.0,-112.53985122210413,112.53985122210418,1.9090909090909092,1.9090909090909092,0.010863636363636353,-0.10177272727272735,1.0863636363636353,-10.177272727272735,over,0.5295,0.010863636363636353,1.0863636363636353,pass,20000
player_reception_yds,Cade Otton,cade otton,TE,44.5,-110.0,-110,2024,12,40.5,-6.5,True,False,TE,47.19,TB,40-50,77,42.8051948051948,30.604649640714655,936.6445796308957,2.6899999999999977,0.52945,0.47055,0.0,-112.51726702794602,112.51726702794602,1.9090909090909092,1.9090909090909092,0.010768181818181788,-0.10167727272727262,1.0768181818181788,-10.167727272727262,over,0.52945,0.010768181818181788,1.0768181818181788,pass,20000
player_reception_yds,Jordan Akins,jordan akins,TE,17.5,-110.0,-110,2024,13,41.5,6.5,False,True,TE,19.55,FA,<20,149,20.28187919463087,23.469612040364684,550.822689325231,2.0500000000000007,0.52925,0.47075,0.0,-112.42697822623472,112.42697822623472,1.9090909090909092,1.9090909090909092,0.010386363636363694,-0.10129545454545452,1.0386363636363694,-10.129545454545452,over,0.52925,0.010386363636363694,1.0386363636363694,pass,20000
player_reception_yds,Tre Tucker,tre tucker,WR,31.5,-110.0,-110,2024,13,42.0,13.5,False,True,WR,34.01,LV,30-40,222,39.810810810810814,35.42174131599695,1254.699757857405,2.509999999999998,0.5292,0.4708,0.0,-112.40441801189465,112.40441801189465,1.9090909090909092,1.9090909090909092,0.010290909090909128,-0.10119999999999996,1.0290909090909128,-10.119999999999996,over,0.5292,0.010290909090909128,1.0290909090909128,pass,20000
player_reception_yds,Evan Engram,evan engram,TE,47.5,-110.0,-110,2024,7,42.0,-6.5,True,False,TE,49.0,DEN,40-50,77,42.8051948051948,30.604649640714655,936.6445796308957,1.5,0.5292,0.4708,0.0,-112.40441801189465,112.40441801189465,1.9090909090909092,1.9090909090909092,0.010290909090909128,-0.10119999999999996,1.0290909090909128,-10.119999999999996,over,0.5292,0.010290909090909128,1.0290909090909128,pass,20000
player_reception_yds,Michael Pittman Jr.,michael pittman,WR,44.5,-110.0,-110,2024,12,50.5,7.0,False,True,WR,48.02,PIT,40-50,197,52.34517766497462,39.519382558680384,1561.7815978193314,3.520000000000003,0.52915,0.47085,0.0,-112.38186258893491,112.38186258893491,1.9090909090909092,1.9090909090909092,0.010195454545454619,-0.10110454545454545,1.0195454545454619,-10.110454545454544,over,0.52915,0.010195454545454619,1.0195454545454619,pass,20000
player_reception_yds,Keenan Allen,keenan allen,WR,47.5,-110.0,-110,2024,6,44.5,1.5,False,True,WR,45.07,LAC,40-50,197,52.34517766497462,39.519382558680384,1561.7815978193314,-2.4299999999999997,0.4709,0.5291,0.0,112.35931195582927,-112.35931195582927,1.9090909090909092,1.9090909090909092,-0.10100909090909088,0.010100000000000053,-10.100909090909088,1.0100000000000053,under,0.5291,0.010100000000000053,1.0100000000000053,pass,20000
player_reception_yds,Michael Pittman Jr.,michael pittman,WR,64.5,-110.0,-110,2024,1,49.0,3.0,False,True,WR,67.97,PIT,60+,244,72.20491803278688,43.97076702840401,1933.4283530661814,3.469999999999999,0.5289,0.4711,0.0,-112.26915729144557,112.26915729144554,1.9090909090909092,1.9090909090909092,0.009718181818181904,-0.10062727272727262,0.9718181818181904,-10.062727272727262,over,0.5289,0.009718181818181904,0.9718181818181904,pass,20000
player_reception_yds,Tee Higgins,tee higgins,WR,75.5,-110.0,-110,2024,14,51.0,-5.0,True,False,WR,78.66,CIN,60+,244,72.20491803278688,43.97076702840401,1933.4283530661814,3.1599999999999966,0.52885,0.47115,0.0,-112.24663058473949,112.24663058473948,1.9090909090909092,1.9090909090909092,0.009622727272727394,-0.10053181818181817,0.9622727272727394,-10.053181818181816,over,0.52885,0.009622727272727394,0.9622727272727394,pass,20000
player_reception_yds,Devaughn Vele,devaughn vele,WR,25.5,-110.0,-110,2024,8,40.5,-13.0,True,False,WR,27.97,NO,20-30,224,33.88392857142857,33.6177959681703,1130.1562057575272,2.469999999999999,0.52885,0.47115,0.0,-112.24663058473949,112.24663058473948,1.9090909090909092,1.9090909090909092,0.009622727272727394,-0.10053181818181817,0.9622727272727394,-10.053181818181816,over,0.52885,0.009622727272727394,0.9622727272727394,pass,20000
player_reception_yds,Zach Charbonnet,zach charbonnet,RB,16.5,-110.0,-110,2024,2,39.0,-3.5,True,False,RB,17.56,SEA,<20,432,17.046296296296298,19.125546894078457,365.78654399759415,1.0599999999999987,0.52875,0.47125,0.0,-112.20159151193637,112.20159151193636,1.9090909090909092,1.9090909090909092,0.009431818181818319,-0.10034090909090909,0.9431818181818319,-10.03409090909091,over,0.52875,0.009431818181818319,0.9431818181818319,pass,20000
player_reception_yds,Brian Thomas Jr,brian thomas,WR,54.5,-110.0,-110,2024,7,42.0,-6.5,True,False,WR,58.26,JAC,50-60,175,60.77142857142857,45.23883799407526,2046.5524630541875,3.759999999999998,0.5287,0.4713,0.0,-112.1790791427965,112.17907914279651,1.9090909090909092,1.9090909090909092,0.009336363636363587,-0.10024545454545447,0.9336363636363587,-10.024545454545446,over,0.5287,0.009336363636363587,0.9336363636363587,pass,20000
player_reception_yds,Justin Jefferson,justin jefferson,WR,81.5,-110.0,-110,2024,13,45.5,-3.5,True,False,WR,85.04,MIN,60+,244,72.20491803278688,43.97076702840401,1933.4283530661814,3.5400000000000063,0.5286,0.4714,0.0,-112.13406873143826,112.13406873143828,1.9090909090909092,1.9090909090909092,0.009145454545454512,-0.1000545454545454,0.9145454545454512,-10.00545454545454,over,0.5286,0.009145454545454512,0.9145454545454512,pass,20000
player_reception_yds,Ladd McConkey,ladd mcconkey,WR,54.5,-110.0,-110,2024,9,42.5,-2.0,True,False,WR,57.54,LAC,50-60,175,60.77142857142857,45.23883799407526,2046.5524630541875,3.039999999999999,0.5283,0.4717,0.0,-111.99915200339198,111.99915200339198,1.9090909090909092,1.9090909090909092,0.008572727272727287,-0.09948181818181812,0.8572727272727287,-9.948181818181812,over,0.5283,0.008572727272727287,0.8572727272727287,pass,20000
player_reception_yds,Antonio Gibson,antonio gibson,RB,18.5,-110.0,-110,2024,6,38.5,6.5,False,True,RB,19.89,FA,<20,432,17.046296296296298,19.125546894078457,365.78654399759415,1.3900000000000006,0.5283,0.4717,0.0,-111.99915200339198,111.99915200339198,1.9090909090909092,1.9090909090909092,0.008572727272727287,-0.09948181818181812,0.8572727272727287,-9.948181818181812,over,0.5283,0.008572727272727287,0.8572727272727287,pass,20000
player_reception_yds,Javonte Williams,javonte williams,RB,16.5,-110.0,-110,2024,5,36.0,-3.0,True,False,RB,18.08,DAL,<20,432,17.046296296296298,19.125546894078457,365.78654399759415,1.5799999999999983,0.5283,0.4717,0.0,-111.99915200339198,111.99915200339198,1.9090909090909092,1.9090909090909092,0.008572727272727287,-0.09948181818181812,0.8572727272727287,-9.948181818181812,over,0.5283,0.008572727272727287,0.8572727272727287,pass,20000
player_reception_yds,Adam Thielen,adam thielen,WR,53.5,-110.0,-110,2024,15,42.0,-2.5,True,False,WR,56.62,FA,50-60,175,60.77142857142857,45.23883799407526,2046.5524630541875,3.1199999999999974,0.52825,0.47175,0.0,-111.97668256491787,111.97668256491787,1.9090909090909092,1.9090909090909092,0.008477272727272778,-0.0993863636363636,0.8477272727272778,-9.93863636363636,over,0.52825,0.008477272727272778,0.8477272727272778,pass,20000
player_reception_yds,Tim Patrick,tim patrick,WR,18.5,-110.0,-110,2024,6,52.5,-3.5,True,False,WR,16.72,NYJ,<20,194,20.84536082474227,23.784379500884214,565.6967082420812,-1.7800000000000011,0.47175,0.52825,0.0,111.97668256491787,-111.97668256491787,1.9090909090909092,1.9090909090909092,-0.0993863636363636,0.008477272727272778,-9.93863636363636,0.8477272727272778,under,0.52825,0.008477272727272778,0.8477272727272778,pass,20000
player_reception_yds,Tank Dell,tank dell,WR,48.5,-110.0,-110,2024,12,40.5,-8.0,True,False,WR,51.75,HOU,40-50,197,52.34517766497462,39.519382558680384,1561.7815978193314,3.25,0.52825,0.47175,0.0,-111.97668256491787,111.97668256491787,1.9090909090909092,1.9090909090909092,0.008477272727272778,-0.0993863636363636,0.8477272727272778,-9.93863636363636,over,0.52825,0.008477272727272778,0.8477272727272778,pass,20000
player_reception_yds,Tyler Conklin,tyler conklin,TE,25.5,-110.0,-110,2024,9,43.5,-2.5,True,False,TE,27.64,DET,20-30,155,32.535483870967745,27.73479503577737,769.218855676581,2.1400000000000006,0.52825,0.47175,0.0,-111.97668256491787,111.97668256491787,1.9090909090909092,1.9090909090909092,0.008477272727272778,-0.0993863636363636,0.8477272727272778,-9.93863636363636,over,0.52825,0.008477272727272778,0.8477272727272778,pass,20000
player_reception_yds,AJ Brown,aj brown,WR,76.5,-110.0,-110,2024,14,44.5,-14.0,True,False,WR,79.28,PHI,60+,244,72.20491803278688,43.97076702840401,1933.4283530661814,2.780000000000001,0.5282,0.4718,0.0,-111.95421788893599,111.95421788893599,1.9090909090909092,1.9090909090909092,0.008381818181818212,-0.09929090909090904,0.8381818181818212,-9.929090909090904,over,0.5282,0.008381818181818212,0.8381818181818212,pass,20000
player_reception_yds,Jonathan Taylor,jonathan taylor,RB,21.5,-110.0,-110,2024,10,46.5,4.5,False,True,RB,19.84,IND,20-30,101,28.26732673267327,24.221026388386825,586.658119306931,-1.6600000000000001,0.47185,0.52815,0.0,111.93175797393239,-111.93175797393239,1.9090909090909092,1.9090909090909092,-0.09919545454545453,0.008286363636363703,-9.919545454545453,0.8286363636363703,under,0.52815,0.008286363636363703,0.8286363636363703,pass,20000
player_reception_yds,Travis Kelce,travis kelce,TE,54.5,-110.0,-110,2024,8,42.0,-9.0,True,False,TE,52.35,KC,50-60,28,62.82142857142857,33.57799988255154,1127.4820761126311,-2.1499999999999986,0.47185,0.52815,0.0,111.93175797393239,-111.93175797393239,1.9090909090909092,1.9090909090909092,-0.09919545454545453,0.008286363636363703,-9.919545454545453,0.8286363636363703,under,0.52815,0.008286363636363703,0.8286363636363703,pass,20000
player_reception_yds,Darnell Mooney,darnell mooney,WR,53.5,-110.0,-110,2024,14,46.5,6.0,False,True,WR,56.69,NYG,50-60,175,60.77142857142857,45.23883799407526,2046.5524630541875,3.1899999999999977,0.5281,0.4719,0.0,-111.90930281839374,111.90930281839374,1.9090909090909092,1.9090909090909092,0.008190909090909138,-0.09909999999999997,0.8190909090909138,-9.909999999999997,over,0.5281,0.008190909090909138,0.8190909090909138,pass,20000
player_reception_yds,Zach Ertz,zach ertz,TE,30.5,-110.0,-110,2024,7,51.0,-10.0,True,False,TE,33.61,FA,30-40,83,44.18072289156626,36.40127601114409,1325.0528952394943,3.1099999999999994,0.528,0.472,0.0,-111.86440677966104,111.86440677966104,1.9090909090909092,1.9090909090909092,0.008000000000000063,-0.09890909090909089,0.8000000000000063,-9.890909090909089,over,0.528,0.008000000000000063,0.8000000000000063,pass,20000
player_reception_yds,Ameer Abdullah,ameer abdullah,RB,15.5,-110.0,-110,2024,12,41.5,6.5,False,True,RB,17.02,JAC,<20,432,17.046296296296298,19.125546894078457,365.78654399759415,1.5199999999999996,0.52795,0.47205,0.0,-111.8419658934435,111.84196589344347,1.9090909090909092,1.9090909090909092,0.007904545454545553,-0.09881363636363621,0.7904545454545553,-9.881363636363622,over,0.52795,0.007904545454545553,0.7904545454545553,pass,20000
player_reception_yds,Tony Pollard,tony pollard,RB,19.5,-105.0,-115,2024,8,45.0,12.5,False,True,RB,20.32,TEN,<20,432,17.046296296296298,19.125546894078457,365.78654399759415,0.8200000000000003,0.5162,0.4838,0.0,-106.69698222405952,106.69698222405952,1.9523809523809523,1.8695652173913042,0.007819047619047559,-0.09550434782608702,0.7819047619047559,-9.550434782608702,over,0.5162,0.007819047619047559,0.7819047619047559,pass,20000
player_reception_yds,James Conner,james conner,RB,15.5,-110.0,-110,2024,4,49.0,-3.5,True,False,RB,16.55,ARI,<20,432,17.046296296296298,19.125546894078457,365.78654399759415,1.0500000000000007,0.5278,0.4722,0.0,-111.7746717492588,111.77467174925879,1.9090909090909092,1.9090909090909092,0.007618181818181968,-0.09852727272727274,0.7618181818181968,-9.852727272727273,over,0.5278,0.007618181818181968,0.7618181818181968,pass,20000
player_reception_yds,Cade Otton,cade otton,TE,30.5,-110.0,-110,2024,6,42.5,-3.5,True,False,TE,33.7,TB,30-40,83,44.18072289156626,36.40127601114409,1325.0528952394943,3.200000000000003,0.52775,0.47225,0.0,-111.75224986765487,111.75224986765483,1.9090909090909092,1.9090909090909092,0.007522727272727403,-0.09843181818181806,0.7522727272727403,-9.843181818181806,over,0.52775,0.007522727272727403,0.7522727272727403,pass,20000
player_reception_yds,Michael Wilson,michael wilson,WR,32.5,-110.0,-110,2024,15,46.5,-6.0,True,False,WR,34.52,ARI,30-40,222,39.810810810810814,35.42174131599695,1254.699757857405,2.020000000000003,0.52765,0.47235,0.0,-111.70742034508307,111.70742034508308,1.9090909090909092,1.9090909090909092,0.007331818181818106,-0.09824090909090899,0.7331818181818106,-9.824090909090899,over,0.52765,0.007331818181818106,0.7331818181818106,pass,20000
player_reception_yds,Adam Thielen,adam thielen,WR,61.5,-110.0,-110,2024,16,47.0,5.5,False,True,WR,58.77,FA,60+,244,72.20491803278688,43.97076702840401,1933.4283530661814,-2.729999999999997,0.47235,0.52765,0.0,111.70742034508308,-111.70742034508307,1.9090909090909092,1.9090909090909092,-0.09824090909090899,0.007331818181818106,-9.824090909090899,0.7331818181818106,under,0.52765,0.007331818181818106,0.7331818181818106,pass,20000
player_reception_yds,Will Dissly,will dissly,TE,16.5,-110.0,-110,2024,1,41.0,-3.0,True,False,TE,14.78,FA,<20,149,20.28187919463087,23.469612040364684,550.822689325231,-1.7200000000000006,0.4724,0.5276,0.0,111.68501270110077,-111.68501270110075,1.9090909090909092,1.9090909090909092,-0.09814545454545459,0.007236363636363596,-9.81454545454546,0.7236363636363596,under,0.5276,0.007236363636363596,0.7236363636363596,pass,20000
player_reception_yds,Michael Pittman Jr.,michael pittman,WR,49.5,-110.0,-110,2024,17,40.5,-7.5,True,False,WR,51.95,PIT,40-50,197,52.34517766497462,39.519382558680384,1561.7815978193314,2.450000000000003,0.5275,0.4725,0.0,-111.64021164021163,111.64021164021166,1.9090909090909092,1.9090909090909092,0.007045454545454521,-0.09795454545454552,0.7045454545454521,-9.795454545454552,over,0.5275,0.007045454545454521,0.7045454545454521,pass,20000
player_reception_yds,Jalen Tolbert,jalen tolbert,WR,40.5,-110.0,-110,2024,9,52.0,3.0,False,True,WR,38.1,MIA,40-50,197,52.34517766497462,39.519382558680384,1561.7815978193314,-2.3999999999999986,0.4725,0.5275,0.0,111.64021164021166,-111.64021164021163,1.9090909090909092,1.9090909090909092,-0.09795454545454552,0.007045454545454521,-9.795454545454552,0.7045454545454521,under,0.5275,0.007045454545454521,0.7045454545454521,pass,20000
player_reception_yds,Javonte Williams,javonte williams,RB,18.5,-110.0,-110,2024,8,40.5,-13.0,True,False,RB,19.89,DAL,<20,432,17.046296296296298,19.125546894078457,365.78654399759415,1.3900000000000006,0.5275,0.4725,0.0,-111.64021164021163,111.64021164021166,1.9090909090909092,1.9090909090909092,0.007045454545454521,-0.09795454545454552,0.7045454545454521,-9.795454545454552,over,0.5275,0.007045454545454521,0.7045454545454521,pass,20000
player_reception_yds,Kyle Pitts,kyle pitts,TE,31.5,-110.0,-110,2024,5,44.0,-2.5,True,False,TE,33.89,ATL,30-40,83,44.18072289156626,36.40127601114409,1325.0528952394943,2.3900000000000006,0.5274,0.4726,0.0,-111.59542953872194,111.59542953872194,1.9090909090909092,1.9090909090909092,0.0068545454545454465,-0.09776363636363627,0.6854545454545447,-9.776363636363627,over,0.5274,0.0068545454545454465,0.6854545454545447,pass,20000
player_reception_yds,Jahmyr Gibbs,jahmyr gibbs,RB,20.5,-110.0,-110,2024,7,50.5,1.0,False,True,RB,22.14,DET,20-30,101,28.26732673267327,24.221026388386825,586.658119306931,1.6400000000000006,0.5273,0.4727,0.0,-111.5506663845991,111.5506663845991,1.9090909090909092,1.9090909090909092,0.006663636363636372,-0.0975727272727272,0.6663636363636372,-9.75727272727272,over,0.5273,0.006663636363636372,0.6663636363636372,pass,20000
player_reception_yds,Alexander Mattison,alexander mattison,RB,16.5,-110.0,-110,2024,9,45.0,8.0,False,True,RB,17.93,FA,<20,432,17.046296296296298,19.125546894078457,365.78654399759415,1.4299999999999997,0.52725,0.47275,0.0,-111.52829190904284,111.52829190904284,1.9090909090909092,1.9090909090909092,0.006568181818181862,-0.09747727272727269,0.6568181818181862,-9.74772727272727,over,0.52725,0.006568181818181862,0.6568181818181862,pass,20000
player_reception_yds,Mike Gesicki,mike gesicki,TE,29.5,-110.0,-110,2024,11,48.0,1.0,False,True,TE,31.62,CIN,20-30,155,32.535483870967745,27.73479503577737,769.218855676581,2.120000000000001,0.52715,0.47285,0.0,-111.48355715343133,111.48355715343133,1.9090909090909092,1.9090909090909092,0.006377272727272787,-0.09728636363636362,0.6377272727272787,-9.728636363636362,over,0.52715,0.006377272727272787,0.6377272727272787,pass,20000
player_reception_yds,Saquon Barkley,saquon barkley,RB,22.5,-110.0,-110,2024,4,42.0,-1.0,True,False,RB,23.93,PHI,20-30,101,28.26732673267327,24.221026388386825,586.658119306931,1.4299999999999997,0.5271,0.4729,0.0,-111.4611968703743,111.4611968703743,1.9090909090909092,1.9090909090909092,0.006281818181818222,-0.09719090909090905,0.6281818181818222,-9.719090909090905,over,0.5271,0.006281818181818222,0.6281818181818222,pass,20000
player_reception_yds,Cooper Kupp,cooper kupp,WR,62.5,-110.0,-110,2024,15,48.5,3.0,False,True,WR,65.9,SEA,60+,244,72.20491803278688,43.97076702840401,1933.4283530661814,3.4000000000000057,0.5271,0.4729,0.0,-111.4611968703743,111.4611968703743,1.9090909090909092,1.9090909090909092,0.006281818181818222,-0.09719090909090905,0.6281818181818222,-9.719090909090905,over,0.5271,0.006281818181818222,0.6281818181818222,pass,20000
player_reception_yds,Kenneth Walker III,kenneth walker,RB,23.5,-110.0,-110,2024,7,51.5,3.0,False,True,RB,25.12,KC,20-30,101,28.26732673267327,24.221026388386825,586.658119306931,1.620000000000001,0.5271,0.4729,0.0,-111.4611968703743,111.4611968703743,1.9090909090909092,1.9090909090909092,0.006281818181818222,-0.09719090909090905,0.6281818181818222,-9.719090909090905,over,0.5271,0.006281818181818222,0.6281818181818222,pass,20000
player_reception_yds,Keenan Allen,keenan allen,WR,51.5,-110.0,-110,2024,13,47.5,9.5,False,True,WR,54.09,LAC,50-60,175,60.77142857142857,45.23883799407526,2046.5524630541875,2.5900000000000034,0.52705,0.47295,0.0,-111.43884131514959,111.43884131514959,1.9090909090909092,1.9090909090909092,0.006186363636363712,-0.09709545454545454,0.6186363636363712,-9.709545454545454,over,0.52705,0.006186363636363712,0.6186363636363712,pass,20000
player_reception_yds,Josh Reynolds,josh reynolds,WR,34.5,-110.0,-110,2024,3,40.5,6.0,False,True,WR,36.84,FA,30-40,222,39.810810810810814,35.42174131599695,1254.699757857405,2.3400000000000034,0.527,0.473,0.0,-111.41649048625794,111.41649048625794,1.9090909090909092,1.9090909090909092,0.006090909090909202,-0.09700000000000003,0.6090909090909202,-9.700000000000003,over,0.527,0.006090909090909202,0.6090909090909202,pass,20000
player_reception_yds,George Pickens,george pickens,WR,72.5,-110.0,-110,2024,13,46.0,3.0,False,True,WR,74.62,DAL,60+,244,72.20491803278688,43.97076702840401,1933.4283530661814,2.1200000000000045,0.52695,0.47305,0.0,-111.39414438220062,111.39414438220061,1.9090909090909092,1.9090909090909092,0.005995454545454637,-0.09690454545454541,0.5995454545454637,-9.690454545454541,over,0.52695,0.005995454545454637,0.5995454545454637,pass,20000
player_reception_yds,KaVontae Turpin,kavontae turpin,WR,22.5,-110.0,-110,2024,8,48.0,5.5,False,True,WR,20.13,DAL,20-30,224,33.88392857142857,33.6177959681703,1130.1562057575272,-2.370000000000001,0.47335,0.52665,0.0,111.26016689553187,-111.26016689553182,1.9090909090909092,1.9090909090909092,-0.09633181818181819,0.005422727272727246,-9.633181818181818,0.5422727272727246,under,0.52665,0.005422727272727246,0.5422727272727246,pass,20000
player_reception_yds,Dalton Schultz,dalton schultz,TE,33.5,-110.0,-110,2024,8,45.0,-5.0,True,False,TE,35.59,HOU,30-40,83,44.18072289156626,36.40127601114409,1325.0528952394943,2.0900000000000034,0.52665,0.47335,0.0,-111.26016689553182,111.26016689553187,1.9090909090909092,1.9090909090909092,0.005422727272727246,-0.09633181818181819,0.5422727272727246,-9.633181818181818,over,0.52665,0.005422727272727246,0.5422727272727246,pass,20000
player_reception_yds,Jauan Jennings,jauan jennings,WR,65.5,-110.0,-110,2024,16,44.0,-2.0,True,False,WR,68.62,MIN,60+,244,72.20491803278688,43.97076702840401,1933.4283530661814,3.1200000000000045,0.5264,0.4736,0.0,-111.14864864864865,111.14864864864865,1.9090909090909092,1.9090909090909092,0.004945454545454531,-0.09585454545454536,0.49454545454545307,-9.585454545454535,over,0.5264,0.004945454545454531,0.49454545454545307,pass,20000
player_reception_yds,Chuba Hubbard,chuba hubbard,RB,16.5,-110.0,-110,2024,15,42.0,-2.5,True,False,RB,18.21,CAR,<20,432,17.046296296296298,19.125546894078457,365.78654399759415,1.7100000000000009,0.5264,0.4736,0.0,-111.14864864864865,111.14864864864865,1.9090909090909092,1.9090909090909092,0.004945454545454531,-0.09585454545454536,0.49454545454545307,-9.585454545454535,over,0.5264,0.004945454545454531,0.49454545454545307,pass,20000
player_reception_yds,George Kittle,george kittle,TE,66.5,-110.0,-110,2024,17,50.5,4.0,False,True,TE,68.93,SF,60+,20,68.4,33.57799988255154,1127.4820761126311,2.430000000000007,0.5263,0.4737,0.0,-111.10407430863414,111.10407430863414,1.9090909090909092,1.9090909090909092,0.004754545454545456,-0.09566363636363628,0.4754545454545456,-9.56636363636363,over,0.5263,0.004754545454545456,0.4754545454545456,pass,20000
player_reception_yds,Tim Patrick,tim patrick,WR,27.5,-110.0,-110,2024,17,50.5,-4.0,True,False,WR,29.84,NYJ,20-30,224,33.88392857142857,33.6177959681703,1130.1562057575272,2.34,0.52615,0.47385,0.0,-111.03724807428512,111.03724807428512,1.9090909090909092,1.9090909090909092,0.004468181818181871,-0.0953772727272727,0.4468181818181871,-9.53772727272727,over,0.52615,0.004468181818181871,0.4468181818181871,pass,20000
player_reception_yds,Courtland Sutton,courtland sutton,WR,56.5,-110.0,-110,2024,11,44.5,-2.0,True,False,WR,59.41,DEN,50-60,175,60.77142857142857,45.23883799407526,2046.5524630541875,2.9099999999999966,0.5261,0.4739,0.0,-111.01498206372652,111.01498206372652,1.9090909090909092,1.9090909090909092,0.004372727272727361,-0.09528181818181819,0.43727272727273614,-9.52818181818182,over,0.5261,0.004372727272727361,0.43727272727273614,pass,20000
player_reception_yds,Hunter Henry,hunter henry,TE,43.5,-108.0,-112,2024,16,48.0,14.0,False,True,TE,44.93,NE,40-50,77,42.8051948051948,30.604649640714655,936.6445796308957,1.4299999999999997,0.5215,0.4785,0.0,-108.98641588296759,108.98641588296762,1.925925925925926,1.8928571428571428,0.004370370370370358,-0.09426785714285729,0.4370370370370358,-9.42678571428573,over,0.5215,0.004370370370370358,0.4370370370370358,pass,20000
player_reception_yds,David Montgomery,david montgomery,RB,17.5,-110.0,-110,2024,14,53.0,-3.0,True,False,RB,16.27,HOU,<20,432,17.046296296296298,19.125546894078457,365.78654399759415,-1.2300000000000004,0.474,0.526,0.0,110.9704641350211,-110.9704641350211,1.9090909090909092,1.9090909090909092,-0.09509090909090911,0.0041818181818182865,-9.509090909090911,0.41818181818182865,under,0.526,0.0041818181818182865,0.41818181818182865,pass,20000
player_reception_yds,Joshua Palmer,joshua palmer,,41.5,-110.0,-110,2024,15,46.0,,False,False,WR,38.89,BUF,40-50,197,52.34517766497462,39.519382558680384,1561.7815978193314,-2.6099999999999994,0.47405,0.52595,0.0,110.94821221390147,-110.94821221390151,1.9090909090909092,1.9090909090909092,-0.09499545454545438,0.004086363636363721,-9.499545454545439,0.4086363636363721,under,0.52595,0.004086363636363721,0.4086363636363721,pass,20000
player_reception_yds,Jaylen Warren,jaylen warren,RB,20.5,-110.0,-110,2024,14,43.0,-6.0,True,False,RB,19.32,PIT,20-30,101,28.26732673267327,24.221026388386825,586.658119306931,-1.1799999999999997,0.47405,0.52595,0.0,110.94821221390147,-110.94821221390151,1.9090909090909092,1.9090909090909092,-0.09499545454545438,0.004086363636363721,-9.499545454545439,0.4086363636363721,under,0.52595,0.004086363636363721,0.4086363636363721,pass,20000
player_reception_yds,Evan Engram,evan engram,TE,36.5,-110.0,-110,2024,6,44.5,-1.5,True,False,TE,38.69,DEN,30-40,83,44.18072289156626,36.40127601114409,1325.0528952394943,2.1899999999999977,0.5258,0.4742,0.0,-110.88148460565165,110.88148460565164,1.9090909090909092,1.9090909090909092,0.0038000000000001366,-0.09470909090909091,0.38000000000001366,-9.47090909090909,over,0.5258,0.0038000000000001366,0.38000000000001366,pass,20000
player_reception_yds,Josh Downs,josh downs,WR,45.5,-110.0,-110,2024,16,42.5,-4.0,True,False,WR,47.92,IND,40-50,197,52.34517766497462,39.519382558680384,1561.7815978193314,2.4200000000000017,0.52575,0.47425,0.0,-110.85925144965738,110.85925144965735,1.9090909090909092,1.9090909090909092,0.0037045454545455714,-0.09461363636363623,0.37045454545455714,-9.461363636363624,over,0.52575,0.0037045454545455714,0.37045454545455714,pass,20000
player_reception_yds,Parker Washington,parker washington,WR,29.5,-110.0,-110,2024,15,41.5,3.5,False,True,WR,31.25,JAC,20-30,224,33.88392857142857,33.6177959681703,1130.1562057575272,1.75,0.52565,0.47435,0.0,-110.81479919890374,110.81479919890376,1.9090909090909092,1.9090909090909092,0.00351363636363633,-0.09442272727272721,0.351363636363633,-9.442272727272721,over,0.52565,0.00351363636363633,0.351363636363633,pass,20000
player_reception_yds,Rhamondre Stevenson,rhamondre stevenson,RB,15.5,-110.0,-110,2024,12,46.0,7.5,False,True,RB,16.7,NE,<20,432,17.046296296296298,19.125546894078457,365.78654399759415,1.1999999999999993,0.5256,0.4744,0.0,-110.79258010118042,110.79258010118046,1.9090909090909092,1.9090909090909092,0.0034181818181817647,-0.09432727272727276,0.34181818181817647,-9.432727272727275,over,0.5256,0.0034181818181817647,0.34181818181817647,pass,20000
player_reception_yds,Ricky Pearsall,ricky pearsall,WR,20.5,-110.0,-110,2024,15,48.5,-3.0,True,False,WR,23.19,SF,20-30,224,33.88392857142857,33.6177959681703,1130.1562057575272,2.6900000000000013,0.5256,0.4744,0.0,-110.79258010118042,110.79258010118046,1.9090909090909092,1.9090909090909092,0.0034181818181817647,-0.09432727272727276,0.34181818181817647,-9.432727272727275,over,0.5256,0.0034181818181817647,0.34181818181817647,pass,20000
player_reception_yds,Kalif Raymond,kalif raymond,WR,18.5,-110.0,-110,2024,2,51.5,-7.5,True,False,WR,16.72,CHI,<20,194,20.84536082474227,23.784379500884214,565.6967082420812,-1.7800000000000011,0.47445,0.52555,0.0,110.77036568658446,-110.77036568658444,1.9090909090909092,1.9090909090909092,-0.09423181818181814,0.003322727272727255,-9.423181818181813,0.3322727272727255,under,0.52555,0.003322727272727255,0.3322727272727255,pass,20000
player_reception_yds,Darnell Mooney,darnell mooney,WR,38.5,-110.0,-110,2024,1,43.0,-4.0,True,False,WR,40.89,NYG,30-40,222,39.810810810810814,35.42174131599695,1254.699757857405,2.3900000000000006,0.52545,0.47455,0.0,-110.72595090085342,110.72595090085342,1.9090909090909092,1.9090909090909092,0.00313181818181818,-0.09404090909090901,0.313181818181818,-9.4040909090909,over,0.52545,0.00313181818181818,0.313181818181818,pass,20000
player_reception_yds,Drake London,drake london,WR,59.5,-110.0,-110,2024,4,41.5,-2.5,True,False,WR,62.78,ATL,50-60,175,60.77142857142857,45.23883799407526,2046.5524630541875,3.280000000000001,0.52545,0.47455,0.0,-110.72595090085342,110.72595090085342,1.9090909090909092,1.9090909090909092,0.00313181818181818,-0.09404090909090901,0.313181818181818,-9.4040909090909,over,0.52545,0.00313181818181818,0.313181818181818,pass,20000
player_reception_yds,Garrett Wilson,garrett wilson,WR,66.5,-110.0,-110,2024,3,39.0,-6.5,True,False,WR,68.57,NYJ,60+,244,72.20491803278688,43.97076702840401,1933.4283530661814,2.069999999999993,0.5254,0.4746,0.0,-110.70375052675936,110.70375052675936,1.9090909090909092,1.9090909090909092,0.003036363636363615,-0.09394545454545444,0.3036363636363615,-9.394545454545444,over,0.5254,0.003036363636363615,0.3036363636363615,pass,20000
player_reception_yds,Cade Otton,cade otton,TE,38.5,-110.0,-110,2024,15,46.0,3.0,False,True,TE,40.69,TB,30-40,83,44.18072289156626,36.40127601114409,1325.0528952394943,2.1899999999999977,0.5254,0.4746,0.0,-110.70375052675936,110.70375052675936,1.9090909090909092,1.9090909090909092,0.003036363636363615,-0.09394545454545444,0.3036363636363615,-9.394545454545444,over,0.5254,0.003036363636363615,0.3036363636363615,pass,20000
player_reception_yds,John Metchie III,john metchie,WR,22.5,-110.0,-110,2024,9,43.5,2.5,False,True,WR,24.95,CAR,20-30,224,33.88392857142857,33.6177959681703,1130.1562057575272,2.4499999999999993,0.52535,0.47465,0.0,-110.68155482987463,110.68155482987463,1.9090909090909092,1.9090909090909092,0.002940909090909105,-0.09384999999999993,0.2940909090909105,-9.384999999999993,over,0.52535,0.002940909090909105,0.2940909090909105,pass,20000
player_reception_yds,Rico Dowdle,rico dowdle,RB,15.5,-115.0,-105,2024,13,39.0,-4.5,True,False,RB,17.36,PIT,<20,432,17.046296296296298,19.125546894078457,365.78654399759415,1.8599999999999994,0.536,0.464,0.0,-115.51724137931035,115.51724137931035,1.8695652173913042,1.9523809523809523,0.002086956521739125,-0.09409523809523812,0.2086956521739125,-9.409523809523812,over,0.536,0.002086956521739125,0.2086956521739125,pass,20000
player_reception_yds,Garrett Wilson,garrett wilson,WR,59.5,-110.0,-110,2024,14,45.0,6.5,False,True,WR,62.78,NYJ,50-60,175,60.77142857142857,45.23883799407526,2046.5524630541875,3.280000000000001,0.5247,0.4753,0.0,-110.39343572480541,110.39343572480537,1.9090909090909092,1.9090909090909092,0.0017000000000001458,-0.09260909090909081,0.17000000000001458,-9.260909090909081,over,0.5247,0.0017000000000001458,0.17000000000001458,pass,20000
player_reception_yds,Ladd McConkey,ladd mcconkey,WR,57.5,-110.0,-110,2024,11,48.0,-1.0,True,False,WR,59.39,LAC,50-60,175,60.77142857142857,45.23883799407526,2046.5524630541875,1.8900000000000006,0.5246,0.4754,0.0,-110.34917963819939,110.3491796381994,1.9090909090909092,1.9090909090909092,0.0015090909090908489,-0.09241818181818173,0.1509090909090849,-9.241818181818173,over,0.5246,0.0015090909090908489,0.1509090909090849,pass,20000
player_reception_yds,Ricky Pearsall,ricky pearsall,WR,38.5,-110.0,-110,2024,11,49.0,-6.0,True,False,WR,40.93,SF,30-40,222,39.810810810810814,35.42174131599695,1254.699757857405,2.4299999999999997,0.5246,0.4754,0.0,-110.34917963819939,110.3491796381994,1.9090909090909092,1.9090909090909092,0.0015090909090908489,-0.09241818181818173,0.1509090909090849,-9.241818181818173,over,0.5246,0.0015090909090908489,0.1509090909090849,pass,20000
player_reception_yds,Brenton Strange,brenton strange,TE,26.5,-110.0,-110,2024,4,44.5,5.5,False,True,TE,24.62,JAC,20-30,155,32.535483870967745,27.73479503577737,769.218855676581,-1.879999999999999,0.4754,0.5246,0.0,110.3491796381994,-110.34917963819939,1.9090909090909092,1.9090909090909092,-0.09241818181818173,0.0015090909090908489,-9.241818181818173,0.1509090909090849,under,0.5246,0.0015090909090908489,0.1509090909090849,pass,20000
player_reception_yds,Juwan Johnson,juwan johnson,TE,21.5,-110.0,-110,2024,5,43.0,5.5,False,True,TE,23.64,NO,20-30,155,32.535483870967745,27.73479503577737,769.218855676581,2.1400000000000006,0.5243,0.4757,0.0,-110.21652301870927,110.21652301870927,1.9090909090909092,1.9090909090909092,0.0009363636363636796,-0.09184545454545451,0.09363636363636796,-9.18454545454545,over,0.5243,0.0009363636363636796,0.09363636363636796,pass,20000
player_reception_yds,Devaughn Vele,devaughn vele,WR,29.5,-110.0,-110,2024,11,44.5,-2.0,True,False,WR,27.34,NO,20-30,224,33.88392857142857,33.6177959681703,1130.1562057575272,-2.16,0.4758,0.5242,0.0,110.1723413198823,-110.1723413198823,1.9090909090909092,1.9090909090909092,-0.09165454545454543,0.0007454545454546047,-9.165454545454544,0.07454545454546047,under,0.5242,0.0007454545454546047,0.07454545454546047,pass,20000
player_reception_yds,Alec Pierce,alec pierce,WR,29.5,-105.0,-115,2024,8,45.0,5.0,False,True,WR,30.65,IND,20-30,224,33.88392857142857,33.6177959681703,1130.1562057575272,1.1499999999999986,0.5125,0.4875,0.0,-105.12820512820511,105.12820512820511,1.9523809523809523,1.8695652173913042,0.0005952380952379821,-0.08858695652173915,0.05952380952379821,-8.858695652173914,over,0.5125,0.0005952380952379821,0.05952380952379821,pass,20000
player_reception_yds,Chase Brown,chase brown,RB,28.5,-110.0,-110,2024,11,48.0,1.0,False,True,RB,27.03,CIN,20-30,101,28.26732673267327,24.221026388386825,586.658119306931,-1.4699999999999989,0.4759,0.5241,0.0,110.12817818869512,-110.12817818869512,1.9090909090909092,1.9090909090909092,-0.09146363636363636,0.0005545454545455297,-9.146363636363636,0.05545454545455297,under,0.5241,0.0005545454545455297,0.05545454545455297,pass,20000
player_reception_yds,CeeDee Lamb,ceedee lamb,WR,86.5,-110.0,-110,2024,9,52.0,3.0,False,True,WR,90.06,DAL,60+,244,72.20491803278688,43.97076702840401,1933.4283530661814,3.5600000000000023,0.52405,0.47595,0.0,-110.10610358230907,110.10610358230907,1.9090909090909092,1.9090909090909092,0.0004590909090909645,-0.09136818181818179,0.04590909090909645,-9.13681818181818,over,0.52405,0.0004590909090909645,0.04590909090909645,pass,20000
player_reception_yds,Khalil Shakir,khalil shakir,WR,46.5,-110.0,-110,2024,3,46.5,-4.0,True,False,WR,49.29,BUF,40-50,197,52.34517766497462,39.519382558680384,1561.7815978193314,2.789999999999999,0.524,0.476,0.0,-110.0840336134454,110.0840336134454,1.9090909090909092,1.9090909090909092,0.0003636363636364548,-0.09127272727272728,0.03636363636364548,-9.127272727272729,over,0.524,0.0003636363636364548,0.03636363636364548,pass,20000
player_reception_yds,Breece Hall,breece hall,RB,26.5,-110.0,-110,2024,7,40.0,-3.0,True,False,RB,28.08,NYJ,20-30,101,28.26732673267327,24.221026388386825,586.658119306931,1.5799999999999983,0.52395,0.47605,0.0,-110.0619682806428,110.0619682806428,1.9090909090909092,1.9090909090909092,0.0002681818181818896,-0.09117727272727272,0.026818181818188958,-9.117727272727272,over,0.52395,0.0002681818181818896,0.026818181818188958,pass,20000
player_reception_yds,Alvin Kamara,alvin kamara,RB,31.5,-110.0,-110,2024,3,49.0,-2.5,True,False,RB,32.81,NO,30-40,24,36.0,21.178703511203796,448.537482415476,1.3100000000000023,0.52395,0.47605,0.0,-110.0619682806428,110.0619682806428,1.9090909090909092,1.9090909090909092,0.0002681818181818896,-0.09117727272727272,0.026818181818188958,-9.117727272727272,over,0.52395,0.0002681818181818896,0.026818181818188958,pass,20000
player_reception_yds,Chase Brown,chase brown,RB,27.5,-110.0,-110,2024,13,46.0,-3.0,True,False,RB,28.8,CIN,20-30,101,28.26732673267327,24.221026388386825,586.658119306931,1.3000000000000007,0.52395,0.47605,0.0,-110.0619682806428,110.0619682806428,1.9090909090909092,1.9090909090909092,0.0002681818181818896,-0.09117727272727272,0.026818181818188958,-9.117727272727272,over,0.52395,0.0002681818181818896,0.026818181818188958,pass,20000
player_reception_yds,Isaiah Likely,isaiah likely,,26.5,-110.0,-110,2024,12,51.0,,False,False,TE,28.25,NYG,20-30,155,32.535483870967745,27.73479503577737,769.218855676581,1.75,0.5239,0.4761,0.0,-110.03990758244068,110.03990758244066,1.9090909090909092,1.9090909090909092,0.00017272727272737987,-0.09108181818181815,0.017272727272737987,-9.108181818181816,over,0.5239,0.00017272727272737987,0.017272727272737987,pass,20000
player_reception_yds,CeeDee Lamb,ceedee lamb,WR,88.5,-110.0,-110,2024,2,47.0,-6.5,True,False,WR,91.44,DAL,60+,244,72.20491803278688,43.97076702840401,1933.4283530661814,2.9399999999999977,0.52385,0.47615,0.0,-110.017851517379,110.01785151737896,1.9090909090909092,1.9090909090909092,7.727272727281465e-05,-0.09098636363636353,0.0077272727272814645,-9.098636363636354,over,0.52385,7.727272727281465e-05,0.0077272727272814645,pass,20000
player_reception_yds,David Njoku,david njoku,TE,49.5,-110.0,-110,2024,11,44.0,-1.0,True,False,TE,51.71,LAC,40-50,77,42.8051948051948,30.604649640714655,936.6445796308957,2.210000000000001,0.5236,0.4764,0.0,-109.9076406381192,109.90764063811925,1.9090909090909092,1.9090909090909092,-0.00040000000000006697,-0.09050909090909093,-0.0400000000000067,-9.050909090909093,over,0.5236,-0.00040000000000006697,-0.0400000000000067,pass,20000
player_reception_yds,DJ Moore,dj moore,WR,47.5,-110.0,-110,2024,12,39.5,3.0,False,True,WR,50.11,BUF,40-50,197,52.34517766497462,39.519382558680384,1561.7815978193314,2.6099999999999994,0.52355,0.47645,0.0,-109.88561234127398,109.885612341274,1.9090909090909092,1.9090909090909092,-0.0004954545454545767,-0.09041363636363631,-0.04954545454545767,-9.04136363636363,over,0.52355,-0.0004954545454545767,-0.04954545454545767,pass,20000
player_reception_yds,Cole Kmet,cole kmet,,29.5,-110.0,-110,2024,14,43.5,,False,False,TE,31.19,CHI,20-30,155,32.535483870967745,27.73479503577737,769.218855676581,1.6900000000000013,0.5235,0.4765,0.0,-109.86358866736619,109.86358866736623,1.9090909090909092,1.9090909090909092,-0.0005909090909091419,-0.09031818181818185,-0.05909090909091419,-9.031818181818185,over,0.5235,-0.0005909090909091419,-0.05909090909091419,pass,20000
player_reception_yds,Amon-Ra St. Brown,amon-ra st brown,WR,73.5,-110.0,-110,2024,15,55.5,-2.5,True,False,WR,75.53,DET,60+,244,72.20491803278688,43.97076702840401,1933.4283530661814,2.030000000000001,0.52345,0.47655,0.0,-109.84156961494071,109.84156961494072,1.9090909090909092,1.9090909090909092,-0.0006863636363636516,-0.09022272727272723,-0.06863636363636516,-9.022272727272723,over,0.52345,-0.0006863636363636516,-0.06863636363636516,pass,20000
player_reception_yds,Ja'Marr Chase,jamarr chase,WR,90.5,-110.0,-110,2024,15,46.5,-6.0,True,False,WR,92.72,CIN,60+,244,72.20491803278688,43.97076702840401,1933.4283530661814,2.219999999999999,0.52325,0.47675,0.0,-109.75353959098061,109.75353959098061,1.9090909090909092,1.9090909090909092,-0.0010681818181818015,-0.08984090909090903,-0.10681818181818015,-8.984090909090902,over,0.52325,-0.0010681818181818015,-0.10681818181818015,pass,20000
player_reception_yds,Andrei Iosivas,andrei iosivas,WR,38.5,-110.0,-110,2024,2,47.5,6.5,False,True,WR,40.88,CIN,30-40,222,39.810810810810814,35.42174131599695,1254.699757857405,2.3800000000000026,0.5232,0.4768,0.0,-109.73154362416108,109.73154362416108,1.9090909090909092,1.9090909090909092,-0.0011636363636363112,-0.08974545454545452,-0.11636363636363112,-8.974545454545451,over,0.5232,-0.0011636363636363112,-0.11636363636363112,pass,20000
player_reception_yds,Tutu Atwell,tutu atwell,WR,30.5,-110.0,-110,2024,8,47.5,3.0,False,True,WR,32.11,MIA,30-40,222,39.810810810810814,35.42174131599695,1254.699757857405,1.6099999999999994,0.523,0.477,0.0,-109.64360587002098,109.64360587002098,1.9090909090909092,1.9090909090909092,-0.001545454545454461,-0.08936363636363637,-0.1545454545454461,-8.936363636363637,over,0.523,-0.001545454545454461,-0.1545454545454461,pass,20000
player_reception_yds,Andrei Iosivas,andrei iosivas,WR,41.5,-110.0,-110,2024,1,40.5,-8.0,True,False,WR,44.13,CIN,40-50,197,52.34517766497462,39.519382558680384,1561.7815978193314,2.6300000000000026,0.5228,0.4772,0.0,-109.55574182732609,109.55574182732606,1.9090909090909092,1.9090909090909092,-0.001927272727272611,-0.08898181818181805,-0.1927272727272611,-8.898181818181804,over,0.5228,-0.001927272727272611,-0.1927272727272611,pass,20000
player_reception_yds,K.J. Osborn,kj osborn,WR,24.5,-110.0,-110,2024,1,40.5,8.0,False,True,WR,26.26,TEN,20-30,224,33.88392857142857,33.6177959681703,1130.1562057575272,1.7600000000000016,0.52275,0.47725,0.0,-109.53378732320589,109.53378732320587,1.9090909090909092,1.9090909090909092,-0.0020227272727271206,-0.08888636363636365,-0.20227272727271206,-8.888636363636365,over,0.52275,-0.0020227272727271206,-0.20227272727271206,pass,20000
player_reception_yds,Sam LaPorta,sam laporta,TE,40.5,-110.0,-110,2024,13,47.5,-9.5,True,False,TE,41.99,DET,40-50,77,42.8051948051948,30.604649640714655,936.6445796308957,1.490000000000002,0.5227,0.4773,0.0,-109.51183741881418,109.51183741881415,1.9090909090909092,1.9090909090909092,-0.002118181818181686,-0.08879090909090898,-0.21181818181816858,-8.879090909090898,over,0.5227,-0.002118181818181686,-0.21181818181816858,pass,20000
player_reception_yds,Eric Saubert,eric saubert,TE,20.5,-110.0,-110,2024,3,44.5,-6.0,True,False,TE,22.34,SEA,20-30,155,32.535483870967745,27.73479503577737,769.218855676581,1.8399999999999999,0.5226,0.4774,0.0,-109.46795140343526,109.46795140343528,1.9090909090909092,1.9090909090909092,-0.002309090909090983,-0.0885999999999999,-0.23090909090909828,-8.85999999999999,over,0.5226,-0.002309090909090983,-0.23090909090909828,pass,20000
player_reception_yds,Brock Bowers,brock bowers,TE,63.5,-110.0,-110,2024,8,42.0,9.0,False,True,TE,61.25,LV,60+,20,68.4,33.57799988255154,1127.4820761126311,-2.25,0.4774,0.5226,0.0,109.46795140343528,-109.46795140343526,1.9090909090909092,1.9090909090909092,-0.0885999999999999,-0.002309090909090983,-8.85999999999999,-0.23090909090909828,under,0.5226,-0.002309090909090983,-0.23090909090909828,pass,20000
player_reception_yds,Jonathan Taylor,jonathan taylor,RB,15.5,-110.0,-110,2024,9,47.0,6.5,False,True,RB,16.66,IND,<20,432,17.046296296296298,19.125546894078457,365.78654399759415,1.1600000000000001,0.52255,0.47745,0.0,-109.4460152895591,109.44601528955914,1.9090909090909092,1.9090909090909092,-0.0024045454545454925,-0.0885045454545455,-0.24045454545454925,-8.85045454545455,over,0.52255,-0.0024045454545454925,-0.24045454545454925,pass,20000
player_reception_yds,Chase Brown,chase brown,RB,25.5,-110.0,-110,2024,11,48.0,1.0,False,True,RB,27.03,CIN,20-30,101,28.26732673267327,24.221026388386825,586.658119306931,1.5300000000000011,0.5225,0.4775,0.0,-109.4240837696335,109.42408376963351,1.9090909090909092,1.9090909090909092,-0.0025000000000000022,-0.08840909090909083,-0.2500000000000002,-8.840909090909083,over,0.5225,-0.0025000000000000022,-0.2500000000000002,pass,20000
player_reception_yds,Elijah Moore,elijah moore,WR,30.5,-110.0,-110,2024,4,36.5,-2.5,True,False,WR,28.44,PHI,30-40,222,39.810810810810814,35.42174131599695,1254.699757857405,-2.0599999999999987,0.4775,0.5225,0.0,109.42408376963351,-109.4240837696335,1.9090909090909092,1.9090909090909092,-0.08840909090909083,-0.0025000000000000022,-8.840909090909083,-0.2500000000000002,under,0.5225,-0.0025000000000000022,-0.2500000000000002,pass,20000
player_reception_yds,Jakobi Meyers,jakobi meyers,WR,53.5,-110.0,-110,2024,9,45.0,8.0,False,True,WR,56.4,JAC,50-60,175,60.77142857142857,45.23883799407526,2046.5524630541875,2.8999999999999986,0.5224,0.4776,0.0,-109.38023450586263,109.38023450586263,1.9090909090909092,1.9090909090909092,-0.002690909090909077,-0.08821818181818175,-0.2690909090909077,-8.821818181818175,over,0.5224,-0.002690909090909077,-0.2690909090909077,pass,20000
player_reception_yds,Noah Gray,noah gray,TE,16.5,-110.0,-110,2024,10,42.5,-7.5,True,False,TE,17.77,KC,<20,149,20.28187919463087,23.469612040364684,550.822689325231,1.2699999999999996,0.5224,0.4776,0.0,-109.38023450586263,109.38023450586263,1.9090909090909092,1.9090909090909092,-0.002690909090909077,-0.08821818181818175,-0.2690909090909077,-8.821818181818175,over,0.5224,-0.002690909090909077,-0.2690909090909077,pass,20000
player_reception_yds,Dalton Kincaid,dalton kincaid,TE,37.5,-110.0,-110,2024,7,41.0,-9.5,True,False,TE,39.51,BUF,30-40,83,44.18072289156626,36.40127601114409,1325.0528952394943,2.009999999999998,0.52235,0.47765,0.0,-109.35831675913325,109.35831675913325,1.9090909090909092,1.9090909090909092,-0.0027863636363636424,-0.08812272727272719,-0.27863636363636424,-8.812272727272719,over,0.52235,-0.0027863636363636424,-0.27863636363636424,pass,20000
player_reception_yds,Cooper Kupp,cooper kupp,WR,66.5,-110.0,-110,2024,11,42.5,-4.0,True,False,WR,69.3,SEA,60+,244,72.20491803278688,43.97076702840401,1933.4283530661814,2.799999999999997,0.522,0.478,0.0,-109.20502092050211,109.20502092050211,1.9090909090909092,1.9090909090909092,-0.003454545454545377,-0.08745454545454545,-0.3454545454545377,-8.745454545454546,over,0.522,-0.003454545454545377,-0.3454545454545377,pass,20000
player_reception_yds,Dalton Kincaid,dalton kincaid,TE,39.5,-110.0,-110,2024,6,42.0,-1.0,True,False,TE,41.21,BUF,30-40,83,44.18072289156626,36.40127601114409,1325.0528952394943,1.7100000000000009,0.52195,0.47805,0.0,-109.183139838929,109.183139838929,1.9090909090909092,1.9090909090909092,-0.0035499999999998866,-0.08735909090909094,-0.35499999999998866,-8.735909090909095,over,0.52195,-0.0035499999999998866,-0.35499999999998866,pass,20000
player_reception_yds,Josh Jacobs,josh jacobs,RB,15.5,-110.0,-110,2024,4,44.0,-2.5,True,False,RB,16.68,GB,<20,432,17.046296296296298,19.125546894078457,365.78654399759415,1.1799999999999997,0.5219,0.4781,0.0,-109.16126333403055,109.16126333403054,1.9090909090909092,1.9090909090909092,-0.003645454545454452,-0.08726363636363632,-0.3645454545454452,-8.726363636363633,over,0.5219,-0.003645454545454452,-0.3645454545454452,pass,20000
player_reception_yds,D'Andre Swift,dandre swift,RB,16.5,-110.0,-110,2024,3,43.0,1.5,False,True,RB,17.29,CHI,<20,432,17.046296296296298,19.125546894078457,365.78654399759415,0.7899999999999991,0.5219,0.4781,0.0,-109.16126333403055,109.16126333403054,1.9090909090909092,1.9090909090909092,-0.003645454545454452,-0.08726363636363632,-0.3645454545454452,-8.726363636363633,over,0.5219,-0.003645454545454452,-0.3645454545454452,pass,20000
player_reception_yds,Javonte Williams,javonte williams,RB,19.5,-110.0,-110,2024,7,37.0,-2.5,True,False,RB,20.57,DAL,<20,432,17.046296296296298,19.125546894078457,365.78654399759415,1.0700000000000003,0.52185,0.47815,0.0,-109.13939140437103,109.139391404371,1.9090909090909092,1.9090909090909092,-0.0037409090909089615,-0.0871681818181817,-0.37409090909089615,-8.71681818181817,over,0.52185,-0.0037409090909089615,-0.37409090909089615,pass,20000
player_reception_yds,Travis Kelce,travis kelce,TE,59.5,-110.0,-110,2024,10,42.5,-7.5,True,False,TE,61.48,KC,50-60,28,62.82142857142857,33.57799988255154,1127.4820761126311,1.9799999999999969,0.52185,0.47815,0.0,-109.13939140437103,109.139391404371,1.9090909090909092,1.9090909090909092,-0.0037409090909089615,-0.0871681818181817,-0.37409090909089615,-8.71681818181817,over,0.52185,-0.0037409090909089615,-0.37409090909089615,pass,20000
player_reception_yds,Calvin Ridley,calvin ridley,WR,59.5,-110.0,-110,2024,16,42.5,4.0,False,True,WR,62.12,TEN,50-60,175,60.77142857142857,45.23883799407526,2046.5524630541875,2.6199999999999974,0.5218,0.4782,0.0,-109.11752404851529,109.11752404851528,1.9090909090909092,1.9090909090909092,-0.0038363636363635267,-0.08707272727272725,-0.3836363636363527,-8.707272727272725,over,0.5218,-0.0038363636363635267,-0.3836363636363527,pass,20000
player_reception_yds,Taysom Hill,taysom hill,TE,21.5,-110.0,-110,2024,11,44.0,1.0,False,True,TE,20.34,FA,20-30,155,32.535483870967745,27.73479503577737,769.218855676581,-1.1600000000000001,0.47825,0.52175,0.0,109.09566126502874,-109.09566126502877,1.9090909090909092,1.9090909090909092,-0.08697727272727263,-0.0039318181818180364,-8.697727272727263,-0.39318181818180364,under,0.52175,-0.0039318181818180364,-0.39318181818180364,pass,20000
player_reception_yds,Puka Nacua,puka nacua,WR,85.5,-112.0,-108,2024,16,47.0,-3.0,True,False,WR,88.03,LAR,60+,244,72.20491803278688,43.97076702840401,1933.4283530661814,2.530000000000001,0.52615,0.47385,0.0,-111.03724807428512,111.03724807428512,1.8928571428571428,1.925925925925926,-0.004073214285714333,-0.08739999999999998,-0.4073214285714333,-8.739999999999998,over,0.52615,-0.004073214285714333,-0.4073214285714333,pass,20000
player_reception_yds,Dalton Schultz,dalton schultz,TE,34.5,-110.0,-110,2024,16,42.5,3.5,False,True,TE,36.36,HOU,30-40,83,44.18072289156626,36.40127601114409,1325.0528952394943,1.8599999999999994,0.52165,0.47835,0.0,-109.05194940942822,109.05194940942823,1.9090909090909092,1.9090909090909092,-0.004122727272727333,-0.08678636363636355,-0.41227272727273334,-8.678636363636356,over,0.52165,-0.004122727272727333,-0.41227272727273334,pass,20000
player_reception_yds,Rachaad White,rachaad white,RB,26.5,-110.0,-110,2024,10,50.5,6.5,False,True,RB,27.78,WAS,20-30,101,28.26732673267327,24.221026388386825,586.658119306931,1.2800000000000011,0.5216,0.4784,0.0,-109.03010033444814,109.03010033444816,1.9090909090909092,1.9090909090909092,-0.004218181818181843,-0.0866909090909091,-0.4218181818181843,-8.66909090909091,over,0.5216,-0.004218181818181843,-0.4218181818181843,pass,20000
player_reception_yds,Amon-Ra St. Brown,amon-ra st brown,WR,83.5,-110.0,-110,2024,2,51.5,-7.5,True,False,WR,81.8,DET,60+,244,72.20491803278688,43.97076702840401,1933.4283530661814,-1.7000000000000028,0.47845,0.52155,0.0,109.00825582610513,-109.00825582610511,1.9090909090909092,1.9090909090909092,-0.08659545454545448,-0.004313636363636408,-8.659545454545448,-0.43136363636364083,under,0.52155,-0.004313636363636408,-0.43136363636364083,pass,20000
player_reception_yds,Kenneth Walker III,kenneth walker,RB,25.5,-110.0,-110,2024,9,48.5,1.5,False,True,RB,26.88,KC,20-30,101,28.26732673267327,24.221026388386825,586.658119306931,1.379999999999999,0.5215,0.4785,0.0,-108.98641588296759,108.98641588296762,1.9090909090909092,1.9090909090909092,-0.004409090909090918,-0.08650000000000008,-0.4409090909090918,-8.650000000000007,over,0.5215,-0.004409090909090918,-0.4409090909090918,pass,20000
player_reception_yds,Malik Nabers,malik nabers,WR,74.5,-110.0,-110,2024,10,40.5,-6.5,True,False,WR,77.09,NYG,60+,244,72.20491803278688,43.97076702840401,1933.4283530661814,2.5900000000000034,0.5215,0.4785,0.0,-108.98641588296759,108.98641588296762,1.9090909090909092,1.9090909090909092,-0.004409090909090918,-0.08650000000000008,-0.4409090909090918,-8.650000000000007,over,0.5215,-0.004409090909090918,-0.4409090909090918,pass,20000
player_reception_yds,Michael Wilson,michael wilson,WR,44.5,-110.0,-110,2024,4,49.0,-3.5,True,False,WR,47.0,ARI,40-50,197,52.34517766497462,39.519382558680384,1561.7815978193314,2.5,0.52145,0.47855,0.0,-108.96458050360462,108.96458050360464,1.9090909090909092,1.9090909090909092,-0.004504545454545483,-0.0864045454545454,-0.4504545454545483,-8.64045454545454,over,0.52145,-0.004504545454545483,-0.4504545454545483,pass,20000
player_reception_yds,Jerry Jeudy,jerry jeudy,WR,69.5,-110.0,-110,2024,14,43.0,6.0,False,True,WR,72.13,CLE,60+,244,72.20491803278688,43.97076702840401,1933.4283530661814,2.6299999999999955,0.52115,0.47885,0.0,-108.83366398663465,108.83366398663465,1.9090909090909092,1.9090909090909092,-0.005077272727272708,-0.08583181818181812,-0.5077272727272708,-8.583181818181812,over,0.52115,-0.005077272727272708,-0.5077272727272708,pass,20000
player_reception_yds,Drake London,drake london,WR,58.5,-110.0,-110,2024,3,46.0,3.0,False,True,WR,60.6,ATL,50-60,175,60.77142857142857,45.23883799407526,2046.5524630541875,2.1000000000000014,0.5211,0.4789,0.0,-108.81186051367717,108.81186051367717,1.9090909090909092,1.9090909090909092,-0.005172727272727218,-0.08573636363636361,-0.5172727272727218,-8.57363636363636,over,0.5211,-0.005172727272727218,-0.5172727272727218,pass,20000
player_reception_yds,Cedric Tillman,cedric tillman,WR,58.5,-110.0,-110,2024,11,44.0,-1.0,True,False,WR,60.92,CLE,50-60,175,60.77142857142857,45.23883799407526,2046.5524630541875,2.4200000000000017,0.521,0.479,0.0,-108.76826722338205,108.76826722338205,1.9090909090909092,1.9090909090909092,-0.005363636363636293,-0.08554545454545454,-0.5363636363636293,-8.554545454545453,over,0.521,-0.005363636363636293,-0.5363636363636293,pass,20000
player_reception_yds,Cooper Kupp,cooper kupp,WR,64.5,-110.0,-110,2024,14,49.5,3.5,False,True,WR,66.76,SEA,60+,244,72.20491803278688,43.97076702840401,1933.4283530661814,2.260000000000005,0.52085,0.47915,0.0,-108.70291140561412,108.7029114056141,1.9090909090909092,1.9090909090909092,-0.005649999999999877,-0.0852590909090909,-0.5649999999999877,-8.525909090909089,over,0.52085,-0.005649999999999877,-0.5649999999999877,pass,20000
player_reception_yds,Austin Ekeler,austin ekeler,RB,25.5,-110.0,-110,2024,10,45.0,-1.5,True,False,RB,24.47,FA,20-30,101,28.26732673267327,24.221026388386825,586.658119306931,-1.0300000000000011,0.4792,0.5208,0.0,108.6811352253756,-108.68113522537564,1.9090909090909092,1.9090909090909092,-0.08516363636363622,-0.0057454545454544426,-8.516363636363621,-0.5745454545454443,under,0.5208,-0.0057454545454544426,-0.5745454545454443,pass,20000
player_reception_yds,Cade Otton,cade otton,TE,58.5,-110.0,-110,2024,10,50.5,6.5,False,True,TE,56.76,TB,50-60,28,62.82142857142857,33.57799988255154,1127.4820761126311,-1.740000000000002,0.4792,0.5208,0.0,108.6811352253756,-108.68113522537564,1.9090909090909092,1.9090909090909092,-0.08516363636363622,-0.0057454545454544426,-8.516363636363621,-0.5745454545454443,under,0.5208,-0.0057454545454544426,-0.5745454545454443,pass,20000
player_reception_yds,Josh Downs,josh downs,WR,64.5,-110.0,-110,2024,9,47.0,6.5,False,True,WR,62.02,IND,60+,244,72.20491803278688,43.97076702840401,1933.4283530661814,-2.479999999999997,0.47925,0.52075,0.0,108.65936358894106,-108.65936358894108,1.9090909090909092,1.9090909090909092,-0.08506818181818182,-0.005840909090908952,-8.506818181818183,-0.5840909090908952,under,0.52075,-0.005840909090908952,-0.5840909090908952,pass,20000
player_reception_yds,Quentin Johnston,quentin johnston,WR,44.5,-110.0,-110,2024,11,48.0,-1.0,True,False,WR,46.07,LAC,40-50,197,52.34517766497462,39.519382558680384,1561.7815978193314,1.5700000000000003,0.5207,0.4793,0.0,-108.6375964948884,108.63759649488837,1.9090909090909092,1.9090909090909092,-0.0059363636363635175,-0.08497272727272714,-0.5936363636363517,-8.497272727272714,over,0.5207,-0.0059363636363635175,-0.5936363636363517,pass,20000
player_reception_yds,Cole Kmet,cole kmet,TE,32.5,-110.0,-110,2024,6,44.5,1.5,False,True,TE,34.65,CHI,30-40,83,44.18072289156626,36.40127601114409,1325.0528952394943,2.1499999999999986,0.52035,0.47965,0.0,-108.48535390388824,108.48535390388824,1.9090909090909092,1.9090909090909092,-0.006604545454545474,-0.08430454545454535,-0.6604545454545474,-8.430454545454536,over,0.52035,-0.006604545454545474,-0.6604545454545474,pass,20000
player_reception_yds,Khalil Shakir,khalil shakir,WR,56.5,-110.0,-110,2024,13,45.0,-6.5,True,False,WR,58.74,BUF,50-60,175,60.77142857142857,45.23883799407526,2046.5524630541875,2.240000000000002,0.52025,0.47975,0.0,-108.44189682126107,108.44189682126107,1.9090909090909092,1.9090909090909092,-0.006795454545454549,-0.08411363636363628,-0.6795454545454549,-8.411363636363628,over,0.52025,-0.006795454545454549,-0.6795454545454549,pass,20000
player_reception_yds,Austin Ekeler,austin ekeler,RB,23.5,-110.0,-110,2024,9,44.5,-4.5,True,False,RB,22.65,FA,20-30,101,28.26732673267327,24.221026388386825,586.658119306931,-0.8500000000000014,0.47975,0.52025,0.0,108.44189682126107,-108.44189682126107,1.9090909090909092,1.9090909090909092,-0.08411363636363628,-0.006795454545454549,-8.411363636363628,-0.6795454545454549,under,0.52025,-0.006795454545454549,-0.6795454545454549,pass,20000
player_reception_yds,Travis Kelce,travis kelce,TE,61.5,-110.0,-110,2024,9,45.5,-9.0,True,False,TE,60.01,KC,60+,20,68.4,33.57799988255154,1127.4820761126311,-1.490000000000002,0.4798,0.5202,0.0,108.42017507294705,-108.42017507294705,1.9090909090909092,1.9090909090909092,-0.08401818181818177,-0.006890909090909059,-8.401818181818177,-0.6890909090909059,under,0.5202,-0.006890909090909059,-0.6890909090909059,pass,20000
player_reception_yds,Jahmyr Gibbs,jahmyr gibbs,RB,21.5,-110.0,-110,2024,6,52.5,-3.5,True,False,RB,22.84,DET,20-30,101,28.26732673267327,24.221026388386825,586.658119306931,1.3399999999999999,0.5201,0.4799,0.0,-108.37674515524067,108.37674515524067,1.9090909090909092,1.9090909090909092,-0.007081818181818134,-0.0838272727272727,-0.7081818181818134,-8.38272727272727,over,0.5201,-0.007081818181818134,-0.7081818181818134,pass,20000
player_reception_yds,Jalen Tolbert,jalen tolbert,WR,47.5,-110.0,-110,2024,6,52.5,3.5,False,True,WR,49.36,MIA,40-50,197,52.34517766497462,39.519382558680384,1561.7815978193314,1.8599999999999994,0.52005,0.47995,0.0,-108.35503698301908,108.35503698301908,1.9090909090909092,1.9090909090909092,-0.007177272727272643,-0.08373181818181819,-0.7177272727272643,-8.373181818181818,over,0.52005,-0.007177272727272643,-0.7177272727272643,pass,20000
player_reception_yds,Chris Godwin,chris godwin,WR,65.5,-110.0,-110,2024,4,42.0,1.0,False,True,WR,68.13,TB,60+,244,72.20491803278688,43.97076702840401,1933.4283530661814,2.6299999999999955,0.5199,0.4801,0.0,-108.28993959591753,108.28993959591752,1.9090909090909092,1.9090909090909092,-0.0074636363636362835,-0.08344545454545449,-0.7463636363636283,-8.344545454545448,over,0.5199,-0.0074636363636362835,-0.7463636363636283,pass,20000
player_reception_yds,Jamison Crowder,jamison crowder,WR,22.5,-110.0,-110,2024,17,46.5,-3.5,True,False,WR,24.9,FA,20-30,224,33.88392857142857,33.6177959681703,1130.1562057575272,2.3999999999999986,0.51985,0.48015,0.0,-108.26824950536293,108.26824950536289,1.9090909090909092,1.9090909090909092,-0.007559090909090793,-0.08334999999999987,-0.7559090909090793,-8.334999999999987,over,0.51985,-0.007559090909090793,-0.7559090909090793,pass,20000
player_reception_yds,Elijah Moore,elijah moore,WR,47.5,-110.0,-110,2024,13,41.5,6.5,False,True,WR,45.26,PHI,40-50,197,52.34517766497462,39.519382558680384,1561.7815978193314,-2.240000000000002,0.48015,0.51985,0.0,108.26824950536289,-108.26824950536293,1.9090909090909092,1.9090909090909092,-0.08334999999999987,-0.007559090909090793,-8.334999999999987,-0.7559090909090793,under,0.51985,-0.007559090909090793,-0.7559090909090793,pass,20000
player_reception_yds,Michael Mayer,michael mayer,TE,22.5,-110.0,-110,2024,15,44.5,6.5,False,True,TE,23.99,LV,20-30,155,32.535483870967745,27.73479503577737,769.218855676581,1.4899999999999984,0.51985,0.48015,0.0,-108.26824950536293,108.26824950536289,1.9090909090909092,1.9090909090909092,-0.007559090909090793,-0.08334999999999987,-0.7559090909090793,-8.334999999999987,over,0.51985,-0.007559090909090793,-0.7559090909090793,pass,20000
player_reception_yds,Joshua Palmer,joshua palmer,,31.5,-110.0,-110,2024,11,48.0,,False,False,WR,33.3,BUF,30-40,222,39.810810810810814,35.42174131599695,1254.699757857405,1.7999999999999972,0.51985,0.48015,0.0,-108.26824950536293,108.26824950536289,1.9090909090909092,1.9090909090909092,-0.007559090909090793,-0.08334999999999987,-0.7559090909090793,-8.334999999999987,over,0.51985,-0.007559090909090793,-0.7559090909090793,pass,20000
player_reception_yds,Alec Pierce,alec pierce,WR,30.5,-110.0,-110,2024,1,49.0,3.0,False,True,WR,32.15,IND,30-40,222,39.810810810810814,35.42174131599695,1254.699757857405,1.6499999999999986,0.5198,0.4802,0.0,-108.24656393169515,108.24656393169514,1.9090909090909092,1.9090909090909092,-0.007654545454545358,-0.08325454545454541,-0.7654545454545358,-8.32545454545454,over,0.5198,-0.007654545454545358,-0.7654545454545358,pass,20000
player_reception_yds,T.J. Hockenson,tj hockenson,TE,50.5,-110.0,-110,2024,13,45.5,-3.5,True,False,TE,52.23,MIN,50-60,28,62.82142857142857,33.57799988255154,1127.4820761126311,1.7299999999999969,0.5197,0.4803,0.0,-108.2032063293775,108.20320632937748,1.9090909090909092,1.9090909090909092,-0.007845454545454433,-0.0830636363636364,-0.7845454545454433,-8.30636363636364,over,0.5197,-0.007845454545454433,-0.7845454545454433,pass,20000
player_reception_yds,Dalton Kincaid,dalton kincaid,TE,41.5,-110.0,-110,2024,8,45.5,-3.0,True,False,TE,43.42,BUF,40-50,77,42.8051948051948,30.604649640714655,936.6445796308957,1.9200000000000017,0.5196,0.4804,0.0,-108.15986677768524,108.15986677768528,1.9090909090909092,1.9090909090909092,-0.008036363636363675,-0.08287272727272732,-0.8036363636363675,-8.287272727272732,over,0.5196,-0.008036363636363675,-0.8036363636363675,pass,20000
player_reception_yds,Ray-Ray McCloud III,ray-ray mccloud,WR,35.5,-110.0,-110,2024,8,47.0,-1.5,True,False,WR,33.95,FA,30-40,222,39.810810810810814,35.42174131599695,1254.699757857405,-1.5499999999999972,0.48045,0.51955,0.0,108.13820376730149,-108.13820376730148,1.9090909090909092,1.9090909090909092,-0.08277727272727264,-0.00813181818181824,-8.277727272727265,-0.813181818181824,under,0.51955,-0.00813181818181824,-0.813181818181824,pass,20000
player_reception_yds,Trey McBride,trey mcbride,TE,50.5,-110.0,-110,2024,7,44.0,1.0,False,True,TE,52.06,ARI,50-60,28,62.82142857142857,33.57799988255154,1127.4820761126311,1.5600000000000023,0.51935,0.48065,0.0,-108.0515967960054,108.0515967960054,1.9090909090909092,1.9090909090909092,-0.00851363636363639,-0.08239545454545444,-0.851363636363639,-8.239545454545445,over,0.51935,-0.00851363636363639,-0.851363636363639,pass,20000
player_reception_yds,Hunter Henry,hunter henry,TE,36.5,-110.0,-110,2024,9,38.5,3.0,False,True,TE,38.21,NE,30-40,83,44.18072289156626,36.40127601114409,1325.0528952394943,1.7100000000000009,0.5193,0.4807,0.0,-108.02995631370916,108.02995631370916,1.9090909090909092,1.9090909090909092,-0.0086090909090909,-0.08229999999999993,-0.86090909090909,-8.229999999999993,over,0.5193,-0.0086090909090909,-0.86090909090909,pass,20000
player_reception_yds,Justin Jefferson,justin jefferson,WR,81.5,-110.0,-110,2024,11,40.0,-6.0,True,False,WR,83.76,MIN,60+,244,72.20491803278688,43.97076702840401,1933.4283530661814,2.260000000000005,0.5192,0.4808,0.0,-107.98668885191348,107.98668885191348,1.9090909090909092,1.9090909090909092,-0.008799999999999975,-0.08210909090909085,-0.8799999999999975,-8.210909090909086,over,0.5192,-0.008799999999999975,-0.8799999999999975,pass,20000
player_reception_yds,DK Metcalf,dk metcalf,WR,62.5,-110.0,-110,2024,17,43.5,-3.5,True,False,WR,64.53,PIT,60+,244,72.20491803278688,43.97076702840401,1933.4283530661814,2.030000000000001,0.5192,0.4808,0.0,-107.98668885191348,107.98668885191348,1.9090909090909092,1.9090909090909092,-0.008799999999999975,-0.08210909090909085,-0.8799999999999975,-8.210909090909086,over,0.5192,-0.008799999999999975,-0.8799999999999975,pass,20000
player_reception_yds,Will Dissly,will dissly,TE,35.5,-110.0,-110,2024,11,48.0,-1.0,True,False,TE,37.07,FA,30-40,83,44.18072289156626,36.40127601114409,1325.0528952394943,1.5700000000000003,0.51915,0.48085,0.0,-107.9650618696059,107.9650618696059,1.9090909090909092,1.9090909090909092,-0.008895454545454484,-0.08201363636363634,-0.8895454545454484,-8.201363636363634,over,0.51915,-0.008895454545454484,-0.8895454545454484,pass,20000
player_reception_yds,Ja'Tavion Sanders,jatavion sanders,TE,28.5,-110.0,-110,2024,10,40.5,6.5,False,True,TE,30.33,CAR,20-30,155,32.535483870967745,27.73479503577737,769.218855676581,1.8299999999999983,0.51905,0.48095,0.0,-107.92182139515543,107.92182139515543,1.9090909090909092,1.9090909090909092,-0.00908636363636356,-0.08182272727272727,-0.9086363636363559,-8.182272727272727,over,0.51905,-0.00908636363636356,-0.9086363636363559,pass,20000
player_reception_yds,Joe Mixon,joe mixon,RB,22.5,-110.0,-110,2024,16,42.5,3.5,False,True,RB,24.01,FA,20-30,101,28.26732673267327,24.221026388386825,586.658119306931,1.5100000000000016,0.51895,0.48105,0.0,-107.87859889824344,107.87859889824344,1.9090909090909092,1.9090909090909092,-0.009277272727272634,-0.0816318181818182,-0.9277272727272634,-8.163181818181819,over,0.51895,-0.009277272727272634,-0.9277272727272634,pass,20000
player_reception_yds,Jordan Whittington,jordan whittington,,49.5,-110.0,-110,2024,7,43.0,,False,False,WR,47.73,LAR,40-50,197,52.34517766497462,39.519382558680384,1561.7815978193314,-1.7700000000000031,0.4811,0.5189,0.0,107.85699438786114,-107.85699438786116,1.9090909090909092,1.9090909090909092,-0.08153636363636346,-0.0093727272727272,-8.153636363636346,-0.9372727272727199,under,0.5189,-0.0093727272727272,-0.9372727272727199,pass,20000
player_reception_yds,Tyler Conklin,tyler conklin,TE,18.5,-110.0,-110,2024,16,47.0,3.0,False,True,TE,19.86,DET,<20,149,20.28187919463087,23.469612040364684,550.822689325231,1.3599999999999994,0.51875,0.48125,0.0,-107.79220779220782,107.7922077922078,1.9090909090909092,1.9090909090909092,-0.009659090909090784,-0.08124999999999999,-0.9659090909090784,-8.124999999999998,over,0.51875,-0.009659090909090784,-0.9659090909090784,pass,20000
player_reception_yds,David Njoku,david njoku,TE,44.5,-110.0,-110,2024,7,42.0,5.5,False,True,TE,42.9,LAC,40-50,77,42.8051948051948,30.604649640714655,936.6445796308957,-1.6000000000000014,0.48125,0.51875,0.0,107.7922077922078,-107.79220779220782,1.9090909090909092,1.9090909090909092,-0.08124999999999999,-0.009659090909090784,-8.124999999999998,-0.9659090909090784,under,0.51875,-0.009659090909090784,-0.9659090909090784,pass,20000
player_reception_yds,David Moore,david moore,WR,39.5,-110.0,-110,2024,13,46.0,6.5,False,True,WR,41.52,CAR,30-40,222,39.810810810810814,35.42174131599695,1254.699757857405,2.020000000000003,0.5187,0.4813,0.0,-107.77062123415752,107.77062123415747,1.9090909090909092,1.9090909090909092,-0.009754545454545294,-0.08115454545454537,-0.9754545454545294,-8.115454545454536,over,0.5187,-0.009754545454545294,-0.9754545454545294,pass,20000
player_reception_yds,Marvin Harrison Jr.,marvin harrison,WR,60.5,-110.0,-110,2024,13,45.5,3.5,False,True,WR,58.37,ARI,60+,244,72.20491803278688,43.97076702840401,1933.4283530661814,-2.1300000000000026,0.48135,0.51865,0.0,107.7490391606939,-107.74903916069391,1.9090909090909092,1.9090909090909092,-0.08105909090909091,-0.009849999999999859,-8.10590909090909,-0.9849999999999859,under,0.51865,-0.009849999999999859,-0.9849999999999859,pass,20000
player_reception_yds,Will Dissly,will dissly,TE,40.5,-110.0,-110,2024,13,47.0,-1.0,True,False,TE,41.49,FA,40-50,77,42.8051948051948,30.604649640714655,936.6445796308957,0.990000000000002,0.5186,0.4814,0.0,-107.72746157041958,107.72746157041959,1.9090909090909092,1.9090909090909092,-0.00994545454545459,-0.0809636363636363,-0.9945454545454591,-8.096363636363629,over,0.5186,-0.00994545454545459,-0.9945454545454591,pass,20000
player_reception_yds,Jaxon Smith-Njigba,jaxon smith-njigba,WR,64.5,-110.0,-110,2024,14,45.5,3.0,False,True,WR,66.31,SEA,60+,244,72.20491803278688,43.97076702840401,1933.4283530661814,1.8100000000000023,0.51855,0.48145,0.0,-107.70588846193787,107.7058884619379,1.9090909090909092,1.9090909090909092,-0.010040909090909156,-0.08086818181818184,-1.0040909090909156,-8.086818181818185,over,0.51855,-0.010040909090909156,-1.0040909090909156,pass,20000
player_reception_yds,DJ Moore,dj moore,WR,69.5,-110.0,-110,2024,2,45.5,6.0,False,True,WR,70.82,BUF,60+,244,72.20491803278688,43.97076702840401,1933.4283530661814,1.3199999999999932,0.5185,0.4815,0.0,-107.68431983385253,107.68431983385254,1.9090909090909092,1.9090909090909092,-0.010136363636363666,-0.08077272727272722,-1.0136363636363666,-8.077272727272721,over,0.5185,-0.010136363636363666,-1.0136363636363666,pass,20000
player_reception_yds,Noah Gray,noah gray,TE,23.5,-110.0,-110,2024,8,42.0,-9.0,True,False,TE,22.48,KC,20-30,155,32.535483870967745,27.73479503577737,769.218855676581,-1.0199999999999996,0.4815,0.5185,0.0,107.68431983385254,-107.68431983385253,1.9090909090909092,1.9090909090909092,-0.08077272727272722,-0.010136363636363666,-8.077272727272721,-1.0136363636363666,under,0.5185,-0.010136363636363666,-1.0136363636363666,pass,20000
player_reception_yds,Dallas Goedert,dallas goedert,TE,51.5,-110.0,-110,2024,12,49.0,-3.0,True,False,TE,48.9,PHI,50-60,28,62.82142857142857,33.57799988255154,1127.4820761126311,-2.6000000000000014,0.48155,0.51845,0.0,107.66275568476796,-107.66275568476793,1.9090909090909092,1.9090909090909092,-0.08067727272727276,-0.01023181818181823,-8.067727272727277,-1.023181818181823,under,0.51845,-0.01023181818181823,-1.023181818181823,pass,20000
player_reception_yds,Davante Adams,davante adams,WR,60.5,-110.0,-110,2024,13,41.5,-1.0,True,False,WR,63.0,LAR,60+,244,72.20491803278688,43.97076702840401,1933.4283530661814,2.5,0.5184,0.4816,0.0,-107.64119601328902,107.64119601328903,1.9090909090909092,1.9090909090909092,-0.01032727272727274,-0.08058181818181814,-1.032727272727274,-8.058181818181815,over,0.5184,-0.01032727272727274,-1.032727272727274,pass,20000
player_reception_yds,Cade Otton,cade otton,TE,40.5,-110.0,-110,2024,14,47.0,-7.0,True,False,TE,41.28,TB,40-50,77,42.8051948051948,30.604649640714655,936.6445796308957,0.7800000000000011,0.51835,0.48165,0.0,-107.61964081802138,107.61964081802138,1.9090909090909092,1.9090909090909092,-0.01042272727272725,-0.08048636363636358,-1.042272727272725,-8.048636363636358,over,0.51835,-0.01042272727272725,-1.042272727272725,pass,20000
player_reception_yds,John Metchie III,john metchie,WR,22.5,-110.0,-110,2024,13,44.5,-3.5,True,False,WR,23.86,CAR,20-30,224,33.88392857142857,33.6177959681703,1130.1562057575272,1.3599999999999994,0.5183,0.4817,0.0,-107.59809009757109,107.59809009757109,1.9090909090909092,1.9090909090909092,-0.010518181818181815,-0.08039090909090901,-1.0518181818181815,-8.039090909090902,over,0.5183,-0.010518181818181815,-1.0518181818181815,pass,20000
player_reception_yds,Jakobi Meyers,jakobi meyers,WR,65.5,-110.0,-110,2024,16,41.5,-2.5,True,False,WR,67.66,JAC,60+,244,72.20491803278688,43.97076702840401,1933.4283530661814,2.1599999999999966,0.51825,0.48175,0.0,-107.57654385054488,107.57654385054488,1.9090909090909092,1.9090909090909092,-0.010613636363636325,-0.0802954545454545,-1.0613636363636325,-8.02954545454545,over,0.51825,-0.010613636363636325,-1.0613636363636325,pass,20000
player_reception_yds,Alvin Kamara,alvin kamara,RB,33.5,-110.0,-110,2024,5,43.0,5.5,False,True,RB,32.47,NO,30-40,24,36.0,21.178703511203796,448.537482415476,-1.0300000000000011,0.48175,0.51825,0.0,107.57654385054488,-107.57654385054488,1.9090909090909092,1.9090909090909092,-0.0802954545454545,-0.010613636363636325,-8.02954545454545,-1.0613636363636325,under,0.51825,-0.010613636363636325,-1.0613636363636325,pass,20000
player_reception_yds,Diontae Johnson,diontae johnson,WR,62.5,-110.0,-110,2024,6,45.5,6.0,False,True,WR,64.57,FA,60+,244,72.20491803278688,43.97076702840401,1933.4283530661814,2.069999999999993,0.5182,0.4818,0.0,-107.55500207555002,107.55500207555002,1.9090909090909092,1.9090909090909092,-0.01070909090909089,-0.08019999999999994,-1.070909090909089,-8.019999999999994,over,0.5182,-0.01070909090909089,-1.070909090909089,pass,20000
player_reception_yds,Mike Gesicki,mike gesicki,TE,25.5,-110.0,-110,2024,13,46.0,-3.0,True,False,TE,26.79,CIN,20-30,155,32.535483870967745,27.73479503577737,769.218855676581,1.2899999999999991,0.51805,0.48195,0.0,-107.49040356883495,107.49040356883495,1.9090909090909092,1.9090909090909092,-0.010995454545454475,-0.07991363636363635,-1.0995454545454475,-7.991363636363635,over,0.51805,-0.010995454545454475,-1.0995454545454475,pass,20000
player_reception_yds,Brenton Strange,brenton strange,TE,27.5,-108.0,-112,2024,15,41.5,3.5,False,True,TE,28.64,JAC,20-30,155,32.535483870967745,27.73479503577737,769.218855676581,1.1400000000000006,0.5135,0.4865,0.0,-105.5498458376156,105.54984583761563,1.925925925925926,1.8928571428571428,-0.011037037037037067,-0.07912500000000011,-1.1037037037037067,-7.912500000000011,over,0.5135,-0.011037037037037067,-1.1037037037037067,pass,20000
player_reception_yds,Mack Hollins,mack hollins,WR,16.5,-110.0,-110,2024,13,45.0,-6.5,True,False,WR,15.66,NE,<20,194,20.84536082474227,23.784379500884214,565.6967082420812,-0.8399999999999999,0.4821,0.5179,0.0,107.42584526031945,-107.42584526031945,1.9090909090909092,1.9090909090909092,-0.07962727272727271,-0.011281818181818115,-7.962727272727271,-1.1281818181818115,under,0.5179,-0.011281818181818115,-1.1281818181818115,pass,20000
player_reception_yds,Amon-Ra St. Brown,amon-ra st brown,WR,74.5,-110.0,-110,2024,7,50.5,1.0,False,True,WR,76.01,DET,60+,244,72.20491803278688,43.97076702840401,1933.4283530661814,1.5100000000000051,0.51785,0.48215,0.0,-107.4043347505963,107.40433475059626,1.9090909090909092,1.9090909090909092,-0.011377272727272625,-0.07953181818181804,-1.1377272727272625,-7.953181818181804,over,0.51785,-0.011377272727272625,-1.1377272727272625,pass,20000
player_reception_yds,Keenan Allen,keenan allen,WR,45.5,-110.0,-110,2024,9,44.5,1.5,False,True,WR,47.32,LAC,40-50,197,52.34517766497462,39.519382558680384,1561.7815978193314,1.8200000000000003,0.5178,0.4822,0.0,-107.38282870178351,107.3828287017835,1.9090909090909092,1.9090909090909092,-0.011472727272727135,-0.07943636363636364,-1.1472727272727135,-7.943636363636363,over,0.5178,-0.011472727272727135,-1.1472727272727135,pass,20000
player_reception_yds,Javonte Williams,javonte williams,RB,19.5,-110.0,-110,2024,10,42.5,7.5,False,True,RB,20.08,DAL,<20,432,17.046296296296298,19.125546894078457,365.78654399759415,0.5799999999999983,0.51775,0.48225,0.0,-107.36132711249354,107.3613271124935,1.9090909090909092,1.9090909090909092,-0.0115681818181817,-0.07934090909090896,-1.15681818181817,-7.934090909090896,over,0.51775,-0.0115681818181817,-1.15681818181817,pass,20000
player_reception_yds,Tre Tucker,tre tucker,WR,42.5,-110.0,-110,2024,7,43.0,7.0,False,True,WR,43.78,LV,40-50,197,52.34517766497462,39.519382558680384,1561.7815978193314,1.2800000000000011,0.51775,0.48225,0.0,-107.36132711249354,107.3613271124935,1.9090909090909092,1.9090909090909092,-0.0115681818181817,-0.07934090909090896,-1.15681818181817,-7.934090909090896,over,0.51775,-0.0115681818181817,-1.15681818181817,pass,20000
player_reception_yds,Rachaad White,rachaad white,RB,28.5,-110.0,-110,2024,9,45.5,9.0,False,True,RB,27.88,WAS,20-30,101,28.26732673267327,24.221026388386825,586.658119306931,-0.620000000000001,0.4823,0.5177,0.0,107.33982998133942,-107.33982998133943,1.9090909090909092,1.9090909090909092,-0.07924545454545456,-0.01166363636363621,-7.924545454545457,-1.166363636363621,under,0.5177,-0.01166363636363621,-1.166363636363621,pass,20000
player_reception_yds,Alvin Kamara,alvin kamara,RB,37.5,-110.0,-110,2024,14,41.0,-5.5,True,False,RB,38.15,NO,30-40,24,36.0,21.178703511203796,448.537482415476,0.6499999999999986,0.5174,0.4826,0.0,-107.21094073767094,107.21094073767097,1.9090909090909092,1.9090909090909092,-0.012236363636363656,-0.07867272727272734,-1.2236363636363656,-7.867272727272734,over,0.5174,-0.012236363636363656,-1.2236363636363656,pass,20000
player_reception_yds,Kyren Williams,kyren williams,RB,15.5,-110.0,-110,2024,12,49.0,3.0,False,True,RB,16.25,LAR,<20,432,17.046296296296298,19.125546894078457,365.78654399759415,0.75,0.5174,0.4826,0.0,-107.21094073767094,107.21094073767097,1.9090909090909092,1.9090909090909092,-0.012236363636363656,-0.07867272727272734,-1.2236363636363656,-7.867272727272734,over,0.5174,-0.012236363636363656,-1.2236363636363656,pass,20000
player_reception_yds,T.J. Hockenson,tj hockenson,TE,46.5,-110.0,-110,2024,15,43.5,-7.0,True,False,TE,47.53,MIN,40-50,77,42.8051948051948,30.604649640714655,936.6445796308957,1.0300000000000011,0.51735,0.48265,0.0,-107.18947477468144,107.18947477468144,1.9090909090909092,1.9090909090909092,-0.012331818181818166,-0.07857727272727266,-1.2331818181818166,-7.857727272727266,over,0.51735,-0.012331818181818166,-1.2331818181818166,pass,20000
player_reception_yds,Allen Lazard,allen lazard,WR,30.5,-110.0,-110,2024,4,39.5,-7.5,True,False,WR,31.93,FA,30-40,222,39.810810810810814,35.42174131599695,1254.699757857405,1.4299999999999997,0.5173,0.4827,0.0,-107.16801325875284,107.16801325875284,1.9090909090909092,1.9090909090909092,-0.012427272727272731,-0.0784818181818181,-1.2427272727272731,-7.84818181818181,over,0.5173,-0.012427272727272731,-1.2427272727272731,pass,20000
player_reception_yds,KaVontae Turpin,kavontae turpin,WR,22.5,-110.0,-110,2024,6,52.5,3.5,False,True,WR,21.15,DAL,20-30,224,33.88392857142857,33.6177959681703,1130.1562057575272,-1.3500000000000014,0.4828,0.5172,0.0,107.12510356255177,-107.12510356255177,1.9090909090909092,1.9090909090909092,-0.07829090909090902,-0.012618181818181806,-7.829090909090902,-1.2618181818181806,under,0.5172,-0.012618181818181806,-1.2618181818181806,pass,20000
player_reception_yds,Darnell Mooney,darnell mooney,WR,49.5,-110.0,-110,2024,16,42.5,-9.5,True,False,WR,51.59,NYG,40-50,197,52.34517766497462,39.519382558680384,1561.7815978193314,2.0900000000000034,0.51715,0.48285,0.0,-107.10365537951745,107.10365537951745,1.9090909090909092,1.9090909090909092,-0.012713636363636316,-0.07819545454545451,-1.2713636363636316,-7.819545454545452,over,0.51715,-0.012713636363636316,-1.2713636363636316,pass,20000
player_reception_yds,Dontayvion Wicks,dontayvion wicks,WR,38.5,-110.0,-110,2024,13,47.5,-3.5,True,False,WR,39.85,PHI,30-40,222,39.810810810810814,35.42174131599695,1254.699757857405,1.3500000000000014,0.51705,0.48295,0.0,-107.06077233668081,107.06077233668081,1.9090909090909092,1.9090909090909092,-0.01290454545454539,-0.07800454545454544,-1.290454545454539,-7.800454545454544,over,0.51705,-0.01290454545454539,-1.290454545454539,pass,20000
player_reception_yds,Brock Bowers,brock bowers,TE,71.5,-110.0,-110,2024,14,47.0,7.0,False,True,TE,72.95,LV,60+,20,68.4,33.57799988255154,1127.4820761126311,1.4500000000000028,0.5169,0.4831,0.0,-106.996481059822,106.996481059822,1.9090909090909092,1.9090909090909092,-0.013190909090908975,-0.07771818181818185,-1.3190909090908975,-7.771818181818185,over,0.5169,-0.013190909090908975,-1.3190909090908975,pass,20000
player_reception_yds,Dallas Goedert,dallas goedert,TE,48.5,-110.0,-110,2024,13,50.0,3.0,False,True,TE,49.84,PHI,40-50,77,42.8051948051948,30.604649640714655,936.6445796308957,1.3400000000000034,0.5169,0.4831,0.0,-106.996481059822,106.996481059822,1.9090909090909092,1.9090909090909092,-0.013190909090908975,-0.07771818181818185,-1.3190909090908975,-7.771818181818185,over,0.5169,-0.013190909090908975,-1.3190909090908975,pass,20000
player_reception_yds,Terry McLaurin,terry mclaurin,WR,63.5,-110.0,-110,2024,12,45.0,-10.5,True,False,WR,65.61,WAS,60+,244,72.20491803278688,43.97076702840401,1933.4283530661814,2.1099999999999994,0.51655,0.48345,0.0,-106.84662322887577,106.84662322887581,1.9090909090909092,1.9090909090909092,-0.013859090909090932,-0.07705000000000001,-1.3859090909090932,-7.705000000000001,over,0.51655,-0.013859090909090932,-1.3859090909090932,pass,20000
player_reception_yds,DeMario Douglas,demario douglas,WR,47.5,-110.0,-110,2024,7,42.0,6.5,False,True,WR,49.39,NE,40-50,197,52.34517766497462,39.519382558680384,1561.7815978193314,1.8900000000000006,0.51655,0.48345,0.0,-106.84662322887577,106.84662322887581,1.9090909090909092,1.9090909090909092,-0.013859090909090932,-0.07705000000000001,-1.3859090909090932,-7.705000000000001,over,0.51655,-0.013859090909090932,-1.3859090909090932,pass,20000
player_reception_yds,Cedrick Wilson Jr.,cedrick wilson,,27.5,-110.0,-110,2024,11,44.0,,False,False,WR,26.37,DET,20-30,224,33.88392857142857,33.6177959681703,1130.1562057575272,-1.129999999999999,0.4836,0.5164,0.0,106.78246484698099,-106.78246484698097,1.9090909090909092,1.9090909090909092,-0.07676363636363631,-0.014145454545454572,-7.676363636363631,-1.4145454545454572,under,0.5164,-0.014145454545454572,-1.4145454545454572,pass,20000
player_reception_yds,Bucky Irving,bucky irving,RB,18.5,-110.0,-110,2024,16,47.5,-4.5,True,False,RB,19.16,TB,<20,432,17.046296296296298,19.125546894078457,365.78654399759415,0.6600000000000001,0.5163,0.4837,0.0,-106.7397146991937,106.7397146991937,1.9090909090909092,1.9090909090909092,-0.014336363636363647,-0.07657272727272718,-1.4336363636363647,-7.657272727272718,over,0.5163,-0.014336363636363647,-1.4336363636363647,pass,20000
player_reception_yds,Kenneth Walker III,kenneth walker,RB,24.5,-110.0,-110,2024,8,45.5,3.0,False,True,RB,25.63,KC,20-30,101,28.26732673267327,24.221026388386825,586.658119306931,1.129999999999999,0.51615,0.48385,0.0,-106.67562261031311,106.67562261031311,1.9090909090909092,1.9090909090909092,-0.014622727272727232,-0.0762863636363636,-1.4622727272727232,-7.628636363636359,over,0.51615,-0.014622727272727232,-1.4622727272727232,pass,20000
player_reception_yds,Noah Brown,noah brown,WR,18.5,-110.0,-110,2024,3,46.0,7.5,False,True,WR,19.35,FA,<20,194,20.84536082474227,23.784379500884214,565.6967082420812,0.8500000000000014,0.51615,0.48385,0.0,-106.67562261031311,106.67562261031311,1.9090909090909092,1.9090909090909092,-0.014622727272727232,-0.0762863636363636,-1.4622727272727232,-7.628636363636359,over,0.51615,-0.014622727272727232,-1.4622727272727232,pass,20000
player_reception_yds,Kevin Austin,kevin austin,WR,25.5,-110.0,-110,2024,14,41.0,-5.5,True,False,WR,23.78,NO,20-30,224,33.88392857142857,33.6177959681703,1130.1562057575272,-1.7199999999999989,0.4839,0.5161,0.0,106.65426741062203,-106.65426741062203,1.9090909090909092,1.9090909090909092,-0.07619090909090903,-0.014718181818181797,-7.619090909090903,-1.4718181818181797,under,0.5161,-0.014718181818181797,-1.4718181818181797,pass,20000
player_reception_yds,Tyler Boyd,tyler boyd,WR,23.5,-110.0,-110,2024,15,46.5,6.0,False,True,WR,22.27,FA,20-30,224,33.88392857142857,33.6177959681703,1130.1562057575272,-1.2300000000000004,0.48405,0.51595,0.0,106.59022828220225,-106.59022828220225,1.9090909090909092,1.9090909090909092,-0.07590454545454545,-0.015004545454545382,-7.590454545454545,-1.5004545454545382,under,0.51595,-0.015004545454545382,-1.5004545454545382,pass,20000
player_reception_yds,Bijan Robinson,bijan robinson,RB,29.5,-110.0,-110,2024,5,44.0,-2.5,True,False,RB,28.96,ATL,20-30,101,28.26732673267327,24.221026388386825,586.658119306931,-0.5399999999999991,0.4842,0.5158,0.0,106.52622883106156,-106.52622883106156,1.9090909090909092,1.9090909090909092,-0.0756181818181818,-0.015290909090908966,-7.561818181818181,-1.5290909090908966,under,0.5158,-0.015290909090908966,-1.5290909090908966,pass,20000
player_reception_yds,Dalton Schultz,dalton schultz,TE,32.5,-110.0,-110,2024,4,44.5,-5.5,True,False,TE,33.87,HOU,30-40,83,44.18072289156626,36.40127601114409,1325.0528952394943,1.3699999999999974,0.51575,0.48425,0.0,-106.50490449148168,106.50490449148167,1.9090909090909092,1.9090909090909092,-0.015386363636363531,-0.07552272727272713,-1.5386363636363531,-7.5522727272727135,over,0.51575,-0.015386363636363531,-1.5386363636363531,pass,20000
player_reception_yds,DeAndre Hopkins,deandre hopkins,WR,45.5,-110.0,-110,2024,9,45.5,-9.0,True,False,WR,46.81,BAL,40-50,197,52.34517766497462,39.519382558680384,1561.7815978193314,1.3100000000000023,0.5157,0.4843,0.0,-106.4835845550279,106.48358455502789,1.9090909090909092,1.9090909090909092,-0.015481818181818041,-0.07542727272727273,-1.5481818181818041,-7.542727272727273,over,0.5157,-0.015481818181818041,-1.5481818181818041,pass,20000
player_reception_yds,Amon-Ra St. Brown,amon-ra st brown,WR,84.5,-110.0,-110,2024,1,54.0,-5.0,True,False,WR,85.82,DET,60+,244,72.20491803278688,43.97076702840401,1933.4283530661814,1.3199999999999932,0.5157,0.4843,0.0,-106.4835845550279,106.48358455502789,1.9090909090909092,1.9090909090909092,-0.015481818181818041,-0.07542727272727273,-1.5481818181818041,-7.542727272727273,over,0.5157,-0.015481818181818041,-1.5481818181818041,pass,20000
player_reception_yds,Jake Ferguson,jake ferguson,TE,47.5,-110.0,-110,2024,9,52.0,3.0,False,True,TE,48.98,DAL,40-50,77,42.8051948051948,30.604649640714655,936.6445796308957,1.4799999999999969,0.5156,0.4844,0.0,-106.44095788604457,106.4409578860446,1.9090909090909092,1.9090909090909092,-0.015672727272727338,-0.07523636363636366,-1.5672727272727338,-7.523636363636365,over,0.5156,-0.015672727272727338,-1.5672727272727338,pass,20000
player_reception_yds,Jerome Ford,jerome ford,RB,19.5,-110.0,-110,2024,2,41.5,3.0,False,True,RB,20.18,WAS,<20,432,17.046296296296298,19.125546894078457,365.78654399759415,0.6799999999999997,0.51555,0.48445,0.0,-106.41965115078953,106.41965115078955,1.9090909090909092,1.9090909090909092,-0.015768181818181848,-0.07514090909090904,-1.5768181818181848,-7.514090909090903,over,0.51555,-0.015768181818181848,-1.5768181818181848,pass,20000
player_reception_yds,De'Von Achane,devon achane,RB,22.5,-110.0,-110,2024,1,49.5,-3.5,True,False,RB,23.49,MIA,20-30,101,28.26732673267327,24.221026388386825,586.658119306931,0.9899999999999984,0.5155,0.4845,0.0,-106.39834881320948,106.39834881320951,1.9090909090909092,1.9090909090909092,-0.015863636363636413,-0.07504545454545458,-1.5863636363636413,-7.504545454545458,over,0.5155,-0.015863636363636413,-1.5863636363636413,pass,20000
player_reception_yds,Tim Patrick,tim patrick,WR,21.5,-110.0,-110,2024,13,47.5,-9.5,True,False,WR,23.39,NYJ,20-30,224,33.88392857142857,33.6177959681703,1130.1562057575272,1.8900000000000006,0.5154,0.4846,0.0,-106.35575732562938,106.3557573256294,1.9090909090909092,1.9090909090909092,-0.016054545454545488,-0.0748545454545455,-1.6054545454545488,-7.485454545454551,over,0.5154,-0.016054545454545488,-1.6054545454545488,pass,20000
player_reception_yds,Breece Hall,breece hall,RB,29.5,-110.0,-110,2024,10,45.5,-2.0,True,False,RB,30.47,NYJ,20-30,101,28.26732673267327,24.221026388386825,586.658119306931,0.9699999999999989,0.5154,0.4846,0.0,-106.35575732562938,106.3557573256294,1.9090909090909092,1.9090909090909092,-0.016054545454545488,-0.0748545454545455,-1.6054545454545488,-7.485454545454551,over,0.5154,-0.016054545454545488,-1.6054545454545488,pass,20000
player_reception_yds,Aaron Jones,aaron jones,RB,22.5,-110.0,-110,2024,10,42.5,-7.0,True,False,RB,23.55,MIN,20-30,101,28.26732673267327,24.221026388386825,586.658119306931,1.0500000000000007,0.51535,0.48465,0.0,-106.33446817290827,106.33446817290827,1.9090909090909092,1.9090909090909092,-0.016149999999999998,-0.07475909090909083,-1.6149999999999998,-7.475909090909083,over,0.51535,-0.016149999999999998,-1.6149999999999998,pass,20000
player_reception_yds,Puka Nacua,puka nacua,WR,89.5,-110.0,-110,2024,15,48.5,3.0,False,True,WR,87.59,LAR,60+,244,72.20491803278688,43.97076702840401,1933.4283530661814,-1.9099999999999966,0.48465,0.51535,0.0,106.33446817290827,-106.33446817290827,1.9090909090909092,1.9090909090909092,-0.07475909090909083,-0.016149999999999998,-7.475909090909083,-1.6149999999999998,under,0.51535,-0.016149999999999998,-1.6149999999999998,pass,20000
player_reception_yds,Hunter Henry,hunter henry,TE,41.5,-110.0,-110,2024,10,37.5,6.5,False,True,TE,42.84,NE,40-50,77,42.8051948051948,30.604649640714655,936.6445796308957,1.3400000000000034,0.51525,0.48475,0.0,-106.29190304280556,106.29190304280556,1.9090909090909092,1.9090909090909092,-0.016340909090909073,-0.07456818181818176,-1.6340909090909073,-7.456818181818176,over,0.51525,-0.016340909090909073,-1.6340909090909073,pass,20000
player_reception_yds,Calvin Ridley,calvin ridley,WR,60.5,-110.0,-110,2024,12,40.5,8.0,False,True,WR,59.69,TEN,60+,244,72.20491803278688,43.97076702840401,1933.4283530661814,-0.8100000000000023,0.48485,0.51515,0.0,106.24935547076416,-106.24935547076416,1.9090909090909092,1.9090909090909092,-0.07437727272727268,-0.016531818181818148,-7.437727272727268,-1.6531818181818148,under,0.51515,-0.016531818181818148,-1.6531818181818148,pass,20000
player_reception_yds,Tank Dell,tank dell,WR,57.5,-110.0,-110,2024,8,45.0,-5.0,True,False,WR,59.7,HOU,50-60,175,60.77142857142857,45.23883799407526,2046.5524630541875,2.200000000000003,0.51515,0.48485,0.0,-106.24935547076416,106.24935547076416,1.9090909090909092,1.9090909090909092,-0.016531818181818148,-0.07437727272727268,-1.6531818181818148,-7.437727272727268,over,0.51515,-0.016531818181818148,-1.6531818181818148,pass,20000
player_reception_yds,Alvin Kamara,alvin kamara,RB,40.5,-110.0,-110,2024,10,46.5,3.5,False,True,RB,41.08,NO,40-50,2,34.5,21.178703511203796,448.537482415476,0.5799999999999983,0.51515,0.48485,0.0,-106.24935547076416,106.24935547076416,1.9090909090909092,1.9090909090909092,-0.016531818181818148,-0.07437727272727268,-1.6531818181818148,-7.437727272727268,over,0.51515,-0.016531818181818148,-1.6531818181818148,pass,20000
player_reception_yds,Deebo Samuel,deebo samuel,WR,46.5,-110.0,-110,2024,16,44.0,-2.0,True,False,WR,47.73,FA,40-50,197,52.34517766497462,39.519382558680384,1561.7815978193314,1.2299999999999969,0.51505,0.48495,0.0,-106.20682544592226,106.20682544592226,1.9090909090909092,1.9090909090909092,-0.016722727272727222,-0.0741863636363636,-1.6722727272727222,-7.41863636363636,over,0.51505,-0.016722727272727222,-1.6722727272727222,pass,20000
player_reception_yds,Nico Collins,nico collins,WR,87.5,-110.0,-110,2024,13,44.5,-3.5,True,False,WR,89.4,HOU,60+,244,72.20491803278688,43.97076702840401,1933.4283530661814,1.9000000000000057,0.515,0.485,0.0,-106.18556701030928,106.18556701030928,1.9090909090909092,1.9090909090909092,-0.016818181818181732,-0.0740909090909091,-1.6818181818181732,-7.40909090909091,over,0.515,-0.016818181818181732,-1.6818181818181732,pass,20000
player_reception_yds,Devaughn Vele,devaughn vele,WR,38.5,-110.0,-110,2024,13,41.5,-6.5,True,False,WR,39.86,NO,30-40,222,39.810810810810814,35.42174131599695,1254.699757857405,1.3599999999999994,0.5149,0.4851,0.0,-106.14306328592043,106.14306328592043,1.9090909090909092,1.9090909090909092,-0.017009090909090807,-0.07390000000000002,-1.7009090909090807,-7.390000000000002,over,0.5149,-0.017009090909090807,-1.7009090909090807,pass,20000
player_reception_yds,Tyler Conklin,tyler conklin,TE,22.5,-110.0,-110,2024,17,44.5,10.0,False,True,TE,23.18,DET,20-30,155,32.535483870967745,27.73479503577737,769.218855676581,0.6799999999999997,0.51485,0.48515,0.0,-106.12181799443472,106.1218179944347,1.9090909090909092,1.9090909090909092,-0.017104545454545372,-0.0738045454545454,-1.7104545454545372,-7.3804545454545405,over,0.51485,-0.017104545454545372,-1.7104545454545372,pass,20000
player_reception_yds,Calvin Ridley,calvin ridley,WR,58.5,-110.0,-110,2024,11,40.0,6.0,False,True,WR,59.85,TEN,50-60,175,60.77142857142857,45.23883799407526,2046.5524630541875,1.3500000000000014,0.5146,0.4854,0.0,-106.01565718994641,106.01565718994642,1.9090909090909092,1.9090909090909092,-0.017581818181818254,-0.07332727272727263,-1.7581818181818254,-7.332727272727263,over,0.5146,-0.017581818181818254,-1.7581818181818254,pass,20000
player_reception_yds,Justice Hill,justice hill,RB,16.5,-110.0,-110,2024,13,50.0,-3.0,True,False,RB,17.28,BAL,<20,432,17.046296296296298,19.125546894078457,365.78654399759415,0.7800000000000011,0.51445,0.48555,0.0,-105.95201318092882,105.95201318092886,1.9090909090909092,1.9090909090909092,-0.01786818181818184,-0.07304090909090916,-1.7868181818181839,-7.304090909090916,over,0.51445,-0.01786818181818184,-1.7868181818181839,pass,20000
player_reception_yds,Ja'Tavion Sanders,jatavion sanders,TE,24.5,-110.0,-110,2024,9,43.5,7.0,False,True,TE,25.77,CAR,20-30,155,32.535483870967745,27.73479503577737,769.218855676581,1.2699999999999996,0.51435,0.48565,0.0,-105.9096056831051,105.9096056831051,1.9090909090909092,1.9090909090909092,-0.018059090909090914,-0.07284999999999991,-1.8059090909090914,-7.284999999999991,over,0.51435,-0.018059090909090914,-1.8059090909090914,pass,20000
player_reception_yds,Mike Evans,mike evans,WR,73.5,-110.0,-110,2024,14,47.0,-7.0,True,False,WR,71.88,SF,60+,244,72.20491803278688,43.97076702840401,1933.4283530661814,-1.6200000000000045,0.4857,0.5143,0.0,105.88840848260243,-105.88840848260243,1.9090909090909092,1.9090909090909092,-0.07275454545454535,-0.01815454545454548,-7.275454545454535,-1.8154545454545479,under,0.5143,-0.01815454545454548,-1.8154545454545479,pass,20000
player_reception_yds,Jeremy Ruckert,jeremy ruckert,TE,20.5,-110.0,-110,2024,15,41.5,-3.5,True,False,TE,21.47,NYJ,20-30,155,32.535483870967745,27.73479503577737,769.218855676581,0.9699999999999989,0.51425,0.48575,0.0,-105.86721564590837,105.86721564590837,1.9090909090909092,1.9090909090909092,-0.01824999999999999,-0.07265909090909084,-1.8249999999999988,-7.2659090909090835,over,0.51425,-0.01824999999999999,-1.8249999999999988,pass,20000
player_reception_yds,Jalen McMillan,jalen mcmillan,WR,23.5,-110.0,-110,2024,14,47.0,-7.0,True,False,WR,22.25,TB,20-30,224,33.88392857142857,33.6177959681703,1130.1562057575272,-1.25,0.48575,0.51425,0.0,105.86721564590837,-105.86721564590837,1.9090909090909092,1.9090909090909092,-0.07265909090909084,-0.01824999999999999,-7.2659090909090835,-1.8249999999999988,under,0.51425,-0.01824999999999999,-1.8249999999999988,pass,20000
player_reception_yds,Ray-Ray McCloud III,ray-ray mccloud,WR,37.5,-110.0,-110,2024,6,45.5,-6.0,True,False,WR,38.4,FA,30-40,222,39.810810810810814,35.42174131599695,1254.699757857405,0.8999999999999986,0.5142,0.4858,0.0,-105.84602717167559,105.84602717167559,1.9090909090909092,1.9090909090909092,-0.018345454545454498,-0.07256363636363633,-1.8345454545454498,-7.256363636363633,over,0.5142,-0.018345454545454498,-1.8345454545454498,pass,20000
player_reception_yds,Daniel Bellinger,daniel bellinger,,20.5,-110.0,-110,2024,17,40.5,,False,False,TE,21.73,TEN,20-30,155,32.535483870967745,27.73479503577737,769.218855676581,1.2300000000000004,0.5139,0.4861,0.0,-105.71898786257972,105.71898786257972,1.9090909090909092,1.9090909090909092,-0.018918181818181723,-0.0719909090909091,-1.8918181818181723,-7.199090909090911,over,0.5139,-0.018918181818181723,-1.8918181818181723,pass,20000
player_reception_yds,Noah Gray,noah gray,TE,23.5,-110.0,-110,2024,9,45.5,-9.0,True,False,TE,22.88,KC,20-30,155,32.535483870967745,27.73479503577737,769.218855676581,-0.620000000000001,0.4861,0.5139,0.0,105.71898786257972,-105.71898786257972,1.9090909090909092,1.9090909090909092,-0.0719909090909091,-0.018918181818181723,-7.199090909090911,-1.8918181818181723,under,0.5139,-0.018918181818181723,-1.8918181818181723,pass,20000
player_reception_yds,Garrett Wilson,garrett wilson,WR,68.5,-110.0,-110,2024,11,43.0,-4.0,True,False,WR,69.67,NYJ,60+,244,72.20491803278688,43.97076702840401,1933.4283530661814,1.1700000000000017,0.51385,0.48615,0.0,-105.6978298878947,105.69782988789466,1.9090909090909092,1.9090909090909092,-0.019013636363636288,-0.07189545454545437,-1.9013636363636288,-7.189545454545438,over,0.51385,-0.019013636363636288,-1.9013636363636288,pass,20000
player_reception_yds,CeeDee Lamb,ceedee lamb,WR,87.5,-110.0,-110,2024,6,52.5,3.5,False,True,WR,85.57,DAL,60+,244,72.20491803278688,43.97076702840401,1933.4283530661814,-1.9300000000000068,0.48615,0.51385,0.0,105.69782988789466,-105.6978298878947,1.9090909090909092,1.9090909090909092,-0.07189545454545437,-0.019013636363636288,-7.189545454545438,-1.9013636363636288,under,0.51385,-0.019013636363636288,-1.9013636363636288,pass,20000
player_reception_yds,Tyler Boyd,tyler boyd,WR,20.5,-110.0,-110,2024,16,42.5,4.0,False,True,WR,21.97,FA,20-30,224,33.88392857142857,33.6177959681703,1130.1562057575272,1.4699999999999989,0.51375,0.48625,0.0,-105.65552699228795,105.6555269922879,1.9090909090909092,1.9090909090909092,-0.019204545454545363,-0.07170454545454535,-1.9204545454545363,-7.170454545454535,over,0.51375,-0.019204545454545363,-1.9204545454545363,pass,20000
player_reception_yds,Brock Bowers,brock bowers,TE,61.5,-110.0,-110,2024,12,41.5,6.5,False,True,TE,62.52,LV,60+,20,68.4,33.57799988255154,1127.4820761126311,1.0200000000000031,0.5137,0.4863,0.0,-105.6343820686819,105.63438206868189,1.9090909090909092,1.9090909090909092,-0.019299999999999873,-0.0716090909090909,-1.9299999999999873,-7.16090909090909,over,0.5137,-0.019299999999999873,-1.9299999999999873,pass,20000
player_reception_yds,DeMario Douglas,demario douglas,WR,41.5,-110.0,-110,2024,15,46.5,6.0,False,True,WR,42.82,NE,40-50,197,52.34517766497462,39.519382558680384,1561.7815978193314,1.3200000000000003,0.5136,0.4864,0.0,-105.59210526315786,105.5921052631579,1.9090909090909092,1.9090909090909092,-0.01949090909090917,-0.07141818181818183,-1.949090909090917,-7.1418181818181825,over,0.5136,-0.01949090909090917,-1.949090909090917,pass,20000
player_reception_yds,Mike Evans,mike evans,WR,69.5,-115.0,-105,2024,1,42.0,-4.0,True,False,WR,69.7,SF,60+,244,72.20491803278688,43.97076702840401,1933.4283530661814,0.20000000000000284,0.4978,0.5022,0.0,100.8838891120932,-100.8838891120932,1.8695652173913042,1.9523809523809523,-0.06933043478260875,-0.019514285714285762,-6.933043478260875,-1.9514285714285762,under,0.5022,-0.019514285714285762,-1.9514285714285762,pass,20000
player_reception_yds,Mike Evans,mike evans,WR,68.5,-110.0,-110,2024,4,42.0,1.0,False,True,WR,67.06,SF,60+,244,72.20491803278688,43.97076702840401,1933.4283530661814,-1.4399999999999977,0.48645,0.51355,0.0,105.57097337855895,-105.57097337855893,1.9090909090909092,1.9090909090909092,-0.0713227272727272,-0.01958636363636368,-7.132272727272721,-1.958636363636368,under,0.51355,-0.01958636363636368,-1.958636363636368,pass,20000
player_reception_yds,Brian Thomas Jr,brian thomas,WR,74.5,-110.0,-110,2024,16,41.5,2.5,False,True,WR,72.52,JAC,60+,244,72.20491803278688,43.97076702840401,1933.4283530661814,-1.980000000000004,0.4865,0.5135,0.0,105.54984583761563,-105.5498458376156,1.9090909090909092,1.9090909090909092,-0.07122727272727275,-0.019681818181818245,-7.122727272727275,-1.9681818181818245,under,0.5135,-0.019681818181818245,-1.9681818181818245,pass,20000
player_reception_yds,Travis Kelce,travis kelce,TE,51.5,-110.0,-110,2024,16,42.5,-3.5,True,False,TE,53.14,KC,50-60,28,62.82142857142857,33.57799988255154,1127.4820761126311,1.6400000000000006,0.51345,0.48655,0.0,-105.52872263898878,105.5287226389888,1.9090909090909092,1.9090909090909092,-0.019777272727272754,-0.07113181818181813,-1.9777272727272754,-7.113181818181813,over,0.51345,-0.019777272727272754,-1.9777272727272754,pass,20000
player_reception_yds,Christian Watson,christian watson,WR,50.5,-110.0,-110,2024,14,53.0,3.0,False,True,WR,51.98,GB,50-60,175,60.77142857142857,45.23883799407526,2046.5524630541875,1.4799999999999969,0.5132,0.4868,0.0,-105.42317173377157,105.42317173377157,1.9090909090909092,1.9090909090909092,-0.020254545454545414,-0.07065454545454541,-2.0254545454545414,-7.065454545454541,over,0.5132,-0.020254545454545414,-2.0254545454545414,pass,20000
player_reception_yds,Jauan Jennings,jauan jennings,WR,70.5,-110.0,-110,2024,15,48.5,-3.0,True,False,WR,71.84,MIN,60+,244,72.20491803278688,43.97076702840401,1933.4283530661814,1.3400000000000034,0.51315,0.48685,0.0,-105.40207456095305,105.40207456095305,1.9090909090909092,1.9090909090909092,-0.02034999999999998,-0.07055909090909085,-2.034999999999998,-7.0559090909090845,over,0.51315,-0.02034999999999998,-2.034999999999998,pass,20000
player_reception_yds,Jerry Jeudy,jerry jeudy,WR,60.5,-110.0,-110,2024,13,41.5,6.5,False,True,WR,62.59,CLE,60+,244,72.20491803278688,43.97076702840401,1933.4283530661814,2.0900000000000034,0.51315,0.48685,0.0,-105.40207456095305,105.40207456095305,1.9090909090909092,1.9090909090909092,-0.02034999999999998,-0.07055909090909085,-2.034999999999998,-7.0559090909090845,over,0.51315,-0.02034999999999998,-2.034999999999998,pass,20000
player_reception_yds,CeeDee Lamb,ceedee lamb,WR,75.5,-110.0,-110,2024,16,47.5,4.5,False,True,WR,74.32,DAL,60+,244,72.20491803278688,43.97076702840401,1933.4283530661814,-1.1800000000000068,0.4869,0.5131,0.0,105.38098172109264,-105.38098172109264,1.9090909090909092,1.9090909090909092,-0.07046363636363634,-0.02044545454545449,-7.046363636363634,-2.0445454545454487,under,0.5131,-0.02044545454545449,-2.0445454545454487,pass,20000
player_reception_yds,Ray-Ray McCloud III,ray-ray mccloud,WR,29.5,-110.0,-110,2024,3,46.0,3.0,False,True,WR,30.45,FA,20-30,224,33.88392857142857,33.6177959681703,1130.1562057575272,0.9499999999999993,0.51305,0.48695,0.0,-105.35989321285552,105.35989321285552,1.9090909090909092,1.9090909090909092,-0.020540909090909054,-0.07036818181818177,-2.054090909090905,-7.036818181818178,over,0.51305,-0.020540909090909054,-2.054090909090905,pass,20000
player_reception_yds,Davante Adams,davante adams,WR,58.5,-110.0,-110,2024,7,40.0,-3.0,True,False,WR,60.31,LAR,50-60,175,60.77142857142857,45.23883799407526,2046.5524630541875,1.8100000000000023,0.5129,0.4871,0.0,-105.29665366454527,105.29665366454527,1.9090909090909092,1.9090909090909092,-0.02082727272727264,-0.07008181818181819,-2.082727272727264,-7.008181818181819,over,0.5129,-0.02082727272727264,-2.082727272727264,pass,20000
player_reception_yds,Garrett Wilson,garrett wilson,WR,72.5,-110.0,-110,2024,10,45.5,-2.0,True,False,WR,74.06,NYJ,60+,244,72.20491803278688,43.97076702840401,1933.4283530661814,1.5600000000000023,0.51285,0.48715,0.0,-105.27558246946528,105.27558246946526,1.9090909090909092,1.9090909090909092,-0.020922727272727204,-0.06998636363636362,-2.0922727272727206,-6.998636363636362,over,0.51285,-0.020922727272727204,-2.0922727272727206,pass,20000
player_reception_yds,Romeo Doubs,romeo doubs,WR,41.5,-110.0,-110,2024,4,44.0,-2.5,True,False,WR,43.26,NE,40-50,197,52.34517766497462,39.519382558680384,1561.7815978193314,1.759999999999998,0.5128,0.4872,0.0,-105.2545155993432,105.25451559934316,1.9090909090909092,1.9090909090909092,-0.021018181818181714,-0.06989090909090895,-2.1018181818181714,-6.989090909090895,over,0.5128,-0.021018181818181714,-2.1018181818181714,pass,20000
player_reception_yds,Ray-Ray McCloud III,ray-ray mccloud,WR,38.5,-110.0,-110,2024,7,51.5,-3.0,True,False,WR,39.39,FA,30-40,222,39.810810810810814,35.42174131599695,1254.699757857405,0.8900000000000006,0.5126,0.4874,0.0,-105.17029134181368,105.17029134181368,1.9090909090909092,1.9090909090909092,-0.021400000000000086,-0.0695090909090908,-2.1400000000000086,-6.95090909090908,over,0.5126,-0.021400000000000086,-2.1400000000000086,pass,20000
player_reception_yds,Chuba Hubbard,chuba hubbard,RB,16.5,-110.0,-110,2024,8,40.5,13.0,False,True,RB,17.18,CAR,<20,432,17.046296296296298,19.125546894078457,365.78654399759415,0.6799999999999997,0.51255,0.48745,0.0,-105.14924607652065,105.14924607652068,1.9090909090909092,1.9090909090909092,-0.021495454545454595,-0.0694136363636364,-2.1495454545454598,-6.94136363636364,over,0.51255,-0.021495454545454595,-2.1495454545454598,pass,20000
player_reception_yds,Adam Thielen,adam thielen,WR,40.5,-110.0,-110,2024,3,40.0,5.5,False,True,WR,41.62,FA,40-50,197,52.34517766497462,39.519382558680384,1561.7815978193314,1.1199999999999974,0.5125,0.4875,0.0,-105.12820512820511,105.12820512820511,1.9090909090909092,1.9090909090909092,-0.02159090909090916,-0.06931818181818172,-2.1590909090909163,-6.931818181818173,over,0.5125,-0.02159090909090916,-2.1590909090909163,pass,20000
player_reception_yds,Greg Dortch,greg dortch,WR,38.5,-110.0,-110,2024,4,49.0,-3.5,True,False,WR,39.21,DET,30-40,222,39.810810810810814,35.42174131599695,1254.699757857405,0.7100000000000009,0.51245,0.48755,0.0,-105.1071684955389,105.10716849553893,1.9090909090909092,1.9090909090909092,-0.02168636363636367,-0.06922272727272732,-2.168636363636367,-6.922272727272732,over,0.51245,-0.02168636363636367,-2.168636363636367,pass,20000
player_reception_yds,Demarcus Robinson,demarcus robinson,WR,35.5,-110.0,-110,2024,1,54.0,5.0,False,True,WR,36.8,SF,30-40,222,39.810810810810814,35.42174131599695,1254.699757857405,1.2999999999999972,0.51235,0.48765,0.0,-105.06510817184456,105.06510817184459,1.9090909090909092,1.9090909090909092,-0.021877272727272745,-0.06903181818181825,-2.1877272727272743,-6.9031818181818245,over,0.51235,-0.021877272727272745,-2.1877272727272743,pass,20000
player_reception_yds,Cooper Kupp,cooper kupp,WR,67.5,-110.0,-110,2024,8,47.5,3.0,False,True,WR,69.25,SEA,60+,244,72.20491803278688,43.97076702840401,1933.4283530661814,1.75,0.5123,0.4877,0.0,-105.04408447816279,105.04408447816279,1.9090909090909092,1.9090909090909092,-0.021972727272727255,-0.06893636363636357,-2.1972727272727255,-6.893636363636357,over,0.5123,-0.021972727272727255,-2.1972727272727255,pass,20000
player_reception_yds,Breece Hall,breece hall,RB,29.5,-110.0,-110,2024,9,43.5,-2.5,True,False,RB,28.73,NYJ,20-30,101,28.26732673267327,24.221026388386825,586.658119306931,-0.7699999999999996,0.4877,0.5123,0.0,105.04408447816279,-105.04408447816279,1.9090909090909092,1.9090909090909092,-0.06893636363636357,-0.021972727272727255,-6.893636363636357,-2.1972727272727255,under,0.5123,-0.021972727272727255,-2.1972727272727255,pass,20000
player_reception_yds,George Kittle,george kittle,TE,65.5,-110.0,-110,2024,16,44.0,-2.0,True,False,TE,65.16,SF,60+,20,68.4,33.57799988255154,1127.4820761126311,-0.3400000000000034,0.4878,0.5122,0.0,105.0020500205002,-105.0020500205002,1.9090909090909092,1.9090909090909092,-0.0687454545454545,-0.02216363636363633,-6.87454545454545,-2.216363636363633,under,0.5122,-0.02216363636363633,-2.216363636363633,pass,20000
player_reception_yds,Noah Gray,noah gray,TE,20.5,-105.0,-115,2024,12,43.0,-11.0,True,False,TE,20.55,KC,20-30,155,32.535483870967745,27.73479503577737,769.218855676581,0.05000000000000071,0.5008,0.4992,0.0,-100.32051282051283,100.32051282051283,1.9523809523809523,1.8695652173913042,-0.022247619047619016,-0.06671304347826096,-2.224761904761902,-6.671304347826096,over,0.5008,-0.022247619047619016,-2.224761904761902,pass,20000
player_reception_yds,Zach Charbonnet,zach charbonnet,RB,23.5,-110.0,-110,2024,17,43.5,-3.5,True,False,RB,24.55,SEA,20-30,101,28.26732673267327,24.221026388386825,586.658119306931,1.0500000000000007,0.5121,0.4879,0.0,-104.96003279360525,104.96003279360525,1.9090909090909092,1.9090909090909092,-0.022354545454545405,-0.06855454545454542,-2.2354545454545405,-6.855454545454542,over,0.5121,-0.022354545454545405,-2.2354545454545405,pass,20000
player_reception_yds,Josh Downs,josh downs,WR,55.5,-110.0,-110,2024,12,50.5,7.0,False,True,WR,56.75,IND,50-60,175,60.77142857142857,45.23883799407526,2046.5524630541875,1.25,0.51205,0.48795,0.0,-104.93903063838508,104.93903063838508,1.9090909090909092,1.9090909090909092,-0.02244999999999997,-0.06845909090909086,-2.244999999999997,-6.845909090909085,over,0.51205,-0.02244999999999997,-2.244999999999997,pass,20000
player_reception_yds,Elijah Moore,elijah moore,WR,23.5,-110.0,-110,2024,5,44.0,3.0,False,True,WR,24.69,PHI,20-30,224,33.88392857142857,33.6177959681703,1130.1562057575272,1.1900000000000013,0.512,0.488,0.0,-104.91803278688525,104.91803278688525,1.9090909090909092,1.9090909090909092,-0.02254545454545448,-0.06836363636363635,-2.2545454545454477,-6.836363636363635,over,0.512,-0.02254545454545448,-2.2545454545454477,pass,20000
player_reception_yds,James Cook,james cook,RB,18.5,-110.0,-110,2024,13,45.0,-6.5,True,False,RB,19.03,BUF,<20,432,17.046296296296298,19.125546894078457,365.78654399759415,0.5300000000000011,0.51195,0.48805,0.0,-104.89703923778302,104.89703923778302,1.9090909090909092,1.9090909090909092,-0.022640909090909045,-0.06826818181818178,-2.2640909090909043,-6.826818181818179,over,0.51195,-0.022640909090909045,-2.2640909090909043,pass,20000
player_reception_yds,De'Von Achane,devon achane,RB,30.5,-110.0,-110,2024,8,46.5,-4.0,True,False,RB,29.76,MIA,30-40,24,36.0,21.178703511203796,448.537482415476,-0.7399999999999984,0.4885,0.5115,0.0,104.70829068577278,-104.70829068577277,1.9090909090909092,1.9090909090909092,-0.06740909090909092,-0.02350000000000002,-6.740909090909092,-2.3500000000000023,under,0.5115,-0.02350000000000002,-2.3500000000000023,pass,20000
player_reception_yds,Jamari Thrash,jamari thrash,WR,15.5,-110.0,-110,2024,13,41.5,6.5,False,True,WR,14.79,CLE,<20,194,20.84536082474227,23.784379500884214,565.6967082420812,-0.7100000000000009,0.48865,0.51135,0.0,104.64545175483475,-104.64545175483474,1.9090909090909092,1.9090909090909092,-0.06712272727272722,-0.02378636363636366,-6.7122727272727225,-2.378636363636366,under,0.51135,-0.02378636363636366,-2.378636363636366,pass,20000
player_reception_yds,Courtland Sutton,courtland sutton,WR,68.5,-110.0,-110,2024,13,41.5,-6.5,True,False,WR,67.62,DEN,60+,244,72.20491803278688,43.97076702840401,1933.4283530661814,-0.8799999999999955,0.4887,0.5113,0.0,104.6245140167792,-104.6245140167792,1.9090909090909092,1.9090909090909092,-0.06702727272727266,-0.02388181818181817,-6.702727272727266,-2.388181818181817,under,0.5113,-0.02388181818181817,-2.388181818181817,pass,20000
player_reception_yds,Khalil Shakir,khalil shakir,WR,61.5,-110.0,-110,2024,11,46.5,-2.5,True,False,WR,59.34,BUF,60+,244,72.20491803278688,43.97076702840401,1933.4283530661814,-2.1599999999999966,0.4888,0.5112,0.0,104.58265139116202,-104.58265139116202,1.9090909090909092,1.9090909090909092,-0.06683636363636358,-0.024072727272727246,-6.683636363636358,-2.4072727272727246,under,0.5112,-0.024072727272727246,-2.4072727272727246,pass,20000
player_reception_yds,Jakobi Meyers,jakobi meyers,WR,59.5,-110.0,-110,2024,17,37.5,-2.0,True,False,WR,60.87,JAC,50-60,175,60.77142857142857,45.23883799407526,2046.5524630541875,1.3699999999999974,0.51115,0.48885,0.0,-104.56172650097167,104.56172650097167,1.9090909090909092,1.9090909090909092,-0.02416818181818181,-0.06674090909090902,-2.416818181818181,-6.674090909090902,over,0.51115,-0.02416818181818181,-2.416818181818181,pass,20000
player_reception_yds,Luke McCaffrey,luke mccaffrey,WR,16.5,-110.0,-110,2024,3,46.0,7.5,False,True,WR,16.96,WAS,<20,194,20.84536082474227,23.784379500884214,565.6967082420812,0.46000000000000085,0.5111,0.4889,0.0,-104.5408058907752,104.5408058907752,1.9090909090909092,1.9090909090909092,-0.02426363636363632,-0.06664545454545451,-2.4263636363636323,-6.6645454545454506,over,0.5111,-0.02426363636363632,-2.4263636363636323,pass,20000
player_reception_yds,Allen Lazard,allen lazard,WR,24.5,-110.0,-110,2024,14,45.0,6.5,False,True,WR,23.76,FA,20-30,224,33.88392857142857,33.6177959681703,1130.1562057575272,-0.7399999999999984,0.48895,0.51105,0.0,104.51988955925965,-104.51988955925965,1.9090909090909092,1.9090909090909092,-0.06654999999999994,-0.024359090909090886,-6.654999999999994,-2.435909090909089,under,0.51105,-0.024359090909090886,-2.435909090909089,pass,20000
player_reception_yds,Jauan Jennings,jauan jennings,WR,60.5,-110.0,-110,2024,11,49.0,-6.0,True,False,WR,61.79,MIN,60+,244,72.20491803278688,43.97076702840401,1933.4283530661814,1.2899999999999991,0.51105,0.48895,0.0,-104.51988955925965,104.51988955925965,1.9090909090909092,1.9090909090909092,-0.024359090909090886,-0.06654999999999994,-2.435909090909089,-6.654999999999994,over,0.51105,-0.024359090909090886,-2.435909090909089,pass,20000
player_reception_yds,Saquon Barkley,saquon barkley,RB,22.5,-110.0,-110,2024,3,49.0,2.5,False,True,RB,23.1,PHI,20-30,101,28.26732673267327,24.221026388386825,586.658119306931,0.6000000000000014,0.511,0.489,0.0,-104.49897750511248,104.49897750511248,1.9090909090909092,1.9090909090909092,-0.024454545454545396,-0.06645454545454543,-2.4454545454545396,-6.645454545454543,over,0.511,-0.024454545454545396,-2.4454545454545396,pass,20000
player_reception_yds,Johnny Mundt,johnny mundt,TE,22.5,-110.0,-110,2024,1,42.5,-1.0,True,False,TE,22.46,PHI,20-30,155,32.535483870967745,27.73479503577737,769.218855676581,-0.03999999999999915,0.51085,0.48915,0.0,-104.4362669937647,104.4362669937647,1.9090909090909092,1.9090909090909092,-0.02474090909090898,-0.06616818181818185,-2.474090909090898,-6.616818181818185,over,0.51085,-0.02474090909090898,-2.474090909090898,pass,20000
player_reception_yds,Justice Hill,justice hill,RB,15.5,-115.0,-105,2024,4,46.5,-2.5,True,False,RB,16.66,BAL,<20,432,17.046296296296298,19.125546894078457,365.78654399759415,1.1600000000000001,0.5216,0.4784,0.0,-109.03010033444814,109.03010033444816,1.8695652173913042,1.9523809523809523,-0.024834782608695816,-0.06598095238095247,-2.483478260869582,-6.598095238095247,over,0.5216,-0.024834782608695816,-2.483478260869582,pass,20000
player_reception_yds,Michael Wilson,michael wilson,WR,31.5,-110.0,-110,2024,9,44.5,-1.5,True,False,WR,32.51,ARI,30-40,222,39.810810810810814,35.42174131599695,1254.699757857405,1.009999999999998,0.5108,0.4892,0.0,-104.41537203597713,104.41537203597709,1.9090909090909092,1.9090909090909092,-0.024836363636363545,-0.06607272727272712,-2.4836363636363545,-6.607272727272711,over,0.5108,-0.024836363636363545,-2.4836363636363545,pass,20000
player_reception_yds,Cooper Kupp,cooper kupp,WR,71.5,-110.0,-110,2024,13,48.5,-2.5,True,False,WR,72.36,SEA,60+,244,72.20491803278688,43.97076702840401,1933.4283530661814,0.8599999999999994,0.51065,0.48935,0.0,-104.3527127822622,104.35271278226219,1.9090909090909092,1.9090909090909092,-0.02512272727272713,-0.06578636363636364,-2.512272727272713,-6.578636363636364,over,0.51065,-0.02512272727272713,-2.512272727272713,pass,20000
player_reception_yds,Darnell Washington,darnell washington,TE,17.5,-110.0,-110,2024,13,46.0,3.0,False,True,TE,17.99,PIT,<20,149,20.28187919463087,23.469612040364684,550.822689325231,0.48999999999999844,0.51055,0.48945,0.0,-104.31096128307281,104.31096128307286,1.9090909090909092,1.9090909090909092,-0.025313636363636427,-0.06559545454545457,-2.5313636363636425,-6.559545454545457,over,0.51055,-0.025313636363636427,-2.5313636363636425,pass,20000
player_reception_yds,Jaylen Warren,jaylen warren,RB,20.5,-110.0,-110,2024,17,43.5,3.0,False,True,RB,21.08,PIT,20-30,101,28.26732673267327,24.221026388386825,586.658119306931,0.5799999999999983,0.5103,0.4897,0.0,-104.20665713702266,104.20665713702266,1.9090909090909092,1.9090909090909092,-0.025790909090909087,-0.06511818181818174,-2.5790909090909087,-6.511818181818175,over,0.5103,-0.025790909090909087,-2.5790909090909087,pass,20000
player_reception_yds,Trey Palmer,trey palmer,WR,32.5,-110.0,-110,2024,9,45.5,9.0,False,True,WR,33.35,NO,30-40,222,39.810810810810814,35.42174131599695,1254.699757857405,0.8500000000000014,0.5103,0.4897,0.0,-104.20665713702266,104.20665713702266,1.9090909090909092,1.9090909090909092,-0.025790909090909087,-0.06511818181818174,-2.5790909090909087,-6.511818181818175,over,0.5103,-0.025790909090909087,-2.5790909090909087,pass,20000
player_reception_yds,Van Jefferson,van jefferson,WR,29.5,-110.0,-110,2024,14,43.0,-6.0,True,False,WR,30.42,WAS,20-30,224,33.88392857142857,33.6177959681703,1130.1562057575272,0.9200000000000017,0.5102,0.4898,0.0,-104.1649652919559,104.1649652919559,1.9090909090909092,1.9090909090909092,-0.02598181818181816,-0.06492727272727267,-2.598181818181816,-6.492727272727267,over,0.5102,-0.02598181818181816,-2.598181818181816,pass,20000
player_reception_yds,Tyreek Hill,tyreek hill,WR,66.5,-110.0,-110,2024,11,43.5,-8.0,True,False,WR,65.95,FA,60+,244,72.20491803278688,43.97076702840401,1933.4283530661814,-0.5499999999999972,0.48985,0.51015,0.0,104.14412575278146,-104.14412575278146,1.9090909090909092,1.9090909090909092,-0.0648318181818181,-0.026077272727272727,-6.48318181818181,-2.6077272727272724,under,0.51015,-0.026077272727272727,-2.6077272727272724,pass,20000
player_reception_yds,Javonte Williams,javonte williams,RB,15.5,-110.0,-110,2024,2,36.5,3.0,False,True,RB,14.87,DAL,<20,432,17.046296296296298,19.125546894078457,365.78654399759415,-0.6300000000000008,0.4899,0.5101,0.0,104.12329046744233,-104.12329046744233,1.9090909090909092,1.9090909090909092,-0.06473636363636359,-0.026172727272727236,-6.473636363636359,-2.6172727272727236,under,0.5101,-0.026172727272727236,-2.6172727272727236,pass,20000
player_reception_yds,Tyreek Hill,tyreek hill,WR,97.5,-110.0,-110,2024,1,49.5,-3.5,True,False,WR,96.92,FA,60+,244,72.20491803278688,43.97076702840401,1933.4283530661814,-0.5799999999999983,0.48995,0.51005,0.0,104.10245943463619,-104.10245943463619,1.9090909090909092,1.9090909090909092,-0.06464090909090908,-0.026268181818181746,-6.464090909090908,-2.626818181818175,under,0.51005,-0.026268181818181746,-2.626818181818175,pass,20000
player_reception_yds,Tyler Boyd,tyler boyd,,22.5,-110.0,-110,2024,10,40.0,,False,False,WR,23.4,FA,20-30,224,33.88392857142857,33.6177959681703,1130.1562057575272,0.8999999999999986,0.50995,0.49005,0.0,-104.0608101214162,104.0608101214162,1.9090909090909092,1.9090909090909092,-0.02645909090909082,-0.06445000000000001,-2.645909090909082,-6.445,over,0.50995,-0.02645909090909082,-2.645909090909082,pass,20000
player_reception_yds,Tutu Atwell,tutu atwell,WR,53.5,-110.0,-110,2024,7,43.0,-7.0,True,False,WR,52.15,MIA,50-60,175,60.77142857142857,45.23883799407526,2046.5524630541875,-1.3500000000000014,0.4901,0.5099,0.0,104.03999183840034,-104.03999183840034,1.9090909090909092,1.9090909090909092,-0.06435454545454544,-0.026554545454545386,-6.435454545454544,-2.6554545454545386,under,0.5099,-0.026554545454545386,-2.6554545454545386,pass,20000
player_reception_yds,Travis Kelce,travis kelce,TE,59.5,-110.0,-110,2024,5,43.0,-5.5,True,False,TE,58.83,KC,50-60,28,62.82142857142857,33.57799988255154,1127.4820761126311,-0.6700000000000017,0.49015,0.50985,0.0,104.01917780271346,-104.01917780271346,1.9090909090909092,1.9090909090909092,-0.06425909090909093,-0.026649999999999896,-6.4259090909090935,-2.6649999999999894,under,0.50985,-0.026649999999999896,-2.6649999999999894,pass,20000
player_reception_yds,Kyren Williams,kyren williams,RB,21.5,-110.0,-110,2024,3,44.5,6.0,False,True,RB,20.66,LAR,20-30,101,28.26732673267327,24.221026388386825,586.658119306931,-0.8399999999999999,0.4902,0.5098,0.0,103.9983680130559,-103.99836801305591,1.9090909090909092,1.9090909090909092,-0.06416363636363631,-0.02674545454545446,-6.416363636363631,-2.674545454545446,under,0.5098,-0.02674545454545446,-2.674545454545446,pass,20000
player_reception_yds,Juwan Johnson,juwan johnson,TE,33.5,-110.0,-110,2024,14,41.0,-5.5,True,False,TE,34.29,NO,30-40,83,44.18072289156626,36.40127601114409,1325.0528952394943,0.7899999999999991,0.5098,0.4902,0.0,-103.99836801305591,103.9983680130559,1.9090909090909092,1.9090909090909092,-0.02674545454545446,-0.06416363636363631,-2.674545454545446,-6.416363636363631,over,0.5098,-0.02674545454545446,-2.674545454545446,pass,20000
player_reception_yds,Sterling Shepard,sterling shepard,WR,21.5,-110.0,-110,2024,5,44.0,2.5,False,True,WR,20.74,FA,20-30,224,33.88392857142857,33.6177959681703,1130.1562057575272,-0.7600000000000016,0.49025,0.50975,0.0,103.9775624681285,-103.97756246812851,1.9090909090909092,1.9090909090909092,-0.06406818181818169,-0.02684090909090897,-6.406818181818169,-2.684090909090897,under,0.50975,-0.02684090909090897,-2.684090909090897,pass,20000
player_reception_yds,Deebo Samuel,deebo samuel,WR,53.5,-110.0,-110,2024,15,48.5,-3.0,True,False,WR,52.07,FA,50-60,175,60.77142857142857,45.23883799407526,2046.5524630541875,-1.4299999999999997,0.4903,0.5097,0.0,103.95676116663269,-103.95676116663269,1.9090909090909092,1.9090909090909092,-0.06397272727272724,-0.026936363636363536,-6.397272727272724,-2.6936363636363536,under,0.5097,-0.026936363636363536,-2.6936363636363536,pass,20000
player_reception_yds,De'Von Achane,devon achane,RB,29.5,-110.0,-110,2024,3,41.5,4.0,False,True,RB,30.19,MIA,20-30,101,28.26732673267327,24.221026388386825,586.658119306931,0.6900000000000013,0.5097,0.4903,0.0,-103.95676116663269,103.95676116663269,1.9090909090909092,1.9090909090909092,-0.026936363636363536,-0.06397272727272724,-2.6936363636363536,-6.397272727272724,over,0.5097,-0.026936363636363536,-2.6936363636363536,pass,20000
player_reception_yds,De'Von Achane,devon achane,RB,33.5,-110.0,-110,2024,12,46.0,-7.5,True,False,RB,33.19,MIA,30-40,24,36.0,21.178703511203796,448.537482415476,-0.3100000000000023,0.4904,0.5096,0.0,103.91517128874389,-103.9151712887439,1.9090909090909092,1.9090909090909092,-0.06378181818181822,-0.02712727272727261,-6.3781818181818215,-2.7127272727272613,under,0.5096,-0.02712727272727261,-2.7127272727272613,pass,20000
player_reception_yds,Trey McBride,trey mcbride,TE,68.5,-110.0,-110,2024,16,47.0,-5.5,True,False,TE,68.22,ARI,60+,20,68.4,33.57799988255154,1127.4820761126311,-0.28000000000000114,0.4904,0.5096,0.0,103.91517128874389,-103.9151712887439,1.9090909090909092,1.9090909090909092,-0.06378181818181822,-0.02712727272727261,-6.3781818181818215,-2.7127272727272613,under,0.5096,-0.02712727272727261,-2.7127272727272613,pass,20000
player_reception_yds,Ray-Ray McCloud III,ray-ray mccloud,WR,28.5,-110.0,-110,2024,13,47.0,1.0,False,True,WR,29.82,FA,20-30,224,33.88392857142857,33.6177959681703,1130.1562057575272,1.3200000000000003,0.50955,0.49045,0.0,-103.89438270975633,103.89438270975634,1.9090909090909092,1.9090909090909092,-0.027222727272727343,-0.06368636363636354,-2.7222727272727343,-6.368636363636354,over,0.50955,-0.027222727272727343,-2.7222727272727343,pass,20000
player_reception_yds,Cole Kmet,cole kmet,,18.5,-110.0,-110,2024,17,43.5,,False,False,TE,19.26,CHI,<20,149,20.28187919463087,23.469612040364684,550.822689325231,0.7600000000000016,0.5095,0.4905,0.0,-103.87359836901119,103.87359836901122,1.9090909090909092,1.9090909090909092,-0.027318181818181853,-0.06359090909090914,-2.731818181818185,-6.359090909090915,over,0.5095,-0.027318181818181853,-2.731818181818185,pass,20000
player_reception_yds,Curtis Samuel,curtis samuel,WR,34.5,-110.0,-110,2024,5,48.0,1.0,False,True,WR,33.25,FA,30-40,222,39.810810810810814,35.42174131599695,1254.699757857405,-1.25,0.49065,0.50935,0.0,103.8112707632732,-103.8112707632732,1.9090909090909092,1.9090909090909092,-0.06330454545454539,-0.027604545454545493,-6.330454545454539,-2.7604545454545493,under,0.50935,-0.027604545454545493,-2.7604545454545493,pass,20000
player_reception_yds,Nico Collins,nico collins,WR,84.5,-110.0,-110,2024,4,44.5,-5.5,True,False,WR,85.53,HOU,60+,244,72.20491803278688,43.97076702840401,1933.4283530661814,1.0300000000000011,0.5093,0.4907,0.0,-103.7905033625433,103.7905033625433,1.9090909090909092,1.9090909090909092,-0.027700000000000002,-0.06320909090909083,-2.7700000000000005,-6.320909090909082,over,0.5093,-0.027700000000000002,-2.7700000000000005,pass,20000
player_reception_yds,Curtis Samuel,curtis samuel,WR,20.5,-110.0,-110,2024,13,45.0,-6.5,True,False,WR,21.28,FA,20-30,224,33.88392857142857,33.6177959681703,1130.1562057575272,0.7800000000000011,0.5093,0.4907,0.0,-103.7905033625433,103.7905033625433,1.9090909090909092,1.9090909090909092,-0.027700000000000002,-0.06320909090909083,-2.7700000000000005,-6.320909090909082,over,0.5093,-0.027700000000000002,-2.7700000000000005,pass,20000
player_reception_yds,Michael Pittman Jr.,michael pittman,WR,64.5,-110.0,-110,2024,5,45.0,3.5,False,True,WR,65.01,PIT,60+,244,72.20491803278688,43.97076702840401,1933.4283530661814,0.5100000000000051,0.50915,0.49085,0.0,-103.72822654578792,103.72822654578792,1.9090909090909092,1.9090909090909092,-0.027986363636363587,-0.06292272727272724,-2.7986363636363585,-6.292272727272724,over,0.50915,-0.027986363636363587,-2.7986363636363585,pass,20000
player_reception_yds,Dalton Schultz,dalton schultz,TE,39.5,-110.0,-110,2024,10,49.0,4.5,False,True,TE,38.71,HOU,30-40,83,44.18072289156626,36.40127601114409,1325.0528952394943,-0.7899999999999991,0.49095,0.50905,0.0,103.68672980955292,-103.68672980955292,1.9090909090909092,1.9090909090909092,-0.06273181818181817,-0.028177272727272662,-6.273181818181817,-2.817727272727266,under,0.50905,-0.028177272727272662,-2.817727272727266,pass,20000
player_reception_yds,Zach Charbonnet,zach charbonnet,RB,20.5,-110.0,-110,2024,14,45.5,3.0,False,True,RB,21.12,SEA,20-30,101,28.26732673267327,24.221026388386825,586.658119306931,0.620000000000001,0.5089,0.4911,0.0,-103.62451639177357,103.62451639177357,1.9090909090909092,1.9090909090909092,-0.028463636363636302,-0.062445454545454526,-2.8463636363636304,-6.244545454545452,over,0.5089,-0.028463636363636302,-2.8463636363636304,pass,20000
player_reception_yds,Christian Kirk,christian kirk,WR,47.5,-110.0,-110,2024,3,46.5,4.0,False,True,WR,48.61,SF,40-50,197,52.34517766497462,39.519382558680384,1561.7815978193314,1.1099999999999994,0.5089,0.4911,0.0,-103.62451639177357,103.62451639177357,1.9090909090909092,1.9090909090909092,-0.028463636363636302,-0.062445454545454526,-2.8463636363636304,-6.244545454545452,over,0.5089,-0.028463636363636302,-2.8463636363636304,pass,20000
player_reception_yds,Brian Thomas Jr,brian thomas,WR,76.5,-110.0,-110,2024,17,38.0,1.0,False,True,WR,77.35,JAC,60+,244,72.20491803278688,43.97076702840401,1933.4283530661814,0.8499999999999943,0.50885,0.49115,0.0,-103.60378703043878,103.60378703043878,1.9090909090909092,1.9090909090909092,-0.028559090909090812,-0.062350000000000017,-2.855909090909081,-6.235000000000001,over,0.50885,-0.028559090909090812,-2.855909090909081,pass,20000
player_reception_yds,Josh Oliver,josh oliver,TE,16.5,-110.0,-110,2024,14,46.5,-6.0,True,False,TE,16.77,MIN,<20,149,20.28187919463087,23.469612040364684,550.822689325231,0.2699999999999996,0.50875,0.49125,0.0,-103.56234096692113,103.56234096692111,1.9090909090909092,1.9090909090909092,-0.028749999999999887,-0.062159090909090886,-2.8749999999999885,-6.215909090909088,over,0.50875,-0.028749999999999887,-2.8749999999999885,pass,20000
player_reception_yds,Brenton Strange,brenton strange,TE,41.5,-110.0,-110,2024,16,41.5,2.5,False,True,TE,41.99,JAC,40-50,77,42.8051948051948,30.604649640714655,936.6445796308957,0.490000000000002,0.50875,0.49125,0.0,-103.56234096692113,103.56234096692111,1.9090909090909092,1.9090909090909092,-0.028749999999999887,-0.062159090909090886,-2.8749999999999885,-6.215909090909088,over,0.50875,-0.028749999999999887,-2.8749999999999885,pass,20000
player_reception_yds,Greg Dortch,greg dortch,WR,28.5,-110.0,-110,2024,3,51.5,3.0,False,True,WR,29.55,DET,20-30,224,33.88392857142857,33.6177959681703,1130.1562057575272,1.0500000000000007,0.5087,0.4913,0.0,-103.54162426216163,103.54162426216159,1.9090909090909092,1.9090909090909092,-0.028845454545454452,-0.062063636363636265,-2.884545454545445,-6.206363636363626,over,0.5087,-0.028845454545454452,-2.884545454545445,pass,20000
player_reception_yds,Tommy Tremble,tommy tremble,TE,17.5,-110.0,-110,2024,5,40.0,4.0,False,True,TE,16.98,CAR,<20,149,20.28187919463087,23.469612040364684,550.822689325231,-0.5199999999999996,0.49165,0.50835,0.0,103.39672531272248,-103.39672531272245,1.9090909090909092,1.9090909090909092,-0.061395454545454586,-0.02951363636363641,-6.139545454545459,-2.9513636363636406,under,0.50835,-0.02951363636363641,-2.9513636363636406,pass,20000
player_reception_yds,Trey McBride,trey mcbride,TE,52.5,-110.0,-110,2024,10,45.5,2.0,False,True,TE,52.84,ARI,50-60,28,62.82142857142857,33.57799988255154,1127.4820761126311,0.3400000000000034,0.5081,0.4919,0.0,-103.29335230737955,103.29335230737955,1.9090909090909092,1.9090909090909092,-0.029990909090909068,-0.06091818181818176,-2.999090909090907,-6.0918181818181765,over,0.5081,-0.029990909090909068,-2.999090909090907,pass,20000
player_reception_yds,Breece Hall,breece hall,RB,33.5,-110.0,-110,2024,3,39.0,-6.5,True,False,RB,33.39,NYJ,30-40,24,36.0,21.178703511203796,448.537482415476,-0.10999999999999943,0.492,0.508,0.0,103.2520325203252,-103.2520325203252,1.9090909090909092,1.9090909090909092,-0.060727272727272685,-0.030181818181818143,-6.072727272727269,-3.018181818181814,under,0.508,-0.030181818181818143,-3.018181818181814,pass,20000
player_reception_yds,Brock Bowers,brock bowers,TE,61.5,-110.0,-110,2024,13,42.0,13.5,False,True,TE,62.55,LV,60+,20,68.4,33.57799988255154,1127.4820761126311,1.0499999999999972,0.5076,0.4924,0.0,-103.0869212022746,103.08692120227458,1.9090909090909092,1.9090909090909092,-0.030945454545454387,-0.059963636363636386,-3.0945454545454387,-5.996363636363639,over,0.5076,-0.030945454545454387,-3.0945454545454387,pass,20000
player_reception_yds,Devaughn Vele,devaughn vele,WR,21.5,-110.0,-110,2024,10,42.5,7.5,False,True,WR,22.23,NO,20-30,224,33.88392857142857,33.6177959681703,1130.1562057575272,0.7300000000000004,0.50745,0.49255,0.0,-103.02507359658917,103.02507359658918,1.9090909090909092,1.9090909090909092,-0.03123181818181825,-0.059677272727272634,-3.123181818181825,-5.967727272727263,over,0.50745,-0.03123181818181825,-3.123181818181825,pass,20000
player_reception_yds,Evan Engram,evan engram,TE,49.5,-110.0,-110,2024,13,44.5,3.5,False,True,TE,48.94,DEN,40-50,77,42.8051948051948,30.604649640714655,936.6445796308957,-0.5600000000000023,0.4926,0.5074,0.0,103.00446609825418,-103.00446609825414,1.9090909090909092,1.9090909090909092,-0.059581818181818236,-0.03132727272727276,-5.958181818181823,-3.132727272727276,under,0.5074,-0.03132727272727276,-3.132727272727276,pass,20000
player_reception_yds,Marvin Harrison Jr.,marvin harrison,WR,55.5,-110.0,-110,2024,15,46.5,-6.0,True,False,WR,56.14,ARI,50-60,175,60.77142857142857,45.23883799407526,2046.5524630541875,0.6400000000000006,0.50735,0.49265,0.0,-102.98386278290874,102.98386278290876,1.9090909090909092,1.9090909090909092,-0.03142272727272727,-0.05948636363636356,-3.1422727272727267,-5.948636363636356,over,0.50735,-0.03142272727272727,-3.1422727272727267,pass,20000
player_reception_yds,Noah Brown,noah brown,WR,31.5,-110.0,-110,2024,8,46.5,-1.5,True,False,WR,31.79,FA,30-40,222,39.810810810810814,35.42174131599695,1254.699757857405,0.28999999999999915,0.5073,0.4927,0.0,-102.96326364927947,102.96326364927947,1.9090909090909092,1.9090909090909092,-0.031518181818181834,-0.059390909090908994,-3.151818181818183,-5.9390909090909,over,0.5073,-0.031518181818181834,-3.151818181818183,pass,20000
player_reception_yds,Dallas Goedert,dallas goedert,TE,55.5,-110.0,-110,2024,4,42.0,-1.0,True,False,TE,56.08,PHI,50-60,28,62.82142857142857,33.57799988255154,1127.4820761126311,0.5799999999999983,0.50715,0.49285,0.0,-102.90149132596123,102.90149132596123,1.9090909090909092,1.9090909090909092,-0.03180454545454542,-0.05910454545454541,-3.180454545454542,-5.910454545454541,over,0.50715,-0.03180454545454542,-3.180454545454542,pass,20000
player_reception_yds,Mike Evans,mike evans,WR,70.5,-110.0,-110,2024,15,46.0,3.0,False,True,WR,71.03,SF,60+,244,72.20491803278688,43.97076702840401,1933.4283530661814,0.5300000000000011,0.50715,0.49285,0.0,-102.90149132596123,102.90149132596123,1.9090909090909092,1.9090909090909092,-0.03180454545454542,-0.05910454545454541,-3.180454545454542,-5.910454545454541,over,0.50715,-0.03180454545454542,-3.180454545454542,pass,20000
player_reception_yds,Puka Nacua,puka nacua,WR,83.5,-110.0,-110,2024,13,48.5,-2.5,True,False,WR,84.42,LAR,60+,244,72.20491803278688,43.97076702840401,1933.4283530661814,0.9200000000000017,0.5071,0.4929,0.0,-102.8809089064719,102.8809089064719,1.9090909090909092,1.9090909090909092,-0.031899999999999984,-0.059009090909090844,-3.1899999999999986,-5.900909090909084,over,0.5071,-0.031899999999999984,-3.1899999999999986,pass,20000
player_reception_yds,Keenan Allen,keenan allen,WR,58.5,-110.0,-110,2024,17,43.5,3.5,False,True,WR,59.81,LAC,50-60,175,60.77142857142857,45.23883799407526,2046.5524630541875,1.3100000000000023,0.50705,0.49295,0.0,-102.86033066233898,102.86033066233898,1.9090909090909092,1.9090909090909092,-0.031995454545454494,-0.058913636363636335,-3.1995454545454494,-5.891363636363634,over,0.50705,-0.031995454545454494,-3.1995454545454494,pass,20000
player_reception_yds,Michael Mayer,michael mayer,TE,15.5,-110.0,-110,2024,12,41.5,6.5,False,True,TE,14.95,LV,<20,149,20.28187919463087,23.469612040364684,550.822689325231,-0.5500000000000007,0.493,0.507,0.0,102.83975659229209,-102.83975659229209,1.9090909090909092,1.9090909090909092,-0.05881818181818177,-0.03209090909090906,-5.881818181818177,-3.209090909090906,under,0.507,-0.03209090909090906,-3.209090909090906,pass,20000
player_reception_yds,Calvin Ridley,calvin ridley,WR,64.5,-110.0,-110,2024,15,46.5,6.0,False,True,WR,64.34,TEN,60+,244,72.20491803278688,43.97076702840401,1933.4283530661814,-0.1599999999999966,0.493,0.507,0.0,102.83975659229209,-102.83975659229209,1.9090909090909092,1.9090909090909092,-0.05881818181818177,-0.03209090909090906,-5.881818181818177,-3.209090909090906,under,0.507,-0.03209090909090906,-3.209090909090906,pass,20000
player_reception_yds,Christian McCaffrey,christian mccaffrey,RB,38.5,-110.0,-110,2024,11,49.0,-6.0,True,False,RB,38.24,SF,30-40,24,36.0,21.178703511203796,448.537482415476,-0.259999999999998,0.49305,0.50695,0.0,102.81918669506136,-102.81918669506136,1.9090909090909092,1.9090909090909092,-0.05872272727272726,-0.03218636363636357,-5.872272727272726,-3.2186363636363566,under,0.50695,-0.03218636363636357,-3.2186363636363566,pass,20000
player_reception_yds,J.K. Dobbins,jk dobbins,RB,16.5,-105.0,-115,2024,8,41.5,-7.0,True,False,RB,15.33,DEN,<20,432,17.046296296296298,19.125546894078457,365.78654399759415,-1.17,0.4824,0.5176,0.0,107.29684908789388,-107.29684908789385,1.9523809523809523,1.8695652173913042,-0.05817142857142865,-0.03231304347826103,-5.817142857142866,-3.2313043478261028,under,0.5176,-0.03231304347826103,-3.2313043478261028,pass,20000
player_reception_yds,Ray-Ray McCloud III,ray-ray mccloud,WR,29.5,-110.0,-110,2024,11,44.5,2.0,False,True,WR,29.94,FA,20-30,224,33.88392857142857,33.6177959681703,1130.1562057575272,0.4400000000000013,0.50685,0.49315,0.0,-102.77805941397142,102.77805941397142,1.9090909090909092,1.9090909090909092,-0.032377272727272643,-0.058531818181818185,-3.2377272727272643,-5.8531818181818185,over,0.50685,-0.032377272727272643,-3.2377272727272643,pass,20000
player_reception_yds,Trey McBride,trey mcbride,TE,60.5,-110.0,-110,2024,13,45.5,3.5,False,True,TE,61.29,ARI,60+,20,68.4,33.57799988255154,1127.4820761126311,0.7899999999999991,0.5067,0.4933,0.0,-102.71639975674033,102.7163997567403,1.9090909090909092,1.9090909090909092,-0.03266363636363623,-0.058245454545454434,-3.266363636363623,-5.824545454545444,over,0.5067,-0.03266363636363623,-3.266363636363623,pass,20000
player_reception_yds,Stone Smartt,stone smartt,TE,29.5,-110.0,-110,2024,15,46.0,-3.0,True,False,TE,30.39,PHI,20-30,155,32.535483870967745,27.73479503577737,769.218855676581,0.8900000000000006,0.5066,0.4934,0.0,-102.67531414673695,102.67531414673692,1.9090909090909092,1.9090909090909092,-0.0328545454545453,-0.05805454545454536,-3.28545454545453,-5.805454545454536,over,0.5066,-0.0328545454545453,-3.28545454545453,pass,20000
player_reception_yds,Malik Nabers,malik nabers,WR,65.5,-110.0,-110,2024,2,42.5,1.5,False,True,WR,66.65,NYG,60+,244,72.20491803278688,43.97076702840401,1933.4283530661814,1.1500000000000057,0.5066,0.4934,0.0,-102.67531414673695,102.67531414673692,1.9090909090909092,1.9090909090909092,-0.0328545454545453,-0.05805454545454536,-3.28545454545453,-5.805454545454536,over,0.5066,-0.0328545454545453,-3.28545454545453,pass,20000
player_reception_yds,Mike Gesicki,mike gesicki,TE,36.5,-110.0,-110,2024,9,45.0,-8.0,True,False,TE,36.86,CIN,30-40,83,44.18072289156626,36.40127601114409,1325.0528952394943,0.35999999999999943,0.50655,0.49345,0.0,-102.65477758638157,102.65477758638161,1.9090909090909092,1.9090909090909092,-0.03295000000000009,-0.057959090909090905,-3.295000000000009,-5.79590909090909,over,0.50655,-0.03295000000000009,-3.295000000000009,pass,20000
player_reception_yds,De'Von Achane,devon achane,RB,33.5,-110.0,-110,2024,11,43.5,-8.0,True,False,RB,33.93,MIA,30-40,24,36.0,21.178703511203796,448.537482415476,0.4299999999999997,0.5065,0.4935,0.0,-102.63424518743665,102.63424518743666,1.9090909090909092,1.9090909090909092,-0.0330454545454546,-0.057863636363636284,-3.30454545454546,-5.786363636363628,over,0.5065,-0.0330454545454546,-3.30454545454546,pass,20000
player_reception_yds,Christian Kirk,christian kirk,WR,48.5,-110.0,-110,2024,3,46.5,4.0,False,True,WR,48.61,SF,40-50,197,52.34517766497462,39.519382558680384,1561.7815978193314,0.10999999999999943,0.49355,0.50645,0.0,102.61371694863745,-102.6137169486374,1.9090909090909092,1.9090909090909092,-0.05776818181818183,-0.03314090909090911,-5.776818181818183,-3.314090909090911,under,0.50645,-0.03314090909090911,-3.314090909090911,pass,20000
player_reception_yds,Jaxon Smith-Njigba,jaxon smith-njigba,WR,73.5,-110.0,-110,2024,17,43.5,-3.5,True,False,WR,74.16,SEA,60+,244,72.20491803278688,43.97076702840401,1933.4283530661814,0.6599999999999966,0.50645,0.49355,0.0,-102.6137169486374,102.61371694863745,1.9090909090909092,1.9090909090909092,-0.03314090909090911,-0.05776818181818183,-3.314090909090911,-5.776818181818183,over,0.50645,-0.03314090909090911,-3.314090909090911,pass,20000
player_reception_yds,Ja'Tavion Sanders,jatavion sanders,TE,18.5,-110.0,-110,2024,6,45.5,6.0,False,True,TE,17.9,CAR,<20,149,20.28187919463087,23.469612040364684,550.822689325231,-0.6000000000000014,0.49365,0.50635,0.0,102.57267294641954,-102.57267294641952,1.9090909090909092,1.9090909090909092,-0.05757727272727281,-0.033331818181818185,-5.757727272727281,-3.3331818181818185,under,0.50635,-0.033331818181818185,-3.3331818181818185,pass,20000
player_reception_yds,Will Dissly,will dissly,TE,36.5,-110.0,-110,2024,11,48.0,-1.0,True,False,TE,37.07,FA,30-40,83,44.18072289156626,36.40127601114409,1325.0528952394943,0.5700000000000003,0.5063,0.4937,0.0,-102.55215718047396,102.55215718047396,1.9090909090909092,1.9090909090909092,-0.03342727272727275,-0.05748181818181808,-3.342727272727275,-5.748181818181807,over,0.5063,-0.03342727272727275,-3.342727272727275,pass,20000
player_reception_yds,Elijah Moore,elijah moore,WR,49.5,-110.0,-110,2024,14,43.0,6.0,False,True,WR,49.08,PHI,40-50,197,52.34517766497462,39.519382558680384,1561.7815978193314,-0.4200000000000017,0.4937,0.5063,0.0,102.55215718047396,-102.55215718047396,1.9090909090909092,1.9090909090909092,-0.05748181818181808,-0.03342727272727275,-5.748181818181807,-3.342727272727275,under,0.5063,-0.03342727272727275,-3.342727272727275,pass,20000
player_reception_yds,Hunter Henry,hunter henry,TE,45.5,-110.0,-110,2024,12,46.0,7.5,False,True,TE,46.27,NE,40-50,77,42.8051948051948,30.604649640714655,936.6445796308957,0.7700000000000031,0.50625,0.49375,0.0,-102.53164556962025,102.53164556962025,1.9090909090909092,1.9090909090909092,-0.03352272727272726,-0.05738636363636357,-3.3522727272727257,-5.738636363636357,over,0.50625,-0.03352272727272726,-3.3522727272727257,pass,20000
player_reception_yds,Davante Adams,davante adams,WR,71.5,-110.0,-110,2024,10,45.5,-2.0,True,False,WR,70.59,LAR,60+,244,72.20491803278688,43.97076702840401,1933.4283530661814,-0.9099999999999966,0.4938,0.5062,0.0,102.51113811259619,-102.51113811259619,1.9090909090909092,1.9090909090909092,-0.057290909090909004,-0.033618181818181825,-5.729090909090901,-3.3618181818181823,under,0.5062,-0.033618181818181825,-3.3618181818181823,pass,20000
player_reception_yds,Malik Nabers,malik nabers,WR,66.5,-110.0,-110,2024,3,38.0,6.5,False,True,WR,67.19,NYG,60+,244,72.20491803278688,43.97076702840401,1933.4283530661814,0.6899999999999977,0.5062,0.4938,0.0,-102.51113811259619,102.51113811259619,1.9090909090909092,1.9090909090909092,-0.033618181818181825,-0.057290909090909004,-3.3618181818181823,-5.729090909090901,over,0.5062,-0.033618181818181825,-3.3618181818181823,pass,20000
player_reception_yds,Tommy Tremble,tommy tremble,,22.5,-110.0,-110,2024,4,47.0,,False,False,TE,22.18,CAR,20-30,155,32.535483870967745,27.73479503577737,769.218855676581,-0.3200000000000003,0.49385,0.50615,0.0,102.49063480814013,-102.49063480814013,1.9090909090909092,1.9090909090909092,-0.057195454545454494,-0.033713636363636335,-5.719545454545449,-3.3713636363636335,under,0.50615,-0.033713636363636335,-3.3713636363636335,pass,20000
player_reception_yds,Justice Hill,justice hill,RB,19.5,-110.0,-110,2024,12,51.0,-3.0,True,False,RB,19.25,BAL,<20,432,17.046296296296298,19.125546894078457,365.78654399759415,-0.25,0.4939,0.5061,0.0,102.47013565499088,-102.47013565499088,1.9090909090909092,1.9090909090909092,-0.05709999999999993,-0.0338090909090909,-5.709999999999993,-3.38090909090909,under,0.5061,-0.0338090909090909,-3.38090909090909,pass,20000
player_reception_yds,Noah Gray,noah gray,TE,17.5,-110.0,-110,2024,7,47.5,2.5,False,True,TE,17.96,KC,<20,149,20.28187919463087,23.469612040364684,550.822689325231,0.46000000000000085,0.50595,0.49405,0.0,-102.40866309078028,102.40866309078028,1.9090909090909092,1.9090909090909092,-0.034095454545454484,-0.056813636363636344,-3.4095454545454484,-5.681363636363635,over,0.50595,-0.034095454545454484,-3.4095454545454484,pass,20000
player_reception_yds,Ray-Ray McCloud III,ray-ray mccloud,WR,36.5,-110.0,-110,2024,5,44.0,-2.5,True,False,WR,36.25,FA,30-40,222,39.810810810810814,35.42174131599695,1254.699757857405,-0.25,0.49415,0.50585,0.0,102.3677021147425,-102.3677021147425,1.9090909090909092,1.9090909090909092,-0.05662272727272727,-0.03428636363636356,-5.662272727272727,-3.4286363636363557,under,0.50585,-0.03428636363636356,-3.4286363636363557,pass,20000
player_reception_yds,Rashee Rice,rashee rice,WR,75.5,-110.0,-110,2024,3,46.0,-3.0,True,False,WR,75.89,KC,60+,244,72.20491803278688,43.97076702840401,1933.4283530661814,0.39000000000000057,0.5058,0.4942,0.0,-102.34722784297857,102.34722784297857,1.9090909090909092,1.9090909090909092,-0.03438181818181807,-0.05652727272727276,-3.438181818181807,-5.652727272727276,over,0.5058,-0.03438181818181807,-3.438181818181807,pass,20000
player_reception_yds,Drake London,drake london,WR,70.5,-110.0,-110,2024,14,46.5,6.0,False,True,WR,70.13,ATL,60+,244,72.20491803278688,43.97076702840401,1933.4283530661814,-0.37000000000000455,0.4942,0.5058,0.0,102.34722784297857,-102.34722784297857,1.9090909090909092,1.9090909090909092,-0.05652727272727276,-0.03438181818181807,-5.652727272727276,-3.438181818181807,under,0.5058,-0.03438181818181807,-3.438181818181807,pass,20000
player_reception_yds,Joe Mixon,joe mixon,RB,23.5,-110.0,-110,2024,9,43.5,2.5,False,True,RB,23.96,FA,20-30,101,28.26732673267327,24.221026388386825,586.658119306931,0.46000000000000085,0.50575,0.49425,0.0,-102.32675771370765,102.32675771370761,1.9090909090909092,1.9090909090909092,-0.034477272727272634,-0.05643181818181803,-3.4477272727272634,-5.6431818181818025,over,0.50575,-0.034477272727272634,-3.4477272727272634,pass,20000
player_reception_yds,Bucky Irving,bucky irving,RB,20.5,-110.0,-110,2024,13,46.0,-6.5,True,False,RB,20.63,TB,20-30,101,28.26732673267327,24.221026388386825,586.658119306931,0.129999999999999,0.5057,0.4943,0.0,-102.3062917256727,102.30629172567268,1.9090909090909092,1.9090909090909092,-0.034572727272727144,-0.05633636363636363,-3.4572727272727146,-5.633636363636363,over,0.5057,-0.034572727272727144,-3.4572727272727146,pass,20000
player_reception_yds,T.J. Hockenson,tj hockenson,TE,44.5,-110.0,-110,2024,16,43.0,-2.5,True,False,TE,45.44,MIN,40-50,77,42.8051948051948,30.604649640714655,936.6445796308957,0.9399999999999977,0.5056,0.4944,0.0,-102.2653721682848,102.2653721682848,1.9090909090909092,1.9090909090909092,-0.03476363636363622,-0.056145454545454554,-3.476363636363622,-5.614545454545455,over,0.5056,-0.03476363636363622,-3.476363636363622,pass,20000
player_reception_yds,Ja'Marr Chase,jamarr chase,WR,84.5,-110.0,-110,2024,9,45.0,-8.0,True,False,WR,85.64,CIN,60+,244,72.20491803278688,43.97076702840401,1933.4283530661814,1.1400000000000006,0.5053,0.4947,0.0,-102.14271275520515,102.1427127552052,1.9090909090909092,1.9090909090909092,-0.035336363636363666,-0.05557272727272733,-3.533636363636367,-5.557272727272733,over,0.5053,-0.035336363636363666,-3.533636363636367,pass,20000
player_reception_yds,Jakobi Meyers,jakobi meyers,WR,60.5,-110.0,-110,2024,11,43.5,8.0,False,True,WR,61.39,JAC,60+,244,72.20491803278688,43.97076702840401,1933.4283530661814,0.8900000000000006,0.50525,0.49475,0.0,-102.12228398180899,102.12228398180899,1.9090909090909092,1.9090909090909092,-0.035431818181818175,-0.05547727272727265,-3.5431818181818175,-5.547727272727265,over,0.50525,-0.035431818181818175,-3.5431818181818175,pass,20000
player_reception_yds,Justin Jefferson,justin jefferson,WR,93.5,-110.0,-110,2024,7,50.5,-1.0,True,False,WR,92.52,MIN,60+,244,72.20491803278688,43.97076702840401,1933.4283530661814,-0.980000000000004,0.4949,0.5051,0.0,102.06102242877348,-102.06102242877348,1.9090909090909092,1.9090909090909092,-0.05519090909090901,-0.035718181818181816,-5.5190909090909015,-3.5718181818181813,under,0.5051,-0.035718181818181816,-3.5718181818181813,pass,20000
player_reception_yds,De'Von Achane,devon achane,RB,34.5,-110.0,-110,2024,15,46.5,2.5,False,True,RB,34.7,MIA,30-40,24,36.0,21.178703511203796,448.537482415476,0.20000000000000284,0.505,0.495,0.0,-102.02020202020202,102.02020202020202,1.9090909090909092,1.9090909090909092,-0.035909090909090835,-0.05499999999999999,-3.5909090909090837,-5.499999999999999,over,0.505,-0.035909090909090835,-3.5909090909090837,pass,20000
player_reception_yds,Trey McBride,trey mcbride,TE,54.5,-110.0,-110,2024,9,44.5,-1.5,True,False,TE,55.11,ARI,50-60,28,62.82142857142857,33.57799988255154,1127.4820761126311,0.6099999999999994,0.5047,0.4953,0.0,-101.8978396931153,101.89783969311526,1.9090909090909092,1.9090909090909092,-0.03648181818181806,-0.0544272727272726,-3.648181818181806,-5.44272727272726,over,0.5047,-0.03648181818181806,-3.648181818181806,pass,20000
player_reception_yds,Tim Patrick,tim patrick,WR,25.5,-110.0,-110,2024,14,53.0,-3.0,True,False,WR,24.9,NYJ,20-30,224,33.88392857142857,33.6177959681703,1130.1562057575272,-0.6000000000000014,0.4953,0.5047,0.0,101.89783969311526,-101.8978396931153,1.9090909090909092,1.9090909090909092,-0.0544272727272726,-0.03648181818181806,-5.44272727272726,-3.648181818181806,under,0.5047,-0.03648181818181806,-3.648181818181806,pass,20000
player_reception_yds,Ricky Pearsall,ricky pearsall,WR,25.5,-110.0,-110,2024,17,50.5,4.0,False,True,WR,25.75,SF,20-30,224,33.88392857142857,33.6177959681703,1130.1562057575272,0.25,0.49535,0.50465,0.0,101.8774603815484,-101.87746038154842,1.9090909090909092,1.9090909090909092,-0.05433181818181815,-0.036577272727272625,-5.433181818181815,-3.6577272727272625,under,0.50465,-0.036577272727272625,-3.6577272727272625,pass,20000
player_reception_yds,Juwan Johnson,juwan johnson,TE,34.5,-110.0,-110,2024,15,44.5,7.5,False,True,TE,34.6,NO,30-40,83,44.18072289156626,36.40127601114409,1325.0528952394943,0.10000000000000142,0.4954,0.5046,0.0,101.85708518368993,-101.85708518368997,1.9090909090909092,1.9090909090909092,-0.05423636363636353,-0.036672727272727135,-5.423636363636353,-3.6672727272727137,under,0.5046,-0.036672727272727135,-3.6672727272727137,pass,20000
player_reception_yds,Justice Hill,justice hill,RB,15.5,-110.0,-110,2024,11,48.0,-3.0,True,False,RB,15.44,BAL,<20,432,17.046296296296298,19.125546894078457,365.78654399759415,-0.0600000000000005,0.4955,0.5045,0.0,101.81634712411704,-101.81634712411703,1.9090909090909092,1.9090909090909092,-0.05404545454545445,-0.03686363636363643,-5.404545454545445,-3.686363636363643,under,0.5045,-0.03686363636363643,-3.686363636363643,pass,20000
player_reception_yds,John Metchie III,john metchie,WR,19.5,-110.0,-110,2024,12,40.5,-8.0,True,False,WR,19.17,CAR,<20,194,20.84536082474227,23.784379500884214,565.6967082420812,-0.3299999999999983,0.4956,0.5044,0.0,101.77562550443906,-101.77562550443905,1.9090909090909092,1.9090909090909092,-0.05385454545454538,-0.03705454545454551,-5.385454545454538,-3.7054545454545504,under,0.5044,-0.03705454545454551,-3.7054545454545504,pass,20000
player_reception_yds,Ray-Ray McCloud III,ray-ray mccloud,WR,27.5,-110.0,-110,2024,2,46.5,5.5,False,True,WR,28.16,FA,20-30,224,33.88392857142857,33.6177959681703,1130.1562057575272,0.6600000000000001,0.5044,0.4956,0.0,-101.77562550443905,101.77562550443906,1.9090909090909092,1.9090909090909092,-0.03705454545454551,-0.05385454545454538,-3.7054545454545504,-5.385454545454538,over,0.5044,-0.03705454545454551,-3.7054545454545504,pass,20000
player_reception_yds,Marvin Harrison Jr.,marvin harrison,WR,74.5,-110.0,-110,2024,4,49.0,-3.5,True,False,WR,75.78,ARI,60+,244,72.20491803278688,43.97076702840401,1933.4283530661814,1.2800000000000011,0.5043,0.4957,0.0,-101.73492031470647,101.73492031470649,1.9090909090909092,1.9090909090909092,-0.03724545454545458,-0.0536636363636363,-3.724545454545458,-5.36636363636363,over,0.5043,-0.03724545454545458,-3.724545454545458,pass,20000
player_reception_yds,Kevin Austin,kevin austin,WR,19.5,-110.0,-110,2024,15,44.5,7.5,False,True,WR,19.52,NO,<20,194,20.84536082474227,23.784379500884214,565.6967082420812,0.019999999999999574,0.5043,0.4957,0.0,-101.73492031470647,101.73492031470649,1.9090909090909092,1.9090909090909092,-0.03724545454545458,-0.0536636363636363,-3.724545454545458,-5.36636363636363,over,0.5043,-0.03724545454545458,-3.724545454545458,pass,20000
player_reception_yds,Elijah Moore,elijah moore,WR,39.5,-110.0,-110,2024,9,42.5,2.0,False,True,WR,40.0,PHI,30-40,222,39.810810810810814,35.42174131599695,1254.699757857405,0.5,0.5042,0.4958,0.0,-101.69423154497781,101.69423154497781,1.9090909090909092,1.9090909090909092,-0.037436363636363656,-0.05347272727272717,-3.743636363636366,-5.347272727272717,over,0.5042,-0.037436363636363656,-3.743636363636366,pass,20000
player_reception_yds,Tony Pollard,tony pollard,RB,18.5,-110.0,-110,2024,9,38.5,-3.0,True,False,RB,18.46,TEN,<20,432,17.046296296296298,19.125546894078457,365.78654399759415,-0.03999999999999915,0.5042,0.4958,0.0,-101.69423154497781,101.69423154497781,1.9090909090909092,1.9090909090909092,-0.037436363636363656,-0.05347272727272717,-3.743636363636366,-5.347272727272717,over,0.5042,-0.037436363636363656,-3.743636363636366,pass,20000
player_reception_yds,Bucky Irving,bucky irving,RB,20.5,-110.0,-110,2024,14,47.0,-7.0,True,False,RB,20.72,TB,20-30,101,28.26732673267327,24.221026388386825,586.658119306931,0.21999999999999886,0.5042,0.4958,0.0,-101.69423154497781,101.69423154497781,1.9090909090909092,1.9090909090909092,-0.037436363636363656,-0.05347272727272717,-3.743636363636366,-5.347272727272717,over,0.5042,-0.037436363636363656,-3.743636363636366,pass,20000
player_reception_yds,Nick Westbrook-Ikhine,nick westbrook-ikhine,WR,27.5,-110.0,-110,2024,11,40.0,6.0,False,True,WR,27.12,IND,20-30,224,33.88392857142857,33.6177959681703,1130.1562057575272,-0.379999999999999,0.4958,0.5042,0.0,101.69423154497781,-101.69423154497781,1.9090909090909092,1.9090909090909092,-0.05347272727272717,-0.037436363636363656,-5.347272727272717,-3.743636363636366,under,0.5042,-0.037436363636363656,-3.743636363636366,pass,20000
player_reception_yds,Payne Durham,payne durham,TE,17.5,-110.0,-110,2024,16,47.5,-4.5,True,False,TE,17.8,TB,<20,149,20.28187919463087,23.469612040364684,550.822689325231,0.3000000000000007,0.50415,0.49585,0.0,-101.67389331451044,101.67389331451044,1.9090909090909092,1.9090909090909092,-0.037531818181818166,-0.05337727272727266,-3.7531818181818166,-5.337727272727266,over,0.50415,-0.037531818181818166,-3.7531818181818166,pass,20000
player_reception_yds,Calvin Ridley,calvin ridley,WR,64.5,-110.0,-110,2024,14,40.0,-3.0,True,False,WR,65.22,TEN,60+,244,72.20491803278688,43.97076702840401,1933.4283530661814,0.7199999999999989,0.50405,0.49595,0.0,-101.63322915616494,101.63322915616494,1.9090909090909092,1.9090909090909092,-0.03772272727272724,-0.05318636363636359,-3.772272727272724,-5.318636363636359,over,0.50405,-0.03772272727272724,-3.772272727272724,pass,20000
player_reception_yds,Ryan Miller,ryan miller,WR,22.5,-110.0,-110,2024,17,47.5,-9.5,True,False,WR,23.2,NYG,20-30,224,33.88392857142857,33.6177959681703,1130.1562057575272,0.6999999999999993,0.50385,0.49615,0.0,-101.5519500151164,101.5519500151164,1.9090909090909092,1.9090909090909092,-0.03810454545454539,-0.05280454545454544,-3.8104545454545393,-5.2804545454545435,over,0.50385,-0.03810454545454539,-3.8104545454545393,pass,20000
player_reception_yds,Brian Thomas Jr,brian thomas,WR,60.5,-110.0,-110,2024,14,40.0,3.0,False,True,WR,59.82,JAC,60+,244,72.20491803278688,43.97076702840401,1933.4283530661814,-0.6799999999999997,0.49615,0.50385,0.0,101.5519500151164,-101.5519500151164,1.9090909090909092,1.9090909090909092,-0.05280454545454544,-0.03810454545454539,-5.2804545454545435,-3.8104545454545393,under,0.50385,-0.03810454545454539,-3.8104545454545393,pass,20000
player_reception_yds,Alvin Kamara,alvin kamara,RB,30.5,-110.0,-110,2024,2,47.0,6.5,False,True,RB,30.18,NO,30-40,24,36.0,21.178703511203796,448.537482415476,-0.3200000000000003,0.49615,0.50385,0.0,101.5519500151164,-101.5519500151164,1.9090909090909092,1.9090909090909092,-0.05280454545454544,-0.03810454545454539,-5.2804545454545435,-3.8104545454545393,under,0.50385,-0.03810454545454539,-3.8104545454545393,pass,20000
player_reception_yds,Ladd McConkey,ladd mcconkey,WR,64.5,-110.0,-110,2024,13,47.0,-1.0,True,False,WR,64.41,LAC,60+,244,72.20491803278688,43.97076702840401,1933.4283530661814,-0.09000000000000341,0.50365,0.49635,0.0,-101.47073637554146,101.47073637554143,1.9090909090909092,1.9090909090909092,-0.03848636363636354,-0.052422727272727176,-3.848636363636354,-5.242272727272717,over,0.50365,-0.03848636363636354,-3.848636363636354,pass,20000
player_reception_yds,Devaughn Vele,devaughn vele,WR,32.5,-110.0,-110,2024,12,41.5,-6.5,True,False,WR,32.93,NO,30-40,222,39.810810810810814,35.42174131599695,1254.699757857405,0.4299999999999997,0.50365,0.49635,0.0,-101.47073637554146,101.47073637554143,1.9090909090909092,1.9090909090909092,-0.03848636363636354,-0.052422727272727176,-3.848636363636354,-5.242272727272717,over,0.50365,-0.03848636363636354,-3.848636363636354,pass,20000
player_reception_yds,Hunter Henry,hunter henry,TE,45.5,-110.0,-110,2024,13,41.5,2.5,False,True,TE,45.41,NE,40-50,77,42.8051948051948,30.604649640714655,936.6445796308957,-0.09000000000000341,0.4964,0.5036,0.0,101.45044319097504,-101.45044319097504,1.9090909090909092,1.9090909090909092,-0.05232727272727272,-0.03858181818181805,-5.2327272727272724,-3.858181818181805,under,0.5036,-0.03858181818181805,-3.858181818181805,pass,20000
player_reception_yds,DeAndre Hopkins,deandre hopkins,WR,40.5,-110.0,-110,2024,8,42.0,-9.0,True,False,WR,40.85,BAL,40-50,197,52.34517766497462,39.519382558680384,1561.7815978193314,0.3500000000000014,0.50355,0.49645,0.0,-101.4301540940679,101.43015409406787,1.9090909090909092,1.9090909090909092,-0.03867727272727256,-0.0522318181818181,-3.8677272727272562,-5.223181818181811,over,0.50355,-0.03867727272727256,-3.8677272727272562,pass,20000
player_reception_yds,Aaron Jones,aaron jones,RB,24.5,-110.0,-110,2024,8,47.5,-3.0,True,False,RB,24.81,MIN,20-30,101,28.26732673267327,24.221026388386825,586.658119306931,0.3099999999999987,0.5035,0.4965,0.0,-101.40986908358508,101.40986908358511,1.9090909090909092,1.9090909090909092,-0.03877272727272735,-0.05213636363636365,-3.877272727272735,-5.213636363636365,over,0.5035,-0.03877272727272735,-3.877272727272735,pass,20000
player_reception_yds,Tre Tucker,tre tucker,WR,16.5,-110.0,-110,2024,3,40.0,-5.5,True,False,WR,16.63,LV,<20,194,20.84536082474227,23.784379500884214,565.6967082420812,0.129999999999999,0.5035,0.4965,0.0,-101.40986908358508,101.40986908358511,1.9090909090909092,1.9090909090909092,-0.03877272727272735,-0.05213636363636365,-3.877272727272735,-5.213636363636365,over,0.5035,-0.03877272727272735,-3.877272727272735,pass,20000
player_reception_yds,Brenton Strange,brenton strange,TE,27.5,-110.0,-110,2024,5,45.0,-3.5,True,False,TE,28.04,JAC,20-30,155,32.535483870967745,27.73479503577737,769.218855676581,0.5399999999999991,0.50345,0.49655,0.0,-101.3895881582922,101.38958815829221,1.9090909090909092,1.9090909090909092,-0.03886818181818186,-0.05204090909090903,-3.8868181818181857,-5.204090909090903,over,0.50345,-0.03886818181818186,-3.8868181818181857,pass,20000
player_reception_yds,Foster Moreau,foster moreau,TE,17.5,-110.0,-110,2024,10,46.5,3.5,False,True,TE,18.17,HOU,<20,149,20.28187919463087,23.469612040364684,550.822689325231,0.6700000000000017,0.50315,0.49685,0.0,-101.26798832645667,101.26798832645667,1.9090909090909092,1.9090909090909092,-0.03944090909090908,-0.051468181818181746,-3.9440909090909084,-5.146818181818174,over,0.50315,-0.03944090909090908,-3.9440909090909084,pass,20000
player_reception_yds,Calvin Austin III,calvin austin,WR,17.5,-110.0,-110,2024,6,36.5,-3.5,True,False,WR,17.47,NYG,<20,194,20.84536082474227,23.784379500884214,565.6967082420812,-0.030000000000001137,0.4972,0.5028,0.0,101.1263073209976,-101.1263073209976,1.9090909090909092,1.9090909090909092,-0.05080000000000001,-0.04010909090909082,-5.080000000000001,-4.010909090909082,under,0.5028,-0.04010909090909082,-4.010909090909082,pass,20000
player_reception_yds,Dalton Schultz,dalton schultz,TE,40.5,-110.0,-110,2024,9,43.5,2.5,False,True,TE,40.77,HOU,40-50,77,42.8051948051948,30.604649640714655,936.6445796308957,0.2700000000000031,0.5027,0.4973,0.0,-101.08586366378445,101.08586366378442,1.9090909090909092,1.9090909090909092,-0.04029999999999989,-0.05060909090909077,-4.029999999999989,-5.060909090909077,over,0.5027,-0.04029999999999989,-4.029999999999989,pass,20000
player_reception_yds,Greg Dulcich,greg dulcich,TE,17.5,-110.0,-110,2024,4,39.5,7.5,False,True,TE,17.28,MIA,<20,149,20.28187919463087,23.469612040364684,550.822689325231,-0.21999999999999886,0.49755,0.50245,0.0,100.98482564566376,-100.98482564566373,1.9090909090909092,1.9090909090909092,-0.05013181818181822,-0.04077727272727277,-5.013181818181822,-4.0777272727272775,under,0.50245,-0.04077727272727277,-4.0777272727272775,pass,20000
player_reception_yds,Elijah Moore,elijah moore,WR,46.5,-110.0,-110,2024,15,41.5,4.5,False,True,WR,47.75,PHI,40-50,197,52.34517766497462,39.519382558680384,1561.7815978193314,1.25,0.50245,0.49755,0.0,-100.98482564566373,100.98482564566376,1.9090909090909092,1.9090909090909092,-0.04077727272727277,-0.05013181818181822,-4.0777272727272775,-5.013181818181822,over,0.50245,-0.04077727272727277,-4.0777272727272775,pass,20000
player_reception_yds,Parker Washington,parker washington,WR,32.5,-110.0,-110,2024,17,38.0,1.0,False,True,WR,33.18,JAC,30-40,222,39.810810810810814,35.42174131599695,1254.699757857405,0.6799999999999997,0.5024,0.4976,0.0,-100.96463022508037,100.96463022508038,1.9090909090909092,1.9090909090909092,-0.04087272727272734,-0.050036363636363546,-4.087272727272734,-5.003636363636355,over,0.5024,-0.04087272727272734,-4.087272727272734,pass,20000
player_reception_yds,Ray-Ray McCloud III,ray-ray mccloud,WR,30.5,-110.0,-110,2024,4,41.5,-2.5,True,False,WR,30.63,FA,30-40,222,39.810810810810814,35.42174131599695,1254.699757857405,0.129999999999999,0.4976,0.5024,0.0,100.96463022508038,-100.96463022508037,1.9090909090909092,1.9090909090909092,-0.050036363636363546,-0.04087272727272734,-5.003636363636355,-4.087272727272734,under,0.5024,-0.04087272727272734,-4.087272727272734,pass,20000
player_reception_yds,Chase Brown,chase brown,RB,27.5,-110.0,-110,2024,14,51.0,-5.0,True,False,RB,27.08,CIN,20-30,101,28.26732673267327,24.221026388386825,586.658119306931,-0.4200000000000017,0.49765,0.50235,0.0,100.9444388626545,-100.94443886265447,1.9090909090909092,1.9090909090909092,-0.04994090909090915,-0.04096818181818185,-4.9940909090909145,-4.096818181818184,under,0.50235,-0.04096818181818185,-4.096818181818184,pass,20000
player_reception_yds,Trey Palmer,trey palmer,WR,37.5,-110.0,-110,2024,8,47.0,1.5,False,True,WR,37.68,NO,30-40,222,39.810810810810814,35.42174131599695,1254.699757857405,0.17999999999999972,0.49765,0.50235,0.0,100.9444388626545,-100.94443886265447,1.9090909090909092,1.9090909090909092,-0.04994090909090915,-0.04096818181818185,-4.9940909090909145,-4.096818181818184,under,0.50235,-0.04096818181818185,-4.096818181818184,pass,20000
player_reception_yds,AJ Brown,aj brown,WR,90.5,-110.0,-110,2024,13,50.0,3.0,False,True,WR,91.39,PHI,60+,244,72.20491803278688,43.97076702840401,1933.4283530661814,0.8900000000000006,0.5023,0.4977,0.0,-100.92425155716293,100.92425155716295,1.9090909090909092,1.9090909090909092,-0.04106363636363636,-0.04984545454545447,-4.1063636363636355,-4.984545454545447,over,0.5023,-0.04106363636363636,-4.1063636363636355,pass,20000
player_reception_yds,Tyler Boyd,tyler boyd,WR,22.5,-110.0,-110,2024,13,45.0,6.0,False,True,WR,22.55,FA,20-30,224,33.88392857142857,33.6177959681703,1130.1562057575272,0.05000000000000071,0.49775,0.50225,0.0,100.90406830738321,-100.90406830738321,1.9090909090909092,1.9090909090909092,-0.049749999999999905,-0.04115909090909092,-4.974999999999991,-4.115909090909092,under,0.50225,-0.04115909090909092,-4.115909090909092,pass,20000
player_reception_yds,Travis Kelce,travis kelce,TE,61.5,-110.0,-110,2024,7,47.5,2.5,False,True,TE,61.59,KC,60+,20,68.4,33.57799988255154,1127.4820761126311,0.09000000000000341,0.50225,0.49775,0.0,-100.90406830738321,100.90406830738321,1.9090909090909092,1.9090909090909092,-0.04115909090909092,-0.049749999999999905,-4.115909090909092,-4.974999999999991,over,0.50225,-0.04115909090909092,-4.115909090909092,pass,20000
player_reception_yds,Brock Bowers,brock bowers,TE,61.5,-110.0,-110,2024,9,45.0,8.0,False,True,TE,61.66,LV,60+,20,68.4,33.57799988255154,1127.4820761126311,0.1599999999999966,0.49785,0.50215,0.0,100.8637139700713,-100.8637139700713,1.9090909090909092,1.9090909090909092,-0.04955909090909083,-0.04135,-4.955909090909083,-4.135,under,0.50215,-0.04135,-4.135,pass,20000
player_reception_yds,Amon-Ra St. Brown,amon-ra st brown,WR,72.5,-110.0,-110,2024,11,47.5,-14.0,True,False,WR,72.99,DET,60+,244,72.20491803278688,43.97076702840401,1933.4283530661814,0.4899999999999949,0.5021,0.4979,0.0,-100.84354288009641,100.84354288009641,1.9090909090909092,1.9090909090909092,-0.04144545454545451,-0.04946363636363632,-4.144545454545451,-4.946363636363632,over,0.5021,-0.04144545454545451,-4.144545454545451,pass,20000
player_reception_yds,Jake Ferguson,jake ferguson,TE,36.5,-110.0,-110,2024,16,47.5,4.5,False,True,TE,36.66,DAL,30-40,83,44.18072289156626,36.40127601114409,1325.0528952394943,0.1599999999999966,0.5021,0.4979,0.0,-100.84354288009641,100.84354288009641,1.9090909090909092,1.9090909090909092,-0.04144545454545451,-0.04946363636363632,-4.144545454545451,-4.946363636363632,over,0.5021,-0.04144545454545451,-4.144545454545451,pass,20000
player_reception_yds,Calvin Ridley,calvin ridley,WR,61.5,-110.0,-110,2024,17,38.0,-1.0,True,False,WR,62.09,TEN,60+,244,72.20491803278688,43.97076702840401,1933.4283530661814,0.5900000000000034,0.498,0.502,0.0,100.80321285140563,-100.80321285140563,1.9090909090909092,1.9090909090909092,-0.049272727272727246,-0.04163636363636358,-4.927272727272724,-4.163636363636359,under,0.502,-0.04163636363636358,-4.163636363636359,pass,20000
player_reception_yds,Colby Parkinson,colby parkinson,TE,36.5,-110.0,-110,2024,7,43.0,-7.0,True,False,TE,36.68,LAR,30-40,83,44.18072289156626,36.40127601114409,1325.0528952394943,0.17999999999999972,0.50185,0.49815,0.0,-100.74274816822243,100.74274816822243,1.9090909090909092,1.9090909090909092,-0.04192272727272722,-0.048986363636363606,-4.192272727272722,-4.898636363636361,over,0.50185,-0.04192272727272722,-4.192272727272722,pass,20000
player_reception_yds,Tyler Boyd,tyler boyd,WR,23.5,-110.0,-110,2024,14,40.0,-3.0,True,False,WR,23.26,FA,20-30,224,33.88392857142857,33.6177959681703,1130.1562057575272,-0.23999999999999844,0.4982,0.5018,0.0,100.7226013649137,-100.7226013649137,1.9090909090909092,1.9090909090909092,-0.048890909090909096,-0.04201818181818173,-4.88909090909091,-4.201818181818173,under,0.5018,-0.04201818181818173,-4.201818181818173,pass,20000
player_reception_yds,Chris Godwin,chris godwin,WR,68.5,-110.0,-110,2024,5,44.0,2.5,False,True,WR,69.01,TB,60+,244,72.20491803278688,43.97076702840401,1933.4283530661814,0.5100000000000051,0.50175,0.49825,0.0,-100.70245860511793,100.70245860511788,1.9090909090909092,1.9090909090909092,-0.04211363636363624,-0.04879545454545442,-4.211363636363624,-4.8795454545454415,over,0.50175,-0.04211363636363624,-4.211363636363624,pass,20000
player_reception_yds,Noah Gray,noah gray,TE,18.5,-110.0,-110,2024,5,43.0,-5.5,True,False,TE,18.32,KC,<20,149,20.28187919463087,23.469612040364684,550.822689325231,-0.17999999999999972,0.5016,0.4984,0.0,-100.64205457463886,100.64205457463885,1.9090909090909092,1.9090909090909092,-0.04239999999999988,-0.04850909090909089,-4.239999999999988,-4.850909090909089,over,0.5016,-0.04239999999999988,-4.239999999999988,pass,20000
player_reception_yds,Drake London,drake london,WR,64.5,-110.0,-110,2024,16,42.5,-9.5,True,False,WR,64.3,ATL,60+,244,72.20491803278688,43.97076702840401,1933.4283530661814,-0.20000000000000284,0.49845,0.50155,0.0,100.62192797672785,-100.62192797672789,1.9090909090909092,1.9090909090909092,-0.04841363636363627,-0.04249545454545439,-4.841363636363627,-4.249545454545439,under,0.50155,-0.04249545454545439,-4.249545454545439,pass,20000
player_reception_yds,Joshua Palmer,joshua palmer,,41.5,-105.0,-115,2024,8,41.5,,False,False,WR,40.5,BUF,40-50,197,52.34517766497462,39.519382558680384,1561.7815978193314,-1.0,0.4879,0.5121,0.0,104.96003279360525,-104.96003279360525,1.9523809523809523,1.8695652173913042,-0.04743333333333338,-0.04259565217391309,-4.7433333333333385,-4.259565217391309,under,0.5121,-0.04259565217391309,-4.259565217391309,pass,20000
player_reception_yds,Pat Freiermuth,pat freiermuth,TE,37.5,-110.0,-110,2024,14,43.0,-6.0,True,False,TE,37.52,PIT,30-40,83,44.18072289156626,36.40127601114409,1325.0528952394943,0.020000000000003126,0.50145,0.49855,0.0,-100.58168689198675,100.58168689198675,1.9090909090909092,1.9090909090909092,-0.04268636363636369,-0.048222727272727195,-4.268636363636369,-4.822272727272719,over,0.50145,-0.04268636363636369,-4.268636363636369,pass,20000
player_reception_yds,David Montgomery,david montgomery,RB,17.5,-110.0,-110,2024,15,55.5,-2.5,True,False,RB,17.48,HOU,<20,432,17.046296296296298,19.125546894078457,365.78654399759415,-0.019999999999999574,0.50145,0.49855,0.0,-100.58168689198675,100.58168689198675,1.9090909090909092,1.9090909090909092,-0.04268636363636369,-0.048222727272727195,-4.268636363636369,-4.822272727272719,over,0.50145,-0.04268636363636369,-4.268636363636369,pass,20000
player_reception_yds,Kenneth Walker III,kenneth walker,RB,20.5,-110.0,-110,2024,6,49.0,3.5,False,True,RB,20.66,KC,20-30,101,28.26732673267327,24.221026388386825,586.658119306931,0.16000000000000014,0.50135,0.49865,0.0,-100.54146194725759,100.5414619472576,1.9090909090909092,1.9090909090909092,-0.042877272727272764,-0.04803181818181812,-4.287727272727277,-4.8031818181818124,over,0.50135,-0.042877272727272764,-4.287727272727277,pass,20000
player_reception_yds,Brian Thomas Jr,brian thomas,WR,65.5,-110.0,-110,2024,15,41.5,3.5,False,True,WR,65.61,JAC,60+,244,72.20491803278688,43.97076702840401,1933.4283530661814,0.10999999999999943,0.4988,0.5012,0.0,100.48115477145147,-100.48115477145147,1.9090909090909092,1.9090909090909092,-0.04774545454545448,-0.04316363636363635,-4.774545454545448,-4.316363636363635,under,0.5012,-0.04316363636363635,-4.316363636363635,pass,20000
player_reception_yds,K.J. Osborn,kj osborn,WR,17.5,-110.0,-110,2024,4,41.5,10.5,False,True,WR,17.31,TEN,<20,194,20.84536082474227,23.784379500884214,565.6967082420812,-0.19000000000000128,0.49885,0.50115,0.0,100.46106043900971,-100.46106043900971,1.9090909090909092,1.9090909090909092,-0.047649999999999915,-0.043259090909090914,-4.764999999999992,-4.325909090909091,under,0.50115,-0.043259090909090914,-4.325909090909091,pass,20000
player_reception_yds,Brandin Cooks,brandin cooks,WR,46.5,-110.0,-110,2024,2,47.0,-6.5,True,False,WR,46.51,FA,40-50,197,52.34517766497462,39.519382558680384,1561.7815978193314,0.00999999999999801,0.5011,0.4989,0.0,-100.44097013429544,100.44097013429544,1.9090909090909092,1.9090909090909092,-0.04335454545454542,-0.047554545454545405,-4.335454545454542,-4.7554545454545405,over,0.5011,-0.04335454545454542,-4.335454545454542,pass,20000
player_reception_yds,Malik Nabers,malik nabers,WR,70.5,-110.0,-110,2024,13,39.0,4.5,False,True,WR,70.46,NYG,60+,244,72.20491803278688,43.97076702840401,1933.4283530661814,-0.04000000000000625,0.50105,0.49895,0.0,-100.4208838560978,100.4208838560978,1.9090909090909092,1.9090909090909092,-0.04344999999999999,-0.04745909090909084,-4.344999999999999,-4.745909090909084,over,0.50105,-0.04344999999999999,-4.344999999999999,pass,20000
player_reception_yds,Jalen Nailor,jalen nailor,WR,39.5,-110.0,-110,2024,3,46.0,2.0,False,True,WR,40.17,LV,30-40,222,39.810810810810814,35.42174131599695,1254.699757857405,0.6700000000000017,0.50105,0.49895,0.0,-100.4208838560978,100.4208838560978,1.9090909090909092,1.9090909090909092,-0.04344999999999999,-0.04745909090909084,-4.344999999999999,-4.745909090909084,over,0.50105,-0.04344999999999999,-4.344999999999999,pass,20000
player_reception_yds,Colby Parkinson,colby parkinson,,26.5,-110.0,-110,2024,9,48.5,,False,False,TE,26.18,LAR,20-30,155,32.535483870967745,27.73479503577737,769.218855676581,-0.3200000000000003,0.49895,0.50105,0.0,100.4208838560978,-100.4208838560978,1.9090909090909092,1.9090909090909092,-0.04745909090909084,-0.04344999999999999,-4.745909090909084,-4.344999999999999,under,0.50105,-0.04344999999999999,-4.344999999999999,pass,20000
player_reception_yds,Adam Thielen,adam thielen,WR,57.5,-110.0,-110,2024,17,47.5,9.5,False,True,WR,57.36,FA,50-60,175,60.77142857142857,45.23883799407526,2046.5524630541875,-0.14000000000000057,0.501,0.499,0.0,-100.40080160320642,100.40080160320642,1.9090909090909092,1.9090909090909092,-0.0435454545454545,-0.04736363636363633,-4.35454545454545,-4.736363636363633,over,0.501,-0.0435454545454545,-4.35454545454545,pass,20000
player_reception_yds,AJ Barner,aj barner,TE,27.5,-110.0,-110,2024,11,49.0,6.0,False,True,TE,27.64,SEA,20-30,155,32.535483870967745,27.73479503577737,769.218855676581,0.14000000000000057,0.50095,0.49905,0.0,-100.38072337441137,100.38072337441137,1.9090909090909092,1.9090909090909092,-0.043640909090909064,-0.047268181818181765,-4.364090909090907,-4.726818181818176,over,0.50095,-0.043640909090909064,-4.364090909090907,pass,20000
player_reception_yds,David Moore,david moore,WR,24.5,-110.0,-110,2024,10,40.5,6.5,False,True,WR,24.74,CAR,20-30,224,33.88392857142857,33.6177959681703,1130.1562057575272,0.23999999999999844,0.49905,0.50095,0.0,100.38072337441137,-100.38072337441137,1.9090909090909092,1.9090909090909092,-0.047268181818181765,-0.043640909090909064,-4.726818181818176,-4.364090909090907,under,0.50095,-0.043640909090909064,-4.364090909090907,pass,20000
player_reception_yds,Javonte Williams,javonte williams,RB,16.5,-110.0,-110,2024,1,42.0,6.5,False,True,RB,16.28,DAL,<20,432,17.046296296296298,19.125546894078457,365.78654399759415,-0.21999999999999886,0.4991,0.5009,0.0,100.36064916850331,-100.36064916850331,1.9090909090909092,1.9090909090909092,-0.047172727272727255,-0.04373636363636357,-4.717272727272725,-4.373636363636358,under,0.5009,-0.04373636363636357,-4.373636363636358,pass,20000
player_reception_yds,Aaron Jones,aaron jones,RB,25.5,-110.0,-110,2024,5,42.0,-2.5,True,False,RB,25.38,MIN,20-30,101,28.26732673267327,24.221026388386825,586.658119306931,-0.120000000000001,0.4991,0.5009,0.0,100.36064916850331,-100.36064916850331,1.9090909090909092,1.9090909090909092,-0.047172727272727255,-0.04373636363636357,-4.717272727272725,-4.373636363636358,under,0.5009,-0.04373636363636357,-4.373636363636358,pass,20000
player_reception_yds,Dawson Knox,dawson knox,TE,34.5,-110.0,-110,2024,14,49.5,-3.5,True,False,TE,35.32,BUF,30-40,83,44.18072289156626,36.40127601114409,1325.0528952394943,0.8200000000000003,0.50085,0.49915,0.0,-100.34057898427326,100.34057898427326,1.9090909090909092,1.9090909090909092,-0.04383181818181808,-0.047077272727272745,-4.383181818181808,-4.707727272727275,over,0.50085,-0.04383181818181808,-4.383181818181808,pass,20000
player_reception_yds,Chase Brown,chase brown,RB,29.5,-110.0,-110,2024,15,46.5,-6.0,True,False,RB,29.67,CIN,20-30,101,28.26732673267327,24.221026388386825,586.658119306931,0.1700000000000017,0.4992,0.5008,0.0,100.32051282051283,-100.32051282051283,1.9090909090909092,1.9090909090909092,-0.04698181818181818,-0.04392727272727265,-4.698181818181818,-4.392727272727265,under,0.5008,-0.04392727272727265,-4.392727272727265,pass,20000
player_reception_yds,Nico Collins,nico collins,WR,78.5,-110.0,-110,2024,12,40.5,-8.0,True,False,WR,77.77,HOU,60+,244,72.20491803278688,43.97076702840401,1933.4283530661814,-0.730000000000004,0.5007,0.4993,0.0,-100.2803925495694,100.28039254956938,1.9090909090909092,1.9090909090909092,-0.04411818181818172,-0.04679090909090894,-4.411818181818172,-4.679090909090894,over,0.5007,-0.04411818181818172,-4.411818181818172,pass,20000
player_reception_yds,Bucky Irving,bucky irving,RB,17.5,-110.0,-110,2024,10,50.5,6.5,False,True,RB,17.61,TB,<20,432,17.046296296296298,19.125546894078457,365.78654399759415,0.10999999999999943,0.50055,0.49945,0.0,-100.22024226649317,100.22024226649316,1.9090909090909092,1.9090909090909092,-0.04440454545454531,-0.046504545454545465,-4.44045454545453,-4.650454545454546,over,0.50055,-0.04440454545454531,-4.44045454545453,pass,20000
player_reception_yds,Mike Williams,mike williams,WR,17.5,-110.0,-110,2024,9,43.5,-2.5,True,False,WR,17.8,FA,<20,194,20.84536082474227,23.784379500884214,565.6967082420812,0.3000000000000007,0.49945,0.50055,0.0,100.22024226649316,-100.22024226649317,1.9090909090909092,1.9090909090909092,-0.046504545454545465,-0.04440454545454531,-4.650454545454546,-4.44045454545453,under,0.50055,-0.04440454545454531,-4.44045454545453,pass,20000
player_reception_yds,Courtland Sutton,courtland sutton,WR,71.5,-110.0,-110,2024,15,43.5,-4.5,True,False,WR,71.21,DEN,60+,244,72.20491803278688,43.97076702840401,1933.4283530661814,-0.29000000000000625,0.50045,0.49955,0.0,-100.18016214593132,100.18016214593136,1.9090909090909092,1.9090909090909092,-0.044595454545454605,-0.04631363636363639,-4.45954545454546,-4.6313636363636395,over,0.50045,-0.044595454545454605,-4.45954545454546,pass,20000
player_reception_yds,Jalen Tolbert,jalen tolbert,WR,29.5,-110.0,-110,2024,4,45.0,-5.5,True,False,WR,29.48,MIA,20-30,224,33.88392857142857,33.6177959681703,1130.1562057575272,-0.019999999999999574,0.4997,0.5003,0.0,100.12007204322593,-100.12007204322592,1.9090909090909092,1.9090909090909092,-0.046027272727272694,-0.04488181818181819,-4.60272727272727,-4.488181818181819,under,0.5003,-0.04488181818181819,-4.488181818181819,pass,20000
player_reception_yds,Najee Harris,najee harris,RB,15.5,-110.0,-110,2024,5,43.5,-2.5,True,False,RB,15.79,LAC,<20,432,17.046296296296298,19.125546894078457,365.78654399759415,0.28999999999999915,0.4999,0.5001,0.0,100.04000800160031,-100.04000800160031,1.9090909090909092,1.9090909090909092,-0.04564545454545449,-0.04526363636363634,-4.564545454545449,-4.526363636363634,under,0.5001,-0.04526363636363634,-4.526363636363634,pass,20000
player_reception_yds,Olamide Zaccheaus,olamide zaccheaus,WR,34.5,-110.0,-110,2024,17,46.5,-3.5,True,False,WR,34.41,ATL,30-40,222,39.810810810810814,35.42174131599695,1254.699757857405,-0.09000000000000341,0.49995,0.50005,0.0,100.02000200020002,-100.02000200020002,1.9090909090909092,1.9090909090909092,-0.045549999999999924,-0.045359090909090904,-4.554999999999993,-4.53590909090909,under,0.50005,-0.045359090909090904,-4.53590909090909,pass,20000
