requested_snapshot_time,actual_snapshot_time,previous_timestamp,next_timestamp,event_id,sport_key,commence_time,home_team,away_team,bookmaker_key,bookmaker_title,bookmaker_last_update,market_key,market_last_update,player,line,over_price,under_price,game_date,home_team_abbr,away_team_abbr,player_norm,season,week,player_display_name,recent_team,position,passing_yards,actual_market_value,receiving_yards,receptions,actual_value,went_over,push,home_spread,away_spread,game_total,is_home,is_away,team_spread,opponent_spread,is_favorite,is_underdog,is_pickem,team_total,season_guess,week_guess,actual,actual_minus_line,hit_over,hit_under,over_implied_prob,under_implied_prob,market_hold,line_bucket,juice_bucket,spread_bucket,total_bucket,over_price_dec,under_price_dec,over_roi_row,under_roi_row
2024-11-17T17:30:00Z,2024-11-17T17:25:38Z,2024-11-17T17:20:38Z,2024-11-17T17:30:38Z,1e5feffbcc2b9c122727b45963203298,americanfootball_nfl,2024-11-17 18:00:00+00:00,Pittsburgh Steelers,Baltimore Ravens,fanduel,FanDuel,2024-11-17T17:25:04Z,player_rush_yds,2024-11-17T17:25:17Z,Najee Harris,51.5,-110.0,-110,2024-11-17,PIT,BAL,najee harris,2024,11,Najee Harris,PIT,RB,0.0,63.0,30.0,4.0,63.0,1,False,3.0,-3.0,48.0,True,False,3.0,-3.0,True,False,False,22.5,2024,11,63.0,11.5,True,False,0.5238095238095238,0.5238095238095238,0.04761904761904767,40-60,coin_flip,favorite_0_to_3,high_total_47_plus,1.9090909090909092,1.9090909090909092,0.9090909090909092,-1.0
2024-11-17T17:30:00Z,2024-11-17T17:25:38Z,2024-11-17T17:20:38Z,2024-11-17T17:30:38Z,1e5feffbcc2b9c122727b45963203298,americanfootball_nfl,2024-11-17 18:00:00+00:00,Pittsburgh Steelers,Baltimore Ravens,fanduel,FanDuel,2024-11-17T17:25:04Z,player_rush_yds,2024-11-17T17:25:17Z,Jaylen Warren,21.5,-110.0,-110,2024-11-17,PIT,BAL,jaylen warren,2024,11,Jaylen Warren,PIT,RB,0.0,41.0,27.0,4.0,41.0,1,False,3.0,-3.0,48.0,True,False,3.0,-3.0,True,False,False,22.5,2024,11,41.0,19.5,True,False,0.5238095238095238,0.5238095238095238,0.04761904761904767,20-40,coin_flip,favorite_0_to_3,high_total_47_plus,1.9090909090909092,1.9090909090909092,0.9090909090909092,-1.0
2024-11-17T17:30:00Z,2024-11-17T17:25:38Z,2024-11-17T17:20:38Z,2024-11-17T17:30:38Z,1e5feffbcc2b9c122727b45963203298,americanfootball_nfl,2024-11-17 18:00:00+00:00,Pittsburgh Steelers,Baltimore Ravens,fanduel,FanDuel,2024-11-17T17:25:04Z,player_rush_yds,2024-11-17T17:25:17Z,Derrick Henry,82.5,-110.0,-110,2024-11-17,PIT,BAL,derrick henry,2024,11,Derrick Henry,BAL,RB,0.0,65.0,0.0,0.0,65.0,0,False,3.0,-3.0,48.0,False,True,-3.0,3.0,False,True,False,25.5,2024,11,65.0,-17.5,False,True,0.5238095238095238,0.5238095238095238,0.04761904761904767,80+,coin_flip,dog_0_to_3,high_total_47_plus,1.9090909090909092,1.9090909090909092,-1.0,0.9090909090909092
2024-11-17T17:30:00Z,2024-11-17T17:25:38Z,2024-11-17T17:20:38Z,2024-11-17T17:30:38Z,1e5feffbcc2b9c122727b45963203298,americanfootball_nfl,2024-11-17 18:00:00+00:00,Pittsburgh Steelers,Baltimore Ravens,fanduel,FanDuel,2024-11-17T17:25:04Z,player_rush_yds,2024-11-17T17:25:17Z,Lamar Jackson,44.5,-110.0,-110,2024-11-17,PIT,BAL,lamar jackson,2024,11,Lamar Jackson,BAL,QB,207.0,46.0,0.0,0.0,46.0,1,False,3.0,-3.0,48.0,False,True,-3.0,3.0,False,True,False,25.5,2024,11,46.0,1.5,True,False,0.5238095238095238,0.5238095238095238,0.04761904761904767,40-60,coin_flip,dog_0_to_3,high_total_47_plus,1.9090909090909092,1.9090909090909092,0.9090909090909092,-1.0
2024-11-17T17:30:00Z,2024-11-17T17:25:38Z,2024-11-17T17:20:38Z,2024-11-17T17:30:38Z,1e5feffbcc2b9c122727b45963203298,americanfootball_nfl,2024-11-17 18:00:00+00:00,Pittsburgh Steelers,Baltimore Ravens,fanduel,FanDuel,2024-11-17T17:25:04Z,player_rush_yds,2024-11-17T17:25:17Z,Russell Wilson,12.5,-110.0,-110,2024-11-17,PIT,BAL,russell wilson,2024,11,Russell Wilson,PIT,QB,205.0,1.0,0.0,0.0,1.0,0,False,3.0,-3.0,48.0,True,False,3.0,-3.0,True,False,False,22.5,2024,11,1.0,-11.5,False,True,0.5238095238095238,0.5238095238095238,0.04761904761904767,<20,coin_flip,favorite_0_to_3,high_total_47_plus,1.9090909090909092,1.9090909090909092,-1.0,0.9090909090909092
2024-11-17T17:30:00Z,2024-11-17T17:25:38Z,2024-11-17T17:20:38Z,2024-11-17T17:30:38Z,7c742858a76089990395c3179731744b,americanfootball_nfl,2024-11-17 18:00:00+00:00,Chicago Bears,Green Bay Packers,fanduel,FanDuel,2024-11-17T17:25:04Z,player_rush_yds,2024-11-17T17:25:47Z,Caleb Williams,21.5,-110.0,-110,2024-11-17,CHI,GB,caleb williams,2024,11,Caleb Williams,CHI,QB,231.0,70.0,0.0,0.0,70.0,1,False,6.0,-6.0,41.0,True,False,6.0,-6.0,True,False,False,17.5,2024,11,70.0,48.5,True,False,0.5238095238095238,0.5238095238095238,0.04761904761904767,20-40,coin_flip,favorite_3_to_7,low_total_<42,1.9090909090909092,1.9090909090909092,0.9090909090909092,-1.0
2024-11-17T17:30:00Z,2024-11-17T17:25:38Z,2024-11-17T17:20:38Z,2024-11-17T17:30:38Z,7c742858a76089990395c3179731744b,americanfootball_nfl,2024-11-17 18:00:00+00:00,Chicago Bears,Green Bay Packers,fanduel,FanDuel,2024-11-17T17:25:04Z,player_rush_yds,2024-11-17T17:25:47Z,Josh Jacobs,75.5,-110.0,-110,2024-11-17,CHI,GB,josh jacobs,2024,11,Josh Jacobs,GB,RB,0.0,76.0,58.0,4.0,76.0,1,False,6.0,-6.0,41.0,False,True,-6.0,6.0,False,True,False,23.5,2024,11,76.0,0.5,True,False,0.5238095238095238,0.5238095238095238,0.04761904761904767,60-80,coin_flip,dog_3_to_7,low_total_<42,1.9090909090909092,1.9090909090909092,0.9090909090909092,-1.0
2024-11-17T17:30:00Z,2024-11-17T17:25:38Z,2024-11-17T17:20:38Z,2024-11-17T17:30:38Z,7c742858a76089990395c3179731744b,americanfootball_nfl,2024-11-17 18:00:00+00:00,Chicago Bears,Green Bay Packers,fanduel,FanDuel,2024-11-17T17:25:04Z,player_rush_yds,2024-11-17T17:25:47Z,Roschon Johnson,13.5,-110.0,-110,2024-11-17,CHI,GB,roschon johnson,2024,11,Roschon Johnson,CHI,RB,0.0,33.0,8.0,1.0,33.0,1,False,6.0,-6.0,41.0,True,False,6.0,-6.0,True,False,False,17.5,2024,11,33.0,19.5,True,False,0.5238095238095238,0.5238095238095238,0.04761904761904767,<20,coin_flip,favorite_3_to_7,low_total_<42,1.9090909090909092,1.9090909090909092,0.9090909090909092,-1.0
2024-11-17T17:30:00Z,2024-11-17T17:25:38Z,2024-11-17T17:20:38Z,2024-11-17T17:30:38Z,7c742858a76089990395c3179731744b,americanfootball_nfl,2024-11-17 18:00:00+00:00,Chicago Bears,Green Bay Packers,fanduel,FanDuel,2024-11-17T17:25:04Z,player_rush_yds,2024-11-17T17:25:47Z,Jordan Love,5.5,-110.0,-110,2024-11-17,CHI,GB,jordan love,2024,11,Jordan Love,GB,QB,261.0,18.0,0.0,0.0,18.0,1,False,6.0,-6.0,41.0,False,True,-6.0,6.0,False,True,False,23.5,2024,11,18.0,12.5,True,False,0.5238095238095238,0.5238095238095238,0.04761904761904767,<20,coin_flip,dog_3_to_7,low_total_<42,1.9090909090909092,1.9090909090909092,0.9090909090909092,-1.0
2024-11-17T17:30:00Z,2024-11-17T17:25:38Z,2024-11-17T17:20:38Z,2024-11-17T17:30:38Z,7c742858a76089990395c3179731744b,americanfootball_nfl,2024-11-17 18:00:00+00:00,Chicago Bears,Green Bay Packers,fanduel,FanDuel,2024-11-17T17:25:04Z,player_rush_yds,2024-11-17T17:25:47Z,D'Andre Swift,68.5,-110.0,-110,2024-11-17,CHI,GB,dandre swift,2024,11,D'Andre Swift,CHI,RB,0.0,71.0,13.0,2.0,71.0,1,False,6.0,-6.0,41.0,True,False,6.0,-6.0,True,False,False,17.5,2024,11,71.0,2.5,True,False,0.5238095238095238,0.5238095238095238,0.04761904761904767,60-80,coin_flip,favorite_3_to_7,low_total_<42,1.9090909090909092,1.9090909090909092,0.9090909090909092,-1.0
2024-11-17T17:30:00Z,2024-11-17T17:25:38Z,2024-11-17T17:20:38Z,2024-11-17T17:30:38Z,e552bfd99b12a0acd319b922f7a9fa7c,americanfootball_nfl,2024-11-17 18:00:00+00:00,New York Jets,Indianapolis Colts,fanduel,FanDuel,2024-11-17T17:25:04Z,player_rush_yds,2024-11-17T17:25:30Z,Braelon Allen,24.5,-110.0,-110,2024-11-17,NYJ,IND,braelon allen,2024,11,Braelon Allen,NYJ,RB,0.0,6.0,0.0,0.0,6.0,0,False,-4.0,4.0,43.0,True,False,-4.0,4.0,False,True,False,23.5,2024,11,6.0,-18.5,False,True,0.5238095238095238,0.5238095238095238,0.04761904761904767,20-40,coin_flip,dog_3_to_7,mid_total_42_47,1.9090909090909092,1.9090909090909092,-1.0,0.9090909090909092
2024-11-17T17:30:00Z,2024-11-17T17:25:38Z,2024-11-17T17:20:38Z,2024-11-17T17:30:38Z,e552bfd99b12a0acd319b922f7a9fa7c,americanfootball_nfl,2024-11-17 18:00:00+00:00,New York Jets,Indianapolis Colts,fanduel,FanDuel,2024-11-17T17:25:04Z,player_rush_yds,2024-11-17T17:25:30Z,Breece Hall,70.5,-110.0,-110,2024-11-17,NYJ,IND,breece hall,2024,11,Breece Hall,NYJ,RB,0.0,78.0,43.0,7.0,78.0,1,False,-4.0,4.0,43.0,True,False,-4.0,4.0,False,True,False,23.5,2024,11,78.0,7.5,True,False,0.5238095238095238,0.5238095238095238,0.04761904761904767,60-80,coin_flip,dog_3_to_7,mid_total_42_47,1.9090909090909092,1.9090909090909092,0.9090909090909092,-1.0
2024-11-17T17:30:00Z,2024-11-17T17:25:38Z,2024-11-17T17:20:38Z,2024-11-17T17:30:38Z,e552bfd99b12a0acd319b922f7a9fa7c,americanfootball_nfl,2024-11-17 18:00:00+00:00,New York Jets,Indianapolis Colts,fanduel,FanDuel,2024-11-17T17:25:04Z,player_rush_yds,2024-11-17T17:25:30Z,Jonathan Taylor,81.5,-110.0,-110,2024-11-17,NYJ,IND,jonathan taylor,2024,11,Jonathan Taylor,IND,RB,0.0,57.0,3.0,1.0,57.0,0,False,-4.0,4.0,43.0,False,True,4.0,-4.0,True,False,False,19.5,2024,11,57.0,-24.5,False,True,0.5238095238095238,0.5238095238095238,0.04761904761904767,80+,coin_flip,favorite_3_to_7,mid_total_42_47,1.9090909090909092,1.9090909090909092,-1.0,0.9090909090909092
2024-11-17T17:30:00Z,2024-11-17T17:25:38Z,2024-11-17T17:20:38Z,2024-11-17T17:30:38Z,e552bfd99b12a0acd319b922f7a9fa7c,americanfootball_nfl,2024-11-17 18:00:00+00:00,New York Jets,Indianapolis Colts,fanduel,FanDuel,2024-11-17T17:25:04Z,player_rush_yds,2024-11-17T17:25:30Z,Anthony Richardson,39.5,-110.0,-110,2024-11-17,NYJ,IND,anthony richardson,2024,11,Anthony Richardson,IND,QB,272.0,32.0,0.0,0.0,32.0,0,False,-4.0,4.0,43.0,False,True,4.0,-4.0,True,False,False,19.5,2024,11,32.0,-7.5,False,True,0.5238095238095238,0.5238095238095238,0.04761904761904767,20-40,coin_flip,favorite_3_to_7,mid_total_42_47,1.9090909090909092,1.9090909090909092,-1.0,0.9090909090909092
2024-11-18T00:45:00Z,2024-11-18T00:40:38Z,2024-11-18T00:35:38Z,2024-11-18T00:45:38Z,a2b3fd60eede2230285512b8c3b4eed3,americanfootball_nfl,2024-11-18 01:15:00+00:00,Los Angeles Chargers,Cincinnati Bengals,fanduel,FanDuel,2024-11-18T00:39:53Z,player_rush_yds,2024-11-18T00:39:26Z,J.K. Dobbins,52.5,-110.0,-110,2024-11-17,LAC,CIN,jk dobbins,2024,11,J.K. Dobbins,LAC,RB,0.0,56.0,3.0,1.0,56.0,1,False,-1.0,1.0,48.0,True,False,-1.0,1.0,False,True,False,24.5,2024,11,56.0,3.5,True,False,0.5238095238095238,0.5238095238095238,0.04761904761904767,40-60,coin_flip,dog_0_to_3,high_total_47_plus,1.9090909090909092,1.9090909090909092,0.9090909090909092,-1.0
2024-11-24T20:55:00Z,2024-11-24T20:50:38Z,2024-11-24T20:45:38Z,2024-11-24T20:55:38Z,b26e961510947a770532c902ceb27e75,americanfootball_nfl,2024-11-24 21:25:00+00:00,Green Bay Packers,San Francisco 49ers,fanduel,FanDuel,2024-11-24T20:49:52Z,player_rush_yds,2024-11-24T20:50:25Z,Brandon Allen,4.5,-110.0,-110,2024-11-24,GB,SF,brandon allen,2024,12,Brandon Allen,SF,QB,199.0,5.0,0.0,0.0,5.0,1,False,-6.5,6.5,44.5,False,True,6.5,-6.5,True,False,False,19.0,2024,12,5.0,0.5,True,False,0.5238095238095238,0.5238095238095238,0.04761904761904767,<20,coin_flip,favorite_3_to_7,mid_total_42_47,1.9090909090909092,1.9090909090909092,0.9090909090909092,-1.0
2024-11-24T20:55:00Z,2024-11-24T20:50:38Z,2024-11-24T20:45:38Z,2024-11-24T20:55:38Z,b26e961510947a770532c902ceb27e75,americanfootball_nfl,2024-11-24 21:25:00+00:00,Green Bay Packers,San Francisco 49ers,fanduel,FanDuel,2024-11-24T20:49:52Z,player_rush_yds,2024-11-24T20:50:25Z,Christian McCaffrey,80.5,-110.0,-110,2024-11-24,GB,SF,christian mccaffrey,2024,12,Christian McCaffrey,SF,RB,0.0,31.0,37.0,3.0,31.0,0,False,-6.5,6.5,44.5,False,True,6.5,-6.5,True,False,False,19.0,2024,12,31.0,-49.5,False,True,0.5238095238095238,0.5238095238095238,0.04761904761904767,80+,coin_flip,favorite_3_to_7,mid_total_42_47,1.9090909090909092,1.9090909090909092,-1.0,0.9090909090909092
2024-11-24T20:55:00Z,2024-11-24T20:50:38Z,2024-11-24T20:45:38Z,2024-11-24T20:55:38Z,b26e961510947a770532c902ceb27e75,americanfootball_nfl,2024-11-24 21:25:00+00:00,Green Bay Packers,San Francisco 49ers,fanduel,FanDuel,2024-11-24T20:49:52Z,player_rush_yds,2024-11-24T20:50:25Z,Josh Jacobs,70.5,-110.0,-110,2024-11-24,GB,SF,josh jacobs,2024,12,Josh Jacobs,GB,RB,0.0,106.0,0.0,0.0,106.0,1,False,-6.5,6.5,44.5,True,False,-6.5,6.5,False,True,False,25.5,2024,12,106.0,35.5,True,False,0.5238095238095238,0.5238095238095238,0.04761904761904767,60-80,coin_flip,dog_3_to_7,mid_total_42_47,1.9090909090909092,1.9090909090909092,0.9090909090909092,-1.0
2024-11-24T20:55:00Z,2024-11-24T20:50:38Z,2024-11-24T20:45:38Z,2024-11-24T20:55:38Z,b26e961510947a770532c902ceb27e75,americanfootball_nfl,2024-11-24 21:25:00+00:00,Green Bay Packers,San Francisco 49ers,fanduel,FanDuel,2024-11-24T20:49:52Z,player_rush_yds,2024-11-24T20:50:25Z,Jordan Love,5.5,-110.0,-110,2024-11-24,GB,SF,jordan love,2024,12,Jordan Love,GB,QB,163.0,2.0,0.0,0.0,2.0,0,False,-6.5,6.5,44.5,True,False,-6.5,6.5,False,True,False,25.5,2024,12,2.0,-3.5,False,True,0.5238095238095238,0.5238095238095238,0.04761904761904767,<20,coin_flip,dog_3_to_7,mid_total_42_47,1.9090909090909092,1.9090909090909092,-1.0,0.9090909090909092
2024-11-24T20:55:00Z,2024-11-24T20:50:38Z,2024-11-24T20:45:38Z,2024-11-24T20:55:38Z,b26e961510947a770532c902ceb27e75,americanfootball_nfl,2024-11-24 21:25:00+00:00,Green Bay Packers,San Francisco 49ers,fanduel,FanDuel,2024-11-24T20:49:52Z,player_rush_yds,2024-11-24T20:50:25Z,Deebo Samuel,12.5,-110.0,-110,2024-11-24,GB,SF,deebo samuel,2024,12,Deebo Samuel,SF,WR,0.0,0.0,21.0,1.0,0.0,0,False,-6.5,6.5,44.5,False,True,6.5,-6.5,True,False,False,19.0,2024,12,0.0,-12.5,False,True,0.5238095238095238,0.5238095238095238,0.04761904761904767,<20,coin_flip,favorite_3_to_7,mid_total_42_47,1.9090909090909092,1.9090909090909092,-1.0,0.9090909090909092
2024-11-25T00:50:00Z,2024-11-25T00:45:37Z,2024-11-25T00:40:38Z,2024-11-25T00:50:37Z,40c0ee76eb698fbd5d42139045c27c3e,americanfootball_nfl,2024-11-25 01:20:00+00:00,Los Angeles Rams,Philadelphia Eagles,fanduel,FanDuel,2024-11-25T00:44:53Z,player_rush_yds,2024-11-25T00:45:19Z,Saquon Barkley,95.5,-110.0,-110,2024-11-24,LAR,PHI,saquon barkley,2024,12,Saquon Barkley,PHI,RB,0.0,255.0,47.0,4.0,255.0,1,False,3.0,-3.0,49.0,False,True,-3.0,3.0,False,True,False,26.0,2024,12,255.0,159.5,True,False,0.5238095238095238,0.5238095238095238,0.04761904761904767,80+,coin_flip,dog_0_to_3,high_total_47_plus,1.9090909090909092,1.9090909090909092,0.9090909090909092,-1.0
2024-11-25T00:50:00Z,2024-11-25T00:45:37Z,2024-11-25T00:40:38Z,2024-11-25T00:50:37Z,40c0ee76eb698fbd5d42139045c27c3e,americanfootball_nfl,2024-11-25 01:20:00+00:00,Los Angeles Rams,Philadelphia Eagles,fanduel,FanDuel,2024-11-25T00:44:53Z,player_rush_yds,2024-11-25T00:45:19Z,Kyren Williams,70.5,-110.0,-110,2024-11-24,LAR,PHI,kyren williams,2024,12,Kyren Williams,LAR,RB,0.0,72.0,0.0,0.0,72.0,1,False,3.0,-3.0,49.0,True,False,3.0,-3.0,True,False,False,23.0,2024,12,72.0,1.5,True,False,0.5238095238095238,0.5238095238095238,0.04761904761904767,60-80,coin_flip,favorite_0_to_3,high_total_47_plus,1.9090909090909092,1.9090909090909092,0.9090909090909092,-1.0
2024-11-25T00:50:00Z,2024-11-25T00:45:37Z,2024-11-25T00:40:38Z,2024-11-25T00:50:37Z,40c0ee76eb698fbd5d42139045c27c3e,americanfootball_nfl,2024-11-25 01:20:00+00:00,Los Angeles Rams,Philadelphia Eagles,fanduel,FanDuel,2024-11-25T00:44:53Z,player_rush_yds,2024-11-25T00:45:19Z,Blake Corum,9.5,-110.0,-110,2024-11-24,LAR,PHI,blake corum,2024,12,Blake Corum,LAR,RB,0.0,5.0,0.0,0.0,5.0,0,False,3.0,-3.0,49.0,True,False,3.0,-3.0,True,False,False,23.0,2024,12,5.0,-4.5,False,True,0.5238095238095238,0.5238095238095238,0.04761904761904767,<20,coin_flip,favorite_0_to_3,high_total_47_plus,1.9090909090909092,1.9090909090909092,-1.0,0.9090909090909092
2024-11-25T00:50:00Z,2024-11-25T00:45:37Z,2024-11-25T00:40:38Z,2024-11-25T00:50:37Z,40c0ee76eb698fbd5d42139045c27c3e,americanfootball_nfl,2024-11-25 01:20:00+00:00,Los Angeles Rams,Philadelphia Eagles,fanduel,FanDuel,2024-11-25T00:44:53Z,player_rush_yds,2024-11-25T00:45:19Z,Jalen Hurts,36.5,-110.0,-110,2024-11-24,LAR,PHI,jalen hurts,2024,12,Jalen Hurts,PHI,QB,179.0,39.0,0.0,0.0,39.0,1,False,3.0,-3.0,49.0,False,True,-3.0,3.0,False,True,False,26.0,2024,12,39.0,2.5,True,False,0.5238095238095238,0.5238095238095238,0.04761904761904767,20-40,coin_flip,dog_0_to_3,high_total_47_plus,1.9090909090909092,1.9090909090909092,0.9090909090909092,-1.0
2024-11-25T00:50:00Z,2024-11-25T00:45:37Z,2024-11-25T00:40:38Z,2024-11-25T00:50:37Z,40c0ee76eb698fbd5d42139045c27c3e,americanfootball_nfl,2024-11-25 01:20:00+00:00,Los Angeles Rams,Philadelphia Eagles,fanduel,FanDuel,2024-11-25T00:44:53Z,player_rush_yds,2024-11-25T00:45:19Z,Kenneth Gainwell,12.5,-110.0,-110,2024-11-24,LAR,PHI,kenneth gainwell,2024,12,Kenneth Gainwell,PHI,RB,0.0,22.0,0.0,0.0,22.0,1,False,3.0,-3.0,49.0,False,True,-3.0,3.0,False,True,False,26.0,2024,12,22.0,9.5,True,False,0.5238095238095238,0.5238095238095238,0.04761904761904767,<20,coin_flip,dog_0_to_3,high_total_47_plus,1.9090909090909092,1.9090909090909092,0.9090909090909092,-1.0
2024-11-26T00:45:00Z,2024-11-26T00:40:38Z,2024-11-26T00:35:39Z,2024-11-26T00:45:39Z,887b10368f0b3f33a8c47e955736da89,americanfootball_nfl,2024-11-26 01:15:00+00:00,Los Angeles Chargers,Baltimore Ravens,fanduel,FanDuel,2024-11-26T00:40:01Z,player_rush_yds,2024-11-26T00:40:14Z,Justice Hill,8.5,-110.0,-110,2024-11-25,LAC,BAL,justice hill,2024,12,Justice Hill,BAL,RB,0.0,55.0,7.0,2.0,55.0,1,False,3.0,-3.0,51.0,False,True,-3.0,3.0,False,True,False,27.0,2024,12,55.0,46.5,True,False,0.5238095238095238,0.5238095238095238,0.04761904761904767,<20,coin_flip,dog_0_to_3,high_total_47_plus,1.9090909090909092,1.9090909090909092,0.9090909090909092,-1.0
2024-11-26T00:45:00Z,2024-11-26T00:40:38Z,2024-11-26T00:35:39Z,2024-11-26T00:45:39Z,887b10368f0b3f33a8c47e955736da89,americanfootball_nfl,2024-11-26 01:15:00+00:00,Los Angeles Chargers,Baltimore Ravens,fanduel,FanDuel,2024-11-26T00:40:01Z,player_rush_yds,2024-11-26T00:40:14Z,J.K. Dobbins,45.5,-110.0,-110,2024-11-25,LAC,BAL,jk dobbins,2024,12,J.K. Dobbins,LAC,RB,0.0,40.0,19.0,3.0,40.0,0,False,3.0,-3.0,51.0,True,False,3.0,-3.0,True,False,False,24.0,2024,12,40.0,-5.5,False,True,0.5238095238095238,0.5238095238095238,0.04761904761904767,40-60,coin_flip,favorite_0_to_3,high_total_47_plus,1.9090909090909092,1.9090909090909092,-1.0,0.9090909090909092
2024-11-26T00:45:00Z,2024-11-26T00:40:38Z,2024-11-26T00:35:39Z,2024-11-26T00:45:39Z,887b10368f0b3f33a8c47e955736da89,americanfootball_nfl,2024-11-26 01:15:00+00:00,Los Angeles Chargers,Baltimore Ravens,fanduel,FanDuel,2024-11-26T00:40:01Z,player_rush_yds,2024-11-26T00:40:14Z,Justin Herbert,19.5,-110.0,-110,2024-11-25,LAC,BAL,justin herbert,2024,12,Justin Herbert,LAC,QB,218.0,29.0,0.0,0.0,29.0,1,False,3.0,-3.0,51.0,True,False,3.0,-3.0,True,False,False,24.0,2024,12,29.0,9.5,True,False,0.5238095238095238,0.5238095238095238,0.04761904761904767,<20,coin_flip,favorite_0_to_3,high_total_47_plus,1.9090909090909092,1.9090909090909092,0.9090909090909092,-1.0
2024-11-26T00:45:00Z,2024-11-26T00:40:38Z,2024-11-26T00:35:39Z,2024-11-26T00:45:39Z,887b10368f0b3f33a8c47e955736da89,americanfootball_nfl,2024-11-26 01:15:00+00:00,Los Angeles Chargers,Baltimore Ravens,fanduel,FanDuel,2024-11-26T00:40:01Z,player_rush_yds,2024-11-26T00:40:14Z,Gus Edwards,25.5,-110.0,-110,2024-11-25,LAC,BAL,gus edwards,2024,12,Gus Edwards,LAC,RB,0.0,11.0,0.0,0.0,11.0,0,False,3.0,-3.0,51.0,True,False,3.0,-3.0,True,False,False,24.0,2024,12,11.0,-14.5,False,True,0.5238095238095238,0.5238095238095238,0.04761904761904767,20-40,coin_flip,favorite_0_to_3,high_total_47_plus,1.9090909090909092,1.9090909090909092,-1.0,0.9090909090909092
2024-11-26T00:45:00Z,2024-11-26T00:40:38Z,2024-11-26T00:35:39Z,2024-11-26T00:45:39Z,887b10368f0b3f33a8c47e955736da89,americanfootball_nfl,2024-11-26 01:15:00+00:00,Los Angeles Chargers,Baltimore Ravens,fanduel,FanDuel,2024-11-26T00:40:01Z,player_rush_yds,2024-11-26T00:40:14Z,Derrick Henry,84.5,-110.0,-110,2024-11-25,LAC,BAL,derrick henry,2024,12,Derrick Henry,BAL,RB,0.0,140.0,0.0,0.0,140.0,1,False,3.0,-3.0,51.0,False,True,-3.0,3.0,False,True,False,27.0,2024,12,140.0,55.5,True,False,0.5238095238095238,0.5238095238095238,0.04761904761904767,80+,coin_flip,dog_0_to_3,high_total_47_plus,1.9090909090909092,1.9090909090909092,0.9090909090909092,-1.0
2024-11-26T00:45:00Z,2024-11-26T00:40:38Z,2024-11-26T00:35:39Z,2024-11-26T00:45:39Z,887b10368f0b3f33a8c47e955736da89,americanfootball_nfl,2024-11-26 01:15:00+00:00,Los Angeles Chargers,Baltimore Ravens,fanduel,FanDuel,2024-11-26T00:40:01Z,player_rush_yds,2024-11-26T00:40:14Z,Lamar Jackson,43.5,-110.0,-110,2024-11-25,LAC,BAL,lamar jackson,2024,12,Lamar Jackson,BAL,QB,177.0,15.0,0.0,0.0,15.0,0,False,3.0,-3.0,51.0,False,True,-3.0,3.0,False,True,False,27.0,2024,12,15.0,-28.5,False,True,0.5238095238095238,0.5238095238095238,0.04761904761904767,40-60,coin_flip,dog_0_to_3,high_total_47_plus,1.9090909090909092,1.9090909090909092,-1.0,0.9090909090909092
2024-11-29T00:50:00Z,2024-11-29T00:45:38Z,2024-11-29T00:40:39Z,2024-11-29T00:50:38Z,e6b414e1b7a012e57d1a0746769f28a2,americanfootball_nfl,2024-11-29 01:20:00+00:00,Green Bay Packers,Miami Dolphins,fanduel,FanDuel,2024-11-29T00:44:37Z,player_rush_yds,2024-11-29T00:45:52Z,De'Von Achane,53.5,-110.0,-110,2024-11-28,GB,MIA,devon achane,2024,13,Devon Achane,MIA,RB,0.0,14.0,56.0,8.0,14.0,0,False,-3.5,3.5,47.5,False,True,3.5,-3.5,True,False,False,22.0,2024,13,14.0,-39.5,False,True,0.5238095238095238,0.5238095238095238,0.04761904761904767,40-60,coin_flip,favorite_3_to_7,high_total_47_plus,1.9090909090909092,1.9090909090909092,-1.0,0.9090909090909092
2024-11-29T00:50:00Z,2024-11-29T00:45:38Z,2024-11-29T00:40:39Z,2024-11-29T00:50:38Z,e6b414e1b7a012e57d1a0746769f28a2,americanfootball_nfl,2024-11-29 01:20:00+00:00,Green Bay Packers,Miami Dolphins,fanduel,FanDuel,2024-11-29T00:44:37Z,player_rush_yds,2024-11-29T00:45:52Z,Tua Tagovailoa,2.5,-110.0,-110,2024-11-28,GB,MIA,tua tagovailoa,2024,13,Tua Tagovailoa,MIA,QB,365.0,6.0,0.0,0.0,6.0,1,False,-3.5,3.5,47.5,False,True,3.5,-3.5,True,False,False,22.0,2024,13,6.0,3.5,True,False,0.5238095238095238,0.5238095238095238,0.04761904761904767,<20,coin_flip,favorite_3_to_7,high_total_47_plus,1.9090909090909092,1.9090909090909092,0.9090909090909092,-1.0
2024-11-29T00:50:00Z,2024-11-29T00:45:38Z,2024-11-29T00:40:39Z,2024-11-29T00:50:38Z,e6b414e1b7a012e57d1a0746769f28a2,americanfootball_nfl,2024-11-29 01:20:00+00:00,Green Bay Packers,Miami Dolphins,fanduel,FanDuel,2024-11-29T00:44:37Z,player_rush_yds,2024-11-29T00:45:52Z,Raheem Mostert,9.5,-110.0,-110,2024-11-28,GB,MIA,raheem mostert,2024,13,Raheem Mostert,MIA,RB,0.0,19.0,15.0,2.0,19.0,1,False,-3.5,3.5,47.5,False,True,3.5,-3.5,True,False,False,22.0,2024,13,19.0,9.5,True,False,0.5238095238095238,0.5238095238095238,0.04761904761904767,<20,coin_flip,favorite_3_to_7,high_total_47_plus,1.9090909090909092,1.9090909090909092,0.9090909090909092,-1.0
2024-11-29T00:50:00Z,2024-11-29T00:45:38Z,2024-11-29T00:40:39Z,2024-11-29T00:50:38Z,e6b414e1b7a012e57d1a0746769f28a2,americanfootball_nfl,2024-11-29 01:20:00+00:00,Green Bay Packers,Miami Dolphins,fanduel,FanDuel,2024-11-29T00:44:37Z,player_rush_yds,2024-11-29T00:45:52Z,Josh Jacobs,72.5,-110.0,-110,2024-11-28,GB,MIA,josh jacobs,2024,13,Josh Jacobs,GB,RB,0.0,43.0,74.0,4.0,43.0,0,False,-3.5,3.5,47.5,True,False,-3.5,3.5,False,True,False,25.5,2024,13,43.0,-29.5,False,True,0.5238095238095238,0.5238095238095238,0.04761904761904767,60-80,coin_flip,dog_3_to_7,high_total_47_plus,1.9090909090909092,1.9090909090909092,-1.0,0.9090909090909092
2024-11-29T00:50:00Z,2024-11-29T00:45:38Z,2024-11-29T00:40:39Z,2024-11-29T00:50:38Z,e6b414e1b7a012e57d1a0746769f28a2,americanfootball_nfl,2024-11-29 01:20:00+00:00,Green Bay Packers,Miami Dolphins,fanduel,FanDuel,2024-11-29T00:44:37Z,player_rush_yds,2024-11-29T00:45:52Z,Emanuel Wilson,16.5,-110.0,-110,2024-11-28,GB,MIA,emanuel wilson,2024,13,Emanuel Wilson,GB,RB,0.0,20.0,0.0,0.0,20.0,1,False,-3.5,3.5,47.5,True,False,-3.5,3.5,False,True,False,25.5,2024,13,20.0,3.5,True,False,0.5238095238095238,0.5238095238095238,0.04761904761904767,<20,coin_flip,dog_3_to_7,high_total_47_plus,1.9090909090909092,1.9090909090909092,0.9090909090909092,-1.0
2024-11-29T00:50:00Z,2024-11-29T00:45:38Z,2024-11-29T00:40:39Z,2024-11-29T00:50:38Z,e6b414e1b7a012e57d1a0746769f28a2,americanfootball_nfl,2024-11-29 01:20:00+00:00,Green Bay Packers,Miami Dolphins,fanduel,FanDuel,2024-11-29T00:44:37Z,player_rush_yds,2024-11-29T00:45:52Z,Jordan Love,6.5,-110.0,-110,2024-11-28,GB,MIA,jordan love,2024,13,Jordan Love,GB,QB,274.0,0.0,0.0,0.0,0.0,0,False,-3.5,3.5,47.5,True,False,-3.5,3.5,False,True,False,25.5,2024,13,0.0,-6.5,False,True,0.5238095238095238,0.5238095238095238,0.04761904761904767,<20,coin_flip,dog_3_to_7,high_total_47_plus,1.9090909090909092,1.9090909090909092,-1.0,0.9090909090909092
2024-12-01T20:55:00Z,2024-12-01T20:50:38Z,2024-12-01T20:45:38Z,2024-12-01T20:55:37Z,afa7eb720baa94269de839965e41b8b3,americanfootball_nfl,2024-12-01 21:25:00+00:00,Baltimore Ravens,Philadelphia Eagles,fanduel,FanDuel,2024-12-01T20:49:57Z,player_rush_yds,2024-12-01T20:49:53Z,Derrick Henry,84.5,-110.0,-110,2024-12-01,BAL,PHI,derrick henry,2024,13,Derrick Henry,BAL,RB,0.0,82.0,29.0,3.0,82.0,0,False,-3.0,3.0,50.0,True,False,-3.0,3.0,False,True,False,26.5,2024,13,82.0,-2.5,False,True,0.5238095238095238,0.5238095238095238,0.04761904761904767,80+,coin_flip,dog_0_to_3,high_total_47_plus,1.9090909090909092,1.9090909090909092,-1.0,0.9090909090909092
2024-12-01T20:55:00Z,2024-12-01T20:50:38Z,2024-12-01T20:45:38Z,2024-12-01T20:55:37Z,afa7eb720baa94269de839965e41b8b3,americanfootball_nfl,2024-12-01 21:25:00+00:00,Baltimore Ravens,Philadelphia Eagles,fanduel,FanDuel,2024-12-01T20:49:57Z,player_rush_yds,2024-12-01T20:49:53Z,Lamar Jackson,41.5,-110.0,-110,2024-12-01,BAL,PHI,lamar jackson,2024,13,Lamar Jackson,BAL,QB,237.0,79.0,0.0,0.0,79.0,1,False,-3.0,3.0,50.0,True,False,-3.0,3.0,False,True,False,26.5,2024,13,79.0,37.5,True,False,0.5238095238095238,0.5238095238095238,0.04761904761904767,40-60,coin_flip,dog_0_to_3,high_total_47_plus,1.9090909090909092,1.9090909090909092,0.9090909090909092,-1.0
2024-12-01T20:55:00Z,2024-12-01T20:50:38Z,2024-12-01T20:45:38Z,2024-12-01T20:55:37Z,afa7eb720baa94269de839965e41b8b3,americanfootball_nfl,2024-12-01 21:25:00+00:00,Baltimore Ravens,Philadelphia Eagles,fanduel,FanDuel,2024-12-01T20:49:57Z,player_rush_yds,2024-12-01T20:49:53Z,Saquon Barkley,89.5,-110.0,-110,2024-12-01,BAL,PHI,saquon barkley,2024,13,Saquon Barkley,PHI,RB,0.0,107.0,10.0,2.0,107.0,1,False,-3.0,3.0,50.0,False,True,3.0,-3.0,True,False,False,23.5,2024,13,107.0,17.5,True,False,0.5238095238095238,0.5238095238095238,0.04761904761904767,80+,coin_flip,favorite_0_to_3,high_total_47_plus,1.9090909090909092,1.9090909090909092,0.9090909090909092,-1.0
2024-12-01T20:55:00Z,2024-12-01T20:50:38Z,2024-12-01T20:45:38Z,2024-12-01T20:55:37Z,afa7eb720baa94269de839965e41b8b3,americanfootball_nfl,2024-12-01 21:25:00+00:00,Baltimore Ravens,Philadelphia Eagles,fanduel,FanDuel,2024-12-01T20:49:57Z,player_rush_yds,2024-12-01T20:49:53Z,Jalen Hurts,36.5,-110.0,-110,2024-12-01,BAL,PHI,jalen hurts,2024,13,Jalen Hurts,PHI,QB,118.0,29.0,0.0,0.0,29.0,0,False,-3.0,3.0,50.0,False,True,3.0,-3.0,True,False,False,23.5,2024,13,29.0,-7.5,False,True,0.5238095238095238,0.5238095238095238,0.04761904761904767,20-40,coin_flip,favorite_0_to_3,high_total_47_plus,1.9090909090909092,1.9090909090909092,-1.0,0.9090909090909092
2024-12-01T20:55:00Z,2024-12-01T20:50:38Z,2024-12-01T20:45:38Z,2024-12-01T20:55:37Z,afa7eb720baa94269de839965e41b8b3,americanfootball_nfl,2024-12-01 21:25:00+00:00,Baltimore Ravens,Philadelphia Eagles,fanduel,FanDuel,2024-12-01T20:49:57Z,player_rush_yds,2024-12-01T20:49:53Z,Justice Hill,8.5,-110.0,-110,2024-12-01,BAL,PHI,justice hill,2024,13,Justice Hill,BAL,RB,0.0,6.0,15.0,4.0,6.0,0,False,-3.0,3.0,50.0,True,False,-3.0,3.0,False,True,False,26.5,2024,13,6.0,-2.5,False,True,0.5238095238095238,0.5238095238095238,0.04761904761904767,<20,coin_flip,dog_0_to_3,high_total_47_plus,1.9090909090909092,1.9090909090909092,-1.0,0.9090909090909092
2024-12-06T00:45:00Z,2024-12-06T00:40:38Z,2024-12-06T00:35:38Z,2024-12-06T00:45:38Z,e0b1a11b515324fa603bb16ff278dcbf,americanfootball_nfl,2024-12-06 01:15:00+00:00,Detroit Lions,Green Bay Packers,fanduel,FanDuel,2024-12-06T00:40:00Z,player_rush_yds,2024-12-06T00:41:01Z,David Montgomery,57.5,-110.0,-110,2024-12-05,DET,GB,david montgomery,2024,14,David Montgomery,DET,RB,0.0,51.0,33.0,5.0,51.0,0,False,-3.0,3.0,53.0,True,False,-3.0,3.0,False,True,False,28.0,2024,14,51.0,-6.5,False,True,0.5238095238095238,0.5238095238095238,0.04761904761904767,40-60,coin_flip,dog_0_to_3,high_total_47_plus,1.9090909090909092,1.9090909090909092,-1.0,0.9090909090909092
2024-12-06T00:45:00Z,2024-12-06T00:40:38Z,2024-12-06T00:35:38Z,2024-12-06T00:45:38Z,e0b1a11b515324fa603bb16ff278dcbf,americanfootball_nfl,2024-12-06 01:15:00+00:00,Detroit Lions,Green Bay Packers,fanduel,FanDuel,2024-12-06T00:40:00Z,player_rush_yds,2024-12-06T00:41:01Z,Josh Jacobs,74.5,-110.0,-110,2024-12-05,DET,GB,josh jacobs,2024,14,Josh Jacobs,GB,RB,0.0,66.0,0.0,0.0,66.0,0,False,-3.0,3.0,53.0,False,True,3.0,-3.0,True,False,False,25.0,2024,14,66.0,-8.5,False,True,0.5238095238095238,0.5238095238095238,0.04761904761904767,60-80,coin_flip,favorite_0_to_3,high_total_47_plus,1.9090909090909092,1.9090909090909092,-1.0,0.9090909090909092
2024-12-06T00:45:00Z,2024-12-06T00:40:38Z,2024-12-06T00:35:38Z,2024-12-06T00:45:38Z,e0b1a11b515324fa603bb16ff278dcbf,americanfootball_nfl,2024-12-06 01:15:00+00:00,Detroit Lions,Green Bay Packers,fanduel,FanDuel,2024-12-06T00:40:00Z,player_rush_yds,2024-12-06T00:41:01Z,Jahmyr Gibbs,65.5,-110.0,-110,2024-12-05,DET,GB,jahmyr gibbs,2024,14,Jahmyr Gibbs,DET,RB,0.0,43.0,30.0,6.0,43.0,0,False,-3.0,3.0,53.0,True,False,-3.0,3.0,False,True,False,28.0,2024,14,43.0,-22.5,False,True,0.5238095238095238,0.5238095238095238,0.04761904761904767,60-80,coin_flip,dog_0_to_3,high_total_47_plus,1.9090909090909092,1.9090909090909092,-1.0,0.9090909090909092
2024-12-06T00:45:00Z,2024-12-06T00:40:38Z,2024-12-06T00:35:38Z,2024-12-06T00:45:38Z,e0b1a11b515324fa603bb16ff278dcbf,americanfootball_nfl,2024-12-06 01:15:00+00:00,Detroit Lions,Green Bay Packers,fanduel,FanDuel,2024-12-06T00:40:00Z,player_rush_yds,2024-12-06T00:41:01Z,Jordan Love,6.5,-110.0,-110,2024-12-05,DET,GB,jordan love,2024,14,Jordan Love,GB,QB,206.0,23.0,0.0,0.0,23.0,1,False,-3.0,3.0,53.0,False,True,3.0,-3.0,True,False,False,25.0,2024,14,23.0,16.5,True,False,0.5238095238095238,0.5238095238095238,0.04761904761904767,<20,coin_flip,favorite_0_to_3,high_total_47_plus,1.9090909090909092,1.9090909090909092,0.9090909090909092,-1.0
2024-12-08T17:30:00Z,2024-12-08T17:25:37Z,2024-12-08T17:20:38Z,2024-12-08T17:30:37Z,757ca79be58cadb6fece7718e6e260a2,americanfootball_nfl,2024-12-08 18:00:00+00:00,Philadelphia Eagles,Carolina Panthers,fanduel,FanDuel,2024-12-08T17:25:24Z,player_rush_yds,2024-12-08T17:25:03Z,Saquon Barkley,110.5,-110.0,-110,2024-12-08,PHI,CAR,saquon barkley,2024,14,Saquon Barkley,PHI,RB,0.0,124.0,0.0,0.0,124.0,1,False,-14.0,14.0,44.5,True,False,-14.0,14.0,False,True,False,29.25,2024,14,124.0,13.5,True,False,0.5238095238095238,0.5238095238095238,0.04761904761904767,80+,coin_flip,dog_7_plus,mid_total_42_47,1.9090909090909092,1.9090909090909092,0.9090909090909092,-1.0
2024-12-08T17:30:00Z,2024-12-08T17:25:37Z,2024-12-08T17:20:38Z,2024-12-08T17:30:37Z,757ca79be58cadb6fece7718e6e260a2,americanfootball_nfl,2024-12-08 18:00:00+00:00,Philadelphia Eagles,Carolina Panthers,fanduel,FanDuel,2024-12-08T17:25:24Z,player_rush_yds,2024-12-08T17:25:03Z,Jalen Hurts,39.5,-110.0,-110,2024-12-08,PHI,CAR,jalen hurts,2024,14,Jalen Hurts,PHI,QB,108.0,59.0,0.0,0.0,59.0,1,False,-14.0,14.0,44.5,True,False,-14.0,14.0,False,True,False,29.25,2024,14,59.0,19.5,True,False,0.5238095238095238,0.5238095238095238,0.04761904761904767,20-40,coin_flip,dog_7_plus,mid_total_42_47,1.9090909090909092,1.9090909090909092,0.9090909090909092,-1.0
2024-12-08T17:30:00Z,2024-12-08T17:25:37Z,2024-12-08T17:20:38Z,2024-12-08T17:30:37Z,757ca79be58cadb6fece7718e6e260a2,americanfootball_nfl,2024-12-08 18:00:00+00:00,Philadelphia Eagles,Carolina Panthers,fanduel,FanDuel,2024-12-08T17:25:24Z,player_rush_yds,2024-12-08T17:25:03Z,Kenneth Gainwell,19.5,-110.0,-110,2024-12-08,PHI,CAR,kenneth gainwell,2024,14,Kenneth Gainwell,PHI,RB,0.0,26.0,7.0,2.0,26.0,1,False,-14.0,14.0,44.5,True,False,-14.0,14.0,False,True,False,29.25,2024,14,26.0,6.5,True,False,0.5238095238095238,0.5238095238095238,0.04761904761904767,<20,coin_flip,dog_7_plus,mid_total_42_47,1.9090909090909092,1.9090909090909092,0.9090909090909092,-1.0
2024-12-08T17:30:00Z,2024-12-08T17:25:37Z,2024-12-08T17:20:38Z,2024-12-08T17:30:37Z,757ca79be58cadb6fece7718e6e260a2,americanfootball_nfl,2024-12-08 18:00:00+00:00,Philadelphia Eagles,Carolina Panthers,fanduel,FanDuel,2024-12-08T17:25:24Z,player_rush_yds,2024-12-08T17:25:03Z,Chuba Hubbard,47.5,-110.0,-110,2024-12-08,PHI,CAR,chuba hubbard,2024,14,Chuba Hubbard,CAR,RB,0.0,92.0,15.0,4.0,92.0,1,False,-14.0,14.0,44.5,False,True,14.0,-14.0,True,False,False,15.25,2024,14,92.0,44.5,True,False,0.5238095238095238,0.5238095238095238,0.04761904761904767,40-60,coin_flip,favorite_7_plus,mid_total_42_47,1.9090909090909092,1.9090909090909092,0.9090909090909092,-1.0
2024-12-08T17:30:00Z,2024-12-08T17:25:37Z,2024-12-08T17:20:38Z,2024-12-08T17:30:37Z,757ca79be58cadb6fece7718e6e260a2,americanfootball_nfl,2024-12-08 18:00:00+00:00,Philadelphia Eagles,Carolina Panthers,fanduel,FanDuel,2024-12-08T17:25:24Z,player_rush_yds,2024-12-08T17:25:03Z,Bryce Young,13.5,-110.0,-110,2024-12-08,PHI,CAR,bryce young,2024,14,Bryce Young,CAR,QB,191.0,29.0,0.0,0.0,29.0,1,False,-14.0,14.0,44.5,False,True,14.0,-14.0,True,False,False,15.25,2024,14,29.0,15.5,True,False,0.5238095238095238,0.5238095238095238,0.04761904761904767,<20,coin_flip,favorite_7_plus,mid_total_42_47,1.9090909090909092,1.9090909090909092,0.9090909090909092,-1.0
2024-12-08T17:30:00Z,2024-12-08T17:25:37Z,2024-12-08T17:20:38Z,2024-12-08T17:30:37Z,757ca79be58cadb6fece7718e6e260a2,americanfootball_nfl,2024-12-08 18:00:00+00:00,Philadelphia Eagles,Carolina Panthers,fanduel,FanDuel,2024-12-08T17:25:24Z,player_rush_yds,2024-12-08T17:25:03Z,Jonathon Brooks,21.5,-110.0,-110,2024-12-08,PHI,CAR,jonathon brooks,2024,14,Jonathon Brooks,CAR,RB,0.0,-3.0,0.0,0.0,-3.0,0,False,-14.0,14.0,44.5,False,True,14.0,-14.0,True,False,False,15.25,2024,14,-3.0,-24.5,False,True,0.5238095238095238,0.5238095238095238,0.04761904761904767,20-40,coin_flip,favorite_7_plus,mid_total_42_47,1.9090909090909092,1.9090909090909092,-1.0,0.9090909090909092
2024-09-08T16:30:00Z,2024-09-08T16:25:38Z,2024-09-08T16:20:38Z,2024-09-08T16:30:38Z,7a5e353202d40a844491fa5753bc3097,americanfootball_nfl,2024-09-08 17:00:00+00:00,Buffalo Bills,Arizona Cardinals,fanduel,FanDuel,2024-09-08T16:25:12Z,player_rush_yds,2024-09-08T16:24:50Z,Josh Allen,32.5,-110.0,-110,2024-09-08,BUF,ARI,josh allen,2024,1,Josh Allen,BUF,QB,232.0,39.0,0.0,0.0,39.0,1,False,-6.5,6.5,46.0,True,False,-6.5,6.5,False,True,False,26.25,2024,1,39.0,6.5,True,False,0.5238095238095238,0.5238095238095238,0.04761904761904767,20-40,coin_flip,dog_3_to_7,mid_total_42_47,1.9090909090909092,1.9090909090909092,0.9090909090909092,-1.0
2024-09-08T16:30:00Z,2024-09-08T16:25:38Z,2024-09-08T16:20:38Z,2024-09-08T16:30:38Z,7a5e353202d40a844491fa5753bc3097,americanfootball_nfl,2024-09-08 17:00:00+00:00,Buffalo Bills,Arizona Cardinals,fanduel,FanDuel,2024-09-08T16:25:12Z,player_rush_yds,2024-09-08T16:24:50Z,James Cook,60.5,-110.0,-110,2024-09-08,BUF,ARI,james cook,2024,1,James Cook,BUF,RB,0.0,71.0,32.0,3.0,71.0,1,False,-6.5,6.5,46.0,True,False,-6.5,6.5,False,True,False,26.25,2024,1,71.0,10.5,True,False,0.5238095238095238,0.5238095238095238,0.04761904761904767,60-80,coin_flip,dog_3_to_7,mid_total_42_47,1.9090909090909092,1.9090909090909092,0.9090909090909092,-1.0
2024-09-08T16:30:00Z,2024-09-08T16:25:38Z,2024-09-08T16:20:38Z,2024-09-08T16:30:38Z,7a5e353202d40a844491fa5753bc3097,americanfootball_nfl,2024-09-08 17:00:00+00:00,Buffalo Bills,Arizona Cardinals,fanduel,FanDuel,2024-09-08T16:25:12Z,player_rush_yds,2024-09-08T16:24:50Z,Ray Davis,16.5,-110.0,-110,2024-09-08,BUF,ARI,ray davis,2024,1,Ray Davis,BUF,RB,0.0,13.0,14.0,1.0,13.0,0,False,-6.5,6.5,46.0,True,False,-6.5,6.5,False,True,False,26.25,2024,1,13.0,-3.5,False,True,0.5238095238095238,0.5238095238095238,0.04761904761904767,<20,coin_flip,dog_3_to_7,mid_total_42_47,1.9090909090909092,1.9090909090909092,-1.0,0.9090909090909092
2024-09-08T16:30:00Z,2024-09-08T16:25:38Z,2024-09-08T16:20:38Z,2024-09-08T16:30:38Z,7a5e353202d40a844491fa5753bc3097,americanfootball_nfl,2024-09-08 17:00:00+00:00,Buffalo Bills,Arizona Cardinals,fanduel,FanDuel,2024-09-08T16:25:12Z,player_rush_yds,2024-09-08T16:24:50Z,James Conner,55.5,-110.0,-110,2024-09-08,BUF,ARI,james conner,2024,1,James Conner,ARI,RB,0.0,50.0,33.0,3.0,50.0,0,False,-6.5,6.5,46.0,False,True,6.5,-6.5,True,False,False,19.75,2024,1,50.0,-5.5,False,True,0.5238095238095238,0.5238095238095238,0.04761904761904767,40-60,coin_flip,favorite_3_to_7,mid_total_42_47,1.9090909090909092,1.9090909090909092,-1.0,0.9090909090909092
2024-09-08T16:30:00Z,2024-09-08T16:25:38Z,2024-09-08T16:20:38Z,2024-09-08T16:30:38Z,7a5e353202d40a844491fa5753bc3097,americanfootball_nfl,2024-09-08 17:00:00+00:00,Buffalo Bills,Arizona Cardinals,fanduel,FanDuel,2024-09-08T16:25:12Z,player_rush_yds,2024-09-08T16:24:50Z,Kyler Murray,31.5,-110.0,-110,2024-09-08,BUF,ARI,kyler murray,2024,1,Kyler Murray,ARI,QB,162.0,57.0,0.0,0.0,57.0,1,False,-6.5,6.5,46.0,False,True,6.5,-6.5,True,False,False,19.75,2024,1,57.0,25.5,True,False,0.5238095238095238,0.5238095238095238,0.04761904761904767,20-40,coin_flip,favorite_3_to_7,mid_total_42_47,1.9090909090909092,1.9090909090909092,0.9090909090909092,-1.0
2024-09-08T16:30:00Z,2024-09-08T16:25:38Z,2024-09-08T16:20:38Z,2024-09-08T16:30:38Z,92665529cce6b8089e793d1e7d5e4b66,americanfootball_nfl,2024-09-08 17:00:00+00:00,Atlanta Falcons,Pittsburgh Steelers,fanduel,FanDuel,2024-09-08T16:25:12Z,player_rush_yds,2024-09-08T16:24:28Z,Kirk Cousins,2.5,-105.0,-115,2024-09-08,ATL,PIT,kirk cousins,2024,1,Kirk Cousins,ATL,QB,155.0,0.0,0.0,0.0,0.0,0,False,-4.0,4.0,43.0,True,False,-4.0,4.0,False,True,False,23.5,2024,1,0.0,-2.5,False,True,0.5121951219512195,0.5348837209302325,0.04707884288145214,<20,coin_flip,dog_3_to_7,mid_total_42_47,1.9523809523809523,1.8695652173913042,-1.0,0.8695652173913042
2024-09-08T16:30:00Z,2024-09-08T16:25:38Z,2024-09-08T16:20:38Z,2024-09-08T16:30:38Z,92665529cce6b8089e793d1e7d5e4b66,americanfootball_nfl,2024-09-08 17:00:00+00:00,Atlanta Falcons,Pittsburgh Steelers,fanduel,FanDuel,2024-09-08T16:25:12Z,player_rush_yds,2024-09-08T16:24:28Z,Najee Harris,50.5,-110.0,-110,2024-09-08,ATL,PIT,najee harris,2024,1,Najee Harris,PIT,RB,0.0,70.0,9.0,1.0,70.0,1,False,-4.0,4.0,43.0,False,True,4.0,-4.0,True,False,False,19.5,2024,1,70.0,19.5,True,False,0.5238095238095238,0.5238095238095238,0.04761904761904767,40-60,coin_flip,favorite_3_to_7,mid_total_42_47,1.9090909090909092,1.9090909090909092,0.9090909090909092,-1.0
2024-09-08T16:30:00Z,2024-09-08T16:25:38Z,2024-09-08T16:20:38Z,2024-09-08T16:30:38Z,92665529cce6b8089e793d1e7d5e4b66,americanfootball_nfl,2024-09-08 17:00:00+00:00,Atlanta Falcons,Pittsburgh Steelers,fanduel,FanDuel,2024-09-08T16:25:12Z,player_rush_yds,2024-09-08T16:24:28Z,Tyler Allgeier,27.5,-110.0,-110,2024-09-08,ATL,PIT,tyler allgeier,2024,1,Tyler Allgeier,ATL,RB,0.0,21.0,0.0,0.0,21.0,0,False,-4.0,4.0,43.0,True,False,-4.0,4.0,False,True,False,23.5,2024,1,21.0,-6.5,False,True,0.5238095238095238,0.5238095238095238,0.04761904761904767,20-40,coin_flip,dog_3_to_7,mid_total_42_47,1.9090909090909092,1.9090909090909092,-1.0,0.9090909090909092
2024-09-08T16:30:00Z,2024-09-08T16:25:38Z,2024-09-08T16:20:38Z,2024-09-08T16:30:38Z,92665529cce6b8089e793d1e7d5e4b66,americanfootball_nfl,2024-09-08 17:00:00+00:00,Atlanta Falcons,Pittsburgh Steelers,fanduel,FanDuel,2024-09-08T16:25:12Z,player_rush_yds,2024-09-08T16:24:28Z,Jaylen Warren,26.5,-110.0,-110,2024-09-08,ATL,PIT,jaylen warren,2024,1,Jaylen Warren,PIT,RB,0.0,7.0,13.0,2.0,7.0,0,False,-4.0,4.0,43.0,False,True,4.0,-4.0,True,False,False,19.5,2024,1,7.0,-19.5,False,True,0.5238095238095238,0.5238095238095238,0.04761904761904767,20-40,coin_flip,favorite_3_to_7,mid_total_42_47,1.9090909090909092,1.9090909090909092,-1.0,0.9090909090909092
2024-09-08T16:30:00Z,2024-09-08T16:25:38Z,2024-09-08T16:20:38Z,2024-09-08T16:30:38Z,92665529cce6b8089e793d1e7d5e4b66,americanfootball_nfl,2024-09-08 17:00:00+00:00,Atlanta Falcons,Pittsburgh Steelers,fanduel,FanDuel,2024-09-08T16:25:12Z,player_rush_yds,2024-09-08T16:24:28Z,Bijan Robinson,62.5,-110.0,-110,2024-09-08,ATL,PIT,bijan robinson,2024,1,Bijan Robinson,ATL,RB,0.0,68.0,43.0,5.0,68.0,1,False,-4.0,4.0,43.0,True,False,-4.0,4.0,False,True,False,23.5,2024,1,68.0,5.5,True,False,0.5238095238095238,0.5238095238095238,0.04761904761904767,60-80,coin_flip,dog_3_to_7,mid_total_42_47,1.9090909090909092,1.9090909090909092,0.9090909090909092,-1.0
2024-09-08T16:30:00Z,2024-09-08T16:25:38Z,2024-09-08T16:20:38Z,2024-09-08T16:30:38Z,92665529cce6b8089e793d1e7d5e4b66,americanfootball_nfl,2024-09-08 17:00:00+00:00,Atlanta Falcons,Pittsburgh Steelers,fanduel,FanDuel,2024-09-08T16:25:12Z,player_rush_yds,2024-09-08T16:24:28Z,Justin Fields,44.5,-110.0,-110,2024-09-08,ATL,PIT,justin fields,2024,1,Justin Fields,PIT,QB,156.0,57.0,0.0,0.0,57.0,1,False,-4.0,4.0,43.0,False,True,4.0,-4.0,True,False,False,19.5,2024,1,57.0,12.5,True,False,0.5238095238095238,0.5238095238095238,0.04761904761904767,40-60,coin_flip,favorite_3_to_7,mid_total_42_47,1.9090909090909092,1.9090909090909092,0.9090909090909092,-1.0
2024-09-08T16:30:00Z,2024-09-08T16:25:38Z,2024-09-08T16:20:38Z,2024-09-08T16:30:38Z,022add645ca37d612dbb69e8ef02f6b9,americanfootball_nfl,2024-09-08 17:00:00+00:00,New Orleans Saints,Carolina Panthers,fanduel,FanDuel,2024-09-08T16:25:12Z,player_rush_yds,2024-09-08T16:25:07Z,Jamaal Williams,23.5,-110.0,-110,2024-09-08,NO,CAR,jamaal williams,2024,1,Jamaal Williams,NO,RB,0.0,38.0,13.0,1.0,38.0,1,False,-3.5,3.5,41.5,True,False,-3.5,3.5,False,True,False,22.5,2024,1,38.0,14.5,True,False,0.5238095238095238,0.5238095238095238,0.04761904761904767,20-40,coin_flip,dog_3_to_7,low_total_<42,1.9090909090909092,1.9090909090909092,0.9090909090909092,-1.0
2024-09-08T16:30:00Z,2024-09-08T16:25:38Z,2024-09-08T16:20:38Z,2024-09-08T16:30:38Z,022add645ca37d612dbb69e8ef02f6b9,americanfootball_nfl,2024-09-08 17:00:00+00:00,New Orleans Saints,Carolina Panthers,fanduel,FanDuel,2024-09-08T16:25:12Z,player_rush_yds,2024-09-08T16:25:07Z,Chuba Hubbard,56.5,-110.0,-110,2024-09-08,NO,CAR,chuba hubbard,2024,1,Chuba Hubbard,CAR,RB,0.0,14.0,0.0,0.0,14.0,0,False,-3.5,3.5,41.5,False,True,3.5,-3.5,True,False,False,19.0,2024,1,14.0,-42.5,False,True,0.5238095238095238,0.5238095238095238,0.04761904761904767,40-60,coin_flip,favorite_3_to_7,low_total_<42,1.9090909090909092,1.9090909090909092,-1.0,0.9090909090909092
2024-09-08T16:30:00Z,2024-09-08T16:25:38Z,2024-09-08T16:20:38Z,2024-09-08T16:30:38Z,022add645ca37d612dbb69e8ef02f6b9,americanfootball_nfl,2024-09-08 17:00:00+00:00,New Orleans Saints,Carolina Panthers,fanduel,FanDuel,2024-09-08T16:25:12Z,player_rush_yds,2024-09-08T16:25:07Z,Alvin Kamara,51.5,-110.0,-110,2024-09-08,NO,CAR,alvin kamara,2024,1,Alvin Kamara,NO,RB,0.0,83.0,27.0,5.0,83.0,1,False,-3.5,3.5,41.5,True,False,-3.5,3.5,False,True,False,22.5,2024,1,83.0,31.5,True,False,0.5238095238095238,0.5238095238095238,0.04761904761904767,40-60,coin_flip,dog_3_to_7,low_total_<42,1.9090909090909092,1.9090909090909092,0.9090909090909092,-1.0
2024-09-08T16:30:00Z,2024-09-08T16:25:38Z,2024-09-08T16:20:38Z,2024-09-08T16:30:38Z,022add645ca37d612dbb69e8ef02f6b9,americanfootball_nfl,2024-09-08 17:00:00+00:00,New Orleans Saints,Carolina Panthers,fanduel,FanDuel,2024-09-08T16:25:12Z,player_rush_yds,2024-09-08T16:25:07Z,Taysom Hill,16.5,-110.0,-110,2024-09-08,NO,CAR,taysom hill,2024,1,Taysom Hill,NO,TE,0.0,35.0,1.0,1.0,35.0,1,False,-3.5,3.5,41.5,True,False,-3.5,3.5,False,True,False,22.5,2024,1,35.0,18.5,True,False,0.5238095238095238,0.5238095238095238,0.04761904761904767,<20,coin_flip,dog_3_to_7,low_total_<42,1.9090909090909092,1.9090909090909092,0.9090909090909092,-1.0
2024-09-08T16:30:00Z,2024-09-08T16:25:38Z,2024-09-08T16:20:38Z,2024-09-08T16:30:38Z,022add645ca37d612dbb69e8ef02f6b9,americanfootball_nfl,2024-09-08 17:00:00+00:00,New Orleans Saints,Carolina Panthers,fanduel,FanDuel,2024-09-08T16:25:12Z,player_rush_yds,2024-09-08T16:25:07Z,Miles Sanders,20.5,-110.0,-110,2024-09-08,NO,CAR,miles sanders,2024,1,Miles Sanders,CAR,RB,0.0,22.0,0.0,0.0,22.0,1,False,-3.5,3.5,41.5,False,True,3.5,-3.5,True,False,False,19.0,2024,1,22.0,1.5,True,False,0.5238095238095238,0.5238095238095238,0.04761904761904767,20-40,coin_flip,favorite_3_to_7,low_total_<42,1.9090909090909092,1.9090909090909092,0.9090909090909092,-1.0
2024-09-08T16:30:00Z,2024-09-08T16:25:38Z,2024-09-08T16:20:38Z,2024-09-08T16:30:38Z,022add645ca37d612dbb69e8ef02f6b9,americanfootball_nfl,2024-09-08 17:00:00+00:00,New Orleans Saints,Carolina Panthers,fanduel,FanDuel,2024-09-08T16:25:12Z,player_rush_yds,2024-09-08T16:25:07Z,Bryce Young,11.5,-110.0,-110,2024-09-08,NO,CAR,bryce young,2024,1,Bryce Young,CAR,QB,161.0,12.0,0.0,0.0,12.0,1,False,-3.5,3.5,41.5,False,True,3.5,-3.5,True,False,False,19.0,2024,1,12.0,0.5,True,False,0.5238095238095238,0.5238095238095238,0.04761904761904767,<20,coin_flip,favorite_3_to_7,low_total_<42,1.9090909090909092,1.9090909090909092,0.9090909090909092,-1.0
2024-09-08T16:30:00Z,2024-09-08T16:25:38Z,2024-09-08T16:20:38Z,2024-09-08T16:30:38Z,b5b9d07cdd5c7bd14e943ccd7973e6a2,americanfootball_nfl,2024-09-08 17:00:00+00:00,Chicago Bears,Tennessee Titans,fanduel,FanDuel,2024-09-08T16:25:12Z,player_rush_yds,2024-09-08T16:25:08Z,Will Levis,8.5,-110.0,-110,2024-09-08,CHI,TEN,will levis,2024,1,Will Levis,TEN,QB,127.0,36.0,0.0,0.0,36.0,1,False,-4.0,4.0,43.0,False,True,4.0,-4.0,True,False,False,19.5,2024,1,36.0,27.5,True,False,0.5238095238095238,0.5238095238095238,0.04761904761904767,<20,coin_flip,favorite_3_to_7,mid_total_42_47,1.9090909090909092,1.9090909090909092,0.9090909090909092,-1.0
2024-09-08T16:30:00Z,2024-09-08T16:25:38Z,2024-09-08T16:20:38Z,2024-09-08T16:30:38Z,b5b9d07cdd5c7bd14e943ccd7973e6a2,americanfootball_nfl,2024-09-08 17:00:00+00:00,Chicago Bears,Tennessee Titans,fanduel,FanDuel,2024-09-08T16:25:12Z,player_rush_yds,2024-09-08T16:25:08Z,Tony Pollard,42.5,-110.0,-110,2024-09-08,CHI,TEN,tony pollard,2024,1,Tony Pollard,TEN,RB,0.0,82.0,12.0,3.0,82.0,1,False,-4.0,4.0,43.0,False,True,4.0,-4.0,True,False,False,19.5,2024,1,82.0,39.5,True,False,0.5238095238095238,0.5238095238095238,0.04761904761904767,40-60,coin_flip,favorite_3_to_7,mid_total_42_47,1.9090909090909092,1.9090909090909092,0.9090909090909092,-1.0
2024-09-08T16:30:00Z,2024-09-08T16:25:38Z,2024-09-08T16:20:38Z,2024-09-08T16:30:38Z,b5b9d07cdd5c7bd14e943ccd7973e6a2,americanfootball_nfl,2024-09-08 17:00:00+00:00,Chicago Bears,Tennessee Titans,fanduel,FanDuel,2024-09-08T16:25:12Z,player_rush_yds,2024-09-08T16:25:08Z,D'Andre Swift,44.5,-110.0,-110,2024-09-08,CHI,TEN,dandre swift,2024,1,D'Andre Swift,CHI,RB,0.0,30.0,0.0,0.0,30.0,0,False,-4.0,4.0,43.0,True,False,-4.0,4.0,False,True,False,23.5,2024,1,30.0,-14.5,False,True,0.5238095238095238,0.5238095238095238,0.04761904761904767,40-60,coin_flip,dog_3_to_7,mid_total_42_47,1.9090909090909092,1.9090909090909092,-1.0,0.9090909090909092
2024-09-08T16:30:00Z,2024-09-08T16:25:38Z,2024-09-08T16:20:38Z,2024-09-08T16:30:38Z,b5b9d07cdd5c7bd14e943ccd7973e6a2,americanfootball_nfl,2024-09-08 17:00:00+00:00,Chicago Bears,Tennessee Titans,fanduel,FanDuel,2024-09-08T16:25:12Z,player_rush_yds,2024-09-08T16:25:08Z,Tyjae Spears,34.5,-110.0,-110,2024-09-08,CHI,TEN,tyjae spears,2024,1,Tyjae Spears,TEN,RB,0.0,21.0,11.0,4.0,21.0,0,False,-4.0,4.0,43.0,False,True,4.0,-4.0,True,False,False,19.5,2024,1,21.0,-13.5,False,True,0.5238095238095238,0.5238095238095238,0.04761904761904767,20-40,coin_flip,favorite_3_to_7,mid_total_42_47,1.9090909090909092,1.9090909090909092,-1.0,0.9090909090909092
2024-09-08T16:30:00Z,2024-09-08T16:25:38Z,2024-09-08T16:20:38Z,2024-09-08T16:30:38Z,b5b9d07cdd5c7bd14e943ccd7973e6a2,americanfootball_nfl,2024-09-08 17:00:00+00:00,Chicago Bears,Tennessee Titans,fanduel,FanDuel,2024-09-08T16:25:12Z,player_rush_yds,2024-09-08T16:25:08Z,Khalil Herbert,27.5,-110.0,-110,2024-09-08,CHI,TEN,khalil herbert,2024,1,Khalil Herbert,CHI,RB,0.0,4.0,0.0,0.0,4.0,0,False,-4.0,4.0,43.0,True,False,-4.0,4.0,False,True,False,23.5,2024,1,4.0,-23.5,False,True,0.5238095238095238,0.5238095238095238,0.04761904761904767,20-40,coin_flip,dog_3_to_7,mid_total_42_47,1.9090909090909092,1.9090909090909092,-1.0,0.9090909090909092
2024-09-08T16:30:00Z,2024-09-08T16:25:38Z,2024-09-08T16:20:38Z,2024-09-08T16:30:38Z,b5b9d07cdd5c7bd14e943ccd7973e6a2,americanfootball_nfl,2024-09-08 17:00:00+00:00,Chicago Bears,Tennessee Titans,fanduel,FanDuel,2024-09-08T16:25:12Z,player_rush_yds,2024-09-08T16:25:08Z,Caleb Williams,18.5,-110.0,-110,2024-09-08,CHI,TEN,caleb williams,2024,1,Caleb Williams,CHI,QB,93.0,15.0,0.0,0.0,15.0,0,False,-4.0,4.0,43.0,True,False,-4.0,4.0,False,True,False,23.5,2024,1,15.0,-3.5,False,True,0.5238095238095238,0.5238095238095238,0.04761904761904767,<20,coin_flip,dog_3_to_7,mid_total_42_47,1.9090909090909092,1.9090909090909092,-1.0,0.9090909090909092
2024-09-08T16:30:00Z,2024-09-08T16:25:38Z,2024-09-08T16:20:38Z,2024-09-08T16:30:38Z,5f14ebd3a8f10d141a7f0c2dcf510368,americanfootball_nfl,2024-09-08 17:00:00+00:00,Cincinnati Bengals,New England Patriots,fanduel,FanDuel,2024-09-08T16:25:12Z,player_rush_yds,2024-09-08T16:25:27Z,Joe Burrow,9.5,-110.0,-110,2024-09-08,CIN,NE,joe burrow,2024,1,Joe Burrow,CIN,QB,164.0,15.0,0.0,0.0,15.0,1,False,-8.0,8.0,40.5,True,False,-8.0,8.0,False,True,False,24.25,2024,1,15.0,5.5,True,False,0.5238095238095238,0.5238095238095238,0.04761904761904767,<20,coin_flip,dog_7_plus,low_total_<42,1.9090909090909092,1.9090909090909092,0.9090909090909092,-1.0
2024-09-08T16:30:00Z,2024-09-08T16:25:38Z,2024-09-08T16:20:38Z,2024-09-08T16:30:38Z,5f14ebd3a8f10d141a7f0c2dcf510368,americanfootball_nfl,2024-09-08 17:00:00+00:00,Cincinnati Bengals,New England Patriots,fanduel,FanDuel,2024-09-08T16:25:12Z,player_rush_yds,2024-09-08T16:25:27Z,Jacoby Brissett,11.5,-110.0,-110,2024-09-08,CIN,NE,jacoby brissett,2024,1,Jacoby Brissett,NE,QB,121.0,32.0,0.0,0.0,32.0,1,False,-8.0,8.0,40.5,False,True,8.0,-8.0,True,False,False,16.25,2024,1,32.0,20.5,True,False,0.5238095238095238,0.5238095238095238,0.04761904761904767,<20,coin_flip,favorite_7_plus,low_total_<42,1.9090909090909092,1.9090909090909092,0.9090909090909092,-1.0
2024-09-08T16:30:00Z,2024-09-08T16:25:38Z,2024-09-08T16:20:38Z,2024-09-08T16:30:38Z,5f14ebd3a8f10d141a7f0c2dcf510368,americanfootball_nfl,2024-09-08 17:00:00+00:00,Cincinnati Bengals,New England Patriots,fanduel,FanDuel,2024-09-08T16:25:12Z,player_rush_yds,2024-09-08T16:25:27Z,Rhamondre Stevenson,50.5,-110.0,-110,2024-09-08,CIN,NE,rhamondre stevenson,2024,1,Rhamondre Stevenson,NE,RB,0.0,120.0,6.0,3.0,120.0,1,False,-8.0,8.0,40.5,False,True,8.0,-8.0,True,False,False,16.25,2024,1,120.0,69.5,True,False,0.5238095238095238,0.5238095238095238,0.04761904761904767,40-60,coin_flip,favorite_7_plus,low_total_<42,1.9090909090909092,1.9090909090909092,0.9090909090909092,-1.0
2024-09-08T16:30:00Z,2024-09-08T16:25:38Z,2024-09-08T16:20:38Z,2024-09-08T16:30:38Z,5f14ebd3a8f10d141a7f0c2dcf510368,americanfootball_nfl,2024-09-08 17:00:00+00:00,Cincinnati Bengals,New England Patriots,fanduel,FanDuel,2024-09-08T16:25:12Z,player_rush_yds,2024-09-08T16:25:27Z,Zack Moss,46.5,-110.0,-110,2024-09-08,CIN,NE,zack moss,2024,1,Zack Moss,CIN,RB,0.0,44.0,17.0,2.0,44.0,0,False,-8.0,8.0,40.5,True,False,-8.0,8.0,False,True,False,24.25,2024,1,44.0,-2.5,False,True,0.5238095238095238,0.5238095238095238,0.04761904761904767,40-60,coin_flip,dog_7_plus,low_total_<42,1.9090909090909092,1.9090909090909092,-1.0,0.9090909090909092
2024-09-08T16:30:00Z,2024-09-08T16:25:38Z,2024-09-08T16:20:38Z,2024-09-08T16:30:38Z,5f14ebd3a8f10d141a7f0c2dcf510368,americanfootball_nfl,2024-09-08 17:00:00+00:00,Cincinnati Bengals,New England Patriots,fanduel,FanDuel,2024-09-08T16:25:12Z,player_rush_yds,2024-09-08T16:25:27Z,Chase Brown,33.5,-110.0,-110,2024-09-08,CIN,NE,chase brown,2024,1,Chase Brown,CIN,RB,0.0,11.0,12.0,3.0,11.0,0,False,-8.0,8.0,40.5,True,False,-8.0,8.0,False,True,False,24.25,2024,1,11.0,-22.5,False,True,0.5238095238095238,0.5238095238095238,0.04761904761904767,20-40,coin_flip,dog_7_plus,low_total_<42,1.9090909090909092,1.9090909090909092,-1.0,0.9090909090909092
2024-09-08T16:30:00Z,2024-09-08T16:25:38Z,2024-09-08T16:20:38Z,2024-09-08T16:30:38Z,60fdc65ee27ab7dbe07dc06ef35afadc,americanfootball_nfl,2024-09-08 17:00:00+00:00,Indianapolis Colts,Houston Texans,fanduel,FanDuel,2024-09-08T16:25:12Z,player_rush_yds,2024-09-08T16:25:18Z,Anthony Richardson,42.5,-110.0,-110,2024-09-08,IND,HOU,anthony richardson,2024,1,Anthony Richardson,IND,QB,212.0,56.0,0.0,0.0,56.0,1,False,3.0,-3.0,49.0,True,False,3.0,-3.0,True,False,False,23.0,2024,1,56.0,13.5,True,False,0.5238095238095238,0.5238095238095238,0.04761904761904767,40-60,coin_flip,favorite_0_to_3,high_total_47_plus,1.9090909090909092,1.9090909090909092,0.9090909090909092,-1.0
2024-09-08T16:30:00Z,2024-09-08T16:25:38Z,2024-09-08T16:20:38Z,2024-09-08T16:30:38Z,60fdc65ee27ab7dbe07dc06ef35afadc,americanfootball_nfl,2024-09-08 17:00:00+00:00,Indianapolis Colts,Houston Texans,fanduel,FanDuel,2024-09-08T16:25:12Z,player_rush_yds,2024-09-08T16:25:18Z,C.J. Stroud,6.5,-115.0,-105,2024-09-08,IND,HOU,cj stroud,2024,1,C.J. Stroud,HOU,QB,234.0,13.0,0.0,0.0,13.0,1,False,3.0,-3.0,49.0,False,True,-3.0,3.0,False,True,False,26.0,2024,1,13.0,6.5,True,False,0.5348837209302325,0.5121951219512195,0.04707884288145214,<20,coin_flip,dog_0_to_3,high_total_47_plus,1.8695652173913042,1.9523809523809523,0.8695652173913042,-1.0
2024-09-08T16:30:00Z,2024-09-08T16:25:38Z,2024-09-08T16:20:38Z,2024-09-08T16:30:38Z,60fdc65ee27ab7dbe07dc06ef35afadc,americanfootball_nfl,2024-09-08 17:00:00+00:00,Indianapolis Colts,Houston Texans,fanduel,FanDuel,2024-09-08T16:25:12Z,player_rush_yds,2024-09-08T16:25:18Z,Joe Mixon,58.5,-110.0,-110,2024-09-08,IND,HOU,joe mixon,2024,1,Joe Mixon,HOU,RB,0.0,159.0,19.0,3.0,159.0,1,False,3.0,-3.0,49.0,False,True,-3.0,3.0,False,True,False,26.0,2024,1,159.0,100.5,True,False,0.5238095238095238,0.5238095238095238,0.04761904761904767,40-60,coin_flip,dog_0_to_3,high_total_47_plus,1.9090909090909092,1.9090909090909092,0.9090909090909092,-1.0
2024-09-08T16:30:00Z,2024-09-08T16:25:38Z,2024-09-08T16:20:38Z,2024-09-08T16:30:38Z,60fdc65ee27ab7dbe07dc06ef35afadc,americanfootball_nfl,2024-09-08 17:00:00+00:00,Indianapolis Colts,Houston Texans,fanduel,FanDuel,2024-09-08T16:25:12Z,player_rush_yds,2024-09-08T16:25:18Z,Jonathan Taylor,72.5,-110.0,-110,2024-09-08,IND,HOU,jonathan taylor,2024,1,Jonathan Taylor,IND,RB,0.0,48.0,0.0,0.0,48.0,0,False,3.0,-3.0,49.0,True,False,3.0,-3.0,True,False,False,23.0,2024,1,48.0,-24.5,False,True,0.5238095238095238,0.5238095238095238,0.04761904761904767,60-80,coin_flip,favorite_0_to_3,high_total_47_plus,1.9090909090909092,1.9090909090909092,-1.0,0.9090909090909092
2024-09-08T16:30:00Z,2024-09-08T16:25:38Z,2024-09-08T16:20:38Z,2024-09-08T16:30:38Z,8c0e75b0a4ea07212e741acf25ad96b6,americanfootball_nfl,2024-09-08 17:00:00+00:00,Miami Dolphins,Jacksonville Jaguars,fanduel,FanDuel,2024-09-08T16:25:12Z,player_rush_yds,2024-09-08T16:25:17Z,Travis Etienne Jr.,56.5,-110.0,-110,2024-09-08,MIA,JAX,travis etienne,2024,1,Travis Etienne,JAX,RB,0.0,44.0,15.0,2.0,44.0,0,False,-3.5,3.5,49.5,False,True,3.5,-3.5,True,False,False,23.0,2024,1,44.0,-12.5,False,True,0.5238095238095238,0.5238095238095238,0.04761904761904767,40-60,coin_flip,favorite_3_to_7,high_total_47_plus,1.9090909090909092,1.9090909090909092,-1.0,0.9090909090909092
2024-09-08T16:30:00Z,2024-09-08T16:25:38Z,2024-09-08T16:20:38Z,2024-09-08T16:30:38Z,8c0e75b0a4ea07212e741acf25ad96b6,americanfootball_nfl,2024-09-08 17:00:00+00:00,Miami Dolphins,Jacksonville Jaguars,fanduel,FanDuel,2024-09-08T16:25:12Z,player_rush_yds,2024-09-08T16:25:17Z,Tua Tagovailoa,3.5,-104.0,-118,2024-09-08,MIA,JAX,tua tagovailoa,2024,1,Tua Tagovailoa,MIA,QB,338.0,11.0,0.0,0.0,11.0,1,False,-3.5,3.5,49.5,True,False,-3.5,3.5,False,True,False,26.5,2024,1,11.0,7.5,True,False,0.5098039215686274,0.5412844036697247,0.05108832523835227,<20,coin_flip,dog_3_to_7,high_total_47_plus,1.9615384615384617,1.847457627118644,0.9615384615384617,-1.0
2024-09-08T16:30:00Z,2024-09-08T16:25:38Z,2024-09-08T16:20:38Z,2024-09-08T16:30:38Z,8c0e75b0a4ea07212e741acf25ad96b6,americanfootball_nfl,2024-09-08 17:00:00+00:00,Miami Dolphins,Jacksonville Jaguars,fanduel,FanDuel,2024-09-08T16:25:12Z,player_rush_yds,2024-09-08T16:25:17Z,Trevor Lawrence,16.5,-110.0,-110,2024-09-08,MIA,JAX,trevor lawrence,2024,1,Trevor Lawrence,JAX,QB,162.0,8.0,0.0,0.0,8.0,0,False,-3.5,3.5,49.5,False,True,3.5,-3.5,True,False,False,23.0,2024,1,8.0,-8.5,False,True,0.5238095238095238,0.5238095238095238,0.04761904761904767,<20,coin_flip,favorite_3_to_7,high_total_47_plus,1.9090909090909092,1.9090909090909092,-1.0,0.9090909090909092
2024-09-08T16:30:00Z,2024-09-08T16:25:38Z,2024-09-08T16:20:38Z,2024-09-08T16:30:38Z,8c0e75b0a4ea07212e741acf25ad96b6,americanfootball_nfl,2024-09-08 17:00:00+00:00,Miami Dolphins,Jacksonville Jaguars,fanduel,FanDuel,2024-09-08T16:25:12Z,player_rush_yds,2024-09-08T16:25:17Z,Raheem Mostert,43.5,-110.0,-110,2024-09-08,MIA,JAX,raheem mostert,2024,1,Raheem Mostert,MIA,RB,0.0,9.0,10.0,2.0,9.0,0,False,-3.5,3.5,49.5,True,False,-3.5,3.5,False,True,False,26.5,2024,1,9.0,-34.5,False,True,0.5238095238095238,0.5238095238095238,0.04761904761904767,40-60,coin_flip,dog_3_to_7,high_total_47_plus,1.9090909090909092,1.9090909090909092,-1.0,0.9090909090909092
2024-09-08T16:30:00Z,2024-09-08T16:25:38Z,2024-09-08T16:20:38Z,2024-09-08T16:30:38Z,8c0e75b0a4ea07212e741acf25ad96b6,americanfootball_nfl,2024-09-08 17:00:00+00:00,Miami Dolphins,Jacksonville Jaguars,fanduel,FanDuel,2024-09-08T16:25:12Z,player_rush_yds,2024-09-08T16:25:17Z,De'Von Achane,52.5,-110.0,-110,2024-09-08,MIA,JAX,devon achane,2024,1,Devon Achane,MIA,RB,0.0,24.0,76.0,7.0,24.0,0,False,-3.5,3.5,49.5,True,False,-3.5,3.5,False,True,False,26.5,2024,1,24.0,-28.5,False,True,0.5238095238095238,0.5238095238095238,0.04761904761904767,40-60,coin_flip,dog_3_to_7,high_total_47_plus,1.9090909090909092,1.9090909090909092,-1.0,0.9090909090909092
2024-09-08T16:30:00Z,2024-09-08T16:25:38Z,2024-09-08T16:20:38Z,2024-09-08T16:30:38Z,c483f5c8e0ee5f1f5abdd75870eeeffc,americanfootball_nfl,2024-09-08 17:00:00+00:00,New York Giants,Minnesota Vikings,fanduel,FanDuel,2024-09-08T16:25:12Z,player_rush_yds,2024-09-08T16:25:03Z,Devin Singletary,53.5,-110.0,-110,2024-09-08,NYG,MIN,devin singletary,2024,1,Devin Singletary,NYG,RB,0.0,37.0,15.0,4.0,37.0,0,False,1.0,-1.0,42.5,True,False,1.0,-1.0,True,False,False,20.75,2024,1,37.0,-16.5,False,True,0.5238095238095238,0.5238095238095238,0.04761904761904767,40-60,coin_flip,favorite_0_to_3,mid_total_42_47,1.9090909090909092,1.9090909090909092,-1.0,0.9090909090909092
2024-09-08T16:30:00Z,2024-09-08T16:25:38Z,2024-09-08T16:20:38Z,2024-09-08T16:30:38Z,c483f5c8e0ee5f1f5abdd75870eeeffc,americanfootball_nfl,2024-09-08 17:00:00+00:00,New York Giants,Minnesota Vikings,fanduel,FanDuel,2024-09-08T16:25:12Z,player_rush_yds,2024-09-08T16:25:03Z,Daniel Jones,27.5,-110.0,-110,2024-09-08,NYG,MIN,daniel jones,2024,1,Daniel Jones,NYG,QB,186.0,15.0,0.0,0.0,15.0,0,False,1.0,-1.0,42.5,True,False,1.0,-1.0,True,False,False,20.75,2024,1,15.0,-12.5,False,True,0.5238095238095238,0.5238095238095238,0.04761904761904767,20-40,coin_flip,favorite_0_to_3,mid_total_42_47,1.9090909090909092,1.9090909090909092,-1.0,0.9090909090909092
2024-09-08T16:30:00Z,2024-09-08T16:25:38Z,2024-09-08T16:20:38Z,2024-09-08T16:30:38Z,c483f5c8e0ee5f1f5abdd75870eeeffc,americanfootball_nfl,2024-09-08 17:00:00+00:00,New York Giants,Minnesota Vikings,fanduel,FanDuel,2024-09-08T16:25:12Z,player_rush_yds,2024-09-08T16:25:03Z,Sam Darnold,10.5,-110.0,-110,2024-09-08,NYG,MIN,sam darnold,2024,1,Sam Darnold,MIN,QB,208.0,3.0,0.0,0.0,3.0,0,False,1.0,-1.0,42.5,False,True,-1.0,1.0,False,True,False,21.75,2024,1,3.0,-7.5,False,True,0.5238095238095238,0.5238095238095238,0.04761904761904767,<20,coin_flip,dog_0_to_3,mid_total_42_47,1.9090909090909092,1.9090909090909092,-1.0,0.9090909090909092
2024-09-08T16:30:00Z,2024-09-08T16:25:38Z,2024-09-08T16:20:38Z,2024-09-08T16:30:38Z,c483f5c8e0ee5f1f5abdd75870eeeffc,americanfootball_nfl,2024-09-08 17:00:00+00:00,New York Giants,Minnesota Vikings,fanduel,FanDuel,2024-09-08T16:25:12Z,player_rush_yds,2024-09-08T16:25:03Z,Aaron Jones,54.5,-110.0,-110,2024-09-08,NYG,MIN,aaron jones,2024,1,Aaron Jones,MIN,RB,0.0,94.0,15.0,2.0,94.0,1,False,1.0,-1.0,42.5,False,True,-1.0,1.0,False,True,False,21.75,2024,1,94.0,39.5,True,False,0.5238095238095238,0.5238095238095238,0.04761904761904767,40-60,coin_flip,dog_0_to_3,mid_total_42_47,1.9090909090909092,1.9090909090909092,0.9090909090909092,-1.0
2024-09-08T16:30:00Z,2024-09-08T16:25:38Z,2024-09-08T16:20:38Z,2024-09-08T16:30:38Z,c483f5c8e0ee5f1f5abdd75870eeeffc,americanfootball_nfl,2024-09-08 17:00:00+00:00,New York Giants,Minnesota Vikings,fanduel,FanDuel,2024-09-08T16:25:12Z,player_rush_yds,2024-09-08T16:25:03Z,Ty Chandler,29.5,-110.0,-110,2024-09-08,NYG,MIN,ty chandler,2024,1,Ty Chandler,MIN,RB,0.0,17.0,25.0,3.0,17.0,0,False,1.0,-1.0,42.5,False,True,-1.0,1.0,False,True,False,21.75,2024,1,17.0,-12.5,False,True,0.5238095238095238,0.5238095238095238,0.04761904761904767,20-40,coin_flip,dog_0_to_3,mid_total_42_47,1.9090909090909092,1.9090909090909092,-1.0,0.9090909090909092
2024-09-08T19:35:00Z,2024-09-08T19:30:38Z,2024-09-08T19:25:38Z,2024-09-08T19:35:38Z,afb7e137dbb2a3de38d2d3cb68897e3b,americanfootball_nfl,2024-09-08 20:05:00+00:00,Seattle Seahawks,Denver Broncos,fanduel,FanDuel,2024-09-08T19:29:31Z,player_rush_yds,2024-09-08T19:29:05Z,Kenneth Walker III,67.5,-110.0,-110,2024-09-08,SEA,DEN,kenneth walker,2024,1,Kenneth Walker,SEA,RB,0.0,103.0,6.0,2.0,103.0,1,False,-6.5,6.5,42.0,True,False,-6.5,6.5,False,True,False,24.25,2024,1,103.0,35.5,True,False,0.5238095238095238,0.5238095238095238,0.04761904761904767,60-80,coin_flip,dog_3_to_7,mid_total_42_47,1.9090909090909092,1.9090909090909092,0.9090909090909092,-1.0
2024-09-08T19:35:00Z,2024-09-08T19:30:38Z,2024-09-08T19:25:38Z,2024-09-08T19:35:38Z,afb7e137dbb2a3de38d2d3cb68897e3b,americanfootball_nfl,2024-09-08 20:05:00+00:00,Seattle Seahawks,Denver Broncos,fanduel,FanDuel,2024-09-08T19:29:31Z,player_rush_yds,2024-09-08T19:29:05Z,Bo Nix,19.5,-110.0,-110,2024-09-08,SEA,DEN,bo nix,2024,1,Bo Nix,DEN,QB,138.0,35.0,0.0,0.0,35.0,1,False,-6.5,6.5,42.0,False,True,6.5,-6.5,True,False,False,17.75,2024,1,35.0,15.5,True,False,0.5238095238095238,0.5238095238095238,0.04761904761904767,<20,coin_flip,favorite_3_to_7,mid_total_42_47,1.9090909090909092,1.9090909090909092,0.9090909090909092,-1.0
2024-09-08T19:35:00Z,2024-09-08T19:30:38Z,2024-09-08T19:25:38Z,2024-09-08T19:35:38Z,afb7e137dbb2a3de38d2d3cb68897e3b,americanfootball_nfl,2024-09-08 20:05:00+00:00,Seattle Seahawks,Denver Broncos,fanduel,FanDuel,2024-09-08T19:29:31Z,player_rush_yds,2024-09-08T19:29:05Z,Jaleel McLaughlin,23.5,-110.0,-110,2024-09-08,SEA,DEN,jaleel mclaughlin,2024,1,Jaleel McLaughlin,DEN,RB,0.0,27.0,1.0,5.0,27.0,1,False,-6.5,6.5,42.0,False,True,6.5,-6.5,True,False,False,17.75,2024,1,27.0,3.5,True,False,0.5238095238095238,0.5238095238095238,0.04761904761904767,20-40,coin_flip,favorite_3_to_7,mid_total_42_47,1.9090909090909092,1.9090909090909092,0.9090909090909092,-1.0
2024-09-08T19:35:00Z,2024-09-08T19:30:38Z,2024-09-08T19:25:38Z,2024-09-08T19:35:38Z,afb7e137dbb2a3de38d2d3cb68897e3b,americanfootball_nfl,2024-09-08 20:05:00+00:00,Seattle Seahawks,Denver Broncos,fanduel,FanDuel,2024-09-08T19:29:31Z,player_rush_yds,2024-09-08T19:29:05Z,Geno Smith,9.5,-110.0,-110,2024-09-08,SEA,DEN,geno smith,2024,1,Geno Smith,SEA,QB,171.0,30.0,0.0,0.0,30.0,1,False,-6.5,6.5,42.0,True,False,-6.5,6.5,False,True,False,24.25,2024,1,30.0,20.5,True,False,0.5238095238095238,0.5238095238095238,0.04761904761904767,<20,coin_flip,dog_3_to_7,mid_total_42_47,1.9090909090909092,1.9090909090909092,0.9090909090909092,-1.0
2024-09-08T19:35:00Z,2024-09-08T19:30:38Z,2024-09-08T19:25:38Z,2024-09-08T19:35:38Z,afb7e137dbb2a3de38d2d3cb68897e3b,americanfootball_nfl,2024-09-08 20:05:00+00:00,Seattle Seahawks,Denver Broncos,fanduel,FanDuel,2024-09-08T19:29:31Z,player_rush_yds,2024-09-08T19:29:05Z,Zach Charbonnet,25.5,-110.0,-110,2024-09-08,SEA,DEN,zach charbonnet,2024,1,Zach Charbonnet,SEA,RB,0.0,12.0,29.0,2.0,12.0,0,False,-6.5,6.5,42.0,True,False,-6.5,6.5,False,True,False,24.25,2024,1,12.0,-13.5,False,True,0.5238095238095238,0.5238095238095238,0.04761904761904767,20-40,coin_flip,dog_3_to_7,mid_total_42_47,1.9090909090909092,1.9090909090909092,-1.0,0.9090909090909092
2024-09-08T19:35:00Z,2024-09-08T19:30:38Z,2024-09-08T19:25:38Z,2024-09-08T19:35:38Z,afb7e137dbb2a3de38d2d3cb68897e3b,americanfootball_nfl,2024-09-08 20:05:00+00:00,Seattle Seahawks,Denver Broncos,fanduel,FanDuel,2024-09-08T19:29:31Z,player_rush_yds,2024-09-08T19:29:05Z,Javonte Williams,53.5,-110.0,-110,2024-09-08,SEA,DEN,javonte williams,2024,1,Javonte Williams,DEN,RB,0.0,23.0,0.0,1.0,23.0,0,False,-6.5,6.5,42.0,False,True,6.5,-6.5,True,False,False,17.75,2024,1,23.0,-30.5,False,True,0.5238095238095238,0.5238095238095238,0.04761904761904767,40-60,coin_flip,favorite_3_to_7,mid_total_42_47,1.9090909090909092,1.9090909090909092,-1.0,0.9090909090909092
2024-09-08T19:35:00Z,2024-09-08T19:30:38Z,2024-09-08T19:25:38Z,2024-09-08T19:35:38Z,a2f9dcdf49ccacf33036a0b795413a6e,americanfootball_nfl,2024-09-08 20:05:00+00:00,Los Angeles Chargers,Las Vegas Raiders,fanduel,FanDuel,2024-09-08T19:29:31Z,player_rush_yds,2024-09-08T19:28:41Z,Alexander Mattison,15.5,-110.0,-110,2024-09-08,LAC,LV,alexander mattison,2024,1,Alexander Mattison,LV,RB,0.0,19.0,43.0,4.0,19.0,1,False,-3.0,3.0,41.0,False,True,3.0,-3.0,True,False,False,19.0,2024,1,19.0,3.5,True,False,0.5238095238095238,0.5238095238095238,0.04761904761904767,<20,coin_flip,favorite_0_to_3,low_total_<42,1.9090909090909092,1.9090909090909092,0.9090909090909092,-1.0
2024-09-08T19:35:00Z,2024-09-08T19:30:38Z,2024-09-08T19:25:38Z,2024-09-08T19:35:38Z,a2f9dcdf49ccacf33036a0b795413a6e,americanfootball_nfl,2024-09-08 20:05:00+00:00,Los Angeles Chargers,Las Vegas Raiders,fanduel,FanDuel,2024-09-08T19:29:31Z,player_rush_yds,2024-09-08T19:28:41Z,Justin Herbert,11.5,-110.0,-110,2024-09-08,LAC,LV,justin herbert,2024,1,Justin Herbert,LAC,QB,144.0,6.0,0.0,0.0,6.0,0,False,-3.0,3.0,41.0,True,False,-3.0,3.0,False,True,False,22.0,2024,1,6.0,-5.5,False,True,0.5238095238095238,0.5238095238095238,0.04761904761904767,<20,coin_flip,dog_0_to_3,low_total_<42,1.9090909090909092,1.9090909090909092,-1.0,0.9090909090909092
2024-09-08T19:35:00Z,2024-09-08T19:30:38Z,2024-09-08T19:25:38Z,2024-09-08T19:35:38Z,a2f9dcdf49ccacf33036a0b795413a6e,americanfootball_nfl,2024-09-08 20:05:00+00:00,Los Angeles Chargers,Las Vegas Raiders,fanduel,FanDuel,2024-09-08T19:29:31Z,player_rush_yds,2024-09-08T19:28:41Z,Zamir White,59.5,-110.0,-110,2024-09-08,LAC,LV,zamir white,2024,1,Zamir White,LV,RB,0.0,44.0,2.0,2.0,44.0,0,False,-3.0,3.0,41.0,False,True,3.0,-3.0,True,False,False,19.0,2024,1,44.0,-15.5,False,True,0.5238095238095238,0.5238095238095238,0.04761904761904767,40-60,coin_flip,favorite_0_to_3,low_total_<42,1.9090909090909092,1.9090909090909092,-1.0,0.9090909090909092
2024-09-08T19:35:00Z,2024-09-08T19:30:38Z,2024-09-08T19:25:38Z,2024-09-08T19:35:38Z,a2f9dcdf49ccacf33036a0b795413a6e,americanfootball_nfl,2024-09-08 20:05:00+00:00,Los Angeles Chargers,Las Vegas Raiders,fanduel,FanDuel,2024-09-08T19:29:31Z,player_rush_yds,2024-09-08T19:28:41Z,Gardner Minshew,6.5,-110.0,-110,2024-09-08,LAC,LV,gardner minshew,2024,1,Gardner Minshew,LV,QB,257.0,5.0,0.0,0.0,5.0,0,False,-3.0,3.0,41.0,False,True,3.0,-3.0,True,False,False,19.0,2024,1,5.0,-1.5,False,True,0.5238095238095238,0.5238095238095238,0.04761904761904767,<20,coin_flip,favorite_0_to_3,low_total_<42,1.9090909090909092,1.9090909090909092,-1.0,0.9090909090909092
2024-09-08T19:35:00Z,2024-09-08T19:30:38Z,2024-09-08T19:25:38Z,2024-09-08T19:35:38Z,a2f9dcdf49ccacf33036a0b795413a6e,americanfootball_nfl,2024-09-08 20:05:00+00:00,Los Angeles Chargers,Las Vegas Raiders,fanduel,FanDuel,2024-09-08T19:29:31Z,player_rush_yds,2024-09-08T19:28:41Z,J.K. Dobbins,36.5,-110.0,-110,2024-09-08,LAC,LV,jk dobbins,2024,1,J.K. Dobbins,LAC,RB,0.0,135.0,4.0,3.0,135.0,1,False,-3.0,3.0,41.0,True,False,-3.0,3.0,False,True,False,22.0,2024,1,135.0,98.5,True,False,0.5238095238095238,0.5238095238095238,0.04761904761904767,20-40,coin_flip,dog_0_to_3,low_total_<42,1.9090909090909092,1.9090909090909092,0.9090909090909092,-1.0
2024-09-08T19:35:00Z,2024-09-08T19:30:38Z,2024-09-08T19:25:38Z,2024-09-08T19:35:38Z,a2f9dcdf49ccacf33036a0b795413a6e,americanfootball_nfl,2024-09-08 20:05:00+00:00,Los Angeles Chargers,Las Vegas Raiders,fanduel,FanDuel,2024-09-08T19:29:31Z,player_rush_yds,2024-09-08T19:28:41Z,Gus Edwards,45.5,-110.0,-110,2024-09-08,LAC,LV,gus edwards,2024,1,Gus Edwards,LAC,RB,0.0,26.0,2.0,1.0,26.0,0,False,-3.0,3.0,41.0,True,False,-3.0,3.0,False,True,False,22.0,2024,1,26.0,-19.5,False,True,0.5238095238095238,0.5238095238095238,0.04761904761904767,40-60,coin_flip,dog_0_to_3,low_total_<42,1.9090909090909092,1.9090909090909092,-1.0,0.9090909090909092
2024-09-08T19:55:00Z,2024-09-08T19:50:38Z,2024-09-08T19:45:38Z,2024-09-08T19:55:38Z,a1682ca5d9e0c4b14d19ed69d6299806,americanfootball_nfl,2024-09-08 20:25:00+00:00,Cleveland Browns,Dallas Cowboys,fanduel,FanDuel,2024-09-08T19:48:32Z,player_rush_yds,2024-09-08T19:49:11Z,Ezekiel Elliott,32.5,-110.0,-110,2024-09-08,CLE,DAL,ezekiel elliott,2024,1,Ezekiel Elliott,DAL,RB,0.0,40.0,9.0,2.0,40.0,1,False,-2.5,2.5,42.0,False,True,2.5,-2.5,True,False,False,19.75,2024,1,40.0,7.5,True,False,0.5238095238095238,0.5238095238095238,0.04761904761904767,20-40,coin_flip,favorite_0_to_3,mid_total_42_47,1.9090909090909092,1.9090909090909092,0.9090909090909092,-1.0
2024-09-08T19:55:00Z,2024-09-08T19:50:38Z,2024-09-08T19:45:38Z,2024-09-08T19:55:38Z,a1682ca5d9e0c4b14d19ed69d6299806,americanfootball_nfl,2024-09-08 20:25:00+00:00,Cleveland Browns,Dallas Cowboys,fanduel,FanDuel,2024-09-08T19:48:32Z,player_rush_yds,2024-09-08T19:49:11Z,Rico Dowdle,34.5,-110.0,-110,2024-09-08,CLE,DAL,rico dowdle,2024,1,Rico Dowdle,DAL,RB,0.0,26.0,6.0,1.0,26.0,0,False,-2.5,2.5,42.0,False,True,2.5,-2.5,True,False,False,19.75,2024,1,26.0,-8.5,False,True,0.5238095238095238,0.5238095238095238,0.04761904761904767,20-40,coin_flip,favorite_0_to_3,mid_total_42_47,1.9090909090909092,1.9090909090909092,-1.0,0.9090909090909092
2024-09-08T19:55:00Z,2024-09-08T19:50:38Z,2024-09-08T19:45:38Z,2024-09-08T19:55:38Z,a1682ca5d9e0c4b14d19ed69d6299806,americanfootball_nfl,2024-09-08 20:25:00+00:00,Cleveland Browns,Dallas Cowboys,fanduel,FanDuel,2024-09-08T19:48:32Z,player_rush_yds,2024-09-08T19:49:11Z,Jerome Ford,49.5,-110.0,-110,2024-09-08,CLE,DAL,jerome ford,2024,1,Jerome Ford,CLE,RB,0.0,44.0,25.0,6.0,44.0,0,False,-2.5,2.5,42.0,True,False,-2.5,2.5,False,True,False,22.25,2024,1,44.0,-5.5,False,True,0.5238095238095238,0.5238095238095238,0.04761904761904767,40-60,coin_flip,dog_0_to_3,mid_total_42_47,1.9090909090909092,1.9090909090909092,-1.0,0.9090909090909092
2024-09-08T19:55:00Z,2024-09-08T19:50:38Z,2024-09-08T19:45:38Z,2024-09-08T19:55:38Z,a1682ca5d9e0c4b14d19ed69d6299806,americanfootball_nfl,2024-09-08 20:25:00+00:00,Cleveland Browns,Dallas Cowboys,fanduel,FanDuel,2024-09-08T19:48:32Z,player_rush_yds,2024-09-08T19:49:11Z,Dak Prescott,11.5,-110.0,-110,2024-09-08,CLE,DAL,dak prescott,2024,1,Dak Prescott,DAL,QB,179.0,3.0,0.0,0.0,3.0,0,False,-2.5,2.5,42.0,False,True,2.5,-2.5,True,False,False,19.75,2024,1,3.0,-8.5,False,True,0.5238095238095238,0.5238095238095238,0.04761904761904767,<20,coin_flip,favorite_0_to_3,mid_total_42_47,1.9090909090909092,1.9090909090909092,-1.0,0.9090909090909092
2024-09-08T19:55:00Z,2024-09-08T19:50:38Z,2024-09-08T19:45:38Z,2024-09-08T19:55:38Z,a1682ca5d9e0c4b14d19ed69d6299806,americanfootball_nfl,2024-09-08 20:25:00+00:00,Cleveland Browns,Dallas Cowboys,fanduel,FanDuel,2024-09-08T19:48:32Z,player_rush_yds,2024-09-08T19:49:11Z,Deshaun Watson,20.5,-115.0,-105,2024-09-08,CLE,DAL,deshaun watson,2024,1,Deshaun Watson,CLE,QB,169.0,39.0,0.0,0.0,39.0,1,False,-2.5,2.5,42.0,True,False,-2.5,2.5,False,True,False,22.25,2024,1,39.0,18.5,True,False,0.5348837209302325,0.5121951219512195,0.04707884288145214,20-40,coin_flip,dog_0_to_3,mid_total_42_47,1.8695652173913042,1.9523809523809523,0.8695652173913042,-1.0
2024-09-08T19:55:00Z,2024-09-08T19:50:38Z,2024-09-08T19:45:38Z,2024-09-08T19:55:38Z,ba439e5505ce1ee745d2e48f2d2f31e6,americanfootball_nfl,2024-09-08 20:25:00+00:00,Tampa Bay Buccaneers,Washington Commanders,fanduel,FanDuel,2024-09-08T19:48:32Z,player_rush_yds,2024-09-08T19:50:15Z,Jayden Daniels,40.5,-115.0,-105,2024-09-08,TB,WAS,jayden daniels,2024,1,Jayden Daniels,WAS,QB,184.0,88.0,0.0,0.0,88.0,1,False,-4.0,4.0,42.0,False,True,4.0,-4.0,True,False,False,19.0,2024,1,88.0,47.5,True,False,0.5348837209302325,0.5121951219512195,0.04707884288145214,40-60,coin_flip,favorite_3_to_7,mid_total_42_47,1.8695652173913042,1.9523809523809523,0.8695652173913042,-1.0
2024-09-08T19:55:00Z,2024-09-08T19:50:38Z,2024-09-08T19:45:38Z,2024-09-08T19:55:38Z,ba439e5505ce1ee745d2e48f2d2f31e6,americanfootball_nfl,2024-09-08 20:25:00+00:00,Tampa Bay Buccaneers,Washington Commanders,fanduel,FanDuel,2024-09-08T19:48:32Z,player_rush_yds,2024-09-08T19:50:15Z,Rachaad White,57.5,-110.0,-110,2024-09-08,TB,WAS,rachaad white,2024,1,Rachaad White,TB,RB,0.0,31.0,75.0,6.0,31.0,0,False,-4.0,4.0,42.0,True,False,-4.0,4.0,False,True,False,23.0,2024,1,31.0,-26.5,False,True,0.5238095238095238,0.5238095238095238,0.04761904761904767,40-60,coin_flip,dog_3_to_7,mid_total_42_47,1.9090909090909092,1.9090909090909092,-1.0,0.9090909090909092
2024-09-08T19:55:00Z,2024-09-08T19:50:38Z,2024-09-08T19:45:38Z,2024-09-08T19:55:38Z,ba439e5505ce1ee745d2e48f2d2f31e6,americanfootball_nfl,2024-09-08 20:25:00+00:00,Tampa Bay Buccaneers,Washington Commanders,fanduel,FanDuel,2024-09-08T19:48:32Z,player_rush_yds,2024-09-08T19:50:15Z,Baker Mayfield,7.5,-110.0,-110,2024-09-08,TB,WAS,baker mayfield,2024,1,Baker Mayfield,TB,QB,289.0,21.0,0.0,0.0,21.0,1,False,-4.0,4.0,42.0,True,False,-4.0,4.0,False,True,False,23.0,2024,1,21.0,13.5,True,False,0.5238095238095238,0.5238095238095238,0.04761904761904767,<20,coin_flip,dog_3_to_7,mid_total_42_47,1.9090909090909092,1.9090909090909092,0.9090909090909092,-1.0
2024-09-08T19:55:00Z,2024-09-08T19:50:38Z,2024-09-08T19:45:38Z,2024-09-08T19:55:38Z,ba439e5505ce1ee745d2e48f2d2f31e6,americanfootball_nfl,2024-09-08 20:25:00+00:00,Tampa Bay Buccaneers,Washington Commanders,fanduel,FanDuel,2024-09-08T19:48:32Z,player_rush_yds,2024-09-08T19:50:15Z,Brian Robinson Jr.,42.5,-110.0,-110,2024-09-08,TB,WAS,brian robinson,2024,1,Brian Robinson,WAS,RB,0.0,40.0,49.0,3.0,40.0,0,False,-4.0,4.0,42.0,False,True,4.0,-4.0,True,False,False,19.0,2024,1,40.0,-2.5,False,True,0.5238095238095238,0.5238095238095238,0.04761904761904767,40-60,coin_flip,favorite_3_to_7,mid_total_42_47,1.9090909090909092,1.9090909090909092,-1.0,0.9090909090909092
2024-09-08T19:55:00Z,2024-09-08T19:50:38Z,2024-09-08T19:45:38Z,2024-09-08T19:55:38Z,ba439e5505ce1ee745d2e48f2d2f31e6,americanfootball_nfl,2024-09-08 20:25:00+00:00,Tampa Bay Buccaneers,Washington Commanders,fanduel,FanDuel,2024-09-08T19:48:32Z,player_rush_yds,2024-09-08T19:50:15Z,Austin Ekeler,26.5,-110.0,-110,2024-09-08,TB,WAS,austin ekeler,2024,1,Austin Ekeler,WAS,RB,0.0,10.0,52.0,4.0,10.0,0,False,-4.0,4.0,42.0,False,True,4.0,-4.0,True,False,False,19.0,2024,1,10.0,-16.5,False,True,0.5238095238095238,0.5238095238095238,0.04761904761904767,20-40,coin_flip,favorite_3_to_7,mid_total_42_47,1.9090909090909092,1.9090909090909092,-1.0,0.9090909090909092
2024-09-08T19:55:00Z,2024-09-08T19:50:38Z,2024-09-08T19:45:38Z,2024-09-08T19:55:38Z,ba439e5505ce1ee745d2e48f2d2f31e6,americanfootball_nfl,2024-09-08 20:25:00+00:00,Tampa Bay Buccaneers,Washington Commanders,fanduel,FanDuel,2024-09-08T19:48:32Z,player_rush_yds,2024-09-08T19:50:15Z,Bucky Irving,19.5,-110.0,-110,2024-09-08,TB,WAS,bucky irving,2024,1,Bucky Irving,TB,RB,0.0,62.0,14.0,2.0,62.0,1,False,-4.0,4.0,42.0,True,False,-4.0,4.0,False,True,False,23.0,2024,1,62.0,42.5,True,False,0.5238095238095238,0.5238095238095238,0.04761904761904767,<20,coin_flip,dog_3_to_7,mid_total_42_47,1.9090909090909092,1.9090909090909092,0.9090909090909092,-1.0
2024-09-08T23:50:00Z,2024-09-08T23:45:38Z,2024-09-08T23:40:38Z,2024-09-08T23:50:38Z,fa20351fa9ca26c47f93abc8a9b2c941,americanfootball_nfl,2024-09-09 00:20:00+00:00,Detroit Lions,Los Angeles Rams,fanduel,FanDuel,2024-09-08T23:45:22Z,player_rush_yds,2024-09-08T23:44:12Z,Kyren Williams,58.5,-110.0,-110,2024-09-08,DET,LAR,kyren williams,2024,1,Kyren Williams,LAR,RB,0.0,50.0,4.0,3.0,50.0,0,False,-5.0,5.0,54.0,False,True,5.0,-5.0,True,False,False,24.5,2024,1,50.0,-8.5,False,True,0.5238095238095238,0.5238095238095238,0.04761904761904767,40-60,coin_flip,favorite_3_to_7,high_total_47_plus,1.9090909090909092,1.9090909090909092,-1.0,0.9090909090909092
2024-09-08T23:50:00Z,2024-09-08T23:45:38Z,2024-09-08T23:40:38Z,2024-09-08T23:50:38Z,fa20351fa9ca26c47f93abc8a9b2c941,americanfootball_nfl,2024-09-09 00:20:00+00:00,Detroit Lions,Los Angeles Rams,fanduel,FanDuel,2024-09-08T23:45:22Z,player_rush_yds,2024-09-08T23:44:12Z,David Montgomery,57.5,-110.0,-110,2024-09-08,DET,LAR,david montgomery,2024,1,David Montgomery,DET,RB,0.0,91.0,2.0,1.0,91.0,1,False,-5.0,5.0,54.0,True,False,-5.0,5.0,False,True,False,29.5,2024,1,91.0,33.5,True,False,0.5238095238095238,0.5238095238095238,0.04761904761904767,40-60,coin_flip,dog_3_to_7,high_total_47_plus,1.9090909090909092,1.9090909090909092,0.9090909090909092,-1.0
2024-09-08T23:50:00Z,2024-09-08T23:45:38Z,2024-09-08T23:40:38Z,2024-09-08T23:50:38Z,fa20351fa9ca26c47f93abc8a9b2c941,americanfootball_nfl,2024-09-09 00:20:00+00:00,Detroit Lions,Los Angeles Rams,fanduel,FanDuel,2024-09-08T23:45:22Z,player_rush_yds,2024-09-08T23:44:12Z,Jahmyr Gibbs,52.5,-110.0,-110,2024-09-08,DET,LAR,jahmyr gibbs,2024,1,Jahmyr Gibbs,DET,RB,0.0,40.0,34.0,4.0,40.0,0,False,-5.0,5.0,54.0,True,False,-5.0,5.0,False,True,False,29.5,2024,1,40.0,-12.5,False,True,0.5238095238095238,0.5238095238095238,0.04761904761904767,40-60,coin_flip,dog_3_to_7,high_total_47_plus,1.9090909090909092,1.9090909090909092,-1.0,0.9090909090909092
2024-09-09T23:50:00Z,2024-09-09T23:45:38Z,2024-09-09T23:40:38Z,2024-09-09T23:50:39Z,d94f808523ced7460f7c88c758c481f5,americanfootball_nfl,2024-09-10 00:20:00+00:00,San Francisco 49ers,New York Jets,fanduel,FanDuel,2024-09-09T23:45:33Z,player_rush_yds,2024-09-09T23:44:39Z,Deebo Samuel,22.5,-110.0,-110,2024-09-09,SF,NYJ,deebo samuel,2024,1,Deebo Samuel,SF,WR,0.0,23.0,54.0,5.0,23.0,1,False,-3.5,3.5,43.0,True,False,-3.5,3.5,False,True,False,23.25,2024,1,23.0,0.5,True,False,0.5238095238095238,0.5238095238095238,0.04761904761904767,20-40,coin_flip,dog_3_to_7,mid_total_42_47,1.9090909090909092,1.9090909090909092,0.9090909090909092,-1.0
2024-09-09T23:50:00Z,2024-09-09T23:45:38Z,2024-09-09T23:40:38Z,2024-09-09T23:50:39Z,d94f808523ced7460f7c88c758c481f5,americanfootball_nfl,2024-09-10 00:20:00+00:00,San Francisco 49ers,New York Jets,fanduel,FanDuel,2024-09-09T23:45:33Z,player_rush_yds,2024-09-09T23:44:39Z,Braelon Allen,11.5,-110.0,-110,2024-09-09,SF,NYJ,braelon allen,2024,1,Braelon Allen,NYJ,RB,0.0,8.0,9.0,1.0,8.0,0,False,-3.5,3.5,43.0,False,True,3.5,-3.5,True,False,False,19.75,2024,1,8.0,-3.5,False,True,0.5238095238095238,0.5238095238095238,0.04761904761904767,<20,coin_flip,favorite_3_to_7,mid_total_42_47,1.9090909090909092,1.9090909090909092,-1.0,0.9090909090909092
2024-09-09T23:50:00Z,2024-09-09T23:45:38Z,2024-09-09T23:40:38Z,2024-09-09T23:50:39Z,d94f808523ced7460f7c88c758c481f5,americanfootball_nfl,2024-09-10 00:20:00+00:00,San Francisco 49ers,New York Jets,fanduel,FanDuel,2024-09-09T23:45:33Z,player_rush_yds,2024-09-09T23:44:39Z,Brock Purdy,7.5,-110.0,-110,2024-09-09,SF,NYJ,brock purdy,2024,1,Brock Purdy,SF,QB,231.0,11.0,0.0,0.0,11.0,1,False,-3.5,3.5,43.0,True,False,-3.5,3.5,False,True,False,23.25,2024,1,11.0,3.5,True,False,0.5238095238095238,0.5238095238095238,0.04761904761904767,<20,coin_flip,dog_3_to_7,mid_total_42_47,1.9090909090909092,1.9090909090909092,0.9090909090909092,-1.0
2024-09-09T23:50:00Z,2024-09-09T23:45:38Z,2024-09-09T23:40:38Z,2024-09-09T23:50:39Z,d94f808523ced7460f7c88c758c481f5,americanfootball_nfl,2024-09-10 00:20:00+00:00,San Francisco 49ers,New York Jets,fanduel,FanDuel,2024-09-09T23:45:33Z,player_rush_yds,2024-09-09T23:44:39Z,Aaron Rodgers,2.5,116.0,-142,2024-09-09,SF,NYJ,aaron rodgers,2024,1,Aaron Rodgers,NYJ,QB,167.0,-1.0,0.0,0.0,-1.0,0,False,-3.5,3.5,43.0,False,True,3.5,-3.5,True,False,False,19.75,2024,1,-1.0,-3.5,False,True,0.46296296296296297,0.5867768595041323,0.049739822467095296,<20,plus_money,favorite_3_to_7,mid_total_42_47,2.16,1.704225352112676,-1.0,0.704225352112676
2024-09-09T23:50:00Z,2024-09-09T23:45:38Z,2024-09-09T23:40:38Z,2024-09-09T23:50:39Z,d94f808523ced7460f7c88c758c481f5,americanfootball_nfl,2024-09-10 00:20:00+00:00,San Francisco 49ers,New York Jets,fanduel,FanDuel,2024-09-09T23:45:33Z,player_rush_yds,2024-09-09T23:44:39Z,Jordan Mason,58.5,-110.0,-110,2024-09-09,SF,NYJ,jordan mason,2024,1,Jordan Mason,SF,RB,0.0,147.0,5.0,1.0,147.0,1,False,-3.5,3.5,43.0,True,False,-3.5,3.5,False,True,False,23.25,2024,1,147.0,88.5,True,False,0.5238095238095238,0.5238095238095238,0.04761904761904767,40-60,coin_flip,dog_3_to_7,mid_total_42_47,1.9090909090909092,1.9090909090909092,0.9090909090909092,-1.0
2024-09-09T23:50:00Z,2024-09-09T23:45:38Z,2024-09-09T23:40:38Z,2024-09-09T23:50:39Z,d94f808523ced7460f7c88c758c481f5,americanfootball_nfl,2024-09-10 00:20:00+00:00,San Francisco 49ers,New York Jets,fanduel,FanDuel,2024-09-09T23:45:33Z,player_rush_yds,2024-09-09T23:44:39Z,Breece Hall,64.5,-110.0,-110,2024-09-09,SF,NYJ,breece hall,2024,1,Breece Hall,NYJ,RB,0.0,54.0,39.0,5.0,54.0,0,False,-3.5,3.5,43.0,False,True,3.5,-3.5,True,False,False,19.75,2024,1,54.0,-10.5,False,True,0.5238095238095238,0.5238095238095238,0.04761904761904767,60-80,coin_flip,favorite_3_to_7,mid_total_42_47,1.9090909090909092,1.9090909090909092,-1.0,0.9090909090909092
2024-09-12T23:50:00Z,2024-09-12T23:45:39Z,2024-09-12T23:40:39Z,2024-09-12T23:50:39Z,ddd9b67cf1d68282e1e8652000c0d015,americanfootball_nfl,2024-09-13 00:20:00+00:00,Miami Dolphins,Buffalo Bills,fanduel,FanDuel,2024-09-12T23:43:23Z,player_rush_yds,2024-09-12T23:45:12Z,De'Von Achane,52.5,-110.0,-110,2024-09-12,MIA,BUF,devon achane,2024,2,Devon Achane,MIA,RB,0.0,96.0,69.0,7.0,96.0,1,False,-2.5,2.5,48.5,True,False,-2.5,2.5,False,True,False,25.5,2024,2,96.0,43.5,True,False,0.5238095238095238,0.5238095238095238,0.04761904761904767,40-60,coin_flip,dog_0_to_3,high_total_47_plus,1.9090909090909092,1.9090909090909092,0.9090909090909092,-1.0
2024-09-12T23:50:00Z,2024-09-12T23:45:39Z,2024-09-12T23:40:39Z,2024-09-12T23:50:39Z,ddd9b67cf1d68282e1e8652000c0d015,americanfootball_nfl,2024-09-13 00:20:00+00:00,Miami Dolphins,Buffalo Bills,fanduel,FanDuel,2024-09-12T23:43:23Z,player_rush_yds,2024-09-12T23:45:12Z,Ray Davis,8.5,-110.0,-110,2024-09-12,MIA,BUF,ray davis,2024,2,Ray Davis,BUF,RB,0.0,29.0,-1.0,1.0,29.0,1,False,-2.5,2.5,48.5,False,True,2.5,-2.5,True,False,False,23.0,2024,2,29.0,20.5,True,False,0.5238095238095238,0.5238095238095238,0.04761904761904767,<20,coin_flip,favorite_0_to_3,high_total_47_plus,1.9090909090909092,1.9090909090909092,0.9090909090909092,-1.0
2024-09-12T23:50:00Z,2024-09-12T23:45:39Z,2024-09-12T23:40:39Z,2024-09-12T23:50:39Z,ddd9b67cf1d68282e1e8652000c0d015,americanfootball_nfl,2024-09-13 00:20:00+00:00,Miami Dolphins,Buffalo Bills,fanduel,FanDuel,2024-09-12T23:43:23Z,player_rush_yds,2024-09-12T23:45:12Z,Josh Allen,37.5,-110.0,-110,2024-09-12,MIA,BUF,josh allen,2024,2,Josh Allen,BUF,QB,139.0,2.0,0.0,0.0,2.0,0,False,-2.5,2.5,48.5,False,True,2.5,-2.5,True,False,False,23.0,2024,2,2.0,-35.5,False,True,0.5238095238095238,0.5238095238095238,0.04761904761904767,20-40,coin_flip,favorite_0_to_3,high_total_47_plus,1.9090909090909092,1.9090909090909092,-1.0,0.9090909090909092
2024-09-12T23:50:00Z,2024-09-12T23:45:39Z,2024-09-12T23:40:39Z,2024-09-12T23:50:39Z,ddd9b67cf1d68282e1e8652000c0d015,americanfootball_nfl,2024-09-13 00:20:00+00:00,Miami Dolphins,Buffalo Bills,fanduel,FanDuel,2024-09-12T23:43:23Z,player_rush_yds,2024-09-12T23:45:12Z,James Cook,59.5,-110.0,-110,2024-09-12,MIA,BUF,james cook,2024,2,James Cook,BUF,RB,0.0,78.0,17.0,1.0,78.0,1,False,-2.5,2.5,48.5,False,True,2.5,-2.5,True,False,False,23.0,2024,2,78.0,18.5,True,False,0.5238095238095238,0.5238095238095238,0.04761904761904767,40-60,coin_flip,favorite_0_to_3,high_total_47_plus,1.9090909090909092,1.9090909090909092,0.9090909090909092,-1.0
2024-09-12T23:50:00Z,2024-09-12T23:45:39Z,2024-09-12T23:40:39Z,2024-09-12T23:50:39Z,ddd9b67cf1d68282e1e8652000c0d015,americanfootball_nfl,2024-09-13 00:20:00+00:00,Miami Dolphins,Buffalo Bills,fanduel,FanDuel,2024-09-12T23:43:23Z,player_rush_yds,2024-09-12T23:45:12Z,Tua Tagovailoa,4.5,-110.0,-110,2024-09-12,MIA,BUF,tua tagovailoa,2024,2,Tua Tagovailoa,MIA,QB,145.0,17.0,0.0,0.0,17.0,1,False,-2.5,2.5,48.5,True,False,-2.5,2.5,False,True,False,25.5,2024,2,17.0,12.5,True,False,0.5238095238095238,0.5238095238095238,0.04761904761904767,<20,coin_flip,dog_0_to_3,high_total_47_plus,1.9090909090909092,1.9090909090909092,0.9090909090909092,-1.0
2024-09-16T23:46:00Z,2024-09-16T23:45:39Z,2024-09-16T23:40:41Z,2024-09-16T23:50:38Z,2cefb0f9bcf18ed3f64396174ece14ad,americanfootball_nfl,2024-09-17 00:15:00+00:00,Philadelphia Eagles,Atlanta Falcons,fanduel,FanDuel,2024-09-16T23:45:24Z,player_rush_yds,2024-09-16T23:45:12Z,Jalen Hurts,37.5,-110.0,-110,2024-09-16,PHI,ATL,jalen hurts,2024,2,Jalen Hurts,PHI,QB,183.0,85.0,0.0,0.0,85.0,1,False,-5.5,5.5,46.5,True,False,-5.5,5.5,False,True,False,26.0,2024,2,85.0,47.5,True,False,0.5238095238095238,0.5238095238095238,0.04761904761904767,20-40,coin_flip,dog_3_to_7,mid_total_42_47,1.9090909090909092,1.9090909090909092,0.9090909090909092,-1.0
2024-10-03T23:45:00Z,2024-10-03T23:40:39Z,2024-10-03T23:35:38Z,2024-10-03T23:45:39Z,b516611a4ade7c4d55fcde561ed71328,americanfootball_nfl,2024-10-04 00:15:00+00:00,Atlanta Falcons,Tampa Bay Buccaneers,fanduel,FanDuel,2024-10-03T23:39:46Z,player_rush_yds,2024-10-03T23:40:54Z,Bucky Irving,45.5,-110.0,-110,2024-10-03,ATL,TB,bucky irving,2024,5,Bucky Irving,TB,RB,0.0,44.0,12.0,2.0,44.0,0,False,-2.5,2.5,44.0,False,True,2.5,-2.5,True,False,False,20.75,2024,5,44.0,-1.5,False,True,0.5238095238095238,0.5238095238095238,0.04761904761904767,40-60,coin_flip,favorite_0_to_3,mid_total_42_47,1.9090909090909092,1.9090909090909092,-1.0,0.9090909090909092
2024-10-03T23:45:00Z,2024-10-03T23:40:39Z,2024-10-03T23:35:38Z,2024-10-03T23:45:39Z,b516611a4ade7c4d55fcde561ed71328,americanfootball_nfl,2024-10-04 00:15:00+00:00,Atlanta Falcons,Tampa Bay Buccaneers,fanduel,FanDuel,2024-10-03T23:39:46Z,player_rush_yds,2024-10-03T23:40:54Z,Rachaad White,34.5,-110.0,-110,2024-10-03,ATL,TB,rachaad white,2024,5,Rachaad White,TB,RB,0.0,72.0,-6.0,3.0,72.0,1,False,-2.5,2.5,44.0,False,True,2.5,-2.5,True,False,False,20.75,2024,5,72.0,37.5,True,False,0.5238095238095238,0.5238095238095238,0.04761904761904767,20-40,coin_flip,favorite_0_to_3,mid_total_42_47,1.9090909090909092,1.9090909090909092,0.9090909090909092,-1.0
2024-10-03T23:45:00Z,2024-10-03T23:40:39Z,2024-10-03T23:35:38Z,2024-10-03T23:45:39Z,b516611a4ade7c4d55fcde561ed71328,americanfootball_nfl,2024-10-04 00:15:00+00:00,Atlanta Falcons,Tampa Bay Buccaneers,fanduel,FanDuel,2024-10-03T23:39:46Z,player_rush_yds,2024-10-03T23:40:54Z,Tyler Allgeier,37.5,-110.0,-110,2024-10-03,ATL,TB,tyler allgeier,2024,5,Tyler Allgeier,ATL,RB,0.0,12.0,13.0,3.0,12.0,0,False,-2.5,2.5,44.0,True,False,-2.5,2.5,False,True,False,23.25,2024,5,12.0,-25.5,False,True,0.5238095238095238,0.5238095238095238,0.04761904761904767,20-40,coin_flip,dog_0_to_3,mid_total_42_47,1.9090909090909092,1.9090909090909092,-1.0,0.9090909090909092
2024-10-03T23:45:00Z,2024-10-03T23:40:39Z,2024-10-03T23:35:38Z,2024-10-03T23:45:39Z,b516611a4ade7c4d55fcde561ed71328,americanfootball_nfl,2024-10-04 00:15:00+00:00,Atlanta Falcons,Tampa Bay Buccaneers,fanduel,FanDuel,2024-10-03T23:39:46Z,player_rush_yds,2024-10-03T23:40:54Z,Bijan Robinson,59.5,-110.0,-110,2024-10-03,ATL,TB,bijan robinson,2024,5,Bijan Robinson,ATL,RB,0.0,61.0,16.0,3.0,61.0,1,False,-2.5,2.5,44.0,True,False,-2.5,2.5,False,True,False,23.25,2024,5,61.0,1.5,True,False,0.5238095238095238,0.5238095238095238,0.04761904761904767,40-60,coin_flip,dog_0_to_3,mid_total_42_47,1.9090909090909092,1.9090909090909092,0.9090909090909092,-1.0
2024-10-03T23:45:00Z,2024-10-03T23:40:39Z,2024-10-03T23:35:38Z,2024-10-03T23:45:39Z,b516611a4ade7c4d55fcde561ed71328,americanfootball_nfl,2024-10-04 00:15:00+00:00,Atlanta Falcons,Tampa Bay Buccaneers,fanduel,FanDuel,2024-10-03T23:39:46Z,player_rush_yds,2024-10-03T23:40:54Z,Baker Mayfield,11.5,100.0,-122,2024-10-03,ATL,TB,baker mayfield,2024,5,Baker Mayfield,TB,QB,180.0,42.0,0.0,0.0,42.0,1,False,-2.5,2.5,44.0,False,True,2.5,-2.5,True,False,False,20.75,2024,5,42.0,30.5,True,False,0.5,0.5495495495495496,0.04954954954954971,<20,plus_money,favorite_0_to_3,mid_total_42_47,2.0,1.819672131147541,1.0,-1.0
2024-10-06T13:00:00Z,2024-10-06T12:55:37Z,2024-10-06T12:50:37Z,2024-10-06T13:00:37Z,b782886bcc4874123d3bb50e5d1e88c3,americanfootball_nfl,2024-10-06 13:30:00+00:00,Minnesota Vikings,New York Jets,fanduel,FanDuel,2024-10-06T12:55:23Z,player_rush_yds,2024-10-06T12:55:34Z,Breece Hall,49.5,-110.0,-110,2024-10-06,MIN,NYJ,breece hall,2024,5,Breece Hall,NYJ,RB,0.0,23.0,14.0,3.0,23.0,0,False,-2.5,2.5,42.0,False,True,2.5,-2.5,True,False,False,19.75,2024,5,23.0,-26.5,False,True,0.5238095238095238,0.5238095238095238,0.04761904761904767,40-60,coin_flip,favorite_0_to_3,mid_total_42_47,1.9090909090909092,1.9090909090909092,-1.0,0.9090909090909092
2024-10-06T13:00:00Z,2024-10-06T12:55:37Z,2024-10-06T12:50:37Z,2024-10-06T13:00:37Z,b782886bcc4874123d3bb50e5d1e88c3,americanfootball_nfl,2024-10-06 13:30:00+00:00,Minnesota Vikings,New York Jets,fanduel,FanDuel,2024-10-06T12:55:23Z,player_rush_yds,2024-10-06T12:55:34Z,Aaron Rodgers,4.5,-106.0,-114,2024-10-06,MIN,NYJ,aaron rodgers,2024,5,Aaron Rodgers,NYJ,QB,244.0,0.0,0.0,0.0,0.0,0,False,-2.5,2.5,42.0,False,True,2.5,-2.5,True,False,False,19.75,2024,5,0.0,-4.5,False,True,0.5145631067961165,0.5327102803738317,0.04727338716994822,<20,coin_flip,favorite_0_to_3,mid_total_42_47,1.9433962264150944,1.8771929824561404,-1.0,0.8771929824561404
2024-10-06T13:00:00Z,2024-10-06T12:55:37Z,2024-10-06T12:50:37Z,2024-10-06T13:00:37Z,b782886bcc4874123d3bb50e5d1e88c3,americanfootball_nfl,2024-10-06 13:30:00+00:00,Minnesota Vikings,New York Jets,fanduel,FanDuel,2024-10-06T12:55:23Z,player_rush_yds,2024-10-06T12:55:34Z,Sam Darnold,10.5,-110.0,-110,2024-10-06,MIN,NYJ,sam darnold,2024,5,Sam Darnold,MIN,QB,179.0,11.0,0.0,0.0,11.0,1,False,-2.5,2.5,42.0,True,False,-2.5,2.5,False,True,False,22.25,2024,5,11.0,0.5,True,False,0.5238095238095238,0.5238095238095238,0.04761904761904767,<20,coin_flip,dog_0_to_3,mid_total_42_47,1.9090909090909092,1.9090909090909092,0.9090909090909092,-1.0
2024-10-06T13:00:00Z,2024-10-06T12:55:37Z,2024-10-06T12:50:37Z,2024-10-06T13:00:37Z,b782886bcc4874123d3bb50e5d1e88c3,americanfootball_nfl,2024-10-06 13:30:00+00:00,Minnesota Vikings,New York Jets,fanduel,FanDuel,2024-10-06T12:55:23Z,player_rush_yds,2024-10-06T12:55:34Z,Braelon Allen,32.5,-110.0,-110,2024-10-06,MIN,NYJ,braelon allen,2024,5,Braelon Allen,NYJ,RB,0.0,13.0,15.0,1.0,13.0,0,False,-2.5,2.5,42.0,False,True,2.5,-2.5,True,False,False,19.75,2024,5,13.0,-19.5,False,True,0.5238095238095238,0.5238095238095238,0.04761904761904767,20-40,coin_flip,favorite_0_to_3,mid_total_42_47,1.9090909090909092,1.9090909090909092,-1.0,0.9090909090909092
2024-10-06T13:00:00Z,2024-10-06T12:55:37Z,2024-10-06T12:50:37Z,2024-10-06T13:00:37Z,b782886bcc4874123d3bb50e5d1e88c3,americanfootball_nfl,2024-10-06 13:30:00+00:00,Minnesota Vikings,New York Jets,fanduel,FanDuel,2024-10-06T12:55:23Z,player_rush_yds,2024-10-06T12:55:34Z,Ty Chandler,21.5,-110.0,-110,2024-10-06,MIN,NYJ,ty chandler,2024,5,Ty Chandler,MIN,RB,0.0,30.0,9.0,2.0,30.0,1,False,-2.5,2.5,42.0,True,False,-2.5,2.5,False,True,False,22.25,2024,5,30.0,8.5,True,False,0.5238095238095238,0.5238095238095238,0.04761904761904767,20-40,coin_flip,dog_0_to_3,mid_total_42_47,1.9090909090909092,1.9090909090909092,0.9090909090909092,-1.0
2024-10-06T13:00:00Z,2024-10-06T12:55:37Z,2024-10-06T12:50:37Z,2024-10-06T13:00:37Z,b782886bcc4874123d3bb50e5d1e88c3,americanfootball_nfl,2024-10-06 13:30:00+00:00,Minnesota Vikings,New York Jets,fanduel,FanDuel,2024-10-06T12:55:23Z,player_rush_yds,2024-10-06T12:55:34Z,Aaron Jones,64.5,-110.0,-110,2024-10-06,MIN,NYJ,aaron jones,2024,5,Aaron Jones,MIN,RB,0.0,29.0,24.0,1.0,29.0,0,False,-2.5,2.5,42.0,True,False,-2.5,2.5,False,True,False,22.25,2024,5,29.0,-35.5,False,True,0.5238095238095238,0.5238095238095238,0.04761904761904767,60-80,coin_flip,dog_0_to_3,mid_total_42_47,1.9090909090909092,1.9090909090909092,-1.0,0.9090909090909092
2024-10-06T16:30:00Z,2024-10-06T16:25:37Z,2024-10-06T16:20:37Z,2024-10-06T16:30:37Z,2eb8e0798cb1b1f9d0f0d414253b4e37,americanfootball_nfl,2024-10-06 17:00:00+00:00,Houston Texans,Buffalo Bills,fanduel,FanDuel,2024-10-06T16:24:44Z,player_rush_yds,2024-10-06T16:24:15Z,James Cook,57.5,-110.0,-110,2024-10-06,HOU,BUF,james cook,2024,5,James Cook,BUF,RB,0.0,82.0,17.0,2.0,82.0,1,False,-1.0,1.0,48.0,False,True,1.0,-1.0,True,False,False,23.5,2024,5,82.0,24.5,True,False,0.5238095238095238,0.5238095238095238,0.04761904761904767,40-60,coin_flip,favorite_0_to_3,high_total_47_plus,1.9090909090909092,1.9090909090909092,0.9090909090909092,-1.0
2024-10-06T16:30:00Z,2024-10-06T16:25:37Z,2024-10-06T16:20:37Z,2024-10-06T16:30:37Z,2eb8e0798cb1b1f9d0f0d414253b4e37,americanfootball_nfl,2024-10-06 17:00:00+00:00,Houston Texans,Buffalo Bills,fanduel,FanDuel,2024-10-06T16:24:44Z,player_rush_yds,2024-10-06T16:24:15Z,Josh Allen,33.5,-110.0,-110,2024-10-06,HOU,BUF,josh allen,2024,5,Josh Allen,BUF,QB,131.0,54.0,0.0,0.0,54.0,1,False,-1.0,1.0,48.0,False,True,1.0,-1.0,True,False,False,23.5,2024,5,54.0,20.5,True,False,0.5238095238095238,0.5238095238095238,0.04761904761904767,20-40,coin_flip,favorite_0_to_3,high_total_47_plus,1.9090909090909092,1.9090909090909092,0.9090909090909092,-1.0
2024-10-06T16:30:00Z,2024-10-06T16:25:37Z,2024-10-06T16:20:37Z,2024-10-06T16:30:37Z,2eb8e0798cb1b1f9d0f0d414253b4e37,americanfootball_nfl,2024-10-06 17:00:00+00:00,Houston Texans,Buffalo Bills,fanduel,FanDuel,2024-10-06T16:24:44Z,player_rush_yds,2024-10-06T16:24:15Z,Cam Akers,50.5,-110.0,-110,2024-10-06,HOU,BUF,cam akers,2024,5,Cam Akers,HOU,RB,0.0,42.0,5.0,2.0,42.0,0,False,-1.0,1.0,48.0,True,False,-1.0,1.0,False,True,False,24.5,2024,5,42.0,-8.5,False,True,0.5238095238095238,0.5238095238095238,0.04761904761904767,40-60,coin_flip,dog_0_to_3,high_total_47_plus,1.9090909090909092,1.9090909090909092,-1.0,0.9090909090909092
2024-10-06T16:30:00Z,2024-10-06T16:25:37Z,2024-10-06T16:20:37Z,2024-10-06T16:30:37Z,2eb8e0798cb1b1f9d0f0d414253b4e37,americanfootball_nfl,2024-10-06 17:00:00+00:00,Houston Texans,Buffalo Bills,fanduel,FanDuel,2024-10-06T16:24:44Z,player_rush_yds,2024-10-06T16:24:15Z,Ray Davis,12.5,-110.0,-110,2024-10-06,HOU,BUF,ray davis,2024,5,Ray Davis,BUF,RB,0.0,0.0,4.0,1.0,0.0,0,False,-1.0,1.0,48.0,False,True,1.0,-1.0,True,False,False,23.5,2024,5,0.0,-12.5,False,True,0.5238095238095238,0.5238095238095238,0.04761904761904767,<20,coin_flip,favorite_0_to_3,high_total_47_plus,1.9090909090909092,1.9090909090909092,-1.0,0.9090909090909092
2024-10-06T16:30:00Z,2024-10-06T16:25:37Z,2024-10-06T16:20:37Z,2024-10-06T16:30:37Z,2eb8e0798cb1b1f9d0f0d414253b4e37,americanfootball_nfl,2024-10-06 17:00:00+00:00,Houston Texans,Buffalo Bills,fanduel,FanDuel,2024-10-06T16:24:44Z,player_rush_yds,2024-10-06T16:24:15Z,C.J. Stroud,10.5,-110.0,-110,2024-10-06,HOU,BUF,cj stroud,2024,5,C.J. Stroud,HOU,QB,331.0,27.0,0.0,0.0,27.0,1,False,-1.0,1.0,48.0,True,False,-1.0,1.0,False,True,False,24.5,2024,5,27.0,16.5,True,False,0.5238095238095238,0.5238095238095238,0.04761904761904767,<20,coin_flip,dog_0_to_3,high_total_47_plus,1.9090909090909092,1.9090909090909092,0.9090909090909092,-1.0
2024-10-06T16:30:00Z,2024-10-06T16:25:37Z,2024-10-06T16:20:37Z,2024-10-06T16:30:37Z,b727380f1b93218185ba53da28e0f6a7,americanfootball_nfl,2024-10-06 17:00:00+00:00,Chicago Bears,Carolina Panthers,fanduel,FanDuel,2024-10-06T16:24:44Z,player_rush_yds,2024-10-06T16:24:51Z,D'Andre Swift,53.5,-110.0,-110,2024-10-06,CHI,CAR,dandre swift,2024,5,D'Andre Swift,CHI,RB,0.0,73.0,47.0,2.0,73.0,1,False,-4.0,4.0,40.0,True,False,-4.0,4.0,False,True,False,22.0,2024,5,73.0,19.5,True,False,0.5238095238095238,0.5238095238095238,0.04761904761904767,40-60,coin_flip,dog_3_to_7,low_total_<42,1.9090909090909092,1.9090909090909092,0.9090909090909092,-1.0
2024-10-06T16:30:00Z,2024-10-06T16:25:37Z,2024-10-06T16:20:37Z,2024-10-06T16:30:37Z,b727380f1b93218185ba53da28e0f6a7,americanfootball_nfl,2024-10-06 17:00:00+00:00,Chicago Bears,Carolina Panthers,fanduel,FanDuel,2024-10-06T16:24:44Z,player_rush_yds,2024-10-06T16:24:51Z,Caleb Williams,15.5,-110.0,-110,2024-10-06,CHI,CAR,caleb williams,2024,5,Caleb Williams,CHI,QB,304.0,34.0,0.0,0.0,34.0,1,False,-4.0,4.0,40.0,True,False,-4.0,4.0,False,True,False,22.0,2024,5,34.0,18.5,True,False,0.5238095238095238,0.5238095238095238,0.04761904761904767,<20,coin_flip,dog_3_to_7,low_total_<42,1.9090909090909092,1.9090909090909092,0.9090909090909092,-1.0
2024-10-06T16:30:00Z,2024-10-06T16:25:37Z,2024-10-06T16:20:37Z,2024-10-06T16:30:37Z,b727380f1b93218185ba53da28e0f6a7,americanfootball_nfl,2024-10-06 17:00:00+00:00,Chicago Bears,Carolina Panthers,fanduel,FanDuel,2024-10-06T16:24:44Z,player_rush_yds,2024-10-06T16:24:51Z,Miles Sanders,21.5,-110.0,-110,2024-10-06,CHI,CAR,miles sanders,2024,5,Miles Sanders,CAR,RB,0.0,6.0,27.0,2.0,6.0,0,False,-4.0,4.0,40.0,False,True,4.0,-4.0,True,False,False,18.0,2024,5,6.0,-15.5,False,True,0.5238095238095238,0.5238095238095238,0.04761904761904767,20-40,coin_flip,favorite_3_to_7,low_total_<42,1.9090909090909092,1.9090909090909092,-1.0,0.9090909090909092
2024-10-06T16:30:00Z,2024-10-06T16:25:37Z,2024-10-06T16:20:37Z,2024-10-06T16:30:37Z,b727380f1b93218185ba53da28e0f6a7,americanfootball_nfl,2024-10-06 17:00:00+00:00,Chicago Bears,Carolina Panthers,fanduel,FanDuel,2024-10-06T16:24:44Z,player_rush_yds,2024-10-06T16:24:51Z,Roschon Johnson,27.5,-110.0,-110,2024-10-06,CHI,CAR,roschon johnson,2024,5,Roschon Johnson,CHI,RB,0.0,25.0,0.0,0.0,25.0,0,False,-4.0,4.0,40.0,True,False,-4.0,4.0,False,True,False,22.0,2024,5,25.0,-2.5,False,True,0.5238095238095238,0.5238095238095238,0.04761904761904767,20-40,coin_flip,dog_3_to_7,low_total_<42,1.9090909090909092,1.9090909090909092,-1.0,0.9090909090909092
2024-10-06T16:30:00Z,2024-10-06T16:25:37Z,2024-10-06T16:20:37Z,2024-10-06T16:30:37Z,b727380f1b93218185ba53da28e0f6a7,americanfootball_nfl,2024-10-06 17:00:00+00:00,Chicago Bears,Carolina Panthers,fanduel,FanDuel,2024-10-06T16:24:44Z,player_rush_yds,2024-10-06T16:24:51Z,Chuba Hubbard,62.5,-110.0,-110,2024-10-06,CHI,CAR,chuba hubbard,2024,5,Chuba Hubbard,CAR,RB,0.0,97.0,-2.0,4.0,97.0,1,False,-4.0,4.0,40.0,False,True,4.0,-4.0,True,False,False,18.0,2024,5,97.0,34.5,True,False,0.5238095238095238,0.5238095238095238,0.04761904761904767,60-80,coin_flip,favorite_3_to_7,low_total_<42,1.9090909090909092,1.9090909090909092,0.9090909090909092,-1.0
2024-10-06T16:30:00Z,2024-10-06T16:25:37Z,2024-10-06T16:20:37Z,2024-10-06T16:30:37Z,43f21c8e455914cc71d00ca0001ae85b,americanfootball_nfl,2024-10-06 17:00:00+00:00,Washington Commanders,Cleveland Browns,fanduel,FanDuel,2024-10-06T16:24:44Z,player_rush_yds,2024-10-06T16:25:44Z,Jerome Ford,46.5,-110.0,-110,2024-10-06,WAS,CLE,jerome ford,2024,5,Jerome Ford,CLE,RB,0.0,47.0,2.0,3.0,47.0,1,False,-3.0,3.0,44.0,False,True,3.0,-3.0,True,False,False,20.5,2024,5,47.0,0.5,True,False,0.5238095238095238,0.5238095238095238,0.04761904761904767,40-60,coin_flip,favorite_0_to_3,mid_total_42_47,1.9090909090909092,1.9090909090909092,0.9090909090909092,-1.0
2024-10-06T16:30:00Z,2024-10-06T16:25:37Z,2024-10-06T16:20:37Z,2024-10-06T16:30:37Z,43f21c8e455914cc71d00ca0001ae85b,americanfootball_nfl,2024-10-06 17:00:00+00:00,Washington Commanders,Cleveland Browns,fanduel,FanDuel,2024-10-06T16:24:44Z,player_rush_yds,2024-10-06T16:25:44Z,Jayden Daniels,51.5,-110.0,-110,2024-10-06,WAS,CLE,jayden daniels,2024,5,Jayden Daniels,WAS,QB,238.0,82.0,0.0,0.0,82.0,1,False,-3.0,3.0,44.0,True,False,-3.0,3.0,False,True,False,23.5,2024,5,82.0,30.5,True,False,0.5238095238095238,0.5238095238095238,0.04761904761904767,40-60,coin_flip,dog_0_to_3,mid_total_42_47,1.9090909090909092,1.9090909090909092,0.9090909090909092,-1.0
2024-10-06T16:30:00Z,2024-10-06T16:25:37Z,2024-10-06T16:20:37Z,2024-10-06T16:30:37Z,43f21c8e455914cc71d00ca0001ae85b,americanfootball_nfl,2024-10-06 17:00:00+00:00,Washington Commanders,Cleveland Browns,fanduel,FanDuel,2024-10-06T16:24:44Z,player_rush_yds,2024-10-06T16:25:44Z,Austin Ekeler,21.5,-110.0,-110,2024-10-06,WAS,CLE,austin ekeler,2024,5,Austin Ekeler,WAS,RB,0.0,67.0,30.0,2.0,67.0,1,False,-3.0,3.0,44.0,True,False,-3.0,3.0,False,True,False,23.5,2024,5,67.0,45.5,True,False,0.5238095238095238,0.5238095238095238,0.04761904761904767,20-40,coin_flip,dog_0_to_3,mid_total_42_47,1.9090909090909092,1.9090909090909092,0.9090909090909092,-1.0
2024-10-06T16:30:00Z,2024-10-06T16:25:37Z,2024-10-06T16:20:37Z,2024-10-06T16:30:37Z,43f21c8e455914cc71d00ca0001ae85b,americanfootball_nfl,2024-10-06 17:00:00+00:00,Washington Commanders,Cleveland Browns,fanduel,FanDuel,2024-10-06T16:24:44Z,player_rush_yds,2024-10-06T16:25:44Z,Deshaun Watson,22.5,-110.0,-110,2024-10-06,WAS,CLE,deshaun watson,2024,5,Deshaun Watson,CLE,QB,125.0,14.0,0.0,0.0,14.0,0,False,-3.0,3.0,44.0,False,True,3.0,-3.0,True,False,False,20.5,2024,5,14.0,-8.5,False,True,0.5238095238095238,0.5238095238095238,0.04761904761904767,20-40,coin_flip,favorite_0_to_3,mid_total_42_47,1.9090909090909092,1.9090909090909092,-1.0,0.9090909090909092
2024-10-06T16:30:00Z,2024-10-06T16:25:37Z,2024-10-06T16:20:37Z,2024-10-06T16:30:37Z,43f21c8e455914cc71d00ca0001ae85b,americanfootball_nfl,2024-10-06 17:00:00+00:00,Washington Commanders,Cleveland Browns,fanduel,FanDuel,2024-10-06T16:24:44Z,player_rush_yds,2024-10-06T16:25:44Z,D'Onta Foreman,21.5,-110.0,-110,2024-10-06,WAS,CLE,donta foreman,2024,5,D'Onta Foreman,CLE,RB,0.0,44.0,16.0,1.0,44.0,1,False,-3.0,3.0,44.0,False,True,3.0,-3.0,True,False,False,20.5,2024,5,44.0,22.5,True,False,0.5238095238095238,0.5238095238095238,0.04761904761904767,20-40,coin_flip,favorite_0_to_3,mid_total_42_47,1.9090909090909092,1.9090909090909092,0.9090909090909092,-1.0
2024-10-06T16:30:00Z,2024-10-06T16:25:37Z,2024-10-06T16:20:37Z,2024-10-06T16:30:37Z,43f21c8e455914cc71d00ca0001ae85b,americanfootball_nfl,2024-10-06 17:00:00+00:00,Washington Commanders,Cleveland Browns,fanduel,FanDuel,2024-10-06T16:24:44Z,player_rush_yds,2024-10-06T16:25:44Z,Brian Robinson Jr.,55.5,-110.0,-110,2024-10-06,WAS,CLE,brian robinson,2024,5,Brian Robinson,WAS,RB,0.0,18.0,0.0,0.0,18.0,0,False,-3.0,3.0,44.0,True,False,-3.0,3.0,False,True,False,23.5,2024,5,18.0,-37.5,False,True,0.5238095238095238,0.5238095238095238,0.04761904761904767,40-60,coin_flip,dog_0_to_3,mid_total_42_47,1.9090909090909092,1.9090909090909092,-1.0,0.9090909090909092
2024-10-06T16:30:00Z,2024-10-06T16:25:37Z,2024-10-06T16:20:37Z,2024-10-06T16:30:37Z,dba45197b1cd2dbafe7f83ebffd2be90,americanfootball_nfl,2024-10-06 17:00:00+00:00,Jacksonville Jaguars,Indianapolis Colts,fanduel,FanDuel,2024-10-06T16:24:44Z,player_rush_yds,2024-10-06T16:25:48Z,Trey Sermon,49.5,-110.0,-110,2024-10-06,JAX,IND,trey sermon,2024,5,Trey Sermon,IND,RB,0.0,38.0,25.0,6.0,38.0,0,False,-3.5,3.5,45.0,False,True,3.5,-3.5,True,False,False,20.75,2024,5,38.0,-11.5,False,True,0.5238095238095238,0.5238095238095238,0.04761904761904767,40-60,coin_flip,favorite_3_to_7,mid_total_42_47,1.9090909090909092,1.9090909090909092,-1.0,0.9090909090909092
2024-10-06T16:30:00Z,2024-10-06T16:25:37Z,2024-10-06T16:20:37Z,2024-10-06T16:30:37Z,dba45197b1cd2dbafe7f83ebffd2be90,americanfootball_nfl,2024-10-06 17:00:00+00:00,Jacksonville Jaguars,Indianapolis Colts,fanduel,FanDuel,2024-10-06T16:24:44Z,player_rush_yds,2024-10-06T16:25:48Z,Trevor Lawrence,13.5,-110.0,-110,2024-10-06,JAX,IND,trevor lawrence,2024,5,Trevor Lawrence,JAX,QB,371.0,4.0,0.0,0.0,4.0,0,False,-3.5,3.5,45.0,True,False,-3.5,3.5,False,True,False,24.25,2024,5,4.0,-9.5,False,True,0.5238095238095238,0.5238095238095238,0.04761904761904767,<20,coin_flip,dog_3_to_7,mid_total_42_47,1.9090909090909092,1.9090909090909092,-1.0,0.9090909090909092
2024-10-06T16:30:00Z,2024-10-06T16:25:37Z,2024-10-06T16:20:37Z,2024-10-06T16:30:37Z,dba45197b1cd2dbafe7f83ebffd2be90,americanfootball_nfl,2024-10-06 17:00:00+00:00,Jacksonville Jaguars,Indianapolis Colts,fanduel,FanDuel,2024-10-06T16:24:44Z,player_rush_yds,2024-10-06T16:25:48Z,Tank Bigsby,28.5,-110.0,-110,2024-10-06,JAX,IND,tank bigsby,2024,5,Tank Bigsby,JAX,RB,0.0,101.0,28.0,1.0,101.0,1,False,-3.5,3.5,45.0,True,False,-3.5,3.5,False,True,False,24.25,2024,5,101.0,72.5,True,False,0.5238095238095238,0.5238095238095238,0.04761904761904767,20-40,coin_flip,dog_3_to_7,mid_total_42_47,1.9090909090909092,1.9090909090909092,0.9090909090909092,-1.0
2024-10-06T16:30:00Z,2024-10-06T16:25:37Z,2024-10-06T16:20:37Z,2024-10-06T16:30:37Z,dba45197b1cd2dbafe7f83ebffd2be90,americanfootball_nfl,2024-10-06 17:00:00+00:00,Jacksonville Jaguars,Indianapolis Colts,fanduel,FanDuel,2024-10-06T16:24:44Z,player_rush_yds,2024-10-06T16:25:48Z,Travis Etienne Jr.,54.5,-110.0,-110,2024-10-06,JAX,IND,travis etienne,2024,5,Travis Etienne,JAX,RB,0.0,17.0,43.0,6.0,17.0,0,False,-3.5,3.5,45.0,True,False,-3.5,3.5,False,True,False,24.25,2024,5,17.0,-37.5,False,True,0.5238095238095238,0.5238095238095238,0.04761904761904767,40-60,coin_flip,dog_3_to_7,mid_total_42_47,1.9090909090909092,1.9090909090909092,-1.0,0.9090909090909092
2024-10-06T16:30:00Z,2024-10-06T16:25:37Z,2024-10-06T16:20:37Z,2024-10-06T16:30:37Z,5cb3b58ed90ecfac2acac9115e08c017,americanfootball_nfl,2024-10-06 17:00:00+00:00,New England Patriots,Miami Dolphins,fanduel,FanDuel,2024-10-06T16:24:44Z,player_rush_yds,2024-10-06T16:25:04Z,Antonio Gibson,44.5,-110.0,-110,2024-10-06,NE,MIA,antonio gibson,2024,5,Antonio Gibson,NE,RB,0.0,52.0,4.0,1.0,52.0,1,False,2.0,-2.0,37.0,True,False,2.0,-2.0,True,False,False,17.5,2024,5,52.0,7.5,True,False,0.5238095238095238,0.5238095238095238,0.04761904761904767,40-60,coin_flip,favorite_0_to_3,low_total_<42,1.9090909090909092,1.9090909090909092,0.9090909090909092,-1.0
2024-10-06T16:30:00Z,2024-10-06T16:25:37Z,2024-10-06T16:20:37Z,2024-10-06T16:30:37Z,5cb3b58ed90ecfac2acac9115e08c017,americanfootball_nfl,2024-10-06 17:00:00+00:00,New England Patriots,Miami Dolphins,fanduel,FanDuel,2024-10-06T16:24:44Z,player_rush_yds,2024-10-06T16:25:04Z,Raheem Mostert,27.5,-110.0,-110,2024-10-06,NE,MIA,raheem mostert,2024,5,Raheem Mostert,MIA,RB,0.0,80.0,18.0,2.0,80.0,1,False,2.0,-2.0,37.0,False,True,-2.0,2.0,False,True,False,19.5,2024,5,80.0,52.5,True,False,0.5238095238095238,0.5238095238095238,0.04761904761904767,20-40,coin_flip,dog_0_to_3,low_total_<42,1.9090909090909092,1.9090909090909092,0.9090909090909092,-1.0
2024-10-06T16:30:00Z,2024-10-06T16:25:37Z,2024-10-06T16:20:37Z,2024-10-06T16:30:37Z,5cb3b58ed90ecfac2acac9115e08c017,americanfootball_nfl,2024-10-06 17:00:00+00:00,New England Patriots,Miami Dolphins,fanduel,FanDuel,2024-10-06T16:24:44Z,player_rush_yds,2024-10-06T16:25:04Z,De'Von Achane,47.5,-110.0,-110,2024-10-06,NE,MIA,devon achane,2024,5,Devon Achane,MIA,RB,0.0,18.0,-1.0,1.0,18.0,0,False,2.0,-2.0,37.0,False,True,-2.0,2.0,False,True,False,19.5,2024,5,18.0,-29.5,False,True,0.5238095238095238,0.5238095238095238,0.04761904761904767,40-60,coin_flip,dog_0_to_3,low_total_<42,1.9090909090909092,1.9090909090909092,-1.0,0.9090909090909092
2024-10-06T16:30:00Z,2024-10-06T16:25:37Z,2024-10-06T16:20:37Z,2024-10-06T16:30:37Z,5cb3b58ed90ecfac2acac9115e08c017,americanfootball_nfl,2024-10-06 17:00:00+00:00,New England Patriots,Miami Dolphins,fanduel,FanDuel,2024-10-06T16:24:44Z,player_rush_yds,2024-10-06T16:25:04Z,Rhamondre Stevenson,43.5,-110.0,-110,2024-10-06,NE,MIA,rhamondre stevenson,2024,5,Rhamondre Stevenson,NE,RB,0.0,89.0,3.0,4.0,89.0,1,False,2.0,-2.0,37.0,True,False,2.0,-2.0,True,False,False,17.5,2024,5,89.0,45.5,True,False,0.5238095238095238,0.5238095238095238,0.04761904761904767,40-60,coin_flip,favorite_0_to_3,low_total_<42,1.9090909090909092,1.9090909090909092,0.9090909090909092,-1.0
2024-10-06T16:30:00Z,2024-10-06T16:25:37Z,2024-10-06T16:20:37Z,2024-10-06T16:30:37Z,5cb3b58ed90ecfac2acac9115e08c017,americanfootball_nfl,2024-10-06 17:00:00+00:00,New England Patriots,Miami Dolphins,fanduel,FanDuel,2024-10-06T16:24:44Z,player_rush_yds,2024-10-06T16:25:04Z,Tyler Huntley,32.5,-110.0,-110,2024-10-06,NE,MIA,tyler huntley,2024,5,Tyler Huntley,MIA,QB,194.0,7.0,0.0,0.0,7.0,0,False,2.0,-2.0,37.0,False,True,-2.0,2.0,False,True,False,19.5,2024,5,7.0,-25.5,False,True,0.5238095238095238,0.5238095238095238,0.04761904761904767,20-40,coin_flip,dog_0_to_3,low_total_<42,1.9090909090909092,1.9090909090909092,-1.0,0.9090909090909092
2024-10-06T16:30:00Z,2024-10-06T16:25:37Z,2024-10-06T16:20:37Z,2024-10-06T16:30:37Z,5cb3b58ed90ecfac2acac9115e08c017,americanfootball_nfl,2024-10-06 17:00:00+00:00,New England Patriots,Miami Dolphins,fanduel,FanDuel,2024-10-06T16:24:44Z,player_rush_yds,2024-10-06T16:25:04Z,Jacoby Brissett,9.5,-105.0,-115,2024-10-06,NE,MIA,jacoby brissett,2024,5,Jacoby Brissett,NE,QB,160.0,10.0,0.0,0.0,10.0,1,False,2.0,-2.0,37.0,True,False,2.0,-2.0,True,False,False,17.5,2024,5,10.0,0.5,True,False,0.5121951219512195,0.5348837209302325,0.04707884288145214,<20,coin_flip,favorite_0_to_3,low_total_<42,1.9523809523809523,1.8695652173913042,0.9523809523809523,-1.0
2024-10-06T19:35:00Z,2024-10-06T19:30:37Z,2024-10-06T19:25:37Z,2024-10-06T19:35:37Z,a0877d6a0f0a97e5790884008b9974c9,americanfootball_nfl,2024-10-06 20:05:00+00:00,San Francisco 49ers,Arizona Cardinals,fanduel,FanDuel,2024-10-06T19:29:52Z,player_rush_yds,2024-10-06T19:29:57Z,Kyler Murray,30.5,-110.0,-110,2024-10-06,SF,ARI,kyler murray,2024,5,Kyler Murray,ARI,QB,195.0,83.0,0.0,0.0,83.0,1,False,-7.0,7.0,48.5,False,True,7.0,-7.0,True,False,False,20.75,2024,5,83.0,52.5,True,False,0.5238095238095238,0.5238095238095238,0.04761904761904767,20-40,coin_flip,favorite_3_to_7,high_total_47_plus,1.9090909090909092,1.9090909090909092,0.9090909090909092,-1.0
2024-10-06T19:35:00Z,2024-10-06T19:30:37Z,2024-10-06T19:25:37Z,2024-10-06T19:35:37Z,a0877d6a0f0a97e5790884008b9974c9,americanfootball_nfl,2024-10-06 20:05:00+00:00,San Francisco 49ers,Arizona Cardinals,fanduel,FanDuel,2024-10-06T19:29:52Z,player_rush_yds,2024-10-06T19:29:57Z,Brock Purdy,11.5,-110.0,-110,2024-10-06,SF,ARI,brock purdy,2024,5,Brock Purdy,SF,QB,244.0,33.0,0.0,0.0,33.0,1,False,-7.0,7.0,48.5,True,False,-7.0,7.0,False,True,False,27.75,2024,5,33.0,21.5,True,False,0.5238095238095238,0.5238095238095238,0.04761904761904767,<20,coin_flip,dog_3_to_7,high_total_47_plus,1.9090909090909092,1.9090909090909092,0.9090909090909092,-1.0
2024-10-06T19:35:00Z,2024-10-06T19:30:37Z,2024-10-06T19:25:37Z,2024-10-06T19:35:37Z,a0877d6a0f0a97e5790884008b9974c9,americanfootball_nfl,2024-10-06 20:05:00+00:00,San Francisco 49ers,Arizona Cardinals,fanduel,FanDuel,2024-10-06T19:29:52Z,player_rush_yds,2024-10-06T19:29:57Z,James Conner,60.5,-110.0,-110,2024-10-06,SF,ARI,james conner,2024,5,James Conner,ARI,RB,0.0,86.0,14.0,2.0,86.0,1,False,-7.0,7.0,48.5,False,True,7.0,-7.0,True,False,False,20.75,2024,5,86.0,25.5,True,False,0.5238095238095238,0.5238095238095238,0.04761904761904767,60-80,coin_flip,favorite_3_to_7,high_total_47_plus,1.9090909090909092,1.9090909090909092,0.9090909090909092,-1.0
2024-10-06T19:35:00Z,2024-10-06T19:30:37Z,2024-10-06T19:25:37Z,2024-10-06T19:35:37Z,a0877d6a0f0a97e5790884008b9974c9,americanfootball_nfl,2024-10-06 20:05:00+00:00,San Francisco 49ers,Arizona Cardinals,fanduel,FanDuel,2024-10-06T19:29:52Z,player_rush_yds,2024-10-06T19:29:57Z,Deebo Samuel,15.5,-110.0,-110,2024-10-06,SF,ARI,deebo samuel,2024,5,Deebo Samuel,SF,WR,0.0,9.0,11.0,1.0,9.0,0,False,-7.0,7.0,48.5,True,False,-7.0,7.0,False,True,False,27.75,2024,5,9.0,-6.5,False,True,0.5238095238095238,0.5238095238095238,0.04761904761904767,<20,coin_flip,dog_3_to_7,high_total_47_plus,1.9090909090909092,1.9090909090909092,-1.0,0.9090909090909092
2024-10-06T19:35:00Z,2024-10-06T19:30:37Z,2024-10-06T19:25:37Z,2024-10-06T19:35:37Z,a0877d6a0f0a97e5790884008b9974c9,americanfootball_nfl,2024-10-06 20:05:00+00:00,San Francisco 49ers,Arizona Cardinals,fanduel,FanDuel,2024-10-06T19:29:52Z,player_rush_yds,2024-10-06T19:29:57Z,Jordan Mason,86.5,-110.0,-110,2024-10-06,SF,ARI,jordan mason,2024,5,Jordan Mason,SF,RB,0.0,89.0,9.0,1.0,89.0,1,False,-7.0,7.0,48.5,True,False,-7.0,7.0,False,True,False,27.75,2024,5,89.0,2.5,True,False,0.5238095238095238,0.5238095238095238,0.04761904761904767,80+,coin_flip,dog_3_to_7,high_total_47_plus,1.9090909090909092,1.9090909090909092,0.9090909090909092,-1.0
2024-10-06T19:35:00Z,2024-10-06T19:30:37Z,2024-10-06T19:25:37Z,2024-10-06T19:35:37Z,9a9219cd7180fe6481e6bd9e460a7622,americanfootball_nfl,2024-10-06 20:05:00+00:00,Denver Broncos,Las Vegas Raiders,fanduel,FanDuel,2024-10-06T19:29:52Z,player_rush_yds,2024-10-06T19:30:02Z,Gardner Minshew,6.5,-110.0,-110,2024-10-06,DEN,LV,gardner minshew,2024,5,Gardner Minshew,LV,QB,137.0,22.0,0.0,0.0,22.0,1,False,-3.0,3.0,36.0,False,True,3.0,-3.0,True,False,False,16.5,2024,5,22.0,15.5,True,False,0.5238095238095238,0.5238095238095238,0.04761904761904767,<20,coin_flip,favorite_0_to_3,low_total_<42,1.9090909090909092,1.9090909090909092,0.9090909090909092,-1.0
2024-10-06T19:35:00Z,2024-10-06T19:30:37Z,2024-10-06T19:25:37Z,2024-10-06T19:35:37Z,9a9219cd7180fe6481e6bd9e460a7622,americanfootball_nfl,2024-10-06 20:05:00+00:00,Denver Broncos,Las Vegas Raiders,fanduel,FanDuel,2024-10-06T19:29:52Z,player_rush_yds,2024-10-06T19:30:02Z,Jaleel McLaughlin,29.5,-110.0,-110,2024-10-06,DEN,LV,jaleel mclaughlin,2024,5,Jaleel McLaughlin,DEN,RB,0.0,22.0,3.0,3.0,22.0,0,False,-3.0,3.0,36.0,True,False,-3.0,3.0,False,True,False,19.5,2024,5,22.0,-7.5,False,True,0.5238095238095238,0.5238095238095238,0.04761904761904767,20-40,coin_flip,dog_0_to_3,low_total_<42,1.9090909090909092,1.9090909090909092,-1.0,0.9090909090909092
2024-10-06T19:35:00Z,2024-10-06T19:30:37Z,2024-10-06T19:25:37Z,2024-10-06T19:35:37Z,9a9219cd7180fe6481e6bd9e460a7622,americanfootball_nfl,2024-10-06 20:05:00+00:00,Denver Broncos,Las Vegas Raiders,fanduel,FanDuel,2024-10-06T19:29:52Z,player_rush_yds,2024-10-06T19:30:02Z,Bo Nix,21.5,-110.0,-110,2024-10-06,DEN,LV,bo nix,2024,5,Bo Nix,DEN,QB,206.0,9.0,0.0,0.0,9.0,0,False,-3.0,3.0,36.0,True,False,-3.0,3.0,False,True,False,19.5,2024,5,9.0,-12.5,False,True,0.5238095238095238,0.5238095238095238,0.04761904761904767,20-40,coin_flip,dog_0_to_3,low_total_<42,1.9090909090909092,1.9090909090909092,-1.0,0.9090909090909092
2024-10-06T19:35:00Z,2024-10-06T19:30:37Z,2024-10-06T19:25:37Z,2024-10-06T19:35:37Z,9a9219cd7180fe6481e6bd9e460a7622,americanfootball_nfl,2024-10-06 20:05:00+00:00,Denver Broncos,Las Vegas Raiders,fanduel,FanDuel,2024-10-06T19:29:52Z,player_rush_yds,2024-10-06T19:30:02Z,Alexander Mattison,53.5,-110.0,-110,2024-10-06,DEN,LV,alexander mattison,2024,5,Alexander Mattison,LV,RB,0.0,38.0,23.0,2.0,38.0,0,False,-3.0,3.0,36.0,False,True,3.0,-3.0,True,False,False,16.5,2024,5,38.0,-15.5,False,True,0.5238095238095238,0.5238095238095238,0.04761904761904767,40-60,coin_flip,favorite_0_to_3,low_total_<42,1.9090909090909092,1.9090909090909092,-1.0,0.9090909090909092
2024-10-06T19:35:00Z,2024-10-06T19:30:37Z,2024-10-06T19:25:37Z,2024-10-06T19:35:37Z,9a9219cd7180fe6481e6bd9e460a7622,americanfootball_nfl,2024-10-06 20:05:00+00:00,Denver Broncos,Las Vegas Raiders,fanduel,FanDuel,2024-10-06T19:29:52Z,player_rush_yds,2024-10-06T19:30:02Z,Javonte Williams,51.5,-110.0,-110,2024-10-06,DEN,LV,javonte williams,2024,5,Javonte Williams,DEN,RB,0.0,61.0,50.0,5.0,61.0,1,False,-3.0,3.0,36.0,True,False,-3.0,3.0,False,True,False,19.5,2024,5,61.0,9.5,True,False,0.5238095238095238,0.5238095238095238,0.04761904761904767,40-60,coin_flip,dog_0_to_3,low_total_<42,1.9090909090909092,1.9090909090909092,0.9090909090909092,-1.0
2024-10-06T19:55:00Z,2024-10-06T19:50:37Z,2024-10-06T19:45:37Z,2024-10-06T19:55:37Z,777e65cf50b4517465cea9ac9d686227,americanfootball_nfl,2024-10-06 20:25:00+00:00,Seattle Seahawks,New York Giants,fanduel,FanDuel,2024-10-06T19:49:47Z,player_rush_yds,2024-10-06T19:50:37Z,Kenneth Walker III,70.5,-110.0,-110,2024-10-06,SEA,NYG,kenneth walker,2024,5,Kenneth Walker,SEA,RB,0.0,19.0,57.0,7.0,19.0,0,False,-7.0,7.0,42.5,True,False,-7.0,7.0,False,True,False,24.75,2024,5,19.0,-51.5,False,True,0.5238095238095238,0.5238095238095238,0.04761904761904767,60-80,coin_flip,dog_3_to_7,mid_total_42_47,1.9090909090909092,1.9090909090909092,-1.0,0.9090909090909092
2024-10-06T19:55:00Z,2024-10-06T19:50:37Z,2024-10-06T19:45:37Z,2024-10-06T19:55:37Z,777e65cf50b4517465cea9ac9d686227,americanfootball_nfl,2024-10-06 20:25:00+00:00,Seattle Seahawks,New York Giants,fanduel,FanDuel,2024-10-06T19:49:47Z,player_rush_yds,2024-10-06T19:50:37Z,Zach Charbonnet,19.5,-110.0,-110,2024-10-06,SEA,NYG,zach charbonnet,2024,5,Zach Charbonnet,SEA,RB,0.0,11.0,19.0,3.0,11.0,0,False,-7.0,7.0,42.5,True,False,-7.0,7.0,False,True,False,24.75,2024,5,11.0,-8.5,False,True,0.5238095238095238,0.5238095238095238,0.04761904761904767,<20,coin_flip,dog_3_to_7,mid_total_42_47,1.9090909090909092,1.9090909090909092,-1.0,0.9090909090909092
2024-10-06T19:55:00Z,2024-10-06T19:50:37Z,2024-10-06T19:45:37Z,2024-10-06T19:55:37Z,777e65cf50b4517465cea9ac9d686227,americanfootball_nfl,2024-10-06 20:25:00+00:00,Seattle Seahawks,New York Giants,fanduel,FanDuel,2024-10-06T19:49:47Z,player_rush_yds,2024-10-06T19:50:37Z,Daniel Jones,30.5,-110.0,-110,2024-10-06,SEA,NYG,daniel jones,2024,5,Daniel Jones,NYG,QB,257.0,38.0,0.0,0.0,38.0,1,False,-7.0,7.0,42.5,False,True,7.0,-7.0,True,False,False,17.75,2024,5,38.0,7.5,True,False,0.5238095238095238,0.5238095238095238,0.04761904761904767,20-40,coin_flip,favorite_3_to_7,mid_total_42_47,1.9090909090909092,1.9090909090909092,0.9090909090909092,-1.0
2024-10-06T19:55:00Z,2024-10-06T19:50:37Z,2024-10-06T19:45:37Z,2024-10-06T19:55:37Z,777e65cf50b4517465cea9ac9d686227,americanfootball_nfl,2024-10-06 20:25:00+00:00,Seattle Seahawks,New York Giants,fanduel,FanDuel,2024-10-06T19:49:47Z,player_rush_yds,2024-10-06T19:50:37Z,Tyrone Tracy Jr.,45.5,-110.0,-110,2024-10-06,SEA,NYG,tyrone tracy,2024,5,Tyrone Tracy,NYG,RB,0.0,129.0,1.0,1.0,129.0,1,False,-7.0,7.0,42.5,False,True,7.0,-7.0,True,False,False,17.75,2024,5,129.0,83.5,True,False,0.5238095238095238,0.5238095238095238,0.04761904761904767,40-60,coin_flip,favorite_3_to_7,mid_total_42_47,1.9090909090909092,1.9090909090909092,0.9090909090909092,-1.0
2024-10-06T19:55:00Z,2024-10-06T19:50:37Z,2024-10-06T19:45:37Z,2024-10-06T19:55:37Z,777e65cf50b4517465cea9ac9d686227,americanfootball_nfl,2024-10-06 20:25:00+00:00,Seattle Seahawks,New York Giants,fanduel,FanDuel,2024-10-06T19:49:47Z,player_rush_yds,2024-10-06T19:50:37Z,Geno Smith,9.5,-110.0,-110,2024-10-06,SEA,NYG,geno smith,2024,5,Geno Smith,SEA,QB,284.0,72.0,0.0,0.0,72.0,1,False,-7.0,7.0,42.5,True,False,-7.0,7.0,False,True,False,24.75,2024,5,72.0,62.5,True,False,0.5238095238095238,0.5238095238095238,0.04761904761904767,<20,coin_flip,dog_3_to_7,mid_total_42_47,1.9090909090909092,1.9090909090909092,0.9090909090909092,-1.0
2024-10-06T23:50:00Z,2024-10-06T23:45:37Z,2024-10-06T23:40:37Z,2024-10-06T23:50:37Z,504a7b09264059083346ab086141da30,americanfootball_nfl,2024-10-07 00:22:00+00:00,Pittsburgh Steelers,Dallas Cowboys,fanduel,FanDuel,2024-10-06T23:45:04Z,player_rush_yds,2024-10-06T23:45:39Z,Rico Dowdle,40.5,-110.0,-110,2024-10-06,PIT,DAL,rico dowdle,2024,5,Rico Dowdle,DAL,RB,0.0,87.0,27.0,2.0,87.0,1,False,-2.5,2.5,43.5,False,True,2.5,-2.5,True,False,False,20.5,2024,5,87.0,46.5,True,False,0.5238095238095238,0.5238095238095238,0.04761904761904767,40-60,coin_flip,favorite_0_to_3,mid_total_42_47,1.9090909090909092,1.9090909090909092,0.9090909090909092,-1.0
2024-10-06T23:50:00Z,2024-10-06T23:45:37Z,2024-10-06T23:40:37Z,2024-10-06T23:50:37Z,504a7b09264059083346ab086141da30,americanfootball_nfl,2024-10-07 00:22:00+00:00,Pittsburgh Steelers,Dallas Cowboys,fanduel,FanDuel,2024-10-06T23:45:04Z,player_rush_yds,2024-10-06T23:45:39Z,Najee Harris,68.5,-110.0,-110,2024-10-06,PIT,DAL,najee harris,2024,5,Najee Harris,PIT,RB,0.0,42.0,35.0,2.0,42.0,0,False,-2.5,2.5,43.5,True,False,-2.5,2.5,False,True,False,23.0,2024,5,42.0,-26.5,False,True,0.5238095238095238,0.5238095238095238,0.04761904761904767,60-80,coin_flip,dog_0_to_3,mid_total_42_47,1.9090909090909092,1.9090909090909092,-1.0,0.9090909090909092
2024-10-06T23:50:00Z,2024-10-06T23:45:37Z,2024-10-06T23:40:37Z,2024-10-06T23:50:37Z,504a7b09264059083346ab086141da30,americanfootball_nfl,2024-10-07 00:22:00+00:00,Pittsburgh Steelers,Dallas Cowboys,fanduel,FanDuel,2024-10-06T23:45:04Z,player_rush_yds,2024-10-06T23:45:39Z,Dak Prescott,7.5,-110.0,-110,2024-10-06,PIT,DAL,dak prescott,2024,5,Dak Prescott,DAL,QB,352.0,3.0,0.0,0.0,3.0,0,False,-2.5,2.5,43.5,False,True,2.5,-2.5,True,False,False,20.5,2024,5,3.0,-4.5,False,True,0.5238095238095238,0.5238095238095238,0.04761904761904767,<20,coin_flip,favorite_0_to_3,mid_total_42_47,1.9090909090909092,1.9090909090909092,-1.0,0.9090909090909092
2024-10-06T23:50:00Z,2024-10-06T23:45:37Z,2024-10-06T23:40:37Z,2024-10-06T23:50:37Z,504a7b09264059083346ab086141da30,americanfootball_nfl,2024-10-07 00:22:00+00:00,Pittsburgh Steelers,Dallas Cowboys,fanduel,FanDuel,2024-10-06T23:45:04Z,player_rush_yds,2024-10-06T23:45:39Z,Justin Fields,47.5,-110.0,-110,2024-10-06,PIT,DAL,justin fields,2024,5,Justin Fields,PIT,QB,131.0,27.0,0.0,0.0,27.0,0,False,-2.5,2.5,43.5,True,False,-2.5,2.5,False,True,False,23.0,2024,5,27.0,-20.5,False,True,0.5238095238095238,0.5238095238095238,0.04761904761904767,40-60,coin_flip,dog_0_to_3,mid_total_42_47,1.9090909090909092,1.9090909090909092,-1.0,0.9090909090909092
2024-10-07T23:45:00Z,2024-10-07T23:40:38Z,2024-10-07T23:35:38Z,2024-10-07T23:45:38Z,5e0d59f75b7f9056461e2970aca2a6cb,americanfootball_nfl,2024-10-08 00:15:00+00:00,Kansas City Chiefs,New Orleans Saints,fanduel,FanDuel,2024-10-07T23:39:20Z,player_rush_yds,2024-10-07T23:40:43Z,Patrick Mahomes,19.5,-110.0,-110,2024-10-07,KC,NO,patrick mahomes,2024,5,Patrick Mahomes,KC,QB,331.0,22.0,0.0,0.0,22.0,1,False,-5.5,5.5,43.0,True,False,-5.5,5.5,False,True,False,24.25,2024,5,22.0,2.5,True,False,0.5238095238095238,0.5238095238095238,0.04761904761904767,<20,coin_flip,dog_3_to_7,mid_total_42_47,1.9090909090909092,1.9090909090909092,0.9090909090909092,-1.0
2024-10-07T23:45:00Z,2024-10-07T23:40:38Z,2024-10-07T23:35:38Z,2024-10-07T23:45:38Z,5e0d59f75b7f9056461e2970aca2a6cb,americanfootball_nfl,2024-10-08 00:15:00+00:00,Kansas City Chiefs,New Orleans Saints,fanduel,FanDuel,2024-10-07T23:39:20Z,player_rush_yds,2024-10-07T23:40:43Z,Alvin Kamara,65.5,-110.0,-110,2024-10-07,KC,NO,alvin kamara,2024,5,Alvin Kamara,NO,RB,0.0,26.0,40.0,6.0,26.0,0,False,-5.5,5.5,43.0,False,True,5.5,-5.5,True,False,False,18.75,2024,5,26.0,-39.5,False,True,0.5238095238095238,0.5238095238095238,0.04761904761904767,60-80,coin_flip,favorite_3_to_7,mid_total_42_47,1.9090909090909092,1.9090909090909092,-1.0,0.9090909090909092
2024-10-07T23:45:00Z,2024-10-07T23:40:38Z,2024-10-07T23:35:38Z,2024-10-07T23:45:38Z,5e0d59f75b7f9056461e2970aca2a6cb,americanfootball_nfl,2024-10-08 00:15:00+00:00,Kansas City Chiefs,New Orleans Saints,fanduel,FanDuel,2024-10-07T23:39:20Z,player_rush_yds,2024-10-07T23:40:43Z,Jamaal Williams,14.5,-115.0,-105,2024-10-07,KC,NO,jamaal williams,2024,5,Jamaal Williams,NO,RB,0.0,9.0,0.0,0.0,9.0,0,False,-5.5,5.5,43.0,False,True,5.5,-5.5,True,False,False,18.75,2024,5,9.0,-5.5,False,True,0.5348837209302325,0.5121951219512195,0.04707884288145214,<20,coin_flip,favorite_3_to_7,mid_total_42_47,1.8695652173913042,1.9523809523809523,-1.0,0.9523809523809523
2024-10-07T23:45:00Z,2024-10-07T23:40:38Z,2024-10-07T23:35:38Z,2024-10-07T23:45:38Z,5e0d59f75b7f9056461e2970aca2a6cb,americanfootball_nfl,2024-10-08 00:15:00+00:00,Kansas City Chiefs,New Orleans Saints,fanduel,FanDuel,2024-10-07T23:39:20Z,player_rush_yds,2024-10-07T23:40:43Z,Kareem Hunt,48.5,-110.0,-110,2024-10-07,KC,NO,kareem hunt,2024,5,Kareem Hunt,KC,RB,0.0,102.0,15.0,1.0,102.0,1,False,-5.5,5.5,43.0,True,False,-5.5,5.5,False,True,False,24.25,2024,5,102.0,53.5,True,False,0.5238095238095238,0.5238095238095238,0.04761904761904767,40-60,coin_flip,dog_3_to_7,mid_total_42_47,1.9090909090909092,1.9090909090909092,0.9090909090909092,-1.0
2024-10-07T23:45:00Z,2024-10-07T23:40:38Z,2024-10-07T23:35:38Z,2024-10-07T23:45:38Z,5e0d59f75b7f9056461e2970aca2a6cb,americanfootball_nfl,2024-10-08 00:15:00+00:00,Kansas City Chiefs,New Orleans Saints,fanduel,FanDuel,2024-10-07T23:39:20Z,player_rush_yds,2024-10-07T23:40:43Z,Samaje Perine,13.5,-110.0,-110,2024-10-07,KC,NO,samaje perine,2024,5,Samaje Perine,KC,RB,0.0,0.0,24.0,1.0,0.0,0,False,-5.5,5.5,43.0,True,False,-5.5,5.5,False,True,False,24.25,2024,5,0.0,-13.5,False,True,0.5238095238095238,0.5238095238095238,0.04761904761904767,<20,coin_flip,dog_3_to_7,mid_total_42_47,1.9090909090909092,1.9090909090909092,-1.0,0.9090909090909092
2024-10-07T23:45:00Z,2024-10-07T23:40:38Z,2024-10-07T23:35:38Z,2024-10-07T23:45:38Z,5e0d59f75b7f9056461e2970aca2a6cb,americanfootball_nfl,2024-10-08 00:15:00+00:00,Kansas City Chiefs,New Orleans Saints,fanduel,FanDuel,2024-10-07T23:39:20Z,player_rush_yds,2024-10-07T23:40:43Z,Carson Steele,13.5,-110.0,-110,2024-10-07,KC,NO,carson steele,2024,5,Carson Steele,KC,RB,0.0,12.0,0.0,0.0,12.0,0,False,-5.5,5.5,43.0,True,False,-5.5,5.5,False,True,False,24.25,2024,5,12.0,-1.5,False,True,0.5238095238095238,0.5238095238095238,0.04761904761904767,<20,coin_flip,dog_3_to_7,mid_total_42_47,1.9090909090909092,1.9090909090909092,-1.0,0.9090909090909092
2024-10-10T23:45:00Z,2024-10-10T23:40:38Z,2024-10-10T23:35:38Z,2024-10-10T23:45:38Z,0dac14546d6008893a8b3b6c417472a6,americanfootball_nfl,2024-10-11 00:15:00+00:00,Seattle Seahawks,San Francisco 49ers,fanduel,FanDuel,2024-10-10T23:39:39Z,player_rush_yds,2024-10-10T23:40:14Z,Deebo Samuel,12.5,-110.0,-110,2024-10-10,SEA,SF,deebo samuel,2024,6,Deebo Samuel,SF,WR,0.0,15.0,102.0,3.0,15.0,1,False,3.5,-3.5,49.0,False,True,-3.5,3.5,False,True,False,26.25,2024,6,15.0,2.5,True,False,0.5238095238095238,0.5238095238095238,0.04761904761904767,<20,coin_flip,dog_3_to_7,high_total_47_plus,1.9090909090909092,1.9090909090909092,0.9090909090909092,-1.0
2024-10-10T23:45:00Z,2024-10-10T23:40:38Z,2024-10-10T23:35:38Z,2024-10-10T23:45:38Z,0dac14546d6008893a8b3b6c417472a6,americanfootball_nfl,2024-10-11 00:15:00+00:00,Seattle Seahawks,San Francisco 49ers,fanduel,FanDuel,2024-10-10T23:39:39Z,player_rush_yds,2024-10-10T23:40:14Z,Kenneth Walker III,63.5,-110.0,-110,2024-10-10,SEA,SF,kenneth walker,2024,6,Kenneth Walker,SEA,RB,0.0,32.0,37.0,8.0,32.0,0,False,3.5,-3.5,49.0,True,False,3.5,-3.5,True,False,False,22.75,2024,6,32.0,-31.5,False,True,0.5238095238095238,0.5238095238095238,0.04761904761904767,60-80,coin_flip,favorite_3_to_7,high_total_47_plus,1.9090909090909092,1.9090909090909092,-1.0,0.9090909090909092
2024-10-10T23:45:00Z,2024-10-10T23:40:38Z,2024-10-10T23:35:38Z,2024-10-10T23:45:38Z,0dac14546d6008893a8b3b6c417472a6,americanfootball_nfl,2024-10-11 00:15:00+00:00,Seattle Seahawks,San Francisco 49ers,fanduel,FanDuel,2024-10-10T23:39:39Z,player_rush_yds,2024-10-10T23:40:14Z,Jordan Mason,85.5,-110.0,-110,2024-10-10,SEA,SF,jordan mason,2024,6,Jordan Mason,SF,RB,0.0,73.0,9.0,1.0,73.0,0,False,3.5,-3.5,49.0,False,True,-3.5,3.5,False,True,False,26.25,2024,6,73.0,-12.5,False,True,0.5238095238095238,0.5238095238095238,0.04761904761904767,80+,coin_flip,dog_3_to_7,high_total_47_plus,1.9090909090909092,1.9090909090909092,-1.0,0.9090909090909092
2024-10-10T23:45:00Z,2024-10-10T23:40:38Z,2024-10-10T23:35:38Z,2024-10-10T23:45:38Z,0dac14546d6008893a8b3b6c417472a6,americanfootball_nfl,2024-10-11 00:15:00+00:00,Seattle Seahawks,San Francisco 49ers,fanduel,FanDuel,2024-10-10T23:39:39Z,player_rush_yds,2024-10-10T23:40:14Z,Geno Smith,14.5,-110.0,-110,2024-10-10,SEA,SF,geno smith,2024,6,Geno Smith,SEA,QB,312.0,0.0,0.0,0.0,0.0,0,False,3.5,-3.5,49.0,True,False,3.5,-3.5,True,False,False,22.75,2024,6,0.0,-14.5,False,True,0.5238095238095238,0.5238095238095238,0.04761904761904767,<20,coin_flip,favorite_3_to_7,high_total_47_plus,1.9090909090909092,1.9090909090909092,-1.0,0.9090909090909092
2024-10-10T23:45:00Z,2024-10-10T23:40:38Z,2024-10-10T23:35:38Z,2024-10-10T23:45:38Z,0dac14546d6008893a8b3b6c417472a6,americanfootball_nfl,2024-10-11 00:15:00+00:00,Seattle Seahawks,San Francisco 49ers,fanduel,FanDuel,2024-10-10T23:39:39Z,player_rush_yds,2024-10-10T23:40:14Z,Brock Purdy,14.5,-110.0,-110,2024-10-10,SEA,SF,brock purdy,2024,6,Brock Purdy,SF,QB,255.0,19.0,0.0,0.0,19.0,1,False,3.5,-3.5,49.0,False,True,-3.5,3.5,False,True,False,26.25,2024,6,19.0,4.5,True,False,0.5238095238095238,0.5238095238095238,0.04761904761904767,<20,coin_flip,dog_3_to_7,high_total_47_plus,1.9090909090909092,1.9090909090909092,0.9090909090909092,-1.0
2024-10-10T23:45:00Z,2024-10-10T23:40:38Z,2024-10-10T23:35:38Z,2024-10-10T23:45:38Z,0dac14546d6008893a8b3b6c417472a6,americanfootball_nfl,2024-10-11 00:15:00+00:00,Seattle Seahawks,San Francisco 49ers,fanduel,FanDuel,2024-10-10T23:39:39Z,player_rush_yds,2024-10-10T23:40:14Z,Zach Charbonnet,13.5,-110.0,-110,2024-10-10,SEA,SF,zach charbonnet,2024,6,Zach Charbonnet,SEA,RB,0.0,20.0,15.0,1.0,20.0,1,False,3.5,-3.5,49.0,True,False,3.5,-3.5,True,False,False,22.75,2024,6,20.0,6.5,True,False,0.5238095238095238,0.5238095238095238,0.04761904761904767,<20,coin_flip,favorite_3_to_7,high_total_47_plus,1.9090909090909092,1.9090909090909092,0.9090909090909092,-1.0
2024-10-13T13:00:00Z,2024-10-13T12:55:38Z,2024-10-13T12:50:38Z,2024-10-13T13:00:38Z,c1bcc8bbec33008ae587584b1b3de2d0,americanfootball_nfl,2024-10-13 13:30:00+00:00,Chicago Bears,Jacksonville Jaguars,fanduel,FanDuel,2024-10-13T12:55:06Z,player_rush_yds,2024-10-13T12:55:51Z,Roschon Johnson,24.5,-110.0,-110,2024-10-13,CHI,JAX,roschon johnson,2024,6,Roschon Johnson,CHI,RB,0.0,8.0,25.0,2.0,8.0,0,False,1.5,-1.5,44.5,True,False,1.5,-1.5,True,False,False,21.5,2024,6,8.0,-16.5,False,True,0.5238095238095238,0.5238095238095238,0.04761904761904767,20-40,coin_flip,favorite_0_to_3,mid_total_42_47,1.9090909090909092,1.9090909090909092,-1.0,0.9090909090909092
2024-10-13T13:00:00Z,2024-10-13T12:55:38Z,2024-10-13T12:50:38Z,2024-10-13T13:00:38Z,c1bcc8bbec33008ae587584b1b3de2d0,americanfootball_nfl,2024-10-13 13:30:00+00:00,Chicago Bears,Jacksonville Jaguars,fanduel,FanDuel,2024-10-13T12:55:06Z,player_rush_yds,2024-10-13T12:55:51Z,Trevor Lawrence,9.5,-110.0,-110,2024-10-13,CHI,JAX,trevor lawrence,2024,6,Trevor Lawrence,JAX,QB,234.0,17.0,0.0,0.0,17.0,1,False,1.5,-1.5,44.5,False,True,-1.5,1.5,False,True,False,23.0,2024,6,17.0,7.5,True,False,0.5238095238095238,0.5238095238095238,0.04761904761904767,<20,coin_flip,dog_0_to_3,mid_total_42_47,1.9090909090909092,1.9090909090909092,0.9090909090909092,-1.0
2024-10-13T13:00:00Z,2024-10-13T12:55:38Z,2024-10-13T12:50:38Z,2024-10-13T13:00:38Z,c1bcc8bbec33008ae587584b1b3de2d0,americanfootball_nfl,2024-10-13 13:30:00+00:00,Chicago Bears,Jacksonville Jaguars,fanduel,FanDuel,2024-10-13T12:55:06Z,player_rush_yds,2024-10-13T12:55:51Z,D'Andre Swift,50.5,-110.0,-110,2024-10-13,CHI,JAX,dandre swift,2024,6,D'Andre Swift,CHI,RB,0.0,91.0,28.0,4.0,91.0,1,False,1.5,-1.5,44.5,True,False,1.5,-1.5,True,False,False,21.5,2024,6,91.0,40.5,True,False,0.5238095238095238,0.5238095238095238,0.04761904761904767,40-60,coin_flip,favorite_0_to_3,mid_total_42_47,1.9090909090909092,1.9090909090909092,0.9090909090909092,-1.0
2024-10-13T13:00:00Z,2024-10-13T12:55:38Z,2024-10-13T12:50:38Z,2024-10-13T13:00:38Z,c1bcc8bbec33008ae587584b1b3de2d0,americanfootball_nfl,2024-10-13 13:30:00+00:00,Chicago Bears,Jacksonville Jaguars,fanduel,FanDuel,2024-10-13T12:55:06Z,player_rush_yds,2024-10-13T12:55:51Z,Tank Bigsby,40.5,-110.0,-110,2024-10-13,CHI,JAX,tank bigsby,2024,6,Tank Bigsby,JAX,RB,0.0,24.0,0.0,0.0,24.0,0,False,1.5,-1.5,44.5,False,True,-1.5,1.5,False,True,False,23.0,2024,6,24.0,-16.5,False,True,0.5238095238095238,0.5238095238095238,0.04761904761904767,40-60,coin_flip,dog_0_to_3,mid_total_42_47,1.9090909090909092,1.9090909090909092,-1.0,0.9090909090909092
2024-10-13T13:00:00Z,2024-10-13T12:55:38Z,2024-10-13T12:50:38Z,2024-10-13T13:00:38Z,c1bcc8bbec33008ae587584b1b3de2d0,americanfootball_nfl,2024-10-13 13:30:00+00:00,Chicago Bears,Jacksonville Jaguars,fanduel,FanDuel,2024-10-13T12:55:06Z,player_rush_yds,2024-10-13T12:55:51Z,Travis Etienne Jr.,41.5,-110.0,-110,2024-10-13,CHI,JAX,travis etienne,2024,6,Travis Etienne,JAX,RB,0.0,-1.0,0.0,0.0,-1.0,0,False,1.5,-1.5,44.5,False,True,-1.5,1.5,False,True,False,23.0,2024,6,-1.0,-42.5,False,True,0.5238095238095238,0.5238095238095238,0.04761904761904767,40-60,coin_flip,dog_0_to_3,mid_total_42_47,1.9090909090909092,1.9090909090909092,-1.0,0.9090909090909092
2024-10-13T13:00:00Z,2024-10-13T12:55:38Z,2024-10-13T12:50:38Z,2024-10-13T13:00:38Z,c1bcc8bbec33008ae587584b1b3de2d0,americanfootball_nfl,2024-10-13 13:30:00+00:00,Chicago Bears,Jacksonville Jaguars,fanduel,FanDuel,2024-10-13T12:55:06Z,player_rush_yds,2024-10-13T12:55:51Z,Caleb Williams,18.5,-110.0,-110,2024-10-13,CHI,JAX,caleb williams,2024,6,Caleb Williams,CHI,QB,226.0,56.0,0.0,0.0,56.0,1,False,1.5,-1.5,44.5,True,False,1.5,-1.5,True,False,False,21.5,2024,6,56.0,37.5,True,False,0.5238095238095238,0.5238095238095238,0.04761904761904767,<20,coin_flip,favorite_0_to_3,mid_total_42_47,1.9090909090909092,1.9090909090909092,0.9090909090909092,-1.0
2024-10-13T16:30:00Z,2024-10-13T16:25:38Z,2024-10-13T16:20:38Z,2024-10-13T16:30:38Z,febb2d674e85a32c8636ff900fffb5d2,americanfootball_nfl,2024-10-13 17:00:00+00:00,New England Patriots,Houston Texans,fanduel,FanDuel,2024-10-13T16:25:15Z,player_rush_yds,2024-10-13T16:24:51Z,Joe Mixon,52.5,-110.0,-110,2024-10-13,NE,HOU,joe mixon,2024,6,Joe Mixon,HOU,RB,0.0,102.0,30.0,2.0,102.0,1,False,6.5,-6.5,38.5,False,True,-6.5,6.5,False,True,False,22.5,2024,6,102.0,49.5,True,False,0.5238095238095238,0.5238095238095238,0.04761904761904767,40-60,coin_flip,dog_3_to_7,low_total_<42,1.9090909090909092,1.9090909090909092,0.9090909090909092,-1.0
2024-10-13T16:30:00Z,2024-10-13T16:25:38Z,2024-10-13T16:20:38Z,2024-10-13T16:30:38Z,febb2d674e85a32c8636ff900fffb5d2,americanfootball_nfl,2024-10-13 17:00:00+00:00,New England Patriots,Houston Texans,fanduel,FanDuel,2024-10-13T16:25:15Z,player_rush_yds,2024-10-13T16:24:51Z,Drake Maye,27.5,-110.0,-110,2024-10-13,NE,HOU,drake maye,2024,6,Drake Maye,NE,QB,243.0,38.0,0.0,0.0,38.0,1,False,6.5,-6.5,38.5,True,False,6.5,-6.5,True,False,False,16.0,2024,6,38.0,10.5,True,False,0.5238095238095238,0.5238095238095238,0.04761904761904767,20-40,coin_flip,favorite_3_to_7,low_total_<42,1.9090909090909092,1.9090909090909092,0.9090909090909092,-1.0
2024-10-13T16:30:00Z,2024-10-13T16:25:38Z,2024-10-13T16:20:38Z,2024-10-13T16:30:38Z,febb2d674e85a32c8636ff900fffb5d2,americanfootball_nfl,2024-10-13 17:00:00+00:00,New England Patriots,Houston Texans,fanduel,FanDuel,2024-10-13T16:25:15Z,player_rush_yds,2024-10-13T16:24:51Z,C.J. Stroud,8.5,-110.0,-110,2024-10-13,NE,HOU,cj stroud,2024,6,C.J. Stroud,HOU,QB,192.0,7.0,0.0,0.0,7.0,0,False,6.5,-6.5,38.5,False,True,-6.5,6.5,False,True,False,22.5,2024,6,7.0,-1.5,False,True,0.5238095238095238,0.5238095238095238,0.04761904761904767,<20,coin_flip,dog_3_to_7,low_total_<42,1.9090909090909092,1.9090909090909092,-1.0,0.9090909090909092
2024-10-13T16:30:00Z,2024-10-13T16:25:38Z,2024-10-13T16:20:38Z,2024-10-13T16:30:38Z,febb2d674e85a32c8636ff900fffb5d2,americanfootball_nfl,2024-10-13 17:00:00+00:00,New England Patriots,Houston Texans,fanduel,FanDuel,2024-10-13T16:25:15Z,player_rush_yds,2024-10-13T16:24:51Z,Antonio Gibson,51.5,-110.0,-110,2024-10-13,NE,HOU,antonio gibson,2024,6,Antonio Gibson,NE,RB,0.0,19.0,24.0,3.0,19.0,0,False,6.5,-6.5,38.5,True,False,6.5,-6.5,True,False,False,16.0,2024,6,19.0,-32.5,False,True,0.5238095238095238,0.5238095238095238,0.04761904761904767,40-60,coin_flip,favorite_3_to_7,low_total_<42,1.9090909090909092,1.9090909090909092,-1.0,0.9090909090909092
2024-10-13T16:30:00Z,2024-10-13T16:25:38Z,2024-10-13T16:20:38Z,2024-10-13T16:30:38Z,febb2d674e85a32c8636ff900fffb5d2,americanfootball_nfl,2024-10-13 17:00:00+00:00,New England Patriots,Houston Texans,fanduel,FanDuel,2024-10-13T16:25:15Z,player_rush_yds,2024-10-13T16:24:51Z,JaMycal Hasty,18.5,-110.0,-110,2024-10-13,NE,HOU,jamycal hasty,2024,6,Jamycal Hasty,NE,RB,0.0,12.0,9.0,1.0,12.0,0,False,6.5,-6.5,38.5,True,False,6.5,-6.5,True,False,False,16.0,2024,6,12.0,-6.5,False,True,0.5238095238095238,0.5238095238095238,0.04761904761904767,<20,coin_flip,favorite_3_to_7,low_total_<42,1.9090909090909092,1.9090909090909092,-1.0,0.9090909090909092
2024-10-13T16:30:00Z,2024-10-13T16:25:38Z,2024-10-13T16:20:38Z,2024-10-13T16:30:38Z,bdc58f80a5a9b4515ee631fddc63a2c8,americanfootball_nfl,2024-10-13 17:00:00+00:00,Tennessee Titans,Indianapolis Colts,fanduel,FanDuel,2024-10-13T16:25:15Z,player_rush_yds,2024-10-13T16:24:46Z,Tyjae Spears,34.5,-110.0,-110,2024-10-13,TEN,IND,tyjae spears,2024,6,Tyjae Spears,TEN,RB,0.0,27.0,0.0,0.0,27.0,0,False,-2.5,2.5,42.0,True,False,-2.5,2.5,False,True,False,22.25,2024,6,27.0,-7.5,False,True,0.5238095238095238,0.5238095238095238,0.04761904761904767,20-40,coin_flip,dog_0_to_3,mid_total_42_47,1.9090909090909092,1.9090909090909092,-1.0,0.9090909090909092
2024-10-13T16:30:00Z,2024-10-13T16:25:38Z,2024-10-13T16:20:38Z,2024-10-13T16:30:38Z,bdc58f80a5a9b4515ee631fddc63a2c8,americanfootball_nfl,2024-10-13 17:00:00+00:00,Tennessee Titans,Indianapolis Colts,fanduel,FanDuel,2024-10-13T16:25:15Z,player_rush_yds,2024-10-13T16:24:46Z,Tony Pollard,65.5,-110.0,-110,2024-10-13,TEN,IND,tony pollard,2024,6,Tony Pollard,TEN,RB,0.0,93.0,-5.0,3.0,93.0,1,False,-2.5,2.5,42.0,True,False,-2.5,2.5,False,True,False,22.25,2024,6,93.0,27.5,True,False,0.5238095238095238,0.5238095238095238,0.04761904761904767,60-80,coin_flip,dog_0_to_3,mid_total_42_47,1.9090909090909092,1.9090909090909092,0.9090909090909092,-1.0
2024-10-13T16:30:00Z,2024-10-13T16:25:38Z,2024-10-13T16:20:38Z,2024-10-13T16:30:38Z,bdc58f80a5a9b4515ee631fddc63a2c8,americanfootball_nfl,2024-10-13 17:00:00+00:00,Tennessee Titans,Indianapolis Colts,fanduel,FanDuel,2024-10-13T16:25:15Z,player_rush_yds,2024-10-13T16:24:46Z,Trey Sermon,49.5,-110.0,-110,2024-10-13,TEN,IND,trey sermon,2024,6,Trey Sermon,IND,RB,0.0,29.0,0.0,0.0,29.0,0,False,-2.5,2.5,42.0,False,True,2.5,-2.5,True,False,False,19.75,2024,6,29.0,-20.5,False,True,0.5238095238095238,0.5238095238095238,0.04761904761904767,40-60,coin_flip,favorite_0_to_3,mid_total_42_47,1.9090909090909092,1.9090909090909092,-1.0,0.9090909090909092
2024-10-13T16:30:00Z,2024-10-13T16:25:38Z,2024-10-13T16:20:38Z,2024-10-13T16:30:38Z,bdc58f80a5a9b4515ee631fddc63a2c8,americanfootball_nfl,2024-10-13 17:00:00+00:00,Tennessee Titans,Indianapolis Colts,fanduel,FanDuel,2024-10-13T16:25:15Z,player_rush_yds,2024-10-13T16:24:46Z,Tyler Goodson,22.5,-110.0,-110,2024-10-13,TEN,IND,tyler goodson,2024,6,Tyler Goodson,IND,RB,0.0,51.0,14.0,4.0,51.0,1,False,-2.5,2.5,42.0,False,True,2.5,-2.5,True,False,False,19.75,2024,6,51.0,28.5,True,False,0.5238095238095238,0.5238095238095238,0.04761904761904767,20-40,coin_flip,favorite_0_to_3,mid_total_42_47,1.9090909090909092,1.9090909090909092,0.9090909090909092,-1.0
2024-10-13T16:30:00Z,2024-10-13T16:25:38Z,2024-10-13T16:20:38Z,2024-10-13T16:30:38Z,bdc58f80a5a9b4515ee631fddc63a2c8,americanfootball_nfl,2024-10-13 17:00:00+00:00,Tennessee Titans,Indianapolis Colts,fanduel,FanDuel,2024-10-13T16:25:15Z,player_rush_yds,2024-10-13T16:24:46Z,Will Levis,13.5,-110.0,-110,2024-10-13,TEN,IND,will levis,2024,6,Will Levis,TEN,QB,95.0,15.0,0.0,0.0,15.0,1,False,-2.5,2.5,42.0,True,False,-2.5,2.5,False,True,False,22.25,2024,6,15.0,1.5,True,False,0.5238095238095238,0.5238095238095238,0.04761904761904767,<20,coin_flip,dog_0_to_3,mid_total_42_47,1.9090909090909092,1.9090909090909092,0.9090909090909092,-1.0
2024-10-13T16:30:00Z,2024-10-13T16:25:38Z,2024-10-13T16:20:38Z,2024-10-13T16:30:38Z,ba1097486d1edb57bfe2bc22f5c4573e,americanfootball_nfl,2024-10-13 17:00:00+00:00,New Orleans Saints,Tampa Bay Buccaneers,fanduel,FanDuel,2024-10-13T16:25:15Z,player_rush_yds,2024-10-13T16:25:29Z,Baker Mayfield,12.5,-110.0,-110,2024-10-13,NO,TB,baker mayfield,2024,6,Baker Mayfield,TB,QB,325.0,29.0,0.0,0.0,29.0,1,False,3.5,-3.5,42.5,False,True,-3.5,3.5,False,True,False,23.0,2024,6,29.0,16.5,True,False,0.5238095238095238,0.5238095238095238,0.04761904761904767,<20,coin_flip,dog_3_to_7,mid_total_42_47,1.9090909090909092,1.9090909090909092,0.9090909090909092,-1.0
2024-10-13T16:30:00Z,2024-10-13T16:25:38Z,2024-10-13T16:20:38Z,2024-10-13T16:30:38Z,ba1097486d1edb57bfe2bc22f5c4573e,americanfootball_nfl,2024-10-13 17:00:00+00:00,New Orleans Saints,Tampa Bay Buccaneers,fanduel,FanDuel,2024-10-13T16:25:15Z,player_rush_yds,2024-10-13T16:25:29Z,Alvin Kamara,68.5,-110.0,-110,2024-10-13,NO,TB,alvin kamara,2024,6,Alvin Kamara,NO,RB,0.0,40.0,24.0,5.0,40.0,0,False,3.5,-3.5,42.5,True,False,3.5,-3.5,True,False,False,19.5,2024,6,40.0,-28.5,False,True,0.5238095238095238,0.5238095238095238,0.04761904761904767,60-80,coin_flip,favorite_3_to_7,mid_total_42_47,1.9090909090909092,1.9090909090909092,-1.0,0.9090909090909092
2024-10-13T16:30:00Z,2024-10-13T16:25:38Z,2024-10-13T16:20:38Z,2024-10-13T16:30:38Z,ba1097486d1edb57bfe2bc22f5c4573e,americanfootball_nfl,2024-10-13 17:00:00+00:00,New Orleans Saints,Tampa Bay Buccaneers,fanduel,FanDuel,2024-10-13T16:25:15Z,player_rush_yds,2024-10-13T16:25:29Z,Bucky Irving,62.5,-110.0,-110,2024-10-13,NO,TB,bucky irving,2024,6,Bucky Irving,TB,RB,0.0,81.0,24.0,2.0,81.0,1,False,3.5,-3.5,42.5,False,True,-3.5,3.5,False,True,False,23.0,2024,6,81.0,18.5,True,False,0.5238095238095238,0.5238095238095238,0.04761904761904767,60-80,coin_flip,dog_3_to_7,mid_total_42_47,1.9090909090909092,1.9090909090909092,0.9090909090909092,-1.0
2024-10-13T16:30:00Z,2024-10-13T16:25:38Z,2024-10-13T16:20:38Z,2024-10-13T16:30:38Z,ba1097486d1edb57bfe2bc22f5c4573e,americanfootball_nfl,2024-10-13 17:00:00+00:00,New Orleans Saints,Tampa Bay Buccaneers,fanduel,FanDuel,2024-10-13T16:25:15Z,player_rush_yds,2024-10-13T16:25:29Z,Spencer Rattler,16.5,-110.0,-110,2024-10-13,NO,TB,spencer rattler,2024,6,Spencer Rattler,NO,QB,243.0,27.0,0.0,0.0,27.0,1,False,3.5,-3.5,42.5,True,False,3.5,-3.5,True,False,False,19.5,2024,6,27.0,10.5,True,False,0.5238095238095238,0.5238095238095238,0.04761904761904767,<20,coin_flip,favorite_3_to_7,mid_total_42_47,1.9090909090909092,1.9090909090909092,0.9090909090909092,-1.0
2024-10-13T19:35:00Z,2024-10-13T19:30:38Z,2024-10-13T19:25:38Z,2024-10-13T19:35:38Z,76fbc0191f917329bad82f76a9a22a2e,americanfootball_nfl,2024-10-13 20:05:00+00:00,Denver Broncos,Los Angeles Chargers,fanduel,FanDuel,2024-10-13T19:29:55Z,player_rush_yds,2024-10-13T19:29:49Z,Justin Herbert,8.5,-110.0,-110,2024-10-13,DEN,LAC,justin herbert,2024,6,Justin Herbert,LAC,QB,237.0,2.0,0.0,0.0,2.0,0,False,3.0,-3.0,37.0,False,True,-3.0,3.0,False,True,False,20.0,2024,6,2.0,-6.5,False,True,0.5238095238095238,0.5238095238095238,0.04761904761904767,<20,coin_flip,dog_0_to_3,low_total_<42,1.9090909090909092,1.9090909090909092,-1.0,0.9090909090909092
2024-10-13T19:35:00Z,2024-10-13T19:30:38Z,2024-10-13T19:25:38Z,2024-10-13T19:35:38Z,76fbc0191f917329bad82f76a9a22a2e,americanfootball_nfl,2024-10-13 20:05:00+00:00,Denver Broncos,Los Angeles Chargers,fanduel,FanDuel,2024-10-13T19:29:55Z,player_rush_yds,2024-10-13T19:29:49Z,Javonte Williams,48.5,-110.0,-110,2024-10-13,DEN,LAC,javonte williams,2024,6,Javonte Williams,DEN,RB,0.0,23.0,13.0,3.0,23.0,0,False,3.0,-3.0,37.0,True,False,3.0,-3.0,True,False,False,17.0,2024,6,23.0,-25.5,False,True,0.5238095238095238,0.5238095238095238,0.04761904761904767,40-60,coin_flip,favorite_0_to_3,low_total_<42,1.9090909090909092,1.9090909090909092,-1.0,0.9090909090909092
2024-10-13T19:35:00Z,2024-10-13T19:30:38Z,2024-10-13T19:25:38Z,2024-10-13T19:35:38Z,76fbc0191f917329bad82f76a9a22a2e,americanfootball_nfl,2024-10-13 20:05:00+00:00,Denver Broncos,Los Angeles Chargers,fanduel,FanDuel,2024-10-13T19:29:55Z,player_rush_yds,2024-10-13T19:29:49Z,Bo Nix,21.5,-110.0,-110,2024-10-13,DEN,LAC,bo nix,2024,6,Bo Nix,DEN,QB,216.0,61.0,0.0,0.0,61.0,1,False,3.0,-3.0,37.0,True,False,3.0,-3.0,True,False,False,17.0,2024,6,61.0,39.5,True,False,0.5238095238095238,0.5238095238095238,0.04761904761904767,20-40,coin_flip,favorite_0_to_3,low_total_<42,1.9090909090909092,1.9090909090909092,0.9090909090909092,-1.0
2024-10-13T19:35:00Z,2024-10-13T19:30:38Z,2024-10-13T19:25:38Z,2024-10-13T19:35:38Z,76fbc0191f917329bad82f76a9a22a2e,americanfootball_nfl,2024-10-13 20:05:00+00:00,Denver Broncos,Los Angeles Chargers,fanduel,FanDuel,2024-10-13T19:29:55Z,player_rush_yds,2024-10-13T19:29:49Z,J.K. Dobbins,68.5,-110.0,-110,2024-10-13,DEN,LAC,jk dobbins,2024,6,J.K. Dobbins,LAC,RB,0.0,96.0,6.0,2.0,96.0,1,False,3.0,-3.0,37.0,False,True,-3.0,3.0,False,True,False,20.0,2024,6,96.0,27.5,True,False,0.5238095238095238,0.5238095238095238,0.04761904761904767,60-80,coin_flip,dog_0_to_3,low_total_<42,1.9090909090909092,1.9090909090909092,0.9090909090909092,-1.0
2024-10-13T19:35:00Z,2024-10-13T19:30:38Z,2024-10-13T19:25:38Z,2024-10-13T19:35:38Z,76fbc0191f917329bad82f76a9a22a2e,americanfootball_nfl,2024-10-13 20:05:00+00:00,Denver Broncos,Los Angeles Chargers,fanduel,FanDuel,2024-10-13T19:29:55Z,player_rush_yds,2024-10-13T19:29:49Z,Jaleel McLaughlin,22.5,-110.0,-110,2024-10-13,DEN,LAC,jaleel mclaughlin,2024,6,Jaleel McLaughlin,DEN,RB,0.0,8.0,17.0,2.0,8.0,0,False,3.0,-3.0,37.0,True,False,3.0,-3.0,True,False,False,17.0,2024,6,8.0,-14.5,False,True,0.5238095238095238,0.5238095238095238,0.04761904761904767,20-40,coin_flip,favorite_0_to_3,low_total_<42,1.9090909090909092,1.9090909090909092,-1.0,0.9090909090909092
2024-10-13T19:35:00Z,2024-10-13T19:30:38Z,2024-10-13T19:25:38Z,2024-10-13T19:35:38Z,81df9672b5e68bc84e98641d5de2505b,americanfootball_nfl,2024-10-13 20:05:00+00:00,Las Vegas Raiders,Pittsburgh Steelers,fanduel,FanDuel,2024-10-13T19:29:55Z,player_rush_yds,2024-10-13T19:30:46Z,Jaylen Warren,20.5,-110.0,-110,2024-10-13,LV,PIT,jaylen warren,2024,6,Jaylen Warren,PIT,RB,0.0,7.0,11.0,3.0,7.0,0,False,3.5,-3.5,36.5,False,True,-3.5,3.5,False,True,False,20.0,2024,6,7.0,-13.5,False,True,0.5238095238095238,0.5238095238095238,0.04761904761904767,20-40,coin_flip,dog_3_to_7,low_total_<42,1.9090909090909092,1.9090909090909092,-1.0,0.9090909090909092
2024-10-13T19:35:00Z,2024-10-13T19:30:38Z,2024-10-13T19:25:38Z,2024-10-13T19:35:38Z,81df9672b5e68bc84e98641d5de2505b,americanfootball_nfl,2024-10-13 20:05:00+00:00,Las Vegas Raiders,Pittsburgh Steelers,fanduel,FanDuel,2024-10-13T19:29:55Z,player_rush_yds,2024-10-13T19:30:46Z,Najee Harris,58.5,-110.0,-110,2024-10-13,LV,PIT,najee harris,2024,6,Najee Harris,PIT,RB,0.0,106.0,16.0,2.0,106.0,1,False,3.5,-3.5,36.5,False,True,-3.5,3.5,False,True,False,20.0,2024,6,106.0,47.5,True,False,0.5238095238095238,0.5238095238095238,0.04761904761904767,40-60,coin_flip,dog_3_to_7,low_total_<42,1.9090909090909092,1.9090909090909092,0.9090909090909092,-1.0
2024-10-13T19:35:00Z,2024-10-13T19:30:38Z,2024-10-13T19:25:38Z,2024-10-13T19:35:38Z,81df9672b5e68bc84e98641d5de2505b,americanfootball_nfl,2024-10-13 20:05:00+00:00,Las Vegas Raiders,Pittsburgh Steelers,fanduel,FanDuel,2024-10-13T19:29:55Z,player_rush_yds,2024-10-13T19:30:46Z,Justin Fields,40.5,-110.0,-110,2024-10-13,LV,PIT,justin fields,2024,6,Justin Fields,PIT,QB,145.0,59.0,0.0,0.0,59.0,1,False,3.5,-3.5,36.5,False,True,-3.5,3.5,False,True,False,20.0,2024,6,59.0,18.5,True,False,0.5238095238095238,0.5238095238095238,0.04761904761904767,40-60,coin_flip,dog_3_to_7,low_total_<42,1.9090909090909092,1.9090909090909092,0.9090909090909092,-1.0
2024-10-13T19:55:00Z,2024-10-13T19:50:38Z,2024-10-13T19:45:39Z,2024-10-13T19:55:38Z,67c389265b00a40407a23054e45d8e45,americanfootball_nfl,2024-10-13 20:25:00+00:00,Carolina Panthers,Atlanta Falcons,fanduel,FanDuel,2024-10-13T19:50:29Z,player_rush_yds,2024-10-13T19:50:46Z,Tyler Allgeier,38.5,-110.0,-110,2024-10-13,CAR,ATL,tyler allgeier,2024,6,Tyler Allgeier,ATL,RB,0.0,105.0,3.0,1.0,105.0,1,False,6.0,-6.0,45.5,False,True,-6.0,6.0,False,True,False,25.75,2024,6,105.0,66.5,True,False,0.5238095238095238,0.5238095238095238,0.04761904761904767,20-40,coin_flip,dog_3_to_7,mid_total_42_47,1.9090909090909092,1.9090909090909092,0.9090909090909092,-1.0
2024-10-13T19:55:00Z,2024-10-13T19:50:38Z,2024-10-13T19:45:39Z,2024-10-13T19:55:38Z,67c389265b00a40407a23054e45d8e45,americanfootball_nfl,2024-10-13 20:25:00+00:00,Carolina Panthers,Atlanta Falcons,fanduel,FanDuel,2024-10-13T19:50:29Z,player_rush_yds,2024-10-13T19:50:46Z,Bijan Robinson,66.5,-110.0,-110,2024-10-13,CAR,ATL,bijan robinson,2024,6,Bijan Robinson,ATL,RB,0.0,95.0,10.0,3.0,95.0,1,False,6.0,-6.0,45.5,False,True,-6.0,6.0,False,True,False,25.75,2024,6,95.0,28.5,True,False,0.5238095238095238,0.5238095238095238,0.04761904761904767,60-80,coin_flip,dog_3_to_7,mid_total_42_47,1.9090909090909092,1.9090909090909092,0.9090909090909092,-1.0
2024-10-13T19:55:00Z,2024-10-13T19:50:38Z,2024-10-13T19:45:39Z,2024-10-13T19:55:38Z,67c389265b00a40407a23054e45d8e45,americanfootball_nfl,2024-10-13 20:25:00+00:00,Carolina Panthers,Atlanta Falcons,fanduel,FanDuel,2024-10-13T19:50:29Z,player_rush_yds,2024-10-13T19:50:46Z,Miles Sanders,16.5,-110.0,-110,2024-10-13,CAR,ATL,miles sanders,2024,6,Miles Sanders,CAR,RB,0.0,1.0,12.0,1.0,1.0,0,False,6.0,-6.0,45.5,True,False,6.0,-6.0,True,False,False,19.75,2024,6,1.0,-15.5,False,True,0.5238095238095238,0.5238095238095238,0.04761904761904767,<20,coin_flip,favorite_3_to_7,mid_total_42_47,1.9090909090909092,1.9090909090909092,-1.0,0.9090909090909092
2024-10-13T19:55:00Z,2024-10-13T19:50:38Z,2024-10-13T19:45:39Z,2024-10-13T19:55:38Z,67c389265b00a40407a23054e45d8e45,americanfootball_nfl,2024-10-13 20:25:00+00:00,Carolina Panthers,Atlanta Falcons,fanduel,FanDuel,2024-10-13T19:50:29Z,player_rush_yds,2024-10-13T19:50:46Z,Chuba Hubbard,65.5,-110.0,-110,2024-10-13,CAR,ATL,chuba hubbard,2024,6,Chuba Hubbard,CAR,RB,0.0,92.0,11.0,5.0,92.0,1,False,6.0,-6.0,45.5,True,False,6.0,-6.0,True,False,False,19.75,2024,6,92.0,26.5,True,False,0.5238095238095238,0.5238095238095238,0.04761904761904767,60-80,coin_flip,favorite_3_to_7,mid_total_42_47,1.9090909090909092,1.9090909090909092,0.9090909090909092,-1.0
2024-10-13T19:55:00Z,2024-10-13T19:50:38Z,2024-10-13T19:45:39Z,2024-10-13T19:55:38Z,d4d2902446e120ea6f1afafdc0b3d55d,americanfootball_nfl,2024-10-13 20:25:00+00:00,Dallas Cowboys,Detroit Lions,fanduel,FanDuel,2024-10-13T19:50:29Z,player_rush_yds,2024-10-13T19:49:05Z,Rico Dowdle,41.5,-110.0,-110,2024-10-13,DAL,DET,rico dowdle,2024,6,Rico Dowdle,DAL,RB,0.0,25.0,30.0,5.0,25.0,0,False,3.5,-3.5,52.5,True,False,3.5,-3.5,True,False,False,24.5,2024,6,25.0,-16.5,False,True,0.5238095238095238,0.5238095238095238,0.04761904761904767,40-60,coin_flip,favorite_3_to_7,high_total_47_plus,1.9090909090909092,1.9090909090909092,-1.0,0.9090909090909092
2024-10-13T19:55:00Z,2024-10-13T19:50:38Z,2024-10-13T19:45:39Z,2024-10-13T19:55:38Z,d4d2902446e120ea6f1afafdc0b3d55d,americanfootball_nfl,2024-10-13 20:25:00+00:00,Dallas Cowboys,Detroit Lions,fanduel,FanDuel,2024-10-13T19:50:29Z,player_rush_yds,2024-10-13T19:49:05Z,Dak Prescott,8.5,-110.0,-110,2024-10-13,DAL,DET,dak prescott,2024,6,Dak Prescott,DAL,QB,178.0,1.0,0.0,0.0,1.0,0,False,3.5,-3.5,52.5,True,False,3.5,-3.5,True,False,False,24.5,2024,6,1.0,-7.5,False,True,0.5238095238095238,0.5238095238095238,0.04761904761904767,<20,coin_flip,favorite_3_to_7,high_total_47_plus,1.9090909090909092,1.9090909090909092,-1.0,0.9090909090909092
2024-10-13T19:55:00Z,2024-10-13T19:50:38Z,2024-10-13T19:45:39Z,2024-10-13T19:55:38Z,d4d2902446e120ea6f1afafdc0b3d55d,americanfootball_nfl,2024-10-13 20:25:00+00:00,Dallas Cowboys,Detroit Lions,fanduel,FanDuel,2024-10-13T19:50:29Z,player_rush_yds,2024-10-13T19:49:05Z,Ezekiel Elliott,14.5,-110.0,-110,2024-10-13,DAL,DET,ezekiel elliott,2024,6,Ezekiel Elliott,DAL,RB,0.0,17.0,0.0,0.0,17.0,1,False,3.5,-3.5,52.5,True,False,3.5,-3.5,True,False,False,24.5,2024,6,17.0,2.5,True,False,0.5238095238095238,0.5238095238095238,0.04761904761904767,<20,coin_flip,favorite_3_to_7,high_total_47_plus,1.9090909090909092,1.9090909090909092,0.9090909090909092,-1.0
2024-10-13T19:55:00Z,2024-10-13T19:50:38Z,2024-10-13T19:45:39Z,2024-10-13T19:55:38Z,d4d2902446e120ea6f1afafdc0b3d55d,americanfootball_nfl,2024-10-13 20:25:00+00:00,Dallas Cowboys,Detroit Lions,fanduel,FanDuel,2024-10-13T19:50:29Z,player_rush_yds,2024-10-13T19:49:05Z,Jahmyr Gibbs,57.5,-110.0,-110,2024-10-13,DAL,DET,jahmyr gibbs,2024,6,Jahmyr Gibbs,DET,RB,0.0,63.0,28.0,3.0,63.0,1,False,3.5,-3.5,52.5,False,True,-3.5,3.5,False,True,False,28.0,2024,6,63.0,5.5,True,False,0.5238095238095238,0.5238095238095238,0.04761904761904767,40-60,coin_flip,dog_3_to_7,high_total_47_plus,1.9090909090909092,1.9090909090909092,0.9090909090909092,-1.0
2024-10-13T19:55:00Z,2024-10-13T19:50:38Z,2024-10-13T19:45:39Z,2024-10-13T19:55:38Z,d4d2902446e120ea6f1afafdc0b3d55d,americanfootball_nfl,2024-10-13 20:25:00+00:00,Dallas Cowboys,Detroit Lions,fanduel,FanDuel,2024-10-13T19:50:29Z,player_rush_yds,2024-10-13T19:49:05Z,David Montgomery,58.5,-110.0,-110,2024-10-13,DAL,DET,david montgomery,2024,6,David Montgomery,DET,RB,0.0,80.0,0.0,1.0,80.0,1,False,3.5,-3.5,52.5,False,True,-3.5,3.5,False,True,False,28.0,2024,6,80.0,21.5,True,False,0.5238095238095238,0.5238095238095238,0.04761904761904767,40-60,coin_flip,dog_3_to_7,high_total_47_plus,1.9090909090909092,1.9090909090909092,0.9090909090909092,-1.0
2024-10-13T23:50:00Z,2024-10-13T23:45:38Z,2024-10-13T23:40:38Z,2024-10-13T23:50:38Z,245c50e05349966d749c7e3f05699647,americanfootball_nfl,2024-10-14 00:20:00+00:00,New York Giants,Cincinnati Bengals,fanduel,FanDuel,2024-10-13T23:45:11Z,player_rush_yds,2024-10-13T23:45:31Z,Tyrone Tracy Jr.,57.5,-110.0,-110,2024-10-13,NYG,CIN,tyrone tracy,2024,6,Tyrone Tracy,NYG,RB,0.0,50.0,57.0,6.0,50.0,0,False,4.5,-4.5,46.0,True,False,4.5,-4.5,True,False,False,20.75,2024,6,50.0,-7.5,False,True,0.5238095238095238,0.5238095238095238,0.04761904761904767,40-60,coin_flip,favorite_3_to_7,mid_total_42_47,1.9090909090909092,1.9090909090909092,-1.0,0.9090909090909092
2024-10-13T23:50:00Z,2024-10-13T23:45:38Z,2024-10-13T23:40:38Z,2024-10-13T23:50:38Z,245c50e05349966d749c7e3f05699647,americanfootball_nfl,2024-10-14 00:20:00+00:00,New York Giants,Cincinnati Bengals,fanduel,FanDuel,2024-10-13T23:45:11Z,player_rush_yds,2024-10-13T23:45:31Z,Daniel Jones,30.5,-110.0,-110,2024-10-13,NYG,CIN,daniel jones,2024,6,Daniel Jones,NYG,QB,205.0,56.0,0.0,0.0,56.0,1,False,4.5,-4.5,46.0,True,False,4.5,-4.5,True,False,False,20.75,2024,6,56.0,25.5,True,False,0.5238095238095238,0.5238095238095238,0.04761904761904767,20-40,coin_flip,favorite_3_to_7,mid_total_42_47,1.9090909090909092,1.9090909090909092,0.9090909090909092,-1.0
2024-10-13T23:50:00Z,2024-10-13T23:45:38Z,2024-10-13T23:40:38Z,2024-10-13T23:50:38Z,245c50e05349966d749c7e3f05699647,americanfootball_nfl,2024-10-14 00:20:00+00:00,New York Giants,Cincinnati Bengals,fanduel,FanDuel,2024-10-13T23:45:11Z,player_rush_yds,2024-10-13T23:45:31Z,Eric Gray,15.5,-110.0,-110,2024-10-13,NYG,CIN,eric gray,2024,6,Eric Gray,NYG,RB,0.0,13.0,0.0,0.0,13.0,0,False,4.5,-4.5,46.0,True,False,4.5,-4.5,True,False,False,20.75,2024,6,13.0,-2.5,False,True,0.5238095238095238,0.5238095238095238,0.04761904761904767,<20,coin_flip,favorite_3_to_7,mid_total_42_47,1.9090909090909092,1.9090909090909092,-1.0,0.9090909090909092
2024-10-13T23:50:00Z,2024-10-13T23:45:38Z,2024-10-13T23:40:38Z,2024-10-13T23:50:38Z,245c50e05349966d749c7e3f05699647,americanfootball_nfl,2024-10-14 00:20:00+00:00,New York Giants,Cincinnati Bengals,fanduel,FanDuel,2024-10-13T23:45:11Z,player_rush_yds,2024-10-13T23:45:31Z,Zack Moss,41.5,-110.0,-110,2024-10-13,NYG,CIN,zack moss,2024,6,Zack Moss,CIN,RB,0.0,13.0,2.0,1.0,13.0,0,False,4.5,-4.5,46.0,False,True,-4.5,4.5,False,True,False,25.25,2024,6,13.0,-28.5,False,True,0.5238095238095238,0.5238095238095238,0.04761904761904767,40-60,coin_flip,dog_3_to_7,mid_total_42_47,1.9090909090909092,1.9090909090909092,-1.0,0.9090909090909092
2024-10-13T23:50:00Z,2024-10-13T23:45:38Z,2024-10-13T23:40:38Z,2024-10-13T23:50:38Z,245c50e05349966d749c7e3f05699647,americanfootball_nfl,2024-10-14 00:20:00+00:00,New York Giants,Cincinnati Bengals,fanduel,FanDuel,2024-10-13T23:45:11Z,player_rush_yds,2024-10-13T23:45:31Z,Joe Burrow,8.5,-110.0,-110,2024-10-13,NYG,CIN,joe burrow,2024,6,Joe Burrow,CIN,QB,208.0,55.0,0.0,0.0,55.0,1,False,4.5,-4.5,46.0,False,True,-4.5,4.5,False,True,False,25.25,2024,6,55.0,46.5,True,False,0.5238095238095238,0.5238095238095238,0.04761904761904767,<20,coin_flip,dog_3_to_7,mid_total_42_47,1.9090909090909092,1.9090909090909092,0.9090909090909092,-1.0
2024-10-13T23:50:00Z,2024-10-13T23:45:38Z,2024-10-13T23:40:38Z,2024-10-13T23:50:38Z,245c50e05349966d749c7e3f05699647,americanfootball_nfl,2024-10-14 00:20:00+00:00,New York Giants,Cincinnati Bengals,fanduel,FanDuel,2024-10-13T23:45:11Z,player_rush_yds,2024-10-13T23:45:31Z,Chase Brown,46.5,-110.0,-110,2024-10-13,NYG,CIN,chase brown,2024,6,Chase Brown,CIN,RB,0.0,53.0,11.0,2.0,53.0,1,False,4.5,-4.5,46.0,False,True,-4.5,4.5,False,True,False,25.25,2024,6,53.0,6.5,True,False,0.5238095238095238,0.5238095238095238,0.04761904761904767,40-60,coin_flip,dog_3_to_7,mid_total_42_47,1.9090909090909092,1.9090909090909092,0.9090909090909092,-1.0
2024-10-14T23:45:00Z,2024-10-14T23:40:39Z,2024-10-14T23:35:38Z,2024-10-14T23:45:38Z,79b5655b7342104f50bc735a5d838b71,americanfootball_nfl,2024-10-15 00:15:00+00:00,New York Jets,Buffalo Bills,fanduel,FanDuel,2024-10-14T23:40:04Z,player_rush_yds,2024-10-14T23:40:08Z,Josh Allen,38.5,-110.0,-110,2024-10-14,NYJ,BUF,josh allen,2024,6,Josh Allen,BUF,QB,215.0,18.0,0.0,0.0,18.0,0,False,1.0,-1.0,42.0,False,True,-1.0,1.0,False,True,False,21.5,2024,6,18.0,-20.5,False,True,0.5238095238095238,0.5238095238095238,0.04761904761904767,20-40,coin_flip,dog_0_to_3,mid_total_42_47,1.9090909090909092,1.9090909090909092,-1.0,0.9090909090909092
2024-10-14T23:45:00Z,2024-10-14T23:40:39Z,2024-10-14T23:35:38Z,2024-10-14T23:45:38Z,79b5655b7342104f50bc735a5d838b71,americanfootball_nfl,2024-10-15 00:15:00+00:00,New York Jets,Buffalo Bills,fanduel,FanDuel,2024-10-14T23:40:04Z,player_rush_yds,2024-10-14T23:40:08Z,Ray Davis,46.5,-110.0,-110,2024-10-14,NYJ,BUF,ray davis,2024,6,Ray Davis,BUF,RB,0.0,97.0,55.0,3.0,97.0,1,False,1.0,-1.0,42.0,False,True,-1.0,1.0,False,True,False,21.5,2024,6,97.0,50.5,True,False,0.5238095238095238,0.5238095238095238,0.04761904761904767,40-60,coin_flip,dog_0_to_3,mid_total_42_47,1.9090909090909092,1.9090909090909092,0.9090909090909092,-1.0
2024-10-14T23:45:00Z,2024-10-14T23:40:39Z,2024-10-14T23:35:38Z,2024-10-14T23:45:38Z,79b5655b7342104f50bc735a5d838b71,americanfootball_nfl,2024-10-15 00:15:00+00:00,New York Jets,Buffalo Bills,fanduel,FanDuel,2024-10-14T23:40:04Z,player_rush_yds,2024-10-14T23:40:08Z,Ty Johnson,24.5,-110.0,-110,2024-10-14,NYJ,BUF,ty johnson,2024,6,Ty Johnson,BUF,RB,0.0,34.0,0.0,0.0,34.0,1,False,1.0,-1.0,42.0,False,True,-1.0,1.0,False,True,False,21.5,2024,6,34.0,9.5,True,False,0.5238095238095238,0.5238095238095238,0.04761904761904767,20-40,coin_flip,dog_0_to_3,mid_total_42_47,1.9090909090909092,1.9090909090909092,0.9090909090909092,-1.0
2024-10-14T23:45:00Z,2024-10-14T23:40:39Z,2024-10-14T23:35:38Z,2024-10-14T23:45:38Z,79b5655b7342104f50bc735a5d838b71,americanfootball_nfl,2024-10-15 00:15:00+00:00,New York Jets,Buffalo Bills,fanduel,FanDuel,2024-10-14T23:40:04Z,player_rush_yds,2024-10-14T23:40:08Z,Breece Hall,57.5,-110.0,-110,2024-10-14,NYJ,BUF,breece hall,2024,6,Breece Hall,NYJ,RB,0.0,113.0,56.0,5.0,113.0,1,False,1.0,-1.0,42.0,True,False,1.0,-1.0,True,False,False,20.5,2024,6,113.0,55.5,True,False,0.5238095238095238,0.5238095238095238,0.04761904761904767,40-60,coin_flip,favorite_0_to_3,mid_total_42_47,1.9090909090909092,1.9090909090909092,0.9090909090909092,-1.0
2024-10-14T23:45:00Z,2024-10-14T23:40:39Z,2024-10-14T23:35:38Z,2024-10-14T23:45:38Z,79b5655b7342104f50bc735a5d838b71,americanfootball_nfl,2024-10-15 00:15:00+00:00,New York Jets,Buffalo Bills,fanduel,FanDuel,2024-10-14T23:40:04Z,player_rush_yds,2024-10-14T23:40:08Z,Braelon Allen,34.5,-110.0,-110,2024-10-14,NYJ,BUF,braelon allen,2024,6,Braelon Allen,NYJ,RB,0.0,8.0,0.0,0.0,8.0,0,False,1.0,-1.0,42.0,True,False,1.0,-1.0,True,False,False,20.5,2024,6,8.0,-26.5,False,True,0.5238095238095238,0.5238095238095238,0.04761904761904767,20-40,coin_flip,favorite_0_to_3,mid_total_42_47,1.9090909090909092,1.9090909090909092,-1.0,0.9090909090909092
2024-10-17T23:45:00Z,2024-10-17T23:40:39Z,2024-10-17T23:35:39Z,2024-10-17T23:45:39Z,cc1d6e0125f5444f70609ce9e0829fa9,americanfootball_nfl,2024-10-18 00:15:00+00:00,New Orleans Saints,Denver Broncos,fanduel,FanDuel,2024-10-17T23:40:25Z,player_rush_yds,2024-10-17T23:39:47Z,Spencer Rattler,20.5,-110.0,-110,2024-10-17,NO,DEN,spencer rattler,2024,7,Spencer Rattler,NO,QB,172.0,34.0,0.0,0.0,34.0,1,False,2.5,-2.5,37.0,True,False,2.5,-2.5,True,False,False,17.25,2024,7,34.0,13.5,True,False,0.5238095238095238,0.5238095238095238,0.04761904761904767,20-40,coin_flip,favorite_0_to_3,low_total_<42,1.9090909090909092,1.9090909090909092,0.9090909090909092,-1.0
2024-10-17T23:45:00Z,2024-10-17T23:40:39Z,2024-10-17T23:35:39Z,2024-10-17T23:45:39Z,cc1d6e0125f5444f70609ce9e0829fa9,americanfootball_nfl,2024-10-18 00:15:00+00:00,New Orleans Saints,Denver Broncos,fanduel,FanDuel,2024-10-17T23:40:25Z,player_rush_yds,2024-10-17T23:39:47Z,Bo Nix,27.5,-110.0,-110,2024-10-17,NO,DEN,bo nix,2024,7,Bo Nix,DEN,QB,164.0,75.0,0.0,0.0,75.0,1,False,2.5,-2.5,37.0,False,True,-2.5,2.5,False,True,False,19.75,2024,7,75.0,47.5,True,False,0.5238095238095238,0.5238095238095238,0.04761904761904767,20-40,coin_flip,dog_0_to_3,low_total_<42,1.9090909090909092,1.9090909090909092,0.9090909090909092,-1.0
2024-10-17T23:45:00Z,2024-10-17T23:40:39Z,2024-10-17T23:35:39Z,2024-10-17T23:45:39Z,cc1d6e0125f5444f70609ce9e0829fa9,americanfootball_nfl,2024-10-18 00:15:00+00:00,New Orleans Saints,Denver Broncos,fanduel,FanDuel,2024-10-17T23:40:25Z,player_rush_yds,2024-10-17T23:39:47Z,Alvin Kamara,67.5,-110.0,-110,2024-10-17,NO,DEN,alvin kamara,2024,7,Alvin Kamara,NO,RB,0.0,10.0,14.0,6.0,10.0,0,False,2.5,-2.5,37.0,True,False,2.5,-2.5,True,False,False,17.25,2024,7,10.0,-57.5,False,True,0.5238095238095238,0.5238095238095238,0.04761904761904767,60-80,coin_flip,favorite_0_to_3,low_total_<42,1.9090909090909092,1.9090909090909092,-1.0,0.9090909090909092
2024-10-17T23:45:00Z,2024-10-17T23:40:39Z,2024-10-17T23:35:39Z,2024-10-17T23:45:39Z,cc1d6e0125f5444f70609ce9e0829fa9,americanfootball_nfl,2024-10-18 00:15:00+00:00,New Orleans Saints,Denver Broncos,fanduel,FanDuel,2024-10-17T23:40:25Z,player_rush_yds,2024-10-17T23:39:47Z,Javonte Williams,45.5,-110.0,-110,2024-10-17,NO,DEN,javonte williams,2024,7,Javonte Williams,DEN,RB,0.0,88.0,23.0,3.0,88.0,1,False,2.5,-2.5,37.0,False,True,-2.5,2.5,False,True,False,19.75,2024,7,88.0,42.5,True,False,0.5238095238095238,0.5238095238095238,0.04761904761904767,40-60,coin_flip,dog_0_to_3,low_total_<42,1.9090909090909092,1.9090909090909092,0.9090909090909092,-1.0
2024-10-17T23:45:00Z,2024-10-17T23:40:39Z,2024-10-17T23:35:39Z,2024-10-17T23:45:39Z,cc1d6e0125f5444f70609ce9e0829fa9,americanfootball_nfl,2024-10-18 00:15:00+00:00,New Orleans Saints,Denver Broncos,fanduel,FanDuel,2024-10-17T23:40:25Z,player_rush_yds,2024-10-17T23:39:47Z,Audric Estime,17.5,-110.0,-110,2024-10-17,NO,DEN,audric estime,2024,7,Audric Estime,DEN,RB,0.0,29.0,0.0,0.0,29.0,1,False,2.5,-2.5,37.0,False,True,-2.5,2.5,False,True,False,19.75,2024,7,29.0,11.5,True,False,0.5238095238095238,0.5238095238095238,0.04761904761904767,<20,coin_flip,dog_0_to_3,low_total_<42,1.9090909090909092,1.9090909090909092,0.9090909090909092,-1.0
2024-10-17T23:45:00Z,2024-10-17T23:40:39Z,2024-10-17T23:35:39Z,2024-10-17T23:45:39Z,cc1d6e0125f5444f70609ce9e0829fa9,americanfootball_nfl,2024-10-18 00:15:00+00:00,New Orleans Saints,Denver Broncos,fanduel,FanDuel,2024-10-17T23:40:25Z,player_rush_yds,2024-10-17T23:39:47Z,Jaleel McLaughlin,18.5,-110.0,-110,2024-10-17,NO,DEN,jaleel mclaughlin,2024,7,Jaleel McLaughlin,DEN,RB,0.0,35.0,0.0,0.0,35.0,1,False,2.5,-2.5,37.0,False,True,-2.5,2.5,False,True,False,19.75,2024,7,35.0,16.5,True,False,0.5238095238095238,0.5238095238095238,0.04761904761904767,<20,coin_flip,dog_0_to_3,low_total_<42,1.9090909090909092,1.9090909090909092,0.9090909090909092,-1.0
2024-10-20T13:00:00Z,2024-10-20T12:55:38Z,2024-10-20T12:50:38Z,2024-10-20T13:00:38Z,964d089b9bbbf792a705da3b3f355312,americanfootball_nfl,2024-10-20 13:30:00+00:00,Jacksonville Jaguars,New England Patriots,fanduel,FanDuel,2024-10-20T12:54:29Z,player_rush_yds,2024-10-20T12:56:02Z,Drake Maye,27.5,-110.0,-110,2024-10-20,JAX,NE,drake maye,2024,7,Drake Maye,NE,QB,276.0,18.0,0.0,0.0,18.0,0,False,-6.5,6.5,42.0,False,True,6.5,-6.5,True,False,False,17.75,2024,7,18.0,-9.5,False,True,0.5238095238095238,0.5238095238095238,0.04761904761904767,20-40,coin_flip,favorite_3_to_7,mid_total_42_47,1.9090909090909092,1.9090909090909092,-1.0,0.9090909090909092
2024-10-20T13:00:00Z,2024-10-20T12:55:38Z,2024-10-20T12:50:38Z,2024-10-20T13:00:38Z,964d089b9bbbf792a705da3b3f355312,americanfootball_nfl,2024-10-20 13:30:00+00:00,Jacksonville Jaguars,New England Patriots,fanduel,FanDuel,2024-10-20T12:54:29Z,player_rush_yds,2024-10-20T12:56:02Z,D'Ernest Johnson,26.5,-110.0,-110,2024-10-20,JAX,NE,dernest johnson,2024,7,D'Ernest Johnson,JAX,RB,0.0,38.0,32.0,3.0,38.0,1,False,-6.5,6.5,42.0,True,False,-6.5,6.5,False,True,False,24.25,2024,7,38.0,11.5,True,False,0.5238095238095238,0.5238095238095238,0.04761904761904767,20-40,coin_flip,dog_3_to_7,mid_total_42_47,1.9090909090909092,1.9090909090909092,0.9090909090909092,-1.0
2024-10-20T13:00:00Z,2024-10-20T12:55:38Z,2024-10-20T12:50:38Z,2024-10-20T13:00:38Z,964d089b9bbbf792a705da3b3f355312,americanfootball_nfl,2024-10-20 13:30:00+00:00,Jacksonville Jaguars,New England Patriots,fanduel,FanDuel,2024-10-20T12:54:29Z,player_rush_yds,2024-10-20T12:56:02Z,Tank Bigsby,60.5,-110.0,-110,2024-10-20,JAX,NE,tank bigsby,2024,7,Tank Bigsby,JAX,RB,0.0,118.0,0.0,0.0,118.0,1,False,-6.5,6.5,42.0,True,False,-6.5,6.5,False,True,False,24.25,2024,7,118.0,57.5,True,False,0.5238095238095238,0.5238095238095238,0.04761904761904767,60-80,coin_flip,dog_3_to_7,mid_total_42_47,1.9090909090909092,1.9090909090909092,0.9090909090909092,-1.0
2024-10-20T13:00:00Z,2024-10-20T12:55:38Z,2024-10-20T12:50:38Z,2024-10-20T13:00:38Z,964d089b9bbbf792a705da3b3f355312,americanfootball_nfl,2024-10-20 13:30:00+00:00,Jacksonville Jaguars,New England Patriots,fanduel,FanDuel,2024-10-20T12:54:29Z,player_rush_yds,2024-10-20T12:56:02Z,Trevor Lawrence,13.5,-110.0,-110,2024-10-20,JAX,NE,trevor lawrence,2024,7,Trevor Lawrence,JAX,QB,193.0,13.0,0.0,0.0,13.0,0,False,-6.5,6.5,42.0,True,False,-6.5,6.5,False,True,False,24.25,2024,7,13.0,-0.5,False,True,0.5238095238095238,0.5238095238095238,0.04761904761904767,<20,coin_flip,dog_3_to_7,mid_total_42_47,1.9090909090909092,1.9090909090909092,-1.0,0.9090909090909092
2024-10-20T13:00:00Z,2024-10-20T12:55:38Z,2024-10-20T12:50:38Z,2024-10-20T13:00:38Z,964d089b9bbbf792a705da3b3f355312,americanfootball_nfl,2024-10-20 13:30:00+00:00,Jacksonville Jaguars,New England Patriots,fanduel,FanDuel,2024-10-20T12:54:29Z,player_rush_yds,2024-10-20T12:56:02Z,Rhamondre Stevenson,45.5,-110.0,-110,2024-10-20,JAX,NE,rhamondre stevenson,2024,7,Rhamondre Stevenson,NE,RB,0.0,18.0,7.0,2.0,18.0,0,False,-6.5,6.5,42.0,False,True,6.5,-6.5,True,False,False,17.75,2024,7,18.0,-27.5,False,True,0.5238095238095238,0.5238095238095238,0.04761904761904767,40-60,coin_flip,favorite_3_to_7,mid_total_42_47,1.9090909090909092,1.9090909090909092,-1.0,0.9090909090909092
2024-10-20T13:00:00Z,2024-10-20T12:55:38Z,2024-10-20T12:50:38Z,2024-10-20T13:00:38Z,964d089b9bbbf792a705da3b3f355312,americanfootball_nfl,2024-10-20 13:30:00+00:00,Jacksonville Jaguars,New England Patriots,fanduel,FanDuel,2024-10-20T12:54:29Z,player_rush_yds,2024-10-20T12:56:02Z,Antonio Gibson,21.5,-110.0,-110,2024-10-20,JAX,NE,antonio gibson,2024,7,Antonio Gibson,NE,RB,0.0,4.0,9.0,1.0,4.0,0,False,-6.5,6.5,42.0,False,True,6.5,-6.5,True,False,False,17.75,2024,7,4.0,-17.5,False,True,0.5238095238095238,0.5238095238095238,0.04761904761904767,20-40,coin_flip,favorite_3_to_7,mid_total_42_47,1.9090909090909092,1.9090909090909092,-1.0,0.9090909090909092
2024-10-20T16:30:00Z,2024-10-20T16:25:38Z,2024-10-20T16:20:38Z,2024-10-20T16:30:37Z,514ad4e46861e2aa51571079d75856b5,americanfootball_nfl,2024-10-20 17:00:00+00:00,Atlanta Falcons,Seattle Seahawks,fanduel,FanDuel,2024-10-20T16:25:25Z,player_rush_yds,2024-10-20T16:25:07Z,Tyler Allgeier,40.5,-110.0,-110,2024-10-20,ATL,SEA,tyler allgeier,2024,7,Tyler Allgeier,ATL,RB,0.0,36.0,9.0,1.0,36.0,0,False,-3.0,3.0,51.5,True,False,-3.0,3.0,False,True,False,27.25,2024,7,36.0,-4.5,False,True,0.5238095238095238,0.5238095238095238,0.04761904761904767,40-60,coin_flip,dog_0_to_3,high_total_47_plus,1.9090909090909092,1.9090909090909092,-1.0,0.9090909090909092
2024-10-20T16:30:00Z,2024-10-20T16:25:38Z,2024-10-20T16:20:38Z,2024-10-20T16:30:37Z,514ad4e46861e2aa51571079d75856b5,americanfootball_nfl,2024-10-20 17:00:00+00:00,Atlanta Falcons,Seattle Seahawks,fanduel,FanDuel,2024-10-20T16:25:25Z,player_rush_yds,2024-10-20T16:25:07Z,Bijan Robinson,60.5,-110.0,-110,2024-10-20,ATL,SEA,bijan robinson,2024,7,Bijan Robinson,ATL,RB,0.0,103.0,40.0,3.0,103.0,1,False,-3.0,3.0,51.5,True,False,-3.0,3.0,False,True,False,27.25,2024,7,103.0,42.5,True,False,0.5238095238095238,0.5238095238095238,0.04761904761904767,60-80,coin_flip,dog_0_to_3,high_total_47_plus,1.9090909090909092,1.9090909090909092,0.9090909090909092,-1.0
2024-10-20T16:30:00Z,2024-10-20T16:25:38Z,2024-10-20T16:20:38Z,2024-10-20T16:30:37Z,514ad4e46861e2aa51571079d75856b5,americanfootball_nfl,2024-10-20 17:00:00+00:00,Atlanta Falcons,Seattle Seahawks,fanduel,FanDuel,2024-10-20T16:25:25Z,player_rush_yds,2024-10-20T16:25:07Z,Geno Smith,11.5,-105.0,-115,2024-10-20,ATL,SEA,geno smith,2024,7,Geno Smith,SEA,QB,207.0,15.0,0.0,0.0,15.0,1,False,-3.0,3.0,51.5,False,True,3.0,-3.0,True,False,False,24.25,2024,7,15.0,3.5,True,False,0.5121951219512195,0.5348837209302325,0.04707884288145214,<20,coin_flip,favorite_0_to_3,high_total_47_plus,1.9523809523809523,1.8695652173913042,0.9523809523809523,-1.0
2024-10-20T16:30:00Z,2024-10-20T16:25:38Z,2024-10-20T16:20:38Z,2024-10-20T16:30:37Z,514ad4e46861e2aa51571079d75856b5,americanfootball_nfl,2024-10-20 17:00:00+00:00,Atlanta Falcons,Seattle Seahawks,fanduel,FanDuel,2024-10-20T16:25:25Z,player_rush_yds,2024-10-20T16:25:07Z,Kenneth Walker III,66.5,-110.0,-110,2024-10-20,ATL,SEA,kenneth walker,2024,7,Kenneth Walker,SEA,RB,0.0,69.0,24.0,2.0,69.0,1,False,-3.0,3.0,51.5,False,True,3.0,-3.0,True,False,False,24.25,2024,7,69.0,2.5,True,False,0.5238095238095238,0.5238095238095238,0.04761904761904767,60-80,coin_flip,favorite_0_to_3,high_total_47_plus,1.9090909090909092,1.9090909090909092,0.9090909090909092,-1.0
2024-10-20T16:30:00Z,2024-10-20T16:25:38Z,2024-10-20T16:20:38Z,2024-10-20T16:30:37Z,4084732a953c2a15d46aca93da86fe87,americanfootball_nfl,2024-10-20 17:00:00+00:00,Buffalo Bills,Tennessee Titans,fanduel,FanDuel,2024-10-20T16:25:25Z,player_rush_yds,2024-10-20T16:25:20Z,James Cook,59.5,-110.0,-110,2024-10-20,BUF,TEN,james cook,2024,7,James Cook,BUF,RB,0.0,32.0,0.0,0.0,32.0,0,False,-9.5,9.5,41.0,True,False,-9.5,9.5,False,True,False,25.25,2024,7,32.0,-27.5,False,True,0.5238095238095238,0.5238095238095238,0.04761904761904767,40-60,coin_flip,dog_7_plus,low_total_<42,1.9090909090909092,1.9090909090909092,-1.0,0.9090909090909092
2024-10-20T16:30:00Z,2024-10-20T16:25:38Z,2024-10-20T16:20:38Z,2024-10-20T16:30:37Z,4084732a953c2a15d46aca93da86fe87,americanfootball_nfl,2024-10-20 17:00:00+00:00,Buffalo Bills,Tennessee Titans,fanduel,FanDuel,2024-10-20T16:25:25Z,player_rush_yds,2024-10-20T16:25:20Z,Tony Pollard,68.5,-110.0,-110,2024-10-20,BUF,TEN,tony pollard,2024,7,Tony Pollard,TEN,RB,0.0,61.0,4.0,2.0,61.0,0,False,-9.5,9.5,41.0,False,True,9.5,-9.5,True,False,False,15.75,2024,7,61.0,-7.5,False,True,0.5238095238095238,0.5238095238095238,0.04761904761904767,60-80,coin_flip,favorite_7_plus,low_total_<42,1.9090909090909092,1.9090909090909092,-1.0,0.9090909090909092
2024-10-20T16:30:00Z,2024-10-20T16:25:38Z,2024-10-20T16:20:38Z,2024-10-20T16:30:37Z,4084732a953c2a15d46aca93da86fe87,americanfootball_nfl,2024-10-20 17:00:00+00:00,Buffalo Bills,Tennessee Titans,fanduel,FanDuel,2024-10-20T16:25:25Z,player_rush_yds,2024-10-20T16:25:20Z,Josh Allen,28.5,-110.0,-110,2024-10-20,BUF,TEN,josh allen,2024,7,Josh Allen,BUF,QB,323.0,1.0,0.0,0.0,1.0,0,False,-9.5,9.5,41.0,True,False,-9.5,9.5,False,True,False,25.25,2024,7,1.0,-27.5,False,True,0.5238095238095238,0.5238095238095238,0.04761904761904767,20-40,coin_flip,dog_7_plus,low_total_<42,1.9090909090909092,1.9090909090909092,-1.0,0.9090909090909092
2024-10-20T16:30:00Z,2024-10-20T16:25:38Z,2024-10-20T16:20:38Z,2024-10-20T16:30:37Z,63e9b5302666e36b47431100bcb22973,americanfootball_nfl,2024-10-20 17:00:00+00:00,Cleveland Browns,Cincinnati Bengals,fanduel,FanDuel,2024-10-20T16:25:25Z,player_rush_yds,2024-10-20T16:25:29Z,Pierre Strong Jr.,15.5,-110.0,-110,2024-10-20,CLE,CIN,pierre strong,2024,7,Pierre Strong,CLE,RB,0.0,6.0,9.0,1.0,6.0,0,False,5.5,-5.5,42.0,True,False,5.5,-5.5,True,False,False,18.25,2024,7,6.0,-9.5,False,True,0.5238095238095238,0.5238095238095238,0.04761904761904767,<20,coin_flip,favorite_3_to_7,mid_total_42_47,1.9090909090909092,1.9090909090909092,-1.0,0.9090909090909092
2024-10-20T16:30:00Z,2024-10-20T16:25:38Z,2024-10-20T16:20:38Z,2024-10-20T16:30:37Z,63e9b5302666e36b47431100bcb22973,americanfootball_nfl,2024-10-20 17:00:00+00:00,Cleveland Browns,Cincinnati Bengals,fanduel,FanDuel,2024-10-20T16:25:25Z,player_rush_yds,2024-10-20T16:25:29Z,Chase Brown,50.5,-110.0,-110,2024-10-20,CLE,CIN,chase brown,2024,7,Chase Brown,CIN,RB,0.0,44.0,9.0,2.0,44.0,0,False,5.5,-5.5,42.0,False,True,-5.5,5.5,False,True,False,23.75,2024,7,44.0,-6.5,False,True,0.5238095238095238,0.5238095238095238,0.04761904761904767,40-60,coin_flip,dog_3_to_7,mid_total_42_47,1.9090909090909092,1.9090909090909092,-1.0,0.9090909090909092
2024-10-20T16:30:00Z,2024-10-20T16:25:38Z,2024-10-20T16:20:38Z,2024-10-20T16:30:37Z,63e9b5302666e36b47431100bcb22973,americanfootball_nfl,2024-10-20 17:00:00+00:00,Cleveland Browns,Cincinnati Bengals,fanduel,FanDuel,2024-10-20T16:25:25Z,player_rush_yds,2024-10-20T16:25:29Z,Zack Moss,32.5,-110.0,-110,2024-10-20,CLE,CIN,zack moss,2024,7,Zack Moss,CIN,RB,0.0,7.0,33.0,3.0,7.0,0,False,5.5,-5.5,42.0,False,True,-5.5,5.5,False,True,False,23.75,2024,7,7.0,-25.5,False,True,0.5238095238095238,0.5238095238095238,0.04761904761904767,20-40,coin_flip,dog_3_to_7,mid_total_42_47,1.9090909090909092,1.9090909090909092,-1.0,0.9090909090909092
2024-10-20T16:30:00Z,2024-10-20T16:25:38Z,2024-10-20T16:20:38Z,2024-10-20T16:30:37Z,63e9b5302666e36b47431100bcb22973,americanfootball_nfl,2024-10-20 17:00:00+00:00,Cleveland Browns,Cincinnati Bengals,fanduel,FanDuel,2024-10-20T16:25:25Z,player_rush_yds,2024-10-20T16:25:29Z,Nick Chubb,38.5,-110.0,-110,2024-10-20,CLE,CIN,nick chubb,2024,7,Nick Chubb,CLE,RB,0.0,22.0,10.0,1.0,22.0,0,False,5.5,-5.5,42.0,True,False,5.5,-5.5,True,False,False,18.25,2024,7,22.0,-16.5,False,True,0.5238095238095238,0.5238095238095238,0.04761904761904767,20-40,coin_flip,favorite_3_to_7,mid_total_42_47,1.9090909090909092,1.9090909090909092,-1.0,0.9090909090909092
2024-10-20T16:30:00Z,2024-10-20T16:25:38Z,2024-10-20T16:20:38Z,2024-10-20T16:30:37Z,63e9b5302666e36b47431100bcb22973,americanfootball_nfl,2024-10-20 17:00:00+00:00,Cleveland Browns,Cincinnati Bengals,fanduel,FanDuel,2024-10-20T16:25:25Z,player_rush_yds,2024-10-20T16:25:29Z,Deshaun Watson,23.5,-110.0,-110,2024-10-20,CLE,CIN,deshaun watson,2024,7,Deshaun Watson,CLE,QB,128.0,0.0,0.0,0.0,0.0,0,False,5.5,-5.5,42.0,True,False,5.5,-5.5,True,False,False,18.25,2024,7,0.0,-23.5,False,True,0.5238095238095238,0.5238095238095238,0.04761904761904767,20-40,coin_flip,favorite_3_to_7,mid_total_42_47,1.9090909090909092,1.9090909090909092,-1.0,0.9090909090909092
2024-10-20T16:30:00Z,2024-10-20T16:25:38Z,2024-10-20T16:20:38Z,2024-10-20T16:30:37Z,63e9b5302666e36b47431100bcb22973,americanfootball_nfl,2024-10-20 17:00:00+00:00,Cleveland Browns,Cincinnati Bengals,fanduel,FanDuel,2024-10-20T16:25:25Z,player_rush_yds,2024-10-20T16:25:29Z,D'Onta Foreman,23.5,-110.0,-110,2024-10-20,CLE,CIN,donta foreman,2024,7,D'Onta Foreman,CLE,RB,0.0,5.0,0.0,0.0,5.0,0,False,5.5,-5.5,42.0,True,False,5.5,-5.5,True,False,False,18.25,2024,7,5.0,-18.5,False,True,0.5238095238095238,0.5238095238095238,0.04761904761904767,20-40,coin_flip,favorite_3_to_7,mid_total_42_47,1.9090909090909092,1.9090909090909092,-1.0,0.9090909090909092
2024-10-20T16:30:00Z,2024-10-20T16:25:38Z,2024-10-20T16:20:38Z,2024-10-20T16:30:37Z,63e9b5302666e36b47431100bcb22973,americanfootball_nfl,2024-10-20 17:00:00+00:00,Cleveland Browns,Cincinnati Bengals,fanduel,FanDuel,2024-10-20T16:25:25Z,player_rush_yds,2024-10-20T16:25:29Z,Joe Burrow,10.5,-110.0,-110,2024-10-20,CLE,CIN,joe burrow,2024,7,Joe Burrow,CIN,QB,181.0,-3.0,0.0,0.0,-3.0,0,False,5.5,-5.5,42.0,False,True,-5.5,5.5,False,True,False,23.75,2024,7,-3.0,-13.5,False,True,0.5238095238095238,0.5238095238095238,0.04761904761904767,<20,coin_flip,dog_3_to_7,mid_total_42_47,1.9090909090909092,1.9090909090909092,-1.0,0.9090909090909092
2024-10-20T16:30:00Z,2024-10-20T16:25:38Z,2024-10-20T16:20:38Z,2024-10-20T16:30:37Z,497242e77fc7f2e1fa4cc70a2bd37b20,americanfootball_nfl,2024-10-20 17:00:00+00:00,Minnesota Vikings,Detroit Lions,fanduel,FanDuel,2024-10-20T16:25:25Z,player_rush_yds,2024-10-20T16:25:42Z,Aaron Jones,46.5,-110.0,-110,2024-10-20,MIN,DET,aaron jones,2024,7,Aaron Jones,MIN,RB,0.0,93.0,23.0,3.0,93.0,1,False,-1.0,1.0,50.5,True,False,-1.0,1.0,False,True,False,25.75,2024,7,93.0,46.5,True,False,0.5238095238095238,0.5238095238095238,0.04761904761904767,40-60,coin_flip,dog_0_to_3,high_total_47_plus,1.9090909090909092,1.9090909090909092,0.9090909090909092,-1.0
2024-10-20T16:30:00Z,2024-10-20T16:25:38Z,2024-10-20T16:20:38Z,2024-10-20T16:30:37Z,497242e77fc7f2e1fa4cc70a2bd37b20,americanfootball_nfl,2024-10-20 17:00:00+00:00,Minnesota Vikings,Detroit Lions,fanduel,FanDuel,2024-10-20T16:25:25Z,player_rush_yds,2024-10-20T16:25:42Z,David Montgomery,52.5,-110.0,-110,2024-10-20,MIN,DET,david montgomery,2024,7,David Montgomery,DET,RB,0.0,31.0,39.0,3.0,31.0,0,False,-1.0,1.0,50.5,False,True,1.0,-1.0,True,False,False,24.75,2024,7,31.0,-21.5,False,True,0.5238095238095238,0.5238095238095238,0.04761904761904767,40-60,coin_flip,favorite_0_to_3,high_total_47_plus,1.9090909090909092,1.9090909090909092,-1.0,0.9090909090909092
2024-10-20T16:30:00Z,2024-10-20T16:25:38Z,2024-10-20T16:20:38Z,2024-10-20T16:30:37Z,497242e77fc7f2e1fa4cc70a2bd37b20,americanfootball_nfl,2024-10-20 17:00:00+00:00,Minnesota Vikings,Detroit Lions,fanduel,FanDuel,2024-10-20T16:25:25Z,player_rush_yds,2024-10-20T16:25:42Z,Sam Darnold,12.5,-110.0,-110,2024-10-20,MIN,DET,sam darnold,2024,7,Sam Darnold,MIN,QB,259.0,39.0,0.0,0.0,39.0,1,False,-1.0,1.0,50.5,True,False,-1.0,1.0,False,True,False,25.75,2024,7,39.0,26.5,True,False,0.5238095238095238,0.5238095238095238,0.04761904761904767,<20,coin_flip,dog_0_to_3,high_total_47_plus,1.9090909090909092,1.9090909090909092,0.9090909090909092,-1.0
2024-10-20T16:30:00Z,2024-10-20T16:25:38Z,2024-10-20T16:20:38Z,2024-10-20T16:30:37Z,497242e77fc7f2e1fa4cc70a2bd37b20,americanfootball_nfl,2024-10-20 17:00:00+00:00,Minnesota Vikings,Detroit Lions,fanduel,FanDuel,2024-10-20T16:25:25Z,player_rush_yds,2024-10-20T16:25:42Z,Jahmyr Gibbs,51.5,-110.0,-110,2024-10-20,MIN,DET,jahmyr gibbs,2024,7,Jahmyr Gibbs,DET,RB,0.0,116.0,44.0,4.0,116.0,1,False,-1.0,1.0,50.5,False,True,1.0,-1.0,True,False,False,24.75,2024,7,116.0,64.5,True,False,0.5238095238095238,0.5238095238095238,0.04761904761904767,40-60,coin_flip,favorite_0_to_3,high_total_47_plus,1.9090909090909092,1.9090909090909092,0.9090909090909092,-1.0
2024-10-20T16:30:00Z,2024-10-20T16:25:38Z,2024-10-20T16:20:38Z,2024-10-20T16:30:37Z,3d634649562df7c3b2b22d626162a9c9,americanfootball_nfl,2024-10-20 17:00:00+00:00,Indianapolis Colts,Miami Dolphins,fanduel,FanDuel,2024-10-20T16:25:25Z,player_rush_yds,2024-10-20T16:25:16Z,De'Von Achane,48.5,-110.0,-110,2024-10-20,IND,MIA,devon achane,2024,7,Devon Achane,MIA,RB,0.0,77.0,8.0,2.0,77.0,1,False,-3.0,3.0,44.0,False,True,3.0,-3.0,True,False,False,20.5,2024,7,77.0,28.5,True,False,0.5238095238095238,0.5238095238095238,0.04761904761904767,40-60,coin_flip,favorite_0_to_3,mid_total_42_47,1.9090909090909092,1.9090909090909092,0.9090909090909092,-1.0
2024-10-20T16:30:00Z,2024-10-20T16:25:38Z,2024-10-20T16:20:38Z,2024-10-20T16:30:37Z,3d634649562df7c3b2b22d626162a9c9,americanfootball_nfl,2024-10-20 17:00:00+00:00,Indianapolis Colts,Miami Dolphins,fanduel,FanDuel,2024-10-20T16:25:25Z,player_rush_yds,2024-10-20T16:25:16Z,Tyler Goodson,34.5,-110.0,-110,2024-10-20,IND,MIA,tyler goodson,2024,7,Tyler Goodson,IND,RB,0.0,51.0,0.0,0.0,51.0,1,False,-3.0,3.0,44.0,True,False,-3.0,3.0,False,True,False,23.5,2024,7,51.0,16.5,True,False,0.5238095238095238,0.5238095238095238,0.04761904761904767,20-40,coin_flip,dog_0_to_3,mid_total_42_47,1.9090909090909092,1.9090909090909092,0.9090909090909092,-1.0
2024-10-20T16:30:00Z,2024-10-20T16:25:38Z,2024-10-20T16:20:38Z,2024-10-20T16:30:37Z,3d634649562df7c3b2b22d626162a9c9,americanfootball_nfl,2024-10-20 17:00:00+00:00,Indianapolis Colts,Miami Dolphins,fanduel,FanDuel,2024-10-20T16:25:25Z,player_rush_yds,2024-10-20T16:25:16Z,Anthony Richardson,30.5,-110.0,-110,2024-10-20,IND,MIA,anthony richardson,2024,7,Anthony Richardson,IND,QB,129.0,56.0,0.0,0.0,56.0,1,False,-3.0,3.0,44.0,True,False,-3.0,3.0,False,True,False,23.5,2024,7,56.0,25.5,True,False,0.5238095238095238,0.5238095238095238,0.04761904761904767,20-40,coin_flip,dog_0_to_3,mid_total_42_47,1.9090909090909092,1.9090909090909092,0.9090909090909092,-1.0
2024-10-20T16:30:00Z,2024-10-20T16:25:38Z,2024-10-20T16:20:38Z,2024-10-20T16:30:37Z,3d634649562df7c3b2b22d626162a9c9,americanfootball_nfl,2024-10-20 17:00:00+00:00,Indianapolis Colts,Miami Dolphins,fanduel,FanDuel,2024-10-20T16:25:25Z,player_rush_yds,2024-10-20T16:25:16Z,Tyler Huntley,28.5,-110.0,-110,2024-10-20,IND,MIA,tyler huntley,2024,7,Tyler Huntley,MIA,QB,87.0,20.0,0.0,0.0,20.0,0,False,-3.0,3.0,44.0,False,True,3.0,-3.0,True,False,False,20.5,2024,7,20.0,-8.5,False,True,0.5238095238095238,0.5238095238095238,0.04761904761904767,20-40,coin_flip,favorite_0_to_3,mid_total_42_47,1.9090909090909092,1.9090909090909092,-1.0,0.9090909090909092
2024-10-20T16:30:00Z,2024-10-20T16:25:38Z,2024-10-20T16:20:38Z,2024-10-20T16:30:37Z,3d634649562df7c3b2b22d626162a9c9,americanfootball_nfl,2024-10-20 17:00:00+00:00,Indianapolis Colts,Miami Dolphins,fanduel,FanDuel,2024-10-20T16:25:25Z,player_rush_yds,2024-10-20T16:25:16Z,Trey Sermon,48.5,-110.0,-110,2024-10-20,IND,MIA,trey sermon,2024,7,Trey Sermon,IND,RB,0.0,36.0,13.0,1.0,36.0,0,False,-3.0,3.0,44.0,True,False,-3.0,3.0,False,True,False,23.5,2024,7,36.0,-12.5,False,True,0.5238095238095238,0.5238095238095238,0.04761904761904767,40-60,coin_flip,dog_0_to_3,mid_total_42_47,1.9090909090909092,1.9090909090909092,-1.0,0.9090909090909092
2024-10-20T16:30:00Z,2024-10-20T16:25:38Z,2024-10-20T16:20:38Z,2024-10-20T16:30:37Z,3d634649562df7c3b2b22d626162a9c9,americanfootball_nfl,2024-10-20 17:00:00+00:00,Indianapolis Colts,Miami Dolphins,fanduel,FanDuel,2024-10-20T16:25:25Z,player_rush_yds,2024-10-20T16:25:16Z,Raheem Mostert,37.5,-110.0,-110,2024-10-20,IND,MIA,raheem mostert,2024,7,Raheem Mostert,MIA,RB,0.0,50.0,0.0,0.0,50.0,1,False,-3.0,3.0,44.0,False,True,3.0,-3.0,True,False,False,20.5,2024,7,50.0,12.5,True,False,0.5238095238095238,0.5238095238095238,0.04761904761904767,20-40,coin_flip,favorite_0_to_3,mid_total_42_47,1.9090909090909092,1.9090909090909092,0.9090909090909092,-1.0
2024-10-20T19:35:00Z,2024-10-20T19:30:38Z,2024-10-20T19:25:38Z,2024-10-20T19:35:38Z,205e5260b14ecb55558ddb85f419edaf,americanfootball_nfl,2024-10-20 20:05:00+00:00,Washington Commanders,Carolina Panthers,fanduel,FanDuel,2024-10-20T19:30:08Z,player_rush_yds,2024-10-20T19:30:02Z,Brian Robinson Jr.,59.5,-110.0,-110,2024-10-20,WAS,CAR,brian robinson,2024,7,Brian Robinson,WAS,RB,0.0,71.0,0.0,0.0,71.0,1,False,-10.0,10.0,51.0,True,False,-10.0,10.0,False,True,False,30.5,2024,7,71.0,11.5,True,False,0.5238095238095238,0.5238095238095238,0.04761904761904767,40-60,coin_flip,dog_7_plus,high_total_47_plus,1.9090909090909092,1.9090909090909092,0.9090909090909092,-1.0
2024-10-20T19:35:00Z,2024-10-20T19:30:38Z,2024-10-20T19:25:38Z,2024-10-20T19:35:38Z,205e5260b14ecb55558ddb85f419edaf,americanfootball_nfl,2024-10-20 20:05:00+00:00,Washington Commanders,Carolina Panthers,fanduel,FanDuel,2024-10-20T19:30:08Z,player_rush_yds,2024-10-20T19:30:02Z,Jayden Daniels,50.5,-110.0,-110,2024-10-20,WAS,CAR,jayden daniels,2024,7,Jayden Daniels,WAS,QB,6.0,50.0,0.0,0.0,50.0,0,False,-10.0,10.0,51.0,True,False,-10.0,10.0,False,True,False,30.5,2024,7,50.0,-0.5,False,True,0.5238095238095238,0.5238095238095238,0.04761904761904767,40-60,coin_flip,dog_7_plus,high_total_47_plus,1.9090909090909092,1.9090909090909092,-1.0,0.9090909090909092
2024-10-20T19:35:00Z,2024-10-20T19:30:38Z,2024-10-20T19:25:38Z,2024-10-20T19:35:38Z,205e5260b14ecb55558ddb85f419edaf,americanfootball_nfl,2024-10-20 20:05:00+00:00,Washington Commanders,Carolina Panthers,fanduel,FanDuel,2024-10-20T19:30:08Z,player_rush_yds,2024-10-20T19:30:02Z,Austin Ekeler,27.5,-110.0,-110,2024-10-20,WAS,CAR,austin ekeler,2024,7,Austin Ekeler,WAS,RB,0.0,17.0,3.0,2.0,17.0,0,False,-10.0,10.0,51.0,True,False,-10.0,10.0,False,True,False,30.5,2024,7,17.0,-10.5,False,True,0.5238095238095238,0.5238095238095238,0.04761904761904767,20-40,coin_flip,dog_7_plus,high_total_47_plus,1.9090909090909092,1.9090909090909092,-1.0,0.9090909090909092
2024-10-20T19:35:00Z,2024-10-20T19:30:38Z,2024-10-20T19:25:38Z,2024-10-20T19:35:38Z,205e5260b14ecb55558ddb85f419edaf,americanfootball_nfl,2024-10-20 20:05:00+00:00,Washington Commanders,Carolina Panthers,fanduel,FanDuel,2024-10-20T19:30:08Z,player_rush_yds,2024-10-20T19:30:02Z,Chuba Hubbard,70.5,-110.0,-110,2024-10-20,WAS,CAR,chuba hubbard,2024,7,Chuba Hubbard,CAR,RB,0.0,52.0,0.0,0.0,52.0,0,False,-10.0,10.0,51.0,False,True,10.0,-10.0,True,False,False,20.5,2024,7,52.0,-18.5,False,True,0.5238095238095238,0.5238095238095238,0.04761904761904767,60-80,coin_flip,favorite_7_plus,high_total_47_plus,1.9090909090909092,1.9090909090909092,-1.0,0.9090909090909092
2024-10-20T19:35:00Z,2024-10-20T19:30:38Z,2024-10-20T19:25:38Z,2024-10-20T19:35:38Z,2bc06cb4fb03e96b39448675c1943487,americanfootball_nfl,2024-10-20 20:05:00+00:00,Los Angeles Rams,Las Vegas Raiders,fanduel,FanDuel,2024-10-20T19:30:08Z,player_rush_yds,2024-10-20T19:29:45Z,Alexander Mattison,35.5,-110.0,-110,2024-10-20,LAR,LV,alexander mattison,2024,7,Alexander Mattison,LV,RB,0.0,92.0,31.0,3.0,92.0,1,False,-7.0,7.0,43.0,False,True,7.0,-7.0,True,False,False,18.0,2024,7,92.0,56.5,True,False,0.5238095238095238,0.5238095238095238,0.04761904761904767,20-40,coin_flip,favorite_3_to_7,mid_total_42_47,1.9090909090909092,1.9090909090909092,0.9090909090909092,-1.0
2024-10-20T19:35:00Z,2024-10-20T19:30:38Z,2024-10-20T19:25:38Z,2024-10-20T19:35:38Z,2bc06cb4fb03e96b39448675c1943487,americanfootball_nfl,2024-10-20 20:05:00+00:00,Los Angeles Rams,Las Vegas Raiders,fanduel,FanDuel,2024-10-20T19:30:08Z,player_rush_yds,2024-10-20T19:29:45Z,Zamir White,25.5,-110.0,-110,2024-10-20,LAR,LV,zamir white,2024,7,Zamir White,LV,RB,0.0,13.0,14.0,1.0,13.0,0,False,-7.0,7.0,43.0,False,True,7.0,-7.0,True,False,False,18.0,2024,7,13.0,-12.5,False,True,0.5238095238095238,0.5238095238095238,0.04761904761904767,20-40,coin_flip,favorite_3_to_7,mid_total_42_47,1.9090909090909092,1.9090909090909092,-1.0,0.9090909090909092
2024-10-20T19:35:00Z,2024-10-20T19:30:38Z,2024-10-20T19:25:38Z,2024-10-20T19:35:38Z,2bc06cb4fb03e96b39448675c1943487,americanfootball_nfl,2024-10-20 20:05:00+00:00,Los Angeles Rams,Las Vegas Raiders,fanduel,FanDuel,2024-10-20T19:30:08Z,player_rush_yds,2024-10-20T19:29:45Z,Kyren Williams,89.5,-110.0,-110,2024-10-20,LAR,LV,kyren williams,2024,7,Kyren Williams,LAR,RB,0.0,76.0,0.0,0.0,76.0,0,False,-7.0,7.0,43.0,True,False,-7.0,7.0,False,True,False,25.0,2024,7,76.0,-13.5,False,True,0.5238095238095238,0.5238095238095238,0.04761904761904767,80+,coin_flip,dog_3_to_7,mid_total_42_47,1.9090909090909092,1.9090909090909092,-1.0,0.9090909090909092
2024-10-20T19:55:00Z,2024-10-20T19:50:38Z,2024-10-20T19:45:38Z,2024-10-20T19:55:38Z,a0b429ad5863438f4550ced4f368d2e2,americanfootball_nfl,2024-10-20 20:25:00+00:00,San Francisco 49ers,Kansas City Chiefs,fanduel,FanDuel,2024-10-20T19:50:05Z,player_rush_yds,2024-10-20T19:50:34Z,Kareem Hunt,52.5,-110.0,-110,2024-10-20,SF,KC,kareem hunt,2024,7,Kareem Hunt,KC,RB,0.0,78.0,5.0,2.0,78.0,1,False,-2.5,2.5,47.5,False,True,2.5,-2.5,True,False,False,22.5,2024,7,78.0,25.5,True,False,0.5238095238095238,0.5238095238095238,0.04761904761904767,40-60,coin_flip,favorite_0_to_3,high_total_47_plus,1.9090909090909092,1.9090909090909092,0.9090909090909092,-1.0
2024-10-20T19:55:00Z,2024-10-20T19:50:38Z,2024-10-20T19:45:38Z,2024-10-20T19:55:38Z,a0b429ad5863438f4550ced4f368d2e2,americanfootball_nfl,2024-10-20 20:25:00+00:00,San Francisco 49ers,Kansas City Chiefs,fanduel,FanDuel,2024-10-20T19:50:05Z,player_rush_yds,2024-10-20T19:50:34Z,Patrick Mahomes,18.5,-110.0,-110,2024-10-20,SF,KC,patrick mahomes,2024,7,Patrick Mahomes,KC,QB,154.0,39.0,0.0,0.0,39.0,1,False,-2.5,2.5,47.5,False,True,2.5,-2.5,True,False,False,22.5,2024,7,39.0,20.5,True,False,0.5238095238095238,0.5238095238095238,0.04761904761904767,<20,coin_flip,favorite_0_to_3,high_total_47_plus,1.9090909090909092,1.9090909090909092,0.9090909090909092,-1.0
2024-10-20T19:55:00Z,2024-10-20T19:50:38Z,2024-10-20T19:45:38Z,2024-10-20T19:55:38Z,a0b429ad5863438f4550ced4f368d2e2,americanfootball_nfl,2024-10-20 20:25:00+00:00,San Francisco 49ers,Kansas City Chiefs,fanduel,FanDuel,2024-10-20T19:50:05Z,player_rush_yds,2024-10-20T19:50:34Z,Jordan Mason,57.5,-110.0,-110,2024-10-20,SF,KC,jordan mason,2024,7,Jordan Mason,SF,RB,0.0,58.0,11.0,2.0,58.0,1,False,-2.5,2.5,47.5,True,False,-2.5,2.5,False,True,False,25.0,2024,7,58.0,0.5,True,False,0.5238095238095238,0.5238095238095238,0.04761904761904767,40-60,coin_flip,dog_0_to_3,high_total_47_plus,1.9090909090909092,1.9090909090909092,0.9090909090909092,-1.0
2024-10-20T19:55:00Z,2024-10-20T19:50:38Z,2024-10-20T19:45:38Z,2024-10-20T19:55:38Z,a0b429ad5863438f4550ced4f368d2e2,americanfootball_nfl,2024-10-20 20:25:00+00:00,San Francisco 49ers,Kansas City Chiefs,fanduel,FanDuel,2024-10-20T19:50:05Z,player_rush_yds,2024-10-20T19:50:34Z,Brock Purdy,15.5,-110.0,-110,2024-10-20,SF,KC,brock purdy,2024,7,Brock Purdy,SF,QB,212.0,27.0,0.0,0.0,27.0,1,False,-2.5,2.5,47.5,True,False,-2.5,2.5,False,True,False,25.0,2024,7,27.0,11.5,True,False,0.5238095238095238,0.5238095238095238,0.04761904761904767,<20,coin_flip,dog_0_to_3,high_total_47_plus,1.9090909090909092,1.9090909090909092,0.9090909090909092,-1.0
2024-10-20T19:55:00Z,2024-10-20T19:50:38Z,2024-10-20T19:45:38Z,2024-10-20T19:55:38Z,a0b429ad5863438f4550ced4f368d2e2,americanfootball_nfl,2024-10-20 20:25:00+00:00,San Francisco 49ers,Kansas City Chiefs,fanduel,FanDuel,2024-10-20T19:50:05Z,player_rush_yds,2024-10-20T19:50:34Z,Xavier Worthy,2.5,102.0,-124,2024-10-20,SF,KC,xavier worthy,2024,7,Xavier Worthy,KC,WR,0.0,5.0,19.0,3.0,5.0,1,False,-2.5,2.5,47.5,False,True,2.5,-2.5,True,False,False,22.5,2024,7,5.0,2.5,True,False,0.49504950495049505,0.5535714285714286,0.04862093352192365,<20,plus_money,favorite_0_to_3,high_total_47_plus,2.02,1.8064516129032258,1.02,-1.0
2024-10-20T23:50:00Z,2024-10-20T23:45:38Z,2024-10-20T23:40:38Z,2024-10-20T23:50:38Z,6103604599da91e8a44ce683292242ec,americanfootball_nfl,2024-10-21 00:20:00+00:00,Pittsburgh Steelers,New York Jets,fanduel,FanDuel,2024-10-20T23:44:53Z,player_rush_yds,2024-10-20T23:44:54Z,Breece Hall,62.5,-110.0,-110,2024-10-20,PIT,NYJ,breece hall,2024,7,Breece Hall,NYJ,RB,0.0,38.0,103.0,6.0,38.0,0,False,3.0,-3.0,40.0,False,True,-3.0,3.0,False,True,False,21.5,2024,7,38.0,-24.5,False,True,0.5238095238095238,0.5238095238095238,0.04761904761904767,60-80,coin_flip,dog_0_to_3,low_total_<42,1.9090909090909092,1.9090909090909092,-1.0,0.9090909090909092
2024-10-20T23:50:00Z,2024-10-20T23:45:38Z,2024-10-20T23:40:38Z,2024-10-20T23:50:38Z,6103604599da91e8a44ce683292242ec,americanfootball_nfl,2024-10-21 00:20:00+00:00,Pittsburgh Steelers,New York Jets,fanduel,FanDuel,2024-10-20T23:44:53Z,player_rush_yds,2024-10-20T23:44:54Z,Russell Wilson,17.5,-110.0,-110,2024-10-20,PIT,NYJ,russell wilson,2024,7,Russell Wilson,PIT,QB,264.0,3.0,0.0,0.0,3.0,0,False,3.0,-3.0,40.0,True,False,3.0,-3.0,True,False,False,18.5,2024,7,3.0,-14.5,False,True,0.5238095238095238,0.5238095238095238,0.04761904761904767,<20,coin_flip,favorite_0_to_3,low_total_<42,1.9090909090909092,1.9090909090909092,-1.0,0.9090909090909092
2024-10-20T23:50:00Z,2024-10-20T23:45:38Z,2024-10-20T23:40:38Z,2024-10-20T23:50:38Z,6103604599da91e8a44ce683292242ec,americanfootball_nfl,2024-10-21 00:20:00+00:00,Pittsburgh Steelers,New York Jets,fanduel,FanDuel,2024-10-20T23:44:53Z,player_rush_yds,2024-10-20T23:44:54Z,Jaylen Warren,22.5,-110.0,-110,2024-10-20,PIT,NYJ,jaylen warren,2024,7,Jaylen Warren,PIT,RB,0.0,44.0,15.0,2.0,44.0,1,False,3.0,-3.0,40.0,True,False,3.0,-3.0,True,False,False,18.5,2024,7,44.0,21.5,True,False,0.5238095238095238,0.5238095238095238,0.04761904761904767,20-40,coin_flip,favorite_0_to_3,low_total_<42,1.9090909090909092,1.9090909090909092,0.9090909090909092,-1.0
2024-10-20T23:50:00Z,2024-10-20T23:45:38Z,2024-10-20T23:40:38Z,2024-10-20T23:50:38Z,6103604599da91e8a44ce683292242ec,americanfootball_nfl,2024-10-21 00:20:00+00:00,Pittsburgh Steelers,New York Jets,fanduel,FanDuel,2024-10-20T23:44:53Z,player_rush_yds,2024-10-20T23:44:54Z,Najee Harris,56.5,-110.0,-110,2024-10-20,PIT,NYJ,najee harris,2024,7,Najee Harris,PIT,RB,0.0,102.0,0.0,0.0,102.0,1,False,3.0,-3.0,40.0,True,False,3.0,-3.0,True,False,False,18.5,2024,7,102.0,45.5,True,False,0.5238095238095238,0.5238095238095238,0.04761904761904767,40-60,coin_flip,favorite_0_to_3,low_total_<42,1.9090909090909092,1.9090909090909092,0.9090909090909092,-1.0
2024-10-20T23:50:00Z,2024-10-20T23:45:38Z,2024-10-20T23:40:38Z,2024-10-20T23:50:38Z,6103604599da91e8a44ce683292242ec,americanfootball_nfl,2024-10-21 00:20:00+00:00,Pittsburgh Steelers,New York Jets,fanduel,FanDuel,2024-10-20T23:44:53Z,player_rush_yds,2024-10-20T23:44:54Z,Braelon Allen,18.5,-110.0,-110,2024-10-20,PIT,NYJ,braelon allen,2024,7,Braelon Allen,NYJ,RB,0.0,4.0,2.0,1.0,4.0,0,False,3.0,-3.0,40.0,False,True,-3.0,3.0,False,True,False,21.5,2024,7,4.0,-14.5,False,True,0.5238095238095238,0.5238095238095238,0.04761904761904767,<20,coin_flip,dog_0_to_3,low_total_<42,1.9090909090909092,1.9090909090909092,-1.0,0.9090909090909092
2024-10-22T00:30:00Z,2024-10-22T00:25:39Z,2024-10-22T00:20:39Z,2024-10-22T00:30:39Z,c38d6ebf21ca6194da4757c090eac3a2,americanfootball_nfl,2024-10-22 01:00:00+00:00,Arizona Cardinals,Los Angeles Chargers,fanduel,FanDuel,2024-10-22T00:25:17Z,player_rush_yds,2024-10-22T00:25:32Z,J.K. Dobbins,81.5,-110.0,-110,2024-10-21,ARI,LAC,jk dobbins,2024,7,J.K. Dobbins,LAC,RB,0.0,40.0,26.0,3.0,40.0,0,False,1.0,-1.0,44.0,False,True,-1.0,1.0,False,True,False,22.5,2024,7,40.0,-41.5,False,True,0.5238095238095238,0.5238095238095238,0.04761904761904767,80+,coin_flip,dog_0_to_3,mid_total_42_47,1.9090909090909092,1.9090909090909092,-1.0,0.9090909090909092
2024-10-22T00:30:00Z,2024-10-22T00:25:39Z,2024-10-22T00:20:39Z,2024-10-22T00:30:39Z,c38d6ebf21ca6194da4757c090eac3a2,americanfootball_nfl,2024-10-22 01:00:00+00:00,Arizona Cardinals,Los Angeles Chargers,fanduel,FanDuel,2024-10-22T00:25:17Z,player_rush_yds,2024-10-22T00:25:32Z,Kyler Murray,32.5,-110.0,-110,2024-10-21,ARI,LAC,kyler murray,2024,7,Kyler Murray,ARI,QB,145.0,64.0,0.0,0.0,64.0,1,False,1.0,-1.0,44.0,True,False,1.0,-1.0,True,False,False,21.5,2024,7,64.0,31.5,True,False,0.5238095238095238,0.5238095238095238,0.04761904761904767,20-40,coin_flip,favorite_0_to_3,mid_total_42_47,1.9090909090909092,1.9090909090909092,0.9090909090909092,-1.0
2024-10-22T00:30:00Z,2024-10-22T00:25:39Z,2024-10-22T00:20:39Z,2024-10-22T00:30:39Z,c38d6ebf21ca6194da4757c090eac3a2,americanfootball_nfl,2024-10-22 01:00:00+00:00,Arizona Cardinals,Los Angeles Chargers,fanduel,FanDuel,2024-10-22T00:25:17Z,player_rush_yds,2024-10-22T00:25:32Z,James Conner,61.5,-110.0,-110,2024-10-21,ARI,LAC,james conner,2024,7,James Conner,ARI,RB,0.0,101.0,51.0,2.0,101.0,1,False,1.0,-1.0,44.0,True,False,1.0,-1.0,True,False,False,21.5,2024,7,101.0,39.5,True,False,0.5238095238095238,0.5238095238095238,0.04761904761904767,60-80,coin_flip,favorite_0_to_3,mid_total_42_47,1.9090909090909092,1.9090909090909092,0.9090909090909092,-1.0
2024-10-22T00:30:00Z,2024-10-22T00:25:39Z,2024-10-22T00:20:39Z,2024-10-22T00:30:39Z,c38d6ebf21ca6194da4757c090eac3a2,americanfootball_nfl,2024-10-22 01:00:00+00:00,Arizona Cardinals,Los Angeles Chargers,fanduel,FanDuel,2024-10-22T00:25:17Z,player_rush_yds,2024-10-22T00:25:32Z,Kimani Vidal,18.5,-110.0,-110,2024-10-21,ARI,LAC,kimani vidal,2024,7,Kimani Vidal,LAC,RB,0.0,10.0,9.0,1.0,10.0,0,False,1.0,-1.0,44.0,False,True,-1.0,1.0,False,True,False,22.5,2024,7,10.0,-8.5,False,True,0.5238095238095238,0.5238095238095238,0.04761904761904767,<20,coin_flip,dog_0_to_3,mid_total_42_47,1.9090909090909092,1.9090909090909092,-1.0,0.9090909090909092
2024-10-22T00:30:00Z,2024-10-22T00:25:39Z,2024-10-22T00:20:39Z,2024-10-22T00:30:39Z,c38d6ebf21ca6194da4757c090eac3a2,americanfootball_nfl,2024-10-22 01:00:00+00:00,Arizona Cardinals,Los Angeles Chargers,fanduel,FanDuel,2024-10-22T00:25:17Z,player_rush_yds,2024-10-22T00:25:32Z,Justin Herbert,9.5,-110.0,-110,2024-10-21,ARI,LAC,justin herbert,2024,7,Justin Herbert,LAC,QB,349.0,8.0,0.0,0.0,8.0,0,False,1.0,-1.0,44.0,False,True,-1.0,1.0,False,True,False,22.5,2024,7,8.0,-1.5,False,True,0.5238095238095238,0.5238095238095238,0.04761904761904767,<20,coin_flip,dog_0_to_3,mid_total_42_47,1.9090909090909092,1.9090909090909092,-1.0,0.9090909090909092
2024-10-24T23:45:00Z,2024-10-24T23:40:39Z,2024-10-24T23:35:39Z,2024-10-24T23:45:39Z,1f22f5d9de70779ac521b9c1de59162f,americanfootball_nfl,2024-10-25 00:15:00+00:00,Los Angeles Rams,Minnesota Vikings,fanduel,FanDuel,2024-10-24T23:39:33Z,player_rush_yds,2024-10-24T23:40:43Z,Kyren Williams,69.5,-110.0,-110,2024-10-24,LAR,MIN,kyren williams,2024,8,Kyren Williams,LAR,RB,0.0,97.0,19.0,5.0,97.0,1,False,3.0,-3.0,47.5,True,False,3.0,-3.0,True,False,False,22.25,2024,8,97.0,27.5,True,False,0.5238095238095238,0.5238095238095238,0.04761904761904767,60-80,coin_flip,favorite_0_to_3,high_total_47_plus,1.9090909090909092,1.9090909090909092,0.9090909090909092,-1.0
2024-10-24T23:45:00Z,2024-10-24T23:40:39Z,2024-10-24T23:35:39Z,2024-10-24T23:45:39Z,1f22f5d9de70779ac521b9c1de59162f,americanfootball_nfl,2024-10-25 00:15:00+00:00,Los Angeles Rams,Minnesota Vikings,fanduel,FanDuel,2024-10-24T23:39:33Z,player_rush_yds,2024-10-24T23:40:43Z,Sam Darnold,13.5,-115.0,-105,2024-10-24,LAR,MIN,sam darnold,2024,8,Sam Darnold,MIN,QB,240.0,6.0,0.0,0.0,6.0,0,False,3.0,-3.0,47.5,False,True,-3.0,3.0,False,True,False,25.25,2024,8,6.0,-7.5,False,True,0.5348837209302325,0.5121951219512195,0.04707884288145214,<20,coin_flip,dog_0_to_3,high_total_47_plus,1.8695652173913042,1.9523809523809523,-1.0,0.9523809523809523
2024-10-24T23:45:00Z,2024-10-24T23:40:39Z,2024-10-24T23:35:39Z,2024-10-24T23:45:39Z,1f22f5d9de70779ac521b9c1de59162f,americanfootball_nfl,2024-10-25 00:15:00+00:00,Los Angeles Rams,Minnesota Vikings,fanduel,FanDuel,2024-10-24T23:39:33Z,player_rush_yds,2024-10-24T23:40:43Z,Aaron Jones,71.5,-110.0,-110,2024-10-24,LAR,MIN,aaron jones,2024,8,Aaron Jones,MIN,RB,0.0,58.0,37.0,2.0,58.0,0,False,3.0,-3.0,47.5,False,True,-3.0,3.0,False,True,False,25.25,2024,8,58.0,-13.5,False,True,0.5238095238095238,0.5238095238095238,0.04761904761904767,60-80,coin_flip,dog_0_to_3,high_total_47_plus,1.9090909090909092,1.9090909090909092,-1.0,0.9090909090909092
2024-10-24T23:45:00Z,2024-10-24T23:40:39Z,2024-10-24T23:35:39Z,2024-10-24T23:45:39Z,1f22f5d9de70779ac521b9c1de59162f,americanfootball_nfl,2024-10-25 00:15:00+00:00,Los Angeles Rams,Minnesota Vikings,fanduel,FanDuel,2024-10-24T23:39:33Z,player_rush_yds,2024-10-24T23:40:43Z,Blake Corum,13.5,-110.0,-110,2024-10-24,LAR,MIN,blake corum,2024,8,Blake Corum,LAR,RB,0.0,9.0,9.0,1.0,9.0,0,False,3.0,-3.0,47.5,True,False,3.0,-3.0,True,False,False,22.25,2024,8,9.0,-4.5,False,True,0.5238095238095238,0.5238095238095238,0.04761904761904767,<20,coin_flip,favorite_0_to_3,high_total_47_plus,1.9090909090909092,1.9090909090909092,-1.0,0.9090909090909092
2024-10-27T16:30:00Z,2024-10-27T16:25:38Z,2024-10-27T16:20:38Z,2024-10-27T16:30:38Z,2883af924ad72a75da65e3257b9284e7,americanfootball_nfl,2024-10-27 17:00:00+00:00,Miami Dolphins,Arizona Cardinals,fanduel,FanDuel,2024-10-27T16:24:51Z,player_rush_yds,2024-10-27T16:25:39Z,Kyler Murray,33.5,-110.0,-110,2024-10-27,MIA,ARI,kyler murray,2024,8,Kyler Murray,ARI,QB,307.0,19.0,0.0,0.0,19.0,0,False,-4.0,4.0,46.5,False,True,4.0,-4.0,True,False,False,21.25,2024,8,19.0,-14.5,False,True,0.5238095238095238,0.5238095238095238,0.04761904761904767,20-40,coin_flip,favorite_3_to_7,mid_total_42_47,1.9090909090909092,1.9090909090909092,-1.0,0.9090909090909092
2024-10-27T16:30:00Z,2024-10-27T16:25:38Z,2024-10-27T16:20:38Z,2024-10-27T16:30:38Z,2883af924ad72a75da65e3257b9284e7,americanfootball_nfl,2024-10-27 17:00:00+00:00,Miami Dolphins,Arizona Cardinals,fanduel,FanDuel,2024-10-27T16:24:51Z,player_rush_yds,2024-10-27T16:25:39Z,James Conner,70.5,-110.0,-110,2024-10-27,MIA,ARI,james conner,2024,8,James Conner,ARI,RB,0.0,53.0,16.0,2.0,53.0,0,False,-4.0,4.0,46.5,False,True,4.0,-4.0,True,False,False,21.25,2024,8,53.0,-17.5,False,True,0.5238095238095238,0.5238095238095238,0.04761904761904767,60-80,coin_flip,favorite_3_to_7,mid_total_42_47,1.9090909090909092,1.9090909090909092,-1.0,0.9090909090909092
2024-10-27T16:30:00Z,2024-10-27T16:25:38Z,2024-10-27T16:20:38Z,2024-10-27T16:30:38Z,2883af924ad72a75da65e3257b9284e7,americanfootball_nfl,2024-10-27 17:00:00+00:00,Miami Dolphins,Arizona Cardinals,fanduel,FanDuel,2024-10-27T16:24:51Z,player_rush_yds,2024-10-27T16:25:39Z,De'Von Achane,54.5,-110.0,-110,2024-10-27,MIA,ARI,devon achane,2024,8,Devon Achane,MIA,RB,0.0,97.0,50.0,6.0,97.0,1,False,-4.0,4.0,46.5,True,False,-4.0,4.0,False,True,False,25.25,2024,8,97.0,42.5,True,False,0.5238095238095238,0.5238095238095238,0.04761904761904767,40-60,coin_flip,dog_3_to_7,mid_total_42_47,1.9090909090909092,1.9090909090909092,0.9090909090909092,-1.0
2024-10-27T16:30:00Z,2024-10-27T16:25:38Z,2024-10-27T16:20:38Z,2024-10-27T16:30:38Z,2883af924ad72a75da65e3257b9284e7,americanfootball_nfl,2024-10-27 17:00:00+00:00,Miami Dolphins,Arizona Cardinals,fanduel,FanDuel,2024-10-27T16:24:51Z,player_rush_yds,2024-10-27T16:25:39Z,Raheem Mostert,36.5,-110.0,-110,2024-10-27,MIA,ARI,raheem mostert,2024,8,Raheem Mostert,MIA,RB,0.0,19.0,11.0,1.0,19.0,0,False,-4.0,4.0,46.5,True,False,-4.0,4.0,False,True,False,25.25,2024,8,19.0,-17.5,False,True,0.5238095238095238,0.5238095238095238,0.04761904761904767,20-40,coin_flip,dog_3_to_7,mid_total_42_47,1.9090909090909092,1.9090909090909092,-1.0,0.9090909090909092
2024-10-27T16:30:00Z,2024-10-27T16:25:38Z,2024-10-27T16:20:38Z,2024-10-27T16:30:38Z,9693ad2122e496b05f7efd56f0ef03d0,americanfootball_nfl,2024-10-27 17:00:00+00:00,Tampa Bay Buccaneers,Atlanta Falcons,fanduel,FanDuel,2024-10-27T16:24:51Z,player_rush_yds,2024-10-27T16:25:16Z,Tyler Allgeier,37.5,-110.0,-110,2024-10-27,TB,ATL,tyler allgeier,2024,8,Tyler Allgeier,ATL,RB,0.0,33.0,0.0,0.0,33.0,0,False,1.5,-1.5,47.0,False,True,-1.5,1.5,False,True,False,24.25,2024,8,33.0,-4.5,False,True,0.5238095238095238,0.5238095238095238,0.04761904761904767,20-40,coin_flip,dog_0_to_3,high_total_47_plus,1.9090909090909092,1.9090909090909092,-1.0,0.9090909090909092
2024-10-27T16:30:00Z,2024-10-27T16:25:38Z,2024-10-27T16:20:38Z,2024-10-27T16:30:38Z,9693ad2122e496b05f7efd56f0ef03d0,americanfootball_nfl,2024-10-27 17:00:00+00:00,Tampa Bay Buccaneers,Atlanta Falcons,fanduel,FanDuel,2024-10-27T16:24:51Z,player_rush_yds,2024-10-27T16:25:16Z,Bijan Robinson,65.5,-110.0,-110,2024-10-27,TB,ATL,bijan robinson,2024,8,Bijan Robinson,ATL,RB,0.0,63.0,43.0,7.0,63.0,0,False,1.5,-1.5,47.0,False,True,-1.5,1.5,False,True,False,24.25,2024,8,63.0,-2.5,False,True,0.5238095238095238,0.5238095238095238,0.04761904761904767,60-80,coin_flip,dog_0_to_3,high_total_47_plus,1.9090909090909092,1.9090909090909092,-1.0,0.9090909090909092
2024-10-27T16:30:00Z,2024-10-27T16:25:38Z,2024-10-27T16:20:38Z,2024-10-27T16:30:38Z,9693ad2122e496b05f7efd56f0ef03d0,americanfootball_nfl,2024-10-27 17:00:00+00:00,Tampa Bay Buccaneers,Atlanta Falcons,fanduel,FanDuel,2024-10-27T16:24:51Z,player_rush_yds,2024-10-27T16:25:16Z,Rachaad White,37.5,-110.0,-110,2024-10-27,TB,ATL,rachaad white,2024,8,Rachaad White,TB,RB,0.0,29.0,38.0,5.0,29.0,0,False,1.5,-1.5,47.0,True,False,1.5,-1.5,True,False,False,22.75,2024,8,29.0,-8.5,False,True,0.5238095238095238,0.5238095238095238,0.04761904761904767,20-40,coin_flip,favorite_0_to_3,high_total_47_plus,1.9090909090909092,1.9090909090909092,-1.0,0.9090909090909092
2024-10-27T16:30:00Z,2024-10-27T16:25:38Z,2024-10-27T16:20:38Z,2024-10-27T16:30:38Z,9693ad2122e496b05f7efd56f0ef03d0,americanfootball_nfl,2024-10-27 17:00:00+00:00,Tampa Bay Buccaneers,Atlanta Falcons,fanduel,FanDuel,2024-10-27T16:24:51Z,player_rush_yds,2024-10-27T16:25:16Z,Bucky Irving,30.5,-110.0,-110,2024-10-27,TB,ATL,bucky irving,2024,8,Bucky Irving,TB,RB,0.0,44.0,40.0,7.0,44.0,1,False,1.5,-1.5,47.0,True,False,1.5,-1.5,True,False,False,22.75,2024,8,44.0,13.5,True,False,0.5238095238095238,0.5238095238095238,0.04761904761904767,20-40,coin_flip,favorite_0_to_3,high_total_47_plus,1.9090909090909092,1.9090909090909092,0.9090909090909092,-1.0
2024-10-27T16:30:00Z,2024-10-27T16:25:38Z,2024-10-27T16:20:38Z,2024-10-27T16:30:38Z,9693ad2122e496b05f7efd56f0ef03d0,americanfootball_nfl,2024-10-27 17:00:00+00:00,Tampa Bay Buccaneers,Atlanta Falcons,fanduel,FanDuel,2024-10-27T16:24:51Z,player_rush_yds,2024-10-27T16:25:16Z,Baker Mayfield,15.5,-110.0,-110,2024-10-27,TB,ATL,baker mayfield,2024,8,Baker Mayfield,TB,QB,330.0,11.0,0.0,0.0,11.0,0,False,1.5,-1.5,47.0,True,False,1.5,-1.5,True,False,False,22.75,2024,8,11.0,-4.5,False,True,0.5238095238095238,0.5238095238095238,0.04761904761904767,<20,coin_flip,favorite_0_to_3,high_total_47_plus,1.9090909090909092,1.9090909090909092,-1.0,0.9090909090909092
2024-10-27T16:30:00Z,2024-10-27T16:25:38Z,2024-10-27T16:20:38Z,2024-10-27T16:30:38Z,fb5217800ed73d9cae485efbba37ba96,americanfootball_nfl,2024-10-27 20:25:00+00:00,Washington Commanders,Chicago Bears,fanduel,FanDuel,2024-10-27T16:24:51Z,player_rush_yds,2024-10-27T16:25:29Z,D'Andre Swift,60.5,-110.0,-110,2024-10-27,WAS,CHI,dandre swift,2024,8,D'Andre Swift,CHI,RB,0.0,129.0,0.0,0.0,129.0,1,False,-1.5,1.5,46.5,False,True,1.5,-1.5,True,False,False,22.5,2024,8,129.0,68.5,True,False,0.5238095238095238,0.5238095238095238,0.04761904761904767,60-80,coin_flip,favorite_0_to_3,mid_total_42_47,1.9090909090909092,1.9090909090909092,0.9090909090909092,-1.0
2024-10-27T16:30:00Z,2024-10-27T16:25:38Z,2024-10-27T16:20:38Z,2024-10-27T16:30:38Z,fb5217800ed73d9cae485efbba37ba96,americanfootball_nfl,2024-10-27 20:25:00+00:00,Washington Commanders,Chicago Bears,fanduel,FanDuel,2024-10-27T16:24:51Z,player_rush_yds,2024-10-27T16:25:29Z,Brian Robinson Jr.,55.5,-110.0,-110,2024-10-27,WAS,CHI,brian robinson,2024,8,Brian Robinson,WAS,RB,0.0,65.0,11.0,1.0,65.0,1,False,-1.5,1.5,46.5,True,False,-1.5,1.5,False,True,False,24.0,2024,8,65.0,9.5,True,False,0.5238095238095238,0.5238095238095238,0.04761904761904767,40-60,coin_flip,dog_0_to_3,mid_total_42_47,1.9090909090909092,1.9090909090909092,0.9090909090909092,-1.0
2024-10-27T16:30:00Z,2024-10-27T16:25:38Z,2024-10-27T16:20:38Z,2024-10-27T16:30:38Z,fb5217800ed73d9cae485efbba37ba96,americanfootball_nfl,2024-10-27 20:25:00+00:00,Washington Commanders,Chicago Bears,fanduel,FanDuel,2024-10-27T16:24:51Z,player_rush_yds,2024-10-27T16:25:29Z,Austin Ekeler,19.5,-110.0,-110,2024-10-27,WAS,CHI,austin ekeler,2024,8,Austin Ekeler,WAS,RB,0.0,52.0,6.0,2.0,52.0,1,False,-1.5,1.5,46.5,True,False,-1.5,1.5,False,True,False,24.0,2024,8,52.0,32.5,True,False,0.5238095238095238,0.5238095238095238,0.04761904761904767,<20,coin_flip,dog_0_to_3,mid_total_42_47,1.9090909090909092,1.9090909090909092,0.9090909090909092,-1.0
2024-10-27T16:30:00Z,2024-10-27T16:25:38Z,2024-10-27T16:20:38Z,2024-10-27T16:30:38Z,fb5217800ed73d9cae485efbba37ba96,americanfootball_nfl,2024-10-27 20:25:00+00:00,Washington Commanders,Chicago Bears,fanduel,FanDuel,2024-10-27T16:24:51Z,player_rush_yds,2024-10-27T16:25:29Z,Caleb Williams,19.5,-110.0,-110,2024-10-27,WAS,CHI,caleb williams,2024,8,Caleb Williams,CHI,QB,131.0,47.0,0.0,0.0,47.0,1,False,-1.5,1.5,46.5,False,True,1.5,-1.5,True,False,False,22.5,2024,8,47.0,27.5,True,False,0.5238095238095238,0.5238095238095238,0.04761904761904767,<20,coin_flip,favorite_0_to_3,mid_total_42_47,1.9090909090909092,1.9090909090909092,0.9090909090909092,-1.0
2024-10-27T16:30:00Z,2024-10-27T16:25:38Z,2024-10-27T16:20:38Z,2024-10-27T16:30:38Z,5fd9657af1356ec2a567b07d75a8e6a3,americanfootball_nfl,2024-10-27 17:00:00+00:00,Detroit Lions,Tennessee Titans,fanduel,FanDuel,2024-10-27T16:24:51Z,player_rush_yds,2024-10-27T16:25:35Z,Tony Pollard,57.5,-110.0,-110,2024-10-27,DET,TEN,tony pollard,2024,8,Tony Pollard,TEN,RB,0.0,94.0,23.0,3.0,94.0,1,False,-12.5,12.5,45.0,False,True,12.5,-12.5,True,False,False,16.25,2024,8,94.0,36.5,True,False,0.5238095238095238,0.5238095238095238,0.04761904761904767,40-60,coin_flip,favorite_7_plus,mid_total_42_47,1.9090909090909092,1.9090909090909092,0.9090909090909092,-1.0
2024-10-27T16:30:00Z,2024-10-27T16:25:38Z,2024-10-27T16:20:38Z,2024-10-27T16:30:38Z,5fd9657af1356ec2a567b07d75a8e6a3,americanfootball_nfl,2024-10-27 17:00:00+00:00,Detroit Lions,Tennessee Titans,fanduel,FanDuel,2024-10-27T16:24:51Z,player_rush_yds,2024-10-27T16:25:35Z,Jahmyr Gibbs,64.5,-110.0,-110,2024-10-27,DET,TEN,jahmyr gibbs,2024,8,Jahmyr Gibbs,DET,RB,0.0,127.0,6.0,1.0,127.0,1,False,-12.5,12.5,45.0,True,False,-12.5,12.5,False,True,False,28.75,2024,8,127.0,62.5,True,False,0.5238095238095238,0.5238095238095238,0.04761904761904767,60-80,coin_flip,dog_7_plus,mid_total_42_47,1.9090909090909092,1.9090909090909092,0.9090909090909092,-1.0
2024-10-27T16:30:00Z,2024-10-27T16:25:38Z,2024-10-27T16:20:38Z,2024-10-27T16:30:38Z,5fd9657af1356ec2a567b07d75a8e6a3,americanfootball_nfl,2024-10-27 17:00:00+00:00,Detroit Lions,Tennessee Titans,fanduel,FanDuel,2024-10-27T16:24:51Z,player_rush_yds,2024-10-27T16:25:35Z,David Montgomery,54.5,-110.0,-110,2024-10-27,DET,TEN,david montgomery,2024,8,David Montgomery,DET,RB,3.0,33.0,5.0,1.0,33.0,0,False,-12.5,12.5,45.0,True,False,-12.5,12.5,False,True,False,28.75,2024,8,33.0,-21.5,False,True,0.5238095238095238,0.5238095238095238,0.04761904761904767,40-60,coin_flip,dog_7_plus,mid_total_42_47,1.9090909090909092,1.9090909090909092,-1.0,0.9090909090909092
2024-10-27T16:30:00Z,2024-10-27T16:25:38Z,2024-10-27T16:20:38Z,2024-10-27T16:30:38Z,e07e64de78a6095754d2a048255dadac,americanfootball_nfl,2024-10-27 17:00:00+00:00,Houston Texans,Indianapolis Colts,fanduel,FanDuel,2024-10-27T16:24:51Z,player_rush_yds,2024-10-27T16:26:00Z,Joe Mixon,78.5,-110.0,-110,2024-10-27,HOU,IND,joe mixon,2024,8,Joe Mixon,HOU,RB,0.0,102.0,32.0,4.0,102.0,1,False,-5.0,5.0,45.0,True,False,-5.0,5.0,False,True,False,25.0,2024,8,102.0,23.5,True,False,0.5238095238095238,0.5238095238095238,0.04761904761904767,60-80,coin_flip,dog_3_to_7,mid_total_42_47,1.9090909090909092,1.9090909090909092,0.9090909090909092,-1.0
2024-10-27T16:30:00Z,2024-10-27T16:25:38Z,2024-10-27T16:20:38Z,2024-10-27T16:30:38Z,e07e64de78a6095754d2a048255dadac,americanfootball_nfl,2024-10-27 17:00:00+00:00,Houston Texans,Indianapolis Colts,fanduel,FanDuel,2024-10-27T16:24:51Z,player_rush_yds,2024-10-27T16:26:00Z,C.J. Stroud,11.5,-110.0,-110,2024-10-27,HOU,IND,cj stroud,2024,8,C.J. Stroud,HOU,QB,285.0,-10.0,0.0,0.0,-10.0,0,False,-5.0,5.0,45.0,True,False,-5.0,5.0,False,True,False,25.0,2024,8,-10.0,-21.5,False,True,0.5238095238095238,0.5238095238095238,0.04761904761904767,<20,coin_flip,dog_3_to_7,mid_total_42_47,1.9090909090909092,1.9090909090909092,-1.0,0.9090909090909092
2024-10-27T16:30:00Z,2024-10-27T16:25:38Z,2024-10-27T16:20:38Z,2024-10-27T16:30:38Z,e07e64de78a6095754d2a048255dadac,americanfootball_nfl,2024-10-27 17:00:00+00:00,Houston Texans,Indianapolis Colts,fanduel,FanDuel,2024-10-27T16:24:51Z,player_rush_yds,2024-10-27T16:26:00Z,Jonathan Taylor,68.5,-110.0,-110,2024-10-27,HOU,IND,jonathan taylor,2024,8,Jonathan Taylor,IND,RB,0.0,105.0,12.0,1.0,105.0,1,False,-5.0,5.0,45.0,False,True,5.0,-5.0,True,False,False,20.0,2024,8,105.0,36.5,True,False,0.5238095238095238,0.5238095238095238,0.04761904761904767,60-80,coin_flip,favorite_3_to_7,mid_total_42_47,1.9090909090909092,1.9090909090909092,0.9090909090909092,-1.0
2024-10-27T16:30:00Z,2024-10-27T16:25:38Z,2024-10-27T16:20:38Z,2024-10-27T16:30:38Z,e07e64de78a6095754d2a048255dadac,americanfootball_nfl,2024-10-27 17:00:00+00:00,Houston Texans,Indianapolis Colts,fanduel,FanDuel,2024-10-27T16:24:51Z,player_rush_yds,2024-10-27T16:26:00Z,Dameon Pierce,13.5,-110.0,-110,2024-10-27,HOU,IND,dameon pierce,2024,8,Dameon Pierce,HOU,RB,0.0,4.0,0.0,0.0,4.0,0,False,-5.0,5.0,45.0,True,False,-5.0,5.0,False,True,False,25.0,2024,8,4.0,-9.5,False,True,0.5238095238095238,0.5238095238095238,0.04761904761904767,<20,coin_flip,dog_3_to_7,mid_total_42_47,1.9090909090909092,1.9090909090909092,-1.0,0.9090909090909092
2024-10-27T16:30:00Z,2024-10-27T16:25:38Z,2024-10-27T16:20:38Z,2024-10-27T16:30:38Z,e07e64de78a6095754d2a048255dadac,americanfootball_nfl,2024-10-27 17:00:00+00:00,Houston Texans,Indianapolis Colts,fanduel,FanDuel,2024-10-27T16:24:51Z,player_rush_yds,2024-10-27T16:26:00Z,Anthony Richardson,38.5,-110.0,-110,2024-10-27,HOU,IND,anthony richardson,2024,8,Anthony Richardson,IND,QB,175.0,45.0,0.0,0.0,45.0,1,False,-5.0,5.0,45.0,False,True,5.0,-5.0,True,False,False,20.0,2024,8,45.0,6.5,True,False,0.5238095238095238,0.5238095238095238,0.04761904761904767,20-40,coin_flip,favorite_3_to_7,mid_total_42_47,1.9090909090909092,1.9090909090909092,0.9090909090909092,-1.0
2024-10-27T16:30:00Z,2024-10-27T16:25:38Z,2024-10-27T16:20:38Z,2024-10-27T16:30:38Z,7679451910267ad5cd8620cf63870aaa,americanfootball_nfl,2024-10-27 17:00:00+00:00,New England Patriots,New York Jets,fanduel,FanDuel,2024-10-27T16:24:51Z,player_rush_yds,2024-10-27T16:25:45Z,Drake Maye,22.5,-110.0,-110,2024-10-27,NE,NYJ,drake maye,2024,8,Drake Maye,NE,QB,23.0,46.0,0.0,0.0,46.0,1,False,7.0,-7.0,41.0,True,False,7.0,-7.0,True,False,False,17.0,2024,8,46.0,23.5,True,False,0.5238095238095238,0.5238095238095238,0.04761904761904767,20-40,coin_flip,favorite_3_to_7,low_total_<42,1.9090909090909092,1.9090909090909092,0.9090909090909092,-1.0
2024-10-27T16:30:00Z,2024-10-27T16:25:38Z,2024-10-27T16:20:38Z,2024-10-27T16:30:38Z,7679451910267ad5cd8620cf63870aaa,americanfootball_nfl,2024-10-27 17:00:00+00:00,New England Patriots,New York Jets,fanduel,FanDuel,2024-10-27T16:24:51Z,player_rush_yds,2024-10-27T16:25:45Z,Antonio Gibson,17.5,-110.0,-110,2024-10-27,NE,NYJ,antonio gibson,2024,8,Antonio Gibson,NE,RB,0.0,7.0,0.0,0.0,7.0,0,False,7.0,-7.0,41.0,True,False,7.0,-7.0,True,False,False,17.0,2024,8,7.0,-10.5,False,True,0.5238095238095238,0.5238095238095238,0.04761904761904767,<20,coin_flip,favorite_3_to_7,low_total_<42,1.9090909090909092,1.9090909090909092,-1.0,0.9090909090909092
2024-10-27T16:30:00Z,2024-10-27T16:25:38Z,2024-10-27T16:20:38Z,2024-10-27T16:30:38Z,7679451910267ad5cd8620cf63870aaa,americanfootball_nfl,2024-10-27 17:00:00+00:00,New England Patriots,New York Jets,fanduel,FanDuel,2024-10-27T16:24:51Z,player_rush_yds,2024-10-27T16:25:45Z,Breece Hall,75.5,-110.0,-110,2024-10-27,NE,NYJ,breece hall,2024,8,Breece Hall,NYJ,RB,0.0,80.0,9.0,1.0,80.0,1,False,7.0,-7.0,41.0,False,True,-7.0,7.0,False,True,False,24.0,2024,8,80.0,4.5,True,False,0.5238095238095238,0.5238095238095238,0.04761904761904767,60-80,coin_flip,dog_3_to_7,low_total_<42,1.9090909090909092,1.9090909090909092,0.9090909090909092,-1.0
2024-10-27T16:30:00Z,2024-10-27T16:25:38Z,2024-10-27T16:20:38Z,2024-10-27T16:30:38Z,7679451910267ad5cd8620cf63870aaa,americanfootball_nfl,2024-10-27 17:00:00+00:00,New England Patriots,New York Jets,fanduel,FanDuel,2024-10-27T16:24:51Z,player_rush_yds,2024-10-27T16:25:45Z,Braelon Allen,20.5,-110.0,-110,2024-10-27,NE,NYJ,braelon allen,2024,8,Braelon Allen,NYJ,RB,0.0,32.0,0.0,0.0,32.0,1,False,7.0,-7.0,41.0,False,True,-7.0,7.0,False,True,False,24.0,2024,8,32.0,11.5,True,False,0.5238095238095238,0.5238095238095238,0.04761904761904767,20-40,coin_flip,dog_3_to_7,low_total_<42,1.9090909090909092,1.9090909090909092,0.9090909090909092,-1.0
2024-10-27T16:30:00Z,2024-10-27T16:25:38Z,2024-10-27T16:20:38Z,2024-10-27T16:30:38Z,7679451910267ad5cd8620cf63870aaa,americanfootball_nfl,2024-10-27 17:00:00+00:00,New England Patriots,New York Jets,fanduel,FanDuel,2024-10-27T16:24:51Z,player_rush_yds,2024-10-27T16:25:45Z,Rhamondre Stevenson,48.5,-110.0,-110,2024-10-27,NE,NYJ,rhamondre stevenson,2024,8,Rhamondre Stevenson,NE,RB,0.0,48.0,17.0,3.0,48.0,0,False,7.0,-7.0,41.0,True,False,7.0,-7.0,True,False,False,17.0,2024,8,48.0,-0.5,False,True,0.5238095238095238,0.5238095238095238,0.04761904761904767,40-60,coin_flip,favorite_3_to_7,low_total_<42,1.9090909090909092,1.9090909090909092,-1.0,0.9090909090909092
2024-10-27T19:35:00Z,2024-10-27T19:30:38Z,2024-10-27T19:25:38Z,2024-10-27T19:35:37Z,9a263061dd1c784a20f393971744d176,americanfootball_nfl,2024-10-27 20:05:00+00:00,Seattle Seahawks,Buffalo Bills,fanduel,FanDuel,2024-10-27T19:30:08Z,player_rush_yds,2024-10-27T19:30:23Z,James Cook,61.5,-110.0,-110,2024-10-27,SEA,BUF,james cook,2024,8,James Cook,BUF,RB,0.0,111.0,22.0,3.0,111.0,1,False,3.0,-3.0,45.5,False,True,-3.0,3.0,False,True,False,24.25,2024,8,111.0,49.5,True,False,0.5238095238095238,0.5238095238095238,0.04761904761904767,60-80,coin_flip,dog_0_to_3,mid_total_42_47,1.9090909090909092,1.9090909090909092,0.9090909090909092,-1.0
2024-10-27T19:35:00Z,2024-10-27T19:30:38Z,2024-10-27T19:25:38Z,2024-10-27T19:35:37Z,9a263061dd1c784a20f393971744d176,americanfootball_nfl,2024-10-27 20:05:00+00:00,Seattle Seahawks,Buffalo Bills,fanduel,FanDuel,2024-10-27T19:30:08Z,player_rush_yds,2024-10-27T19:30:23Z,Josh Allen,28.5,-110.0,-110,2024-10-27,SEA,BUF,josh allen,2024,8,Josh Allen,BUF,QB,283.0,25.0,0.0,0.0,25.0,0,False,3.0,-3.0,45.5,False,True,-3.0,3.0,False,True,False,24.25,2024,8,25.0,-3.5,False,True,0.5238095238095238,0.5238095238095238,0.04761904761904767,20-40,coin_flip,dog_0_to_3,mid_total_42_47,1.9090909090909092,1.9090909090909092,-1.0,0.9090909090909092
2024-10-27T19:35:00Z,2024-10-27T19:30:38Z,2024-10-27T19:25:38Z,2024-10-27T19:35:37Z,9a263061dd1c784a20f393971744d176,americanfootball_nfl,2024-10-27 20:05:00+00:00,Seattle Seahawks,Buffalo Bills,fanduel,FanDuel,2024-10-27T19:30:08Z,player_rush_yds,2024-10-27T19:30:23Z,Geno Smith,12.5,-110.0,-110,2024-10-27,SEA,BUF,geno smith,2024,8,Geno Smith,SEA,QB,212.0,16.0,0.0,0.0,16.0,1,False,3.0,-3.0,45.5,True,False,3.0,-3.0,True,False,False,21.25,2024,8,16.0,3.5,True,False,0.5238095238095238,0.5238095238095238,0.04761904761904767,<20,coin_flip,favorite_0_to_3,mid_total_42_47,1.9090909090909092,1.9090909090909092,0.9090909090909092,-1.0
2024-10-27T19:35:00Z,2024-10-27T19:30:38Z,2024-10-27T19:25:38Z,2024-10-27T19:35:37Z,9a263061dd1c784a20f393971744d176,americanfootball_nfl,2024-10-27 20:05:00+00:00,Seattle Seahawks,Buffalo Bills,fanduel,FanDuel,2024-10-27T19:30:08Z,player_rush_yds,2024-10-27T19:30:23Z,Zach Charbonnet,16.5,-110.0,-110,2024-10-27,SEA,BUF,zach charbonnet,2024,8,Zach Charbonnet,SEA,RB,0.0,4.0,20.0,3.0,4.0,0,False,3.0,-3.0,45.5,True,False,3.0,-3.0,True,False,False,21.25,2024,8,4.0,-12.5,False,True,0.5238095238095238,0.5238095238095238,0.04761904761904767,<20,coin_flip,favorite_0_to_3,mid_total_42_47,1.9090909090909092,1.9090909090909092,-1.0,0.9090909090909092
2024-10-27T19:35:00Z,2024-10-27T19:30:38Z,2024-10-27T19:25:38Z,2024-10-27T19:35:37Z,9a263061dd1c784a20f393971744d176,americanfootball_nfl,2024-10-27 20:05:00+00:00,Seattle Seahawks,Buffalo Bills,fanduel,FanDuel,2024-10-27T19:30:08Z,player_rush_yds,2024-10-27T19:30:23Z,Kenneth Walker III,65.5,-110.0,-110,2024-10-27,SEA,BUF,kenneth walker,2024,8,Kenneth Walker,SEA,RB,0.0,12.0,33.0,4.0,12.0,0,False,3.0,-3.0,45.5,True,False,3.0,-3.0,True,False,False,21.25,2024,8,12.0,-53.5,False,True,0.5238095238095238,0.5238095238095238,0.04761904761904767,60-80,coin_flip,favorite_0_to_3,mid_total_42_47,1.9090909090909092,1.9090909090909092,-1.0,0.9090909090909092
2024-10-27T19:35:00Z,2024-10-27T19:30:38Z,2024-10-27T19:25:38Z,2024-10-27T19:35:37Z,9a263061dd1c784a20f393971744d176,americanfootball_nfl,2024-10-27 20:05:00+00:00,Seattle Seahawks,Buffalo Bills,fanduel,FanDuel,2024-10-27T19:30:08Z,player_rush_yds,2024-10-27T19:30:23Z,Ray Davis,23.5,-110.0,-110,2024-10-27,SEA,BUF,ray davis,2024,8,Ray Davis,BUF,RB,0.0,29.0,0.0,0.0,29.0,1,False,3.0,-3.0,45.5,False,True,-3.0,3.0,False,True,False,24.25,2024,8,29.0,5.5,True,False,0.5238095238095238,0.5238095238095238,0.04761904761904767,20-40,coin_flip,dog_0_to_3,mid_total_42_47,1.9090909090909092,1.9090909090909092,0.9090909090909092,-1.0
2024-10-27T19:35:00Z,2024-10-27T19:30:38Z,2024-10-27T19:25:38Z,2024-10-27T19:35:37Z,70c540bd6e70676319e44a7dd02cbd38,americanfootball_nfl,2024-10-27 20:05:00+00:00,Los Angeles Chargers,New Orleans Saints,fanduel,FanDuel,2024-10-27T19:30:08Z,player_rush_yds,2024-10-27T19:30:34Z,Kimani Vidal,17.5,-110.0,-110,2024-10-27,LAC,NO,kimani vidal,2024,8,Kimani Vidal,LAC,RB,0.0,16.0,0.0,0.0,16.0,0,False,-7.0,7.0,41.5,True,False,-7.0,7.0,False,True,False,24.25,2024,8,16.0,-1.5,False,True,0.5238095238095238,0.5238095238095238,0.04761904761904767,<20,coin_flip,dog_3_to_7,low_total_<42,1.9090909090909092,1.9090909090909092,-1.0,0.9090909090909092
2024-10-27T19:35:00Z,2024-10-27T19:30:38Z,2024-10-27T19:25:38Z,2024-10-27T19:35:37Z,70c540bd6e70676319e44a7dd02cbd38,americanfootball_nfl,2024-10-27 20:05:00+00:00,Los Angeles Chargers,New Orleans Saints,fanduel,FanDuel,2024-10-27T19:30:08Z,player_rush_yds,2024-10-27T19:30:34Z,Taysom Hill,16.5,-110.0,-110,2024-10-27,LAC,NO,taysom hill,2024,8,Taysom Hill,NO,TE,3.0,20.0,21.0,2.0,20.0,1,False,-7.0,7.0,41.5,False,True,7.0,-7.0,True,False,False,17.25,2024,8,20.0,3.5,True,False,0.5238095238095238,0.5238095238095238,0.04761904761904767,<20,coin_flip,favorite_3_to_7,low_total_<42,1.9090909090909092,1.9090909090909092,0.9090909090909092,-1.0
2024-10-27T19:35:00Z,2024-10-27T19:30:38Z,2024-10-27T19:25:38Z,2024-10-27T19:35:37Z,70c540bd6e70676319e44a7dd02cbd38,americanfootball_nfl,2024-10-27 20:05:00+00:00,Los Angeles Chargers,New Orleans Saints,fanduel,FanDuel,2024-10-27T19:30:08Z,player_rush_yds,2024-10-27T19:30:34Z,Spencer Rattler,20.5,-105.0,-115,2024-10-27,LAC,NO,spencer rattler,2024,8,Spencer Rattler,NO,QB,156.0,0.0,0.0,0.0,0.0,0,False,-7.0,7.0,41.5,False,True,7.0,-7.0,True,False,False,17.25,2024,8,0.0,-20.5,False,True,0.5121951219512195,0.5348837209302325,0.04707884288145214,20-40,coin_flip,favorite_3_to_7,low_total_<42,1.9523809523809523,1.8695652173913042,-1.0,0.8695652173913042
2024-10-27T19:35:00Z,2024-10-27T19:30:38Z,2024-10-27T19:25:38Z,2024-10-27T19:35:37Z,70c540bd6e70676319e44a7dd02cbd38,americanfootball_nfl,2024-10-27 20:05:00+00:00,Los Angeles Chargers,New Orleans Saints,fanduel,FanDuel,2024-10-27T19:30:08Z,player_rush_yds,2024-10-27T19:30:34Z,Alvin Kamara,51.5,-110.0,-110,2024-10-27,LAC,NO,alvin kamara,2024,8,Alvin Kamara,NO,RB,0.0,67.0,55.0,6.0,67.0,1,False,-7.0,7.0,41.5,False,True,7.0,-7.0,True,False,False,17.25,2024,8,67.0,15.5,True,False,0.5238095238095238,0.5238095238095238,0.04761904761904767,40-60,coin_flip,favorite_3_to_7,low_total_<42,1.9090909090909092,1.9090909090909092,0.9090909090909092,-1.0
2024-10-27T19:35:00Z,2024-10-27T19:30:38Z,2024-10-27T19:25:38Z,2024-10-27T19:35:37Z,70c540bd6e70676319e44a7dd02cbd38,americanfootball_nfl,2024-10-27 20:05:00+00:00,Los Angeles Chargers,New Orleans Saints,fanduel,FanDuel,2024-10-27T19:30:08Z,player_rush_yds,2024-10-27T19:30:34Z,Kendre Miller,10.5,-105.0,-115,2024-10-27,LAC,NO,kendre miller,2024,8,Kendre Miller,NO,RB,0.0,16.0,0.0,0.0,16.0,1,False,-7.0,7.0,41.5,False,True,7.0,-7.0,True,False,False,17.25,2024,8,16.0,5.5,True,False,0.5121951219512195,0.5348837209302325,0.04707884288145214,<20,coin_flip,favorite_3_to_7,low_total_<42,1.9523809523809523,1.8695652173913042,0.9523809523809523,-1.0
2024-10-27T19:35:00Z,2024-10-27T19:30:38Z,2024-10-27T19:25:38Z,2024-10-27T19:35:37Z,70c540bd6e70676319e44a7dd02cbd38,americanfootball_nfl,2024-10-27 20:05:00+00:00,Los Angeles Chargers,New Orleans Saints,fanduel,FanDuel,2024-10-27T19:30:08Z,player_rush_yds,2024-10-27T19:30:34Z,Justin Herbert,9.5,-110.0,-110,2024-10-27,LAC,NO,justin herbert,2024,8,Justin Herbert,LAC,QB,279.0,49.0,0.0,0.0,49.0,1,False,-7.0,7.0,41.5,True,False,-7.0,7.0,False,True,False,24.25,2024,8,49.0,39.5,True,False,0.5238095238095238,0.5238095238095238,0.04761904761904767,<20,coin_flip,dog_3_to_7,low_total_<42,1.9090909090909092,1.9090909090909092,0.9090909090909092,-1.0
2024-10-27T19:35:00Z,2024-10-27T19:30:38Z,2024-10-27T19:25:38Z,2024-10-27T19:35:37Z,70c540bd6e70676319e44a7dd02cbd38,americanfootball_nfl,2024-10-27 20:05:00+00:00,Los Angeles Chargers,New Orleans Saints,fanduel,FanDuel,2024-10-27T19:30:08Z,player_rush_yds,2024-10-27T19:30:34Z,J.K. Dobbins,74.5,-110.0,-110,2024-10-27,LAC,NO,jk dobbins,2024,8,J.K. Dobbins,LAC,RB,0.0,57.0,11.0,4.0,57.0,0,False,-7.0,7.0,41.5,True,False,-7.0,7.0,False,True,False,24.25,2024,8,57.0,-17.5,False,True,0.5238095238095238,0.5238095238095238,0.04761904761904767,60-80,coin_flip,dog_3_to_7,low_total_<42,1.9090909090909092,1.9090909090909092,-1.0,0.9090909090909092
2024-10-27T19:55:00Z,2024-10-27T19:50:37Z,2024-10-27T19:45:37Z,2024-10-27T19:55:38Z,bba53e1026b6121c0255771479517a2f,americanfootball_nfl,2024-10-27 20:25:00+00:00,Denver Broncos,Carolina Panthers,fanduel,FanDuel,2024-10-27T19:50:22Z,player_rush_yds,2024-10-27T19:50:43Z,Bryce Young,10.5,-110.0,-110,2024-10-27,DEN,CAR,bryce young,2024,8,Bryce Young,CAR,QB,224.0,6.0,0.0,0.0,6.0,0,False,-13.0,13.0,40.5,False,True,13.0,-13.0,True,False,False,13.75,2024,8,6.0,-4.5,False,True,0.5238095238095238,0.5238095238095238,0.04761904761904767,<20,coin_flip,favorite_7_plus,low_total_<42,1.9090909090909092,1.9090909090909092,-1.0,0.9090909090909092
2024-10-27T19:55:00Z,2024-10-27T19:50:37Z,2024-10-27T19:45:37Z,2024-10-27T19:55:38Z,bba53e1026b6121c0255771479517a2f,americanfootball_nfl,2024-10-27 20:25:00+00:00,Denver Broncos,Carolina Panthers,fanduel,FanDuel,2024-10-27T19:50:22Z,player_rush_yds,2024-10-27T19:50:43Z,Miles Sanders,16.5,-110.0,-110,2024-10-27,DEN,CAR,miles sanders,2024,8,Miles Sanders,CAR,RB,0.0,7.0,38.0,7.0,7.0,0,False,-13.0,13.0,40.5,False,True,13.0,-13.0,True,False,False,13.75,2024,8,7.0,-9.5,False,True,0.5238095238095238,0.5238095238095238,0.04761904761904767,<20,coin_flip,favorite_7_plus,low_total_<42,1.9090909090909092,1.9090909090909092,-1.0,0.9090909090909092
2024-10-27T19:55:00Z,2024-10-27T19:50:37Z,2024-10-27T19:45:37Z,2024-10-27T19:55:38Z,bba53e1026b6121c0255771479517a2f,americanfootball_nfl,2024-10-27 20:25:00+00:00,Denver Broncos,Carolina Panthers,fanduel,FanDuel,2024-10-27T19:50:22Z,player_rush_yds,2024-10-27T19:50:43Z,Jaleel McLaughlin,19.5,-110.0,-110,2024-10-27,DEN,CAR,jaleel mclaughlin,2024,8,Jaleel McLaughlin,DEN,RB,0.0,47.0,9.0,1.0,47.0,1,False,-13.0,13.0,40.5,True,False,-13.0,13.0,False,True,False,26.75,2024,8,47.0,27.5,True,False,0.5238095238095238,0.5238095238095238,0.04761904761904767,<20,coin_flip,dog_7_plus,low_total_<42,1.9090909090909092,1.9090909090909092,0.9090909090909092,-1.0
2024-10-27T19:55:00Z,2024-10-27T19:50:37Z,2024-10-27T19:45:37Z,2024-10-27T19:55:38Z,bba53e1026b6121c0255771479517a2f,americanfootball_nfl,2024-10-27 20:25:00+00:00,Denver Broncos,Carolina Panthers,fanduel,FanDuel,2024-10-27T19:50:22Z,player_rush_yds,2024-10-27T19:50:43Z,Javonte Williams,63.5,-110.0,-110,2024-10-27,DEN,CAR,javonte williams,2024,8,Javonte Williams,DEN,RB,0.0,44.0,8.0,4.0,44.0,0,False,-13.0,13.0,40.5,True,False,-13.0,13.0,False,True,False,26.75,2024,8,44.0,-19.5,False,True,0.5238095238095238,0.5238095238095238,0.04761904761904767,60-80,coin_flip,dog_7_plus,low_total_<42,1.9090909090909092,1.9090909090909092,-1.0,0.9090909090909092
2024-10-27T19:55:00Z,2024-10-27T19:50:37Z,2024-10-27T19:45:37Z,2024-10-27T19:55:38Z,bba53e1026b6121c0255771479517a2f,americanfootball_nfl,2024-10-27 20:25:00+00:00,Denver Broncos,Carolina Panthers,fanduel,FanDuel,2024-10-27T19:50:22Z,player_rush_yds,2024-10-27T19:50:43Z,Audric Estime,18.5,-110.0,-110,2024-10-27,DEN,CAR,audric estime,2024,8,Audric Estime,DEN,RB,0.0,4.0,0.0,0.0,4.0,0,False,-13.0,13.0,40.5,True,False,-13.0,13.0,False,True,False,26.75,2024,8,4.0,-14.5,False,True,0.5238095238095238,0.5238095238095238,0.04761904761904767,<20,coin_flip,dog_7_plus,low_total_<42,1.9090909090909092,1.9090909090909092,-1.0,0.9090909090909092
2024-10-27T19:55:00Z,2024-10-27T19:50:37Z,2024-10-27T19:45:37Z,2024-10-27T19:55:38Z,bba53e1026b6121c0255771479517a2f,americanfootball_nfl,2024-10-27 20:25:00+00:00,Denver Broncos,Carolina Panthers,fanduel,FanDuel,2024-10-27T19:50:22Z,player_rush_yds,2024-10-27T19:50:43Z,Chuba Hubbard,61.5,-110.0,-110,2024-10-27,DEN,CAR,chuba hubbard,2024,8,Chuba Hubbard,CAR,RB,0.0,56.0,15.0,2.0,56.0,0,False,-13.0,13.0,40.5,False,True,13.0,-13.0,True,False,False,13.75,2024,8,56.0,-5.5,False,True,0.5238095238095238,0.5238095238095238,0.04761904761904767,60-80,coin_flip,favorite_7_plus,low_total_<42,1.9090909090909092,1.9090909090909092,-1.0,0.9090909090909092
2024-10-27T19:55:00Z,2024-10-27T19:50:37Z,2024-10-27T19:45:37Z,2024-10-27T19:55:38Z,bba53e1026b6121c0255771479517a2f,americanfootball_nfl,2024-10-27 20:25:00+00:00,Denver Broncos,Carolina Panthers,fanduel,FanDuel,2024-10-27T19:50:22Z,player_rush_yds,2024-10-27T19:50:43Z,Bo Nix,30.5,-110.0,-110,2024-10-27,DEN,CAR,bo nix,2024,8,Bo Nix,DEN,QB,284.0,4.0,0.0,0.0,4.0,0,False,-13.0,13.0,40.5,True,False,-13.0,13.0,False,True,False,26.75,2024,8,4.0,-26.5,False,True,0.5238095238095238,0.5238095238095238,0.04761904761904767,20-40,coin_flip,dog_7_plus,low_total_<42,1.9090909090909092,1.9090909090909092,-1.0,0.9090909090909092
2024-10-27T19:55:00Z,2024-10-27T19:50:37Z,2024-10-27T19:45:37Z,2024-10-27T19:55:38Z,ccc621108fb48382b825128007dc8120,americanfootball_nfl,2024-10-27 20:25:00+00:00,Las Vegas Raiders,Kansas City Chiefs,fanduel,FanDuel,2024-10-27T19:50:22Z,player_rush_yds,2024-10-27T19:50:42Z,Alexander Mattison,40.5,-110.0,-110,2024-10-27,LV,KC,alexander mattison,2024,8,Alexander Mattison,LV,RB,0.0,15.0,29.0,5.0,15.0,0,False,9.0,-9.0,42.0,True,False,9.0,-9.0,True,False,False,16.5,2024,8,15.0,-25.5,False,True,0.5238095238095238,0.5238095238095238,0.04761904761904767,40-60,coin_flip,favorite_7_plus,mid_total_42_47,1.9090909090909092,1.9090909090909092,-1.0,0.9090909090909092
2024-10-27T19:55:00Z,2024-10-27T19:50:37Z,2024-10-27T19:45:37Z,2024-10-27T19:55:38Z,ccc621108fb48382b825128007dc8120,americanfootball_nfl,2024-10-27 20:25:00+00:00,Las Vegas Raiders,Kansas City Chiefs,fanduel,FanDuel,2024-10-27T19:50:22Z,player_rush_yds,2024-10-27T19:50:42Z,Carson Steele,15.5,-110.0,-110,2024-10-27,LV,KC,carson steele,2024,8,Carson Steele,KC,RB,0.0,6.0,8.0,1.0,6.0,0,False,9.0,-9.0,42.0,False,True,-9.0,9.0,False,True,False,25.5,2024,8,6.0,-9.5,False,True,0.5238095238095238,0.5238095238095238,0.04761904761904767,<20,coin_flip,dog_7_plus,mid_total_42_47,1.9090909090909092,1.9090909090909092,-1.0,0.9090909090909092
2024-10-27T19:55:00Z,2024-10-27T19:50:37Z,2024-10-27T19:45:37Z,2024-10-27T19:55:38Z,ccc621108fb48382b825128007dc8120,americanfootball_nfl,2024-10-27 20:25:00+00:00,Las Vegas Raiders,Kansas City Chiefs,fanduel,FanDuel,2024-10-27T19:50:22Z,player_rush_yds,2024-10-27T19:50:42Z,Kareem Hunt,66.5,-110.0,-110,2024-10-27,LV,KC,kareem hunt,2024,8,Kareem Hunt,KC,RB,0.0,59.0,4.0,1.0,59.0,0,False,9.0,-9.0,42.0,False,True,-9.0,9.0,False,True,False,25.5,2024,8,59.0,-7.5,False,True,0.5238095238095238,0.5238095238095238,0.04761904761904767,60-80,coin_flip,dog_7_plus,mid_total_42_47,1.9090909090909092,1.9090909090909092,-1.0,0.9090909090909092
2024-10-27T19:55:00Z,2024-10-27T19:50:37Z,2024-10-27T19:45:37Z,2024-10-27T19:55:38Z,ccc621108fb48382b825128007dc8120,americanfootball_nfl,2024-10-27 20:25:00+00:00,Las Vegas Raiders,Kansas City Chiefs,fanduel,FanDuel,2024-10-27T19:50:22Z,player_rush_yds,2024-10-27T19:50:42Z,Zamir White,13.5,-110.0,-110,2024-10-27,LV,KC,zamir white,2024,8,Zamir White,LV,RB,0.0,-1.0,0.0,0.0,-1.0,0,False,9.0,-9.0,42.0,True,False,9.0,-9.0,True,False,False,16.5,2024,8,-1.0,-14.5,False,True,0.5238095238095238,0.5238095238095238,0.04761904761904767,<20,coin_flip,favorite_7_plus,mid_total_42_47,1.9090909090909092,1.9090909090909092,-1.0,0.9090909090909092
2024-10-27T19:55:00Z,2024-10-27T19:50:37Z,2024-10-27T19:45:37Z,2024-10-27T19:55:38Z,ccc621108fb48382b825128007dc8120,americanfootball_nfl,2024-10-27 20:25:00+00:00,Las Vegas Raiders,Kansas City Chiefs,fanduel,FanDuel,2024-10-27T19:50:22Z,player_rush_yds,2024-10-27T19:50:42Z,Gardner Minshew,7.5,100.0,-122,2024-10-27,LV,KC,gardner minshew,2024,8,Gardner Minshew,LV,QB,209.0,6.0,0.0,0.0,6.0,0,False,9.0,-9.0,42.0,True,False,9.0,-9.0,True,False,False,16.5,2024,8,6.0,-1.5,False,True,0.5,0.5495495495495496,0.04954954954954971,<20,plus_money,favorite_7_plus,mid_total_42_47,2.0,1.819672131147541,-1.0,0.819672131147541
2024-10-27T19:55:00Z,2024-10-27T19:50:37Z,2024-10-27T19:45:37Z,2024-10-27T19:55:38Z,ccc621108fb48382b825128007dc8120,americanfootball_nfl,2024-10-27 20:25:00+00:00,Las Vegas Raiders,Kansas City Chiefs,fanduel,FanDuel,2024-10-27T19:50:22Z,player_rush_yds,2024-10-27T19:50:42Z,Patrick Mahomes,18.5,-110.0,-110,2024-10-27,LV,KC,patrick mahomes,2024,8,Patrick Mahomes,KC,QB,262.0,17.0,0.0,0.0,17.0,0,False,9.0,-9.0,42.0,False,True,-9.0,9.0,False,True,False,25.5,2024,8,17.0,-1.5,False,True,0.5238095238095238,0.5238095238095238,0.04761904761904767,<20,coin_flip,dog_7_plus,mid_total_42_47,1.9090909090909092,1.9090909090909092,-1.0,0.9090909090909092
2024-10-27T23:50:00Z,2024-10-27T23:45:38Z,2024-10-27T23:40:38Z,2024-10-27T23:50:38Z,ef27be93158f43d94f94035d2af7096f,americanfootball_nfl,2024-10-28 00:20:00+00:00,San Francisco 49ers,Dallas Cowboys,fanduel,FanDuel,2024-10-27T23:45:16Z,player_rush_yds,2024-10-27T23:45:10Z,Dak Prescott,7.5,-105.0,-115,2024-10-27,SF,DAL,dak prescott,2024,8,Dak Prescott,DAL,QB,243.0,-1.0,0.0,0.0,-1.0,0,False,-5.5,5.5,48.0,False,True,5.5,-5.5,True,False,False,21.25,2024,8,-1.0,-8.5,False,True,0.5121951219512195,0.5348837209302325,0.04707884288145214,<20,coin_flip,favorite_3_to_7,high_total_47_plus,1.9523809523809523,1.8695652173913042,-1.0,0.8695652173913042
2024-10-27T23:50:00Z,2024-10-27T23:45:38Z,2024-10-27T23:40:38Z,2024-10-27T23:50:38Z,ef27be93158f43d94f94035d2af7096f,americanfootball_nfl,2024-10-28 00:20:00+00:00,San Francisco 49ers,Dallas Cowboys,fanduel,FanDuel,2024-10-27T23:45:16Z,player_rush_yds,2024-10-27T23:45:10Z,Ezekiel Elliott,28.5,-110.0,-110,2024-10-27,SF,DAL,ezekiel elliott,2024,8,Ezekiel Elliott,DAL,RB,0.0,34.0,4.0,1.0,34.0,1,False,-5.5,5.5,48.0,False,True,5.5,-5.5,True,False,False,21.25,2024,8,34.0,5.5,True,False,0.5238095238095238,0.5238095238095238,0.04761904761904767,20-40,coin_flip,favorite_3_to_7,high_total_47_plus,1.9090909090909092,1.9090909090909092,0.9090909090909092,-1.0
2024-10-27T23:50:00Z,2024-10-27T23:45:38Z,2024-10-27T23:40:38Z,2024-10-27T23:50:38Z,ef27be93158f43d94f94035d2af7096f,americanfootball_nfl,2024-10-28 00:20:00+00:00,San Francisco 49ers,Dallas Cowboys,fanduel,FanDuel,2024-10-27T23:45:16Z,player_rush_yds,2024-10-27T23:45:10Z,Brock Purdy,17.5,-110.0,-110,2024-10-27,SF,DAL,brock purdy,2024,8,Brock Purdy,SF,QB,260.0,56.0,0.0,0.0,56.0,1,False,-5.5,5.5,48.0,True,False,-5.5,5.5,False,True,False,26.75,2024,8,56.0,38.5,True,False,0.5238095238095238,0.5238095238095238,0.04761904761904767,<20,coin_flip,dog_3_to_7,high_total_47_plus,1.9090909090909092,1.9090909090909092,0.9090909090909092,-1.0
2024-10-27T23:50:00Z,2024-10-27T23:45:38Z,2024-10-27T23:40:38Z,2024-10-27T23:50:38Z,ef27be93158f43d94f94035d2af7096f,americanfootball_nfl,2024-10-28 00:20:00+00:00,San Francisco 49ers,Dallas Cowboys,fanduel,FanDuel,2024-10-27T23:45:16Z,player_rush_yds,2024-10-27T23:45:10Z,Dalvin Cook,32.5,-110.0,-110,2024-10-27,SF,DAL,dalvin cook,2024,8,Dalvin Cook,DAL,RB,0.0,12.0,10.0,1.0,12.0,0,False,-5.5,5.5,48.0,False,True,5.5,-5.5,True,False,False,21.25,2024,8,12.0,-20.5,False,True,0.5238095238095238,0.5238095238095238,0.04761904761904767,20-40,coin_flip,favorite_3_to_7,high_total_47_plus,1.9090909090909092,1.9090909090909092,-1.0,0.9090909090909092
2024-10-27T23:50:00Z,2024-10-27T23:45:38Z,2024-10-27T23:40:38Z,2024-10-27T23:50:38Z,ef27be93158f43d94f94035d2af7096f,americanfootball_nfl,2024-10-28 00:20:00+00:00,San Francisco 49ers,Dallas Cowboys,fanduel,FanDuel,2024-10-27T23:45:16Z,player_rush_yds,2024-10-27T23:45:10Z,Jordan Mason,83.5,-110.0,-110,2024-10-27,SF,DAL,jordan mason,2024,8,Jordan Mason,SF,RB,0.0,18.0,0.0,0.0,18.0,0,False,-5.5,5.5,48.0,True,False,-5.5,5.5,False,True,False,26.75,2024,8,18.0,-65.5,False,True,0.5238095238095238,0.5238095238095238,0.04761904761904767,80+,coin_flip,dog_3_to_7,high_total_47_plus,1.9090909090909092,1.9090909090909092,-1.0,0.9090909090909092
2024-10-28T23:50:00Z,2024-10-28T23:45:39Z,2024-10-28T23:40:39Z,2024-10-28T23:50:39Z,86278ec4bbdcadd945d79df6c695c2ec,americanfootball_nfl,2024-10-29 00:15:00+00:00,Pittsburgh Steelers,New York Giants,fanduel,FanDuel,2024-10-28T23:45:18Z,player_rush_yds,2024-10-28T23:44:22Z,Najee Harris,67.5,-110.0,-110,2024-10-28,PIT,NYG,najee harris,2024,8,Najee Harris,PIT,RB,0.0,114.0,17.0,3.0,114.0,1,False,-6.0,6.0,37.5,True,False,-6.0,6.0,False,True,False,21.75,2024,8,114.0,46.5,True,False,0.5238095238095238,0.5238095238095238,0.04761904761904767,60-80,coin_flip,dog_3_to_7,low_total_<42,1.9090909090909092,1.9090909090909092,0.9090909090909092,-1.0
2024-10-28T23:50:00Z,2024-10-28T23:45:39Z,2024-10-28T23:40:39Z,2024-10-28T23:50:39Z,86278ec4bbdcadd945d79df6c695c2ec,americanfootball_nfl,2024-10-29 00:15:00+00:00,Pittsburgh Steelers,New York Giants,fanduel,FanDuel,2024-10-28T23:45:18Z,player_rush_yds,2024-10-28T23:44:22Z,Devin Singletary,28.5,-110.0,-110,2024-10-28,PIT,NYG,devin singletary,2024,8,Devin Singletary,NYG,RB,0.0,11.0,12.0,2.0,11.0,0,False,-6.0,6.0,37.5,False,True,6.0,-6.0,True,False,False,15.75,2024,8,11.0,-17.5,False,True,0.5238095238095238,0.5238095238095238,0.04761904761904767,20-40,coin_flip,favorite_3_to_7,low_total_<42,1.9090909090909092,1.9090909090909092,-1.0,0.9090909090909092
2024-10-28T23:50:00Z,2024-10-28T23:45:39Z,2024-10-28T23:40:39Z,2024-10-28T23:50:39Z,86278ec4bbdcadd945d79df6c695c2ec,americanfootball_nfl,2024-10-29 00:15:00+00:00,Pittsburgh Steelers,New York Giants,fanduel,FanDuel,2024-10-28T23:45:18Z,player_rush_yds,2024-10-28T23:44:22Z,Tyrone Tracy Jr.,31.5,-110.0,-110,2024-10-28,PIT,NYG,tyrone tracy,2024,8,Tyrone Tracy,NYG,RB,0.0,145.0,5.0,2.0,145.0,1,False,-6.0,6.0,37.5,False,True,6.0,-6.0,True,False,False,15.75,2024,8,145.0,113.5,True,False,0.5238095238095238,0.5238095238095238,0.04761904761904767,20-40,coin_flip,favorite_3_to_7,low_total_<42,1.9090909090909092,1.9090909090909092,0.9090909090909092,-1.0
2024-10-28T23:50:00Z,2024-10-28T23:45:39Z,2024-10-28T23:40:39Z,2024-10-28T23:50:39Z,86278ec4bbdcadd945d79df6c695c2ec,americanfootball_nfl,2024-10-29 00:15:00+00:00,Pittsburgh Steelers,New York Giants,fanduel,FanDuel,2024-10-28T23:45:18Z,player_rush_yds,2024-10-28T23:44:22Z,Daniel Jones,27.5,-110.0,-110,2024-10-28,PIT,NYG,daniel jones,2024,8,Daniel Jones,NYG,QB,264.0,1.0,0.0,0.0,1.0,0,False,-6.0,6.0,37.5,False,True,6.0,-6.0,True,False,False,15.75,2024,8,1.0,-26.5,False,True,0.5238095238095238,0.5238095238095238,0.04761904761904767,20-40,coin_flip,favorite_3_to_7,low_total_<42,1.9090909090909092,1.9090909090909092,-1.0,0.9090909090909092
2024-10-28T23:50:00Z,2024-10-28T23:45:39Z,2024-10-28T23:40:39Z,2024-10-28T23:50:39Z,86278ec4bbdcadd945d79df6c695c2ec,americanfootball_nfl,2024-10-29 00:15:00+00:00,Pittsburgh Steelers,New York Giants,fanduel,FanDuel,2024-10-28T23:45:18Z,player_rush_yds,2024-10-28T23:44:22Z,Russell Wilson,16.5,-110.0,-110,2024-10-28,PIT,NYG,russell wilson,2024,8,Russell Wilson,PIT,QB,278.0,7.0,0.0,0.0,7.0,0,False,-6.0,6.0,37.5,True,False,-6.0,6.0,False,True,False,21.75,2024,8,7.0,-9.5,False,True,0.5238095238095238,0.5238095238095238,0.04761904761904767,<20,coin_flip,dog_3_to_7,low_total_<42,1.9090909090909092,1.9090909090909092,-1.0,0.9090909090909092
2024-10-28T23:50:00Z,2024-10-28T23:45:39Z,2024-10-28T23:40:39Z,2024-10-28T23:50:39Z,86278ec4bbdcadd945d79df6c695c2ec,americanfootball_nfl,2024-10-29 00:15:00+00:00,Pittsburgh Steelers,New York Giants,fanduel,FanDuel,2024-10-28T23:45:18Z,player_rush_yds,2024-10-28T23:44:22Z,Jaylen Warren,32.5,-110.0,-110,2024-10-28,PIT,NYG,jaylen warren,2024,8,Jaylen Warren,PIT,RB,0.0,46.0,13.0,2.0,46.0,1,False,-6.0,6.0,37.5,True,False,-6.0,6.0,False,True,False,21.75,2024,8,46.0,13.5,True,False,0.5238095238095238,0.5238095238095238,0.04761904761904767,20-40,coin_flip,dog_3_to_7,low_total_<42,1.9090909090909092,1.9090909090909092,0.9090909090909092,-1.0
2024-10-31T23:45:00Z,2024-10-31T23:40:39Z,2024-10-31T23:35:39Z,2024-10-31T23:45:39Z,edde9aeb8a9114f38b30b45c7cffbfa8,americanfootball_nfl,2024-11-01 00:15:00+00:00,New York Jets,Houston Texans,fanduel,FanDuel,2024-10-31T23:40:32Z,player_rush_yds,2024-10-31T23:41:06Z,Breece Hall,65.5,-110.0,-110,2024-10-31,NYJ,HOU,breece hall,2024,9,Breece Hall,NYJ,RB,0.0,74.0,11.0,2.0,74.0,1,False,-2.5,2.5,43.5,True,False,-2.5,2.5,False,True,False,23.0,2024,9,74.0,8.5,True,False,0.5238095238095238,0.5238095238095238,0.04761904761904767,60-80,coin_flip,dog_0_to_3,mid_total_42_47,1.9090909090909092,1.9090909090909092,0.9090909090909092,-1.0
2024-10-31T23:45:00Z,2024-10-31T23:40:39Z,2024-10-31T23:35:39Z,2024-10-31T23:45:39Z,edde9aeb8a9114f38b30b45c7cffbfa8,americanfootball_nfl,2024-11-01 00:15:00+00:00,New York Jets,Houston Texans,fanduel,FanDuel,2024-10-31T23:40:32Z,player_rush_yds,2024-10-31T23:41:06Z,C.J. Stroud,9.5,-110.0,-110,2024-10-31,NYJ,HOU,cj stroud,2024,9,C.J. Stroud,HOU,QB,191.0,59.0,0.0,0.0,59.0,1,False,-2.5,2.5,43.5,False,True,2.5,-2.5,True,False,False,20.5,2024,9,59.0,49.5,True,False,0.5238095238095238,0.5238095238095238,0.04761904761904767,<20,coin_flip,favorite_0_to_3,mid_total_42_47,1.9090909090909092,1.9090909090909092,0.9090909090909092,-1.0
2024-10-31T23:45:00Z,2024-10-31T23:40:39Z,2024-10-31T23:35:39Z,2024-10-31T23:45:39Z,edde9aeb8a9114f38b30b45c7cffbfa8,americanfootball_nfl,2024-11-01 00:15:00+00:00,New York Jets,Houston Texans,fanduel,FanDuel,2024-10-31T23:40:32Z,player_rush_yds,2024-10-31T23:41:06Z,Joe Mixon,81.5,-110.0,-110,2024-10-31,NYJ,HOU,joe mixon,2024,9,Joe Mixon,HOU,RB,0.0,106.0,0.0,0.0,106.0,1,False,-2.5,2.5,43.5,False,True,2.5,-2.5,True,False,False,20.5,2024,9,106.0,24.5,True,False,0.5238095238095238,0.5238095238095238,0.04761904761904767,80+,coin_flip,favorite_0_to_3,mid_total_42_47,1.9090909090909092,1.9090909090909092,0.9090909090909092,-1.0
2024-10-31T23:45:00Z,2024-10-31T23:40:39Z,2024-10-31T23:35:39Z,2024-10-31T23:45:39Z,edde9aeb8a9114f38b30b45c7cffbfa8,americanfootball_nfl,2024-11-01 00:15:00+00:00,New York Jets,Houston Texans,fanduel,FanDuel,2024-10-31T23:40:32Z,player_rush_yds,2024-10-31T23:41:06Z,Braelon Allen,22.5,-110.0,-110,2024-10-31,NYJ,HOU,braelon allen,2024,9,Braelon Allen,NYJ,RB,0.0,9.0,0.0,0.0,9.0,0,False,-2.5,2.5,43.5,True,False,-2.5,2.5,False,True,False,23.0,2024,9,9.0,-13.5,False,True,0.5238095238095238,0.5238095238095238,0.04761904761904767,20-40,coin_flip,dog_0_to_3,mid_total_42_47,1.9090909090909092,1.9090909090909092,-1.0,0.9090909090909092
2024-11-03T17:30:00Z,2024-11-03T17:25:37Z,2024-11-03T17:20:38Z,2024-11-03T17:30:38Z,db18946165af62532b19d4c509d7ba56,americanfootball_nfl,2024-11-03 18:00:00+00:00,Atlanta Falcons,Dallas Cowboys,fanduel,FanDuel,2024-11-03T17:25:30Z,player_rush_yds,2024-11-03T17:25:00Z,Dak Prescott,6.5,-122.0,100,2024-11-03,ATL,DAL,dak prescott,2024,9,Dak Prescott,DAL,QB,133.0,30.0,0.0,0.0,30.0,1,False,-3.0,3.0,52.0,False,True,3.0,-3.0,True,False,False,24.5,2024,9,30.0,23.5,True,False,0.5495495495495496,0.5,0.04954954954954971,<20,moderate_favorite,favorite_0_to_3,high_total_47_plus,1.819672131147541,2.0,0.819672131147541,-1.0
2024-11-03T17:30:00Z,2024-11-03T17:25:37Z,2024-11-03T17:20:38Z,2024-11-03T17:30:38Z,db18946165af62532b19d4c509d7ba56,americanfootball_nfl,2024-11-03 18:00:00+00:00,Atlanta Falcons,Dallas Cowboys,fanduel,FanDuel,2024-11-03T17:25:30Z,player_rush_yds,2024-11-03T17:25:00Z,Tyler Allgeier,41.5,-110.0,-110,2024-11-03,ATL,DAL,tyler allgeier,2024,9,Tyler Allgeier,ATL,RB,0.0,18.0,0.0,0.0,18.0,0,False,-3.0,3.0,52.0,True,False,-3.0,3.0,False,True,False,27.5,2024,9,18.0,-23.5,False,True,0.5238095238095238,0.5238095238095238,0.04761904761904767,40-60,coin_flip,dog_0_to_3,high_total_47_plus,1.9090909090909092,1.9090909090909092,-1.0,0.9090909090909092
2024-11-03T17:30:00Z,2024-11-03T17:25:37Z,2024-11-03T17:20:38Z,2024-11-03T17:30:38Z,db18946165af62532b19d4c509d7ba56,americanfootball_nfl,2024-11-03 18:00:00+00:00,Atlanta Falcons,Dallas Cowboys,fanduel,FanDuel,2024-11-03T17:25:30Z,player_rush_yds,2024-11-03T17:25:00Z,Rico Dowdle,44.5,-110.0,-110,2024-11-03,ATL,DAL,rico dowdle,2024,9,Rico Dowdle,DAL,RB,0.0,75.0,32.0,5.0,75.0,1,False,-3.0,3.0,52.0,False,True,3.0,-3.0,True,False,False,24.5,2024,9,75.0,30.5,True,False,0.5238095238095238,0.5238095238095238,0.04761904761904767,40-60,coin_flip,favorite_0_to_3,high_total_47_plus,1.9090909090909092,1.9090909090909092,0.9090909090909092,-1.0
2024-11-03T17:30:00Z,2024-11-03T17:25:37Z,2024-11-03T17:20:38Z,2024-11-03T17:30:38Z,db18946165af62532b19d4c509d7ba56,americanfootball_nfl,2024-11-03 18:00:00+00:00,Atlanta Falcons,Dallas Cowboys,fanduel,FanDuel,2024-11-03T17:25:30Z,player_rush_yds,2024-11-03T17:25:00Z,Bijan Robinson,71.5,-110.0,-110,2024-11-03,ATL,DAL,bijan robinson,2024,9,Bijan Robinson,ATL,RB,0.0,86.0,59.0,7.0,86.0,1,False,-3.0,3.0,52.0,True,False,-3.0,3.0,False,True,False,27.5,2024,9,86.0,14.5,True,False,0.5238095238095238,0.5238095238095238,0.04761904761904767,60-80,coin_flip,dog_0_to_3,high_total_47_plus,1.9090909090909092,1.9090909090909092,0.9090909090909092,-1.0
2024-11-03T17:30:00Z,2024-11-03T17:25:37Z,2024-11-03T17:20:38Z,2024-11-03T17:30:38Z,7c2d09c53f3c271b20f53db0b21f1498,americanfootball_nfl,2024-11-03 18:00:00+00:00,Buffalo Bills,Miami Dolphins,fanduel,FanDuel,2024-11-03T17:25:30Z,player_rush_yds,2024-11-03T17:25:40Z,Josh Allen,27.5,-110.0,-110,2024-11-03,BUF,MIA,josh allen,2024,9,Josh Allen,BUF,QB,235.0,7.0,0.0,0.0,7.0,0,False,-6.5,6.5,49.0,True,False,-6.5,6.5,False,True,False,27.75,2024,9,7.0,-20.5,False,True,0.5238095238095238,0.5238095238095238,0.04761904761904767,20-40,coin_flip,dog_3_to_7,high_total_47_plus,1.9090909090909092,1.9090909090909092,-1.0,0.9090909090909092
2024-11-03T17:30:00Z,2024-11-03T17:25:37Z,2024-11-03T17:20:38Z,2024-11-03T17:30:38Z,7c2d09c53f3c271b20f53db0b21f1498,americanfootball_nfl,2024-11-03 18:00:00+00:00,Buffalo Bills,Miami Dolphins,fanduel,FanDuel,2024-11-03T17:25:30Z,player_rush_yds,2024-11-03T17:25:40Z,James Cook,64.5,-110.0,-110,2024-11-03,BUF,MIA,james cook,2024,9,James Cook,BUF,RB,0.0,44.0,25.0,5.0,44.0,0,False,-6.5,6.5,49.0,True,False,-6.5,6.5,False,True,False,27.75,2024,9,44.0,-20.5,False,True,0.5238095238095238,0.5238095238095238,0.04761904761904767,60-80,coin_flip,dog_3_to_7,high_total_47_plus,1.9090909090909092,1.9090909090909092,-1.0,0.9090909090909092
2024-11-03T17:30:00Z,2024-11-03T17:25:37Z,2024-11-03T17:20:38Z,2024-11-03T17:30:38Z,7c2d09c53f3c271b20f53db0b21f1498,americanfootball_nfl,2024-11-03 18:00:00+00:00,Buffalo Bills,Miami Dolphins,fanduel,FanDuel,2024-11-03T17:25:30Z,player_rush_yds,2024-11-03T17:25:40Z,De'Von Achane,49.5,-110.0,-110,2024-11-03,BUF,MIA,devon achane,2024,9,Devon Achane,MIA,RB,0.0,63.0,58.0,8.0,63.0,1,False,-6.5,6.5,49.0,False,True,6.5,-6.5,True,False,False,21.25,2024,9,63.0,13.5,True,False,0.5238095238095238,0.5238095238095238,0.04761904761904767,40-60,coin_flip,favorite_3_to_7,high_total_47_plus,1.9090909090909092,1.9090909090909092,0.9090909090909092,-1.0
2024-11-03T17:30:00Z,2024-11-03T17:25:37Z,2024-11-03T17:20:38Z,2024-11-03T17:30:38Z,7c2d09c53f3c271b20f53db0b21f1498,americanfootball_nfl,2024-11-03 18:00:00+00:00,Buffalo Bills,Miami Dolphins,fanduel,FanDuel,2024-11-03T17:25:30Z,player_rush_yds,2024-11-03T17:25:40Z,Ray Davis,20.5,-110.0,-110,2024-11-03,BUF,MIA,ray davis,2024,9,Ray Davis,BUF,RB,0.0,20.0,70.0,2.0,20.0,0,False,-6.5,6.5,49.0,True,False,-6.5,6.5,False,True,False,27.75,2024,9,20.0,-0.5,False,True,0.5238095238095238,0.5238095238095238,0.04761904761904767,20-40,coin_flip,dog_3_to_7,high_total_47_plus,1.9090909090909092,1.9090909090909092,-1.0,0.9090909090909092
2024-11-03T17:30:00Z,2024-11-03T17:25:37Z,2024-11-03T17:20:38Z,2024-11-03T17:30:38Z,7c2d09c53f3c271b20f53db0b21f1498,americanfootball_nfl,2024-11-03 18:00:00+00:00,Buffalo Bills,Miami Dolphins,fanduel,FanDuel,2024-11-03T17:25:30Z,player_rush_yds,2024-11-03T17:25:40Z,Raheem Mostert,27.5,-110.0,-110,2024-11-03,BUF,MIA,raheem mostert,2024,9,Raheem Mostert,MIA,RB,0.0,56.0,32.0,2.0,56.0,1,False,-6.5,6.5,49.0,False,True,6.5,-6.5,True,False,False,21.25,2024,9,56.0,28.5,True,False,0.5238095238095238,0.5238095238095238,0.04761904761904767,20-40,coin_flip,favorite_3_to_7,high_total_47_plus,1.9090909090909092,1.9090909090909092,0.9090909090909092,-1.0
2024-11-03T17:30:00Z,2024-11-03T17:25:37Z,2024-11-03T17:20:38Z,2024-11-03T17:30:38Z,3de2d54334c462aa393418b75994fee1,americanfootball_nfl,2024-11-03 18:00:00+00:00,Carolina Panthers,New Orleans Saints,fanduel,FanDuel,2024-11-03T17:25:30Z,player_rush_yds,2024-11-03T17:23:30Z,Bryce Young,10.5,-105.0,-115,2024-11-03,CAR,NO,bryce young,2024,9,Bryce Young,CAR,QB,171.0,9.0,0.0,0.0,9.0,0,False,7.0,-7.0,43.5,True,False,7.0,-7.0,True,False,False,18.25,2024,9,9.0,-1.5,False,True,0.5121951219512195,0.5348837209302325,0.04707884288145214,<20,coin_flip,favorite_3_to_7,mid_total_42_47,1.9523809523809523,1.8695652173913042,-1.0,0.8695652173913042
2024-11-03T17:30:00Z,2024-11-03T17:25:37Z,2024-11-03T17:20:38Z,2024-11-03T17:30:38Z,3de2d54334c462aa393418b75994fee1,americanfootball_nfl,2024-11-03 18:00:00+00:00,Carolina Panthers,New Orleans Saints,fanduel,FanDuel,2024-11-03T17:25:30Z,player_rush_yds,2024-11-03T17:23:30Z,Alvin Kamara,73.5,-110.0,-110,2024-11-03,CAR,NO,alvin kamara,2024,9,Alvin Kamara,NO,RB,0.0,155.0,60.0,6.0,155.0,1,False,7.0,-7.0,43.5,False,True,-7.0,7.0,False,True,False,25.25,2024,9,155.0,81.5,True,False,0.5238095238095238,0.5238095238095238,0.04761904761904767,60-80,coin_flip,dog_3_to_7,mid_total_42_47,1.9090909090909092,1.9090909090909092,0.9090909090909092,-1.0
2024-11-03T17:30:00Z,2024-11-03T17:25:37Z,2024-11-03T17:20:38Z,2024-11-03T17:30:38Z,3de2d54334c462aa393418b75994fee1,americanfootball_nfl,2024-11-03 18:00:00+00:00,Carolina Panthers,New Orleans Saints,fanduel,FanDuel,2024-11-03T17:25:30Z,player_rush_yds,2024-11-03T17:23:30Z,Chuba Hubbard,68.5,-110.0,-110,2024-11-03,CAR,NO,chuba hubbard,2024,9,Chuba Hubbard,CAR,RB,0.0,72.0,0.0,2.0,72.0,1,False,7.0,-7.0,43.5,True,False,7.0,-7.0,True,False,False,18.25,2024,9,72.0,3.5,True,False,0.5238095238095238,0.5238095238095238,0.04761904761904767,60-80,coin_flip,favorite_3_to_7,mid_total_42_47,1.9090909090909092,1.9090909090909092,0.9090909090909092,-1.0
2024-11-03T17:30:00Z,2024-11-03T17:25:37Z,2024-11-03T17:20:38Z,2024-11-03T17:30:38Z,3de2d54334c462aa393418b75994fee1,americanfootball_nfl,2024-11-03 18:00:00+00:00,Carolina Panthers,New Orleans Saints,fanduel,FanDuel,2024-11-03T17:25:30Z,player_rush_yds,2024-11-03T17:23:30Z,Taysom Hill,27.5,-110.0,-110,2024-11-03,CAR,NO,taysom hill,2024,9,Taysom Hill,NO,TE,0.0,19.0,41.0,4.0,19.0,0,False,7.0,-7.0,43.5,False,True,-7.0,7.0,False,True,False,25.25,2024,9,19.0,-8.5,False,True,0.5238095238095238,0.5238095238095238,0.04761904761904767,20-40,coin_flip,dog_3_to_7,mid_total_42_47,1.9090909090909092,1.9090909090909092,-1.0,0.9090909090909092
2024-11-03T17:30:00Z,2024-11-03T17:25:37Z,2024-11-03T17:20:38Z,2024-11-03T17:30:38Z,3d24ae93125568c136d57ff911a4d2e4,americanfootball_nfl,2024-11-03 18:00:00+00:00,Cincinnati Bengals,Las Vegas Raiders,fanduel,FanDuel,2024-11-03T17:25:30Z,player_rush_yds,2024-11-03T17:25:08Z,Joe Burrow,7.5,-110.0,-110,2024-11-03,CIN,LV,joe burrow,2024,9,Joe Burrow,CIN,QB,251.0,11.0,0.0,0.0,11.0,1,False,-8.0,8.0,45.0,True,False,-8.0,8.0,False,True,False,26.5,2024,9,11.0,3.5,True,False,0.5238095238095238,0.5238095238095238,0.04761904761904767,<20,coin_flip,dog_7_plus,mid_total_42_47,1.9090909090909092,1.9090909090909092,0.9090909090909092,-1.0
2024-11-03T17:30:00Z,2024-11-03T17:25:37Z,2024-11-03T17:20:38Z,2024-11-03T17:30:38Z,3d24ae93125568c136d57ff911a4d2e4,americanfootball_nfl,2024-11-03 18:00:00+00:00,Cincinnati Bengals,Las Vegas Raiders,fanduel,FanDuel,2024-11-03T17:25:30Z,player_rush_yds,2024-11-03T17:25:08Z,Alexander Mattison,50.5,-110.0,-110,2024-11-03,CIN,LV,alexander mattison,2024,9,Alexander Mattison,LV,RB,0.0,36.0,0.0,0.0,36.0,0,False,-8.0,8.0,45.0,False,True,8.0,-8.0,True,False,False,18.5,2024,9,36.0,-14.5,False,True,0.5238095238095238,0.5238095238095238,0.04761904761904767,40-60,coin_flip,favorite_7_plus,mid_total_42_47,1.9090909090909092,1.9090909090909092,-1.0,0.9090909090909092
2024-11-03T17:30:00Z,2024-11-03T17:25:37Z,2024-11-03T17:20:38Z,2024-11-03T17:30:38Z,3d24ae93125568c136d57ff911a4d2e4,americanfootball_nfl,2024-11-03 18:00:00+00:00,Cincinnati Bengals,Las Vegas Raiders,fanduel,FanDuel,2024-11-03T17:25:30Z,player_rush_yds,2024-11-03T17:25:08Z,Chase Brown,67.5,-110.0,-110,2024-11-03,CIN,LV,chase brown,2024,9,Chase Brown,CIN,RB,0.0,120.0,37.0,5.0,120.0,1,False,-8.0,8.0,45.0,True,False,-8.0,8.0,False,True,False,26.5,2024,9,120.0,52.5,True,False,0.5238095238095238,0.5238095238095238,0.04761904761904767,60-80,coin_flip,dog_7_plus,mid_total_42_47,1.9090909090909092,1.9090909090909092,0.9090909090909092,-1.0
2024-11-03T17:30:00Z,2024-11-03T17:25:37Z,2024-11-03T17:20:38Z,2024-11-03T17:30:38Z,fc022a0b74f3182e2da491dfe4276301,americanfootball_nfl,2024-11-03 18:00:00+00:00,Cleveland Browns,Los Angeles Chargers,fanduel,FanDuel,2024-11-03T17:25:30Z,player_rush_yds,2024-11-03T17:25:40Z,Justin Herbert,9.5,-110.0,-110,2024-11-03,CLE,LAC,justin herbert,2024,9,Justin Herbert,LAC,QB,282.0,2.0,0.0,0.0,2.0,0,False,2.0,-2.0,42.5,False,True,-2.0,2.0,False,True,False,22.25,2024,9,2.0,-7.5,False,True,0.5238095238095238,0.5238095238095238,0.04761904761904767,<20,coin_flip,dog_0_to_3,mid_total_42_47,1.9090909090909092,1.9090909090909092,-1.0,0.9090909090909092
2024-11-03T17:30:00Z,2024-11-03T17:25:37Z,2024-11-03T17:20:38Z,2024-11-03T17:30:38Z,fc022a0b74f3182e2da491dfe4276301,americanfootball_nfl,2024-11-03 18:00:00+00:00,Cleveland Browns,Los Angeles Chargers,fanduel,FanDuel,2024-11-03T17:25:30Z,player_rush_yds,2024-11-03T17:25:40Z,Jerome Ford,21.5,-110.0,-110,2024-11-03,CLE,LAC,jerome ford,2024,9,Jerome Ford,CLE,RB,0.0,5.0,2.0,1.0,5.0,0,False,2.0,-2.0,42.5,True,False,2.0,-2.0,True,False,False,20.25,2024,9,5.0,-16.5,False,True,0.5238095238095238,0.5238095238095238,0.04761904761904767,20-40,coin_flip,favorite_0_to_3,mid_total_42_47,1.9090909090909092,1.9090909090909092,-1.0,0.9090909090909092
2024-11-03T17:30:00Z,2024-11-03T17:25:37Z,2024-11-03T17:20:38Z,2024-11-03T17:30:38Z,fc022a0b74f3182e2da491dfe4276301,americanfootball_nfl,2024-11-03 18:00:00+00:00,Cleveland Browns,Los Angeles Chargers,fanduel,FanDuel,2024-11-03T17:25:30Z,player_rush_yds,2024-11-03T17:25:40Z,Nick Chubb,54.5,-110.0,-110,2024-11-03,CLE,LAC,nick chubb,2024,9,Nick Chubb,CLE,RB,0.0,39.0,-4.0,1.0,39.0,0,False,2.0,-2.0,42.5,True,False,2.0,-2.0,True,False,False,20.25,2024,9,39.0,-15.5,False,True,0.5238095238095238,0.5238095238095238,0.04761904761904767,40-60,coin_flip,favorite_0_to_3,mid_total_42_47,1.9090909090909092,1.9090909090909092,-1.0,0.9090909090909092
2024-11-03T17:30:00Z,2024-11-03T17:25:37Z,2024-11-03T17:20:38Z,2024-11-03T17:30:38Z,fc022a0b74f3182e2da491dfe4276301,americanfootball_nfl,2024-11-03 18:00:00+00:00,Cleveland Browns,Los Angeles Chargers,fanduel,FanDuel,2024-11-03T17:25:30Z,player_rush_yds,2024-11-03T17:25:40Z,J.K. Dobbins,63.5,-110.0,-110,2024-11-03,CLE,LAC,jk dobbins,2024,9,J.K. Dobbins,LAC,RB,0.0,85.0,20.0,2.0,85.0,1,False,2.0,-2.0,42.5,False,True,-2.0,2.0,False,True,False,22.25,2024,9,85.0,21.5,True,False,0.5238095238095238,0.5238095238095238,0.04761904761904767,60-80,coin_flip,dog_0_to_3,mid_total_42_47,1.9090909090909092,1.9090909090909092,0.9090909090909092,-1.0
2024-11-03T17:30:00Z,2024-11-03T17:25:37Z,2024-11-03T17:20:38Z,2024-11-03T17:30:38Z,d555bf749139691c613e4aec350592c1,americanfootball_nfl,2024-11-04 01:20:00+00:00,Minnesota Vikings,Indianapolis Colts,fanduel,FanDuel,2024-11-03T17:25:30Z,player_rush_yds,2024-11-03T17:23:03Z,Jonathan Taylor,74.5,-110.0,-110,2024-11-03,MIN,IND,jonathan taylor,2024,9,Jonathan Taylor,IND,RB,0.0,48.0,11.0,3.0,48.0,0,False,-6.5,6.5,47.0,False,True,6.5,-6.5,True,False,False,20.25,2024,9,48.0,-26.5,False,True,0.5238095238095238,0.5238095238095238,0.04761904761904767,60-80,coin_flip,favorite_3_to_7,high_total_47_plus,1.9090909090909092,1.9090909090909092,-1.0,0.9090909090909092
2024-11-03T17:30:00Z,2024-11-03T17:25:37Z,2024-11-03T17:20:38Z,2024-11-03T17:30:38Z,d555bf749139691c613e4aec350592c1,americanfootball_nfl,2024-11-04 01:20:00+00:00,Minnesota Vikings,Indianapolis Colts,fanduel,FanDuel,2024-11-03T17:25:30Z,player_rush_yds,2024-11-03T17:23:03Z,Aaron Jones,74.5,-110.0,-110,2024-11-03,MIN,IND,aaron jones,2024,9,Aaron Jones,MIN,RB,0.0,64.0,18.0,4.0,64.0,0,False,-6.5,6.5,47.0,True,False,-6.5,6.5,False,True,False,26.75,2024,9,64.0,-10.5,False,True,0.5238095238095238,0.5238095238095238,0.04761904761904767,60-80,coin_flip,dog_3_to_7,high_total_47_plus,1.9090909090909092,1.9090909090909092,-1.0,0.9090909090909092
2024-11-03T17:30:00Z,2024-11-03T17:25:37Z,2024-11-03T17:20:38Z,2024-11-03T17:30:38Z,31f1bb5fbbc8c3d9b8719357fa40941e,americanfootball_nfl,2024-11-03 18:00:00+00:00,Tennessee Titans,New England Patriots,fanduel,FanDuel,2024-11-03T17:25:30Z,player_rush_yds,2024-11-03T17:24:41Z,Mason Rudolph,8.5,-110.0,-110,2024-11-03,TEN,NE,mason rudolph,2024,9,Mason Rudolph,TEN,QB,240.0,19.0,0.0,0.0,19.0,1,False,-3.0,3.0,38.5,True,False,-3.0,3.0,False,True,False,20.75,2024,9,19.0,10.5,True,False,0.5238095238095238,0.5238095238095238,0.04761904761904767,<20,coin_flip,dog_0_to_3,low_total_<42,1.9090909090909092,1.9090909090909092,0.9090909090909092,-1.0
2024-11-03T17:30:00Z,2024-11-03T17:25:37Z,2024-11-03T17:20:38Z,2024-11-03T17:30:38Z,31f1bb5fbbc8c3d9b8719357fa40941e,americanfootball_nfl,2024-11-03 18:00:00+00:00,Tennessee Titans,New England Patriots,fanduel,FanDuel,2024-11-03T17:25:30Z,player_rush_yds,2024-11-03T17:24:41Z,Rhamondre Stevenson,55.5,-110.0,-110,2024-11-03,TEN,NE,rhamondre stevenson,2024,9,Rhamondre Stevenson,NE,RB,0.0,16.0,38.0,5.0,16.0,0,False,-3.0,3.0,38.5,False,True,3.0,-3.0,True,False,False,17.75,2024,9,16.0,-39.5,False,True,0.5238095238095238,0.5238095238095238,0.04761904761904767,40-60,coin_flip,favorite_0_to_3,low_total_<42,1.9090909090909092,1.9090909090909092,-1.0,0.9090909090909092
2024-11-03T17:30:00Z,2024-11-03T17:25:37Z,2024-11-03T17:20:38Z,2024-11-03T17:30:38Z,31f1bb5fbbc8c3d9b8719357fa40941e,americanfootball_nfl,2024-11-03 18:00:00+00:00,Tennessee Titans,New England Patriots,fanduel,FanDuel,2024-11-03T17:25:30Z,player_rush_yds,2024-11-03T17:24:41Z,Drake Maye,21.5,-110.0,-110,2024-11-03,TEN,NE,drake maye,2024,9,Drake Maye,NE,QB,206.0,95.0,0.0,0.0,95.0,1,False,-3.0,3.0,38.5,False,True,3.0,-3.0,True,False,False,17.75,2024,9,95.0,73.5,True,False,0.5238095238095238,0.5238095238095238,0.04761904761904767,20-40,coin_flip,favorite_0_to_3,low_total_<42,1.9090909090909092,1.9090909090909092,0.9090909090909092,-1.0
2024-11-03T17:30:00Z,2024-11-03T17:25:37Z,2024-11-03T17:20:38Z,2024-11-03T17:30:38Z,31f1bb5fbbc8c3d9b8719357fa40941e,americanfootball_nfl,2024-11-03 18:00:00+00:00,Tennessee Titans,New England Patriots,fanduel,FanDuel,2024-11-03T17:25:30Z,player_rush_yds,2024-11-03T17:24:41Z,Tony Pollard,68.5,-110.0,-110,2024-11-03,TEN,NE,tony pollard,2024,9,Tony Pollard,TEN,RB,0.0,128.0,26.0,3.0,128.0,1,False,-3.0,3.0,38.5,True,False,-3.0,3.0,False,True,False,20.75,2024,9,128.0,59.5,True,False,0.5238095238095238,0.5238095238095238,0.04761904761904767,60-80,coin_flip,dog_0_to_3,low_total_<42,1.9090909090909092,1.9090909090909092,0.9090909090909092,-1.0
2024-11-03T17:30:00Z,2024-11-03T17:25:37Z,2024-11-03T17:20:38Z,2024-11-03T17:30:38Z,5791e31f6f4b95476889c4854b508faf,americanfootball_nfl,2024-11-03 18:00:00+00:00,New York Giants,Washington Commanders,fanduel,FanDuel,2024-11-03T17:25:30Z,player_rush_yds,2024-11-03T17:25:52Z,Jeremy McNichols,21.5,-110.0,-110,2024-11-03,NYG,WAS,jeremy mcnichols,2024,9,Jeremy McNichols,WAS,RB,0.0,20.0,0.0,0.0,20.0,0,False,4.5,-4.5,44.5,False,True,-4.5,4.5,False,True,False,24.5,2024,9,20.0,-1.5,False,True,0.5238095238095238,0.5238095238095238,0.04761904761904767,20-40,coin_flip,dog_3_to_7,mid_total_42_47,1.9090909090909092,1.9090909090909092,-1.0,0.9090909090909092
2024-11-03T17:30:00Z,2024-11-03T17:25:37Z,2024-11-03T17:20:38Z,2024-11-03T17:30:38Z,5791e31f6f4b95476889c4854b508faf,americanfootball_nfl,2024-11-03 18:00:00+00:00,New York Giants,Washington Commanders,fanduel,FanDuel,2024-11-03T17:25:30Z,player_rush_yds,2024-11-03T17:25:52Z,Tyrone Tracy Jr.,61.5,-110.0,-110,2024-11-03,NYG,WAS,tyrone tracy,2024,9,Tyrone Tracy,NYG,RB,0.0,66.0,3.0,1.0,66.0,1,False,4.5,-4.5,44.5,True,False,4.5,-4.5,True,False,False,20.0,2024,9,66.0,4.5,True,False,0.5238095238095238,0.5238095238095238,0.04761904761904767,60-80,coin_flip,favorite_3_to_7,mid_total_42_47,1.9090909090909092,1.9090909090909092,0.9090909090909092,-1.0
2024-11-03T17:30:00Z,2024-11-03T17:25:37Z,2024-11-03T17:20:38Z,2024-11-03T17:30:38Z,5791e31f6f4b95476889c4854b508faf,americanfootball_nfl,2024-11-03 18:00:00+00:00,New York Giants,Washington Commanders,fanduel,FanDuel,2024-11-03T17:25:30Z,player_rush_yds,2024-11-03T17:25:52Z,Austin Ekeler,52.5,-110.0,-110,2024-11-03,NYG,WAS,austin ekeler,2024,9,Austin Ekeler,WAS,RB,0.0,42.0,41.0,3.0,42.0,0,False,4.5,-4.5,44.5,False,True,-4.5,4.5,False,True,False,24.5,2024,9,42.0,-10.5,False,True,0.5238095238095238,0.5238095238095238,0.04761904761904767,40-60,coin_flip,dog_3_to_7,mid_total_42_47,1.9090909090909092,1.9090909090909092,-1.0,0.9090909090909092
2024-11-03T17:30:00Z,2024-11-03T17:25:37Z,2024-11-03T17:20:38Z,2024-11-03T17:30:38Z,5791e31f6f4b95476889c4854b508faf,americanfootball_nfl,2024-11-03 18:00:00+00:00,New York Giants,Washington Commanders,fanduel,FanDuel,2024-11-03T17:25:30Z,player_rush_yds,2024-11-03T17:25:52Z,Daniel Jones,25.5,-110.0,-110,2024-11-03,NYG,WAS,daniel jones,2024,9,Daniel Jones,NYG,QB,174.0,54.0,0.0,0.0,54.0,1,False,4.5,-4.5,44.5,True,False,4.5,-4.5,True,False,False,20.0,2024,9,54.0,28.5,True,False,0.5238095238095238,0.5238095238095238,0.04761904761904767,20-40,coin_flip,favorite_3_to_7,mid_total_42_47,1.9090909090909092,1.9090909090909092,0.9090909090909092,-1.0
2024-11-03T17:30:00Z,2024-11-03T17:25:37Z,2024-11-03T17:20:38Z,2024-11-03T17:30:38Z,5791e31f6f4b95476889c4854b508faf,americanfootball_nfl,2024-11-03 18:00:00+00:00,New York Giants,Washington Commanders,fanduel,FanDuel,2024-11-03T17:25:30Z,player_rush_yds,2024-11-03T17:25:52Z,Jayden Daniels,49.5,-110.0,-110,2024-11-03,NYG,WAS,jayden daniels,2024,9,Jayden Daniels,WAS,QB,209.0,35.0,0.0,0.0,35.0,0,False,4.5,-4.5,44.5,False,True,-4.5,4.5,False,True,False,24.5,2024,9,35.0,-14.5,False,True,0.5238095238095238,0.5238095238095238,0.04761904761904767,40-60,coin_flip,dog_3_to_7,mid_total_42_47,1.9090909090909092,1.9090909090909092,-1.0,0.9090909090909092
2024-11-03T20:35:00Z,2024-11-03T20:30:38Z,2024-11-03T20:25:38Z,2024-11-03T20:35:38Z,597e7fb5542c56bda7f1a73402cd47e0,americanfootball_nfl,2024-11-03 21:05:00+00:00,Arizona Cardinals,Chicago Bears,fanduel,FanDuel,2024-11-03T20:29:33Z,player_rush_yds,2024-11-03T20:27:41Z,James Conner,70.5,-110.0,-110,2024-11-03,ARI,CHI,james conner,2024,9,James Conner,ARI,RB,0.0,107.0,12.0,3.0,107.0,1,False,-1.5,1.5,44.5,True,False,-1.5,1.5,False,True,False,23.0,2024,9,107.0,36.5,True,False,0.5238095238095238,0.5238095238095238,0.04761904761904767,60-80,coin_flip,dog_0_to_3,mid_total_42_47,1.9090909090909092,1.9090909090909092,0.9090909090909092,-1.0
2024-11-03T20:35:00Z,2024-11-03T20:30:38Z,2024-11-03T20:25:38Z,2024-11-03T20:35:38Z,597e7fb5542c56bda7f1a73402cd47e0,americanfootball_nfl,2024-11-03 21:05:00+00:00,Arizona Cardinals,Chicago Bears,fanduel,FanDuel,2024-11-03T20:29:33Z,player_rush_yds,2024-11-03T20:27:41Z,Kyler Murray,33.5,-110.0,-110,2024-11-03,ARI,CHI,kyler murray,2024,9,Kyler Murray,ARI,QB,154.0,6.0,0.0,0.0,6.0,0,False,-1.5,1.5,44.5,True,False,-1.5,1.5,False,True,False,23.0,2024,9,6.0,-27.5,False,True,0.5238095238095238,0.5238095238095238,0.04761904761904767,20-40,coin_flip,dog_0_to_3,mid_total_42_47,1.9090909090909092,1.9090909090909092,-1.0,0.9090909090909092
2024-11-03T20:35:00Z,2024-11-03T20:30:38Z,2024-11-03T20:25:38Z,2024-11-03T20:35:38Z,597e7fb5542c56bda7f1a73402cd47e0,americanfootball_nfl,2024-11-03 21:05:00+00:00,Arizona Cardinals,Chicago Bears,fanduel,FanDuel,2024-11-03T20:29:33Z,player_rush_yds,2024-11-03T20:27:41Z,Caleb Williams,23.5,-110.0,-110,2024-11-03,ARI,CHI,caleb williams,2024,9,Caleb Williams,CHI,QB,217.0,5.0,0.0,0.0,5.0,0,False,-1.5,1.5,44.5,False,True,1.5,-1.5,True,False,False,21.5,2024,9,5.0,-18.5,False,True,0.5238095238095238,0.5238095238095238,0.04761904761904767,20-40,coin_flip,favorite_0_to_3,mid_total_42_47,1.9090909090909092,1.9090909090909092,-1.0,0.9090909090909092
2024-11-03T20:35:00Z,2024-11-03T20:30:38Z,2024-11-03T20:25:38Z,2024-11-03T20:35:38Z,597e7fb5542c56bda7f1a73402cd47e0,americanfootball_nfl,2024-11-03 21:05:00+00:00,Arizona Cardinals,Chicago Bears,fanduel,FanDuel,2024-11-03T20:29:33Z,player_rush_yds,2024-11-03T20:27:41Z,D'Andre Swift,67.5,-110.0,-110,2024-11-03,ARI,CHI,dandre swift,2024,9,D'Andre Swift,CHI,RB,0.0,51.0,31.0,6.0,51.0,0,False,-1.5,1.5,44.5,False,True,1.5,-1.5,True,False,False,21.5,2024,9,51.0,-16.5,False,True,0.5238095238095238,0.5238095238095238,0.04761904761904767,60-80,coin_flip,favorite_0_to_3,mid_total_42_47,1.9090909090909092,1.9090909090909092,-1.0,0.9090909090909092
2024-11-03T20:55:00Z,2024-11-03T20:50:38Z,2024-11-03T20:45:38Z,2024-11-03T20:55:38Z,8baadfa082af81fe72b1cfd941d96edf,americanfootball_nfl,2024-11-03 21:25:00+00:00,Seattle Seahawks,Los Angeles Rams,fanduel,FanDuel,2024-11-03T20:50:02Z,player_rush_yds,2024-11-03T20:49:46Z,Zach Charbonnet,18.5,-110.0,-110,2024-11-03,SEA,LAR,zach charbonnet,2024,9,Zach Charbonnet,SEA,RB,0.0,8.0,25.0,2.0,8.0,0,False,1.5,-1.5,48.5,True,False,1.5,-1.5,True,False,False,23.5,2024,9,8.0,-10.5,False,True,0.5238095238095238,0.5238095238095238,0.04761904761904767,<20,coin_flip,favorite_0_to_3,high_total_47_plus,1.9090909090909092,1.9090909090909092,-1.0,0.9090909090909092
2024-11-03T20:55:00Z,2024-11-03T20:50:38Z,2024-11-03T20:45:38Z,2024-11-03T20:55:38Z,8baadfa082af81fe72b1cfd941d96edf,americanfootball_nfl,2024-11-03 21:25:00+00:00,Seattle Seahawks,Los Angeles Rams,fanduel,FanDuel,2024-11-03T20:50:02Z,player_rush_yds,2024-11-03T20:49:46Z,Kenneth Walker III,64.5,-110.0,-110,2024-11-03,SEA,LAR,kenneth walker,2024,9,Kenneth Walker,SEA,RB,0.0,83.0,24.0,3.0,83.0,1,False,1.5,-1.5,48.5,True,False,1.5,-1.5,True,False,False,23.5,2024,9,83.0,18.5,True,False,0.5238095238095238,0.5238095238095238,0.04761904761904767,60-80,coin_flip,favorite_0_to_3,high_total_47_plus,1.9090909090909092,1.9090909090909092,0.9090909090909092,-1.0
2024-11-03T20:55:00Z,2024-11-03T20:50:38Z,2024-11-03T20:45:38Z,2024-11-03T20:55:38Z,8baadfa082af81fe72b1cfd941d96edf,americanfootball_nfl,2024-11-03 21:25:00+00:00,Seattle Seahawks,Los Angeles Rams,fanduel,FanDuel,2024-11-03T20:50:02Z,player_rush_yds,2024-11-03T20:49:46Z,Geno Smith,12.5,-110.0,-110,2024-11-03,SEA,LAR,geno smith,2024,9,Geno Smith,SEA,QB,363.0,16.0,0.0,0.0,16.0,1,False,1.5,-1.5,48.5,True,False,1.5,-1.5,True,False,False,23.5,2024,9,16.0,3.5,True,False,0.5238095238095238,0.5238095238095238,0.04761904761904767,<20,coin_flip,favorite_0_to_3,high_total_47_plus,1.9090909090909092,1.9090909090909092,0.9090909090909092,-1.0
2024-11-03T20:55:00Z,2024-11-03T20:50:38Z,2024-11-03T20:45:38Z,2024-11-03T20:55:38Z,8baadfa082af81fe72b1cfd941d96edf,americanfootball_nfl,2024-11-03 21:25:00+00:00,Seattle Seahawks,Los Angeles Rams,fanduel,FanDuel,2024-11-03T20:50:02Z,player_rush_yds,2024-11-03T20:49:46Z,Kyren Williams,90.5,-110.0,-110,2024-11-03,SEA,LAR,kyren williams,2024,9,Kyren Williams,LAR,RB,0.0,69.0,26.0,1.0,69.0,0,False,1.5,-1.5,48.5,False,True,-1.5,1.5,False,True,False,25.0,2024,9,69.0,-21.5,False,True,0.5238095238095238,0.5238095238095238,0.04761904761904767,80+,coin_flip,dog_0_to_3,high_total_47_plus,1.9090909090909092,1.9090909090909092,-1.0,0.9090909090909092
2024-11-05T00:45:00Z,2024-11-05T00:40:39Z,2024-11-05T00:35:39Z,2024-11-05T00:45:39Z,8f751d18969af50ec341e0b282e5b4d6,americanfootball_nfl,2024-11-05 01:15:00+00:00,Kansas City Chiefs,Tampa Bay Buccaneers,fanduel,FanDuel,2024-11-05T00:40:35Z,player_rush_yds,2024-11-05T00:40:58Z,Xavier Worthy,0.5,-114.0,-106,2024-11-04,KC,TB,xavier worthy,2024,9,Xavier Worthy,KC,WR,0.0,-10.0,0.0,0.0,-10.0,0,False,-9.0,9.0,45.5,True,False,-9.0,9.0,False,True,False,27.25,2024,9,-10.0,-10.5,False,True,0.5327102803738317,0.5145631067961165,0.04727338716994822,<20,coin_flip,dog_7_plus,mid_total_42_47,1.8771929824561404,1.9433962264150944,-1.0,0.9433962264150944
2024-11-05T00:45:00Z,2024-11-05T00:40:39Z,2024-11-05T00:35:39Z,2024-11-05T00:45:39Z,8f751d18969af50ec341e0b282e5b4d6,americanfootball_nfl,2024-11-05 01:15:00+00:00,Kansas City Chiefs,Tampa Bay Buccaneers,fanduel,FanDuel,2024-11-05T00:40:35Z,player_rush_yds,2024-11-05T00:40:58Z,Baker Mayfield,14.5,-110.0,-110,2024-11-04,KC,TB,baker mayfield,2024,9,Baker Mayfield,TB,QB,200.0,20.0,0.0,0.0,20.0,1,False,-9.0,9.0,45.5,False,True,9.0,-9.0,True,False,False,18.25,2024,9,20.0,5.5,True,False,0.5238095238095238,0.5238095238095238,0.04761904761904767,<20,coin_flip,favorite_7_plus,mid_total_42_47,1.9090909090909092,1.9090909090909092,0.9090909090909092,-1.0
2024-11-05T00:45:00Z,2024-11-05T00:40:39Z,2024-11-05T00:35:39Z,2024-11-05T00:45:39Z,8f751d18969af50ec341e0b282e5b4d6,americanfootball_nfl,2024-11-05 01:15:00+00:00,Kansas City Chiefs,Tampa Bay Buccaneers,fanduel,FanDuel,2024-11-05T00:40:35Z,player_rush_yds,2024-11-05T00:40:58Z,Bucky Irving,32.5,-110.0,-110,2024-11-04,KC,TB,bucky irving,2024,9,Bucky Irving,TB,RB,0.0,24.0,10.0,3.0,24.0,0,False,-9.0,9.0,45.5,False,True,9.0,-9.0,True,False,False,18.25,2024,9,24.0,-8.5,False,True,0.5238095238095238,0.5238095238095238,0.04761904761904767,20-40,coin_flip,favorite_7_plus,mid_total_42_47,1.9090909090909092,1.9090909090909092,-1.0,0.9090909090909092
2024-11-05T00:45:00Z,2024-11-05T00:40:39Z,2024-11-05T00:35:39Z,2024-11-05T00:45:39Z,8f751d18969af50ec341e0b282e5b4d6,americanfootball_nfl,2024-11-05 01:15:00+00:00,Kansas City Chiefs,Tampa Bay Buccaneers,fanduel,FanDuel,2024-11-05T00:40:35Z,player_rush_yds,2024-11-05T00:40:58Z,Kareem Hunt,65.5,-110.0,-110,2024-11-04,KC,TB,kareem hunt,2024,9,Kareem Hunt,KC,RB,0.0,106.0,11.0,1.0,106.0,1,False,-9.0,9.0,45.5,True,False,-9.0,9.0,False,True,False,27.25,2024,9,106.0,40.5,True,False,0.5238095238095238,0.5238095238095238,0.04761904761904767,60-80,coin_flip,dog_7_plus,mid_total_42_47,1.9090909090909092,1.9090909090909092,0.9090909090909092,-1.0
2024-11-05T00:45:00Z,2024-11-05T00:40:39Z,2024-11-05T00:35:39Z,2024-11-05T00:45:39Z,8f751d18969af50ec341e0b282e5b4d6,americanfootball_nfl,2024-11-05 01:15:00+00:00,Kansas City Chiefs,Tampa Bay Buccaneers,fanduel,FanDuel,2024-11-05T00:40:35Z,player_rush_yds,2024-11-05T00:40:58Z,Rachaad White,27.5,-110.0,-110,2024-11-04,KC,TB,rachaad white,2024,9,Rachaad White,TB,RB,0.0,19.0,16.0,3.0,19.0,0,False,-9.0,9.0,45.5,False,True,9.0,-9.0,True,False,False,18.25,2024,9,19.0,-8.5,False,True,0.5238095238095238,0.5238095238095238,0.04761904761904767,20-40,coin_flip,favorite_7_plus,mid_total_42_47,1.9090909090909092,1.9090909090909092,-1.0,0.9090909090909092
2024-11-05T00:45:00Z,2024-11-05T00:40:39Z,2024-11-05T00:35:39Z,2024-11-05T00:45:39Z,8f751d18969af50ec341e0b282e5b4d6,americanfootball_nfl,2024-11-05 01:15:00+00:00,Kansas City Chiefs,Tampa Bay Buccaneers,fanduel,FanDuel,2024-11-05T00:40:35Z,player_rush_yds,2024-11-05T00:40:58Z,Patrick Mahomes,18.5,-110.0,-110,2024-11-04,KC,TB,patrick mahomes,2024,9,Patrick Mahomes,KC,QB,291.0,9.0,0.0,0.0,9.0,0,False,-9.0,9.0,45.5,True,False,-9.0,9.0,False,True,False,27.25,2024,9,9.0,-9.5,False,True,0.5238095238095238,0.5238095238095238,0.04761904761904767,<20,coin_flip,dog_7_plus,mid_total_42_47,1.9090909090909092,1.9090909090909092,-1.0,0.9090909090909092
2024-11-05T00:45:00Z,2024-11-05T00:40:39Z,2024-11-05T00:35:39Z,2024-11-05T00:45:39Z,8f751d18969af50ec341e0b282e5b4d6,americanfootball_nfl,2024-11-05 01:15:00+00:00,Kansas City Chiefs,Tampa Bay Buccaneers,fanduel,FanDuel,2024-11-05T00:40:35Z,player_rush_yds,2024-11-05T00:40:58Z,Sean Tucker,6.5,-110.0,-110,2024-11-04,KC,TB,sean tucker,2024,9,Sean Tucker,TB,RB,0.0,11.0,6.0,1.0,11.0,1,False,-9.0,9.0,45.5,False,True,9.0,-9.0,True,False,False,18.25,2024,9,11.0,4.5,True,False,0.5238095238095238,0.5238095238095238,0.04761904761904767,<20,coin_flip,favorite_7_plus,mid_total_42_47,1.9090909090909092,1.9090909090909092,0.9090909090909092,-1.0
2024-11-05T00:45:00Z,2024-11-05T00:40:39Z,2024-11-05T00:35:39Z,2024-11-05T00:45:39Z,8f751d18969af50ec341e0b282e5b4d6,americanfootball_nfl,2024-11-05 01:15:00+00:00,Kansas City Chiefs,Tampa Bay Buccaneers,fanduel,FanDuel,2024-11-05T00:40:35Z,player_rush_yds,2024-11-05T00:40:58Z,Carson Steele,12.5,-110.0,-110,2024-11-04,KC,TB,carson steele,2024,9,Carson Steele,KC,RB,0.0,9.0,0.0,0.0,9.0,0,False,-9.0,9.0,45.5,True,False,-9.0,9.0,False,True,False,27.25,2024,9,9.0,-3.5,False,True,0.5238095238095238,0.5238095238095238,0.04761904761904767,<20,coin_flip,dog_7_plus,mid_total_42_47,1.9090909090909092,1.9090909090909092,-1.0,0.9090909090909092
2024-11-10T14:00:00Z,2024-11-10T13:55:37Z,2024-11-10T13:50:37Z,2024-11-10T14:00:37Z,9016850451d9e4190ec1bd178dac4849,americanfootball_nfl,2024-11-10 14:30:00+00:00,Carolina Panthers,New York Giants,fanduel,FanDuel,2024-11-10T13:55:10Z,player_rush_yds,2024-11-10T13:55:04Z,Chuba Hubbard,69.5,-110.0,-110,2024-11-10,CAR,NYG,chuba hubbard,2024,10,Chuba Hubbard,CAR,RB,0.0,153.0,16.0,4.0,153.0,1,False,6.5,-6.5,40.5,True,False,6.5,-6.5,True,False,False,17.0,2024,10,153.0,83.5,True,False,0.5238095238095238,0.5238095238095238,0.04761904761904767,60-80,coin_flip,favorite_3_to_7,low_total_<42,1.9090909090909092,1.9090909090909092,0.9090909090909092,-1.0
2024-11-10T14:00:00Z,2024-11-10T13:55:37Z,2024-11-10T13:50:37Z,2024-11-10T14:00:37Z,9016850451d9e4190ec1bd178dac4849,americanfootball_nfl,2024-11-10 14:30:00+00:00,Carolina Panthers,New York Giants,fanduel,FanDuel,2024-11-10T13:55:10Z,player_rush_yds,2024-11-10T13:55:04Z,Daniel Jones,25.5,-110.0,-110,2024-11-10,CAR,NYG,daniel jones,2024,10,Daniel Jones,NYG,QB,190.0,26.0,0.0,0.0,26.0,1,False,6.5,-6.5,40.5,False,True,-6.5,6.5,False,True,False,23.5,2024,10,26.0,0.5,True,False,0.5238095238095238,0.5238095238095238,0.04761904761904767,20-40,coin_flip,dog_3_to_7,low_total_<42,1.9090909090909092,1.9090909090909092,0.9090909090909092,-1.0
2024-11-10T14:00:00Z,2024-11-10T13:55:37Z,2024-11-10T13:50:37Z,2024-11-10T14:00:37Z,9016850451d9e4190ec1bd178dac4849,americanfootball_nfl,2024-11-10 14:30:00+00:00,Carolina Panthers,New York Giants,fanduel,FanDuel,2024-11-10T13:55:10Z,player_rush_yds,2024-11-10T13:55:04Z,Bryce Young,9.5,-110.0,-110,2024-11-10,CAR,NYG,bryce young,2024,10,Bryce Young,CAR,QB,126.0,30.0,0.0,0.0,30.0,1,False,6.5,-6.5,40.5,True,False,6.5,-6.5,True,False,False,17.0,2024,10,30.0,20.5,True,False,0.5238095238095238,0.5238095238095238,0.04761904761904767,<20,coin_flip,favorite_3_to_7,low_total_<42,1.9090909090909092,1.9090909090909092,0.9090909090909092,-1.0
2024-11-10T14:00:00Z,2024-11-10T13:55:37Z,2024-11-10T13:50:37Z,2024-11-10T14:00:37Z,9016850451d9e4190ec1bd178dac4849,americanfootball_nfl,2024-11-10 14:30:00+00:00,Carolina Panthers,New York Giants,fanduel,FanDuel,2024-11-10T13:55:10Z,player_rush_yds,2024-11-10T13:55:04Z,Tyrone Tracy Jr.,73.5,-110.0,-110,2024-11-10,CAR,NYG,tyrone tracy,2024,10,Tyrone Tracy,NYG,RB,0.0,103.0,1.0,1.0,103.0,1,False,6.5,-6.5,40.5,False,True,-6.5,6.5,False,True,False,23.5,2024,10,103.0,29.5,True,False,0.5238095238095238,0.5238095238095238,0.04761904761904767,60-80,coin_flip,dog_3_to_7,low_total_<42,1.9090909090909092,1.9090909090909092,0.9090909090909092,-1.0
2024-11-10T17:30:00Z,2024-11-10T17:25:37Z,2024-11-10T17:20:37Z,2024-11-10T17:30:37Z,a6383a73f7e6937fcdc376b50d4dc510,americanfootball_nfl,2024-11-10 18:00:00+00:00,New Orleans Saints,Atlanta Falcons,fanduel,FanDuel,2024-11-10T17:25:09Z,player_rush_yds,2024-11-10T17:24:41Z,Taysom Hill,24.5,-110.0,-110,2024-11-10,NO,ATL,taysom hill,2024,10,Taysom Hill,NO,TE,0.0,14.0,36.0,2.0,14.0,0,False,3.5,-3.5,46.5,True,False,3.5,-3.5,True,False,False,21.5,2024,10,14.0,-10.5,False,True,0.5238095238095238,0.5238095238095238,0.04761904761904767,20-40,coin_flip,favorite_3_to_7,mid_total_42_47,1.9090909090909092,1.9090909090909092,-1.0,0.9090909090909092
2024-11-10T17:30:00Z,2024-11-10T17:25:37Z,2024-11-10T17:20:37Z,2024-11-10T17:30:37Z,a6383a73f7e6937fcdc376b50d4dc510,americanfootball_nfl,2024-11-10 18:00:00+00:00,New Orleans Saints,Atlanta Falcons,fanduel,FanDuel,2024-11-10T17:25:09Z,player_rush_yds,2024-11-10T17:24:41Z,Alvin Kamara,70.5,-110.0,-110,2024-11-10,NO,ATL,alvin kamara,2024,10,Alvin Kamara,NO,RB,0.0,55.0,54.0,5.0,55.0,0,False,3.5,-3.5,46.5,True,False,3.5,-3.5,True,False,False,21.5,2024,10,55.0,-15.5,False,True,0.5238095238095238,0.5238095238095238,0.04761904761904767,60-80,coin_flip,favorite_3_to_7,mid_total_42_47,1.9090909090909092,1.9090909090909092,-1.0,0.9090909090909092
2024-11-10T17:30:00Z,2024-11-10T17:25:37Z,2024-11-10T17:20:37Z,2024-11-10T17:30:37Z,a6383a73f7e6937fcdc376b50d4dc510,americanfootball_nfl,2024-11-10 18:00:00+00:00,New Orleans Saints,Atlanta Falcons,fanduel,FanDuel,2024-11-10T17:25:09Z,player_rush_yds,2024-11-10T17:24:41Z,Tyler Allgeier,35.5,-110.0,-110,2024-11-10,NO,ATL,tyler allgeier,2024,10,Tyler Allgeier,ATL,RB,0.0,59.0,0.0,0.0,59.0,1,False,3.5,-3.5,46.5,False,True,-3.5,3.5,False,True,False,25.0,2024,10,59.0,23.5,True,False,0.5238095238095238,0.5238095238095238,0.04761904761904767,20-40,coin_flip,dog_3_to_7,mid_total_42_47,1.9090909090909092,1.9090909090909092,0.9090909090909092,-1.0
2024-11-10T17:30:00Z,2024-11-10T17:25:37Z,2024-11-10T17:20:37Z,2024-11-10T17:30:37Z,a6383a73f7e6937fcdc376b50d4dc510,americanfootball_nfl,2024-11-10 18:00:00+00:00,New Orleans Saints,Atlanta Falcons,fanduel,FanDuel,2024-11-10T17:25:09Z,player_rush_yds,2024-11-10T17:24:41Z,Bijan Robinson,71.5,-110.0,-110,2024-11-10,NO,ATL,bijan robinson,2024,10,Bijan Robinson,ATL,RB,0.0,116.0,28.0,3.0,116.0,1,False,3.5,-3.5,46.5,False,True,-3.5,3.5,False,True,False,25.0,2024,10,116.0,44.5,True,False,0.5238095238095238,0.5238095238095238,0.04761904761904767,60-80,coin_flip,dog_3_to_7,mid_total_42_47,1.9090909090909092,1.9090909090909092,0.9090909090909092,-1.0
2024-11-10T17:30:00Z,2024-11-10T17:25:37Z,2024-11-10T17:20:37Z,2024-11-10T17:30:37Z,80899c1a82df27832eff9206d9c2ab1b,americanfootball_nfl,2024-11-10 18:00:00+00:00,Indianapolis Colts,Buffalo Bills,fanduel,FanDuel,2024-11-10T17:25:09Z,player_rush_yds,2024-11-10T17:25:36Z,Josh Allen,24.5,-110.0,-110,2024-11-10,IND,BUF,josh allen,2024,10,Josh Allen,BUF,QB,280.0,50.0,0.0,0.0,50.0,1,False,4.5,-4.5,46.5,False,True,-4.5,4.5,False,True,False,25.5,2024,10,50.0,25.5,True,False,0.5238095238095238,0.5238095238095238,0.04761904761904767,20-40,coin_flip,dog_3_to_7,mid_total_42_47,1.9090909090909092,1.9090909090909092,0.9090909090909092,-1.0
2024-11-10T17:30:00Z,2024-11-10T17:25:37Z,2024-11-10T17:20:37Z,2024-11-10T17:30:37Z,80899c1a82df27832eff9206d9c2ab1b,americanfootball_nfl,2024-11-10 18:00:00+00:00,Indianapolis Colts,Buffalo Bills,fanduel,FanDuel,2024-11-10T17:25:09Z,player_rush_yds,2024-11-10T17:25:36Z,James Cook,65.5,-110.0,-110,2024-11-10,IND,BUF,james cook,2024,10,James Cook,BUF,RB,0.0,80.0,5.0,1.0,80.0,1,False,4.5,-4.5,46.5,False,True,-4.5,4.5,False,True,False,25.5,2024,10,80.0,14.5,True,False,0.5238095238095238,0.5238095238095238,0.04761904761904767,60-80,coin_flip,dog_3_to_7,mid_total_42_47,1.9090909090909092,1.9090909090909092,0.9090909090909092,-1.0
2024-11-10T17:30:00Z,2024-11-10T17:25:37Z,2024-11-10T17:20:37Z,2024-11-10T17:30:37Z,80899c1a82df27832eff9206d9c2ab1b,americanfootball_nfl,2024-11-10 18:00:00+00:00,Indianapolis Colts,Buffalo Bills,fanduel,FanDuel,2024-11-10T17:25:09Z,player_rush_yds,2024-11-10T17:25:36Z,Jonathan Taylor,80.5,-110.0,-110,2024-11-10,IND,BUF,jonathan taylor,2024,10,Jonathan Taylor,IND,RB,0.0,114.0,8.0,2.0,114.0,1,False,4.5,-4.5,46.5,True,False,4.5,-4.5,True,False,False,21.0,2024,10,114.0,33.5,True,False,0.5238095238095238,0.5238095238095238,0.04761904761904767,80+,coin_flip,favorite_3_to_7,mid_total_42_47,1.9090909090909092,1.9090909090909092,0.9090909090909092,-1.0
2024-11-10T17:30:00Z,2024-11-10T17:25:37Z,2024-11-10T17:20:37Z,2024-11-10T17:30:37Z,80899c1a82df27832eff9206d9c2ab1b,americanfootball_nfl,2024-11-10 18:00:00+00:00,Indianapolis Colts,Buffalo Bills,fanduel,FanDuel,2024-11-10T17:25:09Z,player_rush_yds,2024-11-10T17:25:36Z,Ray Davis,21.5,-110.0,-110,2024-11-10,IND,BUF,ray davis,2024,10,Ray Davis,BUF,RB,0.0,6.0,0.0,0.0,6.0,0,False,4.5,-4.5,46.5,False,True,-4.5,4.5,False,True,False,25.5,2024,10,6.0,-15.5,False,True,0.5238095238095238,0.5238095238095238,0.04761904761904767,20-40,coin_flip,dog_3_to_7,mid_total_42_47,1.9090909090909092,1.9090909090909092,-1.0,0.9090909090909092
2024-11-10T17:30:00Z,2024-11-10T17:25:37Z,2024-11-10T17:20:37Z,2024-11-10T17:30:37Z,c885c70be6b073f94096eb0db2a27c3c,americanfootball_nfl,2024-11-10 18:00:00+00:00,Chicago Bears,New England Patriots,fanduel,FanDuel,2024-11-10T17:25:09Z,player_rush_yds,2024-11-10T17:25:08Z,Caleb Williams,20.5,-110.0,-110,2024-11-10,CHI,NE,caleb williams,2024,10,Caleb Williams,CHI,QB,120.0,15.0,0.0,0.0,15.0,0,False,-6.5,6.5,37.5,True,False,-6.5,6.5,False,True,False,22.0,2024,10,15.0,-5.5,False,True,0.5238095238095238,0.5238095238095238,0.04761904761904767,20-40,coin_flip,dog_3_to_7,low_total_<42,1.9090909090909092,1.9090909090909092,-1.0,0.9090909090909092
2024-11-10T17:30:00Z,2024-11-10T17:25:37Z,2024-11-10T17:20:37Z,2024-11-10T17:30:37Z,c885c70be6b073f94096eb0db2a27c3c,americanfootball_nfl,2024-11-10 18:00:00+00:00,Chicago Bears,New England Patriots,fanduel,FanDuel,2024-11-10T17:25:09Z,player_rush_yds,2024-11-10T17:25:08Z,D'Andre Swift,73.5,-110.0,-110,2024-11-10,CHI,NE,dandre swift,2024,10,D'Andre Swift,CHI,RB,0.0,59.0,6.0,1.0,59.0,0,False,-6.5,6.5,37.5,True,False,-6.5,6.5,False,True,False,22.0,2024,10,59.0,-14.5,False,True,0.5238095238095238,0.5238095238095238,0.04761904761904767,60-80,coin_flip,dog_3_to_7,low_total_<42,1.9090909090909092,1.9090909090909092,-1.0,0.9090909090909092
2024-11-10T17:30:00Z,2024-11-10T17:25:37Z,2024-11-10T17:20:37Z,2024-11-10T17:30:37Z,c885c70be6b073f94096eb0db2a27c3c,americanfootball_nfl,2024-11-10 18:00:00+00:00,Chicago Bears,New England Patriots,fanduel,FanDuel,2024-11-10T17:25:09Z,player_rush_yds,2024-11-10T17:25:08Z,Rhamondre Stevenson,56.5,-110.0,-110,2024-11-10,CHI,NE,rhamondre stevenson,2024,10,Rhamondre Stevenson,NE,RB,0.0,74.0,3.0,1.0,74.0,1,False,-6.5,6.5,37.5,False,True,6.5,-6.5,True,False,False,15.5,2024,10,74.0,17.5,True,False,0.5238095238095238,0.5238095238095238,0.04761904761904767,40-60,coin_flip,favorite_3_to_7,low_total_<42,1.9090909090909092,1.9090909090909092,0.9090909090909092,-1.0
2024-11-10T17:30:00Z,2024-11-10T17:25:37Z,2024-11-10T17:20:37Z,2024-11-10T17:30:37Z,c885c70be6b073f94096eb0db2a27c3c,americanfootball_nfl,2024-11-10 18:00:00+00:00,Chicago Bears,New England Patriots,fanduel,FanDuel,2024-11-10T17:25:09Z,player_rush_yds,2024-11-10T17:25:08Z,Drake Maye,31.5,-110.0,-110,2024-11-10,CHI,NE,drake maye,2024,10,Drake Maye,NE,QB,184.0,24.0,0.0,0.0,24.0,0,False,-6.5,6.5,37.5,False,True,6.5,-6.5,True,False,False,15.5,2024,10,24.0,-7.5,False,True,0.5238095238095238,0.5238095238095238,0.04761904761904767,20-40,coin_flip,favorite_3_to_7,low_total_<42,1.9090909090909092,1.9090909090909092,-1.0,0.9090909090909092
2024-11-10T17:30:00Z,2024-11-10T17:25:37Z,2024-11-10T17:20:37Z,2024-11-10T17:30:37Z,d4901034c9f4ee931bc6971a4b089209,americanfootball_nfl,2024-11-10 18:00:00+00:00,Kansas City Chiefs,Denver Broncos,fanduel,FanDuel,2024-11-10T17:25:09Z,player_rush_yds,2024-11-10T17:25:05Z,Kareem Hunt,74.5,-110.0,-110,2024-11-10,KC,DEN,kareem hunt,2024,10,Kareem Hunt,KC,RB,0.0,35.0,65.0,7.0,35.0,0,False,-7.5,7.5,42.5,True,False,-7.5,7.5,False,True,False,25.0,2024,10,35.0,-39.5,False,True,0.5238095238095238,0.5238095238095238,0.04761904761904767,60-80,coin_flip,dog_7_plus,mid_total_42_47,1.9090909090909092,1.9090909090909092,-1.0,0.9090909090909092
2024-11-10T17:30:00Z,2024-11-10T17:25:37Z,2024-11-10T17:20:37Z,2024-11-10T17:30:37Z,d4901034c9f4ee931bc6971a4b089209,americanfootball_nfl,2024-11-10 18:00:00+00:00,Kansas City Chiefs,Denver Broncos,fanduel,FanDuel,2024-11-10T17:25:09Z,player_rush_yds,2024-11-10T17:25:05Z,Bo Nix,26.5,-110.0,-110,2024-11-10,KC,DEN,bo nix,2024,10,Bo Nix,DEN,QB,215.0,-5.0,0.0,0.0,-5.0,0,False,-7.5,7.5,42.5,False,True,7.5,-7.5,True,False,False,17.5,2024,10,-5.0,-31.5,False,True,0.5238095238095238,0.5238095238095238,0.04761904761904767,20-40,coin_flip,favorite_7_plus,mid_total_42_47,1.9090909090909092,1.9090909090909092,-1.0,0.9090909090909092
2024-11-10T17:30:00Z,2024-11-10T17:25:37Z,2024-11-10T17:20:37Z,2024-11-10T17:30:37Z,d4901034c9f4ee931bc6971a4b089209,americanfootball_nfl,2024-11-10 18:00:00+00:00,Kansas City Chiefs,Denver Broncos,fanduel,FanDuel,2024-11-10T17:25:09Z,player_rush_yds,2024-11-10T17:25:05Z,Javonte Williams,34.5,-110.0,-110,2024-11-10,KC,DEN,javonte williams,2024,10,Javonte Williams,DEN,RB,0.0,1.0,6.0,2.0,1.0,0,False,-7.5,7.5,42.5,False,True,7.5,-7.5,True,False,False,17.5,2024,10,1.0,-33.5,False,True,0.5238095238095238,0.5238095238095238,0.04761904761904767,20-40,coin_flip,favorite_7_plus,mid_total_42_47,1.9090909090909092,1.9090909090909092,-1.0,0.9090909090909092
2024-11-10T17:30:00Z,2024-11-10T17:25:37Z,2024-11-10T17:20:37Z,2024-11-10T17:30:37Z,d4901034c9f4ee931bc6971a4b089209,americanfootball_nfl,2024-11-10 18:00:00+00:00,Kansas City Chiefs,Denver Broncos,fanduel,FanDuel,2024-11-10T17:25:09Z,player_rush_yds,2024-11-10T17:25:05Z,Patrick Mahomes,16.5,-110.0,-110,2024-11-10,KC,DEN,patrick mahomes,2024,10,Patrick Mahomes,KC,QB,266.0,19.0,0.0,0.0,19.0,1,False,-7.5,7.5,42.5,True,False,-7.5,7.5,False,True,False,25.0,2024,10,19.0,2.5,True,False,0.5238095238095238,0.5238095238095238,0.04761904761904767,<20,coin_flip,dog_7_plus,mid_total_42_47,1.9090909090909092,1.9090909090909092,0.9090909090909092,-1.0
2024-11-10T17:30:00Z,2024-11-10T17:25:37Z,2024-11-10T17:20:37Z,2024-11-10T17:30:37Z,a59741270a5f21dfb288838acf98537b,americanfootball_nfl,2024-11-10 18:00:00+00:00,Jacksonville Jaguars,Minnesota Vikings,fanduel,FanDuel,2024-11-10T17:25:09Z,player_rush_yds,2024-11-10T17:25:09Z,Travis Etienne Jr.,27.5,-110.0,-110,2024-11-10,JAX,MIN,travis etienne,2024,10,Travis Etienne,JAX,RB,0.0,44.0,-1.0,1.0,44.0,1,False,7.0,-7.0,42.5,True,False,7.0,-7.0,True,False,False,17.75,2024,10,44.0,16.5,True,False,0.5238095238095238,0.5238095238095238,0.04761904761904767,20-40,coin_flip,favorite_3_to_7,mid_total_42_47,1.9090909090909092,1.9090909090909092,0.9090909090909092,-1.0
2024-11-10T17:30:00Z,2024-11-10T17:25:37Z,2024-11-10T17:20:37Z,2024-11-10T17:30:37Z,a59741270a5f21dfb288838acf98537b,americanfootball_nfl,2024-11-10 18:00:00+00:00,Jacksonville Jaguars,Minnesota Vikings,fanduel,FanDuel,2024-11-10T17:25:09Z,player_rush_yds,2024-11-10T17:25:09Z,Tank Bigsby,40.5,-110.0,-110,2024-11-10,JAX,MIN,tank bigsby,2024,10,Tank Bigsby,JAX,RB,0.0,4.0,0.0,0.0,4.0,0,False,7.0,-7.0,42.5,True,False,7.0,-7.0,True,False,False,17.75,2024,10,4.0,-36.5,False,True,0.5238095238095238,0.5238095238095238,0.04761904761904767,40-60,coin_flip,favorite_3_to_7,mid_total_42_47,1.9090909090909092,1.9090909090909092,-1.0,0.9090909090909092
2024-11-10T17:30:00Z,2024-11-10T17:25:37Z,2024-11-10T17:20:37Z,2024-11-10T17:30:37Z,a59741270a5f21dfb288838acf98537b,americanfootball_nfl,2024-11-10 18:00:00+00:00,Jacksonville Jaguars,Minnesota Vikings,fanduel,FanDuel,2024-11-10T17:25:09Z,player_rush_yds,2024-11-10T17:25:09Z,Sam Darnold,13.5,-110.0,-110,2024-11-10,JAX,MIN,sam darnold,2024,10,Sam Darnold,MIN,QB,241.0,28.0,0.0,0.0,28.0,1,False,7.0,-7.0,42.5,False,True,-7.0,7.0,False,True,False,24.75,2024,10,28.0,14.5,True,False,0.5238095238095238,0.5238095238095238,0.04761904761904767,<20,coin_flip,dog_3_to_7,mid_total_42_47,1.9090909090909092,1.9090909090909092,0.9090909090909092,-1.0
2024-11-10T17:30:00Z,2024-11-10T17:25:37Z,2024-11-10T17:20:37Z,2024-11-10T17:30:37Z,a59741270a5f21dfb288838acf98537b,americanfootball_nfl,2024-11-10 18:00:00+00:00,Jacksonville Jaguars,Minnesota Vikings,fanduel,FanDuel,2024-11-10T17:25:09Z,player_rush_yds,2024-11-10T17:25:09Z,Aaron Jones,70.5,-110.0,-110,2024-11-10,JAX,MIN,aaron jones,2024,10,Aaron Jones,MIN,RB,0.0,88.0,13.0,2.0,88.0,1,False,7.0,-7.0,42.5,False,True,-7.0,7.0,False,True,False,24.75,2024,10,88.0,17.5,True,False,0.5238095238095238,0.5238095238095238,0.04761904761904767,60-80,coin_flip,dog_3_to_7,mid_total_42_47,1.9090909090909092,1.9090909090909092,0.9090909090909092,-1.0
2024-11-10T17:30:00Z,2024-11-10T17:25:37Z,2024-11-10T17:20:37Z,2024-11-10T17:30:37Z,928f8f873c2bf276d0b2a63a8f8941b4,americanfootball_nfl,2024-11-10 18:00:00+00:00,Washington Commanders,Pittsburgh Steelers,fanduel,FanDuel,2024-11-10T17:25:09Z,player_rush_yds,2024-11-10T17:25:10Z,Austin Ekeler,44.5,-110.0,-110,2024-11-10,WAS,PIT,austin ekeler,2024,10,Austin Ekeler,WAS,RB,0.0,44.0,7.0,1.0,44.0,0,False,-1.5,1.5,45.0,True,False,-1.5,1.5,False,True,False,23.25,2024,10,44.0,-0.5,False,True,0.5238095238095238,0.5238095238095238,0.04761904761904767,40-60,coin_flip,dog_0_to_3,mid_total_42_47,1.9090909090909092,1.9090909090909092,-1.0,0.9090909090909092
2024-11-10T17:30:00Z,2024-11-10T17:25:37Z,2024-11-10T17:20:37Z,2024-11-10T17:30:37Z,928f8f873c2bf276d0b2a63a8f8941b4,americanfootball_nfl,2024-11-10 18:00:00+00:00,Washington Commanders,Pittsburgh Steelers,fanduel,FanDuel,2024-11-10T17:25:09Z,player_rush_yds,2024-11-10T17:25:10Z,Russell Wilson,13.5,-110.0,-110,2024-11-10,WAS,PIT,russell wilson,2024,10,Russell Wilson,PIT,QB,195.0,3.0,0.0,0.0,3.0,0,False,-1.5,1.5,45.0,False,True,1.5,-1.5,True,False,False,21.75,2024,10,3.0,-10.5,False,True,0.5238095238095238,0.5238095238095238,0.04761904761904767,<20,coin_flip,favorite_0_to_3,mid_total_42_47,1.9090909090909092,1.9090909090909092,-1.0,0.9090909090909092
2024-11-10T17:30:00Z,2024-11-10T17:25:37Z,2024-11-10T17:20:37Z,2024-11-10T17:30:37Z,928f8f873c2bf276d0b2a63a8f8941b4,americanfootball_nfl,2024-11-10 18:00:00+00:00,Washington Commanders,Pittsburgh Steelers,fanduel,FanDuel,2024-11-10T17:25:09Z,player_rush_yds,2024-11-10T17:25:10Z,Jayden Daniels,44.5,-110.0,-110,2024-11-10,WAS,PIT,jayden daniels,2024,10,Jayden Daniels,WAS,QB,202.0,5.0,0.0,0.0,5.0,0,False,-1.5,1.5,45.0,True,False,-1.5,1.5,False,True,False,23.25,2024,10,5.0,-39.5,False,True,0.5238095238095238,0.5238095238095238,0.04761904761904767,40-60,coin_flip,dog_0_to_3,mid_total_42_47,1.9090909090909092,1.9090909090909092,-1.0,0.9090909090909092
2024-11-10T17:30:00Z,2024-11-10T17:25:37Z,2024-11-10T17:20:37Z,2024-11-10T17:30:37Z,928f8f873c2bf276d0b2a63a8f8941b4,americanfootball_nfl,2024-11-10 18:00:00+00:00,Washington Commanders,Pittsburgh Steelers,fanduel,FanDuel,2024-11-10T17:25:09Z,player_rush_yds,2024-11-10T17:25:10Z,Jaylen Warren,30.5,-110.0,-110,2024-11-10,WAS,PIT,jaylen warren,2024,10,Jaylen Warren,PIT,RB,0.0,66.0,29.0,2.0,66.0,1,False,-1.5,1.5,45.0,False,True,1.5,-1.5,True,False,False,21.75,2024,10,66.0,35.5,True,False,0.5238095238095238,0.5238095238095238,0.04761904761904767,20-40,coin_flip,favorite_0_to_3,mid_total_42_47,1.9090909090909092,1.9090909090909092,0.9090909090909092,-1.0
2024-11-10T17:30:00Z,2024-11-10T17:25:37Z,2024-11-10T17:20:37Z,2024-11-10T17:30:37Z,928f8f873c2bf276d0b2a63a8f8941b4,americanfootball_nfl,2024-11-10 18:00:00+00:00,Washington Commanders,Pittsburgh Steelers,fanduel,FanDuel,2024-11-10T17:25:09Z,player_rush_yds,2024-11-10T17:25:10Z,Najee Harris,67.5,-110.0,-110,2024-11-10,WAS,PIT,najee harris,2024,10,Najee Harris,PIT,RB,0.0,53.0,0.0,0.0,53.0,0,False,-1.5,1.5,45.0,False,True,1.5,-1.5,True,False,False,21.75,2024,10,53.0,-14.5,False,True,0.5238095238095238,0.5238095238095238,0.04761904761904767,60-80,coin_flip,favorite_0_to_3,mid_total_42_47,1.9090909090909092,1.9090909090909092,-1.0,0.9090909090909092
2024-11-10T17:30:00Z,2024-11-10T17:25:37Z,2024-11-10T17:20:37Z,2024-11-10T17:30:37Z,853cc3b59ffe65a55a55d799789bc726,americanfootball_nfl,2024-11-10 18:00:00+00:00,Tampa Bay Buccaneers,San Francisco 49ers,fanduel,FanDuel,2024-11-10T17:25:09Z,player_rush_yds,2024-11-10T17:25:46Z,Jordan Mason,20.5,-110.0,-110,2024-11-10,TB,SF,jordan mason,2024,10,Jordan Mason,SF,RB,0.0,5.0,0.0,0.0,5.0,0,False,6.5,-6.5,50.5,False,True,-6.5,6.5,False,True,False,28.5,2024,10,5.0,-15.5,False,True,0.5238095238095238,0.5238095238095238,0.04761904761904767,20-40,coin_flip,dog_3_to_7,high_total_47_plus,1.9090909090909092,1.9090909090909092,-1.0,0.9090909090909092
2024-11-10T17:30:00Z,2024-11-10T17:25:37Z,2024-11-10T17:20:37Z,2024-11-10T17:30:37Z,853cc3b59ffe65a55a55d799789bc726,americanfootball_nfl,2024-11-10 18:00:00+00:00,Tampa Bay Buccaneers,San Francisco 49ers,fanduel,FanDuel,2024-11-10T17:25:09Z,player_rush_yds,2024-11-10T17:25:46Z,Bucky Irving,34.5,-110.0,-110,2024-11-10,TB,SF,bucky irving,2024,10,Bucky Irving,TB,RB,0.0,73.0,14.0,3.0,73.0,1,False,6.5,-6.5,50.5,True,False,6.5,-6.5,True,False,False,22.0,2024,10,73.0,38.5,True,False,0.5238095238095238,0.5238095238095238,0.04761904761904767,20-40,coin_flip,favorite_3_to_7,high_total_47_plus,1.9090909090909092,1.9090909090909092,0.9090909090909092,-1.0
2024-11-10T17:30:00Z,2024-11-10T17:25:37Z,2024-11-10T17:20:37Z,2024-11-10T17:30:37Z,853cc3b59ffe65a55a55d799789bc726,americanfootball_nfl,2024-11-10 18:00:00+00:00,Tampa Bay Buccaneers,San Francisco 49ers,fanduel,FanDuel,2024-11-10T17:25:09Z,player_rush_yds,2024-11-10T17:25:46Z,Christian McCaffrey,69.5,-110.0,-110,2024-11-10,TB,SF,christian mccaffrey,2024,10,Christian McCaffrey,SF,RB,0.0,39.0,68.0,6.0,39.0,0,False,6.5,-6.5,50.5,False,True,-6.5,6.5,False,True,False,28.5,2024,10,39.0,-30.5,False,True,0.5238095238095238,0.5238095238095238,0.04761904761904767,60-80,coin_flip,dog_3_to_7,high_total_47_plus,1.9090909090909092,1.9090909090909092,-1.0,0.9090909090909092
2024-11-10T17:30:00Z,2024-11-10T17:25:37Z,2024-11-10T17:20:37Z,2024-11-10T17:30:37Z,853cc3b59ffe65a55a55d799789bc726,americanfootball_nfl,2024-11-10 18:00:00+00:00,Tampa Bay Buccaneers,San Francisco 49ers,fanduel,FanDuel,2024-11-10T17:25:09Z,player_rush_yds,2024-11-10T17:25:46Z,Baker Mayfield,16.5,-110.0,-110,2024-11-10,TB,SF,baker mayfield,2024,10,Baker Mayfield,TB,QB,116.0,3.0,0.0,0.0,3.0,0,False,6.5,-6.5,50.5,True,False,6.5,-6.5,True,False,False,22.0,2024,10,3.0,-13.5,False,True,0.5238095238095238,0.5238095238095238,0.04761904761904767,<20,coin_flip,favorite_3_to_7,high_total_47_plus,1.9090909090909092,1.9090909090909092,-1.0,0.9090909090909092
2024-11-10T17:30:00Z,2024-11-10T17:25:37Z,2024-11-10T17:20:37Z,2024-11-10T17:30:37Z,853cc3b59ffe65a55a55d799789bc726,americanfootball_nfl,2024-11-10 18:00:00+00:00,Tampa Bay Buccaneers,San Francisco 49ers,fanduel,FanDuel,2024-11-10T17:25:09Z,player_rush_yds,2024-11-10T17:25:46Z,Brock Purdy,14.5,-110.0,-110,2024-11-10,TB,SF,brock purdy,2024,10,Brock Purdy,SF,QB,353.0,17.0,0.0,0.0,17.0,1,False,6.5,-6.5,50.5,False,True,-6.5,6.5,False,True,False,28.5,2024,10,17.0,2.5,True,False,0.5238095238095238,0.5238095238095238,0.04761904761904767,<20,coin_flip,dog_3_to_7,high_total_47_plus,1.9090909090909092,1.9090909090909092,0.9090909090909092,-1.0
2024-11-10T17:30:00Z,2024-11-10T17:25:37Z,2024-11-10T17:20:37Z,2024-11-10T17:30:37Z,853cc3b59ffe65a55a55d799789bc726,americanfootball_nfl,2024-11-10 18:00:00+00:00,Tampa Bay Buccaneers,San Francisco 49ers,fanduel,FanDuel,2024-11-10T17:25:09Z,player_rush_yds,2024-11-10T17:25:46Z,Rachaad White,24.5,-110.0,-110,2024-11-10,TB,SF,rachaad white,2024,10,Rachaad White,TB,RB,0.0,31.0,39.0,6.0,31.0,1,False,6.5,-6.5,50.5,True,False,6.5,-6.5,True,False,False,22.0,2024,10,31.0,6.5,True,False,0.5238095238095238,0.5238095238095238,0.04761904761904767,20-40,coin_flip,favorite_3_to_7,high_total_47_plus,1.9090909090909092,1.9090909090909092,0.9090909090909092,-1.0
2024-11-10T20:35:00Z,2024-11-10T20:30:37Z,2024-11-10T20:25:37Z,2024-11-10T20:35:37Z,6214d50d3a5b442078f670ff8e08945e,americanfootball_nfl,2024-11-10 21:05:00+00:00,Los Angeles Chargers,Tennessee Titans,fanduel,FanDuel,2024-11-10T20:29:54Z,player_rush_yds,2024-11-10T20:30:24Z,Justin Herbert,9.5,-110.0,-110,2024-11-10,LAC,TEN,justin herbert,2024,10,Justin Herbert,LAC,QB,164.0,32.0,0.0,0.0,32.0,1,False,-8.0,8.0,40.0,True,False,-8.0,8.0,False,True,False,24.0,2024,10,32.0,22.5,True,False,0.5238095238095238,0.5238095238095238,0.04761904761904767,<20,coin_flip,dog_7_plus,low_total_<42,1.9090909090909092,1.9090909090909092,0.9090909090909092,-1.0
2024-11-10T20:35:00Z,2024-11-10T20:30:37Z,2024-11-10T20:25:37Z,2024-11-10T20:35:37Z,6214d50d3a5b442078f670ff8e08945e,americanfootball_nfl,2024-11-10 21:05:00+00:00,Los Angeles Chargers,Tennessee Titans,fanduel,FanDuel,2024-11-10T20:29:54Z,player_rush_yds,2024-11-10T20:30:24Z,Tyjae Spears,21.5,-110.0,-110,2024-11-10,LAC,TEN,tyjae spears,2024,10,Tyjae Spears,TEN,RB,0.0,47.0,4.0,3.0,47.0,1,False,-8.0,8.0,40.0,False,True,8.0,-8.0,True,False,False,16.0,2024,10,47.0,25.5,True,False,0.5238095238095238,0.5238095238095238,0.04761904761904767,20-40,coin_flip,favorite_7_plus,low_total_<42,1.9090909090909092,1.9090909090909092,0.9090909090909092,-1.0
2024-11-10T20:35:00Z,2024-11-10T20:30:37Z,2024-11-10T20:25:37Z,2024-11-10T20:35:37Z,6214d50d3a5b442078f670ff8e08945e,americanfootball_nfl,2024-11-10 21:05:00+00:00,Los Angeles Chargers,Tennessee Titans,fanduel,FanDuel,2024-11-10T20:29:54Z,player_rush_yds,2024-11-10T20:30:24Z,J.K. Dobbins,57.5,-110.0,-110,2024-11-10,LAC,TEN,jk dobbins,2024,10,J.K. Dobbins,LAC,RB,0.0,50.0,5.0,3.0,50.0,0,False,-8.0,8.0,40.0,True,False,-8.0,8.0,False,True,False,24.0,2024,10,50.0,-7.5,False,True,0.5238095238095238,0.5238095238095238,0.04761904761904767,40-60,coin_flip,dog_7_plus,low_total_<42,1.9090909090909092,1.9090909090909092,-1.0,0.9090909090909092
2024-11-10T20:35:00Z,2024-11-10T20:30:37Z,2024-11-10T20:25:37Z,2024-11-10T20:35:37Z,6214d50d3a5b442078f670ff8e08945e,americanfootball_nfl,2024-11-10 21:05:00+00:00,Los Angeles Chargers,Tennessee Titans,fanduel,FanDuel,2024-11-10T20:29:54Z,player_rush_yds,2024-11-10T20:30:24Z,Tony Pollard,55.5,-110.0,-110,2024-11-10,LAC,TEN,tony pollard,2024,10,Tony Pollard,TEN,RB,0.0,44.0,19.0,4.0,44.0,0,False,-8.0,8.0,40.0,False,True,8.0,-8.0,True,False,False,16.0,2024,10,44.0,-11.5,False,True,0.5238095238095238,0.5238095238095238,0.04761904761904767,40-60,coin_flip,favorite_7_plus,low_total_<42,1.9090909090909092,1.9090909090909092,-1.0,0.9090909090909092
2024-11-10T20:35:00Z,2024-11-10T20:30:37Z,2024-11-10T20:25:37Z,2024-11-10T20:35:37Z,6214d50d3a5b442078f670ff8e08945e,americanfootball_nfl,2024-11-10 21:05:00+00:00,Los Angeles Chargers,Tennessee Titans,fanduel,FanDuel,2024-11-10T20:29:54Z,player_rush_yds,2024-11-10T20:30:24Z,Gus Edwards,15.5,-110.0,-110,2024-11-10,LAC,TEN,gus edwards,2024,10,Gus Edwards,LAC,RB,0.0,55.0,0.0,0.0,55.0,1,False,-8.0,8.0,40.0,True,False,-8.0,8.0,False,True,False,24.0,2024,10,55.0,39.5,True,False,0.5238095238095238,0.5238095238095238,0.04761904761904767,<20,coin_flip,dog_7_plus,low_total_<42,1.9090909090909092,1.9090909090909092,0.9090909090909092,-1.0
2024-11-10T20:35:00Z,2024-11-10T20:30:37Z,2024-11-10T20:25:37Z,2024-11-10T20:35:37Z,6214d50d3a5b442078f670ff8e08945e,americanfootball_nfl,2024-11-10 21:05:00+00:00,Los Angeles Chargers,Tennessee Titans,fanduel,FanDuel,2024-11-10T20:29:54Z,player_rush_yds,2024-11-10T20:30:24Z,Will Levis,13.5,-110.0,-110,2024-11-10,LAC,TEN,will levis,2024,10,Will Levis,TEN,QB,175.0,41.0,0.0,0.0,41.0,1,False,-8.0,8.0,40.0,False,True,8.0,-8.0,True,False,False,16.0,2024,10,41.0,27.5,True,False,0.5238095238095238,0.5238095238095238,0.04761904761904767,<20,coin_flip,favorite_7_plus,low_total_<42,1.9090909090909092,1.9090909090909092,0.9090909090909092,-1.0
2024-11-10T20:55:00Z,2024-11-10T20:50:37Z,2024-11-10T20:45:37Z,2024-11-10T20:55:37Z,1c2195dfc898e85136f4d40b4ac512fb,americanfootball_nfl,2024-11-10 21:25:00+00:00,Arizona Cardinals,New York Jets,fanduel,FanDuel,2024-11-10T20:50:07Z,player_rush_yds,2024-11-10T20:50:37Z,Breece Hall,65.5,-110.0,-110,2024-11-10,ARI,NYJ,breece hall,2024,10,Breece Hall,NYJ,RB,0.0,52.0,31.0,4.0,52.0,0,False,2.0,-2.0,45.5,False,True,-2.0,2.0,False,True,False,23.75,2024,10,52.0,-13.5,False,True,0.5238095238095238,0.5238095238095238,0.04761904761904767,60-80,coin_flip,dog_0_to_3,mid_total_42_47,1.9090909090909092,1.9090909090909092,-1.0,0.9090909090909092
2024-11-10T20:55:00Z,2024-11-10T20:50:37Z,2024-11-10T20:45:37Z,2024-11-10T20:55:37Z,1c2195dfc898e85136f4d40b4ac512fb,americanfootball_nfl,2024-11-10 21:25:00+00:00,Arizona Cardinals,New York Jets,fanduel,FanDuel,2024-11-10T20:50:07Z,player_rush_yds,2024-11-10T20:50:37Z,Kyler Murray,29.5,-110.0,-110,2024-11-10,ARI,NYJ,kyler murray,2024,10,Kyler Murray,ARI,QB,266.0,21.0,0.0,0.0,21.0,0,False,2.0,-2.0,45.5,True,False,2.0,-2.0,True,False,False,21.75,2024,10,21.0,-8.5,False,True,0.5238095238095238,0.5238095238095238,0.04761904761904767,20-40,coin_flip,favorite_0_to_3,mid_total_42_47,1.9090909090909092,1.9090909090909092,-1.0,0.9090909090909092
2024-11-10T20:55:00Z,2024-11-10T20:50:37Z,2024-11-10T20:45:37Z,2024-11-10T20:55:37Z,1c2195dfc898e85136f4d40b4ac512fb,americanfootball_nfl,2024-11-10 21:25:00+00:00,Arizona Cardinals,New York Jets,fanduel,FanDuel,2024-11-10T20:50:07Z,player_rush_yds,2024-11-10T20:50:37Z,James Conner,76.5,-110.0,-110,2024-11-10,ARI,NYJ,james conner,2024,10,James Conner,ARI,RB,0.0,33.0,80.0,5.0,33.0,0,False,2.0,-2.0,45.5,True,False,2.0,-2.0,True,False,False,21.75,2024,10,33.0,-43.5,False,True,0.5238095238095238,0.5238095238095238,0.04761904761904767,60-80,coin_flip,favorite_0_to_3,mid_total_42_47,1.9090909090909092,1.9090909090909092,-1.0,0.9090909090909092
2024-11-10T20:55:00Z,2024-11-10T20:50:37Z,2024-11-10T20:45:37Z,2024-11-10T20:55:37Z,1c2195dfc898e85136f4d40b4ac512fb,americanfootball_nfl,2024-11-10 21:25:00+00:00,Arizona Cardinals,New York Jets,fanduel,FanDuel,2024-11-10T20:50:07Z,player_rush_yds,2024-11-10T20:50:37Z,Braelon Allen,18.5,-110.0,-110,2024-11-10,ARI,NYJ,braelon allen,2024,10,Braelon Allen,NYJ,RB,0.0,27.0,7.0,1.0,27.0,1,False,2.0,-2.0,45.5,False,True,-2.0,2.0,False,True,False,23.75,2024,10,27.0,8.5,True,False,0.5238095238095238,0.5238095238095238,0.04761904761904767,<20,coin_flip,dog_0_to_3,mid_total_42_47,1.9090909090909092,1.9090909090909092,0.9090909090909092,-1.0
2024-11-11T00:50:00Z,2024-11-11T00:45:37Z,2024-11-11T00:40:37Z,2024-11-11T00:50:37Z,e27b5c11ba461a77a8e7773b2ea30238,americanfootball_nfl,2024-11-11 01:20:00+00:00,Houston Texans,Detroit Lions,fanduel,FanDuel,2024-11-11T00:45:18Z,player_rush_yds,2024-11-11T00:44:50Z,Jameson Williams,1.5,-110.0,-110,2024-11-10,HOU,DET,jameson williams,2024,10,Jameson Williams,DET,WR,0.0,0.0,53.0,3.0,0.0,0,False,4.5,-4.5,49.0,False,True,-4.5,4.5,False,True,False,26.75,2024,10,0.0,-1.5,False,True,0.5238095238095238,0.5238095238095238,0.04761904761904767,<20,coin_flip,dog_3_to_7,high_total_47_plus,1.9090909090909092,1.9090909090909092,-1.0,0.9090909090909092
2024-11-11T00:50:00Z,2024-11-11T00:45:37Z,2024-11-11T00:40:37Z,2024-11-11T00:50:37Z,e27b5c11ba461a77a8e7773b2ea30238,americanfootball_nfl,2024-11-11 01:20:00+00:00,Houston Texans,Detroit Lions,fanduel,FanDuel,2024-11-11T00:45:18Z,player_rush_yds,2024-11-11T00:44:50Z,C.J. Stroud,15.5,-110.0,-110,2024-11-10,HOU,DET,cj stroud,2024,10,C.J. Stroud,HOU,QB,232.0,5.0,0.0,0.0,5.0,0,False,4.5,-4.5,49.0,True,False,4.5,-4.5,True,False,False,22.25,2024,10,5.0,-10.5,False,True,0.5238095238095238,0.5238095238095238,0.04761904761904767,<20,coin_flip,favorite_3_to_7,high_total_47_plus,1.9090909090909092,1.9090909090909092,-1.0,0.9090909090909092
2024-11-11T00:50:00Z,2024-11-11T00:45:37Z,2024-11-11T00:40:37Z,2024-11-11T00:50:37Z,e27b5c11ba461a77a8e7773b2ea30238,americanfootball_nfl,2024-11-11 01:20:00+00:00,Houston Texans,Detroit Lions,fanduel,FanDuel,2024-11-11T00:45:18Z,player_rush_yds,2024-11-11T00:44:50Z,Joe Mixon,76.5,-110.0,-110,2024-11-10,HOU,DET,joe mixon,2024,10,Joe Mixon,HOU,RB,0.0,46.0,44.0,2.0,46.0,0,False,4.5,-4.5,49.0,True,False,4.5,-4.5,True,False,False,22.25,2024,10,46.0,-30.5,False,True,0.5238095238095238,0.5238095238095238,0.04761904761904767,60-80,coin_flip,favorite_3_to_7,high_total_47_plus,1.9090909090909092,1.9090909090909092,-1.0,0.9090909090909092
2024-11-11T00:50:00Z,2024-11-11T00:45:37Z,2024-11-11T00:40:37Z,2024-11-11T00:50:37Z,e27b5c11ba461a77a8e7773b2ea30238,americanfootball_nfl,2024-11-11 01:20:00+00:00,Houston Texans,Detroit Lions,fanduel,FanDuel,2024-11-11T00:45:18Z,player_rush_yds,2024-11-11T00:44:50Z,David Montgomery,55.5,-110.0,-110,2024-11-10,HOU,DET,david montgomery,2024,10,David Montgomery,DET,RB,0.0,32.0,24.0,1.0,32.0,0,False,4.5,-4.5,49.0,False,True,-4.5,4.5,False,True,False,26.75,2024,10,32.0,-23.5,False,True,0.5238095238095238,0.5238095238095238,0.04761904761904767,40-60,coin_flip,dog_3_to_7,high_total_47_plus,1.9090909090909092,1.9090909090909092,-1.0,0.9090909090909092
2024-11-11T00:50:00Z,2024-11-11T00:45:37Z,2024-11-11T00:40:37Z,2024-11-11T00:50:37Z,e27b5c11ba461a77a8e7773b2ea30238,americanfootball_nfl,2024-11-11 01:20:00+00:00,Houston Texans,Detroit Lions,fanduel,FanDuel,2024-11-11T00:45:18Z,player_rush_yds,2024-11-11T00:44:50Z,Jahmyr Gibbs,60.5,-110.0,-110,2024-11-10,HOU,DET,jahmyr gibbs,2024,10,Jahmyr Gibbs,DET,RB,0.0,71.0,37.0,2.0,71.0,1,False,4.5,-4.5,49.0,False,True,-4.5,4.5,False,True,False,26.75,2024,10,71.0,10.5,True,False,0.5238095238095238,0.5238095238095238,0.04761904761904767,60-80,coin_flip,dog_3_to_7,high_total_47_plus,1.9090909090909092,1.9090909090909092,0.9090909090909092,-1.0
2024-11-12T00:50:00Z,2024-11-12T00:45:37Z,2024-11-12T00:40:38Z,2024-11-12T00:50:37Z,d6eab9011bd146fdbb2639f6e8c07056,americanfootball_nfl,2024-11-12 01:15:00+00:00,Los Angeles Rams,Miami Dolphins,fanduel,FanDuel,2024-11-12T00:45:35Z,player_rush_yds,2024-11-12T00:45:12Z,Raheem Mostert,32.5,-110.0,-110,2024-11-11,LAR,MIA,raheem mostert,2024,10,Raheem Mostert,MIA,RB,0.0,0.0,34.0,2.0,0.0,0,False,-2.5,2.5,49.5,False,True,2.5,-2.5,True,False,False,23.5,2024,10,0.0,-32.5,False,True,0.5238095238095238,0.5238095238095238,0.04761904761904767,20-40,coin_flip,favorite_0_to_3,high_total_47_plus,1.9090909090909092,1.9090909090909092,-1.0,0.9090909090909092
2024-11-12T00:50:00Z,2024-11-12T00:45:37Z,2024-11-12T00:40:38Z,2024-11-12T00:50:37Z,d6eab9011bd146fdbb2639f6e8c07056,americanfootball_nfl,2024-11-12 01:15:00+00:00,Los Angeles Rams,Miami Dolphins,fanduel,FanDuel,2024-11-12T00:45:35Z,player_rush_yds,2024-11-12T00:45:12Z,Kyren Williams,84.5,-110.0,-110,2024-11-11,LAR,MIA,kyren williams,2024,10,Kyren Williams,LAR,RB,0.0,62.0,20.0,5.0,62.0,0,False,-2.5,2.5,49.5,True,False,-2.5,2.5,False,True,False,26.0,2024,10,62.0,-22.5,False,True,0.5238095238095238,0.5238095238095238,0.04761904761904767,80+,coin_flip,dog_0_to_3,high_total_47_plus,1.9090909090909092,1.9090909090909092,-1.0,0.9090909090909092
2024-11-12T00:50:00Z,2024-11-12T00:45:37Z,2024-11-12T00:40:38Z,2024-11-12T00:50:37Z,d6eab9011bd146fdbb2639f6e8c07056,americanfootball_nfl,2024-11-12 01:15:00+00:00,Los Angeles Rams,Miami Dolphins,fanduel,FanDuel,2024-11-12T00:45:35Z,player_rush_yds,2024-11-12T00:45:12Z,De'Von Achane,54.5,-110.0,-110,2024-11-11,LAR,MIA,devon achane,2024,10,Devon Achane,MIA,RB,0.0,37.0,15.0,5.0,37.0,0,False,-2.5,2.5,49.5,False,True,2.5,-2.5,True,False,False,23.5,2024,10,37.0,-17.5,False,True,0.5238095238095238,0.5238095238095238,0.04761904761904767,40-60,coin_flip,favorite_0_to_3,high_total_47_plus,1.9090909090909092,1.9090909090909092,-1.0,0.9090909090909092
2024-11-12T00:50:00Z,2024-11-12T00:45:37Z,2024-11-12T00:40:38Z,2024-11-12T00:50:37Z,d6eab9011bd146fdbb2639f6e8c07056,americanfootball_nfl,2024-11-12 01:15:00+00:00,Los Angeles Rams,Miami Dolphins,fanduel,FanDuel,2024-11-12T00:45:35Z,player_rush_yds,2024-11-12T00:45:12Z,Jaylen Wright,13.5,-110.0,-110,2024-11-11,LAR,MIA,jaylen wright,2024,10,Jaylen Wright,MIA,RB,0.0,3.0,0.0,0.0,3.0,0,False,-2.5,2.5,49.5,False,True,2.5,-2.5,True,False,False,23.5,2024,10,3.0,-10.5,False,True,0.5238095238095238,0.5238095238095238,0.04761904761904767,<20,coin_flip,favorite_0_to_3,high_total_47_plus,1.9090909090909092,1.9090909090909092,-1.0,0.9090909090909092
2024-11-12T00:50:00Z,2024-11-12T00:45:37Z,2024-11-12T00:40:38Z,2024-11-12T00:50:37Z,d6eab9011bd146fdbb2639f6e8c07056,americanfootball_nfl,2024-11-12 01:15:00+00:00,Los Angeles Rams,Miami Dolphins,fanduel,FanDuel,2024-11-12T00:45:35Z,player_rush_yds,2024-11-12T00:45:12Z,Tua Tagovailoa,4.5,-110.0,-110,2024-11-11,LAR,MIA,tua tagovailoa,2024,10,Tua Tagovailoa,MIA,QB,207.0,-1.0,0.0,0.0,-1.0,0,False,-2.5,2.5,49.5,False,True,2.5,-2.5,True,False,False,23.5,2024,10,-1.0,-5.5,False,True,0.5238095238095238,0.5238095238095238,0.04761904761904767,<20,coin_flip,favorite_0_to_3,high_total_47_plus,1.9090909090909092,1.9090909090909092,-1.0,0.9090909090909092
2024-11-17T17:30:00Z,2024-11-17T17:25:38Z,2024-11-17T17:20:38Z,2024-11-17T17:30:38Z,ca63340028583e516e8053ee36318425,americanfootball_nfl,2024-11-17 18:00:00+00:00,New Orleans Saints,Cleveland Browns,fanduel,FanDuel,2024-11-17T17:25:04Z,player_rush_yds,2024-11-17T17:25:14Z,Jerome Ford,13.5,-110.0,-110,2024-11-17,NO,CLE,jerome ford,2024,11,Jerome Ford,CLE,RB,0.0,10.0,29.0,4.0,10.0,0,False,1.0,-1.0,44.0,False,True,-1.0,1.0,False,True,False,22.5,2024,11,10.0,-3.5,False,True,0.5238095238095238,0.5238095238095238,0.04761904761904767,<20,coin_flip,dog_0_to_3,mid_total_42_47,1.9090909090909092,1.9090909090909092,-1.0,0.9090909090909092
2024-11-17T17:30:00Z,2024-11-17T17:25:38Z,2024-11-17T17:20:38Z,2024-11-17T17:30:38Z,ca63340028583e516e8053ee36318425,americanfootball_nfl,2024-11-17 18:00:00+00:00,New Orleans Saints,Cleveland Browns,fanduel,FanDuel,2024-11-17T17:25:04Z,player_rush_yds,2024-11-17T17:25:14Z,Nick Chubb,68.5,-110.0,-110,2024-11-17,NO,CLE,nick chubb,2024,11,Nick Chubb,CLE,RB,0.0,50.0,0.0,0.0,50.0,0,False,1.0,-1.0,44.0,False,True,-1.0,1.0,False,True,False,22.5,2024,11,50.0,-18.5,False,True,0.5238095238095238,0.5238095238095238,0.04761904761904767,60-80,coin_flip,dog_0_to_3,mid_total_42_47,1.9090909090909092,1.9090909090909092,-1.0,0.9090909090909092
2024-11-17T17:30:00Z,2024-11-17T17:25:38Z,2024-11-17T17:20:38Z,2024-11-17T17:30:38Z,ca63340028583e516e8053ee36318425,americanfootball_nfl,2024-11-17 18:00:00+00:00,New Orleans Saints,Cleveland Browns,fanduel,FanDuel,2024-11-17T17:25:04Z,player_rush_yds,2024-11-17T17:25:14Z,Taysom Hill,22.5,-110.0,-110,2024-11-17,NO,CLE,taysom hill,2024,11,Taysom Hill,NO,TE,18.0,138.0,50.0,8.0,138.0,1,False,1.0,-1.0,44.0,True,False,1.0,-1.0,True,False,False,21.5,2024,11,138.0,115.5,True,False,0.5238095238095238,0.5238095238095238,0.04761904761904767,20-40,coin_flip,favorite_0_to_3,mid_total_42_47,1.9090909090909092,1.9090909090909092,0.9090909090909092,-1.0
2024-11-17T17:30:00Z,2024-11-17T17:25:38Z,2024-11-17T17:20:38Z,2024-11-17T17:30:38Z,ca63340028583e516e8053ee36318425,americanfootball_nfl,2024-11-17 18:00:00+00:00,New Orleans Saints,Cleveland Browns,fanduel,FanDuel,2024-11-17T17:25:04Z,player_rush_yds,2024-11-17T17:25:14Z,Alvin Kamara,73.5,-110.0,-110,2024-11-17,NO,CLE,alvin kamara,2024,11,Alvin Kamara,NO,RB,0.0,67.0,22.0,4.0,67.0,0,False,1.0,-1.0,44.0,True,False,1.0,-1.0,True,False,False,21.5,2024,11,67.0,-6.5,False,True,0.5238095238095238,0.5238095238095238,0.04761904761904767,60-80,coin_flip,favorite_0_to_3,mid_total_42_47,1.9090909090909092,1.9090909090909092,-1.0,0.9090909090909092
2024-11-17T17:30:00Z,2024-11-17T17:25:38Z,2024-11-17T17:20:38Z,2024-11-17T17:30:38Z,ca63340028583e516e8053ee36318425,americanfootball_nfl,2024-11-17 18:00:00+00:00,New Orleans Saints,Cleveland Browns,fanduel,FanDuel,2024-11-17T17:25:04Z,player_rush_yds,2024-11-17T17:25:14Z,Jameis Winston,11.5,-110.0,-110,2024-11-17,NO,CLE,jameis winston,2024,11,Jameis Winston,CLE,QB,395.0,8.0,0.0,0.0,8.0,0,False,1.0,-1.0,44.0,False,True,-1.0,1.0,False,True,False,22.5,2024,11,8.0,-3.5,False,True,0.5238095238095238,0.5238095238095238,0.04761904761904767,<20,coin_flip,dog_0_to_3,mid_total_42_47,1.9090909090909092,1.9090909090909092,-1.0,0.9090909090909092
2024-11-17T17:30:00Z,2024-11-17T17:25:38Z,2024-11-17T17:20:38Z,2024-11-17T17:30:38Z,d0f73537e153be7455c87ae97864ef7d,americanfootball_nfl,2024-11-17 18:00:00+00:00,Detroit Lions,Jacksonville Jaguars,fanduel,FanDuel,2024-11-17T17:25:04Z,player_rush_yds,2024-11-17T17:25:02Z,D'Ernest Johnson,14.5,-110.0,-110,2024-11-17,DET,JAX,dernest johnson,2024,11,D'Ernest Johnson,JAX,RB,0.0,3.0,0.0,0.0,3.0,0,False,-14.0,14.0,47.5,False,True,14.0,-14.0,True,False,False,16.75,2024,11,3.0,-11.5,False,True,0.5238095238095238,0.5238095238095238,0.04761904761904767,<20,coin_flip,favorite_7_plus,high_total_47_plus,1.9090909090909092,1.9090909090909092,-1.0,0.9090909090909092
2024-11-17T17:30:00Z,2024-11-17T17:25:38Z,2024-11-17T17:20:38Z,2024-11-17T17:30:38Z,d0f73537e153be7455c87ae97864ef7d,americanfootball_nfl,2024-11-17 18:00:00+00:00,Detroit Lions,Jacksonville Jaguars,fanduel,FanDuel,2024-11-17T17:25:04Z,player_rush_yds,2024-11-17T17:25:02Z,Mac Jones,10.5,-110.0,-110,2024-11-17,DET,JAX,mac jones,2024,11,Mac Jones,JAX,QB,138.0,7.0,0.0,0.0,7.0,0,False,-14.0,14.0,47.5,False,True,14.0,-14.0,True,False,False,16.75,2024,11,7.0,-3.5,False,True,0.5238095238095238,0.5238095238095238,0.04761904761904767,<20,coin_flip,favorite_7_plus,high_total_47_plus,1.9090909090909092,1.9090909090909092,-1.0,0.9090909090909092
2024-11-17T17:30:00Z,2024-11-17T17:25:38Z,2024-11-17T17:20:38Z,2024-11-17T17:30:38Z,d0f73537e153be7455c87ae97864ef7d,americanfootball_nfl,2024-11-17 18:00:00+00:00,Detroit Lions,Jacksonville Jaguars,fanduel,FanDuel,2024-11-17T17:25:04Z,player_rush_yds,2024-11-17T17:25:02Z,Jahmyr Gibbs,69.5,-110.0,-110,2024-11-17,DET,JAX,jahmyr gibbs,2024,11,Jahmyr Gibbs,DET,RB,0.0,69.0,54.0,1.0,69.0,0,False,-14.0,14.0,47.5,True,False,-14.0,14.0,False,True,False,30.75,2024,11,69.0,-0.5,False,True,0.5238095238095238,0.5238095238095238,0.04761904761904767,60-80,coin_flip,dog_7_plus,high_total_47_plus,1.9090909090909092,1.9090909090909092,-1.0,0.9090909090909092
2024-11-17T17:30:00Z,2024-11-17T17:25:38Z,2024-11-17T17:20:38Z,2024-11-17T17:30:38Z,d0f73537e153be7455c87ae97864ef7d,americanfootball_nfl,2024-11-17 18:00:00+00:00,Detroit Lions,Jacksonville Jaguars,fanduel,FanDuel,2024-11-17T17:25:04Z,player_rush_yds,2024-11-17T17:25:02Z,David Montgomery,57.5,-110.0,-110,2024-11-17,DET,JAX,david montgomery,2024,11,David Montgomery,DET,RB,0.0,75.0,20.0,3.0,75.0,1,False,-14.0,14.0,47.5,True,False,-14.0,14.0,False,True,False,30.75,2024,11,75.0,17.5,True,False,0.5238095238095238,0.5238095238095238,0.04761904761904767,40-60,coin_flip,dog_7_plus,high_total_47_plus,1.9090909090909092,1.9090909090909092,0.9090909090909092,-1.0
2024-11-17T17:30:00Z,2024-11-17T17:25:38Z,2024-11-17T17:20:38Z,2024-11-17T17:30:38Z,d0f73537e153be7455c87ae97864ef7d,americanfootball_nfl,2024-11-17 18:00:00+00:00,Detroit Lions,Jacksonville Jaguars,fanduel,FanDuel,2024-11-17T17:25:04Z,player_rush_yds,2024-11-17T17:25:02Z,Travis Etienne Jr.,49.5,-110.0,-110,2024-11-17,DET,JAX,travis etienne,2024,11,Travis Etienne,JAX,RB,0.0,27.0,6.0,3.0,27.0,0,False,-14.0,14.0,47.5,False,True,14.0,-14.0,True,False,False,16.75,2024,11,27.0,-22.5,False,True,0.5238095238095238,0.5238095238095238,0.04761904761904767,40-60,coin_flip,favorite_7_plus,high_total_47_plus,1.9090909090909092,1.9090909090909092,-1.0,0.9090909090909092
2024-11-17T17:30:00Z,2024-11-17T17:25:38Z,2024-11-17T17:20:38Z,2024-11-17T17:30:38Z,7614724acc0987e643d0a60e73167b2e,americanfootball_nfl,2024-11-17 18:00:00+00:00,Miami Dolphins,Las Vegas Raiders,fanduel,FanDuel,2024-11-17T17:25:04Z,player_rush_yds,2024-11-17T17:25:41Z,Alexander Mattison,41.5,-110.0,-110,2024-11-17,MIA,LV,alexander mattison,2024,11,Alexander Mattison,LV,RB,0.0,19.0,50.0,3.0,19.0,0,False,-8.0,8.0,43.5,False,True,8.0,-8.0,True,False,False,17.75,2024,11,19.0,-22.5,False,True,0.5238095238095238,0.5238095238095238,0.04761904761904767,40-60,coin_flip,favorite_7_plus,mid_total_42_47,1.9090909090909092,1.9090909090909092,-1.0,0.9090909090909092
2024-11-17T17:30:00Z,2024-11-17T17:25:38Z,2024-11-17T17:20:38Z,2024-11-17T17:30:38Z,7614724acc0987e643d0a60e73167b2e,americanfootball_nfl,2024-11-17 18:00:00+00:00,Miami Dolphins,Las Vegas Raiders,fanduel,FanDuel,2024-11-17T17:25:04Z,player_rush_yds,2024-11-17T17:25:41Z,Zamir White,19.5,-110.0,-110,2024-11-17,MIA,LV,zamir white,2024,11,Zamir White,LV,RB,0.0,9.0,0.0,0.0,9.0,0,False,-8.0,8.0,43.5,False,True,8.0,-8.0,True,False,False,17.75,2024,11,9.0,-10.5,False,True,0.5238095238095238,0.5238095238095238,0.04761904761904767,<20,coin_flip,favorite_7_plus,mid_total_42_47,1.9090909090909092,1.9090909090909092,-1.0,0.9090909090909092
2024-11-17T17:30:00Z,2024-11-17T17:25:38Z,2024-11-17T17:20:38Z,2024-11-17T17:30:38Z,7614724acc0987e643d0a60e73167b2e,americanfootball_nfl,2024-11-17 18:00:00+00:00,Miami Dolphins,Las Vegas Raiders,fanduel,FanDuel,2024-11-17T17:25:04Z,player_rush_yds,2024-11-17T17:25:41Z,De'Von Achane,62.5,-110.0,-110,2024-11-17,MIA,LV,devon achane,2024,11,Devon Achane,MIA,RB,0.0,73.0,32.0,4.0,73.0,1,False,-8.0,8.0,43.5,True,False,-8.0,8.0,False,True,False,25.75,2024,11,73.0,10.5,True,False,0.5238095238095238,0.5238095238095238,0.04761904761904767,60-80,coin_flip,dog_7_plus,mid_total_42_47,1.9090909090909092,1.9090909090909092,0.9090909090909092,-1.0
2024-11-17T17:30:00Z,2024-11-17T17:25:38Z,2024-11-17T17:20:38Z,2024-11-17T17:30:38Z,7614724acc0987e643d0a60e73167b2e,americanfootball_nfl,2024-11-17 18:00:00+00:00,Miami Dolphins,Las Vegas Raiders,fanduel,FanDuel,2024-11-17T17:25:04Z,player_rush_yds,2024-11-17T17:25:41Z,Gardner Minshew,5.5,-110.0,-110,2024-11-17,MIA,LV,gardner minshew,2024,11,Gardner Minshew,LV,QB,282.0,7.0,0.0,0.0,7.0,1,False,-8.0,8.0,43.5,False,True,8.0,-8.0,True,False,False,17.75,2024,11,7.0,1.5,True,False,0.5238095238095238,0.5238095238095238,0.04761904761904767,<20,coin_flip,favorite_7_plus,mid_total_42_47,1.9090909090909092,1.9090909090909092,0.9090909090909092,-1.0
2024-11-17T17:30:00Z,2024-11-17T17:25:38Z,2024-11-17T17:20:38Z,2024-11-17T17:30:38Z,7614724acc0987e643d0a60e73167b2e,americanfootball_nfl,2024-11-17 18:00:00+00:00,Miami Dolphins,Las Vegas Raiders,fanduel,FanDuel,2024-11-17T17:25:04Z,player_rush_yds,2024-11-17T17:25:41Z,Jaylen Wright,26.5,-110.0,-110,2024-11-17,MIA,LV,jaylen wright,2024,11,Jaylen Wright,MIA,RB,0.0,4.0,2.0,1.0,4.0,0,False,-8.0,8.0,43.5,True,False,-8.0,8.0,False,True,False,25.75,2024,11,4.0,-22.5,False,True,0.5238095238095238,0.5238095238095238,0.04761904761904767,20-40,coin_flip,dog_7_plus,mid_total_42_47,1.9090909090909092,1.9090909090909092,-1.0,0.9090909090909092
2024-11-17T17:30:00Z,2024-11-17T17:25:38Z,2024-11-17T17:20:38Z,2024-11-17T17:30:38Z,7614724acc0987e643d0a60e73167b2e,americanfootball_nfl,2024-11-17 18:00:00+00:00,Miami Dolphins,Las Vegas Raiders,fanduel,FanDuel,2024-11-17T17:25:04Z,player_rush_yds,2024-11-17T17:25:41Z,Tua Tagovailoa,3.5,100.0,-122,2024-11-17,MIA,LV,tua tagovailoa,2024,11,Tua Tagovailoa,MIA,QB,288.0,0.0,0.0,0.0,0.0,0,False,-8.0,8.0,43.5,True,False,-8.0,8.0,False,True,False,25.75,2024,11,0.0,-3.5,False,True,0.5,0.5495495495495496,0.04954954954954971,<20,plus_money,dog_7_plus,mid_total_42_47,2.0,1.819672131147541,-1.0,0.819672131147541
2024-11-17T17:30:00Z,2024-11-17T17:25:38Z,2024-11-17T17:20:38Z,2024-11-17T17:30:38Z,73f1d28c0bfe32a1ff292b688bb85df3,americanfootball_nfl,2024-11-17 18:00:00+00:00,New England Patriots,Los Angeles Rams,fanduel,FanDuel,2024-11-17T17:25:04Z,player_rush_yds,2024-11-17T17:24:58Z,Rhamondre Stevenson,58.5,-110.0,-110,2024-11-17,NE,LAR,rhamondre stevenson,2024,11,Rhamondre Stevenson,NE,RB,0.0,73.0,16.0,4.0,73.0,1,False,4.0,-4.0,42.5,True,False,4.0,-4.0,True,False,False,19.25,2024,11,73.0,14.5,True,False,0.5238095238095238,0.5238095238095238,0.04761904761904767,40-60,coin_flip,favorite_3_to_7,mid_total_42_47,1.9090909090909092,1.9090909090909092,0.9090909090909092,-1.0
2024-11-17T17:30:00Z,2024-11-17T17:25:38Z,2024-11-17T17:20:38Z,2024-11-17T17:30:38Z,73f1d28c0bfe32a1ff292b688bb85df3,americanfootball_nfl,2024-11-17 18:00:00+00:00,New England Patriots,Los Angeles Rams,fanduel,FanDuel,2024-11-17T17:25:04Z,player_rush_yds,2024-11-17T17:24:58Z,Drake Maye,33.5,-110.0,-110,2024-11-17,NE,LAR,drake maye,2024,11,Drake Maye,NE,QB,282.0,27.0,0.0,0.0,27.0,0,False,4.0,-4.0,42.5,True,False,4.0,-4.0,True,False,False,19.25,2024,11,27.0,-6.5,False,True,0.5238095238095238,0.5238095238095238,0.04761904761904767,20-40,coin_flip,favorite_3_to_7,mid_total_42_47,1.9090909090909092,1.9090909090909092,-1.0,0.9090909090909092
2024-11-17T17:30:00Z,2024-11-17T17:25:38Z,2024-11-17T17:20:38Z,2024-11-17T17:30:38Z,73f1d28c0bfe32a1ff292b688bb85df3,americanfootball_nfl,2024-11-17 18:00:00+00:00,New England Patriots,Los Angeles Rams,fanduel,FanDuel,2024-11-17T17:25:04Z,player_rush_yds,2024-11-17T17:24:58Z,Kyren Williams,83.5,-110.0,-110,2024-11-17,NE,LAR,kyren williams,2024,11,Kyren Williams,LAR,RB,0.0,86.0,0.0,0.0,86.0,1,False,4.0,-4.0,42.5,False,True,-4.0,4.0,False,True,False,23.25,2024,11,86.0,2.5,True,False,0.5238095238095238,0.5238095238095238,0.04761904761904767,80+,coin_flip,dog_3_to_7,mid_total_42_47,1.9090909090909092,1.9090909090909092,0.9090909090909092,-1.0
2024-11-17T17:30:00Z,2024-11-17T17:25:38Z,2024-11-17T17:20:38Z,2024-11-17T17:30:38Z,6aa05bdde84274ea82472f0bc79baaad,americanfootball_nfl,2024-11-17 18:00:00+00:00,Tennessee Titans,Minnesota Vikings,fanduel,FanDuel,2024-11-17T17:25:04Z,player_rush_yds,2024-11-17T17:25:24Z,Aaron Jones,64.5,-110.0,-110,2024-11-17,TEN,MIN,aaron jones,2024,11,Aaron Jones,MIN,RB,0.0,39.0,4.0,1.0,39.0,0,False,6.0,-6.0,40.0,False,True,-6.0,6.0,False,True,False,23.0,2024,11,39.0,-25.5,False,True,0.5238095238095238,0.5238095238095238,0.04761904761904767,60-80,coin_flip,dog_3_to_7,low_total_<42,1.9090909090909092,1.9090909090909092,-1.0,0.9090909090909092
2024-11-17T17:30:00Z,2024-11-17T17:25:38Z,2024-11-17T17:20:38Z,2024-11-17T17:30:38Z,6aa05bdde84274ea82472f0bc79baaad,americanfootball_nfl,2024-11-17 18:00:00+00:00,Tennessee Titans,Minnesota Vikings,fanduel,FanDuel,2024-11-17T17:25:04Z,player_rush_yds,2024-11-17T17:25:24Z,Tyjae Spears,24.5,-110.0,-110,2024-11-17,TEN,MIN,tyjae spears,2024,11,Tyjae Spears,TEN,RB,0.0,0.0,8.0,2.0,0.0,0,False,6.0,-6.0,40.0,True,False,6.0,-6.0,True,False,False,17.0,2024,11,0.0,-24.5,False,True,0.5238095238095238,0.5238095238095238,0.04761904761904767,20-40,coin_flip,favorite_3_to_7,low_total_<42,1.9090909090909092,1.9090909090909092,-1.0,0.9090909090909092
2024-11-17T17:30:00Z,2024-11-17T17:25:38Z,2024-11-17T17:20:38Z,2024-11-17T17:30:38Z,6aa05bdde84274ea82472f0bc79baaad,americanfootball_nfl,2024-11-17 18:00:00+00:00,Tennessee Titans,Minnesota Vikings,fanduel,FanDuel,2024-11-17T17:25:04Z,player_rush_yds,2024-11-17T17:25:24Z,Will Levis,19.5,-110.0,-110,2024-11-17,TEN,MIN,will levis,2024,11,Will Levis,TEN,QB,295.0,18.0,0.0,0.0,18.0,0,False,6.0,-6.0,40.0,True,False,6.0,-6.0,True,False,False,17.0,2024,11,18.0,-1.5,False,True,0.5238095238095238,0.5238095238095238,0.04761904761904767,<20,coin_flip,favorite_3_to_7,low_total_<42,1.9090909090909092,1.9090909090909092,-1.0,0.9090909090909092
2024-11-17T17:30:00Z,2024-11-17T17:25:38Z,2024-11-17T17:20:38Z,2024-11-17T17:30:38Z,6aa05bdde84274ea82472f0bc79baaad,americanfootball_nfl,2024-11-17 18:00:00+00:00,Tennessee Titans,Minnesota Vikings,fanduel,FanDuel,2024-11-17T17:25:04Z,player_rush_yds,2024-11-17T17:25:24Z,Sam Darnold,12.5,-110.0,-110,2024-11-17,TEN,MIN,sam darnold,2024,11,Sam Darnold,MIN,QB,246.0,18.0,0.0,0.0,18.0,1,False,6.0,-6.0,40.0,False,True,-6.0,6.0,False,True,False,23.0,2024,11,18.0,5.5,True,False,0.5238095238095238,0.5238095238095238,0.04761904761904767,<20,coin_flip,dog_3_to_7,low_total_<42,1.9090909090909092,1.9090909090909092,0.9090909090909092,-1.0
2024-11-17T17:30:00Z,2024-11-17T17:25:38Z,2024-11-17T17:20:38Z,2024-11-17T17:30:38Z,6aa05bdde84274ea82472f0bc79baaad,americanfootball_nfl,2024-11-17 18:00:00+00:00,Tennessee Titans,Minnesota Vikings,fanduel,FanDuel,2024-11-17T17:25:04Z,player_rush_yds,2024-11-17T17:25:24Z,Tony Pollard,51.5,-110.0,-110,2024-11-17,TEN,MIN,tony pollard,2024,11,Tony Pollard,TEN,RB,0.0,15.0,14.0,2.0,15.0,0,False,6.0,-6.0,40.0,True,False,6.0,-6.0,True,False,False,17.0,2024,11,15.0,-36.5,False,True,0.5238095238095238,0.5238095238095238,0.04761904761904767,40-60,coin_flip,favorite_3_to_7,low_total_<42,1.9090909090909092,1.9090909090909092,-1.0,0.9090909090909092
2024-11-17T20:35:00Z,2024-11-17T20:30:39Z,2024-11-17T20:25:37Z,2024-11-17T20:35:38Z,4baedb2bf9b85f9b9ec40e88bacc1792,americanfootball_nfl,2024-11-17 21:05:00+00:00,Denver Broncos,Atlanta Falcons,fanduel,FanDuel,2024-11-17T20:29:57Z,player_rush_yds,2024-11-17T20:29:58Z,Javonte Williams,18.5,-110.0,-110,2024-11-17,DEN,ATL,javonte williams,2024,11,Javonte Williams,DEN,RB,0.0,59.0,28.0,4.0,59.0,1,False,-2.0,2.0,44.5,True,False,-2.0,2.0,False,True,False,23.25,2024,11,59.0,40.5,True,False,0.5238095238095238,0.5238095238095238,0.04761904761904767,<20,coin_flip,dog_0_to_3,mid_total_42_47,1.9090909090909092,1.9090909090909092,0.9090909090909092,-1.0
2024-11-17T20:35:00Z,2024-11-17T20:30:39Z,2024-11-17T20:25:37Z,2024-11-17T20:35:38Z,4baedb2bf9b85f9b9ec40e88bacc1792,americanfootball_nfl,2024-11-17 21:05:00+00:00,Denver Broncos,Atlanta Falcons,fanduel,FanDuel,2024-11-17T20:29:57Z,player_rush_yds,2024-11-17T20:29:58Z,Bo Nix,27.5,-110.0,-110,2024-11-17,DEN,ATL,bo nix,2024,11,Bo Nix,DEN,QB,307.0,5.0,0.0,0.0,5.0,0,False,-2.0,2.0,44.5,True,False,-2.0,2.0,False,True,False,23.25,2024,11,5.0,-22.5,False,True,0.5238095238095238,0.5238095238095238,0.04761904761904767,20-40,coin_flip,dog_0_to_3,mid_total_42_47,1.9090909090909092,1.9090909090909092,-1.0,0.9090909090909092
2024-11-17T20:35:00Z,2024-11-17T20:30:39Z,2024-11-17T20:25:37Z,2024-11-17T20:35:38Z,4baedb2bf9b85f9b9ec40e88bacc1792,americanfootball_nfl,2024-11-17 21:05:00+00:00,Denver Broncos,Atlanta Falcons,fanduel,FanDuel,2024-11-17T20:29:57Z,player_rush_yds,2024-11-17T20:29:58Z,Jaleel McLaughlin,16.5,-110.0,-110,2024-11-17,DEN,ATL,jaleel mclaughlin,2024,11,Jaleel McLaughlin,DEN,RB,0.0,19.0,0.0,0.0,19.0,1,False,-2.0,2.0,44.5,True,False,-2.0,2.0,False,True,False,23.25,2024,11,19.0,2.5,True,False,0.5238095238095238,0.5238095238095238,0.04761904761904767,<20,coin_flip,dog_0_to_3,mid_total_42_47,1.9090909090909092,1.9090909090909092,0.9090909090909092,-1.0
2024-11-17T20:35:00Z,2024-11-17T20:30:39Z,2024-11-17T20:25:37Z,2024-11-17T20:35:38Z,4baedb2bf9b85f9b9ec40e88bacc1792,americanfootball_nfl,2024-11-17 21:05:00+00:00,Denver Broncos,Atlanta Falcons,fanduel,FanDuel,2024-11-17T20:29:57Z,player_rush_yds,2024-11-17T20:29:58Z,Tyler Allgeier,29.5,-110.0,-110,2024-11-17,DEN,ATL,tyler allgeier,2024,11,Tyler Allgeier,ATL,RB,0.0,0.0,-1.0,1.0,0.0,0,False,-2.0,2.0,44.5,False,True,2.0,-2.0,True,False,False,21.25,2024,11,0.0,-29.5,False,True,0.5238095238095238,0.5238095238095238,0.04761904761904767,20-40,coin_flip,favorite_0_to_3,mid_total_42_47,1.9090909090909092,1.9090909090909092,-1.0,0.9090909090909092
2024-11-17T20:35:00Z,2024-11-17T20:30:39Z,2024-11-17T20:25:37Z,2024-11-17T20:35:38Z,4baedb2bf9b85f9b9ec40e88bacc1792,americanfootball_nfl,2024-11-17 21:05:00+00:00,Denver Broncos,Atlanta Falcons,fanduel,FanDuel,2024-11-17T20:29:57Z,player_rush_yds,2024-11-17T20:29:58Z,Bijan Robinson,67.5,-110.0,-110,2024-11-17,DEN,ATL,bijan robinson,2024,11,Bijan Robinson,ATL,RB,0.0,35.0,28.0,4.0,35.0,0,False,-2.0,2.0,44.5,False,True,2.0,-2.0,True,False,False,21.25,2024,11,35.0,-32.5,False,True,0.5238095238095238,0.5238095238095238,0.04761904761904767,60-80,coin_flip,favorite_0_to_3,mid_total_42_47,1.9090909090909092,1.9090909090909092,-1.0,0.9090909090909092
2024-11-17T20:35:00Z,2024-11-17T20:30:39Z,2024-11-17T20:25:37Z,2024-11-17T20:35:38Z,4baedb2bf9b85f9b9ec40e88bacc1792,americanfootball_nfl,2024-11-17 21:05:00+00:00,Denver Broncos,Atlanta Falcons,fanduel,FanDuel,2024-11-17T20:29:57Z,player_rush_yds,2024-11-17T20:29:58Z,Audric Estime,49.5,-110.0,-110,2024-11-17,DEN,ATL,audric estime,2024,11,Audric Estime,DEN,RB,0.0,16.0,9.0,3.0,16.0,0,False,-2.0,2.0,44.5,True,False,-2.0,2.0,False,True,False,23.25,2024,11,16.0,-33.5,False,True,0.5238095238095238,0.5238095238095238,0.04761904761904767,40-60,coin_flip,dog_0_to_3,mid_total_42_47,1.9090909090909092,1.9090909090909092,-1.0,0.9090909090909092
2024-11-17T20:35:00Z,2024-11-17T20:30:39Z,2024-11-17T20:25:37Z,2024-11-17T20:35:38Z,cc4a0f06f87d64f4a02816ca7da514fa,americanfootball_nfl,2024-11-17 21:05:00+00:00,San Francisco 49ers,Seattle Seahawks,fanduel,FanDuel,2024-11-17T20:29:57Z,player_rush_yds,2024-11-17T20:29:49Z,Deebo Samuel,10.5,-110.0,-110,2024-11-17,SF,SEA,deebo samuel,2024,11,Deebo Samuel,SF,WR,0.0,-1.0,22.0,4.0,-1.0,0,False,-6.0,6.0,49.0,True,False,-6.0,6.0,False,True,False,27.5,2024,11,-1.0,-11.5,False,True,0.5238095238095238,0.5238095238095238,0.04761904761904767,<20,coin_flip,dog_3_to_7,high_total_47_plus,1.9090909090909092,1.9090909090909092,-1.0,0.9090909090909092
2024-11-17T20:35:00Z,2024-11-17T20:30:39Z,2024-11-17T20:25:37Z,2024-11-17T20:35:38Z,cc4a0f06f87d64f4a02816ca7da514fa,americanfootball_nfl,2024-11-17 21:05:00+00:00,San Francisco 49ers,Seattle Seahawks,fanduel,FanDuel,2024-11-17T20:29:57Z,player_rush_yds,2024-11-17T20:29:49Z,Zach Charbonnet,12.5,-105.0,-115,2024-11-17,SF,SEA,zach charbonnet,2024,11,Zach Charbonnet,SEA,RB,0.0,3.0,2.0,2.0,3.0,0,False,-6.0,6.0,49.0,False,True,6.0,-6.0,True,False,False,21.5,2024,11,3.0,-9.5,False,True,0.5121951219512195,0.5348837209302325,0.04707884288145214,<20,coin_flip,favorite_3_to_7,high_total_47_plus,1.9523809523809523,1.8695652173913042,-1.0,0.8695652173913042
2024-11-17T20:35:00Z,2024-11-17T20:30:39Z,2024-11-17T20:25:37Z,2024-11-17T20:35:38Z,cc4a0f06f87d64f4a02816ca7da514fa,americanfootball_nfl,2024-11-17 21:05:00+00:00,San Francisco 49ers,Seattle Seahawks,fanduel,FanDuel,2024-11-17T20:29:57Z,player_rush_yds,2024-11-17T20:29:49Z,Kenneth Walker III,54.5,-110.0,-110,2024-11-17,SF,SEA,kenneth walker,2024,11,Kenneth Walker,SEA,RB,0.0,54.0,5.0,2.0,54.0,0,False,-6.0,6.0,49.0,False,True,6.0,-6.0,True,False,False,21.5,2024,11,54.0,-0.5,False,True,0.5238095238095238,0.5238095238095238,0.04761904761904767,40-60,coin_flip,favorite_3_to_7,high_total_47_plus,1.9090909090909092,1.9090909090909092,-1.0,0.9090909090909092
2024-11-17T20:35:00Z,2024-11-17T20:30:39Z,2024-11-17T20:25:37Z,2024-11-17T20:35:38Z,cc4a0f06f87d64f4a02816ca7da514fa,americanfootball_nfl,2024-11-17 21:05:00+00:00,San Francisco 49ers,Seattle Seahawks,fanduel,FanDuel,2024-11-17T20:29:57Z,player_rush_yds,2024-11-17T20:29:49Z,Christian McCaffrey,83.5,-110.0,-110,2024-11-17,SF,SEA,christian mccaffrey,2024,11,Christian McCaffrey,SF,RB,0.0,79.0,27.0,4.0,79.0,0,False,-6.0,6.0,49.0,True,False,-6.0,6.0,False,True,False,27.5,2024,11,79.0,-4.5,False,True,0.5238095238095238,0.5238095238095238,0.04761904761904767,80+,coin_flip,dog_3_to_7,high_total_47_plus,1.9090909090909092,1.9090909090909092,-1.0,0.9090909090909092
2024-11-17T20:35:00Z,2024-11-17T20:30:39Z,2024-11-17T20:25:37Z,2024-11-17T20:35:38Z,cc4a0f06f87d64f4a02816ca7da514fa,americanfootball_nfl,2024-11-17 21:05:00+00:00,San Francisco 49ers,Seattle Seahawks,fanduel,FanDuel,2024-11-17T20:29:57Z,player_rush_yds,2024-11-17T20:29:49Z,Brock Purdy,16.5,-110.0,-110,2024-11-17,SF,SEA,brock purdy,2024,11,Brock Purdy,SF,QB,159.0,40.0,0.0,0.0,40.0,1,False,-6.0,6.0,49.0,True,False,-6.0,6.0,False,True,False,27.5,2024,11,40.0,23.5,True,False,0.5238095238095238,0.5238095238095238,0.04761904761904767,<20,coin_flip,dog_3_to_7,high_total_47_plus,1.9090909090909092,1.9090909090909092,0.9090909090909092,-1.0
2024-11-17T20:35:00Z,2024-11-17T20:30:39Z,2024-11-17T20:25:37Z,2024-11-17T20:35:38Z,cc4a0f06f87d64f4a02816ca7da514fa,americanfootball_nfl,2024-11-17 21:05:00+00:00,San Francisco 49ers,Seattle Seahawks,fanduel,FanDuel,2024-11-17T20:29:57Z,player_rush_yds,2024-11-17T20:29:49Z,Geno Smith,12.5,-110.0,-110,2024-11-17,SF,SEA,geno smith,2024,11,Geno Smith,SEA,QB,221.0,29.0,0.0,0.0,29.0,1,False,-6.0,6.0,49.0,False,True,6.0,-6.0,True,False,False,21.5,2024,11,29.0,16.5,True,False,0.5238095238095238,0.5238095238095238,0.04761904761904767,<20,coin_flip,favorite_3_to_7,high_total_47_plus,1.9090909090909092,1.9090909090909092,0.9090909090909092,-1.0
2024-11-17T20:55:00Z,2024-11-17T20:50:37Z,2024-11-17T20:45:38Z,2024-11-17T20:55:38Z,2ac4732d168fd3fd0958719e2b11aad1,americanfootball_nfl,2024-11-17 21:25:00+00:00,Buffalo Bills,Kansas City Chiefs,fanduel,FanDuel,2024-11-17T20:50:27Z,player_rush_yds,2024-11-17T20:50:15Z,James Cook,53.5,-110.0,-110,2024-11-17,BUF,KC,james cook,2024,11,James Cook,BUF,RB,0.0,20.0,7.0,5.0,20.0,0,False,-2.5,2.5,46.5,True,False,-2.5,2.5,False,True,False,24.5,2024,11,20.0,-33.5,False,True,0.5238095238095238,0.5238095238095238,0.04761904761904767,40-60,coin_flip,dog_0_to_3,mid_total_42_47,1.9090909090909092,1.9090909090909092,-1.0,0.9090909090909092
2024-11-17T20:55:00Z,2024-11-17T20:50:37Z,2024-11-17T20:45:38Z,2024-11-17T20:55:38Z,2ac4732d168fd3fd0958719e2b11aad1,americanfootball_nfl,2024-11-17 21:25:00+00:00,Buffalo Bills,Kansas City Chiefs,fanduel,FanDuel,2024-11-17T20:50:27Z,player_rush_yds,2024-11-17T20:50:15Z,Ray Davis,12.5,-110.0,-110,2024-11-17,BUF,KC,ray davis,2024,11,Ray Davis,BUF,RB,0.0,11.0,0.0,0.0,11.0,0,False,-2.5,2.5,46.5,True,False,-2.5,2.5,False,True,False,24.5,2024,11,11.0,-1.5,False,True,0.5238095238095238,0.5238095238095238,0.04761904761904767,<20,coin_flip,dog_0_to_3,mid_total_42_47,1.9090909090909092,1.9090909090909092,-1.0,0.9090909090909092
2024-11-17T20:55:00Z,2024-11-17T20:50:37Z,2024-11-17T20:45:38Z,2024-11-17T20:55:38Z,2ac4732d168fd3fd0958719e2b11aad1,americanfootball_nfl,2024-11-17 21:25:00+00:00,Buffalo Bills,Kansas City Chiefs,fanduel,FanDuel,2024-11-17T20:50:27Z,player_rush_yds,2024-11-17T20:50:15Z,Kareem Hunt,64.5,-110.0,-110,2024-11-17,BUF,KC,kareem hunt,2024,11,Kareem Hunt,KC,RB,0.0,60.0,0.0,0.0,60.0,0,False,-2.5,2.5,46.5,False,True,2.5,-2.5,True,False,False,22.0,2024,11,60.0,-4.5,False,True,0.5238095238095238,0.5238095238095238,0.04761904761904767,60-80,coin_flip,favorite_0_to_3,mid_total_42_47,1.9090909090909092,1.9090909090909092,-1.0,0.9090909090909092
2024-11-17T20:55:00Z,2024-11-17T20:50:37Z,2024-11-17T20:45:38Z,2024-11-17T20:55:38Z,2ac4732d168fd3fd0958719e2b11aad1,americanfootball_nfl,2024-11-17 21:25:00+00:00,Buffalo Bills,Kansas City Chiefs,fanduel,FanDuel,2024-11-17T20:50:27Z,player_rush_yds,2024-11-17T20:50:15Z,Josh Allen,36.5,-110.0,-110,2024-11-17,BUF,KC,josh allen,2024,11,Josh Allen,BUF,QB,262.0,55.0,0.0,0.0,55.0,1,False,-2.5,2.5,46.5,True,False,-2.5,2.5,False,True,False,24.5,2024,11,55.0,18.5,True,False,0.5238095238095238,0.5238095238095238,0.04761904761904767,20-40,coin_flip,dog_0_to_3,mid_total_42_47,1.9090909090909092,1.9090909090909092,0.9090909090909092,-1.0
2024-11-17T20:55:00Z,2024-11-17T20:50:37Z,2024-11-17T20:45:38Z,2024-11-17T20:55:38Z,2ac4732d168fd3fd0958719e2b11aad1,americanfootball_nfl,2024-11-17 21:25:00+00:00,Buffalo Bills,Kansas City Chiefs,fanduel,FanDuel,2024-11-17T20:50:27Z,player_rush_yds,2024-11-17T20:50:15Z,Patrick Mahomes,21.5,-110.0,-110,2024-11-17,BUF,KC,patrick mahomes,2024,11,Patrick Mahomes,KC,QB,196.0,0.0,0.0,0.0,0.0,0,False,-2.5,2.5,46.5,False,True,2.5,-2.5,True,False,False,22.0,2024,11,0.0,-21.5,False,True,0.5238095238095238,0.5238095238095238,0.04761904761904767,20-40,coin_flip,favorite_0_to_3,mid_total_42_47,1.9090909090909092,1.9090909090909092,-1.0,0.9090909090909092
2024-11-17T20:55:00Z,2024-11-17T20:50:37Z,2024-11-17T20:45:38Z,2024-11-17T20:55:38Z,a2b3fd60eede2230285512b8c3b4eed3,americanfootball_nfl,2024-11-18 01:15:00+00:00,Los Angeles Chargers,Cincinnati Bengals,fanduel,FanDuel,2024-11-17T20:50:27Z,player_rush_yds,2024-11-17T20:50:38Z,Justin Herbert,14.5,-110.0,-110,2024-11-17,LAC,CIN,justin herbert,2024,11,Justin Herbert,LAC,QB,297.0,65.0,0.0,0.0,65.0,1,False,-1.0,1.0,48.0,True,False,-1.0,1.0,False,True,False,24.5,2024,11,65.0,50.5,True,False,0.5238095238095238,0.5238095238095238,0.04761904761904767,<20,coin_flip,dog_0_to_3,high_total_47_plus,1.9090909090909092,1.9090909090909092,0.9090909090909092,-1.0
2024-11-17T20:55:00Z,2024-11-17T20:50:37Z,2024-11-17T20:45:38Z,2024-11-17T20:55:38Z,a2b3fd60eede2230285512b8c3b4eed3,americanfootball_nfl,2024-11-18 01:15:00+00:00,Los Angeles Chargers,Cincinnati Bengals,fanduel,FanDuel,2024-11-17T20:50:27Z,player_rush_yds,2024-11-17T20:50:38Z,Joe Burrow,8.5,-110.0,-110,2024-11-17,LAC,CIN,joe burrow,2024,11,Joe Burrow,CIN,QB,356.0,28.0,0.0,0.0,28.0,1,False,-1.0,1.0,48.0,False,True,1.0,-1.0,True,False,False,23.5,2024,11,28.0,19.5,True,False,0.5238095238095238,0.5238095238095238,0.04761904761904767,<20,coin_flip,favorite_0_to_3,high_total_47_plus,1.9090909090909092,1.9090909090909092,0.9090909090909092,-1.0
2024-11-17T20:55:00Z,2024-11-17T20:50:37Z,2024-11-17T20:45:38Z,2024-11-17T20:55:38Z,a2b3fd60eede2230285512b8c3b4eed3,americanfootball_nfl,2024-11-18 01:15:00+00:00,Los Angeles Chargers,Cincinnati Bengals,fanduel,FanDuel,2024-11-17T20:50:27Z,player_rush_yds,2024-11-17T20:50:38Z,J.K. Dobbins,55.5,-110.0,-110,2024-11-17,LAC,CIN,jk dobbins,2024,11,J.K. Dobbins,LAC,RB,0.0,56.0,3.0,1.0,56.0,1,False,-1.0,1.0,48.0,True,False,-1.0,1.0,False,True,False,24.5,2024,11,56.0,0.5,True,False,0.5238095238095238,0.5238095238095238,0.04761904761904767,40-60,coin_flip,dog_0_to_3,high_total_47_plus,1.9090909090909092,1.9090909090909092,0.9090909090909092,-1.0
2024-11-17T20:55:00Z,2024-11-17T20:50:37Z,2024-11-17T20:45:38Z,2024-11-17T20:55:38Z,a2b3fd60eede2230285512b8c3b4eed3,americanfootball_nfl,2024-11-18 01:15:00+00:00,Los Angeles Chargers,Cincinnati Bengals,fanduel,FanDuel,2024-11-17T20:50:27Z,player_rush_yds,2024-11-17T20:50:38Z,Gus Edwards,30.5,-110.0,-110,2024-11-17,LAC,CIN,gus edwards,2024,11,Gus Edwards,LAC,RB,0.0,27.0,0.0,0.0,27.0,0,False,-1.0,1.0,48.0,True,False,-1.0,1.0,False,True,False,24.5,2024,11,27.0,-3.5,False,True,0.5238095238095238,0.5238095238095238,0.04761904761904767,20-40,coin_flip,dog_0_to_3,high_total_47_plus,1.9090909090909092,1.9090909090909092,-1.0,0.9090909090909092
2024-11-17T20:55:00Z,2024-11-17T20:50:37Z,2024-11-17T20:45:38Z,2024-11-17T20:55:38Z,a2b3fd60eede2230285512b8c3b4eed3,americanfootball_nfl,2024-11-18 01:15:00+00:00,Los Angeles Chargers,Cincinnati Bengals,fanduel,FanDuel,2024-11-17T20:50:27Z,player_rush_yds,2024-11-17T20:50:38Z,Chase Brown,63.5,-110.0,-110,2024-11-17,LAC,CIN,chase brown,2024,11,Chase Brown,CIN,RB,0.0,86.0,57.0,5.0,86.0,1,False,-1.0,1.0,48.0,False,True,1.0,-1.0,True,False,False,23.5,2024,11,86.0,22.5,True,False,0.5238095238095238,0.5238095238095238,0.04761904761904767,60-80,coin_flip,favorite_0_to_3,high_total_47_plus,1.9090909090909092,1.9090909090909092,0.9090909090909092,-1.0
2024-11-19T00:45:00Z,2024-11-19T00:40:38Z,2024-11-19T00:35:38Z,2024-11-19T00:45:38Z,81c2170ca58c6a837e5c0f1528e8513c,americanfootball_nfl,2024-11-19 01:15:00+00:00,Dallas Cowboys,Houston Texans,fanduel,FanDuel,2024-11-19T00:40:01Z,player_rush_yds,2024-11-19T00:40:47Z,C.J. Stroud,8.5,-110.0,-110,2024-11-18,DAL,HOU,cj stroud,2024,11,C.J. Stroud,HOU,QB,257.0,26.0,0.0,0.0,26.0,1,False,7.5,-7.5,41.5,False,True,-7.5,7.5,False,True,False,24.5,2024,11,26.0,17.5,True,False,0.5238095238095238,0.5238095238095238,0.04761904761904767,<20,coin_flip,dog_7_plus,low_total_<42,1.9090909090909092,1.9090909090909092,0.9090909090909092,-1.0
2024-11-19T00:45:00Z,2024-11-19T00:40:38Z,2024-11-19T00:35:38Z,2024-11-19T00:45:38Z,81c2170ca58c6a837e5c0f1528e8513c,americanfootball_nfl,2024-11-19 01:15:00+00:00,Dallas Cowboys,Houston Texans,fanduel,FanDuel,2024-11-19T00:40:01Z,player_rush_yds,2024-11-19T00:40:47Z,Joe Mixon,91.5,-110.0,-110,2024-11-18,DAL,HOU,joe mixon,2024,11,Joe Mixon,HOU,RB,0.0,109.0,44.0,2.0,109.0,1,False,7.5,-7.5,41.5,False,True,-7.5,7.5,False,True,False,24.5,2024,11,109.0,17.5,True,False,0.5238095238095238,0.5238095238095238,0.04761904761904767,80+,coin_flip,dog_7_plus,low_total_<42,1.9090909090909092,1.9090909090909092,0.9090909090909092,-1.0
2024-11-19T00:45:00Z,2024-11-19T00:40:38Z,2024-11-19T00:35:38Z,2024-11-19T00:45:38Z,81c2170ca58c6a837e5c0f1528e8513c,americanfootball_nfl,2024-11-19 01:15:00+00:00,Dallas Cowboys,Houston Texans,fanduel,FanDuel,2024-11-19T00:40:01Z,player_rush_yds,2024-11-19T00:40:47Z,Rico Dowdle,55.5,-110.0,-110,2024-11-18,DAL,HOU,rico dowdle,2024,11,Rico Dowdle,DAL,RB,0.0,28.0,6.0,2.0,28.0,0,False,7.5,-7.5,41.5,True,False,7.5,-7.5,True,False,False,17.0,2024,11,28.0,-27.5,False,True,0.5238095238095238,0.5238095238095238,0.04761904761904767,40-60,coin_flip,favorite_7_plus,low_total_<42,1.9090909090909092,1.9090909090909092,-1.0,0.9090909090909092
2024-11-19T00:45:00Z,2024-11-19T00:40:38Z,2024-11-19T00:35:38Z,2024-11-19T00:45:38Z,81c2170ca58c6a837e5c0f1528e8513c,americanfootball_nfl,2024-11-19 01:15:00+00:00,Dallas Cowboys,Houston Texans,fanduel,FanDuel,2024-11-19T00:40:01Z,player_rush_yds,2024-11-19T00:40:47Z,Cooper Rush,2.5,-114.0,-106,2024-11-18,DAL,HOU,cooper rush,2024,11,Cooper Rush,DAL,QB,354.0,2.0,0.0,0.0,2.0,0,False,7.5,-7.5,41.5,True,False,7.5,-7.5,True,False,False,17.0,2024,11,2.0,-0.5,False,True,0.5327102803738317,0.5145631067961165,0.04727338716994822,<20,coin_flip,favorite_7_plus,low_total_<42,1.8771929824561404,1.9433962264150944,-1.0,0.9433962264150944
2024-11-19T00:45:00Z,2024-11-19T00:40:38Z,2024-11-19T00:35:38Z,2024-11-19T00:45:38Z,81c2170ca58c6a837e5c0f1528e8513c,americanfootball_nfl,2024-11-19 01:15:00+00:00,Dallas Cowboys,Houston Texans,fanduel,FanDuel,2024-11-19T00:40:01Z,player_rush_yds,2024-11-19T00:40:47Z,Ezekiel Elliott,13.5,-110.0,-110,2024-11-18,DAL,HOU,ezekiel elliott,2024,11,Ezekiel Elliott,DAL,RB,0.0,8.0,16.0,3.0,8.0,0,False,7.5,-7.5,41.5,True,False,7.5,-7.5,True,False,False,17.0,2024,11,8.0,-5.5,False,True,0.5238095238095238,0.5238095238095238,0.04761904761904767,<20,coin_flip,favorite_7_plus,low_total_<42,1.9090909090909092,1.9090909090909092,-1.0,0.9090909090909092
2024-11-22T00:45:00Z,2024-11-22T00:40:39Z,2024-11-22T00:35:38Z,2024-11-22T00:45:38Z,3544bdfabe61cc6d4389984a5ca83955,americanfootball_nfl,2024-11-22 01:15:00+00:00,Cleveland Browns,Pittsburgh Steelers,fanduel,FanDuel,2024-11-22T00:38:51Z,player_rush_yds,2024-11-22T00:40:23Z,Jameis Winston,8.5,-110.0,-110,2024-11-21,CLE,PIT,jameis winston,2024,12,Jameis Winston,CLE,QB,219.0,7.0,0.0,0.0,7.0,0,False,3.5,-3.5,36.5,True,False,3.5,-3.5,True,False,False,16.5,2024,12,7.0,-1.5,False,True,0.5238095238095238,0.5238095238095238,0.04761904761904767,<20,coin_flip,favorite_3_to_7,low_total_<42,1.9090909090909092,1.9090909090909092,-1.0,0.9090909090909092
2024-11-22T00:45:00Z,2024-11-22T00:40:39Z,2024-11-22T00:35:38Z,2024-11-22T00:45:38Z,3544bdfabe61cc6d4389984a5ca83955,americanfootball_nfl,2024-11-22 01:15:00+00:00,Cleveland Browns,Pittsburgh Steelers,fanduel,FanDuel,2024-11-22T00:38:51Z,player_rush_yds,2024-11-22T00:40:23Z,Jerome Ford,17.5,-110.0,-110,2024-11-21,CLE,PIT,jerome ford,2024,12,Jerome Ford,CLE,RB,0.0,19.0,8.0,1.0,19.0,1,False,3.5,-3.5,36.5,True,False,3.5,-3.5,True,False,False,16.5,2024,12,19.0,1.5,True,False,0.5238095238095238,0.5238095238095238,0.04761904761904767,<20,coin_flip,favorite_3_to_7,low_total_<42,1.9090909090909092,1.9090909090909092,0.9090909090909092,-1.0
2024-11-22T00:45:00Z,2024-11-22T00:40:39Z,2024-11-22T00:35:38Z,2024-11-22T00:45:38Z,3544bdfabe61cc6d4389984a5ca83955,americanfootball_nfl,2024-11-22 01:15:00+00:00,Cleveland Browns,Pittsburgh Steelers,fanduel,FanDuel,2024-11-22T00:38:51Z,player_rush_yds,2024-11-22T00:40:23Z,Russell Wilson,9.5,-110.0,-110,2024-11-21,CLE,PIT,russell wilson,2024,12,Russell Wilson,PIT,QB,270.0,10.0,0.0,0.0,10.0,1,False,3.5,-3.5,36.5,False,True,-3.5,3.5,False,True,False,20.0,2024,12,10.0,0.5,True,False,0.5238095238095238,0.5238095238095238,0.04761904761904767,<20,coin_flip,dog_3_to_7,low_total_<42,1.9090909090909092,1.9090909090909092,0.9090909090909092,-1.0
2024-11-22T00:45:00Z,2024-11-22T00:40:39Z,2024-11-22T00:35:38Z,2024-11-22T00:45:38Z,3544bdfabe61cc6d4389984a5ca83955,americanfootball_nfl,2024-11-22 01:15:00+00:00,Cleveland Browns,Pittsburgh Steelers,fanduel,FanDuel,2024-11-22T00:38:51Z,player_rush_yds,2024-11-22T00:40:23Z,Nick Chubb,52.5,-110.0,-110,2024-11-21,CLE,PIT,nick chubb,2024,12,Nick Chubb,CLE,RB,0.0,59.0,1.0,1.0,59.0,1,False,3.5,-3.5,36.5,True,False,3.5,-3.5,True,False,False,16.5,2024,12,59.0,6.5,True,False,0.5238095238095238,0.5238095238095238,0.04761904761904767,40-60,coin_flip,favorite_3_to_7,low_total_<42,1.9090909090909092,1.9090909090909092,0.9090909090909092,-1.0
2024-11-22T00:45:00Z,2024-11-22T00:40:39Z,2024-11-22T00:35:38Z,2024-11-22T00:45:38Z,3544bdfabe61cc6d4389984a5ca83955,americanfootball_nfl,2024-11-22 01:15:00+00:00,Cleveland Browns,Pittsburgh Steelers,fanduel,FanDuel,2024-11-22T00:38:51Z,player_rush_yds,2024-11-22T00:40:23Z,Jaylen Warren,31.5,-110.0,-110,2024-11-21,CLE,PIT,jaylen warren,2024,12,Jaylen Warren,PIT,RB,0.0,45.0,19.0,3.0,45.0,1,False,3.5,-3.5,36.5,False,True,-3.5,3.5,False,True,False,20.0,2024,12,45.0,13.5,True,False,0.5238095238095238,0.5238095238095238,0.04761904761904767,20-40,coin_flip,dog_3_to_7,low_total_<42,1.9090909090909092,1.9090909090909092,0.9090909090909092,-1.0
2024-11-22T00:45:00Z,2024-11-22T00:40:39Z,2024-11-22T00:35:38Z,2024-11-22T00:45:38Z,3544bdfabe61cc6d4389984a5ca83955,americanfootball_nfl,2024-11-22 01:15:00+00:00,Cleveland Browns,Pittsburgh Steelers,fanduel,FanDuel,2024-11-22T00:38:51Z,player_rush_yds,2024-11-22T00:40:23Z,Najee Harris,73.5,-110.0,-110,2024-11-21,CLE,PIT,najee harris,2024,12,Najee Harris,PIT,RB,0.0,41.0,13.0,2.0,41.0,0,False,3.5,-3.5,36.5,False,True,-3.5,3.5,False,True,False,20.0,2024,12,41.0,-32.5,False,True,0.5238095238095238,0.5238095238095238,0.04761904761904767,60-80,coin_flip,dog_3_to_7,low_total_<42,1.9090909090909092,1.9090909090909092,-1.0,0.9090909090909092
2024-11-24T17:30:00Z,2024-11-24T17:25:38Z,2024-11-24T17:20:38Z,2024-11-24T17:30:38Z,2c895731f7e3bd3effe4e87779fbdcc2,americanfootball_nfl,2024-11-24 18:00:00+00:00,Carolina Panthers,Kansas City Chiefs,fanduel,FanDuel,2024-11-24T17:23:30Z,player_rush_yds,2024-11-24T17:26:07Z,Patrick Mahomes,13.5,-110.0,-110,2024-11-24,CAR,KC,patrick mahomes,2024,12,Patrick Mahomes,KC,QB,269.0,60.0,0.0,0.0,60.0,1,False,11.0,-11.0,43.0,False,True,-11.0,11.0,False,True,False,27.0,2024,12,60.0,46.5,True,False,0.5238095238095238,0.5238095238095238,0.04761904761904767,<20,coin_flip,dog_7_plus,mid_total_42_47,1.9090909090909092,1.9090909090909092,0.9090909090909092,-1.0
2024-11-24T17:30:00Z,2024-11-24T17:25:38Z,2024-11-24T17:20:38Z,2024-11-24T17:30:38Z,2c895731f7e3bd3effe4e87779fbdcc2,americanfootball_nfl,2024-11-24 18:00:00+00:00,Carolina Panthers,Kansas City Chiefs,fanduel,FanDuel,2024-11-24T17:23:30Z,player_rush_yds,2024-11-24T17:26:07Z,Kareem Hunt,77.5,-110.0,-110,2024-11-24,CAR,KC,kareem hunt,2024,12,Kareem Hunt,KC,RB,0.0,68.0,19.0,3.0,68.0,0,False,11.0,-11.0,43.0,False,True,-11.0,11.0,False,True,False,27.0,2024,12,68.0,-9.5,False,True,0.5238095238095238,0.5238095238095238,0.04761904761904767,60-80,coin_flip,dog_7_plus,mid_total_42_47,1.9090909090909092,1.9090909090909092,-1.0,0.9090909090909092
2024-11-24T17:30:00Z,2024-11-24T17:25:38Z,2024-11-24T17:20:38Z,2024-11-24T17:30:38Z,2c895731f7e3bd3effe4e87779fbdcc2,americanfootball_nfl,2024-11-24 18:00:00+00:00,Carolina Panthers,Kansas City Chiefs,fanduel,FanDuel,2024-11-24T17:23:30Z,player_rush_yds,2024-11-24T17:26:07Z,Jonathon Brooks,16.5,-110.0,-110,2024-11-24,CAR,KC,jonathon brooks,2024,12,Jonathon Brooks,CAR,RB,0.0,7.0,0.0,0.0,7.0,0,False,11.0,-11.0,43.0,True,False,11.0,-11.0,True,False,False,16.0,2024,12,7.0,-9.5,False,True,0.5238095238095238,0.5238095238095238,0.04761904761904767,<20,coin_flip,favorite_7_plus,mid_total_42_47,1.9090909090909092,1.9090909090909092,-1.0,0.9090909090909092
2024-11-24T17:30:00Z,2024-11-24T17:25:38Z,2024-11-24T17:20:38Z,2024-11-24T17:30:38Z,2c895731f7e3bd3effe4e87779fbdcc2,americanfootball_nfl,2024-11-24 18:00:00+00:00,Carolina Panthers,Kansas City Chiefs,fanduel,FanDuel,2024-11-24T17:23:30Z,player_rush_yds,2024-11-24T17:26:07Z,Bryce Young,10.5,-122.0,100,2024-11-24,CAR,KC,bryce young,2024,12,Bryce Young,CAR,QB,263.0,20.0,0.0,0.0,20.0,1,False,11.0,-11.0,43.0,True,False,11.0,-11.0,True,False,False,16.0,2024,12,20.0,9.5,True,False,0.5495495495495496,0.5,0.04954954954954971,<20,moderate_favorite,favorite_7_plus,mid_total_42_47,1.819672131147541,2.0,0.819672131147541,-1.0
2024-11-24T17:30:00Z,2024-11-24T17:25:38Z,2024-11-24T17:20:38Z,2024-11-24T17:30:38Z,2c895731f7e3bd3effe4e87779fbdcc2,americanfootball_nfl,2024-11-24 18:00:00+00:00,Carolina Panthers,Kansas City Chiefs,fanduel,FanDuel,2024-11-24T17:23:30Z,player_rush_yds,2024-11-24T17:26:07Z,Chuba Hubbard,55.5,-110.0,-110,2024-11-24,CAR,KC,chuba hubbard,2024,12,Chuba Hubbard,CAR,RB,0.0,58.0,2.0,1.0,58.0,1,False,11.0,-11.0,43.0,True,False,11.0,-11.0,True,False,False,16.0,2024,12,58.0,2.5,True,False,0.5238095238095238,0.5238095238095238,0.04761904761904767,40-60,coin_flip,favorite_7_plus,mid_total_42_47,1.9090909090909092,1.9090909090909092,0.9090909090909092,-1.0
2024-11-24T17:30:00Z,2024-11-24T17:25:38Z,2024-11-24T17:20:38Z,2024-11-24T17:30:38Z,2c895731f7e3bd3effe4e87779fbdcc2,americanfootball_nfl,2024-11-24 18:00:00+00:00,Carolina Panthers,Kansas City Chiefs,fanduel,FanDuel,2024-11-24T17:23:30Z,player_rush_yds,2024-11-24T17:26:07Z,Carson Steele,9.5,-110.0,-110,2024-11-24,CAR,KC,carson steele,2024,12,Carson Steele,KC,RB,0.0,4.0,9.0,1.0,4.0,0,False,11.0,-11.0,43.0,False,True,-11.0,11.0,False,True,False,27.0,2024,12,4.0,-5.5,False,True,0.5238095238095238,0.5238095238095238,0.04761904761904767,<20,coin_flip,dog_7_plus,mid_total_42_47,1.9090909090909092,1.9090909090909092,-1.0,0.9090909090909092
2024-11-24T17:30:00Z,2024-11-24T17:25:38Z,2024-11-24T17:20:38Z,2024-11-24T17:30:38Z,bc6d508d57f822879df4dbc3c4465226,americanfootball_nfl,2024-11-24 18:00:00+00:00,Chicago Bears,Minnesota Vikings,fanduel,FanDuel,2024-11-24T17:23:30Z,player_rush_yds,2024-11-24T17:26:04Z,Sam Darnold,11.5,-110.0,-110,2024-11-24,CHI,MIN,sam darnold,2024,12,Sam Darnold,MIN,QB,330.0,-1.0,0.0,0.0,-1.0,0,False,3.0,-3.0,39.5,False,True,-3.0,3.0,False,True,False,21.25,2024,12,-1.0,-12.5,False,True,0.5238095238095238,0.5238095238095238,0.04761904761904767,<20,coin_flip,dog_0_to_3,low_total_<42,1.9090909090909092,1.9090909090909092,-1.0,0.9090909090909092
2024-11-24T17:30:00Z,2024-11-24T17:25:38Z,2024-11-24T17:20:38Z,2024-11-24T17:30:38Z,bc6d508d57f822879df4dbc3c4465226,americanfootball_nfl,2024-11-24 18:00:00+00:00,Chicago Bears,Minnesota Vikings,fanduel,FanDuel,2024-11-24T17:23:30Z,player_rush_yds,2024-11-24T17:26:04Z,Caleb Williams,22.5,-110.0,-110,2024-11-24,CHI,MIN,caleb williams,2024,12,Caleb Williams,CHI,QB,340.0,33.0,0.0,0.0,33.0,1,False,3.0,-3.0,39.5,True,False,3.0,-3.0,True,False,False,18.25,2024,12,33.0,10.5,True,False,0.5238095238095238,0.5238095238095238,0.04761904761904767,20-40,coin_flip,favorite_0_to_3,low_total_<42,1.9090909090909092,1.9090909090909092,0.9090909090909092,-1.0
2024-11-24T17:30:00Z,2024-11-24T17:25:38Z,2024-11-24T17:20:38Z,2024-11-24T17:30:38Z,bc6d508d57f822879df4dbc3c4465226,americanfootball_nfl,2024-11-24 18:00:00+00:00,Chicago Bears,Minnesota Vikings,fanduel,FanDuel,2024-11-24T17:23:30Z,player_rush_yds,2024-11-24T17:26:04Z,Aaron Jones,63.5,-110.0,-110,2024-11-24,CHI,MIN,aaron jones,2024,12,Aaron Jones,MIN,RB,0.0,106.0,23.0,3.0,106.0,1,False,3.0,-3.0,39.5,False,True,-3.0,3.0,False,True,False,21.25,2024,12,106.0,42.5,True,False,0.5238095238095238,0.5238095238095238,0.04761904761904767,60-80,coin_flip,dog_0_to_3,low_total_<42,1.9090909090909092,1.9090909090909092,0.9090909090909092,-1.0
2024-11-24T17:30:00Z,2024-11-24T17:25:38Z,2024-11-24T17:20:38Z,2024-11-24T17:30:38Z,bc6d508d57f822879df4dbc3c4465226,americanfootball_nfl,2024-11-24 18:00:00+00:00,Chicago Bears,Minnesota Vikings,fanduel,FanDuel,2024-11-24T17:23:30Z,player_rush_yds,2024-11-24T17:26:04Z,D'Andre Swift,50.5,-110.0,-110,2024-11-24,CHI,MIN,dandre swift,2024,12,D'Andre Swift,CHI,RB,0.0,30.0,35.0,3.0,30.0,0,False,3.0,-3.0,39.5,True,False,3.0,-3.0,True,False,False,18.25,2024,12,30.0,-20.5,False,True,0.5238095238095238,0.5238095238095238,0.04761904761904767,40-60,coin_flip,favorite_0_to_3,low_total_<42,1.9090909090909092,1.9090909090909092,-1.0,0.9090909090909092
2024-11-24T17:30:00Z,2024-11-24T17:25:38Z,2024-11-24T17:20:38Z,2024-11-24T17:30:38Z,3c833a498591fa8934c84aa7f3215b7f,americanfootball_nfl,2024-11-24 18:00:00+00:00,Washington Commanders,Dallas Cowboys,fanduel,FanDuel,2024-11-24T17:23:30Z,player_rush_yds,2024-11-24T17:25:50Z,Rico Dowdle,53.5,-110.0,-110,2024-11-24,WAS,DAL,rico dowdle,2024,12,Rico Dowdle,DAL,RB,0.0,86.0,12.0,3.0,86.0,1,False,-10.5,10.5,45.0,False,True,10.5,-10.5,True,False,False,17.25,2024,12,86.0,32.5,True,False,0.5238095238095238,0.5238095238095238,0.04761904761904767,40-60,coin_flip,favorite_7_plus,mid_total_42_47,1.9090909090909092,1.9090909090909092,0.9090909090909092,-1.0
2024-11-24T17:30:00Z,2024-11-24T17:25:38Z,2024-11-24T17:20:38Z,2024-11-24T17:30:38Z,3c833a498591fa8934c84aa7f3215b7f,americanfootball_nfl,2024-11-24 18:00:00+00:00,Washington Commanders,Dallas Cowboys,fanduel,FanDuel,2024-11-24T17:23:30Z,player_rush_yds,2024-11-24T17:25:50Z,Jayden Daniels,38.5,-110.0,-110,2024-11-24,WAS,DAL,jayden daniels,2024,12,Jayden Daniels,WAS,QB,275.0,74.0,0.0,0.0,74.0,1,False,-10.5,10.5,45.0,True,False,-10.5,10.5,False,True,False,27.75,2024,12,74.0,35.5,True,False,0.5238095238095238,0.5238095238095238,0.04761904761904767,20-40,coin_flip,dog_7_plus,mid_total_42_47,1.9090909090909092,1.9090909090909092,0.9090909090909092,-1.0
2024-11-24T17:30:00Z,2024-11-24T17:25:38Z,2024-11-24T17:20:38Z,2024-11-24T17:30:38Z,3c833a498591fa8934c84aa7f3215b7f,americanfootball_nfl,2024-11-24 18:00:00+00:00,Washington Commanders,Dallas Cowboys,fanduel,FanDuel,2024-11-24T17:23:30Z,player_rush_yds,2024-11-24T17:25:50Z,Austin Ekeler,22.5,-110.0,-110,2024-11-24,WAS,DAL,austin ekeler,2024,12,Austin Ekeler,WAS,RB,0.0,22.0,2.0,2.0,22.0,0,False,-10.5,10.5,45.0,True,False,-10.5,10.5,False,True,False,27.75,2024,12,22.0,-0.5,False,True,0.5238095238095238,0.5238095238095238,0.04761904761904767,20-40,coin_flip,dog_7_plus,mid_total_42_47,1.9090909090909092,1.9090909090909092,-1.0,0.9090909090909092
2024-11-24T17:30:00Z,2024-11-24T17:25:38Z,2024-11-24T17:20:38Z,2024-11-24T17:30:38Z,3c833a498591fa8934c84aa7f3215b7f,americanfootball_nfl,2024-11-24 18:00:00+00:00,Washington Commanders,Dallas Cowboys,fanduel,FanDuel,2024-11-24T17:23:30Z,player_rush_yds,2024-11-24T17:25:50Z,Brian Robinson Jr.,74.5,-110.0,-110,2024-11-24,WAS,DAL,brian robinson,2024,12,Brian Robinson,WAS,RB,0.0,13.0,11.0,1.0,13.0,0,False,-10.5,10.5,45.0,True,False,-10.5,10.5,False,True,False,27.75,2024,12,13.0,-61.5,False,True,0.5238095238095238,0.5238095238095238,0.04761904761904767,60-80,coin_flip,dog_7_plus,mid_total_42_47,1.9090909090909092,1.9090909090909092,-1.0,0.9090909090909092
2024-11-24T17:30:00Z,2024-11-24T17:25:38Z,2024-11-24T17:20:38Z,2024-11-24T17:30:38Z,2f2541411e68f807dc47d527f5dd4cba,americanfootball_nfl,2024-11-24 18:00:00+00:00,Indianapolis Colts,Detroit Lions,fanduel,FanDuel,2024-11-24T17:23:30Z,player_rush_yds,2024-11-24T17:26:05Z,Anthony Richardson,43.5,-110.0,-110,2024-11-24,IND,DET,anthony richardson,2024,12,Anthony Richardson,IND,QB,172.0,61.0,0.0,0.0,61.0,1,False,7.0,-7.0,50.5,True,False,7.0,-7.0,True,False,False,21.75,2024,12,61.0,17.5,True,False,0.5238095238095238,0.5238095238095238,0.04761904761904767,40-60,coin_flip,favorite_3_to_7,high_total_47_plus,1.9090909090909092,1.9090909090909092,0.9090909090909092,-1.0
2024-11-24T17:30:00Z,2024-11-24T17:25:38Z,2024-11-24T17:20:38Z,2024-11-24T17:30:38Z,2f2541411e68f807dc47d527f5dd4cba,americanfootball_nfl,2024-11-24 18:00:00+00:00,Indianapolis Colts,Detroit Lions,fanduel,FanDuel,2024-11-24T17:23:30Z,player_rush_yds,2024-11-24T17:26:05Z,Jahmyr Gibbs,66.5,-110.0,-110,2024-11-24,IND,DET,jahmyr gibbs,2024,12,Jahmyr Gibbs,DET,RB,0.0,90.0,9.0,3.0,90.0,1,False,7.0,-7.0,50.5,False,True,-7.0,7.0,False,True,False,28.75,2024,12,90.0,23.5,True,False,0.5238095238095238,0.5238095238095238,0.04761904761904767,60-80,coin_flip,dog_3_to_7,high_total_47_plus,1.9090909090909092,1.9090909090909092,0.9090909090909092,-1.0
2024-11-24T17:30:00Z,2024-11-24T17:25:38Z,2024-11-24T17:20:38Z,2024-11-24T17:30:38Z,2f2541411e68f807dc47d527f5dd4cba,americanfootball_nfl,2024-11-24 18:00:00+00:00,Indianapolis Colts,Detroit Lions,fanduel,FanDuel,2024-11-24T17:23:30Z,player_rush_yds,2024-11-24T17:26:05Z,David Montgomery,58.5,-110.0,-110,2024-11-24,IND,DET,david montgomery,2024,12,David Montgomery,DET,RB,0.0,37.0,36.0,3.0,37.0,0,False,7.0,-7.0,50.5,False,True,-7.0,7.0,False,True,False,28.75,2024,12,37.0,-21.5,False,True,0.5238095238095238,0.5238095238095238,0.04761904761904767,40-60,coin_flip,dog_3_to_7,high_total_47_plus,1.9090909090909092,1.9090909090909092,-1.0,0.9090909090909092
2024-11-24T17:30:00Z,2024-11-24T17:25:38Z,2024-11-24T17:20:38Z,2024-11-24T17:30:38Z,2f2541411e68f807dc47d527f5dd4cba,americanfootball_nfl,2024-11-24 18:00:00+00:00,Indianapolis Colts,Detroit Lions,fanduel,FanDuel,2024-11-24T17:23:30Z,player_rush_yds,2024-11-24T17:26:05Z,Jonathan Taylor,69.5,-110.0,-110,2024-11-24,IND,DET,jonathan taylor,2024,12,Jonathan Taylor,IND,RB,0.0,35.0,0.0,0.0,35.0,0,False,7.0,-7.0,50.5,True,False,7.0,-7.0,True,False,False,21.75,2024,12,35.0,-34.5,False,True,0.5238095238095238,0.5238095238095238,0.04761904761904767,60-80,coin_flip,favorite_3_to_7,high_total_47_plus,1.9090909090909092,1.9090909090909092,-1.0,0.9090909090909092
2024-11-24T17:30:00Z,2024-11-24T17:25:38Z,2024-11-24T17:20:38Z,2024-11-24T17:30:38Z,56f4bfb8e21ec6003f31a080be045fc3,americanfootball_nfl,2024-11-24 18:00:00+00:00,Houston Texans,Tennessee Titans,fanduel,FanDuel,2024-11-24T17:23:30Z,player_rush_yds,2024-11-24T17:25:22Z,Joe Mixon,84.5,-110.0,-110,2024-11-24,HOU,TEN,joe mixon,2024,12,Joe Mixon,HOU,RB,0.0,22.0,23.0,5.0,22.0,0,False,-8.0,8.0,40.5,True,False,-8.0,8.0,False,True,False,24.25,2024,12,22.0,-62.5,False,True,0.5238095238095238,0.5238095238095238,0.04761904761904767,80+,coin_flip,dog_7_plus,low_total_<42,1.9090909090909092,1.9090909090909092,-1.0,0.9090909090909092
2024-11-24T17:30:00Z,2024-11-24T17:25:38Z,2024-11-24T17:20:38Z,2024-11-24T17:30:38Z,56f4bfb8e21ec6003f31a080be045fc3,americanfootball_nfl,2024-11-24 18:00:00+00:00,Houston Texans,Tennessee Titans,fanduel,FanDuel,2024-11-24T17:23:30Z,player_rush_yds,2024-11-24T17:25:22Z,Will Levis,21.5,-132.0,108,2024-11-24,HOU,TEN,will levis,2024,12,Will Levis,TEN,QB,278.0,10.0,0.0,0.0,10.0,0,False,-8.0,8.0,40.5,False,True,8.0,-8.0,True,False,False,16.25,2024,12,10.0,-11.5,False,True,0.5689655172413793,0.4807692307692308,0.049734748010610064,20-40,moderate_favorite,favorite_7_plus,low_total_<42,1.7575757575757576,2.08,-1.0,1.08
2024-11-24T17:30:00Z,2024-11-24T17:25:38Z,2024-11-24T17:20:38Z,2024-11-24T17:30:38Z,56f4bfb8e21ec6003f31a080be045fc3,americanfootball_nfl,2024-11-24 18:00:00+00:00,Houston Texans,Tennessee Titans,fanduel,FanDuel,2024-11-24T17:23:30Z,player_rush_yds,2024-11-24T17:25:22Z,C.J. Stroud,9.5,-110.0,-110,2024-11-24,HOU,TEN,cj stroud,2024,12,C.J. Stroud,HOU,QB,247.0,18.0,0.0,0.0,18.0,1,False,-8.0,8.0,40.5,True,False,-8.0,8.0,False,True,False,24.25,2024,12,18.0,8.5,True,False,0.5238095238095238,0.5238095238095238,0.04761904761904767,<20,coin_flip,dog_7_plus,low_total_<42,1.9090909090909092,1.9090909090909092,0.9090909090909092,-1.0
2024-11-24T17:30:00Z,2024-11-24T17:25:38Z,2024-11-24T17:20:38Z,2024-11-24T17:30:38Z,56f4bfb8e21ec6003f31a080be045fc3,americanfootball_nfl,2024-11-24 18:00:00+00:00,Houston Texans,Tennessee Titans,fanduel,FanDuel,2024-11-24T17:23:30Z,player_rush_yds,2024-11-24T17:25:22Z,Tony Pollard,59.5,-110.0,-110,2024-11-24,HOU,TEN,tony pollard,2024,12,Tony Pollard,TEN,RB,0.0,119.0,10.0,3.0,119.0,1,False,-8.0,8.0,40.5,False,True,8.0,-8.0,True,False,False,16.25,2024,12,119.0,59.5,True,False,0.5238095238095238,0.5238095238095238,0.04761904761904767,40-60,coin_flip,favorite_7_plus,low_total_<42,1.9090909090909092,1.9090909090909092,0.9090909090909092,-1.0
2024-11-24T17:30:00Z,2024-11-24T17:25:38Z,2024-11-24T17:20:38Z,2024-11-24T17:30:38Z,366a8618003ac848eac5144aebbeace4,americanfootball_nfl,2024-11-24 18:00:00+00:00,Miami Dolphins,New England Patriots,fanduel,FanDuel,2024-11-24T17:23:30Z,player_rush_yds,2024-11-24T17:25:37Z,Drake Maye,26.5,-110.0,-110,2024-11-24,MIA,NE,drake maye,2024,12,Drake Maye,NE,QB,222.0,26.0,0.0,0.0,26.0,0,False,-7.5,7.5,46.0,False,True,7.5,-7.5,True,False,False,19.25,2024,12,26.0,-0.5,False,True,0.5238095238095238,0.5238095238095238,0.04761904761904767,20-40,coin_flip,favorite_7_plus,mid_total_42_47,1.9090909090909092,1.9090909090909092,-1.0,0.9090909090909092
2024-11-24T17:30:00Z,2024-11-24T17:25:38Z,2024-11-24T17:20:38Z,2024-11-24T17:30:38Z,366a8618003ac848eac5144aebbeace4,americanfootball_nfl,2024-11-24 18:00:00+00:00,Miami Dolphins,New England Patriots,fanduel,FanDuel,2024-11-24T17:23:30Z,player_rush_yds,2024-11-24T17:25:37Z,Tua Tagovailoa,2.5,100.0,-122,2024-11-24,MIA,NE,tua tagovailoa,2024,12,Tua Tagovailoa,MIA,QB,317.0,-2.0,0.0,0.0,-2.0,0,False,-7.5,7.5,46.0,True,False,-7.5,7.5,False,True,False,26.75,2024,12,-2.0,-4.5,False,True,0.5,0.5495495495495496,0.04954954954954971,<20,plus_money,dog_7_plus,mid_total_42_47,2.0,1.819672131147541,-1.0,0.819672131147541
2024-11-24T17:30:00Z,2024-11-24T17:25:38Z,2024-11-24T17:20:38Z,2024-11-24T17:30:38Z,366a8618003ac848eac5144aebbeace4,americanfootball_nfl,2024-11-24 18:00:00+00:00,Miami Dolphins,New England Patriots,fanduel,FanDuel,2024-11-24T17:23:30Z,player_rush_yds,2024-11-24T17:25:37Z,De'Von Achane,66.5,-110.0,-110,2024-11-24,MIA,NE,devon achane,2024,12,Devon Achane,MIA,RB,0.0,32.0,24.0,3.0,32.0,0,False,-7.5,7.5,46.0,True,False,-7.5,7.5,False,True,False,26.75,2024,12,32.0,-34.5,False,True,0.5238095238095238,0.5238095238095238,0.04761904761904767,60-80,coin_flip,dog_7_plus,mid_total_42_47,1.9090909090909092,1.9090909090909092,-1.0,0.9090909090909092
2024-11-24T17:30:00Z,2024-11-24T17:25:38Z,2024-11-24T17:20:38Z,2024-11-24T17:30:38Z,366a8618003ac848eac5144aebbeace4,americanfootball_nfl,2024-11-24 18:00:00+00:00,Miami Dolphins,New England Patriots,fanduel,FanDuel,2024-11-24T17:23:30Z,player_rush_yds,2024-11-24T17:25:37Z,Rhamondre Stevenson,54.5,-110.0,-110,2024-11-24,MIA,NE,rhamondre stevenson,2024,12,Rhamondre Stevenson,NE,RB,0.0,13.0,0.0,0.0,13.0,0,False,-7.5,7.5,46.0,False,True,7.5,-7.5,True,False,False,19.25,2024,12,13.0,-41.5,False,True,0.5238095238095238,0.5238095238095238,0.04761904761904767,40-60,coin_flip,favorite_7_plus,mid_total_42_47,1.9090909090909092,1.9090909090909092,-1.0,0.9090909090909092
2024-11-24T17:30:00Z,2024-11-24T17:25:38Z,2024-11-24T17:20:38Z,2024-11-24T17:30:38Z,366a8618003ac848eac5144aebbeace4,americanfootball_nfl,2024-11-24 18:00:00+00:00,Miami Dolphins,New England Patriots,fanduel,FanDuel,2024-11-24T17:23:30Z,player_rush_yds,2024-11-24T17:25:37Z,Jaylen Wright,18.5,-110.0,-110,2024-11-24,MIA,NE,jaylen wright,2024,12,Jaylen Wright,MIA,RB,0.0,28.0,0.0,0.0,28.0,1,False,-7.5,7.5,46.0,True,False,-7.5,7.5,False,True,False,26.75,2024,12,28.0,9.5,True,False,0.5238095238095238,0.5238095238095238,0.04761904761904767,<20,coin_flip,dog_7_plus,mid_total_42_47,1.9090909090909092,1.9090909090909092,0.9090909090909092,-1.0
2024-11-24T17:30:00Z,2024-11-24T17:25:38Z,2024-11-24T17:20:38Z,2024-11-24T17:30:38Z,28c6ab7cb99a26666b9c7d649bbd46f3,americanfootball_nfl,2024-11-24 18:00:00+00:00,New York Giants,Tampa Bay Buccaneers,fanduel,FanDuel,2024-11-24T17:23:30Z,player_rush_yds,2024-11-24T17:25:26Z,Baker Mayfield,12.5,-110.0,-110,2024-11-24,NYG,TB,baker mayfield,2024,12,Baker Mayfield,TB,QB,294.0,29.0,0.0,0.0,29.0,1,False,6.5,-6.5,40.5,False,True,-6.5,6.5,False,True,False,23.5,2024,12,29.0,16.5,True,False,0.5238095238095238,0.5238095238095238,0.04761904761904767,<20,coin_flip,dog_3_to_7,low_total_<42,1.9090909090909092,1.9090909090909092,0.9090909090909092,-1.0
2024-11-24T17:30:00Z,2024-11-24T17:25:38Z,2024-11-24T17:20:38Z,2024-11-24T17:30:38Z,28c6ab7cb99a26666b9c7d649bbd46f3,americanfootball_nfl,2024-11-24 18:00:00+00:00,New York Giants,Tampa Bay Buccaneers,fanduel,FanDuel,2024-11-24T17:23:30Z,player_rush_yds,2024-11-24T17:25:26Z,Tommy DeVito,23.5,-110.0,-110,2024-11-24,NYG,TB,tommy devito,2024,12,Tommy DeVito,NYG,QB,189.0,32.0,0.0,0.0,32.0,1,False,6.5,-6.5,40.5,True,False,6.5,-6.5,True,False,False,17.0,2024,12,32.0,8.5,True,False,0.5238095238095238,0.5238095238095238,0.04761904761904767,20-40,coin_flip,favorite_3_to_7,low_total_<42,1.9090909090909092,1.9090909090909092,0.9090909090909092,-1.0
2024-11-24T17:30:00Z,2024-11-24T17:25:38Z,2024-11-24T17:20:38Z,2024-11-24T17:30:38Z,28c6ab7cb99a26666b9c7d649bbd46f3,americanfootball_nfl,2024-11-24 18:00:00+00:00,New York Giants,Tampa Bay Buccaneers,fanduel,FanDuel,2024-11-24T17:23:30Z,player_rush_yds,2024-11-24T17:25:26Z,Devin Singletary,19.5,-110.0,-110,2024-11-24,NYG,TB,devin singletary,2024,12,Devin Singletary,NYG,RB,0.0,3.0,7.0,2.0,3.0,0,False,6.5,-6.5,40.5,True,False,6.5,-6.5,True,False,False,17.0,2024,12,3.0,-16.5,False,True,0.5238095238095238,0.5238095238095238,0.04761904761904767,<20,coin_flip,favorite_3_to_7,low_total_<42,1.9090909090909092,1.9090909090909092,-1.0,0.9090909090909092
2024-11-24T17:30:00Z,2024-11-24T17:25:38Z,2024-11-24T17:20:38Z,2024-11-24T17:30:38Z,28c6ab7cb99a26666b9c7d649bbd46f3,americanfootball_nfl,2024-11-24 18:00:00+00:00,New York Giants,Tampa Bay Buccaneers,fanduel,FanDuel,2024-11-24T17:23:30Z,player_rush_yds,2024-11-24T17:25:26Z,Rachaad White,34.5,-110.0,-110,2024-11-24,NYG,TB,rachaad white,2024,12,Rachaad White,TB,RB,0.0,37.0,10.0,1.0,37.0,1,False,6.5,-6.5,40.5,False,True,-6.5,6.5,False,True,False,23.5,2024,12,37.0,2.5,True,False,0.5238095238095238,0.5238095238095238,0.04761904761904767,20-40,coin_flip,dog_3_to_7,low_total_<42,1.9090909090909092,1.9090909090909092,0.9090909090909092,-1.0
2024-11-24T17:30:00Z,2024-11-24T17:25:38Z,2024-11-24T17:20:38Z,2024-11-24T17:30:38Z,28c6ab7cb99a26666b9c7d649bbd46f3,americanfootball_nfl,2024-11-24 18:00:00+00:00,New York Giants,Tampa Bay Buccaneers,fanduel,FanDuel,2024-11-24T17:23:30Z,player_rush_yds,2024-11-24T17:25:26Z,Bucky Irving,55.5,-110.0,-110,2024-11-24,NYG,TB,bucky irving,2024,12,Bucky Irving,TB,RB,0.0,88.0,64.0,6.0,88.0,1,False,6.5,-6.5,40.5,False,True,-6.5,6.5,False,True,False,23.5,2024,12,88.0,32.5,True,False,0.5238095238095238,0.5238095238095238,0.04761904761904767,40-60,coin_flip,dog_3_to_7,low_total_<42,1.9090909090909092,1.9090909090909092,0.9090909090909092,-1.0
2024-11-24T17:30:00Z,2024-11-24T17:25:38Z,2024-11-24T17:20:38Z,2024-11-24T17:30:38Z,28c6ab7cb99a26666b9c7d649bbd46f3,americanfootball_nfl,2024-11-24 18:00:00+00:00,New York Giants,Tampa Bay Buccaneers,fanduel,FanDuel,2024-11-24T17:23:30Z,player_rush_yds,2024-11-24T17:25:26Z,Tyrone Tracy Jr.,61.5,-110.0,-110,2024-11-24,NYG,TB,tyrone tracy,2024,12,Tyrone Tracy,NYG,RB,0.0,42.0,28.0,4.0,42.0,0,False,6.5,-6.5,40.5,True,False,6.5,-6.5,True,False,False,17.0,2024,12,42.0,-19.5,False,True,0.5238095238095238,0.5238095238095238,0.04761904761904767,60-80,coin_flip,favorite_3_to_7,low_total_<42,1.9090909090909092,1.9090909090909092,-1.0,0.9090909090909092
2024-11-24T20:35:00Z,2024-11-24T20:30:38Z,2024-11-24T20:25:38Z,2024-11-24T20:35:38Z,19d5cf9ece71b4671440a3b9e03942c4,americanfootball_nfl,2024-11-24 21:05:00+00:00,Las Vegas Raiders,Denver Broncos,fanduel,FanDuel,2024-11-24T20:30:17Z,player_rush_yds,2024-11-24T20:30:20Z,Javonte Williams,37.5,-110.0,-110,2024-11-24,LV,DEN,javonte williams,2024,12,Javonte Williams,DEN,RB,0.0,-2.0,6.0,2.0,-2.0,0,False,6.5,-6.5,41.5,False,True,-6.5,6.5,False,True,False,24.0,2024,12,-2.0,-39.5,False,True,0.5238095238095238,0.5238095238095238,0.04761904761904767,20-40,coin_flip,dog_3_to_7,low_total_<42,1.9090909090909092,1.9090909090909092,-1.0,0.9090909090909092
2024-11-24T20:35:00Z,2024-11-24T20:30:38Z,2024-11-24T20:25:38Z,2024-11-24T20:35:38Z,19d5cf9ece71b4671440a3b9e03942c4,americanfootball_nfl,2024-11-24 21:05:00+00:00,Las Vegas Raiders,Denver Broncos,fanduel,FanDuel,2024-11-24T20:30:17Z,player_rush_yds,2024-11-24T20:30:20Z,Audric Estime,25.5,-110.0,-110,2024-11-24,LV,DEN,audric estime,2024,12,Audric Estime,DEN,RB,0.0,15.0,0.0,0.0,15.0,0,False,6.5,-6.5,41.5,False,True,-6.5,6.5,False,True,False,24.0,2024,12,15.0,-10.5,False,True,0.5238095238095238,0.5238095238095238,0.04761904761904767,20-40,coin_flip,dog_3_to_7,low_total_<42,1.9090909090909092,1.9090909090909092,-1.0,0.9090909090909092
2024-11-24T20:35:00Z,2024-11-24T20:30:38Z,2024-11-24T20:25:38Z,2024-11-24T20:35:38Z,19d5cf9ece71b4671440a3b9e03942c4,americanfootball_nfl,2024-11-24 21:05:00+00:00,Las Vegas Raiders,Denver Broncos,fanduel,FanDuel,2024-11-24T20:30:17Z,player_rush_yds,2024-11-24T20:30:20Z,Ameer Abdullah,35.5,-110.0,-110,2024-11-24,LV,DEN,ameer abdullah,2024,12,Ameer Abdullah,LV,RB,0.0,28.0,37.0,5.0,28.0,0,False,6.5,-6.5,41.5,True,False,6.5,-6.5,True,False,False,17.5,2024,12,28.0,-7.5,False,True,0.5238095238095238,0.5238095238095238,0.04761904761904767,20-40,coin_flip,favorite_3_to_7,low_total_<42,1.9090909090909092,1.9090909090909092,-1.0,0.9090909090909092
2024-11-24T20:35:00Z,2024-11-24T20:30:38Z,2024-11-24T20:25:38Z,2024-11-24T20:35:38Z,19d5cf9ece71b4671440a3b9e03942c4,americanfootball_nfl,2024-11-24 21:05:00+00:00,Las Vegas Raiders,Denver Broncos,fanduel,FanDuel,2024-11-24T20:30:17Z,player_rush_yds,2024-11-24T20:30:20Z,Bo Nix,21.5,-110.0,-110,2024-11-24,LV,DEN,bo nix,2024,12,Bo Nix,DEN,QB,273.0,5.0,0.0,0.0,5.0,0,False,6.5,-6.5,41.5,False,True,-6.5,6.5,False,True,False,24.0,2024,12,5.0,-16.5,False,True,0.5238095238095238,0.5238095238095238,0.04761904761904767,20-40,coin_flip,dog_3_to_7,low_total_<42,1.9090909090909092,1.9090909090909092,-1.0,0.9090909090909092
2024-11-24T20:55:00Z,2024-11-24T20:50:38Z,2024-11-24T20:45:38Z,2024-11-24T20:55:38Z,d9a2e1ead2367a3b0f46d247ed5b2906,americanfootball_nfl,2024-11-24 21:25:00+00:00,Seattle Seahawks,Arizona Cardinals,fanduel,FanDuel,2024-11-24T20:49:52Z,player_rush_yds,2024-11-24T20:50:41Z,Kenneth Walker III,62.5,-110.0,-110,2024-11-24,SEA,ARI,kenneth walker,2024,12,Kenneth Walker,SEA,RB,0.0,41.0,52.0,4.0,41.0,0,False,1.0,-1.0,46.5,True,False,1.0,-1.0,True,False,False,22.75,2024,12,41.0,-21.5,False,True,0.5238095238095238,0.5238095238095238,0.04761904761904767,60-80,coin_flip,favorite_0_to_3,mid_total_42_47,1.9090909090909092,1.9090909090909092,-1.0,0.9090909090909092
2024-11-24T20:55:00Z,2024-11-24T20:50:38Z,2024-11-24T20:45:38Z,2024-11-24T20:55:38Z,d9a2e1ead2367a3b0f46d247ed5b2906,americanfootball_nfl,2024-11-24 21:25:00+00:00,Seattle Seahawks,Arizona Cardinals,fanduel,FanDuel,2024-11-24T20:49:52Z,player_rush_yds,2024-11-24T20:50:41Z,Geno Smith,14.5,-110.0,-110,2024-11-24,SEA,ARI,geno smith,2024,12,Geno Smith,SEA,QB,254.0,2.0,0.0,0.0,2.0,0,False,1.0,-1.0,46.5,True,False,1.0,-1.0,True,False,False,22.75,2024,12,2.0,-12.5,False,True,0.5238095238095238,0.5238095238095238,0.04761904761904767,<20,coin_flip,favorite_0_to_3,mid_total_42_47,1.9090909090909092,1.9090909090909092,-1.0,0.9090909090909092
2024-11-24T20:55:00Z,2024-11-24T20:50:38Z,2024-11-24T20:45:38Z,2024-11-24T20:55:38Z,d9a2e1ead2367a3b0f46d247ed5b2906,americanfootball_nfl,2024-11-24 21:25:00+00:00,Seattle Seahawks,Arizona Cardinals,fanduel,FanDuel,2024-11-24T20:49:52Z,player_rush_yds,2024-11-24T20:50:41Z,Kyler Murray,29.5,-110.0,-110,2024-11-24,SEA,ARI,kyler murray,2024,12,Kyler Murray,ARI,QB,285.0,9.0,0.0,0.0,9.0,0,False,1.0,-1.0,46.5,False,True,-1.0,1.0,False,True,False,23.75,2024,12,9.0,-20.5,False,True,0.5238095238095238,0.5238095238095238,0.04761904761904767,20-40,coin_flip,dog_0_to_3,mid_total_42_47,1.9090909090909092,1.9090909090909092,-1.0,0.9090909090909092
2024-11-24T20:55:00Z,2024-11-24T20:50:38Z,2024-11-24T20:45:38Z,2024-11-24T20:55:38Z,d9a2e1ead2367a3b0f46d247ed5b2906,americanfootball_nfl,2024-11-24 21:25:00+00:00,Seattle Seahawks,Arizona Cardinals,fanduel,FanDuel,2024-11-24T20:49:52Z,player_rush_yds,2024-11-24T20:50:41Z,James Conner,66.5,-110.0,-110,2024-11-24,SEA,ARI,james conner,2024,12,James Conner,ARI,RB,0.0,8.0,41.0,5.0,8.0,0,False,1.0,-1.0,46.5,False,True,-1.0,1.0,False,True,False,23.75,2024,12,8.0,-58.5,False,True,0.5238095238095238,0.5238095238095238,0.04761904761904767,60-80,coin_flip,dog_0_to_3,mid_total_42_47,1.9090909090909092,1.9090909090909092,-1.0,0.9090909090909092
2024-11-24T20:55:00Z,2024-11-24T20:50:38Z,2024-11-24T20:45:38Z,2024-11-24T20:55:38Z,d9a2e1ead2367a3b0f46d247ed5b2906,americanfootball_nfl,2024-11-24 21:25:00+00:00,Seattle Seahawks,Arizona Cardinals,fanduel,FanDuel,2024-11-24T20:49:52Z,player_rush_yds,2024-11-24T20:50:41Z,Trey Benson,21.5,-110.0,-110,2024-11-24,SEA,ARI,trey benson,2024,12,Trey Benson,ARI,RB,0.0,18.0,0.0,0.0,18.0,0,False,1.0,-1.0,46.5,False,True,-1.0,1.0,False,True,False,23.75,2024,12,18.0,-3.5,False,True,0.5238095238095238,0.5238095238095238,0.04761904761904767,20-40,coin_flip,dog_0_to_3,mid_total_42_47,1.9090909090909092,1.9090909090909092,-1.0,0.9090909090909092
2024-11-24T20:55:00Z,2024-11-24T20:50:38Z,2024-11-24T20:45:38Z,2024-11-24T20:55:38Z,d9a2e1ead2367a3b0f46d247ed5b2906,americanfootball_nfl,2024-11-24 21:25:00+00:00,Seattle Seahawks,Arizona Cardinals,fanduel,FanDuel,2024-11-24T20:49:52Z,player_rush_yds,2024-11-24T20:50:41Z,Zach Charbonnet,15.5,-105.0,-115,2024-11-24,SEA,ARI,zach charbonnet,2024,12,Zach Charbonnet,SEA,RB,0.0,22.0,0.0,0.0,22.0,1,False,1.0,-1.0,46.5,True,False,1.0,-1.0,True,False,False,22.75,2024,12,22.0,6.5,True,False,0.5121951219512195,0.5348837209302325,0.04707884288145214,<20,coin_flip,favorite_0_to_3,mid_total_42_47,1.9523809523809523,1.8695652173913042,0.9523809523809523,-1.0
2024-11-28T17:00:00Z,2024-11-28T16:55:39Z,2024-11-28T16:50:39Z,2024-11-28T17:00:39Z,818a0f592da4fc2dea2a8caa3170bd6f,americanfootball_nfl,2024-11-28 17:30:00+00:00,Detroit Lions,Chicago Bears,fanduel,FanDuel,2024-11-28T16:54:55Z,player_rush_yds,2024-11-28T16:55:39Z,Caleb Williams,33.5,-110.0,-110,2024-11-28,DET,CHI,caleb williams,2024,13,Caleb Williams,CHI,QB,256.0,39.0,0.0,0.0,39.0,1,False,-9.5,9.5,47.5,False,True,9.5,-9.5,True,False,False,19.0,2024,13,39.0,5.5,True,False,0.5238095238095238,0.5238095238095238,0.04761904761904767,20-40,coin_flip,favorite_7_plus,high_total_47_plus,1.9090909090909092,1.9090909090909092,0.9090909090909092,-1.0
2024-11-28T17:00:00Z,2024-11-28T16:55:39Z,2024-11-28T16:50:39Z,2024-11-28T17:00:39Z,818a0f592da4fc2dea2a8caa3170bd6f,americanfootball_nfl,2024-11-28 17:30:00+00:00,Detroit Lions,Chicago Bears,fanduel,FanDuel,2024-11-28T16:54:55Z,player_rush_yds,2024-11-28T16:55:39Z,Jahmyr Gibbs,69.5,-110.0,-110,2024-11-28,DET,CHI,jahmyr gibbs,2024,13,Jahmyr Gibbs,DET,RB,0.0,87.0,17.0,2.0,87.0,1,False,-9.5,9.5,47.5,True,False,-9.5,9.5,False,True,False,28.5,2024,13,87.0,17.5,True,False,0.5238095238095238,0.5238095238095238,0.04761904761904767,60-80,coin_flip,dog_7_plus,high_total_47_plus,1.9090909090909092,1.9090909090909092,0.9090909090909092,-1.0
2024-11-28T17:00:00Z,2024-11-28T16:55:39Z,2024-11-28T16:50:39Z,2024-11-28T17:00:39Z,818a0f592da4fc2dea2a8caa3170bd6f,americanfootball_nfl,2024-11-28 17:30:00+00:00,Detroit Lions,Chicago Bears,fanduel,FanDuel,2024-11-28T16:54:55Z,player_rush_yds,2024-11-28T16:55:39Z,David Montgomery,52.5,-110.0,-110,2024-11-28,DET,CHI,david montgomery,2024,13,David Montgomery,DET,RB,0.0,88.0,36.0,3.0,88.0,1,False,-9.5,9.5,47.5,True,False,-9.5,9.5,False,True,False,28.5,2024,13,88.0,35.5,True,False,0.5238095238095238,0.5238095238095238,0.04761904761904767,40-60,coin_flip,dog_7_plus,high_total_47_plus,1.9090909090909092,1.9090909090909092,0.9090909090909092,-1.0
2024-11-28T17:00:00Z,2024-11-28T16:55:39Z,2024-11-28T16:50:39Z,2024-11-28T17:00:39Z,818a0f592da4fc2dea2a8caa3170bd6f,americanfootball_nfl,2024-11-28 17:30:00+00:00,Detroit Lions,Chicago Bears,fanduel,FanDuel,2024-11-28T16:54:55Z,player_rush_yds,2024-11-28T16:55:39Z,D'Andre Swift,46.5,-110.0,-110,2024-11-28,DET,CHI,dandre swift,2024,13,D'Andre Swift,CHI,RB,0.0,39.0,35.0,2.0,39.0,0,False,-9.5,9.5,47.5,False,True,9.5,-9.5,True,False,False,19.0,2024,13,39.0,-7.5,False,True,0.5238095238095238,0.5238095238095238,0.04761904761904767,40-60,coin_flip,favorite_7_plus,high_total_47_plus,1.9090909090909092,1.9090909090909092,-1.0,0.9090909090909092
2024-11-28T21:00:00Z,2024-11-28T20:55:38Z,2024-11-28T20:50:39Z,2024-11-28T21:00:39Z,1c53fc0f9537ba80e2c121bb58979a24,americanfootball_nfl,2024-11-28 21:30:00+00:00,Dallas Cowboys,New York Giants,fanduel,FanDuel,2024-11-28T20:54:37Z,player_rush_yds,2024-11-28T20:55:43Z,Ezekiel Elliott,12.5,-110.0,-110,2024-11-28,DAL,NYG,ezekiel elliott,2024,13,Ezekiel Elliott,DAL,RB,0.0,4.0,0.0,0.0,4.0,0,False,-4.5,4.5,39.0,True,False,-4.5,4.5,False,True,False,21.75,2024,13,4.0,-8.5,False,True,0.5238095238095238,0.5238095238095238,0.04761904761904767,<20,coin_flip,dog_3_to_7,low_total_<42,1.9090909090909092,1.9090909090909092,-1.0,0.9090909090909092
2024-11-28T21:00:00Z,2024-11-28T20:55:38Z,2024-11-28T20:50:39Z,2024-11-28T21:00:39Z,1c53fc0f9537ba80e2c121bb58979a24,americanfootball_nfl,2024-11-28 21:30:00+00:00,Dallas Cowboys,New York Giants,fanduel,FanDuel,2024-11-28T20:54:37Z,player_rush_yds,2024-11-28T20:55:43Z,Tyrone Tracy Jr.,63.5,-110.0,-110,2024-11-28,DAL,NYG,tyrone tracy,2024,13,Tyrone Tracy,NYG,RB,0.0,32.0,33.0,2.0,32.0,0,False,-4.5,4.5,39.0,False,True,4.5,-4.5,True,False,False,17.25,2024,13,32.0,-31.5,False,True,0.5238095238095238,0.5238095238095238,0.04761904761904767,60-80,coin_flip,favorite_3_to_7,low_total_<42,1.9090909090909092,1.9090909090909092,-1.0,0.9090909090909092
2024-11-28T21:00:00Z,2024-11-28T20:55:38Z,2024-11-28T20:50:39Z,2024-11-28T21:00:39Z,1c53fc0f9537ba80e2c121bb58979a24,americanfootball_nfl,2024-11-28 21:30:00+00:00,Dallas Cowboys,New York Giants,fanduel,FanDuel,2024-11-28T20:54:37Z,player_rush_yds,2024-11-28T20:55:43Z,Rico Dowdle,68.5,-110.0,-110,2024-11-28,DAL,NYG,rico dowdle,2024,13,Rico Dowdle,DAL,RB,0.0,112.0,11.0,3.0,112.0,1,False,-4.5,4.5,39.0,True,False,-4.5,4.5,False,True,False,21.75,2024,13,112.0,43.5,True,False,0.5238095238095238,0.5238095238095238,0.04761904761904767,60-80,coin_flip,dog_3_to_7,low_total_<42,1.9090909090909092,1.9090909090909092,0.9090909090909092,-1.0
2024-11-29T19:30:00Z,2024-11-29T19:25:39Z,2024-11-29T19:20:39Z,2024-11-29T19:30:38Z,d703217fef577dba3f2d0c38881dd7d3,americanfootball_nfl,2024-11-29 20:00:00+00:00,Kansas City Chiefs,Las Vegas Raiders,fanduel,FanDuel,2024-11-29T19:24:27Z,player_rush_yds,2024-11-29T19:25:58Z,Kareem Hunt,41.5,-110.0,-110,2024-11-29,KC,LV,kareem hunt,2024,13,Kareem Hunt,KC,RB,0.0,15.0,0.0,2.0,15.0,0,False,-13.5,13.5,42.0,True,False,-13.5,13.5,False,True,False,27.75,2024,13,15.0,-26.5,False,True,0.5238095238095238,0.5238095238095238,0.04761904761904767,40-60,coin_flip,dog_7_plus,mid_total_42_47,1.9090909090909092,1.9090909090909092,-1.0,0.9090909090909092
2024-11-29T19:30:00Z,2024-11-29T19:25:39Z,2024-11-29T19:20:39Z,2024-11-29T19:30:38Z,d703217fef577dba3f2d0c38881dd7d3,americanfootball_nfl,2024-11-29 20:00:00+00:00,Kansas City Chiefs,Las Vegas Raiders,fanduel,FanDuel,2024-11-29T19:24:27Z,player_rush_yds,2024-11-29T19:25:58Z,Patrick Mahomes,16.5,100.0,-122,2024-11-29,KC,LV,patrick mahomes,2024,13,Patrick Mahomes,KC,QB,306.0,4.0,0.0,0.0,4.0,0,False,-13.5,13.5,42.0,True,False,-13.5,13.5,False,True,False,27.75,2024,13,4.0,-12.5,False,True,0.5,0.5495495495495496,0.04954954954954971,<20,plus_money,dog_7_plus,mid_total_42_47,2.0,1.819672131147541,-1.0,0.819672131147541
2024-11-29T19:30:00Z,2024-11-29T19:25:39Z,2024-11-29T19:20:39Z,2024-11-29T19:30:38Z,d703217fef577dba3f2d0c38881dd7d3,americanfootball_nfl,2024-11-29 20:00:00+00:00,Kansas City Chiefs,Las Vegas Raiders,fanduel,FanDuel,2024-11-29T19:24:27Z,player_rush_yds,2024-11-29T19:25:58Z,Ameer Abdullah,27.5,-110.0,-110,2024-11-29,KC,LV,ameer abdullah,2024,13,Ameer Abdullah,LV,RB,0.0,39.0,14.0,2.0,39.0,1,False,-13.5,13.5,42.0,False,True,13.5,-13.5,True,False,False,14.25,2024,13,39.0,11.5,True,False,0.5238095238095238,0.5238095238095238,0.04761904761904767,20-40,coin_flip,favorite_7_plus,mid_total_42_47,1.9090909090909092,1.9090909090909092,0.9090909090909092,-1.0
2024-11-29T19:30:00Z,2024-11-29T19:25:39Z,2024-11-29T19:20:39Z,2024-11-29T19:30:38Z,d703217fef577dba3f2d0c38881dd7d3,americanfootball_nfl,2024-11-29 20:00:00+00:00,Kansas City Chiefs,Las Vegas Raiders,fanduel,FanDuel,2024-11-29T19:24:27Z,player_rush_yds,2024-11-29T19:25:58Z,Isiah Pacheco,45.5,-110.0,-110,2024-11-29,KC,LV,isiah pacheco,2024,13,Isiah Pacheco,KC,RB,0.0,44.0,5.0,1.0,44.0,0,False,-13.5,13.5,42.0,True,False,-13.5,13.5,False,True,False,27.75,2024,13,44.0,-1.5,False,True,0.5238095238095238,0.5238095238095238,0.04761904761904767,40-60,coin_flip,dog_7_plus,mid_total_42_47,1.9090909090909092,1.9090909090909092,-1.0,0.9090909090909092
2024-12-01T17:30:00Z,2024-12-01T17:25:38Z,2024-12-01T17:20:37Z,2024-12-01T17:30:38Z,2be5371e838993958fd7eb2eda6fc412,americanfootball_nfl,2024-12-01 18:00:00+00:00,Minnesota Vikings,Arizona Cardinals,fanduel,FanDuel,2024-12-01T17:25:28Z,player_rush_yds,2024-12-01T17:24:52Z,Aaron Jones,66.5,-110.0,-110,2024-12-01,MIN,ARI,aaron jones,2024,13,Aaron Jones,MIN,RB,0.0,22.0,6.0,3.0,22.0,0,False,-3.5,3.5,45.5,True,False,-3.5,3.5,False,True,False,24.5,2024,13,22.0,-44.5,False,True,0.5238095238095238,0.5238095238095238,0.04761904761904767,60-80,coin_flip,dog_3_to_7,mid_total_42_47,1.9090909090909092,1.9090909090909092,-1.0,0.9090909090909092
2024-12-01T17:30:00Z,2024-12-01T17:25:38Z,2024-12-01T17:20:37Z,2024-12-01T17:30:38Z,2be5371e838993958fd7eb2eda6fc412,americanfootball_nfl,2024-12-01 18:00:00+00:00,Minnesota Vikings,Arizona Cardinals,fanduel,FanDuel,2024-12-01T17:25:28Z,player_rush_yds,2024-12-01T17:24:52Z,Cam Akers,18.5,-110.0,-110,2024-12-01,MIN,ARI,cam akers,2024,13,Cam Akers,MIN,RB,0.0,22.0,0.0,0.0,22.0,1,False,-3.5,3.5,45.5,True,False,-3.5,3.5,False,True,False,24.5,2024,13,22.0,3.5,True,False,0.5238095238095238,0.5238095238095238,0.04761904761904767,<20,coin_flip,dog_3_to_7,mid_total_42_47,1.9090909090909092,1.9090909090909092,0.9090909090909092,-1.0
2024-12-01T17:30:00Z,2024-12-01T17:25:38Z,2024-12-01T17:20:37Z,2024-12-01T17:30:38Z,2be5371e838993958fd7eb2eda6fc412,americanfootball_nfl,2024-12-01 18:00:00+00:00,Minnesota Vikings,Arizona Cardinals,fanduel,FanDuel,2024-12-01T17:25:28Z,player_rush_yds,2024-12-01T17:24:52Z,James Conner,46.5,-110.0,-110,2024-12-01,MIN,ARI,james conner,2024,13,James Conner,ARI,RB,0.0,68.0,13.0,3.0,68.0,1,False,-3.5,3.5,45.5,False,True,3.5,-3.5,True,False,False,21.0,2024,13,68.0,21.5,True,False,0.5238095238095238,0.5238095238095238,0.04761904761904767,40-60,coin_flip,favorite_3_to_7,mid_total_42_47,1.9090909090909092,1.9090909090909092,0.9090909090909092,-1.0
2024-12-01T17:30:00Z,2024-12-01T17:25:38Z,2024-12-01T17:20:37Z,2024-12-01T17:30:38Z,2be5371e838993958fd7eb2eda6fc412,americanfootball_nfl,2024-12-01 18:00:00+00:00,Minnesota Vikings,Arizona Cardinals,fanduel,FanDuel,2024-12-01T17:25:28Z,player_rush_yds,2024-12-01T17:24:52Z,Trey Benson,17.5,-110.0,-110,2024-12-01,MIN,ARI,trey benson,2024,13,Trey Benson,ARI,RB,0.0,20.0,0.0,0.0,20.0,1,False,-3.5,3.5,45.5,False,True,3.5,-3.5,True,False,False,21.0,2024,13,20.0,2.5,True,False,0.5238095238095238,0.5238095238095238,0.04761904761904767,<20,coin_flip,favorite_3_to_7,mid_total_42_47,1.9090909090909092,1.9090909090909092,0.9090909090909092,-1.0
2024-12-01T17:30:00Z,2024-12-01T17:25:38Z,2024-12-01T17:20:37Z,2024-12-01T17:30:38Z,2be5371e838993958fd7eb2eda6fc412,americanfootball_nfl,2024-12-01 18:00:00+00:00,Minnesota Vikings,Arizona Cardinals,fanduel,FanDuel,2024-12-01T17:25:28Z,player_rush_yds,2024-12-01T17:24:52Z,Kyler Murray,24.5,-110.0,-110,2024-12-01,MIN,ARI,kyler murray,2024,13,Kyler Murray,ARI,QB,260.0,48.0,0.0,0.0,48.0,1,False,-3.5,3.5,45.5,False,True,3.5,-3.5,True,False,False,21.0,2024,13,48.0,23.5,True,False,0.5238095238095238,0.5238095238095238,0.04761904761904767,20-40,coin_flip,favorite_3_to_7,mid_total_42_47,1.9090909090909092,1.9090909090909092,0.9090909090909092,-1.0
2024-12-01T17:30:00Z,2024-12-01T17:25:38Z,2024-12-01T17:20:37Z,2024-12-01T17:30:38Z,2be5371e838993958fd7eb2eda6fc412,americanfootball_nfl,2024-12-01 18:00:00+00:00,Minnesota Vikings,Arizona Cardinals,fanduel,FanDuel,2024-12-01T17:25:28Z,player_rush_yds,2024-12-01T17:24:52Z,Sam Darnold,11.5,-110.0,-110,2024-12-01,MIN,ARI,sam darnold,2024,13,Sam Darnold,MIN,QB,235.0,22.0,0.0,0.0,22.0,1,False,-3.5,3.5,45.5,True,False,-3.5,3.5,False,True,False,24.5,2024,13,22.0,10.5,True,False,0.5238095238095238,0.5238095238095238,0.04761904761904767,<20,coin_flip,dog_3_to_7,mid_total_42_47,1.9090909090909092,1.9090909090909092,0.9090909090909092,-1.0
2024-12-01T17:30:00Z,2024-12-01T17:25:38Z,2024-12-01T17:20:37Z,2024-12-01T17:30:38Z,45b543405582d30cef04650884f45c6d,americanfootball_nfl,2024-12-01 18:00:00+00:00,Atlanta Falcons,Los Angeles Chargers,fanduel,FanDuel,2024-12-01T17:25:28Z,player_rush_yds,2024-12-01T17:26:03Z,Bijan Robinson,74.5,-110.0,-110,2024-12-01,ATL,LAC,bijan robinson,2024,13,Bijan Robinson,ATL,RB,0.0,102.0,33.0,6.0,102.0,1,False,1.0,-1.0,47.0,True,False,1.0,-1.0,True,False,False,23.0,2024,13,102.0,27.5,True,False,0.5238095238095238,0.5238095238095238,0.04761904761904767,60-80,coin_flip,favorite_0_to_3,high_total_47_plus,1.9090909090909092,1.9090909090909092,0.9090909090909092,-1.0
2024-12-01T17:30:00Z,2024-12-01T17:25:38Z,2024-12-01T17:20:37Z,2024-12-01T17:30:38Z,45b543405582d30cef04650884f45c6d,americanfootball_nfl,2024-12-01 18:00:00+00:00,Atlanta Falcons,Los Angeles Chargers,fanduel,FanDuel,2024-12-01T17:25:28Z,player_rush_yds,2024-12-01T17:26:03Z,Justin Herbert,21.5,-110.0,-110,2024-12-01,ATL,LAC,justin herbert,2024,13,Justin Herbert,LAC,QB,147.0,1.0,0.0,0.0,1.0,0,False,1.0,-1.0,47.0,False,True,-1.0,1.0,False,True,False,24.0,2024,13,1.0,-20.5,False,True,0.5238095238095238,0.5238095238095238,0.04761904761904767,20-40,coin_flip,dog_0_to_3,high_total_47_plus,1.9090909090909092,1.9090909090909092,-1.0,0.9090909090909092
2024-12-01T17:30:00Z,2024-12-01T17:25:38Z,2024-12-01T17:20:37Z,2024-12-01T17:30:38Z,45b543405582d30cef04650884f45c6d,americanfootball_nfl,2024-12-01 18:00:00+00:00,Atlanta Falcons,Los Angeles Chargers,fanduel,FanDuel,2024-12-01T17:25:28Z,player_rush_yds,2024-12-01T17:26:03Z,Gus Edwards,45.5,-110.0,-110,2024-12-01,ATL,LAC,gus edwards,2024,13,Gus Edwards,LAC,RB,0.0,32.0,1.0,1.0,32.0,0,False,1.0,-1.0,47.0,False,True,-1.0,1.0,False,True,False,24.0,2024,13,32.0,-13.5,False,True,0.5238095238095238,0.5238095238095238,0.04761904761904767,40-60,coin_flip,dog_0_to_3,high_total_47_plus,1.9090909090909092,1.9090909090909092,-1.0,0.9090909090909092
2024-12-01T17:30:00Z,2024-12-01T17:25:38Z,2024-12-01T17:20:37Z,2024-12-01T17:30:38Z,45b543405582d30cef04650884f45c6d,americanfootball_nfl,2024-12-01 18:00:00+00:00,Atlanta Falcons,Los Angeles Chargers,fanduel,FanDuel,2024-12-01T17:25:28Z,player_rush_yds,2024-12-01T17:26:03Z,Tyler Allgeier,28.5,-110.0,-110,2024-12-01,ATL,LAC,tyler allgeier,2024,13,Tyler Allgeier,ATL,RB,0.0,16.0,6.0,1.0,16.0,0,False,1.0,-1.0,47.0,True,False,1.0,-1.0,True,False,False,23.0,2024,13,16.0,-12.5,False,True,0.5238095238095238,0.5238095238095238,0.04761904761904767,20-40,coin_flip,favorite_0_to_3,high_total_47_plus,1.9090909090909092,1.9090909090909092,-1.0,0.9090909090909092
2024-12-01T17:30:00Z,2024-12-01T17:25:38Z,2024-12-01T17:20:37Z,2024-12-01T17:30:38Z,041764a17c3ecb1fccd45fc75b7a2b49,americanfootball_nfl,2024-12-01 18:00:00+00:00,Cincinnati Bengals,Pittsburgh Steelers,fanduel,FanDuel,2024-12-01T17:25:28Z,player_rush_yds,2024-12-01T17:25:14Z,Russell Wilson,8.5,-110.0,-110,2024-12-01,CIN,PIT,russell wilson,2024,13,Russell Wilson,PIT,QB,414.0,3.0,0.0,0.0,3.0,0,False,-3.0,3.0,46.0,False,True,3.0,-3.0,True,False,False,21.5,2024,13,3.0,-5.5,False,True,0.5238095238095238,0.5238095238095238,0.04761904761904767,<20,coin_flip,favorite_0_to_3,mid_total_42_47,1.9090909090909092,1.9090909090909092,-1.0,0.9090909090909092
2024-12-01T17:30:00Z,2024-12-01T17:25:38Z,2024-12-01T17:20:37Z,2024-12-01T17:30:38Z,041764a17c3ecb1fccd45fc75b7a2b49,americanfootball_nfl,2024-12-01 18:00:00+00:00,Cincinnati Bengals,Pittsburgh Steelers,fanduel,FanDuel,2024-12-01T17:25:28Z,player_rush_yds,2024-12-01T17:25:14Z,Chase Brown,65.5,-110.0,-110,2024-12-01,CIN,PIT,chase brown,2024,13,Chase Brown,CIN,RB,0.0,70.0,30.0,3.0,70.0,1,False,-3.0,3.0,46.0,True,False,-3.0,3.0,False,True,False,24.5,2024,13,70.0,4.5,True,False,0.5238095238095238,0.5238095238095238,0.04761904761904767,60-80,coin_flip,dog_0_to_3,mid_total_42_47,1.9090909090909092,1.9090909090909092,0.9090909090909092,-1.0
2024-12-01T17:30:00Z,2024-12-01T17:25:38Z,2024-12-01T17:20:37Z,2024-12-01T17:30:38Z,041764a17c3ecb1fccd45fc75b7a2b49,americanfootball_nfl,2024-12-01 18:00:00+00:00,Cincinnati Bengals,Pittsburgh Steelers,fanduel,FanDuel,2024-12-01T17:25:28Z,player_rush_yds,2024-12-01T17:25:14Z,Najee Harris,56.5,-110.0,-110,2024-12-01,CIN,PIT,najee harris,2024,13,Najee Harris,PIT,RB,0.0,75.0,54.0,6.0,75.0,1,False,-3.0,3.0,46.0,False,True,3.0,-3.0,True,False,False,21.5,2024,13,75.0,18.5,True,False,0.5238095238095238,0.5238095238095238,0.04761904761904767,40-60,coin_flip,favorite_0_to_3,mid_total_42_47,1.9090909090909092,1.9090909090909092,0.9090909090909092,-1.0
2024-12-01T17:30:00Z,2024-12-01T17:25:38Z,2024-12-01T17:20:37Z,2024-12-01T17:30:38Z,041764a17c3ecb1fccd45fc75b7a2b49,americanfootball_nfl,2024-12-01 18:00:00+00:00,Cincinnati Bengals,Pittsburgh Steelers,fanduel,FanDuel,2024-12-01T17:25:28Z,player_rush_yds,2024-12-01T17:25:14Z,Jaylen Warren,38.5,-110.0,-110,2024-12-01,CIN,PIT,jaylen warren,2024,13,Jaylen Warren,PIT,RB,0.0,9.0,55.0,4.0,9.0,0,False,-3.0,3.0,46.0,False,True,3.0,-3.0,True,False,False,21.5,2024,13,9.0,-29.5,False,True,0.5238095238095238,0.5238095238095238,0.04761904761904767,20-40,coin_flip,favorite_0_to_3,mid_total_42_47,1.9090909090909092,1.9090909090909092,-1.0,0.9090909090909092
2024-12-01T17:30:00Z,2024-12-01T17:25:38Z,2024-12-01T17:20:37Z,2024-12-01T17:30:38Z,041764a17c3ecb1fccd45fc75b7a2b49,americanfootball_nfl,2024-12-01 18:00:00+00:00,Cincinnati Bengals,Pittsburgh Steelers,fanduel,FanDuel,2024-12-01T17:25:28Z,player_rush_yds,2024-12-01T17:25:14Z,Joe Burrow,7.5,-110.0,-110,2024-12-01,CIN,PIT,joe burrow,2024,13,Joe Burrow,CIN,QB,309.0,9.0,0.0,0.0,9.0,1,False,-3.0,3.0,46.0,True,False,-3.0,3.0,False,True,False,24.5,2024,13,9.0,1.5,True,False,0.5238095238095238,0.5238095238095238,0.04761904761904767,<20,coin_flip,dog_0_to_3,mid_total_42_47,1.9090909090909092,1.9090909090909092,0.9090909090909092,-1.0
2024-12-01T17:30:00Z,2024-12-01T17:25:38Z,2024-12-01T17:20:37Z,2024-12-01T17:30:38Z,0693d63a0af985e361e21fa59fdd8bed,americanfootball_nfl,2024-12-01 18:00:00+00:00,Jacksonville Jaguars,Houston Texans,fanduel,FanDuel,2024-12-01T17:25:28Z,player_rush_yds,2024-12-01T17:25:17Z,C.J. Stroud,12.5,-110.0,-110,2024-12-01,JAX,HOU,cj stroud,2024,13,C.J. Stroud,HOU,QB,242.0,7.0,0.0,0.0,7.0,0,False,3.5,-3.5,44.5,False,True,-3.5,3.5,False,True,False,24.0,2024,13,7.0,-5.5,False,True,0.5238095238095238,0.5238095238095238,0.04761904761904767,<20,coin_flip,dog_3_to_7,mid_total_42_47,1.9090909090909092,1.9090909090909092,-1.0,0.9090909090909092
2024-12-01T17:30:00Z,2024-12-01T17:25:38Z,2024-12-01T17:20:37Z,2024-12-01T17:30:38Z,0693d63a0af985e361e21fa59fdd8bed,americanfootball_nfl,2024-12-01 18:00:00+00:00,Jacksonville Jaguars,Houston Texans,fanduel,FanDuel,2024-12-01T17:25:28Z,player_rush_yds,2024-12-01T17:25:17Z,Trevor Lawrence,12.5,-110.0,-110,2024-12-01,JAX,HOU,trevor lawrence,2024,13,Trevor Lawrence,JAX,QB,41.0,6.0,0.0,0.0,6.0,0,False,3.5,-3.5,44.5,True,False,3.5,-3.5,True,False,False,20.5,2024,13,6.0,-6.5,False,True,0.5238095238095238,0.5238095238095238,0.04761904761904767,<20,coin_flip,favorite_3_to_7,mid_total_42_47,1.9090909090909092,1.9090909090909092,-1.0,0.9090909090909092
2024-12-01T17:30:00Z,2024-12-01T17:25:38Z,2024-12-01T17:20:37Z,2024-12-01T17:30:38Z,0693d63a0af985e361e21fa59fdd8bed,americanfootball_nfl,2024-12-01 18:00:00+00:00,Jacksonville Jaguars,Houston Texans,fanduel,FanDuel,2024-12-01T17:25:28Z,player_rush_yds,2024-12-01T17:25:17Z,Travis Etienne Jr.,34.5,-110.0,-110,2024-12-01,JAX,HOU,travis etienne,2024,13,Travis Etienne,JAX,RB,0.0,46.0,12.0,3.0,46.0,1,False,3.5,-3.5,44.5,True,False,3.5,-3.5,True,False,False,20.5,2024,13,46.0,11.5,True,False,0.5238095238095238,0.5238095238095238,0.04761904761904767,20-40,coin_flip,favorite_3_to_7,mid_total_42_47,1.9090909090909092,1.9090909090909092,0.9090909090909092,-1.0
2024-12-01T17:30:00Z,2024-12-01T17:25:38Z,2024-12-01T17:20:37Z,2024-12-01T17:30:38Z,0693d63a0af985e361e21fa59fdd8bed,americanfootball_nfl,2024-12-01 18:00:00+00:00,Jacksonville Jaguars,Houston Texans,fanduel,FanDuel,2024-12-01T17:25:28Z,player_rush_yds,2024-12-01T17:25:17Z,Tank Bigsby,37.5,-110.0,-110,2024-12-01,JAX,HOU,tank bigsby,2024,13,Tank Bigsby,JAX,RB,0.0,28.0,7.0,1.0,28.0,0,False,3.5,-3.5,44.5,True,False,3.5,-3.5,True,False,False,20.5,2024,13,28.0,-9.5,False,True,0.5238095238095238,0.5238095238095238,0.04761904761904767,20-40,coin_flip,favorite_3_to_7,mid_total_42_47,1.9090909090909092,1.9090909090909092,-1.0,0.9090909090909092
2024-12-01T17:30:00Z,2024-12-01T17:25:38Z,2024-12-01T17:20:37Z,2024-12-01T17:30:38Z,0693d63a0af985e361e21fa59fdd8bed,americanfootball_nfl,2024-12-01 18:00:00+00:00,Jacksonville Jaguars,Houston Texans,fanduel,FanDuel,2024-12-01T17:25:28Z,player_rush_yds,2024-12-01T17:25:17Z,Joe Mixon,84.5,-110.0,-110,2024-12-01,JAX,HOU,joe mixon,2024,13,Joe Mixon,HOU,RB,0.0,101.0,18.0,4.0,101.0,1,False,3.5,-3.5,44.5,False,True,-3.5,3.5,False,True,False,24.0,2024,13,101.0,16.5,True,False,0.5238095238095238,0.5238095238095238,0.04761904761904767,80+,coin_flip,dog_3_to_7,mid_total_42_47,1.9090909090909092,1.9090909090909092,0.9090909090909092,-1.0
2024-12-01T17:30:00Z,2024-12-01T17:25:38Z,2024-12-01T17:20:37Z,2024-12-01T17:30:38Z,8b7a76ee61f07cddbb60fc1e079bfeed,americanfootball_nfl,2024-12-01 18:00:00+00:00,New England Patriots,Indianapolis Colts,fanduel,FanDuel,2024-12-01T17:25:28Z,player_rush_yds,2024-12-01T17:25:53Z,Jonathan Taylor,82.5,-110.0,-110,2024-12-01,NE,IND,jonathan taylor,2024,13,Jonathan Taylor,IND,RB,0.0,96.0,7.0,1.0,96.0,1,False,2.5,-2.5,41.5,False,True,-2.5,2.5,False,True,False,22.0,2024,13,96.0,13.5,True,False,0.5238095238095238,0.5238095238095238,0.04761904761904767,80+,coin_flip,dog_0_to_3,low_total_<42,1.9090909090909092,1.9090909090909092,0.9090909090909092,-1.0
2024-12-01T17:30:00Z,2024-12-01T17:25:38Z,2024-12-01T17:20:37Z,2024-12-01T17:30:38Z,8b7a76ee61f07cddbb60fc1e079bfeed,americanfootball_nfl,2024-12-01 18:00:00+00:00,New England Patriots,Indianapolis Colts,fanduel,FanDuel,2024-12-01T17:25:28Z,player_rush_yds,2024-12-01T17:25:53Z,Anthony Richardson,41.5,-110.0,-110,2024-12-01,NE,IND,anthony richardson,2024,13,Anthony Richardson,IND,QB,109.0,48.0,0.0,0.0,48.0,1,False,2.5,-2.5,41.5,False,True,-2.5,2.5,False,True,False,22.0,2024,13,48.0,6.5,True,False,0.5238095238095238,0.5238095238095238,0.04761904761904767,40-60,coin_flip,dog_0_to_3,low_total_<42,1.9090909090909092,1.9090909090909092,0.9090909090909092,-1.0
2024-12-01T17:30:00Z,2024-12-01T17:25:38Z,2024-12-01T17:20:37Z,2024-12-01T17:30:38Z,8b7a76ee61f07cddbb60fc1e079bfeed,americanfootball_nfl,2024-12-01 18:00:00+00:00,New England Patriots,Indianapolis Colts,fanduel,FanDuel,2024-12-01T17:25:28Z,player_rush_yds,2024-12-01T17:25:53Z,Drake Maye,32.5,-110.0,-110,2024-12-01,NE,IND,drake maye,2024,13,Drake Maye,NE,QB,238.0,59.0,0.0,0.0,59.0,1,False,2.5,-2.5,41.5,True,False,2.5,-2.5,True,False,False,19.5,2024,13,59.0,26.5,True,False,0.5238095238095238,0.5238095238095238,0.04761904761904767,20-40,coin_flip,favorite_0_to_3,low_total_<42,1.9090909090909092,1.9090909090909092,0.9090909090909092,-1.0
2024-12-01T17:30:00Z,2024-12-01T17:25:38Z,2024-12-01T17:20:37Z,2024-12-01T17:30:38Z,8b7a76ee61f07cddbb60fc1e079bfeed,americanfootball_nfl,2024-12-01 18:00:00+00:00,New England Patriots,Indianapolis Colts,fanduel,FanDuel,2024-12-01T17:25:28Z,player_rush_yds,2024-12-01T17:25:53Z,Rhamondre Stevenson,52.5,-110.0,-110,2024-12-01,NE,IND,rhamondre stevenson,2024,13,Rhamondre Stevenson,NE,RB,0.0,73.0,21.0,3.0,73.0,1,False,2.5,-2.5,41.5,True,False,2.5,-2.5,True,False,False,19.5,2024,13,73.0,20.5,True,False,0.5238095238095238,0.5238095238095238,0.04761904761904767,40-60,coin_flip,favorite_0_to_3,low_total_<42,1.9090909090909092,1.9090909090909092,0.9090909090909092,-1.0
2024-12-01T17:30:00Z,2024-12-01T17:25:38Z,2024-12-01T17:20:37Z,2024-12-01T17:30:38Z,63057e9eb2da9cc89ac93911769b9a3e,americanfootball_nfl,2024-12-01 18:00:00+00:00,New York Jets,Seattle Seahawks,fanduel,FanDuel,2024-12-01T17:25:28Z,player_rush_yds,2024-12-01T17:25:52Z,Breece Hall,52.5,-110.0,-110,2024-12-01,NYJ,SEA,breece hall,2024,13,Breece Hall,NYJ,RB,0.0,60.0,0.0,0.0,60.0,1,False,-1.0,1.0,41.5,True,False,-1.0,1.0,False,True,False,21.25,2024,13,60.0,7.5,True,False,0.5238095238095238,0.5238095238095238,0.04761904761904767,40-60,coin_flip,dog_0_to_3,low_total_<42,1.9090909090909092,1.9090909090909092,0.9090909090909092,-1.0
2024-12-01T17:30:00Z,2024-12-01T17:25:38Z,2024-12-01T17:20:37Z,2024-12-01T17:30:38Z,63057e9eb2da9cc89ac93911769b9a3e,americanfootball_nfl,2024-12-01 18:00:00+00:00,New York Jets,Seattle Seahawks,fanduel,FanDuel,2024-12-01T17:25:28Z,player_rush_yds,2024-12-01T17:25:52Z,Zach Charbonnet,15.5,-110.0,-110,2024-12-01,NYJ,SEA,zach charbonnet,2024,13,Zach Charbonnet,SEA,RB,0.0,28.0,13.0,2.0,28.0,1,False,-1.0,1.0,41.5,False,True,1.0,-1.0,True,False,False,20.25,2024,13,28.0,12.5,True,False,0.5238095238095238,0.5238095238095238,0.04761904761904767,<20,coin_flip,favorite_0_to_3,low_total_<42,1.9090909090909092,1.9090909090909092,0.9090909090909092,-1.0
2024-12-01T17:30:00Z,2024-12-01T17:25:38Z,2024-12-01T17:20:37Z,2024-12-01T17:30:38Z,63057e9eb2da9cc89ac93911769b9a3e,americanfootball_nfl,2024-12-01 18:00:00+00:00,New York Jets,Seattle Seahawks,fanduel,FanDuel,2024-12-01T17:25:28Z,player_rush_yds,2024-12-01T17:25:52Z,Geno Smith,12.5,-110.0,-110,2024-12-01,NYJ,SEA,geno smith,2024,13,Geno Smith,SEA,QB,206.0,2.0,0.0,0.0,2.0,0,False,-1.0,1.0,41.5,False,True,1.0,-1.0,True,False,False,20.25,2024,13,2.0,-10.5,False,True,0.5238095238095238,0.5238095238095238,0.04761904761904767,<20,coin_flip,favorite_0_to_3,low_total_<42,1.9090909090909092,1.9090909090909092,-1.0,0.9090909090909092
2024-12-01T17:30:00Z,2024-12-01T17:25:38Z,2024-12-01T17:20:37Z,2024-12-01T17:30:38Z,63057e9eb2da9cc89ac93911769b9a3e,americanfootball_nfl,2024-12-01 18:00:00+00:00,New York Jets,Seattle Seahawks,fanduel,FanDuel,2024-12-01T17:25:28Z,player_rush_yds,2024-12-01T17:25:52Z,Kenneth Walker III,62.5,-110.0,-110,2024-12-01,NYJ,SEA,kenneth walker,2024,13,Kenneth Walker,SEA,RB,0.0,49.0,-3.0,2.0,49.0,0,False,-1.0,1.0,41.5,False,True,1.0,-1.0,True,False,False,20.25,2024,13,49.0,-13.5,False,True,0.5238095238095238,0.5238095238095238,0.04761904761904767,60-80,coin_flip,favorite_0_to_3,low_total_<42,1.9090909090909092,1.9090909090909092,-1.0,0.9090909090909092
2024-12-01T17:30:00Z,2024-12-01T17:25:38Z,2024-12-01T17:20:37Z,2024-12-01T17:30:38Z,63057e9eb2da9cc89ac93911769b9a3e,americanfootball_nfl,2024-12-01 18:00:00+00:00,New York Jets,Seattle Seahawks,fanduel,FanDuel,2024-12-01T17:25:28Z,player_rush_yds,2024-12-01T17:25:52Z,Braelon Allen,28.5,-110.0,-110,2024-12-01,NYJ,SEA,braelon allen,2024,13,Braelon Allen,NYJ,RB,0.0,11.0,16.0,2.0,11.0,0,False,-1.0,1.0,41.5,True,False,-1.0,1.0,False,True,False,21.25,2024,13,11.0,-17.5,False,True,0.5238095238095238,0.5238095238095238,0.04761904761904767,20-40,coin_flip,dog_0_to_3,low_total_<42,1.9090909090909092,1.9090909090909092,-1.0,0.9090909090909092
2024-12-01T17:30:00Z,2024-12-01T17:25:38Z,2024-12-01T17:20:37Z,2024-12-01T17:30:38Z,cea1abe8ef88e4105f4cd505b45cd781,americanfootball_nfl,2024-12-01 18:00:00+00:00,Washington Commanders,Tennessee Titans,fanduel,FanDuel,2024-12-01T17:25:28Z,player_rush_yds,2024-12-01T17:24:57Z,Tony Pollard,62.5,-110.0,-110,2024-12-01,WAS,TEN,tony pollard,2024,13,Tony Pollard,TEN,RB,0.0,35.0,33.0,4.0,35.0,0,False,-6.0,6.0,45.0,False,True,6.0,-6.0,True,False,False,19.5,2024,13,35.0,-27.5,False,True,0.5238095238095238,0.5238095238095238,0.04761904761904767,60-80,coin_flip,favorite_3_to_7,mid_total_42_47,1.9090909090909092,1.9090909090909092,-1.0,0.9090909090909092
2024-12-01T17:30:00Z,2024-12-01T17:25:38Z,2024-12-01T17:20:37Z,2024-12-01T17:30:38Z,cea1abe8ef88e4105f4cd505b45cd781,americanfootball_nfl,2024-12-01 18:00:00+00:00,Washington Commanders,Tennessee Titans,fanduel,FanDuel,2024-12-01T17:25:28Z,player_rush_yds,2024-12-01T17:24:57Z,Brian Robinson Jr.,58.5,-110.0,-110,2024-12-01,WAS,TEN,brian robinson,2024,13,Brian Robinson,WAS,RB,0.0,103.0,6.0,1.0,103.0,1,False,-6.0,6.0,45.0,True,False,-6.0,6.0,False,True,False,25.5,2024,13,103.0,44.5,True,False,0.5238095238095238,0.5238095238095238,0.04761904761904767,40-60,coin_flip,dog_3_to_7,mid_total_42_47,1.9090909090909092,1.9090909090909092,0.9090909090909092,-1.0
2024-12-01T17:30:00Z,2024-12-01T17:25:38Z,2024-12-01T17:20:37Z,2024-12-01T17:30:38Z,cea1abe8ef88e4105f4cd505b45cd781,americanfootball_nfl,2024-12-01 18:00:00+00:00,Washington Commanders,Tennessee Titans,fanduel,FanDuel,2024-12-01T17:25:28Z,player_rush_yds,2024-12-01T17:24:57Z,Will Levis,21.5,-110.0,-110,2024-12-01,WAS,TEN,will levis,2024,13,Will Levis,TEN,QB,212.0,-3.0,0.0,0.0,-3.0,0,False,-6.0,6.0,45.0,False,True,6.0,-6.0,True,False,False,19.5,2024,13,-3.0,-24.5,False,True,0.5238095238095238,0.5238095238095238,0.04761904761904767,20-40,coin_flip,favorite_3_to_7,mid_total_42_47,1.9090909090909092,1.9090909090909092,-1.0,0.9090909090909092
2024-12-01T17:30:00Z,2024-12-01T17:25:38Z,2024-12-01T17:20:37Z,2024-12-01T17:30:38Z,cea1abe8ef88e4105f4cd505b45cd781,americanfootball_nfl,2024-12-01 18:00:00+00:00,Washington Commanders,Tennessee Titans,fanduel,FanDuel,2024-12-01T17:25:28Z,player_rush_yds,2024-12-01T17:24:57Z,Jayden Daniels,42.5,-110.0,-110,2024-12-01,WAS,TEN,jayden daniels,2024,13,Jayden Daniels,WAS,QB,206.0,34.0,0.0,0.0,34.0,0,False,-6.0,6.0,45.0,True,False,-6.0,6.0,False,True,False,25.5,2024,13,34.0,-8.5,False,True,0.5238095238095238,0.5238095238095238,0.04761904761904767,40-60,coin_flip,dog_3_to_7,mid_total_42_47,1.9090909090909092,1.9090909090909092,-1.0,0.9090909090909092
2024-12-01T17:30:00Z,2024-12-01T17:25:38Z,2024-12-01T17:20:37Z,2024-12-01T17:30:38Z,cea1abe8ef88e4105f4cd505b45cd781,americanfootball_nfl,2024-12-01 18:00:00+00:00,Washington Commanders,Tennessee Titans,fanduel,FanDuel,2024-12-01T17:25:28Z,player_rush_yds,2024-12-01T17:24:57Z,Tyjae Spears,21.5,-110.0,-110,2024-12-01,WAS,TEN,tyjae spears,2024,13,Tyjae Spears,TEN,RB,0.0,3.0,0.0,0.0,3.0,0,False,-6.0,6.0,45.0,False,True,6.0,-6.0,True,False,False,19.5,2024,13,3.0,-18.5,False,True,0.5238095238095238,0.5238095238095238,0.04761904761904767,20-40,coin_flip,favorite_3_to_7,mid_total_42_47,1.9090909090909092,1.9090909090909092,-1.0,0.9090909090909092
2024-12-01T20:35:00Z,2024-12-01T20:30:37Z,2024-12-01T20:25:37Z,2024-12-01T20:35:37Z,59ffd762ad2b5d96196f4f58037ab670,americanfootball_nfl,2024-12-01 21:05:00+00:00,Carolina Panthers,Tampa Bay Buccaneers,fanduel,FanDuel,2024-12-01T20:30:30Z,player_rush_yds,2024-12-01T20:30:46Z,Bryce Young,13.5,-110.0,-110,2024-12-01,CAR,TB,bryce young,2024,13,Bryce Young,CAR,QB,298.0,17.0,0.0,0.0,17.0,1,False,6.5,-6.5,46.0,True,False,6.5,-6.5,True,False,False,19.75,2024,13,17.0,3.5,True,False,0.5238095238095238,0.5238095238095238,0.04761904761904767,<20,coin_flip,favorite_3_to_7,mid_total_42_47,1.9090909090909092,1.9090909090909092,0.9090909090909092,-1.0
2024-12-01T20:35:00Z,2024-12-01T20:30:37Z,2024-12-01T20:25:37Z,2024-12-01T20:35:37Z,59ffd762ad2b5d96196f4f58037ab670,americanfootball_nfl,2024-12-01 21:05:00+00:00,Carolina Panthers,Tampa Bay Buccaneers,fanduel,FanDuel,2024-12-01T20:30:30Z,player_rush_yds,2024-12-01T20:30:46Z,Baker Mayfield,12.5,-110.0,-110,2024-12-01,CAR,TB,baker mayfield,2024,13,Baker Mayfield,TB,QB,235.0,8.0,0.0,0.0,8.0,0,False,6.5,-6.5,46.0,False,True,-6.5,6.5,False,True,False,26.25,2024,13,8.0,-4.5,False,True,0.5238095238095238,0.5238095238095238,0.04761904761904767,<20,coin_flip,dog_3_to_7,mid_total_42_47,1.9090909090909092,1.9090909090909092,-1.0,0.9090909090909092
2024-12-01T20:35:00Z,2024-12-01T20:30:37Z,2024-12-01T20:25:37Z,2024-12-01T20:35:37Z,59ffd762ad2b5d96196f4f58037ab670,americanfootball_nfl,2024-12-01 21:05:00+00:00,Carolina Panthers,Tampa Bay Buccaneers,fanduel,FanDuel,2024-12-01T20:30:30Z,player_rush_yds,2024-12-01T20:30:46Z,Bucky Irving,57.5,-110.0,-110,2024-12-01,CAR,TB,bucky irving,2024,13,Bucky Irving,TB,RB,0.0,152.0,33.0,3.0,152.0,1,False,6.5,-6.5,46.0,False,True,-6.5,6.5,False,True,False,26.25,2024,13,152.0,94.5,True,False,0.5238095238095238,0.5238095238095238,0.04761904761904767,40-60,coin_flip,dog_3_to_7,mid_total_42_47,1.9090909090909092,1.9090909090909092,0.9090909090909092,-1.0
2024-12-01T20:35:00Z,2024-12-01T20:30:37Z,2024-12-01T20:25:37Z,2024-12-01T20:35:37Z,59ffd762ad2b5d96196f4f58037ab670,americanfootball_nfl,2024-12-01 21:05:00+00:00,Carolina Panthers,Tampa Bay Buccaneers,fanduel,FanDuel,2024-12-01T20:30:30Z,player_rush_yds,2024-12-01T20:30:46Z,Jonathon Brooks,11.5,-110.0,-110,2024-12-01,CAR,TB,jonathon brooks,2024,13,Jonathon Brooks,CAR,RB,0.0,18.0,23.0,3.0,18.0,1,False,6.5,-6.5,46.0,True,False,6.5,-6.5,True,False,False,19.75,2024,13,18.0,6.5,True,False,0.5238095238095238,0.5238095238095238,0.04761904761904767,<20,coin_flip,favorite_3_to_7,mid_total_42_47,1.9090909090909092,1.9090909090909092,0.9090909090909092,-1.0
2024-12-01T20:35:00Z,2024-12-01T20:30:37Z,2024-12-01T20:25:37Z,2024-12-01T20:35:37Z,59ffd762ad2b5d96196f4f58037ab670,americanfootball_nfl,2024-12-01 21:05:00+00:00,Carolina Panthers,Tampa Bay Buccaneers,fanduel,FanDuel,2024-12-01T20:30:30Z,player_rush_yds,2024-12-01T20:30:46Z,Rachaad White,36.5,-110.0,-110,2024-12-01,CAR,TB,rachaad white,2024,13,Rachaad White,TB,RB,0.0,76.0,2.0,1.0,76.0,1,False,6.5,-6.5,46.0,False,True,-6.5,6.5,False,True,False,26.25,2024,13,76.0,39.5,True,False,0.5238095238095238,0.5238095238095238,0.04761904761904767,20-40,coin_flip,dog_3_to_7,mid_total_42_47,1.9090909090909092,1.9090909090909092,0.9090909090909092,-1.0
2024-12-01T20:35:00Z,2024-12-01T20:30:37Z,2024-12-01T20:25:37Z,2024-12-01T20:35:37Z,59ffd762ad2b5d96196f4f58037ab670,americanfootball_nfl,2024-12-01 21:05:00+00:00,Carolina Panthers,Tampa Bay Buccaneers,fanduel,FanDuel,2024-12-01T20:30:30Z,player_rush_yds,2024-12-01T20:30:46Z,Chuba Hubbard,65.5,-110.0,-110,2024-12-01,CAR,TB,chuba hubbard,2024,13,Chuba Hubbard,CAR,RB,0.0,43.0,0.0,0.0,43.0,0,False,6.5,-6.5,46.0,True,False,6.5,-6.5,True,False,False,19.75,2024,13,43.0,-22.5,False,True,0.5238095238095238,0.5238095238095238,0.04761904761904767,60-80,coin_flip,favorite_3_to_7,mid_total_42_47,1.9090909090909092,1.9090909090909092,-1.0,0.9090909090909092
2024-12-01T20:35:00Z,2024-12-01T20:30:37Z,2024-12-01T20:25:37Z,2024-12-01T20:35:37Z,9dcbd3e2d022d7ed1ef1e0e7f8b08f2b,americanfootball_nfl,2024-12-01 21:05:00+00:00,New Orleans Saints,Los Angeles Rams,fanduel,FanDuel,2024-12-01T20:30:31Z,player_rush_yds,2024-12-01T20:30:05Z,Alvin Kamara,67.5,-110.0,-110,2024-12-01,NO,LAR,alvin kamara,2024,13,Alvin Kamara,NO,RB,0.0,112.0,7.0,4.0,112.0,1,False,2.5,-2.5,48.5,True,False,2.5,-2.5,True,False,False,23.0,2024,13,112.0,44.5,True,False,0.5238095238095238,0.5238095238095238,0.04761904761904767,60-80,coin_flip,favorite_0_to_3,high_total_47_plus,1.9090909090909092,1.9090909090909092,0.9090909090909092,-1.0
2024-12-01T20:35:00Z,2024-12-01T20:30:37Z,2024-12-01T20:25:37Z,2024-12-01T20:35:37Z,9dcbd3e2d022d7ed1ef1e0e7f8b08f2b,americanfootball_nfl,2024-12-01 21:05:00+00:00,New Orleans Saints,Los Angeles Rams,fanduel,FanDuel,2024-12-01T20:30:31Z,player_rush_yds,2024-12-01T20:30:05Z,Taysom Hill,29.5,-110.0,-110,2024-12-01,NO,LAR,taysom hill,2024,13,Taysom Hill,NO,TE,0.0,10.0,37.0,5.0,10.0,0,False,2.5,-2.5,48.5,True,False,2.5,-2.5,True,False,False,23.0,2024,13,10.0,-19.5,False,True,0.5238095238095238,0.5238095238095238,0.04761904761904767,20-40,coin_flip,favorite_0_to_3,high_total_47_plus,1.9090909090909092,1.9090909090909092,-1.0,0.9090909090909092
2024-12-01T20:35:00Z,2024-12-01T20:30:37Z,2024-12-01T20:25:37Z,2024-12-01T20:35:37Z,9dcbd3e2d022d7ed1ef1e0e7f8b08f2b,americanfootball_nfl,2024-12-01 21:05:00+00:00,New Orleans Saints,Los Angeles Rams,fanduel,FanDuel,2024-12-01T20:30:31Z,player_rush_yds,2024-12-01T20:30:05Z,Kyren Williams,82.5,-110.0,-110,2024-12-01,NO,LAR,kyren williams,2024,13,Kyren Williams,LAR,RB,0.0,104.0,9.0,1.0,104.0,1,False,2.5,-2.5,48.5,False,True,-2.5,2.5,False,True,False,25.5,2024,13,104.0,21.5,True,False,0.5238095238095238,0.5238095238095238,0.04761904761904767,80+,coin_flip,dog_0_to_3,high_total_47_plus,1.9090909090909092,1.9090909090909092,0.9090909090909092,-1.0
2024-12-02T00:50:00Z,2024-12-02T00:45:38Z,2024-12-02T00:40:37Z,2024-12-02T00:50:37Z,31557235498f42eeba725001c12c97ff,americanfootball_nfl,2024-12-02 01:20:00+00:00,Buffalo Bills,San Francisco 49ers,fanduel,FanDuel,2024-12-02T00:44:59Z,player_rush_yds,2024-12-02T00:44:42Z,James Cook,63.5,-110.0,-110,2024-12-01,BUF,SF,james cook,2024,13,James Cook,BUF,RB,0.0,107.0,13.0,1.0,107.0,1,False,-6.5,6.5,45.0,True,False,-6.5,6.5,False,True,False,25.75,2024,13,107.0,43.5,True,False,0.5238095238095238,0.5238095238095238,0.04761904761904767,60-80,coin_flip,dog_3_to_7,mid_total_42_47,1.9090909090909092,1.9090909090909092,0.9090909090909092,-1.0
2024-12-02T00:50:00Z,2024-12-02T00:45:38Z,2024-12-02T00:40:37Z,2024-12-02T00:50:37Z,31557235498f42eeba725001c12c97ff,americanfootball_nfl,2024-12-02 01:20:00+00:00,Buffalo Bills,San Francisco 49ers,fanduel,FanDuel,2024-12-02T00:44:59Z,player_rush_yds,2024-12-02T00:44:42Z,Christian McCaffrey,66.5,-110.0,-110,2024-12-01,BUF,SF,christian mccaffrey,2024,13,Christian McCaffrey,SF,RB,0.0,53.0,14.0,2.0,53.0,0,False,-6.5,6.5,45.0,False,True,6.5,-6.5,True,False,False,19.25,2024,13,53.0,-13.5,False,True,0.5238095238095238,0.5238095238095238,0.04761904761904767,60-80,coin_flip,favorite_3_to_7,mid_total_42_47,1.9090909090909092,1.9090909090909092,-1.0,0.9090909090909092
2024-12-02T00:50:00Z,2024-12-02T00:45:38Z,2024-12-02T00:40:37Z,2024-12-02T00:50:37Z,31557235498f42eeba725001c12c97ff,americanfootball_nfl,2024-12-02 01:20:00+00:00,Buffalo Bills,San Francisco 49ers,fanduel,FanDuel,2024-12-02T00:44:59Z,player_rush_yds,2024-12-02T00:44:42Z,Brock Purdy,17.5,-110.0,-110,2024-12-01,BUF,SF,brock purdy,2024,13,Brock Purdy,SF,QB,94.0,4.0,0.0,0.0,4.0,0,False,-6.5,6.5,45.0,False,True,6.5,-6.5,True,False,False,19.25,2024,13,4.0,-13.5,False,True,0.5238095238095238,0.5238095238095238,0.04761904761904767,<20,coin_flip,favorite_3_to_7,mid_total_42_47,1.9090909090909092,1.9090909090909092,-1.0,0.9090909090909092
2024-12-02T00:50:00Z,2024-12-02T00:45:38Z,2024-12-02T00:40:37Z,2024-12-02T00:50:37Z,31557235498f42eeba725001c12c97ff,americanfootball_nfl,2024-12-02 01:20:00+00:00,Buffalo Bills,San Francisco 49ers,fanduel,FanDuel,2024-12-02T00:44:59Z,player_rush_yds,2024-12-02T00:44:42Z,Josh Allen,36.5,-110.0,-110,2024-12-01,BUF,SF,josh allen,2024,13,Josh Allen,BUF,QB,148.0,18.0,0.0,0.0,18.0,0,False,-6.5,6.5,45.0,True,False,-6.5,6.5,False,True,False,25.75,2024,13,18.0,-18.5,False,True,0.5238095238095238,0.5238095238095238,0.04761904761904767,20-40,coin_flip,dog_3_to_7,mid_total_42_47,1.9090909090909092,1.9090909090909092,-1.0,0.9090909090909092
2024-12-02T23:45:00Z,2024-12-02T23:40:38Z,2024-12-02T23:35:38Z,2024-12-02T23:45:38Z,e73de417d2fd01292ed12cea2a906903,americanfootball_nfl,2024-12-03 01:15:00+00:00,Denver Broncos,Cleveland Browns,fanduel,FanDuel,2024-12-02T23:40:19Z,player_rush_yds,2024-12-02T23:40:30Z,Nick Chubb,51.5,-110.0,-110,2024-12-02,DEN,CLE,nick chubb,2024,13,Nick Chubb,CLE,RB,0.0,21.0,24.0,2.0,21.0,0,False,-6.5,6.5,41.5,False,True,6.5,-6.5,True,False,False,17.5,2024,13,21.0,-30.5,False,True,0.5238095238095238,0.5238095238095238,0.04761904761904767,40-60,coin_flip,favorite_3_to_7,low_total_<42,1.9090909090909092,1.9090909090909092,-1.0,0.9090909090909092
2024-12-02T23:45:00Z,2024-12-02T23:40:38Z,2024-12-02T23:35:38Z,2024-12-02T23:45:38Z,e73de417d2fd01292ed12cea2a906903,americanfootball_nfl,2024-12-03 01:15:00+00:00,Denver Broncos,Cleveland Browns,fanduel,FanDuel,2024-12-02T23:40:19Z,player_rush_yds,2024-12-02T23:40:30Z,Jameis Winston,9.5,-110.0,-110,2024-12-02,DEN,CLE,jameis winston,2024,13,Jameis Winston,CLE,QB,497.0,11.0,0.0,0.0,11.0,1,False,-6.5,6.5,41.5,False,True,6.5,-6.5,True,False,False,17.5,2024,13,11.0,1.5,True,False,0.5238095238095238,0.5238095238095238,0.04761904761904767,<20,coin_flip,favorite_3_to_7,low_total_<42,1.9090909090909092,1.9090909090909092,0.9090909090909092,-1.0
2024-12-02T23:45:00Z,2024-12-02T23:40:38Z,2024-12-02T23:35:38Z,2024-12-02T23:45:38Z,e73de417d2fd01292ed12cea2a906903,americanfootball_nfl,2024-12-03 01:15:00+00:00,Denver Broncos,Cleveland Browns,fanduel,FanDuel,2024-12-02T23:40:19Z,player_rush_yds,2024-12-02T23:40:30Z,Javonte Williams,34.5,-110.0,-110,2024-12-02,DEN,CLE,javonte williams,2024,13,Javonte Williams,DEN,RB,0.0,1.0,3.0,1.0,1.0,0,False,-6.5,6.5,41.5,True,False,-6.5,6.5,False,True,False,24.0,2024,13,1.0,-33.5,False,True,0.5238095238095238,0.5238095238095238,0.04761904761904767,20-40,coin_flip,dog_3_to_7,low_total_<42,1.9090909090909092,1.9090909090909092,-1.0,0.9090909090909092
2024-12-02T23:45:00Z,2024-12-02T23:40:38Z,2024-12-02T23:35:38Z,2024-12-02T23:45:38Z,e73de417d2fd01292ed12cea2a906903,americanfootball_nfl,2024-12-03 01:15:00+00:00,Denver Broncos,Cleveland Browns,fanduel,FanDuel,2024-12-02T23:40:19Z,player_rush_yds,2024-12-02T23:40:30Z,Jaleel McLaughlin,19.5,-110.0,-110,2024-12-02,DEN,CLE,jaleel mclaughlin,2024,13,Jaleel McLaughlin,DEN,RB,0.0,84.0,0.0,1.0,84.0,1,False,-6.5,6.5,41.5,True,False,-6.5,6.5,False,True,False,24.0,2024,13,84.0,64.5,True,False,0.5238095238095238,0.5238095238095238,0.04761904761904767,<20,coin_flip,dog_3_to_7,low_total_<42,1.9090909090909092,1.9090909090909092,0.9090909090909092,-1.0
2024-12-02T23:45:00Z,2024-12-02T23:40:38Z,2024-12-02T23:35:38Z,2024-12-02T23:45:38Z,e73de417d2fd01292ed12cea2a906903,americanfootball_nfl,2024-12-03 01:15:00+00:00,Denver Broncos,Cleveland Browns,fanduel,FanDuel,2024-12-02T23:40:19Z,player_rush_yds,2024-12-02T23:40:30Z,Jerome Ford,14.5,-110.0,-110,2024-12-02,DEN,CLE,jerome ford,2024,13,Jerome Ford,CLE,RB,0.0,41.0,21.0,1.0,41.0,1,False,-6.5,6.5,41.5,False,True,6.5,-6.5,True,False,False,17.5,2024,13,41.0,26.5,True,False,0.5238095238095238,0.5238095238095238,0.04761904761904767,<20,coin_flip,favorite_3_to_7,low_total_<42,1.9090909090909092,1.9090909090909092,0.9090909090909092,-1.0
2024-12-02T23:45:00Z,2024-12-02T23:40:38Z,2024-12-02T23:35:38Z,2024-12-02T23:45:38Z,e73de417d2fd01292ed12cea2a906903,americanfootball_nfl,2024-12-03 01:15:00+00:00,Denver Broncos,Cleveland Browns,fanduel,FanDuel,2024-12-02T23:40:19Z,player_rush_yds,2024-12-02T23:40:30Z,Marvin Mims Jr.,7.5,-110.0,-110,2024-12-02,DEN,CLE,marvin mims,2024,13,Marvin Mims,DEN,WR,0.0,4.0,105.0,3.0,4.0,0,False,-6.5,6.5,41.5,True,False,-6.5,6.5,False,True,False,24.0,2024,13,4.0,-3.5,False,True,0.5238095238095238,0.5238095238095238,0.04761904761904767,<20,coin_flip,dog_3_to_7,low_total_<42,1.9090909090909092,1.9090909090909092,-1.0,0.9090909090909092
2024-12-02T23:45:00Z,2024-12-02T23:40:38Z,2024-12-02T23:35:38Z,2024-12-02T23:45:38Z,e73de417d2fd01292ed12cea2a906903,americanfootball_nfl,2024-12-03 01:15:00+00:00,Denver Broncos,Cleveland Browns,fanduel,FanDuel,2024-12-02T23:40:19Z,player_rush_yds,2024-12-02T23:40:30Z,Audric Estime,17.5,-110.0,-110,2024-12-02,DEN,CLE,audric estime,2024,13,Audric Estime,DEN,RB,0.0,12.0,0.0,0.0,12.0,0,False,-6.5,6.5,41.5,True,False,-6.5,6.5,False,True,False,24.0,2024,13,12.0,-5.5,False,True,0.5238095238095238,0.5238095238095238,0.04761904761904767,<20,coin_flip,dog_3_to_7,low_total_<42,1.9090909090909092,1.9090909090909092,-1.0,0.9090909090909092
2024-12-02T23:45:00Z,2024-12-02T23:40:38Z,2024-12-02T23:35:38Z,2024-12-02T23:45:38Z,e73de417d2fd01292ed12cea2a906903,americanfootball_nfl,2024-12-03 01:15:00+00:00,Denver Broncos,Cleveland Browns,fanduel,FanDuel,2024-12-02T23:40:19Z,player_rush_yds,2024-12-02T23:40:30Z,Bo Nix,23.5,-110.0,-110,2024-12-02,DEN,CLE,bo nix,2024,13,Bo Nix,DEN,QB,294.0,4.0,0.0,0.0,4.0,0,False,-6.5,6.5,41.5,True,False,-6.5,6.5,False,True,False,24.0,2024,13,4.0,-19.5,False,True,0.5238095238095238,0.5238095238095238,0.04761904761904767,20-40,coin_flip,dog_3_to_7,low_total_<42,1.9090909090909092,1.9090909090909092,-1.0,0.9090909090909092
2024-12-08T17:30:00Z,2024-12-08T17:25:37Z,2024-12-08T17:20:38Z,2024-12-08T17:30:37Z,c14dd2e8bf469a6736f73be3c28706e8,americanfootball_nfl,2024-12-08 18:00:00+00:00,Minnesota Vikings,Atlanta Falcons,fanduel,FanDuel,2024-12-08T17:25:24Z,player_rush_yds,2024-12-08T17:26:02Z,Sam Darnold,12.5,-110.0,-110,2024-12-08,MIN,ATL,sam darnold,2024,14,Sam Darnold,MIN,QB,347.0,7.0,0.0,0.0,7.0,0,False,-6.0,6.0,46.5,True,False,-6.0,6.0,False,True,False,26.25,2024,14,7.0,-5.5,False,True,0.5238095238095238,0.5238095238095238,0.04761904761904767,<20,coin_flip,dog_3_to_7,mid_total_42_47,1.9090909090909092,1.9090909090909092,-1.0,0.9090909090909092
2024-12-08T17:30:00Z,2024-12-08T17:25:37Z,2024-12-08T17:20:38Z,2024-12-08T17:30:37Z,c14dd2e8bf469a6736f73be3c28706e8,americanfootball_nfl,2024-12-08 18:00:00+00:00,Minnesota Vikings,Atlanta Falcons,fanduel,FanDuel,2024-12-08T17:25:24Z,player_rush_yds,2024-12-08T17:26:02Z,Tyler Allgeier,20.5,-110.0,-110,2024-12-08,MIN,ATL,tyler allgeier,2024,14,Tyler Allgeier,ATL,RB,0.0,63.0,0.0,0.0,63.0,1,False,-6.0,6.0,46.5,False,True,6.0,-6.0,True,False,False,20.25,2024,14,63.0,42.5,True,False,0.5238095238095238,0.5238095238095238,0.04761904761904767,20-40,coin_flip,favorite_3_to_7,mid_total_42_47,1.9090909090909092,1.9090909090909092,0.9090909090909092,-1.0
2024-12-08T17:30:00Z,2024-12-08T17:25:37Z,2024-12-08T17:20:38Z,2024-12-08T17:30:37Z,c14dd2e8bf469a6736f73be3c28706e8,americanfootball_nfl,2024-12-08 18:00:00+00:00,Minnesota Vikings,Atlanta Falcons,fanduel,FanDuel,2024-12-08T17:25:24Z,player_rush_yds,2024-12-08T17:26:02Z,Cam Akers,23.5,-110.0,-110,2024-12-08,MIN,ATL,cam akers,2024,14,Cam Akers,MIN,RB,0.0,37.0,0.0,0.0,37.0,1,False,-6.0,6.0,46.5,True,False,-6.0,6.0,False,True,False,26.25,2024,14,37.0,13.5,True,False,0.5238095238095238,0.5238095238095238,0.04761904761904767,20-40,coin_flip,dog_3_to_7,mid_total_42_47,1.9090909090909092,1.9090909090909092,0.9090909090909092,-1.0
2024-12-08T17:30:00Z,2024-12-08T17:25:37Z,2024-12-08T17:20:38Z,2024-12-08T17:30:37Z,c14dd2e8bf469a6736f73be3c28706e8,americanfootball_nfl,2024-12-08 18:00:00+00:00,Minnesota Vikings,Atlanta Falcons,fanduel,FanDuel,2024-12-08T17:25:24Z,player_rush_yds,2024-12-08T17:26:02Z,Aaron Jones,62.5,-110.0,-110,2024-12-08,MIN,ATL,aaron jones,2024,14,Aaron Jones,MIN,RB,0.0,73.0,11.0,2.0,73.0,1,False,-6.0,6.0,46.5,True,False,-6.0,6.0,False,True,False,26.25,2024,14,73.0,10.5,True,False,0.5238095238095238,0.5238095238095238,0.04761904761904767,60-80,coin_flip,dog_3_to_7,mid_total_42_47,1.9090909090909092,1.9090909090909092,0.9090909090909092,-1.0
2024-12-08T17:30:00Z,2024-12-08T17:25:37Z,2024-12-08T17:20:38Z,2024-12-08T17:30:37Z,c14dd2e8bf469a6736f73be3c28706e8,americanfootball_nfl,2024-12-08 18:00:00+00:00,Minnesota Vikings,Atlanta Falcons,fanduel,FanDuel,2024-12-08T17:25:24Z,player_rush_yds,2024-12-08T17:26:02Z,Bijan Robinson,64.5,-110.0,-110,2024-12-08,MIN,ATL,bijan robinson,2024,14,Bijan Robinson,ATL,RB,0.0,92.0,9.0,2.0,92.0,1,False,-6.0,6.0,46.5,False,True,6.0,-6.0,True,False,False,20.25,2024,14,92.0,27.5,True,False,0.5238095238095238,0.5238095238095238,0.04761904761904767,60-80,coin_flip,favorite_3_to_7,mid_total_42_47,1.9090909090909092,1.9090909090909092,0.9090909090909092,-1.0
2024-12-08T17:30:00Z,2024-12-08T17:25:37Z,2024-12-08T17:20:38Z,2024-12-08T17:30:37Z,7ae6be20a581839e77dd6b3f4eab564b,americanfootball_nfl,2024-12-08 18:00:00+00:00,Pittsburgh Steelers,Cleveland Browns,fanduel,FanDuel,2024-12-08T17:25:24Z,player_rush_yds,2024-12-08T17:25:49Z,Russell Wilson,6.5,-110.0,-110,2024-12-08,PIT,CLE,russell wilson,2024,14,Russell Wilson,PIT,QB,158.0,17.0,0.0,0.0,17.0,1,False,-6.0,6.0,43.0,True,False,-6.0,6.0,False,True,False,24.5,2024,14,17.0,10.5,True,False,0.5238095238095238,0.5238095238095238,0.04761904761904767,<20,coin_flip,dog_3_to_7,mid_total_42_47,1.9090909090909092,1.9090909090909092,0.9090909090909092,-1.0
2024-12-08T17:30:00Z,2024-12-08T17:25:37Z,2024-12-08T17:20:38Z,2024-12-08T17:30:37Z,7ae6be20a581839e77dd6b3f4eab564b,americanfootball_nfl,2024-12-08 18:00:00+00:00,Pittsburgh Steelers,Cleveland Browns,fanduel,FanDuel,2024-12-08T17:25:24Z,player_rush_yds,2024-12-08T17:25:49Z,Jaylen Warren,32.5,-110.0,-110,2024-12-08,PIT,CLE,jaylen warren,2024,14,Jaylen Warren,PIT,RB,0.0,47.0,25.0,2.0,47.0,1,False,-6.0,6.0,43.0,True,False,-6.0,6.0,False,True,False,24.5,2024,14,47.0,14.5,True,False,0.5238095238095238,0.5238095238095238,0.04761904761904767,20-40,coin_flip,dog_3_to_7,mid_total_42_47,1.9090909090909092,1.9090909090909092,0.9090909090909092,-1.0
2024-12-08T17:30:00Z,2024-12-08T17:25:37Z,2024-12-08T17:20:38Z,2024-12-08T17:30:37Z,7ae6be20a581839e77dd6b3f4eab564b,americanfootball_nfl,2024-12-08 18:00:00+00:00,Pittsburgh Steelers,Cleveland Browns,fanduel,FanDuel,2024-12-08T17:25:24Z,player_rush_yds,2024-12-08T17:25:49Z,Najee Harris,65.5,-110.0,-110,2024-12-08,PIT,CLE,najee harris,2024,14,Najee Harris,PIT,RB,0.0,53.0,0.0,0.0,53.0,0,False,-6.0,6.0,43.0,True,False,-6.0,6.0,False,True,False,24.5,2024,14,53.0,-12.5,False,True,0.5238095238095238,0.5238095238095238,0.04761904761904767,60-80,coin_flip,dog_3_to_7,mid_total_42_47,1.9090909090909092,1.9090909090909092,-1.0,0.9090909090909092
2024-12-08T17:30:00Z,2024-12-08T17:25:37Z,2024-12-08T17:20:38Z,2024-12-08T17:30:37Z,7ae6be20a581839e77dd6b3f4eab564b,americanfootball_nfl,2024-12-08 18:00:00+00:00,Pittsburgh Steelers,Cleveland Browns,fanduel,FanDuel,2024-12-08T17:25:24Z,player_rush_yds,2024-12-08T17:25:49Z,Nick Chubb,39.5,-110.0,-110,2024-12-08,PIT,CLE,nick chubb,2024,14,Nick Chubb,CLE,RB,0.0,48.0,0.0,0.0,48.0,1,False,-6.0,6.0,43.0,False,True,6.0,-6.0,True,False,False,18.5,2024,14,48.0,8.5,True,False,0.5238095238095238,0.5238095238095238,0.04761904761904767,20-40,coin_flip,favorite_3_to_7,mid_total_42_47,1.9090909090909092,1.9090909090909092,0.9090909090909092,-1.0
2024-12-08T17:30:00Z,2024-12-08T17:25:37Z,2024-12-08T17:20:38Z,2024-12-08T17:30:37Z,7ae6be20a581839e77dd6b3f4eab564b,americanfootball_nfl,2024-12-08 18:00:00+00:00,Pittsburgh Steelers,Cleveland Browns,fanduel,FanDuel,2024-12-08T17:25:24Z,player_rush_yds,2024-12-08T17:25:49Z,Jerome Ford,22.5,-110.0,-110,2024-12-08,PIT,CLE,jerome ford,2024,14,Jerome Ford,CLE,RB,0.0,28.0,19.0,3.0,28.0,1,False,-6.0,6.0,43.0,False,True,6.0,-6.0,True,False,False,18.5,2024,14,28.0,5.5,True,False,0.5238095238095238,0.5238095238095238,0.04761904761904767,20-40,coin_flip,favorite_3_to_7,mid_total_42_47,1.9090909090909092,1.9090909090909092,0.9090909090909092,-1.0
2024-12-08T17:30:00Z,2024-12-08T17:25:37Z,2024-12-08T17:20:38Z,2024-12-08T17:30:37Z,7d1198f17462901352e686d8d9515232,americanfootball_nfl,2024-12-08 18:00:00+00:00,Tennessee Titans,Jacksonville Jaguars,fanduel,FanDuel,2024-12-08T17:25:24Z,player_rush_yds,2024-12-08T17:25:44Z,Will Levis,20.5,-110.0,-110,2024-12-08,TEN,JAX,will levis,2024,14,Will Levis,TEN,QB,168.0,3.0,0.0,0.0,3.0,0,False,-3.0,3.0,40.0,True,False,-3.0,3.0,False,True,False,21.5,2024,14,3.0,-17.5,False,True,0.5238095238095238,0.5238095238095238,0.04761904761904767,20-40,coin_flip,dog_0_to_3,low_total_<42,1.9090909090909092,1.9090909090909092,-1.0,0.9090909090909092
2024-12-08T17:30:00Z,2024-12-08T17:25:37Z,2024-12-08T17:20:38Z,2024-12-08T17:30:37Z,7d1198f17462901352e686d8d9515232,americanfootball_nfl,2024-12-08 18:00:00+00:00,Tennessee Titans,Jacksonville Jaguars,fanduel,FanDuel,2024-12-08T17:25:24Z,player_rush_yds,2024-12-08T17:25:44Z,Travis Etienne Jr.,38.5,-110.0,-110,2024-12-08,TEN,JAX,travis etienne,2024,14,Travis Etienne,JAX,RB,0.0,20.0,50.0,4.0,20.0,0,False,-3.0,3.0,40.0,False,True,3.0,-3.0,True,False,False,18.5,2024,14,20.0,-18.5,False,True,0.5238095238095238,0.5238095238095238,0.04761904761904767,20-40,coin_flip,favorite_0_to_3,low_total_<42,1.9090909090909092,1.9090909090909092,-1.0,0.9090909090909092
2024-12-08T17:30:00Z,2024-12-08T17:25:37Z,2024-12-08T17:20:38Z,2024-12-08T17:30:37Z,7d1198f17462901352e686d8d9515232,americanfootball_nfl,2024-12-08 18:00:00+00:00,Tennessee Titans,Jacksonville Jaguars,fanduel,FanDuel,2024-12-08T17:25:24Z,player_rush_yds,2024-12-08T17:25:44Z,Tyjae Spears,22.5,-110.0,-110,2024-12-08,TEN,JAX,tyjae spears,2024,14,Tyjae Spears,TEN,RB,0.0,21.0,2.0,1.0,21.0,0,False,-3.0,3.0,40.0,True,False,-3.0,3.0,False,True,False,21.5,2024,14,21.0,-1.5,False,True,0.5238095238095238,0.5238095238095238,0.04761904761904767,20-40,coin_flip,dog_0_to_3,low_total_<42,1.9090909090909092,1.9090909090909092,-1.0,0.9090909090909092
2024-12-08T17:30:00Z,2024-12-08T17:25:37Z,2024-12-08T17:20:38Z,2024-12-08T17:30:37Z,7d1198f17462901352e686d8d9515232,americanfootball_nfl,2024-12-08 18:00:00+00:00,Tennessee Titans,Jacksonville Jaguars,fanduel,FanDuel,2024-12-08T17:25:24Z,player_rush_yds,2024-12-08T17:25:44Z,Tank Bigsby,34.5,-110.0,-110,2024-12-08,TEN,JAX,tank bigsby,2024,14,Tank Bigsby,JAX,RB,0.0,55.0,7.0,1.0,55.0,1,False,-3.0,3.0,40.0,False,True,3.0,-3.0,True,False,False,18.5,2024,14,55.0,20.5,True,False,0.5238095238095238,0.5238095238095238,0.04761904761904767,20-40,coin_flip,favorite_0_to_3,low_total_<42,1.9090909090909092,1.9090909090909092,0.9090909090909092,-1.0
2024-12-08T17:30:00Z,2024-12-08T17:25:37Z,2024-12-08T17:20:38Z,2024-12-08T17:30:37Z,7d1198f17462901352e686d8d9515232,americanfootball_nfl,2024-12-08 18:00:00+00:00,Tennessee Titans,Jacksonville Jaguars,fanduel,FanDuel,2024-12-08T17:25:24Z,player_rush_yds,2024-12-08T17:25:44Z,Tony Pollard,64.5,-110.0,-110,2024-12-08,TEN,JAX,tony pollard,2024,14,Tony Pollard,TEN,RB,0.0,102.0,22.0,2.0,102.0,1,False,-3.0,3.0,40.0,True,False,-3.0,3.0,False,True,False,21.5,2024,14,102.0,37.5,True,False,0.5238095238095238,0.5238095238095238,0.04761904761904767,60-80,coin_flip,dog_0_to_3,low_total_<42,1.9090909090909092,1.9090909090909092,0.9090909090909092,-1.0
2024-12-08T17:30:00Z,2024-12-08T17:25:37Z,2024-12-08T17:20:38Z,2024-12-08T17:30:37Z,48859a2a659fe2dd71db168127a01b13,americanfootball_nfl,2024-12-08 18:00:00+00:00,Tampa Bay Buccaneers,Las Vegas Raiders,fanduel,FanDuel,2024-12-08T17:25:24Z,player_rush_yds,2024-12-08T17:24:55Z,Rachaad White,35.5,-110.0,-110,2024-12-08,TB,LV,rachaad white,2024,14,Rachaad White,TB,RB,0.0,90.0,19.0,2.0,90.0,1,False,-7.0,7.0,47.0,True,False,-7.0,7.0,False,True,False,27.0,2024,14,90.0,54.5,True,False,0.5238095238095238,0.5238095238095238,0.04761904761904767,20-40,coin_flip,dog_3_to_7,high_total_47_plus,1.9090909090909092,1.9090909090909092,0.9090909090909092,-1.0
2024-12-08T17:30:00Z,2024-12-08T17:25:37Z,2024-12-08T17:20:38Z,2024-12-08T17:30:37Z,48859a2a659fe2dd71db168127a01b13,americanfootball_nfl,2024-12-08 18:00:00+00:00,Tampa Bay Buccaneers,Las Vegas Raiders,fanduel,FanDuel,2024-12-08T17:25:24Z,player_rush_yds,2024-12-08T17:24:55Z,Baker Mayfield,13.5,-110.0,-110,2024-12-08,TB,LV,baker mayfield,2024,14,Baker Mayfield,TB,QB,295.0,12.0,0.0,0.0,12.0,0,False,-7.0,7.0,47.0,True,False,-7.0,7.0,False,True,False,27.0,2024,14,12.0,-1.5,False,True,0.5238095238095238,0.5238095238095238,0.04761904761904767,<20,coin_flip,dog_3_to_7,high_total_47_plus,1.9090909090909092,1.9090909090909092,-1.0,0.9090909090909092
2024-12-08T17:30:00Z,2024-12-08T17:25:37Z,2024-12-08T17:20:38Z,2024-12-08T17:30:37Z,48859a2a659fe2dd71db168127a01b13,americanfootball_nfl,2024-12-08 18:00:00+00:00,Tampa Bay Buccaneers,Las Vegas Raiders,fanduel,FanDuel,2024-12-08T17:25:24Z,player_rush_yds,2024-12-08T17:24:55Z,Sincere McCormick,47.5,-110.0,-110,2024-12-08,TB,LV,sincere mccormick,2024,14,Sincere McCormick,LV,RB,0.0,78.0,11.0,2.0,78.0,1,False,-7.0,7.0,47.0,False,True,7.0,-7.0,True,False,False,20.0,2024,14,78.0,30.5,True,False,0.5238095238095238,0.5238095238095238,0.04761904761904767,40-60,coin_flip,favorite_3_to_7,high_total_47_plus,1.9090909090909092,1.9090909090909092,0.9090909090909092,-1.0
2024-12-08T17:30:00Z,2024-12-08T17:25:37Z,2024-12-08T17:20:38Z,2024-12-08T17:30:37Z,48859a2a659fe2dd71db168127a01b13,americanfootball_nfl,2024-12-08 18:00:00+00:00,Tampa Bay Buccaneers,Las Vegas Raiders,fanduel,FanDuel,2024-12-08T17:25:24Z,player_rush_yds,2024-12-08T17:24:55Z,Bucky Irving,64.5,-110.0,-110,2024-12-08,TB,LV,bucky irving,2024,14,Bucky Irving,TB,RB,0.0,3.0,15.0,1.0,3.0,0,False,-7.0,7.0,47.0,True,False,-7.0,7.0,False,True,False,27.0,2024,14,3.0,-61.5,False,True,0.5238095238095238,0.5238095238095238,0.04761904761904767,60-80,coin_flip,dog_3_to_7,high_total_47_plus,1.9090909090909092,1.9090909090909092,-1.0,0.9090909090909092
2024-12-08T17:30:00Z,2024-12-08T17:25:37Z,2024-12-08T17:20:38Z,2024-12-08T17:30:37Z,b8419de1f0e84d8b18da62151ab69596,americanfootball_nfl,2024-12-08 18:00:00+00:00,Miami Dolphins,New York Jets,fanduel,FanDuel,2024-12-08T17:25:24Z,player_rush_yds,2024-12-08T17:25:01Z,Braelon Allen,52.5,-110.0,-110,2024-12-08,MIA,NYJ,braelon allen,2024,14,Braelon Allen,NYJ,RB,0.0,43.0,38.0,4.0,43.0,0,False,-6.5,6.5,45.0,False,True,6.5,-6.5,True,False,False,19.25,2024,14,43.0,-9.5,False,True,0.5238095238095238,0.5238095238095238,0.04761904761904767,40-60,coin_flip,favorite_3_to_7,mid_total_42_47,1.9090909090909092,1.9090909090909092,-1.0,0.9090909090909092
2024-12-08T17:30:00Z,2024-12-08T17:25:37Z,2024-12-08T17:20:38Z,2024-12-08T17:30:37Z,b8419de1f0e84d8b18da62151ab69596,americanfootball_nfl,2024-12-08 18:00:00+00:00,Miami Dolphins,New York Jets,fanduel,FanDuel,2024-12-08T17:25:24Z,player_rush_yds,2024-12-08T17:25:01Z,De'Von Achane,60.5,-110.0,-110,2024-12-08,MIA,NYJ,devon achane,2024,14,Devon Achane,MIA,RB,0.0,24.0,45.0,6.0,24.0,0,False,-6.5,6.5,45.0,True,False,-6.5,6.5,False,True,False,25.75,2024,14,24.0,-36.5,False,True,0.5238095238095238,0.5238095238095238,0.04761904761904767,60-80,coin_flip,dog_3_to_7,mid_total_42_47,1.9090909090909092,1.9090909090909092,-1.0,0.9090909090909092
2024-12-08T17:30:00Z,2024-12-08T17:25:37Z,2024-12-08T17:20:38Z,2024-12-08T17:30:37Z,20f2d85ab93463d3c7dbe2573da7f892,americanfootball_nfl,2024-12-08 18:00:00+00:00,New York Giants,New Orleans Saints,fanduel,FanDuel,2024-12-08T17:25:24Z,player_rush_yds,2024-12-08T17:25:06Z,Drew Lock,15.5,-115.0,-105,2024-12-08,NYG,NO,drew lock,2024,14,Drew Lock,NYG,QB,227.0,59.0,0.0,0.0,59.0,1,False,5.5,-5.5,41.0,True,False,5.5,-5.5,True,False,False,17.75,2024,14,59.0,43.5,True,False,0.5348837209302325,0.5121951219512195,0.04707884288145214,<20,coin_flip,favorite_3_to_7,low_total_<42,1.8695652173913042,1.9523809523809523,0.8695652173913042,-1.0
2024-12-08T17:30:00Z,2024-12-08T17:25:37Z,2024-12-08T17:20:38Z,2024-12-08T17:30:37Z,20f2d85ab93463d3c7dbe2573da7f892,americanfootball_nfl,2024-12-08 18:00:00+00:00,New York Giants,New Orleans Saints,fanduel,FanDuel,2024-12-08T17:25:24Z,player_rush_yds,2024-12-08T17:25:06Z,Devin Singletary,25.5,-110.0,-110,2024-12-08,NYG,NO,devin singletary,2024,14,Devin Singletary,NYG,RB,0.0,8.0,0.0,0.0,8.0,0,False,5.5,-5.5,41.0,True,False,5.5,-5.5,True,False,False,17.75,2024,14,8.0,-17.5,False,True,0.5238095238095238,0.5238095238095238,0.04761904761904767,20-40,coin_flip,favorite_3_to_7,low_total_<42,1.9090909090909092,1.9090909090909092,-1.0,0.9090909090909092
2024-12-08T17:30:00Z,2024-12-08T17:25:37Z,2024-12-08T17:20:38Z,2024-12-08T17:30:37Z,20f2d85ab93463d3c7dbe2573da7f892,americanfootball_nfl,2024-12-08 18:00:00+00:00,New York Giants,New Orleans Saints,fanduel,FanDuel,2024-12-08T17:25:24Z,player_rush_yds,2024-12-08T17:25:06Z,Tyrone Tracy Jr.,62.5,-110.0,-110,2024-12-08,NYG,NO,tyrone tracy,2024,14,Tyrone Tracy,NYG,RB,0.0,45.0,38.0,5.0,45.0,0,False,5.5,-5.5,41.0,True,False,5.5,-5.5,True,False,False,17.75,2024,14,45.0,-17.5,False,True,0.5238095238095238,0.5238095238095238,0.04761904761904767,60-80,coin_flip,favorite_3_to_7,low_total_<42,1.9090909090909092,1.9090909090909092,-1.0,0.9090909090909092
2024-12-08T17:30:00Z,2024-12-08T17:25:37Z,2024-12-08T17:20:38Z,2024-12-08T17:30:37Z,20f2d85ab93463d3c7dbe2573da7f892,americanfootball_nfl,2024-12-08 18:00:00+00:00,New York Giants,New Orleans Saints,fanduel,FanDuel,2024-12-08T17:25:24Z,player_rush_yds,2024-12-08T17:25:06Z,Kendre Miller,25.5,-110.0,-110,2024-12-08,NYG,NO,kendre miller,2024,14,Kendre Miller,NO,RB,0.0,32.0,0.0,0.0,32.0,1,False,5.5,-5.5,41.0,False,True,-5.5,5.5,False,True,False,23.25,2024,14,32.0,6.5,True,False,0.5238095238095238,0.5238095238095238,0.04761904761904767,20-40,coin_flip,dog_3_to_7,low_total_<42,1.9090909090909092,1.9090909090909092,0.9090909090909092,-1.0
2024-12-08T17:30:00Z,2024-12-08T17:25:37Z,2024-12-08T17:20:38Z,2024-12-08T17:30:37Z,20f2d85ab93463d3c7dbe2573da7f892,americanfootball_nfl,2024-12-08 18:00:00+00:00,New York Giants,New Orleans Saints,fanduel,FanDuel,2024-12-08T17:25:24Z,player_rush_yds,2024-12-08T17:25:06Z,Alvin Kamara,84.5,-110.0,-110,2024-12-08,NYG,NO,alvin kamara,2024,14,Alvin Kamara,NO,RB,0.0,44.0,35.0,5.0,44.0,0,False,5.5,-5.5,41.0,False,True,-5.5,5.5,False,True,False,23.25,2024,14,44.0,-40.5,False,True,0.5238095238095238,0.5238095238095238,0.04761904761904767,80+,coin_flip,dog_3_to_7,low_total_<42,1.9090909090909092,1.9090909090909092,-1.0,0.9090909090909092
2024-12-08T20:35:00Z,2024-12-08T20:30:39Z,2024-12-08T20:25:37Z,2024-12-08T20:35:37Z,8c7efb50e0c8c9be94e7b969c58da045,americanfootball_nfl,2024-12-08 21:05:00+00:00,Arizona Cardinals,Seattle Seahawks,fanduel,FanDuel,2024-12-08T20:29:49Z,player_rush_yds,2024-12-08T20:30:40Z,James Conner,61.5,-110.0,-110,2024-12-08,ARI,SEA,james conner,2024,14,James Conner,ARI,RB,0.0,90.0,32.0,4.0,90.0,1,False,-3.0,3.0,45.5,True,False,-3.0,3.0,False,True,False,24.25,2024,14,90.0,28.5,True,False,0.5238095238095238,0.5238095238095238,0.04761904761904767,60-80,coin_flip,dog_0_to_3,mid_total_42_47,1.9090909090909092,1.9090909090909092,0.9090909090909092,-1.0
2024-12-08T20:35:00Z,2024-12-08T20:30:39Z,2024-12-08T20:25:37Z,2024-12-08T20:35:37Z,8c7efb50e0c8c9be94e7b969c58da045,americanfootball_nfl,2024-12-08 21:05:00+00:00,Arizona Cardinals,Seattle Seahawks,fanduel,FanDuel,2024-12-08T20:29:49Z,player_rush_yds,2024-12-08T20:30:40Z,Trey Benson,16.5,-110.0,-110,2024-12-08,ARI,SEA,trey benson,2024,14,Trey Benson,ARI,RB,0.0,15.0,4.0,1.0,15.0,0,False,-3.0,3.0,45.5,True,False,-3.0,3.0,False,True,False,24.25,2024,14,15.0,-1.5,False,True,0.5238095238095238,0.5238095238095238,0.04761904761904767,<20,coin_flip,dog_0_to_3,mid_total_42_47,1.9090909090909092,1.9090909090909092,-1.0,0.9090909090909092
2024-12-08T20:35:00Z,2024-12-08T20:30:39Z,2024-12-08T20:25:37Z,2024-12-08T20:35:37Z,8c7efb50e0c8c9be94e7b969c58da045,americanfootball_nfl,2024-12-08 21:05:00+00:00,Arizona Cardinals,Seattle Seahawks,fanduel,FanDuel,2024-12-08T20:29:49Z,player_rush_yds,2024-12-08T20:30:40Z,Zach Charbonnet,61.5,-110.0,-110,2024-12-08,ARI,SEA,zach charbonnet,2024,14,Zach Charbonnet,SEA,RB,0.0,134.0,59.0,7.0,134.0,1,False,-3.0,3.0,45.5,False,True,3.0,-3.0,True,False,False,21.25,2024,14,134.0,72.5,True,False,0.5238095238095238,0.5238095238095238,0.04761904761904767,60-80,coin_flip,favorite_0_to_3,mid_total_42_47,1.9090909090909092,1.9090909090909092,0.9090909090909092,-1.0
2024-12-08T20:35:00Z,2024-12-08T20:30:39Z,2024-12-08T20:25:37Z,2024-12-08T20:35:37Z,8c7efb50e0c8c9be94e7b969c58da045,americanfootball_nfl,2024-12-08 21:05:00+00:00,Arizona Cardinals,Seattle Seahawks,fanduel,FanDuel,2024-12-08T20:29:49Z,player_rush_yds,2024-12-08T20:30:40Z,Geno Smith,13.5,-110.0,-110,2024-12-08,ARI,SEA,geno smith,2024,14,Geno Smith,SEA,QB,233.0,0.0,0.0,0.0,0.0,0,False,-3.0,3.0,45.5,False,True,3.0,-3.0,True,False,False,21.25,2024,14,0.0,-13.5,False,True,0.5238095238095238,0.5238095238095238,0.04761904761904767,<20,coin_flip,favorite_0_to_3,mid_total_42_47,1.9090909090909092,1.9090909090909092,-1.0,0.9090909090909092
2024-12-08T20:35:00Z,2024-12-08T20:30:39Z,2024-12-08T20:25:37Z,2024-12-08T20:35:37Z,8c7efb50e0c8c9be94e7b969c58da045,americanfootball_nfl,2024-12-08 21:05:00+00:00,Arizona Cardinals,Seattle Seahawks,fanduel,FanDuel,2024-12-08T20:29:49Z,player_rush_yds,2024-12-08T20:30:40Z,Kyler Murray,27.5,-110.0,-110,2024-12-08,ARI,SEA,kyler murray,2024,14,Kyler Murray,ARI,QB,259.0,16.0,0.0,0.0,16.0,0,False,-3.0,3.0,45.5,True,False,-3.0,3.0,False,True,False,24.25,2024,14,16.0,-11.5,False,True,0.5238095238095238,0.5238095238095238,0.04761904761904767,20-40,coin_flip,dog_0_to_3,mid_total_42_47,1.9090909090909092,1.9090909090909092,-1.0,0.9090909090909092
2024-12-08T20:55:00Z,2024-12-08T20:50:37Z,2024-12-08T20:45:37Z,2024-12-08T20:55:37Z,5188cb03fd7577d7448874486c26dccb,americanfootball_nfl,2024-12-08 21:25:00+00:00,Los Angeles Rams,Buffalo Bills,fanduel,FanDuel,2024-12-08T20:50:22Z,player_rush_yds,2024-12-08T20:49:44Z,Kyren Williams,65.5,-110.0,-110,2024-12-08,LAR,BUF,kyren williams,2024,14,Kyren Williams,LAR,RB,0.0,87.0,10.0,2.0,87.0,1,False,3.5,-3.5,49.5,True,False,3.5,-3.5,True,False,False,23.0,2024,14,87.0,21.5,True,False,0.5238095238095238,0.5238095238095238,0.04761904761904767,60-80,coin_flip,favorite_3_to_7,high_total_47_plus,1.9090909090909092,1.9090909090909092,0.9090909090909092,-1.0
2024-12-08T20:55:00Z,2024-12-08T20:50:37Z,2024-12-08T20:45:37Z,2024-12-08T20:55:37Z,5188cb03fd7577d7448874486c26dccb,americanfootball_nfl,2024-12-08 21:25:00+00:00,Los Angeles Rams,Buffalo Bills,fanduel,FanDuel,2024-12-08T20:50:22Z,player_rush_yds,2024-12-08T20:49:44Z,Blake Corum,15.5,-110.0,-110,2024-12-08,LAR,BUF,blake corum,2024,14,Blake Corum,LAR,RB,0.0,34.0,0.0,0.0,34.0,1,False,3.5,-3.5,49.5,True,False,3.5,-3.5,True,False,False,23.0,2024,14,34.0,18.5,True,False,0.5238095238095238,0.5238095238095238,0.04761904761904767,<20,coin_flip,favorite_3_to_7,high_total_47_plus,1.9090909090909092,1.9090909090909092,0.9090909090909092,-1.0
2024-12-08T20:55:00Z,2024-12-08T20:50:37Z,2024-12-08T20:45:37Z,2024-12-08T20:55:37Z,5188cb03fd7577d7448874486c26dccb,americanfootball_nfl,2024-12-08 21:25:00+00:00,Los Angeles Rams,Buffalo Bills,fanduel,FanDuel,2024-12-08T20:50:22Z,player_rush_yds,2024-12-08T20:49:44Z,James Cook,61.5,-110.0,-110,2024-12-08,LAR,BUF,james cook,2024,14,James Cook,BUF,RB,0.0,20.0,9.0,2.0,20.0,0,False,3.5,-3.5,49.5,False,True,-3.5,3.5,False,True,False,26.5,2024,14,20.0,-41.5,False,True,0.5238095238095238,0.5238095238095238,0.04761904761904767,60-80,coin_flip,dog_3_to_7,high_total_47_plus,1.9090909090909092,1.9090909090909092,-1.0,0.9090909090909092
2024-12-08T20:55:00Z,2024-12-08T20:50:37Z,2024-12-08T20:45:37Z,2024-12-08T20:55:37Z,5188cb03fd7577d7448874486c26dccb,americanfootball_nfl,2024-12-08 21:25:00+00:00,Los Angeles Rams,Buffalo Bills,fanduel,FanDuel,2024-12-08T20:50:22Z,player_rush_yds,2024-12-08T20:49:44Z,Josh Allen,31.5,-110.0,-110,2024-12-08,LAR,BUF,josh allen,2024,14,Josh Allen,BUF,QB,342.0,82.0,0.0,0.0,82.0,1,False,3.5,-3.5,49.5,False,True,-3.5,3.5,False,True,False,26.5,2024,14,82.0,50.5,True,False,0.5238095238095238,0.5238095238095238,0.04761904761904767,20-40,coin_flip,dog_3_to_7,high_total_47_plus,1.9090909090909092,1.9090909090909092,0.9090909090909092,-1.0
2024-12-08T20:55:00Z,2024-12-08T20:50:37Z,2024-12-08T20:45:37Z,2024-12-08T20:55:37Z,57e91ca052d9484f67f83308f3fb7f65,americanfootball_nfl,2024-12-08 21:25:00+00:00,San Francisco 49ers,Chicago Bears,fanduel,FanDuel,2024-12-08T20:50:22Z,player_rush_yds,2024-12-08T20:50:18Z,D'Andre Swift,54.5,-110.0,-110,2024-12-08,SF,CHI,dandre swift,2024,14,D'Andre Swift,CHI,RB,0.0,38.0,2.0,1.0,38.0,0,False,-3.0,3.0,43.5,False,True,3.0,-3.0,True,False,False,20.25,2024,14,38.0,-16.5,False,True,0.5238095238095238,0.5238095238095238,0.04761904761904767,40-60,coin_flip,favorite_0_to_3,mid_total_42_47,1.9090909090909092,1.9090909090909092,-1.0,0.9090909090909092
2024-12-08T20:55:00Z,2024-12-08T20:50:37Z,2024-12-08T20:45:37Z,2024-12-08T20:55:37Z,57e91ca052d9484f67f83308f3fb7f65,americanfootball_nfl,2024-12-08 21:25:00+00:00,San Francisco 49ers,Chicago Bears,fanduel,FanDuel,2024-12-08T20:50:22Z,player_rush_yds,2024-12-08T20:50:18Z,Deebo Samuel,12.5,-110.0,-110,2024-12-08,SF,CHI,deebo samuel,2024,14,Deebo Samuel,SF,WR,0.0,13.0,22.0,2.0,13.0,1,False,-3.0,3.0,43.5,True,False,-3.0,3.0,False,True,False,23.25,2024,14,13.0,0.5,True,False,0.5238095238095238,0.5238095238095238,0.04761904761904767,<20,coin_flip,dog_0_to_3,mid_total_42_47,1.9090909090909092,1.9090909090909092,0.9090909090909092,-1.0
2024-12-08T20:55:00Z,2024-12-08T20:50:37Z,2024-12-08T20:45:37Z,2024-12-08T20:55:37Z,57e91ca052d9484f67f83308f3fb7f65,americanfootball_nfl,2024-12-08 21:25:00+00:00,San Francisco 49ers,Chicago Bears,fanduel,FanDuel,2024-12-08T20:50:22Z,player_rush_yds,2024-12-08T20:50:18Z,Brock Purdy,17.5,-110.0,-110,2024-12-08,SF,CHI,brock purdy,2024,14,Brock Purdy,SF,QB,325.0,11.0,0.0,0.0,11.0,0,False,-3.0,3.0,43.5,True,False,-3.0,3.0,False,True,False,23.25,2024,14,11.0,-6.5,False,True,0.5238095238095238,0.5238095238095238,0.04761904761904767,<20,coin_flip,dog_0_to_3,mid_total_42_47,1.9090909090909092,1.9090909090909092,-1.0,0.9090909090909092
2024-12-08T20:55:00Z,2024-12-08T20:50:37Z,2024-12-08T20:45:37Z,2024-12-08T20:55:37Z,57e91ca052d9484f67f83308f3fb7f65,americanfootball_nfl,2024-12-08 21:25:00+00:00,San Francisco 49ers,Chicago Bears,fanduel,FanDuel,2024-12-08T20:50:22Z,player_rush_yds,2024-12-08T20:50:18Z,Caleb Williams,25.5,-110.0,-110,2024-12-08,SF,CHI,caleb williams,2024,14,Caleb Williams,CHI,QB,134.0,27.0,0.0,0.0,27.0,1,False,-3.0,3.0,43.5,False,True,3.0,-3.0,True,False,False,20.25,2024,14,27.0,1.5,True,False,0.5238095238095238,0.5238095238095238,0.04761904761904767,20-40,coin_flip,favorite_0_to_3,mid_total_42_47,1.9090909090909092,1.9090909090909092,0.9090909090909092,-1.0
2024-12-08T20:55:00Z,2024-12-08T20:50:37Z,2024-12-08T20:45:37Z,2024-12-08T20:55:37Z,57e91ca052d9484f67f83308f3fb7f65,americanfootball_nfl,2024-12-08 21:25:00+00:00,San Francisco 49ers,Chicago Bears,fanduel,FanDuel,2024-12-08T20:50:22Z,player_rush_yds,2024-12-08T20:50:18Z,Isaac Guerendo,71.5,-110.0,-110,2024-12-08,SF,CHI,isaac guerendo,2024,14,Isaac Guerendo,SF,RB,0.0,78.0,50.0,2.0,78.0,1,False,-3.0,3.0,43.5,True,False,-3.0,3.0,False,True,False,23.25,2024,14,78.0,6.5,True,False,0.5238095238095238,0.5238095238095238,0.04761904761904767,60-80,coin_flip,dog_0_to_3,mid_total_42_47,1.9090909090909092,1.9090909090909092,0.9090909090909092,-1.0
2024-12-09T00:50:00Z,2024-12-09T00:45:37Z,2024-12-09T00:40:37Z,2024-12-09T00:50:37Z,c70e1ecbef22c98419d4707199d050af,americanfootball_nfl,2024-12-09 01:20:00+00:00,Kansas City Chiefs,Los Angeles Chargers,fanduel,FanDuel,2024-12-09T00:45:32Z,player_rush_yds,2024-12-09T00:44:49Z,Justin Herbert,18.5,-110.0,-110,2024-12-08,KC,LAC,justin herbert,2024,14,Justin Herbert,LAC,QB,213.0,12.0,0.0,0.0,12.0,0,False,-5.0,5.0,43.5,False,True,5.0,-5.0,True,False,False,19.25,2024,14,12.0,-6.5,False,True,0.5238095238095238,0.5238095238095238,0.04761904761904767,<20,coin_flip,favorite_3_to_7,mid_total_42_47,1.9090909090909092,1.9090909090909092,-1.0,0.9090909090909092
2024-12-09T00:50:00Z,2024-12-09T00:45:37Z,2024-12-09T00:40:37Z,2024-12-09T00:50:37Z,c70e1ecbef22c98419d4707199d050af,americanfootball_nfl,2024-12-09 01:20:00+00:00,Kansas City Chiefs,Los Angeles Chargers,fanduel,FanDuel,2024-12-09T00:45:32Z,player_rush_yds,2024-12-09T00:44:49Z,Kimani Vidal,15.5,-110.0,-110,2024-12-08,KC,LAC,kimani vidal,2024,14,Kimani Vidal,LAC,RB,0.0,34.0,0.0,0.0,34.0,1,False,-5.0,5.0,43.5,False,True,5.0,-5.0,True,False,False,19.25,2024,14,34.0,18.5,True,False,0.5238095238095238,0.5238095238095238,0.04761904761904767,<20,coin_flip,favorite_3_to_7,mid_total_42_47,1.9090909090909092,1.9090909090909092,0.9090909090909092,-1.0
2024-12-09T00:50:00Z,2024-12-09T00:45:37Z,2024-12-09T00:40:37Z,2024-12-09T00:50:37Z,c70e1ecbef22c98419d4707199d050af,americanfootball_nfl,2024-12-09 01:20:00+00:00,Kansas City Chiefs,Los Angeles Chargers,fanduel,FanDuel,2024-12-09T00:45:32Z,player_rush_yds,2024-12-09T00:44:49Z,Patrick Mahomes,16.5,-110.0,-110,2024-12-08,KC,LAC,patrick mahomes,2024,14,Patrick Mahomes,KC,QB,210.0,17.0,0.0,0.0,17.0,1,False,-5.0,5.0,43.5,True,False,-5.0,5.0,False,True,False,24.25,2024,14,17.0,0.5,True,False,0.5238095238095238,0.5238095238095238,0.04761904761904767,<20,coin_flip,dog_3_to_7,mid_total_42_47,1.9090909090909092,1.9090909090909092,0.9090909090909092,-1.0
2024-12-09T00:50:00Z,2024-12-09T00:45:37Z,2024-12-09T00:40:37Z,2024-12-09T00:50:37Z,c70e1ecbef22c98419d4707199d050af,americanfootball_nfl,2024-12-09 01:20:00+00:00,Kansas City Chiefs,Los Angeles Chargers,fanduel,FanDuel,2024-12-09T00:45:32Z,player_rush_yds,2024-12-09T00:44:49Z,Isiah Pacheco,47.5,-110.0,-110,2024-12-08,KC,LAC,isiah pacheco,2024,14,Isiah Pacheco,KC,RB,0.0,55.0,6.0,2.0,55.0,1,False,-5.0,5.0,43.5,True,False,-5.0,5.0,False,True,False,24.25,2024,14,55.0,7.5,True,False,0.5238095238095238,0.5238095238095238,0.04761904761904767,40-60,coin_flip,dog_3_to_7,mid_total_42_47,1.9090909090909092,1.9090909090909092,0.9090909090909092,-1.0
2024-12-09T00:50:00Z,2024-12-09T00:45:37Z,2024-12-09T00:40:37Z,2024-12-09T00:50:37Z,c70e1ecbef22c98419d4707199d050af,americanfootball_nfl,2024-12-09 01:20:00+00:00,Kansas City Chiefs,Los Angeles Chargers,fanduel,FanDuel,2024-12-09T00:45:32Z,player_rush_yds,2024-12-09T00:44:49Z,Gus Edwards,38.5,-110.0,-110,2024-12-08,KC,LAC,gus edwards,2024,14,Gus Edwards,LAC,RB,0.0,36.0,0.0,0.0,36.0,0,False,-5.0,5.0,43.5,False,True,5.0,-5.0,True,False,False,19.25,2024,14,36.0,-2.5,False,True,0.5238095238095238,0.5238095238095238,0.04761904761904767,20-40,coin_flip,favorite_3_to_7,mid_total_42_47,1.9090909090909092,1.9090909090909092,-1.0,0.9090909090909092
2024-12-09T00:50:00Z,2024-12-09T00:45:37Z,2024-12-09T00:40:37Z,2024-12-09T00:50:37Z,c70e1ecbef22c98419d4707199d050af,americanfootball_nfl,2024-12-09 01:20:00+00:00,Kansas City Chiefs,Los Angeles Chargers,fanduel,FanDuel,2024-12-09T00:45:32Z,player_rush_yds,2024-12-09T00:44:49Z,Kareem Hunt,28.5,-110.0,-110,2024-12-08,KC,LAC,kareem hunt,2024,14,Kareem Hunt,KC,RB,0.0,16.0,13.0,1.0,16.0,0,False,-5.0,5.0,43.5,True,False,-5.0,5.0,False,True,False,24.25,2024,14,16.0,-12.5,False,True,0.5238095238095238,0.5238095238095238,0.04761904761904767,20-40,coin_flip,dog_3_to_7,mid_total_42_47,1.9090909090909092,1.9090909090909092,-1.0,0.9090909090909092
2024-12-10T00:45:00Z,2024-12-10T00:40:38Z,2024-12-10T00:35:38Z,2024-12-10T00:45:38Z,2fd335893dbb8ab9c0e1aea6c98a969c,americanfootball_nfl,2024-12-10 01:15:00+00:00,Dallas Cowboys,Cincinnati Bengals,fanduel,FanDuel,2024-12-10T00:39:45Z,player_rush_yds,2024-12-10T00:39:54Z,Chase Brown,76.5,-110.0,-110,2024-12-09,DAL,CIN,chase brown,2024,14,Chase Brown,CIN,RB,0.0,58.0,65.0,6.0,58.0,0,False,5.0,-5.0,51.0,False,True,-5.0,5.0,False,True,False,28.0,2024,14,58.0,-18.5,False,True,0.5238095238095238,0.5238095238095238,0.04761904761904767,60-80,coin_flip,dog_3_to_7,high_total_47_plus,1.9090909090909092,1.9090909090909092,-1.0,0.9090909090909092
2024-12-10T00:45:00Z,2024-12-10T00:40:38Z,2024-12-10T00:35:38Z,2024-12-10T00:45:38Z,2fd335893dbb8ab9c0e1aea6c98a969c,americanfootball_nfl,2024-12-10 01:15:00+00:00,Dallas Cowboys,Cincinnati Bengals,fanduel,FanDuel,2024-12-10T00:39:45Z,player_rush_yds,2024-12-10T00:39:54Z,Joe Burrow,8.5,-110.0,-110,2024-12-09,DAL,CIN,joe burrow,2024,14,Joe Burrow,CIN,QB,369.0,-2.0,0.0,0.0,-2.0,0,False,5.0,-5.0,51.0,False,True,-5.0,5.0,False,True,False,28.0,2024,14,-2.0,-10.5,False,True,0.5238095238095238,0.5238095238095238,0.04761904761904767,<20,coin_flip,dog_3_to_7,high_total_47_plus,1.9090909090909092,1.9090909090909092,-1.0,0.9090909090909092
2024-12-10T00:45:00Z,2024-12-10T00:40:38Z,2024-12-10T00:35:38Z,2024-12-10T00:45:38Z,2fd335893dbb8ab9c0e1aea6c98a969c,americanfootball_nfl,2024-12-10 01:15:00+00:00,Dallas Cowboys,Cincinnati Bengals,fanduel,FanDuel,2024-12-10T00:39:45Z,player_rush_yds,2024-12-10T00:39:54Z,Rico Dowdle,62.5,-110.0,-110,2024-12-09,DAL,CIN,rico dowdle,2024,14,Rico Dowdle,DAL,RB,0.0,131.0,10.0,1.0,131.0,1,False,5.0,-5.0,51.0,True,False,5.0,-5.0,True,False,False,23.0,2024,14,131.0,68.5,True,False,0.5238095238095238,0.5238095238095238,0.04761904761904767,60-80,coin_flip,favorite_3_to_7,high_total_47_plus,1.9090909090909092,1.9090909090909092,0.9090909090909092,-1.0
2024-12-10T00:45:00Z,2024-12-10T00:40:38Z,2024-12-10T00:35:38Z,2024-12-10T00:45:38Z,2fd335893dbb8ab9c0e1aea6c98a969c,americanfootball_nfl,2024-12-10 01:15:00+00:00,Dallas Cowboys,Cincinnati Bengals,fanduel,FanDuel,2024-12-10T00:39:45Z,player_rush_yds,2024-12-10T00:39:54Z,Cooper Rush,2.5,100.0,-122,2024-12-09,DAL,CIN,cooper rush,2024,14,Cooper Rush,DAL,QB,183.0,5.0,0.0,0.0,5.0,1,False,5.0,-5.0,51.0,True,False,5.0,-5.0,True,False,False,23.0,2024,14,5.0,2.5,True,False,0.5,0.5495495495495496,0.04954954954954971,<20,plus_money,favorite_3_to_7,high_total_47_plus,2.0,1.819672131147541,1.0,-1.0
2024-12-13T00:45:00Z,2024-12-13T00:40:38Z,2024-12-13T00:35:38Z,2024-12-13T00:45:38Z,b89ffb3a984d693fd6e69cdc3f2d585a,americanfootball_nfl,2024-12-13 01:15:00+00:00,San Francisco 49ers,Los Angeles Rams,fanduel,FanDuel,2024-12-13T00:40:15Z,player_rush_yds,2024-12-13T00:40:51Z,Brock Purdy,18.5,-110.0,-110,2024-12-12,SF,LAR,brock purdy,2024,15,Brock Purdy,SF,QB,142.0,3.0,0.0,0.0,3.0,0,False,-3.0,3.0,48.5,True,False,-3.0,3.0,False,True,False,25.75,2024,15,3.0,-15.5,False,True,0.5238095238095238,0.5238095238095238,0.04761904761904767,<20,coin_flip,dog_0_to_3,high_total_47_plus,1.9090909090909092,1.9090909090909092,-1.0,0.9090909090909092
2024-12-13T00:45:00Z,2024-12-13T00:40:38Z,2024-12-13T00:35:38Z,2024-12-13T00:45:38Z,b89ffb3a984d693fd6e69cdc3f2d585a,americanfootball_nfl,2024-12-13 01:15:00+00:00,San Francisco 49ers,Los Angeles Rams,fanduel,FanDuel,2024-12-13T00:40:15Z,player_rush_yds,2024-12-13T00:40:51Z,Matthew Stafford,0.5,104.0,-128,2024-12-12,SF,LAR,matthew stafford,2024,15,Matthew Stafford,LAR,QB,160.0,18.0,0.0,0.0,18.0,1,False,-3.0,3.0,48.5,False,True,3.0,-3.0,True,False,False,22.75,2024,15,18.0,17.5,True,False,0.49019607843137253,0.5614035087719298,0.05159958720330238,<20,plus_money,favorite_0_to_3,high_total_47_plus,2.04,1.78125,1.04,-1.0
2024-12-13T00:45:00Z,2024-12-13T00:40:38Z,2024-12-13T00:35:38Z,2024-12-13T00:45:38Z,b89ffb3a984d693fd6e69cdc3f2d585a,americanfootball_nfl,2024-12-13 01:15:00+00:00,San Francisco 49ers,Los Angeles Rams,fanduel,FanDuel,2024-12-13T00:40:15Z,player_rush_yds,2024-12-13T00:40:51Z,Isaac Guerendo,60.5,-110.0,-110,2024-12-12,SF,LAR,isaac guerendo,2024,15,Isaac Guerendo,SF,RB,0.0,57.0,18.0,4.0,57.0,0,False,-3.0,3.0,48.5,True,False,-3.0,3.0,False,True,False,25.75,2024,15,57.0,-3.5,False,True,0.5238095238095238,0.5238095238095238,0.04761904761904767,60-80,coin_flip,dog_0_to_3,high_total_47_plus,1.9090909090909092,1.9090909090909092,-1.0,0.9090909090909092
2024-12-13T00:45:00Z,2024-12-13T00:40:38Z,2024-12-13T00:35:38Z,2024-12-13T00:45:38Z,b89ffb3a984d693fd6e69cdc3f2d585a,americanfootball_nfl,2024-12-13 01:15:00+00:00,San Francisco 49ers,Los Angeles Rams,fanduel,FanDuel,2024-12-13T00:40:15Z,player_rush_yds,2024-12-13T00:40:51Z,Deebo Samuel,17.5,-110.0,-110,2024-12-12,SF,LAR,deebo samuel,2024,15,Deebo Samuel,SF,WR,0.0,3.0,16.0,3.0,3.0,0,False,-3.0,3.0,48.5,True,False,-3.0,3.0,False,True,False,25.75,2024,15,3.0,-14.5,False,True,0.5238095238095238,0.5238095238095238,0.04761904761904767,<20,coin_flip,dog_0_to_3,high_total_47_plus,1.9090909090909092,1.9090909090909092,-1.0,0.9090909090909092
2024-12-13T00:45:00Z,2024-12-13T00:40:38Z,2024-12-13T00:35:38Z,2024-12-13T00:45:38Z,b89ffb3a984d693fd6e69cdc3f2d585a,americanfootball_nfl,2024-12-13 01:15:00+00:00,San Francisco 49ers,Los Angeles Rams,fanduel,FanDuel,2024-12-13T00:40:15Z,player_rush_yds,2024-12-13T00:40:51Z,Blake Corum,18.5,-110.0,-110,2024-12-12,SF,LAR,blake corum,2024,15,Blake Corum,LAR,RB,0.0,5.0,15.0,2.0,5.0,0,False,-3.0,3.0,48.5,False,True,3.0,-3.0,True,False,False,22.75,2024,15,5.0,-13.5,False,True,0.5238095238095238,0.5238095238095238,0.04761904761904767,<20,coin_flip,favorite_0_to_3,high_total_47_plus,1.9090909090909092,1.9090909090909092,-1.0,0.9090909090909092
2024-12-13T00:45:00Z,2024-12-13T00:40:38Z,2024-12-13T00:35:38Z,2024-12-13T00:45:38Z,b89ffb3a984d693fd6e69cdc3f2d585a,americanfootball_nfl,2024-12-13 01:15:00+00:00,San Francisco 49ers,Los Angeles Rams,fanduel,FanDuel,2024-12-13T00:40:15Z,player_rush_yds,2024-12-13T00:40:51Z,Kyren Williams,72.5,-110.0,-110,2024-12-12,SF,LAR,kyren williams,2024,15,Kyren Williams,LAR,RB,0.0,108.0,4.0,2.0,108.0,1,False,-3.0,3.0,48.5,False,True,3.0,-3.0,True,False,False,22.75,2024,15,108.0,35.5,True,False,0.5238095238095238,0.5238095238095238,0.04761904761904767,60-80,coin_flip,favorite_0_to_3,high_total_47_plus,1.9090909090909092,1.9090909090909092,0.9090909090909092,-1.0
2024-12-15T17:30:00Z,2024-12-15T17:25:37Z,2024-12-15T17:20:38Z,2024-12-15T17:30:37Z,5e028b3e2019613c56d3431d4e04e46d,americanfootball_nfl,2024-12-15 18:00:00+00:00,Carolina Panthers,Dallas Cowboys,fanduel,FanDuel,2024-12-15T17:24:59Z,player_rush_yds,2024-12-15T17:25:20Z,Cooper Rush,2.5,-110.0,-110,2024-12-15,CAR,DAL,cooper rush,2024,15,Cooper Rush,DAL,QB,214.0,5.0,0.0,0.0,5.0,1,False,-2.5,2.5,42.0,False,True,2.5,-2.5,True,False,False,19.75,2024,15,5.0,2.5,True,False,0.5238095238095238,0.5238095238095238,0.04761904761904767,<20,coin_flip,favorite_0_to_3,mid_total_42_47,1.9090909090909092,1.9090909090909092,0.9090909090909092,-1.0
2024-12-15T17:30:00Z,2024-12-15T17:25:37Z,2024-12-15T17:20:38Z,2024-12-15T17:30:37Z,5e028b3e2019613c56d3431d4e04e46d,americanfootball_nfl,2024-12-15 18:00:00+00:00,Carolina Panthers,Dallas Cowboys,fanduel,FanDuel,2024-12-15T17:24:59Z,player_rush_yds,2024-12-15T17:25:20Z,Rico Dowdle,77.5,-110.0,-110,2024-12-15,CAR,DAL,rico dowdle,2024,15,Rico Dowdle,DAL,RB,0.0,149.0,0.0,0.0,149.0,1,False,-2.5,2.5,42.0,False,True,2.5,-2.5,True,False,False,19.75,2024,15,149.0,71.5,True,False,0.5238095238095238,0.5238095238095238,0.04761904761904767,60-80,coin_flip,favorite_0_to_3,mid_total_42_47,1.9090909090909092,1.9090909090909092,0.9090909090909092,-1.0
2024-12-15T17:30:00Z,2024-12-15T17:25:37Z,2024-12-15T17:20:38Z,2024-12-15T17:30:37Z,5e028b3e2019613c56d3431d4e04e46d,americanfootball_nfl,2024-12-15 18:00:00+00:00,Carolina Panthers,Dallas Cowboys,fanduel,FanDuel,2024-12-15T17:24:59Z,player_rush_yds,2024-12-15T17:25:20Z,Chuba Hubbard,87.5,-110.0,-110,2024-12-15,CAR,DAL,chuba hubbard,2024,15,Chuba Hubbard,CAR,RB,0.0,32.0,17.0,4.0,32.0,0,False,-2.5,2.5,42.0,True,False,-2.5,2.5,False,True,False,22.25,2024,15,32.0,-55.5,False,True,0.5238095238095238,0.5238095238095238,0.04761904761904767,80+,coin_flip,dog_0_to_3,mid_total_42_47,1.9090909090909092,1.9090909090909092,-1.0,0.9090909090909092
2024-12-15T17:30:00Z,2024-12-15T17:25:37Z,2024-12-15T17:20:38Z,2024-12-15T17:30:37Z,5e028b3e2019613c56d3431d4e04e46d,americanfootball_nfl,2024-12-15 18:00:00+00:00,Carolina Panthers,Dallas Cowboys,fanduel,FanDuel,2024-12-15T17:24:59Z,player_rush_yds,2024-12-15T17:25:20Z,Bryce Young,15.5,-110.0,-110,2024-12-15,CAR,DAL,bryce young,2024,15,Bryce Young,CAR,QB,219.0,12.0,0.0,0.0,12.0,0,False,-2.5,2.5,42.0,True,False,-2.5,2.5,False,True,False,22.25,2024,15,12.0,-3.5,False,True,0.5238095238095238,0.5238095238095238,0.04761904761904767,<20,coin_flip,dog_0_to_3,mid_total_42_47,1.9090909090909092,1.9090909090909092,-1.0,0.9090909090909092
2024-12-15T17:30:00Z,2024-12-15T17:25:37Z,2024-12-15T17:20:38Z,2024-12-15T17:30:37Z,f6d5d91ea4480042265698647a6120f6,americanfootball_nfl,2024-12-15 18:00:00+00:00,Tennessee Titans,Cincinnati Bengals,fanduel,FanDuel,2024-12-15T17:24:59Z,player_rush_yds,2024-12-15T17:25:07Z,Will Levis,15.5,-110.0,-110,2024-12-15,TEN,CIN,will levis,2024,15,Will Levis,TEN,QB,89.0,0.0,0.0,0.0,0.0,0,False,6.0,-6.0,46.5,True,False,6.0,-6.0,True,False,False,20.25,2024,15,0.0,-15.5,False,True,0.5238095238095238,0.5238095238095238,0.04761904761904767,<20,coin_flip,favorite_3_to_7,mid_total_42_47,1.9090909090909092,1.9090909090909092,-1.0,0.9090909090909092
2024-12-15T17:30:00Z,2024-12-15T17:25:37Z,2024-12-15T17:20:38Z,2024-12-15T17:30:37Z,f6d5d91ea4480042265698647a6120f6,americanfootball_nfl,2024-12-15 18:00:00+00:00,Tennessee Titans,Cincinnati Bengals,fanduel,FanDuel,2024-12-15T17:24:59Z,player_rush_yds,2024-12-15T17:25:07Z,Joe Burrow,9.5,-110.0,-110,2024-12-15,TEN,CIN,joe burrow,2024,15,Joe Burrow,CIN,QB,271.0,0.0,0.0,0.0,0.0,0,False,6.0,-6.0,46.5,False,True,-6.0,6.0,False,True,False,26.25,2024,15,0.0,-9.5,False,True,0.5238095238095238,0.5238095238095238,0.04761904761904767,<20,coin_flip,dog_3_to_7,mid_total_42_47,1.9090909090909092,1.9090909090909092,-1.0,0.9090909090909092
2024-12-15T17:30:00Z,2024-12-15T17:25:37Z,2024-12-15T17:20:38Z,2024-12-15T17:30:37Z,f6d5d91ea4480042265698647a6120f6,americanfootball_nfl,2024-12-15 18:00:00+00:00,Tennessee Titans,Cincinnati Bengals,fanduel,FanDuel,2024-12-15T17:24:59Z,player_rush_yds,2024-12-15T17:25:07Z,Tony Pollard,62.5,-110.0,-110,2024-12-15,TEN,CIN,tony pollard,2024,15,Tony Pollard,TEN,RB,0.0,45.0,0.0,0.0,45.0,0,False,6.0,-6.0,46.5,True,False,6.0,-6.0,True,False,False,20.25,2024,15,45.0,-17.5,False,True,0.5238095238095238,0.5238095238095238,0.04761904761904767,60-80,coin_flip,favorite_3_to_7,mid_total_42_47,1.9090909090909092,1.9090909090909092,-1.0,0.9090909090909092
2024-12-15T17:30:00Z,2024-12-15T17:25:37Z,2024-12-15T17:20:38Z,2024-12-15T17:30:37Z,f6d5d91ea4480042265698647a6120f6,americanfootball_nfl,2024-12-15 18:00:00+00:00,Tennessee Titans,Cincinnati Bengals,fanduel,FanDuel,2024-12-15T17:24:59Z,player_rush_yds,2024-12-15T17:25:07Z,Chase Brown,66.5,-110.0,-110,2024-12-15,TEN,CIN,chase brown,2024,15,Chase Brown,CIN,RB,0.0,97.0,16.0,3.0,97.0,1,False,6.0,-6.0,46.5,False,True,-6.0,6.0,False,True,False,26.25,2024,15,97.0,30.5,True,False,0.5238095238095238,0.5238095238095238,0.04761904761904767,60-80,coin_flip,dog_3_to_7,mid_total_42_47,1.9090909090909092,1.9090909090909092,0.9090909090909092,-1.0
2024-12-15T17:30:00Z,2024-12-15T17:25:37Z,2024-12-15T17:20:38Z,2024-12-15T17:30:37Z,9db2aef33225a4bda04bbc7c33e50e63,americanfootball_nfl,2024-12-15 18:00:00+00:00,Cleveland Browns,Kansas City Chiefs,fanduel,FanDuel,2024-12-15T17:24:59Z,player_rush_yds,2024-12-15T17:25:14Z,Patrick Mahomes,17.5,-110.0,-110,2024-12-15,CLE,KC,patrick mahomes,2024,15,Patrick Mahomes,KC,QB,159.0,14.0,0.0,0.0,14.0,0,False,4.5,-4.5,41.5,False,True,-4.5,4.5,False,True,False,23.0,2024,15,14.0,-3.5,False,True,0.5238095238095238,0.5238095238095238,0.04761904761904767,<20,coin_flip,dog_3_to_7,low_total_<42,1.9090909090909092,1.9090909090909092,-1.0,0.9090909090909092
2024-12-15T17:30:00Z,2024-12-15T17:25:37Z,2024-12-15T17:20:38Z,2024-12-15T17:30:37Z,9db2aef33225a4bda04bbc7c33e50e63,americanfootball_nfl,2024-12-15 18:00:00+00:00,Cleveland Browns,Kansas City Chiefs,fanduel,FanDuel,2024-12-15T17:24:59Z,player_rush_yds,2024-12-15T17:25:14Z,Jameis Winston,9.5,-110.0,-110,2024-12-15,CLE,KC,jameis winston,2024,15,Jameis Winston,CLE,QB,146.0,-2.0,0.0,0.0,-2.0,0,False,4.5,-4.5,41.5,True,False,4.5,-4.5,True,False,False,18.5,2024,15,-2.0,-11.5,False,True,0.5238095238095238,0.5238095238095238,0.04761904761904767,<20,coin_flip,favorite_3_to_7,low_total_<42,1.9090909090909092,1.9090909090909092,-1.0,0.9090909090909092
2024-12-15T17:30:00Z,2024-12-15T17:25:37Z,2024-12-15T17:20:38Z,2024-12-15T17:30:37Z,9db2aef33225a4bda04bbc7c33e50e63,americanfootball_nfl,2024-12-15 18:00:00+00:00,Cleveland Browns,Kansas City Chiefs,fanduel,FanDuel,2024-12-15T17:24:59Z,player_rush_yds,2024-12-15T17:25:14Z,Jerome Ford,30.5,-110.0,-110,2024-12-15,CLE,KC,jerome ford,2024,15,Jerome Ford,CLE,RB,0.0,84.0,20.0,2.0,84.0,1,False,4.5,-4.5,41.5,True,False,4.5,-4.5,True,False,False,18.5,2024,15,84.0,53.5,True,False,0.5238095238095238,0.5238095238095238,0.04761904761904767,20-40,coin_flip,favorite_3_to_7,low_total_<42,1.9090909090909092,1.9090909090909092,0.9090909090909092,-1.0
2024-12-15T17:30:00Z,2024-12-15T17:25:37Z,2024-12-15T17:20:38Z,2024-12-15T17:30:37Z,9db2aef33225a4bda04bbc7c33e50e63,americanfootball_nfl,2024-12-15 18:00:00+00:00,Cleveland Browns,Kansas City Chiefs,fanduel,FanDuel,2024-12-15T17:24:59Z,player_rush_yds,2024-12-15T17:25:14Z,Isiah Pacheco,59.5,-110.0,-110,2024-12-15,CLE,KC,isiah pacheco,2024,15,Isiah Pacheco,KC,RB,0.0,32.0,15.0,1.0,32.0,0,False,4.5,-4.5,41.5,False,True,-4.5,4.5,False,True,False,23.0,2024,15,32.0,-27.5,False,True,0.5238095238095238,0.5238095238095238,0.04761904761904767,40-60,coin_flip,dog_3_to_7,low_total_<42,1.9090909090909092,1.9090909090909092,-1.0,0.9090909090909092
2024-12-15T17:30:00Z,2024-12-15T17:25:37Z,2024-12-15T17:20:38Z,2024-12-15T17:30:37Z,9db2aef33225a4bda04bbc7c33e50e63,americanfootball_nfl,2024-12-15 18:00:00+00:00,Cleveland Browns,Kansas City Chiefs,fanduel,FanDuel,2024-12-15T17:24:59Z,player_rush_yds,2024-12-15T17:25:14Z,Kareem Hunt,24.5,-110.0,-110,2024-12-15,CLE,KC,kareem hunt,2024,15,Kareem Hunt,KC,RB,0.0,45.0,4.0,1.0,45.0,1,False,4.5,-4.5,41.5,False,True,-4.5,4.5,False,True,False,23.0,2024,15,45.0,20.5,True,False,0.5238095238095238,0.5238095238095238,0.04761904761904767,20-40,coin_flip,dog_3_to_7,low_total_<42,1.9090909090909092,1.9090909090909092,0.9090909090909092,-1.0
2024-12-15T17:30:00Z,2024-12-15T17:25:37Z,2024-12-15T17:20:38Z,2024-12-15T17:30:37Z,9db2aef33225a4bda04bbc7c33e50e63,americanfootball_nfl,2024-12-15 18:00:00+00:00,Cleveland Browns,Kansas City Chiefs,fanduel,FanDuel,2024-12-15T17:24:59Z,player_rush_yds,2024-12-15T17:25:14Z,Nick Chubb,39.5,-110.0,-110,2024-12-15,CLE,KC,nick chubb,2024,15,Nick Chubb,CLE,RB,0.0,41.0,0.0,0.0,41.0,1,False,4.5,-4.5,41.5,True,False,4.5,-4.5,True,False,False,18.5,2024,15,41.0,1.5,True,False,0.5238095238095238,0.5238095238095238,0.04761904761904767,20-40,coin_flip,favorite_3_to_7,low_total_<42,1.9090909090909092,1.9090909090909092,0.9090909090909092,-1.0
2024-12-15T17:30:00Z,2024-12-15T17:25:37Z,2024-12-15T17:20:38Z,2024-12-15T17:30:37Z,79eb6a96467e443fcd884f1aab38fb40,americanfootball_nfl,2024-12-15 18:00:00+00:00,Houston Texans,Miami Dolphins,fanduel,FanDuel,2024-12-15T17:24:59Z,player_rush_yds,2024-12-15T17:24:39Z,Joe Mixon,78.5,-110.0,-110,2024-12-15,HOU,MIA,joe mixon,2024,15,Joe Mixon,HOU,RB,0.0,23.0,33.0,5.0,23.0,0,False,-2.5,2.5,46.5,True,False,-2.5,2.5,False,True,False,24.5,2024,15,23.0,-55.5,False,True,0.5238095238095238,0.5238095238095238,0.04761904761904767,60-80,coin_flip,dog_0_to_3,mid_total_42_47,1.9090909090909092,1.9090909090909092,-1.0,0.9090909090909092
2024-12-15T17:30:00Z,2024-12-15T17:25:37Z,2024-12-15T17:20:38Z,2024-12-15T17:30:37Z,79eb6a96467e443fcd884f1aab38fb40,americanfootball_nfl,2024-12-15 18:00:00+00:00,Houston Texans,Miami Dolphins,fanduel,FanDuel,2024-12-15T17:24:59Z,player_rush_yds,2024-12-15T17:24:39Z,De'Von Achane,47.5,-110.0,-110,2024-12-15,HOU,MIA,devon achane,2024,15,Devon Achane,MIA,RB,0.0,41.0,35.0,7.0,41.0,0,False,-2.5,2.5,46.5,False,True,2.5,-2.5,True,False,False,22.0,2024,15,41.0,-6.5,False,True,0.5238095238095238,0.5238095238095238,0.04761904761904767,40-60,coin_flip,favorite_0_to_3,mid_total_42_47,1.9090909090909092,1.9090909090909092,-1.0,0.9090909090909092
2024-12-15T17:30:00Z,2024-12-15T17:25:37Z,2024-12-15T17:20:38Z,2024-12-15T17:30:37Z,79eb6a96467e443fcd884f1aab38fb40,americanfootball_nfl,2024-12-15 18:00:00+00:00,Houston Texans,Miami Dolphins,fanduel,FanDuel,2024-12-15T17:24:59Z,player_rush_yds,2024-12-15T17:24:39Z,C.J. Stroud,12.5,-110.0,-110,2024-12-15,HOU,MIA,cj stroud,2024,15,C.J. Stroud,HOU,QB,131.0,4.0,0.0,0.0,4.0,0,False,-2.5,2.5,46.5,True,False,-2.5,2.5,False,True,False,24.5,2024,15,4.0,-8.5,False,True,0.5238095238095238,0.5238095238095238,0.04761904761904767,<20,coin_flip,dog_0_to_3,mid_total_42_47,1.9090909090909092,1.9090909090909092,-1.0,0.9090909090909092
2024-12-15T17:30:00Z,2024-12-15T17:25:37Z,2024-12-15T17:20:38Z,2024-12-15T17:30:37Z,7b58ba499776572737bf4335349ee5ca,americanfootball_nfl,2024-12-15 18:00:00+00:00,Jacksonville Jaguars,New York Jets,fanduel,FanDuel,2024-12-15T17:24:59Z,player_rush_yds,2024-12-15T17:25:01Z,Braelon Allen,29.5,-110.0,-110,2024-12-15,JAX,NYJ,braelon allen,2024,15,Braelon Allen,NYJ,RB,0.0,5.0,0.0,0.0,5.0,0,False,3.5,-3.5,41.5,False,True,-3.5,3.5,False,True,False,22.5,2024,15,5.0,-24.5,False,True,0.5238095238095238,0.5238095238095238,0.04761904761904767,20-40,coin_flip,dog_3_to_7,low_total_<42,1.9090909090909092,1.9090909090909092,-1.0,0.9090909090909092
2024-12-15T17:30:00Z,2024-12-15T17:25:37Z,2024-12-15T17:20:38Z,2024-12-15T17:30:37Z,7b58ba499776572737bf4335349ee5ca,americanfootball_nfl,2024-12-15 18:00:00+00:00,Jacksonville Jaguars,New York Jets,fanduel,FanDuel,2024-12-15T17:24:59Z,player_rush_yds,2024-12-15T17:25:01Z,Tank Bigsby,53.5,-110.0,-110,2024-12-15,JAX,NYJ,tank bigsby,2024,15,Tank Bigsby,JAX,RB,0.0,42.0,0.0,0.0,42.0,0,False,3.5,-3.5,41.5,True,False,3.5,-3.5,True,False,False,19.0,2024,15,42.0,-11.5,False,True,0.5238095238095238,0.5238095238095238,0.04761904761904767,40-60,coin_flip,favorite_3_to_7,low_total_<42,1.9090909090909092,1.9090909090909092,-1.0,0.9090909090909092
2024-12-15T17:30:00Z,2024-12-15T17:25:37Z,2024-12-15T17:20:38Z,2024-12-15T17:30:37Z,7b58ba499776572737bf4335349ee5ca,americanfootball_nfl,2024-12-15 18:00:00+00:00,Jacksonville Jaguars,New York Jets,fanduel,FanDuel,2024-12-15T17:24:59Z,player_rush_yds,2024-12-15T17:25:01Z,Mac Jones,7.5,-115.0,-105,2024-12-15,JAX,NYJ,mac jones,2024,15,Mac Jones,JAX,QB,294.0,29.0,0.0,0.0,29.0,1,False,3.5,-3.5,41.5,True,False,3.5,-3.5,True,False,False,19.0,2024,15,29.0,21.5,True,False,0.5348837209302325,0.5121951219512195,0.04707884288145214,<20,coin_flip,favorite_3_to_7,low_total_<42,1.8695652173913042,1.9523809523809523,0.8695652173913042,-1.0
2024-12-15T17:30:00Z,2024-12-15T17:25:37Z,2024-12-15T17:20:38Z,2024-12-15T17:30:37Z,7b58ba499776572737bf4335349ee5ca,americanfootball_nfl,2024-12-15 18:00:00+00:00,Jacksonville Jaguars,New York Jets,fanduel,FanDuel,2024-12-15T17:24:59Z,player_rush_yds,2024-12-15T17:25:01Z,Breece Hall,42.5,-110.0,-110,2024-12-15,JAX,NYJ,breece hall,2024,15,Breece Hall,NYJ,RB,0.0,30.0,21.0,2.0,30.0,0,False,3.5,-3.5,41.5,False,True,-3.5,3.5,False,True,False,22.5,2024,15,30.0,-12.5,False,True,0.5238095238095238,0.5238095238095238,0.04761904761904767,40-60,coin_flip,dog_3_to_7,low_total_<42,1.9090909090909092,1.9090909090909092,-1.0,0.9090909090909092
2024-12-15T17:30:00Z,2024-12-15T17:25:37Z,2024-12-15T17:20:38Z,2024-12-15T17:30:37Z,7b58ba499776572737bf4335349ee5ca,americanfootball_nfl,2024-12-15 18:00:00+00:00,Jacksonville Jaguars,New York Jets,fanduel,FanDuel,2024-12-15T17:24:59Z,player_rush_yds,2024-12-15T17:25:01Z,Travis Etienne Jr.,28.5,-110.0,-110,2024-12-15,JAX,NYJ,travis etienne,2024,15,Travis Etienne,JAX,RB,0.0,65.0,20.0,4.0,65.0,1,False,3.5,-3.5,41.5,True,False,3.5,-3.5,True,False,False,19.0,2024,15,65.0,36.5,True,False,0.5238095238095238,0.5238095238095238,0.04761904761904767,20-40,coin_flip,favorite_3_to_7,low_total_<42,1.9090909090909092,1.9090909090909092,0.9090909090909092,-1.0
2024-12-15T17:30:00Z,2024-12-15T17:25:37Z,2024-12-15T17:20:38Z,2024-12-15T17:30:37Z,3b7db9e7d8af9f357fa301fb43f2e6af,americanfootball_nfl,2024-12-15 18:00:00+00:00,New Orleans Saints,Washington Commanders,fanduel,FanDuel,2024-12-15T17:24:59Z,player_rush_yds,2024-12-15T17:25:47Z,Jake Haener,11.5,-110.0,-110,2024-12-15,NO,WAS,jake haener,2024,15,Jake Haener,NO,QB,49.0,7.0,0.0,0.0,7.0,0,False,7.5,-7.5,44.5,True,False,7.5,-7.5,True,False,False,18.5,2024,15,7.0,-4.5,False,True,0.5238095238095238,0.5238095238095238,0.04761904761904767,<20,coin_flip,favorite_7_plus,mid_total_42_47,1.9090909090909092,1.9090909090909092,-1.0,0.9090909090909092
2024-12-15T17:30:00Z,2024-12-15T17:25:37Z,2024-12-15T17:20:38Z,2024-12-15T17:30:37Z,3b7db9e7d8af9f357fa301fb43f2e6af,americanfootball_nfl,2024-12-15 18:00:00+00:00,New Orleans Saints,Washington Commanders,fanduel,FanDuel,2024-12-15T17:24:59Z,player_rush_yds,2024-12-15T17:25:47Z,Kendre Miller,31.5,-110.0,-110,2024-12-15,NO,WAS,kendre miller,2024,15,Kendre Miller,NO,RB,0.0,46.0,0.0,0.0,46.0,1,False,7.5,-7.5,44.5,True,False,7.5,-7.5,True,False,False,18.5,2024,15,46.0,14.5,True,False,0.5238095238095238,0.5238095238095238,0.04761904761904767,20-40,coin_flip,favorite_7_plus,mid_total_42_47,1.9090909090909092,1.9090909090909092,0.9090909090909092,-1.0
2024-12-15T17:30:00Z,2024-12-15T17:25:37Z,2024-12-15T17:20:38Z,2024-12-15T17:30:37Z,3b7db9e7d8af9f357fa301fb43f2e6af,americanfootball_nfl,2024-12-15 18:00:00+00:00,New Orleans Saints,Washington Commanders,fanduel,FanDuel,2024-12-15T17:24:59Z,player_rush_yds,2024-12-15T17:25:47Z,Alvin Kamara,60.5,-110.0,-110,2024-12-15,NO,WAS,alvin kamara,2024,15,Alvin Kamara,NO,RB,0.0,12.0,58.0,4.0,12.0,0,False,7.5,-7.5,44.5,True,False,7.5,-7.5,True,False,False,18.5,2024,15,12.0,-48.5,False,True,0.5238095238095238,0.5238095238095238,0.04761904761904767,60-80,coin_flip,favorite_7_plus,mid_total_42_47,1.9090909090909092,1.9090909090909092,-1.0,0.9090909090909092
2024-12-15T17:30:00Z,2024-12-15T17:25:37Z,2024-12-15T17:20:38Z,2024-12-15T17:30:37Z,3b7db9e7d8af9f357fa301fb43f2e6af,americanfootball_nfl,2024-12-15 18:00:00+00:00,New Orleans Saints,Washington Commanders,fanduel,FanDuel,2024-12-15T17:24:59Z,player_rush_yds,2024-12-15T17:25:47Z,Brian Robinson Jr.,77.5,-110.0,-110,2024-12-15,NO,WAS,brian robinson,2024,15,Brian Robinson,WAS,RB,0.0,65.0,22.0,3.0,65.0,0,False,7.5,-7.5,44.5,False,True,-7.5,7.5,False,True,False,26.0,2024,15,65.0,-12.5,False,True,0.5238095238095238,0.5238095238095238,0.04761904761904767,60-80,coin_flip,dog_7_plus,mid_total_42_47,1.9090909090909092,1.9090909090909092,-1.0,0.9090909090909092
2024-12-15T17:30:00Z,2024-12-15T17:25:37Z,2024-12-15T17:20:38Z,2024-12-15T17:30:37Z,3b7db9e7d8af9f357fa301fb43f2e6af,americanfootball_nfl,2024-12-15 18:00:00+00:00,New Orleans Saints,Washington Commanders,fanduel,FanDuel,2024-12-15T17:24:59Z,player_rush_yds,2024-12-15T17:25:47Z,Jayden Daniels,40.5,-110.0,-110,2024-12-15,NO,WAS,jayden daniels,2024,15,Jayden Daniels,WAS,QB,226.0,66.0,0.0,0.0,66.0,1,False,7.5,-7.5,44.5,False,True,-7.5,7.5,False,True,False,26.0,2024,15,66.0,25.5,True,False,0.5238095238095238,0.5238095238095238,0.04761904761904767,40-60,coin_flip,dog_7_plus,mid_total_42_47,1.9090909090909092,1.9090909090909092,0.9090909090909092,-1.0
2024-12-15T20:55:00Z,2024-12-15T20:50:37Z,2024-12-15T20:45:37Z,2024-12-15T20:55:37Z,c562ac548944fe897e62f4a142de4d54,americanfootball_nfl,2024-12-15 21:25:00+00:00,Arizona Cardinals,New England Patriots,fanduel,FanDuel,2024-12-15T20:49:02Z,player_rush_yds,2024-12-15T20:49:46Z,Rhamondre Stevenson,50.5,-110.0,-110,2024-12-15,ARI,NE,rhamondre stevenson,2024,15,Rhamondre Stevenson,NE,RB,0.0,69.0,16.0,1.0,69.0,1,False,-6.0,6.0,46.5,False,True,6.0,-6.0,True,False,False,20.25,2024,15,69.0,18.5,True,False,0.5238095238095238,0.5238095238095238,0.04761904761904767,40-60,coin_flip,favorite_3_to_7,mid_total_42_47,1.9090909090909092,1.9090909090909092,0.9090909090909092,-1.0
2024-12-15T20:55:00Z,2024-12-15T20:50:37Z,2024-12-15T20:45:37Z,2024-12-15T20:55:37Z,c562ac548944fe897e62f4a142de4d54,americanfootball_nfl,2024-12-15 21:25:00+00:00,Arizona Cardinals,New England Patriots,fanduel,FanDuel,2024-12-15T20:49:02Z,player_rush_yds,2024-12-15T20:49:46Z,James Conner,72.5,-110.0,-110,2024-12-15,ARI,NE,james conner,2024,15,James Conner,ARI,RB,0.0,110.0,28.0,5.0,110.0,1,False,-6.0,6.0,46.5,True,False,-6.0,6.0,False,True,False,26.25,2024,15,110.0,37.5,True,False,0.5238095238095238,0.5238095238095238,0.04761904761904767,60-80,coin_flip,dog_3_to_7,mid_total_42_47,1.9090909090909092,1.9090909090909092,0.9090909090909092,-1.0
2024-12-15T20:55:00Z,2024-12-15T20:50:37Z,2024-12-15T20:45:37Z,2024-12-15T20:55:37Z,c562ac548944fe897e62f4a142de4d54,americanfootball_nfl,2024-12-15 21:25:00+00:00,Arizona Cardinals,New England Patriots,fanduel,FanDuel,2024-12-15T20:49:02Z,player_rush_yds,2024-12-15T20:49:46Z,Kyler Murray,25.5,-110.0,-110,2024-12-15,ARI,NE,kyler murray,2024,15,Kyler Murray,ARI,QB,224.0,11.0,0.0,0.0,11.0,0,False,-6.0,6.0,46.5,True,False,-6.0,6.0,False,True,False,26.25,2024,15,11.0,-14.5,False,True,0.5238095238095238,0.5238095238095238,0.04761904761904767,20-40,coin_flip,dog_3_to_7,mid_total_42_47,1.9090909090909092,1.9090909090909092,-1.0,0.9090909090909092
2024-12-15T20:55:00Z,2024-12-15T20:50:37Z,2024-12-15T20:45:37Z,2024-12-15T20:55:37Z,c562ac548944fe897e62f4a142de4d54,americanfootball_nfl,2024-12-15 21:25:00+00:00,Arizona Cardinals,New England Patriots,fanduel,FanDuel,2024-12-15T20:49:02Z,player_rush_yds,2024-12-15T20:49:46Z,Antonio Gibson,22.5,-110.0,-110,2024-12-15,ARI,NE,antonio gibson,2024,15,Antonio Gibson,NE,RB,0.0,33.0,31.0,2.0,33.0,1,False,-6.0,6.0,46.5,False,True,6.0,-6.0,True,False,False,20.25,2024,15,33.0,10.5,True,False,0.5238095238095238,0.5238095238095238,0.04761904761904767,20-40,coin_flip,favorite_3_to_7,mid_total_42_47,1.9090909090909092,1.9090909090909092,0.9090909090909092,-1.0
2024-12-15T20:55:00Z,2024-12-15T20:50:37Z,2024-12-15T20:45:37Z,2024-12-15T20:55:37Z,c562ac548944fe897e62f4a142de4d54,americanfootball_nfl,2024-12-15 21:25:00+00:00,Arizona Cardinals,New England Patriots,fanduel,FanDuel,2024-12-15T20:49:02Z,player_rush_yds,2024-12-15T20:49:46Z,Trey Benson,21.5,-110.0,-110,2024-12-15,ARI,NE,trey benson,2024,15,Trey Benson,ARI,RB,0.0,22.0,0.0,0.0,22.0,1,False,-6.0,6.0,46.5,True,False,-6.0,6.0,False,True,False,26.25,2024,15,22.0,0.5,True,False,0.5238095238095238,0.5238095238095238,0.04761904761904767,20-40,coin_flip,dog_3_to_7,mid_total_42_47,1.9090909090909092,1.9090909090909092,0.9090909090909092,-1.0
2024-12-15T20:55:00Z,2024-12-15T20:50:37Z,2024-12-15T20:45:37Z,2024-12-15T20:55:37Z,c562ac548944fe897e62f4a142de4d54,americanfootball_nfl,2024-12-15 21:25:00+00:00,Arizona Cardinals,New England Patriots,fanduel,FanDuel,2024-12-15T20:49:02Z,player_rush_yds,2024-12-15T20:49:46Z,Drake Maye,28.5,-110.0,-110,2024-12-15,ARI,NE,drake maye,2024,15,Drake Maye,NE,QB,202.0,14.0,0.0,0.0,14.0,0,False,-6.0,6.0,46.5,False,True,6.0,-6.0,True,False,False,20.25,2024,15,14.0,-14.5,False,True,0.5238095238095238,0.5238095238095238,0.04761904761904767,20-40,coin_flip,favorite_3_to_7,mid_total_42_47,1.9090909090909092,1.9090909090909092,-1.0,0.9090909090909092
2024-12-15T20:55:00Z,2024-12-15T20:50:37Z,2024-12-15T20:45:37Z,2024-12-15T20:55:37Z,f3d85c6f4152c6f9c28df5332d7d01ae,americanfootball_nfl,2024-12-15 21:25:00+00:00,Detroit Lions,Buffalo Bills,fanduel,FanDuel,2024-12-15T20:49:02Z,player_rush_yds,2024-12-15T20:50:14Z,James Cook,45.5,-110.0,-110,2024-12-15,DET,BUF,james cook,2024,15,James Cook,BUF,RB,0.0,105.0,28.0,1.0,105.0,1,False,-2.5,2.5,55.5,False,True,2.5,-2.5,True,False,False,26.5,2024,15,105.0,59.5,True,False,0.5238095238095238,0.5238095238095238,0.04761904761904767,40-60,coin_flip,favorite_0_to_3,high_total_47_plus,1.9090909090909092,1.9090909090909092,0.9090909090909092,-1.0
2024-12-15T20:55:00Z,2024-12-15T20:50:37Z,2024-12-15T20:45:37Z,2024-12-15T20:55:37Z,f3d85c6f4152c6f9c28df5332d7d01ae,americanfootball_nfl,2024-12-15 21:25:00+00:00,Detroit Lions,Buffalo Bills,fanduel,FanDuel,2024-12-15T20:49:02Z,player_rush_yds,2024-12-15T20:50:14Z,Jahmyr Gibbs,66.5,-110.0,-110,2024-12-15,DET,BUF,jahmyr gibbs,2024,15,Jahmyr Gibbs,DET,RB,0.0,31.0,83.0,5.0,31.0,0,False,-2.5,2.5,55.5,True,False,-2.5,2.5,False,True,False,29.0,2024,15,31.0,-35.5,False,True,0.5238095238095238,0.5238095238095238,0.04761904761904767,60-80,coin_flip,dog_0_to_3,high_total_47_plus,1.9090909090909092,1.9090909090909092,-1.0,0.9090909090909092
2024-12-15T20:55:00Z,2024-12-15T20:50:37Z,2024-12-15T20:45:37Z,2024-12-15T20:55:37Z,f3d85c6f4152c6f9c28df5332d7d01ae,americanfootball_nfl,2024-12-15 21:25:00+00:00,Detroit Lions,Buffalo Bills,fanduel,FanDuel,2024-12-15T20:49:02Z,player_rush_yds,2024-12-15T20:50:14Z,Josh Allen,41.5,-110.0,-110,2024-12-15,DET,BUF,josh allen,2024,15,Josh Allen,BUF,QB,362.0,68.0,0.0,0.0,68.0,1,False,-2.5,2.5,55.5,False,True,2.5,-2.5,True,False,False,26.5,2024,15,68.0,26.5,True,False,0.5238095238095238,0.5238095238095238,0.04761904761904767,40-60,coin_flip,favorite_0_to_3,high_total_47_plus,1.9090909090909092,1.9090909090909092,0.9090909090909092,-1.0
2024-12-15T20:55:00Z,2024-12-15T20:50:37Z,2024-12-15T20:45:37Z,2024-12-15T20:55:37Z,f3d85c6f4152c6f9c28df5332d7d01ae,americanfootball_nfl,2024-12-15 21:25:00+00:00,Detroit Lions,Buffalo Bills,fanduel,FanDuel,2024-12-15T20:49:02Z,player_rush_yds,2024-12-15T20:50:14Z,David Montgomery,54.5,-110.0,-110,2024-12-15,DET,BUF,david montgomery,2024,15,David Montgomery,DET,RB,0.0,4.0,31.0,4.0,4.0,0,False,-2.5,2.5,55.5,True,False,-2.5,2.5,False,True,False,29.0,2024,15,4.0,-50.5,False,True,0.5238095238095238,0.5238095238095238,0.04761904761904767,40-60,coin_flip,dog_0_to_3,high_total_47_plus,1.9090909090909092,1.9090909090909092,-1.0,0.9090909090909092
2024-12-15T20:55:00Z,2024-12-15T20:50:37Z,2024-12-15T20:45:37Z,2024-12-15T20:55:37Z,f3d85c6f4152c6f9c28df5332d7d01ae,americanfootball_nfl,2024-12-15 21:25:00+00:00,Detroit Lions,Buffalo Bills,fanduel,FanDuel,2024-12-15T20:49:02Z,player_rush_yds,2024-12-15T20:50:14Z,Jared Goff,1.5,-110.0,-110,2024-12-15,DET,BUF,jared goff,2024,15,Jared Goff,DET,QB,494.0,13.0,0.0,0.0,13.0,1,False,-2.5,2.5,55.5,True,False,-2.5,2.5,False,True,False,29.0,2024,15,13.0,11.5,True,False,0.5238095238095238,0.5238095238095238,0.04761904761904767,<20,coin_flip,dog_0_to_3,high_total_47_plus,1.9090909090909092,1.9090909090909092,0.9090909090909092,-1.0
2024-12-15T20:55:00Z,2024-12-15T20:50:37Z,2024-12-15T20:45:37Z,2024-12-15T20:55:37Z,f3f5d87420f5bc34d3affc8f44a1c934,americanfootball_nfl,2024-12-15 21:25:00+00:00,Denver Broncos,Indianapolis Colts,fanduel,FanDuel,2024-12-15T20:49:02Z,player_rush_yds,2024-12-15T20:50:14Z,Anthony Richardson,44.5,-110.0,-110,2024-12-15,DEN,IND,anthony richardson,2024,15,Anthony Richardson,IND,QB,172.0,46.0,-1.0,1.0,46.0,1,False,-4.5,4.5,43.5,False,True,4.5,-4.5,True,False,False,19.5,2024,15,46.0,1.5,True,False,0.5238095238095238,0.5238095238095238,0.04761904761904767,40-60,coin_flip,favorite_3_to_7,mid_total_42_47,1.9090909090909092,1.9090909090909092,0.9090909090909092,-1.0
2024-12-15T20:55:00Z,2024-12-15T20:50:37Z,2024-12-15T20:45:37Z,2024-12-15T20:55:37Z,f3f5d87420f5bc34d3affc8f44a1c934,americanfootball_nfl,2024-12-15 21:25:00+00:00,Denver Broncos,Indianapolis Colts,fanduel,FanDuel,2024-12-15T20:49:02Z,player_rush_yds,2024-12-15T20:50:14Z,Marvin Mims Jr.,5.5,-110.0,-110,2024-12-15,DEN,IND,marvin mims,2024,15,Marvin Mims,DEN,WR,0.0,0.0,20.0,4.0,0.0,0,False,-4.5,4.5,43.5,True,False,-4.5,4.5,False,True,False,24.0,2024,15,0.0,-5.5,False,True,0.5238095238095238,0.5238095238095238,0.04761904761904767,<20,coin_flip,dog_3_to_7,mid_total_42_47,1.9090909090909092,1.9090909090909092,-1.0,0.9090909090909092
2024-12-15T20:55:00Z,2024-12-15T20:50:37Z,2024-12-15T20:45:37Z,2024-12-15T20:55:37Z,f3f5d87420f5bc34d3affc8f44a1c934,americanfootball_nfl,2024-12-15 21:25:00+00:00,Denver Broncos,Indianapolis Colts,fanduel,FanDuel,2024-12-15T20:49:02Z,player_rush_yds,2024-12-15T20:50:14Z,Javonte Williams,28.5,-110.0,-110,2024-12-15,DEN,IND,javonte williams,2024,15,Javonte Williams,DEN,RB,0.0,15.0,8.0,2.0,15.0,0,False,-4.5,4.5,43.5,True,False,-4.5,4.5,False,True,False,24.0,2024,15,15.0,-13.5,False,True,0.5238095238095238,0.5238095238095238,0.04761904761904767,20-40,coin_flip,dog_3_to_7,mid_total_42_47,1.9090909090909092,1.9090909090909092,-1.0,0.9090909090909092
2024-12-15T20:55:00Z,2024-12-15T20:50:37Z,2024-12-15T20:45:37Z,2024-12-15T20:55:37Z,f3f5d87420f5bc34d3affc8f44a1c934,americanfootball_nfl,2024-12-15 21:25:00+00:00,Denver Broncos,Indianapolis Colts,fanduel,FanDuel,2024-12-15T20:49:02Z,player_rush_yds,2024-12-15T20:50:14Z,Jonathan Taylor,73.5,-115.0,-105,2024-12-15,DEN,IND,jonathan taylor,2024,15,Jonathan Taylor,IND,RB,0.0,107.0,4.0,1.0,107.0,1,False,-4.5,4.5,43.5,False,True,4.5,-4.5,True,False,False,19.5,2024,15,107.0,33.5,True,False,0.5348837209302325,0.5121951219512195,0.04707884288145214,60-80,coin_flip,favorite_3_to_7,mid_total_42_47,1.8695652173913042,1.9523809523809523,0.8695652173913042,-1.0
2024-12-15T20:55:00Z,2024-12-15T20:50:37Z,2024-12-15T20:45:37Z,2024-12-15T20:55:37Z,f3f5d87420f5bc34d3affc8f44a1c934,americanfootball_nfl,2024-12-15 21:25:00+00:00,Denver Broncos,Indianapolis Colts,fanduel,FanDuel,2024-12-15T20:49:02Z,player_rush_yds,2024-12-15T20:50:14Z,Jaleel McLaughlin,35.5,-110.0,-110,2024-12-15,DEN,IND,jaleel mclaughlin,2024,15,Jaleel McLaughlin,DEN,RB,0.0,21.0,13.0,3.0,21.0,0,False,-4.5,4.5,43.5,True,False,-4.5,4.5,False,True,False,24.0,2024,15,21.0,-14.5,False,True,0.5238095238095238,0.5238095238095238,0.04761904761904767,20-40,coin_flip,dog_3_to_7,mid_total_42_47,1.9090909090909092,1.9090909090909092,-1.0,0.9090909090909092
2024-12-15T20:55:00Z,2024-12-15T20:50:37Z,2024-12-15T20:45:37Z,2024-12-15T20:55:37Z,531a7692ed7474109ad7d6e331751234,americanfootball_nfl,2024-12-15 21:25:00+00:00,Los Angeles Chargers,Tampa Bay Buccaneers,fanduel,FanDuel,2024-12-15T20:49:02Z,player_rush_yds,2024-12-15T20:50:40Z,Gus Edwards,35.5,-110.0,-110,2024-12-15,LAC,TB,gus edwards,2024,15,Gus Edwards,LAC,RB,0.0,23.0,0.0,0.0,23.0,0,False,-3.0,3.0,46.0,True,False,-3.0,3.0,False,True,False,24.5,2024,15,23.0,-12.5,False,True,0.5238095238095238,0.5238095238095238,0.04761904761904767,20-40,coin_flip,dog_0_to_3,mid_total_42_47,1.9090909090909092,1.9090909090909092,-1.0,0.9090909090909092
2024-12-15T20:55:00Z,2024-12-15T20:50:37Z,2024-12-15T20:45:37Z,2024-12-15T20:55:37Z,531a7692ed7474109ad7d6e331751234,americanfootball_nfl,2024-12-15 21:25:00+00:00,Los Angeles Chargers,Tampa Bay Buccaneers,fanduel,FanDuel,2024-12-15T20:49:02Z,player_rush_yds,2024-12-15T20:50:40Z,Kimani Vidal,28.5,-110.0,-110,2024-12-15,LAC,TB,kimani vidal,2024,15,Kimani Vidal,LAC,RB,0.0,9.0,13.0,2.0,9.0,0,False,-3.0,3.0,46.0,True,False,-3.0,3.0,False,True,False,24.5,2024,15,9.0,-19.5,False,True,0.5238095238095238,0.5238095238095238,0.04761904761904767,20-40,coin_flip,dog_0_to_3,mid_total_42_47,1.9090909090909092,1.9090909090909092,-1.0,0.9090909090909092
2024-12-15T20:55:00Z,2024-12-15T20:50:37Z,2024-12-15T20:45:37Z,2024-12-15T20:55:37Z,531a7692ed7474109ad7d6e331751234,americanfootball_nfl,2024-12-15 21:25:00+00:00,Los Angeles Chargers,Tampa Bay Buccaneers,fanduel,FanDuel,2024-12-15T20:49:02Z,player_rush_yds,2024-12-15T20:50:40Z,Baker Mayfield,14.5,-110.0,-110,2024-12-15,LAC,TB,baker mayfield,2024,15,Baker Mayfield,TB,QB,288.0,25.0,0.0,0.0,25.0,1,False,-3.0,3.0,46.0,False,True,3.0,-3.0,True,False,False,21.5,2024,15,25.0,10.5,True,False,0.5238095238095238,0.5238095238095238,0.04761904761904767,<20,coin_flip,favorite_0_to_3,mid_total_42_47,1.9090909090909092,1.9090909090909092,0.9090909090909092,-1.0
2024-12-15T20:55:00Z,2024-12-15T20:50:37Z,2024-12-15T20:45:37Z,2024-12-15T20:55:37Z,531a7692ed7474109ad7d6e331751234,americanfootball_nfl,2024-12-15 21:25:00+00:00,Los Angeles Chargers,Tampa Bay Buccaneers,fanduel,FanDuel,2024-12-15T20:49:02Z,player_rush_yds,2024-12-15T20:50:40Z,Rachaad White,40.5,-110.0,-110,2024-12-15,LAC,TB,rachaad white,2024,15,Rachaad White,TB,RB,0.0,64.0,17.0,2.0,64.0,1,False,-3.0,3.0,46.0,False,True,3.0,-3.0,True,False,False,21.5,2024,15,64.0,23.5,True,False,0.5238095238095238,0.5238095238095238,0.04761904761904767,40-60,coin_flip,favorite_0_to_3,mid_total_42_47,1.9090909090909092,1.9090909090909092,0.9090909090909092,-1.0
2024-12-15T20:55:00Z,2024-12-15T20:50:37Z,2024-12-15T20:45:37Z,2024-12-15T20:55:37Z,531a7692ed7474109ad7d6e331751234,americanfootball_nfl,2024-12-15 21:25:00+00:00,Los Angeles Chargers,Tampa Bay Buccaneers,fanduel,FanDuel,2024-12-15T20:49:02Z,player_rush_yds,2024-12-15T20:50:40Z,Bucky Irving,45.5,-110.0,-110,2024-12-15,LAC,TB,bucky irving,2024,15,Bucky Irving,TB,RB,0.0,117.0,-4.0,2.0,117.0,1,False,-3.0,3.0,46.0,False,True,3.0,-3.0,True,False,False,21.5,2024,15,117.0,71.5,True,False,0.5238095238095238,0.5238095238095238,0.04761904761904767,40-60,coin_flip,favorite_0_to_3,mid_total_42_47,1.9090909090909092,1.9090909090909092,0.9090909090909092,-1.0
2024-12-15T20:55:00Z,2024-12-15T20:50:37Z,2024-12-15T20:45:37Z,2024-12-15T20:55:37Z,531a7692ed7474109ad7d6e331751234,americanfootball_nfl,2024-12-15 21:25:00+00:00,Los Angeles Chargers,Tampa Bay Buccaneers,fanduel,FanDuel,2024-12-15T20:49:02Z,player_rush_yds,2024-12-15T20:50:40Z,Justin Herbert,14.5,-110.0,-110,2024-12-15,LAC,TB,justin herbert,2024,15,Justin Herbert,LAC,QB,195.0,0.0,0.0,0.0,0.0,0,False,-3.0,3.0,46.0,True,False,-3.0,3.0,False,True,False,24.5,2024,15,0.0,-14.5,False,True,0.5238095238095238,0.5238095238095238,0.04761904761904767,<20,coin_flip,dog_0_to_3,mid_total_42_47,1.9090909090909092,1.9090909090909092,-1.0,0.9090909090909092
2024-12-17T00:30:00Z,2024-12-17T00:25:38Z,2024-12-17T00:20:38Z,2024-12-17T00:30:37Z,307cc09543c511d894a76fef99e429bb,americanfootball_nfl,2024-12-17 01:00:00+00:00,Minnesota Vikings,Chicago Bears,fanduel,FanDuel,2024-12-17T00:24:55Z,player_rush_yds,2024-12-17T00:25:34Z,Caleb Williams,26.5,-110.0,-110,2024-12-16,MIN,CHI,caleb williams,2024,15,Caleb Williams,CHI,QB,191.0,3.0,0.0,0.0,3.0,0,False,-7.0,7.0,43.5,False,True,7.0,-7.0,True,False,False,18.25,2024,15,3.0,-23.5,False,True,0.5238095238095238,0.5238095238095238,0.04761904761904767,20-40,coin_flip,favorite_3_to_7,mid_total_42_47,1.9090909090909092,1.9090909090909092,-1.0,0.9090909090909092
2024-12-17T00:30:00Z,2024-12-17T00:25:38Z,2024-12-17T00:20:38Z,2024-12-17T00:30:37Z,307cc09543c511d894a76fef99e429bb,americanfootball_nfl,2024-12-17 01:00:00+00:00,Minnesota Vikings,Chicago Bears,fanduel,FanDuel,2024-12-17T00:24:55Z,player_rush_yds,2024-12-17T00:25:34Z,Cam Akers,24.5,-110.0,-110,2024-12-16,MIN,CHI,cam akers,2024,15,Cam Akers,MIN,RB,0.0,24.0,0.0,0.0,24.0,0,False,-7.0,7.0,43.5,True,False,-7.0,7.0,False,True,False,25.25,2024,15,24.0,-0.5,False,True,0.5238095238095238,0.5238095238095238,0.04761904761904767,20-40,coin_flip,dog_3_to_7,mid_total_42_47,1.9090909090909092,1.9090909090909092,-1.0,0.9090909090909092
2024-12-17T00:30:00Z,2024-12-17T00:25:38Z,2024-12-17T00:20:38Z,2024-12-17T00:30:37Z,307cc09543c511d894a76fef99e429bb,americanfootball_nfl,2024-12-17 01:00:00+00:00,Minnesota Vikings,Chicago Bears,fanduel,FanDuel,2024-12-17T00:24:55Z,player_rush_yds,2024-12-17T00:25:34Z,D'Andre Swift,49.5,-110.0,-110,2024-12-16,MIN,CHI,dandre swift,2024,15,D'Andre Swift,CHI,RB,0.0,79.0,10.0,1.0,79.0,1,False,-7.0,7.0,43.5,False,True,7.0,-7.0,True,False,False,18.25,2024,15,79.0,29.5,True,False,0.5238095238095238,0.5238095238095238,0.04761904761904767,40-60,coin_flip,favorite_3_to_7,mid_total_42_47,1.9090909090909092,1.9090909090909092,0.9090909090909092,-1.0
2024-12-17T00:30:00Z,2024-12-17T00:25:38Z,2024-12-17T00:20:38Z,2024-12-17T00:30:37Z,307cc09543c511d894a76fef99e429bb,americanfootball_nfl,2024-12-17 01:00:00+00:00,Minnesota Vikings,Chicago Bears,fanduel,FanDuel,2024-12-17T00:24:55Z,player_rush_yds,2024-12-17T00:25:34Z,Sam Darnold,12.5,-110.0,-110,2024-12-16,MIN,CHI,sam darnold,2024,15,Sam Darnold,MIN,QB,231.0,0.0,0.0,0.0,0.0,0,False,-7.0,7.0,43.5,True,False,-7.0,7.0,False,True,False,25.25,2024,15,0.0,-12.5,False,True,0.5238095238095238,0.5238095238095238,0.04761904761904767,<20,coin_flip,dog_3_to_7,mid_total_42_47,1.9090909090909092,1.9090909090909092,-1.0,0.9090909090909092
2024-12-17T00:30:00Z,2024-12-17T00:25:38Z,2024-12-17T00:20:38Z,2024-12-17T00:30:37Z,307cc09543c511d894a76fef99e429bb,americanfootball_nfl,2024-12-17 01:00:00+00:00,Minnesota Vikings,Chicago Bears,fanduel,FanDuel,2024-12-17T00:24:55Z,player_rush_yds,2024-12-17T00:25:34Z,Aaron Jones,66.5,-110.0,-110,2024-12-16,MIN,CHI,aaron jones,2024,15,Aaron Jones,MIN,RB,0.0,86.0,20.0,2.0,86.0,1,False,-7.0,7.0,43.5,True,False,-7.0,7.0,False,True,False,25.25,2024,15,86.0,19.5,True,False,0.5238095238095238,0.5238095238095238,0.04761904761904767,60-80,coin_flip,dog_3_to_7,mid_total_42_47,1.9090909090909092,1.9090909090909092,0.9090909090909092,-1.0
2024-12-17T01:00:00Z,2024-12-17T00:55:38Z,2024-12-17T00:50:38Z,2024-12-17T01:00:38Z,b72078945287a94944a0ffefcd09c42c,americanfootball_nfl,2024-12-17 01:30:00+00:00,Las Vegas Raiders,Atlanta Falcons,fanduel,FanDuel,2024-12-17T00:55:32Z,player_rush_yds,2024-12-17T00:55:37Z,Alexander Mattison,12.5,-110.0,-110,2024-12-16,LV,ATL,alexander mattison,2024,15,Alexander Mattison,LV,RB,0.0,21.0,3.0,2.0,21.0,1,False,6.5,-6.5,44.5,True,False,6.5,-6.5,True,False,False,19.0,2024,15,21.0,8.5,True,False,0.5238095238095238,0.5238095238095238,0.04761904761904767,<20,coin_flip,favorite_3_to_7,mid_total_42_47,1.9090909090909092,1.9090909090909092,0.9090909090909092,-1.0
2024-12-17T01:00:00Z,2024-12-17T00:55:38Z,2024-12-17T00:50:38Z,2024-12-17T01:00:38Z,b72078945287a94944a0ffefcd09c42c,americanfootball_nfl,2024-12-17 01:30:00+00:00,Las Vegas Raiders,Atlanta Falcons,fanduel,FanDuel,2024-12-17T00:55:32Z,player_rush_yds,2024-12-17T00:55:37Z,Bijan Robinson,86.5,-110.0,-110,2024-12-16,LV,ATL,bijan robinson,2024,15,Bijan Robinson,ATL,RB,0.0,125.0,10.0,1.0,125.0,1,False,6.5,-6.5,44.5,False,True,-6.5,6.5,False,True,False,25.5,2024,15,125.0,38.5,True,False,0.5238095238095238,0.5238095238095238,0.04761904761904767,80+,coin_flip,dog_3_to_7,mid_total_42_47,1.9090909090909092,1.9090909090909092,0.9090909090909092,-1.0
2024-12-17T01:00:00Z,2024-12-17T00:55:38Z,2024-12-17T00:50:38Z,2024-12-17T01:00:38Z,b72078945287a94944a0ffefcd09c42c,americanfootball_nfl,2024-12-17 01:30:00+00:00,Las Vegas Raiders,Atlanta Falcons,fanduel,FanDuel,2024-12-17T00:55:32Z,player_rush_yds,2024-12-17T00:55:37Z,Tyler Allgeier,28.5,-110.0,-110,2024-12-16,LV,ATL,tyler allgeier,2024,15,Tyler Allgeier,ATL,RB,0.0,43.0,0.0,0.0,43.0,1,False,6.5,-6.5,44.5,False,True,-6.5,6.5,False,True,False,25.5,2024,15,43.0,14.5,True,False,0.5238095238095238,0.5238095238095238,0.04761904761904767,20-40,coin_flip,dog_3_to_7,mid_total_42_47,1.9090909090909092,1.9090909090909092,0.9090909090909092,-1.0
2024-12-17T01:00:00Z,2024-12-17T00:55:38Z,2024-12-17T00:50:38Z,2024-12-17T01:00:38Z,b72078945287a94944a0ffefcd09c42c,americanfootball_nfl,2024-12-17 01:30:00+00:00,Las Vegas Raiders,Atlanta Falcons,fanduel,FanDuel,2024-12-17T00:55:32Z,player_rush_yds,2024-12-17T00:55:37Z,Sincere McCormick,60.5,-110.0,-110,2024-12-16,LV,ATL,sincere mccormick,2024,15,Sincere McCormick,LV,RB,0.0,8.0,17.0,2.0,8.0,0,False,6.5,-6.5,44.5,True,False,6.5,-6.5,True,False,False,19.0,2024,15,8.0,-52.5,False,True,0.5238095238095238,0.5238095238095238,0.04761904761904767,60-80,coin_flip,favorite_3_to_7,mid_total_42_47,1.9090909090909092,1.9090909090909092,-1.0,0.9090909090909092
2024-12-17T01:00:00Z,2024-12-17T00:55:38Z,2024-12-17T00:50:38Z,2024-12-17T01:00:38Z,b72078945287a94944a0ffefcd09c42c,americanfootball_nfl,2024-12-17 01:30:00+00:00,Las Vegas Raiders,Atlanta Falcons,fanduel,FanDuel,2024-12-17T00:55:32Z,player_rush_yds,2024-12-17T00:55:37Z,Desmond Ridder,14.5,-110.0,-110,2024-12-16,LV,ATL,desmond ridder,2024,15,Desmond Ridder,LV,QB,208.0,28.0,0.0,0.0,28.0,1,False,6.5,-6.5,44.5,True,False,6.5,-6.5,True,False,False,19.0,2024,15,28.0,13.5,True,False,0.5238095238095238,0.5238095238095238,0.04761904761904767,<20,coin_flip,favorite_3_to_7,mid_total_42_47,1.9090909090909092,1.9090909090909092,0.9090909090909092,-1.0
2024-12-21T17:30:00Z,2024-12-21T17:25:38Z,2024-12-21T17:20:38Z,2024-12-21T17:30:38Z,5000078dc935bf60015a51c01eaee016,americanfootball_nfl,2024-12-21 18:01:00+00:00,Kansas City Chiefs,Houston Texans,fanduel,FanDuel,2024-12-21T17:24:56Z,player_rush_yds,2024-12-21T17:25:37Z,C.J. Stroud,10.5,-105.0,-115,2024-12-21,KC,HOU,cj stroud,2024,16,C.J. Stroud,HOU,QB,244.0,23.0,0.0,0.0,23.0,1,False,-3.5,3.5,42.5,False,True,3.5,-3.5,True,False,False,19.5,2024,16,23.0,12.5,True,False,0.5121951219512195,0.5348837209302325,0.04707884288145214,<20,coin_flip,favorite_3_to_7,mid_total_42_47,1.9523809523809523,1.8695652173913042,0.9523809523809523,-1.0
2024-12-21T17:30:00Z,2024-12-21T17:25:38Z,2024-12-21T17:20:38Z,2024-12-21T17:30:38Z,5000078dc935bf60015a51c01eaee016,americanfootball_nfl,2024-12-21 18:01:00+00:00,Kansas City Chiefs,Houston Texans,fanduel,FanDuel,2024-12-21T17:24:56Z,player_rush_yds,2024-12-21T17:25:37Z,Kareem Hunt,28.5,-110.0,-110,2024-12-21,KC,HOU,kareem hunt,2024,16,Kareem Hunt,KC,RB,0.0,55.0,24.0,2.0,55.0,1,False,-3.5,3.5,42.5,True,False,-3.5,3.5,False,True,False,23.0,2024,16,55.0,26.5,True,False,0.5238095238095238,0.5238095238095238,0.04761904761904767,20-40,coin_flip,dog_3_to_7,mid_total_42_47,1.9090909090909092,1.9090909090909092,0.9090909090909092,-1.0
2024-12-21T17:30:00Z,2024-12-21T17:25:38Z,2024-12-21T17:20:38Z,2024-12-21T17:30:38Z,5000078dc935bf60015a51c01eaee016,americanfootball_nfl,2024-12-21 18:01:00+00:00,Kansas City Chiefs,Houston Texans,fanduel,FanDuel,2024-12-21T17:24:56Z,player_rush_yds,2024-12-21T17:25:37Z,Patrick Mahomes,8.5,-105.0,-115,2024-12-21,KC,HOU,patrick mahomes,2024,16,Patrick Mahomes,KC,QB,260.0,33.0,0.0,0.0,33.0,1,False,-3.5,3.5,42.5,True,False,-3.5,3.5,False,True,False,23.0,2024,16,33.0,24.5,True,False,0.5121951219512195,0.5348837209302325,0.04707884288145214,<20,coin_flip,dog_3_to_7,mid_total_42_47,1.9523809523809523,1.8695652173913042,0.9523809523809523,-1.0
2024-12-21T17:30:00Z,2024-12-21T17:25:38Z,2024-12-21T17:20:38Z,2024-12-21T17:30:38Z,5000078dc935bf60015a51c01eaee016,americanfootball_nfl,2024-12-21 18:01:00+00:00,Kansas City Chiefs,Houston Texans,fanduel,FanDuel,2024-12-21T17:24:56Z,player_rush_yds,2024-12-21T17:25:37Z,Joe Mixon,62.5,-110.0,-110,2024-12-21,KC,HOU,joe mixon,2024,16,Joe Mixon,HOU,RB,0.0,57.0,14.0,1.0,57.0,0,False,-3.5,3.5,42.5,False,True,3.5,-3.5,True,False,False,19.5,2024,16,57.0,-5.5,False,True,0.5238095238095238,0.5238095238095238,0.04761904761904767,60-80,coin_flip,favorite_3_to_7,mid_total_42_47,1.9090909090909092,1.9090909090909092,-1.0,0.9090909090909092
2024-12-21T17:30:00Z,2024-12-21T17:25:38Z,2024-12-21T17:20:38Z,2024-12-21T17:30:38Z,5000078dc935bf60015a51c01eaee016,americanfootball_nfl,2024-12-21 18:01:00+00:00,Kansas City Chiefs,Houston Texans,fanduel,FanDuel,2024-12-21T17:24:56Z,player_rush_yds,2024-12-21T17:25:37Z,Isiah Pacheco,49.5,-110.0,-110,2024-12-21,KC,HOU,isiah pacheco,2024,16,Isiah Pacheco,KC,RB,0.0,26.0,-1.0,1.0,26.0,0,False,-3.5,3.5,42.5,True,False,-3.5,3.5,False,True,False,23.0,2024,16,26.0,-23.5,False,True,0.5238095238095238,0.5238095238095238,0.04761904761904767,40-60,coin_flip,dog_3_to_7,mid_total_42_47,1.9090909090909092,1.9090909090909092,-1.0,0.9090909090909092
2024-12-22T17:30:00Z,2024-12-22T17:25:38Z,2024-12-22T17:20:38Z,2024-12-22T17:30:37Z,36091a3b07686b0c7c912d4d4a244474,americanfootball_nfl,2024-12-22 18:01:00+00:00,Carolina Panthers,Arizona Cardinals,fanduel,FanDuel,2024-12-22T17:24:59Z,player_rush_yds,2024-12-22T17:25:35Z,Kyler Murray,25.5,-110.0,-110,2024-12-22,CAR,ARI,kyler murray,2024,16,Kyler Murray,ARI,QB,202.0,63.0,0.0,0.0,63.0,1,False,5.5,-5.5,47.0,False,True,-5.5,5.5,False,True,False,26.25,2024,16,63.0,37.5,True,False,0.5238095238095238,0.5238095238095238,0.04761904761904767,20-40,coin_flip,dog_3_to_7,high_total_47_plus,1.9090909090909092,1.9090909090909092,0.9090909090909092,-1.0
2024-12-22T17:30:00Z,2024-12-22T17:25:38Z,2024-12-22T17:20:38Z,2024-12-22T17:30:37Z,36091a3b07686b0c7c912d4d4a244474,americanfootball_nfl,2024-12-22 18:01:00+00:00,Carolina Panthers,Arizona Cardinals,fanduel,FanDuel,2024-12-22T17:24:59Z,player_rush_yds,2024-12-22T17:25:35Z,James Conner,85.5,-110.0,-110,2024-12-22,CAR,ARI,james conner,2024,16,James Conner,ARI,RB,0.0,117.0,49.0,4.0,117.0,1,False,5.5,-5.5,47.0,False,True,-5.5,5.5,False,True,False,26.25,2024,16,117.0,31.5,True,False,0.5238095238095238,0.5238095238095238,0.04761904761904767,80+,coin_flip,dog_3_to_7,high_total_47_plus,1.9090909090909092,1.9090909090909092,0.9090909090909092,-1.0
2024-12-22T17:30:00Z,2024-12-22T17:25:38Z,2024-12-22T17:20:38Z,2024-12-22T17:30:37Z,36091a3b07686b0c7c912d4d4a244474,americanfootball_nfl,2024-12-22 18:01:00+00:00,Carolina Panthers,Arizona Cardinals,fanduel,FanDuel,2024-12-22T17:24:59Z,player_rush_yds,2024-12-22T17:25:35Z,Chuba Hubbard,70.5,-110.0,-110,2024-12-22,CAR,ARI,chuba hubbard,2024,16,Chuba Hubbard,CAR,RB,0.0,152.0,13.0,4.0,152.0,1,False,5.5,-5.5,47.0,True,False,5.5,-5.5,True,False,False,20.75,2024,16,152.0,81.5,True,False,0.5238095238095238,0.5238095238095238,0.04761904761904767,60-80,coin_flip,favorite_3_to_7,high_total_47_plus,1.9090909090909092,1.9090909090909092,0.9090909090909092,-1.0
2024-12-22T17:30:00Z,2024-12-22T17:25:38Z,2024-12-22T17:20:38Z,2024-12-22T17:30:37Z,36091a3b07686b0c7c912d4d4a244474,americanfootball_nfl,2024-12-22 18:01:00+00:00,Carolina Panthers,Arizona Cardinals,fanduel,FanDuel,2024-12-22T17:24:59Z,player_rush_yds,2024-12-22T17:25:35Z,Bryce Young,15.5,-110.0,-110,2024-12-22,CAR,ARI,bryce young,2024,16,Bryce Young,CAR,QB,158.0,68.0,0.0,0.0,68.0,1,False,5.5,-5.5,47.0,True,False,5.5,-5.5,True,False,False,20.75,2024,16,68.0,52.5,True,False,0.5238095238095238,0.5238095238095238,0.04761904761904767,<20,coin_flip,favorite_3_to_7,high_total_47_plus,1.9090909090909092,1.9090909090909092,0.9090909090909092,-1.0
2024-12-22T17:30:00Z,2024-12-22T17:25:38Z,2024-12-22T17:20:38Z,2024-12-22T17:30:37Z,9c6ae1f00e07b696e2dd19a0efb7be8f,americanfootball_nfl,2024-12-22 18:01:00+00:00,Atlanta Falcons,New York Giants,fanduel,FanDuel,2024-12-22T17:24:59Z,player_rush_yds,2024-12-22T17:24:00Z,Bijan Robinson,88.5,-110.0,-110,2024-12-22,ATL,NYG,bijan robinson,2024,16,Bijan Robinson,ATL,RB,0.0,94.0,9.0,2.0,94.0,1,False,-9.5,9.5,42.5,True,False,-9.5,9.5,False,True,False,26.0,2024,16,94.0,5.5,True,False,0.5238095238095238,0.5238095238095238,0.04761904761904767,80+,coin_flip,dog_7_plus,mid_total_42_47,1.9090909090909092,1.9090909090909092,0.9090909090909092,-1.0
2024-12-22T17:30:00Z,2024-12-22T17:25:38Z,2024-12-22T17:20:38Z,2024-12-22T17:30:37Z,9c6ae1f00e07b696e2dd19a0efb7be8f,americanfootball_nfl,2024-12-22 18:01:00+00:00,Atlanta Falcons,New York Giants,fanduel,FanDuel,2024-12-22T17:24:59Z,player_rush_yds,2024-12-22T17:24:00Z,Drew Lock,16.5,-115.0,-105,2024-12-22,ATL,NYG,drew lock,2024,16,Drew Lock,NYG,QB,210.0,1.0,0.0,0.0,1.0,0,False,-9.5,9.5,42.5,False,True,9.5,-9.5,True,False,False,16.5,2024,16,1.0,-15.5,False,True,0.5348837209302325,0.5121951219512195,0.04707884288145214,<20,coin_flip,favorite_7_plus,mid_total_42_47,1.8695652173913042,1.9523809523809523,-1.0,0.9523809523809523
2024-12-22T17:30:00Z,2024-12-22T17:25:38Z,2024-12-22T17:20:38Z,2024-12-22T17:30:37Z,9c6ae1f00e07b696e2dd19a0efb7be8f,americanfootball_nfl,2024-12-22 18:01:00+00:00,Atlanta Falcons,New York Giants,fanduel,FanDuel,2024-12-22T17:24:59Z,player_rush_yds,2024-12-22T17:24:00Z,Tyler Allgeier,37.5,-114.0,-106,2024-12-22,ATL,NYG,tyler allgeier,2024,16,Tyler Allgeier,ATL,RB,0.0,22.0,9.0,1.0,22.0,0,False,-9.5,9.5,42.5,True,False,-9.5,9.5,False,True,False,26.0,2024,16,22.0,-15.5,False,True,0.5327102803738317,0.5145631067961165,0.04727338716994822,20-40,coin_flip,dog_7_plus,mid_total_42_47,1.8771929824561404,1.9433962264150944,-1.0,0.9433962264150944
2024-12-22T17:30:00Z,2024-12-22T17:25:38Z,2024-12-22T17:20:38Z,2024-12-22T17:30:37Z,9c6ae1f00e07b696e2dd19a0efb7be8f,americanfootball_nfl,2024-12-22 18:01:00+00:00,Atlanta Falcons,New York Giants,fanduel,FanDuel,2024-12-22T17:24:59Z,player_rush_yds,2024-12-22T17:24:00Z,Michael Penix Jr.,7.5,-110.0,-110,2024-12-22,ATL,NYG,michael penix,2024,16,Michael Penix,ATL,QB,202.0,3.0,0.0,0.0,3.0,0,False,-9.5,9.5,42.5,True,False,-9.5,9.5,False,True,False,26.0,2024,16,3.0,-4.5,False,True,0.5238095238095238,0.5238095238095238,0.04761904761904767,<20,coin_flip,dog_7_plus,mid_total_42_47,1.9090909090909092,1.9090909090909092,-1.0,0.9090909090909092
2024-12-22T17:30:00Z,2024-12-22T17:25:38Z,2024-12-22T17:20:38Z,2024-12-22T17:30:37Z,9c6ae1f00e07b696e2dd19a0efb7be8f,americanfootball_nfl,2024-12-22 18:01:00+00:00,Atlanta Falcons,New York Giants,fanduel,FanDuel,2024-12-22T17:24:59Z,player_rush_yds,2024-12-22T17:24:00Z,Tyrone Tracy Jr.,45.5,-110.0,-110,2024-12-22,ATL,NYG,tyrone tracy,2024,16,Tyrone Tracy,NYG,RB,0.0,26.0,43.0,4.0,26.0,0,False,-9.5,9.5,42.5,False,True,9.5,-9.5,True,False,False,16.5,2024,16,26.0,-19.5,False,True,0.5238095238095238,0.5238095238095238,0.04761904761904767,40-60,coin_flip,favorite_7_plus,mid_total_42_47,1.9090909090909092,1.9090909090909092,-1.0,0.9090909090909092
2024-12-22T17:30:00Z,2024-12-22T17:25:38Z,2024-12-22T17:20:38Z,2024-12-22T17:30:37Z,9c6ae1f00e07b696e2dd19a0efb7be8f,americanfootball_nfl,2024-12-22 18:01:00+00:00,Atlanta Falcons,New York Giants,fanduel,FanDuel,2024-12-22T17:24:59Z,player_rush_yds,2024-12-22T17:24:00Z,Devin Singletary,22.5,-110.0,-110,2024-12-22,ATL,NYG,devin singletary,2024,16,Devin Singletary,NYG,RB,0.0,12.0,0.0,0.0,12.0,0,False,-9.5,9.5,42.5,False,True,9.5,-9.5,True,False,False,16.5,2024,16,12.0,-10.5,False,True,0.5238095238095238,0.5238095238095238,0.04761904761904767,20-40,coin_flip,favorite_7_plus,mid_total_42_47,1.9090909090909092,1.9090909090909092,-1.0,0.9090909090909092
2024-12-22T17:30:00Z,2024-12-22T17:25:38Z,2024-12-22T17:20:38Z,2024-12-22T17:30:37Z,987be0b1af962f068e2928a9067998c9,americanfootball_nfl,2024-12-22 21:25:00+00:00,Buffalo Bills,New England Patriots,fanduel,FanDuel,2024-12-22T17:24:59Z,player_rush_yds,2024-12-22T17:25:22Z,Rhamondre Stevenson,47.5,-110.0,-110,2024-12-22,BUF,NE,rhamondre stevenson,2024,16,Rhamondre Stevenson,NE,RB,0.0,60.0,13.0,1.0,60.0,1,False,-14.0,14.0,48.0,False,True,14.0,-14.0,True,False,False,17.0,2024,16,60.0,12.5,True,False,0.5238095238095238,0.5238095238095238,0.04761904761904767,40-60,coin_flip,favorite_7_plus,high_total_47_plus,1.9090909090909092,1.9090909090909092,0.9090909090909092,-1.0
2024-12-22T17:30:00Z,2024-12-22T17:25:38Z,2024-12-22T17:20:38Z,2024-12-22T17:30:37Z,987be0b1af962f068e2928a9067998c9,americanfootball_nfl,2024-12-22 21:25:00+00:00,Buffalo Bills,New England Patriots,fanduel,FanDuel,2024-12-22T17:24:59Z,player_rush_yds,2024-12-22T17:25:22Z,Drake Maye,26.5,-110.0,-110,2024-12-22,BUF,NE,drake maye,2024,16,Drake Maye,NE,QB,261.0,30.0,0.0,0.0,30.0,1,False,-14.0,14.0,48.0,False,True,14.0,-14.0,True,False,False,17.0,2024,16,30.0,3.5,True,False,0.5238095238095238,0.5238095238095238,0.04761904761904767,20-40,coin_flip,favorite_7_plus,high_total_47_plus,1.9090909090909092,1.9090909090909092,0.9090909090909092,-1.0
2024-12-22T17:30:00Z,2024-12-22T17:25:38Z,2024-12-22T17:20:38Z,2024-12-22T17:30:37Z,987be0b1af962f068e2928a9067998c9,americanfootball_nfl,2024-12-22 21:25:00+00:00,Buffalo Bills,New England Patriots,fanduel,FanDuel,2024-12-22T17:24:59Z,player_rush_yds,2024-12-22T17:25:22Z,Josh Allen,33.5,-110.0,-110,2024-12-22,BUF,NE,josh allen,2024,16,Josh Allen,BUF,QB,154.0,30.0,0.0,0.0,30.0,0,False,-14.0,14.0,48.0,True,False,-14.0,14.0,False,True,False,31.0,2024,16,30.0,-3.5,False,True,0.5238095238095238,0.5238095238095238,0.04761904761904767,20-40,coin_flip,dog_7_plus,high_total_47_plus,1.9090909090909092,1.9090909090909092,-1.0,0.9090909090909092
2024-12-22T17:30:00Z,2024-12-22T17:25:38Z,2024-12-22T17:20:38Z,2024-12-22T17:30:37Z,987be0b1af962f068e2928a9067998c9,americanfootball_nfl,2024-12-22 21:25:00+00:00,Buffalo Bills,New England Patriots,fanduel,FanDuel,2024-12-22T17:24:59Z,player_rush_yds,2024-12-22T17:25:22Z,James Cook,65.5,-110.0,-110,2024-12-22,BUF,NE,james cook,2024,16,James Cook,BUF,RB,0.0,100.0,26.0,3.0,100.0,1,False,-14.0,14.0,48.0,True,False,-14.0,14.0,False,True,False,31.0,2024,16,100.0,34.5,True,False,0.5238095238095238,0.5238095238095238,0.04761904761904767,60-80,coin_flip,dog_7_plus,high_total_47_plus,1.9090909090909092,1.9090909090909092,0.9090909090909092,-1.0
2024-12-22T17:30:00Z,2024-12-22T17:25:38Z,2024-12-22T17:20:38Z,2024-12-22T17:30:37Z,534fd9bc355dbfa4d35156e6d59e3913,americanfootball_nfl,2024-12-22 18:01:00+00:00,Chicago Bears,Detroit Lions,fanduel,FanDuel,2024-12-22T17:24:59Z,player_rush_yds,2024-12-22T17:25:46Z,Caleb Williams,27.5,-110.0,-110,2024-12-22,CHI,DET,caleb williams,2024,16,Caleb Williams,CHI,QB,334.0,34.0,0.0,0.0,34.0,1,False,7.0,-7.0,47.5,True,False,7.0,-7.0,True,False,False,20.25,2024,16,34.0,6.5,True,False,0.5238095238095238,0.5238095238095238,0.04761904761904767,20-40,coin_flip,favorite_3_to_7,high_total_47_plus,1.9090909090909092,1.9090909090909092,0.9090909090909092,-1.0
2024-12-22T17:30:00Z,2024-12-22T17:25:38Z,2024-12-22T17:20:38Z,2024-12-22T17:30:37Z,534fd9bc355dbfa4d35156e6d59e3913,americanfootball_nfl,2024-12-22 18:01:00+00:00,Chicago Bears,Detroit Lions,fanduel,FanDuel,2024-12-22T17:24:59Z,player_rush_yds,2024-12-22T17:25:46Z,D'Andre Swift,56.5,-110.0,-110,2024-12-22,CHI,DET,dandre swift,2024,16,D'Andre Swift,CHI,RB,0.0,20.0,33.0,3.0,20.0,0,False,7.0,-7.0,47.5,True,False,7.0,-7.0,True,False,False,20.25,2024,16,20.0,-36.5,False,True,0.5238095238095238,0.5238095238095238,0.04761904761904767,40-60,coin_flip,favorite_3_to_7,high_total_47_plus,1.9090909090909092,1.9090909090909092,-1.0,0.9090909090909092
2024-12-22T17:30:00Z,2024-12-22T17:25:38Z,2024-12-22T17:20:38Z,2024-12-22T17:30:37Z,534fd9bc355dbfa4d35156e6d59e3913,americanfootball_nfl,2024-12-22 18:01:00+00:00,Chicago Bears,Detroit Lions,fanduel,FanDuel,2024-12-22T17:24:59Z,player_rush_yds,2024-12-22T17:25:46Z,Jahmyr Gibbs,90.5,-110.0,-110,2024-12-22,CHI,DET,jahmyr gibbs,2024,16,Jahmyr Gibbs,DET,RB,0.0,109.0,45.0,4.0,109.0,1,False,7.0,-7.0,47.5,False,True,-7.0,7.0,False,True,False,27.25,2024,16,109.0,18.5,True,False,0.5238095238095238,0.5238095238095238,0.04761904761904767,80+,coin_flip,dog_3_to_7,high_total_47_plus,1.9090909090909092,1.9090909090909092,0.9090909090909092,-1.0
2024-12-22T17:30:00Z,2024-12-22T17:25:38Z,2024-12-22T17:20:38Z,2024-12-22T17:30:37Z,534fd9bc355dbfa4d35156e6d59e3913,americanfootball_nfl,2024-12-22 18:01:00+00:00,Chicago Bears,Detroit Lions,fanduel,FanDuel,2024-12-22T17:24:59Z,player_rush_yds,2024-12-22T17:25:46Z,Craig Reynolds,21.5,-110.0,-110,2024-12-22,CHI,DET,craig reynolds,2024,16,Craig Reynolds,DET,RB,0.0,18.0,5.0,1.0,18.0,0,False,7.0,-7.0,47.5,False,True,-7.0,7.0,False,True,False,27.25,2024,16,18.0,-3.5,False,True,0.5238095238095238,0.5238095238095238,0.04761904761904767,20-40,coin_flip,dog_3_to_7,high_total_47_plus,1.9090909090909092,1.9090909090909092,-1.0,0.9090909090909092
2024-12-22T17:30:00Z,2024-12-22T17:25:38Z,2024-12-22T17:20:38Z,2024-12-22T17:30:37Z,534fd9bc355dbfa4d35156e6d59e3913,americanfootball_nfl,2024-12-22 18:01:00+00:00,Chicago Bears,Detroit Lions,fanduel,FanDuel,2024-12-22T17:24:59Z,player_rush_yds,2024-12-22T17:25:46Z,Roschon Johnson,10.5,-110.0,-110,2024-12-22,CHI,DET,roschon johnson,2024,16,Roschon Johnson,CHI,RB,0.0,3.0,0.0,0.0,3.0,0,False,7.0,-7.0,47.5,True,False,7.0,-7.0,True,False,False,20.25,2024,16,3.0,-7.5,False,True,0.5238095238095238,0.5238095238095238,0.04761904761904767,<20,coin_flip,favorite_3_to_7,high_total_47_plus,1.9090909090909092,1.9090909090909092,-1.0,0.9090909090909092
2024-12-22T17:30:00Z,2024-12-22T17:25:38Z,2024-12-22T17:20:38Z,2024-12-22T17:30:37Z,f03bb31e9ff7b81ad1e18e36b7cdddb7,americanfootball_nfl,2024-12-22 18:01:00+00:00,Indianapolis Colts,Tennessee Titans,fanduel,FanDuel,2024-12-22T17:24:59Z,player_rush_yds,2024-12-22T17:25:59Z,Tyjae Spears,24.5,-110.0,-110,2024-12-22,IND,TEN,tyjae spears,2024,16,Tyjae Spears,TEN,RB,0.0,27.0,39.0,3.0,27.0,1,False,-4.0,4.0,42.5,False,True,4.0,-4.0,True,False,False,19.25,2024,16,27.0,2.5,True,False,0.5238095238095238,0.5238095238095238,0.04761904761904767,20-40,coin_flip,favorite_3_to_7,mid_total_42_47,1.9090909090909092,1.9090909090909092,0.9090909090909092,-1.0
2024-12-22T17:30:00Z,2024-12-22T17:25:38Z,2024-12-22T17:20:38Z,2024-12-22T17:30:37Z,f03bb31e9ff7b81ad1e18e36b7cdddb7,americanfootball_nfl,2024-12-22 18:01:00+00:00,Indianapolis Colts,Tennessee Titans,fanduel,FanDuel,2024-12-22T17:24:59Z,player_rush_yds,2024-12-22T17:25:59Z,Anthony Richardson,44.5,-110.0,-110,2024-12-22,IND,TEN,anthony richardson,2024,16,Anthony Richardson,IND,QB,131.0,70.0,0.0,0.0,70.0,1,False,-4.0,4.0,42.5,True,False,-4.0,4.0,False,True,False,23.25,2024,16,70.0,25.5,True,False,0.5238095238095238,0.5238095238095238,0.04761904761904767,40-60,coin_flip,dog_3_to_7,mid_total_42_47,1.9090909090909092,1.9090909090909092,0.9090909090909092,-1.0
2024-12-22T17:30:00Z,2024-12-22T17:25:38Z,2024-12-22T17:20:38Z,2024-12-22T17:30:37Z,f03bb31e9ff7b81ad1e18e36b7cdddb7,americanfootball_nfl,2024-12-22 18:01:00+00:00,Indianapolis Colts,Tennessee Titans,fanduel,FanDuel,2024-12-22T17:24:59Z,player_rush_yds,2024-12-22T17:25:59Z,Jonathan Taylor,88.5,-110.0,-110,2024-12-22,IND,TEN,jonathan taylor,2024,16,Jonathan Taylor,IND,RB,0.0,218.0,0.0,0.0,218.0,1,False,-4.0,4.0,42.5,True,False,-4.0,4.0,False,True,False,23.25,2024,16,218.0,129.5,True,False,0.5238095238095238,0.5238095238095238,0.04761904761904767,80+,coin_flip,dog_3_to_7,mid_total_42_47,1.9090909090909092,1.9090909090909092,0.9090909090909092,-1.0
2024-12-22T17:30:00Z,2024-12-22T17:25:38Z,2024-12-22T17:20:38Z,2024-12-22T17:30:37Z,f03bb31e9ff7b81ad1e18e36b7cdddb7,americanfootball_nfl,2024-12-22 18:01:00+00:00,Indianapolis Colts,Tennessee Titans,fanduel,FanDuel,2024-12-22T17:24:59Z,player_rush_yds,2024-12-22T17:25:59Z,Mason Rudolph,10.5,-110.0,-110,2024-12-22,IND,TEN,mason rudolph,2024,16,Mason Rudolph,TEN,QB,252.0,3.0,0.0,0.0,3.0,0,False,-4.0,4.0,42.5,False,True,4.0,-4.0,True,False,False,19.25,2024,16,3.0,-7.5,False,True,0.5238095238095238,0.5238095238095238,0.04761904761904767,<20,coin_flip,favorite_3_to_7,mid_total_42_47,1.9090909090909092,1.9090909090909092,-1.0,0.9090909090909092
2024-12-22T17:30:00Z,2024-12-22T17:25:38Z,2024-12-22T17:20:38Z,2024-12-22T17:30:37Z,f03bb31e9ff7b81ad1e18e36b7cdddb7,americanfootball_nfl,2024-12-22 18:01:00+00:00,Indianapolis Colts,Tennessee Titans,fanduel,FanDuel,2024-12-22T17:24:59Z,player_rush_yds,2024-12-22T17:25:59Z,Tony Pollard,61.5,-110.0,-110,2024-12-22,IND,TEN,tony pollard,2024,16,Tony Pollard,TEN,RB,0.0,35.0,5.0,2.0,35.0,0,False,-4.0,4.0,42.5,False,True,4.0,-4.0,True,False,False,19.25,2024,16,35.0,-26.5,False,True,0.5238095238095238,0.5238095238095238,0.04761904761904767,60-80,coin_flip,favorite_3_to_7,mid_total_42_47,1.9090909090909092,1.9090909090909092,-1.0,0.9090909090909092
2024-12-22T17:30:00Z,2024-12-22T17:25:38Z,2024-12-22T17:20:38Z,2024-12-22T17:30:37Z,d9ace22fff68cd1916da62a70491e424,americanfootball_nfl,2024-12-22 18:00:00+00:00,New York Jets,Los Angeles Rams,fanduel,FanDuel,2024-12-22T17:24:59Z,player_rush_yds,2024-12-22T17:25:57Z,Breece Hall,47.5,-110.0,-110,2024-12-22,NYJ,LAR,breece hall,2024,16,Breece Hall,NYJ,RB,0.0,52.0,38.0,5.0,52.0,1,False,3.0,-3.0,47.0,True,False,3.0,-3.0,True,False,False,22.0,2024,16,52.0,4.5,True,False,0.5238095238095238,0.5238095238095238,0.04761904761904767,40-60,coin_flip,favorite_0_to_3,high_total_47_plus,1.9090909090909092,1.9090909090909092,0.9090909090909092,-1.0
2024-12-22T17:30:00Z,2024-12-22T17:25:38Z,2024-12-22T17:20:38Z,2024-12-22T17:30:37Z,d9ace22fff68cd1916da62a70491e424,americanfootball_nfl,2024-12-22 18:00:00+00:00,New York Jets,Los Angeles Rams,fanduel,FanDuel,2024-12-22T17:24:59Z,player_rush_yds,2024-12-22T17:25:57Z,Kyren Williams,80.5,-110.0,-110,2024-12-22,NYJ,LAR,kyren williams,2024,16,Kyren Williams,LAR,RB,0.0,122.0,7.0,1.0,122.0,1,False,3.0,-3.0,47.0,False,True,-3.0,3.0,False,True,False,25.0,2024,16,122.0,41.5,True,False,0.5238095238095238,0.5238095238095238,0.04761904761904767,80+,coin_flip,dog_0_to_3,high_total_47_plus,1.9090909090909092,1.9090909090909092,0.9090909090909092,-1.0
2024-12-22T20:35:00Z,2024-12-22T20:30:38Z,2024-12-22T20:25:37Z,2024-12-22T20:35:37Z,87ed34522672eabe6cb5b85c34c4e8ce,americanfootball_nfl,2024-12-22 21:06:00+00:00,Seattle Seahawks,Minnesota Vikings,fanduel,FanDuel,2024-12-22T20:30:07Z,player_rush_yds,2024-12-22T20:30:20Z,Sam Darnold,12.5,-110.0,-110,2024-12-22,SEA,MIN,sam darnold,2024,16,Sam Darnold,MIN,QB,246.0,11.0,0.0,0.0,11.0,0,False,2.5,-2.5,43.0,False,True,-2.5,2.5,False,True,False,22.75,2024,16,11.0,-1.5,False,True,0.5238095238095238,0.5238095238095238,0.04761904761904767,<20,coin_flip,dog_0_to_3,mid_total_42_47,1.9090909090909092,1.9090909090909092,-1.0,0.9090909090909092
2024-12-22T20:35:00Z,2024-12-22T20:30:38Z,2024-12-22T20:25:37Z,2024-12-22T20:35:37Z,87ed34522672eabe6cb5b85c34c4e8ce,americanfootball_nfl,2024-12-22 21:06:00+00:00,Seattle Seahawks,Minnesota Vikings,fanduel,FanDuel,2024-12-22T20:30:07Z,player_rush_yds,2024-12-22T20:30:20Z,Zach Charbonnet,27.5,-110.0,-110,2024-12-22,SEA,MIN,zach charbonnet,2024,16,Zach Charbonnet,SEA,RB,0.0,-1.0,14.0,2.0,-1.0,0,False,2.5,-2.5,43.0,True,False,2.5,-2.5,True,False,False,20.25,2024,16,-1.0,-28.5,False,True,0.5238095238095238,0.5238095238095238,0.04761904761904767,20-40,coin_flip,favorite_0_to_3,mid_total_42_47,1.9090909090909092,1.9090909090909092,-1.0,0.9090909090909092
2024-12-22T20:35:00Z,2024-12-22T20:30:38Z,2024-12-22T20:25:37Z,2024-12-22T20:35:37Z,87ed34522672eabe6cb5b85c34c4e8ce,americanfootball_nfl,2024-12-22 21:06:00+00:00,Seattle Seahawks,Minnesota Vikings,fanduel,FanDuel,2024-12-22T20:30:07Z,player_rush_yds,2024-12-22T20:30:20Z,Kenneth Walker III,46.5,-110.0,-110,2024-12-22,SEA,MIN,kenneth walker,2024,16,Kenneth Walker,SEA,RB,0.0,31.0,28.0,8.0,31.0,0,False,2.5,-2.5,43.0,True,False,2.5,-2.5,True,False,False,20.25,2024,16,31.0,-15.5,False,True,0.5238095238095238,0.5238095238095238,0.04761904761904767,40-60,coin_flip,favorite_0_to_3,mid_total_42_47,1.9090909090909092,1.9090909090909092,-1.0,0.9090909090909092
2024-12-22T20:35:00Z,2024-12-22T20:30:38Z,2024-12-22T20:25:37Z,2024-12-22T20:35:37Z,87ed34522672eabe6cb5b85c34c4e8ce,americanfootball_nfl,2024-12-22 21:06:00+00:00,Seattle Seahawks,Minnesota Vikings,fanduel,FanDuel,2024-12-22T20:30:07Z,player_rush_yds,2024-12-22T20:30:20Z,Geno Smith,8.5,-110.0,-110,2024-12-22,SEA,MIN,geno smith,2024,16,Geno Smith,SEA,QB,314.0,8.0,0.0,0.0,8.0,0,False,2.5,-2.5,43.0,True,False,2.5,-2.5,True,False,False,20.25,2024,16,8.0,-0.5,False,True,0.5238095238095238,0.5238095238095238,0.04761904761904767,<20,coin_flip,favorite_0_to_3,mid_total_42_47,1.9090909090909092,1.9090909090909092,-1.0,0.9090909090909092
2024-12-22T20:35:00Z,2024-12-22T20:30:38Z,2024-12-22T20:25:37Z,2024-12-22T20:35:37Z,87ed34522672eabe6cb5b85c34c4e8ce,americanfootball_nfl,2024-12-22 21:06:00+00:00,Seattle Seahawks,Minnesota Vikings,fanduel,FanDuel,2024-12-22T20:30:07Z,player_rush_yds,2024-12-22T20:30:20Z,Cam Akers,21.5,-110.0,-110,2024-12-22,SEA,MIN,cam akers,2024,16,Cam Akers,MIN,RB,0.0,3.0,0.0,0.0,3.0,0,False,2.5,-2.5,43.0,False,True,-2.5,2.5,False,True,False,22.75,2024,16,3.0,-18.5,False,True,0.5238095238095238,0.5238095238095238,0.04761904761904767,20-40,coin_flip,dog_0_to_3,mid_total_42_47,1.9090909090909092,1.9090909090909092,-1.0,0.9090909090909092
2024-12-22T20:35:00Z,2024-12-22T20:30:38Z,2024-12-22T20:25:37Z,2024-12-22T20:35:37Z,87ed34522672eabe6cb5b85c34c4e8ce,americanfootball_nfl,2024-12-22 21:06:00+00:00,Seattle Seahawks,Minnesota Vikings,fanduel,FanDuel,2024-12-22T20:30:07Z,player_rush_yds,2024-12-22T20:30:20Z,Aaron Jones,64.5,-110.0,-110,2024-12-22,SEA,MIN,aaron jones,2024,16,Aaron Jones,MIN,RB,0.0,67.0,26.0,3.0,67.0,1,False,2.5,-2.5,43.0,False,True,-2.5,2.5,False,True,False,22.75,2024,16,67.0,2.5,True,False,0.5238095238095238,0.5238095238095238,0.04761904761904767,60-80,coin_flip,dog_0_to_3,mid_total_42_47,1.9090909090909092,1.9090909090909092,0.9090909090909092,-1.0
2024-12-22T20:55:00Z,2024-12-22T20:50:37Z,2024-12-22T20:45:37Z,2024-12-22T20:55:37Z,d93e285150cc30bb71e930879219d26e,americanfootball_nfl,2024-12-22 21:26:00+00:00,Las Vegas Raiders,Jacksonville Jaguars,fanduel,FanDuel,2024-12-22T20:50:12Z,player_rush_yds,2024-12-22T20:50:36Z,Ameer Abdullah,18.5,-110.0,-110,2024-12-22,LV,JAX,ameer abdullah,2024,16,Ameer Abdullah,LV,RB,0.0,38.0,47.0,5.0,38.0,1,False,-2.5,2.5,41.5,True,False,-2.5,2.5,False,True,False,22.0,2024,16,38.0,19.5,True,False,0.5238095238095238,0.5238095238095238,0.04761904761904767,<20,coin_flip,dog_0_to_3,low_total_<42,1.9090909090909092,1.9090909090909092,0.9090909090909092,-1.0
2024-12-22T20:55:00Z,2024-12-22T20:50:37Z,2024-12-22T20:45:37Z,2024-12-22T20:55:37Z,d93e285150cc30bb71e930879219d26e,americanfootball_nfl,2024-12-22 21:26:00+00:00,Las Vegas Raiders,Jacksonville Jaguars,fanduel,FanDuel,2024-12-22T20:50:12Z,player_rush_yds,2024-12-22T20:50:36Z,Alexander Mattison,45.5,-110.0,-110,2024-12-22,LV,JAX,alexander mattison,2024,16,Alexander Mattison,LV,RB,0.0,27.0,29.0,4.0,27.0,0,False,-2.5,2.5,41.5,True,False,-2.5,2.5,False,True,False,22.0,2024,16,27.0,-18.5,False,True,0.5238095238095238,0.5238095238095238,0.04761904761904767,40-60,coin_flip,dog_0_to_3,low_total_<42,1.9090909090909092,1.9090909090909092,-1.0,0.9090909090909092
2024-12-22T20:55:00Z,2024-12-22T20:50:37Z,2024-12-22T20:45:37Z,2024-12-22T20:55:37Z,d93e285150cc30bb71e930879219d26e,americanfootball_nfl,2024-12-22 21:26:00+00:00,Las Vegas Raiders,Jacksonville Jaguars,fanduel,FanDuel,2024-12-22T20:50:12Z,player_rush_yds,2024-12-22T20:50:36Z,Travis Etienne Jr.,40.5,-110.0,-110,2024-12-22,LV,JAX,travis etienne,2024,16,Travis Etienne,JAX,RB,0.0,22.0,15.0,2.0,22.0,0,False,-2.5,2.5,41.5,False,True,2.5,-2.5,True,False,False,19.5,2024,16,22.0,-18.5,False,True,0.5238095238095238,0.5238095238095238,0.04761904761904767,40-60,coin_flip,favorite_0_to_3,low_total_<42,1.9090909090909092,1.9090909090909092,-1.0,0.9090909090909092
2024-12-22T20:55:00Z,2024-12-22T20:50:37Z,2024-12-22T20:45:37Z,2024-12-22T20:55:37Z,d93e285150cc30bb71e930879219d26e,americanfootball_nfl,2024-12-22 21:26:00+00:00,Las Vegas Raiders,Jacksonville Jaguars,fanduel,FanDuel,2024-12-22T20:50:12Z,player_rush_yds,2024-12-22T20:50:36Z,Tank Bigsby,44.5,-110.0,-110,2024-12-22,LV,JAX,tank bigsby,2024,16,Tank Bigsby,JAX,RB,0.0,50.0,1.0,1.0,50.0,1,False,-2.5,2.5,41.5,False,True,2.5,-2.5,True,False,False,19.5,2024,16,50.0,5.5,True,False,0.5238095238095238,0.5238095238095238,0.04761904761904767,40-60,coin_flip,favorite_0_to_3,low_total_<42,1.9090909090909092,1.9090909090909092,0.9090909090909092,-1.0
2024-12-22T20:55:00Z,2024-12-22T20:50:37Z,2024-12-22T20:45:37Z,2024-12-22T20:55:37Z,b0e2f4e7023b4f29ca1e1e64f93726f2,americanfootball_nfl,2024-12-22 21:25:00+00:00,Miami Dolphins,San Francisco 49ers,fanduel,FanDuel,2024-12-22T20:50:12Z,player_rush_yds,2024-12-22T20:49:47Z,Raheem Mostert,17.5,-110.0,-110,2024-12-22,MIA,SF,raheem mostert,2024,16,Raheem Mostert,MIA,RB,0.0,31.0,15.0,2.0,31.0,1,False,2.0,-2.0,44.0,True,False,2.0,-2.0,True,False,False,21.0,2024,16,31.0,13.5,True,False,0.5238095238095238,0.5238095238095238,0.04761904761904767,<20,coin_flip,favorite_0_to_3,mid_total_42_47,1.9090909090909092,1.9090909090909092,0.9090909090909092,-1.0
2024-12-22T20:55:00Z,2024-12-22T20:50:37Z,2024-12-22T20:45:37Z,2024-12-22T20:55:37Z,b0e2f4e7023b4f29ca1e1e64f93726f2,americanfootball_nfl,2024-12-22 21:25:00+00:00,Miami Dolphins,San Francisco 49ers,fanduel,FanDuel,2024-12-22T20:50:12Z,player_rush_yds,2024-12-22T20:49:47Z,Patrick Taylor,44.5,-110.0,-110,2024-12-22,MIA,SF,patrick taylor,2024,16,Patrick Taylor,SF,RB,0.0,24.0,1.0,1.0,24.0,0,False,2.0,-2.0,44.0,False,True,-2.0,2.0,False,True,False,23.0,2024,16,24.0,-20.5,False,True,0.5238095238095238,0.5238095238095238,0.04761904761904767,40-60,coin_flip,dog_0_to_3,mid_total_42_47,1.9090909090909092,1.9090909090909092,-1.0,0.9090909090909092
2024-12-22T20:55:00Z,2024-12-22T20:50:37Z,2024-12-22T20:45:37Z,2024-12-22T20:55:37Z,b0e2f4e7023b4f29ca1e1e64f93726f2,americanfootball_nfl,2024-12-22 21:25:00+00:00,Miami Dolphins,San Francisco 49ers,fanduel,FanDuel,2024-12-22T20:50:12Z,player_rush_yds,2024-12-22T20:49:47Z,De'Von Achane,48.5,-110.0,-110,2024-12-22,MIA,SF,devon achane,2024,16,Devon Achane,MIA,RB,0.0,120.0,70.0,6.0,120.0,1,False,2.0,-2.0,44.0,True,False,2.0,-2.0,True,False,False,21.0,2024,16,120.0,71.5,True,False,0.5238095238095238,0.5238095238095238,0.04761904761904767,40-60,coin_flip,favorite_0_to_3,mid_total_42_47,1.9090909090909092,1.9090909090909092,0.9090909090909092,-1.0
2024-12-22T20:55:00Z,2024-12-22T20:50:37Z,2024-12-22T20:45:37Z,2024-12-22T20:55:37Z,b0e2f4e7023b4f29ca1e1e64f93726f2,americanfootball_nfl,2024-12-22 21:25:00+00:00,Miami Dolphins,San Francisco 49ers,fanduel,FanDuel,2024-12-22T20:50:12Z,player_rush_yds,2024-12-22T20:49:47Z,Deebo Samuel,13.5,-110.0,-110,2024-12-22,MIA,SF,deebo samuel,2024,16,Deebo Samuel,SF,WR,0.0,25.0,96.0,7.0,25.0,1,False,2.0,-2.0,44.0,False,True,-2.0,2.0,False,True,False,23.0,2024,16,25.0,11.5,True,False,0.5238095238095238,0.5238095238095238,0.04761904761904767,<20,coin_flip,dog_0_to_3,mid_total_42_47,1.9090909090909092,1.9090909090909092,0.9090909090909092,-1.0
2024-12-22T20:55:00Z,2024-12-22T20:50:37Z,2024-12-22T20:45:37Z,2024-12-22T20:55:37Z,b0e2f4e7023b4f29ca1e1e64f93726f2,americanfootball_nfl,2024-12-22 21:25:00+00:00,Miami Dolphins,San Francisco 49ers,fanduel,FanDuel,2024-12-22T20:50:12Z,player_rush_yds,2024-12-22T20:49:47Z,Brock Purdy,14.5,-110.0,-110,2024-12-22,MIA,SF,brock purdy,2024,16,Brock Purdy,SF,QB,313.0,26.0,0.0,0.0,26.0,1,False,2.0,-2.0,44.0,False,True,-2.0,2.0,False,True,False,23.0,2024,16,26.0,11.5,True,False,0.5238095238095238,0.5238095238095238,0.04761904761904767,<20,coin_flip,dog_0_to_3,mid_total_42_47,1.9090909090909092,1.9090909090909092,0.9090909090909092,-1.0
2024-12-23T00:50:00Z,2024-12-23T00:45:37Z,2024-12-23T00:40:37Z,2024-12-23T00:50:37Z,beea49da0ca78cc5636fa84188603fa0,americanfootball_nfl,2024-12-23 01:21:00+00:00,Dallas Cowboys,Tampa Bay Buccaneers,fanduel,FanDuel,2024-12-23T00:45:05Z,player_rush_yds,2024-12-23T00:45:06Z,Ezekiel Elliott,8.5,-110.0,-110,2024-12-22,DAL,TB,ezekiel elliott,2024,16,Ezekiel Elliott,DAL,RB,0.0,1.0,0.0,0.0,1.0,0,False,4.5,-4.5,47.5,True,False,4.5,-4.5,True,False,False,21.5,2024,16,1.0,-7.5,False,True,0.5238095238095238,0.5238095238095238,0.04761904761904767,<20,coin_flip,favorite_3_to_7,high_total_47_plus,1.9090909090909092,1.9090909090909092,-1.0,0.9090909090909092
2024-12-23T00:50:00Z,2024-12-23T00:45:37Z,2024-12-23T00:40:37Z,2024-12-23T00:50:37Z,beea49da0ca78cc5636fa84188603fa0,americanfootball_nfl,2024-12-23 01:21:00+00:00,Dallas Cowboys,Tampa Bay Buccaneers,fanduel,FanDuel,2024-12-23T00:45:05Z,player_rush_yds,2024-12-23T00:45:06Z,Cooper Rush,2.5,100.0,-122,2024-12-22,DAL,TB,cooper rush,2024,16,Cooper Rush,DAL,QB,292.0,-4.0,0.0,0.0,-4.0,0,False,4.5,-4.5,47.5,True,False,4.5,-4.5,True,False,False,21.5,2024,16,-4.0,-6.5,False,True,0.5,0.5495495495495496,0.04954954954954971,<20,plus_money,favorite_3_to_7,high_total_47_plus,2.0,1.819672131147541,-1.0,0.819672131147541
2024-12-23T00:50:00Z,2024-12-23T00:45:37Z,2024-12-23T00:40:37Z,2024-12-23T00:50:37Z,beea49da0ca78cc5636fa84188603fa0,americanfootball_nfl,2024-12-23 01:21:00+00:00,Dallas Cowboys,Tampa Bay Buccaneers,fanduel,FanDuel,2024-12-23T00:45:05Z,player_rush_yds,2024-12-23T00:45:06Z,Rachaad White,39.5,-110.0,-110,2024-12-22,DAL,TB,rachaad white,2024,16,Rachaad White,TB,RB,0.0,10.0,50.0,7.0,10.0,0,False,4.5,-4.5,47.5,False,True,-4.5,4.5,False,True,False,26.0,2024,16,10.0,-29.5,False,True,0.5238095238095238,0.5238095238095238,0.04761904761904767,20-40,coin_flip,dog_3_to_7,high_total_47_plus,1.9090909090909092,1.9090909090909092,-1.0,0.9090909090909092
2024-12-23T00:50:00Z,2024-12-23T00:45:37Z,2024-12-23T00:40:37Z,2024-12-23T00:50:37Z,beea49da0ca78cc5636fa84188603fa0,americanfootball_nfl,2024-12-23 01:21:00+00:00,Dallas Cowboys,Tampa Bay Buccaneers,fanduel,FanDuel,2024-12-23T00:45:05Z,player_rush_yds,2024-12-23T00:45:06Z,Bucky Irving,61.5,-110.0,-110,2024-12-22,DAL,TB,bucky irving,2024,16,Bucky Irving,TB,RB,0.0,68.0,24.0,3.0,68.0,1,False,4.5,-4.5,47.5,False,True,-4.5,4.5,False,True,False,26.0,2024,16,68.0,6.5,True,False,0.5238095238095238,0.5238095238095238,0.04761904761904767,60-80,coin_flip,dog_3_to_7,high_total_47_plus,1.9090909090909092,1.9090909090909092,0.9090909090909092,-1.0
2024-12-23T00:50:00Z,2024-12-23T00:45:37Z,2024-12-23T00:40:37Z,2024-12-23T00:50:37Z,beea49da0ca78cc5636fa84188603fa0,americanfootball_nfl,2024-12-23 01:21:00+00:00,Dallas Cowboys,Tampa Bay Buccaneers,fanduel,FanDuel,2024-12-23T00:45:05Z,player_rush_yds,2024-12-23T00:45:06Z,Baker Mayfield,14.5,-110.0,-110,2024-12-22,DAL,TB,baker mayfield,2024,16,Baker Mayfield,TB,QB,303.0,42.0,0.0,0.0,42.0,1,False,4.5,-4.5,47.5,False,True,-4.5,4.5,False,True,False,26.0,2024,16,42.0,27.5,True,False,0.5238095238095238,0.5238095238095238,0.04761904761904767,<20,coin_flip,dog_3_to_7,high_total_47_plus,1.9090909090909092,1.9090909090909092,0.9090909090909092,-1.0
2024-12-23T00:50:00Z,2024-12-23T00:45:37Z,2024-12-23T00:40:37Z,2024-12-23T00:50:37Z,beea49da0ca78cc5636fa84188603fa0,americanfootball_nfl,2024-12-23 01:21:00+00:00,Dallas Cowboys,Tampa Bay Buccaneers,fanduel,FanDuel,2024-12-23T00:45:05Z,player_rush_yds,2024-12-23T00:45:06Z,Rico Dowdle,72.5,-110.0,-110,2024-12-22,DAL,TB,rico dowdle,2024,16,Rico Dowdle,DAL,RB,0.0,23.0,28.0,3.0,23.0,0,False,4.5,-4.5,47.5,True,False,4.5,-4.5,True,False,False,21.5,2024,16,23.0,-49.5,False,True,0.5238095238095238,0.5238095238095238,0.04761904761904767,60-80,coin_flip,favorite_3_to_7,high_total_47_plus,1.9090909090909092,1.9090909090909092,-1.0,0.9090909090909092
2024-12-25T17:30:00Z,2024-12-25T17:25:38Z,2024-12-25T17:20:38Z,2024-12-25T17:30:38Z,ce94e5673c8b7a0834f1948f1c5f52c7,americanfootball_nfl,2024-12-25 18:00:00+00:00,Pittsburgh Steelers,Kansas City Chiefs,fanduel,FanDuel,2024-12-25T17:24:52Z,player_rush_yds,2024-12-25T17:25:17Z,Jaylen Warren,33.5,-110.0,-110,2024-12-25,PIT,KC,jaylen warren,2024,17,Jaylen Warren,PIT,RB,0.0,71.0,41.0,5.0,71.0,1,False,3.0,-3.0,43.5,True,False,3.0,-3.0,True,False,False,20.25,2024,17,71.0,37.5,True,False,0.5238095238095238,0.5238095238095238,0.04761904761904767,20-40,coin_flip,favorite_0_to_3,mid_total_42_47,1.9090909090909092,1.9090909090909092,0.9090909090909092,-1.0
2024-12-25T17:30:00Z,2024-12-25T17:25:38Z,2024-12-25T17:20:38Z,2024-12-25T17:30:38Z,ce94e5673c8b7a0834f1948f1c5f52c7,americanfootball_nfl,2024-12-25 18:00:00+00:00,Pittsburgh Steelers,Kansas City Chiefs,fanduel,FanDuel,2024-12-25T17:24:52Z,player_rush_yds,2024-12-25T17:25:17Z,Russell Wilson,12.5,-110.0,-110,2024-12-25,PIT,KC,russell wilson,2024,17,Russell Wilson,PIT,QB,205.0,55.0,0.0,0.0,55.0,1,False,3.0,-3.0,43.5,True,False,3.0,-3.0,True,False,False,20.25,2024,17,55.0,42.5,True,False,0.5238095238095238,0.5238095238095238,0.04761904761904767,<20,coin_flip,favorite_0_to_3,mid_total_42_47,1.9090909090909092,1.9090909090909092,0.9090909090909092,-1.0
2024-12-25T17:30:00Z,2024-12-25T17:25:38Z,2024-12-25T17:20:38Z,2024-12-25T17:30:38Z,ce94e5673c8b7a0834f1948f1c5f52c7,americanfootball_nfl,2024-12-25 18:00:00+00:00,Pittsburgh Steelers,Kansas City Chiefs,fanduel,FanDuel,2024-12-25T17:24:52Z,player_rush_yds,2024-12-25T17:25:17Z,Patrick Mahomes,16.5,-110.0,-110,2024-12-25,PIT,KC,patrick mahomes,2024,17,Patrick Mahomes,KC,QB,320.0,12.0,0.0,0.0,12.0,0,False,3.0,-3.0,43.5,False,True,-3.0,3.0,False,True,False,23.25,2024,17,12.0,-4.5,False,True,0.5238095238095238,0.5238095238095238,0.04761904761904767,<20,coin_flip,dog_0_to_3,mid_total_42_47,1.9090909090909092,1.9090909090909092,-1.0,0.9090909090909092
2024-12-25T17:30:00Z,2024-12-25T17:25:38Z,2024-12-25T17:20:38Z,2024-12-25T17:30:38Z,ce94e5673c8b7a0834f1948f1c5f52c7,americanfootball_nfl,2024-12-25 18:00:00+00:00,Pittsburgh Steelers,Kansas City Chiefs,fanduel,FanDuel,2024-12-25T17:24:52Z,player_rush_yds,2024-12-25T17:25:17Z,Najee Harris,44.5,-110.0,-110,2024-12-25,PIT,KC,najee harris,2024,17,Najee Harris,PIT,RB,0.0,74.0,7.0,2.0,74.0,1,False,3.0,-3.0,43.5,True,False,3.0,-3.0,True,False,False,20.25,2024,17,74.0,29.5,True,False,0.5238095238095238,0.5238095238095238,0.04761904761904767,40-60,coin_flip,favorite_0_to_3,mid_total_42_47,1.9090909090909092,1.9090909090909092,0.9090909090909092,-1.0
2024-12-25T17:30:00Z,2024-12-25T17:25:38Z,2024-12-25T17:20:38Z,2024-12-25T17:30:38Z,ce94e5673c8b7a0834f1948f1c5f52c7,americanfootball_nfl,2024-12-25 18:00:00+00:00,Pittsburgh Steelers,Kansas City Chiefs,fanduel,FanDuel,2024-12-25T17:24:52Z,player_rush_yds,2024-12-25T17:25:17Z,Kareem Hunt,30.5,-110.0,-110,2024-12-25,PIT,KC,kareem hunt,2024,17,Kareem Hunt,KC,RB,0.0,20.0,0.0,0.0,20.0,0,False,3.0,-3.0,43.5,False,True,-3.0,3.0,False,True,False,23.25,2024,17,20.0,-10.5,False,True,0.5238095238095238,0.5238095238095238,0.04761904761904767,20-40,coin_flip,dog_0_to_3,mid_total_42_47,1.9090909090909092,1.9090909090909092,-1.0,0.9090909090909092
2024-12-25T17:30:00Z,2024-12-25T17:25:38Z,2024-12-25T17:20:38Z,2024-12-25T17:30:38Z,ce94e5673c8b7a0834f1948f1c5f52c7,americanfootball_nfl,2024-12-25 18:00:00+00:00,Pittsburgh Steelers,Kansas City Chiefs,fanduel,FanDuel,2024-12-25T17:24:52Z,player_rush_yds,2024-12-25T17:25:17Z,Xavier Worthy,4.5,-118.0,-104,2024-12-25,PIT,KC,xavier worthy,2024,17,Xavier Worthy,KC,WR,0.0,10.0,79.0,8.0,10.0,1,False,3.0,-3.0,43.5,False,True,-3.0,3.0,False,True,False,23.25,2024,17,10.0,5.5,True,False,0.5412844036697247,0.5098039215686274,0.05108832523835227,<20,coin_flip,dog_0_to_3,mid_total_42_47,1.847457627118644,1.9615384615384617,0.847457627118644,-1.0
2024-12-25T17:30:00Z,2024-12-25T17:25:38Z,2024-12-25T17:20:38Z,2024-12-25T17:30:38Z,ce94e5673c8b7a0834f1948f1c5f52c7,americanfootball_nfl,2024-12-25 18:00:00+00:00,Pittsburgh Steelers,Kansas City Chiefs,fanduel,FanDuel,2024-12-25T17:24:52Z,player_rush_yds,2024-12-25T17:25:17Z,Isiah Pacheco,40.5,-110.0,-110,2024-12-25,PIT,KC,isiah pacheco,2024,17,Isiah Pacheco,KC,RB,0.0,18.0,0.0,0.0,18.0,0,False,3.0,-3.0,43.5,False,True,-3.0,3.0,False,True,False,23.25,2024,17,18.0,-22.5,False,True,0.5238095238095238,0.5238095238095238,0.04761904761904767,40-60,coin_flip,dog_0_to_3,mid_total_42_47,1.9090909090909092,1.9090909090909092,-1.0,0.9090909090909092
2024-12-27T00:45:00Z,2024-12-27T00:40:38Z,2024-12-27T00:35:38Z,2024-12-27T00:45:38Z,1cc92f3601760bad475efd70d52ca482,americanfootball_nfl,2024-12-27 01:16:00+00:00,Chicago Bears,Seattle Seahawks,fanduel,FanDuel,2024-12-27T00:40:35Z,player_rush_yds,2024-12-27T00:40:00Z,Zach Charbonnet,68.5,-110.0,-110,2024-12-26,CHI,SEA,zach charbonnet,2024,17,Zach Charbonnet,SEA,RB,0.0,57.0,19.0,3.0,57.0,0,False,3.5,-3.5,43.5,False,True,-3.5,3.5,False,True,False,23.5,2024,17,57.0,-11.5,False,True,0.5238095238095238,0.5238095238095238,0.04761904761904767,60-80,coin_flip,dog_3_to_7,mid_total_42_47,1.9090909090909092,1.9090909090909092,-1.0,0.9090909090909092
2024-12-27T00:45:00Z,2024-12-27T00:40:38Z,2024-12-27T00:35:38Z,2024-12-27T00:45:38Z,1cc92f3601760bad475efd70d52ca482,americanfootball_nfl,2024-12-27 01:16:00+00:00,Chicago Bears,Seattle Seahawks,fanduel,FanDuel,2024-12-27T00:40:35Z,player_rush_yds,2024-12-27T00:40:00Z,Geno Smith,5.5,-110.0,-110,2024-12-26,CHI,SEA,geno smith,2024,17,Geno Smith,SEA,QB,160.0,19.0,0.0,0.0,19.0,1,False,3.5,-3.5,43.5,False,True,-3.5,3.5,False,True,False,23.5,2024,17,19.0,13.5,True,False,0.5238095238095238,0.5238095238095238,0.04761904761904767,<20,coin_flip,dog_3_to_7,mid_total_42_47,1.9090909090909092,1.9090909090909092,0.9090909090909092,-1.0
2024-12-27T00:45:00Z,2024-12-27T00:40:38Z,2024-12-27T00:35:38Z,2024-12-27T00:45:38Z,1cc92f3601760bad475efd70d52ca482,americanfootball_nfl,2024-12-27 01:16:00+00:00,Chicago Bears,Seattle Seahawks,fanduel,FanDuel,2024-12-27T00:40:35Z,player_rush_yds,2024-12-27T00:40:00Z,Caleb Williams,26.5,-110.0,-110,2024-12-26,CHI,SEA,caleb williams,2024,17,Caleb Williams,CHI,QB,122.0,37.0,0.0,0.0,37.0,1,False,3.5,-3.5,43.5,True,False,3.5,-3.5,True,False,False,20.0,2024,17,37.0,10.5,True,False,0.5238095238095238,0.5238095238095238,0.04761904761904767,20-40,coin_flip,favorite_3_to_7,mid_total_42_47,1.9090909090909092,1.9090909090909092,0.9090909090909092,-1.0
2024-12-27T00:45:00Z,2024-12-27T00:40:38Z,2024-12-27T00:35:38Z,2024-12-27T00:45:38Z,1cc92f3601760bad475efd70d52ca482,americanfootball_nfl,2024-12-27 01:16:00+00:00,Chicago Bears,Seattle Seahawks,fanduel,FanDuel,2024-12-27T00:40:35Z,player_rush_yds,2024-12-27T00:40:00Z,D'Andre Swift,53.5,-110.0,-110,2024-12-26,CHI,SEA,dandre swift,2024,17,D'Andre Swift,CHI,RB,0.0,53.0,28.0,4.0,53.0,0,False,3.5,-3.5,43.5,True,False,3.5,-3.5,True,False,False,20.0,2024,17,53.0,-0.5,False,True,0.5238095238095238,0.5238095238095238,0.04761904761904767,40-60,coin_flip,favorite_3_to_7,mid_total_42_47,1.9090909090909092,1.9090909090909092,-1.0,0.9090909090909092
2024-12-29T17:30:00Z,2024-12-29T17:25:38Z,2024-12-29T17:20:38Z,2024-12-29T17:30:38Z,5f99b5d40cf65d48be81c3812cd1e95e,americanfootball_nfl,2024-12-30 01:21:00+00:00,Washington Commanders,Atlanta Falcons,fanduel,FanDuel,2024-12-29T17:25:10Z,player_rush_yds,2024-12-29T17:25:51Z,Brian Robinson Jr.,63.5,-110.0,-110,2024-12-29,WAS,ATL,brian robinson,2024,17,Brian Robinson,WAS,RB,0.0,60.0,9.0,2.0,60.0,0,False,-3.5,3.5,46.5,True,False,-3.5,3.5,False,True,False,25.0,2024,17,60.0,-3.5,False,True,0.5238095238095238,0.5238095238095238,0.04761904761904767,60-80,coin_flip,dog_3_to_7,mid_total_42_47,1.9090909090909092,1.9090909090909092,-1.0,0.9090909090909092
2024-12-29T17:30:00Z,2024-12-29T17:25:38Z,2024-12-29T17:20:38Z,2024-12-29T17:30:38Z,5f99b5d40cf65d48be81c3812cd1e95e,americanfootball_nfl,2024-12-30 01:21:00+00:00,Washington Commanders,Atlanta Falcons,fanduel,FanDuel,2024-12-29T17:25:10Z,player_rush_yds,2024-12-29T17:25:51Z,Tyler Allgeier,29.5,-110.0,-110,2024-12-29,WAS,ATL,tyler allgeier,2024,17,Tyler Allgeier,ATL,RB,0.0,19.0,0.0,0.0,19.0,0,False,-3.5,3.5,46.5,False,True,3.5,-3.5,True,False,False,21.5,2024,17,19.0,-10.5,False,True,0.5238095238095238,0.5238095238095238,0.04761904761904767,20-40,coin_flip,favorite_3_to_7,mid_total_42_47,1.9090909090909092,1.9090909090909092,-1.0,0.9090909090909092
2024-12-29T17:30:00Z,2024-12-29T17:25:38Z,2024-12-29T17:20:38Z,2024-12-29T17:30:38Z,5f99b5d40cf65d48be81c3812cd1e95e,americanfootball_nfl,2024-12-30 01:21:00+00:00,Washington Commanders,Atlanta Falcons,fanduel,FanDuel,2024-12-29T17:25:10Z,player_rush_yds,2024-12-29T17:25:51Z,Bijan Robinson,81.5,-110.0,-110,2024-12-29,WAS,ATL,bijan robinson,2024,17,Bijan Robinson,ATL,RB,0.0,90.0,8.0,3.0,90.0,1,False,-3.5,3.5,46.5,False,True,3.5,-3.5,True,False,False,21.5,2024,17,90.0,8.5,True,False,0.5238095238095238,0.5238095238095238,0.04761904761904767,80+,coin_flip,favorite_3_to_7,mid_total_42_47,1.9090909090909092,1.9090909090909092,0.9090909090909092,-1.0
2024-12-29T17:30:00Z,2024-12-29T17:25:38Z,2024-12-29T17:20:38Z,2024-12-29T17:30:38Z,5f99b5d40cf65d48be81c3812cd1e95e,americanfootball_nfl,2024-12-30 01:21:00+00:00,Washington Commanders,Atlanta Falcons,fanduel,FanDuel,2024-12-29T17:25:10Z,player_rush_yds,2024-12-29T17:25:51Z,Jayden Daniels,48.5,-110.0,-110,2024-12-29,WAS,ATL,jayden daniels,2024,17,Jayden Daniels,WAS,QB,227.0,127.0,0.0,0.0,127.0,1,False,-3.5,3.5,46.5,True,False,-3.5,3.5,False,True,False,25.0,2024,17,127.0,78.5,True,False,0.5238095238095238,0.5238095238095238,0.04761904761904767,40-60,coin_flip,dog_3_to_7,mid_total_42_47,1.9090909090909092,1.9090909090909092,0.9090909090909092,-1.0
2024-12-29T17:30:00Z,2024-12-29T17:25:38Z,2024-12-29T17:20:38Z,2024-12-29T17:30:38Z,5f99b5d40cf65d48be81c3812cd1e95e,americanfootball_nfl,2024-12-30 01:21:00+00:00,Washington Commanders,Atlanta Falcons,fanduel,FanDuel,2024-12-29T17:25:10Z,player_rush_yds,2024-12-29T17:25:51Z,Michael Penix Jr.,9.5,-110.0,-110,2024-12-29,WAS,ATL,michael penix,2024,17,Michael Penix,ATL,QB,223.0,3.0,0.0,0.0,3.0,0,False,-3.5,3.5,46.5,False,True,3.5,-3.5,True,False,False,21.5,2024,17,3.0,-6.5,False,True,0.5238095238095238,0.5238095238095238,0.04761904761904767,<20,coin_flip,favorite_3_to_7,mid_total_42_47,1.9090909090909092,1.9090909090909092,-1.0,0.9090909090909092
2024-12-29T17:30:00Z,2024-12-29T17:25:38Z,2024-12-29T17:20:38Z,2024-12-29T17:30:38Z,eb5a71180b3558fdc20a896e98c00385,americanfootball_nfl,2024-12-29 18:01:00+00:00,Buffalo Bills,New York Jets,fanduel,FanDuel,2024-12-29T17:25:10Z,player_rush_yds,2024-12-29T17:25:07Z,Braelon Allen,11.5,-110.0,-110,2024-12-29,BUF,NYJ,braelon allen,2024,17,Braelon Allen,NYJ,RB,0.0,26.0,0.0,0.0,26.0,1,False,-10.0,10.0,44.5,False,True,10.0,-10.0,True,False,False,17.25,2024,17,26.0,14.5,True,False,0.5238095238095238,0.5238095238095238,0.04761904761904767,<20,coin_flip,favorite_7_plus,mid_total_42_47,1.9090909090909092,1.9090909090909092,0.9090909090909092,-1.0
2024-12-29T17:30:00Z,2024-12-29T17:25:38Z,2024-12-29T17:20:38Z,2024-12-29T17:30:38Z,eb5a71180b3558fdc20a896e98c00385,americanfootball_nfl,2024-12-29 18:01:00+00:00,Buffalo Bills,New York Jets,fanduel,FanDuel,2024-12-29T17:25:10Z,player_rush_yds,2024-12-29T17:25:07Z,James Cook,64.5,-110.0,-110,2024-12-29,BUF,NYJ,james cook,2024,17,James Cook,BUF,RB,0.0,53.0,0.0,0.0,53.0,0,False,-10.0,10.0,44.5,True,False,-10.0,10.0,False,True,False,27.25,2024,17,53.0,-11.5,False,True,0.5238095238095238,0.5238095238095238,0.04761904761904767,60-80,coin_flip,dog_7_plus,mid_total_42_47,1.9090909090909092,1.9090909090909092,-1.0,0.9090909090909092
2024-12-29T17:30:00Z,2024-12-29T17:25:38Z,2024-12-29T17:20:38Z,2024-12-29T17:30:38Z,eb5a71180b3558fdc20a896e98c00385,americanfootball_nfl,2024-12-29 18:01:00+00:00,Buffalo Bills,New York Jets,fanduel,FanDuel,2024-12-29T17:25:10Z,player_rush_yds,2024-12-29T17:25:07Z,Ray Davis,24.5,-110.0,-110,2024-12-29,BUF,NYJ,ray davis,2024,17,Ray Davis,BUF,RB,0.0,9.0,4.0,1.0,9.0,0,False,-10.0,10.0,44.5,True,False,-10.0,10.0,False,True,False,27.25,2024,17,9.0,-15.5,False,True,0.5238095238095238,0.5238095238095238,0.04761904761904767,20-40,coin_flip,dog_7_plus,mid_total_42_47,1.9090909090909092,1.9090909090909092,-1.0,0.9090909090909092
2024-12-29T17:30:00Z,2024-12-29T17:25:38Z,2024-12-29T17:20:38Z,2024-12-29T17:30:38Z,eb5a71180b3558fdc20a896e98c00385,americanfootball_nfl,2024-12-29 18:01:00+00:00,Buffalo Bills,New York Jets,fanduel,FanDuel,2024-12-29T17:25:10Z,player_rush_yds,2024-12-29T17:25:07Z,Breece Hall,53.5,-110.0,-110,2024-12-29,BUF,NYJ,breece hall,2024,17,Breece Hall,NYJ,RB,0.0,45.0,8.0,1.0,45.0,0,False,-10.0,10.0,44.5,False,True,10.0,-10.0,True,False,False,17.25,2024,17,45.0,-8.5,False,True,0.5238095238095238,0.5238095238095238,0.04761904761904767,40-60,coin_flip,favorite_7_plus,mid_total_42_47,1.9090909090909092,1.9090909090909092,-1.0,0.9090909090909092
2024-12-29T17:30:00Z,2024-12-29T17:25:38Z,2024-12-29T17:20:38Z,2024-12-29T17:30:38Z,eb5a71180b3558fdc20a896e98c00385,americanfootball_nfl,2024-12-29 18:01:00+00:00,Buffalo Bills,New York Jets,fanduel,FanDuel,2024-12-29T17:25:10Z,player_rush_yds,2024-12-29T17:25:07Z,Josh Allen,28.5,-110.0,-110,2024-12-29,BUF,NYJ,josh allen,2024,17,Josh Allen,BUF,QB,182.0,17.0,0.0,0.0,17.0,0,False,-10.0,10.0,44.5,True,False,-10.0,10.0,False,True,False,27.25,2024,17,17.0,-11.5,False,True,0.5238095238095238,0.5238095238095238,0.04761904761904767,20-40,coin_flip,dog_7_plus,mid_total_42_47,1.9090909090909092,1.9090909090909092,-1.0,0.9090909090909092
2024-12-29T17:30:00Z,2024-12-29T17:25:38Z,2024-12-29T17:20:38Z,2024-12-29T17:30:38Z,cb4060acc9d027ca0069619ef9983415,americanfootball_nfl,2024-12-29 18:00:00+00:00,Tampa Bay Buccaneers,Carolina Panthers,fanduel,FanDuel,2024-12-29T17:25:10Z,player_rush_yds,2024-12-29T17:25:20Z,Baker Mayfield,15.5,-110.0,-110,2024-12-29,TB,CAR,baker mayfield,2024,17,Baker Mayfield,TB,QB,359.0,2.0,0.0,0.0,2.0,0,False,-9.5,9.5,47.5,True,False,-9.5,9.5,False,True,False,28.5,2024,17,2.0,-13.5,False,True,0.5238095238095238,0.5238095238095238,0.04761904761904767,<20,coin_flip,dog_7_plus,high_total_47_plus,1.9090909090909092,1.9090909090909092,-1.0,0.9090909090909092
2024-12-29T17:30:00Z,2024-12-29T17:25:38Z,2024-12-29T17:20:38Z,2024-12-29T17:30:38Z,cb4060acc9d027ca0069619ef9983415,americanfootball_nfl,2024-12-29 18:00:00+00:00,Tampa Bay Buccaneers,Carolina Panthers,fanduel,FanDuel,2024-12-29T17:25:10Z,player_rush_yds,2024-12-29T17:25:20Z,Rachaad White,32.5,-110.0,-110,2024-12-29,TB,CAR,rachaad white,2024,17,Rachaad White,TB,RB,0.0,30.0,4.0,1.0,30.0,0,False,-9.5,9.5,47.5,True,False,-9.5,9.5,False,True,False,28.5,2024,17,30.0,-2.5,False,True,0.5238095238095238,0.5238095238095238,0.04761904761904767,20-40,coin_flip,dog_7_plus,high_total_47_plus,1.9090909090909092,1.9090909090909092,-1.0,0.9090909090909092
2024-12-29T17:30:00Z,2024-12-29T17:25:38Z,2024-12-29T17:20:38Z,2024-12-29T17:30:38Z,cb4060acc9d027ca0069619ef9983415,americanfootball_nfl,2024-12-29 18:00:00+00:00,Tampa Bay Buccaneers,Carolina Panthers,fanduel,FanDuel,2024-12-29T17:25:10Z,player_rush_yds,2024-12-29T17:25:20Z,Bryce Young,17.5,-110.0,-110,2024-12-29,TB,CAR,bryce young,2024,17,Bryce Young,CAR,QB,203.0,8.0,0.0,0.0,8.0,0,False,-9.5,9.5,47.5,False,True,9.5,-9.5,True,False,False,19.0,2024,17,8.0,-9.5,False,True,0.5238095238095238,0.5238095238095238,0.04761904761904767,<20,coin_flip,favorite_7_plus,high_total_47_plus,1.9090909090909092,1.9090909090909092,-1.0,0.9090909090909092
2024-12-29T17:30:00Z,2024-12-29T17:25:38Z,2024-12-29T17:20:38Z,2024-12-29T17:30:38Z,cb4060acc9d027ca0069619ef9983415,americanfootball_nfl,2024-12-29 18:00:00+00:00,Tampa Bay Buccaneers,Carolina Panthers,fanduel,FanDuel,2024-12-29T17:25:10Z,player_rush_yds,2024-12-29T17:25:20Z,Bucky Irving,87.5,-110.0,-110,2024-12-29,TB,CAR,bucky irving,2024,17,Bucky Irving,TB,RB,0.0,113.0,77.0,4.0,113.0,1,False,-9.5,9.5,47.5,True,False,-9.5,9.5,False,True,False,28.5,2024,17,113.0,25.5,True,False,0.5238095238095238,0.5238095238095238,0.04761904761904767,80+,coin_flip,dog_7_plus,high_total_47_plus,1.9090909090909092,1.9090909090909092,0.9090909090909092,-1.0
2024-12-29T17:30:00Z,2024-12-29T17:25:38Z,2024-12-29T17:20:38Z,2024-12-29T17:30:38Z,cb4060acc9d027ca0069619ef9983415,americanfootball_nfl,2024-12-29 18:00:00+00:00,Tampa Bay Buccaneers,Carolina Panthers,fanduel,FanDuel,2024-12-29T17:25:10Z,player_rush_yds,2024-12-29T17:25:20Z,Mike Boone,33.5,-110.0,-110,2024-12-29,TB,CAR,mike boone,2024,17,Mike Boone,CAR,RB,0.0,11.0,0.0,0.0,11.0,0,False,-9.5,9.5,47.5,False,True,9.5,-9.5,True,False,False,19.0,2024,17,11.0,-22.5,False,True,0.5238095238095238,0.5238095238095238,0.04761904761904767,20-40,coin_flip,favorite_7_plus,high_total_47_plus,1.9090909090909092,1.9090909090909092,-1.0,0.9090909090909092
2024-12-29T17:30:00Z,2024-12-29T17:25:38Z,2024-12-29T17:20:38Z,2024-12-29T17:30:38Z,cb4060acc9d027ca0069619ef9983415,americanfootball_nfl,2024-12-29 18:00:00+00:00,Tampa Bay Buccaneers,Carolina Panthers,fanduel,FanDuel,2024-12-29T17:25:10Z,player_rush_yds,2024-12-29T17:25:20Z,Raheem Blackshear,32.5,-110.0,-110,2024-12-29,TB,CAR,raheem blackshear,2024,17,Raheem Blackshear,CAR,RB,0.0,20.0,0.0,0.0,20.0,0,False,-9.5,9.5,47.5,False,True,9.5,-9.5,True,False,False,19.0,2024,17,20.0,-12.5,False,True,0.5238095238095238,0.5238095238095238,0.04761904761904767,20-40,coin_flip,favorite_7_plus,high_total_47_plus,1.9090909090909092,1.9090909090909092,-1.0,0.9090909090909092
2024-12-29T17:30:00Z,2024-12-29T17:25:38Z,2024-12-29T17:20:38Z,2024-12-29T17:30:38Z,0ce683697325d7715a78889240d82cc7,americanfootball_nfl,2024-12-29 18:01:00+00:00,New York Giants,Indianapolis Colts,fanduel,FanDuel,2024-12-29T17:25:10Z,player_rush_yds,2024-12-29T17:25:43Z,Devin Singletary,22.5,-110.0,-110,2024-12-29,NYG,IND,devin singletary,2024,17,Devin Singletary,NYG,RB,0.0,21.0,9.0,1.0,21.0,0,False,7.5,-7.5,40.5,True,False,7.5,-7.5,True,False,False,16.5,2024,17,21.0,-1.5,False,True,0.5238095238095238,0.5238095238095238,0.04761904761904767,20-40,coin_flip,favorite_7_plus,low_total_<42,1.9090909090909092,1.9090909090909092,-1.0,0.9090909090909092
2024-12-29T17:30:00Z,2024-12-29T17:25:38Z,2024-12-29T17:20:38Z,2024-12-29T17:30:38Z,0ce683697325d7715a78889240d82cc7,americanfootball_nfl,2024-12-29 18:01:00+00:00,New York Giants,Indianapolis Colts,fanduel,FanDuel,2024-12-29T17:25:10Z,player_rush_yds,2024-12-29T17:25:43Z,Jonathan Taylor,92.5,-110.0,-110,2024-12-29,NYG,IND,jonathan taylor,2024,17,Jonathan Taylor,IND,RB,0.0,125.0,11.0,2.0,125.0,1,False,7.5,-7.5,40.5,False,True,-7.5,7.5,False,True,False,24.0,2024,17,125.0,32.5,True,False,0.5238095238095238,0.5238095238095238,0.04761904761904767,80+,coin_flip,dog_7_plus,low_total_<42,1.9090909090909092,1.9090909090909092,0.9090909090909092,-1.0
2024-12-29T17:30:00Z,2024-12-29T17:25:38Z,2024-12-29T17:20:38Z,2024-12-29T17:30:38Z,0ce683697325d7715a78889240d82cc7,americanfootball_nfl,2024-12-29 18:01:00+00:00,New York Giants,Indianapolis Colts,fanduel,FanDuel,2024-12-29T17:25:10Z,player_rush_yds,2024-12-29T17:25:43Z,Tyrone Tracy Jr.,47.5,-110.0,-110,2024-12-29,NYG,IND,tyrone tracy,2024,17,Tyrone Tracy,NYG,RB,0.0,59.0,14.0,2.0,59.0,1,False,7.5,-7.5,40.5,True,False,7.5,-7.5,True,False,False,16.5,2024,17,59.0,11.5,True,False,0.5238095238095238,0.5238095238095238,0.04761904761904767,40-60,coin_flip,favorite_7_plus,low_total_<42,1.9090909090909092,1.9090909090909092,0.9090909090909092,-1.0
2024-12-29T17:30:00Z,2024-12-29T17:25:38Z,2024-12-29T17:20:38Z,2024-12-29T17:30:38Z,0ce683697325d7715a78889240d82cc7,americanfootball_nfl,2024-12-29 18:01:00+00:00,New York Giants,Indianapolis Colts,fanduel,FanDuel,2024-12-29T17:25:10Z,player_rush_yds,2024-12-29T17:25:43Z,Drew Lock,17.5,-110.0,-110,2024-12-29,NYG,IND,drew lock,2024,17,Drew Lock,NYG,QB,309.0,0.0,0.0,0.0,0.0,0,False,7.5,-7.5,40.5,True,False,7.5,-7.5,True,False,False,16.5,2024,17,0.0,-17.5,False,True,0.5238095238095238,0.5238095238095238,0.04761904761904767,<20,coin_flip,favorite_7_plus,low_total_<42,1.9090909090909092,1.9090909090909092,-1.0,0.9090909090909092
2024-12-29T17:30:00Z,2024-12-29T17:25:38Z,2024-12-29T17:20:38Z,2024-12-29T17:30:38Z,68e8e424d470fb6d60f1b2f0a3f3d1e3,americanfootball_nfl,2024-12-29 18:01:00+00:00,Jacksonville Jaguars,Tennessee Titans,fanduel,FanDuel,2024-12-29T17:25:10Z,player_rush_yds,2024-12-29T17:25:07Z,Tyjae Spears,62.5,-110.0,-110,2024-12-29,JAX,TEN,tyjae spears,2024,17,Tyjae Spears,TEN,RB,0.0,95.0,8.0,3.0,95.0,1,False,1.0,-1.0,38.0,False,True,-1.0,1.0,False,True,False,19.5,2024,17,95.0,32.5,True,False,0.5238095238095238,0.5238095238095238,0.04761904761904767,60-80,coin_flip,dog_0_to_3,low_total_<42,1.9090909090909092,1.9090909090909092,0.9090909090909092,-1.0
2024-12-29T17:30:00Z,2024-12-29T17:25:38Z,2024-12-29T17:20:38Z,2024-12-29T17:30:38Z,68e8e424d470fb6d60f1b2f0a3f3d1e3,americanfootball_nfl,2024-12-29 18:01:00+00:00,Jacksonville Jaguars,Tennessee Titans,fanduel,FanDuel,2024-12-29T17:25:10Z,player_rush_yds,2024-12-29T17:25:07Z,Travis Etienne Jr.,37.5,-110.0,-110,2024-12-29,JAX,TEN,travis etienne,2024,17,Travis Etienne,JAX,RB,0.0,49.0,26.0,1.0,49.0,1,False,1.0,-1.0,38.0,True,False,1.0,-1.0,True,False,False,18.5,2024,17,49.0,11.5,True,False,0.5238095238095238,0.5238095238095238,0.04761904761904767,20-40,coin_flip,favorite_0_to_3,low_total_<42,1.9090909090909092,1.9090909090909092,0.9090909090909092,-1.0
2024-12-29T17:30:00Z,2024-12-29T17:25:38Z,2024-12-29T17:20:38Z,2024-12-29T17:30:38Z,68e8e424d470fb6d60f1b2f0a3f3d1e3,americanfootball_nfl,2024-12-29 18:01:00+00:00,Jacksonville Jaguars,Tennessee Titans,fanduel,FanDuel,2024-12-29T17:25:10Z,player_rush_yds,2024-12-29T17:25:07Z,Tank Bigsby,47.5,-110.0,-110,2024-12-29,JAX,TEN,tank bigsby,2024,17,Tank Bigsby,JAX,RB,0.0,33.0,0.0,0.0,33.0,0,False,1.0,-1.0,38.0,True,False,1.0,-1.0,True,False,False,18.5,2024,17,33.0,-14.5,False,True,0.5238095238095238,0.5238095238095238,0.04761904761904767,40-60,coin_flip,favorite_0_to_3,low_total_<42,1.9090909090909092,1.9090909090909092,-1.0,0.9090909090909092
2024-12-29T17:30:00Z,2024-12-29T17:25:38Z,2024-12-29T17:20:38Z,2024-12-29T17:30:38Z,68e8e424d470fb6d60f1b2f0a3f3d1e3,americanfootball_nfl,2024-12-29 18:01:00+00:00,Jacksonville Jaguars,Tennessee Titans,fanduel,FanDuel,2024-12-29T17:25:10Z,player_rush_yds,2024-12-29T17:25:07Z,Mac Jones,7.5,-115.0,-105,2024-12-29,JAX,TEN,mac jones,2024,17,Mac Jones,JAX,QB,174.0,22.0,0.0,0.0,22.0,1,False,1.0,-1.0,38.0,True,False,1.0,-1.0,True,False,False,18.5,2024,17,22.0,14.5,True,False,0.5348837209302325,0.5121951219512195,0.04707884288145214,<20,coin_flip,favorite_0_to_3,low_total_<42,1.8695652173913042,1.9523809523809523,0.8695652173913042,-1.0
2024-12-29T17:30:00Z,2024-12-29T17:25:38Z,2024-12-29T17:20:38Z,2024-12-29T17:30:38Z,68e8e424d470fb6d60f1b2f0a3f3d1e3,americanfootball_nfl,2024-12-29 18:01:00+00:00,Jacksonville Jaguars,Tennessee Titans,fanduel,FanDuel,2024-12-29T17:25:10Z,player_rush_yds,2024-12-29T17:25:07Z,Mason Rudolph,10.5,-110.0,-110,2024-12-29,JAX,TEN,mason rudolph,2024,17,Mason Rudolph,TEN,QB,193.0,23.0,0.0,0.0,23.0,1,False,1.0,-1.0,38.0,False,True,-1.0,1.0,False,True,False,19.5,2024,17,23.0,12.5,True,False,0.5238095238095238,0.5238095238095238,0.04761904761904767,<20,coin_flip,dog_0_to_3,low_total_<42,1.9090909090909092,1.9090909090909092,0.9090909090909092,-1.0
2024-12-29T17:30:00Z,2024-12-29T17:25:38Z,2024-12-29T17:20:38Z,2024-12-29T17:30:38Z,398f58cef1cbb3c99805b52375104238,americanfootball_nfl,2024-12-29 18:00:00+00:00,New Orleans Saints,Las Vegas Raiders,fanduel,FanDuel,2024-12-29T17:25:10Z,player_rush_yds,2024-12-29T17:25:09Z,Kendre Miller,47.5,-110.0,-110,2024-12-29,NO,LV,kendre miller,2024,17,Kendre Miller,NO,RB,0.0,3.0,16.0,1.0,3.0,0,False,2.0,-2.0,37.5,True,False,2.0,-2.0,True,False,False,17.75,2024,17,3.0,-44.5,False,True,0.5238095238095238,0.5238095238095238,0.04761904761904767,40-60,coin_flip,favorite_0_to_3,low_total_<42,1.9090909090909092,1.9090909090909092,-1.0,0.9090909090909092
2024-12-29T17:30:00Z,2024-12-29T17:25:38Z,2024-12-29T17:20:38Z,2024-12-29T17:30:38Z,398f58cef1cbb3c99805b52375104238,americanfootball_nfl,2024-12-29 18:00:00+00:00,New Orleans Saints,Las Vegas Raiders,fanduel,FanDuel,2024-12-29T17:25:10Z,player_rush_yds,2024-12-29T17:25:09Z,Ameer Abdullah,30.5,-110.0,-110,2024-12-29,NO,LV,ameer abdullah,2024,17,Ameer Abdullah,LV,RB,0.0,115.0,32.0,3.0,115.0,1,False,2.0,-2.0,37.5,False,True,-2.0,2.0,False,True,False,19.75,2024,17,115.0,84.5,True,False,0.5238095238095238,0.5238095238095238,0.04761904761904767,20-40,coin_flip,dog_0_to_3,low_total_<42,1.9090909090909092,1.9090909090909092,0.9090909090909092,-1.0
2024-12-29T17:30:00Z,2024-12-29T17:25:38Z,2024-12-29T17:20:38Z,2024-12-29T17:30:38Z,398f58cef1cbb3c99805b52375104238,americanfootball_nfl,2024-12-29 18:00:00+00:00,New Orleans Saints,Las Vegas Raiders,fanduel,FanDuel,2024-12-29T17:25:10Z,player_rush_yds,2024-12-29T17:25:09Z,Alexander Mattison,45.5,-110.0,-110,2024-12-29,NO,LV,alexander mattison,2024,17,Alexander Mattison,LV,RB,0.0,32.0,6.0,1.0,32.0,0,False,2.0,-2.0,37.5,False,True,-2.0,2.0,False,True,False,19.75,2024,17,32.0,-13.5,False,True,0.5238095238095238,0.5238095238095238,0.04761904761904767,40-60,coin_flip,dog_0_to_3,low_total_<42,1.9090909090909092,1.9090909090909092,-1.0,0.9090909090909092
2024-12-29T17:30:00Z,2024-12-29T17:25:38Z,2024-12-29T17:20:38Z,2024-12-29T17:30:38Z,398f58cef1cbb3c99805b52375104238,americanfootball_nfl,2024-12-29 18:00:00+00:00,New Orleans Saints,Las Vegas Raiders,fanduel,FanDuel,2024-12-29T17:25:10Z,player_rush_yds,2024-12-29T17:25:09Z,Spencer Rattler,18.5,-110.0,-110,2024-12-29,NO,LV,spencer rattler,2024,17,Spencer Rattler,NO,QB,218.0,46.0,0.0,0.0,46.0,1,False,2.0,-2.0,37.5,True,False,2.0,-2.0,True,False,False,17.75,2024,17,46.0,27.5,True,False,0.5238095238095238,0.5238095238095238,0.04761904761904767,<20,coin_flip,favorite_0_to_3,low_total_<42,1.9090909090909092,1.9090909090909092,0.9090909090909092,-1.0
2024-12-31T00:45:00Z,2024-12-31T00:40:38Z,2024-12-31T00:35:38Z,2024-12-31T00:45:38Z,987f7eb725e6a3937511b6c60dee5f18,americanfootball_nfl,2024-12-31 01:16:00+00:00,San Francisco 49ers,Detroit Lions,fanduel,FanDuel,2024-12-31T00:40:03Z,player_rush_yds,2024-12-31T00:40:52Z,Isaac Guerendo,57.5,-110.0,-110,2024-12-30,SF,DET,isaac guerendo,2024,17,Isaac Guerendo,SF,RB,0.0,34.0,65.0,4.0,34.0,0,False,4.0,-4.0,50.5,True,False,4.0,-4.0,True,False,False,23.25,2024,17,34.0,-23.5,False,True,0.5238095238095238,0.5238095238095238,0.04761904761904767,40-60,coin_flip,favorite_3_to_7,high_total_47_plus,1.9090909090909092,1.9090909090909092,-1.0,0.9090909090909092
2024-12-31T00:45:00Z,2024-12-31T00:40:38Z,2024-12-31T00:35:38Z,2024-12-31T00:45:38Z,987f7eb725e6a3937511b6c60dee5f18,americanfootball_nfl,2024-12-31 01:16:00+00:00,San Francisco 49ers,Detroit Lions,fanduel,FanDuel,2024-12-31T00:40:03Z,player_rush_yds,2024-12-31T00:40:52Z,Brock Purdy,21.5,-110.0,-110,2024-12-30,SF,DET,brock purdy,2024,17,Brock Purdy,SF,QB,377.0,12.0,0.0,0.0,12.0,0,False,4.0,-4.0,50.5,True,False,4.0,-4.0,True,False,False,23.25,2024,17,12.0,-9.5,False,True,0.5238095238095238,0.5238095238095238,0.04761904761904767,20-40,coin_flip,favorite_3_to_7,high_total_47_plus,1.9090909090909092,1.9090909090909092,-1.0,0.9090909090909092
2024-12-31T00:45:00Z,2024-12-31T00:40:38Z,2024-12-31T00:35:38Z,2024-12-31T00:45:38Z,987f7eb725e6a3937511b6c60dee5f18,americanfootball_nfl,2024-12-31 01:16:00+00:00,San Francisco 49ers,Detroit Lions,fanduel,FanDuel,2024-12-31T00:40:03Z,player_rush_yds,2024-12-31T00:40:52Z,Deebo Samuel,10.5,-110.0,-110,2024-12-30,SF,DET,deebo samuel,2024,17,Deebo Samuel,SF,WR,0.0,16.0,5.0,1.0,16.0,1,False,4.0,-4.0,50.5,True,False,4.0,-4.0,True,False,False,23.25,2024,17,16.0,5.5,True,False,0.5238095238095238,0.5238095238095238,0.04761904761904767,<20,coin_flip,favorite_3_to_7,high_total_47_plus,1.9090909090909092,1.9090909090909092,0.9090909090909092,-1.0
2024-12-31T00:45:00Z,2024-12-31T00:40:38Z,2024-12-31T00:35:38Z,2024-12-31T00:45:38Z,987f7eb725e6a3937511b6c60dee5f18,americanfootball_nfl,2024-12-31 01:16:00+00:00,San Francisco 49ers,Detroit Lions,fanduel,FanDuel,2024-12-31T00:40:03Z,player_rush_yds,2024-12-31T00:40:52Z,Jared Goff,1.5,-104.0,-118,2024-12-30,SF,DET,jared goff,2024,17,Jared Goff,DET,QB,303.0,-3.0,0.0,0.0,-3.0,0,False,4.0,-4.0,50.5,False,True,-4.0,4.0,False,True,False,27.25,2024,17,-3.0,-4.5,False,True,0.5098039215686274,0.5412844036697247,0.05108832523835227,<20,coin_flip,dog_3_to_7,high_total_47_plus,1.9615384615384617,1.847457627118644,-1.0,0.847457627118644
2024-12-31T00:45:00Z,2024-12-31T00:40:38Z,2024-12-31T00:35:38Z,2024-12-31T00:45:38Z,987f7eb725e6a3937511b6c60dee5f18,americanfootball_nfl,2024-12-31 01:16:00+00:00,San Francisco 49ers,Detroit Lions,fanduel,FanDuel,2024-12-31T00:40:03Z,player_rush_yds,2024-12-31T00:40:52Z,Jahmyr Gibbs,83.5,-110.0,-110,2024-12-30,SF,DET,jahmyr gibbs,2024,17,Jahmyr Gibbs,DET,RB,0.0,117.0,46.0,4.0,117.0,1,False,4.0,-4.0,50.5,False,True,-4.0,4.0,False,True,False,27.25,2024,17,117.0,33.5,True,False,0.5238095238095238,0.5238095238095238,0.04761904761904767,80+,coin_flip,dog_3_to_7,high_total_47_plus,1.9090909090909092,1.9090909090909092,0.9090909090909092,-1.0
2024-09-15T16:30:00Z,2024-09-15T16:25:38Z,2024-09-15T16:20:38Z,2024-09-15T16:30:38Z,5a2bfc721fb2300d4578743aee7ad891,americanfootball_nfl,2024-09-15 17:00:00+00:00,Baltimore Ravens,Las Vegas Raiders,fanduel,FanDuel,2024-09-15T16:25:14Z,player_rush_yds,2024-09-15T16:25:44Z,Alexander Mattison,21.5,-110.0,-110,2024-09-15,BAL,LV,alexander mattison,2024,2,Alexander Mattison,LV,RB,0.0,1.0,0.0,0.0,1.0,0,False,-9.0,9.0,41.0,False,True,9.0,-9.0,True,False,False,16.0,2024,2,1.0,-20.5,False,True,0.5238095238095238,0.5238095238095238,0.04761904761904767,20-40,coin_flip,favorite_7_plus,low_total_<42,1.9090909090909092,1.9090909090909092,-1.0,0.9090909090909092
2024-09-15T16:30:00Z,2024-09-15T16:25:38Z,2024-09-15T16:20:38Z,2024-09-15T16:30:38Z,5a2bfc721fb2300d4578743aee7ad891,americanfootball_nfl,2024-09-15 17:00:00+00:00,Baltimore Ravens,Las Vegas Raiders,fanduel,FanDuel,2024-09-15T16:25:14Z,player_rush_yds,2024-09-15T16:25:44Z,Zamir White,44.5,-110.0,-110,2024-09-15,BAL,LV,zamir white,2024,2,Zamir White,LV,RB,0.0,24.0,14.0,3.0,24.0,0,False,-9.0,9.0,41.0,False,True,9.0,-9.0,True,False,False,16.0,2024,2,24.0,-20.5,False,True,0.5238095238095238,0.5238095238095238,0.04761904761904767,40-60,coin_flip,favorite_7_plus,low_total_<42,1.9090909090909092,1.9090909090909092,-1.0,0.9090909090909092
2024-09-15T16:30:00Z,2024-09-15T16:25:38Z,2024-09-15T16:20:38Z,2024-09-15T16:30:38Z,5a2bfc721fb2300d4578743aee7ad891,americanfootball_nfl,2024-09-15 17:00:00+00:00,Baltimore Ravens,Las Vegas Raiders,fanduel,FanDuel,2024-09-15T16:25:14Z,player_rush_yds,2024-09-15T16:25:44Z,Derrick Henry,71.5,-110.0,-110,2024-09-15,BAL,LV,derrick henry,2024,2,Derrick Henry,BAL,RB,0.0,84.0,12.0,1.0,84.0,1,False,-9.0,9.0,41.0,True,False,-9.0,9.0,False,True,False,25.0,2024,2,84.0,12.5,True,False,0.5238095238095238,0.5238095238095238,0.04761904761904767,60-80,coin_flip,dog_7_plus,low_total_<42,1.9090909090909092,1.9090909090909092,0.9090909090909092,-1.0
2024-09-15T16:30:00Z,2024-09-15T16:25:38Z,2024-09-15T16:20:38Z,2024-09-15T16:30:38Z,5a2bfc721fb2300d4578743aee7ad891,americanfootball_nfl,2024-09-15 17:00:00+00:00,Baltimore Ravens,Las Vegas Raiders,fanduel,FanDuel,2024-09-15T16:25:14Z,player_rush_yds,2024-09-15T16:25:44Z,Justice Hill,12.5,-110.0,-110,2024-09-15,BAL,LV,justice hill,2024,2,Justice Hill,BAL,RB,0.0,22.0,10.0,2.0,22.0,1,False,-9.0,9.0,41.0,True,False,-9.0,9.0,False,True,False,25.0,2024,2,22.0,9.5,True,False,0.5238095238095238,0.5238095238095238,0.04761904761904767,<20,coin_flip,dog_7_plus,low_total_<42,1.9090909090909092,1.9090909090909092,0.9090909090909092,-1.0
2024-09-15T16:30:00Z,2024-09-15T16:25:38Z,2024-09-15T16:20:38Z,2024-09-15T16:30:38Z,5a2bfc721fb2300d4578743aee7ad891,americanfootball_nfl,2024-09-15 17:00:00+00:00,Baltimore Ravens,Las Vegas Raiders,fanduel,FanDuel,2024-09-15T16:25:14Z,player_rush_yds,2024-09-15T16:25:44Z,Lamar Jackson,47.5,-110.0,-110,2024-09-15,BAL,LV,lamar jackson,2024,2,Lamar Jackson,BAL,QB,247.0,45.0,0.0,0.0,45.0,0,False,-9.0,9.0,41.0,True,False,-9.0,9.0,False,True,False,25.0,2024,2,45.0,-2.5,False,True,0.5238095238095238,0.5238095238095238,0.04761904761904767,40-60,coin_flip,dog_7_plus,low_total_<42,1.9090909090909092,1.9090909090909092,-1.0,0.9090909090909092
2024-09-15T16:30:00Z,2024-09-15T16:25:38Z,2024-09-15T16:20:38Z,2024-09-15T16:30:38Z,5a2bfc721fb2300d4578743aee7ad891,americanfootball_nfl,2024-09-15 17:00:00+00:00,Baltimore Ravens,Las Vegas Raiders,fanduel,FanDuel,2024-09-15T16:25:14Z,player_rush_yds,2024-09-15T16:25:44Z,Gardner Minshew,5.5,-110.0,-110,2024-09-15,BAL,LV,gardner minshew,2024,2,Gardner Minshew,LV,QB,276.0,-1.0,0.0,0.0,-1.0,0,False,-9.0,9.0,41.0,False,True,9.0,-9.0,True,False,False,16.0,2024,2,-1.0,-6.5,False,True,0.5238095238095238,0.5238095238095238,0.04761904761904767,<20,coin_flip,favorite_7_plus,low_total_<42,1.9090909090909092,1.9090909090909092,-1.0,0.9090909090909092
2024-09-15T16:30:00Z,2024-09-15T16:25:38Z,2024-09-15T16:20:38Z,2024-09-15T16:30:38Z,b4769cda12183128858f49f475aabfce,americanfootball_nfl,2024-09-15 17:00:00+00:00,Carolina Panthers,Los Angeles Chargers,fanduel,FanDuel,2024-09-15T16:25:14Z,player_rush_yds,2024-09-15T16:25:13Z,Chuba Hubbard,50.5,-110.0,-110,2024-09-15,CAR,LAC,chuba hubbard,2024,2,Chuba Hubbard,CAR,RB,0.0,64.0,12.0,4.0,64.0,1,False,5.0,-5.0,39.0,True,False,5.0,-5.0,True,False,False,17.0,2024,2,64.0,13.5,True,False,0.5238095238095238,0.5238095238095238,0.04761904761904767,40-60,coin_flip,favorite_3_to_7,low_total_<42,1.9090909090909092,1.9090909090909092,0.9090909090909092,-1.0
2024-09-15T16:30:00Z,2024-09-15T16:25:38Z,2024-09-15T16:20:38Z,2024-09-15T16:30:38Z,b4769cda12183128858f49f475aabfce,americanfootball_nfl,2024-09-15 17:00:00+00:00,Carolina Panthers,Los Angeles Chargers,fanduel,FanDuel,2024-09-15T16:25:14Z,player_rush_yds,2024-09-15T16:25:13Z,Gus Edwards,44.5,-110.0,-110,2024-09-15,CAR,LAC,gus edwards,2024,2,Gus Edwards,LAC,RB,0.0,59.0,0.0,0.0,59.0,1,False,5.0,-5.0,39.0,False,True,-5.0,5.0,False,True,False,22.0,2024,2,59.0,14.5,True,False,0.5238095238095238,0.5238095238095238,0.04761904761904767,40-60,coin_flip,dog_3_to_7,low_total_<42,1.9090909090909092,1.9090909090909092,0.9090909090909092,-1.0
2024-09-15T16:30:00Z,2024-09-15T16:25:38Z,2024-09-15T16:20:38Z,2024-09-15T16:30:38Z,b4769cda12183128858f49f475aabfce,americanfootball_nfl,2024-09-15 17:00:00+00:00,Carolina Panthers,Los Angeles Chargers,fanduel,FanDuel,2024-09-15T16:25:14Z,player_rush_yds,2024-09-15T16:25:13Z,Bryce Young,10.5,-110.0,-110,2024-09-15,CAR,LAC,bryce young,2024,2,Bryce Young,CAR,QB,84.0,6.0,0.0,0.0,6.0,0,False,5.0,-5.0,39.0,True,False,5.0,-5.0,True,False,False,17.0,2024,2,6.0,-4.5,False,True,0.5238095238095238,0.5238095238095238,0.04761904761904767,<20,coin_flip,favorite_3_to_7,low_total_<42,1.9090909090909092,1.9090909090909092,-1.0,0.9090909090909092
2024-09-15T16:30:00Z,2024-09-15T16:25:38Z,2024-09-15T16:20:38Z,2024-09-15T16:30:38Z,b4769cda12183128858f49f475aabfce,americanfootball_nfl,2024-09-15 17:00:00+00:00,Carolina Panthers,Los Angeles Chargers,fanduel,FanDuel,2024-09-15T16:25:14Z,player_rush_yds,2024-09-15T16:25:13Z,Justin Herbert,9.5,-110.0,-110,2024-09-15,CAR,LAC,justin herbert,2024,2,Justin Herbert,LAC,QB,130.0,18.0,0.0,0.0,18.0,1,False,5.0,-5.0,39.0,False,True,-5.0,5.0,False,True,False,22.0,2024,2,18.0,8.5,True,False,0.5238095238095238,0.5238095238095238,0.04761904761904767,<20,coin_flip,dog_3_to_7,low_total_<42,1.9090909090909092,1.9090909090909092,0.9090909090909092,-1.0
2024-09-15T16:30:00Z,2024-09-15T16:25:38Z,2024-09-15T16:20:38Z,2024-09-15T16:30:38Z,b4769cda12183128858f49f475aabfce,americanfootball_nfl,2024-09-15 17:00:00+00:00,Carolina Panthers,Los Angeles Chargers,fanduel,FanDuel,2024-09-15T16:25:14Z,player_rush_yds,2024-09-15T16:25:13Z,J.K. Dobbins,57.5,-110.0,-110,2024-09-15,CAR,LAC,jk dobbins,2024,2,J.K. Dobbins,LAC,RB,0.0,131.0,0.0,1.0,131.0,1,False,5.0,-5.0,39.0,False,True,-5.0,5.0,False,True,False,22.0,2024,2,131.0,73.5,True,False,0.5238095238095238,0.5238095238095238,0.04761904761904767,40-60,coin_flip,dog_3_to_7,low_total_<42,1.9090909090909092,1.9090909090909092,0.9090909090909092,-1.0
2024-09-15T16:30:00Z,2024-09-15T16:25:38Z,2024-09-15T16:20:38Z,2024-09-15T16:30:38Z,b4769cda12183128858f49f475aabfce,americanfootball_nfl,2024-09-15 17:00:00+00:00,Carolina Panthers,Los Angeles Chargers,fanduel,FanDuel,2024-09-15T16:25:14Z,player_rush_yds,2024-09-15T16:25:13Z,Miles Sanders,26.5,-110.0,-110,2024-09-15,CAR,LAC,miles sanders,2024,2,Miles Sanders,CAR,RB,0.0,20.0,5.0,3.0,20.0,0,False,5.0,-5.0,39.0,True,False,5.0,-5.0,True,False,False,17.0,2024,2,20.0,-6.5,False,True,0.5238095238095238,0.5238095238095238,0.04761904761904767,20-40,coin_flip,favorite_3_to_7,low_total_<42,1.9090909090909092,1.9090909090909092,-1.0,0.9090909090909092
2024-09-15T16:30:00Z,2024-09-15T16:25:38Z,2024-09-15T16:20:38Z,2024-09-15T16:30:38Z,111ac41e21c6f16a2d3d1511f07e2004,americanfootball_nfl,2024-09-15 17:00:00+00:00,Jacksonville Jaguars,Cleveland Browns,fanduel,FanDuel,2024-09-15T16:25:14Z,player_rush_yds,2024-09-15T16:25:03Z,Deshaun Watson,21.5,-110.0,-110,2024-09-15,JAX,CLE,deshaun watson,2024,2,Deshaun Watson,CLE,QB,186.0,20.0,0.0,0.0,20.0,0,False,-3.0,3.0,41.5,False,True,3.0,-3.0,True,False,False,19.25,2024,2,20.0,-1.5,False,True,0.5238095238095238,0.5238095238095238,0.04761904761904767,20-40,coin_flip,favorite_0_to_3,low_total_<42,1.9090909090909092,1.9090909090909092,-1.0,0.9090909090909092
2024-09-15T16:30:00Z,2024-09-15T16:25:38Z,2024-09-15T16:20:38Z,2024-09-15T16:30:38Z,111ac41e21c6f16a2d3d1511f07e2004,americanfootball_nfl,2024-09-15 17:00:00+00:00,Jacksonville Jaguars,Cleveland Browns,fanduel,FanDuel,2024-09-15T16:25:14Z,player_rush_yds,2024-09-15T16:25:03Z,Travis Etienne Jr.,48.5,-110.0,-110,2024-09-15,JAX,CLE,travis etienne,2024,2,Travis Etienne,JAX,RB,0.0,52.0,6.0,3.0,52.0,1,False,-3.0,3.0,41.5,True,False,-3.0,3.0,False,True,False,22.25,2024,2,52.0,3.5,True,False,0.5238095238095238,0.5238095238095238,0.04761904761904767,40-60,coin_flip,dog_0_to_3,low_total_<42,1.9090909090909092,1.9090909090909092,0.9090909090909092,-1.0
2024-09-15T16:30:00Z,2024-09-15T16:25:38Z,2024-09-15T16:20:38Z,2024-09-15T16:30:38Z,111ac41e21c6f16a2d3d1511f07e2004,americanfootball_nfl,2024-09-15 17:00:00+00:00,Jacksonville Jaguars,Cleveland Browns,fanduel,FanDuel,2024-09-15T16:25:14Z,player_rush_yds,2024-09-15T16:25:03Z,Trevor Lawrence,13.5,-110.0,-110,2024-09-15,JAX,CLE,trevor lawrence,2024,2,Trevor Lawrence,JAX,QB,220.0,45.0,0.0,0.0,45.0,1,False,-3.0,3.0,41.5,True,False,-3.0,3.0,False,True,False,22.25,2024,2,45.0,31.5,True,False,0.5238095238095238,0.5238095238095238,0.04761904761904767,<20,coin_flip,dog_0_to_3,low_total_<42,1.9090909090909092,1.9090909090909092,0.9090909090909092,-1.0
2024-09-15T16:30:00Z,2024-09-15T16:25:38Z,2024-09-15T16:20:38Z,2024-09-15T16:30:38Z,111ac41e21c6f16a2d3d1511f07e2004,americanfootball_nfl,2024-09-15 17:00:00+00:00,Jacksonville Jaguars,Cleveland Browns,fanduel,FanDuel,2024-09-15T16:25:14Z,player_rush_yds,2024-09-15T16:25:03Z,Jerome Ford,52.5,-110.0,-110,2024-09-15,JAX,CLE,jerome ford,2024,2,Jerome Ford,CLE,RB,0.0,64.0,0.0,1.0,64.0,1,False,-3.0,3.0,41.5,False,True,3.0,-3.0,True,False,False,19.25,2024,2,64.0,11.5,True,False,0.5238095238095238,0.5238095238095238,0.04761904761904767,40-60,coin_flip,favorite_0_to_3,low_total_<42,1.9090909090909092,1.9090909090909092,0.9090909090909092,-1.0
2024-09-15T16:30:00Z,2024-09-15T16:25:38Z,2024-09-15T16:20:38Z,2024-09-15T16:30:38Z,5b05775b536cda3f2efab93935af4f54,americanfootball_nfl,2024-09-15 17:00:00+00:00,Dallas Cowboys,New Orleans Saints,fanduel,FanDuel,2024-09-15T16:25:14Z,player_rush_yds,2024-09-15T16:25:47Z,Taysom Hill,16.5,-110.0,-110,2024-09-15,DAL,NO,taysom hill,2024,2,Taysom Hill,NO,TE,0.0,18.0,1.0,1.0,18.0,1,False,-6.5,6.5,47.0,False,True,6.5,-6.5,True,False,False,20.25,2024,2,18.0,1.5,True,False,0.5238095238095238,0.5238095238095238,0.04761904761904767,<20,coin_flip,favorite_3_to_7,high_total_47_plus,1.9090909090909092,1.9090909090909092,0.9090909090909092,-1.0
2024-09-15T16:30:00Z,2024-09-15T16:25:38Z,2024-09-15T16:20:38Z,2024-09-15T16:30:38Z,5b05775b536cda3f2efab93935af4f54,americanfootball_nfl,2024-09-15 17:00:00+00:00,Dallas Cowboys,New Orleans Saints,fanduel,FanDuel,2024-09-15T16:25:14Z,player_rush_yds,2024-09-15T16:25:47Z,Jamaal Williams,14.5,-110.0,-110,2024-09-15,DAL,NO,jamaal williams,2024,2,Jamaal Williams,NO,RB,0.0,39.0,0.0,0.0,39.0,1,False,-6.5,6.5,47.0,False,True,6.5,-6.5,True,False,False,20.25,2024,2,39.0,24.5,True,False,0.5238095238095238,0.5238095238095238,0.04761904761904767,<20,coin_flip,favorite_3_to_7,high_total_47_plus,1.9090909090909092,1.9090909090909092,0.9090909090909092,-1.0
2024-09-15T16:30:00Z,2024-09-15T16:25:38Z,2024-09-15T16:20:38Z,2024-09-15T16:30:38Z,5b05775b536cda3f2efab93935af4f54,americanfootball_nfl,2024-09-15 17:00:00+00:00,Dallas Cowboys,New Orleans Saints,fanduel,FanDuel,2024-09-15T16:25:14Z,player_rush_yds,2024-09-15T16:25:47Z,Ezekiel Elliott,39.5,-110.0,-110,2024-09-15,DAL,NO,ezekiel elliott,2024,2,Ezekiel Elliott,DAL,RB,0.0,16.0,16.0,2.0,16.0,0,False,-6.5,6.5,47.0,True,False,-6.5,6.5,False,True,False,26.75,2024,2,16.0,-23.5,False,True,0.5238095238095238,0.5238095238095238,0.04761904761904767,20-40,coin_flip,dog_3_to_7,high_total_47_plus,1.9090909090909092,1.9090909090909092,-1.0,0.9090909090909092
2024-09-15T16:30:00Z,2024-09-15T16:25:38Z,2024-09-15T16:20:38Z,2024-09-15T16:30:38Z,5b05775b536cda3f2efab93935af4f54,americanfootball_nfl,2024-09-15 17:00:00+00:00,Dallas Cowboys,New Orleans Saints,fanduel,FanDuel,2024-09-15T16:25:14Z,player_rush_yds,2024-09-15T16:25:47Z,Dak Prescott,9.5,-110.0,-110,2024-09-15,DAL,NO,dak prescott,2024,2,Dak Prescott,DAL,QB,293.0,12.0,0.0,0.0,12.0,1,False,-6.5,6.5,47.0,True,False,-6.5,6.5,False,True,False,26.75,2024,2,12.0,2.5,True,False,0.5238095238095238,0.5238095238095238,0.04761904761904767,<20,coin_flip,dog_3_to_7,high_total_47_plus,1.9090909090909092,1.9090909090909092,0.9090909090909092,-1.0
2024-09-15T16:30:00Z,2024-09-15T16:25:38Z,2024-09-15T16:20:38Z,2024-09-15T16:30:38Z,5b05775b536cda3f2efab93935af4f54,americanfootball_nfl,2024-09-15 17:00:00+00:00,Dallas Cowboys,New Orleans Saints,fanduel,FanDuel,2024-09-15T16:25:14Z,player_rush_yds,2024-09-15T16:25:47Z,Derek Carr,2.5,100.0,-122,2024-09-15,DAL,NO,derek carr,2024,2,Derek Carr,NO,QB,243.0,1.0,0.0,0.0,1.0,0,False,-6.5,6.5,47.0,False,True,6.5,-6.5,True,False,False,20.25,2024,2,1.0,-1.5,False,True,0.5,0.5495495495495496,0.04954954954954971,<20,plus_money,favorite_3_to_7,high_total_47_plus,2.0,1.819672131147541,-1.0,0.819672131147541
2024-09-15T16:30:00Z,2024-09-15T16:25:38Z,2024-09-15T16:20:38Z,2024-09-15T16:30:38Z,5b05775b536cda3f2efab93935af4f54,americanfootball_nfl,2024-09-15 17:00:00+00:00,Dallas Cowboys,New Orleans Saints,fanduel,FanDuel,2024-09-15T16:25:14Z,player_rush_yds,2024-09-15T16:25:47Z,CeeDee Lamb,3.5,116.0,-142,2024-09-15,DAL,NO,ceedee lamb,2024,2,CeeDee Lamb,DAL,WR,0.0,0.0,90.0,4.0,0.0,0,False,-6.5,6.5,47.0,True,False,-6.5,6.5,False,True,False,26.75,2024,2,0.0,-3.5,False,True,0.46296296296296297,0.5867768595041323,0.049739822467095296,<20,plus_money,dog_3_to_7,high_total_47_plus,2.16,1.704225352112676,-1.0,0.704225352112676
2024-09-15T16:30:00Z,2024-09-15T16:25:38Z,2024-09-15T16:20:38Z,2024-09-15T16:30:38Z,5b05775b536cda3f2efab93935af4f54,americanfootball_nfl,2024-09-15 17:00:00+00:00,Dallas Cowboys,New Orleans Saints,fanduel,FanDuel,2024-09-15T16:25:14Z,player_rush_yds,2024-09-15T16:25:47Z,Alvin Kamara,49.5,-110.0,-110,2024-09-15,DAL,NO,alvin kamara,2024,2,Alvin Kamara,NO,RB,0.0,115.0,65.0,2.0,115.0,1,False,-6.5,6.5,47.0,False,True,6.5,-6.5,True,False,False,20.25,2024,2,115.0,65.5,True,False,0.5238095238095238,0.5238095238095238,0.04761904761904767,40-60,coin_flip,favorite_3_to_7,high_total_47_plus,1.9090909090909092,1.9090909090909092,0.9090909090909092,-1.0
2024-09-15T16:30:00Z,2024-09-15T16:25:38Z,2024-09-15T16:20:38Z,2024-09-15T16:30:38Z,5b05775b536cda3f2efab93935af4f54,americanfootball_nfl,2024-09-15 17:00:00+00:00,Dallas Cowboys,New Orleans Saints,fanduel,FanDuel,2024-09-15T16:25:14Z,player_rush_yds,2024-09-15T16:25:47Z,Rico Dowdle,32.5,-110.0,-110,2024-09-15,DAL,NO,rico dowdle,2024,2,Rico Dowdle,DAL,RB,0.0,30.0,29.0,4.0,30.0,0,False,-6.5,6.5,47.0,True,False,-6.5,6.5,False,True,False,26.75,2024,2,30.0,-2.5,False,True,0.5238095238095238,0.5238095238095238,0.04761904761904767,20-40,coin_flip,dog_3_to_7,high_total_47_plus,1.9090909090909092,1.9090909090909092,-1.0,0.9090909090909092
2024-09-15T16:30:00Z,2024-09-15T16:25:38Z,2024-09-15T16:20:38Z,2024-09-15T16:30:38Z,787ae4144b2b45d7ef8a9c7b1ab6abd8,americanfootball_nfl,2024-09-15 17:00:00+00:00,Detroit Lions,Tampa Bay Buccaneers,fanduel,FanDuel,2024-09-15T16:25:14Z,player_rush_yds,2024-09-15T16:25:07Z,Rachaad White,43.5,-110.0,-110,2024-09-15,DET,TB,rachaad white,2024,2,Rachaad White,TB,RB,0.0,18.0,5.0,1.0,18.0,0,False,-7.5,7.5,51.5,False,True,7.5,-7.5,True,False,False,22.0,2024,2,18.0,-25.5,False,True,0.5238095238095238,0.5238095238095238,0.04761904761904767,40-60,coin_flip,favorite_7_plus,high_total_47_plus,1.9090909090909092,1.9090909090909092,-1.0,0.9090909090909092
2024-09-15T16:30:00Z,2024-09-15T16:25:38Z,2024-09-15T16:20:38Z,2024-09-15T16:30:38Z,787ae4144b2b45d7ef8a9c7b1ab6abd8,americanfootball_nfl,2024-09-15 17:00:00+00:00,Detroit Lions,Tampa Bay Buccaneers,fanduel,FanDuel,2024-09-15T16:25:14Z,player_rush_yds,2024-09-15T16:25:07Z,Jahmyr Gibbs,48.5,-110.0,-110,2024-09-15,DET,TB,jahmyr gibbs,2024,2,Jahmyr Gibbs,DET,RB,0.0,84.0,22.0,7.0,84.0,1,False,-7.5,7.5,51.5,True,False,-7.5,7.5,False,True,False,29.5,2024,2,84.0,35.5,True,False,0.5238095238095238,0.5238095238095238,0.04761904761904767,40-60,coin_flip,dog_7_plus,high_total_47_plus,1.9090909090909092,1.9090909090909092,0.9090909090909092,-1.0
2024-09-15T16:30:00Z,2024-09-15T16:25:38Z,2024-09-15T16:20:38Z,2024-09-15T16:30:38Z,787ae4144b2b45d7ef8a9c7b1ab6abd8,americanfootball_nfl,2024-09-15 17:00:00+00:00,Detroit Lions,Tampa Bay Buccaneers,fanduel,FanDuel,2024-09-15T16:25:14Z,player_rush_yds,2024-09-15T16:25:07Z,Baker Mayfield,9.5,-110.0,-110,2024-09-15,DET,TB,baker mayfield,2024,2,Baker Mayfield,TB,QB,185.0,34.0,0.0,0.0,34.0,1,False,-7.5,7.5,51.5,False,True,7.5,-7.5,True,False,False,22.0,2024,2,34.0,24.5,True,False,0.5238095238095238,0.5238095238095238,0.04761904761904767,<20,coin_flip,favorite_7_plus,high_total_47_plus,1.9090909090909092,1.9090909090909092,0.9090909090909092,-1.0
2024-09-15T16:30:00Z,2024-09-15T16:25:38Z,2024-09-15T16:20:38Z,2024-09-15T16:30:38Z,787ae4144b2b45d7ef8a9c7b1ab6abd8,americanfootball_nfl,2024-09-15 17:00:00+00:00,Detroit Lions,Tampa Bay Buccaneers,fanduel,FanDuel,2024-09-15T16:25:14Z,player_rush_yds,2024-09-15T16:25:07Z,Jared Goff,1.5,110.0,-134,2024-09-15,DET,TB,jared goff,2024,2,Jared Goff,DET,QB,307.0,5.0,0.0,0.0,5.0,1,False,-7.5,7.5,51.5,True,False,-7.5,7.5,False,True,False,29.5,2024,2,5.0,3.5,True,False,0.47619047619047616,0.5726495726495726,0.04884004884004867,<20,plus_money,dog_7_plus,high_total_47_plus,2.1,1.7462686567164178,1.1,-1.0
2024-09-15T16:30:00Z,2024-09-15T16:25:38Z,2024-09-15T16:20:38Z,2024-09-15T16:30:38Z,787ae4144b2b45d7ef8a9c7b1ab6abd8,americanfootball_nfl,2024-09-15 17:00:00+00:00,Detroit Lions,Tampa Bay Buccaneers,fanduel,FanDuel,2024-09-15T16:25:14Z,player_rush_yds,2024-09-15T16:25:07Z,David Montgomery,56.5,-110.0,-110,2024-09-15,DET,TB,david montgomery,2024,2,David Montgomery,DET,RB,0.0,35.0,35.0,4.0,35.0,0,False,-7.5,7.5,51.5,True,False,-7.5,7.5,False,True,False,29.5,2024,2,35.0,-21.5,False,True,0.5238095238095238,0.5238095238095238,0.04761904761904767,40-60,coin_flip,dog_7_plus,high_total_47_plus,1.9090909090909092,1.9090909090909092,-1.0,0.9090909090909092
2024-09-15T16:30:00Z,2024-09-15T16:25:38Z,2024-09-15T16:20:38Z,2024-09-15T16:30:38Z,787ae4144b2b45d7ef8a9c7b1ab6abd8,americanfootball_nfl,2024-09-15 17:00:00+00:00,Detroit Lions,Tampa Bay Buccaneers,fanduel,FanDuel,2024-09-15T16:25:14Z,player_rush_yds,2024-09-15T16:25:07Z,Bucky Irving,20.5,-110.0,-110,2024-09-15,DET,TB,bucky irving,2024,2,Bucky Irving,TB,RB,0.0,22.0,0.0,0.0,22.0,1,False,-7.5,7.5,51.5,False,True,7.5,-7.5,True,False,False,22.0,2024,2,22.0,1.5,True,False,0.5238095238095238,0.5238095238095238,0.04761904761904767,20-40,coin_flip,favorite_7_plus,high_total_47_plus,1.9090909090909092,1.9090909090909092,0.9090909090909092,-1.0
2024-09-15T16:30:00Z,2024-09-15T16:25:38Z,2024-09-15T16:20:38Z,2024-09-15T16:30:38Z,c4e5642a8746f3e8fbb09d59a611ffe4,americanfootball_nfl,2024-09-15 17:00:00+00:00,Green Bay Packers,Indianapolis Colts,fanduel,FanDuel,2024-09-15T16:25:14Z,player_rush_yds,2024-09-15T16:25:36Z,Jonathan Taylor,80.5,-110.0,-110,2024-09-15,GB,IND,jonathan taylor,2024,2,Jonathan Taylor,IND,RB,0.0,103.0,32.0,2.0,103.0,1,False,3.0,-3.0,41.5,False,True,-3.0,3.0,False,True,False,22.25,2024,2,103.0,22.5,True,False,0.5238095238095238,0.5238095238095238,0.04761904761904767,80+,coin_flip,dog_0_to_3,low_total_<42,1.9090909090909092,1.9090909090909092,0.9090909090909092,-1.0
2024-09-15T16:30:00Z,2024-09-15T16:25:38Z,2024-09-15T16:20:38Z,2024-09-15T16:30:38Z,c4e5642a8746f3e8fbb09d59a611ffe4,americanfootball_nfl,2024-09-15 17:00:00+00:00,Green Bay Packers,Indianapolis Colts,fanduel,FanDuel,2024-09-15T16:25:14Z,player_rush_yds,2024-09-15T16:25:36Z,Anthony Richardson,38.5,-110.0,-110,2024-09-15,GB,IND,anthony richardson,2024,2,Anthony Richardson,IND,QB,204.0,37.0,0.0,0.0,37.0,0,False,3.0,-3.0,41.5,False,True,-3.0,3.0,False,True,False,22.25,2024,2,37.0,-1.5,False,True,0.5238095238095238,0.5238095238095238,0.04761904761904767,20-40,coin_flip,dog_0_to_3,low_total_<42,1.9090909090909092,1.9090909090909092,-1.0,0.9090909090909092
2024-09-15T16:30:00Z,2024-09-15T16:25:38Z,2024-09-15T16:20:38Z,2024-09-15T16:30:38Z,c4e5642a8746f3e8fbb09d59a611ffe4,americanfootball_nfl,2024-09-15 17:00:00+00:00,Green Bay Packers,Indianapolis Colts,fanduel,FanDuel,2024-09-15T16:25:14Z,player_rush_yds,2024-09-15T16:25:36Z,Josh Jacobs,63.5,-110.0,-110,2024-09-15,GB,IND,josh jacobs,2024,2,Josh Jacobs,GB,RB,0.0,151.0,0.0,0.0,151.0,1,False,3.0,-3.0,41.5,True,False,3.0,-3.0,True,False,False,19.25,2024,2,151.0,87.5,True,False,0.5238095238095238,0.5238095238095238,0.04761904761904767,60-80,coin_flip,favorite_0_to_3,low_total_<42,1.9090909090909092,1.9090909090909092,0.9090909090909092,-1.0
2024-09-15T16:30:00Z,2024-09-15T16:25:38Z,2024-09-15T16:20:38Z,2024-09-15T16:30:38Z,c4e5642a8746f3e8fbb09d59a611ffe4,americanfootball_nfl,2024-09-15 17:00:00+00:00,Green Bay Packers,Indianapolis Colts,fanduel,FanDuel,2024-09-15T16:25:14Z,player_rush_yds,2024-09-15T16:25:36Z,Malik Willis,28.5,-110.0,-110,2024-09-15,GB,IND,malik willis,2024,2,Malik Willis,GB,QB,122.0,41.0,0.0,0.0,41.0,1,False,3.0,-3.0,41.5,True,False,3.0,-3.0,True,False,False,19.25,2024,2,41.0,12.5,True,False,0.5238095238095238,0.5238095238095238,0.04761904761904767,20-40,coin_flip,favorite_0_to_3,low_total_<42,1.9090909090909092,1.9090909090909092,0.9090909090909092,-1.0
2024-09-15T16:30:00Z,2024-09-15T16:25:38Z,2024-09-15T16:20:38Z,2024-09-15T16:30:38Z,9d5dace601f10c135f5c03facf23fd22,americanfootball_nfl,2024-09-15 17:00:00+00:00,Minnesota Vikings,San Francisco 49ers,fanduel,FanDuel,2024-09-15T16:25:14Z,player_rush_yds,2024-09-15T16:25:36Z,Deebo Samuel,23.5,-110.0,-110,2024-09-15,MIN,SF,deebo samuel,2024,2,Deebo Samuel,SF,WR,0.0,-10.0,110.0,8.0,-10.0,0,False,4.5,-4.5,46.5,False,True,-4.5,4.5,False,True,False,25.5,2024,2,-10.0,-33.5,False,True,0.5238095238095238,0.5238095238095238,0.04761904761904767,20-40,coin_flip,dog_3_to_7,mid_total_42_47,1.9090909090909092,1.9090909090909092,-1.0,0.9090909090909092
2024-09-15T16:30:00Z,2024-09-15T16:25:38Z,2024-09-15T16:20:38Z,2024-09-15T16:30:38Z,9d5dace601f10c135f5c03facf23fd22,americanfootball_nfl,2024-09-15 17:00:00+00:00,Minnesota Vikings,San Francisco 49ers,fanduel,FanDuel,2024-09-15T16:25:14Z,player_rush_yds,2024-09-15T16:25:36Z,Jordan Mason,75.5,-110.0,-110,2024-09-15,MIN,SF,jordan mason,2024,2,Jordan Mason,SF,RB,0.0,100.0,4.0,1.0,100.0,1,False,4.5,-4.5,46.5,False,True,-4.5,4.5,False,True,False,25.5,2024,2,100.0,24.5,True,False,0.5238095238095238,0.5238095238095238,0.04761904761904767,60-80,coin_flip,dog_3_to_7,mid_total_42_47,1.9090909090909092,1.9090909090909092,0.9090909090909092,-1.0
2024-09-15T16:30:00Z,2024-09-15T16:25:38Z,2024-09-15T16:20:38Z,2024-09-15T16:30:38Z,9d5dace601f10c135f5c03facf23fd22,americanfootball_nfl,2024-09-15 17:00:00+00:00,Minnesota Vikings,San Francisco 49ers,fanduel,FanDuel,2024-09-15T16:25:14Z,player_rush_yds,2024-09-15T16:25:36Z,Brock Purdy,7.5,-110.0,-110,2024-09-15,MIN,SF,brock purdy,2024,2,Brock Purdy,SF,QB,319.0,12.0,0.0,0.0,12.0,1,False,4.5,-4.5,46.5,False,True,-4.5,4.5,False,True,False,25.5,2024,2,12.0,4.5,True,False,0.5238095238095238,0.5238095238095238,0.04761904761904767,<20,coin_flip,dog_3_to_7,mid_total_42_47,1.9090909090909092,1.9090909090909092,0.9090909090909092,-1.0
2024-09-15T16:30:00Z,2024-09-15T16:25:38Z,2024-09-15T16:20:38Z,2024-09-15T16:30:38Z,9d5dace601f10c135f5c03facf23fd22,americanfootball_nfl,2024-09-15 17:00:00+00:00,Minnesota Vikings,San Francisco 49ers,fanduel,FanDuel,2024-09-15T16:25:14Z,player_rush_yds,2024-09-15T16:25:36Z,Ty Chandler,21.5,-110.0,-110,2024-09-15,MIN,SF,ty chandler,2024,2,Ty Chandler,MIN,RB,0.0,82.0,0.0,0.0,82.0,1,False,4.5,-4.5,46.5,True,False,4.5,-4.5,True,False,False,21.0,2024,2,82.0,60.5,True,False,0.5238095238095238,0.5238095238095238,0.04761904761904767,20-40,coin_flip,favorite_3_to_7,mid_total_42_47,1.9090909090909092,1.9090909090909092,0.9090909090909092,-1.0
2024-09-15T16:30:00Z,2024-09-15T16:25:38Z,2024-09-15T16:20:38Z,2024-09-15T16:30:38Z,9d5dace601f10c135f5c03facf23fd22,americanfootball_nfl,2024-09-15 17:00:00+00:00,Minnesota Vikings,San Francisco 49ers,fanduel,FanDuel,2024-09-15T16:25:14Z,player_rush_yds,2024-09-15T16:25:36Z,Aaron Jones,49.5,-110.0,-110,2024-09-15,MIN,SF,aaron jones,2024,2,Aaron Jones,MIN,RB,0.0,32.0,36.0,5.0,32.0,0,False,4.5,-4.5,46.5,True,False,4.5,-4.5,True,False,False,21.0,2024,2,32.0,-17.5,False,True,0.5238095238095238,0.5238095238095238,0.04761904761904767,40-60,coin_flip,favorite_3_to_7,mid_total_42_47,1.9090909090909092,1.9090909090909092,-1.0,0.9090909090909092
2024-09-15T16:30:00Z,2024-09-15T16:25:38Z,2024-09-15T16:20:38Z,2024-09-15T16:30:38Z,9d5dace601f10c135f5c03facf23fd22,americanfootball_nfl,2024-09-15 17:00:00+00:00,Minnesota Vikings,San Francisco 49ers,fanduel,FanDuel,2024-09-15T16:25:14Z,player_rush_yds,2024-09-15T16:25:36Z,Sam Darnold,9.5,-110.0,-110,2024-09-15,MIN,SF,sam darnold,2024,2,Sam Darnold,MIN,QB,268.0,32.0,0.0,0.0,32.0,1,False,4.5,-4.5,46.5,True,False,4.5,-4.5,True,False,False,21.0,2024,2,32.0,22.5,True,False,0.5238095238095238,0.5238095238095238,0.04761904761904767,<20,coin_flip,favorite_3_to_7,mid_total_42_47,1.9090909090909092,1.9090909090909092,0.9090909090909092,-1.0
2024-09-15T16:30:00Z,2024-09-15T16:25:38Z,2024-09-15T16:20:38Z,2024-09-15T16:30:38Z,42d27889b51ada96c20671b30129ce4e,americanfootball_nfl,2024-09-15 17:00:00+00:00,New England Patriots,Seattle Seahawks,fanduel,FanDuel,2024-09-15T16:25:14Z,player_rush_yds,2024-09-15T16:24:58Z,Jacoby Brissett,13.5,-110.0,-110,2024-09-15,NE,SEA,jacoby brissett,2024,2,Jacoby Brissett,NE,QB,149.0,6.0,0.0,0.0,6.0,0,False,3.5,-3.5,39.0,True,False,3.5,-3.5,True,False,False,17.75,2024,2,6.0,-7.5,False,True,0.5238095238095238,0.5238095238095238,0.04761904761904767,<20,coin_flip,favorite_3_to_7,low_total_<42,1.9090909090909092,1.9090909090909092,-1.0,0.9090909090909092
2024-09-15T16:30:00Z,2024-09-15T16:25:38Z,2024-09-15T16:20:38Z,2024-09-15T16:30:38Z,42d27889b51ada96c20671b30129ce4e,americanfootball_nfl,2024-09-15 17:00:00+00:00,New England Patriots,Seattle Seahawks,fanduel,FanDuel,2024-09-15T16:25:14Z,player_rush_yds,2024-09-15T16:24:58Z,Antonio Gibson,16.5,-110.0,-110,2024-09-15,NE,SEA,antonio gibson,2024,2,Antonio Gibson,NE,RB,0.0,96.0,7.0,1.0,96.0,1,False,3.5,-3.5,39.0,True,False,3.5,-3.5,True,False,False,17.75,2024,2,96.0,79.5,True,False,0.5238095238095238,0.5238095238095238,0.04761904761904767,<20,coin_flip,favorite_3_to_7,low_total_<42,1.9090909090909092,1.9090909090909092,0.9090909090909092,-1.0
2024-09-15T16:30:00Z,2024-09-15T16:25:38Z,2024-09-15T16:20:38Z,2024-09-15T16:30:38Z,42d27889b51ada96c20671b30129ce4e,americanfootball_nfl,2024-09-15 17:00:00+00:00,New England Patriots,Seattle Seahawks,fanduel,FanDuel,2024-09-15T16:25:14Z,player_rush_yds,2024-09-15T16:24:58Z,Geno Smith,10.5,-110.0,-110,2024-09-15,NE,SEA,geno smith,2024,2,Geno Smith,SEA,QB,327.0,8.0,0.0,0.0,8.0,0,False,3.5,-3.5,39.0,False,True,-3.5,3.5,False,True,False,21.25,2024,2,8.0,-2.5,False,True,0.5238095238095238,0.5238095238095238,0.04761904761904767,<20,coin_flip,dog_3_to_7,low_total_<42,1.9090909090909092,1.9090909090909092,-1.0,0.9090909090909092
2024-09-15T16:30:00Z,2024-09-15T16:25:38Z,2024-09-15T16:20:38Z,2024-09-15T16:30:38Z,42d27889b51ada96c20671b30129ce4e,americanfootball_nfl,2024-09-15 17:00:00+00:00,New England Patriots,Seattle Seahawks,fanduel,FanDuel,2024-09-15T16:25:14Z,player_rush_yds,2024-09-15T16:24:58Z,Rhamondre Stevenson,62.5,-110.0,-110,2024-09-15,NE,SEA,rhamondre stevenson,2024,2,Rhamondre Stevenson,NE,RB,0.0,81.0,9.0,2.0,81.0,1,False,3.5,-3.5,39.0,True,False,3.5,-3.5,True,False,False,17.75,2024,2,81.0,18.5,True,False,0.5238095238095238,0.5238095238095238,0.04761904761904767,60-80,coin_flip,favorite_3_to_7,low_total_<42,1.9090909090909092,1.9090909090909092,0.9090909090909092,-1.0
2024-09-15T16:30:00Z,2024-09-15T16:25:38Z,2024-09-15T16:20:38Z,2024-09-15T16:30:38Z,42d27889b51ada96c20671b30129ce4e,americanfootball_nfl,2024-09-15 17:00:00+00:00,New England Patriots,Seattle Seahawks,fanduel,FanDuel,2024-09-15T16:25:14Z,player_rush_yds,2024-09-15T16:24:58Z,Zach Charbonnet,60.5,-110.0,-110,2024-09-15,NE,SEA,zach charbonnet,2024,2,Zach Charbonnet,SEA,RB,0.0,38.0,31.0,5.0,38.0,0,False,3.5,-3.5,39.0,False,True,-3.5,3.5,False,True,False,21.25,2024,2,38.0,-22.5,False,True,0.5238095238095238,0.5238095238095238,0.04761904761904767,60-80,coin_flip,dog_3_to_7,low_total_<42,1.9090909090909092,1.9090909090909092,-1.0,0.9090909090909092
2024-09-15T16:30:00Z,2024-09-15T16:25:38Z,2024-09-15T16:20:38Z,2024-09-15T16:30:38Z,495d9f2c316b05ef092099ef9401a180,americanfootball_nfl,2024-09-15 17:00:00+00:00,Washington Commanders,New York Giants,fanduel,FanDuel,2024-09-15T16:25:14Z,player_rush_yds,2024-09-15T16:25:50Z,Austin Ekeler,17.5,-110.0,-110,2024-09-15,WAS,NYG,austin ekeler,2024,2,Austin Ekeler,WAS,RB,0.0,38.0,47.0,3.0,38.0,1,False,-1.5,1.5,42.5,True,False,-1.5,1.5,False,True,False,22.0,2024,2,38.0,20.5,True,False,0.5238095238095238,0.5238095238095238,0.04761904761904767,<20,coin_flip,dog_0_to_3,mid_total_42_47,1.9090909090909092,1.9090909090909092,0.9090909090909092,-1.0
2024-09-15T16:30:00Z,2024-09-15T16:25:38Z,2024-09-15T16:20:38Z,2024-09-15T16:30:38Z,495d9f2c316b05ef092099ef9401a180,americanfootball_nfl,2024-09-15 17:00:00+00:00,Washington Commanders,New York Giants,fanduel,FanDuel,2024-09-15T16:25:14Z,player_rush_yds,2024-09-15T16:25:50Z,Jayden Daniels,50.5,-110.0,-110,2024-09-15,WAS,NYG,jayden daniels,2024,2,Jayden Daniels,WAS,QB,226.0,44.0,0.0,0.0,44.0,0,False,-1.5,1.5,42.5,True,False,-1.5,1.5,False,True,False,22.0,2024,2,44.0,-6.5,False,True,0.5238095238095238,0.5238095238095238,0.04761904761904767,40-60,coin_flip,dog_0_to_3,mid_total_42_47,1.9090909090909092,1.9090909090909092,-1.0,0.9090909090909092
2024-09-15T16:30:00Z,2024-09-15T16:25:38Z,2024-09-15T16:20:38Z,2024-09-15T16:30:38Z,495d9f2c316b05ef092099ef9401a180,americanfootball_nfl,2024-09-15 17:00:00+00:00,Washington Commanders,New York Giants,fanduel,FanDuel,2024-09-15T16:25:14Z,player_rush_yds,2024-09-15T16:25:50Z,Daniel Jones,27.5,-110.0,-110,2024-09-15,WAS,NYG,daniel jones,2024,2,Daniel Jones,NYG,QB,178.0,32.0,0.0,0.0,32.0,1,False,-1.5,1.5,42.5,False,True,1.5,-1.5,True,False,False,20.5,2024,2,32.0,4.5,True,False,0.5238095238095238,0.5238095238095238,0.04761904761904767,20-40,coin_flip,favorite_0_to_3,mid_total_42_47,1.9090909090909092,1.9090909090909092,0.9090909090909092,-1.0
2024-09-15T16:30:00Z,2024-09-15T16:25:38Z,2024-09-15T16:20:38Z,2024-09-15T16:30:38Z,495d9f2c316b05ef092099ef9401a180,americanfootball_nfl,2024-09-15 17:00:00+00:00,Washington Commanders,New York Giants,fanduel,FanDuel,2024-09-15T16:25:14Z,player_rush_yds,2024-09-15T16:25:50Z,Brian Robinson Jr.,52.5,-110.0,-110,2024-09-15,WAS,NYG,brian robinson,2024,2,Brian Robinson,WAS,RB,0.0,133.0,3.0,1.0,133.0,1,False,-1.5,1.5,42.5,True,False,-1.5,1.5,False,True,False,22.0,2024,2,133.0,80.5,True,False,0.5238095238095238,0.5238095238095238,0.04761904761904767,40-60,coin_flip,dog_0_to_3,mid_total_42_47,1.9090909090909092,1.9090909090909092,0.9090909090909092,-1.0
2024-09-15T16:30:00Z,2024-09-15T16:25:38Z,2024-09-15T16:20:38Z,2024-09-15T16:30:38Z,495d9f2c316b05ef092099ef9401a180,americanfootball_nfl,2024-09-15 17:00:00+00:00,Washington Commanders,New York Giants,fanduel,FanDuel,2024-09-15T16:25:14Z,player_rush_yds,2024-09-15T16:25:50Z,Devin Singletary,53.5,-110.0,-110,2024-09-15,WAS,NYG,devin singletary,2024,2,Devin Singletary,NYG,RB,0.0,95.0,0.0,1.0,95.0,1,False,-1.5,1.5,42.5,False,True,1.5,-1.5,True,False,False,20.5,2024,2,95.0,41.5,True,False,0.5238095238095238,0.5238095238095238,0.04761904761904767,40-60,coin_flip,favorite_0_to_3,mid_total_42_47,1.9090909090909092,1.9090909090909092,0.9090909090909092,-1.0
2024-09-15T16:30:00Z,2024-09-15T16:25:38Z,2024-09-15T16:20:38Z,2024-09-15T16:30:38Z,17d4d840f9f4094d76c6e9b53b18ac05,americanfootball_nfl,2024-09-15 17:00:00+00:00,Tennessee Titans,New York Jets,fanduel,FanDuel,2024-09-15T16:25:14Z,player_rush_yds,2024-09-15T16:25:49Z,Will Levis,10.5,-122.0,100,2024-09-15,TEN,NYJ,will levis,2024,2,Will Levis,TEN,QB,192.0,38.0,0.0,0.0,38.0,1,False,3.5,-3.5,41.5,True,False,3.5,-3.5,True,False,False,19.0,2024,2,38.0,27.5,True,False,0.5495495495495496,0.5,0.04954954954954971,<20,moderate_favorite,favorite_3_to_7,low_total_<42,1.819672131147541,2.0,0.819672131147541,-1.0
2024-09-15T16:30:00Z,2024-09-15T16:25:38Z,2024-09-15T16:20:38Z,2024-09-15T16:30:38Z,17d4d840f9f4094d76c6e9b53b18ac05,americanfootball_nfl,2024-09-15 17:00:00+00:00,Tennessee Titans,New York Jets,fanduel,FanDuel,2024-09-15T16:25:14Z,player_rush_yds,2024-09-15T16:25:49Z,Breece Hall,74.5,-110.0,-110,2024-09-15,TEN,NYJ,breece hall,2024,2,Breece Hall,NYJ,RB,0.0,62.0,52.0,7.0,62.0,0,False,3.5,-3.5,41.5,False,True,-3.5,3.5,False,True,False,22.5,2024,2,62.0,-12.5,False,True,0.5238095238095238,0.5238095238095238,0.04761904761904767,60-80,coin_flip,dog_3_to_7,low_total_<42,1.9090909090909092,1.9090909090909092,-1.0,0.9090909090909092
2024-09-15T16:30:00Z,2024-09-15T16:25:38Z,2024-09-15T16:20:38Z,2024-09-15T16:30:38Z,17d4d840f9f4094d76c6e9b53b18ac05,americanfootball_nfl,2024-09-15 17:00:00+00:00,Tennessee Titans,New York Jets,fanduel,FanDuel,2024-09-15T16:25:14Z,player_rush_yds,2024-09-15T16:25:49Z,Tony Pollard,50.5,-110.0,-110,2024-09-15,TEN,NYJ,tony pollard,2024,2,Tony Pollard,TEN,RB,0.0,62.0,40.0,5.0,62.0,1,False,3.5,-3.5,41.5,True,False,3.5,-3.5,True,False,False,19.0,2024,2,62.0,11.5,True,False,0.5238095238095238,0.5238095238095238,0.04761904761904767,40-60,coin_flip,favorite_3_to_7,low_total_<42,1.9090909090909092,1.9090909090909092,0.9090909090909092,-1.0
2024-09-15T16:30:00Z,2024-09-15T16:25:38Z,2024-09-15T16:20:38Z,2024-09-15T16:30:38Z,17d4d840f9f4094d76c6e9b53b18ac05,americanfootball_nfl,2024-09-15 17:00:00+00:00,Tennessee Titans,New York Jets,fanduel,FanDuel,2024-09-15T16:25:14Z,player_rush_yds,2024-09-15T16:25:49Z,Tyjae Spears,24.5,-110.0,-110,2024-09-15,TEN,NYJ,tyjae spears,2024,2,Tyjae Spears,TEN,RB,0.0,20.0,11.0,2.0,20.0,0,False,3.5,-3.5,41.5,True,False,3.5,-3.5,True,False,False,19.0,2024,2,20.0,-4.5,False,True,0.5238095238095238,0.5238095238095238,0.04761904761904767,20-40,coin_flip,favorite_3_to_7,low_total_<42,1.9090909090909092,1.9090909090909092,-1.0,0.9090909090909092
2024-09-15T19:35:00Z,2024-09-15T19:30:37Z,2024-09-15T19:25:38Z,2024-09-15T19:35:38Z,db997fc1b5fe71f4960012f81c21a017,americanfootball_nfl,2024-09-15 20:05:00+00:00,Arizona Cardinals,Los Angeles Rams,fanduel,FanDuel,2024-09-15T19:29:29Z,player_rush_yds,2024-09-15T19:30:28Z,Kyren Williams,74.5,-110.0,-110,2024-09-15,ARI,LAR,kyren williams,2024,2,Kyren Williams,LAR,RB,0.0,25.0,27.0,4.0,25.0,0,False,1.0,-1.0,47.5,False,True,-1.0,1.0,False,True,False,24.25,2024,2,25.0,-49.5,False,True,0.5238095238095238,0.5238095238095238,0.04761904761904767,60-80,coin_flip,dog_0_to_3,high_total_47_plus,1.9090909090909092,1.9090909090909092,-1.0,0.9090909090909092
2024-09-15T19:35:00Z,2024-09-15T19:30:37Z,2024-09-15T19:25:38Z,2024-09-15T19:35:38Z,db997fc1b5fe71f4960012f81c21a017,americanfootball_nfl,2024-09-15 20:05:00+00:00,Arizona Cardinals,Los Angeles Rams,fanduel,FanDuel,2024-09-15T19:29:29Z,player_rush_yds,2024-09-15T19:30:28Z,James Conner,64.5,-110.0,-110,2024-09-15,ARI,LAR,james conner,2024,2,James Conner,ARI,RB,0.0,122.0,2.0,1.0,122.0,1,False,1.0,-1.0,47.5,True,False,1.0,-1.0,True,False,False,23.25,2024,2,122.0,57.5,True,False,0.5238095238095238,0.5238095238095238,0.04761904761904767,60-80,coin_flip,favorite_0_to_3,high_total_47_plus,1.9090909090909092,1.9090909090909092,0.9090909090909092,-1.0
2024-09-15T19:35:00Z,2024-09-15T19:30:37Z,2024-09-15T19:25:38Z,2024-09-15T19:35:38Z,db997fc1b5fe71f4960012f81c21a017,americanfootball_nfl,2024-09-15 20:05:00+00:00,Arizona Cardinals,Los Angeles Rams,fanduel,FanDuel,2024-09-15T19:29:29Z,player_rush_yds,2024-09-15T19:30:28Z,Kyler Murray,31.5,-110.0,-110,2024-09-15,ARI,LAR,kyler murray,2024,2,Kyler Murray,ARI,QB,266.0,59.0,0.0,0.0,59.0,1,False,1.0,-1.0,47.5,True,False,1.0,-1.0,True,False,False,23.25,2024,2,59.0,27.5,True,False,0.5238095238095238,0.5238095238095238,0.04761904761904767,20-40,coin_flip,favorite_0_to_3,high_total_47_plus,1.9090909090909092,1.9090909090909092,0.9090909090909092,-1.0
2024-09-15T19:55:00Z,2024-09-15T19:50:37Z,2024-09-15T19:45:38Z,2024-09-15T19:55:37Z,faaeaab20409da65e7314cc1857ccfba,americanfootball_nfl,2024-09-15 20:25:00+00:00,Kansas City Chiefs,Cincinnati Bengals,fanduel,FanDuel,2024-09-15T19:50:05Z,player_rush_yds,2024-09-15T19:50:23Z,Patrick Mahomes,18.5,-110.0,-110,2024-09-15,KC,CIN,patrick mahomes,2024,2,Patrick Mahomes,KC,QB,151.0,29.0,0.0,0.0,29.0,1,False,-6.5,6.5,47.5,True,False,-6.5,6.5,False,True,False,27.0,2024,2,29.0,10.5,True,False,0.5238095238095238,0.5238095238095238,0.04761904761904767,<20,coin_flip,dog_3_to_7,high_total_47_plus,1.9090909090909092,1.9090909090909092,0.9090909090909092,-1.0
2024-09-15T19:55:00Z,2024-09-15T19:50:37Z,2024-09-15T19:45:38Z,2024-09-15T19:55:37Z,faaeaab20409da65e7314cc1857ccfba,americanfootball_nfl,2024-09-15 20:25:00+00:00,Kansas City Chiefs,Cincinnati Bengals,fanduel,FanDuel,2024-09-15T19:50:05Z,player_rush_yds,2024-09-15T19:50:23Z,Chase Brown,19.5,-110.0,-110,2024-09-15,KC,CIN,chase brown,2024,2,Chase Brown,CIN,RB,0.0,31.0,0.0,0.0,31.0,1,False,-6.5,6.5,47.5,False,True,6.5,-6.5,True,False,False,20.5,2024,2,31.0,11.5,True,False,0.5238095238095238,0.5238095238095238,0.04761904761904767,<20,coin_flip,favorite_3_to_7,high_total_47_plus,1.9090909090909092,1.9090909090909092,0.9090909090909092,-1.0
2024-09-15T19:55:00Z,2024-09-15T19:50:37Z,2024-09-15T19:45:38Z,2024-09-15T19:55:37Z,faaeaab20409da65e7314cc1857ccfba,americanfootball_nfl,2024-09-15 20:25:00+00:00,Kansas City Chiefs,Cincinnati Bengals,fanduel,FanDuel,2024-09-15T19:50:05Z,player_rush_yds,2024-09-15T19:50:23Z,Isiah Pacheco,66.5,-110.0,-110,2024-09-15,KC,CIN,isiah pacheco,2024,2,Isiah Pacheco,KC,RB,0.0,90.0,21.0,5.0,90.0,1,False,-6.5,6.5,47.5,True,False,-6.5,6.5,False,True,False,27.0,2024,2,90.0,23.5,True,False,0.5238095238095238,0.5238095238095238,0.04761904761904767,60-80,coin_flip,dog_3_to_7,high_total_47_plus,1.9090909090909092,1.9090909090909092,0.9090909090909092,-1.0
2024-09-15T19:55:00Z,2024-09-15T19:50:37Z,2024-09-15T19:45:38Z,2024-09-15T19:55:37Z,faaeaab20409da65e7314cc1857ccfba,americanfootball_nfl,2024-09-15 20:25:00+00:00,Kansas City Chiefs,Cincinnati Bengals,fanduel,FanDuel,2024-09-15T19:50:05Z,player_rush_yds,2024-09-15T19:50:23Z,Joe Burrow,12.5,-110.0,-110,2024-09-15,KC,CIN,joe burrow,2024,2,Joe Burrow,CIN,QB,258.0,9.0,0.0,0.0,9.0,0,False,-6.5,6.5,47.5,False,True,6.5,-6.5,True,False,False,20.5,2024,2,9.0,-3.5,False,True,0.5238095238095238,0.5238095238095238,0.04761904761904767,<20,coin_flip,favorite_3_to_7,high_total_47_plus,1.9090909090909092,1.9090909090909092,-1.0,0.9090909090909092
2024-09-15T19:55:00Z,2024-09-15T19:50:37Z,2024-09-15T19:45:38Z,2024-09-15T19:55:37Z,faaeaab20409da65e7314cc1857ccfba,americanfootball_nfl,2024-09-15 20:25:00+00:00,Kansas City Chiefs,Cincinnati Bengals,fanduel,FanDuel,2024-09-15T19:50:05Z,player_rush_yds,2024-09-15T19:50:23Z,Zack Moss,45.5,-110.0,-110,2024-09-15,KC,CIN,zack moss,2024,2,Zack Moss,CIN,RB,0.0,34.0,13.0,1.0,34.0,0,False,-6.5,6.5,47.5,False,True,6.5,-6.5,True,False,False,20.5,2024,2,34.0,-11.5,False,True,0.5238095238095238,0.5238095238095238,0.04761904761904767,40-60,coin_flip,favorite_3_to_7,high_total_47_plus,1.9090909090909092,1.9090909090909092,-1.0,0.9090909090909092
2024-09-15T19:55:00Z,2024-09-15T19:50:37Z,2024-09-15T19:45:38Z,2024-09-15T19:55:37Z,3a300e2fb659ca896b5e60252f13150c,americanfootball_nfl,2024-09-15 20:25:00+00:00,Denver Broncos,Pittsburgh Steelers,fanduel,FanDuel,2024-09-15T19:50:05Z,player_rush_yds,2024-09-15T19:50:04Z,Bo Nix,23.5,-110.0,-110,2024-09-15,DEN,PIT,bo nix,2024,2,Bo Nix,DEN,QB,246.0,25.0,0.0,0.0,25.0,1,False,3.0,-3.0,36.5,True,False,3.0,-3.0,True,False,False,16.75,2024,2,25.0,1.5,True,False,0.5238095238095238,0.5238095238095238,0.04761904761904767,20-40,coin_flip,favorite_0_to_3,low_total_<42,1.9090909090909092,1.9090909090909092,0.9090909090909092,-1.0
2024-09-15T19:55:00Z,2024-09-15T19:50:37Z,2024-09-15T19:45:38Z,2024-09-15T19:55:37Z,3a300e2fb659ca896b5e60252f13150c,americanfootball_nfl,2024-09-15 20:25:00+00:00,Denver Broncos,Pittsburgh Steelers,fanduel,FanDuel,2024-09-15T19:50:05Z,player_rush_yds,2024-09-15T19:50:04Z,Jaleel McLaughlin,31.5,-110.0,-110,2024-09-15,DEN,PIT,jaleel mclaughlin,2024,2,Jaleel McLaughlin,DEN,RB,0.0,6.0,0.0,0.0,6.0,0,False,3.0,-3.0,36.5,True,False,3.0,-3.0,True,False,False,16.75,2024,2,6.0,-25.5,False,True,0.5238095238095238,0.5238095238095238,0.04761904761904767,20-40,coin_flip,favorite_0_to_3,low_total_<42,1.9090909090909092,1.9090909090909092,-1.0,0.9090909090909092
2024-09-15T19:55:00Z,2024-09-15T19:50:37Z,2024-09-15T19:45:38Z,2024-09-15T19:55:37Z,3a300e2fb659ca896b5e60252f13150c,americanfootball_nfl,2024-09-15 20:25:00+00:00,Denver Broncos,Pittsburgh Steelers,fanduel,FanDuel,2024-09-15T19:50:05Z,player_rush_yds,2024-09-15T19:50:04Z,Jaylen Warren,17.5,-110.0,-110,2024-09-15,DEN,PIT,jaylen warren,2024,2,Jaylen Warren,PIT,RB,0.0,42.0,19.0,2.0,42.0,1,False,3.0,-3.0,36.5,False,True,-3.0,3.0,False,True,False,19.75,2024,2,42.0,24.5,True,False,0.5238095238095238,0.5238095238095238,0.04761904761904767,<20,coin_flip,dog_0_to_3,low_total_<42,1.9090909090909092,1.9090909090909092,0.9090909090909092,-1.0
2024-09-15T19:55:00Z,2024-09-15T19:50:37Z,2024-09-15T19:45:38Z,2024-09-15T19:55:37Z,3a300e2fb659ca896b5e60252f13150c,americanfootball_nfl,2024-09-15 20:25:00+00:00,Denver Broncos,Pittsburgh Steelers,fanduel,FanDuel,2024-09-15T19:50:05Z,player_rush_yds,2024-09-15T19:50:04Z,Najee Harris,61.5,-110.0,-110,2024-09-15,DEN,PIT,najee harris,2024,2,Najee Harris,PIT,RB,0.0,69.0,5.0,1.0,69.0,1,False,3.0,-3.0,36.5,False,True,-3.0,3.0,False,True,False,19.75,2024,2,69.0,7.5,True,False,0.5238095238095238,0.5238095238095238,0.04761904761904767,60-80,coin_flip,dog_0_to_3,low_total_<42,1.9090909090909092,1.9090909090909092,0.9090909090909092,-1.0
2024-09-15T19:55:00Z,2024-09-15T19:50:37Z,2024-09-15T19:45:38Z,2024-09-15T19:55:37Z,3a300e2fb659ca896b5e60252f13150c,americanfootball_nfl,2024-09-15 20:25:00+00:00,Denver Broncos,Pittsburgh Steelers,fanduel,FanDuel,2024-09-15T19:50:05Z,player_rush_yds,2024-09-15T19:50:04Z,Javonte Williams,41.5,-110.0,-110,2024-09-15,DEN,PIT,javonte williams,2024,2,Javonte Williams,DEN,RB,0.0,17.0,48.0,5.0,17.0,0,False,3.0,-3.0,36.5,True,False,3.0,-3.0,True,False,False,16.75,2024,2,17.0,-24.5,False,True,0.5238095238095238,0.5238095238095238,0.04761904761904767,40-60,coin_flip,favorite_0_to_3,low_total_<42,1.9090909090909092,1.9090909090909092,-1.0,0.9090909090909092
2024-09-15T19:55:00Z,2024-09-15T19:50:37Z,2024-09-15T19:45:38Z,2024-09-15T19:55:37Z,3a300e2fb659ca896b5e60252f13150c,americanfootball_nfl,2024-09-15 20:25:00+00:00,Denver Broncos,Pittsburgh Steelers,fanduel,FanDuel,2024-09-15T19:50:05Z,player_rush_yds,2024-09-15T19:50:04Z,Justin Fields,47.5,-110.0,-110,2024-09-15,DEN,PIT,justin fields,2024,2,Justin Fields,PIT,QB,117.0,27.0,0.0,0.0,27.0,0,False,3.0,-3.0,36.5,False,True,-3.0,3.0,False,True,False,19.75,2024,2,27.0,-20.5,False,True,0.5238095238095238,0.5238095238095238,0.04761904761904767,40-60,coin_flip,dog_0_to_3,low_total_<42,1.9090909090909092,1.9090909090909092,-1.0,0.9090909090909092
2024-09-15T23:50:00Z,2024-09-15T23:45:37Z,2024-09-15T23:40:38Z,2024-09-15T23:50:38Z,7533f0f2d5cfe270fa0ccdc32a98c7fd,americanfootball_nfl,2024-09-16 00:20:00+00:00,Houston Texans,Chicago Bears,fanduel,FanDuel,2024-09-15T23:45:00Z,player_rush_yds,2024-09-15T23:45:04Z,Caleb Williams,19.5,-110.0,-110,2024-09-15,HOU,CHI,caleb williams,2024,2,Caleb Williams,CHI,QB,174.0,44.0,0.0,0.0,44.0,1,False,-6.0,6.0,45.5,False,True,6.0,-6.0,True,False,False,19.75,2024,2,44.0,24.5,True,False,0.5238095238095238,0.5238095238095238,0.04761904761904767,<20,coin_flip,favorite_3_to_7,mid_total_42_47,1.9090909090909092,1.9090909090909092,0.9090909090909092,-1.0
2024-09-15T23:50:00Z,2024-09-15T23:45:37Z,2024-09-15T23:40:38Z,2024-09-15T23:50:38Z,7533f0f2d5cfe270fa0ccdc32a98c7fd,americanfootball_nfl,2024-09-16 00:20:00+00:00,Houston Texans,Chicago Bears,fanduel,FanDuel,2024-09-15T23:45:00Z,player_rush_yds,2024-09-15T23:45:04Z,C.J. Stroud,8.5,-110.0,-110,2024-09-15,HOU,CHI,cj stroud,2024,2,C.J. Stroud,HOU,QB,260.0,-1.0,0.0,0.0,-1.0,0,False,-6.0,6.0,45.5,True,False,-6.0,6.0,False,True,False,25.75,2024,2,-1.0,-9.5,False,True,0.5238095238095238,0.5238095238095238,0.04761904761904767,<20,coin_flip,dog_3_to_7,mid_total_42_47,1.9090909090909092,1.9090909090909092,-1.0,0.9090909090909092
2024-09-15T23:50:00Z,2024-09-15T23:45:37Z,2024-09-15T23:40:38Z,2024-09-15T23:50:38Z,7533f0f2d5cfe270fa0ccdc32a98c7fd,americanfootball_nfl,2024-09-16 00:20:00+00:00,Houston Texans,Chicago Bears,fanduel,FanDuel,2024-09-15T23:45:00Z,player_rush_yds,2024-09-15T23:45:04Z,Khalil Herbert,12.5,-110.0,-110,2024-09-15,HOU,CHI,khalil herbert,2024,2,Khalil Herbert,CHI,RB,0.0,3.0,4.0,2.0,3.0,0,False,-6.0,6.0,45.5,False,True,6.0,-6.0,True,False,False,19.75,2024,2,3.0,-9.5,False,True,0.5238095238095238,0.5238095238095238,0.04761904761904767,<20,coin_flip,favorite_3_to_7,mid_total_42_47,1.9090909090909092,1.9090909090909092,-1.0,0.9090909090909092
2024-09-15T23:50:00Z,2024-09-15T23:45:37Z,2024-09-15T23:40:38Z,2024-09-15T23:50:38Z,7533f0f2d5cfe270fa0ccdc32a98c7fd,americanfootball_nfl,2024-09-16 00:20:00+00:00,Houston Texans,Chicago Bears,fanduel,FanDuel,2024-09-15T23:45:00Z,player_rush_yds,2024-09-15T23:45:04Z,D'Andre Swift,44.5,-110.0,-110,2024-09-15,HOU,CHI,dandre swift,2024,2,D'Andre Swift,CHI,RB,0.0,18.0,24.0,4.0,18.0,0,False,-6.0,6.0,45.5,False,True,6.0,-6.0,True,False,False,19.75,2024,2,18.0,-26.5,False,True,0.5238095238095238,0.5238095238095238,0.04761904761904767,40-60,coin_flip,favorite_3_to_7,mid_total_42_47,1.9090909090909092,1.9090909090909092,-1.0,0.9090909090909092
2024-09-15T23:50:00Z,2024-09-15T23:45:37Z,2024-09-15T23:40:38Z,2024-09-15T23:50:38Z,7533f0f2d5cfe270fa0ccdc32a98c7fd,americanfootball_nfl,2024-09-16 00:20:00+00:00,Houston Texans,Chicago Bears,fanduel,FanDuel,2024-09-15T23:45:00Z,player_rush_yds,2024-09-15T23:45:04Z,Joe Mixon,71.5,-110.0,-110,2024-09-15,HOU,CHI,joe mixon,2024,2,Joe Mixon,HOU,RB,0.0,25.0,25.0,3.0,25.0,0,False,-6.0,6.0,45.5,True,False,-6.0,6.0,False,True,False,25.75,2024,2,25.0,-46.5,False,True,0.5238095238095238,0.5238095238095238,0.04761904761904767,60-80,coin_flip,dog_3_to_7,mid_total_42_47,1.9090909090909092,1.9090909090909092,-1.0,0.9090909090909092
2024-09-16T23:45:00Z,2024-09-16T23:40:41Z,2024-09-16T23:35:38Z,2024-09-16T23:45:39Z,2cefb0f9bcf18ed3f64396174ece14ad,americanfootball_nfl,2024-09-17 00:15:00+00:00,Philadelphia Eagles,Atlanta Falcons,fanduel,FanDuel,2024-09-16T23:40:33Z,player_rush_yds,2024-09-16T23:40:27Z,Saquon Barkley,76.5,-110.0,-110,2024-09-16,PHI,ATL,saquon barkley,2024,2,Saquon Barkley,PHI,RB,0.0,95.0,21.0,4.0,95.0,1,False,-5.5,5.5,46.5,True,False,-5.5,5.5,False,True,False,26.0,2024,2,95.0,18.5,True,False,0.5238095238095238,0.5238095238095238,0.04761904761904767,60-80,coin_flip,dog_3_to_7,mid_total_42_47,1.9090909090909092,1.9090909090909092,0.9090909090909092,-1.0
2024-09-16T23:45:00Z,2024-09-16T23:40:41Z,2024-09-16T23:35:38Z,2024-09-16T23:45:39Z,2cefb0f9bcf18ed3f64396174ece14ad,americanfootball_nfl,2024-09-17 00:15:00+00:00,Philadelphia Eagles,Atlanta Falcons,fanduel,FanDuel,2024-09-16T23:40:33Z,player_rush_yds,2024-09-16T23:40:27Z,Kenneth Gainwell,8.5,-110.0,-110,2024-09-16,PHI,ATL,kenneth gainwell,2024,2,Kenneth Gainwell,PHI,RB,0.0,6.0,0.0,0.0,6.0,0,False,-5.5,5.5,46.5,True,False,-5.5,5.5,False,True,False,26.0,2024,2,6.0,-2.5,False,True,0.5238095238095238,0.5238095238095238,0.04761904761904767,<20,coin_flip,dog_3_to_7,mid_total_42_47,1.9090909090909092,1.9090909090909092,-1.0,0.9090909090909092
2024-09-16T23:45:00Z,2024-09-16T23:40:41Z,2024-09-16T23:35:38Z,2024-09-16T23:45:39Z,2cefb0f9bcf18ed3f64396174ece14ad,americanfootball_nfl,2024-09-17 00:15:00+00:00,Philadelphia Eagles,Atlanta Falcons,fanduel,FanDuel,2024-09-16T23:40:33Z,player_rush_yds,2024-09-16T23:40:27Z,Bijan Robinson,67.5,-110.0,-110,2024-09-16,PHI,ATL,bijan robinson,2024,2,Bijan Robinson,ATL,RB,0.0,97.0,25.0,4.0,97.0,1,False,-5.5,5.5,46.5,False,True,5.5,-5.5,True,False,False,20.5,2024,2,97.0,29.5,True,False,0.5238095238095238,0.5238095238095238,0.04761904761904767,60-80,coin_flip,favorite_3_to_7,mid_total_42_47,1.9090909090909092,1.9090909090909092,0.9090909090909092,-1.0
2024-09-16T23:45:00Z,2024-09-16T23:40:41Z,2024-09-16T23:35:38Z,2024-09-16T23:45:39Z,2cefb0f9bcf18ed3f64396174ece14ad,americanfootball_nfl,2024-09-17 00:15:00+00:00,Philadelphia Eagles,Atlanta Falcons,fanduel,FanDuel,2024-09-16T23:40:33Z,player_rush_yds,2024-09-16T23:40:27Z,Jalen Hurts,39.5,-110.0,-110,2024-09-16,PHI,ATL,jalen hurts,2024,2,Jalen Hurts,PHI,QB,183.0,85.0,0.0,0.0,85.0,1,False,-5.5,5.5,46.5,True,False,-5.5,5.5,False,True,False,26.0,2024,2,85.0,45.5,True,False,0.5238095238095238,0.5238095238095238,0.04761904761904767,20-40,coin_flip,dog_3_to_7,mid_total_42_47,1.9090909090909092,1.9090909090909092,0.9090909090909092,-1.0
2024-09-16T23:45:00Z,2024-09-16T23:40:41Z,2024-09-16T23:35:38Z,2024-09-16T23:45:39Z,2cefb0f9bcf18ed3f64396174ece14ad,americanfootball_nfl,2024-09-17 00:15:00+00:00,Philadelphia Eagles,Atlanta Falcons,fanduel,FanDuel,2024-09-16T23:40:33Z,player_rush_yds,2024-09-16T23:40:27Z,Tyler Allgeier,17.5,-110.0,-110,2024-09-16,PHI,ATL,tyler allgeier,2024,2,Tyler Allgeier,ATL,RB,0.0,53.0,12.0,1.0,53.0,1,False,-5.5,5.5,46.5,False,True,5.5,-5.5,True,False,False,20.5,2024,2,53.0,35.5,True,False,0.5238095238095238,0.5238095238095238,0.04761904761904767,<20,coin_flip,favorite_3_to_7,mid_total_42_47,1.9090909090909092,1.9090909090909092,0.9090909090909092,-1.0
2024-09-19T23:45:00Z,2024-09-19T23:40:39Z,2024-09-19T23:35:39Z,2024-09-19T23:45:39Z,ff0f310a02a527f105b5b37dbd61c502,americanfootball_nfl,2024-09-20 00:15:00+00:00,New York Jets,New England Patriots,fanduel,FanDuel,2024-09-19T23:39:58Z,player_rush_yds,2024-09-19T23:40:19Z,Braelon Allen,24.5,-110.0,-110,2024-09-19,NYJ,NE,braelon allen,2024,3,Braelon Allen,NYJ,RB,0.0,55.0,13.0,3.0,55.0,1,False,-6.5,6.5,39.0,True,False,-6.5,6.5,False,True,False,22.75,2024,3,55.0,30.5,True,False,0.5238095238095238,0.5238095238095238,0.04761904761904767,20-40,coin_flip,dog_3_to_7,low_total_<42,1.9090909090909092,1.9090909090909092,0.9090909090909092,-1.0
2024-09-19T23:45:00Z,2024-09-19T23:40:39Z,2024-09-19T23:35:39Z,2024-09-19T23:45:39Z,ff0f310a02a527f105b5b37dbd61c502,americanfootball_nfl,2024-09-20 00:15:00+00:00,New York Jets,New England Patriots,fanduel,FanDuel,2024-09-19T23:39:58Z,player_rush_yds,2024-09-19T23:40:19Z,Breece Hall,63.5,-110.0,-110,2024-09-19,NYJ,NE,breece hall,2024,3,Breece Hall,NYJ,RB,0.0,54.0,29.0,4.0,54.0,0,False,-6.5,6.5,39.0,True,False,-6.5,6.5,False,True,False,22.75,2024,3,54.0,-9.5,False,True,0.5238095238095238,0.5238095238095238,0.04761904761904767,60-80,coin_flip,dog_3_to_7,low_total_<42,1.9090909090909092,1.9090909090909092,-1.0,0.9090909090909092
2024-09-19T23:45:00Z,2024-09-19T23:40:39Z,2024-09-19T23:35:39Z,2024-09-19T23:45:39Z,ff0f310a02a527f105b5b37dbd61c502,americanfootball_nfl,2024-09-20 00:15:00+00:00,New York Jets,New England Patriots,fanduel,FanDuel,2024-09-19T23:39:58Z,player_rush_yds,2024-09-19T23:40:19Z,Antonio Gibson,22.5,-110.0,-110,2024-09-19,NYJ,NE,antonio gibson,2024,3,Antonio Gibson,NE,RB,0.0,29.0,8.0,3.0,29.0,1,False,-6.5,6.5,39.0,False,True,6.5,-6.5,True,False,False,16.25,2024,3,29.0,6.5,True,False,0.5238095238095238,0.5238095238095238,0.04761904761904767,20-40,coin_flip,favorite_3_to_7,low_total_<42,1.9090909090909092,1.9090909090909092,0.9090909090909092,-1.0
2024-09-19T23:45:00Z,2024-09-19T23:40:39Z,2024-09-19T23:35:39Z,2024-09-19T23:45:39Z,ff0f310a02a527f105b5b37dbd61c502,americanfootball_nfl,2024-09-20 00:15:00+00:00,New York Jets,New England Patriots,fanduel,FanDuel,2024-09-19T23:39:58Z,player_rush_yds,2024-09-19T23:40:19Z,Jacoby Brissett,10.5,-115.0,-105,2024-09-19,NYJ,NE,jacoby brissett,2024,3,Jacoby Brissett,NE,QB,98.0,0.0,0.0,0.0,0.0,0,False,-6.5,6.5,39.0,False,True,6.5,-6.5,True,False,False,16.25,2024,3,0.0,-10.5,False,True,0.5348837209302325,0.5121951219512195,0.04707884288145214,<20,coin_flip,favorite_3_to_7,low_total_<42,1.8695652173913042,1.9523809523809523,-1.0,0.9523809523809523
2024-09-19T23:45:00Z,2024-09-19T23:40:39Z,2024-09-19T23:35:39Z,2024-09-19T23:45:39Z,ff0f310a02a527f105b5b37dbd61c502,americanfootball_nfl,2024-09-20 00:15:00+00:00,New York Jets,New England Patriots,fanduel,FanDuel,2024-09-19T23:39:58Z,player_rush_yds,2024-09-19T23:40:19Z,Rhamondre Stevenson,63.5,-110.0,-110,2024-09-19,NYJ,NE,rhamondre stevenson,2024,3,Rhamondre Stevenson,NE,RB,0.0,23.0,0.0,0.0,23.0,0,False,-6.5,6.5,39.0,False,True,6.5,-6.5,True,False,False,16.25,2024,3,23.0,-40.5,False,True,0.5238095238095238,0.5238095238095238,0.04761904761904767,60-80,coin_flip,favorite_3_to_7,low_total_<42,1.9090909090909092,1.9090909090909092,-1.0,0.9090909090909092
2024-09-22T16:30:00Z,2024-09-22T16:25:38Z,2024-09-22T16:20:38Z,2024-09-22T16:30:38Z,e46e4c9f5d6884910657cd6581da3978,americanfootball_nfl,2024-09-22 17:00:00+00:00,Indianapolis Colts,Chicago Bears,fanduel,FanDuel,2024-09-22T16:24:22Z,player_rush_yds,2024-09-22T16:25:59Z,Trey Sermon,8.5,-110.0,-110,2024-09-22,IND,CHI,trey sermon,2024,3,Trey Sermon,IND,RB,0.0,16.0,0.0,0.0,16.0,1,False,-1.5,1.5,43.0,True,False,-1.5,1.5,False,True,False,22.25,2024,3,16.0,7.5,True,False,0.5238095238095238,0.5238095238095238,0.04761904761904767,<20,coin_flip,dog_0_to_3,mid_total_42_47,1.9090909090909092,1.9090909090909092,0.9090909090909092,-1.0
2024-09-22T16:30:00Z,2024-09-22T16:25:38Z,2024-09-22T16:20:38Z,2024-09-22T16:30:38Z,e46e4c9f5d6884910657cd6581da3978,americanfootball_nfl,2024-09-22 17:00:00+00:00,Indianapolis Colts,Chicago Bears,fanduel,FanDuel,2024-09-22T16:24:22Z,player_rush_yds,2024-09-22T16:25:59Z,Anthony Richardson,39.5,-110.0,-110,2024-09-22,IND,CHI,anthony richardson,2024,3,Anthony Richardson,IND,QB,167.0,24.0,0.0,0.0,24.0,0,False,-1.5,1.5,43.0,True,False,-1.5,1.5,False,True,False,22.25,2024,3,24.0,-15.5,False,True,0.5238095238095238,0.5238095238095238,0.04761904761904767,20-40,coin_flip,dog_0_to_3,mid_total_42_47,1.9090909090909092,1.9090909090909092,-1.0,0.9090909090909092
2024-09-22T16:30:00Z,2024-09-22T16:25:38Z,2024-09-22T16:20:38Z,2024-09-22T16:30:38Z,e46e4c9f5d6884910657cd6581da3978,americanfootball_nfl,2024-09-22 17:00:00+00:00,Indianapolis Colts,Chicago Bears,fanduel,FanDuel,2024-09-22T16:24:22Z,player_rush_yds,2024-09-22T16:25:59Z,Khalil Herbert,20.5,-110.0,-110,2024-09-22,IND,CHI,khalil herbert,2024,3,Khalil Herbert,CHI,RB,0.0,9.0,0.0,0.0,9.0,0,False,-1.5,1.5,43.0,False,True,1.5,-1.5,True,False,False,20.75,2024,3,9.0,-11.5,False,True,0.5238095238095238,0.5238095238095238,0.04761904761904767,20-40,coin_flip,favorite_0_to_3,mid_total_42_47,1.9090909090909092,1.9090909090909092,-1.0,0.9090909090909092
2024-09-22T16:30:00Z,2024-09-22T16:25:38Z,2024-09-22T16:20:38Z,2024-09-22T16:30:38Z,e46e4c9f5d6884910657cd6581da3978,americanfootball_nfl,2024-09-22 17:00:00+00:00,Indianapolis Colts,Chicago Bears,fanduel,FanDuel,2024-09-22T16:24:22Z,player_rush_yds,2024-09-22T16:25:59Z,Caleb Williams,21.5,-110.0,-110,2024-09-22,IND,CHI,caleb williams,2024,3,Caleb Williams,CHI,QB,363.0,8.0,0.0,0.0,8.0,0,False,-1.5,1.5,43.0,False,True,1.5,-1.5,True,False,False,20.75,2024,3,8.0,-13.5,False,True,0.5238095238095238,0.5238095238095238,0.04761904761904767,20-40,coin_flip,favorite_0_to_3,mid_total_42_47,1.9090909090909092,1.9090909090909092,-1.0,0.9090909090909092
2024-09-22T16:30:00Z,2024-09-22T16:25:38Z,2024-09-22T16:20:38Z,2024-09-22T16:30:38Z,e46e4c9f5d6884910657cd6581da3978,americanfootball_nfl,2024-09-22 17:00:00+00:00,Indianapolis Colts,Chicago Bears,fanduel,FanDuel,2024-09-22T16:24:22Z,player_rush_yds,2024-09-22T16:25:59Z,Jonathan Taylor,74.5,-110.0,-110,2024-09-22,IND,CHI,jonathan taylor,2024,3,Jonathan Taylor,IND,RB,0.0,110.0,25.0,1.0,110.0,1,False,-1.5,1.5,43.0,True,False,-1.5,1.5,False,True,False,22.25,2024,3,110.0,35.5,True,False,0.5238095238095238,0.5238095238095238,0.04761904761904767,60-80,coin_flip,dog_0_to_3,mid_total_42_47,1.9090909090909092,1.9090909090909092,0.9090909090909092,-1.0
2024-09-22T16:30:00Z,2024-09-22T16:25:38Z,2024-09-22T16:20:38Z,2024-09-22T16:30:38Z,e46e4c9f5d6884910657cd6581da3978,americanfootball_nfl,2024-09-22 17:00:00+00:00,Indianapolis Colts,Chicago Bears,fanduel,FanDuel,2024-09-22T16:24:22Z,player_rush_yds,2024-09-22T16:25:59Z,D'Andre Swift,51.5,-110.0,-110,2024-09-22,IND,CHI,dandre swift,2024,3,D'Andre Swift,CHI,RB,0.0,20.0,22.0,2.0,20.0,0,False,-1.5,1.5,43.0,False,True,1.5,-1.5,True,False,False,20.75,2024,3,20.0,-31.5,False,True,0.5238095238095238,0.5238095238095238,0.04761904761904767,40-60,coin_flip,favorite_0_to_3,mid_total_42_47,1.9090909090909092,1.9090909090909092,-1.0,0.9090909090909092
2024-09-22T16:30:00Z,2024-09-22T16:25:38Z,2024-09-22T16:20:38Z,2024-09-22T16:30:38Z,200c20527d1d6f44257155548cdac1e8,americanfootball_nfl,2024-09-22 17:00:00+00:00,Cleveland Browns,New York Giants,fanduel,FanDuel,2024-09-22T16:24:22Z,player_rush_yds,2024-09-22T16:26:03Z,D'Onta Foreman,45.5,-110.0,-110,2024-09-22,CLE,NYG,donta foreman,2024,3,D'Onta Foreman,CLE,RB,0.0,5.0,0.0,0.0,5.0,0,False,-6.5,6.5,38.0,True,False,-6.5,6.5,False,True,False,22.25,2024,3,5.0,-40.5,False,True,0.5238095238095238,0.5238095238095238,0.04761904761904767,40-60,coin_flip,dog_3_to_7,low_total_<42,1.9090909090909092,1.9090909090909092,-1.0,0.9090909090909092
2024-09-22T16:30:00Z,2024-09-22T16:25:38Z,2024-09-22T16:20:38Z,2024-09-22T16:30:38Z,200c20527d1d6f44257155548cdac1e8,americanfootball_nfl,2024-09-22 17:00:00+00:00,Cleveland Browns,New York Giants,fanduel,FanDuel,2024-09-22T16:24:22Z,player_rush_yds,2024-09-22T16:26:03Z,Deshaun Watson,21.5,-110.0,-110,2024-09-22,CLE,NYG,deshaun watson,2024,3,Deshaun Watson,CLE,QB,196.0,26.0,0.0,0.0,26.0,1,False,-6.5,6.5,38.0,True,False,-6.5,6.5,False,True,False,22.25,2024,3,26.0,4.5,True,False,0.5238095238095238,0.5238095238095238,0.04761904761904767,20-40,coin_flip,dog_3_to_7,low_total_<42,1.9090909090909092,1.9090909090909092,0.9090909090909092,-1.0
2024-09-22T16:30:00Z,2024-09-22T16:25:38Z,2024-09-22T16:20:38Z,2024-09-22T16:30:38Z,200c20527d1d6f44257155548cdac1e8,americanfootball_nfl,2024-09-22 17:00:00+00:00,Cleveland Browns,New York Giants,fanduel,FanDuel,2024-09-22T16:24:22Z,player_rush_yds,2024-09-22T16:26:03Z,Jerome Ford,48.5,-110.0,-110,2024-09-22,CLE,NYG,jerome ford,2024,3,Jerome Ford,CLE,RB,0.0,37.0,33.0,3.0,37.0,0,False,-6.5,6.5,38.0,True,False,-6.5,6.5,False,True,False,22.25,2024,3,37.0,-11.5,False,True,0.5238095238095238,0.5238095238095238,0.04761904761904767,40-60,coin_flip,dog_3_to_7,low_total_<42,1.9090909090909092,1.9090909090909092,-1.0,0.9090909090909092
2024-09-22T16:30:00Z,2024-09-22T16:25:38Z,2024-09-22T16:20:38Z,2024-09-22T16:30:38Z,200c20527d1d6f44257155548cdac1e8,americanfootball_nfl,2024-09-22 17:00:00+00:00,Cleveland Browns,New York Giants,fanduel,FanDuel,2024-09-22T16:24:22Z,player_rush_yds,2024-09-22T16:26:03Z,Daniel Jones,28.5,-110.0,-110,2024-09-22,CLE,NYG,daniel jones,2024,3,Daniel Jones,NYG,QB,236.0,20.0,0.0,0.0,20.0,0,False,-6.5,6.5,38.0,False,True,6.5,-6.5,True,False,False,15.75,2024,3,20.0,-8.5,False,True,0.5238095238095238,0.5238095238095238,0.04761904761904767,20-40,coin_flip,favorite_3_to_7,low_total_<42,1.9090909090909092,1.9090909090909092,-1.0,0.9090909090909092
2024-09-22T16:30:00Z,2024-09-22T16:25:38Z,2024-09-22T16:20:38Z,2024-09-22T16:30:38Z,200c20527d1d6f44257155548cdac1e8,americanfootball_nfl,2024-09-22 17:00:00+00:00,Cleveland Browns,New York Giants,fanduel,FanDuel,2024-09-22T16:24:22Z,player_rush_yds,2024-09-22T16:26:03Z,Devin Singletary,56.5,-110.0,-110,2024-09-22,CLE,NYG,devin singletary,2024,3,Devin Singletary,NYG,RB,0.0,65.0,43.0,4.0,65.0,1,False,-6.5,6.5,38.0,False,True,6.5,-6.5,True,False,False,15.75,2024,3,65.0,8.5,True,False,0.5238095238095238,0.5238095238095238,0.04761904761904767,40-60,coin_flip,favorite_3_to_7,low_total_<42,1.9090909090909092,1.9090909090909092,0.9090909090909092,-1.0
2024-09-22T16:30:00Z,2024-09-22T16:25:38Z,2024-09-22T16:20:38Z,2024-09-22T16:30:38Z,8b6897f314b84276526a4ba371d67e20,americanfootball_nfl,2024-09-22 17:00:00+00:00,Tampa Bay Buccaneers,Denver Broncos,fanduel,FanDuel,2024-09-22T16:24:22Z,player_rush_yds,2024-09-22T16:25:24Z,Jaleel McLaughlin,23.5,-110.0,-110,2024-09-22,TB,DEN,jaleel mclaughlin,2024,3,Jaleel McLaughlin,DEN,RB,0.0,7.0,7.0,1.0,7.0,0,False,-6.0,6.0,40.5,False,True,6.0,-6.0,True,False,False,17.25,2024,3,7.0,-16.5,False,True,0.5238095238095238,0.5238095238095238,0.04761904761904767,20-40,coin_flip,favorite_3_to_7,low_total_<42,1.9090909090909092,1.9090909090909092,-1.0,0.9090909090909092
2024-09-22T16:30:00Z,2024-09-22T16:25:38Z,2024-09-22T16:20:38Z,2024-09-22T16:30:38Z,8b6897f314b84276526a4ba371d67e20,americanfootball_nfl,2024-09-22 17:00:00+00:00,Tampa Bay Buccaneers,Denver Broncos,fanduel,FanDuel,2024-09-22T16:24:22Z,player_rush_yds,2024-09-22T16:25:24Z,Bo Nix,19.5,-110.0,-110,2024-09-22,TB,DEN,bo nix,2024,3,Bo Nix,DEN,QB,216.0,47.0,0.0,0.0,47.0,1,False,-6.0,6.0,40.5,False,True,6.0,-6.0,True,False,False,17.25,2024,3,47.0,27.5,True,False,0.5238095238095238,0.5238095238095238,0.04761904761904767,<20,coin_flip,favorite_3_to_7,low_total_<42,1.9090909090909092,1.9090909090909092,0.9090909090909092,-1.0
2024-09-22T16:30:00Z,2024-09-22T16:25:38Z,2024-09-22T16:20:38Z,2024-09-22T16:30:38Z,8b6897f314b84276526a4ba371d67e20,americanfootball_nfl,2024-09-22 17:00:00+00:00,Tampa Bay Buccaneers,Denver Broncos,fanduel,FanDuel,2024-09-22T16:24:22Z,player_rush_yds,2024-09-22T16:25:24Z,Baker Mayfield,10.5,-110.0,-110,2024-09-22,TB,DEN,baker mayfield,2024,3,Baker Mayfield,TB,QB,163.0,0.0,0.0,0.0,0.0,0,False,-6.0,6.0,40.5,True,False,-6.0,6.0,False,True,False,23.25,2024,3,0.0,-10.5,False,True,0.5238095238095238,0.5238095238095238,0.04761904761904767,<20,coin_flip,dog_3_to_7,low_total_<42,1.9090909090909092,1.9090909090909092,-1.0,0.9090909090909092
2024-09-22T16:30:00Z,2024-09-22T16:25:38Z,2024-09-22T16:20:38Z,2024-09-22T16:30:38Z,8b6897f314b84276526a4ba371d67e20,americanfootball_nfl,2024-09-22 17:00:00+00:00,Tampa Bay Buccaneers,Denver Broncos,fanduel,FanDuel,2024-09-22T16:24:22Z,player_rush_yds,2024-09-22T16:25:24Z,Rachaad White,48.5,-110.0,-110,2024-09-22,TB,DEN,rachaad white,2024,3,Rachaad White,TB,RB,0.0,17.0,18.0,5.0,17.0,0,False,-6.0,6.0,40.5,True,False,-6.0,6.0,False,True,False,23.25,2024,3,17.0,-31.5,False,True,0.5238095238095238,0.5238095238095238,0.04761904761904767,40-60,coin_flip,dog_3_to_7,low_total_<42,1.9090909090909092,1.9090909090909092,-1.0,0.9090909090909092
2024-09-22T16:30:00Z,2024-09-22T16:25:38Z,2024-09-22T16:20:38Z,2024-09-22T16:30:38Z,8b6897f314b84276526a4ba371d67e20,americanfootball_nfl,2024-09-22 17:00:00+00:00,Tampa Bay Buccaneers,Denver Broncos,fanduel,FanDuel,2024-09-22T16:24:22Z,player_rush_yds,2024-09-22T16:25:24Z,Javonte Williams,45.5,-110.0,-110,2024-09-22,TB,DEN,javonte williams,2024,3,Javonte Williams,DEN,RB,0.0,12.0,29.0,4.0,12.0,0,False,-6.0,6.0,40.5,False,True,6.0,-6.0,True,False,False,17.25,2024,3,12.0,-33.5,False,True,0.5238095238095238,0.5238095238095238,0.04761904761904767,40-60,coin_flip,favorite_3_to_7,low_total_<42,1.9090909090909092,1.9090909090909092,-1.0,0.9090909090909092
2024-09-22T16:30:00Z,2024-09-22T16:25:38Z,2024-09-22T16:20:38Z,2024-09-22T16:30:38Z,8b6897f314b84276526a4ba371d67e20,americanfootball_nfl,2024-09-22 17:00:00+00:00,Tampa Bay Buccaneers,Denver Broncos,fanduel,FanDuel,2024-09-22T16:24:22Z,player_rush_yds,2024-09-22T16:25:24Z,Bucky Irving,32.5,-110.0,-110,2024-09-22,TB,DEN,bucky irving,2024,3,Bucky Irving,TB,RB,0.0,70.0,14.0,3.0,70.0,1,False,-6.0,6.0,40.5,True,False,-6.0,6.0,False,True,False,23.25,2024,3,70.0,37.5,True,False,0.5238095238095238,0.5238095238095238,0.04761904761904767,20-40,coin_flip,dog_3_to_7,low_total_<42,1.9090909090909092,1.9090909090909092,0.9090909090909092,-1.0
2024-09-22T16:30:00Z,2024-09-22T16:25:38Z,2024-09-22T16:20:38Z,2024-09-22T16:30:38Z,81cee90c26bf0ec45c3bc946b8143e19,americanfootball_nfl,2024-09-22 17:00:00+00:00,Tennessee Titans,Green Bay Packers,fanduel,FanDuel,2024-09-22T16:24:22Z,player_rush_yds,2024-09-22T16:25:31Z,Malik Willis,32.5,-110.0,-110,2024-09-22,TEN,GB,malik willis,2024,3,Malik Willis,GB,QB,202.0,73.0,0.0,0.0,73.0,1,False,-3.0,3.0,37.0,False,True,3.0,-3.0,True,False,False,17.0,2024,3,73.0,40.5,True,False,0.5238095238095238,0.5238095238095238,0.04761904761904767,20-40,coin_flip,favorite_0_to_3,low_total_<42,1.9090909090909092,1.9090909090909092,0.9090909090909092,-1.0
2024-09-22T16:30:00Z,2024-09-22T16:25:38Z,2024-09-22T16:20:38Z,2024-09-22T16:30:38Z,81cee90c26bf0ec45c3bc946b8143e19,americanfootball_nfl,2024-09-22 17:00:00+00:00,Tennessee Titans,Green Bay Packers,fanduel,FanDuel,2024-09-22T16:24:22Z,player_rush_yds,2024-09-22T16:25:31Z,Emanuel Wilson,17.5,-110.0,-110,2024-09-22,TEN,GB,emanuel wilson,2024,3,Emanuel Wilson,GB,RB,0.0,50.0,35.0,2.0,50.0,1,False,-3.0,3.0,37.0,False,True,3.0,-3.0,True,False,False,17.0,2024,3,50.0,32.5,True,False,0.5238095238095238,0.5238095238095238,0.04761904761904767,<20,coin_flip,favorite_0_to_3,low_total_<42,1.9090909090909092,1.9090909090909092,0.9090909090909092,-1.0
2024-09-22T16:30:00Z,2024-09-22T16:25:38Z,2024-09-22T16:20:38Z,2024-09-22T16:30:38Z,81cee90c26bf0ec45c3bc946b8143e19,americanfootball_nfl,2024-09-22 17:00:00+00:00,Tennessee Titans,Green Bay Packers,fanduel,FanDuel,2024-09-22T16:24:22Z,player_rush_yds,2024-09-22T16:25:31Z,Tony Pollard,62.5,-110.0,-110,2024-09-22,TEN,GB,tony pollard,2024,3,Tony Pollard,TEN,RB,0.0,14.0,15.0,3.0,14.0,0,False,-3.0,3.0,37.0,True,False,-3.0,3.0,False,True,False,20.0,2024,3,14.0,-48.5,False,True,0.5238095238095238,0.5238095238095238,0.04761904761904767,60-80,coin_flip,dog_0_to_3,low_total_<42,1.9090909090909092,1.9090909090909092,-1.0,0.9090909090909092
2024-09-22T16:30:00Z,2024-09-22T16:25:38Z,2024-09-22T16:20:38Z,2024-09-22T16:30:38Z,81cee90c26bf0ec45c3bc946b8143e19,americanfootball_nfl,2024-09-22 17:00:00+00:00,Tennessee Titans,Green Bay Packers,fanduel,FanDuel,2024-09-22T16:24:22Z,player_rush_yds,2024-09-22T16:25:31Z,Tyjae Spears,27.5,-110.0,-110,2024-09-22,TEN,GB,tyjae spears,2024,3,Tyjae Spears,TEN,RB,0.0,7.0,54.0,4.0,7.0,0,False,-3.0,3.0,37.0,True,False,-3.0,3.0,False,True,False,20.0,2024,3,7.0,-20.5,False,True,0.5238095238095238,0.5238095238095238,0.04761904761904767,20-40,coin_flip,dog_0_to_3,low_total_<42,1.9090909090909092,1.9090909090909092,-1.0,0.9090909090909092
2024-09-22T16:30:00Z,2024-09-22T16:25:38Z,2024-09-22T16:20:38Z,2024-09-22T16:30:38Z,81cee90c26bf0ec45c3bc946b8143e19,americanfootball_nfl,2024-09-22 17:00:00+00:00,Tennessee Titans,Green Bay Packers,fanduel,FanDuel,2024-09-22T16:24:22Z,player_rush_yds,2024-09-22T16:25:31Z,Josh Jacobs,74.5,-110.0,-110,2024-09-22,TEN,GB,josh jacobs,2024,3,Josh Jacobs,GB,RB,0.0,43.0,5.0,1.0,43.0,0,False,-3.0,3.0,37.0,False,True,3.0,-3.0,True,False,False,17.0,2024,3,43.0,-31.5,False,True,0.5238095238095238,0.5238095238095238,0.04761904761904767,60-80,coin_flip,favorite_0_to_3,low_total_<42,1.9090909090909092,1.9090909090909092,-1.0,0.9090909090909092
2024-09-22T16:30:00Z,2024-09-22T16:25:38Z,2024-09-22T16:20:38Z,2024-09-22T16:30:38Z,81cee90c26bf0ec45c3bc946b8143e19,americanfootball_nfl,2024-09-22 17:00:00+00:00,Tennessee Titans,Green Bay Packers,fanduel,FanDuel,2024-09-22T16:24:22Z,player_rush_yds,2024-09-22T16:25:31Z,Will Levis,12.5,-110.0,-110,2024-09-22,TEN,GB,will levis,2024,3,Will Levis,TEN,QB,260.0,12.0,0.0,0.0,12.0,0,False,-3.0,3.0,37.0,True,False,-3.0,3.0,False,True,False,20.0,2024,3,12.0,-0.5,False,True,0.5238095238095238,0.5238095238095238,0.04761904761904767,<20,coin_flip,dog_0_to_3,low_total_<42,1.9090909090909092,1.9090909090909092,-1.0,0.9090909090909092
2024-09-22T16:30:00Z,2024-09-22T16:25:38Z,2024-09-22T16:20:38Z,2024-09-22T16:30:38Z,fc293a1ac914f24cb110ed2b8250292d,americanfootball_nfl,2024-09-22 17:00:00+00:00,Minnesota Vikings,Houston Texans,fanduel,FanDuel,2024-09-22T16:24:22Z,player_rush_yds,2024-09-22T16:25:36Z,Cam Akers,58.5,-110.0,-110,2024-09-22,MIN,HOU,cam akers,2024,3,Cam Akers,HOU,RB,0.0,21.0,8.0,1.0,21.0,0,False,2.0,-2.0,46.0,False,True,-2.0,2.0,False,True,False,24.0,2024,3,21.0,-37.5,False,True,0.5238095238095238,0.5238095238095238,0.04761904761904767,40-60,coin_flip,dog_0_to_3,mid_total_42_47,1.9090909090909092,1.9090909090909092,-1.0,0.9090909090909092
2024-09-22T16:30:00Z,2024-09-22T16:25:38Z,2024-09-22T16:20:38Z,2024-09-22T16:30:38Z,fc293a1ac914f24cb110ed2b8250292d,americanfootball_nfl,2024-09-22 17:00:00+00:00,Minnesota Vikings,Houston Texans,fanduel,FanDuel,2024-09-22T16:24:22Z,player_rush_yds,2024-09-22T16:25:36Z,Aaron Jones,47.5,-110.0,-110,2024-09-22,MIN,HOU,aaron jones,2024,3,Aaron Jones,MIN,RB,0.0,102.0,46.0,5.0,102.0,1,False,2.0,-2.0,46.0,True,False,2.0,-2.0,True,False,False,22.0,2024,3,102.0,54.5,True,False,0.5238095238095238,0.5238095238095238,0.04761904761904767,40-60,coin_flip,favorite_0_to_3,mid_total_42_47,1.9090909090909092,1.9090909090909092,0.9090909090909092,-1.0
2024-09-22T16:30:00Z,2024-09-22T16:25:38Z,2024-09-22T16:20:38Z,2024-09-22T16:30:38Z,fc293a1ac914f24cb110ed2b8250292d,americanfootball_nfl,2024-09-22 17:00:00+00:00,Minnesota Vikings,Houston Texans,fanduel,FanDuel,2024-09-22T16:24:22Z,player_rush_yds,2024-09-22T16:25:36Z,Sam Darnold,12.5,-104.0,-118,2024-09-22,MIN,HOU,sam darnold,2024,3,Sam Darnold,MIN,QB,181.0,0.0,0.0,0.0,0.0,0,False,2.0,-2.0,46.0,True,False,2.0,-2.0,True,False,False,22.0,2024,3,0.0,-12.5,False,True,0.5098039215686274,0.5412844036697247,0.05108832523835227,<20,coin_flip,favorite_0_to_3,mid_total_42_47,1.9615384615384617,1.847457627118644,-1.0,0.847457627118644
2024-09-22T16:30:00Z,2024-09-22T16:25:38Z,2024-09-22T16:20:38Z,2024-09-22T16:30:38Z,fc293a1ac914f24cb110ed2b8250292d,americanfootball_nfl,2024-09-22 17:00:00+00:00,Minnesota Vikings,Houston Texans,fanduel,FanDuel,2024-09-22T16:24:22Z,player_rush_yds,2024-09-22T16:25:36Z,C.J. Stroud,6.5,-110.0,-110,2024-09-22,MIN,HOU,cj stroud,2024,3,C.J. Stroud,HOU,QB,215.0,12.0,0.0,0.0,12.0,1,False,2.0,-2.0,46.0,False,True,-2.0,2.0,False,True,False,24.0,2024,3,12.0,5.5,True,False,0.5238095238095238,0.5238095238095238,0.04761904761904767,<20,coin_flip,dog_0_to_3,mid_total_42_47,1.9090909090909092,1.9090909090909092,0.9090909090909092,-1.0
2024-09-22T16:30:00Z,2024-09-22T16:25:38Z,2024-09-22T16:20:38Z,2024-09-22T16:30:38Z,fc293a1ac914f24cb110ed2b8250292d,americanfootball_nfl,2024-09-22 17:00:00+00:00,Minnesota Vikings,Houston Texans,fanduel,FanDuel,2024-09-22T16:24:22Z,player_rush_yds,2024-09-22T16:25:36Z,Ty Chandler,33.5,-110.0,-110,2024-09-22,MIN,HOU,ty chandler,2024,3,Ty Chandler,MIN,RB,0.0,13.0,0.0,0.0,13.0,0,False,2.0,-2.0,46.0,True,False,2.0,-2.0,True,False,False,22.0,2024,3,13.0,-20.5,False,True,0.5238095238095238,0.5238095238095238,0.04761904761904767,20-40,coin_flip,favorite_0_to_3,mid_total_42_47,1.9090909090909092,1.9090909090909092,-1.0,0.9090909090909092
2024-09-22T16:30:00Z,2024-09-22T16:25:38Z,2024-09-22T16:20:38Z,2024-09-22T16:30:38Z,2ee776f967540a404694111f27822004,americanfootball_nfl,2024-09-22 17:00:00+00:00,Pittsburgh Steelers,Los Angeles Chargers,fanduel,FanDuel,2024-09-22T16:24:22Z,player_rush_yds,2024-09-22T16:25:08Z,Justin Fields,42.5,-110.0,-110,2024-09-22,PIT,LAC,justin fields,2024,3,Justin Fields,PIT,QB,245.0,6.0,0.0,0.0,6.0,0,False,-3.0,3.0,36.0,True,False,-3.0,3.0,False,True,False,19.5,2024,3,6.0,-36.5,False,True,0.5238095238095238,0.5238095238095238,0.04761904761904767,40-60,coin_flip,dog_0_to_3,low_total_<42,1.9090909090909092,1.9090909090909092,-1.0,0.9090909090909092
2024-09-22T16:30:00Z,2024-09-22T16:25:38Z,2024-09-22T16:20:38Z,2024-09-22T16:30:38Z,2ee776f967540a404694111f27822004,americanfootball_nfl,2024-09-22 17:00:00+00:00,Pittsburgh Steelers,Los Angeles Chargers,fanduel,FanDuel,2024-09-22T16:24:22Z,player_rush_yds,2024-09-22T16:25:08Z,J.K. Dobbins,55.5,-110.0,-110,2024-09-22,PIT,LAC,jk dobbins,2024,3,J.K. Dobbins,LAC,RB,0.0,44.0,10.0,3.0,44.0,0,False,-3.0,3.0,36.0,False,True,3.0,-3.0,True,False,False,16.5,2024,3,44.0,-11.5,False,True,0.5238095238095238,0.5238095238095238,0.04761904761904767,40-60,coin_flip,favorite_0_to_3,low_total_<42,1.9090909090909092,1.9090909090909092,-1.0,0.9090909090909092
2024-09-22T16:30:00Z,2024-09-22T16:25:38Z,2024-09-22T16:20:38Z,2024-09-22T16:30:38Z,2ee776f967540a404694111f27822004,americanfootball_nfl,2024-09-22 17:00:00+00:00,Pittsburgh Steelers,Los Angeles Chargers,fanduel,FanDuel,2024-09-22T16:24:22Z,player_rush_yds,2024-09-22T16:25:08Z,Najee Harris,53.5,-110.0,-110,2024-09-22,PIT,LAC,najee harris,2024,3,Najee Harris,PIT,RB,0.0,70.0,16.0,5.0,70.0,1,False,-3.0,3.0,36.0,True,False,-3.0,3.0,False,True,False,19.5,2024,3,70.0,16.5,True,False,0.5238095238095238,0.5238095238095238,0.04761904761904767,40-60,coin_flip,dog_0_to_3,low_total_<42,1.9090909090909092,1.9090909090909092,0.9090909090909092,-1.0
2024-09-22T16:30:00Z,2024-09-22T16:25:38Z,2024-09-22T16:20:38Z,2024-09-22T16:30:38Z,2ee776f967540a404694111f27822004,americanfootball_nfl,2024-09-22 17:00:00+00:00,Pittsburgh Steelers,Los Angeles Chargers,fanduel,FanDuel,2024-09-22T16:24:22Z,player_rush_yds,2024-09-22T16:25:08Z,Gus Edwards,37.5,-110.0,-110,2024-09-22,PIT,LAC,gus edwards,2024,3,Gus Edwards,LAC,RB,0.0,9.0,0.0,0.0,9.0,0,False,-3.0,3.0,36.0,False,True,3.0,-3.0,True,False,False,16.5,2024,3,9.0,-28.5,False,True,0.5238095238095238,0.5238095238095238,0.04761904761904767,20-40,coin_flip,favorite_0_to_3,low_total_<42,1.9090909090909092,1.9090909090909092,-1.0,0.9090909090909092
2024-09-22T16:30:00Z,2024-09-22T16:25:38Z,2024-09-22T16:20:38Z,2024-09-22T16:30:38Z,2ee776f967540a404694111f27822004,americanfootball_nfl,2024-09-22 17:00:00+00:00,Pittsburgh Steelers,Los Angeles Chargers,fanduel,FanDuel,2024-09-22T16:24:22Z,player_rush_yds,2024-09-22T16:25:08Z,Jaylen Warren,26.5,-110.0,-110,2024-09-22,PIT,LAC,jaylen warren,2024,3,Jaylen Warren,PIT,RB,0.0,5.0,-4.0,1.0,5.0,0,False,-3.0,3.0,36.0,True,False,-3.0,3.0,False,True,False,19.5,2024,3,5.0,-21.5,False,True,0.5238095238095238,0.5238095238095238,0.04761904761904767,20-40,coin_flip,dog_0_to_3,low_total_<42,1.9090909090909092,1.9090909090909092,-1.0,0.9090909090909092
2024-09-22T16:30:00Z,2024-09-22T16:25:38Z,2024-09-22T16:20:38Z,2024-09-22T16:30:38Z,326301fd41fe90d64929b44a2e227b23,americanfootball_nfl,2024-09-22 17:00:00+00:00,New Orleans Saints,Philadelphia Eagles,fanduel,FanDuel,2024-09-22T16:24:22Z,player_rush_yds,2024-09-22T16:25:35Z,Jamaal Williams,19.5,-110.0,-110,2024-09-22,NO,PHI,jamaal williams,2024,3,Jamaal Williams,NO,RB,0.0,-1.0,0.0,1.0,-1.0,0,False,-2.5,2.5,49.0,True,False,-2.5,2.5,False,True,False,25.75,2024,3,-1.0,-20.5,False,True,0.5238095238095238,0.5238095238095238,0.04761904761904767,<20,coin_flip,dog_0_to_3,high_total_47_plus,1.9090909090909092,1.9090909090909092,-1.0,0.9090909090909092
2024-09-22T16:30:00Z,2024-09-22T16:25:38Z,2024-09-22T16:20:38Z,2024-09-22T16:30:38Z,326301fd41fe90d64929b44a2e227b23,americanfootball_nfl,2024-09-22 17:00:00+00:00,New Orleans Saints,Philadelphia Eagles,fanduel,FanDuel,2024-09-22T16:24:22Z,player_rush_yds,2024-09-22T16:25:35Z,Jalen Hurts,42.5,-110.0,-110,2024-09-22,NO,PHI,jalen hurts,2024,3,Jalen Hurts,PHI,QB,311.0,25.0,0.0,0.0,25.0,0,False,-2.5,2.5,49.0,False,True,2.5,-2.5,True,False,False,23.25,2024,3,25.0,-17.5,False,True,0.5238095238095238,0.5238095238095238,0.04761904761904767,40-60,coin_flip,favorite_0_to_3,high_total_47_plus,1.9090909090909092,1.9090909090909092,-1.0,0.9090909090909092
2024-09-22T16:30:00Z,2024-09-22T16:25:38Z,2024-09-22T16:20:38Z,2024-09-22T16:30:38Z,326301fd41fe90d64929b44a2e227b23,americanfootball_nfl,2024-09-22 17:00:00+00:00,New Orleans Saints,Philadelphia Eagles,fanduel,FanDuel,2024-09-22T16:24:22Z,player_rush_yds,2024-09-22T16:25:35Z,Saquon Barkley,72.5,-110.0,-110,2024-09-22,NO,PHI,saquon barkley,2024,3,Saquon Barkley,PHI,RB,0.0,147.0,9.0,4.0,147.0,1,False,-2.5,2.5,49.0,False,True,2.5,-2.5,True,False,False,23.25,2024,3,147.0,74.5,True,False,0.5238095238095238,0.5238095238095238,0.04761904761904767,60-80,coin_flip,favorite_0_to_3,high_total_47_plus,1.9090909090909092,1.9090909090909092,0.9090909090909092,-1.0
2024-09-22T16:30:00Z,2024-09-22T16:25:38Z,2024-09-22T16:20:38Z,2024-09-22T16:30:38Z,326301fd41fe90d64929b44a2e227b23,americanfootball_nfl,2024-09-22 17:00:00+00:00,New Orleans Saints,Philadelphia Eagles,fanduel,FanDuel,2024-09-22T16:24:22Z,player_rush_yds,2024-09-22T16:25:35Z,Alvin Kamara,70.5,-110.0,-110,2024-09-22,NO,PHI,alvin kamara,2024,3,Alvin Kamara,NO,RB,0.0,87.0,40.0,3.0,87.0,1,False,-2.5,2.5,49.0,True,False,-2.5,2.5,False,True,False,25.75,2024,3,87.0,16.5,True,False,0.5238095238095238,0.5238095238095238,0.04761904761904767,60-80,coin_flip,dog_0_to_3,high_total_47_plus,1.9090909090909092,1.9090909090909092,0.9090909090909092,-1.0
2024-09-22T19:35:00Z,2024-09-22T19:30:38Z,2024-09-22T19:25:37Z,2024-09-22T19:35:38Z,49397bc00cf6d5e50f0a943538f1b00d,americanfootball_nfl,2024-09-22 20:07:00+00:00,Las Vegas Raiders,Carolina Panthers,fanduel,FanDuel,2024-09-22T19:29:48Z,player_rush_yds,2024-09-22T19:30:30Z,Gardner Minshew,5.5,-110.0,-110,2024-09-22,LV,CAR,gardner minshew,2024,3,Gardner Minshew,LV,QB,214.0,14.0,0.0,0.0,14.0,1,False,-5.5,5.5,40.0,True,False,-5.5,5.5,False,True,False,22.75,2024,3,14.0,8.5,True,False,0.5238095238095238,0.5238095238095238,0.04761904761904767,<20,coin_flip,dog_3_to_7,low_total_<42,1.9090909090909092,1.9090909090909092,0.9090909090909092,-1.0
2024-09-22T19:35:00Z,2024-09-22T19:30:38Z,2024-09-22T19:25:37Z,2024-09-22T19:35:38Z,49397bc00cf6d5e50f0a943538f1b00d,americanfootball_nfl,2024-09-22 20:07:00+00:00,Las Vegas Raiders,Carolina Panthers,fanduel,FanDuel,2024-09-22T19:29:48Z,player_rush_yds,2024-09-22T19:30:30Z,Chuba Hubbard,53.5,-110.0,-110,2024-09-22,LV,CAR,chuba hubbard,2024,3,Chuba Hubbard,CAR,RB,0.0,114.0,55.0,5.0,114.0,1,False,-5.5,5.5,40.0,False,True,5.5,-5.5,True,False,False,17.25,2024,3,114.0,60.5,True,False,0.5238095238095238,0.5238095238095238,0.04761904761904767,40-60,coin_flip,favorite_3_to_7,low_total_<42,1.9090909090909092,1.9090909090909092,0.9090909090909092,-1.0
2024-09-22T19:35:00Z,2024-09-22T19:30:38Z,2024-09-22T19:25:37Z,2024-09-22T19:35:38Z,49397bc00cf6d5e50f0a943538f1b00d,americanfootball_nfl,2024-09-22 20:07:00+00:00,Las Vegas Raiders,Carolina Panthers,fanduel,FanDuel,2024-09-22T19:29:48Z,player_rush_yds,2024-09-22T19:30:30Z,Alexander Mattison,22.5,-110.0,-110,2024-09-22,LV,CAR,alexander mattison,2024,3,Alexander Mattison,LV,RB,0.0,7.0,37.0,3.0,7.0,0,False,-5.5,5.5,40.0,True,False,-5.5,5.5,False,True,False,22.75,2024,3,7.0,-15.5,False,True,0.5238095238095238,0.5238095238095238,0.04761904761904767,20-40,coin_flip,dog_3_to_7,low_total_<42,1.9090909090909092,1.9090909090909092,-1.0,0.9090909090909092
2024-09-22T19:35:00Z,2024-09-22T19:30:38Z,2024-09-22T19:25:37Z,2024-09-22T19:35:38Z,49397bc00cf6d5e50f0a943538f1b00d,americanfootball_nfl,2024-09-22 20:07:00+00:00,Las Vegas Raiders,Carolina Panthers,fanduel,FanDuel,2024-09-22T19:29:48Z,player_rush_yds,2024-09-22T19:30:30Z,Zamir White,62.5,-110.0,-110,2024-09-22,LV,CAR,zamir white,2024,3,Zamir White,LV,RB,0.0,34.0,0.0,0.0,34.0,0,False,-5.5,5.5,40.0,True,False,-5.5,5.5,False,True,False,22.75,2024,3,34.0,-28.5,False,True,0.5238095238095238,0.5238095238095238,0.04761904761904767,60-80,coin_flip,dog_3_to_7,low_total_<42,1.9090909090909092,1.9090909090909092,-1.0,0.9090909090909092
2024-09-22T19:35:00Z,2024-09-22T19:30:38Z,2024-09-22T19:25:37Z,2024-09-22T19:35:38Z,49397bc00cf6d5e50f0a943538f1b00d,americanfootball_nfl,2024-09-22 20:07:00+00:00,Las Vegas Raiders,Carolina Panthers,fanduel,FanDuel,2024-09-22T19:29:48Z,player_rush_yds,2024-09-22T19:30:30Z,Miles Sanders,24.5,-110.0,-110,2024-09-22,LV,CAR,miles sanders,2024,3,Miles Sanders,CAR,RB,0.0,17.0,13.0,2.0,17.0,0,False,-5.5,5.5,40.0,False,True,5.5,-5.5,True,False,False,17.25,2024,3,17.0,-7.5,False,True,0.5238095238095238,0.5238095238095238,0.04761904761904767,20-40,coin_flip,favorite_3_to_7,low_total_<42,1.9090909090909092,1.9090909090909092,-1.0,0.9090909090909092
2024-09-22T19:35:00Z,2024-09-22T19:30:38Z,2024-09-22T19:25:37Z,2024-09-22T19:35:38Z,acc41dc7aeae8f8db0604c743213916c,americanfootball_nfl,2024-09-22 20:07:00+00:00,Seattle Seahawks,Miami Dolphins,fanduel,FanDuel,2024-09-22T19:29:48Z,player_rush_yds,2024-09-22T19:29:45Z,Geno Smith,8.5,-110.0,-110,2024-09-22,SEA,MIA,geno smith,2024,3,Geno Smith,SEA,QB,289.0,-2.0,0.0,0.0,-2.0,0,False,-4.0,4.0,41.5,True,False,-4.0,4.0,False,True,False,22.75,2024,3,-2.0,-10.5,False,True,0.5238095238095238,0.5238095238095238,0.04761904761904767,<20,coin_flip,dog_3_to_7,low_total_<42,1.9090909090909092,1.9090909090909092,-1.0,0.9090909090909092
2024-09-22T19:35:00Z,2024-09-22T19:30:38Z,2024-09-22T19:25:37Z,2024-09-22T19:35:38Z,acc41dc7aeae8f8db0604c743213916c,americanfootball_nfl,2024-09-22 20:07:00+00:00,Seattle Seahawks,Miami Dolphins,fanduel,FanDuel,2024-09-22T19:29:48Z,player_rush_yds,2024-09-22T19:29:45Z,Zach Charbonnet,69.5,-110.0,-110,2024-09-22,SEA,MIA,zach charbonnet,2024,3,Zach Charbonnet,SEA,RB,0.0,91.0,16.0,3.0,91.0,1,False,-4.0,4.0,41.5,True,False,-4.0,4.0,False,True,False,22.75,2024,3,91.0,21.5,True,False,0.5238095238095238,0.5238095238095238,0.04761904761904767,60-80,coin_flip,dog_3_to_7,low_total_<42,1.9090909090909092,1.9090909090909092,0.9090909090909092,-1.0
2024-09-22T19:35:00Z,2024-09-22T19:30:38Z,2024-09-22T19:25:37Z,2024-09-22T19:35:38Z,acc41dc7aeae8f8db0604c743213916c,americanfootball_nfl,2024-09-22 20:07:00+00:00,Seattle Seahawks,Miami Dolphins,fanduel,FanDuel,2024-09-22T19:29:48Z,player_rush_yds,2024-09-22T19:29:45Z,De'Von Achane,72.5,-110.0,-110,2024-09-22,SEA,MIA,devon achane,2024,3,Devon Achane,MIA,RB,0.0,30.0,28.0,3.0,30.0,0,False,-4.0,4.0,41.5,False,True,4.0,-4.0,True,False,False,18.75,2024,3,30.0,-42.5,False,True,0.5238095238095238,0.5238095238095238,0.04761904761904767,60-80,coin_flip,favorite_3_to_7,low_total_<42,1.9090909090909092,1.9090909090909092,-1.0,0.9090909090909092
2024-09-22T19:35:00Z,2024-09-22T19:30:38Z,2024-09-22T19:25:37Z,2024-09-22T19:35:38Z,acc41dc7aeae8f8db0604c743213916c,americanfootball_nfl,2024-09-22 20:07:00+00:00,Seattle Seahawks,Miami Dolphins,fanduel,FanDuel,2024-09-22T19:29:48Z,player_rush_yds,2024-09-22T19:29:45Z,Skylar Thompson,6.5,-110.0,-110,2024-09-22,SEA,MIA,skylar thompson,2024,3,Skylar Thompson,MIA,QB,107.0,0.0,0.0,0.0,0.0,0,False,-4.0,4.0,41.5,False,True,4.0,-4.0,True,False,False,18.75,2024,3,0.0,-6.5,False,True,0.5238095238095238,0.5238095238095238,0.04761904761904767,<20,coin_flip,favorite_3_to_7,low_total_<42,1.9090909090909092,1.9090909090909092,-1.0,0.9090909090909092
2024-09-22T19:55:00Z,2024-09-22T19:50:37Z,2024-09-22T19:45:38Z,2024-09-22T19:55:38Z,e61fbdc294fce579705fa0ed6de85ce2,americanfootball_nfl,2024-09-22 20:27:00+00:00,Arizona Cardinals,Detroit Lions,fanduel,FanDuel,2024-09-22T19:49:12Z,player_rush_yds,2024-09-22T19:50:00Z,David Montgomery,56.5,-110.0,-110,2024-09-22,ARI,DET,david montgomery,2024,3,David Montgomery,DET,RB,0.0,105.0,17.0,3.0,105.0,1,False,3.0,-3.0,51.5,False,True,-3.0,3.0,False,True,False,27.25,2024,3,105.0,48.5,True,False,0.5238095238095238,0.5238095238095238,0.04761904761904767,40-60,coin_flip,dog_0_to_3,high_total_47_plus,1.9090909090909092,1.9090909090909092,0.9090909090909092,-1.0
2024-09-22T19:55:00Z,2024-09-22T19:50:37Z,2024-09-22T19:45:38Z,2024-09-22T19:55:38Z,e61fbdc294fce579705fa0ed6de85ce2,americanfootball_nfl,2024-09-22 20:27:00+00:00,Arizona Cardinals,Detroit Lions,fanduel,FanDuel,2024-09-22T19:49:12Z,player_rush_yds,2024-09-22T19:50:00Z,James Conner,60.5,-110.0,-110,2024-09-22,ARI,DET,james conner,2024,3,James Conner,ARI,RB,0.0,17.0,8.0,1.0,17.0,0,False,3.0,-3.0,51.5,True,False,3.0,-3.0,True,False,False,24.25,2024,3,17.0,-43.5,False,True,0.5238095238095238,0.5238095238095238,0.04761904761904767,60-80,coin_flip,favorite_0_to_3,high_total_47_plus,1.9090909090909092,1.9090909090909092,-1.0,0.9090909090909092
2024-09-22T19:55:00Z,2024-09-22T19:50:37Z,2024-09-22T19:45:38Z,2024-09-22T19:55:38Z,e61fbdc294fce579705fa0ed6de85ce2,americanfootball_nfl,2024-09-22 20:27:00+00:00,Arizona Cardinals,Detroit Lions,fanduel,FanDuel,2024-09-22T19:49:12Z,player_rush_yds,2024-09-22T19:50:00Z,Jahmyr Gibbs,51.5,-110.0,-110,2024-09-22,ARI,DET,jahmyr gibbs,2024,3,Jahmyr Gibbs,DET,RB,0.0,83.0,0.0,0.0,83.0,1,False,3.0,-3.0,51.5,False,True,-3.0,3.0,False,True,False,27.25,2024,3,83.0,31.5,True,False,0.5238095238095238,0.5238095238095238,0.04761904761904767,40-60,coin_flip,dog_0_to_3,high_total_47_plus,1.9090909090909092,1.9090909090909092,0.9090909090909092,-1.0
2024-09-22T19:55:00Z,2024-09-22T19:50:37Z,2024-09-22T19:45:38Z,2024-09-22T19:55:38Z,e61fbdc294fce579705fa0ed6de85ce2,americanfootball_nfl,2024-09-22 20:27:00+00:00,Arizona Cardinals,Detroit Lions,fanduel,FanDuel,2024-09-22T19:49:12Z,player_rush_yds,2024-09-22T19:50:00Z,Kyler Murray,34.5,-110.0,-110,2024-09-22,ARI,DET,kyler murray,2024,3,Kyler Murray,ARI,QB,207.0,45.0,0.0,0.0,45.0,1,False,3.0,-3.0,51.5,True,False,3.0,-3.0,True,False,False,24.25,2024,3,45.0,10.5,True,False,0.5238095238095238,0.5238095238095238,0.04761904761904767,20-40,coin_flip,favorite_0_to_3,high_total_47_plus,1.9090909090909092,1.9090909090909092,0.9090909090909092,-1.0
2024-09-22T19:55:00Z,2024-09-22T19:50:37Z,2024-09-22T19:45:38Z,2024-09-22T19:55:38Z,e61fbdc294fce579705fa0ed6de85ce2,americanfootball_nfl,2024-09-22 20:27:00+00:00,Arizona Cardinals,Detroit Lions,fanduel,FanDuel,2024-09-22T19:49:12Z,player_rush_yds,2024-09-22T19:50:00Z,Trey Benson,13.5,-110.0,-110,2024-09-22,ARI,DET,trey benson,2024,3,Trey Benson,ARI,RB,0.0,8.0,0.0,0.0,8.0,0,False,3.0,-3.0,51.5,True,False,3.0,-3.0,True,False,False,24.25,2024,3,8.0,-5.5,False,True,0.5238095238095238,0.5238095238095238,0.04761904761904767,<20,coin_flip,favorite_0_to_3,high_total_47_plus,1.9090909090909092,1.9090909090909092,-1.0,0.9090909090909092
2024-09-22T19:55:00Z,2024-09-22T19:50:37Z,2024-09-22T19:45:38Z,2024-09-22T19:55:38Z,cd904fbb09c5130b857595217364bb07,americanfootball_nfl,2024-09-22 20:27:00+00:00,Dallas Cowboys,Baltimore Ravens,fanduel,FanDuel,2024-09-22T19:49:12Z,player_rush_yds,2024-09-22T19:50:10Z,Rico Dowdle,28.5,-110.0,-110,2024-09-22,DAL,BAL,rico dowdle,2024,3,Rico Dowdle,DAL,RB,0.0,32.0,24.0,3.0,32.0,1,False,1.5,-1.5,47.5,True,False,1.5,-1.5,True,False,False,23.0,2024,3,32.0,3.5,True,False,0.5238095238095238,0.5238095238095238,0.04761904761904767,20-40,coin_flip,favorite_0_to_3,high_total_47_plus,1.9090909090909092,1.9090909090909092,0.9090909090909092,-1.0
2024-09-22T19:55:00Z,2024-09-22T19:50:37Z,2024-09-22T19:45:38Z,2024-09-22T19:55:38Z,cd904fbb09c5130b857595217364bb07,americanfootball_nfl,2024-09-22 20:27:00+00:00,Dallas Cowboys,Baltimore Ravens,fanduel,FanDuel,2024-09-22T19:49:12Z,player_rush_yds,2024-09-22T19:50:10Z,Ezekiel Elliott,32.5,-110.0,-110,2024-09-22,DAL,BAL,ezekiel elliott,2024,3,Ezekiel Elliott,DAL,RB,0.0,6.0,6.0,1.0,6.0,0,False,1.5,-1.5,47.5,True,False,1.5,-1.5,True,False,False,23.0,2024,3,6.0,-26.5,False,True,0.5238095238095238,0.5238095238095238,0.04761904761904767,20-40,coin_flip,favorite_0_to_3,high_total_47_plus,1.9090909090909092,1.9090909090909092,-1.0,0.9090909090909092
2024-09-22T19:55:00Z,2024-09-22T19:50:37Z,2024-09-22T19:45:38Z,2024-09-22T19:55:38Z,cd904fbb09c5130b857595217364bb07,americanfootball_nfl,2024-09-22 20:27:00+00:00,Dallas Cowboys,Baltimore Ravens,fanduel,FanDuel,2024-09-22T19:49:12Z,player_rush_yds,2024-09-22T19:50:10Z,Dak Prescott,9.5,-110.0,-110,2024-09-22,DAL,BAL,dak prescott,2024,3,Dak Prescott,DAL,QB,379.0,7.0,0.0,0.0,7.0,0,False,1.5,-1.5,47.5,True,False,1.5,-1.5,True,False,False,23.0,2024,3,7.0,-2.5,False,True,0.5238095238095238,0.5238095238095238,0.04761904761904767,<20,coin_flip,favorite_0_to_3,high_total_47_plus,1.9090909090909092,1.9090909090909092,-1.0,0.9090909090909092
2024-09-22T19:55:00Z,2024-09-22T19:50:37Z,2024-09-22T19:45:38Z,2024-09-22T19:55:38Z,cd904fbb09c5130b857595217364bb07,americanfootball_nfl,2024-09-22 20:27:00+00:00,Dallas Cowboys,Baltimore Ravens,fanduel,FanDuel,2024-09-22T19:49:12Z,player_rush_yds,2024-09-22T19:50:10Z,Derrick Henry,68.5,-110.0,-110,2024-09-22,DAL,BAL,derrick henry,2024,3,Derrick Henry,BAL,RB,0.0,151.0,23.0,1.0,151.0,1,False,1.5,-1.5,47.5,False,True,-1.5,1.5,False,True,False,24.5,2024,3,151.0,82.5,True,False,0.5238095238095238,0.5238095238095238,0.04761904761904767,60-80,coin_flip,dog_0_to_3,high_total_47_plus,1.9090909090909092,1.9090909090909092,0.9090909090909092,-1.0
2024-09-22T19:55:00Z,2024-09-22T19:50:37Z,2024-09-22T19:45:38Z,2024-09-22T19:55:38Z,cd904fbb09c5130b857595217364bb07,americanfootball_nfl,2024-09-22 20:27:00+00:00,Dallas Cowboys,Baltimore Ravens,fanduel,FanDuel,2024-09-22T19:49:12Z,player_rush_yds,2024-09-22T19:50:10Z,Justice Hill,10.5,-110.0,-110,2024-09-22,DAL,BAL,justice hill,2024,3,Justice Hill,BAL,RB,0.0,33.0,21.0,2.0,33.0,1,False,1.5,-1.5,47.5,False,True,-1.5,1.5,False,True,False,24.5,2024,3,33.0,22.5,True,False,0.5238095238095238,0.5238095238095238,0.04761904761904767,<20,coin_flip,dog_0_to_3,high_total_47_plus,1.9090909090909092,1.9090909090909092,0.9090909090909092,-1.0
2024-09-22T19:55:00Z,2024-09-22T19:50:37Z,2024-09-22T19:45:38Z,2024-09-22T19:55:38Z,cd904fbb09c5130b857595217364bb07,americanfootball_nfl,2024-09-22 20:27:00+00:00,Dallas Cowboys,Baltimore Ravens,fanduel,FanDuel,2024-09-22T19:49:12Z,player_rush_yds,2024-09-22T19:50:10Z,Lamar Jackson,55.5,-110.0,-110,2024-09-22,DAL,BAL,lamar jackson,2024,3,Lamar Jackson,BAL,QB,182.0,87.0,0.0,0.0,87.0,1,False,1.5,-1.5,47.5,False,True,-1.5,1.5,False,True,False,24.5,2024,3,87.0,31.5,True,False,0.5238095238095238,0.5238095238095238,0.04761904761904767,40-60,coin_flip,dog_0_to_3,high_total_47_plus,1.9090909090909092,1.9090909090909092,0.9090909090909092,-1.0
2024-09-22T19:55:00Z,2024-09-22T19:50:37Z,2024-09-22T19:45:38Z,2024-09-22T19:55:38Z,f89d2da2d1b692de14ddf77e186cc5c7,americanfootball_nfl,2024-09-22 20:27:00+00:00,Los Angeles Rams,San Francisco 49ers,fanduel,FanDuel,2024-09-22T19:49:12Z,player_rush_yds,2024-09-22T19:50:34Z,Brock Purdy,9.5,-105.0,-115,2024-09-22,LAR,SF,brock purdy,2024,3,Brock Purdy,SF,QB,292.0,41.0,0.0,0.0,41.0,1,False,6.0,-6.0,44.5,False,True,-6.0,6.0,False,True,False,25.25,2024,3,41.0,31.5,True,False,0.5121951219512195,0.5348837209302325,0.04707884288145214,<20,coin_flip,dog_3_to_7,mid_total_42_47,1.9523809523809523,1.8695652173913042,0.9523809523809523,-1.0
2024-09-22T19:55:00Z,2024-09-22T19:50:37Z,2024-09-22T19:45:38Z,2024-09-22T19:55:38Z,f89d2da2d1b692de14ddf77e186cc5c7,americanfootball_nfl,2024-09-22 20:27:00+00:00,Los Angeles Rams,San Francisco 49ers,fanduel,FanDuel,2024-09-22T19:49:12Z,player_rush_yds,2024-09-22T19:50:34Z,Kyren Williams,61.5,-110.0,-110,2024-09-22,LAR,SF,kyren williams,2024,3,Kyren Williams,LAR,RB,0.0,89.0,27.0,2.0,89.0,1,False,6.0,-6.0,44.5,True,False,6.0,-6.0,True,False,False,19.25,2024,3,89.0,27.5,True,False,0.5238095238095238,0.5238095238095238,0.04761904761904767,60-80,coin_flip,favorite_3_to_7,mid_total_42_47,1.9090909090909092,1.9090909090909092,0.9090909090909092,-1.0
2024-09-22T19:55:00Z,2024-09-22T19:50:37Z,2024-09-22T19:45:38Z,2024-09-22T19:55:38Z,f89d2da2d1b692de14ddf77e186cc5c7,americanfootball_nfl,2024-09-22 20:27:00+00:00,Los Angeles Rams,San Francisco 49ers,fanduel,FanDuel,2024-09-22T19:49:12Z,player_rush_yds,2024-09-22T19:50:34Z,Jordan Mason,94.5,-110.0,-110,2024-09-22,LAR,SF,jordan mason,2024,3,Jordan Mason,SF,RB,0.0,77.0,11.0,2.0,77.0,0,False,6.0,-6.0,44.5,False,True,-6.0,6.0,False,True,False,25.25,2024,3,77.0,-17.5,False,True,0.5238095238095238,0.5238095238095238,0.04761904761904767,80+,coin_flip,dog_3_to_7,mid_total_42_47,1.9090909090909092,1.9090909090909092,-1.0,0.9090909090909092
2024-09-22T23:50:00Z,2024-09-22T23:45:38Z,2024-09-22T23:40:38Z,2024-09-22T23:50:38Z,bd907bcbaaefa56a30c4fa2c57281a51,americanfootball_nfl,2024-09-23 00:20:00+00:00,Atlanta Falcons,Kansas City Chiefs,fanduel,FanDuel,2024-09-22T23:45:27Z,player_rush_yds,2024-09-22T23:45:37Z,Tyler Allgeier,26.5,-110.0,-110,2024-09-22,ATL,KC,tyler allgeier,2024,3,Tyler Allgeier,ATL,RB,0.0,32.0,0.0,0.0,32.0,1,False,3.0,-3.0,46.0,True,False,3.0,-3.0,True,False,False,21.5,2024,3,32.0,5.5,True,False,0.5238095238095238,0.5238095238095238,0.04761904761904767,20-40,coin_flip,favorite_0_to_3,mid_total_42_47,1.9090909090909092,1.9090909090909092,0.9090909090909092,-1.0
2024-09-22T23:50:00Z,2024-09-22T23:45:38Z,2024-09-22T23:40:38Z,2024-09-22T23:50:38Z,bd907bcbaaefa56a30c4fa2c57281a51,americanfootball_nfl,2024-09-23 00:20:00+00:00,Atlanta Falcons,Kansas City Chiefs,fanduel,FanDuel,2024-09-22T23:45:27Z,player_rush_yds,2024-09-22T23:45:37Z,Carson Steele,48.5,-110.0,-110,2024-09-22,ATL,KC,carson steele,2024,3,Carson Steele,KC,RB,0.0,72.0,2.0,1.0,72.0,1,False,3.0,-3.0,46.0,False,True,-3.0,3.0,False,True,False,24.5,2024,3,72.0,23.5,True,False,0.5238095238095238,0.5238095238095238,0.04761904761904767,40-60,coin_flip,dog_0_to_3,mid_total_42_47,1.9090909090909092,1.9090909090909092,0.9090909090909092,-1.0
2024-09-22T23:50:00Z,2024-09-22T23:45:38Z,2024-09-22T23:40:38Z,2024-09-22T23:50:38Z,bd907bcbaaefa56a30c4fa2c57281a51,americanfootball_nfl,2024-09-23 00:20:00+00:00,Atlanta Falcons,Kansas City Chiefs,fanduel,FanDuel,2024-09-22T23:45:27Z,player_rush_yds,2024-09-22T23:45:37Z,Bijan Robinson,73.5,-110.0,-110,2024-09-22,ATL,KC,bijan robinson,2024,3,Bijan Robinson,ATL,RB,0.0,31.0,21.0,2.0,31.0,0,False,3.0,-3.0,46.0,True,False,3.0,-3.0,True,False,False,21.5,2024,3,31.0,-42.5,False,True,0.5238095238095238,0.5238095238095238,0.04761904761904767,60-80,coin_flip,favorite_0_to_3,mid_total_42_47,1.9090909090909092,1.9090909090909092,-1.0,0.9090909090909092
2024-09-22T23:50:00Z,2024-09-22T23:45:38Z,2024-09-22T23:40:38Z,2024-09-22T23:50:38Z,bd907bcbaaefa56a30c4fa2c57281a51,americanfootball_nfl,2024-09-23 00:20:00+00:00,Atlanta Falcons,Kansas City Chiefs,fanduel,FanDuel,2024-09-22T23:45:27Z,player_rush_yds,2024-09-22T23:45:37Z,Samaje Perine,17.5,-110.0,-110,2024-09-22,ATL,KC,samaje perine,2024,3,Samaje Perine,KC,RB,0.0,25.0,15.0,3.0,25.0,1,False,3.0,-3.0,46.0,False,True,-3.0,3.0,False,True,False,24.5,2024,3,25.0,7.5,True,False,0.5238095238095238,0.5238095238095238,0.04761904761904767,<20,coin_flip,dog_0_to_3,mid_total_42_47,1.9090909090909092,1.9090909090909092,0.9090909090909092,-1.0
2024-09-22T23:50:00Z,2024-09-22T23:45:38Z,2024-09-22T23:40:38Z,2024-09-22T23:50:38Z,bd907bcbaaefa56a30c4fa2c57281a51,americanfootball_nfl,2024-09-23 00:20:00+00:00,Atlanta Falcons,Kansas City Chiefs,fanduel,FanDuel,2024-09-22T23:45:27Z,player_rush_yds,2024-09-22T23:45:37Z,Patrick Mahomes,18.5,-110.0,-110,2024-09-22,ATL,KC,patrick mahomes,2024,3,Patrick Mahomes,KC,QB,217.0,17.0,0.0,0.0,17.0,0,False,3.0,-3.0,46.0,False,True,-3.0,3.0,False,True,False,24.5,2024,3,17.0,-1.5,False,True,0.5238095238095238,0.5238095238095238,0.04761904761904767,<20,coin_flip,dog_0_to_3,mid_total_42_47,1.9090909090909092,1.9090909090909092,-1.0,0.9090909090909092
2024-09-23T23:00:00Z,2024-09-23T22:55:39Z,2024-09-23T22:50:38Z,2024-09-23T23:00:39Z,96be3ba73fc562e49a0120b5923c3213,americanfootball_nfl,2024-09-23 23:30:00+00:00,Buffalo Bills,Jacksonville Jaguars,fanduel,FanDuel,2024-09-23T22:54:51Z,player_rush_yds,2024-09-23T22:55:34Z,Josh Allen,33.5,-110.0,-110,2024-09-23,BUF,JAX,josh allen,2024,3,Josh Allen,BUF,QB,263.0,44.0,0.0,0.0,44.0,1,False,-4.0,4.0,46.5,True,False,-4.0,4.0,False,True,False,25.25,2024,3,44.0,10.5,True,False,0.5238095238095238,0.5238095238095238,0.04761904761904767,20-40,coin_flip,dog_3_to_7,mid_total_42_47,1.9090909090909092,1.9090909090909092,0.9090909090909092,-1.0
2024-09-23T23:00:00Z,2024-09-23T22:55:39Z,2024-09-23T22:50:38Z,2024-09-23T23:00:39Z,96be3ba73fc562e49a0120b5923c3213,americanfootball_nfl,2024-09-23 23:30:00+00:00,Buffalo Bills,Jacksonville Jaguars,fanduel,FanDuel,2024-09-23T22:54:51Z,player_rush_yds,2024-09-23T22:55:34Z,Ray Davis,15.5,-110.0,-110,2024-09-23,BUF,JAX,ray davis,2024,3,Ray Davis,BUF,RB,0.0,22.0,1.0,1.0,22.0,1,False,-4.0,4.0,46.5,True,False,-4.0,4.0,False,True,False,25.25,2024,3,22.0,6.5,True,False,0.5238095238095238,0.5238095238095238,0.04761904761904767,<20,coin_flip,dog_3_to_7,mid_total_42_47,1.9090909090909092,1.9090909090909092,0.9090909090909092,-1.0
2024-09-23T23:00:00Z,2024-09-23T22:55:39Z,2024-09-23T22:50:38Z,2024-09-23T23:00:39Z,96be3ba73fc562e49a0120b5923c3213,americanfootball_nfl,2024-09-23 23:30:00+00:00,Buffalo Bills,Jacksonville Jaguars,fanduel,FanDuel,2024-09-23T22:54:51Z,player_rush_yds,2024-09-23T22:55:34Z,Trevor Lawrence,15.5,-110.0,-110,2024-09-23,BUF,JAX,trevor lawrence,2024,3,Trevor Lawrence,JAX,QB,178.0,3.0,0.0,0.0,3.0,0,False,-4.0,4.0,46.5,False,True,4.0,-4.0,True,False,False,21.25,2024,3,3.0,-12.5,False,True,0.5238095238095238,0.5238095238095238,0.04761904761904767,<20,coin_flip,favorite_3_to_7,mid_total_42_47,1.9090909090909092,1.9090909090909092,-1.0,0.9090909090909092
2024-09-23T23:00:00Z,2024-09-23T22:55:39Z,2024-09-23T22:50:38Z,2024-09-23T23:00:39Z,96be3ba73fc562e49a0120b5923c3213,americanfootball_nfl,2024-09-23 23:30:00+00:00,Buffalo Bills,Jacksonville Jaguars,fanduel,FanDuel,2024-09-23T22:54:51Z,player_rush_yds,2024-09-23T22:55:34Z,James Cook,62.5,-110.0,-110,2024-09-23,BUF,JAX,james cook,2024,3,James Cook,BUF,RB,0.0,39.0,48.0,4.0,39.0,0,False,-4.0,4.0,46.5,True,False,-4.0,4.0,False,True,False,25.25,2024,3,39.0,-23.5,False,True,0.5238095238095238,0.5238095238095238,0.04761904761904767,60-80,coin_flip,dog_3_to_7,mid_total_42_47,1.9090909090909092,1.9090909090909092,-1.0,0.9090909090909092
2024-09-23T23:00:00Z,2024-09-23T22:55:39Z,2024-09-23T22:50:38Z,2024-09-23T23:00:39Z,96be3ba73fc562e49a0120b5923c3213,americanfootball_nfl,2024-09-23 23:30:00+00:00,Buffalo Bills,Jacksonville Jaguars,fanduel,FanDuel,2024-09-23T22:54:51Z,player_rush_yds,2024-09-23T22:55:34Z,Travis Etienne Jr.,51.5,-110.0,-110,2024-09-23,BUF,JAX,travis etienne,2024,3,Travis Etienne,JAX,RB,0.0,68.0,17.0,4.0,68.0,1,False,-4.0,4.0,46.5,False,True,4.0,-4.0,True,False,False,21.25,2024,3,68.0,16.5,True,False,0.5238095238095238,0.5238095238095238,0.04761904761904767,40-60,coin_flip,favorite_3_to_7,mid_total_42_47,1.9090909090909092,1.9090909090909092,0.9090909090909092,-1.0
2024-09-23T23:45:00Z,2024-09-23T23:40:39Z,2024-09-23T23:35:40Z,2024-09-23T23:45:38Z,8e047915fdc9b7dc77d2276e740f55d2,americanfootball_nfl,2024-09-24 00:15:00+00:00,Cincinnati Bengals,Washington Commanders,fanduel,FanDuel,2024-09-23T23:39:30Z,player_rush_yds,2024-09-23T23:40:37Z,Chase Brown,24.5,-110.0,-110,2024-09-23,CIN,WAS,chase brown,2024,3,Chase Brown,CIN,RB,0.0,62.0,7.0,2.0,62.0,1,False,-7.5,7.5,46.0,True,False,-7.5,7.5,False,True,False,26.75,2024,3,62.0,37.5,True,False,0.5238095238095238,0.5238095238095238,0.04761904761904767,20-40,coin_flip,dog_7_plus,mid_total_42_47,1.9090909090909092,1.9090909090909092,0.9090909090909092,-1.0
2024-09-23T23:45:00Z,2024-09-23T23:40:39Z,2024-09-23T23:35:40Z,2024-09-23T23:45:38Z,8e047915fdc9b7dc77d2276e740f55d2,americanfootball_nfl,2024-09-24 00:15:00+00:00,Cincinnati Bengals,Washington Commanders,fanduel,FanDuel,2024-09-23T23:39:30Z,player_rush_yds,2024-09-23T23:40:37Z,Austin Ekeler,18.5,-110.0,-110,2024-09-23,CIN,WAS,austin ekeler,2024,3,Austin Ekeler,WAS,RB,0.0,35.0,22.0,2.0,35.0,1,False,-7.5,7.5,46.0,False,True,7.5,-7.5,True,False,False,19.25,2024,3,35.0,16.5,True,False,0.5238095238095238,0.5238095238095238,0.04761904761904767,<20,coin_flip,favorite_7_plus,mid_total_42_47,1.9090909090909092,1.9090909090909092,0.9090909090909092,-1.0
2024-09-23T23:45:00Z,2024-09-23T23:40:39Z,2024-09-23T23:35:40Z,2024-09-23T23:45:38Z,8e047915fdc9b7dc77d2276e740f55d2,americanfootball_nfl,2024-09-24 00:15:00+00:00,Cincinnati Bengals,Washington Commanders,fanduel,FanDuel,2024-09-23T23:39:30Z,player_rush_yds,2024-09-23T23:40:37Z,Jayden Daniels,48.5,-110.0,-110,2024-09-23,CIN,WAS,jayden daniels,2024,3,Jayden Daniels,WAS,QB,254.0,39.0,0.0,0.0,39.0,0,False,-7.5,7.5,46.0,False,True,7.5,-7.5,True,False,False,19.25,2024,3,39.0,-9.5,False,True,0.5238095238095238,0.5238095238095238,0.04761904761904767,40-60,coin_flip,favorite_7_plus,mid_total_42_47,1.9090909090909092,1.9090909090909092,-1.0,0.9090909090909092
2024-09-23T23:45:00Z,2024-09-23T23:40:39Z,2024-09-23T23:35:40Z,2024-09-23T23:45:38Z,8e047915fdc9b7dc77d2276e740f55d2,americanfootball_nfl,2024-09-24 00:15:00+00:00,Cincinnati Bengals,Washington Commanders,fanduel,FanDuel,2024-09-23T23:39:30Z,player_rush_yds,2024-09-23T23:40:37Z,Zack Moss,48.5,-110.0,-110,2024-09-23,CIN,WAS,zack moss,2024,3,Zack Moss,CIN,RB,0.0,58.0,39.0,5.0,58.0,1,False,-7.5,7.5,46.0,True,False,-7.5,7.5,False,True,False,26.75,2024,3,58.0,9.5,True,False,0.5238095238095238,0.5238095238095238,0.04761904761904767,40-60,coin_flip,dog_7_plus,mid_total_42_47,1.9090909090909092,1.9090909090909092,0.9090909090909092,-1.0
2024-09-23T23:45:00Z,2024-09-23T23:40:39Z,2024-09-23T23:35:40Z,2024-09-23T23:45:38Z,8e047915fdc9b7dc77d2276e740f55d2,americanfootball_nfl,2024-09-24 00:15:00+00:00,Cincinnati Bengals,Washington Commanders,fanduel,FanDuel,2024-09-23T23:39:30Z,player_rush_yds,2024-09-23T23:40:37Z,Brian Robinson Jr.,55.5,-110.0,-110,2024-09-23,CIN,WAS,brian robinson,2024,3,Brian Robinson,WAS,RB,0.0,33.0,4.0,1.0,33.0,0,False,-7.5,7.5,46.0,False,True,7.5,-7.5,True,False,False,19.25,2024,3,33.0,-22.5,False,True,0.5238095238095238,0.5238095238095238,0.04761904761904767,40-60,coin_flip,favorite_7_plus,mid_total_42_47,1.9090909090909092,1.9090909090909092,-1.0,0.9090909090909092
2024-09-23T23:45:00Z,2024-09-23T23:40:39Z,2024-09-23T23:35:40Z,2024-09-23T23:45:38Z,8e047915fdc9b7dc77d2276e740f55d2,americanfootball_nfl,2024-09-24 00:15:00+00:00,Cincinnati Bengals,Washington Commanders,fanduel,FanDuel,2024-09-23T23:39:30Z,player_rush_yds,2024-09-23T23:40:37Z,Joe Burrow,10.5,-110.0,-110,2024-09-23,CIN,WAS,joe burrow,2024,3,Joe Burrow,CIN,QB,324.0,4.0,0.0,0.0,4.0,0,False,-7.5,7.5,46.0,True,False,-7.5,7.5,False,True,False,26.75,2024,3,4.0,-6.5,False,True,0.5238095238095238,0.5238095238095238,0.04761904761904767,<20,coin_flip,dog_7_plus,mid_total_42_47,1.9090909090909092,1.9090909090909092,-1.0,0.9090909090909092
2024-09-26T23:45:00Z,2024-09-26T23:40:40Z,2024-09-26T23:35:39Z,2024-09-26T23:45:39Z,b08196b0745d9e2e0bebfe8627fc5a1f,americanfootball_nfl,2024-09-27 00:15:00+00:00,New York Giants,Dallas Cowboys,fanduel,FanDuel,2024-09-26T23:40:28Z,player_rush_yds,2024-09-26T23:41:04Z,Devin Singletary,61.5,-110.0,-110,2024-09-26,NYG,DAL,devin singletary,2024,4,Devin Singletary,NYG,RB,0.0,24.0,14.0,1.0,24.0,0,False,5.5,-5.5,45.0,True,False,5.5,-5.5,True,False,False,19.75,2024,4,24.0,-37.5,False,True,0.5238095238095238,0.5238095238095238,0.04761904761904767,60-80,coin_flip,favorite_3_to_7,mid_total_42_47,1.9090909090909092,1.9090909090909092,-1.0,0.9090909090909092
2024-09-26T23:45:00Z,2024-09-26T23:40:40Z,2024-09-26T23:35:39Z,2024-09-26T23:45:39Z,b08196b0745d9e2e0bebfe8627fc5a1f,americanfootball_nfl,2024-09-27 00:15:00+00:00,New York Giants,Dallas Cowboys,fanduel,FanDuel,2024-09-26T23:40:28Z,player_rush_yds,2024-09-26T23:41:04Z,Ezekiel Elliott,24.5,-110.0,-110,2024-09-26,NYG,DAL,ezekiel elliott,2024,4,Ezekiel Elliott,DAL,RB,0.0,19.0,5.0,1.0,19.0,0,False,5.5,-5.5,45.0,False,True,-5.5,5.5,False,True,False,25.25,2024,4,19.0,-5.5,False,True,0.5238095238095238,0.5238095238095238,0.04761904761904767,20-40,coin_flip,dog_3_to_7,mid_total_42_47,1.9090909090909092,1.9090909090909092,-1.0,0.9090909090909092
2024-09-26T23:45:00Z,2024-09-26T23:40:40Z,2024-09-26T23:35:39Z,2024-09-26T23:45:39Z,b08196b0745d9e2e0bebfe8627fc5a1f,americanfootball_nfl,2024-09-27 00:15:00+00:00,New York Giants,Dallas Cowboys,fanduel,FanDuel,2024-09-26T23:40:28Z,player_rush_yds,2024-09-26T23:41:04Z,Dak Prescott,8.5,-110.0,-110,2024-09-26,NYG,DAL,dak prescott,2024,4,Dak Prescott,DAL,QB,221.0,-1.0,0.0,0.0,-1.0,0,False,5.5,-5.5,45.0,False,True,-5.5,5.5,False,True,False,25.25,2024,4,-1.0,-9.5,False,True,0.5238095238095238,0.5238095238095238,0.04761904761904767,<20,coin_flip,dog_3_to_7,mid_total_42_47,1.9090909090909092,1.9090909090909092,-1.0,0.9090909090909092
2024-09-26T23:45:00Z,2024-09-26T23:40:40Z,2024-09-26T23:35:39Z,2024-09-26T23:45:39Z,b08196b0745d9e2e0bebfe8627fc5a1f,americanfootball_nfl,2024-09-27 00:15:00+00:00,New York Giants,Dallas Cowboys,fanduel,FanDuel,2024-09-26T23:40:28Z,player_rush_yds,2024-09-26T23:41:04Z,Daniel Jones,31.5,-110.0,-110,2024-09-26,NYG,DAL,daniel jones,2024,4,Daniel Jones,NYG,QB,281.0,3.0,0.0,0.0,3.0,0,False,5.5,-5.5,45.0,True,False,5.5,-5.5,True,False,False,19.75,2024,4,3.0,-28.5,False,True,0.5238095238095238,0.5238095238095238,0.04761904761904767,20-40,coin_flip,favorite_3_to_7,mid_total_42_47,1.9090909090909092,1.9090909090909092,-1.0,0.9090909090909092
2024-09-26T23:45:00Z,2024-09-26T23:40:40Z,2024-09-26T23:35:39Z,2024-09-26T23:45:39Z,b08196b0745d9e2e0bebfe8627fc5a1f,americanfootball_nfl,2024-09-27 00:15:00+00:00,New York Giants,Dallas Cowboys,fanduel,FanDuel,2024-09-26T23:40:28Z,player_rush_yds,2024-09-26T23:41:04Z,Tyrone Tracy Jr.,12.5,-110.0,-110,2024-09-26,NYG,DAL,tyrone tracy,2024,4,Tyrone Tracy,NYG,RB,0.0,2.0,19.0,1.0,2.0,0,False,5.5,-5.5,45.0,True,False,5.5,-5.5,True,False,False,19.75,2024,4,2.0,-10.5,False,True,0.5238095238095238,0.5238095238095238,0.04761904761904767,<20,coin_flip,favorite_3_to_7,mid_total_42_47,1.9090909090909092,1.9090909090909092,-1.0,0.9090909090909092
2024-09-26T23:45:00Z,2024-09-26T23:40:40Z,2024-09-26T23:35:39Z,2024-09-26T23:45:39Z,b08196b0745d9e2e0bebfe8627fc5a1f,americanfootball_nfl,2024-09-27 00:15:00+00:00,New York Giants,Dallas Cowboys,fanduel,FanDuel,2024-09-26T23:40:28Z,player_rush_yds,2024-09-26T23:41:04Z,Rico Dowdle,41.5,-110.0,-110,2024-09-26,NYG,DAL,rico dowdle,2024,4,Rico Dowdle,DAL,RB,0.0,46.0,15.0,1.0,46.0,1,False,5.5,-5.5,45.0,False,True,-5.5,5.5,False,True,False,25.25,2024,4,46.0,4.5,True,False,0.5238095238095238,0.5238095238095238,0.04761904761904767,40-60,coin_flip,dog_3_to_7,mid_total_42_47,1.9090909090909092,1.9090909090909092,0.9090909090909092,-1.0
2024-09-29T16:30:00Z,2024-09-29T16:25:38Z,2024-09-29T16:20:38Z,2024-09-29T16:30:38Z,3858ab1dfdb4db4987218c709a51d1bf,americanfootball_nfl,2024-09-29 17:00:00+00:00,Atlanta Falcons,New Orleans Saints,fanduel,FanDuel,2024-09-29T16:24:41Z,player_rush_yds,2024-09-29T16:25:06Z,Tyler Allgeier,27.5,-110.0,-110,2024-09-29,ATL,NO,tyler allgeier,2024,4,Tyler Allgeier,ATL,RB,0.0,60.0,20.0,2.0,60.0,1,False,-2.5,2.5,41.5,True,False,-2.5,2.5,False,True,False,22.0,2024,4,60.0,32.5,True,False,0.5238095238095238,0.5238095238095238,0.04761904761904767,20-40,coin_flip,dog_0_to_3,low_total_<42,1.9090909090909092,1.9090909090909092,0.9090909090909092,-1.0
2024-09-29T16:30:00Z,2024-09-29T16:25:38Z,2024-09-29T16:20:38Z,2024-09-29T16:30:38Z,3858ab1dfdb4db4987218c709a51d1bf,americanfootball_nfl,2024-09-29 17:00:00+00:00,Atlanta Falcons,New Orleans Saints,fanduel,FanDuel,2024-09-29T16:24:41Z,player_rush_yds,2024-09-29T16:25:06Z,Bijan Robinson,70.5,-110.0,-110,2024-09-29,ATL,NO,bijan robinson,2024,4,Bijan Robinson,ATL,RB,0.0,28.0,46.0,4.0,28.0,0,False,-2.5,2.5,41.5,True,False,-2.5,2.5,False,True,False,22.0,2024,4,28.0,-42.5,False,True,0.5238095238095238,0.5238095238095238,0.04761904761904767,60-80,coin_flip,dog_0_to_3,low_total_<42,1.9090909090909092,1.9090909090909092,-1.0,0.9090909090909092
2024-09-29T16:30:00Z,2024-09-29T16:25:38Z,2024-09-29T16:20:38Z,2024-09-29T16:30:38Z,3858ab1dfdb4db4987218c709a51d1bf,americanfootball_nfl,2024-09-29 17:00:00+00:00,Atlanta Falcons,New Orleans Saints,fanduel,FanDuel,2024-09-29T16:24:41Z,player_rush_yds,2024-09-29T16:25:06Z,Taysom Hill,18.5,-110.0,-110,2024-09-29,ATL,NO,taysom hill,2024,4,Taysom Hill,NO,TE,0.0,24.0,0.0,0.0,24.0,1,False,-2.5,2.5,41.5,False,True,2.5,-2.5,True,False,False,19.5,2024,4,24.0,5.5,True,False,0.5238095238095238,0.5238095238095238,0.04761904761904767,<20,coin_flip,favorite_0_to_3,low_total_<42,1.9090909090909092,1.9090909090909092,0.9090909090909092,-1.0
2024-09-29T16:30:00Z,2024-09-29T16:25:38Z,2024-09-29T16:20:38Z,2024-09-29T16:30:38Z,3858ab1dfdb4db4987218c709a51d1bf,americanfootball_nfl,2024-09-29 17:00:00+00:00,Atlanta Falcons,New Orleans Saints,fanduel,FanDuel,2024-09-29T16:24:41Z,player_rush_yds,2024-09-29T16:25:06Z,Alvin Kamara,64.5,-110.0,-110,2024-09-29,ATL,NO,alvin kamara,2024,4,Alvin Kamara,NO,RB,0.0,77.0,42.0,7.0,77.0,1,False,-2.5,2.5,41.5,False,True,2.5,-2.5,True,False,False,19.5,2024,4,77.0,12.5,True,False,0.5238095238095238,0.5238095238095238,0.04761904761904767,60-80,coin_flip,favorite_0_to_3,low_total_<42,1.9090909090909092,1.9090909090909092,0.9090909090909092,-1.0
2024-09-29T16:30:00Z,2024-09-29T16:25:38Z,2024-09-29T16:20:38Z,2024-09-29T16:30:38Z,82483a4f1a2ae000d00778810d85d13c,americanfootball_nfl,2024-09-29 17:00:00+00:00,Carolina Panthers,Cincinnati Bengals,fanduel,FanDuel,2024-09-29T16:24:41Z,player_rush_yds,2024-09-29T16:25:44Z,Zack Moss,52.5,-110.0,-110,2024-09-29,CAR,CIN,zack moss,2024,4,Zack Moss,CIN,RB,0.0,51.0,27.0,4.0,51.0,0,False,4.5,-4.5,47.0,False,True,-4.5,4.5,False,True,False,25.75,2024,4,51.0,-1.5,False,True,0.5238095238095238,0.5238095238095238,0.04761904761904767,40-60,coin_flip,dog_3_to_7,high_total_47_plus,1.9090909090909092,1.9090909090909092,-1.0,0.9090909090909092
2024-09-29T16:30:00Z,2024-09-29T16:25:38Z,2024-09-29T16:20:38Z,2024-09-29T16:30:38Z,82483a4f1a2ae000d00778810d85d13c,americanfootball_nfl,2024-09-29 17:00:00+00:00,Carolina Panthers,Cincinnati Bengals,fanduel,FanDuel,2024-09-29T16:24:41Z,player_rush_yds,2024-09-29T16:25:44Z,Chase Brown,31.5,-110.0,-110,2024-09-29,CAR,CIN,chase brown,2024,4,Chase Brown,CIN,RB,0.0,80.0,12.0,2.0,80.0,1,False,4.5,-4.5,47.0,False,True,-4.5,4.5,False,True,False,25.75,2024,4,80.0,48.5,True,False,0.5238095238095238,0.5238095238095238,0.04761904761904767,20-40,coin_flip,dog_3_to_7,high_total_47_plus,1.9090909090909092,1.9090909090909092,0.9090909090909092,-1.0
2024-09-29T16:30:00Z,2024-09-29T16:25:38Z,2024-09-29T16:20:38Z,2024-09-29T16:30:38Z,82483a4f1a2ae000d00778810d85d13c,americanfootball_nfl,2024-09-29 17:00:00+00:00,Carolina Panthers,Cincinnati Bengals,fanduel,FanDuel,2024-09-29T16:24:41Z,player_rush_yds,2024-09-29T16:25:44Z,Chuba Hubbard,58.5,-110.0,-110,2024-09-29,CAR,CIN,chuba hubbard,2024,4,Chuba Hubbard,CAR,RB,0.0,104.0,17.0,4.0,104.0,1,False,4.5,-4.5,47.0,True,False,4.5,-4.5,True,False,False,21.25,2024,4,104.0,45.5,True,False,0.5238095238095238,0.5238095238095238,0.04761904761904767,40-60,coin_flip,favorite_3_to_7,high_total_47_plus,1.9090909090909092,1.9090909090909092,0.9090909090909092,-1.0
2024-09-29T16:30:00Z,2024-09-29T16:25:38Z,2024-09-29T16:20:38Z,2024-09-29T16:30:38Z,82483a4f1a2ae000d00778810d85d13c,americanfootball_nfl,2024-09-29 17:00:00+00:00,Carolina Panthers,Cincinnati Bengals,fanduel,FanDuel,2024-09-29T16:24:41Z,player_rush_yds,2024-09-29T16:25:44Z,Joe Burrow,10.5,-110.0,-110,2024-09-29,CAR,CIN,joe burrow,2024,4,Joe Burrow,CIN,QB,232.0,10.0,0.0,0.0,10.0,0,False,4.5,-4.5,47.0,False,True,-4.5,4.5,False,True,False,25.75,2024,4,10.0,-0.5,False,True,0.5238095238095238,0.5238095238095238,0.04761904761904767,<20,coin_flip,dog_3_to_7,high_total_47_plus,1.9090909090909092,1.9090909090909092,-1.0,0.9090909090909092
2024-09-29T16:30:00Z,2024-09-29T16:25:38Z,2024-09-29T16:20:38Z,2024-09-29T16:30:38Z,82483a4f1a2ae000d00778810d85d13c,americanfootball_nfl,2024-09-29 17:00:00+00:00,Carolina Panthers,Cincinnati Bengals,fanduel,FanDuel,2024-09-29T16:24:41Z,player_rush_yds,2024-09-29T16:25:44Z,Miles Sanders,22.5,-110.0,-110,2024-09-29,CAR,CIN,miles sanders,2024,4,Miles Sanders,CAR,RB,0.0,32.0,14.0,3.0,32.0,1,False,4.5,-4.5,47.0,True,False,4.5,-4.5,True,False,False,21.25,2024,4,32.0,9.5,True,False,0.5238095238095238,0.5238095238095238,0.04761904761904767,20-40,coin_flip,favorite_3_to_7,high_total_47_plus,1.9090909090909092,1.9090909090909092,0.9090909090909092,-1.0
2024-09-29T16:30:00Z,2024-09-29T16:25:38Z,2024-09-29T16:20:38Z,2024-09-29T16:30:38Z,e603ee3c4035a8558b9bcb6aded87ff4,americanfootball_nfl,2024-09-29 17:00:00+00:00,Chicago Bears,Los Angeles Rams,fanduel,FanDuel,2024-09-29T16:24:41Z,player_rush_yds,2024-09-29T16:25:26Z,Kyren Williams,77.5,-110.0,-110,2024-09-29,CHI,LAR,kyren williams,2024,4,Kyren Williams,LAR,RB,0.0,94.0,10.0,4.0,94.0,1,False,-3.0,3.0,40.0,False,True,3.0,-3.0,True,False,False,18.5,2024,4,94.0,16.5,True,False,0.5238095238095238,0.5238095238095238,0.04761904761904767,60-80,coin_flip,favorite_0_to_3,low_total_<42,1.9090909090909092,1.9090909090909092,0.9090909090909092,-1.0
2024-09-29T16:30:00Z,2024-09-29T16:25:38Z,2024-09-29T16:20:38Z,2024-09-29T16:30:38Z,e603ee3c4035a8558b9bcb6aded87ff4,americanfootball_nfl,2024-09-29 17:00:00+00:00,Chicago Bears,Los Angeles Rams,fanduel,FanDuel,2024-09-29T16:24:41Z,player_rush_yds,2024-09-29T16:25:26Z,Caleb Williams,18.5,-110.0,-110,2024-09-29,CHI,LAR,caleb williams,2024,4,Caleb Williams,CHI,QB,157.0,12.0,0.0,0.0,12.0,0,False,-3.0,3.0,40.0,True,False,-3.0,3.0,False,True,False,21.5,2024,4,12.0,-6.5,False,True,0.5238095238095238,0.5238095238095238,0.04761904761904767,<20,coin_flip,dog_0_to_3,low_total_<42,1.9090909090909092,1.9090909090909092,-1.0,0.9090909090909092
2024-09-29T16:30:00Z,2024-09-29T16:25:38Z,2024-09-29T16:20:38Z,2024-09-29T16:30:38Z,e603ee3c4035a8558b9bcb6aded87ff4,americanfootball_nfl,2024-09-29 17:00:00+00:00,Chicago Bears,Los Angeles Rams,fanduel,FanDuel,2024-09-29T16:24:41Z,player_rush_yds,2024-09-29T16:25:26Z,D'Andre Swift,35.5,-110.0,-110,2024-09-29,CHI,LAR,dandre swift,2024,4,D'Andre Swift,CHI,RB,0.0,93.0,72.0,7.0,93.0,1,False,-3.0,3.0,40.0,True,False,-3.0,3.0,False,True,False,21.5,2024,4,93.0,57.5,True,False,0.5238095238095238,0.5238095238095238,0.04761904761904767,20-40,coin_flip,dog_0_to_3,low_total_<42,1.9090909090909092,1.9090909090909092,0.9090909090909092,-1.0
2024-09-29T16:30:00Z,2024-09-29T16:25:38Z,2024-09-29T16:20:38Z,2024-09-29T16:30:38Z,e603ee3c4035a8558b9bcb6aded87ff4,americanfootball_nfl,2024-09-29 17:00:00+00:00,Chicago Bears,Los Angeles Rams,fanduel,FanDuel,2024-09-29T16:24:41Z,player_rush_yds,2024-09-29T16:25:26Z,Roschon Johnson,30.5,-110.0,-110,2024-09-29,CHI,LAR,roschon johnson,2024,4,Roschon Johnson,CHI,RB,0.0,26.0,0.0,0.0,26.0,0,False,-3.0,3.0,40.0,True,False,-3.0,3.0,False,True,False,21.5,2024,4,26.0,-4.5,False,True,0.5238095238095238,0.5238095238095238,0.04761904761904767,20-40,coin_flip,dog_0_to_3,low_total_<42,1.9090909090909092,1.9090909090909092,-1.0,0.9090909090909092
2024-09-29T16:30:00Z,2024-09-29T16:25:38Z,2024-09-29T16:20:38Z,2024-09-29T16:30:38Z,701d98795b391636de6d0860c6782f2d,americanfootball_nfl,2024-09-29 17:00:00+00:00,New York Jets,Denver Broncos,fanduel,FanDuel,2024-09-29T16:24:41Z,player_rush_yds,2024-09-29T16:23:58Z,Javonte Williams,28.5,-110.0,-110,2024-09-29,NYJ,DEN,javonte williams,2024,4,Javonte Williams,DEN,RB,0.0,77.0,3.0,2.0,77.0,1,False,-7.5,7.5,39.5,False,True,7.5,-7.5,True,False,False,16.0,2024,4,77.0,48.5,True,False,0.5238095238095238,0.5238095238095238,0.04761904761904767,20-40,coin_flip,favorite_7_plus,low_total_<42,1.9090909090909092,1.9090909090909092,0.9090909090909092,-1.0
2024-09-29T16:30:00Z,2024-09-29T16:25:38Z,2024-09-29T16:20:38Z,2024-09-29T16:30:38Z,701d98795b391636de6d0860c6782f2d,americanfootball_nfl,2024-09-29 17:00:00+00:00,New York Jets,Denver Broncos,fanduel,FanDuel,2024-09-29T16:24:41Z,player_rush_yds,2024-09-29T16:23:58Z,Jaleel McLaughlin,17.5,-110.0,-110,2024-09-29,NYJ,DEN,jaleel mclaughlin,2024,4,Jaleel McLaughlin,DEN,RB,0.0,46.0,0.0,1.0,46.0,1,False,-7.5,7.5,39.5,False,True,7.5,-7.5,True,False,False,16.0,2024,4,46.0,28.5,True,False,0.5238095238095238,0.5238095238095238,0.04761904761904767,<20,coin_flip,favorite_7_plus,low_total_<42,1.9090909090909092,1.9090909090909092,0.9090909090909092,-1.0
2024-09-29T16:30:00Z,2024-09-29T16:25:38Z,2024-09-29T16:20:38Z,2024-09-29T16:30:38Z,701d98795b391636de6d0860c6782f2d,americanfootball_nfl,2024-09-29 17:00:00+00:00,New York Jets,Denver Broncos,fanduel,FanDuel,2024-09-29T16:24:41Z,player_rush_yds,2024-09-29T16:23:58Z,Bo Nix,24.5,-110.0,-110,2024-09-29,NYJ,DEN,bo nix,2024,4,Bo Nix,DEN,QB,60.0,3.0,0.0,0.0,3.0,0,False,-7.5,7.5,39.5,False,True,7.5,-7.5,True,False,False,16.0,2024,4,3.0,-21.5,False,True,0.5238095238095238,0.5238095238095238,0.04761904761904767,20-40,coin_flip,favorite_7_plus,low_total_<42,1.9090909090909092,1.9090909090909092,-1.0,0.9090909090909092
2024-09-29T16:30:00Z,2024-09-29T16:25:38Z,2024-09-29T16:20:38Z,2024-09-29T16:30:38Z,701d98795b391636de6d0860c6782f2d,americanfootball_nfl,2024-09-29 17:00:00+00:00,New York Jets,Denver Broncos,fanduel,FanDuel,2024-09-29T16:24:41Z,player_rush_yds,2024-09-29T16:23:58Z,Breece Hall,66.5,-110.0,-110,2024-09-29,NYJ,DEN,breece hall,2024,4,Breece Hall,NYJ,RB,0.0,4.0,14.0,2.0,4.0,0,False,-7.5,7.5,39.5,True,False,-7.5,7.5,False,True,False,23.5,2024,4,4.0,-62.5,False,True,0.5238095238095238,0.5238095238095238,0.04761904761904767,60-80,coin_flip,dog_7_plus,low_total_<42,1.9090909090909092,1.9090909090909092,-1.0,0.9090909090909092
2024-09-29T16:30:00Z,2024-09-29T16:25:38Z,2024-09-29T16:20:38Z,2024-09-29T16:30:38Z,701d98795b391636de6d0860c6782f2d,americanfootball_nfl,2024-09-29 17:00:00+00:00,New York Jets,Denver Broncos,fanduel,FanDuel,2024-09-29T16:24:41Z,player_rush_yds,2024-09-29T16:23:58Z,Braelon Allen,36.5,-110.0,-110,2024-09-29,NYJ,DEN,braelon allen,2024,4,Braelon Allen,NYJ,RB,0.0,34.0,12.0,1.0,34.0,0,False,-7.5,7.5,39.5,True,False,-7.5,7.5,False,True,False,23.5,2024,4,34.0,-2.5,False,True,0.5238095238095238,0.5238095238095238,0.04761904761904767,20-40,coin_flip,dog_7_plus,low_total_<42,1.9090909090909092,1.9090909090909092,-1.0,0.9090909090909092
2024-09-29T16:30:00Z,2024-09-29T16:25:38Z,2024-09-29T16:20:38Z,2024-09-29T16:30:38Z,1f9f768db4ab5e36fad5080f8a338725,americanfootball_nfl,2024-09-29 17:00:00+00:00,Green Bay Packers,Minnesota Vikings,fanduel,FanDuel,2024-09-29T16:24:41Z,player_rush_yds,2024-09-29T16:26:06Z,Ty Chandler,26.5,-110.0,-110,2024-09-29,GB,MIN,ty chandler,2024,4,Ty Chandler,MIN,RB,0.0,5.0,8.0,1.0,5.0,0,False,-2.5,2.5,44.0,False,True,2.5,-2.5,True,False,False,20.75,2024,4,5.0,-21.5,False,True,0.5238095238095238,0.5238095238095238,0.04761904761904767,20-40,coin_flip,favorite_0_to_3,mid_total_42_47,1.9090909090909092,1.9090909090909092,-1.0,0.9090909090909092
2024-09-29T16:30:00Z,2024-09-29T16:25:38Z,2024-09-29T16:20:38Z,2024-09-29T16:30:38Z,1f9f768db4ab5e36fad5080f8a338725,americanfootball_nfl,2024-09-29 17:00:00+00:00,Green Bay Packers,Minnesota Vikings,fanduel,FanDuel,2024-09-29T16:24:41Z,player_rush_yds,2024-09-29T16:26:06Z,Emanuel Wilson,20.5,-110.0,-110,2024-09-29,GB,MIN,emanuel wilson,2024,4,Emanuel Wilson,GB,RB,0.0,27.0,0.0,0.0,27.0,1,False,-2.5,2.5,44.0,True,False,-2.5,2.5,False,True,False,23.25,2024,4,27.0,6.5,True,False,0.5238095238095238,0.5238095238095238,0.04761904761904767,20-40,coin_flip,dog_0_to_3,mid_total_42_47,1.9090909090909092,1.9090909090909092,0.9090909090909092,-1.0
2024-09-29T16:30:00Z,2024-09-29T16:25:38Z,2024-09-29T16:20:38Z,2024-09-29T16:30:38Z,1f9f768db4ab5e36fad5080f8a338725,americanfootball_nfl,2024-09-29 17:00:00+00:00,Green Bay Packers,Minnesota Vikings,fanduel,FanDuel,2024-09-29T16:24:41Z,player_rush_yds,2024-09-29T16:26:06Z,Sam Darnold,8.5,-112.0,-108,2024-09-29,GB,MIN,sam darnold,2024,4,Sam Darnold,MIN,QB,275.0,15.0,0.0,0.0,15.0,1,False,-2.5,2.5,44.0,False,True,2.5,-2.5,True,False,False,20.75,2024,4,15.0,6.5,True,False,0.5283018867924528,0.5192307692307693,0.0475326560232221,<20,coin_flip,favorite_0_to_3,mid_total_42_47,1.8928571428571428,1.925925925925926,0.8928571428571428,-1.0
2024-09-29T16:30:00Z,2024-09-29T16:25:38Z,2024-09-29T16:20:38Z,2024-09-29T16:30:38Z,1f9f768db4ab5e36fad5080f8a338725,americanfootball_nfl,2024-09-29 17:00:00+00:00,Green Bay Packers,Minnesota Vikings,fanduel,FanDuel,2024-09-29T16:24:41Z,player_rush_yds,2024-09-29T16:26:06Z,Josh Jacobs,58.5,-110.0,-110,2024-09-29,GB,MIN,josh jacobs,2024,4,Josh Jacobs,GB,RB,0.0,51.0,27.0,4.0,51.0,0,False,-2.5,2.5,44.0,True,False,-2.5,2.5,False,True,False,23.25,2024,4,51.0,-7.5,False,True,0.5238095238095238,0.5238095238095238,0.04761904761904767,40-60,coin_flip,dog_0_to_3,mid_total_42_47,1.9090909090909092,1.9090909090909092,-1.0,0.9090909090909092
2024-09-29T16:30:00Z,2024-09-29T16:25:38Z,2024-09-29T16:20:38Z,2024-09-29T16:30:38Z,1f9f768db4ab5e36fad5080f8a338725,americanfootball_nfl,2024-09-29 17:00:00+00:00,Green Bay Packers,Minnesota Vikings,fanduel,FanDuel,2024-09-29T16:24:41Z,player_rush_yds,2024-09-29T16:26:06Z,Aaron Jones,59.5,-110.0,-110,2024-09-29,GB,MIN,aaron jones,2024,4,Aaron Jones,MIN,RB,0.0,93.0,46.0,4.0,93.0,1,False,-2.5,2.5,44.0,False,True,2.5,-2.5,True,False,False,20.75,2024,4,93.0,33.5,True,False,0.5238095238095238,0.5238095238095238,0.04761904761904767,40-60,coin_flip,favorite_0_to_3,mid_total_42_47,1.9090909090909092,1.9090909090909092,0.9090909090909092,-1.0
2024-09-29T16:30:00Z,2024-09-29T16:25:38Z,2024-09-29T16:20:38Z,2024-09-29T16:30:38Z,3855431777952837560f29bff9d6b4e3,americanfootball_nfl,2024-09-29 17:00:00+00:00,Houston Texans,Jacksonville Jaguars,fanduel,FanDuel,2024-09-29T16:24:41Z,player_rush_yds,2024-09-29T16:25:32Z,Cam Akers,58.5,-110.0,-110,2024-09-29,HOU,JAX,cam akers,2024,4,Cam Akers,HOU,RB,0.0,53.0,0.0,0.0,53.0,0,False,-5.5,5.5,44.5,True,False,-5.5,5.5,False,True,False,25.0,2024,4,53.0,-5.5,False,True,0.5238095238095238,0.5238095238095238,0.04761904761904767,40-60,coin_flip,dog_3_to_7,mid_total_42_47,1.9090909090909092,1.9090909090909092,-1.0,0.9090909090909092
2024-09-29T16:30:00Z,2024-09-29T16:25:38Z,2024-09-29T16:20:38Z,2024-09-29T16:30:38Z,3855431777952837560f29bff9d6b4e3,americanfootball_nfl,2024-09-29 17:00:00+00:00,Houston Texans,Jacksonville Jaguars,fanduel,FanDuel,2024-09-29T16:24:41Z,player_rush_yds,2024-09-29T16:25:32Z,Travis Etienne Jr.,53.5,-110.0,-110,2024-09-29,HOU,JAX,travis etienne,2024,4,Travis Etienne,JAX,RB,0.0,50.0,10.0,1.0,50.0,0,False,-5.5,5.5,44.5,False,True,5.5,-5.5,True,False,False,19.5,2024,4,50.0,-3.5,False,True,0.5238095238095238,0.5238095238095238,0.04761904761904767,40-60,coin_flip,favorite_3_to_7,mid_total_42_47,1.9090909090909092,1.9090909090909092,-1.0,0.9090909090909092
2024-09-29T16:30:00Z,2024-09-29T16:25:38Z,2024-09-29T16:20:38Z,2024-09-29T16:30:38Z,3855431777952837560f29bff9d6b4e3,americanfootball_nfl,2024-09-29 17:00:00+00:00,Houston Texans,Jacksonville Jaguars,fanduel,FanDuel,2024-09-29T16:24:41Z,player_rush_yds,2024-09-29T16:25:32Z,Trevor Lawrence,13.5,-110.0,-110,2024-09-29,HOU,JAX,trevor lawrence,2024,4,Trevor Lawrence,JAX,QB,169.0,5.0,0.0,0.0,5.0,0,False,-5.5,5.5,44.5,False,True,5.5,-5.5,True,False,False,19.5,2024,4,5.0,-8.5,False,True,0.5238095238095238,0.5238095238095238,0.04761904761904767,<20,coin_flip,favorite_3_to_7,mid_total_42_47,1.9090909090909092,1.9090909090909092,-1.0,0.9090909090909092
2024-09-29T16:30:00Z,2024-09-29T16:25:38Z,2024-09-29T16:20:38Z,2024-09-29T16:30:38Z,3855431777952837560f29bff9d6b4e3,americanfootball_nfl,2024-09-29 17:00:00+00:00,Houston Texans,Jacksonville Jaguars,fanduel,FanDuel,2024-09-29T16:24:41Z,player_rush_yds,2024-09-29T16:25:32Z,C.J. Stroud,7.5,-118.0,-104,2024-09-29,HOU,JAX,cj stroud,2024,4,C.J. Stroud,HOU,QB,345.0,17.0,0.0,0.0,17.0,1,False,-5.5,5.5,44.5,True,False,-5.5,5.5,False,True,False,25.0,2024,4,17.0,9.5,True,False,0.5412844036697247,0.5098039215686274,0.05108832523835227,<20,coin_flip,dog_3_to_7,mid_total_42_47,1.847457627118644,1.9615384615384617,0.847457627118644,-1.0
2024-09-29T16:30:00Z,2024-09-29T16:25:38Z,2024-09-29T16:20:38Z,2024-09-29T16:30:38Z,3855431777952837560f29bff9d6b4e3,americanfootball_nfl,2024-09-29 17:00:00+00:00,Houston Texans,Jacksonville Jaguars,fanduel,FanDuel,2024-09-29T16:24:41Z,player_rush_yds,2024-09-29T16:25:32Z,Tank Bigsby,17.5,-110.0,-110,2024-09-29,HOU,JAX,tank bigsby,2024,4,Tank Bigsby,JAX,RB,0.0,90.0,0.0,0.0,90.0,1,False,-5.5,5.5,44.5,False,True,5.5,-5.5,True,False,False,19.5,2024,4,90.0,72.5,True,False,0.5238095238095238,0.5238095238095238,0.04761904761904767,<20,coin_flip,favorite_3_to_7,mid_total_42_47,1.9090909090909092,1.9090909090909092,0.9090909090909092,-1.0
2024-09-29T16:30:00Z,2024-09-29T16:25:38Z,2024-09-29T16:20:38Z,2024-09-29T16:30:38Z,a0a3ae18f5a26bdaa0e2f32aa8af7ce0,americanfootball_nfl,2024-09-29 17:00:00+00:00,Indianapolis Colts,Pittsburgh Steelers,fanduel,FanDuel,2024-09-29T16:24:41Z,player_rush_yds,2024-09-29T16:25:40Z,Justin Fields,44.5,-110.0,-110,2024-09-29,IND,PIT,justin fields,2024,4,Justin Fields,PIT,QB,312.0,55.0,0.0,0.0,55.0,1,False,2.5,-2.5,40.0,False,True,-2.5,2.5,False,True,False,21.25,2024,4,55.0,10.5,True,False,0.5238095238095238,0.5238095238095238,0.04761904761904767,40-60,coin_flip,dog_0_to_3,low_total_<42,1.9090909090909092,1.9090909090909092,0.9090909090909092,-1.0
2024-09-29T16:30:00Z,2024-09-29T16:25:38Z,2024-09-29T16:20:38Z,2024-09-29T16:30:38Z,a0a3ae18f5a26bdaa0e2f32aa8af7ce0,americanfootball_nfl,2024-09-29 17:00:00+00:00,Indianapolis Colts,Pittsburgh Steelers,fanduel,FanDuel,2024-09-29T16:24:41Z,player_rush_yds,2024-09-29T16:25:40Z,Jonathan Taylor,76.5,-110.0,-110,2024-09-29,IND,PIT,jonathan taylor,2024,4,Jonathan Taylor,IND,RB,0.0,88.0,20.0,3.0,88.0,1,False,2.5,-2.5,40.0,True,False,2.5,-2.5,True,False,False,18.75,2024,4,88.0,11.5,True,False,0.5238095238095238,0.5238095238095238,0.04761904761904767,60-80,coin_flip,favorite_0_to_3,low_total_<42,1.9090909090909092,1.9090909090909092,0.9090909090909092,-1.0
2024-09-29T16:30:00Z,2024-09-29T16:25:38Z,2024-09-29T16:20:38Z,2024-09-29T16:30:38Z,a0a3ae18f5a26bdaa0e2f32aa8af7ce0,americanfootball_nfl,2024-09-29 17:00:00+00:00,Indianapolis Colts,Pittsburgh Steelers,fanduel,FanDuel,2024-09-29T16:24:41Z,player_rush_yds,2024-09-29T16:25:40Z,Anthony Richardson,34.5,-110.0,-110,2024-09-29,IND,PIT,anthony richardson,2024,4,Anthony Richardson,IND,QB,71.0,24.0,0.0,0.0,24.0,0,False,2.5,-2.5,40.0,True,False,2.5,-2.5,True,False,False,18.75,2024,4,24.0,-10.5,False,True,0.5238095238095238,0.5238095238095238,0.04761904761904767,20-40,coin_flip,favorite_0_to_3,low_total_<42,1.9090909090909092,1.9090909090909092,-1.0,0.9090909090909092
2024-09-29T16:30:00Z,2024-09-29T16:25:38Z,2024-09-29T16:20:38Z,2024-09-29T16:30:38Z,a0a3ae18f5a26bdaa0e2f32aa8af7ce0,americanfootball_nfl,2024-09-29 17:00:00+00:00,Indianapolis Colts,Pittsburgh Steelers,fanduel,FanDuel,2024-09-29T16:24:41Z,player_rush_yds,2024-09-29T16:25:40Z,Najee Harris,69.5,-110.0,-110,2024-09-29,IND,PIT,najee harris,2024,4,Najee Harris,PIT,RB,0.0,19.0,54.0,3.0,19.0,0,False,2.5,-2.5,40.0,False,True,-2.5,2.5,False,True,False,21.25,2024,4,19.0,-50.5,False,True,0.5238095238095238,0.5238095238095238,0.04761904761904767,60-80,coin_flip,dog_0_to_3,low_total_<42,1.9090909090909092,1.9090909090909092,-1.0,0.9090909090909092
2024-09-29T16:30:00Z,2024-09-29T16:25:38Z,2024-09-29T16:20:38Z,2024-09-29T16:30:38Z,6b08b0416089dbb0459c208f5c0c6d41,americanfootball_nfl,2024-09-29 17:00:00+00:00,Tampa Bay Buccaneers,Philadelphia Eagles,fanduel,FanDuel,2024-09-29T16:24:41Z,player_rush_yds,2024-09-29T16:25:07Z,Bucky Irving,37.5,-110.0,-110,2024-09-29,TB,PHI,bucky irving,2024,4,Bucky Irving,TB,RB,0.0,49.0,6.0,1.0,49.0,1,False,1.0,-1.0,42.0,True,False,1.0,-1.0,True,False,False,20.5,2024,4,49.0,11.5,True,False,0.5238095238095238,0.5238095238095238,0.04761904761904767,20-40,coin_flip,favorite_0_to_3,mid_total_42_47,1.9090909090909092,1.9090909090909092,0.9090909090909092,-1.0
2024-09-29T16:30:00Z,2024-09-29T16:25:38Z,2024-09-29T16:20:38Z,2024-09-29T16:30:38Z,6b08b0416089dbb0459c208f5c0c6d41,americanfootball_nfl,2024-09-29 17:00:00+00:00,Tampa Bay Buccaneers,Philadelphia Eagles,fanduel,FanDuel,2024-09-29T16:24:41Z,player_rush_yds,2024-09-29T16:25:07Z,Rachaad White,34.5,-110.0,-110,2024-09-29,TB,PHI,rachaad white,2024,4,Rachaad White,TB,RB,0.0,49.0,35.0,2.0,49.0,1,False,1.0,-1.0,42.0,True,False,1.0,-1.0,True,False,False,20.5,2024,4,49.0,14.5,True,False,0.5238095238095238,0.5238095238095238,0.04761904761904767,20-40,coin_flip,favorite_0_to_3,mid_total_42_47,1.9090909090909092,1.9090909090909092,0.9090909090909092,-1.0
2024-09-29T16:30:00Z,2024-09-29T16:25:38Z,2024-09-29T16:20:38Z,2024-09-29T16:30:38Z,6b08b0416089dbb0459c208f5c0c6d41,americanfootball_nfl,2024-09-29 17:00:00+00:00,Tampa Bay Buccaneers,Philadelphia Eagles,fanduel,FanDuel,2024-09-29T16:24:41Z,player_rush_yds,2024-09-29T16:25:07Z,Jalen Hurts,39.5,-110.0,-110,2024-09-29,TB,PHI,jalen hurts,2024,4,Jalen Hurts,PHI,QB,158.0,20.0,0.0,0.0,20.0,0,False,1.0,-1.0,42.0,False,True,-1.0,1.0,False,True,False,21.5,2024,4,20.0,-19.5,False,True,0.5238095238095238,0.5238095238095238,0.04761904761904767,20-40,coin_flip,dog_0_to_3,mid_total_42_47,1.9090909090909092,1.9090909090909092,-1.0,0.9090909090909092
2024-09-29T16:30:00Z,2024-09-29T16:25:38Z,2024-09-29T16:20:38Z,2024-09-29T16:30:38Z,6b08b0416089dbb0459c208f5c0c6d41,americanfootball_nfl,2024-09-29 17:00:00+00:00,Tampa Bay Buccaneers,Philadelphia Eagles,fanduel,FanDuel,2024-09-29T16:24:41Z,player_rush_yds,2024-09-29T16:25:07Z,Baker Mayfield,9.5,-110.0,-110,2024-09-29,TB,PHI,baker mayfield,2024,4,Baker Mayfield,TB,QB,347.0,10.0,0.0,0.0,10.0,1,False,1.0,-1.0,42.0,True,False,1.0,-1.0,True,False,False,20.5,2024,4,10.0,0.5,True,False,0.5238095238095238,0.5238095238095238,0.04761904761904767,<20,coin_flip,favorite_0_to_3,mid_total_42_47,1.9090909090909092,1.9090909090909092,0.9090909090909092,-1.0
2024-09-29T16:30:00Z,2024-09-29T16:25:38Z,2024-09-29T16:20:38Z,2024-09-29T16:30:38Z,6b08b0416089dbb0459c208f5c0c6d41,americanfootball_nfl,2024-09-29 17:00:00+00:00,Tampa Bay Buccaneers,Philadelphia Eagles,fanduel,FanDuel,2024-09-29T16:24:41Z,player_rush_yds,2024-09-29T16:25:07Z,Saquon Barkley,76.5,-110.0,-110,2024-09-29,TB,PHI,saquon barkley,2024,4,Saquon Barkley,PHI,RB,0.0,84.0,32.0,2.0,84.0,1,False,1.0,-1.0,42.0,False,True,-1.0,1.0,False,True,False,21.5,2024,4,84.0,7.5,True,False,0.5238095238095238,0.5238095238095238,0.04761904761904767,60-80,coin_flip,dog_0_to_3,mid_total_42_47,1.9090909090909092,1.9090909090909092,0.9090909090909092,-1.0
2024-09-29T19:35:00Z,2024-09-29T19:30:38Z,2024-09-29T19:25:38Z,2024-09-29T19:35:38Z,b0461ea737b89685d0aee3050bca0cc5,americanfootball_nfl,2024-09-29 20:05:00+00:00,Arizona Cardinals,Washington Commanders,fanduel,FanDuel,2024-09-29T19:29:59Z,player_rush_yds,2024-09-29T19:29:51Z,Kyler Murray,32.5,-110.0,-110,2024-09-29,ARI,WAS,kyler murray,2024,4,Kyler Murray,ARI,QB,142.0,3.0,0.0,0.0,3.0,0,False,-3.5,3.5,49.0,True,False,-3.5,3.5,False,True,False,26.25,2024,4,3.0,-29.5,False,True,0.5238095238095238,0.5238095238095238,0.04761904761904767,20-40,coin_flip,dog_3_to_7,high_total_47_plus,1.9090909090909092,1.9090909090909092,-1.0,0.9090909090909092
2024-09-29T19:35:00Z,2024-09-29T19:30:38Z,2024-09-29T19:25:38Z,2024-09-29T19:35:38Z,b0461ea737b89685d0aee3050bca0cc5,americanfootball_nfl,2024-09-29 20:05:00+00:00,Arizona Cardinals,Washington Commanders,fanduel,FanDuel,2024-09-29T19:29:59Z,player_rush_yds,2024-09-29T19:29:51Z,James Conner,69.5,-110.0,-110,2024-09-29,ARI,WAS,james conner,2024,4,James Conner,ARI,RB,0.0,104.0,9.0,1.0,104.0,1,False,-3.5,3.5,49.0,True,False,-3.5,3.5,False,True,False,26.25,2024,4,104.0,34.5,True,False,0.5238095238095238,0.5238095238095238,0.04761904761904767,60-80,coin_flip,dog_3_to_7,high_total_47_plus,1.9090909090909092,1.9090909090909092,0.9090909090909092,-1.0
2024-09-29T19:35:00Z,2024-09-29T19:30:38Z,2024-09-29T19:25:38Z,2024-09-29T19:35:38Z,b0461ea737b89685d0aee3050bca0cc5,americanfootball_nfl,2024-09-29 20:05:00+00:00,Arizona Cardinals,Washington Commanders,fanduel,FanDuel,2024-09-29T19:29:59Z,player_rush_yds,2024-09-29T19:29:51Z,Brian Robinson Jr.,67.5,-110.0,-110,2024-09-29,ARI,WAS,brian robinson,2024,4,Brian Robinson,WAS,RB,0.0,101.0,12.0,3.0,101.0,1,False,-3.5,3.5,49.0,False,True,3.5,-3.5,True,False,False,22.75,2024,4,101.0,33.5,True,False,0.5238095238095238,0.5238095238095238,0.04761904761904767,60-80,coin_flip,favorite_3_to_7,high_total_47_plus,1.9090909090909092,1.9090909090909092,0.9090909090909092,-1.0
2024-09-29T19:35:00Z,2024-09-29T19:30:38Z,2024-09-29T19:25:38Z,2024-09-29T19:35:38Z,b0461ea737b89685d0aee3050bca0cc5,americanfootball_nfl,2024-09-29 20:05:00+00:00,Arizona Cardinals,Washington Commanders,fanduel,FanDuel,2024-09-29T19:29:59Z,player_rush_yds,2024-09-29T19:29:51Z,Jayden Daniels,46.5,-110.0,-110,2024-09-29,ARI,WAS,jayden daniels,2024,4,Jayden Daniels,WAS,QB,233.0,47.0,0.0,0.0,47.0,1,False,-3.5,3.5,49.0,False,True,3.5,-3.5,True,False,False,22.75,2024,4,47.0,0.5,True,False,0.5238095238095238,0.5238095238095238,0.04761904761904767,40-60,coin_flip,favorite_3_to_7,high_total_47_plus,1.9090909090909092,1.9090909090909092,0.9090909090909092,-1.0
2024-09-29T19:35:00Z,2024-09-29T19:30:38Z,2024-09-29T19:25:38Z,2024-09-29T19:35:38Z,b0461ea737b89685d0aee3050bca0cc5,americanfootball_nfl,2024-09-29 20:05:00+00:00,Arizona Cardinals,Washington Commanders,fanduel,FanDuel,2024-09-29T19:29:59Z,player_rush_yds,2024-09-29T19:29:51Z,Trey Benson,14.5,-110.0,-110,2024-09-29,ARI,WAS,trey benson,2024,4,Trey Benson,ARI,RB,0.0,50.0,0.0,0.0,50.0,1,False,-3.5,3.5,49.0,True,False,-3.5,3.5,False,True,False,26.25,2024,4,50.0,35.5,True,False,0.5238095238095238,0.5238095238095238,0.04761904761904767,<20,coin_flip,dog_3_to_7,high_total_47_plus,1.9090909090909092,1.9090909090909092,0.9090909090909092,-1.0
2024-09-29T19:35:00Z,2024-09-29T19:30:38Z,2024-09-29T19:25:38Z,2024-09-29T19:35:38Z,2536f23add2224ed79c070c55af28bbf,americanfootball_nfl,2024-09-29 20:05:00+00:00,San Francisco 49ers,New England Patriots,fanduel,FanDuel,2024-09-29T19:29:59Z,player_rush_yds,2024-09-29T19:30:27Z,Rhamondre Stevenson,56.5,-110.0,-110,2024-09-29,SF,NE,rhamondre stevenson,2024,4,Rhamondre Stevenson,NE,RB,0.0,43.0,19.0,4.0,43.0,0,False,-10.5,10.5,41.5,False,True,10.5,-10.5,True,False,False,15.5,2024,4,43.0,-13.5,False,True,0.5238095238095238,0.5238095238095238,0.04761904761904767,40-60,coin_flip,favorite_7_plus,low_total_<42,1.9090909090909092,1.9090909090909092,-1.0,0.9090909090909092
2024-09-29T19:35:00Z,2024-09-29T19:30:38Z,2024-09-29T19:25:38Z,2024-09-29T19:35:38Z,2536f23add2224ed79c070c55af28bbf,americanfootball_nfl,2024-09-29 20:05:00+00:00,San Francisco 49ers,New England Patriots,fanduel,FanDuel,2024-09-29T19:29:59Z,player_rush_yds,2024-09-29T19:30:27Z,Brock Purdy,6.5,-105.0,-115,2024-09-29,SF,NE,brock purdy,2024,4,Brock Purdy,SF,QB,288.0,11.0,0.0,0.0,11.0,1,False,-10.5,10.5,41.5,True,False,-10.5,10.5,False,True,False,26.0,2024,4,11.0,4.5,True,False,0.5121951219512195,0.5348837209302325,0.04707884288145214,<20,coin_flip,dog_7_plus,low_total_<42,1.9523809523809523,1.8695652173913042,0.9523809523809523,-1.0
2024-09-29T19:35:00Z,2024-09-29T19:30:38Z,2024-09-29T19:25:38Z,2024-09-29T19:35:38Z,2536f23add2224ed79c070c55af28bbf,americanfootball_nfl,2024-09-29 20:05:00+00:00,San Francisco 49ers,New England Patriots,fanduel,FanDuel,2024-09-29T19:29:59Z,player_rush_yds,2024-09-29T19:30:27Z,Antonio Gibson,18.5,-110.0,-110,2024-09-29,SF,NE,antonio gibson,2024,4,Antonio Gibson,NE,RB,0.0,12.0,67.0,3.0,12.0,0,False,-10.5,10.5,41.5,False,True,10.5,-10.5,True,False,False,15.5,2024,4,12.0,-6.5,False,True,0.5238095238095238,0.5238095238095238,0.04761904761904767,<20,coin_flip,favorite_7_plus,low_total_<42,1.9090909090909092,1.9090909090909092,-1.0,0.9090909090909092
2024-09-29T19:35:00Z,2024-09-29T19:30:38Z,2024-09-29T19:25:38Z,2024-09-29T19:35:38Z,2536f23add2224ed79c070c55af28bbf,americanfootball_nfl,2024-09-29 20:05:00+00:00,San Francisco 49ers,New England Patriots,fanduel,FanDuel,2024-09-29T19:29:59Z,player_rush_yds,2024-09-29T19:30:27Z,Jordan Mason,82.5,-110.0,-110,2024-09-29,SF,NE,jordan mason,2024,4,Jordan Mason,SF,RB,0.0,123.0,37.0,2.0,123.0,1,False,-10.5,10.5,41.5,True,False,-10.5,10.5,False,True,False,26.0,2024,4,123.0,40.5,True,False,0.5238095238095238,0.5238095238095238,0.04761904761904767,80+,coin_flip,dog_7_plus,low_total_<42,1.9090909090909092,1.9090909090909092,0.9090909090909092,-1.0
2024-09-29T19:55:00Z,2024-09-29T19:50:38Z,2024-09-29T19:45:38Z,2024-09-29T19:55:38Z,3f180e883b429700dd32ff2133ac37ef,americanfootball_nfl,2024-09-29 20:25:00+00:00,Las Vegas Raiders,Cleveland Browns,fanduel,FanDuel,2024-09-29T19:49:55Z,player_rush_yds,2024-09-29T19:49:45Z,Jerome Ford,47.5,-110.0,-110,2024-09-29,LV,CLE,jerome ford,2024,4,Jerome Ford,CLE,RB,0.0,58.0,27.0,7.0,58.0,1,False,2.5,-2.5,36.5,False,True,-2.5,2.5,False,True,False,19.5,2024,4,58.0,10.5,True,False,0.5238095238095238,0.5238095238095238,0.04761904761904767,40-60,coin_flip,dog_0_to_3,low_total_<42,1.9090909090909092,1.9090909090909092,0.9090909090909092,-1.0
2024-09-29T19:55:00Z,2024-09-29T19:50:38Z,2024-09-29T19:45:38Z,2024-09-29T19:55:38Z,3f180e883b429700dd32ff2133ac37ef,americanfootball_nfl,2024-09-29 20:25:00+00:00,Las Vegas Raiders,Cleveland Browns,fanduel,FanDuel,2024-09-29T19:49:55Z,player_rush_yds,2024-09-29T19:49:45Z,Deshaun Watson,21.5,-110.0,-110,2024-09-29,LV,CLE,deshaun watson,2024,4,Deshaun Watson,CLE,QB,176.0,32.0,0.0,0.0,32.0,1,False,2.5,-2.5,36.5,False,True,-2.5,2.5,False,True,False,19.5,2024,4,32.0,10.5,True,False,0.5238095238095238,0.5238095238095238,0.04761904761904767,20-40,coin_flip,dog_0_to_3,low_total_<42,1.9090909090909092,1.9090909090909092,0.9090909090909092,-1.0
2024-09-29T19:55:00Z,2024-09-29T19:50:38Z,2024-09-29T19:45:38Z,2024-09-29T19:55:38Z,3f180e883b429700dd32ff2133ac37ef,americanfootball_nfl,2024-09-29 20:25:00+00:00,Las Vegas Raiders,Cleveland Browns,fanduel,FanDuel,2024-09-29T19:49:55Z,player_rush_yds,2024-09-29T19:49:45Z,Gardner Minshew,7.5,116.0,-142,2024-09-29,LV,CLE,gardner minshew,2024,4,Gardner Minshew,LV,QB,130.0,-2.0,0.0,0.0,-2.0,0,False,2.5,-2.5,36.5,True,False,2.5,-2.5,True,False,False,17.0,2024,4,-2.0,-9.5,False,True,0.46296296296296297,0.5867768595041323,0.049739822467095296,<20,plus_money,favorite_0_to_3,low_total_<42,2.16,1.704225352112676,-1.0,0.704225352112676
2024-09-29T19:55:00Z,2024-09-29T19:50:38Z,2024-09-29T19:45:38Z,2024-09-29T19:55:38Z,3f180e883b429700dd32ff2133ac37ef,americanfootball_nfl,2024-09-29 20:25:00+00:00,Las Vegas Raiders,Cleveland Browns,fanduel,FanDuel,2024-09-29T19:49:55Z,player_rush_yds,2024-09-29T19:49:45Z,D'Onta Foreman,31.5,-110.0,-110,2024-09-29,LV,CLE,donta foreman,2024,4,D'Onta Foreman,CLE,RB,0.0,2.0,5.0,1.0,2.0,0,False,2.5,-2.5,36.5,False,True,-2.5,2.5,False,True,False,19.5,2024,4,2.0,-29.5,False,True,0.5238095238095238,0.5238095238095238,0.04761904761904767,20-40,coin_flip,dog_0_to_3,low_total_<42,1.9090909090909092,1.9090909090909092,-1.0,0.9090909090909092
2024-09-29T19:55:00Z,2024-09-29T19:50:38Z,2024-09-29T19:45:38Z,2024-09-29T19:55:38Z,3f180e883b429700dd32ff2133ac37ef,americanfootball_nfl,2024-09-29 20:25:00+00:00,Las Vegas Raiders,Cleveland Browns,fanduel,FanDuel,2024-09-29T19:49:55Z,player_rush_yds,2024-09-29T19:49:45Z,Zamir White,44.5,-110.0,-110,2024-09-29,LV,CLE,zamir white,2024,4,Zamir White,LV,RB,0.0,50.0,0.0,0.0,50.0,1,False,2.5,-2.5,36.5,True,False,2.5,-2.5,True,False,False,17.0,2024,4,50.0,5.5,True,False,0.5238095238095238,0.5238095238095238,0.04761904761904767,40-60,coin_flip,favorite_0_to_3,low_total_<42,1.9090909090909092,1.9090909090909092,0.9090909090909092,-1.0
2024-09-29T19:55:00Z,2024-09-29T19:50:38Z,2024-09-29T19:45:38Z,2024-09-29T19:55:38Z,b839e959b4e28cdd96341dbcf99d4a42,americanfootball_nfl,2024-09-29 20:25:00+00:00,Los Angeles Chargers,Kansas City Chiefs,fanduel,FanDuel,2024-09-29T19:49:55Z,player_rush_yds,2024-09-29T19:50:24Z,Kareem Hunt,14.5,-110.0,-110,2024-09-29,LAC,KC,kareem hunt,2024,4,Kareem Hunt,KC,RB,0.0,69.0,16.0,2.0,69.0,1,False,7.5,-7.5,41.5,False,True,-7.5,7.5,False,True,False,24.5,2024,4,69.0,54.5,True,False,0.5238095238095238,0.5238095238095238,0.04761904761904767,<20,coin_flip,dog_7_plus,low_total_<42,1.9090909090909092,1.9090909090909092,0.9090909090909092,-1.0
2024-09-29T19:55:00Z,2024-09-29T19:50:38Z,2024-09-29T19:45:38Z,2024-09-29T19:55:38Z,b839e959b4e28cdd96341dbcf99d4a42,americanfootball_nfl,2024-09-29 20:25:00+00:00,Los Angeles Chargers,Kansas City Chiefs,fanduel,FanDuel,2024-09-29T19:49:55Z,player_rush_yds,2024-09-29T19:50:24Z,Carson Steele,47.5,-110.0,-110,2024-09-29,LAC,KC,carson steele,2024,4,Carson Steele,KC,RB,0.0,6.0,0.0,1.0,6.0,0,False,7.5,-7.5,41.5,False,True,-7.5,7.5,False,True,False,24.5,2024,4,6.0,-41.5,False,True,0.5238095238095238,0.5238095238095238,0.04761904761904767,40-60,coin_flip,dog_7_plus,low_total_<42,1.9090909090909092,1.9090909090909092,-1.0,0.9090909090909092
2024-09-29T19:55:00Z,2024-09-29T19:50:38Z,2024-09-29T19:45:38Z,2024-09-29T19:55:38Z,b839e959b4e28cdd96341dbcf99d4a42,americanfootball_nfl,2024-09-29 20:25:00+00:00,Los Angeles Chargers,Kansas City Chiefs,fanduel,FanDuel,2024-09-29T19:49:55Z,player_rush_yds,2024-09-29T19:50:24Z,Patrick Mahomes,17.5,-110.0,-110,2024-09-29,LAC,KC,patrick mahomes,2024,4,Patrick Mahomes,KC,QB,245.0,12.0,0.0,0.0,12.0,0,False,7.5,-7.5,41.5,False,True,-7.5,7.5,False,True,False,24.5,2024,4,12.0,-5.5,False,True,0.5238095238095238,0.5238095238095238,0.04761904761904767,<20,coin_flip,dog_7_plus,low_total_<42,1.9090909090909092,1.9090909090909092,-1.0,0.9090909090909092
2024-09-29T19:55:00Z,2024-09-29T19:50:38Z,2024-09-29T19:45:38Z,2024-09-29T19:55:38Z,b839e959b4e28cdd96341dbcf99d4a42,americanfootball_nfl,2024-09-29 20:25:00+00:00,Los Angeles Chargers,Kansas City Chiefs,fanduel,FanDuel,2024-09-29T19:49:55Z,player_rush_yds,2024-09-29T19:50:24Z,J.K. Dobbins,58.5,-110.0,-110,2024-09-29,LAC,KC,jk dobbins,2024,4,J.K. Dobbins,LAC,RB,0.0,32.0,30.0,3.0,32.0,0,False,7.5,-7.5,41.5,True,False,7.5,-7.5,True,False,False,17.0,2024,4,32.0,-26.5,False,True,0.5238095238095238,0.5238095238095238,0.04761904761904767,40-60,coin_flip,favorite_7_plus,low_total_<42,1.9090909090909092,1.9090909090909092,-1.0,0.9090909090909092
2024-09-29T19:55:00Z,2024-09-29T19:50:38Z,2024-09-29T19:45:38Z,2024-09-29T19:55:38Z,b839e959b4e28cdd96341dbcf99d4a42,americanfootball_nfl,2024-09-29 20:25:00+00:00,Los Angeles Chargers,Kansas City Chiefs,fanduel,FanDuel,2024-09-29T19:49:55Z,player_rush_yds,2024-09-29T19:50:24Z,Gus Edwards,22.5,-110.0,-110,2024-09-29,LAC,KC,gus edwards,2024,4,Gus Edwards,LAC,RB,0.0,19.0,0.0,0.0,19.0,0,False,7.5,-7.5,41.5,True,False,7.5,-7.5,True,False,False,17.0,2024,4,19.0,-3.5,False,True,0.5238095238095238,0.5238095238095238,0.04761904761904767,20-40,coin_flip,favorite_7_plus,low_total_<42,1.9090909090909092,1.9090909090909092,-1.0,0.9090909090909092
2024-09-29T23:45:00Z,2024-09-29T23:40:38Z,2024-09-29T23:35:38Z,2024-09-29T23:45:38Z,ce925c8cb892e1806399345e7885828d,americanfootball_nfl,2024-09-30 00:15:00+00:00,Baltimore Ravens,Buffalo Bills,fanduel,FanDuel,2024-09-29T23:40:10Z,player_rush_yds,2024-09-29T23:40:15Z,James Cook,53.5,-110.0,-110,2024-09-29,BAL,BUF,james cook,2024,4,James Cook,BUF,RB,0.0,39.0,9.0,1.0,39.0,0,False,-2.5,2.5,46.5,False,True,2.5,-2.5,True,False,False,22.0,2024,4,39.0,-14.5,False,True,0.5238095238095238,0.5238095238095238,0.04761904761904767,40-60,coin_flip,favorite_0_to_3,mid_total_42_47,1.9090909090909092,1.9090909090909092,-1.0,0.9090909090909092
2024-09-29T23:45:00Z,2024-09-29T23:40:38Z,2024-09-29T23:35:38Z,2024-09-29T23:45:38Z,ce925c8cb892e1806399345e7885828d,americanfootball_nfl,2024-09-30 00:15:00+00:00,Baltimore Ravens,Buffalo Bills,fanduel,FanDuel,2024-09-29T23:40:10Z,player_rush_yds,2024-09-29T23:40:15Z,Josh Allen,29.5,-110.0,-110,2024-09-29,BAL,BUF,josh allen,2024,4,Josh Allen,BUF,QB,180.0,21.0,0.0,0.0,21.0,0,False,-2.5,2.5,46.5,False,True,2.5,-2.5,True,False,False,22.0,2024,4,21.0,-8.5,False,True,0.5238095238095238,0.5238095238095238,0.04761904761904767,20-40,coin_flip,favorite_0_to_3,mid_total_42_47,1.9090909090909092,1.9090909090909092,-1.0,0.9090909090909092
2024-09-29T23:45:00Z,2024-09-29T23:40:38Z,2024-09-29T23:35:38Z,2024-09-29T23:45:38Z,ce925c8cb892e1806399345e7885828d,americanfootball_nfl,2024-09-30 00:15:00+00:00,Baltimore Ravens,Buffalo Bills,fanduel,FanDuel,2024-09-29T23:40:10Z,player_rush_yds,2024-09-29T23:40:15Z,Justice Hill,12.5,-110.0,-110,2024-09-29,BAL,BUF,justice hill,2024,4,Justice Hill,BAL,RB,0.0,18.0,78.0,6.0,18.0,1,False,-2.5,2.5,46.5,True,False,-2.5,2.5,False,True,False,24.5,2024,4,18.0,5.5,True,False,0.5238095238095238,0.5238095238095238,0.04761904761904767,<20,coin_flip,dog_0_to_3,mid_total_42_47,1.9090909090909092,1.9090909090909092,0.9090909090909092,-1.0
2024-09-29T23:45:00Z,2024-09-29T23:40:38Z,2024-09-29T23:35:38Z,2024-09-29T23:45:38Z,ce925c8cb892e1806399345e7885828d,americanfootball_nfl,2024-09-30 00:15:00+00:00,Baltimore Ravens,Buffalo Bills,fanduel,FanDuel,2024-09-29T23:40:10Z,player_rush_yds,2024-09-29T23:40:15Z,Derrick Henry,68.5,-110.0,-110,2024-09-29,BAL,BUF,derrick henry,2024,4,Derrick Henry,BAL,RB,0.0,199.0,10.0,3.0,199.0,1,False,-2.5,2.5,46.5,True,False,-2.5,2.5,False,True,False,24.5,2024,4,199.0,130.5,True,False,0.5238095238095238,0.5238095238095238,0.04761904761904767,60-80,coin_flip,dog_0_to_3,mid_total_42_47,1.9090909090909092,1.9090909090909092,0.9090909090909092,-1.0
2024-09-29T23:45:00Z,2024-09-29T23:40:38Z,2024-09-29T23:35:38Z,2024-09-29T23:45:38Z,ce925c8cb892e1806399345e7885828d,americanfootball_nfl,2024-09-30 00:15:00+00:00,Baltimore Ravens,Buffalo Bills,fanduel,FanDuel,2024-09-29T23:40:10Z,player_rush_yds,2024-09-29T23:40:15Z,Ray Davis,8.5,-110.0,-110,2024-09-29,BAL,BUF,ray davis,2024,4,Ray Davis,BUF,RB,0.0,11.0,0.0,0.0,11.0,1,False,-2.5,2.5,46.5,False,True,2.5,-2.5,True,False,False,22.0,2024,4,11.0,2.5,True,False,0.5238095238095238,0.5238095238095238,0.04761904761904767,<20,coin_flip,favorite_0_to_3,mid_total_42_47,1.9090909090909092,1.9090909090909092,0.9090909090909092,-1.0
2024-09-29T23:45:00Z,2024-09-29T23:40:38Z,2024-09-29T23:35:38Z,2024-09-29T23:45:38Z,ce925c8cb892e1806399345e7885828d,americanfootball_nfl,2024-09-30 00:15:00+00:00,Baltimore Ravens,Buffalo Bills,fanduel,FanDuel,2024-09-29T23:40:10Z,player_rush_yds,2024-09-29T23:40:15Z,Lamar Jackson,58.5,-110.0,-110,2024-09-29,BAL,BUF,lamar jackson,2024,4,Lamar Jackson,BAL,QB,156.0,54.0,0.0,0.0,54.0,0,False,-2.5,2.5,46.5,True,False,-2.5,2.5,False,True,False,24.5,2024,4,54.0,-4.5,False,True,0.5238095238095238,0.5238095238095238,0.04761904761904767,40-60,coin_flip,dog_0_to_3,mid_total_42_47,1.9090909090909092,1.9090909090909092,-1.0,0.9090909090909092
2024-09-30T23:00:00Z,2024-09-30T22:55:38Z,2024-09-30T22:50:39Z,2024-09-30T23:00:38Z,a207d1faa78a276de49cdebb7ef4fc0e,americanfootball_nfl,2024-09-30 23:30:00+00:00,Miami Dolphins,Tennessee Titans,fanduel,FanDuel,2024-09-30T22:54:18Z,player_rush_yds,2024-09-30T22:54:53Z,Tony Pollard,50.5,-110.0,-110,2024-09-30,MIA,TEN,tony pollard,2024,4,Tony Pollard,TEN,RB,0.0,88.0,20.0,2.0,88.0,1,False,-2.5,2.5,37.0,False,True,2.5,-2.5,True,False,False,17.25,2024,4,88.0,37.5,True,False,0.5238095238095238,0.5238095238095238,0.04761904761904767,40-60,coin_flip,favorite_0_to_3,low_total_<42,1.9090909090909092,1.9090909090909092,0.9090909090909092,-1.0
2024-09-30T23:00:00Z,2024-09-30T22:55:38Z,2024-09-30T22:50:39Z,2024-09-30T23:00:38Z,a207d1faa78a276de49cdebb7ef4fc0e,americanfootball_nfl,2024-09-30 23:30:00+00:00,Miami Dolphins,Tennessee Titans,fanduel,FanDuel,2024-09-30T22:54:18Z,player_rush_yds,2024-09-30T22:54:53Z,Will Levis,14.5,-110.0,-110,2024-09-30,MIA,TEN,will levis,2024,4,Will Levis,TEN,QB,25.0,5.0,0.0,0.0,5.0,0,False,-2.5,2.5,37.0,False,True,2.5,-2.5,True,False,False,17.25,2024,4,5.0,-9.5,False,True,0.5238095238095238,0.5238095238095238,0.04761904761904767,<20,coin_flip,favorite_0_to_3,low_total_<42,1.9090909090909092,1.9090909090909092,-1.0,0.9090909090909092
2024-09-30T23:00:00Z,2024-09-30T22:55:38Z,2024-09-30T22:50:39Z,2024-09-30T23:00:38Z,a207d1faa78a276de49cdebb7ef4fc0e,americanfootball_nfl,2024-09-30 23:30:00+00:00,Miami Dolphins,Tennessee Titans,fanduel,FanDuel,2024-09-30T22:54:18Z,player_rush_yds,2024-09-30T22:54:53Z,Tyjae Spears,24.5,-110.0,-110,2024-09-30,MIA,TEN,tyjae spears,2024,4,Tyjae Spears,TEN,RB,0.0,39.0,0.0,2.0,39.0,1,False,-2.5,2.5,37.0,False,True,2.5,-2.5,True,False,False,17.25,2024,4,39.0,14.5,True,False,0.5238095238095238,0.5238095238095238,0.04761904761904767,20-40,coin_flip,favorite_0_to_3,low_total_<42,1.9090909090909092,1.9090909090909092,0.9090909090909092,-1.0
2024-09-30T23:00:00Z,2024-09-30T22:55:38Z,2024-09-30T22:50:39Z,2024-09-30T23:00:38Z,a207d1faa78a276de49cdebb7ef4fc0e,americanfootball_nfl,2024-09-30 23:30:00+00:00,Miami Dolphins,Tennessee Titans,fanduel,FanDuel,2024-09-30T22:54:18Z,player_rush_yds,2024-09-30T22:54:53Z,Tyler Huntley,31.5,-110.0,-110,2024-09-30,MIA,TEN,tyler huntley,2024,4,Tyler Huntley,MIA,QB,96.0,40.0,0.0,0.0,40.0,1,False,-2.5,2.5,37.0,True,False,-2.5,2.5,False,True,False,19.75,2024,4,40.0,8.5,True,False,0.5238095238095238,0.5238095238095238,0.04761904761904767,20-40,coin_flip,dog_0_to_3,low_total_<42,1.9090909090909092,1.9090909090909092,0.9090909090909092,-1.0
2024-09-30T23:00:00Z,2024-09-30T22:55:38Z,2024-09-30T22:50:39Z,2024-09-30T23:00:38Z,a207d1faa78a276de49cdebb7ef4fc0e,americanfootball_nfl,2024-09-30 23:30:00+00:00,Miami Dolphins,Tennessee Titans,fanduel,FanDuel,2024-09-30T22:54:18Z,player_rush_yds,2024-09-30T22:54:53Z,De'Von Achane,62.5,-110.0,-110,2024-09-30,MIA,TEN,devon achane,2024,4,Devon Achane,MIA,RB,0.0,15.0,14.0,3.0,15.0,0,False,-2.5,2.5,37.0,True,False,-2.5,2.5,False,True,False,19.75,2024,4,15.0,-47.5,False,True,0.5238095238095238,0.5238095238095238,0.04761904761904767,60-80,coin_flip,dog_0_to_3,low_total_<42,1.9090909090909092,1.9090909090909092,-1.0,0.9090909090909092
2024-09-30T23:45:00Z,2024-09-30T23:40:39Z,2024-09-30T23:35:39Z,2024-09-30T23:45:39Z,2b7f812133cedc184625d7bc8362564a,americanfootball_nfl,2024-10-01 00:15:00+00:00,Detroit Lions,Seattle Seahawks,fanduel,FanDuel,2024-09-30T23:39:40Z,player_rush_yds,2024-09-30T23:39:47Z,Zach Charbonnet,19.5,-110.0,-110,2024-09-30,DET,SEA,zach charbonnet,2024,4,Zach Charbonnet,SEA,RB,0.0,15.0,39.0,5.0,15.0,0,False,-3.5,3.5,46.5,False,True,3.5,-3.5,True,False,False,21.5,2024,4,15.0,-4.5,False,True,0.5238095238095238,0.5238095238095238,0.04761904761904767,<20,coin_flip,favorite_3_to_7,mid_total_42_47,1.9090909090909092,1.9090909090909092,-1.0,0.9090909090909092
2024-09-30T23:45:00Z,2024-09-30T23:40:39Z,2024-09-30T23:35:39Z,2024-09-30T23:45:39Z,2b7f812133cedc184625d7bc8362564a,americanfootball_nfl,2024-10-01 00:15:00+00:00,Detroit Lions,Seattle Seahawks,fanduel,FanDuel,2024-09-30T23:39:40Z,player_rush_yds,2024-09-30T23:39:47Z,Jahmyr Gibbs,51.5,-110.0,-110,2024-09-30,DET,SEA,jahmyr gibbs,2024,4,Jahmyr Gibbs,DET,RB,0.0,78.0,0.0,0.0,78.0,1,False,-3.5,3.5,46.5,True,False,-3.5,3.5,False,True,False,25.0,2024,4,78.0,26.5,True,False,0.5238095238095238,0.5238095238095238,0.04761904761904767,40-60,coin_flip,dog_3_to_7,mid_total_42_47,1.9090909090909092,1.9090909090909092,0.9090909090909092,-1.0
2024-09-30T23:45:00Z,2024-09-30T23:40:39Z,2024-09-30T23:35:39Z,2024-09-30T23:45:39Z,2b7f812133cedc184625d7bc8362564a,americanfootball_nfl,2024-10-01 00:15:00+00:00,Detroit Lions,Seattle Seahawks,fanduel,FanDuel,2024-09-30T23:39:40Z,player_rush_yds,2024-09-30T23:39:47Z,Geno Smith,10.5,-110.0,-110,2024-09-30,DET,SEA,geno smith,2024,4,Geno Smith,SEA,QB,395.0,38.0,0.0,0.0,38.0,1,False,-3.5,3.5,46.5,False,True,3.5,-3.5,True,False,False,21.5,2024,4,38.0,27.5,True,False,0.5238095238095238,0.5238095238095238,0.04761904761904767,<20,coin_flip,favorite_3_to_7,mid_total_42_47,1.9090909090909092,1.9090909090909092,0.9090909090909092,-1.0
2024-09-30T23:45:00Z,2024-09-30T23:40:39Z,2024-09-30T23:35:39Z,2024-09-30T23:45:39Z,2b7f812133cedc184625d7bc8362564a,americanfootball_nfl,2024-10-01 00:15:00+00:00,Detroit Lions,Seattle Seahawks,fanduel,FanDuel,2024-09-30T23:39:40Z,player_rush_yds,2024-09-30T23:39:47Z,Kenneth Walker III,48.5,-110.0,-110,2024-09-30,DET,SEA,kenneth walker,2024,4,Kenneth Walker,SEA,RB,0.0,80.0,36.0,4.0,80.0,1,False,-3.5,3.5,46.5,False,True,3.5,-3.5,True,False,False,21.5,2024,4,80.0,31.5,True,False,0.5238095238095238,0.5238095238095238,0.04761904761904767,40-60,coin_flip,favorite_3_to_7,mid_total_42_47,1.9090909090909092,1.9090909090909092,0.9090909090909092,-1.0
2024-09-30T23:45:00Z,2024-09-30T23:40:39Z,2024-09-30T23:35:39Z,2024-09-30T23:45:39Z,2b7f812133cedc184625d7bc8362564a,americanfootball_nfl,2024-10-01 00:15:00+00:00,Detroit Lions,Seattle Seahawks,fanduel,FanDuel,2024-09-30T23:39:40Z,player_rush_yds,2024-09-30T23:39:47Z,David Montgomery,63.5,-110.0,-110,2024-09-30,DET,SEA,david montgomery,2024,4,David Montgomery,DET,RB,0.0,40.0,40.0,1.0,40.0,0,False,-3.5,3.5,46.5,True,False,-3.5,3.5,False,True,False,25.0,2024,4,40.0,-23.5,False,True,0.5238095238095238,0.5238095238095238,0.04761904761904767,60-80,coin_flip,dog_3_to_7,mid_total_42_47,1.9090909090909092,1.9090909090909092,-1.0,0.9090909090909092
