player,player_normalized,team,position,season,week,source,market,projection,captured_at,captured_at_source,raw_file,team_raw,source_player_id,source_row_number,source_column
Jahmyr Gibbs,jahmyr gibbs,DET,RB,2026,1,pff,player_rush_yds,79.7416,2026-08-04T11:00:00-04:00,filename,C:\Users\brady\OneDrive\Desktop\nfl-tools\player_props\data\raw\projections\pff\2026\week_01\snapshots\08_04_26_1100projections.csv,DET,,2,rushYds
Jahmyr Gibbs,jahmyr gibbs,DET,RB,2026,1,pff,player_reception_yds,30.1683,2026-08-04T11:00:00-04:00,filename,C:\Users\brady\OneDrive\Desktop\nfl-tools\player_props\data\raw\projections\pff\2026\week_01\snapshots\08_04_26_1100projections.csv,DET,,2,recvYds
Jahmyr Gibbs,jahmyr gibbs,DET,RB,2026,1,pff,player_receptions,4.2142,2026-08-04T11:00:00-04:00,filename,C:\Users\brady\OneDrive\Desktop\nfl-tools\player_props\data\raw\projections\pff\2026\week_01\snapshots\08_04_26_1100projections.csv,DET,,2,recvReceptions
Bijan Robinson,bijan robinson,ATL,RB,2026,1,pff,player_rush_yds,69.0367,2026-08-04T11:00:00-04:00,filename,C:\Users\brady\OneDrive\Desktop\nfl-tools\player_props\data\raw\projections\pff\2026\week_01\snapshots\08_04_26_1100projections.csv,ATL,,3,rushYds
Bijan Robinson,bijan robinson,ATL,RB,2026,1,pff,player_reception_yds,37.5008,2026-08-04T11:00:00-04:00,filename,C:\Users\brady\OneDrive\Desktop\nfl-tools\player_props\data\raw\projections\pff\2026\week_01\snapshots\08_04_26_1100projections.csv,ATL,,3,recvYds
Bijan Robinson,bijan robinson,ATL,RB,2026,1,pff,player_receptions,5.1134,2026-08-04T11:00:00-04:00,filename,C:\Users\brady\OneDrive\Desktop\nfl-tools\player_props\data\raw\projections\pff\2026\week_01\snapshots\08_04_26_1100projections.csv,ATL,,3,recvReceptions
Christian McCaffrey,christian mccaffrey,SF,RB,2026,1,pff,player_rush_yds,58.8788,2026-08-04T11:00:00-04:00,filename,C:\Users\brady\OneDrive\Desktop\nfl-tools\player_props\data\raw\projections\pff\2026\week_01\snapshots\08_04_26_1100projections.csv,SF,,4,rushYds
Christian McCaffrey,christian mccaffrey,SF,RB,2026,1,pff,player_reception_yds,39.4113,2026-08-04T11:00:00-04:00,filename,C:\Users\brady\OneDrive\Desktop\nfl-tools\player_props\data\raw\projections\pff\2026\week_01\snapshots\08_04_26_1100projections.csv,SF,,4,recvYds
Christian McCaffrey,christian mccaffrey,SF,RB,2026,1,pff,player_receptions,4.7937,2026-08-04T11:00:00-04:00,filename,C:\Users\brady\OneDrive\Desktop\nfl-tools\player_props\data\raw\projections\pff\2026\week_01\snapshots\08_04_26_1100projections.csv,SF,,4,recvReceptions
Jonathan Taylor,jonathan taylor,IND,RB,2026,1,pff,player_rush_yds,81.2938,2026-08-04T11:00:00-04:00,filename,C:\Users\brady\OneDrive\Desktop\nfl-tools\player_props\data\raw\projections\pff\2026\week_01\snapshots\08_04_26_1100projections.csv,IND,,5,rushYds
Jonathan Taylor,jonathan taylor,IND,RB,2026,1,pff,player_reception_yds,20.7025,2026-08-04T11:00:00-04:00,filename,C:\Users\brady\OneDrive\Desktop\nfl-tools\player_props\data\raw\projections\pff\2026\week_01\snapshots\08_04_26_1100projections.csv,IND,,5,recvYds
Jonathan Taylor,jonathan taylor,IND,RB,2026,1,pff,player_receptions,3.0699,2026-08-04T11:00:00-04:00,filename,C:\Users\brady\OneDrive\Desktop\nfl-tools\player_props\data\raw\projections\pff\2026\week_01\snapshots\08_04_26_1100projections.csv,IND,,5,recvReceptions
De'Von Achane,devon achane,MIA,RB,2026,1,pff,player_rush_yds,72.8944,2026-08-04T11:00:00-04:00,filename,C:\Users\brady\OneDrive\Desktop\nfl-tools\player_props\data\raw\projections\pff\2026\week_01\snapshots\08_04_26_1100projections.csv,MIA,,6,rushYds
De'Von Achane,devon achane,MIA,RB,2026,1,pff,player_reception_yds,25.0188,2026-08-04T11:00:00-04:00,filename,C:\Users\brady\OneDrive\Desktop\nfl-tools\player_props\data\raw\projections\pff\2026\week_01\snapshots\08_04_26_1100projections.csv,MIA,,6,recvYds
De'Von Achane,devon achane,MIA,RB,2026,1,pff,player_receptions,3.4525,2026-08-04T11:00:00-04:00,filename,C:\Users\brady\OneDrive\Desktop\nfl-tools\player_props\data\raw\projections\pff\2026\week_01\snapshots\08_04_26_1100projections.csv,MIA,,6,recvReceptions
Ashton Jeanty,ashton jeanty,LV,RB,2026,1,pff,player_rush_yds,79.061,2026-08-04T11:00:00-04:00,filename,C:\Users\brady\OneDrive\Desktop\nfl-tools\player_props\data\raw\projections\pff\2026\week_01\snapshots\08_04_26_1100projections.csv,LV,,7,rushYds
Ashton Jeanty,ashton jeanty,LV,RB,2026,1,pff,player_reception_yds,23.0042,2026-08-04T11:00:00-04:00,filename,C:\Users\brady\OneDrive\Desktop\nfl-tools\player_props\data\raw\projections\pff\2026\week_01\snapshots\08_04_26_1100projections.csv,LV,,7,recvYds
Ashton Jeanty,ashton jeanty,LV,RB,2026,1,pff,player_receptions,3.3523,2026-08-04T11:00:00-04:00,filename,C:\Users\brady\OneDrive\Desktop\nfl-tools\player_props\data\raw\projections\pff\2026\week_01\snapshots\08_04_26_1100projections.csv,LV,,7,recvReceptions
James Cook,james cook,BUF,RB,2026,1,pff,player_rush_yds,78.0135,2026-08-04T11:00:00-04:00,filename,C:\Users\brady\OneDrive\Desktop\nfl-tools\player_props\data\raw\projections\pff\2026\week_01\snapshots\08_04_26_1100projections.csv,BUF,,8,rushYds
James Cook,james cook,BUF,RB,2026,1,pff,player_reception_yds,17.4967,2026-08-04T11:00:00-04:00,filename,C:\Users\brady\OneDrive\Desktop\nfl-tools\player_props\data\raw\projections\pff\2026\week_01\snapshots\08_04_26_1100projections.csv,BUF,,8,recvYds
James Cook,james cook,BUF,RB,2026,1,pff,player_receptions,2.3684,2026-08-04T11:00:00-04:00,filename,C:\Users\brady\OneDrive\Desktop\nfl-tools\player_props\data\raw\projections\pff\2026\week_01\snapshots\08_04_26_1100projections.csv,BUF,,8,recvReceptions
Puka Nacua,puka nacua,LAR,WR,2026,1,pff,player_rush_yds,4.1488,2026-08-04T11:00:00-04:00,filename,C:\Users\brady\OneDrive\Desktop\nfl-tools\player_props\data\raw\projections\pff\2026\week_01\snapshots\08_04_26_1100projections.csv,LA,,9,rushYds
Puka Nacua,puka nacua,LAR,WR,2026,1,pff,player_reception_yds,86.8825,2026-08-04T11:00:00-04:00,filename,C:\Users\brady\OneDrive\Desktop\nfl-tools\player_props\data\raw\projections\pff\2026\week_01\snapshots\08_04_26_1100projections.csv,LA,,9,recvYds
Puka Nacua,puka nacua,LAR,WR,2026,1,pff,player_receptions,7.6068,2026-08-04T11:00:00-04:00,filename,C:\Users\brady\OneDrive\Desktop\nfl-tools\player_props\data\raw\projections\pff\2026\week_01\snapshots\08_04_26_1100projections.csv,LA,,9,recvReceptions
Ja'Marr Chase,jamarr chase,CIN,WR,2026,1,pff,player_rush_yds,0.7624,2026-08-04T11:00:00-04:00,filename,C:\Users\brady\OneDrive\Desktop\nfl-tools\player_props\data\raw\projections\pff\2026\week_01\snapshots\08_04_26_1100projections.csv,CIN,,10,rushYds
Ja'Marr Chase,jamarr chase,CIN,WR,2026,1,pff,player_reception_yds,84.3068,2026-08-04T11:00:00-04:00,filename,C:\Users\brady\OneDrive\Desktop\nfl-tools\player_props\data\raw\projections\pff\2026\week_01\snapshots\08_04_26_1100projections.csv,CIN,,10,recvYds
Ja'Marr Chase,jamarr chase,CIN,WR,2026,1,pff,player_receptions,7.256,2026-08-04T11:00:00-04:00,filename,C:\Users\brady\OneDrive\Desktop\nfl-tools\player_props\data\raw\projections\pff\2026\week_01\snapshots\08_04_26_1100projections.csv,CIN,,10,recvReceptions
Saquon Barkley,saquon barkley,PHI,RB,2026,1,pff,player_rush_yds,68.0098,2026-08-04T11:00:00-04:00,filename,C:\Users\brady\OneDrive\Desktop\nfl-tools\player_props\data\raw\projections\pff\2026\week_01\snapshots\08_04_26_1100projections.csv,PHI,,11,rushYds
Saquon Barkley,saquon barkley,PHI,RB,2026,1,pff,player_reception_yds,19.7502,2026-08-04T11:00:00-04:00,filename,C:\Users\brady\OneDrive\Desktop\nfl-tools\player_props\data\raw\projections\pff\2026\week_01\snapshots\08_04_26_1100projections.csv,PHI,,11,recvYds
Saquon Barkley,saquon barkley,PHI,RB,2026,1,pff,player_receptions,2.7864,2026-08-04T11:00:00-04:00,filename,C:\Users\brady\OneDrive\Desktop\nfl-tools\player_props\data\raw\projections\pff\2026\week_01\snapshots\08_04_26_1100projections.csv,PHI,,11,recvReceptions
Josh Jacobs,josh jacobs,GB,RB,2026,1,pff,player_rush_yds,70.3344,2026-08-04T11:00:00-04:00,filename,C:\Users\brady\OneDrive\Desktop\nfl-tools\player_props\data\raw\projections\pff\2026\week_01\snapshots\08_04_26_1100projections.csv,GB,,12,rushYds
Josh Jacobs,josh jacobs,GB,RB,2026,1,pff,player_reception_yds,16.0689,2026-08-04T11:00:00-04:00,filename,C:\Users\brady\OneDrive\Desktop\nfl-tools\player_props\data\raw\projections\pff\2026\week_01\snapshots\08_04_26_1100projections.csv,GB,,12,recvYds
Josh Jacobs,josh jacobs,GB,RB,2026,1,pff,player_receptions,2.3497,2026-08-04T11:00:00-04:00,filename,C:\Users\brady\OneDrive\Desktop\nfl-tools\player_props\data\raw\projections\pff\2026\week_01\snapshots\08_04_26_1100projections.csv,GB,,12,recvReceptions
Chase Brown,chase brown,CIN,RB,2026,1,pff,player_rush_yds,54.3163,2026-08-04T11:00:00-04:00,filename,C:\Users\brady\OneDrive\Desktop\nfl-tools\player_props\data\raw\projections\pff\2026\week_01\snapshots\08_04_26_1100projections.csv,CIN,,13,rushYds
Chase Brown,chase brown,CIN,RB,2026,1,pff,player_reception_yds,26.8725,2026-08-04T11:00:00-04:00,filename,C:\Users\brady\OneDrive\Desktop\nfl-tools\player_props\data\raw\projections\pff\2026\week_01\snapshots\08_04_26_1100projections.csv,CIN,,13,recvYds
Chase Brown,chase brown,CIN,RB,2026,1,pff,player_receptions,3.7876,2026-08-04T11:00:00-04:00,filename,C:\Users\brady\OneDrive\Desktop\nfl-tools\player_props\data\raw\projections\pff\2026\week_01\snapshots\08_04_26_1100projections.csv,CIN,,13,recvReceptions
Kenneth Walker III,kenneth walker,KC,RB,2026,1,pff,player_rush_yds,64.567,2026-08-04T11:00:00-04:00,filename,C:\Users\brady\OneDrive\Desktop\nfl-tools\player_props\data\raw\projections\pff\2026\week_01\snapshots\08_04_26_1100projections.csv,KC,,14,rushYds
Kenneth Walker III,kenneth walker,KC,RB,2026,1,pff,player_reception_yds,22.4924,2026-08-04T11:00:00-04:00,filename,C:\Users\brady\OneDrive\Desktop\nfl-tools\player_props\data\raw\projections\pff\2026\week_01\snapshots\08_04_26_1100projections.csv,KC,,14,recvYds
Kenneth Walker III,kenneth walker,KC,RB,2026,1,pff,player_receptions,3.2276,2026-08-04T11:00:00-04:00,filename,C:\Users\brady\OneDrive\Desktop\nfl-tools\player_props\data\raw\projections\pff\2026\week_01\snapshots\08_04_26_1100projections.csv,KC,,14,recvReceptions
Jaxon Smith-Njigba,jaxon smithnjigba,SEA,WR,2026,1,pff,player_rush_yds,1.2343,2026-08-04T11:00:00-04:00,filename,C:\Users\brady\OneDrive\Desktop\nfl-tools\player_props\data\raw\projections\pff\2026\week_01\snapshots\08_04_26_1100projections.csv,SEA,,15,rushYds
Jaxon Smith-Njigba,jaxon smithnjigba,SEA,WR,2026,1,pff,player_reception_yds,80.874,2026-08-04T11:00:00-04:00,filename,C:\Users\brady\OneDrive\Desktop\nfl-tools\player_props\data\raw\projections\pff\2026\week_01\snapshots\08_04_26_1100projections.csv,SEA,,15,recvYds
Jaxon Smith-Njigba,jaxon smithnjigba,SEA,WR,2026,1,pff,player_receptions,7.2312,2026-08-04T11:00:00-04:00,filename,C:\Users\brady\OneDrive\Desktop\nfl-tools\player_props\data\raw\projections\pff\2026\week_01\snapshots\08_04_26_1100projections.csv,SEA,,15,recvReceptions
Omarion Hampton,omarion hampton,LAC,RB,2026,1,pff,player_rush_yds,61.1475,2026-08-04T11:00:00-04:00,filename,C:\Users\brady\OneDrive\Desktop\nfl-tools\player_props\data\raw\projections\pff\2026\week_01\snapshots\08_04_26_1100projections.csv,LAC,,16,rushYds
Omarion Hampton,omarion hampton,LAC,RB,2026,1,pff,player_reception_yds,22.2317,2026-08-04T11:00:00-04:00,filename,C:\Users\brady\OneDrive\Desktop\nfl-tools\player_props\data\raw\projections\pff\2026\week_01\snapshots\08_04_26_1100projections.csv,LAC,,16,recvYds
Omarion Hampton,omarion hampton,LAC,RB,2026,1,pff,player_receptions,3.2325,2026-08-04T11:00:00-04:00,filename,C:\Users\brady\OneDrive\Desktop\nfl-tools\player_props\data\raw\projections\pff\2026\week_01\snapshots\08_04_26_1100projections.csv,LAC,,16,recvReceptions
Derrick Henry,derrick henry,BAL,RB,2026,1,pff,player_rush_yds,77.5281,2026-08-04T11:00:00-04:00,filename,C:\Users\brady\OneDrive\Desktop\nfl-tools\player_props\data\raw\projections\pff\2026\week_01\snapshots\08_04_26_1100projections.csv,BLT,,17,rushYds
Derrick Henry,derrick henry,BAL,RB,2026,1,pff,player_reception_yds,9.6862,2026-08-04T11:00:00-04:00,filename,C:\Users\brady\OneDrive\Desktop\nfl-tools\player_props\data\raw\projections\pff\2026\week_01\snapshots\08_04_26_1100projections.csv,BLT,,17,recvYds
Derrick Henry,derrick henry,BAL,RB,2026,1,pff,player_receptions,1.3339,2026-08-04T11:00:00-04:00,filename,C:\Users\brady\OneDrive\Desktop\nfl-tools\player_props\data\raw\projections\pff\2026\week_01\snapshots\08_04_26_1100projections.csv,BLT,,17,recvReceptions
Jeremiyah Love,jeremiyah love,ARI,RB,2026,1,pff,player_rush_yds,68.5909,2026-08-04T11:00:00-04:00,filename,C:\Users\brady\OneDrive\Desktop\nfl-tools\player_props\data\raw\projections\pff\2026\week_01\snapshots\08_04_26_1100projections.csv,ARZ,,18,rushYds
Jeremiyah Love,jeremiyah love,ARI,RB,2026,1,pff,player_reception_yds,16.2622,2026-08-04T11:00:00-04:00,filename,C:\Users\brady\OneDrive\Desktop\nfl-tools\player_props\data\raw\projections\pff\2026\week_01\snapshots\08_04_26_1100projections.csv,ARZ,,18,recvYds
Jeremiyah Love,jeremiyah love,ARI,RB,2026,1,pff,player_receptions,2.3716,2026-08-04T11:00:00-04:00,filename,C:\Users\brady\OneDrive\Desktop\nfl-tools\player_props\data\raw\projections\pff\2026\week_01\snapshots\08_04_26_1100projections.csv,ARZ,,18,recvReceptions
Breece Hall,breece hall,NYJ,RB,2026,1,pff,player_rush_yds,65.8787,2026-08-04T11:00:00-04:00,filename,C:\Users\brady\OneDrive\Desktop\nfl-tools\player_props\data\raw\projections\pff\2026\week_01\snapshots\08_04_26_1100projections.csv,NYJ,,19,rushYds
Breece Hall,breece hall,NYJ,RB,2026,1,pff,player_reception_yds,20.448,2026-08-04T11:00:00-04:00,filename,C:\Users\brady\OneDrive\Desktop\nfl-tools\player_props\data\raw\projections\pff\2026\week_01\snapshots\08_04_26_1100projections.csv,NYJ,,19,recvYds
Breece Hall,breece hall,NYJ,RB,2026,1,pff,player_receptions,2.7504,2026-08-04T11:00:00-04:00,filename,C:\Users\brady\OneDrive\Desktop\nfl-tools\player_props\data\raw\projections\pff\2026\week_01\snapshots\08_04_26_1100projections.csv,NYJ,,19,recvReceptions
Javonte Williams,javonte williams,DAL,RB,2026,1,pff,player_rush_yds,71.3478,2026-08-04T11:00:00-04:00,filename,C:\Users\brady\OneDrive\Desktop\nfl-tools\player_props\data\raw\projections\pff\2026\week_01\snapshots\08_04_26_1100projections.csv,DAL,,20,rushYds
Javonte Williams,javonte williams,DAL,RB,2026,1,pff,player_reception_yds,12.9024,2026-08-04T11:00:00-04:00,filename,C:\Users\brady\OneDrive\Desktop\nfl-tools\player_props\data\raw\projections\pff\2026\week_01\snapshots\08_04_26_1100projections.csv,DAL,,20,recvYds
Javonte Williams,javonte williams,DAL,RB,2026,1,pff,player_receptions,1.9438,2026-08-04T11:00:00-04:00,filename,C:\Users\brady\OneDrive\Desktop\nfl-tools\player_props\data\raw\projections\pff\2026\week_01\snapshots\08_04_26_1100projections.csv,DAL,,20,recvReceptions
Kyren Williams,kyren williams,LAR,RB,2026,1,pff,player_rush_yds,60.6903,2026-08-04T11:00:00-04:00,filename,C:\Users\brady\OneDrive\Desktop\nfl-tools\player_props\data\raw\projections\pff\2026\week_01\snapshots\08_04_26_1100projections.csv,LA,,21,rushYds
Kyren Williams,kyren williams,LAR,RB,2026,1,pff,player_reception_yds,18.1229,2026-08-04T11:00:00-04:00,filename,C:\Users\brady\OneDrive\Desktop\nfl-tools\player_props\data\raw\projections\pff\2026\week_01\snapshots\08_04_26_1100projections.csv,LA,,21,recvYds
Kyren Williams,kyren williams,LAR,RB,2026,1,pff,player_receptions,2.4282,2026-08-04T11:00:00-04:00,filename,C:\Users\brady\OneDrive\Desktop\nfl-tools\player_props\data\raw\projections\pff\2026\week_01\snapshots\08_04_26_1100projections.csv,LA,,21,recvReceptions
Amon-Ra St. Brown,amonra st brown,DET,WR,2026,1,pff,player_rush_yds,0.6647,2026-08-04T11:00:00-04:00,filename,C:\Users\brady\OneDrive\Desktop\nfl-tools\player_props\data\raw\projections\pff\2026\week_01\snapshots\08_04_26_1100projections.csv,DET,,22,rushYds
Amon-Ra St. Brown,amonra st brown,DET,WR,2026,1,pff,player_reception_yds,73.7209,2026-08-04T11:00:00-04:00,filename,C:\Users\brady\OneDrive\Desktop\nfl-tools\player_props\data\raw\projections\pff\2026\week_01\snapshots\08_04_26_1100projections.csv,DET,,22,recvYds
Amon-Ra St. Brown,amonra st brown,DET,WR,2026,1,pff,player_receptions,6.676,2026-08-04T11:00:00-04:00,filename,C:\Users\brady\OneDrive\Desktop\nfl-tools\player_props\data\raw\projections\pff\2026\week_01\snapshots\08_04_26_1100projections.csv,DET,,22,recvReceptions
Bucky Irving,bucky irving,TB,RB,2026,1,pff,player_rush_yds,62.495,2026-08-04T11:00:00-04:00,filename,C:\Users\brady\OneDrive\Desktop\nfl-tools\player_props\data\raw\projections\pff\2026\week_01\snapshots\08_04_26_1100projections.csv,TB,,23,rushYds
Bucky Irving,bucky irving,TB,RB,2026,1,pff,player_reception_yds,18.225,2026-08-04T11:00:00-04:00,filename,C:\Users\brady\OneDrive\Desktop\nfl-tools\player_props\data\raw\projections\pff\2026\week_01\snapshots\08_04_26_1100projections.csv,TB,,23,recvYds
Bucky Irving,bucky irving,TB,RB,2026,1,pff,player_receptions,2.5473,2026-08-04T11:00:00-04:00,filename,C:\Users\brady\OneDrive\Desktop\nfl-tools\player_props\data\raw\projections\pff\2026\week_01\snapshots\08_04_26_1100projections.csv,TB,,23,recvReceptions
Justin Jefferson,justin jefferson,MIN,WR,2026,1,pff,player_reception_yds,76.2558,2026-08-04T11:00:00-04:00,filename,C:\Users\brady\OneDrive\Desktop\nfl-tools\player_props\data\raw\projections\pff\2026\week_01\snapshots\08_04_26_1100projections.csv,MIN,,24,recvYds
Justin Jefferson,justin jefferson,MIN,WR,2026,1,pff,player_receptions,6.7203,2026-08-04T11:00:00-04:00,filename,C:\Users\brady\OneDrive\Desktop\nfl-tools\player_props\data\raw\projections\pff\2026\week_01\snapshots\08_04_26_1100projections.csv,MIN,,24,recvReceptions
Drake London,drake london,ATL,WR,2026,1,pff,player_reception_yds,75.0028,2026-08-04T11:00:00-04:00,filename,C:\Users\brady\OneDrive\Desktop\nfl-tools\player_props\data\raw\projections\pff\2026\week_01\snapshots\08_04_26_1100projections.csv,ATL,,25,recvYds
Drake London,drake london,ATL,WR,2026,1,pff,player_receptions,6.4177,2026-08-04T11:00:00-04:00,filename,C:\Users\brady\OneDrive\Desktop\nfl-tools\player_props\data\raw\projections\pff\2026\week_01\snapshots\08_04_26_1100projections.csv,ATL,,25,recvReceptions
CeeDee Lamb,ceedee lamb,DAL,WR,2026,1,pff,player_rush_yds,1.1828,2026-08-04T11:00:00-04:00,filename,C:\Users\brady\OneDrive\Desktop\nfl-tools\player_props\data\raw\projections\pff\2026\week_01\snapshots\08_04_26_1100projections.csv,DAL,,26,rushYds
CeeDee Lamb,ceedee lamb,DAL,WR,2026,1,pff,player_reception_yds,74.7819,2026-08-04T11:00:00-04:00,filename,C:\Users\brady\OneDrive\Desktop\nfl-tools\player_props\data\raw\projections\pff\2026\week_01\snapshots\08_04_26_1100projections.csv,DAL,,26,recvYds
CeeDee Lamb,ceedee lamb,DAL,WR,2026,1,pff,player_receptions,6.4237,2026-08-04T11:00:00-04:00,filename,C:\Users\brady\OneDrive\Desktop\nfl-tools\player_props\data\raw\projections\pff\2026\week_01\snapshots\08_04_26_1100projections.csv,DAL,,26,recvReceptions
Travis Etienne Jr.,travis etienne,NO,RB,2026,1,pff,player_rush_yds,58.9002,2026-08-04T11:00:00-04:00,filename,C:\Users\brady\OneDrive\Desktop\nfl-tools\player_props\data\raw\projections\pff\2026\week_01\snapshots\08_04_26_1100projections.csv,NO,,27,rushYds
Travis Etienne Jr.,travis etienne,NO,RB,2026,1,pff,player_reception_yds,18.6071,2026-08-04T11:00:00-04:00,filename,C:\Users\brady\OneDrive\Desktop\nfl-tools\player_props\data\raw\projections\pff\2026\week_01\snapshots\08_04_26_1100projections.csv,NO,,27,recvYds
Travis Etienne Jr.,travis etienne,NO,RB,2026,1,pff,player_receptions,2.7804,2026-08-04T11:00:00-04:00,filename,C:\Users\brady\OneDrive\Desktop\nfl-tools\player_props\data\raw\projections\pff\2026\week_01\snapshots\08_04_26_1100projections.csv,NO,,27,recvReceptions
Rashee Rice,rashee rice,KC,WR,2026,1,pff,player_rush_yds,2.3013,2026-08-04T11:00:00-04:00,filename,C:\Users\brady\OneDrive\Desktop\nfl-tools\player_props\data\raw\projections\pff\2026\week_01\snapshots\08_04_26_1100projections.csv,KC,,28,rushYds
Rashee Rice,rashee rice,KC,WR,2026,1,pff,player_reception_yds,63.1483,2026-08-04T11:00:00-04:00,filename,C:\Users\brady\OneDrive\Desktop\nfl-tools\player_props\data\raw\projections\pff\2026\week_01\snapshots\08_04_26_1100projections.csv,KC,,28,recvYds
Rashee Rice,rashee rice,KC,WR,2026,1,pff,player_receptions,6.834,2026-08-04T11:00:00-04:00,filename,C:\Users\brady\OneDrive\Desktop\nfl-tools\player_props\data\raw\projections\pff\2026\week_01\snapshots\08_04_26_1100projections.csv,KC,,28,recvReceptions
Jadarian Price,jadarian price,SEA,RB,2026,1,pff,player_rush_yds,61.9375,2026-08-04T11:00:00-04:00,filename,C:\Users\brady\OneDrive\Desktop\nfl-tools\player_props\data\raw\projections\pff\2026\week_01\snapshots\08_04_26_1100projections.csv,SEA,,29,rushYds
Jadarian Price,jadarian price,SEA,RB,2026,1,pff,player_reception_yds,13.5941,2026-08-04T11:00:00-04:00,filename,C:\Users\brady\OneDrive\Desktop\nfl-tools\player_props\data\raw\projections\pff\2026\week_01\snapshots\08_04_26_1100projections.csv,SEA,,29,recvYds
Jadarian Price,jadarian price,SEA,RB,2026,1,pff,player_receptions,1.948,2026-08-04T11:00:00-04:00,filename,C:\Users\brady\OneDrive\Desktop\nfl-tools\player_props\data\raw\projections\pff\2026\week_01\snapshots\08_04_26_1100projections.csv,SEA,,29,recvReceptions
Cam Skattebo,cam skattebo,NYG,RB,2026,1,pff,player_rush_yds,53.2533,2026-08-04T11:00:00-04:00,filename,C:\Users\brady\OneDrive\Desktop\nfl-tools\player_props\data\raw\projections\pff\2026\week_01\snapshots\08_04_26_1100projections.csv,NYG,,30,rushYds
Cam Skattebo,cam skattebo,NYG,RB,2026,1,pff,player_reception_yds,16.6698,2026-08-04T11:00:00-04:00,filename,C:\Users\brady\OneDrive\Desktop\nfl-tools\player_props\data\raw\projections\pff\2026\week_01\snapshots\08_04_26_1100projections.csv,NYG,,30,recvYds
Cam Skattebo,cam skattebo,NYG,RB,2026,1,pff,player_receptions,2.4197,2026-08-04T11:00:00-04:00,filename,C:\Users\brady\OneDrive\Desktop\nfl-tools\player_props\data\raw\projections\pff\2026\week_01\snapshots\08_04_26_1100projections.csv,NYG,,30,recvReceptions
Quinshon Judkins,quinshon judkins,CLE,RB,2026,1,pff,player_rush_yds,64.4971,2026-08-04T11:00:00-04:00,filename,C:\Users\brady\OneDrive\Desktop\nfl-tools\player_props\data\raw\projections\pff\2026\week_01\snapshots\08_04_26_1100projections.csv,CLV,,31,rushYds
Quinshon Judkins,quinshon judkins,CLE,RB,2026,1,pff,player_reception_yds,14.0598,2026-08-04T11:00:00-04:00,filename,C:\Users\brady\OneDrive\Desktop\nfl-tools\player_props\data\raw\projections\pff\2026\week_01\snapshots\08_04_26_1100projections.csv,CLV,,31,recvYds
Quinshon Judkins,quinshon judkins,CLE,RB,2026,1,pff,player_receptions,2.1139,2026-08-04T11:00:00-04:00,filename,C:\Users\brady\OneDrive\Desktop\nfl-tools\player_props\data\raw\projections\pff\2026\week_01\snapshots\08_04_26_1100projections.csv,CLV,,31,recvReceptions
D'Andre Swift,dandre swift,CHI,RB,2026,1,pff,player_rush_yds,57.2383,2026-08-04T11:00:00-04:00,filename,C:\Users\brady\OneDrive\Desktop\nfl-tools\player_props\data\raw\projections\pff\2026\week_01\snapshots\08_04_26_1100projections.csv,CHI,,32,rushYds
D'Andre Swift,dandre swift,CHI,RB,2026,1,pff,player_reception_yds,14.2505,2026-08-04T11:00:00-04:00,filename,C:\Users\brady\OneDrive\Desktop\nfl-tools\player_props\data\raw\projections\pff\2026\week_01\snapshots\08_04_26_1100projections.csv,CHI,,32,recvYds
D'Andre Swift,dandre swift,CHI,RB,2026,1,pff,player_receptions,2.0996,2026-08-04T11:00:00-04:00,filename,C:\Users\brady\OneDrive\Desktop\nfl-tools\player_props\data\raw\projections\pff\2026\week_01\snapshots\08_04_26_1100projections.csv,CHI,,32,recvReceptions
A.J. Brown,aj brown,NE,WR,2026,1,pff,player_reception_yds,69.1926,2026-08-04T11:00:00-04:00,filename,C:\Users\brady\OneDrive\Desktop\nfl-tools\player_props\data\raw\projections\pff\2026\week_01\snapshots\08_04_26_1100projections.csv,NE,,33,recvYds
A.J. Brown,aj brown,NE,WR,2026,1,pff,player_receptions,5.5056,2026-08-04T11:00:00-04:00,filename,C:\Users\brady\OneDrive\Desktop\nfl-tools\player_props\data\raw\projections\pff\2026\week_01\snapshots\08_04_26_1100projections.csv,NE,,33,recvReceptions
Nico Collins,nico collins,HOU,WR,2026,1,pff,player_rush_yds,0.2843,2026-08-04T11:00:00-04:00,filename,C:\Users\brady\OneDrive\Desktop\nfl-tools\player_props\data\raw\projections\pff\2026\week_01\snapshots\08_04_26_1100projections.csv,HST,,34,rushYds
Nico Collins,nico collins,HOU,WR,2026,1,pff,player_reception_yds,71.209,2026-08-04T11:00:00-04:00,filename,C:\Users\brady\OneDrive\Desktop\nfl-tools\player_props\data\raw\projections\pff\2026\week_01\snapshots\08_04_26_1100projections.csv,HST,,34,recvYds
Nico Collins,nico collins,HOU,WR,2026,1,pff,player_receptions,5.5594,2026-08-04T11:00:00-04:00,filename,C:\Users\brady\OneDrive\Desktop\nfl-tools\player_props\data\raw\projections\pff\2026\week_01\snapshots\08_04_26_1100projections.csv,HST,,34,recvReceptions
Trey McBride,trey mcbride,ARI,TE,2026,1,pff,player_reception_yds,57.6294,2026-08-04T11:00:00-04:00,filename,C:\Users\brady\OneDrive\Desktop\nfl-tools\player_props\data\raw\projections\pff\2026\week_01\snapshots\08_04_26_1100projections.csv,ARZ,,35,recvYds
Trey McBride,trey mcbride,ARI,TE,2026,1,pff,player_receptions,6.1621,2026-08-04T11:00:00-04:00,filename,C:\Users\brady\OneDrive\Desktop\nfl-tools\player_props\data\raw\projections\pff\2026\week_01\snapshots\08_04_26_1100projections.csv,ARZ,,35,recvReceptions
TreVeyon Henderson,treveyon henderson,NE,RB,2026,1,pff,player_rush_yds,43.1959,2026-08-04T11:00:00-04:00,filename,C:\Users\brady\OneDrive\Desktop\nfl-tools\player_props\data\raw\projections\pff\2026\week_01\snapshots\08_04_26_1100projections.csv,NE,,36,rushYds
TreVeyon Henderson,treveyon henderson,NE,RB,2026,1,pff,player_reception_yds,19.0184,2026-08-04T11:00:00-04:00,filename,C:\Users\brady\OneDrive\Desktop\nfl-tools\player_props\data\raw\projections\pff\2026\week_01\snapshots\08_04_26_1100projections.csv,NE,,36,recvYds
TreVeyon Henderson,treveyon henderson,NE,RB,2026,1,pff,player_receptions,2.7211,2026-08-04T11:00:00-04:00,filename,C:\Users\brady\OneDrive\Desktop\nfl-tools\player_props\data\raw\projections\pff\2026\week_01\snapshots\08_04_26_1100projections.csv,NE,,36,recvReceptions
David Montgomery,david montgomery,HOU,RB,2026,1,pff,player_rush_yds,60.9357,2026-08-04T11:00:00-04:00,filename,C:\Users\brady\OneDrive\Desktop\nfl-tools\player_props\data\raw\projections\pff\2026\week_01\snapshots\08_04_26_1100projections.csv,HST,,37,rushYds
David Montgomery,david montgomery,HOU,RB,2026,1,pff,player_reception_yds,10.5925,2026-08-04T11:00:00-04:00,filename,C:\Users\brady\OneDrive\Desktop\nfl-tools\player_props\data\raw\projections\pff\2026\week_01\snapshots\08_04_26_1100projections.csv,HST,,37,recvYds
David Montgomery,david montgomery,HOU,RB,2026,1,pff,player_receptions,1.5092,2026-08-04T11:00:00-04:00,filename,C:\Users\brady\OneDrive\Desktop\nfl-tools\player_props\data\raw\projections\pff\2026\week_01\snapshots\08_04_26_1100projections.csv,HST,,37,recvReceptions
Malik Nabers,malik nabers,NYG,WR,2026,1,pff,player_rush_yds,1.1815,2026-08-04T11:00:00-04:00,filename,C:\Users\brady\OneDrive\Desktop\nfl-tools\player_props\data\raw\projections\pff\2026\week_01\snapshots\08_04_26_1100projections.csv,NYG,,38,rushYds
Malik Nabers,malik nabers,NYG,WR,2026,1,pff,player_reception_yds,65.4701,2026-08-04T11:00:00-04:00,filename,C:\Users\brady\OneDrive\Desktop\nfl-tools\player_props\data\raw\projections\pff\2026\week_01\snapshots\08_04_26_1100projections.csv,NYG,,38,recvYds
Malik Nabers,malik nabers,NYG,WR,2026,1,pff,player_receptions,5.5185,2026-08-04T11:00:00-04:00,filename,C:\Users\brady\OneDrive\Desktop\nfl-tools\player_props\data\raw\projections\pff\2026\week_01\snapshots\08_04_26_1100projections.csv,NYG,,38,recvReceptions
Chris Olave,chris olave,NO,WR,2026,1,pff,player_reception_yds,66.9311,2026-08-04T11:00:00-04:00,filename,C:\Users\brady\OneDrive\Desktop\nfl-tools\player_props\data\raw\projections\pff\2026\week_01\snapshots\08_04_26_1100projections.csv,NO,,39,recvYds
Chris Olave,chris olave,NO,WR,2026,1,pff,player_receptions,5.5556,2026-08-04T11:00:00-04:00,filename,C:\Users\brady\OneDrive\Desktop\nfl-tools\player_props\data\raw\projections\pff\2026\week_01\snapshots\08_04_26_1100projections.csv,NO,,39,recvReceptions
Tony Pollard,tony pollard,TEN,RB,2026,1,pff,player_rush_yds,65.7232,2026-08-04T11:00:00-04:00,filename,C:\Users\brady\OneDrive\Desktop\nfl-tools\player_props\data\raw\projections\pff\2026\week_01\snapshots\08_04_26_1100projections.csv,TEN,,40,rushYds
Tony Pollard,tony pollard,TEN,RB,2026,1,pff,player_reception_yds,7.927,2026-08-04T11:00:00-04:00,filename,C:\Users\brady\OneDrive\Desktop\nfl-tools\player_props\data\raw\projections\pff\2026\week_01\snapshots\08_04_26_1100projections.csv,TEN,,40,recvYds
Tony Pollard,tony pollard,TEN,RB,2026,1,pff,player_receptions,1.2065,2026-08-04T11:00:00-04:00,filename,C:\Users\brady\OneDrive\Desktop\nfl-tools\player_props\data\raw\projections\pff\2026\week_01\snapshots\08_04_26_1100projections.csv,TEN,,40,recvReceptions
Bhayshul Tuten,bhayshul tuten,JAX,RB,2026,1,pff,player_rush_yds,47.9113,2026-08-04T11:00:00-04:00,filename,C:\Users\brady\OneDrive\Desktop\nfl-tools\player_props\data\raw\projections\pff\2026\week_01\snapshots\08_04_26_1100projections.csv,JAX,,41,rushYds
Bhayshul Tuten,bhayshul tuten,JAX,RB,2026,1,pff,player_reception_yds,14.2342,2026-08-04T11:00:00-04:00,filename,C:\Users\brady\OneDrive\Desktop\nfl-tools\player_props\data\raw\projections\pff\2026\week_01\snapshots\08_04_26_1100projections.csv,JAX,,41,recvYds
Bhayshul Tuten,bhayshul tuten,JAX,RB,2026,1,pff,player_receptions,2.072,2026-08-04T11:00:00-04:00,filename,C:\Users\brady\OneDrive\Desktop\nfl-tools\player_props\data\raw\projections\pff\2026\week_01\snapshots\08_04_26_1100projections.csv,JAX,,41,recvReceptions
George Pickens,george pickens,DAL,WR,2026,1,pff,player_reception_yds,65.7109,2026-08-04T11:00:00-04:00,filename,C:\Users\brady\OneDrive\Desktop\nfl-tools\player_props\data\raw\projections\pff\2026\week_01\snapshots\08_04_26_1100projections.csv,DAL,,42,recvYds
George Pickens,george pickens,DAL,WR,2026,1,pff,player_receptions,5.1763,2026-08-04T11:00:00-04:00,filename,C:\Users\brady\OneDrive\Desktop\nfl-tools\player_props\data\raw\projections\pff\2026\week_01\snapshots\08_04_26_1100projections.csv,DAL,,42,recvReceptions
DeVonta Smith,devonta smith,PHI,WR,2026,1,pff,player_reception_yds,63.8152,2026-08-04T11:00:00-04:00,filename,C:\Users\brady\OneDrive\Desktop\nfl-tools\player_props\data\raw\projections\pff\2026\week_01\snapshots\08_04_26_1100projections.csv,PHI,,43,recvYds
DeVonta Smith,devonta smith,PHI,WR,2026,1,pff,player_receptions,5.5532,2026-08-04T11:00:00-04:00,filename,C:\Users\brady\OneDrive\Desktop\nfl-tools\player_props\data\raw\projections\pff\2026\week_01\snapshots\08_04_26_1100projections.csv,PHI,,43,recvReceptions
Rhamondre Stevenson,rhamondre stevenson,NE,RB,2026,1,pff,player_rush_yds,39.3155,2026-08-04T11:00:00-04:00,filename,C:\Users\brady\OneDrive\Desktop\nfl-tools\player_props\data\raw\projections\pff\2026\week_01\snapshots\08_04_26_1100projections.csv,NE,,44,rushYds
Rhamondre Stevenson,rhamondre stevenson,NE,RB,2026,1,pff,player_reception_yds,19.0781,2026-08-04T11:00:00-04:00,filename,C:\Users\brady\OneDrive\Desktop\nfl-tools\player_props\data\raw\projections\pff\2026\week_01\snapshots\08_04_26_1100projections.csv,NE,,44,recvYds
Rhamondre Stevenson,rhamondre stevenson,NE,RB,2026,1,pff,player_receptions,2.5999,2026-08-04T11:00:00-04:00,filename,C:\Users\brady\OneDrive\Desktop\nfl-tools\player_props\data\raw\projections\pff\2026\week_01\snapshots\08_04_26_1100projections.csv,NE,,44,recvReceptions
Brock Bowers,brock bowers,LV,TE,2026,1,pff,player_rush_yds,1.1388,2026-08-04T11:00:00-04:00,filename,C:\Users\brady\OneDrive\Desktop\nfl-tools\player_props\data\raw\projections\pff\2026\week_01\snapshots\08_04_26_1100projections.csv,LV,,45,rushYds
Brock Bowers,brock bowers,LV,TE,2026,1,pff,player_reception_yds,54.8148,2026-08-04T11:00:00-04:00,filename,C:\Users\brady\OneDrive\Desktop\nfl-tools\player_props\data\raw\projections\pff\2026\week_01\snapshots\08_04_26_1100projections.csv,LV,,45,recvYds
Brock Bowers,brock bowers,LV,TE,2026,1,pff,player_receptions,5.5838,2026-08-04T11:00:00-04:00,filename,C:\Users\brady\OneDrive\Desktop\nfl-tools\player_props\data\raw\projections\pff\2026\week_01\snapshots\08_04_26_1100projections.csv,LV,,45,recvReceptions
Chuba Hubbard,chuba hubbard,CAR,RB,2026,1,pff,player_rush_yds,53.0679,2026-08-04T11:00:00-04:00,filename,C:\Users\brady\OneDrive\Desktop\nfl-tools\player_props\data\raw\projections\pff\2026\week_01\snapshots\08_04_26_1100projections.csv,CAR,,46,rushYds
Chuba Hubbard,chuba hubbard,CAR,RB,2026,1,pff,player_reception_yds,12.0897,2026-08-04T11:00:00-04:00,filename,C:\Users\brady\OneDrive\Desktop\nfl-tools\player_props\data\raw\projections\pff\2026\week_01\snapshots\08_04_26_1100projections.csv,CAR,,46,recvYds
Chuba Hubbard,chuba hubbard,CAR,RB,2026,1,pff,player_receptions,1.8306,2026-08-04T11:00:00-04:00,filename,C:\Users\brady\OneDrive\Desktop\nfl-tools\player_props\data\raw\projections\pff\2026\week_01\snapshots\08_04_26_1100projections.csv,CAR,,46,recvReceptions
Zay Flowers,zay flowers,BAL,WR,2026,1,pff,player_rush_yds,3.1522,2026-08-04T11:00:00-04:00,filename,C:\Users\brady\OneDrive\Desktop\nfl-tools\player_props\data\raw\projections\pff\2026\week_01\snapshots\08_04_26_1100projections.csv,BLT,,47,rushYds
Zay Flowers,zay flowers,BAL,WR,2026,1,pff,player_reception_yds,63.7322,2026-08-04T11:00:00-04:00,filename,C:\Users\brady\OneDrive\Desktop\nfl-tools\player_props\data\raw\projections\pff\2026\week_01\snapshots\08_04_26_1100projections.csv,BLT,,47,recvYds
Zay Flowers,zay flowers,BAL,WR,2026,1,pff,player_receptions,5.1484,2026-08-04T11:00:00-04:00,filename,C:\Users\brady\OneDrive\Desktop\nfl-tools\player_props\data\raw\projections\pff\2026\week_01\snapshots\08_04_26_1100projections.csv,BLT,,47,recvReceptions
Tetairoa McMillan,tetairoa mcmillan,CAR,WR,2026,1,pff,player_reception_yds,63.6972,2026-08-04T11:00:00-04:00,filename,C:\Users\brady\OneDrive\Desktop\nfl-tools\player_props\data\raw\projections\pff\2026\week_01\snapshots\08_04_26_1100projections.csv,CAR,,48,recvYds
Tetairoa McMillan,tetairoa mcmillan,CAR,WR,2026,1,pff,player_receptions,5.2928,2026-08-04T11:00:00-04:00,filename,C:\Users\brady\OneDrive\Desktop\nfl-tools\player_props\data\raw\projections\pff\2026\week_01\snapshots\08_04_26_1100projections.csv,CAR,,48,recvReceptions
Tee Higgins,tee higgins,CIN,WR,2026,1,pff,player_reception_yds,58.8712,2026-08-04T11:00:00-04:00,filename,C:\Users\brady\OneDrive\Desktop\nfl-tools\player_props\data\raw\projections\pff\2026\week_01\snapshots\08_04_26_1100projections.csv,CIN,,49,recvYds
Tee Higgins,tee higgins,CIN,WR,2026,1,pff,player_receptions,4.7221,2026-08-04T11:00:00-04:00,filename,C:\Users\brady\OneDrive\Desktop\nfl-tools\player_props\data\raw\projections\pff\2026\week_01\snapshots\08_04_26_1100projections.csv,CIN,,49,recvReceptions
Jaylen Warren,jaylen warren,PIT,RB,2026,1,pff,player_rush_yds,34.6835,2026-08-04T11:00:00-04:00,filename,C:\Users\brady\OneDrive\Desktop\nfl-tools\player_props\data\raw\projections\pff\2026\week_01\snapshots\08_04_26_1100projections.csv,PIT,,50,rushYds
Jaylen Warren,jaylen warren,PIT,RB,2026,1,pff,player_reception_yds,19.829,2026-08-04T11:00:00-04:00,filename,C:\Users\brady\OneDrive\Desktop\nfl-tools\player_props\data\raw\projections\pff\2026\week_01\snapshots\08_04_26_1100projections.csv,PIT,,50,recvYds
Jaylen Warren,jaylen warren,PIT,RB,2026,1,pff,player_receptions,2.9764,2026-08-04T11:00:00-04:00,filename,C:\Users\brady\OneDrive\Desktop\nfl-tools\player_props\data\raw\projections\pff\2026\week_01\snapshots\08_04_26_1100projections.csv,PIT,,50,recvReceptions
Davante Adams,davante adams,LAR,WR,2026,1,pff,player_reception_yds,59.4936,2026-08-04T11:00:00-04:00,filename,C:\Users\brady\OneDrive\Desktop\nfl-tools\player_props\data\raw\projections\pff\2026\week_01\snapshots\08_04_26_1100projections.csv,LA,,51,recvYds
Davante Adams,davante adams,LAR,WR,2026,1,pff,player_receptions,4.6754,2026-08-04T11:00:00-04:00,filename,C:\Users\brady\OneDrive\Desktop\nfl-tools\player_props\data\raw\projections\pff\2026\week_01\snapshots\08_04_26_1100projections.csv,LA,,51,recvReceptions
Garrett Wilson,garrett wilson,NYJ,WR,2026,1,pff,player_reception_yds,61.8446,2026-08-04T11:00:00-04:00,filename,C:\Users\brady\OneDrive\Desktop\nfl-tools\player_props\data\raw\projections\pff\2026\week_01\snapshots\08_04_26_1100projections.csv,NYJ,,52,recvYds
Garrett Wilson,garrett wilson,NYJ,WR,2026,1,pff,player_receptions,5.3744,2026-08-04T11:00:00-04:00,filename,C:\Users\brady\OneDrive\Desktop\nfl-tools\player_props\data\raw\projections\pff\2026\week_01\snapshots\08_04_26_1100projections.csv,NYJ,,52,recvReceptions
Rico Dowdle,rico dowdle,PIT,RB,2026,1,pff,player_rush_yds,49.3517,2026-08-04T11:00:00-04:00,filename,C:\Users\brady\OneDrive\Desktop\nfl-tools\player_props\data\raw\projections\pff\2026\week_01\snapshots\08_04_26_1100projections.csv,PIT,,53,rushYds
Rico Dowdle,rico dowdle,PIT,RB,2026,1,pff,player_reception_yds,12.198,2026-08-04T11:00:00-04:00,filename,C:\Users\brady\OneDrive\Desktop\nfl-tools\player_props\data\raw\projections\pff\2026\week_01\snapshots\08_04_26_1100projections.csv,PIT,,53,recvYds
Rico Dowdle,rico dowdle,PIT,RB,2026,1,pff,player_receptions,1.8176,2026-08-04T11:00:00-04:00,filename,C:\Users\brady\OneDrive\Desktop\nfl-tools\player_props\data\raw\projections\pff\2026\week_01\snapshots\08_04_26_1100projections.csv,PIT,,53,recvReceptions
Jake Tonges,jake tonges,SF,TE,2026,1,pff,player_reception_yds,53.2444,2026-08-04T11:00:00-04:00,filename,C:\Users\brady\OneDrive\Desktop\nfl-tools\player_props\data\raw\projections\pff\2026\week_01\snapshots\08_04_26_1100projections.csv,SF,,54,recvYds
Jake Tonges,jake tonges,SF,TE,2026,1,pff,player_receptions,5.1938,2026-08-04T11:00:00-04:00,filename,C:\Users\brady\OneDrive\Desktop\nfl-tools\player_props\data\raw\projections\pff\2026\week_01\snapshots\08_04_26_1100projections.csv,SF,,54,recvReceptions
Emeka Egbuka,emeka egbuka,TB,WR,2026,1,pff,player_rush_yds,0.2868,2026-08-04T11:00:00-04:00,filename,C:\Users\brady\OneDrive\Desktop\nfl-tools\player_props\data\raw\projections\pff\2026\week_01\snapshots\08_04_26_1100projections.csv,TB,,55,rushYds
Emeka Egbuka,emeka egbuka,TB,WR,2026,1,pff,player_reception_yds,60.2423,2026-08-04T11:00:00-04:00,filename,C:\Users\brady\OneDrive\Desktop\nfl-tools\player_props\data\raw\projections\pff\2026\week_01\snapshots\08_04_26_1100projections.csv,TB,,55,recvYds
Emeka Egbuka,emeka egbuka,TB,WR,2026,1,pff,player_receptions,4.7779,2026-08-04T11:00:00-04:00,filename,C:\Users\brady\OneDrive\Desktop\nfl-tools\player_props\data\raw\projections\pff\2026\week_01\snapshots\08_04_26_1100projections.csv,TB,,55,recvReceptions
RJ Harvey,rj harvey,DEN,RB,2026,1,pff,player_rush_yds,28.4871,2026-08-04T11:00:00-04:00,filename,C:\Users\brady\OneDrive\Desktop\nfl-tools\player_props\data\raw\projections\pff\2026\week_01\snapshots\08_04_26_1100projections.csv,DEN,,56,rushYds
RJ Harvey,rj harvey,DEN,RB,2026,1,pff,player_reception_yds,20.9203,2026-08-04T11:00:00-04:00,filename,C:\Users\brady\OneDrive\Desktop\nfl-tools\player_props\data\raw\projections\pff\2026\week_01\snapshots\08_04_26_1100projections.csv,DEN,,56,recvYds
RJ Harvey,rj harvey,DEN,RB,2026,1,pff,player_receptions,2.9971,2026-08-04T11:00:00-04:00,filename,C:\Users\brady\OneDrive\Desktop\nfl-tools\player_props\data\raw\projections\pff\2026\week_01\snapshots\08_04_26_1100projections.csv,DEN,,56,recvReceptions
Tucker Kraft,tucker kraft,GB,TE,2026,1,pff,player_rush_yds,0.752,2026-08-04T11:00:00-04:00,filename,C:\Users\brady\OneDrive\Desktop\nfl-tools\player_props\data\raw\projections\pff\2026\week_01\snapshots\08_04_26_1100projections.csv,GB,,57,rushYds
Tucker Kraft,tucker kraft,GB,TE,2026,1,pff,player_reception_yds,49.391,2026-08-04T11:00:00-04:00,filename,C:\Users\brady\OneDrive\Desktop\nfl-tools\player_props\data\raw\projections\pff\2026\week_01\snapshots\08_04_26_1100projections.csv,GB,,57,recvYds
Tucker Kraft,tucker kraft,GB,TE,2026,1,pff,player_receptions,5.014,2026-08-04T11:00:00-04:00,filename,C:\Users\brady\OneDrive\Desktop\nfl-tools\player_props\data\raw\projections\pff\2026\week_01\snapshots\08_04_26_1100projections.csv,GB,,57,recvReceptions
Tyler Warren,tyler warren,IND,TE,2026,1,pff,player_rush_yds,1.9419,2026-08-04T11:00:00-04:00,filename,C:\Users\brady\OneDrive\Desktop\nfl-tools\player_props\data\raw\projections\pff\2026\week_01\snapshots\08_04_26_1100projections.csv,IND,,58,rushYds
Tyler Warren,tyler warren,IND,TE,2026,1,pff,player_reception_yds,49.4618,2026-08-04T11:00:00-04:00,filename,C:\Users\brady\OneDrive\Desktop\nfl-tools\player_props\data\raw\projections\pff\2026\week_01\snapshots\08_04_26_1100projections.csv,IND,,58,recvYds
Tyler Warren,tyler warren,IND,TE,2026,1,pff,player_receptions,5.2457,2026-08-04T11:00:00-04:00,filename,C:\Users\brady\OneDrive\Desktop\nfl-tools\player_props\data\raw\projections\pff\2026\week_01\snapshots\08_04_26_1100projections.csv,IND,,58,recvReceptions
Jaylen Waddle,jaylen waddle,DEN,WR,2026,1,pff,player_reception_yds,60.7191,2026-08-04T11:00:00-04:00,filename,C:\Users\brady\OneDrive\Desktop\nfl-tools\player_props\data\raw\projections\pff\2026\week_01\snapshots\08_04_26_1100projections.csv,DEN,,59,recvYds
Jaylen Waddle,jaylen waddle,DEN,WR,2026,1,pff,player_receptions,4.9854,2026-08-04T11:00:00-04:00,filename,C:\Users\brady\OneDrive\Desktop\nfl-tools\player_props\data\raw\projections\pff\2026\week_01\snapshots\08_04_26_1100projections.csv,DEN,,59,recvReceptions
Ladd McConkey,ladd mcconkey,LAC,WR,2026,1,pff,player_reception_yds,58.7497,2026-08-04T11:00:00-04:00,filename,C:\Users\brady\OneDrive\Desktop\nfl-tools\player_props\data\raw\projections\pff\2026\week_01\snapshots\08_04_26_1100projections.csv,LAC,,60,recvYds
Ladd McConkey,ladd mcconkey,LAC,WR,2026,1,pff,player_receptions,5.0129,2026-08-04T11:00:00-04:00,filename,C:\Users\brady\OneDrive\Desktop\nfl-tools\player_props\data\raw\projections\pff\2026\week_01\snapshots\08_04_26_1100projections.csv,LAC,,60,recvReceptions
Mike Evans,mike evans,SF,WR,2026,1,pff,player_reception_yds,59.0779,2026-08-04T11:00:00-04:00,filename,C:\Users\brady\OneDrive\Desktop\nfl-tools\player_props\data\raw\projections\pff\2026\week_01\snapshots\08_04_26_1100projections.csv,SF,,61,recvYds
Mike Evans,mike evans,SF,WR,2026,1,pff,player_receptions,4.5177,2026-08-04T11:00:00-04:00,filename,C:\Users\brady\OneDrive\Desktop\nfl-tools\player_props\data\raw\projections\pff\2026\week_01\snapshots\08_04_26_1100projections.csv,SF,,61,recvReceptions
Terry McLaurin,terry mclaurin,WSH,WR,2026,1,pff,player_reception_yds,58.2216,2026-08-04T11:00:00-04:00,filename,C:\Users\brady\OneDrive\Desktop\nfl-tools\player_props\data\raw\projections\pff\2026\week_01\snapshots\08_04_26_1100projections.csv,WAS,,62,recvYds
Terry McLaurin,terry mclaurin,WSH,WR,2026,1,pff,player_receptions,4.8282,2026-08-04T11:00:00-04:00,filename,C:\Users\brady\OneDrive\Desktop\nfl-tools\player_props\data\raw\projections\pff\2026\week_01\snapshots\08_04_26_1100projections.csv,WAS,,62,recvReceptions
Colston Loveland,colston loveland,CHI,TE,2026,1,pff,player_rush_yds,0.1604,2026-08-04T11:00:00-04:00,filename,C:\Users\brady\OneDrive\Desktop\nfl-tools\player_props\data\raw\projections\pff\2026\week_01\snapshots\08_04_26_1100projections.csv,CHI,,63,rushYds
Colston Loveland,colston loveland,CHI,TE,2026,1,pff,player_reception_yds,51.7292,2026-08-04T11:00:00-04:00,filename,C:\Users\brady\OneDrive\Desktop\nfl-tools\player_props\data\raw\projections\pff\2026\week_01\snapshots\08_04_26_1100projections.csv,CHI,,63,recvYds
Colston Loveland,colston loveland,CHI,TE,2026,1,pff,player_receptions,4.9764,2026-08-04T11:00:00-04:00,filename,C:\Users\brady\OneDrive\Desktop\nfl-tools\player_props\data\raw\projections\pff\2026\week_01\snapshots\08_04_26_1100projections.csv,CHI,,63,recvReceptions
DJ Moore,dj moore,BUF,WR,2026,1,pff,player_rush_yds,2.2722,2026-08-04T11:00:00-04:00,filename,C:\Users\brady\OneDrive\Desktop\nfl-tools\player_props\data\raw\projections\pff\2026\week_01\snapshots\08_04_26_1100projections.csv,BUF,,64,rushYds
DJ Moore,dj moore,BUF,WR,2026,1,pff,player_reception_yds,56.6275,2026-08-04T11:00:00-04:00,filename,C:\Users\brady\OneDrive\Desktop\nfl-tools\player_props\data\raw\projections\pff\2026\week_01\snapshots\08_04_26_1100projections.csv,BUF,,64,recvYds
DJ Moore,dj moore,BUF,WR,2026,1,pff,player_receptions,4.6628,2026-08-04T11:00:00-04:00,filename,C:\Users\brady\OneDrive\Desktop\nfl-tools\player_props\data\raw\projections\pff\2026\week_01\snapshots\08_04_26_1100projections.csv,BUF,,64,recvReceptions
Alec Pierce,alec pierce,IND,WR,2026,1,pff,player_reception_yds,63.7209,2026-08-04T11:00:00-04:00,filename,C:\Users\brady\OneDrive\Desktop\nfl-tools\player_props\data\raw\projections\pff\2026\week_01\snapshots\08_04_26_1100projections.csv,IND,,65,recvYds
Alec Pierce,alec pierce,IND,WR,2026,1,pff,player_receptions,4.3638,2026-08-04T11:00:00-04:00,filename,C:\Users\brady\OneDrive\Desktop\nfl-tools\player_props\data\raw\projections\pff\2026\week_01\snapshots\08_04_26_1100projections.csv,IND,,65,recvReceptions
Sam LaPorta,sam laporta,DET,TE,2026,1,pff,player_reception_yds,49.0774,2026-08-04T11:00:00-04:00,filename,C:\Users\brady\OneDrive\Desktop\nfl-tools\player_props\data\raw\projections\pff\2026\week_01\snapshots\08_04_26_1100projections.csv,DET,,66,recvYds
Sam LaPorta,sam laporta,DET,TE,2026,1,pff,player_receptions,4.9704,2026-08-04T11:00:00-04:00,filename,C:\Users\brady\OneDrive\Desktop\nfl-tools\player_props\data\raw\projections\pff\2026\week_01\snapshots\08_04_26_1100projections.csv,DET,,66,recvReceptions
Joe Burrow,joe burrow,CIN,QB,2026,1,pff,player_pass_yds,271.2079,2026-08-04T11:00:00-04:00,filename,C:\Users\brady\OneDrive\Desktop\nfl-tools\player_props\data\raw\projections\pff\2026\week_01\snapshots\08_04_26_1100projections.csv,CIN,,67,passYds
Joe Burrow,joe burrow,CIN,QB,2026,1,pff,player_rush_yds,11.002,2026-08-04T11:00:00-04:00,filename,C:\Users\brady\OneDrive\Desktop\nfl-tools\player_props\data\raw\projections\pff\2026\week_01\snapshots\08_04_26_1100projections.csv,CIN,,67,rushYds
Josh Allen,josh allen,BUF,QB,2026,1,pff,player_pass_yds,239.0531,2026-08-04T11:00:00-04:00,filename,C:\Users\brady\OneDrive\Desktop\nfl-tools\player_props\data\raw\projections\pff\2026\week_01\snapshots\08_04_26_1100projections.csv,BUF,,68,passYds
Josh Allen,josh allen,BUF,QB,2026,1,pff,player_rush_yds,29.3349,2026-08-04T11:00:00-04:00,filename,C:\Users\brady\OneDrive\Desktop\nfl-tools\player_props\data\raw\projections\pff\2026\week_01\snapshots\08_04_26_1100projections.csv,BUF,,68,rushYds
Christian Watson,christian watson,GB,WR,2026,1,pff,player_rush_yds,0.3008,2026-08-04T11:00:00-04:00,filename,C:\Users\brady\OneDrive\Desktop\nfl-tools\player_props\data\raw\projections\pff\2026\week_01\snapshots\08_04_26_1100projections.csv,GB,,69,rushYds
Christian Watson,christian watson,GB,WR,2026,1,pff,player_reception_yds,59.8238,2026-08-04T11:00:00-04:00,filename,C:\Users\brady\OneDrive\Desktop\nfl-tools\player_props\data\raw\projections\pff\2026\week_01\snapshots\08_04_26_1100projections.csv,GB,,69,recvYds
Christian Watson,christian watson,GB,WR,2026,1,pff,player_receptions,4.1295,2026-08-04T11:00:00-04:00,filename,C:\Users\brady\OneDrive\Desktop\nfl-tools\player_props\data\raw\projections\pff\2026\week_01\snapshots\08_04_26_1100projections.csv,GB,,69,recvReceptions
Jameson Williams,jameson williams,DET,WR,2026,1,pff,player_rush_yds,3.1573,2026-08-04T11:00:00-04:00,filename,C:\Users\brady\OneDrive\Desktop\nfl-tools\player_props\data\raw\projections\pff\2026\week_01\snapshots\08_04_26_1100projections.csv,DET,,70,rushYds
Jameson Williams,jameson williams,DET,WR,2026,1,pff,player_reception_yds,59.2351,2026-08-04T11:00:00-04:00,filename,C:\Users\brady\OneDrive\Desktop\nfl-tools\player_props\data\raw\projections\pff\2026\week_01\snapshots\08_04_26_1100projections.csv,DET,,70,recvYds
Jameson Williams,jameson williams,DET,WR,2026,1,pff,player_receptions,4.3522,2026-08-04T11:00:00-04:00,filename,C:\Users\brady\OneDrive\Desktop\nfl-tools\player_props\data\raw\projections\pff\2026\week_01\snapshots\08_04_26_1100projections.csv,DET,,70,recvReceptions
Kyle Pitts,kyle pitts,ATL,TE,2026,1,pff,player_reception_yds,52.3368,2026-08-04T11:00:00-04:00,filename,C:\Users\brady\OneDrive\Desktop\nfl-tools\player_props\data\raw\projections\pff\2026\week_01\snapshots\08_04_26_1100projections.csv,ATL,,71,recvYds
Kyle Pitts,kyle pitts,ATL,TE,2026,1,pff,player_receptions,4.9347,2026-08-04T11:00:00-04:00,filename,C:\Users\brady\OneDrive\Desktop\nfl-tools\player_props\data\raw\projections\pff\2026\week_01\snapshots\08_04_26_1100projections.csv,ATL,,71,recvReceptions
Luther Burden III,luther burden,CHI,WR,2026,1,pff,player_rush_yds,1.6037,2026-08-04T11:00:00-04:00,filename,C:\Users\brady\OneDrive\Desktop\nfl-tools\player_props\data\raw\projections\pff\2026\week_01\snapshots\08_04_26_1100projections.csv,CHI,,72,rushYds
Luther Burden III,luther burden,CHI,WR,2026,1,pff,player_reception_yds,57.3566,2026-08-04T11:00:00-04:00,filename,C:\Users\brady\OneDrive\Desktop\nfl-tools\player_props\data\raw\projections\pff\2026\week_01\snapshots\08_04_26_1100projections.csv,CHI,,72,recvYds
Luther Burden III,luther burden,CHI,WR,2026,1,pff,player_receptions,5.1202,2026-08-04T11:00:00-04:00,filename,C:\Users\brady\OneDrive\Desktop\nfl-tools\player_props\data\raw\projections\pff\2026\week_01\snapshots\08_04_26_1100projections.csv,CHI,,72,recvReceptions
Harold Fannin Jr.,harold fannin,CLE,TE,2026,1,pff,player_rush_yds,2.0836,2026-08-04T11:00:00-04:00,filename,C:\Users\brady\OneDrive\Desktop\nfl-tools\player_props\data\raw\projections\pff\2026\week_01\snapshots\08_04_26_1100projections.csv,CLV,,73,rushYds
Harold Fannin Jr.,harold fannin,CLE,TE,2026,1,pff,player_reception_yds,46.6335,2026-08-04T11:00:00-04:00,filename,C:\Users\brady\OneDrive\Desktop\nfl-tools\player_props\data\raw\projections\pff\2026\week_01\snapshots\08_04_26_1100projections.csv,CLV,,73,recvYds
Harold Fannin Jr.,harold fannin,CLE,TE,2026,1,pff,player_receptions,5.1154,2026-08-04T11:00:00-04:00,filename,C:\Users\brady\OneDrive\Desktop\nfl-tools\player_props\data\raw\projections\pff\2026\week_01\snapshots\08_04_26_1100projections.csv,CLV,,73,recvReceptions
Lamar Jackson,lamar jackson,BAL,QB,2026,1,pff,player_pass_yds,232.3161,2026-08-04T11:00:00-04:00,filename,C:\Users\brady\OneDrive\Desktop\nfl-tools\player_props\data\raw\projections\pff\2026\week_01\snapshots\08_04_26_1100projections.csv,BLT,,74,passYds
Lamar Jackson,lamar jackson,BAL,QB,2026,1,pff,player_rush_yds,33.2244,2026-08-04T11:00:00-04:00,filename,C:\Users\brady\OneDrive\Desktop\nfl-tools\player_props\data\raw\projections\pff\2026\week_01\snapshots\08_04_26_1100projections.csv,BLT,,74,rushYds
Jordan Mason,jordan mason,MIN,RB,2026,1,pff,player_rush_yds,54.071,2026-08-04T11:00:00-04:00,filename,C:\Users\brady\OneDrive\Desktop\nfl-tools\player_props\data\raw\projections\pff\2026\week_01\snapshots\08_04_26_1100projections.csv,MIN,,75,rushYds
Jordan Mason,jordan mason,MIN,RB,2026,1,pff,player_reception_yds,5.9577,2026-08-04T11:00:00-04:00,filename,C:\Users\brady\OneDrive\Desktop\nfl-tools\player_props\data\raw\projections\pff\2026\week_01\snapshots\08_04_26_1100projections.csv,MIN,,75,recvYds
Jordan Mason,jordan mason,MIN,RB,2026,1,pff,player_receptions,0.9153,2026-08-04T11:00:00-04:00,filename,C:\Users\brady\OneDrive\Desktop\nfl-tools\player_props\data\raw\projections\pff\2026\week_01\snapshots\08_04_26_1100projections.csv,MIN,,75,recvReceptions
Jalen Hurts,jalen hurts,PHI,QB,2026,1,pff,player_pass_yds,227.4119,2026-08-04T11:00:00-04:00,filename,C:\Users\brady\OneDrive\Desktop\nfl-tools\player_props\data\raw\projections\pff\2026\week_01\snapshots\08_04_26_1100projections.csv,PHI,,76,passYds
Jalen Hurts,jalen hurts,PHI,QB,2026,1,pff,player_rush_yds,30.4135,2026-08-04T11:00:00-04:00,filename,C:\Users\brady\OneDrive\Desktop\nfl-tools\player_props\data\raw\projections\pff\2026\week_01\snapshots\08_04_26_1100projections.csv,PHI,,76,rushYds
Rome Odunze,rome odunze,CHI,WR,2026,1,pff,player_reception_yds,55.5535,2026-08-04T11:00:00-04:00,filename,C:\Users\brady\OneDrive\Desktop\nfl-tools\player_props\data\raw\projections\pff\2026\week_01\snapshots\08_04_26_1100projections.csv,CHI,,77,recvYds
Rome Odunze,rome odunze,CHI,WR,2026,1,pff,player_receptions,4.4484,2026-08-04T11:00:00-04:00,filename,C:\Users\brady\OneDrive\Desktop\nfl-tools\player_props\data\raw\projections\pff\2026\week_01\snapshots\08_04_26_1100projections.csv,CHI,,77,recvReceptions
Carnell Tate,carnell tate,TEN,WR,2026,1,pff,player_reception_yds,55.1702,2026-08-04T11:00:00-04:00,filename,C:\Users\brady\OneDrive\Desktop\nfl-tools\player_props\data\raw\projections\pff\2026\week_01\snapshots\08_04_26_1100projections.csv,TEN,,78,recvYds
Carnell Tate,carnell tate,TEN,WR,2026,1,pff,player_receptions,4.7411,2026-08-04T11:00:00-04:00,filename,C:\Users\brady\OneDrive\Desktop\nfl-tools\player_props\data\raw\projections\pff\2026\week_01\snapshots\08_04_26_1100projections.csv,TEN,,78,recvReceptions
Jayden Daniels,jayden daniels,WSH,QB,2026,1,pff,player_pass_yds,220.1641,2026-08-04T11:00:00-04:00,filename,C:\Users\brady\OneDrive\Desktop\nfl-tools\player_props\data\raw\projections\pff\2026\week_01\snapshots\08_04_26_1100projections.csv,WAS,,79,passYds
Jayden Daniels,jayden daniels,WSH,QB,2026,1,pff,player_rush_yds,44.6008,2026-08-04T11:00:00-04:00,filename,C:\Users\brady\OneDrive\Desktop\nfl-tools\player_props\data\raw\projections\pff\2026\week_01\snapshots\08_04_26_1100projections.csv,WAS,,79,rushYds
Brock Purdy,brock purdy,SF,QB,2026,1,pff,player_pass_yds,268.1392,2026-08-04T11:00:00-04:00,filename,C:\Users\brady\OneDrive\Desktop\nfl-tools\player_props\data\raw\projections\pff\2026\week_01\snapshots\08_04_26_1100projections.csv,SF,,80,passYds
Brock Purdy,brock purdy,SF,QB,2026,1,pff,player_rush_yds,18.228,2026-08-04T11:00:00-04:00,filename,C:\Users\brady\OneDrive\Desktop\nfl-tools\player_props\data\raw\projections\pff\2026\week_01\snapshots\08_04_26_1100projections.csv,SF,,80,rushYds
Travis Kelce,travis kelce,KC,TE,2026,1,pff,player_rush_yds,0.1213,2026-08-04T11:00:00-04:00,filename,C:\Users\brady\OneDrive\Desktop\nfl-tools\player_props\data\raw\projections\pff\2026\week_01\snapshots\08_04_26_1100projections.csv,KC,,81,rushYds
Travis Kelce,travis kelce,KC,TE,2026,1,pff,player_reception_yds,46.515,2026-08-04T11:00:00-04:00,filename,C:\Users\brady\OneDrive\Desktop\nfl-tools\player_props\data\raw\projections\pff\2026\week_01\snapshots\08_04_26_1100projections.csv,KC,,81,recvYds
Travis Kelce,travis kelce,KC,TE,2026,1,pff,player_receptions,4.6516,2026-08-04T11:00:00-04:00,filename,C:\Users\brady\OneDrive\Desktop\nfl-tools\player_props\data\raw\projections\pff\2026\week_01\snapshots\08_04_26_1100projections.csv,KC,,81,recvReceptions
Jonathon Brooks,jonathon brooks,CAR,RB,2026,1,pff,player_rush_yds,37.642,2026-08-04T11:00:00-04:00,filename,C:\Users\brady\OneDrive\Desktop\nfl-tools\player_props\data\raw\projections\pff\2026\week_01\snapshots\08_04_26_1100projections.csv,CAR,,82,rushYds
Jonathon Brooks,jonathon brooks,CAR,RB,2026,1,pff,player_reception_yds,12.4495,2026-08-04T11:00:00-04:00,filename,C:\Users\brady\OneDrive\Desktop\nfl-tools\player_props\data\raw\projections\pff\2026\week_01\snapshots\08_04_26_1100projections.csv,CAR,,82,recvYds
Jonathon Brooks,jonathon brooks,CAR,RB,2026,1,pff,player_receptions,1.8264,2026-08-04T11:00:00-04:00,filename,C:\Users\brady\OneDrive\Desktop\nfl-tools\player_props\data\raw\projections\pff\2026\week_01\snapshots\08_04_26_1100projections.csv,CAR,,82,recvReceptions
Kenneth Gainwell,kenneth gainwell,TB,RB,2026,1,pff,player_rush_yds,25.1471,2026-08-04T11:00:00-04:00,filename,C:\Users\brady\OneDrive\Desktop\nfl-tools\player_props\data\raw\projections\pff\2026\week_01\snapshots\08_04_26_1100projections.csv,TB,,83,rushYds
Kenneth Gainwell,kenneth gainwell,TB,RB,2026,1,pff,player_reception_yds,17.981,2026-08-04T11:00:00-04:00,filename,C:\Users\brady\OneDrive\Desktop\nfl-tools\player_props\data\raw\projections\pff\2026\week_01\snapshots\08_04_26_1100projections.csv,TB,,83,recvYds
Kenneth Gainwell,kenneth gainwell,TB,RB,2026,1,pff,player_receptions,2.4871,2026-08-04T11:00:00-04:00,filename,C:\Users\brady\OneDrive\Desktop\nfl-tools\player_props\data\raw\projections\pff\2026\week_01\snapshots\08_04_26_1100projections.csv,TB,,83,recvReceptions
Blake Corum,blake corum,LAR,RB,2026,1,pff,player_rush_yds,40.3127,2026-08-04T11:00:00-04:00,filename,C:\Users\brady\OneDrive\Desktop\nfl-tools\player_props\data\raw\projections\pff\2026\week_01\snapshots\08_04_26_1100projections.csv,LA,,84,rushYds
Blake Corum,blake corum,LAR,RB,2026,1,pff,player_reception_yds,10.1197,2026-08-04T11:00:00-04:00,filename,C:\Users\brady\OneDrive\Desktop\nfl-tools\player_props\data\raw\projections\pff\2026\week_01\snapshots\08_04_26_1100projections.csv,LA,,84,recvYds
Blake Corum,blake corum,LAR,RB,2026,1,pff,player_receptions,1.3913,2026-08-04T11:00:00-04:00,filename,C:\Users\brady\OneDrive\Desktop\nfl-tools\player_props\data\raw\projections\pff\2026\week_01\snapshots\08_04_26_1100projections.csv,LA,,84,recvReceptions
Drake Maye,drake maye,NE,QB,2026,1,pff,player_pass_yds,249.4823,2026-08-04T11:00:00-04:00,filename,C:\Users\brady\OneDrive\Desktop\nfl-tools\player_props\data\raw\projections\pff\2026\week_01\snapshots\08_04_26_1100projections.csv,NE,,85,passYds
Drake Maye,drake maye,NE,QB,2026,1,pff,player_rush_yds,28.6801,2026-08-04T11:00:00-04:00,filename,C:\Users\brady\OneDrive\Desktop\nfl-tools\player_props\data\raw\projections\pff\2026\week_01\snapshots\08_04_26_1100projections.csv,NE,,85,rushYds
Aaron Jones,aaron jones,MIN,RB,2026,1,pff,player_rush_yds,31.6421,2026-08-04T11:00:00-04:00,filename,C:\Users\brady\OneDrive\Desktop\nfl-tools\player_props\data\raw\projections\pff\2026\week_01\snapshots\08_04_26_1100projections.csv,MIN,,86,rushYds
Aaron Jones,aaron jones,MIN,RB,2026,1,pff,player_reception_yds,14.3266,2026-08-04T11:00:00-04:00,filename,C:\Users\brady\OneDrive\Desktop\nfl-tools\player_props\data\raw\projections\pff\2026\week_01\snapshots\08_04_26_1100projections.csv,MIN,,86,recvYds
Aaron Jones,aaron jones,MIN,RB,2026,1,pff,player_receptions,2.1504,2026-08-04T11:00:00-04:00,filename,C:\Users\brady\OneDrive\Desktop\nfl-tools\player_props\data\raw\projections\pff\2026\week_01\snapshots\08_04_26_1100projections.csv,MIN,,86,recvReceptions
Kyle Monangai,kyle monangai,CHI,RB,2026,1,pff,player_rush_yds,41.4447,2026-08-04T11:00:00-04:00,filename,C:\Users\brady\OneDrive\Desktop\nfl-tools\player_props\data\raw\projections\pff\2026\week_01\snapshots\08_04_26_1100projections.csv,CHI,,87,rushYds
Kyle Monangai,kyle monangai,CHI,RB,2026,1,pff,player_reception_yds,8.9184,2026-08-04T11:00:00-04:00,filename,C:\Users\brady\OneDrive\Desktop\nfl-tools\player_props\data\raw\projections\pff\2026\week_01\snapshots\08_04_26_1100projections.csv,CHI,,87,recvYds
Kyle Monangai,kyle monangai,CHI,RB,2026,1,pff,player_receptions,1.2991,2026-08-04T11:00:00-04:00,filename,C:\Users\brady\OneDrive\Desktop\nfl-tools\player_props\data\raw\projections\pff\2026\week_01\snapshots\08_04_26_1100projections.csv,CHI,,87,recvReceptions
Courtland Sutton,courtland sutton,DEN,WR,2026,1,pff,player_reception_yds,51.1056,2026-08-04T11:00:00-04:00,filename,C:\Users\brady\OneDrive\Desktop\nfl-tools\player_props\data\raw\projections\pff\2026\week_01\snapshots\08_04_26_1100projections.csv,DEN,,88,recvYds
Courtland Sutton,courtland sutton,DEN,WR,2026,1,pff,player_receptions,4.3937,2026-08-04T11:00:00-04:00,filename,C:\Users\brady\OneDrive\Desktop\nfl-tools\player_props\data\raw\projections\pff\2026\week_01\snapshots\08_04_26_1100projections.csv,DEN,,88,recvReceptions
Rachaad White,rachaad white,WSH,RB,2026,1,pff,player_rush_yds,29.0942,2026-08-04T11:00:00-04:00,filename,C:\Users\brady\OneDrive\Desktop\nfl-tools\player_props\data\raw\projections\pff\2026\week_01\snapshots\08_04_26_1100projections.csv,WAS,,89,rushYds
Rachaad White,rachaad white,WSH,RB,2026,1,pff,player_reception_yds,14.6625,2026-08-04T11:00:00-04:00,filename,C:\Users\brady\OneDrive\Desktop\nfl-tools\player_props\data\raw\projections\pff\2026\week_01\snapshots\08_04_26_1100projections.csv,WAS,,89,recvYds
Rachaad White,rachaad white,WSH,RB,2026,1,pff,player_receptions,2.2184,2026-08-04T11:00:00-04:00,filename,C:\Users\brady\OneDrive\Desktop\nfl-tools\player_props\data\raw\projections\pff\2026\week_01\snapshots\08_04_26_1100projections.csv,WAS,,89,recvReceptions
Patrick Mahomes,patrick mahomes,KC,QB,2026,1,pff,player_pass_yds,255.3684,2026-08-04T11:00:00-04:00,filename,C:\Users\brady\OneDrive\Desktop\nfl-tools\player_props\data\raw\projections\pff\2026\week_01\snapshots\08_04_26_1100projections.csv,KC,,90,passYds
Patrick Mahomes,patrick mahomes,KC,QB,2026,1,pff,player_rush_yds,20.8863,2026-08-04T11:00:00-04:00,filename,C:\Users\brady\OneDrive\Desktop\nfl-tools\player_props\data\raw\projections\pff\2026\week_01\snapshots\08_04_26_1100projections.csv,KC,,90,rushYds
D.K. Metcalf,dk metcalf,PIT,WR,2026,1,pff,player_rush_yds,0.1399,2026-08-04T11:00:00-04:00,filename,C:\Users\brady\OneDrive\Desktop\nfl-tools\player_props\data\raw\projections\pff\2026\week_01\snapshots\08_04_26_1100projections.csv,PIT,,91,rushYds
D.K. Metcalf,dk metcalf,PIT,WR,2026,1,pff,player_reception_yds,51.881,2026-08-04T11:00:00-04:00,filename,C:\Users\brady\OneDrive\Desktop\nfl-tools\player_props\data\raw\projections\pff\2026\week_01\snapshots\08_04_26_1100projections.csv,PIT,,91,recvYds
D.K. Metcalf,dk metcalf,PIT,WR,2026,1,pff,player_receptions,3.9892,2026-08-04T11:00:00-04:00,filename,C:\Users\brady\OneDrive\Desktop\nfl-tools\player_props\data\raw\projections\pff\2026\week_01\snapshots\08_04_26_1100projections.csv,PIT,,91,recvReceptions
Mark Andrews,mark andrews,BAL,TE,2026,1,pff,player_rush_yds,2.5905,2026-08-04T11:00:00-04:00,filename,C:\Users\brady\OneDrive\Desktop\nfl-tools\player_props\data\raw\projections\pff\2026\week_01\snapshots\08_04_26_1100projections.csv,BLT,,92,rushYds
Mark Andrews,mark andrews,BAL,TE,2026,1,pff,player_reception_yds,39.9861,2026-08-04T11:00:00-04:00,filename,C:\Users\brady\OneDrive\Desktop\nfl-tools\player_props\data\raw\projections\pff\2026\week_01\snapshots\08_04_26_1100projections.csv,BLT,,92,recvYds
Mark Andrews,mark andrews,BAL,TE,2026,1,pff,player_receptions,3.8703,2026-08-04T11:00:00-04:00,filename,C:\Users\brady\OneDrive\Desktop\nfl-tools\player_props\data\raw\projections\pff\2026\week_01\snapshots\08_04_26_1100projections.csv,BLT,,92,recvReceptions
J.K. Dobbins,jk dobbins,DEN,RB,2026,1,pff,player_rush_yds,43.3992,2026-08-04T11:00:00-04:00,filename,C:\Users\brady\OneDrive\Desktop\nfl-tools\player_props\data\raw\projections\pff\2026\week_01\snapshots\08_04_26_1100projections.csv,DEN,,93,rushYds
J.K. Dobbins,jk dobbins,DEN,RB,2026,1,pff,player_reception_yds,7.4256,2026-08-04T11:00:00-04:00,filename,C:\Users\brady\OneDrive\Desktop\nfl-tools\player_props\data\raw\projections\pff\2026\week_01\snapshots\08_04_26_1100projections.csv,DEN,,93,recvYds
J.K. Dobbins,jk dobbins,DEN,RB,2026,1,pff,player_receptions,1.136,2026-08-04T11:00:00-04:00,filename,C:\Users\brady\OneDrive\Desktop\nfl-tools\player_props\data\raw\projections\pff\2026\week_01\snapshots\08_04_26_1100projections.csv,DEN,,93,recvReceptions
Dalton Kincaid,dalton kincaid,BUF,TE,2026,1,pff,player_reception_yds,44.7988,2026-08-04T11:00:00-04:00,filename,C:\Users\brady\OneDrive\Desktop\nfl-tools\player_props\data\raw\projections\pff\2026\week_01\snapshots\08_04_26_1100projections.csv,BUF,,94,recvYds
Dalton Kincaid,dalton kincaid,BUF,TE,2026,1,pff,player_receptions,4.0408,2026-08-04T11:00:00-04:00,filename,C:\Users\brady\OneDrive\Desktop\nfl-tools\player_props\data\raw\projections\pff\2026\week_01\snapshots\08_04_26_1100projections.csv,BUF,,94,recvReceptions
Makai Lemon,makai lemon,PHI,WR,2026,1,pff,player_reception_yds,50.6331,2026-08-04T11:00:00-04:00,filename,C:\Users\brady\OneDrive\Desktop\nfl-tools\player_props\data\raw\projections\pff\2026\week_01\snapshots\08_04_26_1100projections.csv,PHI,,95,recvYds
Makai Lemon,makai lemon,PHI,WR,2026,1,pff,player_receptions,4.2182,2026-08-04T11:00:00-04:00,filename,C:\Users\brady\OneDrive\Desktop\nfl-tools\player_props\data\raw\projections\pff\2026\week_01\snapshots\08_04_26_1100projections.csv,PHI,,95,recvReceptions
Jake Ferguson,jake ferguson,DAL,TE,2026,1,pff,player_reception_yds,38.8959,2026-08-04T11:00:00-04:00,filename,C:\Users\brady\OneDrive\Desktop\nfl-tools\player_props\data\raw\projections\pff\2026\week_01\snapshots\08_04_26_1100projections.csv,DAL,,96,recvYds
Jake Ferguson,jake ferguson,DAL,TE,2026,1,pff,player_receptions,4.4077,2026-08-04T11:00:00-04:00,filename,C:\Users\brady\OneDrive\Desktop\nfl-tools\player_props\data\raw\projections\pff\2026\week_01\snapshots\08_04_26_1100projections.csv,DAL,,96,recvReceptions
Chris Godwin,chris godwin,TB,WR,2026,1,pff,player_reception_yds,47.8855,2026-08-04T11:00:00-04:00,filename,C:\Users\brady\OneDrive\Desktop\nfl-tools\player_props\data\raw\projections\pff\2026\week_01\snapshots\08_04_26_1100projections.csv,TB,,97,recvYds
Chris Godwin,chris godwin,TB,WR,2026,1,pff,player_receptions,4.3151,2026-08-04T11:00:00-04:00,filename,C:\Users\brady\OneDrive\Desktop\nfl-tools\player_props\data\raw\projections\pff\2026\week_01\snapshots\08_04_26_1100projections.csv,TB,,97,recvReceptions
Isaiah Likely,isaiah likely,NYG,TE,2026,1,pff,player_reception_yds,42.8852,2026-08-04T11:00:00-04:00,filename,C:\Users\brady\OneDrive\Desktop\nfl-tools\player_props\data\raw\projections\pff\2026\week_01\snapshots\08_04_26_1100projections.csv,NYG,,98,recvYds
Isaiah Likely,isaiah likely,NYG,TE,2026,1,pff,player_receptions,4.1346,2026-08-04T11:00:00-04:00,filename,C:\Users\brady\OneDrive\Desktop\nfl-tools\player_props\data\raw\projections\pff\2026\week_01\snapshots\08_04_26_1100projections.csv,NYG,,98,recvReceptions
Dak Prescott,dak prescott,DAL,QB,2026,1,pff,player_pass_yds,258.6439,2026-08-04T11:00:00-04:00,filename,C:\Users\brady\OneDrive\Desktop\nfl-tools\player_props\data\raw\projections\pff\2026\week_01\snapshots\08_04_26_1100projections.csv,DAL,,99,passYds
Dak Prescott,dak prescott,DAL,QB,2026,1,pff,player_rush_yds,11.6519,2026-08-04T11:00:00-04:00,filename,C:\Users\brady\OneDrive\Desktop\nfl-tools\player_props\data\raw\projections\pff\2026\week_01\snapshots\08_04_26_1100projections.csv,DAL,,99,rushYds
Jaxson Dart,jaxson dart,NYG,QB,2026,1,pff,player_pass_yds,217.3186,2026-08-04T11:00:00-04:00,filename,C:\Users\brady\OneDrive\Desktop\nfl-tools\player_props\data\raw\projections\pff\2026\week_01\snapshots\08_04_26_1100projections.csv,NYG,,100,passYds
Jaxson Dart,jaxson dart,NYG,QB,2026,1,pff,player_rush_yds,34.2132,2026-08-04T11:00:00-04:00,filename,C:\Users\brady\OneDrive\Desktop\nfl-tools\player_props\data\raw\projections\pff\2026\week_01\snapshots\08_04_26_1100projections.csv,NYG,,100,rushYds
Matthew Stafford,matthew stafford,LAR,QB,2026,1,pff,player_pass_yds,271.4117,2026-08-04T11:00:00-04:00,filename,C:\Users\brady\OneDrive\Desktop\nfl-tools\player_props\data\raw\projections\pff\2026\week_01\snapshots\08_04_26_1100projections.csv,LA,,101,passYds
Matthew Stafford,matthew stafford,LAR,QB,2026,1,pff,player_rush_yds,3.628,2026-08-04T11:00:00-04:00,filename,C:\Users\brady\OneDrive\Desktop\nfl-tools\player_props\data\raw\projections\pff\2026\week_01\snapshots\08_04_26_1100projections.csv,LA,,101,rushYds
Jordyn Tyson,jordyn tyson,NO,WR,2026,1,pff,player_reception_yds,48.9077,2026-08-04T11:00:00-04:00,filename,C:\Users\brady\OneDrive\Desktop\nfl-tools\player_props\data\raw\projections\pff\2026\week_01\snapshots\08_04_26_1100projections.csv,NO,,102,recvYds
Jordyn Tyson,jordyn tyson,NO,WR,2026,1,pff,player_receptions,4.1945,2026-08-04T11:00:00-04:00,filename,C:\Users\brady\OneDrive\Desktop\nfl-tools\player_props\data\raw\projections\pff\2026\week_01\snapshots\08_04_26_1100projections.csv,NO,,102,recvReceptions
Michael Wilson,michael wilson,ARI,WR,2026,1,pff,player_reception_yds,48.7597,2026-08-04T11:00:00-04:00,filename,C:\Users\brady\OneDrive\Desktop\nfl-tools\player_props\data\raw\projections\pff\2026\week_01\snapshots\08_04_26_1100projections.csv,ARZ,,103,recvYds
Michael Wilson,michael wilson,ARI,WR,2026,1,pff,player_receptions,4.1685,2026-08-04T11:00:00-04:00,filename,C:\Users\brady\OneDrive\Desktop\nfl-tools\player_props\data\raw\projections\pff\2026\week_01\snapshots\08_04_26_1100projections.csv,ARZ,,103,recvReceptions
Baker Mayfield,baker mayfield,TB,QB,2026,1,pff,player_pass_yds,243.1578,2026-08-04T11:00:00-04:00,filename,C:\Users\brady\OneDrive\Desktop\nfl-tools\player_props\data\raw\projections\pff\2026\week_01\snapshots\08_04_26_1100projections.csv,TB,,104,passYds
Baker Mayfield,baker mayfield,TB,QB,2026,1,pff,player_rush_yds,15.9759,2026-08-04T11:00:00-04:00,filename,C:\Users\brady\OneDrive\Desktop\nfl-tools\player_props\data\raw\projections\pff\2026\week_01\snapshots\08_04_26_1100projections.csv,TB,,104,rushYds
Bo Nix,bo nix,DEN,QB,2026,1,pff,player_pass_yds,240.6818,2026-08-04T11:00:00-04:00,filename,C:\Users\brady\OneDrive\Desktop\nfl-tools\player_props\data\raw\projections\pff\2026\week_01\snapshots\08_04_26_1100projections.csv,DEN,,105,passYds
Bo Nix,bo nix,DEN,QB,2026,1,pff,player_rush_yds,19.2561,2026-08-04T11:00:00-04:00,filename,C:\Users\brady\OneDrive\Desktop\nfl-tools\player_props\data\raw\projections\pff\2026\week_01\snapshots\08_04_26_1100projections.csv,DEN,,105,rushYds
Marvin Harrison Jr.,marvin harrison,ARI,WR,2026,1,pff,player_reception_yds,46.7557,2026-08-04T11:00:00-04:00,filename,C:\Users\brady\OneDrive\Desktop\nfl-tools\player_props\data\raw\projections\pff\2026\week_01\snapshots\08_04_26_1100projections.csv,ARZ,,106,recvYds
Marvin Harrison Jr.,marvin harrison,ARI,WR,2026,1,pff,player_receptions,3.9638,2026-08-04T11:00:00-04:00,filename,C:\Users\brady\OneDrive\Desktop\nfl-tools\player_props\data\raw\projections\pff\2026\week_01\snapshots\08_04_26_1100projections.csv,ARZ,,106,recvReceptions
Chris Rodriguez Jr.,chris rodriguez,JAX,RB,2026,1,pff,player_rush_yds,44.4331,2026-08-04T11:00:00-04:00,filename,C:\Users\brady\OneDrive\Desktop\nfl-tools\player_props\data\raw\projections\pff\2026\week_01\snapshots\08_04_26_1100projections.csv,JAX,,107,rushYds
Chris Rodriguez Jr.,chris rodriguez,JAX,RB,2026,1,pff,player_reception_yds,1.8152,2026-08-04T11:00:00-04:00,filename,C:\Users\brady\OneDrive\Desktop\nfl-tools\player_props\data\raw\projections\pff\2026\week_01\snapshots\08_04_26_1100projections.csv,JAX,,107,recvYds
Chris Rodriguez Jr.,chris rodriguez,JAX,RB,2026,1,pff,player_receptions,0.2609,2026-08-04T11:00:00-04:00,filename,C:\Users\brady\OneDrive\Desktop\nfl-tools\player_props\data\raw\projections\pff\2026\week_01\snapshots\08_04_26_1100projections.csv,JAX,,107,recvReceptions
Michael Pittman Jr.,michael pittman,PIT,WR,2026,1,pff,player_reception_yds,44.6565,2026-08-04T11:00:00-04:00,filename,C:\Users\brady\OneDrive\Desktop\nfl-tools\player_props\data\raw\projections\pff\2026\week_01\snapshots\08_04_26_1100projections.csv,PIT,,108,recvYds
Michael Pittman Jr.,michael pittman,PIT,WR,2026,1,pff,player_receptions,4.2536,2026-08-04T11:00:00-04:00,filename,C:\Users\brady\OneDrive\Desktop\nfl-tools\player_props\data\raw\projections\pff\2026\week_01\snapshots\08_04_26_1100projections.csv,PIT,,108,recvReceptions
Dallas Goedert,dallas goedert,PHI,TE,2026,1,pff,player_reception_yds,37.8763,2026-08-04T11:00:00-04:00,filename,C:\Users\brady\OneDrive\Desktop\nfl-tools\player_props\data\raw\projections\pff\2026\week_01\snapshots\08_04_26_1100projections.csv,PHI,,109,recvYds
Dallas Goedert,dallas goedert,PHI,TE,2026,1,pff,player_receptions,3.9196,2026-08-04T11:00:00-04:00,filename,C:\Users\brady\OneDrive\Desktop\nfl-tools\player_props\data\raw\projections\pff\2026\week_01\snapshots\08_04_26_1100projections.csv,PHI,,109,recvReceptions
Josh Downs,josh downs,IND,WR,2026,1,pff,player_rush_yds,0.2774,2026-08-04T11:00:00-04:00,filename,C:\Users\brady\OneDrive\Desktop\nfl-tools\player_props\data\raw\projections\pff\2026\week_01\snapshots\08_04_26_1100projections.csv,IND,,110,rushYds
Josh Downs,josh downs,IND,WR,2026,1,pff,player_reception_yds,43.5358,2026-08-04T11:00:00-04:00,filename,C:\Users\brady\OneDrive\Desktop\nfl-tools\player_props\data\raw\projections\pff\2026\week_01\snapshots\08_04_26_1100projections.csv,IND,,110,recvYds
Josh Downs,josh downs,IND,WR,2026,1,pff,player_receptions,4.5572,2026-08-04T11:00:00-04:00,filename,C:\Users\brady\OneDrive\Desktop\nfl-tools\player_props\data\raw\projections\pff\2026\week_01\snapshots\08_04_26_1100projections.csv,IND,,110,recvReceptions
Keaton Mitchell,keaton mitchell,LAC,RB,2026,1,pff,player_rush_yds,31.7531,2026-08-04T11:00:00-04:00,filename,C:\Users\brady\OneDrive\Desktop\nfl-tools\player_props\data\raw\projections\pff\2026\week_01\snapshots\08_04_26_1100projections.csv,LAC,,111,rushYds
Keaton Mitchell,keaton mitchell,LAC,RB,2026,1,pff,player_reception_yds,10.0605,2026-08-04T11:00:00-04:00,filename,C:\Users\brady\OneDrive\Desktop\nfl-tools\player_props\data\raw\projections\pff\2026\week_01\snapshots\08_04_26_1100projections.csv,LAC,,111,recvYds
Keaton Mitchell,keaton mitchell,LAC,RB,2026,1,pff,player_receptions,1.4597,2026-08-04T11:00:00-04:00,filename,C:\Users\brady\OneDrive\Desktop\nfl-tools\player_props\data\raw\projections\pff\2026\week_01\snapshots\08_04_26_1100projections.csv,LAC,,111,recvReceptions
KC Concepcion,kc concepcion,CLE,WR,2026,1,pff,player_rush_yds,1.9556,2026-08-04T11:00:00-04:00,filename,C:\Users\brady\OneDrive\Desktop\nfl-tools\player_props\data\raw\projections\pff\2026\week_01\snapshots\08_04_26_1100projections.csv,CLV,,112,rushYds
KC Concepcion,kc concepcion,CLE,WR,2026,1,pff,player_reception_yds,44.8376,2026-08-04T11:00:00-04:00,filename,C:\Users\brady\OneDrive\Desktop\nfl-tools\player_props\data\raw\projections\pff\2026\week_01\snapshots\08_04_26_1100projections.csv,CLV,,112,recvYds
KC Concepcion,kc concepcion,CLE,WR,2026,1,pff,player_receptions,3.834,2026-08-04T11:00:00-04:00,filename,C:\Users\brady\OneDrive\Desktop\nfl-tools\player_props\data\raw\projections\pff\2026\week_01\snapshots\08_04_26_1100projections.csv,CLV,,112,recvReceptions
Kyler Murray,kyler murray,MIN,QB,2026,1,pff,player_pass_yds,216.5292,2026-08-04T11:00:00-04:00,filename,C:\Users\brady\OneDrive\Desktop\nfl-tools\player_props\data\raw\projections\pff\2026\week_01\snapshots\08_04_26_1100projections.csv,MIN,,113,passYds
Kyler Murray,kyler murray,MIN,QB,2026,1,pff,player_rush_yds,26.983,2026-08-04T11:00:00-04:00,filename,C:\Users\brady\OneDrive\Desktop\nfl-tools\player_props\data\raw\projections\pff\2026\week_01\snapshots\08_04_26_1100projections.csv,MIN,,113,rushYds
Jordan Love,jordan love,GB,QB,2026,1,pff,player_pass_yds,244.2022,2026-08-04T11:00:00-04:00,filename,C:\Users\brady\OneDrive\Desktop\nfl-tools\player_props\data\raw\projections\pff\2026\week_01\snapshots\08_04_26_1100projections.csv,GB,,114,passYds
Jordan Love,jordan love,GB,QB,2026,1,pff,player_rush_yds,10.9754,2026-08-04T11:00:00-04:00,filename,C:\Users\brady\OneDrive\Desktop\nfl-tools\player_props\data\raw\projections\pff\2026\week_01\snapshots\08_04_26_1100projections.csv,GB,,114,rushYds
Jakobi Meyers,jakobi meyers,JAX,WR,2026,1,pff,player_rush_yds,1.8661,2026-08-04T11:00:00-04:00,filename,C:\Users\brady\OneDrive\Desktop\nfl-tools\player_props\data\raw\projections\pff\2026\week_01\snapshots\08_04_26_1100projections.csv,JAX,,115,rushYds
Jakobi Meyers,jakobi meyers,JAX,WR,2026,1,pff,player_reception_yds,41.6894,2026-08-04T11:00:00-04:00,filename,C:\Users\brady\OneDrive\Desktop\nfl-tools\player_props\data\raw\projections\pff\2026\week_01\snapshots\08_04_26_1100projections.csv,JAX,,115,recvYds
Jakobi Meyers,jakobi meyers,JAX,WR,2026,1,pff,player_receptions,3.8783,2026-08-04T11:00:00-04:00,filename,C:\Users\brady\OneDrive\Desktop\nfl-tools\player_props\data\raw\projections\pff\2026\week_01\snapshots\08_04_26_1100projections.csv,JAX,,115,recvReceptions
Wan'Dale Robinson,wandale robinson,TEN,WR,2026,1,pff,player_rush_yds,0.7255,2026-08-04T11:00:00-04:00,filename,C:\Users\brady\OneDrive\Desktop\nfl-tools\player_props\data\raw\projections\pff\2026\week_01\snapshots\08_04_26_1100projections.csv,TEN,,116,rushYds
Wan'Dale Robinson,wandale robinson,TEN,WR,2026,1,pff,player_reception_yds,42.2342,2026-08-04T11:00:00-04:00,filename,C:\Users\brady\OneDrive\Desktop\nfl-tools\player_props\data\raw\projections\pff\2026\week_01\snapshots\08_04_26_1100projections.csv,TEN,,116,recvYds
Wan'Dale Robinson,wandale robinson,TEN,WR,2026,1,pff,player_receptions,4.3013,2026-08-04T11:00:00-04:00,filename,C:\Users\brady\OneDrive\Desktop\nfl-tools\player_props\data\raw\projections\pff\2026\week_01\snapshots\08_04_26_1100projections.csv,TEN,,116,recvReceptions
Parker Washington,parker washington,JAX,WR,2026,1,pff,player_rush_yds,3.3083,2026-08-04T11:00:00-04:00,filename,C:\Users\brady\OneDrive\Desktop\nfl-tools\player_props\data\raw\projections\pff\2026\week_01\snapshots\08_04_26_1100projections.csv,JAX,,117,rushYds
Parker Washington,parker washington,JAX,WR,2026,1,pff,player_reception_yds,42.8963,2026-08-04T11:00:00-04:00,filename,C:\Users\brady\OneDrive\Desktop\nfl-tools\player_props\data\raw\projections\pff\2026\week_01\snapshots\08_04_26_1100projections.csv,JAX,,117,recvYds
Parker Washington,parker washington,JAX,WR,2026,1,pff,player_receptions,3.4795,2026-08-04T11:00:00-04:00,filename,C:\Users\brady\OneDrive\Desktop\nfl-tools\player_props\data\raw\projections\pff\2026\week_01\snapshots\08_04_26_1100projections.csv,JAX,,117,recvReceptions
Jalen Coker,jalen coker,CAR,WR,2026,1,pff,player_reception_yds,43.2328,2026-08-04T11:00:00-04:00,filename,C:\Users\brady\OneDrive\Desktop\nfl-tools\player_props\data\raw\projections\pff\2026\week_01\snapshots\08_04_26_1100projections.csv,CAR,,118,recvYds
Jalen Coker,jalen coker,CAR,WR,2026,1,pff,player_receptions,3.9686,2026-08-04T11:00:00-04:00,filename,C:\Users\brady\OneDrive\Desktop\nfl-tools\player_props\data\raw\projections\pff\2026\week_01\snapshots\08_04_26_1100projections.csv,CAR,,118,recvReceptions
Brian Thomas Jr.,brian thomas,JAX,WR,2026,1,pff,player_rush_yds,1.7106,2026-08-04T11:00:00-04:00,filename,C:\Users\brady\OneDrive\Desktop\nfl-tools\player_props\data\raw\projections\pff\2026\week_01\snapshots\08_04_26_1100projections.csv,JAX,,119,rushYds
Brian Thomas Jr.,brian thomas,JAX,WR,2026,1,pff,player_reception_yds,44.501,2026-08-04T11:00:00-04:00,filename,C:\Users\brady\OneDrive\Desktop\nfl-tools\player_props\data\raw\projections\pff\2026\week_01\snapshots\08_04_26_1100projections.csv,JAX,,119,recvYds
Brian Thomas Jr.,brian thomas,JAX,WR,2026,1,pff,player_receptions,3.5389,2026-08-04T11:00:00-04:00,filename,C:\Users\brady\OneDrive\Desktop\nfl-tools\player_props\data\raw\projections\pff\2026\week_01\snapshots\08_04_26_1100projections.csv,JAX,,119,recvReceptions
Romeo Doubs,romeo doubs,NE,WR,2026,1,pff,player_reception_yds,43.7915,2026-08-04T11:00:00-04:00,filename,C:\Users\brady\OneDrive\Desktop\nfl-tools\player_props\data\raw\projections\pff\2026\week_01\snapshots\08_04_26_1100projections.csv,NE,,120,recvYds
Romeo Doubs,romeo doubs,NE,WR,2026,1,pff,player_receptions,3.5248,2026-08-04T11:00:00-04:00,filename,C:\Users\brady\OneDrive\Desktop\nfl-tools\player_props\data\raw\projections\pff\2026\week_01\snapshots\08_04_26_1100projections.csv,NE,,120,recvReceptions
Deebo Samuel,deebo samuel,SF,WR,2026,1,pff,player_rush_yds,5.7972,2026-08-04T11:00:00-04:00,filename,C:\Users\brady\OneDrive\Desktop\nfl-tools\player_props\data\raw\projections\pff\2026\week_01\snapshots\08_04_26_1100projections.csv,SF,,121,rushYds
Deebo Samuel,deebo samuel,SF,WR,2026,1,pff,player_reception_yds,39.0009,2026-08-04T11:00:00-04:00,filename,C:\Users\brady\OneDrive\Desktop\nfl-tools\player_props\data\raw\projections\pff\2026\week_01\snapshots\08_04_26_1100projections.csv,SF,,121,recvYds
Deebo Samuel,deebo samuel,SF,WR,2026,1,pff,player_receptions,3.5625,2026-08-04T11:00:00-04:00,filename,C:\Users\brady\OneDrive\Desktop\nfl-tools\player_props\data\raw\projections\pff\2026\week_01\snapshots\08_04_26_1100projections.csv,SF,,121,recvReceptions
Jayden Reed,jayden reed,GB,WR,2026,1,pff,player_rush_yds,4.6622,2026-08-04T11:00:00-04:00,filename,C:\Users\brady\OneDrive\Desktop\nfl-tools\player_props\data\raw\projections\pff\2026\week_01\snapshots\08_04_26_1100projections.csv,GB,,122,rushYds
Jayden Reed,jayden reed,GB,WR,2026,1,pff,player_reception_yds,39.6256,2026-08-04T11:00:00-04:00,filename,C:\Users\brady\OneDrive\Desktop\nfl-tools\player_props\data\raw\projections\pff\2026\week_01\snapshots\08_04_26_1100projections.csv,GB,,122,recvYds
Jayden Reed,jayden reed,GB,WR,2026,1,pff,player_receptions,3.5706,2026-08-04T11:00:00-04:00,filename,C:\Users\brady\OneDrive\Desktop\nfl-tools\player_props\data\raw\projections\pff\2026\week_01\snapshots\08_04_26_1100projections.csv,GB,,122,recvReceptions
Juwan Johnson,juwan johnson,NO,TE,2026,1,pff,player_reception_yds,38.2379,2026-08-04T11:00:00-04:00,filename,C:\Users\brady\OneDrive\Desktop\nfl-tools\player_props\data\raw\projections\pff\2026\week_01\snapshots\08_04_26_1100projections.csv,NO,,123,recvYds
Juwan Johnson,juwan johnson,NO,TE,2026,1,pff,player_receptions,3.9181,2026-08-04T11:00:00-04:00,filename,C:\Users\brady\OneDrive\Desktop\nfl-tools\player_props\data\raw\projections\pff\2026\week_01\snapshots\08_04_26_1100projections.csv,NO,,123,recvReceptions
Aaron Rodgers,aaron rodgers,PIT,QB,2026,1,pff,player_pass_yds,234.2597,2026-08-04T11:00:00-04:00,filename,C:\Users\brady\OneDrive\Desktop\nfl-tools\player_props\data\raw\projections\pff\2026\week_01\snapshots\08_04_26_1100projections.csv,PIT,,124,passYds
Aaron Rodgers,aaron rodgers,PIT,QB,2026,1,pff,player_rush_yds,7.9151,2026-08-04T11:00:00-04:00,filename,C:\Users\brady\OneDrive\Desktop\nfl-tools\player_props\data\raw\projections\pff\2026\week_01\snapshots\08_04_26_1100projections.csv,PIT,,124,rushYds
Jared Goff,jared goff,DET,QB,2026,1,pff,player_pass_yds,252.3201,2026-08-04T11:00:00-04:00,filename,C:\Users\brady\OneDrive\Desktop\nfl-tools\player_props\data\raw\projections\pff\2026\week_01\snapshots\08_04_26_1100projections.csv,DET,,125,passYds
Jared Goff,jared goff,DET,QB,2026,1,pff,player_rush_yds,4.381,2026-08-04T11:00:00-04:00,filename,C:\Users\brady\OneDrive\Desktop\nfl-tools\player_props\data\raw\projections\pff\2026\week_01\snapshots\08_04_26_1100projections.csv,DET,,125,rushYds
Justin Herbert,justin herbert,LAC,QB,2026,1,pff,player_pass_yds,226.5278,2026-08-04T11:00:00-04:00,filename,C:\Users\brady\OneDrive\Desktop\nfl-tools\player_props\data\raw\projections\pff\2026\week_01\snapshots\08_04_26_1100projections.csv,LAC,,126,passYds
Justin Herbert,justin herbert,LAC,QB,2026,1,pff,player_rush_yds,16.8603,2026-08-04T11:00:00-04:00,filename,C:\Users\brady\OneDrive\Desktop\nfl-tools\player_props\data\raw\projections\pff\2026\week_01\snapshots\08_04_26_1100projections.csv,LAC,,126,rushYds
Khalil Shakir,khalil shakir,BUF,WR,2026,1,pff,player_reception_yds,38.4104,2026-08-04T11:00:00-04:00,filename,C:\Users\brady\OneDrive\Desktop\nfl-tools\player_props\data\raw\projections\pff\2026\week_01\snapshots\08_04_26_1100projections.csv,BUF,,127,recvYds
Khalil Shakir,khalil shakir,BUF,WR,2026,1,pff,player_receptions,4.3084,2026-08-04T11:00:00-04:00,filename,C:\Users\brady\OneDrive\Desktop\nfl-tools\player_props\data\raw\projections\pff\2026\week_01\snapshots\08_04_26_1100projections.csv,BUF,,127,recvReceptions
Quentin Johnston,quentin johnston,LAC,WR,2026,1,pff,player_rush_yds,0.3236,2026-08-04T11:00:00-04:00,filename,C:\Users\brady\OneDrive\Desktop\nfl-tools\player_props\data\raw\projections\pff\2026\week_01\snapshots\08_04_26_1100projections.csv,LAC,,128,rushYds
Quentin Johnston,quentin johnston,LAC,WR,2026,1,pff,player_reception_yds,43.1947,2026-08-04T11:00:00-04:00,filename,C:\Users\brady\OneDrive\Desktop\nfl-tools\player_props\data\raw\projections\pff\2026\week_01\snapshots\08_04_26_1100projections.csv,LAC,,128,recvYds
Quentin Johnston,quentin johnston,LAC,WR,2026,1,pff,player_receptions,3.3897,2026-08-04T11:00:00-04:00,filename,C:\Users\brady\OneDrive\Desktop\nfl-tools\player_props\data\raw\projections\pff\2026\week_01\snapshots\08_04_26_1100projections.csv,LAC,,128,recvReceptions
Matthew Golden,matthew golden,GB,WR,2026,1,pff,player_rush_yds,2.2559,2026-08-04T11:00:00-04:00,filename,C:\Users\brady\OneDrive\Desktop\nfl-tools\player_props\data\raw\projections\pff\2026\week_01\snapshots\08_04_26_1100projections.csv,GB,,129,rushYds
Matthew Golden,matthew golden,GB,WR,2026,1,pff,player_reception_yds,43.5564,2026-08-04T11:00:00-04:00,filename,C:\Users\brady\OneDrive\Desktop\nfl-tools\player_props\data\raw\projections\pff\2026\week_01\snapshots\08_04_26_1100projections.csv,GB,,129,recvYds
Matthew Golden,matthew golden,GB,WR,2026,1,pff,player_receptions,3.5208,2026-08-04T11:00:00-04:00,filename,C:\Users\brady\OneDrive\Desktop\nfl-tools\player_props\data\raw\projections\pff\2026\week_01\snapshots\08_04_26_1100projections.csv,GB,,129,recvReceptions
Hunter Henry,hunter henry,NE,TE,2026,1,pff,player_reception_yds,36.3541,2026-08-04T11:00:00-04:00,filename,C:\Users\brady\OneDrive\Desktop\nfl-tools\player_props\data\raw\projections\pff\2026\week_01\snapshots\08_04_26_1100projections.csv,NE,,130,recvYds
Hunter Henry,hunter henry,NE,TE,2026,1,pff,player_receptions,3.5439,2026-08-04T11:00:00-04:00,filename,C:\Users\brady\OneDrive\Desktop\nfl-tools\player_props\data\raw\projections\pff\2026\week_01\snapshots\08_04_26_1100projections.csv,NE,,130,recvReceptions
Oronde Gadsden II,oronde gadsden,LAC,TE,2026,1,pff,player_reception_yds,36.6704,2026-08-04T11:00:00-04:00,filename,C:\Users\brady\OneDrive\Desktop\nfl-tools\player_props\data\raw\projections\pff\2026\week_01\snapshots\08_04_26_1100projections.csv,LAC,,131,recvYds
Oronde Gadsden II,oronde gadsden,LAC,TE,2026,1,pff,player_receptions,3.5129,2026-08-04T11:00:00-04:00,filename,C:\Users\brady\OneDrive\Desktop\nfl-tools\player_props\data\raw\projections\pff\2026\week_01\snapshots\08_04_26_1100projections.csv,LAC,,131,recvReceptions
Tyrone Tracy,tyrone tracy,NYG,RB,2026,1,pff,player_rush_yds,26.0975,2026-08-04T11:00:00-04:00,filename,C:\Users\brady\OneDrive\Desktop\nfl-tools\player_props\data\raw\projections\pff\2026\week_01\snapshots\08_04_26_1100projections.csv,NYG,,132,rushYds
Tyrone Tracy,tyrone tracy,NYG,RB,2026,1,pff,player_reception_yds,8.9342,2026-08-04T11:00:00-04:00,filename,C:\Users\brady\OneDrive\Desktop\nfl-tools\player_props\data\raw\projections\pff\2026\week_01\snapshots\08_04_26_1100projections.csv,NYG,,132,recvYds
Tyrone Tracy,tyrone tracy,NYG,RB,2026,1,pff,player_receptions,1.2838,2026-08-04T11:00:00-04:00,filename,C:\Users\brady\OneDrive\Desktop\nfl-tools\player_props\data\raw\projections\pff\2026\week_01\snapshots\08_04_26_1100projections.csv,NYG,,132,recvReceptions
Dylan Sampson,dylan sampson,CLE,RB,2026,1,pff,player_rush_yds,17.6347,2026-08-04T11:00:00-04:00,filename,C:\Users\brady\OneDrive\Desktop\nfl-tools\player_props\data\raw\projections\pff\2026\week_01\snapshots\08_04_26_1100projections.csv,CLV,,133,rushYds
Dylan Sampson,dylan sampson,CLE,RB,2026,1,pff,player_reception_yds,13.6003,2026-08-04T11:00:00-04:00,filename,C:\Users\brady\OneDrive\Desktop\nfl-tools\player_props\data\raw\projections\pff\2026\week_01\snapshots\08_04_26_1100projections.csv,CLV,,133,recvYds
Dylan Sampson,dylan sampson,CLE,RB,2026,1,pff,player_receptions,2.0496,2026-08-04T11:00:00-04:00,filename,C:\Users\brady\OneDrive\Desktop\nfl-tools\player_props\data\raw\projections\pff\2026\week_01\snapshots\08_04_26_1100projections.csv,CLV,,133,recvReceptions
Xavier Worthy,xavier worthy,KC,WR,2026,1,pff,player_rush_yds,4.2385,2026-08-04T11:00:00-04:00,filename,C:\Users\brady\OneDrive\Desktop\nfl-tools\player_props\data\raw\projections\pff\2026\week_01\snapshots\08_04_26_1100projections.csv,KC,,134,rushYds
Xavier Worthy,xavier worthy,KC,WR,2026,1,pff,player_reception_yds,40.0866,2026-08-04T11:00:00-04:00,filename,C:\Users\brady\OneDrive\Desktop\nfl-tools\player_props\data\raw\projections\pff\2026\week_01\snapshots\08_04_26_1100projections.csv,KC,,134,recvYds
Xavier Worthy,xavier worthy,KC,WR,2026,1,pff,player_receptions,3.3143,2026-08-04T11:00:00-04:00,filename,C:\Users\brady\OneDrive\Desktop\nfl-tools\player_props\data\raw\projections\pff\2026\week_01\snapshots\08_04_26_1100projections.csv,KC,,134,recvReceptions
Isiah Pacheco,isiah pacheco,DET,RB,2026,1,pff,player_rush_yds,31.7575,2026-08-04T11:00:00-04:00,filename,C:\Users\brady\OneDrive\Desktop\nfl-tools\player_props\data\raw\projections\pff\2026\week_01\snapshots\08_04_26_1100projections.csv,DET,,135,rushYds
Isiah Pacheco,isiah pacheco,DET,RB,2026,1,pff,player_reception_yds,5.6242,2026-08-04T11:00:00-04:00,filename,C:\Users\brady\OneDrive\Desktop\nfl-tools\player_props\data\raw\projections\pff\2026\week_01\snapshots\08_04_26_1100projections.csv,DET,,135,recvYds
Isiah Pacheco,isiah pacheco,DET,RB,2026,1,pff,player_receptions,0.8299,2026-08-04T11:00:00-04:00,filename,C:\Users\brady\OneDrive\Desktop\nfl-tools\player_props\data\raw\projections\pff\2026\week_01\snapshots\08_04_26_1100projections.csv,DET,,135,recvReceptions
Jacory Croskey-Merritt,jacory croskeymerritt,WSH,RB,2026,1,pff,player_rush_yds,34.5616,2026-08-04T11:00:00-04:00,filename,C:\Users\brady\OneDrive\Desktop\nfl-tools\player_props\data\raw\projections\pff\2026\week_01\snapshots\08_04_26_1100projections.csv,WAS,,136,rushYds
Jacory Croskey-Merritt,jacory croskeymerritt,WSH,RB,2026,1,pff,player_reception_yds,3.5327,2026-08-04T11:00:00-04:00,filename,C:\Users\brady\OneDrive\Desktop\nfl-tools\player_props\data\raw\projections\pff\2026\week_01\snapshots\08_04_26_1100projections.csv,WAS,,136,recvYds
Jacory Croskey-Merritt,jacory croskeymerritt,WSH,RB,2026,1,pff,player_receptions,0.5232,2026-08-04T11:00:00-04:00,filename,C:\Users\brady\OneDrive\Desktop\nfl-tools\player_props\data\raw\projections\pff\2026\week_01\snapshots\08_04_26_1100projections.csv,WAS,,136,recvReceptions
Emanuel Wilson,emanuel wilson,SEA,RB,2026,1,pff,player_rush_yds,28.0285,2026-08-04T11:00:00-04:00,filename,C:\Users\brady\OneDrive\Desktop\nfl-tools\player_props\data\raw\projections\pff\2026\week_01\snapshots\08_04_26_1100projections.csv,SEA,,137,rushYds
Emanuel Wilson,emanuel wilson,SEA,RB,2026,1,pff,player_reception_yds,7.4727,2026-08-04T11:00:00-04:00,filename,C:\Users\brady\OneDrive\Desktop\nfl-tools\player_props\data\raw\projections\pff\2026\week_01\snapshots\08_04_26_1100projections.csv,SEA,,137,recvYds
Emanuel Wilson,emanuel wilson,SEA,RB,2026,1,pff,player_receptions,1.1238,2026-08-04T11:00:00-04:00,filename,C:\Users\brady\OneDrive\Desktop\nfl-tools\player_props\data\raw\projections\pff\2026\week_01\snapshots\08_04_26_1100projections.csv,SEA,,137,recvReceptions
Trevor Lawrence,trevor lawrence,JAX,QB,2026,1,pff,player_pass_yds,224.0561,2026-08-04T11:00:00-04:00,filename,C:\Users\brady\OneDrive\Desktop\nfl-tools\player_props\data\raw\projections\pff\2026\week_01\snapshots\08_04_26_1100projections.csv,JAX,,138,passYds
Trevor Lawrence,trevor lawrence,JAX,QB,2026,1,pff,player_rush_yds,15.8738,2026-08-04T11:00:00-04:00,filename,C:\Users\brady\OneDrive\Desktop\nfl-tools\player_props\data\raw\projections\pff\2026\week_01\snapshots\08_04_26_1100projections.csv,JAX,,138,rushYds
Tyler Shough,tyler shough,NO,QB,2026,1,pff,player_pass_yds,234.6342,2026-08-04T11:00:00-04:00,filename,C:\Users\brady\OneDrive\Desktop\nfl-tools\player_props\data\raw\projections\pff\2026\week_01\snapshots\08_04_26_1100projections.csv,NO,,139,passYds
Tyler Shough,tyler shough,NO,QB,2026,1,pff,player_rush_yds,18.5892,2026-08-04T11:00:00-04:00,filename,C:\Users\brady\OneDrive\Desktop\nfl-tools\player_props\data\raw\projections\pff\2026\week_01\snapshots\08_04_26_1100projections.csv,NO,,139,rushYds
Omar Cooper Jr.,omar cooper,NYJ,WR,2026,1,pff,player_rush_yds,0.283,2026-08-04T11:00:00-04:00,filename,C:\Users\brady\OneDrive\Desktop\nfl-tools\player_props\data\raw\projections\pff\2026\week_01\snapshots\08_04_26_1100projections.csv,NYJ,,140,rushYds
Omar Cooper Jr.,omar cooper,NYJ,WR,2026,1,pff,player_reception_yds,43.1438,2026-08-04T11:00:00-04:00,filename,C:\Users\brady\OneDrive\Desktop\nfl-tools\player_props\data\raw\projections\pff\2026\week_01\snapshots\08_04_26_1100projections.csv,NYJ,,140,recvYds
Omar Cooper Jr.,omar cooper,NYJ,WR,2026,1,pff,player_receptions,3.4289,2026-08-04T11:00:00-04:00,filename,C:\Users\brady\OneDrive\Desktop\nfl-tools\player_props\data\raw\projections\pff\2026\week_01\snapshots\08_04_26_1100projections.csv,NYJ,,140,recvReceptions
Tyjae Spears,tyjae spears,TEN,RB,2026,1,pff,player_rush_yds,22.047,2026-08-04T11:00:00-04:00,filename,C:\Users\brady\OneDrive\Desktop\nfl-tools\player_props\data\raw\projections\pff\2026\week_01\snapshots\08_04_26_1100projections.csv,TEN,,141,rushYds
Tyjae Spears,tyjae spears,TEN,RB,2026,1,pff,player_reception_yds,10.6164,2026-08-04T11:00:00-04:00,filename,C:\Users\brady\OneDrive\Desktop\nfl-tools\player_props\data\raw\projections\pff\2026\week_01\snapshots\08_04_26_1100projections.csv,TEN,,141,recvYds
Tyjae Spears,tyjae spears,TEN,RB,2026,1,pff,player_receptions,1.6421,2026-08-04T11:00:00-04:00,filename,C:\Users\brady\OneDrive\Desktop\nfl-tools\player_props\data\raw\projections\pff\2026\week_01\snapshots\08_04_26_1100projections.csv,TEN,,141,recvReceptions
Woody Marks,woody marks,HOU,RB,2026,1,pff,player_rush_yds,28.0882,2026-08-04T11:00:00-04:00,filename,C:\Users\brady\OneDrive\Desktop\nfl-tools\player_props\data\raw\projections\pff\2026\week_01\snapshots\08_04_26_1100projections.csv,HST,,142,rushYds
Woody Marks,woody marks,HOU,RB,2026,1,pff,player_reception_yds,8.1537,2026-08-04T11:00:00-04:00,filename,C:\Users\brady\OneDrive\Desktop\nfl-tools\player_props\data\raw\projections\pff\2026\week_01\snapshots\08_04_26_1100projections.csv,HST,,142,recvYds
Woody Marks,woody marks,HOU,RB,2026,1,pff,player_receptions,1.0956,2026-08-04T11:00:00-04:00,filename,C:\Users\brady\OneDrive\Desktop\nfl-tools\player_props\data\raw\projections\pff\2026\week_01\snapshots\08_04_26_1100projections.csv,HST,,142,recvReceptions
Justice Hill,justice hill,BAL,RB,2026,1,pff,player_rush_yds,12.3148,2026-08-04T11:00:00-04:00,filename,C:\Users\brady\OneDrive\Desktop\nfl-tools\player_props\data\raw\projections\pff\2026\week_01\snapshots\08_04_26_1100projections.csv,BLT,,143,rushYds
Justice Hill,justice hill,BAL,RB,2026,1,pff,player_reception_yds,15.3142,2026-08-04T11:00:00-04:00,filename,C:\Users\brady\OneDrive\Desktop\nfl-tools\player_props\data\raw\projections\pff\2026\week_01\snapshots\08_04_26_1100projections.csv,BLT,,143,recvYds
Justice Hill,justice hill,BAL,RB,2026,1,pff,player_receptions,2.1459,2026-08-04T11:00:00-04:00,filename,C:\Users\brady\OneDrive\Desktop\nfl-tools\player_props\data\raw\projections\pff\2026\week_01\snapshots\08_04_26_1100projections.csv,BLT,,143,recvReceptions
Daniel Jones,daniel jones,IND,QB,2026,1,pff,player_pass_yds,233.4898,2026-08-04T11:00:00-04:00,filename,C:\Users\brady\OneDrive\Desktop\nfl-tools\player_props\data\raw\projections\pff\2026\week_01\snapshots\08_04_26_1100projections.csv,IND,,144,passYds
Daniel Jones,daniel jones,IND,QB,2026,1,pff,player_rush_yds,20.3179,2026-08-04T11:00:00-04:00,filename,C:\Users\brady\OneDrive\Desktop\nfl-tools\player_props\data\raw\projections\pff\2026\week_01\snapshots\08_04_26_1100projections.csv,IND,,144,rushYds
Malik Willis,malik willis,MIA,QB,2026,1,pff,player_pass_yds,203.0678,2026-08-04T11:00:00-04:00,filename,C:\Users\brady\OneDrive\Desktop\nfl-tools\player_props\data\raw\projections\pff\2026\week_01\snapshots\08_04_26_1100projections.csv,MIA,,145,passYds
Malik Willis,malik willis,MIA,QB,2026,1,pff,player_rush_yds,36.1555,2026-08-04T11:00:00-04:00,filename,C:\Users\brady\OneDrive\Desktop\nfl-tools\player_props\data\raw\projections\pff\2026\week_01\snapshots\08_04_26_1100projections.csv,MIA,,145,rushYds
Brenton Strange,brenton strange,JAX,TE,2026,1,pff,player_reception_yds,33.9466,2026-08-04T11:00:00-04:00,filename,C:\Users\brady\OneDrive\Desktop\nfl-tools\player_props\data\raw\projections\pff\2026\week_01\snapshots\08_04_26_1100projections.csv,JAX,,146,recvYds
Brenton Strange,brenton strange,JAX,TE,2026,1,pff,player_receptions,3.61,2026-08-04T11:00:00-04:00,filename,C:\Users\brady\OneDrive\Desktop\nfl-tools\player_props\data\raw\projections\pff\2026\week_01\snapshots\08_04_26_1100projections.csv,JAX,,146,recvReceptions
Kenyon Sadiq,kenyon sadiq,NYJ,TE,2026,1,pff,player_reception_yds,35.3261,2026-08-04T11:00:00-04:00,filename,C:\Users\brady\OneDrive\Desktop\nfl-tools\player_props\data\raw\projections\pff\2026\week_01\snapshots\08_04_26_1100projections.csv,NYJ,,147,recvYds
Kenyon Sadiq,kenyon sadiq,NYJ,TE,2026,1,pff,player_receptions,3.501,2026-08-04T11:00:00-04:00,filename,C:\Users\brady\OneDrive\Desktop\nfl-tools\player_props\data\raw\projections\pff\2026\week_01\snapshots\08_04_26_1100projections.csv,NYJ,,147,recvReceptions
C.J. Stroud,cj stroud,HOU,QB,2026,1,pff,player_pass_yds,241.1554,2026-08-04T11:00:00-04:00,filename,C:\Users\brady\OneDrive\Desktop\nfl-tools\player_props\data\raw\projections\pff\2026\week_01\snapshots\08_04_26_1100projections.csv,HST,,148,passYds
C.J. Stroud,cj stroud,HOU,QB,2026,1,pff,player_rush_yds,15.0495,2026-08-04T11:00:00-04:00,filename,C:\Users\brady\OneDrive\Desktop\nfl-tools\player_props\data\raw\projections\pff\2026\week_01\snapshots\08_04_26_1100projections.csv,HST,,148,rushYds
Jalen Nailor,jalen nailor,LV,WR,2026,1,pff,player_reception_yds,40.8972,2026-08-04T11:00:00-04:00,filename,C:\Users\brady\OneDrive\Desktop\nfl-tools\player_props\data\raw\projections\pff\2026\week_01\snapshots\08_04_26_1100projections.csv,LV,,149,recvYds
Jalen Nailor,jalen nailor,LV,WR,2026,1,pff,player_receptions,3.2478,2026-08-04T11:00:00-04:00,filename,C:\Users\brady\OneDrive\Desktop\nfl-tools\player_props\data\raw\projections\pff\2026\week_01\snapshots\08_04_26_1100projections.csv,LV,,149,recvReceptions
Caleb Williams,caleb williams,CHI,QB,2026,1,pff,player_pass_yds,223.7491,2026-08-04T11:00:00-04:00,filename,C:\Users\brady\OneDrive\Desktop\nfl-tools\player_props\data\raw\projections\pff\2026\week_01\snapshots\08_04_26_1100projections.csv,CHI,,150,passYds
Caleb Williams,caleb williams,CHI,QB,2026,1,pff,player_rush_yds,19.6483,2026-08-04T11:00:00-04:00,filename,C:\Users\brady\OneDrive\Desktop\nfl-tools\player_props\data\raw\projections\pff\2026\week_01\snapshots\08_04_26_1100projections.csv,CHI,,150,rushYds
Tre Tucker,tre tucker,LV,WR,2026,1,pff,player_rush_yds,3.2705,2026-08-04T11:00:00-04:00,filename,C:\Users\brady\OneDrive\Desktop\nfl-tools\player_props\data\raw\projections\pff\2026\week_01\snapshots\08_04_26_1100projections.csv,LV,,151,rushYds
Tre Tucker,tre tucker,LV,WR,2026,1,pff,player_reception_yds,40.3791,2026-08-04T11:00:00-04:00,filename,C:\Users\brady\OneDrive\Desktop\nfl-tools\player_props\data\raw\projections\pff\2026\week_01\snapshots\08_04_26_1100projections.csv,LV,,151,recvYds
Tre Tucker,tre tucker,LV,WR,2026,1,pff,player_receptions,3.1756,2026-08-04T11:00:00-04:00,filename,C:\Users\brady\OneDrive\Desktop\nfl-tools\player_props\data\raw\projections\pff\2026\week_01\snapshots\08_04_26_1100projections.csv,LV,,151,recvReceptions
Chigoziem Okonkwo,chigoziem okonkwo,WSH,TE,2026,1,pff,player_reception_yds,34.4802,2026-08-04T11:00:00-04:00,filename,C:\Users\brady\OneDrive\Desktop\nfl-tools\player_props\data\raw\projections\pff\2026\week_01\snapshots\08_04_26_1100projections.csv,WAS,,152,recvYds
Chigoziem Okonkwo,chigoziem okonkwo,WSH,TE,2026,1,pff,player_receptions,3.752,2026-08-04T11:00:00-04:00,filename,C:\Users\brady\OneDrive\Desktop\nfl-tools\player_props\data\raw\projections\pff\2026\week_01\snapshots\08_04_26_1100projections.csv,WAS,,152,recvReceptions
Alvin Kamara,alvin kamara,NO,RB,2026,1,pff,player_rush_yds,24.4842,2026-08-04T11:00:00-04:00,filename,C:\Users\brady\OneDrive\Desktop\nfl-tools\player_props\data\raw\projections\pff\2026\week_01\snapshots\08_04_26_1100projections.csv,NO,,153,rushYds
Alvin Kamara,alvin kamara,NO,RB,2026,1,pff,player_reception_yds,8.5689,2026-08-04T11:00:00-04:00,filename,C:\Users\brady\OneDrive\Desktop\nfl-tools\player_props\data\raw\projections\pff\2026\week_01\snapshots\08_04_26_1100projections.csv,NO,,153,recvYds
Alvin Kamara,alvin kamara,NO,RB,2026,1,pff,player_receptions,1.2375,2026-08-04T11:00:00-04:00,filename,C:\Users\brady\OneDrive\Desktop\nfl-tools\player_props\data\raw\projections\pff\2026\week_01\snapshots\08_04_26_1100projections.csv,NO,,153,recvReceptions
Brian Robinson,brian robinson,ATL,RB,2026,1,pff,player_rush_yds,31.0296,2026-08-04T11:00:00-04:00,filename,C:\Users\brady\OneDrive\Desktop\nfl-tools\player_props\data\raw\projections\pff\2026\week_01\snapshots\08_04_26_1100projections.csv,ATL,,154,rushYds
Brian Robinson,brian robinson,ATL,RB,2026,1,pff,player_reception_yds,4.0945,2026-08-04T11:00:00-04:00,filename,C:\Users\brady\OneDrive\Desktop\nfl-tools\player_props\data\raw\projections\pff\2026\week_01\snapshots\08_04_26_1100projections.csv,ATL,,154,recvYds
Brian Robinson,brian robinson,ATL,RB,2026,1,pff,player_receptions,0.5784,2026-08-04T11:00:00-04:00,filename,C:\Users\brady\OneDrive\Desktop\nfl-tools\player_props\data\raw\projections\pff\2026\week_01\snapshots\08_04_26_1100projections.csv,ATL,,154,recvReceptions
Jacoby Brissett,jacoby brissett,ARI,QB,2026,1,pff,player_pass_yds,234.5948,2026-08-04T11:00:00-04:00,filename,C:\Users\brady\OneDrive\Desktop\nfl-tools\player_props\data\raw\projections\pff\2026\week_01\snapshots\08_04_26_1100projections.csv,ARZ,,155,passYds
Jacoby Brissett,jacoby brissett,ARI,QB,2026,1,pff,player_rush_yds,14.1786,2026-08-04T11:00:00-04:00,filename,C:\Users\brady\OneDrive\Desktop\nfl-tools\player_props\data\raw\projections\pff\2026\week_01\snapshots\08_04_26_1100projections.csv,ARZ,,155,rushYds
Samaje Perine,samaje perine,CIN,RB,2026,1,pff,player_rush_yds,25.5283,2026-08-04T11:00:00-04:00,filename,C:\Users\brady\OneDrive\Desktop\nfl-tools\player_props\data\raw\projections\pff\2026\week_01\snapshots\08_04_26_1100projections.csv,CIN,,156,rushYds
Samaje Perine,samaje perine,CIN,RB,2026,1,pff,player_reception_yds,6.8219,2026-08-04T11:00:00-04:00,filename,C:\Users\brady\OneDrive\Desktop\nfl-tools\player_props\data\raw\projections\pff\2026\week_01\snapshots\08_04_26_1100projections.csv,CIN,,156,recvYds
Samaje Perine,samaje perine,CIN,RB,2026,1,pff,player_receptions,0.9812,2026-08-04T11:00:00-04:00,filename,C:\Users\brady\OneDrive\Desktop\nfl-tools\player_props\data\raw\projections\pff\2026\week_01\snapshots\08_04_26_1100projections.csv,CIN,,156,recvReceptions
Dalton Schultz,dalton schultz,HOU,TE,2026,1,pff,player_reception_yds,33.0123,2026-08-04T11:00:00-04:00,filename,C:\Users\brady\OneDrive\Desktop\nfl-tools\player_props\data\raw\projections\pff\2026\week_01\snapshots\08_04_26_1100projections.csv,HST,,157,recvYds
Dalton Schultz,dalton schultz,HOU,TE,2026,1,pff,player_receptions,3.3994,2026-08-04T11:00:00-04:00,filename,C:\Users\brady\OneDrive\Desktop\nfl-tools\player_props\data\raw\projections\pff\2026\week_01\snapshots\08_04_26_1100projections.csv,HST,,157,recvReceptions
Jauan Jennings,jauan jennings,MIN,WR,2026,1,pff,player_reception_yds,36.2201,2026-08-04T11:00:00-04:00,filename,C:\Users\brady\OneDrive\Desktop\nfl-tools\player_props\data\raw\projections\pff\2026\week_01\snapshots\08_04_26_1100projections.csv,MIN,,158,recvYds
Jauan Jennings,jauan jennings,MIN,WR,2026,1,pff,player_receptions,3.4145,2026-08-04T11:00:00-04:00,filename,C:\Users\brady\OneDrive\Desktop\nfl-tools\player_props\data\raw\projections\pff\2026\week_01\snapshots\08_04_26_1100projections.csv,MIN,,158,recvReceptions
Denzel Boston,denzel boston,CLE,WR,2026,1,pff,player_reception_yds,38.57,2026-08-04T11:00:00-04:00,filename,C:\Users\brady\OneDrive\Desktop\nfl-tools\player_props\data\raw\projections\pff\2026\week_01\snapshots\08_04_26_1100projections.csv,CLV,,159,recvYds
Denzel Boston,denzel boston,CLE,WR,2026,1,pff,player_receptions,3.2838,2026-08-04T11:00:00-04:00,filename,C:\Users\brady\OneDrive\Desktop\nfl-tools\player_props\data\raw\projections\pff\2026\week_01\snapshots\08_04_26_1100projections.csv,CLV,,159,recvReceptions
T.J. Hockenson,tj hockenson,MIN,TE,2026,1,pff,player_rush_yds,0.1397,2026-08-04T11:00:00-04:00,filename,C:\Users\brady\OneDrive\Desktop\nfl-tools\player_props\data\raw\projections\pff\2026\week_01\snapshots\08_04_26_1100projections.csv,MIN,,160,rushYds
T.J. Hockenson,tj hockenson,MIN,TE,2026,1,pff,player_reception_yds,30.6346,2026-08-04T11:00:00-04:00,filename,C:\Users\brady\OneDrive\Desktop\nfl-tools\player_props\data\raw\projections\pff\2026\week_01\snapshots\08_04_26_1100projections.csv,MIN,,160,recvYds
T.J. Hockenson,tj hockenson,MIN,TE,2026,1,pff,player_receptions,3.4158,2026-08-04T11:00:00-04:00,filename,C:\Users\brady\OneDrive\Desktop\nfl-tools\player_props\data\raw\projections\pff\2026\week_01\snapshots\08_04_26_1100projections.csv,MIN,,160,recvReceptions
Greg Dulcich,greg dulcich,MIA,TE,2026,1,pff,player_reception_yds,32.7174,2026-08-04T11:00:00-04:00,filename,C:\Users\brady\OneDrive\Desktop\nfl-tools\player_props\data\raw\projections\pff\2026\week_01\snapshots\08_04_26_1100projections.csv,MIA,,161,recvYds
Greg Dulcich,greg dulcich,MIA,TE,2026,1,pff,player_receptions,3.2666,2026-08-04T11:00:00-04:00,filename,C:\Users\brady\OneDrive\Desktop\nfl-tools\player_props\data\raw\projections\pff\2026\week_01\snapshots\08_04_26_1100projections.csv,MIA,,161,recvReceptions
Geno Smith,geno smith,NYJ,QB,2026,1,pff,player_pass_yds,230.6603,2026-08-04T11:00:00-04:00,filename,C:\Users\brady\OneDrive\Desktop\nfl-tools\player_props\data\raw\projections\pff\2026\week_01\snapshots\08_04_26_1100projections.csv,NYJ,,162,passYds
Geno Smith,geno smith,NYJ,QB,2026,1,pff,player_rush_yds,11.1073,2026-08-04T11:00:00-04:00,filename,C:\Users\brady\OneDrive\Desktop\nfl-tools\player_props\data\raw\projections\pff\2026\week_01\snapshots\08_04_26_1100projections.csv,NYJ,,162,rushYds
AJ Barner,aj barner,SEA,TE,2026,1,pff,player_rush_yds,1.6692,2026-08-04T11:00:00-04:00,filename,C:\Users\brady\OneDrive\Desktop\nfl-tools\player_props\data\raw\projections\pff\2026\week_01\snapshots\08_04_26_1100projections.csv,SEA,,163,rushYds
AJ Barner,aj barner,SEA,TE,2026,1,pff,player_reception_yds,28.0023,2026-08-04T11:00:00-04:00,filename,C:\Users\brady\OneDrive\Desktop\nfl-tools\player_props\data\raw\projections\pff\2026\week_01\snapshots\08_04_26_1100projections.csv,SEA,,163,recvYds
AJ Barner,aj barner,SEA,TE,2026,1,pff,player_receptions,3.1563,2026-08-04T11:00:00-04:00,filename,C:\Users\brady\OneDrive\Desktop\nfl-tools\player_props\data\raw\projections\pff\2026\week_01\snapshots\08_04_26_1100projections.csv,SEA,,163,recvReceptions
Sam Darnold,sam darnold,SEA,QB,2026,1,pff,player_pass_yds,229.9463,2026-08-04T11:00:00-04:00,filename,C:\Users\brady\OneDrive\Desktop\nfl-tools\player_props\data\raw\projections\pff\2026\week_01\snapshots\08_04_26_1100projections.csv,SEA,,164,passYds
Sam Darnold,sam darnold,SEA,QB,2026,1,pff,player_rush_yds,10.2479,2026-08-04T11:00:00-04:00,filename,C:\Users\brady\OneDrive\Desktop\nfl-tools\player_props\data\raw\projections\pff\2026\week_01\snapshots\08_04_26_1100projections.csv,SEA,,164,rushYds
Jayden Higgins,jayden higgins,HOU,WR,2026,1,pff,player_reception_yds,36.6291,2026-08-04T11:00:00-04:00,filename,C:\Users\brady\OneDrive\Desktop\nfl-tools\player_props\data\raw\projections\pff\2026\week_01\snapshots\08_04_26_1100projections.csv,HST,,165,recvYds
Jayden Higgins,jayden higgins,HOU,WR,2026,1,pff,player_receptions,3.0795,2026-08-04T11:00:00-04:00,filename,C:\Users\brady\OneDrive\Desktop\nfl-tools\player_props\data\raw\projections\pff\2026\week_01\snapshots\08_04_26_1100projections.csv,HST,,165,recvReceptions
Bryce Young,bryce young,CAR,QB,2026,1,pff,player_pass_yds,213.6706,2026-08-04T11:00:00-04:00,filename,C:\Users\brady\OneDrive\Desktop\nfl-tools\player_props\data\raw\projections\pff\2026\week_01\snapshots\08_04_26_1100projections.csv,CAR,,166,passYds
Bryce Young,bryce young,CAR,QB,2026,1,pff,player_rush_yds,17.4437,2026-08-04T11:00:00-04:00,filename,C:\Users\brady\OneDrive\Desktop\nfl-tools\player_props\data\raw\projections\pff\2026\week_01\snapshots\08_04_26_1100projections.csv,CAR,,166,rushYds
Cooper Kupp,cooper kupp,SEA,WR,2026,1,pff,player_reception_yds,35.2672,2026-08-04T11:00:00-04:00,filename,C:\Users\brady\OneDrive\Desktop\nfl-tools\player_props\data\raw\projections\pff\2026\week_01\snapshots\08_04_26_1100projections.csv,SEA,,167,recvYds
Cooper Kupp,cooper kupp,SEA,WR,2026,1,pff,player_receptions,3.2871,2026-08-04T11:00:00-04:00,filename,C:\Users\brady\OneDrive\Desktop\nfl-tools\player_props\data\raw\projections\pff\2026\week_01\snapshots\08_04_26_1100projections.csv,SEA,,167,recvReceptions
Pat Freiermuth,pat freiermuth,PIT,TE,2026,1,pff,player_reception_yds,28.8758,2026-08-04T11:00:00-04:00,filename,C:\Users\brady\OneDrive\Desktop\nfl-tools\player_props\data\raw\projections\pff\2026\week_01\snapshots\08_04_26_1100projections.csv,PIT,,168,recvYds
Pat Freiermuth,pat freiermuth,PIT,TE,2026,1,pff,player_receptions,2.9907,2026-08-04T11:00:00-04:00,filename,C:\Users\brady\OneDrive\Desktop\nfl-tools\player_props\data\raw\projections\pff\2026\week_01\snapshots\08_04_26_1100projections.csv,PIT,,168,recvReceptions
Ty Johnson,ty johnson,BUF,RB,2026,1,pff,player_rush_yds,10.1282,2026-08-04T11:00:00-04:00,filename,C:\Users\brady\OneDrive\Desktop\nfl-tools\player_props\data\raw\projections\pff\2026\week_01\snapshots\08_04_26_1100projections.csv,BUF,,169,rushYds
Ty Johnson,ty johnson,BUF,RB,2026,1,pff,player_reception_yds,10.8858,2026-08-04T11:00:00-04:00,filename,C:\Users\brady\OneDrive\Desktop\nfl-tools\player_props\data\raw\projections\pff\2026\week_01\snapshots\08_04_26_1100projections.csv,BUF,,169,recvYds
Ty Johnson,ty johnson,BUF,RB,2026,1,pff,player_receptions,1.4486,2026-08-04T11:00:00-04:00,filename,C:\Users\brady\OneDrive\Desktop\nfl-tools\player_props\data\raw\projections\pff\2026\week_01\snapshots\08_04_26_1100projections.csv,BUF,,169,recvReceptions
Tank Bigsby,tank bigsby,PHI,RB,2026,1,pff,player_rush_yds,25.3994,2026-08-04T11:00:00-04:00,filename,C:\Users\brady\OneDrive\Desktop\nfl-tools\player_props\data\raw\projections\pff\2026\week_01\snapshots\08_04_26_1100projections.csv,PHI,,170,rushYds
Tank Bigsby,tank bigsby,PHI,RB,2026,1,pff,player_reception_yds,2.5032,2026-08-04T11:00:00-04:00,filename,C:\Users\brady\OneDrive\Desktop\nfl-tools\player_props\data\raw\projections\pff\2026\week_01\snapshots\08_04_26_1100projections.csv,PHI,,170,recvYds
Tank Bigsby,tank bigsby,PHI,RB,2026,1,pff,player_receptions,0.3642,2026-08-04T11:00:00-04:00,filename,C:\Users\brady\OneDrive\Desktop\nfl-tools\player_props\data\raw\projections\pff\2026\week_01\snapshots\08_04_26_1100projections.csv,PHI,,170,recvReceptions
Rashid Shaheed,rashid shaheed,SEA,WR,2026,1,pff,player_rush_yds,5.3999,2026-08-04T11:00:00-04:00,filename,C:\Users\brady\OneDrive\Desktop\nfl-tools\player_props\data\raw\projections\pff\2026\week_01\snapshots\08_04_26_1100projections.csv,SEA,,171,rushYds
Rashid Shaheed,rashid shaheed,SEA,WR,2026,1,pff,player_reception_yds,33.5962,2026-08-04T11:00:00-04:00,filename,C:\Users\brady\OneDrive\Desktop\nfl-tools\player_props\data\raw\projections\pff\2026\week_01\snapshots\08_04_26_1100projections.csv,SEA,,171,recvYds
Rashid Shaheed,rashid shaheed,SEA,WR,2026,1,pff,player_receptions,2.6775,2026-08-04T11:00:00-04:00,filename,C:\Users\brady\OneDrive\Desktop\nfl-tools\player_props\data\raw\projections\pff\2026\week_01\snapshots\08_04_26_1100projections.csv,SEA,,171,recvReceptions
Jordan Addison,jordan addison,MIN,WR,2026,1,pff,player_rush_yds,0.5589,2026-08-04T11:00:00-04:00,filename,C:\Users\brady\OneDrive\Desktop\nfl-tools\player_props\data\raw\projections\pff\2026\week_01\snapshots\08_04_26_1100projections.csv,MIN,,172,rushYds
Jordan Addison,jordan addison,MIN,WR,2026,1,pff,player_reception_yds,34.2698,2026-08-04T11:00:00-04:00,filename,C:\Users\brady\OneDrive\Desktop\nfl-tools\player_props\data\raw\projections\pff\2026\week_01\snapshots\08_04_26_1100projections.csv,MIN,,172,recvYds
Jordan Addison,jordan addison,MIN,WR,2026,1,pff,player_receptions,2.8421,2026-08-04T11:00:00-04:00,filename,C:\Users\brady\OneDrive\Desktop\nfl-tools\player_props\data\raw\projections\pff\2026\week_01\snapshots\08_04_26_1100projections.csv,MIN,,172,recvReceptions
Evan Engram,evan engram,DEN,TE,2026,1,pff,player_rush_yds,0.1357,2026-08-04T11:00:00-04:00,filename,C:\Users\brady\OneDrive\Desktop\nfl-tools\player_props\data\raw\projections\pff\2026\week_01\snapshots\08_04_26_1100projections.csv,DEN,,173,rushYds
Evan Engram,evan engram,DEN,TE,2026,1,pff,player_reception_yds,28.2018,2026-08-04T11:00:00-04:00,filename,C:\Users\brady\OneDrive\Desktop\nfl-tools\player_props\data\raw\projections\pff\2026\week_01\snapshots\08_04_26_1100projections.csv,DEN,,173,recvYds
Evan Engram,evan engram,DEN,TE,2026,1,pff,player_receptions,3.2377,2026-08-04T11:00:00-04:00,filename,C:\Users\brady\OneDrive\Desktop\nfl-tools\player_props\data\raw\projections\pff\2026\week_01\snapshots\08_04_26_1100projections.csv,DEN,,173,recvReceptions
Cade Otton,cade otton,TB,TE,2026,1,pff,player_reception_yds,28.3615,2026-08-04T11:00:00-04:00,filename,C:\Users\brady\OneDrive\Desktop\nfl-tools\player_props\data\raw\projections\pff\2026\week_01\snapshots\08_04_26_1100projections.csv,TB,,174,recvYds
Cade Otton,cade otton,TB,TE,2026,1,pff,player_receptions,2.9196,2026-08-04T11:00:00-04:00,filename,C:\Users\brady\OneDrive\Desktop\nfl-tools\player_props\data\raw\projections\pff\2026\week_01\snapshots\08_04_26_1100projections.csv,TB,,174,recvReceptions
Mike Gesicki,mike gesicki,CIN,TE,2026,1,pff,player_reception_yds,27.6972,2026-08-04T11:00:00-04:00,filename,C:\Users\brady\OneDrive\Desktop\nfl-tools\player_props\data\raw\projections\pff\2026\week_01\snapshots\08_04_26_1100projections.csv,CIN,,175,recvYds
Mike Gesicki,mike gesicki,CIN,TE,2026,1,pff,player_receptions,2.7504,2026-08-04T11:00:00-04:00,filename,C:\Users\brady\OneDrive\Desktop\nfl-tools\player_props\data\raw\projections\pff\2026\week_01\snapshots\08_04_26_1100projections.csv,CIN,,175,recvReceptions
Jerry Jeudy,jerry jeudy,CLE,WR,2026,1,pff,player_rush_yds,0.1304,2026-08-04T11:00:00-04:00,filename,C:\Users\brady\OneDrive\Desktop\nfl-tools\player_props\data\raw\projections\pff\2026\week_01\snapshots\08_04_26_1100projections.csv,CLV,,176,rushYds
Jerry Jeudy,jerry jeudy,CLE,WR,2026,1,pff,player_reception_yds,35.4784,2026-08-04T11:00:00-04:00,filename,C:\Users\brady\OneDrive\Desktop\nfl-tools\player_props\data\raw\projections\pff\2026\week_01\snapshots\08_04_26_1100projections.csv,CLV,,176,recvYds
Jerry Jeudy,jerry jeudy,CLE,WR,2026,1,pff,player_receptions,2.9305,2026-08-04T11:00:00-04:00,filename,C:\Users\brady\OneDrive\Desktop\nfl-tools\player_props\data\raw\projections\pff\2026\week_01\snapshots\08_04_26_1100projections.csv,CLV,,176,recvReceptions
MarShawn Lloyd,marshawn lloyd,GB,RB,2026,1,pff,player_rush_yds,12.9788,2026-08-04T11:00:00-04:00,filename,C:\Users\brady\OneDrive\Desktop\nfl-tools\player_props\data\raw\projections\pff\2026\week_01\snapshots\08_04_26_1100projections.csv,GB,,177,rushYds
MarShawn Lloyd,marshawn lloyd,GB,RB,2026,1,pff,player_reception_yds,8.3013,2026-08-04T11:00:00-04:00,filename,C:\Users\brady\OneDrive\Desktop\nfl-tools\player_props\data\raw\projections\pff\2026\week_01\snapshots\08_04_26_1100projections.csv,GB,,177,recvYds
MarShawn Lloyd,marshawn lloyd,GB,RB,2026,1,pff,player_receptions,1.2,2026-08-04T11:00:00-04:00,filename,C:\Users\brady\OneDrive\Desktop\nfl-tools\player_props\data\raw\projections\pff\2026\week_01\snapshots\08_04_26_1100projections.csv,GB,,177,recvReceptions
Gunnar Helm,gunnar helm,TEN,TE,2026,1,pff,player_reception_yds,26.3045,2026-08-04T11:00:00-04:00,filename,C:\Users\brady\OneDrive\Desktop\nfl-tools\player_props\data\raw\projections\pff\2026\week_01\snapshots\08_04_26_1100projections.csv,TEN,,178,recvYds
Gunnar Helm,gunnar helm,TEN,TE,2026,1,pff,player_receptions,3.0024,2026-08-04T11:00:00-04:00,filename,C:\Users\brady\OneDrive\Desktop\nfl-tools\player_props\data\raw\projections\pff\2026\week_01\snapshots\08_04_26_1100projections.csv,TEN,,178,recvReceptions
Braelon Allen,braelon allen,NYJ,RB,2026,1,pff,player_rush_yds,20.3492,2026-08-04T11:00:00-04:00,filename,C:\Users\brady\OneDrive\Desktop\nfl-tools\player_props\data\raw\projections\pff\2026\week_01\snapshots\08_04_26_1100projections.csv,NYJ,,179,rushYds
Braelon Allen,braelon allen,NYJ,RB,2026,1,pff,player_reception_yds,4.6346,2026-08-04T11:00:00-04:00,filename,C:\Users\brady\OneDrive\Desktop\nfl-tools\player_props\data\raw\projections\pff\2026\week_01\snapshots\08_04_26_1100projections.csv,NYJ,,179,recvYds
Braelon Allen,braelon allen,NYJ,RB,2026,1,pff,player_receptions,0.639,2026-08-04T11:00:00-04:00,filename,C:\Users\brady\OneDrive\Desktop\nfl-tools\player_props\data\raw\projections\pff\2026\week_01\snapshots\08_04_26_1100projections.csv,NYJ,,179,recvReceptions
Tank Dell,tank dell,HOU,WR,2026,1,pff,player_rush_yds,3.1271,2026-08-04T11:00:00-04:00,filename,C:\Users\brady\OneDrive\Desktop\nfl-tools\player_props\data\raw\projections\pff\2026\week_01\snapshots\08_04_26_1100projections.csv,HST,,180,rushYds
Tank Dell,tank dell,HOU,WR,2026,1,pff,player_reception_yds,31.5361,2026-08-04T11:00:00-04:00,filename,C:\Users\brady\OneDrive\Desktop\nfl-tools\player_props\data\raw\projections\pff\2026\week_01\snapshots\08_04_26_1100projections.csv,HST,,180,recvYds
Tank Dell,tank dell,HOU,WR,2026,1,pff,player_receptions,2.5222,2026-08-04T11:00:00-04:00,filename,C:\Users\brady\OneDrive\Desktop\nfl-tools\player_props\data\raw\projections\pff\2026\week_01\snapshots\08_04_26_1100projections.csv,HST,,180,recvReceptions
Jalen McMillan,jalen mcmillan,TB,WR,2026,1,pff,player_rush_yds,1.5774,2026-08-04T11:00:00-04:00,filename,C:\Users\brady\OneDrive\Desktop\nfl-tools\player_props\data\raw\projections\pff\2026\week_01\snapshots\08_04_26_1100projections.csv,TB,,181,rushYds
Jalen McMillan,jalen mcmillan,TB,WR,2026,1,pff,player_reception_yds,31.0378,2026-08-04T11:00:00-04:00,filename,C:\Users\brady\OneDrive\Desktop\nfl-tools\player_props\data\raw\projections\pff\2026\week_01\snapshots\08_04_26_1100projections.csv,TB,,181,recvYds
Jalen McMillan,jalen mcmillan,TB,WR,2026,1,pff,player_receptions,2.4797,2026-08-04T11:00:00-04:00,filename,C:\Users\brady\OneDrive\Desktop\nfl-tools\player_props\data\raw\projections\pff\2026\week_01\snapshots\08_04_26_1100projections.csv,TB,,181,recvReceptions
Germie Bernard,germie bernard,PIT,WR,2026,1,pff,player_rush_yds,0.2798,2026-08-04T11:00:00-04:00,filename,C:\Users\brady\OneDrive\Desktop\nfl-tools\player_props\data\raw\projections\pff\2026\week_01\snapshots\08_04_26_1100projections.csv,PIT,,182,rushYds
Germie Bernard,germie bernard,PIT,WR,2026,1,pff,player_reception_yds,31.8231,2026-08-04T11:00:00-04:00,filename,C:\Users\brady\OneDrive\Desktop\nfl-tools\player_props\data\raw\projections\pff\2026\week_01\snapshots\08_04_26_1100projections.csv,PIT,,182,recvYds
Germie Bernard,germie bernard,PIT,WR,2026,1,pff,player_receptions,2.6544,2026-08-04T11:00:00-04:00,filename,C:\Users\brady\OneDrive\Desktop\nfl-tools\player_props\data\raw\projections\pff\2026\week_01\snapshots\08_04_26_1100projections.csv,PIT,,182,recvReceptions
Mike Washington Jr.,mike washington,LV,RB,2026,1,pff,player_rush_yds,16.137,2026-08-04T11:00:00-04:00,filename,C:\Users\brady\OneDrive\Desktop\nfl-tools\player_props\data\raw\projections\pff\2026\week_01\snapshots\08_04_26_1100projections.csv,LV,,183,rushYds
Mike Washington Jr.,mike washington,LV,RB,2026,1,pff,player_reception_yds,5.6101,2026-08-04T11:00:00-04:00,filename,C:\Users\brady\OneDrive\Desktop\nfl-tools\player_props\data\raw\projections\pff\2026\week_01\snapshots\08_04_26_1100projections.csv,LV,,183,recvYds
Mike Washington Jr.,mike washington,LV,RB,2026,1,pff,player_receptions,0.7807,2026-08-04T11:00:00-04:00,filename,C:\Users\brady\OneDrive\Desktop\nfl-tools\player_props\data\raw\projections\pff\2026\week_01\snapshots\08_04_26_1100projections.csv,LV,,183,recvReceptions
Jaylen Wright,jaylen wright,MIA,RB,2026,1,pff,player_rush_yds,17.7438,2026-08-04T11:00:00-04:00,filename,C:\Users\brady\OneDrive\Desktop\nfl-tools\player_props\data\raw\projections\pff\2026\week_01\snapshots\08_04_26_1100projections.csv,MIA,,184,rushYds
Jaylen Wright,jaylen wright,MIA,RB,2026,1,pff,player_reception_yds,4.8708,2026-08-04T11:00:00-04:00,filename,C:\Users\brady\OneDrive\Desktop\nfl-tools\player_props\data\raw\projections\pff\2026\week_01\snapshots\08_04_26_1100projections.csv,MIA,,184,recvYds
Jaylen Wright,jaylen wright,MIA,RB,2026,1,pff,player_receptions,0.6957,2026-08-04T11:00:00-04:00,filename,C:\Users\brady\OneDrive\Desktop\nfl-tools\player_props\data\raw\projections\pff\2026\week_01\snapshots\08_04_26_1100projections.csv,MIA,,184,recvReceptions
Chris Brooks,chris brooks,GB,RB,2026,1,pff,player_rush_yds,11.0987,2026-08-04T11:00:00-04:00,filename,C:\Users\brady\OneDrive\Desktop\nfl-tools\player_props\data\raw\projections\pff\2026\week_01\snapshots\08_04_26_1100projections.csv,GB,,185,rushYds
Chris Brooks,chris brooks,GB,RB,2026,1,pff,player_reception_yds,7.0042,2026-08-04T11:00:00-04:00,filename,C:\Users\brady\OneDrive\Desktop\nfl-tools\player_props\data\raw\projections\pff\2026\week_01\snapshots\08_04_26_1100projections.csv,GB,,185,recvYds
Chris Brooks,chris brooks,GB,RB,2026,1,pff,player_receptions,1.0199,2026-08-04T11:00:00-04:00,filename,C:\Users\brady\OneDrive\Desktop\nfl-tools\player_props\data\raw\projections\pff\2026\week_01\snapshots\08_04_26_1100projections.csv,GB,,185,recvReceptions
Isaiah Davis,isaiah davis,NYJ,RB,2026,1,pff,player_rush_yds,7.6338,2026-08-04T11:00:00-04:00,filename,C:\Users\brady\OneDrive\Desktop\nfl-tools\player_props\data\raw\projections\pff\2026\week_01\snapshots\08_04_26_1100projections.csv,NYJ,,186,rushYds
Isaiah Davis,isaiah davis,NYJ,RB,2026,1,pff,player_reception_yds,9.4606,2026-08-04T11:00:00-04:00,filename,C:\Users\brady\OneDrive\Desktop\nfl-tools\player_props\data\raw\projections\pff\2026\week_01\snapshots\08_04_26_1100projections.csv,NYJ,,186,recvYds
Isaiah Davis,isaiah davis,NYJ,RB,2026,1,pff,player_receptions,1.2697,2026-08-04T11:00:00-04:00,filename,C:\Users\brady\OneDrive\Desktop\nfl-tools\player_props\data\raw\projections\pff\2026\week_01\snapshots\08_04_26_1100projections.csv,NYJ,,186,recvReceptions
Calvin Ridley,calvin ridley,TEN,WR,2026,1,pff,player_rush_yds,0.8704,2026-08-04T11:00:00-04:00,filename,C:\Users\brady\OneDrive\Desktop\nfl-tools\player_props\data\raw\projections\pff\2026\week_01\snapshots\08_04_26_1100projections.csv,TEN,,187,rushYds
Calvin Ridley,calvin ridley,TEN,WR,2026,1,pff,player_reception_yds,31.6045,2026-08-04T11:00:00-04:00,filename,C:\Users\brady\OneDrive\Desktop\nfl-tools\player_props\data\raw\projections\pff\2026\week_01\snapshots\08_04_26_1100projections.csv,TEN,,187,recvYds
Calvin Ridley,calvin ridley,TEN,WR,2026,1,pff,player_receptions,2.4845,2026-08-04T11:00:00-04:00,filename,C:\Users\brady\OneDrive\Desktop\nfl-tools\player_props\data\raw\projections\pff\2026\week_01\snapshots\08_04_26_1100projections.csv,TEN,,187,recvReceptions
Tyler Allgeier,tyler allgeier,ARI,RB,2026,1,pff,player_rush_yds,15.492,2026-08-04T11:00:00-04:00,filename,C:\Users\brady\OneDrive\Desktop\nfl-tools\player_props\data\raw\projections\pff\2026\week_01\snapshots\08_04_26_1100projections.csv,ARZ,,188,rushYds
Tyler Allgeier,tyler allgeier,ARI,RB,2026,1,pff,player_reception_yds,4.3006,2026-08-04T11:00:00-04:00,filename,C:\Users\brady\OneDrive\Desktop\nfl-tools\player_props\data\raw\projections\pff\2026\week_01\snapshots\08_04_26_1100projections.csv,ARZ,,188,recvYds
Tyler Allgeier,tyler allgeier,ARI,RB,2026,1,pff,player_receptions,0.6579,2026-08-04T11:00:00-04:00,filename,C:\Users\brady\OneDrive\Desktop\nfl-tools\player_props\data\raw\projections\pff\2026\week_01\snapshots\08_04_26_1100projections.csv,ARZ,,188,recvReceptions
DJ Giddens,dj giddens,IND,RB,2026,1,pff,player_rush_yds,9.3817,2026-08-04T11:00:00-04:00,filename,C:\Users\brady\OneDrive\Desktop\nfl-tools\player_props\data\raw\projections\pff\2026\week_01\snapshots\08_04_26_1100projections.csv,IND,,189,rushYds
DJ Giddens,dj giddens,IND,RB,2026,1,pff,player_reception_yds,7.4703,2026-08-04T11:00:00-04:00,filename,C:\Users\brady\OneDrive\Desktop\nfl-tools\player_props\data\raw\projections\pff\2026\week_01\snapshots\08_04_26_1100projections.csv,IND,,189,recvYds
DJ Giddens,dj giddens,IND,RB,2026,1,pff,player_receptions,1.0967,2026-08-04T11:00:00-04:00,filename,C:\Users\brady\OneDrive\Desktop\nfl-tools\player_props\data\raw\projections\pff\2026\week_01\snapshots\08_04_26_1100projections.csv,IND,,189,recvReceptions
Colby Parkinson,colby parkinson,LAR,TE,2026,1,pff,player_reception_yds,23.3253,2026-08-04T11:00:00-04:00,filename,C:\Users\brady\OneDrive\Desktop\nfl-tools\player_props\data\raw\projections\pff\2026\week_01\snapshots\08_04_26_1100projections.csv,LA,,190,recvYds
Colby Parkinson,colby parkinson,LAR,TE,2026,1,pff,player_receptions,2.3363,2026-08-04T11:00:00-04:00,filename,C:\Users\brady\OneDrive\Desktop\nfl-tools\player_props\data\raw\projections\pff\2026\week_01\snapshots\08_04_26_1100projections.csv,LA,,190,recvReceptions
Malik Davis,malik davis,DAL,RB,2026,1,pff,player_rush_yds,14.6813,2026-08-04T11:00:00-04:00,filename,C:\Users\brady\OneDrive\Desktop\nfl-tools\player_props\data\raw\projections\pff\2026\week_01\snapshots\08_04_26_1100projections.csv,DAL,,191,rushYds
Malik Davis,malik davis,DAL,RB,2026,1,pff,player_reception_yds,4.0355,2026-08-04T11:00:00-04:00,filename,C:\Users\brady\OneDrive\Desktop\nfl-tools\player_props\data\raw\projections\pff\2026\week_01\snapshots\08_04_26_1100projections.csv,DAL,,191,recvYds
Malik Davis,malik davis,DAL,RB,2026,1,pff,player_receptions,0.5745,2026-08-04T11:00:00-04:00,filename,C:\Users\brady\OneDrive\Desktop\nfl-tools\player_props\data\raw\projections\pff\2026\week_01\snapshots\08_04_26_1100projections.csv,DAL,,191,recvReceptions
Emari Demercado,emari demercado,KC,RB,2026,1,pff,player_rush_yds,10.2797,2026-08-04T11:00:00-04:00,filename,C:\Users\brady\OneDrive\Desktop\nfl-tools\player_props\data\raw\projections\pff\2026\week_01\snapshots\08_04_26_1100projections.csv,KC,,192,rushYds
Emari Demercado,emari demercado,KC,RB,2026,1,pff,player_reception_yds,6.3421,2026-08-04T11:00:00-04:00,filename,C:\Users\brady\OneDrive\Desktop\nfl-tools\player_props\data\raw\projections\pff\2026\week_01\snapshots\08_04_26_1100projections.csv,KC,,192,recvYds
Emari Demercado,emari demercado,KC,RB,2026,1,pff,player_receptions,0.8864,2026-08-04T11:00:00-04:00,filename,C:\Users\brady\OneDrive\Desktop\nfl-tools\player_props\data\raw\projections\pff\2026\week_01\snapshots\08_04_26_1100projections.csv,KC,,192,recvReceptions
Michael Mayer,michael mayer,LV,TE,2026,1,pff,player_reception_yds,22.8436,2026-08-04T11:00:00-04:00,filename,C:\Users\brady\OneDrive\Desktop\nfl-tools\player_props\data\raw\projections\pff\2026\week_01\snapshots\08_04_26_1100projections.csv,LV,,193,recvYds
Michael Mayer,michael mayer,LV,TE,2026,1,pff,player_receptions,2.461,2026-08-04T11:00:00-04:00,filename,C:\Users\brady\OneDrive\Desktop\nfl-tools\player_props\data\raw\projections\pff\2026\week_01\snapshots\08_04_26_1100projections.csv,LV,,193,recvReceptions
Ray Davis,ray davis,BUF,RB,2026,1,pff,player_rush_yds,10.1053,2026-08-04T11:00:00-04:00,filename,C:\Users\brady\OneDrive\Desktop\nfl-tools\player_props\data\raw\projections\pff\2026\week_01\snapshots\08_04_26_1100projections.csv,BUF,,194,rushYds
Ray Davis,ray davis,BUF,RB,2026,1,pff,player_reception_yds,5.6821,2026-08-04T11:00:00-04:00,filename,C:\Users\brady\OneDrive\Desktop\nfl-tools\player_props\data\raw\projections\pff\2026\week_01\snapshots\08_04_26_1100projections.csv,BUF,,194,recvYds
Ray Davis,ray davis,BUF,RB,2026,1,pff,player_receptions,0.774,2026-08-04T11:00:00-04:00,filename,C:\Users\brady\OneDrive\Desktop\nfl-tools\player_props\data\raw\projections\pff\2026\week_01\snapshots\08_04_26_1100projections.csv,BUF,,194,recvReceptions
Ryan Flournoy,ryan flournoy,DAL,WR,2026,1,pff,player_rush_yds,0.2957,2026-08-04T11:00:00-04:00,filename,C:\Users\brady\OneDrive\Desktop\nfl-tools\player_props\data\raw\projections\pff\2026\week_01\snapshots\08_04_26_1100projections.csv,DAL,,195,rushYds
Ryan Flournoy,ryan flournoy,DAL,WR,2026,1,pff,player_reception_yds,27.2901,2026-08-04T11:00:00-04:00,filename,C:\Users\brady\OneDrive\Desktop\nfl-tools\player_props\data\raw\projections\pff\2026\week_01\snapshots\08_04_26_1100projections.csv,DAL,,195,recvYds
Ryan Flournoy,ryan flournoy,DAL,WR,2026,1,pff,player_receptions,2.3943,2026-08-04T11:00:00-04:00,filename,C:\Users\brady\OneDrive\Desktop\nfl-tools\player_props\data\raw\projections\pff\2026\week_01\snapshots\08_04_26_1100projections.csv,DAL,,195,recvReceptions
Kimani Vidal,kimani vidal,LAC,RB,2026,1,pff,player_rush_yds,11.8138,2026-08-04T11:00:00-04:00,filename,C:\Users\brady\OneDrive\Desktop\nfl-tools\player_props\data\raw\projections\pff\2026\week_01\snapshots\08_04_26_1100projections.csv,LAC,,196,rushYds
Kimani Vidal,kimani vidal,LAC,RB,2026,1,pff,player_reception_yds,4.6058,2026-08-04T11:00:00-04:00,filename,C:\Users\brady\OneDrive\Desktop\nfl-tools\player_props\data\raw\projections\pff\2026\week_01\snapshots\08_04_26_1100projections.csv,LAC,,196,recvYds
Kimani Vidal,kimani vidal,LAC,RB,2026,1,pff,player_receptions,0.6377,2026-08-04T11:00:00-04:00,filename,C:\Users\brady\OneDrive\Desktop\nfl-tools\player_props\data\raw\projections\pff\2026\week_01\snapshots\08_04_26_1100projections.csv,LAC,,196,recvReceptions
Kaelon Black,kaelon black,SF,RB,2026,1,pff,player_rush_yds,16.601,2026-08-04T11:00:00-04:00,filename,C:\Users\brady\OneDrive\Desktop\nfl-tools\player_props\data\raw\projections\pff\2026\week_01\snapshots\08_04_26_1100projections.csv,SF,,197,rushYds
Kaelon Black,kaelon black,SF,RB,2026,1,pff,player_reception_yds,2.1813,2026-08-04T11:00:00-04:00,filename,C:\Users\brady\OneDrive\Desktop\nfl-tools\player_props\data\raw\projections\pff\2026\week_01\snapshots\08_04_26_1100projections.csv,SF,,197,recvYds
Kaelon Black,kaelon black,SF,RB,2026,1,pff,player_receptions,0.2839,2026-08-04T11:00:00-04:00,filename,C:\Users\brady\OneDrive\Desktop\nfl-tools\player_props\data\raw\projections\pff\2026\week_01\snapshots\08_04_26_1100projections.csv,SF,,197,recvReceptions
Jonah Coleman,jonah coleman,DEN,RB,2026,1,pff,player_rush_yds,10.2712,2026-08-04T11:00:00-04:00,filename,C:\Users\brady\OneDrive\Desktop\nfl-tools\player_props\data\raw\projections\pff\2026\week_01\snapshots\08_04_26_1100projections.csv,DEN,,198,rushYds
Jonah Coleman,jonah coleman,DEN,RB,2026,1,pff,player_reception_yds,5.1883,2026-08-04T11:00:00-04:00,filename,C:\Users\brady\OneDrive\Desktop\nfl-tools\player_props\data\raw\projections\pff\2026\week_01\snapshots\08_04_26_1100projections.csv,DEN,,198,recvYds
Jonah Coleman,jonah coleman,DEN,RB,2026,1,pff,player_receptions,0.7488,2026-08-04T11:00:00-04:00,filename,C:\Users\brady\OneDrive\Desktop\nfl-tools\player_props\data\raw\projections\pff\2026\week_01\snapshots\08_04_26_1100projections.csv,DEN,,198,recvReceptions
Zachariah Branch,zachariah branch,ATL,WR,2026,1,pff,player_reception_yds,28.3675,2026-08-04T11:00:00-04:00,filename,C:\Users\brady\OneDrive\Desktop\nfl-tools\player_props\data\raw\projections\pff\2026\week_01\snapshots\08_04_26_1100projections.csv,ATL,,199,recvYds
Zachariah Branch,zachariah branch,ATL,WR,2026,1,pff,player_receptions,2.2712,2026-08-04T11:00:00-04:00,filename,C:\Users\brady\OneDrive\Desktop\nfl-tools\player_props\data\raw\projections\pff\2026\week_01\snapshots\08_04_26_1100projections.csv,ATL,,199,recvReceptions
Malik Washington,malik washington,MIA,WR,2026,1,pff,player_rush_yds,4.9791,2026-08-04T11:00:00-04:00,filename,C:\Users\brady\OneDrive\Desktop\nfl-tools\player_props\data\raw\projections\pff\2026\week_01\snapshots\08_04_26_1100projections.csv,MIA,,200,rushYds
Malik Washington,malik washington,MIA,WR,2026,1,pff,player_reception_yds,23.5301,2026-08-04T11:00:00-04:00,filename,C:\Users\brady\OneDrive\Desktop\nfl-tools\player_props\data\raw\projections\pff\2026\week_01\snapshots\08_04_26_1100projections.csv,MIA,,200,recvYds
Malik Washington,malik washington,MIA,WR,2026,1,pff,player_receptions,2.2634,2026-08-04T11:00:00-04:00,filename,C:\Users\brady\OneDrive\Desktop\nfl-tools\player_props\data\raw\projections\pff\2026\week_01\snapshots\08_04_26_1100projections.csv,MIA,,200,recvReceptions
Xavier Legette,xavier legette,CAR,WR,2026,1,pff,player_rush_yds,0.8817,2026-08-04T11:00:00-04:00,filename,C:\Users\brady\OneDrive\Desktop\nfl-tools\player_props\data\raw\projections\pff\2026\week_01\snapshots\08_04_26_1100projections.csv,CAR,,201,rushYds
Xavier Legette,xavier legette,CAR,WR,2026,1,pff,player_reception_yds,25.9736,2026-08-04T11:00:00-04:00,filename,C:\Users\brady\OneDrive\Desktop\nfl-tools\player_props\data\raw\projections\pff\2026\week_01\snapshots\08_04_26_1100projections.csv,CAR,,201,recvYds
Xavier Legette,xavier legette,CAR,WR,2026,1,pff,player_receptions,2.3439,2026-08-04T11:00:00-04:00,filename,C:\Users\brady\OneDrive\Desktop\nfl-tools\player_props\data\raw\projections\pff\2026\week_01\snapshots\08_04_26_1100projections.csv,CAR,,201,recvReceptions
Emmett Johnson,emmett johnson,KC,RB,2026,1,pff,player_rush_yds,6.7659,2026-08-04T11:00:00-04:00,filename,C:\Users\brady\OneDrive\Desktop\nfl-tools\player_props\data\raw\projections\pff\2026\week_01\snapshots\08_04_26_1100projections.csv,KC,,202,rushYds
Emmett Johnson,emmett johnson,KC,RB,2026,1,pff,player_reception_yds,6.2027,2026-08-04T11:00:00-04:00,filename,C:\Users\brady\OneDrive\Desktop\nfl-tools\player_props\data\raw\projections\pff\2026\week_01\snapshots\08_04_26_1100projections.csv,KC,,202,recvYds
Emmett Johnson,emmett johnson,KC,RB,2026,1,pff,player_receptions,0.8613,2026-08-04T11:00:00-04:00,filename,C:\Users\brady\OneDrive\Desktop\nfl-tools\player_props\data\raw\projections\pff\2026\week_01\snapshots\08_04_26_1100projections.csv,KC,,202,recvReceptions
Tyquan Thornton,tyquan thornton,KC,WR,2026,1,pff,player_reception_yds,29.5046,2026-08-04T11:00:00-04:00,filename,C:\Users\brady\OneDrive\Desktop\nfl-tools\player_props\data\raw\projections\pff\2026\week_01\snapshots\08_04_26_1100projections.csv,KC,,203,recvYds
Tyquan Thornton,tyquan thornton,KC,WR,2026,1,pff,player_receptions,1.9271,2026-08-04T11:00:00-04:00,filename,C:\Users\brady\OneDrive\Desktop\nfl-tools\player_props\data\raw\projections\pff\2026\week_01\snapshots\08_04_26_1100projections.csv,KC,,203,recvReceptions
De'Zhaun Stribling,dezhaun stribling,SF,WR,2026,1,pff,player_reception_yds,28.5042,2026-08-04T11:00:00-04:00,filename,C:\Users\brady\OneDrive\Desktop\nfl-tools\player_props\data\raw\projections\pff\2026\week_01\snapshots\08_04_26_1100projections.csv,SF,,204,recvYds
De'Zhaun Stribling,dezhaun stribling,SF,WR,2026,1,pff,player_receptions,2.1769,2026-08-04T11:00:00-04:00,filename,C:\Users\brady\OneDrive\Desktop\nfl-tools\player_props\data\raw\projections\pff\2026\week_01\snapshots\08_04_26_1100projections.csv,SF,,204,recvReceptions
Devin Singletary,devin singletary,NYG,RB,2026,1,pff,player_rush_yds,10.9124,2026-08-04T11:00:00-04:00,filename,C:\Users\brady\OneDrive\Desktop\nfl-tools\player_props\data\raw\projections\pff\2026\week_01\snapshots\08_04_26_1100projections.csv,NYG,,205,rushYds
Devin Singletary,devin singletary,NYG,RB,2026,1,pff,player_reception_yds,3.5585,2026-08-04T11:00:00-04:00,filename,C:\Users\brady\OneDrive\Desktop\nfl-tools\player_props\data\raw\projections\pff\2026\week_01\snapshots\08_04_26_1100projections.csv,NYG,,205,recvYds
Devin Singletary,devin singletary,NYG,RB,2026,1,pff,player_receptions,0.5317,2026-08-04T11:00:00-04:00,filename,C:\Users\brady\OneDrive\Desktop\nfl-tools\player_props\data\raw\projections\pff\2026\week_01\snapshots\08_04_26_1100projections.csv,NYG,,205,recvReceptions
Cam Ward,cam ward,TEN,QB,2026,1,pff,player_pass_yds,201.8837,2026-08-04T11:00:00-04:00,filename,C:\Users\brady\OneDrive\Desktop\nfl-tools\player_props\data\raw\projections\pff\2026\week_01\snapshots\08_04_26_1100projections.csv,TEN,,206,passYds
Cam Ward,cam ward,TEN,QB,2026,1,pff,player_rush_yds,10.8643,2026-08-04T11:00:00-04:00,filename,C:\Users\brady\OneDrive\Desktop\nfl-tools\player_props\data\raw\projections\pff\2026\week_01\snapshots\08_04_26_1100projections.csv,TEN,,206,rushYds
Tyler Badie,tyler badie,DEN,RB,2026,1,pff,player_rush_yds,0.8498,2026-08-04T11:00:00-04:00,filename,C:\Users\brady\OneDrive\Desktop\nfl-tools\player_props\data\raw\projections\pff\2026\week_01\snapshots\08_04_26_1100projections.csv,DEN,,207,rushYds
Tyler Badie,tyler badie,DEN,RB,2026,1,pff,player_reception_yds,8.4945,2026-08-04T11:00:00-04:00,filename,C:\Users\brady\OneDrive\Desktop\nfl-tools\player_props\data\raw\projections\pff\2026\week_01\snapshots\08_04_26_1100projections.csv,DEN,,207,recvYds
Tyler Badie,tyler badie,DEN,RB,2026,1,pff,player_receptions,1.2542,2026-08-04T11:00:00-04:00,filename,C:\Users\brady\OneDrive\Desktop\nfl-tools\player_props\data\raw\projections\pff\2026\week_01\snapshots\08_04_26_1100projections.csv,DEN,,207,recvReceptions
Sean Tucker,sean tucker,TB,RB,2026,1,pff,player_rush_yds,12.9913,2026-08-04T11:00:00-04:00,filename,C:\Users\brady\OneDrive\Desktop\nfl-tools\player_props\data\raw\projections\pff\2026\week_01\snapshots\08_04_26_1100projections.csv,TB,,208,rushYds
Sean Tucker,sean tucker,TB,RB,2026,1,pff,player_reception_yds,1.9756,2026-08-04T11:00:00-04:00,filename,C:\Users\brady\OneDrive\Desktop\nfl-tools\player_props\data\raw\projections\pff\2026\week_01\snapshots\08_04_26_1100projections.csv,TB,,208,recvYds
Sean Tucker,sean tucker,TB,RB,2026,1,pff,player_receptions,0.2718,2026-08-04T11:00:00-04:00,filename,C:\Users\brady\OneDrive\Desktop\nfl-tools\player_props\data\raw\projections\pff\2026\week_01\snapshots\08_04_26_1100projections.csv,TB,,208,recvReceptions
Trevor Etienne,trevor etienne,CAR,RB,2026,1,pff,player_rush_yds,7.2295,2026-08-04T11:00:00-04:00,filename,C:\Users\brady\OneDrive\Desktop\nfl-tools\player_props\data\raw\projections\pff\2026\week_01\snapshots\08_04_26_1100projections.csv,CAR,,209,rushYds
Trevor Etienne,trevor etienne,CAR,RB,2026,1,pff,player_reception_yds,5.3248,2026-08-04T11:00:00-04:00,filename,C:\Users\brady\OneDrive\Desktop\nfl-tools\player_props\data\raw\projections\pff\2026\week_01\snapshots\08_04_26_1100projections.csv,CAR,,209,recvYds
Trevor Etienne,trevor etienne,CAR,RB,2026,1,pff,player_receptions,0.7787,2026-08-04T11:00:00-04:00,filename,C:\Users\brady\OneDrive\Desktop\nfl-tools\player_props\data\raw\projections\pff\2026\week_01\snapshots\08_04_26_1100projections.csv,CAR,,209,recvReceptions
Ollie Gordon II,ollie gordon,MIA,RB,2026,1,pff,player_rush_yds,11.3972,2026-08-04T11:00:00-04:00,filename,C:\Users\brady\OneDrive\Desktop\nfl-tools\player_props\data\raw\projections\pff\2026\week_01\snapshots\08_04_26_1100projections.csv,MIA,,210,rushYds
Ollie Gordon II,ollie gordon,MIA,RB,2026,1,pff,player_reception_yds,2.786,2026-08-04T11:00:00-04:00,filename,C:\Users\brady\OneDrive\Desktop\nfl-tools\player_props\data\raw\projections\pff\2026\week_01\snapshots\08_04_26_1100projections.csv,MIA,,210,recvYds
Ollie Gordon II,ollie gordon,MIA,RB,2026,1,pff,player_receptions,0.3945,2026-08-04T11:00:00-04:00,filename,C:\Users\brady\OneDrive\Desktop\nfl-tools\player_props\data\raw\projections\pff\2026\week_01\snapshots\08_04_26_1100projections.csv,MIA,,210,recvReceptions
Nicholas Singleton,nicholas singleton,TEN,RB,2026,1,pff,player_rush_yds,8.3717,2026-08-04T11:00:00-04:00,filename,C:\Users\brady\OneDrive\Desktop\nfl-tools\player_props\data\raw\projections\pff\2026\week_01\snapshots\08_04_26_1100projections.csv,TEN,,211,rushYds
Nicholas Singleton,nicholas singleton,TEN,RB,2026,1,pff,player_reception_yds,4.8951,2026-08-04T11:00:00-04:00,filename,C:\Users\brady\OneDrive\Desktop\nfl-tools\player_props\data\raw\projections\pff\2026\week_01\snapshots\08_04_26_1100projections.csv,TEN,,211,recvYds
Nicholas Singleton,nicholas singleton,TEN,RB,2026,1,pff,player_receptions,0.7228,2026-08-04T11:00:00-04:00,filename,C:\Users\brady\OneDrive\Desktop\nfl-tools\player_props\data\raw\projections\pff\2026\week_01\snapshots\08_04_26_1100projections.csv,TEN,,211,recvReceptions
Kendrick Bourne,kendrick bourne,ARI,WR,2026,1,pff,player_reception_yds,26.8294,2026-08-04T11:00:00-04:00,filename,C:\Users\brady\OneDrive\Desktop\nfl-tools\player_props\data\raw\projections\pff\2026\week_01\snapshots\08_04_26_1100projections.csv,ARZ,,212,recvYds
Kendrick Bourne,kendrick bourne,ARI,WR,2026,1,pff,player_receptions,2.4138,2026-08-04T11:00:00-04:00,filename,C:\Users\brady\OneDrive\Desktop\nfl-tools\player_props\data\raw\projections\pff\2026\week_01\snapshots\08_04_26_1100projections.csv,ARZ,,212,recvReceptions
Adonai Mitchell,adonai mitchell,NYJ,WR,2026,1,pff,player_rush_yds,0.283,2026-08-04T11:00:00-04:00,filename,C:\Users\brady\OneDrive\Desktop\nfl-tools\player_props\data\raw\projections\pff\2026\week_01\snapshots\08_04_26_1100projections.csv,NYJ,,213,rushYds
Adonai Mitchell,adonai mitchell,NYJ,WR,2026,1,pff,player_reception_yds,26.3836,2026-08-04T11:00:00-04:00,filename,C:\Users\brady\OneDrive\Desktop\nfl-tools\player_props\data\raw\projections\pff\2026\week_01\snapshots\08_04_26_1100projections.csv,NYJ,,213,recvYds
Adonai Mitchell,adonai mitchell,NYJ,WR,2026,1,pff,player_receptions,2.0815,2026-08-04T11:00:00-04:00,filename,C:\Users\brady\OneDrive\Desktop\nfl-tools\player_props\data\raw\projections\pff\2026\week_01\snapshots\08_04_26_1100projections.csv,NYJ,,213,recvReceptions
Jack Bech,jack bech,LV,WR,2026,1,pff,player_reception_yds,25.558,2026-08-04T11:00:00-04:00,filename,C:\Users\brady\OneDrive\Desktop\nfl-tools\player_props\data\raw\projections\pff\2026\week_01\snapshots\08_04_26_1100projections.csv,LV,,214,recvYds
Jack Bech,jack bech,LV,WR,2026,1,pff,player_receptions,2.275,2026-08-04T11:00:00-04:00,filename,C:\Users\brady\OneDrive\Desktop\nfl-tools\player_props\data\raw\projections\pff\2026\week_01\snapshots\08_04_26_1100projections.csv,LV,,214,recvReceptions
George Holani,george holani,SEA,RB,2026,1,pff,player_rush_yds,12.6579,2026-08-04T11:00:00-04:00,filename,C:\Users\brady\OneDrive\Desktop\nfl-tools\player_props\data\raw\projections\pff\2026\week_01\snapshots\08_04_26_1100projections.csv,SEA,,215,rushYds
George Holani,george holani,SEA,RB,2026,1,pff,player_reception_yds,1.8234,2026-08-04T11:00:00-04:00,filename,C:\Users\brady\OneDrive\Desktop\nfl-tools\player_props\data\raw\projections\pff\2026\week_01\snapshots\08_04_26_1100projections.csv,SEA,,215,recvYds
George Holani,george holani,SEA,RB,2026,1,pff,player_receptions,0.2634,2026-08-04T11:00:00-04:00,filename,C:\Users\brady\OneDrive\Desktop\nfl-tools\player_props\data\raw\projections\pff\2026\week_01\snapshots\08_04_26_1100projections.csv,SEA,,215,recvReceptions
Rashod Bateman,rashod bateman,BAL,WR,2026,1,pff,player_reception_yds,24.99,2026-08-04T11:00:00-04:00,filename,C:\Users\brady\OneDrive\Desktop\nfl-tools\player_props\data\raw\projections\pff\2026\week_01\snapshots\08_04_26_1100projections.csv,BLT,,216,recvYds
Rashod Bateman,rashod bateman,BAL,WR,2026,1,pff,player_receptions,1.9208,2026-08-04T11:00:00-04:00,filename,C:\Users\brady\OneDrive\Desktop\nfl-tools\player_props\data\raw\projections\pff\2026\week_01\snapshots\08_04_26_1100projections.csv,BLT,,216,recvReceptions
Jordan James,jordan james,SF,RB,2026,1,pff,player_rush_yds,11.5463,2026-08-04T11:00:00-04:00,filename,C:\Users\brady\OneDrive\Desktop\nfl-tools\player_props\data\raw\projections\pff\2026\week_01\snapshots\08_04_26_1100projections.csv,SF,,217,rushYds
Jordan James,jordan james,SF,RB,2026,1,pff,player_reception_yds,2.1716,2026-08-04T11:00:00-04:00,filename,C:\Users\brady\OneDrive\Desktop\nfl-tools\player_props\data\raw\projections\pff\2026\week_01\snapshots\08_04_26_1100projections.csv,SF,,217,recvYds
Jordan James,jordan james,SF,RB,2026,1,pff,player_receptions,0.2843,2026-08-04T11:00:00-04:00,filename,C:\Users\brady\OneDrive\Desktop\nfl-tools\player_props\data\raw\projections\pff\2026\week_01\snapshots\08_04_26_1100projections.csv,SF,,217,recvReceptions
Antonio Williams,antonio williams,WSH,WR,2026,1,pff,player_rush_yds,1.0384,2026-08-04T11:00:00-04:00,filename,C:\Users\brady\OneDrive\Desktop\nfl-tools\player_props\data\raw\projections\pff\2026\week_01\snapshots\08_04_26_1100projections.csv,WAS,,218,rushYds
Antonio Williams,antonio williams,WSH,WR,2026,1,pff,player_reception_yds,24.2469,2026-08-04T11:00:00-04:00,filename,C:\Users\brady\OneDrive\Desktop\nfl-tools\player_props\data\raw\projections\pff\2026\week_01\snapshots\08_04_26_1100projections.csv,WAS,,218,recvYds
Antonio Williams,antonio williams,WSH,WR,2026,1,pff,player_receptions,2.0674,2026-08-04T11:00:00-04:00,filename,C:\Users\brady\OneDrive\Desktop\nfl-tools\player_props\data\raw\projections\pff\2026\week_01\snapshots\08_04_26_1100projections.csv,WAS,,218,recvReceptions
Jaydon Blue,jaydon blue,DAL,RB,2026,1,pff,player_rush_yds,10.8156,2026-08-04T11:00:00-04:00,filename,C:\Users\brady\OneDrive\Desktop\nfl-tools\player_props\data\raw\projections\pff\2026\week_01\snapshots\08_04_26_1100projections.csv,DAL,,219,rushYds
Jaydon Blue,jaydon blue,DAL,RB,2026,1,pff,player_reception_yds,2.0291,2026-08-04T11:00:00-04:00,filename,C:\Users\brady\OneDrive\Desktop\nfl-tools\player_props\data\raw\projections\pff\2026\week_01\snapshots\08_04_26_1100projections.csv,DAL,,219,recvYds
Jaydon Blue,jaydon blue,DAL,RB,2026,1,pff,player_receptions,0.2909,2026-08-04T11:00:00-04:00,filename,C:\Users\brady\OneDrive\Desktop\nfl-tools\player_props\data\raw\projections\pff\2026\week_01\snapshots\08_04_26_1100projections.csv,DAL,,219,recvReceptions
Dawson Knox,dawson knox,BUF,TE,2026,1,pff,player_reception_yds,19.2646,2026-08-04T11:00:00-04:00,filename,C:\Users\brady\OneDrive\Desktop\nfl-tools\player_props\data\raw\projections\pff\2026\week_01\snapshots\08_04_26_1100projections.csv,BUF,,220,recvYds
Dawson Knox,dawson knox,BUF,TE,2026,1,pff,player_receptions,1.9166,2026-08-04T11:00:00-04:00,filename,C:\Users\brady\OneDrive\Desktop\nfl-tools\player_props\data\raw\projections\pff\2026\week_01\snapshots\08_04_26_1100projections.csv,BUF,,220,recvReceptions
Terrance Ferguson,terrance ferguson,LAR,TE,2026,1,pff,player_reception_yds,21.0819,2026-08-04T11:00:00-04:00,filename,C:\Users\brady\OneDrive\Desktop\nfl-tools\player_props\data\raw\projections\pff\2026\week_01\snapshots\08_04_26_1100projections.csv,LA,,221,recvYds
Terrance Ferguson,terrance ferguson,LAR,TE,2026,1,pff,player_receptions,1.5962,2026-08-04T11:00:00-04:00,filename,C:\Users\brady\OneDrive\Desktop\nfl-tools\player_props\data\raw\projections\pff\2026\week_01\snapshots\08_04_26_1100projections.csv,LA,,221,recvReceptions
Caleb Douglas,caleb douglas,MIA,WR,2026,1,pff,player_reception_yds,25.2993,2026-08-04T11:00:00-04:00,filename,C:\Users\brady\OneDrive\Desktop\nfl-tools\player_props\data\raw\projections\pff\2026\week_01\snapshots\08_04_26_1100projections.csv,MIA,,222,recvYds
Caleb Douglas,caleb douglas,MIA,WR,2026,1,pff,player_receptions,2.0318,2026-08-04T11:00:00-04:00,filename,C:\Users\brady\OneDrive\Desktop\nfl-tools\player_props\data\raw\projections\pff\2026\week_01\snapshots\08_04_26_1100projections.csv,MIA,,222,recvReceptions
Ja'Tavion Sanders,jatavion sanders,CAR,TE,2026,1,pff,player_reception_yds,18.3312,2026-08-04T11:00:00-04:00,filename,C:\Users\brady\OneDrive\Desktop\nfl-tools\player_props\data\raw\projections\pff\2026\week_01\snapshots\08_04_26_1100projections.csv,CAR,,223,recvYds
Ja'Tavion Sanders,jatavion sanders,CAR,TE,2026,1,pff,player_receptions,2.0306,2026-08-04T11:00:00-04:00,filename,C:\Users\brady\OneDrive\Desktop\nfl-tools\player_props\data\raw\projections\pff\2026\week_01\snapshots\08_04_26_1100projections.csv,CAR,,223,recvReceptions
Jawhar Jordan,jawhar jordan,HOU,RB,2026,1,pff,player_rush_yds,5.217,2026-08-04T11:00:00-04:00,filename,C:\Users\brady\OneDrive\Desktop\nfl-tools\player_props\data\raw\projections\pff\2026\week_01\snapshots\08_04_26_1100projections.csv,HST,,224,rushYds
Jawhar Jordan,jawhar jordan,HOU,RB,2026,1,pff,player_reception_yds,4.993,2026-08-04T11:00:00-04:00,filename,C:\Users\brady\OneDrive\Desktop\nfl-tools\player_props\data\raw\projections\pff\2026\week_01\snapshots\08_04_26_1100projections.csv,HST,,224,recvYds
Jawhar Jordan,jawhar jordan,HOU,RB,2026,1,pff,player_receptions,0.7118,2026-08-04T11:00:00-04:00,filename,C:\Users\brady\OneDrive\Desktop\nfl-tools\player_props\data\raw\projections\pff\2026\week_01\snapshots\08_04_26_1100projections.csv,HST,,224,recvReceptions
Andrei Iosivas,andrei iosivas,CIN,WR,2026,1,pff,player_rush_yds,0.2541,2026-08-04T11:00:00-04:00,filename,C:\Users\brady\OneDrive\Desktop\nfl-tools\player_props\data\raw\projections\pff\2026\week_01\snapshots\08_04_26_1100projections.csv,CIN,,225,rushYds
Andrei Iosivas,andrei iosivas,CIN,WR,2026,1,pff,player_reception_yds,22.1408,2026-08-04T11:00:00-04:00,filename,C:\Users\brady\OneDrive\Desktop\nfl-tools\player_props\data\raw\projections\pff\2026\week_01\snapshots\08_04_26_1100projections.csv,CIN,,225,recvYds
Andrei Iosivas,andrei iosivas,CIN,WR,2026,1,pff,player_receptions,2.0503,2026-08-04T11:00:00-04:00,filename,C:\Users\brady\OneDrive\Desktop\nfl-tools\player_props\data\raw\projections\pff\2026\week_01\snapshots\08_04_26_1100projections.csv,CIN,,225,recvReceptions
Noah Gray,noah gray,KC,TE,2026,1,pff,player_reception_yds,18.281,2026-08-04T11:00:00-04:00,filename,C:\Users\brady\OneDrive\Desktop\nfl-tools\player_props\data\raw\projections\pff\2026\week_01\snapshots\08_04_26_1100projections.csv,KC,,226,recvYds
Noah Gray,noah gray,KC,TE,2026,1,pff,player_receptions,1.8994,2026-08-04T11:00:00-04:00,filename,C:\Users\brady\OneDrive\Desktop\nfl-tools\player_props\data\raw\projections\pff\2026\week_01\snapshots\08_04_26_1100projections.csv,KC,,226,recvReceptions
Kyle Juszczyk,kyle juszczyk,SF,RB,2026,1,pff,player_rush_yds,0.8465,2026-08-04T11:00:00-04:00,filename,C:\Users\brady\OneDrive\Desktop\nfl-tools\player_props\data\raw\projections\pff\2026\week_01\snapshots\08_04_26_1100projections.csv,SF,,227,rushYds
Kyle Juszczyk,kyle juszczyk,SF,RB,2026,1,pff,player_reception_yds,7.135,2026-08-04T11:00:00-04:00,filename,C:\Users\brady\OneDrive\Desktop\nfl-tools\player_props\data\raw\projections\pff\2026\week_01\snapshots\08_04_26_1100projections.csv,SF,,227,recvYds
Kyle Juszczyk,kyle juszczyk,SF,RB,2026,1,pff,player_receptions,0.8423,2026-08-04T11:00:00-04:00,filename,C:\Users\brady\OneDrive\Desktop\nfl-tools\player_props\data\raw\projections\pff\2026\week_01\snapshots\08_04_26_1100projections.csv,SF,,227,recvReceptions
Will Shipley,will shipley,PHI,RB,2026,1,pff,player_rush_yds,5.4953,2026-08-04T11:00:00-04:00,filename,C:\Users\brady\OneDrive\Desktop\nfl-tools\player_props\data\raw\projections\pff\2026\week_01\snapshots\08_04_26_1100projections.csv,PHI,,228,rushYds
Will Shipley,will shipley,PHI,RB,2026,1,pff,player_reception_yds,3.9638,2026-08-04T11:00:00-04:00,filename,C:\Users\brady\OneDrive\Desktop\nfl-tools\player_props\data\raw\projections\pff\2026\week_01\snapshots\08_04_26_1100projections.csv,PHI,,228,recvYds
Will Shipley,will shipley,PHI,RB,2026,1,pff,player_receptions,0.5697,2026-08-04T11:00:00-04:00,filename,C:\Users\brady\OneDrive\Desktop\nfl-tools\player_props\data\raw\projections\pff\2026\week_01\snapshots\08_04_26_1100projections.csv,PHI,,228,recvReceptions
Adam Randall,adam randall,BAL,RB,2026,1,pff,player_rush_yds,11.1287,2026-08-04T11:00:00-04:00,filename,C:\Users\brady\OneDrive\Desktop\nfl-tools\player_props\data\raw\projections\pff\2026\week_01\snapshots\08_04_26_1100projections.csv,BLT,,229,rushYds
Adam Randall,adam randall,BAL,RB,2026,1,pff,player_reception_yds,0.9047,2026-08-04T11:00:00-04:00,filename,C:\Users\brady\OneDrive\Desktop\nfl-tools\player_props\data\raw\projections\pff\2026\week_01\snapshots\08_04_26_1100projections.csv,BLT,,229,recvYds
Adam Randall,adam randall,BAL,RB,2026,1,pff,player_receptions,0.1244,2026-08-04T11:00:00-04:00,filename,C:\Users\brady\OneDrive\Desktop\nfl-tools\player_props\data\raw\projections\pff\2026\week_01\snapshots\08_04_26_1100projections.csv,BLT,,229,recvReceptions
Tre Harris,tre harris,LAC,WR,2026,1,pff,player_rush_yds,0.1618,2026-08-04T11:00:00-04:00,filename,C:\Users\brady\OneDrive\Desktop\nfl-tools\player_props\data\raw\projections\pff\2026\week_01\snapshots\08_04_26_1100projections.csv,LAC,,230,rushYds
Tre Harris,tre harris,LAC,WR,2026,1,pff,player_reception_yds,23.4864,2026-08-04T11:00:00-04:00,filename,C:\Users\brady\OneDrive\Desktop\nfl-tools\player_props\data\raw\projections\pff\2026\week_01\snapshots\08_04_26_1100projections.csv,LAC,,230,recvYds
Tre Harris,tre harris,LAC,WR,2026,1,pff,player_receptions,2.0696,2026-08-04T11:00:00-04:00,filename,C:\Users\brady\OneDrive\Desktop\nfl-tools\player_props\data\raw\projections\pff\2026\week_01\snapshots\08_04_26_1100projections.csv,LAC,,230,recvReceptions
Kayshon Boutte,kayshon boutte,NE,WR,2026,1,pff,player_reception_yds,24.8884,2026-08-04T11:00:00-04:00,filename,C:\Users\brady\OneDrive\Desktop\nfl-tools\player_props\data\raw\projections\pff\2026\week_01\snapshots\08_04_26_1100projections.csv,NE,,231,recvYds
Kayshon Boutte,kayshon boutte,NE,WR,2026,1,pff,player_receptions,1.7677,2026-08-04T11:00:00-04:00,filename,C:\Users\brady\OneDrive\Desktop\nfl-tools\player_props\data\raw\projections\pff\2026\week_01\snapshots\08_04_26_1100projections.csv,NE,,231,recvReceptions
Chris Bell,chris bell,MIA,WR,2026,1,pff,player_reception_yds,24.1597,2026-08-04T11:00:00-04:00,filename,C:\Users\brady\OneDrive\Desktop\nfl-tools\player_props\data\raw\projections\pff\2026\week_01\snapshots\08_04_26_1100projections.csv,MIA,,232,recvYds
Chris Bell,chris bell,MIA,WR,2026,1,pff,player_receptions,1.9391,2026-08-04T11:00:00-04:00,filename,C:\Users\brady\OneDrive\Desktop\nfl-tools\player_props\data\raw\projections\pff\2026\week_01\snapshots\08_04_26_1100projections.csv,MIA,,232,recvReceptions
Tahj Brooks,tahj brooks,CIN,RB,2026,1,pff,player_rush_yds,9.2848,2026-08-04T11:00:00-04:00,filename,C:\Users\brady\OneDrive\Desktop\nfl-tools\player_props\data\raw\projections\pff\2026\week_01\snapshots\08_04_26_1100projections.csv,CIN,,233,rushYds
Tahj Brooks,tahj brooks,CIN,RB,2026,1,pff,player_reception_yds,1.733,2026-08-04T11:00:00-04:00,filename,C:\Users\brady\OneDrive\Desktop\nfl-tools\player_props\data\raw\projections\pff\2026\week_01\snapshots\08_04_26_1100projections.csv,CIN,,233,recvYds
Tahj Brooks,tahj brooks,CIN,RB,2026,1,pff,player_receptions,0.247,2026-08-04T11:00:00-04:00,filename,C:\Users\brady\OneDrive\Desktop\nfl-tools\player_props\data\raw\projections\pff\2026\week_01\snapshots\08_04_26_1100projections.csv,CIN,,233,recvReceptions
Christian Kirk,christian kirk,SF,WR,2026,1,pff,player_reception_yds,23.3763,2026-08-04T11:00:00-04:00,filename,C:\Users\brady\OneDrive\Desktop\nfl-tools\player_props\data\raw\projections\pff\2026\week_01\snapshots\08_04_26_1100projections.csv,SF,,234,recvYds
Christian Kirk,christian kirk,SF,WR,2026,1,pff,player_receptions,1.9565,2026-08-04T11:00:00-04:00,filename,C:\Users\brady\OneDrive\Desktop\nfl-tools\player_props\data\raw\projections\pff\2026\week_01\snapshots\08_04_26_1100projections.csv,SF,,234,recvReceptions
Kaleb Johnson,kaleb johnson,PIT,RB,2026,1,pff,player_rush_yds,7.5892,2026-08-04T11:00:00-04:00,filename,C:\Users\brady\OneDrive\Desktop\nfl-tools\player_props\data\raw\projections\pff\2026\week_01\snapshots\08_04_26_1100projections.csv,PIT,,235,rushYds
Kaleb Johnson,kaleb johnson,PIT,RB,2026,1,pff,player_reception_yds,2.4547,2026-08-04T11:00:00-04:00,filename,C:\Users\brady\OneDrive\Desktop\nfl-tools\player_props\data\raw\projections\pff\2026\week_01\snapshots\08_04_26_1100projections.csv,PIT,,235,recvYds
Kaleb Johnson,kaleb johnson,PIT,RB,2026,1,pff,player_receptions,0.3611,2026-08-04T11:00:00-04:00,filename,C:\Users\brady\OneDrive\Desktop\nfl-tools\player_props\data\raw\projections\pff\2026\week_01\snapshots\08_04_26_1100projections.csv,PIT,,235,recvReceptions
Jahan Dotson,jahan dotson,ATL,WR,2026,1,pff,player_reception_yds,23.4086,2026-08-04T11:00:00-04:00,filename,C:\Users\brady\OneDrive\Desktop\nfl-tools\player_props\data\raw\projections\pff\2026\week_01\snapshots\08_04_26_1100projections.csv,ATL,,236,recvYds
Jahan Dotson,jahan dotson,ATL,WR,2026,1,pff,player_receptions,1.8045,2026-08-04T11:00:00-04:00,filename,C:\Users\brady\OneDrive\Desktop\nfl-tools\player_props\data\raw\projections\pff\2026\week_01\snapshots\08_04_26_1100projections.csv,ATL,,236,recvReceptions
Pat Bryant,pat bryant,DEN,WR,2026,1,pff,player_reception_yds,21.5378,2026-08-04T11:00:00-04:00,filename,C:\Users\brady\OneDrive\Desktop\nfl-tools\player_props\data\raw\projections\pff\2026\week_01\snapshots\08_04_26_1100projections.csv,DEN,,237,recvYds
Pat Bryant,pat bryant,DEN,WR,2026,1,pff,player_receptions,1.9658,2026-08-04T11:00:00-04:00,filename,C:\Users\brady\OneDrive\Desktop\nfl-tools\player_props\data\raw\projections\pff\2026\week_01\snapshots\08_04_26_1100projections.csv,DEN,,237,recvReceptions
Ja'Kobi Lane,jakobi lane,BAL,WR,2026,1,pff,player_reception_yds,22.2094,2026-08-04T11:00:00-04:00,filename,C:\Users\brady\OneDrive\Desktop\nfl-tools\player_props\data\raw\projections\pff\2026\week_01\snapshots\08_04_26_1100projections.csv,BLT,,238,recvYds
Ja'Kobi Lane,jakobi lane,BAL,WR,2026,1,pff,player_receptions,1.7784,2026-08-04T11:00:00-04:00,filename,C:\Users\brady\OneDrive\Desktop\nfl-tools\player_props\data\raw\projections\pff\2026\week_01\snapshots\08_04_26_1100projections.csv,BLT,,238,recvReceptions
Tommy Tremble,tommy tremble,CAR,TE,2026,1,pff,player_reception_yds,16.3197,2026-08-04T11:00:00-04:00,filename,C:\Users\brady\OneDrive\Desktop\nfl-tools\player_props\data\raw\projections\pff\2026\week_01\snapshots\08_04_26_1100projections.csv,CAR,,239,recvYds
Tommy Tremble,tommy tremble,CAR,TE,2026,1,pff,player_receptions,1.7987,2026-08-04T11:00:00-04:00,filename,C:\Users\brady\OneDrive\Desktop\nfl-tools\player_props\data\raw\projections\pff\2026\week_01\snapshots\08_04_26_1100projections.csv,CAR,,239,recvReceptions
Theo Johnson,theo johnson,NYG,TE,2026,1,pff,player_reception_yds,16.8267,2026-08-04T11:00:00-04:00,filename,C:\Users\brady\OneDrive\Desktop\nfl-tools\player_props\data\raw\projections\pff\2026\week_01\snapshots\08_04_26_1100projections.csv,NYG,,240,recvYds
Theo Johnson,theo johnson,NYG,TE,2026,1,pff,player_receptions,1.7121,2026-08-04T11:00:00-04:00,filename,C:\Users\brady\OneDrive\Desktop\nfl-tools\player_props\data\raw\projections\pff\2026\week_01\snapshots\08_04_26_1100projections.csv,NYG,,240,recvReceptions
Jerome Ford,jerome ford,WSH,RB,2026,1,pff,player_rush_yds,5.1283,2026-08-04T11:00:00-04:00,filename,C:\Users\brady\OneDrive\Desktop\nfl-tools\player_props\data\raw\projections\pff\2026\week_01\snapshots\08_04_26_1100projections.csv,WAS,,241,rushYds
Jerome Ford,jerome ford,WSH,RB,2026,1,pff,player_reception_yds,2.6339,2026-08-04T11:00:00-04:00,filename,C:\Users\brady\OneDrive\Desktop\nfl-tools\player_props\data\raw\projections\pff\2026\week_01\snapshots\08_04_26_1100projections.csv,WAS,,241,recvYds
Jerome Ford,jerome ford,WSH,RB,2026,1,pff,player_receptions,0.3991,2026-08-04T11:00:00-04:00,filename,C:\Users\brady\OneDrive\Desktop\nfl-tools\player_props\data\raw\projections\pff\2026\week_01\snapshots\08_04_26_1100projections.csv,WAS,,241,recvReceptions
Hunter Luepke,hunter luepke,DAL,RB,2026,1,pff,player_rush_yds,1.9578,2026-08-04T11:00:00-04:00,filename,C:\Users\brady\OneDrive\Desktop\nfl-tools\player_props\data\raw\projections\pff\2026\week_01\snapshots\08_04_26_1100projections.csv,DAL,,242,rushYds
Hunter Luepke,hunter luepke,DAL,RB,2026,1,pff,player_reception_yds,4.5191,2026-08-04T11:00:00-04:00,filename,C:\Users\brady\OneDrive\Desktop\nfl-tools\player_props\data\raw\projections\pff\2026\week_01\snapshots\08_04_26_1100projections.csv,DAL,,242,recvYds
Hunter Luepke,hunter luepke,DAL,RB,2026,1,pff,player_receptions,0.6363,2026-08-04T11:00:00-04:00,filename,C:\Users\brady\OneDrive\Desktop\nfl-tools\player_props\data\raw\projections\pff\2026\week_01\snapshots\08_04_26_1100projections.csv,DAL,,242,recvReceptions
LeQuint Allen,lequint allen,JAX,RB,2026,1,pff,player_rush_yds,2.9056,2026-08-04T11:00:00-04:00,filename,C:\Users\brady\OneDrive\Desktop\nfl-tools\player_props\data\raw\projections\pff\2026\week_01\snapshots\08_04_26_1100projections.csv,JAX,,243,rushYds
LeQuint Allen,lequint allen,JAX,RB,2026,1,pff,player_reception_yds,3.9629,2026-08-04T11:00:00-04:00,filename,C:\Users\brady\OneDrive\Desktop\nfl-tools\player_props\data\raw\projections\pff\2026\week_01\snapshots\08_04_26_1100projections.csv,JAX,,243,recvYds
LeQuint Allen,lequint allen,JAX,RB,2026,1,pff,player_receptions,0.5886,2026-08-04T11:00:00-04:00,filename,C:\Users\brady\OneDrive\Desktop\nfl-tools\player_props\data\raw\projections\pff\2026\week_01\snapshots\08_04_26_1100projections.csv,JAX,,243,recvReceptions
Jalen Tolbert,jalen tolbert,MIA,WR,2026,1,pff,player_reception_yds,22.59,2026-08-04T11:00:00-04:00,filename,C:\Users\brady\OneDrive\Desktop\nfl-tools\player_props\data\raw\projections\pff\2026\week_01\snapshots\08_04_26_1100projections.csv,MIA,,244,recvYds
Jalen Tolbert,jalen tolbert,MIA,WR,2026,1,pff,player_receptions,1.7662,2026-08-04T11:00:00-04:00,filename,C:\Users\brady\OneDrive\Desktop\nfl-tools\player_props\data\raw\projections\pff\2026\week_01\snapshots\08_04_26_1100projections.csv,MIA,,244,recvReceptions
Joshua Palmer,joshua palmer,BUF,WR,2026,1,pff,player_reception_yds,22.6027,2026-08-04T11:00:00-04:00,filename,C:\Users\brady\OneDrive\Desktop\nfl-tools\player_props\data\raw\projections\pff\2026\week_01\snapshots\08_04_26_1100projections.csv,BUF,,245,recvYds
Joshua Palmer,joshua palmer,BUF,WR,2026,1,pff,player_receptions,1.7928,2026-08-04T11:00:00-04:00,filename,C:\Users\brady\OneDrive\Desktop\nfl-tools\player_props\data\raw\projections\pff\2026\week_01\snapshots\08_04_26_1100projections.csv,BUF,,245,recvReceptions
Tyler Goodson,tyler goodson,ATL,RB,2026,1,pff,player_rush_yds,5.9687,2026-08-04T11:00:00-04:00,filename,C:\Users\brady\OneDrive\Desktop\nfl-tools\player_props\data\raw\projections\pff\2026\week_01\snapshots\08_04_26_1100projections.csv,ATL,,246,rushYds
Tyler Goodson,tyler goodson,ATL,RB,2026,1,pff,player_reception_yds,2.0214,2026-08-04T11:00:00-04:00,filename,C:\Users\brady\OneDrive\Desktop\nfl-tools\player_props\data\raw\projections\pff\2026\week_01\snapshots\08_04_26_1100projections.csv,ATL,,246,recvYds
Tyler Goodson,tyler goodson,ATL,RB,2026,1,pff,player_receptions,0.2831,2026-08-04T11:00:00-04:00,filename,C:\Users\brady\OneDrive\Desktop\nfl-tools\player_props\data\raw\projections\pff\2026\week_01\snapshots\08_04_26_1100projections.csv,ATL,,246,recvReceptions
Demond Claiborne,demond claiborne,MIN,RB,2026,1,pff,player_rush_yds,4.0295,2026-08-04T11:00:00-04:00,filename,C:\Users\brady\OneDrive\Desktop\nfl-tools\player_props\data\raw\projections\pff\2026\week_01\snapshots\08_04_26_1100projections.csv,MIN,,247,rushYds
Demond Claiborne,demond claiborne,MIN,RB,2026,1,pff,player_reception_yds,2.8324,2026-08-04T11:00:00-04:00,filename,C:\Users\brady\OneDrive\Desktop\nfl-tools\player_props\data\raw\projections\pff\2026\week_01\snapshots\08_04_26_1100projections.csv,MIN,,247,recvYds
Demond Claiborne,demond claiborne,MIN,RB,2026,1,pff,player_receptions,0.4183,2026-08-04T11:00:00-04:00,filename,C:\Users\brady\OneDrive\Desktop\nfl-tools\player_props\data\raw\projections\pff\2026\week_01\snapshots\08_04_26_1100projections.csv,MIN,,247,recvReceptions
Kaytron Allen,kaytron allen,WSH,RB,2026,1,pff,player_rush_yds,6.1342,2026-08-04T11:00:00-04:00,filename,C:\Users\brady\OneDrive\Desktop\nfl-tools\player_props\data\raw\projections\pff\2026\week_01\snapshots\08_04_26_1100projections.csv,WAS,,248,rushYds
Kaytron Allen,kaytron allen,WSH,RB,2026,1,pff,player_reception_yds,1.7759,2026-08-04T11:00:00-04:00,filename,C:\Users\brady\OneDrive\Desktop\nfl-tools\player_props\data\raw\projections\pff\2026\week_01\snapshots\08_04_26_1100projections.csv,WAS,,248,recvYds
Kaytron Allen,kaytron allen,WSH,RB,2026,1,pff,player_receptions,0.2572,2026-08-04T11:00:00-04:00,filename,C:\Users\brady\OneDrive\Desktop\nfl-tools\player_props\data\raw\projections\pff\2026\week_01\snapshots\08_04_26_1100projections.csv,WAS,,248,recvReceptions
Darnell Mooney,darnell mooney,NYG,WR,2026,1,pff,player_reception_yds,21.6344,2026-08-04T11:00:00-04:00,filename,C:\Users\brady\OneDrive\Desktop\nfl-tools\player_props\data\raw\projections\pff\2026\week_01\snapshots\08_04_26_1100projections.csv,NYG,,249,recvYds
Darnell Mooney,darnell mooney,NYG,WR,2026,1,pff,player_receptions,1.7555,2026-08-04T11:00:00-04:00,filename,C:\Users\brady\OneDrive\Desktop\nfl-tools\player_props\data\raw\projections\pff\2026\week_01\snapshots\08_04_26_1100projections.csv,NYG,,249,recvReceptions
Tutu Atwell,tutu atwell,MIA,WR,2026,1,pff,player_reception_yds,22.8247,2026-08-04T11:00:00-04:00,filename,C:\Users\brady\OneDrive\Desktop\nfl-tools\player_props\data\raw\projections\pff\2026\week_01\snapshots\08_04_26_1100projections.csv,MIA,,250,recvYds
Tutu Atwell,tutu atwell,MIA,WR,2026,1,pff,player_receptions,1.7308,2026-08-04T11:00:00-04:00,filename,C:\Users\brady\OneDrive\Desktop\nfl-tools\player_props\data\raw\projections\pff\2026\week_01\snapshots\08_04_26_1100projections.csv,MIA,,250,recvReceptions
Devaughn Vele,devaughn vele,NO,WR,2026,1,pff,player_reception_yds,20.0635,2026-08-04T11:00:00-04:00,filename,C:\Users\brady\OneDrive\Desktop\nfl-tools\player_props\data\raw\projections\pff\2026\week_01\snapshots\08_04_26_1100projections.csv,NO,,251,recvYds
Devaughn Vele,devaughn vele,NO,WR,2026,1,pff,player_receptions,1.9144,2026-08-04T11:00:00-04:00,filename,C:\Users\brady\OneDrive\Desktop\nfl-tools\player_props\data\raw\projections\pff\2026\week_01\snapshots\08_04_26_1100projections.csv,NO,,251,recvReceptions
Tua Tagovailoa,tua tagovailoa,ATL,QB,2026,1,pff,player_pass_yds,180.7001,2026-08-04T11:00:00-04:00,filename,C:\Users\brady\OneDrive\Desktop\nfl-tools\player_props\data\raw\projections\pff\2026\week_01\snapshots\08_04_26_1100projections.csv,ATL,,252,passYds
Tua Tagovailoa,tua tagovailoa,ATL,QB,2026,1,pff,player_rush_yds,5.7629,2026-08-04T11:00:00-04:00,filename,C:\Users\brady\OneDrive\Desktop\nfl-tools\player_props\data\raw\projections\pff\2026\week_01\snapshots\08_04_26_1100projections.csv,ATL,,252,rushYds
Erick All,erick all,CIN,TE,2026,1,pff,player_reception_yds,15.5926,2026-08-04T11:00:00-04:00,filename,C:\Users\brady\OneDrive\Desktop\nfl-tools\player_props\data\raw\projections\pff\2026\week_01\snapshots\08_04_26_1100projections.csv,CIN,,253,recvYds
Erick All,erick all,CIN,TE,2026,1,pff,player_receptions,1.6996,2026-08-04T11:00:00-04:00,filename,C:\Users\brady\OneDrive\Desktop\nfl-tools\player_props\data\raw\projections\pff\2026\week_01\snapshots\08_04_26_1100projections.csv,CIN,,253,recvReceptions
Treylon Burks,treylon burks,WSH,WR,2026,1,pff,player_reception_yds,21.0783,2026-08-04T11:00:00-04:00,filename,C:\Users\brady\OneDrive\Desktop\nfl-tools\player_props\data\raw\projections\pff\2026\week_01\snapshots\08_04_26_1100projections.csv,WAS,,254,recvYds
Treylon Burks,treylon burks,WSH,WR,2026,1,pff,player_receptions,1.6951,2026-08-04T11:00:00-04:00,filename,C:\Users\brady\OneDrive\Desktop\nfl-tools\player_props\data\raw\projections\pff\2026\week_01\snapshots\08_04_26_1100projections.csv,WAS,,254,recvReceptions
Mason Taylor,mason taylor,NYJ,TE,2026,1,pff,player_reception_yds,15.7615,2026-08-04T11:00:00-04:00,filename,C:\Users\brady\OneDrive\Desktop\nfl-tools\player_props\data\raw\projections\pff\2026\week_01\snapshots\08_04_26_1100projections.csv,NYJ,,255,recvYds
Mason Taylor,mason taylor,NYJ,TE,2026,1,pff,player_receptions,1.7228,2026-08-04T11:00:00-04:00,filename,C:\Users\brady\OneDrive\Desktop\nfl-tools\player_props\data\raw\projections\pff\2026\week_01\snapshots\08_04_26_1100projections.csv,NYJ,,255,recvReceptions
James Conner,james conner,ARI,RB,2026,1,pff,player_rush_yds,4.6669,2026-08-04T11:00:00-04:00,filename,C:\Users\brady\OneDrive\Desktop\nfl-tools\player_props\data\raw\projections\pff\2026\week_01\snapshots\08_04_26_1100projections.csv,ARZ,,256,rushYds
James Conner,james conner,ARI,RB,2026,1,pff,player_reception_yds,1.8913,2026-08-04T11:00:00-04:00,filename,C:\Users\brady\OneDrive\Desktop\nfl-tools\player_props\data\raw\projections\pff\2026\week_01\snapshots\08_04_26_1100projections.csv,ARZ,,256,recvYds
James Conner,james conner,ARI,RB,2026,1,pff,player_receptions,0.2865,2026-08-04T11:00:00-04:00,filename,C:\Users\brady\OneDrive\Desktop\nfl-tools\player_props\data\raw\projections\pff\2026\week_01\snapshots\08_04_26_1100projections.csv,ARZ,,256,recvReceptions
Jeremy McNichols,jeremy mcnichols,WSH,RB,2026,1,pff,player_rush_yds,2.7683,2026-08-04T11:00:00-04:00,filename,C:\Users\brady\OneDrive\Desktop\nfl-tools\player_props\data\raw\projections\pff\2026\week_01\snapshots\08_04_26_1100projections.csv,WAS,,257,rushYds
Jeremy McNichols,jeremy mcnichols,WSH,RB,2026,1,pff,player_reception_yds,2.6476,2026-08-04T11:00:00-04:00,filename,C:\Users\brady\OneDrive\Desktop\nfl-tools\player_props\data\raw\projections\pff\2026\week_01\snapshots\08_04_26_1100projections.csv,WAS,,257,recvYds
Jeremy McNichols,jeremy mcnichols,WSH,RB,2026,1,pff,player_receptions,0.3958,2026-08-04T11:00:00-04:00,filename,C:\Users\brady\OneDrive\Desktop\nfl-tools\player_props\data\raw\projections\pff\2026\week_01\snapshots\08_04_26_1100projections.csv,WAS,,257,recvReceptions
Darnell Washington,darnell washington,PIT,TE,2026,1,pff,player_reception_yds,14.753,2026-08-04T11:00:00-04:00,filename,C:\Users\brady\OneDrive\Desktop\nfl-tools\player_props\data\raw\projections\pff\2026\week_01\snapshots\08_04_26_1100projections.csv,PIT,,258,recvYds
Darnell Washington,darnell washington,PIT,TE,2026,1,pff,player_receptions,1.6108,2026-08-04T11:00:00-04:00,filename,C:\Users\brady\OneDrive\Desktop\nfl-tools\player_props\data\raw\projections\pff\2026\week_01\snapshots\08_04_26_1100projections.csv,PIT,,258,recvReceptions
Elijah Arroyo,elijah arroyo,SEA,TE,2026,1,pff,player_reception_yds,15.2399,2026-08-04T11:00:00-04:00,filename,C:\Users\brady\OneDrive\Desktop\nfl-tools\player_props\data\raw\projections\pff\2026\week_01\snapshots\08_04_26_1100projections.csv,SEA,,259,recvYds
Elijah Arroyo,elijah arroyo,SEA,TE,2026,1,pff,player_receptions,1.6055,2026-08-04T11:00:00-04:00,filename,C:\Users\brady\OneDrive\Desktop\nfl-tools\player_props\data\raw\projections\pff\2026\week_01\snapshots\08_04_26_1100projections.csv,SEA,,259,recvReceptions
Olamide Zaccheaus,olamide zaccheaus,ATL,WR,2026,1,pff,player_reception_yds,18.7032,2026-08-04T11:00:00-04:00,filename,C:\Users\brady\OneDrive\Desktop\nfl-tools\player_props\data\raw\projections\pff\2026\week_01\snapshots\08_04_26_1100projections.csv,ATL,,260,recvYds
Olamide Zaccheaus,olamide zaccheaus,ATL,WR,2026,1,pff,player_receptions,1.7846,2026-08-04T11:00:00-04:00,filename,C:\Users\brady\OneDrive\Desktop\nfl-tools\player_props\data\raw\projections\pff\2026\week_01\snapshots\08_04_26_1100projections.csv,ATL,,260,recvReceptions
Dontayvion Wicks,dontayvion wicks,PHI,WR,2026,1,pff,player_reception_yds,20.0854,2026-08-04T11:00:00-04:00,filename,C:\Users\brady\OneDrive\Desktop\nfl-tools\player_props\data\raw\projections\pff\2026\week_01\snapshots\08_04_26_1100projections.csv,PHI,,261,recvYds
Dontayvion Wicks,dontayvion wicks,PHI,WR,2026,1,pff,player_receptions,1.6497,2026-08-04T11:00:00-04:00,filename,C:\Users\brady\OneDrive\Desktop\nfl-tools\player_props\data\raw\projections\pff\2026\week_01\snapshots\08_04_26_1100projections.csv,PHI,,261,recvReceptions
Seth McGowan,seth mcgowan,IND,RB,2026,1,pff,player_rush_yds,3.369,2026-08-04T11:00:00-04:00,filename,C:\Users\brady\OneDrive\Desktop\nfl-tools\player_props\data\raw\projections\pff\2026\week_01\snapshots\08_04_26_1100projections.csv,IND,,262,rushYds
Seth McGowan,seth mcgowan,IND,RB,2026,1,pff,player_reception_yds,1.8983,2026-08-04T11:00:00-04:00,filename,C:\Users\brady\OneDrive\Desktop\nfl-tools\player_props\data\raw\projections\pff\2026\week_01\snapshots\08_04_26_1100projections.csv,IND,,262,recvYds
Seth McGowan,seth mcgowan,IND,RB,2026,1,pff,player_receptions,0.2724,2026-08-04T11:00:00-04:00,filename,C:\Users\brady\OneDrive\Desktop\nfl-tools\player_props\data\raw\projections\pff\2026\week_01\snapshots\08_04_26_1100projections.csv,IND,,262,recvReceptions
Eli Heidenreich,eli heidenreich,PIT,RB,2026,1,pff,player_rush_yds,3.0335,2026-08-04T11:00:00-04:00,filename,C:\Users\brady\OneDrive\Desktop\nfl-tools\player_props\data\raw\projections\pff\2026\week_01\snapshots\08_04_26_1100projections.csv,PIT,,263,rushYds
Eli Heidenreich,eli heidenreich,PIT,RB,2026,1,pff,player_reception_yds,1.907,2026-08-04T11:00:00-04:00,filename,C:\Users\brady\OneDrive\Desktop\nfl-tools\player_props\data\raw\projections\pff\2026\week_01\snapshots\08_04_26_1100projections.csv,PIT,,263,recvYds
Eli Heidenreich,eli heidenreich,PIT,RB,2026,1,pff,player_receptions,0.2752,2026-08-04T11:00:00-04:00,filename,C:\Users\brady\OneDrive\Desktop\nfl-tools\player_props\data\raw\projections\pff\2026\week_01\snapshots\08_04_26_1100projections.csv,PIT,,263,recvReceptions
Ashton Dulin,ashton dulin,IND,WR,2026,1,pff,player_rush_yds,1.8032,2026-08-04T11:00:00-04:00,filename,C:\Users\brady\OneDrive\Desktop\nfl-tools\player_props\data\raw\projections\pff\2026\week_01\snapshots\08_04_26_1100projections.csv,IND,,264,rushYds
Ashton Dulin,ashton dulin,IND,WR,2026,1,pff,player_reception_yds,19.0301,2026-08-04T11:00:00-04:00,filename,C:\Users\brady\OneDrive\Desktop\nfl-tools\player_props\data\raw\projections\pff\2026\week_01\snapshots\08_04_26_1100projections.csv,IND,,264,recvYds
Ashton Dulin,ashton dulin,IND,WR,2026,1,pff,player_receptions,1.4831,2026-08-04T11:00:00-04:00,filename,C:\Users\brady\OneDrive\Desktop\nfl-tools\player_props\data\raw\projections\pff\2026\week_01\snapshots\08_04_26_1100projections.csv,IND,,264,recvReceptions
Devontez Walker,devontez walker,BAL,WR,2026,1,pff,player_reception_yds,20.8509,2026-08-04T11:00:00-04:00,filename,C:\Users\brady\OneDrive\Desktop\nfl-tools\player_props\data\raw\projections\pff\2026\week_01\snapshots\08_04_26_1100projections.csv,BLT,,265,recvYds
Devontez Walker,devontez walker,BAL,WR,2026,1,pff,player_receptions,1.3811,2026-08-04T11:00:00-04:00,filename,C:\Users\brady\OneDrive\Desktop\nfl-tools\player_props\data\raw\projections\pff\2026\week_01\snapshots\08_04_26_1100projections.csv,BLT,,265,recvReceptions
Ted Hurst,ted hurst,TB,WR,2026,1,pff,player_reception_yds,19.262,2026-08-04T11:00:00-04:00,filename,C:\Users\brady\OneDrive\Desktop\nfl-tools\player_props\data\raw\projections\pff\2026\week_01\snapshots\08_04_26_1100projections.csv,TB,,266,recvYds
Ted Hurst,ted hurst,TB,WR,2026,1,pff,player_receptions,1.5477,2026-08-04T11:00:00-04:00,filename,C:\Users\brady\OneDrive\Desktop\nfl-tools\player_props\data\raw\projections\pff\2026\week_01\snapshots\08_04_26_1100projections.csv,TB,,266,recvReceptions
Dylan Laube,dylan laube,LV,RB,2026,1,pff,player_rush_yds,3.0471,2026-08-04T11:00:00-04:00,filename,C:\Users\brady\OneDrive\Desktop\nfl-tools\player_props\data\raw\projections\pff\2026\week_01\snapshots\08_04_26_1100projections.csv,LV,,267,rushYds
Dylan Laube,dylan laube,LV,RB,2026,1,pff,player_reception_yds,1.8585,2026-08-04T11:00:00-04:00,filename,C:\Users\brady\OneDrive\Desktop\nfl-tools\player_props\data\raw\projections\pff\2026\week_01\snapshots\08_04_26_1100projections.csv,LV,,267,recvYds
Dylan Laube,dylan laube,LV,RB,2026,1,pff,player_receptions,0.2628,2026-08-04T11:00:00-04:00,filename,C:\Users\brady\OneDrive\Desktop\nfl-tools\player_props\data\raw\projections\pff\2026\week_01\snapshots\08_04_26_1100projections.csv,LV,,267,recvReceptions
Darius Slayton,darius slayton,NYG,WR,2026,1,pff,player_reception_yds,19.9076,2026-08-04T11:00:00-04:00,filename,C:\Users\brady\OneDrive\Desktop\nfl-tools\player_props\data\raw\projections\pff\2026\week_01\snapshots\08_04_26_1100projections.csv,NYG,,268,recvYds
Darius Slayton,darius slayton,NYG,WR,2026,1,pff,player_receptions,1.5751,2026-08-04T11:00:00-04:00,filename,C:\Users\brady\OneDrive\Desktop\nfl-tools\player_props\data\raw\projections\pff\2026\week_01\snapshots\08_04_26_1100projections.csv,NYG,,268,recvReceptions
Isaac TeSlaa,isaac teslaa,DET,WR,2026,1,pff,player_reception_yds,18.0419,2026-08-04T11:00:00-04:00,filename,C:\Users\brady\OneDrive\Desktop\nfl-tools\player_props\data\raw\projections\pff\2026\week_01\snapshots\08_04_26_1100projections.csv,DET,,269,recvYds
Isaac TeSlaa,isaac teslaa,DET,WR,2026,1,pff,player_receptions,1.4254,2026-08-04T11:00:00-04:00,filename,C:\Users\brady\OneDrive\Desktop\nfl-tools\player_props\data\raw\projections\pff\2026\week_01\snapshots\08_04_26_1100projections.csv,DET,,269,recvReceptions
David Njoku,david njoku,LAC,TE,2026,1,pff,player_reception_yds,13.8508,2026-08-04T11:00:00-04:00,filename,C:\Users\brady\OneDrive\Desktop\nfl-tools\player_props\data\raw\projections\pff\2026\week_01\snapshots\08_04_26_1100projections.csv,LAC,,270,recvYds
David Njoku,david njoku,LAC,TE,2026,1,pff,player_receptions,1.4602,2026-08-04T11:00:00-04:00,filename,C:\Users\brady\OneDrive\Desktop\nfl-tools\player_props\data\raw\projections\pff\2026\week_01\snapshots\08_04_26_1100projections.csv,LAC,,270,recvReceptions
Sione Vaki,sione vaki,DET,RB,2026,1,pff,player_rush_yds,2.8219,2026-08-04T11:00:00-04:00,filename,C:\Users\brady\OneDrive\Desktop\nfl-tools\player_props\data\raw\projections\pff\2026\week_01\snapshots\08_04_26_1100projections.csv,DET,,271,rushYds
Sione Vaki,sione vaki,DET,RB,2026,1,pff,player_reception_yds,1.3744,2026-08-04T11:00:00-04:00,filename,C:\Users\brady\OneDrive\Desktop\nfl-tools\player_props\data\raw\projections\pff\2026\week_01\snapshots\08_04_26_1100projections.csv,DET,,271,recvYds
Sione Vaki,sione vaki,DET,RB,2026,1,pff,player_receptions,0.1929,2026-08-04T11:00:00-04:00,filename,C:\Users\brady\OneDrive\Desktop\nfl-tools\player_props\data\raw\projections\pff\2026\week_01\snapshots\08_04_26_1100projections.csv,DET,,271,recvReceptions
Marlin Klein,marlin klein,HOU,TE,2026,1,pff,player_reception_yds,14.0085,2026-08-04T11:00:00-04:00,filename,C:\Users\brady\OneDrive\Desktop\nfl-tools\player_props\data\raw\projections\pff\2026\week_01\snapshots\08_04_26_1100projections.csv,HST,,272,recvYds
Marlin Klein,marlin klein,HOU,TE,2026,1,pff,player_receptions,1.398,2026-08-04T11:00:00-04:00,filename,C:\Users\brady\OneDrive\Desktop\nfl-tools\player_props\data\raw\projections\pff\2026\week_01\snapshots\08_04_26_1100projections.csv,HST,,272,recvReceptions
Kendre Miller,kendre miller,NO,RB,2026,1,pff,player_rush_yds,2.8809,2026-08-04T11:00:00-04:00,filename,C:\Users\brady\OneDrive\Desktop\nfl-tools\player_props\data\raw\projections\pff\2026\week_01\snapshots\08_04_26_1100projections.csv,NO,,273,rushYds
Kendre Miller,kendre miller,NO,RB,2026,1,pff,player_reception_yds,1.1317,2026-08-04T11:00:00-04:00,filename,C:\Users\brady\OneDrive\Desktop\nfl-tools\player_props\data\raw\projections\pff\2026\week_01\snapshots\08_04_26_1100projections.csv,NO,,273,recvYds
Kendre Miller,kendre miller,NO,RB,2026,1,pff,player_receptions,0.1659,2026-08-04T11:00:00-04:00,filename,C:\Users\brady\OneDrive\Desktop\nfl-tools\player_props\data\raw\projections\pff\2026\week_01\snapshots\08_04_26_1100projections.csv,NO,,273,recvReceptions
Jam Miller,jam miller,NE,RB,2026,1,pff,player_rush_yds,2.8149,2026-08-04T11:00:00-04:00,filename,C:\Users\brady\OneDrive\Desktop\nfl-tools\player_props\data\raw\projections\pff\2026\week_01\snapshots\08_04_26_1100projections.csv,NE,,274,rushYds
Jam Miller,jam miller,NE,RB,2026,1,pff,player_reception_yds,0.9749,2026-08-04T11:00:00-04:00,filename,C:\Users\brady\OneDrive\Desktop\nfl-tools\player_props\data\raw\projections\pff\2026\week_01\snapshots\08_04_26_1100projections.csv,NE,,274,recvYds
Jam Miller,jam miller,NE,RB,2026,1,pff,player_receptions,0.1371,2026-08-04T11:00:00-04:00,filename,C:\Users\brady\OneDrive\Desktop\nfl-tools\player_props\data\raw\projections\pff\2026\week_01\snapshots\08_04_26_1100projections.csv,NE,,274,recvReceptions
Jaylin Noel,jaylin noel,HOU,WR,2026,1,pff,player_rush_yds,1.9793,2026-08-04T11:00:00-04:00,filename,C:\Users\brady\OneDrive\Desktop\nfl-tools\player_props\data\raw\projections\pff\2026\week_01\snapshots\08_04_26_1100projections.csv,HST,,275,rushYds
Jaylin Noel,jaylin noel,HOU,WR,2026,1,pff,player_reception_yds,16.5545,2026-08-04T11:00:00-04:00,filename,C:\Users\brady\OneDrive\Desktop\nfl-tools\player_props\data\raw\projections\pff\2026\week_01\snapshots\08_04_26_1100projections.csv,HST,,275,recvYds
Jaylin Noel,jaylin noel,HOU,WR,2026,1,pff,player_receptions,1.4717,2026-08-04T11:00:00-04:00,filename,C:\Users\brady\OneDrive\Desktop\nfl-tools\player_props\data\raw\projections\pff\2026\week_01\snapshots\08_04_26_1100projections.csv,HST,,275,recvReceptions
Eli Stowers,eli stowers,PHI,TE,2026,1,pff,player_rush_yds,1.2574,2026-08-04T11:00:00-04:00,filename,C:\Users\brady\OneDrive\Desktop\nfl-tools\player_props\data\raw\projections\pff\2026\week_01\snapshots\08_04_26_1100projections.csv,PHI,,276,rushYds
Eli Stowers,eli stowers,PHI,TE,2026,1,pff,player_reception_yds,12.6564,2026-08-04T11:00:00-04:00,filename,C:\Users\brady\OneDrive\Desktop\nfl-tools\player_props\data\raw\projections\pff\2026\week_01\snapshots\08_04_26_1100projections.csv,PHI,,276,recvYds
Eli Stowers,eli stowers,PHI,TE,2026,1,pff,player_receptions,1.3028,2026-08-04T11:00:00-04:00,filename,C:\Users\brady\OneDrive\Desktop\nfl-tools\player_props\data\raw\projections\pff\2026\week_01\snapshots\08_04_26_1100projections.csv,PHI,,276,recvReceptions
Rasheen Ali,rasheen ali,BAL,RB,2026,1,pff,player_rush_yds,1.0754,2026-08-04T11:00:00-04:00,filename,C:\Users\brady\OneDrive\Desktop\nfl-tools\player_props\data\raw\projections\pff\2026\week_01\snapshots\08_04_26_1100projections.csv,BLT,,277,rushYds
Rasheen Ali,rasheen ali,BAL,RB,2026,1,pff,player_reception_yds,1.793,2026-08-04T11:00:00-04:00,filename,C:\Users\brady\OneDrive\Desktop\nfl-tools\player_props\data\raw\projections\pff\2026\week_01\snapshots\08_04_26_1100projections.csv,BLT,,277,recvYds
Rasheen Ali,rasheen ali,BAL,RB,2026,1,pff,player_receptions,0.2506,2026-08-04T11:00:00-04:00,filename,C:\Users\brady\OneDrive\Desktop\nfl-tools\player_props\data\raw\projections\pff\2026\week_01\snapshots\08_04_26_1100projections.csv,BLT,,277,recvReceptions
Raheim Sanders,raheim sanders,CLE,RB,2026,1,pff,player_rush_yds,2.815,2026-08-04T11:00:00-04:00,filename,C:\Users\brady\OneDrive\Desktop\nfl-tools\player_props\data\raw\projections\pff\2026\week_01\snapshots\08_04_26_1100projections.csv,CLV,,278,rushYds
Raheim Sanders,raheim sanders,CLE,RB,2026,1,pff,player_reception_yds,0.8723,2026-08-04T11:00:00-04:00,filename,C:\Users\brady\OneDrive\Desktop\nfl-tools\player_props\data\raw\projections\pff\2026\week_01\snapshots\08_04_26_1100projections.csv,CLV,,278,recvYds
Raheim Sanders,raheim sanders,CLE,RB,2026,1,pff,player_receptions,0.1272,2026-08-04T11:00:00-04:00,filename,C:\Users\brady\OneDrive\Desktop\nfl-tools\player_props\data\raw\projections\pff\2026\week_01\snapshots\08_04_26_1100projections.csv,CLV,,278,recvReceptions
KaVontae Turpin,kavontae turpin,DAL,WR,2026,1,pff,player_rush_yds,5.1734,2026-08-04T11:00:00-04:00,filename,C:\Users\brady\OneDrive\Desktop\nfl-tools\player_props\data\raw\projections\pff\2026\week_01\snapshots\08_04_26_1100projections.csv,DAL,,279,rushYds
KaVontae Turpin,kavontae turpin,DAL,WR,2026,1,pff,player_reception_yds,14.6276,2026-08-04T11:00:00-04:00,filename,C:\Users\brady\OneDrive\Desktop\nfl-tools\player_props\data\raw\projections\pff\2026\week_01\snapshots\08_04_26_1100projections.csv,DAL,,279,recvYds
KaVontae Turpin,kavontae turpin,DAL,WR,2026,1,pff,player_receptions,1.2159,2026-08-04T11:00:00-04:00,filename,C:\Users\brady\OneDrive\Desktop\nfl-tools\player_props\data\raw\projections\pff\2026\week_01\snapshots\08_04_26_1100projections.csv,DAL,,279,recvReceptions
Luke McCaffrey,luke mccaffrey,WSH,WR,2026,1,pff,player_reception_yds,17.6393,2026-08-04T11:00:00-04:00,filename,C:\Users\brady\OneDrive\Desktop\nfl-tools\player_props\data\raw\projections\pff\2026\week_01\snapshots\08_04_26_1100projections.csv,WAS,,280,recvYds
Luke McCaffrey,luke mccaffrey,WSH,WR,2026,1,pff,player_receptions,1.4401,2026-08-04T11:00:00-04:00,filename,C:\Users\brady\OneDrive\Desktop\nfl-tools\player_props\data\raw\projections\pff\2026\week_01\snapshots\08_04_26_1100projections.csv,WAS,,280,recvReceptions
Jaylin Lane,jaylin lane,WSH,WR,2026,1,pff,player_rush_yds,0.1298,2026-08-04T11:00:00-04:00,filename,C:\Users\brady\OneDrive\Desktop\nfl-tools\player_props\data\raw\projections\pff\2026\week_01\snapshots\08_04_26_1100projections.csv,WAS,,281,rushYds
Jaylin Lane,jaylin lane,WSH,WR,2026,1,pff,player_reception_yds,17.7819,2026-08-04T11:00:00-04:00,filename,C:\Users\brady\OneDrive\Desktop\nfl-tools\player_props\data\raw\projections\pff\2026\week_01\snapshots\08_04_26_1100projections.csv,WAS,,281,recvYds
Jaylin Lane,jaylin lane,WSH,WR,2026,1,pff,player_receptions,1.4745,2026-08-04T11:00:00-04:00,filename,C:\Users\brady\OneDrive\Desktop\nfl-tools\player_props\data\raw\projections\pff\2026\week_01\snapshots\08_04_26_1100projections.csv,WAS,,281,recvReceptions
Troy Franklin,troy franklin,DEN,WR,2026,1,pff,player_rush_yds,0.5426,2026-08-04T11:00:00-04:00,filename,C:\Users\brady\OneDrive\Desktop\nfl-tools\player_props\data\raw\projections\pff\2026\week_01\snapshots\08_04_26_1100projections.csv,DEN,,282,rushYds
Troy Franklin,troy franklin,DEN,WR,2026,1,pff,player_reception_yds,17.5382,2026-08-04T11:00:00-04:00,filename,C:\Users\brady\OneDrive\Desktop\nfl-tools\player_props\data\raw\projections\pff\2026\week_01\snapshots\08_04_26_1100projections.csv,DEN,,282,recvYds
Troy Franklin,troy franklin,DEN,WR,2026,1,pff,player_receptions,1.406,2026-08-04T11:00:00-04:00,filename,C:\Users\brady\OneDrive\Desktop\nfl-tools\player_props\data\raw\projections\pff\2026\week_01\snapshots\08_04_26_1100projections.csv,DEN,,282,recvReceptions
Durham Smythe,durham smythe,BAL,TE,2026,1,pff,player_reception_yds,12.3946,2026-08-04T11:00:00-04:00,filename,C:\Users\brady\OneDrive\Desktop\nfl-tools\player_props\data\raw\projections\pff\2026\week_01\snapshots\08_04_26_1100projections.csv,BLT,,283,recvYds
Durham Smythe,durham smythe,BAL,TE,2026,1,pff,player_receptions,1.3367,2026-08-04T11:00:00-04:00,filename,C:\Users\brady\OneDrive\Desktop\nfl-tools\player_props\data\raw\projections\pff\2026\week_01\snapshots\08_04_26_1100projections.csv,BLT,,283,recvReceptions
Oscar Delp,oscar delp,NO,TE,2026,1,pff,player_reception_yds,13.0298,2026-08-04T11:00:00-04:00,filename,C:\Users\brady\OneDrive\Desktop\nfl-tools\player_props\data\raw\projections\pff\2026\week_01\snapshots\08_04_26_1100projections.csv,NO,,284,recvYds
Oscar Delp,oscar delp,NO,TE,2026,1,pff,player_receptions,1.3572,2026-08-04T11:00:00-04:00,filename,C:\Users\brady\OneDrive\Desktop\nfl-tools\player_props\data\raw\projections\pff\2026\week_01\snapshots\08_04_26_1100projections.csv,NO,,284,recvReceptions
British Brooks,british brooks,HOU,RB,2026,1,pff,player_rush_yds,1.8331,2026-08-04T11:00:00-04:00,filename,C:\Users\brady\OneDrive\Desktop\nfl-tools\player_props\data\raw\projections\pff\2026\week_01\snapshots\08_04_26_1100projections.csv,HST,,285,rushYds
British Brooks,british brooks,HOU,RB,2026,1,pff,player_reception_yds,0.9658,2026-08-04T11:00:00-04:00,filename,C:\Users\brady\OneDrive\Desktop\nfl-tools\player_props\data\raw\projections\pff\2026\week_01\snapshots\08_04_26_1100projections.csv,HST,,285,recvYds
British Brooks,british brooks,HOU,RB,2026,1,pff,player_receptions,0.135,2026-08-04T11:00:00-04:00,filename,C:\Users\brady\OneDrive\Desktop\nfl-tools\player_props\data\raw\projections\pff\2026\week_01\snapshots\08_04_26_1100projections.csv,HST,,285,recvReceptions
Roschon Johnson,roschon johnson,CHI,RB,2026,1,pff,player_rush_yds,2.7582,2026-08-04T11:00:00-04:00,filename,C:\Users\brady\OneDrive\Desktop\nfl-tools\player_props\data\raw\projections\pff\2026\week_01\snapshots\08_04_26_1100projections.csv,CHI,,286,rushYds
Roschon Johnson,roschon johnson,CHI,RB,2026,1,pff,player_reception_yds,0.36,2026-08-04T11:00:00-04:00,filename,C:\Users\brady\OneDrive\Desktop\nfl-tools\player_props\data\raw\projections\pff\2026\week_01\snapshots\08_04_26_1100projections.csv,CHI,,286,recvYds
Roschon Johnson,roschon johnson,CHI,RB,2026,1,pff,player_receptions,0.0537,2026-08-04T11:00:00-04:00,filename,C:\Users\brady\OneDrive\Desktop\nfl-tools\player_props\data\raw\projections\pff\2026\week_01\snapshots\08_04_26_1100projections.csv,CHI,,286,recvReceptions
Brashard Smith,brashard smith,KC,RB,2026,1,pff,player_rush_yds,3.3688,2026-08-04T11:00:00-04:00,filename,C:\Users\brady\OneDrive\Desktop\nfl-tools\player_props\data\raw\projections\pff\2026\week_01\snapshots\08_04_26_1100projections.csv,KC,,287,rushYds
Brashard Smith,brashard smith,KC,RB,2026,1,pff,player_reception_yds,0.0,2026-08-04T11:00:00-04:00,filename,C:\Users\brady\OneDrive\Desktop\nfl-tools\player_props\data\raw\projections\pff\2026\week_01\snapshots\08_04_26_1100projections.csv,KC,,287,recvYds
Brashard Smith,brashard smith,KC,RB,2026,1,pff,player_receptions,0.0,2026-08-04T11:00:00-04:00,filename,C:\Users\brady\OneDrive\Desktop\nfl-tools\player_props\data\raw\projections\pff\2026\week_01\snapshots\08_04_26_1100projections.csv,KC,,287,recvReceptions
Devin Neal,devin neal,NO,RB,2026,1,pff,player_rush_yds,1.8899,2026-08-04T11:00:00-04:00,filename,C:\Users\brady\OneDrive\Desktop\nfl-tools\player_props\data\raw\projections\pff\2026\week_01\snapshots\08_04_26_1100projections.csv,NO,,288,rushYds
Devin Neal,devin neal,NO,RB,2026,1,pff,player_reception_yds,0.7553,2026-08-04T11:00:00-04:00,filename,C:\Users\brady\OneDrive\Desktop\nfl-tools\player_props\data\raw\projections\pff\2026\week_01\snapshots\08_04_26_1100projections.csv,NO,,288,recvYds
Devin Neal,devin neal,NO,RB,2026,1,pff,player_receptions,0.1139,2026-08-04T11:00:00-04:00,filename,C:\Users\brady\OneDrive\Desktop\nfl-tools\player_props\data\raw\projections\pff\2026\week_01\snapshots\08_04_26_1100projections.csv,NO,,288,recvReceptions
Marquise Brown,marquise brown,PHI,WR,2026,1,pff,player_reception_yds,17.2992,2026-08-04T11:00:00-04:00,filename,C:\Users\brady\OneDrive\Desktop\nfl-tools\player_props\data\raw\projections\pff\2026\week_01\snapshots\08_04_26_1100projections.csv,PHI,,289,recvYds
Marquise Brown,marquise brown,PHI,WR,2026,1,pff,player_receptions,1.4026,2026-08-04T11:00:00-04:00,filename,C:\Users\brady\OneDrive\Desktop\nfl-tools\player_props\data\raw\projections\pff\2026\week_01\snapshots\08_04_26_1100projections.csv,PHI,,289,recvReceptions
Patrick Ricard,patrick ricard,NYG,RB,2026,1,pff,player_rush_yds,0.2047,2026-08-04T11:00:00-04:00,filename,C:\Users\brady\OneDrive\Desktop\nfl-tools\player_props\data\raw\projections\pff\2026\week_01\snapshots\08_04_26_1100projections.csv,NYG,,290,rushYds
Patrick Ricard,patrick ricard,NYG,RB,2026,1,pff,player_reception_yds,1.2416,2026-08-04T11:00:00-04:00,filename,C:\Users\brady\OneDrive\Desktop\nfl-tools\player_props\data\raw\projections\pff\2026\week_01\snapshots\08_04_26_1100projections.csv,NYG,,290,recvYds
Patrick Ricard,patrick ricard,NYG,RB,2026,1,pff,player_receptions,0.1789,2026-08-04T11:00:00-04:00,filename,C:\Users\brady\OneDrive\Desktop\nfl-tools\player_props\data\raw\projections\pff\2026\week_01\snapshots\08_04_26_1100projections.csv,NYG,,290,recvReceptions
Tyler Higbee,tyler higbee,LAR,TE,2026,1,pff,player_reception_yds,12.543,2026-08-04T11:00:00-04:00,filename,C:\Users\brady\OneDrive\Desktop\nfl-tools\player_props\data\raw\projections\pff\2026\week_01\snapshots\08_04_26_1100projections.csv,LA,,291,recvYds
Tyler Higbee,tyler higbee,LAR,TE,2026,1,pff,player_receptions,1.2788,2026-08-04T11:00:00-04:00,filename,C:\Users\brady\OneDrive\Desktop\nfl-tools\player_props\data\raw\projections\pff\2026\week_01\snapshots\08_04_26_1100projections.csv,LA,,291,recvReceptions
Cole Kmet,cole kmet,CHI,TE,2026,1,pff,player_reception_yds,12.2296,2026-08-04T11:00:00-04:00,filename,C:\Users\brady\OneDrive\Desktop\nfl-tools\player_props\data\raw\projections\pff\2026\week_01\snapshots\08_04_26_1100projections.csv,CHI,,292,recvYds
Cole Kmet,cole kmet,CHI,TE,2026,1,pff,player_receptions,1.2904,2026-08-04T11:00:00-04:00,filename,C:\Users\brady\OneDrive\Desktop\nfl-tools\player_props\data\raw\projections\pff\2026\week_01\snapshots\08_04_26_1100projections.csv,CHI,,292,recvReceptions
Chimere Dike,chimere dike,TEN,WR,2026,1,pff,player_rush_yds,4.259,2026-08-04T11:00:00-04:00,filename,C:\Users\brady\OneDrive\Desktop\nfl-tools\player_props\data\raw\projections\pff\2026\week_01\snapshots\08_04_26_1100projections.csv,TEN,,293,rushYds
Chimere Dike,chimere dike,TEN,WR,2026,1,pff,player_reception_yds,13.0347,2026-08-04T11:00:00-04:00,filename,C:\Users\brady\OneDrive\Desktop\nfl-tools\player_props\data\raw\projections\pff\2026\week_01\snapshots\08_04_26_1100projections.csv,TEN,,293,recvYds
Chimere Dike,chimere dike,TEN,WR,2026,1,pff,player_receptions,1.2695,2026-08-04T11:00:00-04:00,filename,C:\Users\brady\OneDrive\Desktop\nfl-tools\player_props\data\raw\projections\pff\2026\week_01\snapshots\08_04_26_1100projections.csv,TEN,,293,recvReceptions
Malachi Fields,malachi fields,NYG,WR,2026,1,pff,player_reception_yds,16.6456,2026-08-04T11:00:00-04:00,filename,C:\Users\brady\OneDrive\Desktop\nfl-tools\player_props\data\raw\projections\pff\2026\week_01\snapshots\08_04_26_1100projections.csv,NYG,,294,recvYds
Malachi Fields,malachi fields,NYG,WR,2026,1,pff,player_receptions,1.4039,2026-08-04T11:00:00-04:00,filename,C:\Users\brady\OneDrive\Desktop\nfl-tools\player_props\data\raw\projections\pff\2026\week_01\snapshots\08_04_26_1100projections.csv,NYG,,294,recvReceptions
Adam Prentice,adam prentice,DEN,RB,2026,1,pff,player_rush_yds,2.065,2026-08-04T11:00:00-04:00,filename,C:\Users\brady\OneDrive\Desktop\nfl-tools\player_props\data\raw\projections\pff\2026\week_01\snapshots\08_04_26_1100projections.csv,DEN,,295,rushYds
Adam Prentice,adam prentice,DEN,RB,2026,1,pff,player_reception_yds,0.0,2026-08-04T11:00:00-04:00,filename,C:\Users\brady\OneDrive\Desktop\nfl-tools\player_props\data\raw\projections\pff\2026\week_01\snapshots\08_04_26_1100projections.csv,DEN,,295,recvYds
Adam Prentice,adam prentice,DEN,RB,2026,1,pff,player_receptions,0.0,2026-08-04T11:00:00-04:00,filename,C:\Users\brady\OneDrive\Desktop\nfl-tools\player_props\data\raw\projections\pff\2026\week_01\snapshots\08_04_26_1100projections.csv,DEN,,295,recvReceptions
DeeJay Dallas,deejay dallas,JAX,RB,2026,1,pff,player_rush_yds,0.544,2026-08-04T11:00:00-04:00,filename,C:\Users\brady\OneDrive\Desktop\nfl-tools\player_props\data\raw\projections\pff\2026\week_01\snapshots\08_04_26_1100projections.csv,JAX,,296,rushYds
DeeJay Dallas,deejay dallas,JAX,RB,2026,1,pff,player_reception_yds,0.8975,2026-08-04T11:00:00-04:00,filename,C:\Users\brady\OneDrive\Desktop\nfl-tools\player_props\data\raw\projections\pff\2026\week_01\snapshots\08_04_26_1100projections.csv,JAX,,296,recvYds
DeeJay Dallas,deejay dallas,JAX,RB,2026,1,pff,player_receptions,0.1317,2026-08-04T11:00:00-04:00,filename,C:\Users\brady\OneDrive\Desktop\nfl-tools\player_props\data\raw\projections\pff\2026\week_01\snapshots\08_04_26_1100projections.csv,JAX,,296,recvReceptions
Ronnie Rivers,ronnie rivers,LAR,RB,2026,1,pff,player_rush_yds,1.0212,2026-08-04T11:00:00-04:00,filename,C:\Users\brady\OneDrive\Desktop\nfl-tools\player_props\data\raw\projections\pff\2026\week_01\snapshots\08_04_26_1100projections.csv,LA,,297,rushYds
Ronnie Rivers,ronnie rivers,LAR,RB,2026,1,pff,player_reception_yds,0.637,2026-08-04T11:00:00-04:00,filename,C:\Users\brady\OneDrive\Desktop\nfl-tools\player_props\data\raw\projections\pff\2026\week_01\snapshots\08_04_26_1100projections.csv,LA,,297,recvYds
Ronnie Rivers,ronnie rivers,LAR,RB,2026,1,pff,player_receptions,0.0895,2026-08-04T11:00:00-04:00,filename,C:\Users\brady\OneDrive\Desktop\nfl-tools\player_props\data\raw\projections\pff\2026\week_01\snapshots\08_04_26_1100projections.csv,LA,,297,recvReceptions
Jack Westover,jack westover,NE,RB,2026,1,pff,player_rush_yds,0.0,2026-08-04T11:00:00-04:00,filename,C:\Users\brady\OneDrive\Desktop\nfl-tools\player_props\data\raw\projections\pff\2026\week_01\snapshots\08_04_26_1100projections.csv,NE,,298,rushYds
Jack Westover,jack westover,NE,RB,2026,1,pff,player_reception_yds,0.9709,2026-08-04T11:00:00-04:00,filename,C:\Users\brady\OneDrive\Desktop\nfl-tools\player_props\data\raw\projections\pff\2026\week_01\snapshots\08_04_26_1100projections.csv,NE,,298,recvYds
Jack Westover,jack westover,NE,RB,2026,1,pff,player_receptions,0.1368,2026-08-04T11:00:00-04:00,filename,C:\Users\brady\OneDrive\Desktop\nfl-tools\player_props\data\raw\projections\pff\2026\week_01\snapshots\08_04_26_1100projections.csv,NE,,298,recvReceptions
Max Bredeson,max bredeson,MIN,RB,2026,1,pff,player_rush_yds,0.403,2026-08-04T11:00:00-04:00,filename,C:\Users\brady\OneDrive\Desktop\nfl-tools\player_props\data\raw\projections\pff\2026\week_01\snapshots\08_04_26_1100projections.csv,MIN,,299,rushYds
Max Bredeson,max bredeson,MIN,RB,2026,1,pff,player_reception_yds,0.8851,2026-08-04T11:00:00-04:00,filename,C:\Users\brady\OneDrive\Desktop\nfl-tools\player_props\data\raw\projections\pff\2026\week_01\snapshots\08_04_26_1100projections.csv,MIN,,299,recvYds
Max Bredeson,max bredeson,MIN,RB,2026,1,pff,player_receptions,0.1307,2026-08-04T11:00:00-04:00,filename,C:\Users\brady\OneDrive\Desktop\nfl-tools\player_props\data\raw\projections\pff\2026\week_01\snapshots\08_04_26_1100projections.csv,MIN,,299,recvReceptions
Kirk Cousins,kirk cousins,LV,QB,2026,1,pff,player_pass_yds,167.4236,2026-08-04T11:00:00-04:00,filename,C:\Users\brady\OneDrive\Desktop\nfl-tools\player_props\data\raw\projections\pff\2026\week_01\snapshots\08_04_26_1100projections.csv,LV,,300,passYds
Kirk Cousins,kirk cousins,LV,QB,2026,1,pff,player_rush_yds,2.4128,2026-08-04T11:00:00-04:00,filename,C:\Users\brady\OneDrive\Desktop\nfl-tools\player_props\data\raw\projections\pff\2026\week_01\snapshots\08_04_26_1100projections.csv,LV,,300,rushYds
Kalif Raymond,kalif raymond,CHI,WR,2026,1,pff,player_rush_yds,0.8019,2026-08-04T11:00:00-04:00,filename,C:\Users\brady\OneDrive\Desktop\nfl-tools\player_props\data\raw\projections\pff\2026\week_01\snapshots\08_04_26_1100projections.csv,CHI,,301,rushYds
Kalif Raymond,kalif raymond,CHI,WR,2026,1,pff,player_reception_yds,15.8011,2026-08-04T11:00:00-04:00,filename,C:\Users\brady\OneDrive\Desktop\nfl-tools\player_props\data\raw\projections\pff\2026\week_01\snapshots\08_04_26_1100projections.csv,CHI,,301,recvYds
Kalif Raymond,kalif raymond,CHI,WR,2026,1,pff,player_receptions,1.4396,2026-08-04T11:00:00-04:00,filename,C:\Users\brady\OneDrive\Desktop\nfl-tools\player_props\data\raw\projections\pff\2026\week_01\snapshots\08_04_26_1100projections.csv,CHI,,301,recvReceptions
Alec Ingold,alec ingold,LAC,RB,2026,1,pff,player_rush_yds,1.5702,2026-08-04T11:00:00-04:00,filename,C:\Users\brady\OneDrive\Desktop\nfl-tools\player_props\data\raw\projections\pff\2026\week_01\snapshots\08_04_26_1100projections.csv,LAC,,302,rushYds
Alec Ingold,alec ingold,LAC,RB,2026,1,pff,player_reception_yds,0.0,2026-08-04T11:00:00-04:00,filename,C:\Users\brady\OneDrive\Desktop\nfl-tools\player_props\data\raw\projections\pff\2026\week_01\snapshots\08_04_26_1100projections.csv,LAC,,302,recvYds
Alec Ingold,alec ingold,LAC,RB,2026,1,pff,player_receptions,0.0,2026-08-04T11:00:00-04:00,filename,C:\Users\brady\OneDrive\Desktop\nfl-tools\player_props\data\raw\projections\pff\2026\week_01\snapshots\08_04_26_1100projections.csv,LAC,,302,recvReceptions
AJ Dillon,aj dillon,CAR,RB,2026,1,pff,player_rush_yds,1.1022,2026-08-04T11:00:00-04:00,filename,C:\Users\brady\OneDrive\Desktop\nfl-tools\player_props\data\raw\projections\pff\2026\week_01\snapshots\08_04_26_1100projections.csv,CAR,,303,rushYds
AJ Dillon,aj dillon,CAR,RB,2026,1,pff,player_reception_yds,0.179,2026-08-04T11:00:00-04:00,filename,C:\Users\brady\OneDrive\Desktop\nfl-tools\player_props\data\raw\projections\pff\2026\week_01\snapshots\08_04_26_1100projections.csv,CAR,,303,recvYds
AJ Dillon,aj dillon,CAR,RB,2026,1,pff,player_receptions,0.0259,2026-08-04T11:00:00-04:00,filename,C:\Users\brady\OneDrive\Desktop\nfl-tools\player_props\data\raw\projections\pff\2026\week_01\snapshots\08_04_26_1100projections.csv,CAR,,303,recvReceptions
Michael Carter,michael carter,TEN,RB,2026,1,pff,player_rush_yds,0.6985,2026-08-04T11:00:00-04:00,filename,C:\Users\brady\OneDrive\Desktop\nfl-tools\player_props\data\raw\projections\pff\2026\week_01\snapshots\08_04_26_1100projections.csv,TEN,,304,rushYds
Michael Carter,michael carter,TEN,RB,2026,1,pff,player_reception_yds,0.3396,2026-08-04T11:00:00-04:00,filename,C:\Users\brady\OneDrive\Desktop\nfl-tools\player_props\data\raw\projections\pff\2026\week_01\snapshots\08_04_26_1100projections.csv,TEN,,304,recvYds
Michael Carter,michael carter,TEN,RB,2026,1,pff,player_receptions,0.0497,2026-08-04T11:00:00-04:00,filename,C:\Users\brady\OneDrive\Desktop\nfl-tools\player_props\data\raw\projections\pff\2026\week_01\snapshots\08_04_26_1100projections.csv,TEN,,304,recvReceptions
Robbie Ouzts,robbie ouzts,SEA,RB,2026,1,pff,player_rush_yds,0.1112,2026-08-04T11:00:00-04:00,filename,C:\Users\brady\OneDrive\Desktop\nfl-tools\player_props\data\raw\projections\pff\2026\week_01\snapshots\08_04_26_1100projections.csv,SEA,,305,rushYds
Robbie Ouzts,robbie ouzts,SEA,RB,2026,1,pff,player_reception_yds,0.7204,2026-08-04T11:00:00-04:00,filename,C:\Users\brady\OneDrive\Desktop\nfl-tools\player_props\data\raw\projections\pff\2026\week_01\snapshots\08_04_26_1100projections.csv,SEA,,305,recvYds
Robbie Ouzts,robbie ouzts,SEA,RB,2026,1,pff,player_receptions,0.1055,2026-08-04T11:00:00-04:00,filename,C:\Users\brady\OneDrive\Desktop\nfl-tools\player_props\data\raw\projections\pff\2026\week_01\snapshots\08_04_26_1100projections.csv,SEA,,305,recvReceptions
Marvin Mims Jr.,marvin mims,DEN,WR,2026,1,pff,player_rush_yds,3.5276,2026-08-04T11:00:00-04:00,filename,C:\Users\brady\OneDrive\Desktop\nfl-tools\player_props\data\raw\projections\pff\2026\week_01\snapshots\08_04_26_1100projections.csv,DEN,,306,rushYds
Marvin Mims Jr.,marvin mims,DEN,WR,2026,1,pff,player_reception_yds,13.6244,2026-08-04T11:00:00-04:00,filename,C:\Users\brady\OneDrive\Desktop\nfl-tools\player_props\data\raw\projections\pff\2026\week_01\snapshots\08_04_26_1100projections.csv,DEN,,306,recvYds
Marvin Mims Jr.,marvin mims,DEN,WR,2026,1,pff,player_receptions,1.202,2026-08-04T11:00:00-04:00,filename,C:\Users\brady\OneDrive\Desktop\nfl-tools\player_props\data\raw\projections\pff\2026\week_01\snapshots\08_04_26_1100projections.csv,DEN,,306,recvReceptions
Brady Russell,brady russell,SEA,RB,2026,1,pff,player_rush_yds,0.1112,2026-08-04T11:00:00-04:00,filename,C:\Users\brady\OneDrive\Desktop\nfl-tools\player_props\data\raw\projections\pff\2026\week_01\snapshots\08_04_26_1100projections.csv,SEA,,307,rushYds
Brady Russell,brady russell,SEA,RB,2026,1,pff,player_reception_yds,0.3602,2026-08-04T11:00:00-04:00,filename,C:\Users\brady\OneDrive\Desktop\nfl-tools\player_props\data\raw\projections\pff\2026\week_01\snapshots\08_04_26_1100projections.csv,SEA,,307,recvYds
Brady Russell,brady russell,SEA,RB,2026,1,pff,player_receptions,0.0528,2026-08-04T11:00:00-04:00,filename,C:\Users\brady\OneDrive\Desktop\nfl-tools\player_props\data\raw\projections\pff\2026\week_01\snapshots\08_04_26_1100projections.csv,SEA,,307,recvReceptions
Ben VanSumeren,ben vansumeren,BUF,RB,2026,1,pff,player_rush_yds,0.4341,2026-08-04T11:00:00-04:00,filename,C:\Users\brady\OneDrive\Desktop\nfl-tools\player_props\data\raw\projections\pff\2026\week_01\snapshots\08_04_26_1100projections.csv,BUF,,308,rushYds
Ben VanSumeren,ben vansumeren,BUF,RB,2026,1,pff,player_reception_yds,0.0,2026-08-04T11:00:00-04:00,filename,C:\Users\brady\OneDrive\Desktop\nfl-tools\player_props\data\raw\projections\pff\2026\week_01\snapshots\08_04_26_1100projections.csv,BUF,,308,recvYds
Ben VanSumeren,ben vansumeren,BUF,RB,2026,1,pff,player_receptions,0.0,2026-08-04T11:00:00-04:00,filename,C:\Users\brady\OneDrive\Desktop\nfl-tools\player_props\data\raw\projections\pff\2026\week_01\snapshots\08_04_26_1100projections.csv,BUF,,308,recvReceptions
Kene Nwangwu,kene nwangwu,NYJ,RB,2026,1,pff,player_rush_yds,0.0,2026-08-04T11:00:00-04:00,filename,C:\Users\brady\OneDrive\Desktop\nfl-tools\player_props\data\raw\projections\pff\2026\week_01\snapshots\08_04_26_1100projections.csv,NYJ,,309,rushYds
Kene Nwangwu,kene nwangwu,NYJ,RB,2026,1,pff,player_reception_yds,0.0,2026-08-04T11:00:00-04:00,filename,C:\Users\brady\OneDrive\Desktop\nfl-tools\player_props\data\raw\projections\pff\2026\week_01\snapshots\08_04_26_1100projections.csv,NYJ,,309,recvYds
Kene Nwangwu,kene nwangwu,NYJ,RB,2026,1,pff,player_receptions,0.0,2026-08-04T11:00:00-04:00,filename,C:\Users\brady\OneDrive\Desktop\nfl-tools\player_props\data\raw\projections\pff\2026\week_01\snapshots\08_04_26_1100projections.csv,NYJ,,309,recvReceptions
Reggie Gilliam,reggie gilliam,NE,RB,2026,1,pff,player_rush_yds,0.268,2026-08-04T11:00:00-04:00,filename,C:\Users\brady\OneDrive\Desktop\nfl-tools\player_props\data\raw\projections\pff\2026\week_01\snapshots\08_04_26_1100projections.csv,NE,,310,rushYds
Reggie Gilliam,reggie gilliam,NE,RB,2026,1,pff,player_reception_yds,0.0,2026-08-04T11:00:00-04:00,filename,C:\Users\brady\OneDrive\Desktop\nfl-tools\player_props\data\raw\projections\pff\2026\week_01\snapshots\08_04_26_1100projections.csv,NE,,310,recvYds
Reggie Gilliam,reggie gilliam,NE,RB,2026,1,pff,player_receptions,0.0,2026-08-04T11:00:00-04:00,filename,C:\Users\brady\OneDrive\Desktop\nfl-tools\player_props\data\raw\projections\pff\2026\week_01\snapshots\08_04_26_1100projections.csv,NE,,310,recvReceptions
Andrew Beck,andrew beck,NYJ,RB,2026,1,pff,player_rush_yds,0.1957,2026-08-04T11:00:00-04:00,filename,C:\Users\brady\OneDrive\Desktop\nfl-tools\player_props\data\raw\projections\pff\2026\week_01\snapshots\08_04_26_1100projections.csv,NYJ,,311,rushYds
Andrew Beck,andrew beck,NYJ,RB,2026,1,pff,player_reception_yds,0.0,2026-08-04T11:00:00-04:00,filename,C:\Users\brady\OneDrive\Desktop\nfl-tools\player_props\data\raw\projections\pff\2026\week_01\snapshots\08_04_26_1100projections.csv,NYJ,,311,recvYds
Andrew Beck,andrew beck,NYJ,RB,2026,1,pff,player_receptions,0.0,2026-08-04T11:00:00-04:00,filename,C:\Users\brady\OneDrive\Desktop\nfl-tools\player_props\data\raw\projections\pff\2026\week_01\snapshots\08_04_26_1100projections.csv,NYJ,,311,recvReceptions
Isaac Guerendo,isaac guerendo,SF,RB,2026,1,pff,player_rush_yds,0.0,2026-08-04T11:00:00-04:00,filename,C:\Users\brady\OneDrive\Desktop\nfl-tools\player_props\data\raw\projections\pff\2026\week_01\snapshots\08_04_26_1100projections.csv,SF,,312,rushYds
Isaac Guerendo,isaac guerendo,SF,RB,2026,1,pff,player_reception_yds,0.0,2026-08-04T11:00:00-04:00,filename,C:\Users\brady\OneDrive\Desktop\nfl-tools\player_props\data\raw\projections\pff\2026\week_01\snapshots\08_04_26_1100projections.csv,SF,,312,recvYds
Isaac Guerendo,isaac guerendo,SF,RB,2026,1,pff,player_receptions,0.0,2026-08-04T11:00:00-04:00,filename,C:\Users\brady\OneDrive\Desktop\nfl-tools\player_props\data\raw\projections\pff\2026\week_01\snapshots\08_04_26_1100projections.csv,SF,,312,recvReceptions
Jacob Saylors,jacob saylors,DET,RB,2026,1,pff,player_rush_yds,0.0,2026-08-04T11:00:00-04:00,filename,C:\Users\brady\OneDrive\Desktop\nfl-tools\player_props\data\raw\projections\pff\2026\week_01\snapshots\08_04_26_1100projections.csv,DET,,313,rushYds
Jacob Saylors,jacob saylors,DET,RB,2026,1,pff,player_reception_yds,0.0,2026-08-04T11:00:00-04:00,filename,C:\Users\brady\OneDrive\Desktop\nfl-tools\player_props\data\raw\projections\pff\2026\week_01\snapshots\08_04_26_1100projections.csv,DET,,313,recvYds
Jacob Saylors,jacob saylors,DET,RB,2026,1,pff,player_receptions,0.0,2026-08-04T11:00:00-04:00,filename,C:\Users\brady\OneDrive\Desktop\nfl-tools\player_props\data\raw\projections\pff\2026\week_01\snapshots\08_04_26_1100projections.csv,DET,,313,recvReceptions
Elijah Sarratt,elijah sarratt,BAL,WR,2026,1,pff,player_reception_yds,14.7231,2026-08-04T11:00:00-04:00,filename,C:\Users\brady\OneDrive\Desktop\nfl-tools\player_props\data\raw\projections\pff\2026\week_01\snapshots\08_04_26_1100projections.csv,BLT,,314,recvYds
Elijah Sarratt,elijah sarratt,BAL,WR,2026,1,pff,player_receptions,1.1776,2026-08-04T11:00:00-04:00,filename,C:\Users\brady\OneDrive\Desktop\nfl-tools\player_props\data\raw\projections\pff\2026\week_01\snapshots\08_04_26_1100projections.csv,BLT,,314,recvReceptions
Austin Hooper,austin hooper,ATL,TE,2026,1,pff,player_reception_yds,10.4166,2026-08-04T11:00:00-04:00,filename,C:\Users\brady\OneDrive\Desktop\nfl-tools\player_props\data\raw\projections\pff\2026\week_01\snapshots\08_04_26_1100projections.csv,ATL,,315,recvYds
Austin Hooper,austin hooper,ATL,TE,2026,1,pff,player_receptions,1.0597,2026-08-04T11:00:00-04:00,filename,C:\Users\brady\OneDrive\Desktop\nfl-tools\player_props\data\raw\projections\pff\2026\week_01\snapshots\08_04_26_1100projections.csv,ATL,,315,recvReceptions
Nick Westbrook-Ikhine,nick westbrookikhine,IND,WR,2026,1,pff,player_reception_yds,13.963,2026-08-04T11:00:00-04:00,filename,C:\Users\brady\OneDrive\Desktop\nfl-tools\player_props\data\raw\projections\pff\2026\week_01\snapshots\08_04_26_1100projections.csv,IND,,316,recvYds
Nick Westbrook-Ikhine,nick westbrookikhine,IND,WR,2026,1,pff,player_receptions,1.2681,2026-08-04T11:00:00-04:00,filename,C:\Users\brady\OneDrive\Desktop\nfl-tools\player_props\data\raw\projections\pff\2026\week_01\snapshots\08_04_26_1100projections.csv,IND,,316,recvReceptions
Savion Williams,savion williams,GB,WR,2026,1,pff,player_rush_yds,4.189,2026-08-04T11:00:00-04:00,filename,C:\Users\brady\OneDrive\Desktop\nfl-tools\player_props\data\raw\projections\pff\2026\week_01\snapshots\08_04_26_1100projections.csv,GB,,317,rushYds
Savion Williams,savion williams,GB,WR,2026,1,pff,player_reception_yds,11.206,2026-08-04T11:00:00-04:00,filename,C:\Users\brady\OneDrive\Desktop\nfl-tools\player_props\data\raw\projections\pff\2026\week_01\snapshots\08_04_26_1100projections.csv,GB,,317,recvYds
Savion Williams,savion williams,GB,WR,2026,1,pff,player_receptions,1.0769,2026-08-04T11:00:00-04:00,filename,C:\Users\brady\OneDrive\Desktop\nfl-tools\player_props\data\raw\projections\pff\2026\week_01\snapshots\08_04_26_1100projections.csv,GB,,317,recvReceptions
Jack Stoll,jack stoll,CLE,TE,2026,1,pff,player_reception_yds,9.8139,2026-08-04T11:00:00-04:00,filename,C:\Users\brady\OneDrive\Desktop\nfl-tools\player_props\data\raw\projections\pff\2026\week_01\snapshots\08_04_26_1100projections.csv,CLV,,318,recvYds
Jack Stoll,jack stoll,CLE,TE,2026,1,pff,player_receptions,1.1168,2026-08-04T11:00:00-04:00,filename,C:\Users\brady\OneDrive\Desktop\nfl-tools\player_props\data\raw\projections\pff\2026\week_01\snapshots\08_04_26_1100projections.csv,CLV,,318,recvReceptions
Will Kacmarek,will kacmarek,MIA,TE,2026,1,pff,player_reception_yds,10.5139,2026-08-04T11:00:00-04:00,filename,C:\Users\brady\OneDrive\Desktop\nfl-tools\player_props\data\raw\projections\pff\2026\week_01\snapshots\08_04_26_1100projections.csv,MIA,,319,recvYds
Will Kacmarek,will kacmarek,MIA,TE,2026,1,pff,player_receptions,1.0356,2026-08-04T11:00:00-04:00,filename,C:\Users\brady\OneDrive\Desktop\nfl-tools\player_props\data\raw\projections\pff\2026\week_01\snapshots\08_04_26_1100projections.csv,MIA,,319,recvReceptions
Dyami Brown,dyami brown,WSH,WR,2026,1,pff,player_reception_yds,14.1756,2026-08-04T11:00:00-04:00,filename,C:\Users\brady\OneDrive\Desktop\nfl-tools\player_props\data\raw\projections\pff\2026\week_01\snapshots\08_04_26_1100projections.csv,WAS,,320,recvYds
Dyami Brown,dyami brown,WSH,WR,2026,1,pff,player_receptions,1.157,2026-08-04T11:00:00-04:00,filename,C:\Users\brady\OneDrive\Desktop\nfl-tools\player_props\data\raw\projections\pff\2026\week_01\snapshots\08_04_26_1100projections.csv,WAS,,320,recvReceptions
Xavier Hutchinson,xavier hutchinson,HOU,WR,2026,1,pff,player_rush_yds,0.4264,2026-08-04T11:00:00-04:00,filename,C:\Users\brady\OneDrive\Desktop\nfl-tools\player_props\data\raw\projections\pff\2026\week_01\snapshots\08_04_26_1100projections.csv,HST,,321,rushYds
Xavier Hutchinson,xavier hutchinson,HOU,WR,2026,1,pff,player_reception_yds,13.7091,2026-08-04T11:00:00-04:00,filename,C:\Users\brady\OneDrive\Desktop\nfl-tools\player_props\data\raw\projections\pff\2026\week_01\snapshots\08_04_26_1100projections.csv,HST,,321,recvYds
Xavier Hutchinson,xavier hutchinson,HOU,WR,2026,1,pff,player_receptions,1.1913,2026-08-04T11:00:00-04:00,filename,C:\Users\brady\OneDrive\Desktop\nfl-tools\player_props\data\raw\projections\pff\2026\week_01\snapshots\08_04_26_1100projections.csv,HST,,321,recvReceptions
Tory Horton,tory horton,SEA,WR,2026,1,pff,player_reception_yds,13.8932,2026-08-04T11:00:00-04:00,filename,C:\Users\brady\OneDrive\Desktop\nfl-tools\player_props\data\raw\projections\pff\2026\week_01\snapshots\08_04_26_1100projections.csv,SEA,,322,recvYds
Tory Horton,tory horton,SEA,WR,2026,1,pff,player_receptions,1.0891,2026-08-04T11:00:00-04:00,filename,C:\Users\brady\OneDrive\Desktop\nfl-tools\player_props\data\raw\projections\pff\2026\week_01\snapshots\08_04_26_1100projections.csv,SEA,,322,recvReceptions
Drew Sample,drew sample,CIN,TE,2026,1,pff,player_reception_yds,8.9372,2026-08-04T11:00:00-04:00,filename,C:\Users\brady\OneDrive\Desktop\nfl-tools\player_props\data\raw\projections\pff\2026\week_01\snapshots\08_04_26_1100projections.csv,CIN,,323,recvYds
Drew Sample,drew sample,CIN,TE,2026,1,pff,player_receptions,1.0943,2026-08-04T11:00:00-04:00,filename,C:\Users\brady\OneDrive\Desktop\nfl-tools\player_props\data\raw\projections\pff\2026\week_01\snapshots\08_04_26_1100projections.csv,CIN,,323,recvReceptions
Luke Schoonmaker,luke schoonmaker,DAL,TE,2026,1,pff,player_reception_yds,9.4492,2026-08-04T11:00:00-04:00,filename,C:\Users\brady\OneDrive\Desktop\nfl-tools\player_props\data\raw\projections\pff\2026\week_01\snapshots\08_04_26_1100projections.csv,DAL,,324,recvYds
Luke Schoonmaker,luke schoonmaker,DAL,TE,2026,1,pff,player_receptions,1.0128,2026-08-04T11:00:00-04:00,filename,C:\Users\brady\OneDrive\Desktop\nfl-tools\player_props\data\raw\projections\pff\2026\week_01\snapshots\08_04_26_1100projections.csv,DAL,,324,recvReceptions
Cade Stover,cade stover,HOU,TE,2026,1,pff,player_rush_yds,0.8527,2026-08-04T11:00:00-04:00,filename,C:\Users\brady\OneDrive\Desktop\nfl-tools\player_props\data\raw\projections\pff\2026\week_01\snapshots\08_04_26_1100projections.csv,HST,,325,rushYds
Cade Stover,cade stover,HOU,TE,2026,1,pff,player_reception_yds,8.7124,2026-08-04T11:00:00-04:00,filename,C:\Users\brady\OneDrive\Desktop\nfl-tools\player_props\data\raw\projections\pff\2026\week_01\snapshots\08_04_26_1100projections.csv,HST,,325,recvYds
Cade Stover,cade stover,HOU,TE,2026,1,pff,player_receptions,1.0081,2026-08-04T11:00:00-04:00,filename,C:\Users\brady\OneDrive\Desktop\nfl-tools\player_props\data\raw\projections\pff\2026\week_01\snapshots\08_04_26_1100projections.csv,HST,,325,recvReceptions
Jackson Hawes,jackson hawes,BUF,TE,2026,1,pff,player_reception_yds,9.4993,2026-08-04T11:00:00-04:00,filename,C:\Users\brady\OneDrive\Desktop\nfl-tools\player_props\data\raw\projections\pff\2026\week_01\snapshots\08_04_26_1100projections.csv,BUF,,326,recvYds
Jackson Hawes,jackson hawes,BUF,TE,2026,1,pff,player_receptions,0.9733,2026-08-04T11:00:00-04:00,filename,C:\Users\brady\OneDrive\Desktop\nfl-tools\player_props\data\raw\projections\pff\2026\week_01\snapshots\08_04_26_1100projections.csv,BUF,,326,recvReceptions
Roman Wilson,roman wilson,PIT,WR,2026,1,pff,player_reception_yds,13.2941,2026-08-04T11:00:00-04:00,filename,C:\Users\brady\OneDrive\Desktop\nfl-tools\player_props\data\raw\projections\pff\2026\week_01\snapshots\08_04_26_1100projections.csv,PIT,,327,recvYds
Roman Wilson,roman wilson,PIT,WR,2026,1,pff,player_receptions,1.0719,2026-08-04T11:00:00-04:00,filename,C:\Users\brady\OneDrive\Desktop\nfl-tools\player_props\data\raw\projections\pff\2026\week_01\snapshots\08_04_26_1100projections.csv,PIT,,327,recvReceptions
Bryce Lance,bryce lance,NO,WR,2026,1,pff,player_reception_yds,13.6,2026-08-04T11:00:00-04:00,filename,C:\Users\brady\OneDrive\Desktop\nfl-tools\player_props\data\raw\projections\pff\2026\week_01\snapshots\08_04_26_1100projections.csv,NO,,328,recvYds
Bryce Lance,bryce lance,NO,WR,2026,1,pff,player_receptions,1.1506,2026-08-04T11:00:00-04:00,filename,C:\Users\brady\OneDrive\Desktop\nfl-tools\player_props\data\raw\projections\pff\2026\week_01\snapshots\08_04_26_1100projections.csv,NO,,328,recvReceptions
Matthew Hibner,matthew hibner,BAL,TE,2026,1,pff,player_reception_yds,9.2091,2026-08-04T11:00:00-04:00,filename,C:\Users\brady\OneDrive\Desktop\nfl-tools\player_props\data\raw\projections\pff\2026\week_01\snapshots\08_04_26_1100projections.csv,BLT,,329,recvYds
Matthew Hibner,matthew hibner,BAL,TE,2026,1,pff,player_receptions,0.9194,2026-08-04T11:00:00-04:00,filename,C:\Users\brady\OneDrive\Desktop\nfl-tools\player_props\data\raw\projections\pff\2026\week_01\snapshots\08_04_26_1100projections.csv,BLT,,329,recvReceptions
Sam Roush,sam roush,CHI,TE,2026,1,pff,player_reception_yds,9.2049,2026-08-04T11:00:00-04:00,filename,C:\Users\brady\OneDrive\Desktop\nfl-tools\player_props\data\raw\projections\pff\2026\week_01\snapshots\08_04_26_1100projections.csv,CHI,,330,recvYds
Sam Roush,sam roush,CHI,TE,2026,1,pff,player_receptions,0.9624,2026-08-04T11:00:00-04:00,filename,C:\Users\brady\OneDrive\Desktop\nfl-tools\player_props\data\raw\projections\pff\2026\week_01\snapshots\08_04_26_1100projections.csv,CHI,,330,recvReceptions
Max Klare,max klare,LAR,TE,2026,1,pff,player_reception_yds,9.5229,2026-08-04T11:00:00-04:00,filename,C:\Users\brady\OneDrive\Desktop\nfl-tools\player_props\data\raw\projections\pff\2026\week_01\snapshots\08_04_26_1100projections.csv,LA,,331,recvYds
Max Klare,max klare,LAR,TE,2026,1,pff,player_receptions,0.9234,2026-08-04T11:00:00-04:00,filename,C:\Users\brady\OneDrive\Desktop\nfl-tools\player_props\data\raw\projections\pff\2026\week_01\snapshots\08_04_26_1100projections.csv,LA,,331,recvReceptions
Mack Hollins,mack hollins,NE,WR,2026,1,pff,player_rush_yds,0.1301,2026-08-04T11:00:00-04:00,filename,C:\Users\brady\OneDrive\Desktop\nfl-tools\player_props\data\raw\projections\pff\2026\week_01\snapshots\08_04_26_1100projections.csv,NE,,332,rushYds
Mack Hollins,mack hollins,NE,WR,2026,1,pff,player_reception_yds,13.2479,2026-08-04T11:00:00-04:00,filename,C:\Users\brady\OneDrive\Desktop\nfl-tools\player_props\data\raw\projections\pff\2026\week_01\snapshots\08_04_26_1100projections.csv,NE,,332,recvYds
Mack Hollins,mack hollins,NE,WR,2026,1,pff,player_receptions,1.0284,2026-08-04T11:00:00-04:00,filename,C:\Users\brady\OneDrive\Desktop\nfl-tools\player_props\data\raw\projections\pff\2026\week_01\snapshots\08_04_26_1100projections.csv,NE,,332,recvReceptions
John Bates,john bates,WSH,TE,2026,1,pff,player_reception_yds,8.6424,2026-08-04T11:00:00-04:00,filename,C:\Users\brady\OneDrive\Desktop\nfl-tools\player_props\data\raw\projections\pff\2026\week_01\snapshots\08_04_26_1100projections.csv,WAS,,333,recvYds
John Bates,john bates,WSH,TE,2026,1,pff,player_receptions,0.9361,2026-08-04T11:00:00-04:00,filename,C:\Users\brady\OneDrive\Desktop\nfl-tools\player_props\data\raw\projections\pff\2026\week_01\snapshots\08_04_26_1100projections.csv,WAS,,333,recvReceptions
Josh Oliver,josh oliver,MIN,TE,2026,1,pff,player_reception_yds,8.1245,2026-08-04T11:00:00-04:00,filename,C:\Users\brady\OneDrive\Desktop\nfl-tools\player_props\data\raw\projections\pff\2026\week_01\snapshots\08_04_26_1100projections.csv,MIN,,334,recvYds
Josh Oliver,josh oliver,MIN,TE,2026,1,pff,player_receptions,0.9222,2026-08-04T11:00:00-04:00,filename,C:\Users\brady\OneDrive\Desktop\nfl-tools\player_props\data\raw\projections\pff\2026\week_01\snapshots\08_04_26_1100projections.csv,MIN,,334,recvReceptions
Elijah Higgins,elijah higgins,ARI,TE,2026,1,pff,player_reception_yds,8.879,2026-08-04T11:00:00-04:00,filename,C:\Users\brady\OneDrive\Desktop\nfl-tools\player_props\data\raw\projections\pff\2026\week_01\snapshots\08_04_26_1100projections.csv,ARZ,,335,recvYds
Elijah Higgins,elijah higgins,ARI,TE,2026,1,pff,player_receptions,0.9942,2026-08-04T11:00:00-04:00,filename,C:\Users\brady\OneDrive\Desktop\nfl-tools\player_props\data\raw\projections\pff\2026\week_01\snapshots\08_04_26_1100projections.csv,ARZ,,335,recvReceptions
Adam Trautman,adam trautman,DEN,TE,2026,1,pff,player_reception_yds,8.5709,2026-08-04T11:00:00-04:00,filename,C:\Users\brady\OneDrive\Desktop\nfl-tools\player_props\data\raw\projections\pff\2026\week_01\snapshots\08_04_26_1100projections.csv,DEN,,336,recvYds
Adam Trautman,adam trautman,DEN,TE,2026,1,pff,player_receptions,0.9188,2026-08-04T11:00:00-04:00,filename,C:\Users\brady\OneDrive\Desktop\nfl-tools\player_props\data\raw\projections\pff\2026\week_01\snapshots\08_04_26_1100projections.csv,DEN,,336,recvReceptions
Ben Sinnott,ben sinnott,WSH,TE,2026,1,pff,player_reception_yds,8.7914,2026-08-04T11:00:00-04:00,filename,C:\Users\brady\OneDrive\Desktop\nfl-tools\player_props\data\raw\projections\pff\2026\week_01\snapshots\08_04_26_1100projections.csv,WAS,,337,recvYds
Ben Sinnott,ben sinnott,WSH,TE,2026,1,pff,player_receptions,0.942,2026-08-04T11:00:00-04:00,filename,C:\Users\brady\OneDrive\Desktop\nfl-tools\player_props\data\raw\projections\pff\2026\week_01\snapshots\08_04_26_1100projections.csv,WAS,,337,recvReceptions
Nate Boerkircher,nate boerkircher,JAX,TE,2026,1,pff,player_reception_yds,8.988,2026-08-04T11:00:00-04:00,filename,C:\Users\brady\OneDrive\Desktop\nfl-tools\player_props\data\raw\projections\pff\2026\week_01\snapshots\08_04_26_1100projections.csv,JAX,,338,recvYds
Nate Boerkircher,nate boerkircher,JAX,TE,2026,1,pff,player_receptions,0.9269,2026-08-04T11:00:00-04:00,filename,C:\Users\brady\OneDrive\Desktop\nfl-tools\player_props\data\raw\projections\pff\2026\week_01\snapshots\08_04_26_1100projections.csv,JAX,,338,recvReceptions
Eli Raridon,eli raridon,NE,TE,2026,1,pff,player_reception_yds,8.9311,2026-08-04T11:00:00-04:00,filename,C:\Users\brady\OneDrive\Desktop\nfl-tools\player_props\data\raw\projections\pff\2026\week_01\snapshots\08_04_26_1100projections.csv,NE,,339,recvYds
Eli Raridon,eli raridon,NE,TE,2026,1,pff,player_receptions,0.91,2026-08-04T11:00:00-04:00,filename,C:\Users\brady\OneDrive\Desktop\nfl-tools\player_props\data\raw\projections\pff\2026\week_01\snapshots\08_04_26_1100projections.csv,NE,,339,recvReceptions
Xavier Smith,xavier smith,LAR,WR,2026,1,pff,player_reception_yds,13.7745,2026-08-04T11:00:00-04:00,filename,C:\Users\brady\OneDrive\Desktop\nfl-tools\player_props\data\raw\projections\pff\2026\week_01\snapshots\08_04_26_1100projections.csv,LA,,340,recvYds
Xavier Smith,xavier smith,LAR,WR,2026,1,pff,player_receptions,1.0163,2026-08-04T11:00:00-04:00,filename,C:\Users\brady\OneDrive\Desktop\nfl-tools\player_props\data\raw\projections\pff\2026\week_01\snapshots\08_04_26_1100projections.csv,LA,,340,recvReceptions
Luke Farrell,luke farrell,SF,TE,2026,1,pff,player_reception_yds,8.3374,2026-08-04T11:00:00-04:00,filename,C:\Users\brady\OneDrive\Desktop\nfl-tools\player_props\data\raw\projections\pff\2026\week_01\snapshots\08_04_26_1100projections.csv,SF,,341,recvYds
Luke Farrell,luke farrell,SF,TE,2026,1,pff,player_receptions,0.8932,2026-08-04T11:00:00-04:00,filename,C:\Users\brady\OneDrive\Desktop\nfl-tools\player_props\data\raw\projections\pff\2026\week_01\snapshots\08_04_26_1100projections.csv,SF,,341,recvReceptions
Noah Fant,noah fant,NO,TE,2026,1,pff,player_reception_yds,8.2304,2026-08-04T11:00:00-04:00,filename,C:\Users\brady\OneDrive\Desktop\nfl-tools\player_props\data\raw\projections\pff\2026\week_01\snapshots\08_04_26_1100projections.csv,NO,,342,recvYds
Noah Fant,noah fant,NO,TE,2026,1,pff,player_receptions,0.9123,2026-08-04T11:00:00-04:00,filename,C:\Users\brady\OneDrive\Desktop\nfl-tools\player_props\data\raw\projections\pff\2026\week_01\snapshots\08_04_26_1100projections.csv,NO,,342,recvReceptions
Tanner Hudson,tanner hudson,CIN,TE,2026,1,pff,player_reception_yds,8.0654,2026-08-04T11:00:00-04:00,filename,C:\Users\brady\OneDrive\Desktop\nfl-tools\player_props\data\raw\projections\pff\2026\week_01\snapshots\08_04_26_1100projections.csv,CIN,,343,recvYds
Tanner Hudson,tanner hudson,CIN,TE,2026,1,pff,player_receptions,0.8738,2026-08-04T11:00:00-04:00,filename,C:\Users\brady\OneDrive\Desktop\nfl-tools\player_props\data\raw\projections\pff\2026\week_01\snapshots\08_04_26_1100projections.csv,CIN,,343,recvReceptions
Jeremy Ruckert,jeremy ruckert,NYJ,TE,2026,1,pff,player_reception_yds,7.9999,2026-08-04T11:00:00-04:00,filename,C:\Users\brady\OneDrive\Desktop\nfl-tools\player_props\data\raw\projections\pff\2026\week_01\snapshots\08_04_26_1100projections.csv,NYJ,,344,recvYds
Jeremy Ruckert,jeremy ruckert,NYJ,TE,2026,1,pff,player_receptions,0.9155,2026-08-04T11:00:00-04:00,filename,C:\Users\brady\OneDrive\Desktop\nfl-tools\player_props\data\raw\projections\pff\2026\week_01\snapshots\08_04_26_1100projections.csv,NYJ,,344,recvReceptions
Tip Reiman,tip reiman,ARI,TE,2026,1,pff,player_reception_yds,8.1977,2026-08-04T11:00:00-04:00,filename,C:\Users\brady\OneDrive\Desktop\nfl-tools\player_props\data\raw\projections\pff\2026\week_01\snapshots\08_04_26_1100projections.csv,ARZ,,345,recvYds
Tip Reiman,tip reiman,ARI,TE,2026,1,pff,player_receptions,0.9286,2026-08-04T11:00:00-04:00,filename,C:\Users\brady\OneDrive\Desktop\nfl-tools\player_props\data\raw\projections\pff\2026\week_01\snapshots\08_04_26_1100projections.csv,ARZ,,345,recvReceptions
Ben Sims,ben sims,MIA,TE,2026,1,pff,player_reception_yds,8.0226,2026-08-04T11:00:00-04:00,filename,C:\Users\brady\OneDrive\Desktop\nfl-tools\player_props\data\raw\projections\pff\2026\week_01\snapshots\08_04_26_1100projections.csv,MIA,,346,recvYds
Ben Sims,ben sims,MIA,TE,2026,1,pff,player_receptions,0.8291,2026-08-04T11:00:00-04:00,filename,C:\Users\brady\OneDrive\Desktop\nfl-tools\player_props\data\raw\projections\pff\2026\week_01\snapshots\08_04_26_1100projections.csv,MIA,,346,recvReceptions
Riley Nowakowski,riley nowakowski,PIT,TE,2026,1,pff,player_reception_yds,8.0072,2026-08-04T11:00:00-04:00,filename,C:\Users\brady\OneDrive\Desktop\nfl-tools\player_props\data\raw\projections\pff\2026\week_01\snapshots\08_04_26_1100projections.csv,PIT,,347,recvYds
Riley Nowakowski,riley nowakowski,PIT,TE,2026,1,pff,player_receptions,0.8254,2026-08-04T11:00:00-04:00,filename,C:\Users\brady\OneDrive\Desktop\nfl-tools\player_props\data\raw\projections\pff\2026\week_01\snapshots\08_04_26_1100projections.csv,PIT,,347,recvReceptions
Mitchell Evans,mitchell evans,CAR,TE,2026,1,pff,player_reception_yds,7.8514,2026-08-04T11:00:00-04:00,filename,C:\Users\brady\OneDrive\Desktop\nfl-tools\player_props\data\raw\projections\pff\2026\week_01\snapshots\08_04_26_1100projections.csv,CAR,,348,recvYds
Mitchell Evans,mitchell evans,CAR,TE,2026,1,pff,player_receptions,0.8744,2026-08-04T11:00:00-04:00,filename,C:\Users\brady\OneDrive\Desktop\nfl-tools\player_props\data\raw\projections\pff\2026\week_01\snapshots\08_04_26_1100projections.csv,CAR,,348,recvReceptions
Tanner Koziol,tanner koziol,JAX,TE,2026,1,pff,player_reception_yds,8.0662,2026-08-04T11:00:00-04:00,filename,C:\Users\brady\OneDrive\Desktop\nfl-tools\player_props\data\raw\projections\pff\2026\week_01\snapshots\08_04_26_1100projections.csv,JAX,,349,recvYds
Tanner Koziol,tanner koziol,JAX,TE,2026,1,pff,player_receptions,0.8318,2026-08-04T11:00:00-04:00,filename,C:\Users\brady\OneDrive\Desktop\nfl-tools\player_props\data\raw\projections\pff\2026\week_01\snapshots\08_04_26_1100projections.csv,JAX,,349,recvReceptions
Jordan Whittington,jordan whittington,LAR,WR,2026,1,pff,player_rush_yds,0.5927,2026-08-04T11:00:00-04:00,filename,C:\Users\brady\OneDrive\Desktop\nfl-tools\player_props\data\raw\projections\pff\2026\week_01\snapshots\08_04_26_1100projections.csv,LA,,350,rushYds
Jordan Whittington,jordan whittington,LAR,WR,2026,1,pff,player_reception_yds,11.3815,2026-08-04T11:00:00-04:00,filename,C:\Users\brady\OneDrive\Desktop\nfl-tools\player_props\data\raw\projections\pff\2026\week_01\snapshots\08_04_26_1100projections.csv,LA,,350,recvYds
Jordan Whittington,jordan whittington,LAR,WR,2026,1,pff,player_receptions,1.0307,2026-08-04T11:00:00-04:00,filename,C:\Users\brady\OneDrive\Desktop\nfl-tools\player_props\data\raw\projections\pff\2026\week_01\snapshots\08_04_26_1100projections.csv,LA,,350,recvReceptions
Cyrus Allen,cyrus allen,KC,WR,2026,1,pff,player_reception_yds,11.7988,2026-08-04T11:00:00-04:00,filename,C:\Users\brady\OneDrive\Desktop\nfl-tools\player_props\data\raw\projections\pff\2026\week_01\snapshots\08_04_26_1100projections.csv,KC,,351,recvYds
Cyrus Allen,cyrus allen,KC,WR,2026,1,pff,player_receptions,0.9598,2026-08-04T11:00:00-04:00,filename,C:\Users\brady\OneDrive\Desktop\nfl-tools\player_props\data\raw\projections\pff\2026\week_01\snapshots\08_04_26_1100projections.csv,KC,,351,recvReceptions
Mo Alie-Cox,mo aliecox,IND,TE,2026,1,pff,player_reception_yds,7.5402,2026-08-04T11:00:00-04:00,filename,C:\Users\brady\OneDrive\Desktop\nfl-tools\player_props\data\raw\projections\pff\2026\week_01\snapshots\08_04_26_1100projections.csv,IND,,352,recvYds
Mo Alie-Cox,mo aliecox,IND,TE,2026,1,pff,player_receptions,0.7851,2026-08-04T11:00:00-04:00,filename,C:\Users\brady\OneDrive\Desktop\nfl-tools\player_props\data\raw\projections\pff\2026\week_01\snapshots\08_04_26_1100projections.csv,IND,,352,recvReceptions
Payne Durham,payne durham,TB,TE,2026,1,pff,player_reception_yds,7.34,2026-08-04T11:00:00-04:00,filename,C:\Users\brady\OneDrive\Desktop\nfl-tools\player_props\data\raw\projections\pff\2026\week_01\snapshots\08_04_26_1100projections.csv,TB,,353,recvYds
Payne Durham,payne durham,TB,TE,2026,1,pff,player_receptions,0.7303,2026-08-04T11:00:00-04:00,filename,C:\Users\brady\OneDrive\Desktop\nfl-tools\player_props\data\raw\projections\pff\2026\week_01\snapshots\08_04_26_1100projections.csv,TB,,353,recvReceptions
Daniel Bellinger,daniel bellinger,TEN,TE,2026,1,pff,player_reception_yds,7.571,2026-08-04T11:00:00-04:00,filename,C:\Users\brady\OneDrive\Desktop\nfl-tools\player_props\data\raw\projections\pff\2026\week_01\snapshots\08_04_26_1100projections.csv,TEN,,354,recvYds
Daniel Bellinger,daniel bellinger,TEN,TE,2026,1,pff,player_receptions,0.8096,2026-08-04T11:00:00-04:00,filename,C:\Users\brady\OneDrive\Desktop\nfl-tools\player_props\data\raw\projections\pff\2026\week_01\snapshots\08_04_26_1100projections.csv,TEN,,354,recvReceptions
Devin Culp,devin culp,TB,TE,2026,1,pff,player_reception_yds,7.391,2026-08-04T11:00:00-04:00,filename,C:\Users\brady\OneDrive\Desktop\nfl-tools\player_props\data\raw\projections\pff\2026\week_01\snapshots\08_04_26_1100projections.csv,TB,,355,recvYds
Devin Culp,devin culp,TB,TE,2026,1,pff,player_receptions,0.7313,2026-08-04T11:00:00-04:00,filename,C:\Users\brady\OneDrive\Desktop\nfl-tools\player_props\data\raw\projections\pff\2026\week_01\snapshots\08_04_26_1100projections.csv,TB,,355,recvReceptions
Luke Musgrave,luke musgrave,GB,TE,2026,1,pff,player_reception_yds,7.685,2026-08-04T11:00:00-04:00,filename,C:\Users\brady\OneDrive\Desktop\nfl-tools\player_props\data\raw\projections\pff\2026\week_01\snapshots\08_04_26_1100projections.csv,GB,,356,recvYds
Luke Musgrave,luke musgrave,GB,TE,2026,1,pff,player_receptions,0.8051,2026-08-04T11:00:00-04:00,filename,C:\Users\brady\OneDrive\Desktop\nfl-tools\player_props\data\raw\projections\pff\2026\week_01\snapshots\08_04_26_1100projections.csv,GB,,356,recvReceptions
Demario Douglas,demario douglas,NE,WR,2026,1,pff,player_rush_yds,1.1683,2026-08-04T11:00:00-04:00,filename,C:\Users\brady\OneDrive\Desktop\nfl-tools\player_props\data\raw\projections\pff\2026\week_01\snapshots\08_04_26_1100projections.csv,NE,,357,rushYds
Demario Douglas,demario douglas,NE,WR,2026,1,pff,player_reception_yds,10.4405,2026-08-04T11:00:00-04:00,filename,C:\Users\brady\OneDrive\Desktop\nfl-tools\player_props\data\raw\projections\pff\2026\week_01\snapshots\08_04_26_1100projections.csv,NE,,357,recvYds
Demario Douglas,demario douglas,NE,WR,2026,1,pff,player_receptions,0.9236,2026-08-04T11:00:00-04:00,filename,C:\Users\brady\OneDrive\Desktop\nfl-tools\player_props\data\raw\projections\pff\2026\week_01\snapshots\08_04_26_1100projections.csv,NE,,357,recvReceptions
Tez Johnson,tez johnson,TB,WR,2026,1,pff,player_rush_yds,1.0038,2026-08-04T11:00:00-04:00,filename,C:\Users\brady\OneDrive\Desktop\nfl-tools\player_props\data\raw\projections\pff\2026\week_01\snapshots\08_04_26_1100projections.csv,TB,,358,rushYds
Tez Johnson,tez johnson,TB,WR,2026,1,pff,player_reception_yds,10.4141,2026-08-04T11:00:00-04:00,filename,C:\Users\brady\OneDrive\Desktop\nfl-tools\player_props\data\raw\projections\pff\2026\week_01\snapshots\08_04_26_1100projections.csv,TB,,358,recvYds
Tez Johnson,tez johnson,TB,WR,2026,1,pff,player_receptions,0.8286,2026-08-04T11:00:00-04:00,filename,C:\Users\brady\OneDrive\Desktop\nfl-tools\player_props\data\raw\projections\pff\2026\week_01\snapshots\08_04_26_1100projections.csv,TB,,358,recvReceptions
Joe Royer,joe royer,CLE,TE,2026,1,pff,player_reception_yds,7.3393,2026-08-04T11:00:00-04:00,filename,C:\Users\brady\OneDrive\Desktop\nfl-tools\player_props\data\raw\projections\pff\2026\week_01\snapshots\08_04_26_1100projections.csv,CLV,,359,recvYds
Joe Royer,joe royer,CLE,TE,2026,1,pff,player_receptions,0.7634,2026-08-04T11:00:00-04:00,filename,C:\Users\brady\OneDrive\Desktop\nfl-tools\player_props\data\raw\projections\pff\2026\week_01\snapshots\08_04_26_1100projections.csv,CLV,,359,recvReceptions
Josh Whyle,josh whyle,GB,TE,2026,1,pff,player_reception_yds,6.9331,2026-08-04T11:00:00-04:00,filename,C:\Users\brady\OneDrive\Desktop\nfl-tools\player_props\data\raw\projections\pff\2026\week_01\snapshots\08_04_26_1100projections.csv,GB,,360,recvYds
Josh Whyle,josh whyle,GB,TE,2026,1,pff,player_receptions,0.7431,2026-08-04T11:00:00-04:00,filename,C:\Users\brady\OneDrive\Desktop\nfl-tools\player_props\data\raw\projections\pff\2026\week_01\snapshots\08_04_26_1100projections.csv,GB,,360,recvReceptions
Brock Wright,brock wright,DET,TE,2026,1,pff,player_reception_yds,6.9706,2026-08-04T11:00:00-04:00,filename,C:\Users\brady\OneDrive\Desktop\nfl-tools\player_props\data\raw\projections\pff\2026\week_01\snapshots\08_04_26_1100projections.csv,DET,,361,recvYds
Brock Wright,brock wright,DET,TE,2026,1,pff,player_receptions,0.7987,2026-08-04T11:00:00-04:00,filename,C:\Users\brady\OneDrive\Desktop\nfl-tools\player_props\data\raw\projections\pff\2026\week_01\snapshots\08_04_26_1100projections.csv,DET,,361,recvReceptions
John Metchie III,john metchie,CAR,WR,2026,1,pff,player_reception_yds,9.7344,2026-08-04T11:00:00-04:00,filename,C:\Users\brady\OneDrive\Desktop\nfl-tools\player_props\data\raw\projections\pff\2026\week_01\snapshots\08_04_26_1100projections.csv,CAR,,362,recvYds
John Metchie III,john metchie,CAR,WR,2026,1,pff,player_receptions,1.0284,2026-08-04T11:00:00-04:00,filename,C:\Users\brady\OneDrive\Desktop\nfl-tools\player_props\data\raw\projections\pff\2026\week_01\snapshots\08_04_26_1100projections.csv,CAR,,362,recvReceptions
Mitchell Tinsley,mitchell tinsley,CIN,WR,2026,1,pff,player_reception_yds,10.2202,2026-08-04T11:00:00-04:00,filename,C:\Users\brady\OneDrive\Desktop\nfl-tools\player_props\data\raw\projections\pff\2026\week_01\snapshots\08_04_26_1100projections.csv,CIN,,363,recvYds
Mitchell Tinsley,mitchell tinsley,CIN,WR,2026,1,pff,player_receptions,0.8603,2026-08-04T11:00:00-04:00,filename,C:\Users\brady\OneDrive\Desktop\nfl-tools\player_props\data\raw\projections\pff\2026\week_01\snapshots\08_04_26_1100projections.csv,CIN,,363,recvReceptions
Tai Felton,tai felton,MIN,WR,2026,1,pff,player_reception_yds,10.5295,2026-08-04T11:00:00-04:00,filename,C:\Users\brady\OneDrive\Desktop\nfl-tools\player_props\data\raw\projections\pff\2026\week_01\snapshots\08_04_26_1100projections.csv,MIN,,364,recvYds
Tai Felton,tai felton,MIN,WR,2026,1,pff,player_receptions,0.9923,2026-08-04T11:00:00-04:00,filename,C:\Users\brady\OneDrive\Desktop\nfl-tools\player_props\data\raw\projections\pff\2026\week_01\snapshots\08_04_26_1100projections.csv,MIN,,364,recvReceptions
Jalen Royals,jalen royals,KC,WR,2026,1,pff,player_reception_yds,9.9361,2026-08-04T11:00:00-04:00,filename,C:\Users\brady\OneDrive\Desktop\nfl-tools\player_props\data\raw\projections\pff\2026\week_01\snapshots\08_04_26_1100projections.csv,KC,,365,recvYds
Jalen Royals,jalen royals,KC,WR,2026,1,pff,player_receptions,0.8714,2026-08-04T11:00:00-04:00,filename,C:\Users\brady\OneDrive\Desktop\nfl-tools\player_props\data\raw\projections\pff\2026\week_01\snapshots\08_04_26_1100projections.csv,KC,,365,recvReceptions
Brenen Thompson,brenen thompson,LAC,WR,2026,1,pff,player_rush_yds,0.3236,2026-08-04T11:00:00-04:00,filename,C:\Users\brady\OneDrive\Desktop\nfl-tools\player_props\data\raw\projections\pff\2026\week_01\snapshots\08_04_26_1100projections.csv,LAC,,366,rushYds
Brenen Thompson,brenen thompson,LAC,WR,2026,1,pff,player_reception_yds,10.3815,2026-08-04T11:00:00-04:00,filename,C:\Users\brady\OneDrive\Desktop\nfl-tools\player_props\data\raw\projections\pff\2026\week_01\snapshots\08_04_26_1100projections.csv,LAC,,366,recvYds
Brenen Thompson,brenen thompson,LAC,WR,2026,1,pff,player_receptions,0.8477,2026-08-04T11:00:00-04:00,filename,C:\Users\brady\OneDrive\Desktop\nfl-tools\player_props\data\raw\projections\pff\2026\week_01\snapshots\08_04_26_1100projections.csv,LAC,,366,recvReceptions
Connor Heyward,connor heyward,LV,TE,2026,1,pff,player_rush_yds,1.1015,2026-08-04T11:00:00-04:00,filename,C:\Users\brady\OneDrive\Desktop\nfl-tools\player_props\data\raw\projections\pff\2026\week_01\snapshots\08_04_26_1100projections.csv,LV,,367,rushYds
Connor Heyward,connor heyward,LV,TE,2026,1,pff,player_reception_yds,5.6611,2026-08-04T11:00:00-04:00,filename,C:\Users\brady\OneDrive\Desktop\nfl-tools\player_props\data\raw\projections\pff\2026\week_01\snapshots\08_04_26_1100projections.csv,LV,,367,recvYds
Connor Heyward,connor heyward,LV,TE,2026,1,pff,player_receptions,0.6011,2026-08-04T11:00:00-04:00,filename,C:\Users\brady\OneDrive\Desktop\nfl-tools\player_props\data\raw\projections\pff\2026\week_01\snapshots\08_04_26_1100projections.csv,LV,,367,recvReceptions
Justin Joly,justin joly,DEN,TE,2026,1,pff,player_reception_yds,6.6013,2026-08-04T11:00:00-04:00,filename,C:\Users\brady\OneDrive\Desktop\nfl-tools\player_props\data\raw\projections\pff\2026\week_01\snapshots\08_04_26_1100projections.csv,DEN,,368,recvYds
Justin Joly,justin joly,DEN,TE,2026,1,pff,player_receptions,0.6805,2026-08-04T11:00:00-04:00,filename,C:\Users\brady\OneDrive\Desktop\nfl-tools\player_props\data\raw\projections\pff\2026\week_01\snapshots\08_04_26_1100projections.csv,DEN,,368,recvReceptions
Keon Coleman,keon coleman,BUF,WR,2026,1,pff,player_reception_yds,10.1394,2026-08-04T11:00:00-04:00,filename,C:\Users\brady\OneDrive\Desktop\nfl-tools\player_props\data\raw\projections\pff\2026\week_01\snapshots\08_04_26_1100projections.csv,BUF,,369,recvYds
Keon Coleman,keon coleman,BUF,WR,2026,1,pff,player_receptions,0.774,2026-08-04T11:00:00-04:00,filename,C:\Users\brady\OneDrive\Desktop\nfl-tools\player_props\data\raw\projections\pff\2026\week_01\snapshots\08_04_26_1100projections.csv,BUF,,369,recvReceptions
Brevyn Spann-Ford,brevyn spannford,DAL,TE,2026,1,pff,player_reception_yds,6.0084,2026-08-04T11:00:00-04:00,filename,C:\Users\brady\OneDrive\Desktop\nfl-tools\player_props\data\raw\projections\pff\2026\week_01\snapshots\08_04_26_1100projections.csv,DAL,,370,recvYds
Brevyn Spann-Ford,brevyn spannford,DAL,TE,2026,1,pff,player_receptions,0.6335,2026-08-04T11:00:00-04:00,filename,C:\Users\brady\OneDrive\Desktop\nfl-tools\player_props\data\raw\projections\pff\2026\week_01\snapshots\08_04_26_1100projections.csv,DAL,,370,recvReceptions
Greg Dortch,greg dortch,DET,WR,2026,1,pff,player_rush_yds,2.3246,2026-08-04T11:00:00-04:00,filename,C:\Users\brady\OneDrive\Desktop\nfl-tools\player_props\data\raw\projections\pff\2026\week_01\snapshots\08_04_26_1100projections.csv,DET,,371,rushYds
Greg Dortch,greg dortch,DET,WR,2026,1,pff,player_reception_yds,6.9582,2026-08-04T11:00:00-04:00,filename,C:\Users\brady\OneDrive\Desktop\nfl-tools\player_props\data\raw\projections\pff\2026\week_01\snapshots\08_04_26_1100projections.csv,DET,,371,recvYds
Greg Dortch,greg dortch,DET,WR,2026,1,pff,player_receptions,0.7726,2026-08-04T11:00:00-04:00,filename,C:\Users\brady\OneDrive\Desktop\nfl-tools\player_props\data\raw\projections\pff\2026\week_01\snapshots\08_04_26_1100projections.csv,DET,,371,recvReceptions
Isaiah Williams,isaiah williams,NYJ,WR,2026,1,pff,player_rush_yds,0.566,2026-08-04T11:00:00-04:00,filename,C:\Users\brady\OneDrive\Desktop\nfl-tools\player_props\data\raw\projections\pff\2026\week_01\snapshots\08_04_26_1100projections.csv,NYJ,,372,rushYds
Isaiah Williams,isaiah williams,NYJ,WR,2026,1,pff,player_reception_yds,8.1741,2026-08-04T11:00:00-04:00,filename,C:\Users\brady\OneDrive\Desktop\nfl-tools\player_props\data\raw\projections\pff\2026\week_01\snapshots\08_04_26_1100projections.csv,NYJ,,372,recvYds
Isaiah Williams,isaiah williams,NYJ,WR,2026,1,pff,player_receptions,0.9096,2026-08-04T11:00:00-04:00,filename,C:\Users\brady\OneDrive\Desktop\nfl-tools\player_props\data\raw\projections\pff\2026\week_01\snapshots\08_04_26_1100projections.csv,NYJ,,372,recvReceptions
Skyler Bell,skyler bell,BUF,WR,2026,1,pff,player_reception_yds,9.6617,2026-08-04T11:00:00-04:00,filename,C:\Users\brady\OneDrive\Desktop\nfl-tools\player_props\data\raw\projections\pff\2026\week_01\snapshots\08_04_26_1100projections.csv,BUF,,373,recvYds
Skyler Bell,skyler bell,BUF,WR,2026,1,pff,player_receptions,0.7708,2026-08-04T11:00:00-04:00,filename,C:\Users\brady\OneDrive\Desktop\nfl-tools\player_props\data\raw\projections\pff\2026\week_01\snapshots\08_04_26_1100projections.csv,BUF,,373,recvReceptions
Dont'e Thornton Jr.,donte thornton,LV,WR,2026,1,pff,player_reception_yds,9.8753,2026-08-04T11:00:00-04:00,filename,C:\Users\brady\OneDrive\Desktop\nfl-tools\player_props\data\raw\projections\pff\2026\week_01\snapshots\08_04_26_1100projections.csv,LV,,374,recvYds
Dont'e Thornton Jr.,donte thornton,LV,WR,2026,1,pff,player_receptions,0.766,2026-08-04T11:00:00-04:00,filename,C:\Users\brady\OneDrive\Desktop\nfl-tools\player_props\data\raw\projections\pff\2026\week_01\snapshots\08_04_26_1100projections.csv,LV,,374,recvReceptions
Davis Allen,davis allen,LAR,TE,2026,1,pff,player_reception_yds,5.3815,2026-08-04T11:00:00-04:00,filename,C:\Users\brady\OneDrive\Desktop\nfl-tools\player_props\data\raw\projections\pff\2026\week_01\snapshots\08_04_26_1100projections.csv,LA,,375,recvYds
Davis Allen,davis allen,LAR,TE,2026,1,pff,player_receptions,0.5717,2026-08-04T11:00:00-04:00,filename,C:\Users\brady\OneDrive\Desktop\nfl-tools\player_props\data\raw\projections\pff\2026\week_01\snapshots\08_04_26_1100projections.csv,LA,,375,recvReceptions
David Moore,david moore,CAR,WR,2026,1,pff,player_reception_yds,8.9384,2026-08-04T11:00:00-04:00,filename,C:\Users\brady\OneDrive\Desktop\nfl-tools\player_props\data\raw\projections\pff\2026\week_01\snapshots\08_04_26_1100projections.csv,CAR,,376,recvYds
David Moore,david moore,CAR,WR,2026,1,pff,player_receptions,0.7835,2026-08-04T11:00:00-04:00,filename,C:\Users\brady\OneDrive\Desktop\nfl-tools\player_props\data\raw\projections\pff\2026\week_01\snapshots\08_04_26_1100projections.csv,CAR,,376,recvReceptions
Calvin Austin III,calvin austin,NYG,WR,2026,1,pff,player_reception_yds,8.9566,2026-08-04T11:00:00-04:00,filename,C:\Users\brady\OneDrive\Desktop\nfl-tools\player_props\data\raw\projections\pff\2026\week_01\snapshots\08_04_26_1100projections.csv,NYG,,377,recvYds
Calvin Austin III,calvin austin,NYG,WR,2026,1,pff,player_receptions,0.7386,2026-08-04T11:00:00-04:00,filename,C:\Users\brady\OneDrive\Desktop\nfl-tools\player_props\data\raw\projections\pff\2026\week_01\snapshots\08_04_26_1100projections.csv,NYG,,377,recvReceptions
Josh Cameron,josh cameron,JAX,WR,2026,1,pff,player_reception_yds,8.4932,2026-08-04T11:00:00-04:00,filename,C:\Users\brady\OneDrive\Desktop\nfl-tools\player_props\data\raw\projections\pff\2026\week_01\snapshots\08_04_26_1100projections.csv,JAX,,378,recvYds
Josh Cameron,josh cameron,JAX,WR,2026,1,pff,player_receptions,0.7086,2026-08-04T11:00:00-04:00,filename,C:\Users\brady\OneDrive\Desktop\nfl-tools\player_props\data\raw\projections\pff\2026\week_01\snapshots\08_04_26_1100projections.csv,JAX,,378,recvReceptions
Kaden Wetjen,kaden wetjen,PIT,WR,2026,1,pff,player_rush_yds,0.2798,2026-08-04T11:00:00-04:00,filename,C:\Users\brady\OneDrive\Desktop\nfl-tools\player_props\data\raw\projections\pff\2026\week_01\snapshots\08_04_26_1100projections.csv,PIT,,379,rushYds
Kaden Wetjen,kaden wetjen,PIT,WR,2026,1,pff,player_reception_yds,8.416,2026-08-04T11:00:00-04:00,filename,C:\Users\brady\OneDrive\Desktop\nfl-tools\player_props\data\raw\projections\pff\2026\week_01\snapshots\08_04_26_1100projections.csv,PIT,,379,recvYds
Kaden Wetjen,kaden wetjen,PIT,WR,2026,1,pff,player_receptions,0.6998,2026-08-04T11:00:00-04:00,filename,C:\Users\brady\OneDrive\Desktop\nfl-tools\player_props\data\raw\projections\pff\2026\week_01\snapshots\08_04_26_1100projections.csv,PIT,,379,recvReceptions
Tyler Conklin,tyler conklin,DET,TE,2026,1,pff,player_reception_yds,4.8323,2026-08-04T11:00:00-04:00,filename,C:\Users\brady\OneDrive\Desktop\nfl-tools\player_props\data\raw\projections\pff\2026\week_01\snapshots\08_04_26_1100projections.csv,DET,,380,recvYds
Tyler Conklin,tyler conklin,DET,TE,2026,1,pff,player_receptions,0.5118,2026-08-04T11:00:00-04:00,filename,C:\Users\brady\OneDrive\Desktop\nfl-tools\player_props\data\raw\projections\pff\2026\week_01\snapshots\08_04_26_1100projections.csv,DET,,380,recvReceptions
Elic Ayomanor,elic ayomanor,TEN,WR,2026,1,pff,player_reception_yds,7.7653,2026-08-04T11:00:00-04:00,filename,C:\Users\brady\OneDrive\Desktop\nfl-tools\player_props\data\raw\projections\pff\2026\week_01\snapshots\08_04_26_1100projections.csv,TEN,,381,recvYds
Elic Ayomanor,elic ayomanor,TEN,WR,2026,1,pff,player_receptions,0.6893,2026-08-04T11:00:00-04:00,filename,C:\Users\brady\OneDrive\Desktop\nfl-tools\player_props\data\raw\projections\pff\2026\week_01\snapshots\08_04_26_1100projections.csv,TEN,,381,recvReceptions
Eric Saubert,eric saubert,SEA,TE,2026,1,pff,player_reception_yds,4.1952,2026-08-04T11:00:00-04:00,filename,C:\Users\brady\OneDrive\Desktop\nfl-tools\player_props\data\raw\projections\pff\2026\week_01\snapshots\08_04_26_1100projections.csv,SEA,,382,recvYds
Eric Saubert,eric saubert,SEA,TE,2026,1,pff,player_receptions,0.4639,2026-08-04T11:00:00-04:00,filename,C:\Users\brady\OneDrive\Desktop\nfl-tools\player_props\data\raw\projections\pff\2026\week_01\snapshots\08_04_26_1100projections.csv,SEA,,382,recvReceptions
Charlie Kolar,charlie kolar,LAC,TE,2026,1,pff,player_reception_yds,4.3757,2026-08-04T11:00:00-04:00,filename,C:\Users\brady\OneDrive\Desktop\nfl-tools\player_props\data\raw\projections\pff\2026\week_01\snapshots\08_04_26_1100projections.csv,LAC,,383,recvYds
Charlie Kolar,charlie kolar,LAC,TE,2026,1,pff,player_receptions,0.4438,2026-08-04T11:00:00-04:00,filename,C:\Users\brady\OneDrive\Desktop\nfl-tools\player_props\data\raw\projections\pff\2026\week_01\snapshots\08_04_26_1100projections.csv,LAC,,383,recvReceptions
Anthony Gould,anthony gould,IND,WR,2026,1,pff,player_reception_yds,7.3539,2026-08-04T11:00:00-04:00,filename,C:\Users\brady\OneDrive\Desktop\nfl-tools\player_props\data\raw\projections\pff\2026\week_01\snapshots\08_04_26_1100projections.csv,IND,,384,recvYds
Anthony Gould,anthony gould,IND,WR,2026,1,pff,player_receptions,0.6798,2026-08-04T11:00:00-04:00,filename,C:\Users\brady\OneDrive\Desktop\nfl-tools\player_props\data\raw\projections\pff\2026\week_01\snapshots\08_04_26_1100projections.csv,IND,,384,recvReceptions
Jonathan Mingo,jonathan mingo,DAL,WR,2026,1,pff,player_reception_yds,7.3601,2026-08-04T11:00:00-04:00,filename,C:\Users\brady\OneDrive\Desktop\nfl-tools\player_props\data\raw\projections\pff\2026\week_01\snapshots\08_04_26_1100projections.csv,DAL,,385,recvYds
Jonathan Mingo,jonathan mingo,DAL,WR,2026,1,pff,player_receptions,0.6629,2026-08-04T11:00:00-04:00,filename,C:\Users\brady\OneDrive\Desktop\nfl-tools\player_props\data\raw\projections\pff\2026\week_01\snapshots\08_04_26_1100projections.csv,DAL,,385,recvReceptions
Zavion Thomas,zavion thomas,CHI,WR,2026,1,pff,player_rush_yds,3.849,2026-08-04T11:00:00-04:00,filename,C:\Users\brady\OneDrive\Desktop\nfl-tools\player_props\data\raw\projections\pff\2026\week_01\snapshots\08_04_26_1100projections.csv,CHI,,386,rushYds
Zavion Thomas,zavion thomas,CHI,WR,2026,1,pff,player_reception_yds,5.238,2026-08-04T11:00:00-04:00,filename,C:\Users\brady\OneDrive\Desktop\nfl-tools\player_props\data\raw\projections\pff\2026\week_01\snapshots\08_04_26_1100projections.csv,CHI,,386,recvYds
Zavion Thomas,zavion thomas,CHI,WR,2026,1,pff,player_receptions,0.437,2026-08-04T11:00:00-04:00,filename,C:\Users\brady\OneDrive\Desktop\nfl-tools\player_props\data\raw\projections\pff\2026\week_01\snapshots\08_04_26_1100projections.csv,CHI,,386,recvReceptions
Jared Wiley,jared wiley,KC,TE,2026,1,pff,player_reception_yds,3.8697,2026-08-04T11:00:00-04:00,filename,C:\Users\brady\OneDrive\Desktop\nfl-tools\player_props\data\raw\projections\pff\2026\week_01\snapshots\08_04_26_1100projections.csv,KC,,387,recvYds
Jared Wiley,jared wiley,KC,TE,2026,1,pff,player_receptions,0.4053,2026-08-04T11:00:00-04:00,filename,C:\Users\brady\OneDrive\Desktop\nfl-tools\player_props\data\raw\projections\pff\2026\week_01\snapshots\08_04_26_1100projections.csv,KC,,387,recvReceptions
Ben Skowronek,ben skowronek,PIT,WR,2026,1,pff,player_reception_yds,6.9027,2026-08-04T11:00:00-04:00,filename,C:\Users\brady\OneDrive\Desktop\nfl-tools\player_props\data\raw\projections\pff\2026\week_01\snapshots\08_04_26_1100projections.csv,PIT,,388,recvYds
Ben Skowronek,ben skowronek,PIT,WR,2026,1,pff,player_receptions,0.6325,2026-08-04T11:00:00-04:00,filename,C:\Users\brady\OneDrive\Desktop\nfl-tools\player_props\data\raw\projections\pff\2026\week_01\snapshots\08_04_26_1100projections.csv,PIT,,388,recvReceptions
Cedric Tillman,cedric tillman,CLE,WR,2026,1,pff,player_reception_yds,7.1516,2026-08-04T11:00:00-04:00,filename,C:\Users\brady\OneDrive\Desktop\nfl-tools\player_props\data\raw\projections\pff\2026\week_01\snapshots\08_04_26_1100projections.csv,CLV,,389,recvYds
Cedric Tillman,cedric tillman,CLE,WR,2026,1,pff,player_receptions,0.5898,2026-08-04T11:00:00-04:00,filename,C:\Users\brady\OneDrive\Desktop\nfl-tools\player_props\data\raw\projections\pff\2026\week_01\snapshots\08_04_26_1100projections.csv,CLV,,389,recvReceptions
Arian Smith,arian smith,NYJ,WR,2026,1,pff,player_rush_yds,0.849,2026-08-04T11:00:00-04:00,filename,C:\Users\brady\OneDrive\Desktop\nfl-tools\player_props\data\raw\projections\pff\2026\week_01\snapshots\08_04_26_1100projections.csv,NYJ,,390,rushYds
Arian Smith,arian smith,NYJ,WR,2026,1,pff,player_reception_yds,6.9702,2026-08-04T11:00:00-04:00,filename,C:\Users\brady\OneDrive\Desktop\nfl-tools\player_props\data\raw\projections\pff\2026\week_01\snapshots\08_04_26_1100projections.csv,NYJ,,390,recvYds
Arian Smith,arian smith,NYJ,WR,2026,1,pff,player_receptions,0.5276,2026-08-04T11:00:00-04:00,filename,C:\Users\brady\OneDrive\Desktop\nfl-tools\player_props\data\raw\projections\pff\2026\week_01\snapshots\08_04_26_1100projections.csv,NYJ,,390,recvReceptions
Reggie Virgil,reggie virgil,ARI,WR,2026,1,pff,player_reception_yds,7.4953,2026-08-04T11:00:00-04:00,filename,C:\Users\brady\OneDrive\Desktop\nfl-tools\player_props\data\raw\projections\pff\2026\week_01\snapshots\08_04_26_1100projections.csv,ARZ,,391,recvYds
Reggie Virgil,reggie virgil,ARI,WR,2026,1,pff,player_receptions,0.6451,2026-08-04T11:00:00-04:00,filename,C:\Users\brady\OneDrive\Desktop\nfl-tools\player_props\data\raw\projections\pff\2026\week_01\snapshots\08_04_26_1100projections.csv,ARZ,,391,recvReceptions
Andrew Ogletree,andrew ogletree,IND,TE,2026,1,pff,player_reception_yds,3.5189,2026-08-04T11:00:00-04:00,filename,C:\Users\brady\OneDrive\Desktop\nfl-tools\player_props\data\raw\projections\pff\2026\week_01\snapshots\08_04_26_1100projections.csv,IND,,392,recvYds
Andrew Ogletree,andrew ogletree,IND,TE,2026,1,pff,player_receptions,0.3548,2026-08-04T11:00:00-04:00,filename,C:\Users\brady\OneDrive\Desktop\nfl-tools\player_props\data\raw\projections\pff\2026\week_01\snapshots\08_04_26_1100projections.csv,IND,,392,recvReceptions
CJ Dippre,cj dippre,NE,TE,2026,1,pff,player_reception_yds,3.7213,2026-08-04T11:00:00-04:00,filename,C:\Users\brady\OneDrive\Desktop\nfl-tools\player_props\data\raw\projections\pff\2026\week_01\snapshots\08_04_26_1100projections.csv,NE,,393,recvYds
CJ Dippre,cj dippre,NE,TE,2026,1,pff,player_receptions,0.3792,2026-08-04T11:00:00-04:00,filename,C:\Users\brady\OneDrive\Desktop\nfl-tools\player_props\data\raw\projections\pff\2026\week_01\snapshots\08_04_26_1100projections.csv,NE,,393,recvReceptions
Kevin Coleman Jr.,kevin coleman,MIA,WR,2026,1,pff,player_reception_yds,6.8376,2026-08-04T11:00:00-04:00,filename,C:\Users\brady\OneDrive\Desktop\nfl-tools\player_props\data\raw\projections\pff\2026\week_01\snapshots\08_04_26_1100projections.csv,MIA,,394,recvYds
Kevin Coleman Jr.,kevin coleman,MIA,WR,2026,1,pff,player_receptions,0.5474,2026-08-04T11:00:00-04:00,filename,C:\Users\brady\OneDrive\Desktop\nfl-tools\player_props\data\raw\projections\pff\2026\week_01\snapshots\08_04_26_1100projections.csv,MIA,,394,recvReceptions
Kylen Granson,kylen granson,TEN,TE,2026,1,pff,player_reception_yds,3.128,2026-08-04T11:00:00-04:00,filename,C:\Users\brady\OneDrive\Desktop\nfl-tools\player_props\data\raw\projections\pff\2026\week_01\snapshots\08_04_26_1100projections.csv,TEN,,395,recvYds
Kylen Granson,kylen granson,TEN,TE,2026,1,pff,player_receptions,0.3255,2026-08-04T11:00:00-04:00,filename,C:\Users\brady\OneDrive\Desktop\nfl-tools\player_props\data\raw\projections\pff\2026\week_01\snapshots\08_04_26_1100projections.csv,TEN,,395,recvReceptions
Grant Calcaterra,grant calcaterra,PHI,TE,2026,1,pff,player_reception_yds,3.3402,2026-08-04T11:00:00-04:00,filename,C:\Users\brady\OneDrive\Desktop\nfl-tools\player_props\data\raw\projections\pff\2026\week_01\snapshots\08_04_26_1100projections.csv,PHI,,396,recvYds
Grant Calcaterra,grant calcaterra,PHI,TE,2026,1,pff,player_receptions,0.3605,2026-08-04T11:00:00-04:00,filename,C:\Users\brady\OneDrive\Desktop\nfl-tools\player_props\data\raw\projections\pff\2026\week_01\snapshots\08_04_26_1100projections.csv,PHI,,396,recvReceptions
Simi Fehoko,simi fehoko,ARI,WR,2026,1,pff,player_reception_yds,6.6603,2026-08-04T11:00:00-04:00,filename,C:\Users\brady\OneDrive\Desktop\nfl-tools\player_props\data\raw\projections\pff\2026\week_01\snapshots\08_04_26_1100projections.csv,ARZ,,397,recvYds
Simi Fehoko,simi fehoko,ARI,WR,2026,1,pff,player_receptions,0.5558,2026-08-04T11:00:00-04:00,filename,C:\Users\brady\OneDrive\Desktop\nfl-tools\player_props\data\raw\projections\pff\2026\week_01\snapshots\08_04_26_1100projections.csv,ARZ,,397,recvReceptions
Xavier Weaver,xavier weaver,ARI,WR,2026,1,pff,player_reception_yds,6.681,2026-08-04T11:00:00-04:00,filename,C:\Users\brady\OneDrive\Desktop\nfl-tools\player_props\data\raw\projections\pff\2026\week_01\snapshots\08_04_26_1100projections.csv,ARZ,,398,recvYds
Xavier Weaver,xavier weaver,ARI,WR,2026,1,pff,player_receptions,0.5512,2026-08-04T11:00:00-04:00,filename,C:\Users\brady\OneDrive\Desktop\nfl-tools\player_props\data\raw\projections\pff\2026\week_01\snapshots\08_04_26_1100projections.csv,ARZ,,398,recvReceptions
Konata Mumpfield,konata mumpfield,LAR,WR,2026,1,pff,player_reception_yds,6.3513,2026-08-04T11:00:00-04:00,filename,C:\Users\brady\OneDrive\Desktop\nfl-tools\player_props\data\raw\projections\pff\2026\week_01\snapshots\08_04_26_1100projections.csv,LA,,399,recvYds
Konata Mumpfield,konata mumpfield,LAR,WR,2026,1,pff,player_receptions,0.4976,2026-08-04T11:00:00-04:00,filename,C:\Users\brady\OneDrive\Desktop\nfl-tools\player_props\data\raw\projections\pff\2026\week_01\snapshots\08_04_26_1100projections.csv,LA,,399,recvReceptions
Barion Brown,barion brown,NO,WR,2026,1,pff,player_reception_yds,6.5385,2026-08-04T11:00:00-04:00,filename,C:\Users\brady\OneDrive\Desktop\nfl-tools\player_props\data\raw\projections\pff\2026\week_01\snapshots\08_04_26_1100projections.csv,NO,,400,recvYds
Barion Brown,barion brown,NO,WR,2026,1,pff,player_receptions,0.5523,2026-08-04T11:00:00-04:00,filename,C:\Users\brady\OneDrive\Desktop\nfl-tools\player_props\data\raw\projections\pff\2026\week_01\snapshots\08_04_26_1100projections.csv,NO,,400,recvReceptions
Demarcus Robinson,demarcus robinson,SF,WR,2026,1,pff,player_reception_yds,6.069,2026-08-04T11:00:00-04:00,filename,C:\Users\brady\OneDrive\Desktop\nfl-tools\player_props\data\raw\projections\pff\2026\week_01\snapshots\08_04_26_1100projections.csv,SF,,401,recvYds
Demarcus Robinson,demarcus robinson,SF,WR,2026,1,pff,player_receptions,0.4412,2026-08-04T11:00:00-04:00,filename,C:\Users\brady\OneDrive\Desktop\nfl-tools\player_props\data\raw\projections\pff\2026\week_01\snapshots\08_04_26_1100projections.csv,SF,,401,recvReceptions
Colbie Young,colbie young,CIN,WR,2026,1,pff,player_reception_yds,6.0481,2026-08-04T11:00:00-04:00,filename,C:\Users\brady\OneDrive\Desktop\nfl-tools\player_props\data\raw\projections\pff\2026\week_01\snapshots\08_04_26_1100projections.csv,CIN,,402,recvYds
Colbie Young,colbie young,CIN,WR,2026,1,pff,player_receptions,0.4918,2026-08-04T11:00:00-04:00,filename,C:\Users\brady\OneDrive\Desktop\nfl-tools\player_props\data\raw\projections\pff\2026\week_01\snapshots\08_04_26_1100projections.csv,CIN,,402,recvReceptions
Chris Manhertz,chris manhertz,NYG,TE,2026,1,pff,player_reception_yds,2.1603,2026-08-04T11:00:00-04:00,filename,C:\Users\brady\OneDrive\Desktop\nfl-tools\player_props\data\raw\projections\pff\2026\week_01\snapshots\08_04_26_1100projections.csv,NYG,,403,recvYds
Chris Manhertz,chris manhertz,NYG,TE,2026,1,pff,player_receptions,0.2335,2026-08-04T11:00:00-04:00,filename,C:\Users\brady\OneDrive\Desktop\nfl-tools\player_props\data\raw\projections\pff\2026\week_01\snapshots\08_04_26_1100projections.csv,NYG,,403,recvReceptions
Brayden Willis,brayden willis,SF,TE,2026,1,pff,player_reception_yds,2.6248,2026-08-04T11:00:00-04:00,filename,C:\Users\brady\OneDrive\Desktop\nfl-tools\player_props\data\raw\projections\pff\2026\week_01\snapshots\08_04_26_1100projections.csv,SF,,404,recvYds
Brayden Willis,brayden willis,SF,TE,2026,1,pff,player_receptions,0.2623,2026-08-04T11:00:00-04:00,filename,C:\Users\brady\OneDrive\Desktop\nfl-tools\player_props\data\raw\projections\pff\2026\week_01\snapshots\08_04_26_1100projections.csv,SF,,404,recvReceptions
Benjamin Yurosek,benjamin yurosek,MIN,TE,2026,1,pff,player_reception_yds,2.3528,2026-08-04T11:00:00-04:00,filename,C:\Users\brady\OneDrive\Desktop\nfl-tools\player_props\data\raw\projections\pff\2026\week_01\snapshots\08_04_26_1100projections.csv,MIN,,405,recvYds
Benjamin Yurosek,benjamin yurosek,MIN,TE,2026,1,pff,player_receptions,0.2651,2026-08-04T11:00:00-04:00,filename,C:\Users\brady\OneDrive\Desktop\nfl-tools\player_props\data\raw\projections\pff\2026\week_01\snapshots\08_04_26_1100projections.csv,MIN,,405,recvReceptions
KeAndre Lambert-Smith,keandre lambertsmith,LAC,WR,2026,1,pff,player_reception_yds,5.8133,2026-08-04T11:00:00-04:00,filename,C:\Users\brady\OneDrive\Desktop\nfl-tools\player_props\data\raw\projections\pff\2026\week_01\snapshots\08_04_26_1100projections.csv,LAC,,406,recvYds
KeAndre Lambert-Smith,keandre lambertsmith,LAC,WR,2026,1,pff,player_receptions,0.4465,2026-08-04T11:00:00-04:00,filename,C:\Users\brady\OneDrive\Desktop\nfl-tools\player_props\data\raw\projections\pff\2026\week_01\snapshots\08_04_26_1100projections.csv,LAC,,406,recvReceptions
Josh Cuevas,josh cuevas,BAL,TE,2026,1,pff,player_reception_yds,1.8418,2026-08-04T11:00:00-04:00,filename,C:\Users\brady\OneDrive\Desktop\nfl-tools\player_props\data\raw\projections\pff\2026\week_01\snapshots\08_04_26_1100projections.csv,BLT,,407,recvYds
Josh Cuevas,josh cuevas,BAL,TE,2026,1,pff,player_receptions,0.1839,2026-08-04T11:00:00-04:00,filename,C:\Users\brady\OneDrive\Desktop\nfl-tools\player_props\data\raw\projections\pff\2026\week_01\snapshots\08_04_26_1100projections.csv,BLT,,407,recvReceptions
Myles Price,myles price,MIN,WR,2026,1,pff,player_reception_yds,4.8827,2026-08-04T11:00:00-04:00,filename,C:\Users\brady\OneDrive\Desktop\nfl-tools\player_props\data\raw\projections\pff\2026\week_01\snapshots\08_04_26_1100projections.csv,MIN,,408,recvYds
Myles Price,myles price,MIN,WR,2026,1,pff,player_receptions,0.4202,2026-08-04T11:00:00-04:00,filename,C:\Users\brady\OneDrive\Desktop\nfl-tools\player_props\data\raw\projections\pff\2026\week_01\snapshots\08_04_26_1100projections.csv,MIN,,408,recvReceptions
Deion Burks,deion burks,IND,WR,2026,1,pff,player_reception_yds,5.236,2026-08-04T11:00:00-04:00,filename,C:\Users\brady\OneDrive\Desktop\nfl-tools\player_props\data\raw\projections\pff\2026\week_01\snapshots\08_04_26_1100projections.csv,IND,,409,recvYds
Deion Burks,deion burks,IND,WR,2026,1,pff,player_receptions,0.4427,2026-08-04T11:00:00-04:00,filename,C:\Users\brady\OneDrive\Desktop\nfl-tools\player_props\data\raw\projections\pff\2026\week_01\snapshots\08_04_26_1100projections.csv,IND,,409,recvReceptions
Malik Benson,malik benson,LV,WR,2026,1,pff,player_reception_yds,5.1579,2026-08-04T11:00:00-04:00,filename,C:\Users\brady\OneDrive\Desktop\nfl-tools\player_props\data\raw\projections\pff\2026\week_01\snapshots\08_04_26_1100projections.csv,LV,,410,recvYds
Malik Benson,malik benson,LV,WR,2026,1,pff,player_receptions,0.416,2026-08-04T11:00:00-04:00,filename,C:\Users\brady\OneDrive\Desktop\nfl-tools\player_props\data\raw\projections\pff\2026\week_01\snapshots\08_04_26_1100projections.csv,LV,,410,recvReceptions
Charlie Woerner,charlie woerner,ATL,TE,2026,1,pff,player_reception_yds,1.465,2026-08-04T11:00:00-04:00,filename,C:\Users\brady\OneDrive\Desktop\nfl-tools\player_props\data\raw\projections\pff\2026\week_01\snapshots\08_04_26_1100projections.csv,ATL,,411,recvYds
Charlie Woerner,charlie woerner,ATL,TE,2026,1,pff,player_receptions,0.1591,2026-08-04T11:00:00-04:00,filename,C:\Users\brady\OneDrive\Desktop\nfl-tools\player_props\data\raw\projections\pff\2026\week_01\snapshots\08_04_26_1100projections.csv,ATL,,411,recvReceptions
Nikko Remigio,nikko remigio,KC,WR,2026,1,pff,player_rush_yds,0.1213,2026-08-04T11:00:00-04:00,filename,C:\Users\brady\OneDrive\Desktop\nfl-tools\player_props\data\raw\projections\pff\2026\week_01\snapshots\08_04_26_1100projections.csv,KC,,412,rushYds
Nikko Remigio,nikko remigio,KC,WR,2026,1,pff,player_reception_yds,4.25,2026-08-04T11:00:00-04:00,filename,C:\Users\brady\OneDrive\Desktop\nfl-tools\player_props\data\raw\projections\pff\2026\week_01\snapshots\08_04_26_1100projections.csv,KC,,412,recvYds
Nikko Remigio,nikko remigio,KC,WR,2026,1,pff,player_receptions,0.3535,2026-08-04T11:00:00-04:00,filename,C:\Users\brady\OneDrive\Desktop\nfl-tools\player_props\data\raw\projections\pff\2026\week_01\snapshots\08_04_26_1100projections.csv,KC,,412,recvReceptions
Jason Brownlee,jason brownlee,KC,WR,2026,1,pff,player_reception_yds,4.2673,2026-08-04T11:00:00-04:00,filename,C:\Users\brady\OneDrive\Desktop\nfl-tools\player_props\data\raw\projections\pff\2026\week_01\snapshots\08_04_26_1100projections.csv,KC,,413,recvYds
Jason Brownlee,jason brownlee,KC,WR,2026,1,pff,player_receptions,0.3518,2026-08-04T11:00:00-04:00,filename,C:\Users\brady\OneDrive\Desktop\nfl-tools\player_props\data\raw\projections\pff\2026\week_01\snapshots\08_04_26_1100projections.csv,KC,,413,recvReceptions
Devin Duvernay,devin duvernay,ARI,WR,2026,1,pff,player_reception_yds,4.1172,2026-08-04T11:00:00-04:00,filename,C:\Users\brady\OneDrive\Desktop\nfl-tools\player_props\data\raw\projections\pff\2026\week_01\snapshots\08_04_26_1100projections.csv,ARZ,,414,recvYds
Devin Duvernay,devin duvernay,ARI,WR,2026,1,pff,player_receptions,0.3773,2026-08-04T11:00:00-04:00,filename,C:\Users\brady\OneDrive\Desktop\nfl-tools\player_props\data\raw\projections\pff\2026\week_01\snapshots\08_04_26_1100projections.csv,ARZ,,414,recvReceptions
Kyle Williams,kyle williams,NE,WR,2026,1,pff,player_rush_yds,0.5202,2026-08-04T11:00:00-04:00,filename,C:\Users\brady\OneDrive\Desktop\nfl-tools\player_props\data\raw\projections\pff\2026\week_01\snapshots\08_04_26_1100projections.csv,NE,,415,rushYds
Kyle Williams,kyle williams,NE,WR,2026,1,pff,player_reception_yds,4.1442,2026-08-04T11:00:00-04:00,filename,C:\Users\brady\OneDrive\Desktop\nfl-tools\player_props\data\raw\projections\pff\2026\week_01\snapshots\08_04_26_1100projections.csv,NE,,415,recvYds
Kyle Williams,kyle williams,NE,WR,2026,1,pff,player_receptions,0.299,2026-08-04T11:00:00-04:00,filename,C:\Users\brady\OneDrive\Desktop\nfl-tools\player_props\data\raw\projections\pff\2026\week_01\snapshots\08_04_26_1100projections.csv,NE,,415,recvReceptions
Odell Beckham Jr.,odell beckham,NYG,WR,2026,1,pff,player_reception_yds,3.6393,2026-08-04T11:00:00-04:00,filename,C:\Users\brady\OneDrive\Desktop\nfl-tools\player_props\data\raw\projections\pff\2026\week_01\snapshots\08_04_26_1100projections.csv,NYG,,416,recvYds
Odell Beckham Jr.,odell beckham,NYG,WR,2026,1,pff,player_receptions,0.2974,2026-08-04T11:00:00-04:00,filename,C:\Users\brady\OneDrive\Desktop\nfl-tools\player_props\data\raw\projections\pff\2026\week_01\snapshots\08_04_26_1100projections.csv,NYG,,416,recvReceptions
Jake Bobo,jake bobo,SEA,WR,2026,1,pff,player_reception_yds,3.5554,2026-08-04T11:00:00-04:00,filename,C:\Users\brady\OneDrive\Desktop\nfl-tools\player_props\data\raw\projections\pff\2026\week_01\snapshots\08_04_26_1100projections.csv,SEA,,417,recvYds
Jake Bobo,jake bobo,SEA,WR,2026,1,pff,player_receptions,0.3335,2026-08-04T11:00:00-04:00,filename,C:\Users\brady\OneDrive\Desktop\nfl-tools\player_props\data\raw\projections\pff\2026\week_01\snapshots\08_04_26_1100projections.csv,SEA,,417,recvReceptions
Skyy Moore,skyy moore,GB,WR,2026,1,pff,player_reception_yds,3.6785,2026-08-04T11:00:00-04:00,filename,C:\Users\brady\OneDrive\Desktop\nfl-tools\player_props\data\raw\projections\pff\2026\week_01\snapshots\08_04_26_1100projections.csv,GB,,418,recvYds
Skyy Moore,skyy moore,GB,WR,2026,1,pff,player_receptions,0.3281,2026-08-04T11:00:00-04:00,filename,C:\Users\brady\OneDrive\Desktop\nfl-tools\player_props\data\raw\projections\pff\2026\week_01\snapshots\08_04_26_1100projections.csv,GB,,418,recvReceptions
Dominic Lovett,dominic lovett,DET,WR,2026,1,pff,player_reception_yds,3.7919,2026-08-04T11:00:00-04:00,filename,C:\Users\brady\OneDrive\Desktop\nfl-tools\player_props\data\raw\projections\pff\2026\week_01\snapshots\08_04_26_1100projections.csv,DET,,419,recvYds
Dominic Lovett,dominic lovett,DET,WR,2026,1,pff,player_receptions,0.3087,2026-08-04T11:00:00-04:00,filename,C:\Users\brady\OneDrive\Desktop\nfl-tools\player_props\data\raw\projections\pff\2026\week_01\snapshots\08_04_26_1100projections.csv,DET,,419,recvReceptions
Isaiah Bond,isaiah bond,CLE,WR,2026,1,pff,player_rush_yds,1.6948,2026-08-04T11:00:00-04:00,filename,C:\Users\brady\OneDrive\Desktop\nfl-tools\player_props\data\raw\projections\pff\2026\week_01\snapshots\08_04_26_1100projections.csv,CLV,,420,rushYds
Isaiah Bond,isaiah bond,CLE,WR,2026,1,pff,player_reception_yds,2.3445,2026-08-04T11:00:00-04:00,filename,C:\Users\brady\OneDrive\Desktop\nfl-tools\player_props\data\raw\projections\pff\2026\week_01\snapshots\08_04_26_1100projections.csv,CLV,,420,recvYds
Isaiah Bond,isaiah bond,CLE,WR,2026,1,pff,player_receptions,0.1838,2026-08-04T11:00:00-04:00,filename,C:\Users\brady\OneDrive\Desktop\nfl-tools\player_props\data\raw\projections\pff\2026\week_01\snapshots\08_04_26_1100projections.csv,CLV,,420,recvReceptions
Dylan Drummond,dylan drummond,ATL,WR,2026,1,pff,player_reception_yds,2.6511,2026-08-04T11:00:00-04:00,filename,C:\Users\brady\OneDrive\Desktop\nfl-tools\player_props\data\raw\projections\pff\2026\week_01\snapshots\08_04_26_1100projections.csv,ATL,,421,recvYds
Dylan Drummond,dylan drummond,ATL,WR,2026,1,pff,player_receptions,0.2334,2026-08-04T11:00:00-04:00,filename,C:\Users\brady\OneDrive\Desktop\nfl-tools\player_props\data\raw\projections\pff\2026\week_01\snapshots\08_04_26_1100projections.csv,ATL,,421,recvReceptions
Charlie Jones,charlie jones,CIN,WR,2026,1,pff,player_reception_yds,2.3924,2026-08-04T11:00:00-04:00,filename,C:\Users\brady\OneDrive\Desktop\nfl-tools\player_props\data\raw\projections\pff\2026\week_01\snapshots\08_04_26_1100projections.csv,CIN,,422,recvYds
Charlie Jones,charlie jones,CIN,WR,2026,1,pff,player_receptions,0.1901,2026-08-04T11:00:00-04:00,filename,C:\Users\brady\OneDrive\Desktop\nfl-tools\player_props\data\raw\projections\pff\2026\week_01\snapshots\08_04_26_1100projections.csv,CIN,,422,recvReceptions
Malachi Corley,malachi corley,CLE,WR,2026,1,pff,player_rush_yds,3.2593,2026-08-04T11:00:00-04:00,filename,C:\Users\brady\OneDrive\Desktop\nfl-tools\player_props\data\raw\projections\pff\2026\week_01\snapshots\08_04_26_1100projections.csv,CLV,,423,rushYds
Malachi Corley,malachi corley,CLE,WR,2026,1,pff,player_reception_yds,0.0,2026-08-04T11:00:00-04:00,filename,C:\Users\brady\OneDrive\Desktop\nfl-tools\player_props\data\raw\projections\pff\2026\week_01\snapshots\08_04_26_1100projections.csv,CLV,,423,recvYds
Malachi Corley,malachi corley,CLE,WR,2026,1,pff,player_receptions,0.0,2026-08-04T11:00:00-04:00,filename,C:\Users\brady\OneDrive\Desktop\nfl-tools\player_props\data\raw\projections\pff\2026\week_01\snapshots\08_04_26_1100projections.csv,CLV,,423,recvReceptions
Jalen Brooks,jalen brooks,ARI,WR,2026,1,pff,player_reception_yds,2.5359,2026-08-04T11:00:00-04:00,filename,C:\Users\brady\OneDrive\Desktop\nfl-tools\player_props\data\raw\projections\pff\2026\week_01\snapshots\08_04_26_1100projections.csv,ARZ,,424,recvYds
Jalen Brooks,jalen brooks,ARI,WR,2026,1,pff,player_receptions,0.2134,2026-08-04T11:00:00-04:00,filename,C:\Users\brady\OneDrive\Desktop\nfl-tools\player_props\data\raw\projections\pff\2026\week_01\snapshots\08_04_26_1100projections.csv,ARZ,,424,recvReceptions
Darius Cooper,darius cooper,PHI,WR,2026,1,pff,player_reception_yds,2.357,2026-08-04T11:00:00-04:00,filename,C:\Users\brady\OneDrive\Desktop\nfl-tools\player_props\data\raw\projections\pff\2026\week_01\snapshots\08_04_26_1100projections.csv,PHI,,425,recvYds
Darius Cooper,darius cooper,PHI,WR,2026,1,pff,player_receptions,0.2118,2026-08-04T11:00:00-04:00,filename,C:\Users\brady\OneDrive\Desktop\nfl-tools\player_props\data\raw\projections\pff\2026\week_01\snapshots\08_04_26_1100projections.csv,PHI,,425,recvReceptions
Jahdae Walker,jahdae walker,CHI,WR,2026,1,pff,player_reception_yds,2.4722,2026-08-04T11:00:00-04:00,filename,C:\Users\brady\OneDrive\Desktop\nfl-tools\player_props\data\raw\projections\pff\2026\week_01\snapshots\08_04_26_1100projections.csv,CHI,,426,recvYds
Jahdae Walker,jahdae walker,CHI,WR,2026,1,pff,player_receptions,0.2006,2026-08-04T11:00:00-04:00,filename,C:\Users\brady\OneDrive\Desktop\nfl-tools\player_props\data\raw\projections\pff\2026\week_01\snapshots\08_04_26_1100projections.csv,CHI,,426,recvReceptions
Lil'Jordan Humphrey,liljordan humphrey,DEN,WR,2026,1,pff,player_reception_yds,1.8025,2026-08-04T11:00:00-04:00,filename,C:\Users\brady\OneDrive\Desktop\nfl-tools\player_props\data\raw\projections\pff\2026\week_01\snapshots\08_04_26_1100projections.csv,DEN,,427,recvYds
Lil'Jordan Humphrey,liljordan humphrey,DEN,WR,2026,1,pff,player_receptions,0.165,2026-08-04T11:00:00-04:00,filename,C:\Users\brady\OneDrive\Desktop\nfl-tools\player_props\data\raw\projections\pff\2026\week_01\snapshots\08_04_26_1100projections.csv,DEN,,427,recvReceptions
Johnny Wilson,johnny wilson,PHI,WR,2026,1,pff,player_reception_yds,1.1573,2026-08-04T11:00:00-04:00,filename,C:\Users\brady\OneDrive\Desktop\nfl-tools\player_props\data\raw\projections\pff\2026\week_01\snapshots\08_04_26_1100projections.csv,PHI,,428,recvYds
Johnny Wilson,johnny wilson,PHI,WR,2026,1,pff,player_receptions,0.1027,2026-08-04T11:00:00-04:00,filename,C:\Users\brady\OneDrive\Desktop\nfl-tools\player_props\data\raw\projections\pff\2026\week_01\snapshots\08_04_26_1100projections.csv,PHI,,428,recvReceptions
Derius Davis,derius davis,LAC,WR,2026,1,pff,player_rush_yds,2.1032,2026-08-04T11:00:00-04:00,filename,C:\Users\brady\OneDrive\Desktop\nfl-tools\player_props\data\raw\projections\pff\2026\week_01\snapshots\08_04_26_1100projections.csv,LAC,,429,rushYds
Derius Davis,derius davis,LAC,WR,2026,1,pff,player_reception_yds,0.0,2026-08-04T11:00:00-04:00,filename,C:\Users\brady\OneDrive\Desktop\nfl-tools\player_props\data\raw\projections\pff\2026\week_01\snapshots\08_04_26_1100projections.csv,LAC,,429,recvYds
Derius Davis,derius davis,LAC,WR,2026,1,pff,player_receptions,0.0,2026-08-04T11:00:00-04:00,filename,C:\Users\brady\OneDrive\Desktop\nfl-tools\player_props\data\raw\projections\pff\2026\week_01\snapshots\08_04_26_1100projections.csv,LAC,,429,recvReceptions
Bryce Oliver,bryce oliver,TEN,WR,2026,1,pff,player_reception_yds,1.53,2026-08-04T11:00:00-04:00,filename,C:\Users\brady\OneDrive\Desktop\nfl-tools\player_props\data\raw\projections\pff\2026\week_01\snapshots\08_04_26_1100projections.csv,TEN,,430,recvYds
Bryce Oliver,bryce oliver,TEN,WR,2026,1,pff,player_receptions,0.1381,2026-08-04T11:00:00-04:00,filename,C:\Users\brady\OneDrive\Desktop\nfl-tools\player_props\data\raw\projections\pff\2026\week_01\snapshots\08_04_26_1100projections.csv,TEN,,430,recvReceptions
Mason Kinsey,mason kinsey,TEN,WR,2026,1,pff,player_reception_yds,1.6201,2026-08-04T11:00:00-04:00,filename,C:\Users\brady\OneDrive\Desktop\nfl-tools\player_props\data\raw\projections\pff\2026\week_01\snapshots\08_04_26_1100projections.csv,TEN,,431,recvYds
Mason Kinsey,mason kinsey,TEN,WR,2026,1,pff,player_receptions,0.1326,2026-08-04T11:00:00-04:00,filename,C:\Users\brady\OneDrive\Desktop\nfl-tools\player_props\data\raw\projections\pff\2026\week_01\snapshots\08_04_26_1100projections.csv,TEN,,431,recvReceptions
Shedeur Sanders,shedeur sanders,CLE,QB,2026,1,pff,player_pass_yds,115.4999,2026-08-04T11:00:00-04:00,filename,C:\Users\brady\OneDrive\Desktop\nfl-tools\player_props\data\raw\projections\pff\2026\week_01\snapshots\08_04_26_1100projections.csv,CLV,,432,passYds
Shedeur Sanders,shedeur sanders,CLE,QB,2026,1,pff,player_rush_yds,10.3649,2026-08-04T11:00:00-04:00,filename,C:\Users\brady\OneDrive\Desktop\nfl-tools\player_props\data\raw\projections\pff\2026\week_01\snapshots\08_04_26_1100projections.csv,CLV,,432,rushYds
Bo Melton,bo melton,GB,WR,2026,1,pff,player_rush_yds,1.5039,2026-08-04T11:00:00-04:00,filename,C:\Users\brady\OneDrive\Desktop\nfl-tools\player_props\data\raw\projections\pff\2026\week_01\snapshots\08_04_26_1100projections.csv,GB,,433,rushYds
Bo Melton,bo melton,GB,WR,2026,1,pff,player_reception_yds,0.0,2026-08-04T11:00:00-04:00,filename,C:\Users\brady\OneDrive\Desktop\nfl-tools\player_props\data\raw\projections\pff\2026\week_01\snapshots\08_04_26_1100projections.csv,GB,,433,recvYds
Bo Melton,bo melton,GB,WR,2026,1,pff,player_receptions,0.0,2026-08-04T11:00:00-04:00,filename,C:\Users\brady\OneDrive\Desktop\nfl-tools\player_props\data\raw\projections\pff\2026\week_01\snapshots\08_04_26_1100projections.csv,GB,,433,recvReceptions
Jimmy Horn Jr.,jimmy horn,CAR,WR,2026,1,pff,player_rush_yds,1.9103,2026-08-04T11:00:00-04:00,filename,C:\Users\brady\OneDrive\Desktop\nfl-tools\player_props\data\raw\projections\pff\2026\week_01\snapshots\08_04_26_1100projections.csv,CAR,,434,rushYds
Jimmy Horn Jr.,jimmy horn,CAR,WR,2026,1,pff,player_reception_yds,0.0,2026-08-04T11:00:00-04:00,filename,C:\Users\brady\OneDrive\Desktop\nfl-tools\player_props\data\raw\projections\pff\2026\week_01\snapshots\08_04_26_1100projections.csv,CAR,,434,recvYds
Jimmy Horn Jr.,jimmy horn,CAR,WR,2026,1,pff,player_receptions,0.0,2026-08-04T11:00:00-04:00,filename,C:\Users\brady\OneDrive\Desktop\nfl-tools\player_props\data\raw\projections\pff\2026\week_01\snapshots\08_04_26_1100projections.csv,CAR,,434,recvReceptions
Mason Tipton,mason tipton,NO,WR,2026,1,pff,player_rush_yds,0.9008,2026-08-04T11:00:00-04:00,filename,C:\Users\brady\OneDrive\Desktop\nfl-tools\player_props\data\raw\projections\pff\2026\week_01\snapshots\08_04_26_1100projections.csv,NO,,435,rushYds
Mason Tipton,mason tipton,NO,WR,2026,1,pff,player_reception_yds,0.0,2026-08-04T11:00:00-04:00,filename,C:\Users\brady\OneDrive\Desktop\nfl-tools\player_props\data\raw\projections\pff\2026\week_01\snapshots\08_04_26_1100projections.csv,NO,,435,recvYds
Mason Tipton,mason tipton,NO,WR,2026,1,pff,player_receptions,0.0,2026-08-04T11:00:00-04:00,filename,C:\Users\brady\OneDrive\Desktop\nfl-tools\player_props\data\raw\projections\pff\2026\week_01\snapshots\08_04_26_1100projections.csv,NO,,435,recvReceptions
Deshaun Watson,deshaun watson,CLE,QB,2026,1,pff,player_pass_yds,98.3033,2026-08-04T11:00:00-04:00,filename,C:\Users\brady\OneDrive\Desktop\nfl-tools\player_props\data\raw\projections\pff\2026\week_01\snapshots\08_04_26_1100projections.csv,CLV,,436,passYds
Deshaun Watson,deshaun watson,CLE,QB,2026,1,pff,player_rush_yds,11.059,2026-08-04T11:00:00-04:00,filename,C:\Users\brady\OneDrive\Desktop\nfl-tools\player_props\data\raw\projections\pff\2026\week_01\snapshots\08_04_26_1100projections.csv,CLV,,436,rushYds
Britain Covey,britain covey,PHI,WR,2026,1,pff,player_reception_yds,0.0,2026-08-04T11:00:00-04:00,filename,C:\Users\brady\OneDrive\Desktop\nfl-tools\player_props\data\raw\projections\pff\2026\week_01\snapshots\08_04_26_1100projections.csv,PHI,,437,recvYds
Britain Covey,britain covey,PHI,WR,2026,1,pff,player_receptions,0.0,2026-08-04T11:00:00-04:00,filename,C:\Users\brady\OneDrive\Desktop\nfl-tools\player_props\data\raw\projections\pff\2026\week_01\snapshots\08_04_26_1100projections.csv,PHI,,437,recvReceptions
Braxton Berrios,braxton berrios,NYG,WR,2026,1,pff,player_reception_yds,0.0,2026-08-04T11:00:00-04:00,filename,C:\Users\brady\OneDrive\Desktop\nfl-tools\player_props\data\raw\projections\pff\2026\week_01\snapshots\08_04_26_1100projections.csv,NYG,,438,recvYds
Braxton Berrios,braxton berrios,NYG,WR,2026,1,pff,player_receptions,0.0,2026-08-04T11:00:00-04:00,filename,C:\Users\brady\OneDrive\Desktop\nfl-tools\player_props\data\raw\projections\pff\2026\week_01\snapshots\08_04_26_1100projections.csv,NYG,,438,recvReceptions
Ihmir Smith-Marsette,ihmir smithmarsette,ARI,WR,2026,1,pff,player_reception_yds,0.0,2026-08-04T11:00:00-04:00,filename,C:\Users\brady\OneDrive\Desktop\nfl-tools\player_props\data\raw\projections\pff\2026\week_01\snapshots\08_04_26_1100projections.csv,ARZ,,439,recvYds
Ihmir Smith-Marsette,ihmir smithmarsette,ARI,WR,2026,1,pff,player_receptions,0.0,2026-08-04T11:00:00-04:00,filename,C:\Users\brady\OneDrive\Desktop\nfl-tools\player_props\data\raw\projections\pff\2026\week_01\snapshots\08_04_26_1100projections.csv,ARZ,,439,recvReceptions
Cody White,cody white,SEA,WR,2026,1,pff,player_reception_yds,0.0,2026-08-04T11:00:00-04:00,filename,C:\Users\brady\OneDrive\Desktop\nfl-tools\player_props\data\raw\projections\pff\2026\week_01\snapshots\08_04_26_1100projections.csv,SEA,,440,recvYds
Cody White,cody white,SEA,WR,2026,1,pff,player_receptions,0.0,2026-08-04T11:00:00-04:00,filename,C:\Users\brady\OneDrive\Desktop\nfl-tools\player_props\data\raw\projections\pff\2026\week_01\snapshots\08_04_26_1100projections.csv,SEA,,440,recvReceptions
Jacob Cowing,jacob cowing,SF,WR,2026,1,pff,player_reception_yds,0.0,2026-08-04T11:00:00-04:00,filename,C:\Users\brady\OneDrive\Desktop\nfl-tools\player_props\data\raw\projections\pff\2026\week_01\snapshots\08_04_26_1100projections.csv,SF,,441,recvYds
Jacob Cowing,jacob cowing,SF,WR,2026,1,pff,player_receptions,0.0,2026-08-04T11:00:00-04:00,filename,C:\Users\brady\OneDrive\Desktop\nfl-tools\player_props\data\raw\projections\pff\2026\week_01\snapshots\08_04_26_1100projections.csv,SF,,441,recvReceptions
Dareke Young,dareke young,LV,WR,2026,1,pff,player_reception_yds,0.0,2026-08-04T11:00:00-04:00,filename,C:\Users\brady\OneDrive\Desktop\nfl-tools\player_props\data\raw\projections\pff\2026\week_01\snapshots\08_04_26_1100projections.csv,LV,,442,recvYds
Dareke Young,dareke young,LV,WR,2026,1,pff,player_receptions,0.0,2026-08-04T11:00:00-04:00,filename,C:\Users\brady\OneDrive\Desktop\nfl-tools\player_props\data\raw\projections\pff\2026\week_01\snapshots\08_04_26_1100projections.csv,LV,,442,recvReceptions
LaJohntay Wester,lajohntay wester,BAL,WR,2026,1,pff,player_reception_yds,0.0,2026-08-04T11:00:00-04:00,filename,C:\Users\brady\OneDrive\Desktop\nfl-tools\player_props\data\raw\projections\pff\2026\week_01\snapshots\08_04_26_1100projections.csv,BLT,,443,recvYds
LaJohntay Wester,lajohntay wester,BAL,WR,2026,1,pff,player_receptions,0.0,2026-08-04T11:00:00-04:00,filename,C:\Users\brady\OneDrive\Desktop\nfl-tools\player_props\data\raw\projections\pff\2026\week_01\snapshots\08_04_26_1100projections.csv,BLT,,443,recvReceptions
Efton Chism III,efton chism,NE,WR,2026,1,pff,player_reception_yds,0.0,2026-08-04T11:00:00-04:00,filename,C:\Users\brady\OneDrive\Desktop\nfl-tools\player_props\data\raw\projections\pff\2026\week_01\snapshots\08_04_26_1100projections.csv,NE,,444,recvYds
Efton Chism III,efton chism,NE,WR,2026,1,pff,player_receptions,0.0,2026-08-04T11:00:00-04:00,filename,C:\Users\brady\OneDrive\Desktop\nfl-tools\player_props\data\raw\projections\pff\2026\week_01\snapshots\08_04_26_1100projections.csv,NE,,444,recvReceptions
Kameron Johnson,kameron johnson,TB,WR,2026,1,pff,player_rush_yds,0.2868,2026-08-04T11:00:00-04:00,filename,C:\Users\brady\OneDrive\Desktop\nfl-tools\player_props\data\raw\projections\pff\2026\week_01\snapshots\08_04_26_1100projections.csv,TB,,445,rushYds
Kameron Johnson,kameron johnson,TB,WR,2026,1,pff,player_reception_yds,0.0,2026-08-04T11:00:00-04:00,filename,C:\Users\brady\OneDrive\Desktop\nfl-tools\player_props\data\raw\projections\pff\2026\week_01\snapshots\08_04_26_1100projections.csv,TB,,445,recvYds
Kameron Johnson,kameron johnson,TB,WR,2026,1,pff,player_receptions,0.0,2026-08-04T11:00:00-04:00,filename,C:\Users\brady\OneDrive\Desktop\nfl-tools\player_props\data\raw\projections\pff\2026\week_01\snapshots\08_04_26_1100projections.csv,TB,,445,recvReceptions
Fernando Mendoza,fernando mendoza,LV,QB,2026,1,pff,player_pass_yds,65.1208,2026-08-04T11:00:00-04:00,filename,C:\Users\brady\OneDrive\Desktop\nfl-tools\player_props\data\raw\projections\pff\2026\week_01\snapshots\08_04_26_1100projections.csv,LV,,446,passYds
Fernando Mendoza,fernando mendoza,LV,QB,2026,1,pff,player_rush_yds,7.4936,2026-08-04T11:00:00-04:00,filename,C:\Users\brady\OneDrive\Desktop\nfl-tools\player_props\data\raw\projections\pff\2026\week_01\snapshots\08_04_26_1100projections.csv,LV,,446,rushYds
Michael Penix Jr.,michael penix,ATL,QB,2026,1,pff,player_pass_yds,72.5599,2026-08-04T11:00:00-04:00,filename,C:\Users\brady\OneDrive\Desktop\nfl-tools\player_props\data\raw\projections\pff\2026\week_01\snapshots\08_04_26_1100projections.csv,ATL,,447,passYds
Michael Penix Jr.,michael penix,ATL,QB,2026,1,pff,player_rush_yds,3.7673,2026-08-04T11:00:00-04:00,filename,C:\Users\brady\OneDrive\Desktop\nfl-tools\player_props\data\raw\projections\pff\2026\week_01\snapshots\08_04_26_1100projections.csv,ATL,,447,rushYds
Justin Fields,justin fields,KC,QB,2026,1,pff,player_pass_yds,7.9752,2026-08-04T11:00:00-04:00,filename,C:\Users\brady\OneDrive\Desktop\nfl-tools\player_props\data\raw\projections\pff\2026\week_01\snapshots\08_04_26_1100projections.csv,KC,,448,passYds
Justin Fields,justin fields,KC,QB,2026,1,pff,player_rush_yds,1.2954,2026-08-04T11:00:00-04:00,filename,C:\Users\brady\OneDrive\Desktop\nfl-tools\player_props\data\raw\projections\pff\2026\week_01\snapshots\08_04_26_1100projections.csv,KC,,448,rushYds
Cade Klubnik,cade klubnik,NYJ,QB,2026,1,pff,player_pass_yds,8.5408,2026-08-04T11:00:00-04:00,filename,C:\Users\brady\OneDrive\Desktop\nfl-tools\player_props\data\raw\projections\pff\2026\week_01\snapshots\08_04_26_1100projections.csv,NYJ,,449,passYds
Cade Klubnik,cade klubnik,NYJ,QB,2026,1,pff,player_rush_yds,0.6707,2026-08-04T11:00:00-04:00,filename,C:\Users\brady\OneDrive\Desktop\nfl-tools\player_props\data\raw\projections\pff\2026\week_01\snapshots\08_04_26_1100projections.csv,NYJ,,449,rushYds
Joe Flacco,joe flacco,CIN,QB,2026,1,pff,player_pass_yds,5.1823,2026-08-04T11:00:00-04:00,filename,C:\Users\brady\OneDrive\Desktop\nfl-tools\player_props\data\raw\projections\pff\2026\week_01\snapshots\08_04_26_1100projections.csv,CIN,,450,passYds
Joe Flacco,joe flacco,CIN,QB,2026,1,pff,player_rush_yds,0.0756,2026-08-04T11:00:00-04:00,filename,C:\Users\brady\OneDrive\Desktop\nfl-tools\player_props\data\raw\projections\pff\2026\week_01\snapshots\08_04_26_1100projections.csv,CIN,,450,rushYds
Tyrod Taylor,tyrod taylor,GB,QB,2026,1,pff,player_pass_yds,3.9668,2026-08-04T11:00:00-04:00,filename,C:\Users\brady\OneDrive\Desktop\nfl-tools\player_props\data\raw\projections\pff\2026\week_01\snapshots\08_04_26_1100projections.csv,GB,,451,passYds
Tyrod Taylor,tyrod taylor,GB,QB,2026,1,pff,player_rush_yds,0.6188,2026-08-04T11:00:00-04:00,filename,C:\Users\brady\OneDrive\Desktop\nfl-tools\player_props\data\raw\projections\pff\2026\week_01\snapshots\08_04_26_1100projections.csv,GB,,451,rushYds
Teddy Bridgewater,teddy bridgewater,DET,QB,2026,1,pff,player_pass_yds,4.3068,2026-08-04T11:00:00-04:00,filename,C:\Users\brady\OneDrive\Desktop\nfl-tools\player_props\data\raw\projections\pff\2026\week_01\snapshots\08_04_26_1100projections.csv,DET,,452,passYds
Teddy Bridgewater,teddy bridgewater,DET,QB,2026,1,pff,player_rush_yds,0.3486,2026-08-04T11:00:00-04:00,filename,C:\Users\brady\OneDrive\Desktop\nfl-tools\player_props\data\raw\projections\pff\2026\week_01\snapshots\08_04_26_1100projections.csv,DET,,452,rushYds
Jameis Winston,jameis winston,NYG,QB,2026,1,pff,player_pass_yds,5.1076,2026-08-04T11:00:00-04:00,filename,C:\Users\brady\OneDrive\Desktop\nfl-tools\player_props\data\raw\projections\pff\2026\week_01\snapshots\08_04_26_1100projections.csv,NYG,,453,passYds
Jameis Winston,jameis winston,NYG,QB,2026,1,pff,player_rush_yds,0.2852,2026-08-04T11:00:00-04:00,filename,C:\Users\brady\OneDrive\Desktop\nfl-tools\player_props\data\raw\projections\pff\2026\week_01\snapshots\08_04_26_1100projections.csv,NYG,,453,rushYds
Marcus Mariota,marcus mariota,WSH,QB,2026,1,pff,player_pass_yds,4.5715,2026-08-04T11:00:00-04:00,filename,C:\Users\brady\OneDrive\Desktop\nfl-tools\player_props\data\raw\projections\pff\2026\week_01\snapshots\08_04_26_1100projections.csv,WAS,,454,passYds
Marcus Mariota,marcus mariota,WSH,QB,2026,1,pff,player_rush_yds,0.5166,2026-08-04T11:00:00-04:00,filename,C:\Users\brady\OneDrive\Desktop\nfl-tools\player_props\data\raw\projections\pff\2026\week_01\snapshots\08_04_26_1100projections.csv,WAS,,454,rushYds
Mitch Trubisky,mitch trubisky,TEN,QB,2026,1,pff,player_pass_yds,4.2195,2026-08-04T11:00:00-04:00,filename,C:\Users\brady\OneDrive\Desktop\nfl-tools\player_props\data\raw\projections\pff\2026\week_01\snapshots\08_04_26_1100projections.csv,TEN,,455,passYds
Mitch Trubisky,mitch trubisky,TEN,QB,2026,1,pff,player_rush_yds,0.2843,2026-08-04T11:00:00-04:00,filename,C:\Users\brady\OneDrive\Desktop\nfl-tools\player_props\data\raw\projections\pff\2026\week_01\snapshots\08_04_26_1100projections.csv,TEN,,455,rushYds
Nick Mullens,nick mullens,JAX,QB,2026,1,pff,player_pass_yds,4.6104,2026-08-04T11:00:00-04:00,filename,C:\Users\brady\OneDrive\Desktop\nfl-tools\player_props\data\raw\projections\pff\2026\week_01\snapshots\08_04_26_1100projections.csv,JAX,,456,passYds
Nick Mullens,nick mullens,JAX,QB,2026,1,pff,player_rush_yds,0.1733,2026-08-04T11:00:00-04:00,filename,C:\Users\brady\OneDrive\Desktop\nfl-tools\player_props\data\raw\projections\pff\2026\week_01\snapshots\08_04_26_1100projections.csv,JAX,,456,rushYds
Jarrett Stidham,jarrett stidham,DEN,QB,2026,1,pff,player_pass_yds,4.3511,2026-08-04T11:00:00-04:00,filename,C:\Users\brady\OneDrive\Desktop\nfl-tools\player_props\data\raw\projections\pff\2026\week_01\snapshots\08_04_26_1100projections.csv,DEN,,457,passYds
Jarrett Stidham,jarrett stidham,DEN,QB,2026,1,pff,player_rush_yds,0.4665,2026-08-04T11:00:00-04:00,filename,C:\Users\brady\OneDrive\Desktop\nfl-tools\player_props\data\raw\projections\pff\2026\week_01\snapshots\08_04_26_1100projections.csv,DEN,,457,rushYds
Kyle Allen,kyle allen,BUF,QB,2026,1,pff,player_pass_yds,4.249,2026-08-04T11:00:00-04:00,filename,C:\Users\brady\OneDrive\Desktop\nfl-tools\player_props\data\raw\projections\pff\2026\week_01\snapshots\08_04_26_1100projections.csv,BUF,,458,passYds
Kyle Allen,kyle allen,BUF,QB,2026,1,pff,player_rush_yds,0.2937,2026-08-04T11:00:00-04:00,filename,C:\Users\brady\OneDrive\Desktop\nfl-tools\player_props\data\raw\projections\pff\2026\week_01\snapshots\08_04_26_1100projections.csv,BUF,,458,rushYds
Drew Lock,drew lock,SEA,QB,2026,1,pff,player_pass_yds,4.0052,2026-08-04T11:00:00-04:00,filename,C:\Users\brady\OneDrive\Desktop\nfl-tools\player_props\data\raw\projections\pff\2026\week_01\snapshots\08_04_26_1100projections.csv,SEA,,459,passYds
Drew Lock,drew lock,SEA,QB,2026,1,pff,player_rush_yds,0.2924,2026-08-04T11:00:00-04:00,filename,C:\Users\brady\OneDrive\Desktop\nfl-tools\player_props\data\raw\projections\pff\2026\week_01\snapshots\08_04_26_1100projections.csv,SEA,,459,rushYds
Gardner Minshew,gardner minshew,ARI,QB,2026,1,pff,player_pass_yds,4.5402,2026-08-04T11:00:00-04:00,filename,C:\Users\brady\OneDrive\Desktop\nfl-tools\player_props\data\raw\projections\pff\2026\week_01\snapshots\08_04_26_1100projections.csv,ARZ,,460,passYds
Gardner Minshew,gardner minshew,ARI,QB,2026,1,pff,player_rush_yds,0.278,2026-08-04T11:00:00-04:00,filename,C:\Users\brady\OneDrive\Desktop\nfl-tools\player_props\data\raw\projections\pff\2026\week_01\snapshots\08_04_26_1100projections.csv,ARZ,,460,rushYds
Jake Browning,jake browning,TB,QB,2026,1,pff,player_pass_yds,4.5597,2026-08-04T11:00:00-04:00,filename,C:\Users\brady\OneDrive\Desktop\nfl-tools\player_props\data\raw\projections\pff\2026\week_01\snapshots\08_04_26_1100projections.csv,TB,,461,passYds
Jake Browning,jake browning,TB,QB,2026,1,pff,player_rush_yds,0.3228,2026-08-04T11:00:00-04:00,filename,C:\Users\brady\OneDrive\Desktop\nfl-tools\player_props\data\raw\projections\pff\2026\week_01\snapshots\08_04_26_1100projections.csv,TB,,461,rushYds
Tyler Huntley,tyler huntley,BAL,QB,2026,1,pff,player_pass_yds,3.6028,2026-08-04T11:00:00-04:00,filename,C:\Users\brady\OneDrive\Desktop\nfl-tools\player_props\data\raw\projections\pff\2026\week_01\snapshots\08_04_26_1100projections.csv,BLT,,462,passYds
Tyler Huntley,tyler huntley,BAL,QB,2026,1,pff,player_rush_yds,0.5859,2026-08-04T11:00:00-04:00,filename,C:\Users\brady\OneDrive\Desktop\nfl-tools\player_props\data\raw\projections\pff\2026\week_01\snapshots\08_04_26_1100projections.csv,BLT,,462,rushYds
Davis Mills,davis mills,HOU,QB,2026,1,pff,player_pass_yds,4.4602,2026-08-04T11:00:00-04:00,filename,C:\Users\brady\OneDrive\Desktop\nfl-tools\player_props\data\raw\projections\pff\2026\week_01\snapshots\08_04_26_1100projections.csv,HST,,463,passYds
Davis Mills,davis mills,HOU,QB,2026,1,pff,player_rush_yds,0.2501,2026-08-04T11:00:00-04:00,filename,C:\Users\brady\OneDrive\Desktop\nfl-tools\player_props\data\raw\projections\pff\2026\week_01\snapshots\08_04_26_1100projections.csv,HST,,463,rushYds
Mac Jones,mac jones,SF,QB,2026,1,pff,player_pass_yds,4.729,2026-08-04T11:00:00-04:00,filename,C:\Users\brady\OneDrive\Desktop\nfl-tools\player_props\data\raw\projections\pff\2026\week_01\snapshots\08_04_26_1100projections.csv,SF,,464,passYds
Mac Jones,mac jones,SF,QB,2026,1,pff,player_rush_yds,0.2341,2026-08-04T11:00:00-04:00,filename,C:\Users\brady\OneDrive\Desktop\nfl-tools\player_props\data\raw\projections\pff\2026\week_01\snapshots\08_04_26_1100projections.csv,SF,,464,rushYds
Kenny Pickett,kenny pickett,CAR,QB,2026,1,pff,player_pass_yds,4.3917,2026-08-04T11:00:00-04:00,filename,C:\Users\brady\OneDrive\Desktop\nfl-tools\player_props\data\raw\projections\pff\2026\week_01\snapshots\08_04_26_1100projections.csv,CAR,,465,passYds
Kenny Pickett,kenny pickett,CAR,QB,2026,1,pff,player_rush_yds,0.3026,2026-08-04T11:00:00-04:00,filename,C:\Users\brady\OneDrive\Desktop\nfl-tools\player_props\data\raw\projections\pff\2026\week_01\snapshots\08_04_26_1100projections.csv,CAR,,465,rushYds
Joe Milton III,joe milton,DAL,QB,2026,1,pff,player_pass_yds,4.5269,2026-08-04T11:00:00-04:00,filename,C:\Users\brady\OneDrive\Desktop\nfl-tools\player_props\data\raw\projections\pff\2026\week_01\snapshots\08_04_26_1100projections.csv,DAL,,466,passYds
Joe Milton III,joe milton,DAL,QB,2026,1,pff,player_rush_yds,0.5331,2026-08-04T11:00:00-04:00,filename,C:\Users\brady\OneDrive\Desktop\nfl-tools\player_props\data\raw\projections\pff\2026\week_01\snapshots\08_04_26_1100projections.csv,DAL,,466,rushYds
Trey Lance,trey lance,LAC,QB,2026,1,pff,player_pass_yds,3.7924,2026-08-04T11:00:00-04:00,filename,C:\Users\brady\OneDrive\Desktop\nfl-tools\player_props\data\raw\projections\pff\2026\week_01\snapshots\08_04_26_1100projections.csv,LAC,,467,passYds
Trey Lance,trey lance,LAC,QB,2026,1,pff,player_rush_yds,0.4556,2026-08-04T11:00:00-04:00,filename,C:\Users\brady\OneDrive\Desktop\nfl-tools\player_props\data\raw\projections\pff\2026\week_01\snapshots\08_04_26_1100projections.csv,LAC,,467,rushYds
Spencer Rattler,spencer rattler,NO,QB,2026,1,pff,player_pass_yds,4.3889,2026-08-04T11:00:00-04:00,filename,C:\Users\brady\OneDrive\Desktop\nfl-tools\player_props\data\raw\projections\pff\2026\week_01\snapshots\08_04_26_1100projections.csv,NO,,468,passYds
Spencer Rattler,spencer rattler,NO,QB,2026,1,pff,player_rush_yds,0.4352,2026-08-04T11:00:00-04:00,filename,C:\Users\brady\OneDrive\Desktop\nfl-tools\player_props\data\raw\projections\pff\2026\week_01\snapshots\08_04_26_1100projections.csv,NO,,468,rushYds
Will Howard,will howard,PIT,QB,2026,1,pff,player_pass_yds,4.2191,2026-08-04T11:00:00-04:00,filename,C:\Users\brady\OneDrive\Desktop\nfl-tools\player_props\data\raw\projections\pff\2026\week_01\snapshots\08_04_26_1100projections.csv,PIT,,469,passYds
Will Howard,will howard,PIT,QB,2026,1,pff,player_rush_yds,0.4213,2026-08-04T11:00:00-04:00,filename,C:\Users\brady\OneDrive\Desktop\nfl-tools\player_props\data\raw\projections\pff\2026\week_01\snapshots\08_04_26_1100projections.csv,PIT,,469,rushYds
Anthony Richardson,anthony richardson,IND,QB,2026,1,pff,player_pass_yds,4.0553,2026-08-04T11:00:00-04:00,filename,C:\Users\brady\OneDrive\Desktop\nfl-tools\player_props\data\raw\projections\pff\2026\week_01\snapshots\08_04_26_1100projections.csv,IND,,470,passYds
Anthony Richardson,anthony richardson,IND,QB,2026,1,pff,player_rush_yds,0.506,2026-08-04T11:00:00-04:00,filename,C:\Users\brady\OneDrive\Desktop\nfl-tools\player_props\data\raw\projections\pff\2026\week_01\snapshots\08_04_26_1100projections.csv,IND,,470,rushYds
Quinn Ewers,quinn ewers,MIA,QB,2026,1,pff,player_pass_yds,4.3189,2026-08-04T11:00:00-04:00,filename,C:\Users\brady\OneDrive\Desktop\nfl-tools\player_props\data\raw\projections\pff\2026\week_01\snapshots\08_04_26_1100projections.csv,MIA,,471,passYds
Quinn Ewers,quinn ewers,MIA,QB,2026,1,pff,player_rush_yds,0.3476,2026-08-04T11:00:00-04:00,filename,C:\Users\brady\OneDrive\Desktop\nfl-tools\player_props\data\raw\projections\pff\2026\week_01\snapshots\08_04_26_1100projections.csv,MIA,,471,rushYds
Tanner McKee,tanner mckee,PHI,QB,2026,1,pff,player_pass_yds,4.4383,2026-08-04T11:00:00-04:00,filename,C:\Users\brady\OneDrive\Desktop\nfl-tools\player_props\data\raw\projections\pff\2026\week_01\snapshots\08_04_26_1100projections.csv,PHI,,472,passYds
Tanner McKee,tanner mckee,PHI,QB,2026,1,pff,player_rush_yds,0.3035,2026-08-04T11:00:00-04:00,filename,C:\Users\brady\OneDrive\Desktop\nfl-tools\player_props\data\raw\projections\pff\2026\week_01\snapshots\08_04_26_1100projections.csv,PHI,,472,rushYds
J.J. McCarthy,jj mccarthy,MIN,QB,2026,1,pff,player_pass_yds,4.2871,2026-08-04T11:00:00-04:00,filename,C:\Users\brady\OneDrive\Desktop\nfl-tools\player_props\data\raw\projections\pff\2026\week_01\snapshots\08_04_26_1100projections.csv,MIN,,473,passYds
J.J. McCarthy,jj mccarthy,MIN,QB,2026,1,pff,player_rush_yds,0.3453,2026-08-04T11:00:00-04:00,filename,C:\Users\brady\OneDrive\Desktop\nfl-tools\player_props\data\raw\projections\pff\2026\week_01\snapshots\08_04_26_1100projections.csv,MIN,,473,rushYds
Ty Simpson,ty simpson,LAR,QB,2026,1,pff,player_pass_yds,4.3922,2026-08-04T11:00:00-04:00,filename,C:\Users\brady\OneDrive\Desktop\nfl-tools\player_props\data\raw\projections\pff\2026\week_01\snapshots\08_04_26_1100projections.csv,LA,,474,passYds
Ty Simpson,ty simpson,LAR,QB,2026,1,pff,player_rush_yds,0.4907,2026-08-04T11:00:00-04:00,filename,C:\Users\brady\OneDrive\Desktop\nfl-tools\player_props\data\raw\projections\pff\2026\week_01\snapshots\08_04_26_1100projections.csv,LA,,474,rushYds
Tommy DeVito,tommy devito,NE,QB,2026,1,pff,player_pass_yds,2.1059,2026-08-04T11:00:00-04:00,filename,C:\Users\brady\OneDrive\Desktop\nfl-tools\player_props\data\raw\projections\pff\2026\week_01\snapshots\08_04_26_1100projections.csv,NE,,475,passYds
Tommy DeVito,tommy devito,NE,QB,2026,1,pff,player_rush_yds,0.3264,2026-08-04T11:00:00-04:00,filename,C:\Users\brady\OneDrive\Desktop\nfl-tools\player_props\data\raw\projections\pff\2026\week_01\snapshots\08_04_26_1100projections.csv,NE,,475,rushYds
Tyson Bagent,tyson bagent,CHI,QB,2026,1,pff,player_pass_yds,2.1568,2026-08-04T11:00:00-04:00,filename,C:\Users\brady\OneDrive\Desktop\nfl-tools\player_props\data\raw\projections\pff\2026\week_01\snapshots\08_04_26_1100projections.csv,CHI,,476,passYds
Tyson Bagent,tyson bagent,CHI,QB,2026,1,pff,player_rush_yds,0.2697,2026-08-04T11:00:00-04:00,filename,C:\Users\brady\OneDrive\Desktop\nfl-tools\player_props\data\raw\projections\pff\2026\week_01\snapshots\08_04_26_1100projections.csv,CHI,,476,rushYds
Carson Beck,carson beck,ARI,QB,2026,1,pff,player_pass_yds,0.2246,2026-08-04T11:00:00-04:00,filename,C:\Users\brady\OneDrive\Desktop\nfl-tools\player_props\data\raw\projections\pff\2026\week_01\snapshots\08_04_26_1100projections.csv,ARZ,,477,passYds
Carson Beck,carson beck,ARI,QB,2026,1,pff,player_rush_yds,0.1021,2026-08-04T11:00:00-04:00,filename,C:\Users\brady\OneDrive\Desktop\nfl-tools\player_props\data\raw\projections\pff\2026\week_01\snapshots\08_04_26_1100projections.csv,ARZ,,477,rushYds
Brandon Aubrey,brandon aubrey,DAL,K,2026,1,pff,player_reception_yds,0.0,2026-08-04T11:00:00-04:00,filename,C:\Users\brady\OneDrive\Desktop\nfl-tools\player_props\data\raw\projections\pff\2026\week_01\snapshots\08_04_26_1100projections.csv,DAL,,478,recvYds
Brandon Aubrey,brandon aubrey,DAL,K,2026,1,pff,player_receptions,0.0,2026-08-04T11:00:00-04:00,filename,C:\Users\brady\OneDrive\Desktop\nfl-tools\player_props\data\raw\projections\pff\2026\week_01\snapshots\08_04_26_1100projections.csv,DAL,,478,recvReceptions
Evan McPherson,evan mcpherson,CIN,K,2026,1,pff,player_reception_yds,0.0,2026-08-04T11:00:00-04:00,filename,C:\Users\brady\OneDrive\Desktop\nfl-tools\player_props\data\raw\projections\pff\2026\week_01\snapshots\08_04_26_1100projections.csv,CIN,,479,recvYds
Evan McPherson,evan mcpherson,CIN,K,2026,1,pff,player_receptions,0.0,2026-08-04T11:00:00-04:00,filename,C:\Users\brady\OneDrive\Desktop\nfl-tools\player_props\data\raw\projections\pff\2026\week_01\snapshots\08_04_26_1100projections.csv,CIN,,479,recvReceptions
Cam Little,cam little,JAX,K,2026,1,pff,player_reception_yds,0.0,2026-08-04T11:00:00-04:00,filename,C:\Users\brady\OneDrive\Desktop\nfl-tools\player_props\data\raw\projections\pff\2026\week_01\snapshots\08_04_26_1100projections.csv,JAX,,480,recvYds
Cam Little,cam little,JAX,K,2026,1,pff,player_receptions,0.0,2026-08-04T11:00:00-04:00,filename,C:\Users\brady\OneDrive\Desktop\nfl-tools\player_props\data\raw\projections\pff\2026\week_01\snapshots\08_04_26_1100projections.csv,JAX,,480,recvReceptions
Chris Boswell,chris boswell,PIT,K,2026,1,pff,player_reception_yds,0.0,2026-08-04T11:00:00-04:00,filename,C:\Users\brady\OneDrive\Desktop\nfl-tools\player_props\data\raw\projections\pff\2026\week_01\snapshots\08_04_26_1100projections.csv,PIT,,481,recvYds
Chris Boswell,chris boswell,PIT,K,2026,1,pff,player_receptions,0.0,2026-08-04T11:00:00-04:00,filename,C:\Users\brady\OneDrive\Desktop\nfl-tools\player_props\data\raw\projections\pff\2026\week_01\snapshots\08_04_26_1100projections.csv,PIT,,481,recvReceptions
Jake Bates,jake bates,DET,K,2026,1,pff,player_reception_yds,0.0,2026-08-04T11:00:00-04:00,filename,C:\Users\brady\OneDrive\Desktop\nfl-tools\player_props\data\raw\projections\pff\2026\week_01\snapshots\08_04_26_1100projections.csv,DET,,482,recvYds
Jake Bates,jake bates,DET,K,2026,1,pff,player_receptions,0.0,2026-08-04T11:00:00-04:00,filename,C:\Users\brady\OneDrive\Desktop\nfl-tools\player_props\data\raw\projections\pff\2026\week_01\snapshots\08_04_26_1100projections.csv,DET,,482,recvReceptions
Harrison Mevis,harrison mevis,LAR,K,2026,1,pff,player_reception_yds,0.0,2026-08-04T11:00:00-04:00,filename,C:\Users\brady\OneDrive\Desktop\nfl-tools\player_props\data\raw\projections\pff\2026\week_01\snapshots\08_04_26_1100projections.csv,LA,,483,recvYds
Harrison Mevis,harrison mevis,LAR,K,2026,1,pff,player_receptions,0.0,2026-08-04T11:00:00-04:00,filename,C:\Users\brady\OneDrive\Desktop\nfl-tools\player_props\data\raw\projections\pff\2026\week_01\snapshots\08_04_26_1100projections.csv,LA,,483,recvReceptions
Cameron Dicker,cameron dicker,LAC,K,2026,1,pff,player_reception_yds,0.0,2026-08-04T11:00:00-04:00,filename,C:\Users\brady\OneDrive\Desktop\nfl-tools\player_props\data\raw\projections\pff\2026\week_01\snapshots\08_04_26_1100projections.csv,LAC,,484,recvYds
Cameron Dicker,cameron dicker,LAC,K,2026,1,pff,player_receptions,0.0,2026-08-04T11:00:00-04:00,filename,C:\Users\brady\OneDrive\Desktop\nfl-tools\player_props\data\raw\projections\pff\2026\week_01\snapshots\08_04_26_1100projections.csv,LAC,,484,recvReceptions
Harrison Butker,harrison butker,KC,K,2026,1,pff,player_reception_yds,0.0,2026-08-04T11:00:00-04:00,filename,C:\Users\brady\OneDrive\Desktop\nfl-tools\player_props\data\raw\projections\pff\2026\week_01\snapshots\08_04_26_1100projections.csv,KC,,485,recvYds
Harrison Butker,harrison butker,KC,K,2026,1,pff,player_receptions,0.0,2026-08-04T11:00:00-04:00,filename,C:\Users\brady\OneDrive\Desktop\nfl-tools\player_props\data\raw\projections\pff\2026\week_01\snapshots\08_04_26_1100projections.csv,KC,,485,recvReceptions
Tyler Bass,tyler bass,BUF,K,2026,1,pff,player_reception_yds,0.0,2026-08-04T11:00:00-04:00,filename,C:\Users\brady\OneDrive\Desktop\nfl-tools\player_props\data\raw\projections\pff\2026\week_01\snapshots\08_04_26_1100projections.csv,BUF,,486,recvYds
Tyler Bass,tyler bass,BUF,K,2026,1,pff,player_receptions,0.0,2026-08-04T11:00:00-04:00,filename,C:\Users\brady\OneDrive\Desktop\nfl-tools\player_props\data\raw\projections\pff\2026\week_01\snapshots\08_04_26_1100projections.csv,BUF,,486,recvReceptions
Tyler Loop,tyler loop,BAL,K,2026,1,pff,player_reception_yds,0.0,2026-08-04T11:00:00-04:00,filename,C:\Users\brady\OneDrive\Desktop\nfl-tools\player_props\data\raw\projections\pff\2026\week_01\snapshots\08_04_26_1100projections.csv,BLT,,487,recvYds
Tyler Loop,tyler loop,BAL,K,2026,1,pff,player_receptions,0.0,2026-08-04T11:00:00-04:00,filename,C:\Users\brady\OneDrive\Desktop\nfl-tools\player_props\data\raw\projections\pff\2026\week_01\snapshots\08_04_26_1100projections.csv,BLT,,487,recvReceptions
Nick Folk,nick folk,ATL,K,2026,1,pff,player_reception_yds,0.0,2026-08-04T11:00:00-04:00,filename,C:\Users\brady\OneDrive\Desktop\nfl-tools\player_props\data\raw\projections\pff\2026\week_01\snapshots\08_04_26_1100projections.csv,ATL,,488,recvYds
Nick Folk,nick folk,ATL,K,2026,1,pff,player_receptions,0.0,2026-08-04T11:00:00-04:00,filename,C:\Users\brady\OneDrive\Desktop\nfl-tools\player_props\data\raw\projections\pff\2026\week_01\snapshots\08_04_26_1100projections.csv,ATL,,488,recvReceptions
Jake Elliott,jake elliott,PHI,K,2026,1,pff,player_reception_yds,0.0,2026-08-04T11:00:00-04:00,filename,C:\Users\brady\OneDrive\Desktop\nfl-tools\player_props\data\raw\projections\pff\2026\week_01\snapshots\08_04_26_1100projections.csv,PHI,,489,recvYds
Jake Elliott,jake elliott,PHI,K,2026,1,pff,player_receptions,0.0,2026-08-04T11:00:00-04:00,filename,C:\Users\brady\OneDrive\Desktop\nfl-tools\player_props\data\raw\projections\pff\2026\week_01\snapshots\08_04_26_1100projections.csv,PHI,,489,recvReceptions
Eddy Pineiro,eddy pineiro,SF,K,2026,1,pff,player_reception_yds,0.0,2026-08-04T11:00:00-04:00,filename,C:\Users\brady\OneDrive\Desktop\nfl-tools\player_props\data\raw\projections\pff\2026\week_01\snapshots\08_04_26_1100projections.csv,SF,,490,recvYds
Eddy Pineiro,eddy pineiro,SF,K,2026,1,pff,player_receptions,0.0,2026-08-04T11:00:00-04:00,filename,C:\Users\brady\OneDrive\Desktop\nfl-tools\player_props\data\raw\projections\pff\2026\week_01\snapshots\08_04_26_1100projections.csv,SF,,490,recvReceptions
Cairo Santos,cairo santos,CHI,K,2026,1,pff,player_reception_yds,0.0,2026-08-04T11:00:00-04:00,filename,C:\Users\brady\OneDrive\Desktop\nfl-tools\player_props\data\raw\projections\pff\2026\week_01\snapshots\08_04_26_1100projections.csv,CHI,,491,recvYds
Cairo Santos,cairo santos,CHI,K,2026,1,pff,player_receptions,0.0,2026-08-04T11:00:00-04:00,filename,C:\Users\brady\OneDrive\Desktop\nfl-tools\player_props\data\raw\projections\pff\2026\week_01\snapshots\08_04_26_1100projections.csv,CHI,,491,recvReceptions
Jason Myers,jason myers,SEA,K,2026,1,pff,player_reception_yds,0.0,2026-08-04T11:00:00-04:00,filename,C:\Users\brady\OneDrive\Desktop\nfl-tools\player_props\data\raw\projections\pff\2026\week_01\snapshots\08_04_26_1100projections.csv,SEA,,492,recvYds
Jason Myers,jason myers,SEA,K,2026,1,pff,player_receptions,0.0,2026-08-04T11:00:00-04:00,filename,C:\Users\brady\OneDrive\Desktop\nfl-tools\player_props\data\raw\projections\pff\2026\week_01\snapshots\08_04_26_1100projections.csv,SEA,,492,recvReceptions
Trey Smack,trey smack,GB,K,2026,1,pff,player_reception_yds,0.0,2026-08-04T11:00:00-04:00,filename,C:\Users\brady\OneDrive\Desktop\nfl-tools\player_props\data\raw\projections\pff\2026\week_01\snapshots\08_04_26_1100projections.csv,GB,,493,recvYds
Trey Smack,trey smack,GB,K,2026,1,pff,player_receptions,0.0,2026-08-04T11:00:00-04:00,filename,C:\Users\brady\OneDrive\Desktop\nfl-tools\player_props\data\raw\projections\pff\2026\week_01\snapshots\08_04_26_1100projections.csv,GB,,493,recvReceptions
Chase McLaughlin,chase mclaughlin,TB,K,2026,1,pff,player_reception_yds,0.0,2026-08-04T11:00:00-04:00,filename,C:\Users\brady\OneDrive\Desktop\nfl-tools\player_props\data\raw\projections\pff\2026\week_01\snapshots\08_04_26_1100projections.csv,TB,,494,recvYds
Chase McLaughlin,chase mclaughlin,TB,K,2026,1,pff,player_receptions,0.0,2026-08-04T11:00:00-04:00,filename,C:\Users\brady\OneDrive\Desktop\nfl-tools\player_props\data\raw\projections\pff\2026\week_01\snapshots\08_04_26_1100projections.csv,TB,,494,recvReceptions
Ka'imi Fairbairn,kaimi fairbairn,HOU,K,2026,1,pff,player_reception_yds,0.0,2026-08-04T11:00:00-04:00,filename,C:\Users\brady\OneDrive\Desktop\nfl-tools\player_props\data\raw\projections\pff\2026\week_01\snapshots\08_04_26_1100projections.csv,HST,,495,recvYds
Ka'imi Fairbairn,kaimi fairbairn,HOU,K,2026,1,pff,player_receptions,0.0,2026-08-04T11:00:00-04:00,filename,C:\Users\brady\OneDrive\Desktop\nfl-tools\player_props\data\raw\projections\pff\2026\week_01\snapshots\08_04_26_1100projections.csv,HST,,495,recvReceptions
Will Reichard,will reichard,MIN,K,2026,1,pff,player_reception_yds,0.0,2026-08-04T11:00:00-04:00,filename,C:\Users\brady\OneDrive\Desktop\nfl-tools\player_props\data\raw\projections\pff\2026\week_01\snapshots\08_04_26_1100projections.csv,MIN,,496,recvYds
Will Reichard,will reichard,MIN,K,2026,1,pff,player_receptions,0.0,2026-08-04T11:00:00-04:00,filename,C:\Users\brady\OneDrive\Desktop\nfl-tools\player_props\data\raw\projections\pff\2026\week_01\snapshots\08_04_26_1100projections.csv,MIN,,496,recvReceptions
Blake Grupe,blake grupe,IND,K,2026,1,pff,player_reception_yds,0.0,2026-08-04T11:00:00-04:00,filename,C:\Users\brady\OneDrive\Desktop\nfl-tools\player_props\data\raw\projections\pff\2026\week_01\snapshots\08_04_26_1100projections.csv,IND,,497,recvYds
Blake Grupe,blake grupe,IND,K,2026,1,pff,player_receptions,0.0,2026-08-04T11:00:00-04:00,filename,C:\Users\brady\OneDrive\Desktop\nfl-tools\player_props\data\raw\projections\pff\2026\week_01\snapshots\08_04_26_1100projections.csv,IND,,497,recvReceptions
Matt Gay,matt gay,LV,K,2026,1,pff,player_reception_yds,0.0,2026-08-04T11:00:00-04:00,filename,C:\Users\brady\OneDrive\Desktop\nfl-tools\player_props\data\raw\projections\pff\2026\week_01\snapshots\08_04_26_1100projections.csv,LV,,498,recvYds
Matt Gay,matt gay,LV,K,2026,1,pff,player_receptions,0.0,2026-08-04T11:00:00-04:00,filename,C:\Users\brady\OneDrive\Desktop\nfl-tools\player_props\data\raw\projections\pff\2026\week_01\snapshots\08_04_26_1100projections.csv,LV,,498,recvReceptions
Andres Borregales,andres borregales,NE,K,2026,1,pff,player_reception_yds,0.0,2026-08-04T11:00:00-04:00,filename,C:\Users\brady\OneDrive\Desktop\nfl-tools\player_props\data\raw\projections\pff\2026\week_01\snapshots\08_04_26_1100projections.csv,NE,,499,recvYds
Andres Borregales,andres borregales,NE,K,2026,1,pff,player_receptions,0.0,2026-08-04T11:00:00-04:00,filename,C:\Users\brady\OneDrive\Desktop\nfl-tools\player_props\data\raw\projections\pff\2026\week_01\snapshots\08_04_26_1100projections.csv,NE,,499,recvReceptions
Dominic Zvada,dominic zvada,NYG,K,2026,1,pff,player_reception_yds,0.0,2026-08-04T11:00:00-04:00,filename,C:\Users\brady\OneDrive\Desktop\nfl-tools\player_props\data\raw\projections\pff\2026\week_01\snapshots\08_04_26_1100projections.csv,NYG,,500,recvYds
Dominic Zvada,dominic zvada,NYG,K,2026,1,pff,player_receptions,0.0,2026-08-04T11:00:00-04:00,filename,C:\Users\brady\OneDrive\Desktop\nfl-tools\player_props\data\raw\projections\pff\2026\week_01\snapshots\08_04_26_1100projections.csv,NYG,,500,recvReceptions
Wil Lutz,wil lutz,DEN,K,2026,1,pff,player_reception_yds,0.0,2026-08-04T11:00:00-04:00,filename,C:\Users\brady\OneDrive\Desktop\nfl-tools\player_props\data\raw\projections\pff\2026\week_01\snapshots\08_04_26_1100projections.csv,DEN,,501,recvYds
Wil Lutz,wil lutz,DEN,K,2026,1,pff,player_receptions,0.0,2026-08-04T11:00:00-04:00,filename,C:\Users\brady\OneDrive\Desktop\nfl-tools\player_props\data\raw\projections\pff\2026\week_01\snapshots\08_04_26_1100projections.csv,DEN,,501,recvReceptions
Zane Gonzalez,zane gonzalez,MIA,K,2026,1,pff,player_reception_yds,0.0,2026-08-04T11:00:00-04:00,filename,C:\Users\brady\OneDrive\Desktop\nfl-tools\player_props\data\raw\projections\pff\2026\week_01\snapshots\08_04_26_1100projections.csv,MIA,,502,recvYds
Zane Gonzalez,zane gonzalez,MIA,K,2026,1,pff,player_receptions,0.0,2026-08-04T11:00:00-04:00,filename,C:\Users\brady\OneDrive\Desktop\nfl-tools\player_props\data\raw\projections\pff\2026\week_01\snapshots\08_04_26_1100projections.csv,MIA,,502,recvReceptions
Joey Slye,joey slye,TEN,K,2026,1,pff,player_reception_yds,0.0,2026-08-04T11:00:00-04:00,filename,C:\Users\brady\OneDrive\Desktop\nfl-tools\player_props\data\raw\projections\pff\2026\week_01\snapshots\08_04_26_1100projections.csv,TEN,,503,recvYds
Joey Slye,joey slye,TEN,K,2026,1,pff,player_receptions,0.0,2026-08-04T11:00:00-04:00,filename,C:\Users\brady\OneDrive\Desktop\nfl-tools\player_props\data\raw\projections\pff\2026\week_01\snapshots\08_04_26_1100projections.csv,TEN,,503,recvReceptions
Jake Moody,jake moody,WSH,K,2026,1,pff,player_reception_yds,0.0,2026-08-04T11:00:00-04:00,filename,C:\Users\brady\OneDrive\Desktop\nfl-tools\player_props\data\raw\projections\pff\2026\week_01\snapshots\08_04_26_1100projections.csv,WAS,,504,recvYds
Jake Moody,jake moody,WSH,K,2026,1,pff,player_receptions,0.0,2026-08-04T11:00:00-04:00,filename,C:\Users\brady\OneDrive\Desktop\nfl-tools\player_props\data\raw\projections\pff\2026\week_01\snapshots\08_04_26_1100projections.csv,WAS,,504,recvReceptions
Cade York,cade york,NYJ,K,2026,1,pff,player_reception_yds,0.0,2026-08-04T11:00:00-04:00,filename,C:\Users\brady\OneDrive\Desktop\nfl-tools\player_props\data\raw\projections\pff\2026\week_01\snapshots\08_04_26_1100projections.csv,NYJ,,505,recvYds
Cade York,cade york,NYJ,K,2026,1,pff,player_receptions,0.0,2026-08-04T11:00:00-04:00,filename,C:\Users\brady\OneDrive\Desktop\nfl-tools\player_props\data\raw\projections\pff\2026\week_01\snapshots\08_04_26_1100projections.csv,NYJ,,505,recvReceptions
Ryan Fitzgerald,ryan fitzgerald,CAR,K,2026,1,pff,player_reception_yds,0.0,2026-08-04T11:00:00-04:00,filename,C:\Users\brady\OneDrive\Desktop\nfl-tools\player_props\data\raw\projections\pff\2026\week_01\snapshots\08_04_26_1100projections.csv,CAR,,506,recvYds
Ryan Fitzgerald,ryan fitzgerald,CAR,K,2026,1,pff,player_receptions,0.0,2026-08-04T11:00:00-04:00,filename,C:\Users\brady\OneDrive\Desktop\nfl-tools\player_props\data\raw\projections\pff\2026\week_01\snapshots\08_04_26_1100projections.csv,CAR,,506,recvReceptions
Charlie Smyth,charlie smyth,NO,K,2026,1,pff,player_reception_yds,0.0,2026-08-04T11:00:00-04:00,filename,C:\Users\brady\OneDrive\Desktop\nfl-tools\player_props\data\raw\projections\pff\2026\week_01\snapshots\08_04_26_1100projections.csv,NO,,507,recvYds
Charlie Smyth,charlie smyth,NO,K,2026,1,pff,player_receptions,0.0,2026-08-04T11:00:00-04:00,filename,C:\Users\brady\OneDrive\Desktop\nfl-tools\player_props\data\raw\projections\pff\2026\week_01\snapshots\08_04_26_1100projections.csv,NO,,507,recvReceptions
Jaguars DST,jaguars dst,JAX,DST,2026,1,pff,player_reception_yds,0.0,2026-08-04T11:00:00-04:00,filename,C:\Users\brady\OneDrive\Desktop\nfl-tools\player_props\data\raw\projections\pff\2026\week_01\snapshots\08_04_26_1100projections.csv,JAX,,508,recvYds
Jaguars DST,jaguars dst,JAX,DST,2026,1,pff,player_receptions,0.0,2026-08-04T11:00:00-04:00,filename,C:\Users\brady\OneDrive\Desktop\nfl-tools\player_props\data\raw\projections\pff\2026\week_01\snapshots\08_04_26_1100projections.csv,JAX,,508,recvReceptions
Andre Szmyt,andre szmyt,CLE,K,2026,1,pff,player_reception_yds,0.0,2026-08-04T11:00:00-04:00,filename,C:\Users\brady\OneDrive\Desktop\nfl-tools\player_props\data\raw\projections\pff\2026\week_01\snapshots\08_04_26_1100projections.csv,CLV,,509,recvYds
Andre Szmyt,andre szmyt,CLE,K,2026,1,pff,player_receptions,0.0,2026-08-04T11:00:00-04:00,filename,C:\Users\brady\OneDrive\Desktop\nfl-tools\player_props\data\raw\projections\pff\2026\week_01\snapshots\08_04_26_1100projections.csv,CLV,,509,recvReceptions
Seahawks DST,seahawks dst,SEA,DST,2026,1,pff,player_reception_yds,0.0,2026-08-04T11:00:00-04:00,filename,C:\Users\brady\OneDrive\Desktop\nfl-tools\player_props\data\raw\projections\pff\2026\week_01\snapshots\08_04_26_1100projections.csv,SEA,,510,recvYds
Seahawks DST,seahawks dst,SEA,DST,2026,1,pff,player_receptions,0.0,2026-08-04T11:00:00-04:00,filename,C:\Users\brady\OneDrive\Desktop\nfl-tools\player_props\data\raw\projections\pff\2026\week_01\snapshots\08_04_26_1100projections.csv,SEA,,510,recvReceptions
Titans DST,titans dst,TEN,DST,2026,1,pff,player_reception_yds,0.0,2026-08-04T11:00:00-04:00,filename,C:\Users\brady\OneDrive\Desktop\nfl-tools\player_props\data\raw\projections\pff\2026\week_01\snapshots\08_04_26_1100projections.csv,TEN,,511,recvYds
Titans DST,titans dst,TEN,DST,2026,1,pff,player_receptions,0.0,2026-08-04T11:00:00-04:00,filename,C:\Users\brady\OneDrive\Desktop\nfl-tools\player_props\data\raw\projections\pff\2026\week_01\snapshots\08_04_26_1100projections.csv,TEN,,511,recvReceptions
Jets DST,jets dst,NYJ,DST,2026,1,pff,player_reception_yds,0.0,2026-08-04T11:00:00-04:00,filename,C:\Users\brady\OneDrive\Desktop\nfl-tools\player_props\data\raw\projections\pff\2026\week_01\snapshots\08_04_26_1100projections.csv,NYJ,,512,recvYds
Jets DST,jets dst,NYJ,DST,2026,1,pff,player_receptions,0.0,2026-08-04T11:00:00-04:00,filename,C:\Users\brady\OneDrive\Desktop\nfl-tools\player_props\data\raw\projections\pff\2026\week_01\snapshots\08_04_26_1100projections.csv,NYJ,,512,recvReceptions
Steelers DST,steelers dst,PIT,DST,2026,1,pff,player_reception_yds,0.0,2026-08-04T11:00:00-04:00,filename,C:\Users\brady\OneDrive\Desktop\nfl-tools\player_props\data\raw\projections\pff\2026\week_01\snapshots\08_04_26_1100projections.csv,PIT,,513,recvYds
Steelers DST,steelers dst,PIT,DST,2026,1,pff,player_receptions,0.0,2026-08-04T11:00:00-04:00,filename,C:\Users\brady\OneDrive\Desktop\nfl-tools\player_props\data\raw\projections\pff\2026\week_01\snapshots\08_04_26_1100projections.csv,PIT,,513,recvReceptions
Lions DST,lions dst,DET,DST,2026,1,pff,player_reception_yds,0.0,2026-08-04T11:00:00-04:00,filename,C:\Users\brady\OneDrive\Desktop\nfl-tools\player_props\data\raw\projections\pff\2026\week_01\snapshots\08_04_26_1100projections.csv,DET,,514,recvYds
Lions DST,lions dst,DET,DST,2026,1,pff,player_receptions,0.0,2026-08-04T11:00:00-04:00,filename,C:\Users\brady\OneDrive\Desktop\nfl-tools\player_props\data\raw\projections\pff\2026\week_01\snapshots\08_04_26_1100projections.csv,DET,,514,recvReceptions
Raiders DST,raiders dst,LV,DST,2026,1,pff,player_reception_yds,0.0,2026-08-04T11:00:00-04:00,filename,C:\Users\brady\OneDrive\Desktop\nfl-tools\player_props\data\raw\projections\pff\2026\week_01\snapshots\08_04_26_1100projections.csv,LV,,515,recvYds
Raiders DST,raiders dst,LV,DST,2026,1,pff,player_receptions,0.0,2026-08-04T11:00:00-04:00,filename,C:\Users\brady\OneDrive\Desktop\nfl-tools\player_props\data\raw\projections\pff\2026\week_01\snapshots\08_04_26_1100projections.csv,LV,,515,recvReceptions
Cowboys DST,cowboys dst,DAL,DST,2026,1,pff,player_reception_yds,0.0,2026-08-04T11:00:00-04:00,filename,C:\Users\brady\OneDrive\Desktop\nfl-tools\player_props\data\raw\projections\pff\2026\week_01\snapshots\08_04_26_1100projections.csv,DAL,,516,recvYds
Cowboys DST,cowboys dst,DAL,DST,2026,1,pff,player_receptions,0.0,2026-08-04T11:00:00-04:00,filename,C:\Users\brady\OneDrive\Desktop\nfl-tools\player_props\data\raw\projections\pff\2026\week_01\snapshots\08_04_26_1100projections.csv,DAL,,516,recvReceptions
Chad Ryland,chad ryland,ARI,K,2026,1,pff,player_reception_yds,0.0,2026-08-04T11:00:00-04:00,filename,C:\Users\brady\OneDrive\Desktop\nfl-tools\player_props\data\raw\projections\pff\2026\week_01\snapshots\08_04_26_1100projections.csv,ARZ,,517,recvYds
Chad Ryland,chad ryland,ARI,K,2026,1,pff,player_receptions,0.0,2026-08-04T11:00:00-04:00,filename,C:\Users\brady\OneDrive\Desktop\nfl-tools\player_props\data\raw\projections\pff\2026\week_01\snapshots\08_04_26_1100projections.csv,ARZ,,517,recvReceptions
Chargers DST,chargers dst,LAC,DST,2026,1,pff,player_reception_yds,0.0,2026-08-04T11:00:00-04:00,filename,C:\Users\brady\OneDrive\Desktop\nfl-tools\player_props\data\raw\projections\pff\2026\week_01\snapshots\08_04_26_1100projections.csv,LAC,,518,recvYds
Chargers DST,chargers dst,LAC,DST,2026,1,pff,player_receptions,0.0,2026-08-04T11:00:00-04:00,filename,C:\Users\brady\OneDrive\Desktop\nfl-tools\player_props\data\raw\projections\pff\2026\week_01\snapshots\08_04_26_1100projections.csv,LAC,,518,recvReceptions
Rams DST,rams dst,LAR,DST,2026,1,pff,player_reception_yds,0.0,2026-08-04T11:00:00-04:00,filename,C:\Users\brady\OneDrive\Desktop\nfl-tools\player_props\data\raw\projections\pff\2026\week_01\snapshots\08_04_26_1100projections.csv,LA,,519,recvYds
Rams DST,rams dst,LAR,DST,2026,1,pff,player_receptions,0.0,2026-08-04T11:00:00-04:00,filename,C:\Users\brady\OneDrive\Desktop\nfl-tools\player_props\data\raw\projections\pff\2026\week_01\snapshots\08_04_26_1100projections.csv,LA,,519,recvReceptions
Bills DST,bills dst,BUF,DST,2026,1,pff,player_reception_yds,0.0,2026-08-04T11:00:00-04:00,filename,C:\Users\brady\OneDrive\Desktop\nfl-tools\player_props\data\raw\projections\pff\2026\week_01\snapshots\08_04_26_1100projections.csv,BUF,,520,recvYds
Bills DST,bills dst,BUF,DST,2026,1,pff,player_receptions,0.0,2026-08-04T11:00:00-04:00,filename,C:\Users\brady\OneDrive\Desktop\nfl-tools\player_props\data\raw\projections\pff\2026\week_01\snapshots\08_04_26_1100projections.csv,BUF,,520,recvReceptions
Bengals DST,bengals dst,CIN,DST,2026,1,pff,player_reception_yds,0.0,2026-08-04T11:00:00-04:00,filename,C:\Users\brady\OneDrive\Desktop\nfl-tools\player_props\data\raw\projections\pff\2026\week_01\snapshots\08_04_26_1100projections.csv,CIN,,521,recvYds
Bengals DST,bengals dst,CIN,DST,2026,1,pff,player_receptions,0.0,2026-08-04T11:00:00-04:00,filename,C:\Users\brady\OneDrive\Desktop\nfl-tools\player_props\data\raw\projections\pff\2026\week_01\snapshots\08_04_26_1100projections.csv,CIN,,521,recvReceptions
Eagles DST,eagles dst,PHI,DST,2026,1,pff,player_reception_yds,0.0,2026-08-04T11:00:00-04:00,filename,C:\Users\brady\OneDrive\Desktop\nfl-tools\player_props\data\raw\projections\pff\2026\week_01\snapshots\08_04_26_1100projections.csv,PHI,,522,recvYds
Eagles DST,eagles dst,PHI,DST,2026,1,pff,player_receptions,0.0,2026-08-04T11:00:00-04:00,filename,C:\Users\brady\OneDrive\Desktop\nfl-tools\player_props\data\raw\projections\pff\2026\week_01\snapshots\08_04_26_1100projections.csv,PHI,,522,recvReceptions
Patriots DST,patriots dst,NE,DST,2026,1,pff,player_reception_yds,0.0,2026-08-04T11:00:00-04:00,filename,C:\Users\brady\OneDrive\Desktop\nfl-tools\player_props\data\raw\projections\pff\2026\week_01\snapshots\08_04_26_1100projections.csv,NE,,523,recvYds
Patriots DST,patriots dst,NE,DST,2026,1,pff,player_receptions,0.0,2026-08-04T11:00:00-04:00,filename,C:\Users\brady\OneDrive\Desktop\nfl-tools\player_props\data\raw\projections\pff\2026\week_01\snapshots\08_04_26_1100projections.csv,NE,,523,recvReceptions
Ravens DST,ravens dst,BAL,DST,2026,1,pff,player_reception_yds,0.0,2026-08-04T11:00:00-04:00,filename,C:\Users\brady\OneDrive\Desktop\nfl-tools\player_props\data\raw\projections\pff\2026\week_01\snapshots\08_04_26_1100projections.csv,BLT,,524,recvYds
Ravens DST,ravens dst,BAL,DST,2026,1,pff,player_receptions,0.0,2026-08-04T11:00:00-04:00,filename,C:\Users\brady\OneDrive\Desktop\nfl-tools\player_props\data\raw\projections\pff\2026\week_01\snapshots\08_04_26_1100projections.csv,BLT,,524,recvReceptions
Packers DST,packers dst,GB,DST,2026,1,pff,player_reception_yds,0.0,2026-08-04T11:00:00-04:00,filename,C:\Users\brady\OneDrive\Desktop\nfl-tools\player_props\data\raw\projections\pff\2026\week_01\snapshots\08_04_26_1100projections.csv,GB,,525,recvYds
Packers DST,packers dst,GB,DST,2026,1,pff,player_receptions,0.0,2026-08-04T11:00:00-04:00,filename,C:\Users\brady\OneDrive\Desktop\nfl-tools\player_props\data\raw\projections\pff\2026\week_01\snapshots\08_04_26_1100projections.csv,GB,,525,recvReceptions
Browns DST,browns dst,CLE,DST,2026,1,pff,player_reception_yds,0.0,2026-08-04T11:00:00-04:00,filename,C:\Users\brady\OneDrive\Desktop\nfl-tools\player_props\data\raw\projections\pff\2026\week_01\snapshots\08_04_26_1100projections.csv,CLV,,526,recvYds
Browns DST,browns dst,CLE,DST,2026,1,pff,player_receptions,0.0,2026-08-04T11:00:00-04:00,filename,C:\Users\brady\OneDrive\Desktop\nfl-tools\player_props\data\raw\projections\pff\2026\week_01\snapshots\08_04_26_1100projections.csv,CLV,,526,recvReceptions
Texans DST,texans dst,HOU,DST,2026,1,pff,player_reception_yds,0.0,2026-08-04T11:00:00-04:00,filename,C:\Users\brady\OneDrive\Desktop\nfl-tools\player_props\data\raw\projections\pff\2026\week_01\snapshots\08_04_26_1100projections.csv,HST,,527,recvYds
Texans DST,texans dst,HOU,DST,2026,1,pff,player_receptions,0.0,2026-08-04T11:00:00-04:00,filename,C:\Users\brady\OneDrive\Desktop\nfl-tools\player_props\data\raw\projections\pff\2026\week_01\snapshots\08_04_26_1100projections.csv,HST,,527,recvReceptions
Broncos DST,broncos dst,DEN,DST,2026,1,pff,player_reception_yds,0.0,2026-08-04T11:00:00-04:00,filename,C:\Users\brady\OneDrive\Desktop\nfl-tools\player_props\data\raw\projections\pff\2026\week_01\snapshots\08_04_26_1100projections.csv,DEN,,528,recvYds
Broncos DST,broncos dst,DEN,DST,2026,1,pff,player_receptions,0.0,2026-08-04T11:00:00-04:00,filename,C:\Users\brady\OneDrive\Desktop\nfl-tools\player_props\data\raw\projections\pff\2026\week_01\snapshots\08_04_26_1100projections.csv,DEN,,528,recvReceptions
Bears DST,bears dst,CHI,DST,2026,1,pff,player_reception_yds,0.0,2026-08-04T11:00:00-04:00,filename,C:\Users\brady\OneDrive\Desktop\nfl-tools\player_props\data\raw\projections\pff\2026\week_01\snapshots\08_04_26_1100projections.csv,CHI,,529,recvYds
Bears DST,bears dst,CHI,DST,2026,1,pff,player_receptions,0.0,2026-08-04T11:00:00-04:00,filename,C:\Users\brady\OneDrive\Desktop\nfl-tools\player_props\data\raw\projections\pff\2026\week_01\snapshots\08_04_26_1100projections.csv,CHI,,529,recvReceptions
Buccaneers DST,buccaneers dst,TB,DST,2026,1,pff,player_reception_yds,0.0,2026-08-04T11:00:00-04:00,filename,C:\Users\brady\OneDrive\Desktop\nfl-tools\player_props\data\raw\projections\pff\2026\week_01\snapshots\08_04_26_1100projections.csv,TB,,530,recvYds
Buccaneers DST,buccaneers dst,TB,DST,2026,1,pff,player_receptions,0.0,2026-08-04T11:00:00-04:00,filename,C:\Users\brady\OneDrive\Desktop\nfl-tools\player_props\data\raw\projections\pff\2026\week_01\snapshots\08_04_26_1100projections.csv,TB,,530,recvReceptions
Chiefs DST,chiefs dst,KC,DST,2026,1,pff,player_reception_yds,0.0,2026-08-04T11:00:00-04:00,filename,C:\Users\brady\OneDrive\Desktop\nfl-tools\player_props\data\raw\projections\pff\2026\week_01\snapshots\08_04_26_1100projections.csv,KC,,531,recvYds
Chiefs DST,chiefs dst,KC,DST,2026,1,pff,player_receptions,0.0,2026-08-04T11:00:00-04:00,filename,C:\Users\brady\OneDrive\Desktop\nfl-tools\player_props\data\raw\projections\pff\2026\week_01\snapshots\08_04_26_1100projections.csv,KC,,531,recvReceptions
Dolphins DST,dolphins dst,MIA,DST,2026,1,pff,player_reception_yds,0.0,2026-08-04T11:00:00-04:00,filename,C:\Users\brady\OneDrive\Desktop\nfl-tools\player_props\data\raw\projections\pff\2026\week_01\snapshots\08_04_26_1100projections.csv,MIA,,532,recvYds
Dolphins DST,dolphins dst,MIA,DST,2026,1,pff,player_receptions,0.0,2026-08-04T11:00:00-04:00,filename,C:\Users\brady\OneDrive\Desktop\nfl-tools\player_props\data\raw\projections\pff\2026\week_01\snapshots\08_04_26_1100projections.csv,MIA,,532,recvReceptions
Falcons DST,falcons dst,ATL,DST,2026,1,pff,player_reception_yds,0.0,2026-08-04T11:00:00-04:00,filename,C:\Users\brady\OneDrive\Desktop\nfl-tools\player_props\data\raw\projections\pff\2026\week_01\snapshots\08_04_26_1100projections.csv,ATL,,533,recvYds
Falcons DST,falcons dst,ATL,DST,2026,1,pff,player_receptions,0.0,2026-08-04T11:00:00-04:00,filename,C:\Users\brady\OneDrive\Desktop\nfl-tools\player_props\data\raw\projections\pff\2026\week_01\snapshots\08_04_26_1100projections.csv,ATL,,533,recvReceptions
Giants DST,giants dst,NYG,DST,2026,1,pff,player_reception_yds,0.0,2026-08-04T11:00:00-04:00,filename,C:\Users\brady\OneDrive\Desktop\nfl-tools\player_props\data\raw\projections\pff\2026\week_01\snapshots\08_04_26_1100projections.csv,NYG,,534,recvYds
Giants DST,giants dst,NYG,DST,2026,1,pff,player_receptions,0.0,2026-08-04T11:00:00-04:00,filename,C:\Users\brady\OneDrive\Desktop\nfl-tools\player_props\data\raw\projections\pff\2026\week_01\snapshots\08_04_26_1100projections.csv,NYG,,534,recvReceptions
49ers DST,49ers dst,SF,DST,2026,1,pff,player_reception_yds,0.0,2026-08-04T11:00:00-04:00,filename,C:\Users\brady\OneDrive\Desktop\nfl-tools\player_props\data\raw\projections\pff\2026\week_01\snapshots\08_04_26_1100projections.csv,SF,,535,recvYds
49ers DST,49ers dst,SF,DST,2026,1,pff,player_receptions,0.0,2026-08-04T11:00:00-04:00,filename,C:\Users\brady\OneDrive\Desktop\nfl-tools\player_props\data\raw\projections\pff\2026\week_01\snapshots\08_04_26_1100projections.csv,SF,,535,recvReceptions
Panthers DST,panthers dst,CAR,DST,2026,1,pff,player_reception_yds,0.0,2026-08-04T11:00:00-04:00,filename,C:\Users\brady\OneDrive\Desktop\nfl-tools\player_props\data\raw\projections\pff\2026\week_01\snapshots\08_04_26_1100projections.csv,CAR,,536,recvYds
Panthers DST,panthers dst,CAR,DST,2026,1,pff,player_receptions,0.0,2026-08-04T11:00:00-04:00,filename,C:\Users\brady\OneDrive\Desktop\nfl-tools\player_props\data\raw\projections\pff\2026\week_01\snapshots\08_04_26_1100projections.csv,CAR,,536,recvReceptions
Colts DST,colts dst,IND,DST,2026,1,pff,player_reception_yds,0.0,2026-08-04T11:00:00-04:00,filename,C:\Users\brady\OneDrive\Desktop\nfl-tools\player_props\data\raw\projections\pff\2026\week_01\snapshots\08_04_26_1100projections.csv,IND,,537,recvYds
Colts DST,colts dst,IND,DST,2026,1,pff,player_receptions,0.0,2026-08-04T11:00:00-04:00,filename,C:\Users\brady\OneDrive\Desktop\nfl-tools\player_props\data\raw\projections\pff\2026\week_01\snapshots\08_04_26_1100projections.csv,IND,,537,recvReceptions
Cardinals DST,cardinals dst,ARI,DST,2026,1,pff,player_reception_yds,0.0,2026-08-04T11:00:00-04:00,filename,C:\Users\brady\OneDrive\Desktop\nfl-tools\player_props\data\raw\projections\pff\2026\week_01\snapshots\08_04_26_1100projections.csv,ARZ,,538,recvYds
Cardinals DST,cardinals dst,ARI,DST,2026,1,pff,player_receptions,0.0,2026-08-04T11:00:00-04:00,filename,C:\Users\brady\OneDrive\Desktop\nfl-tools\player_props\data\raw\projections\pff\2026\week_01\snapshots\08_04_26_1100projections.csv,ARZ,,538,recvReceptions
Commanders DST,commanders dst,WSH,DST,2026,1,pff,player_reception_yds,0.0,2026-08-04T11:00:00-04:00,filename,C:\Users\brady\OneDrive\Desktop\nfl-tools\player_props\data\raw\projections\pff\2026\week_01\snapshots\08_04_26_1100projections.csv,WAS,,539,recvYds
Commanders DST,commanders dst,WSH,DST,2026,1,pff,player_receptions,0.0,2026-08-04T11:00:00-04:00,filename,C:\Users\brady\OneDrive\Desktop\nfl-tools\player_props\data\raw\projections\pff\2026\week_01\snapshots\08_04_26_1100projections.csv,WAS,,539,recvReceptions
Vikings DST,vikings dst,MIN,DST,2026,1,pff,player_reception_yds,0.0,2026-08-04T11:00:00-04:00,filename,C:\Users\brady\OneDrive\Desktop\nfl-tools\player_props\data\raw\projections\pff\2026\week_01\snapshots\08_04_26_1100projections.csv,MIN,,540,recvYds
Vikings DST,vikings dst,MIN,DST,2026,1,pff,player_receptions,0.0,2026-08-04T11:00:00-04:00,filename,C:\Users\brady\OneDrive\Desktop\nfl-tools\player_props\data\raw\projections\pff\2026\week_01\snapshots\08_04_26_1100projections.csv,MIN,,540,recvReceptions
Saints DST,saints dst,NO,DST,2026,1,pff,player_reception_yds,0.0,2026-08-04T11:00:00-04:00,filename,C:\Users\brady\OneDrive\Desktop\nfl-tools\player_props\data\raw\projections\pff\2026\week_01\snapshots\08_04_26_1100projections.csv,NO,,541,recvYds
Saints DST,saints dst,NO,DST,2026,1,pff,player_receptions,0.0,2026-08-04T11:00:00-04:00,filename,C:\Users\brady\OneDrive\Desktop\nfl-tools\player_props\data\raw\projections\pff\2026\week_01\snapshots\08_04_26_1100projections.csv,NO,,541,recvReceptions
